go,symbol
GO:0000014,ERCC1
GO:0000014,ERCC4
GO:0000014,RBBP8
GO:0000030,PIGM
GO:0000030,PIGX
GO:0000045,ATG101
GO:0000045,ATG12
GO:0000045,ATG13
GO:0000045,ATG16L1
GO:0000045,ATG16L2
GO:0000045,ATG5
GO:0000045,RB1CC1
GO:0000045,ULK1
GO:0000048,GADD45GIP1
GO:0000048,MRPL1
GO:0000048,MRPL10
GO:0000048,MRPL11
GO:0000048,MRPL12
GO:0000048,MRPL13
GO:0000048,MRPL14
GO:0000048,MRPL15
GO:0000048,MRPL16
GO:0000048,MRPL17
GO:0000048,MRPL18
GO:0000048,MRPL19
GO:0000048,MRPL2
GO:0000048,MRPL20
GO:0000048,MRPL21
GO:0000048,MRPL22
GO:0000048,MRPL23
GO:0000048,MRPL24
GO:0000048,MRPL27
GO:0000048,MRPL28
GO:0000048,MRPL3
GO:0000048,MRPL30
GO:0000048,MRPL32
GO:0000048,MRPL33
GO:0000048,MRPL34
GO:0000048,MRPL35
GO:0000048,MRPL36
GO:0000048,MRPL37
GO:0000048,MRPL38
GO:0000048,MRPL39
GO:0000048,MRPL4
GO:0000048,MRPL40
GO:0000048,MRPL41
GO:0000048,MRPL42
GO:0000048,MRPL43
GO:0000048,MRPL44
GO:0000048,MRPL45
GO:0000048,MRPL46
GO:0000048,MRPL47
GO:0000048,MRPL48
GO:0000048,MRPL49
GO:0000048,MRPL50
GO:0000048,MRPL51
GO:0000048,MRPL52
GO:0000048,MRPL53
GO:0000048,MRPL54
GO:0000048,MRPL55
GO:0000048,MRPL57
GO:0000048,MRPL58
GO:0000048,MRPL9
GO:0000048,MRPS18A
GO:0000048,MRPS30
GO:0000048,RPL10
GO:0000048,RPL10A
GO:0000048,RPL10L
GO:0000048,RPL11
GO:0000048,RPL12
GO:0000048,RPL13
GO:0000048,RPL13A
GO:0000048,RPL14
GO:0000048,RPL15
GO:0000048,RPL17
GO:0000048,RPL18
GO:0000048,RPL18A
GO:0000048,RPL19
GO:0000048,RPL21
GO:0000048,RPL23
GO:0000048,RPL23A
GO:0000048,RPL24
GO:0000048,RPL26
GO:0000048,RPL27
GO:0000048,RPL27A
GO:0000048,RPL28
GO:0000048,RPL29
GO:0000048,RPL3
GO:0000048,RPL30
GO:0000048,RPL31
GO:0000048,RPL32
GO:0000048,RPL34
GO:0000048,RPL34-PS1
GO:0000048,RPL35
GO:0000048,RPL35A
GO:0000048,RPL36
GO:0000048,RPL36A
GO:0000048,RPL36AL
GO:0000048,RPL37
GO:0000048,RPL37A
GO:0000048,RPL37RT
GO:0000048,RPL38
GO:0000048,RPL39
GO:0000048,RPL39L
GO:0000048,RPL3L
GO:0000048,RPL4
GO:0000048,RPL41
GO:0000048,RPL5
GO:0000048,RPL6
GO:0000048,RPL7
GO:0000048,RPL7A
GO:0000048,RPL8
GO:0000048,RPL9
GO:0000048,RPLP0
GO:0000048,RPLP1
GO:0000048,RPLP2
GO:0000048,UBA52
GO:0000049,AURKAIP1
GO:0000049,CHCHD1
GO:0000049,CLP1
GO:0000049,DAP3
GO:0000049,ELP1
GO:0000049,ELP2
GO:0000049,ELP3
GO:0000049,ELP4
GO:0000049,ELP5
GO:0000049,ELP6
GO:0000049,FARSA
GO:0000049,FARSB
GO:0000049,FAU
GO:0000049,GM15501
GO:0000049,HSD17B10
GO:0000049,METTL1
GO:0000049,MRPS10
GO:0000049,MRPS11
GO:0000049,MRPS12
GO:0000049,MRPS14
GO:0000049,MRPS15
GO:0000049,MRPS16
GO:0000049,MRPS17
GO:0000049,MRPS18B
GO:0000049,MRPS18C
GO:0000049,MRPS2
GO:0000049,MRPS21
GO:0000049,MRPS22
GO:0000049,MRPS23
GO:0000049,MRPS24
GO:0000049,MRPS25
GO:0000049,MRPS26
GO:0000049,MRPS27
GO:0000049,MRPS28
GO:0000049,MRPS31
GO:0000049,MRPS33
GO:0000049,MRPS34
GO:0000049,MRPS35
GO:0000049,MRPS5
GO:0000049,MRPS6
GO:0000049,MRPS7
GO:0000049,MRPS9
GO:0000049,POP1
GO:0000049,POP4
GO:0000049,POP5
GO:0000049,POP7
GO:0000049,PRORP
GO:0000049,PTCD3
GO:0000049,RACK1
GO:0000049,RPP14
GO:0000049,RPP21
GO:0000049,RPP25
GO:0000049,RPP30
GO:0000049,RPP38
GO:0000049,RPP40
GO:0000049,RPS10
GO:0000049,RPS11
GO:0000049,RPS12
GO:0000049,RPS13
GO:0000049,RPS14
GO:0000049,RPS15
GO:0000049,RPS15A
GO:0000049,RPS16
GO:0000049,RPS17
GO:0000049,RPS18
GO:0000049,RPS19
GO:0000049,RPS2
GO:0000049,RPS20
GO:0000049,RPS21
GO:0000049,RPS23
GO:0000049,RPS24
GO:0000049,RPS25
GO:0000049,RPS26
GO:0000049,RPS27A
GO:0000049,RPS28
GO:0000049,RPS29
GO:0000049,RPS3
GO:0000049,RPS3A
GO:0000049,RPS3A1
GO:0000049,RPS4X
GO:0000049,RPS5
GO:0000049,RPS6
GO:0000049,RPS7
GO:0000049,RPS8
GO:0000049,RPS9
GO:0000049,RPSA
GO:0000049,TRMT10C
GO:0000049,TRMT6
GO:0000049,TRMT61A
GO:0000049,TSEN15
GO:0000049,TSEN2
GO:0000049,TSEN34
GO:0000049,TSEN54
GO:0000049,WDR4
GO:0000076,RAD17
GO:0000076,RFC2
GO:0000076,RFC3
GO:0000076,RFC4
GO:0000076,RFC5
GO:0000077,HUS1
GO:0000077,RAD1
GO:0000077,RAD9A
GO:0000082,CCNA2
GO:0000082,CCND1
GO:0000082,CCND2
GO:0000082,CCND3
GO:0000082,CCNE1
GO:0000082,CCNE2
GO:0000082,CDK1
GO:0000082,CDK2
GO:0000082,CDK4
GO:0000082,CDK6
GO:0000082,CUL1
GO:0000082,RBX1
GO:0000082,SKP1
GO:0000082,SKP2
GO:0000086,CCNA2
GO:0000086,CCNB1
GO:0000086,CCNB2
GO:0000086,CCNB3
GO:0000086,CDK1
GO:0000086,CDK2
GO:0000109,CUL4A
GO:0000109,CUL4B
GO:0000109,DDB1
GO:0000109,ERCC8
GO:0000109,RBX1
GO:0000118,DNTTIP1
GO:0000118,HDAC1
GO:0000118,HDAC2
GO:0000118,MIDEAS
GO:0000118,MIER1
GO:0000118,MIER2
GO:0000122,AEBP2
GO:0000122,ARID4A
GO:0000122,ARID4B
GO:0000122,ATF2
GO:0000122,ATF3
GO:0000122,BACH1
GO:0000122,BACH2
GO:0000122,BIN1
GO:0000122,BRMS1
GO:0000122,BRMS1L
GO:0000122,CEBPA
GO:0000122,CEBPB
GO:0000122,CTNNB1
GO:0000122,CTNNBIP1
GO:0000122,CUL2
GO:0000122,DDIT3
GO:0000122,DR1
GO:0000122,DRAP1
GO:0000122,E2F6
GO:0000122,EED
GO:0000122,ELOB
GO:0000122,ELOC
GO:0000122,EPOP
GO:0000122,EZH1
GO:0000122,EZH2
GO:0000122,FOXO3
GO:0000122,HDAC1
GO:0000122,HDAC2
GO:0000122,ING1
GO:0000122,ING2
GO:0000122,JARID2
GO:0000122,JDP2
GO:0000122,JUND
GO:0000122,LCOR
GO:0000122,MAF
GO:0000122,MAFB
GO:0000122,MAFF
GO:0000122,MAFG
GO:0000122,MAFK
GO:0000122,MAX
GO:0000122,MEN1
GO:0000122,MGA
GO:0000122,MLX
GO:0000122,MNT
GO:0000122,MTF2
GO:0000122,MXD1
GO:0000122,MXD3
GO:0000122,MXD4
GO:0000122,MXI1
GO:0000122,MYC
GO:0000122,NKX2-5
GO:0000122,OGT
GO:0000122,PHF1
GO:0000122,PHF19
GO:0000122,RBBP4
GO:0000122,RBBP7
GO:0000122,RBX1
GO:0000122,SAP130
GO:0000122,SAP30
GO:0000122,SAP30L
GO:0000122,SIN3A
GO:0000122,SIN3B
GO:0000122,SINHCAF
GO:0000122,SUDS3
GO:0000122,SUZ12
GO:0000122,TET1
GO:0000122,TFDP1
GO:0000122,VHL
GO:0000122,YWHAZ
GO:0000123,ING4
GO:0000123,ING5
GO:0000123,JADE1
GO:0000123,JADE2
GO:0000123,JADE3
GO:0000123,KAT7
GO:0000123,MEAF6
GO:0000124,ATXN7
GO:0000124,ATXN7L3
GO:0000124,ENY2
GO:0000124,KAT2A
GO:0000124,KAT2B
GO:0000124,SF3B3
GO:0000124,SF3B5
GO:0000124,SGF29
GO:0000124,SUPT20
GO:0000124,SUPT20H
GO:0000124,SUPT3
GO:0000124,SUPT3H
GO:0000124,SUPT7L
GO:0000124,TADA1
GO:0000124,TADA2A
GO:0000124,TADA2B
GO:0000124,TADA3
GO:0000124,TAF10
GO:0000124,TAF12
GO:0000124,TAF5L
GO:0000124,TAF6L
GO:0000124,TAF9
GO:0000124,TRRAP
GO:0000124,USP22
GO:0000126,BDP1
GO:0000126,BRF1
GO:0000126,BRF2
GO:0000126,TBP
GO:0000127,GTF3C1
GO:0000127,GTF3C2
GO:0000127,GTF3C3
GO:0000127,GTF3C4
GO:0000127,GTF3C5
GO:0000127,GTF3C6
GO:0000139,APH1A
GO:0000139,APH1B
GO:0000139,ARCN1
GO:0000139,ATP6AP1
GO:0000139,ATP6AP2
GO:0000139,ATP6V0A2
GO:0000139,ATP6V0B
GO:0000139,ATP6V0C
GO:0000139,ATP6V1A
GO:0000139,ATP6V1D
GO:0000139,ATP6V1F
GO:0000139,ATP6V1H
GO:0000139,COPA
GO:0000139,COPB1
GO:0000139,COPB2
GO:0000139,COPE
GO:0000139,COPG1
GO:0000139,COPG2
GO:0000139,COPZ1
GO:0000139,COPZ2
GO:0000139,FKRP
GO:0000139,FKTN
GO:0000139,LALBA
GO:0000139,NCSTN
GO:0000139,OSBP
GO:0000139,PSENEN
GO:0000139,RNASEK
GO:0000139,RXYLT1
GO:0000139,VAPA
GO:0000145,EXOC1
GO:0000145,EXOC2
GO:0000145,EXOC3
GO:0000145,EXOC4
GO:0000145,EXOC5
GO:0000145,EXOC6
GO:0000145,EXOC6B
GO:0000145,EXOC7
GO:0000145,EXOC8
GO:0000151,FBXO45
GO:0000151,KCMF1
GO:0000151,MAVS
GO:0000151,MYCBP2
GO:0000151,PEX10
GO:0000151,PEX12
GO:0000151,PEX2
GO:0000151,RNF123
GO:0000151,SKP1
GO:0000151,TIFA
GO:0000151,TRAF2
GO:0000151,TRAF3
GO:0000151,TRAF6
GO:0000151,TRIM27
GO:0000151,UBAC1
GO:0000151,UBR4
GO:0000151,USP7
GO:0000152,BABAM2
GO:0000152,BARD1
GO:0000152,BRCA1
GO:0000152,BRCA2
GO:0000152,BRCC3
GO:0000152,RAD51
GO:0000164,MRAS
GO:0000164,PPP1CA
GO:0000164,PPP1CB
GO:0000164,PPP1CC
GO:0000164,SHOC2
GO:0000171,POP1
GO:0000171,POP4
GO:0000171,POP5
GO:0000171,POP7
GO:0000171,RPP25
GO:0000171,RPP30
GO:0000171,RPP38
GO:0000171,RPP40
GO:0000172,POP1
GO:0000172,POP4
GO:0000172,POP5
GO:0000172,POP7
GO:0000172,RPP25
GO:0000172,RPP30
GO:0000172,RPP38
GO:0000172,RPP40
GO:0000175,DIS3
GO:0000175,DIS3L
GO:0000175,EXOSC1
GO:0000175,EXOSC10
GO:0000175,EXOSC2
GO:0000175,EXOSC3
GO:0000175,EXOSC4
GO:0000175,EXOSC5
GO:0000175,EXOSC6
GO:0000175,EXOSC7
GO:0000175,EXOSC8
GO:0000175,EXOSC9
GO:0000176),DIS3
GO:0000176),EXOSC1
GO:0000176),EXOSC10
GO:0000176),EXOSC2
GO:0000176),EXOSC3
GO:0000176),EXOSC4
GO:0000176),EXOSC5
GO:0000176),EXOSC6
GO:0000176),EXOSC7
GO:0000176),EXOSC8
GO:0000176),EXOSC9
GO:0000177),DIS3L
GO:0000177),EXOSC1
GO:0000177),EXOSC10
GO:0000177),EXOSC2
GO:0000177),EXOSC3
GO:0000177),EXOSC4
GO:0000177),EXOSC5
GO:0000177),EXOSC6
GO:0000177),EXOSC7
GO:0000177),EXOSC8
GO:0000177),EXOSC9
GO:0000178),DIS3
GO:0000178),EXOSC1
GO:0000178),EXOSC2
GO:0000178),EXOSC3
GO:0000178),EXOSC4
GO:0000178),EXOSC5
GO:0000178),EXOSC6
GO:0000178),EXOSC7
GO:0000178),EXOSC8
GO:0000178),EXOSC9
GO:0000182,BAZ1A
GO:0000182,BAZ1B
GO:0000182,CHRAC1
GO:0000182,DDX21
GO:0000182,DEK
GO:0000182,ERCC6
GO:0000182,MYBBP1A
GO:0000182,POLE3
GO:0000182,RRP8
GO:0000182,SF3B1
GO:0000182,SIRT1
GO:0000182,SMARCA5
GO:0000182,SUV39H1
GO:0000183,BAZ2A
GO:0000183,RRP8
GO:0000183,SIRT1
GO:0000183,SMARCA5
GO:0000183,SUV39H1
GO:0000184,NCBP1
GO:0000184,NCBP2
GO:0000213,CLP1
GO:0000213,TSEN15
GO:0000213,TSEN2
GO:0000213,TSEN34
GO:0000213,TSEN54
GO:0000214,CLP1
GO:0000214,TSEN15
GO:0000214,TSEN2
GO:0000214,TSEN34
GO:0000214,TSEN54
GO:0000226,CCDC8
GO:0000226,CUL7
GO:0000226,OBSL1
GO:0000228,LOC130134321
GO:0000228,SFR1
GO:0000228,SLX1A
GO:0000228,SLX1B
GO:0000228,SLX4
GO:0000228,SWI5
GO:0000278,AURKB
GO:0000278,BIRC5
GO:0000278,CDCA8
GO:0000278,INCENP
GO:0000281,AURKB
GO:0000281,BIRC5
GO:0000281,CDCA8
GO:0000281,EXOC1
GO:0000281,EXOC2
GO:0000281,EXOC3
GO:0000281,EXOC4
GO:0000281,EXOC5
GO:0000281,EXOC6
GO:0000281,EXOC6B
GO:0000281,EXOC7
GO:0000281,EXOC8
GO:0000281,INCENP
GO:0000287,GRIN1
GO:0000287,GRIN2A
GO:0000287,GRIN2B
GO:0000287,GRIN2C
GO:0000287,GRIN2D
GO:0000287,KCNJ2
GO:0000287,MRE11
GO:0000287,MRE11A
GO:0000287,MSH2
GO:0000287,MSH3
GO:0000287,MSH6
GO:0000287,NBN
GO:0000287,PMM1
GO:0000287,RAD50
GO:0000287,RRM1
GO:0000287,RRM2
GO:0000287,RRM2B
GO:0000288,DCP1A
GO:0000288,DCP1B
GO:0000288,DCP2
GO:0000288,DDX6
GO:0000288,EDC3
GO:0000288,EDC4
GO:0000288,XRN1
GO:0000289 tail shortening),CNOT1
GO:0000289 tail shortening),CNOT10
GO:0000289 tail shortening),CNOT11
GO:0000289 tail shortening),CNOT2
GO:0000289 tail shortening),CNOT3
GO:0000289 tail shortening),CNOT4
GO:0000289 tail shortening),CNOT6
GO:0000289 tail shortening),CNOT6L
GO:0000289 tail shortening),CNOT7
GO:0000289 tail shortening),CNOT8
GO:0000289 tail shortening),CNOT9
GO:0000289 tail shortening),PAN2
GO:0000289 tail shortening),TNKS1BP1
GO:0000290,DCP1A
GO:0000290,DCP1B
GO:0000290,DCP2
GO:0000290,DDX6
GO:0000290,EDC3
GO:0000290,EDC4
GO:0000290,XRN1
GO:0000301,COG1
GO:0000301,COG2
GO:0000301,COG3
GO:0000301,COG4
GO:0000301,COG5
GO:0000301,COG6
GO:0000301,COG7
GO:0000301,COG8
GO:0000307,CCNC
GO:0000307,CCNH
GO:0000307,CCNL1
GO:0000307,CCNL2
GO:0000307,CCNQ
GO:0000307,CCNY
GO:0000307,CDK10
GO:0000307,CDK14
GO:0000307,CDK16
GO:0000307,CDK3
GO:0000307,CDK5
GO:0000307,CDK5R1
GO:0000307,CDK5R2
GO:0000307,CDK7
GO:0000307,CDK8
GO:0000307,MNAT1
GO:0000333,TERT
GO:0000340,NCBP1
GO:0000340,NCBP2
GO:0000340,NCBP3
GO:0000341,KPNB1
GO:0000341,SNUPN
GO:0000346,ALYREF
GO:0000346,CHTOP
GO:0000346,DDX39A
GO:0000346,DDX39B
GO:0000346,ERH
GO:0000346,FYTTD1
GO:0000346,LUZP4
GO:0000346,NCBP3
GO:0000346,POLDIP3
GO:0000346,SARNP
GO:0000346,THOC1
GO:0000346,THOC2
GO:0000346,THOC3
GO:0000346,THOC5
GO:0000346,THOC6
GO:0000346,THOC7
GO:0000346,ZC3H11A
GO:0000379,CLP1
GO:0000379,TSEN15
GO:0000379,TSEN2
GO:0000379,TSEN34
GO:0000379,TSEN54
GO:0000380,NCBP1
GO:0000380,NCBP2
GO:0000387,CLNS1A
GO:0000387,DDX20
GO:0000387,GEMIN2
GO:0000387,GEMIN4
GO:0000387,GEMIN5
GO:0000387,GEMIN6
GO:0000387,GEMIN7
GO:0000387,GEMIN8
GO:0000387,PRMT5
GO:0000387,SMN1
GO:0000387,SMN2
GO:0000387,STRAP
GO:0000387,WDR77
GO:0000398,AQR
GO:0000398,BCAS2
GO:0000398,BUD13
GO:0000398,CDC5L
GO:0000398,CTNNBL1
GO:0000398,CWC15
GO:0000398,DDX23
GO:0000398,DDX46
GO:0000398,EFTUD2
GO:0000398,HSPA8
GO:0000398,HTATSF1
GO:0000398,ISY1
GO:0000398,ISY1-RAB43
GO:0000398,LOC102724594
GO:0000398,LSM2
GO:0000398,LSM3
GO:0000398,LSM4
GO:0000398,LSM5
GO:0000398,LSM6
GO:0000398,LSM7
GO:0000398,LSM8
GO:0000398,NCBP1
GO:0000398,NCBP2
GO:0000398,PHF5A
GO:0000398,PLRG1
GO:0000398,PPIE
GO:0000398,PRPF19
GO:0000398,PRPF31
GO:0000398,PRPF4
GO:0000398,PRPF6
GO:0000398,PRPF8
GO:0000398,RBM42
GO:0000398,RBMX2
GO:0000398,SART1
GO:0000398,SF1
GO:0000398,SF3A1
GO:0000398,SF3A2
GO:0000398,SF3A3
GO:0000398,SF3B1
GO:0000398,SF3B2
GO:0000398,SF3B3
GO:0000398,SF3B4
GO:0000398,SF3B5
GO:0000398,SF3B6
GO:0000398,SNIP1
GO:0000398,SNRNP200
GO:0000398,SNRNP27
GO:0000398,SNRNP40
GO:0000398,SNRNP70
GO:0000398,SNRPA
GO:0000398,SNRPA1
GO:0000398,SNRPB
GO:0000398,SNRPB2
GO:0000398,SNRPC
GO:0000398,SNRPD1
GO:0000398,SNRPD2
GO:0000398,SNRPD3
GO:0000398,SNRPE
GO:0000398,SNRPF
GO:0000398,SNRPG
GO:0000398,SNU13
GO:0000398,TXNL4A
GO:0000398,U2AF1
GO:0000398,U2AF2
GO:0000398,USP39
GO:0000398,XAB2
GO:0000398,ZNF830
GO:0000400,ACTB
GO:0000400,ACTL6A
GO:0000400,BLM
GO:0000400,BRD8
GO:0000400,DMAP1
GO:0000400,EP400
GO:0000400,EPC1
GO:0000400,EPC2
GO:0000400,ING3
GO:0000400,KAT5
GO:0000400,MBTD1
GO:0000400,MEAF6
GO:0000400,MORF4L1
GO:0000400,MORF4L2
GO:0000400,MRGBP
GO:0000400,RAD51B
GO:0000400,RAD51C
GO:0000400,RAD51D
GO:0000400,RMI1
GO:0000400,RMI2
GO:0000400,RUVBL1
GO:0000400,RUVBL2
GO:0000400,TOP3A
GO:0000400,TRRAP
GO:0000400,VPS72
GO:0000400,XRCC2
GO:0000400,YEATS4
GO:0000407,ATG101
GO:0000407,ATG13
GO:0000407,RB1CC1
GO:0000407,ULK1
GO:0000408,GON7
GO:0000408,LAGE3
GO:0000408,OSGEP
GO:0000408,TP53RK
GO:0000408,TPRKB
GO:0000421,CHMP1A
GO:0000421,CHMP1B
GO:0000421,CHMP1B2
GO:0000421,CHMP2A
GO:0000421,CHMP2B
GO:0000421,CHMP3
GO:0000421,CHMP4A
GO:0000421,CHMP4B
GO:0000421,CHMP4C
GO:0000421,CHMP5
GO:0000421,CHMP6
GO:0000421,CHMP7
GO:0000421,RNF103-CHMP3
GO:0000421,SNAP29
GO:0000421,STX17
GO:0000421,VAMP7
GO:0000421,VAMP8
GO:0000421,YKT6
GO:0000423,UBXN6
GO:0000423,VCP
GO:0000444,DSN1
GO:0000444,MIS12
GO:0000444,NSL1
GO:0000444,PMF1
GO:0000444,PMF1-BGLAP
GO:0000448),LAS1L
GO:0000448),MDN1
GO:0000448),NOL9
GO:0000448),PELP1
GO:0000448),SENP3
GO:0000448),TEX10
GO:0000448),WDR18
GO:0000502,ADRM1
GO:0000502,PSMA1
GO:0000502,PSMA2
GO:0000502,PSMA3
GO:0000502,PSMA4
GO:0000502,PSMA5
GO:0000502,PSMA6
GO:0000502,PSMA7
GO:0000502,PSMB1
GO:0000502,PSMB10
GO:0000502,PSMB11
GO:0000502,PSMB2
GO:0000502,PSMB3
GO:0000502,PSMB4
GO:0000502,PSMB5
GO:0000502,PSMB6
GO:0000502,PSMB7
GO:0000502,PSMB8
GO:0000502,PSMB9
GO:0000502,PSMC1
GO:0000502,PSMC2
GO:0000502,PSMC3
GO:0000502,PSMC4
GO:0000502,PSMC5
GO:0000502,PSMC6
GO:0000502,PSMD1
GO:0000502,PSMD11
GO:0000502,PSMD12
GO:0000502,PSMD13
GO:0000502,PSMD14
GO:0000502,PSMD2
GO:0000502,PSMD3
GO:0000502,PSMD4
GO:0000502,PSMD6
GO:0000502,PSMD7
GO:0000502,PSMD8
GO:0000502,PSME1
GO:0000502,PSME2
GO:0000502,PSME3
GO:0000502,PSME4
GO:0000502,SEM1
GO:0000506 complex),DPM2
GO:0000506 complex),PIGA
GO:0000506 complex),PIGC
GO:0000506 complex),PIGH
GO:0000506 complex),PIGP
GO:0000506 complex),PIGQ
GO:0000506 complex),PIGY
GO:0000707,SFR1
GO:0000707,SWI5
GO:0000710,MLH1
GO:0000710,MLH3
GO:0000710,PMS1
GO:0000710,PMS2
GO:0000722,TERT
GO:0000723,ACTL6A
GO:0000723,ACTR5
GO:0000723,ACTR8
GO:0000723,INO80
GO:0000723,INO80B
GO:0000723,INO80C
GO:0000723,INO80D
GO:0000723,INO80E
GO:0000723,MCRS1
GO:0000723,NFRKB
GO:0000723,RPA1
GO:0000723,RPA2
GO:0000723,RPA3
GO:0000723,RUVBL1
GO:0000723,RUVBL2
GO:0000723,TFPT
GO:0000723,UCHL5
GO:0000723,YY1
GO:0000724,BLM
GO:0000724,BRCA1
GO:0000724,BRCA2
GO:0000724,EID3
GO:0000724,INIP
GO:0000724,INTS3
GO:0000724,LOC130134321
GO:0000724,MCM8
GO:0000724,MCM9
GO:0000724,NABP1
GO:0000724,NABP2
GO:0000724,NSMCE1
GO:0000724,NSMCE2
GO:0000724,NSMCE3
GO:0000724,NSMCE4A
GO:0000724,PALB2
GO:0000724,PDS5B
GO:0000724,RAD51C
GO:0000724,RMI1
GO:0000724,RMI2
GO:0000724,RPA1
GO:0000724,RPA2
GO:0000724,RPA3
GO:0000724,SFR1
GO:0000724,SLF1
GO:0000724,SLF2
GO:0000724,SLX1A
GO:0000724,SLX1B
GO:0000724,SLX4
GO:0000724,SMC5
GO:0000724,SMC6
GO:0000724,SPIDR
GO:0000724,SWI5
GO:0000724,SWSAP1
GO:0000724,TOP3A
GO:0000724,XRCC3
GO:0000724,ZSWIM7
GO:0000725,XRCC5
GO:0000725,XRCC6
GO:0000729,MRE11
GO:0000729,MRE11A
GO:0000729,NBN
GO:0000729,RAD50
GO:0000731,RRM1
GO:0000731,RRM2B
GO:0000776,ACTB
GO:0000776,ACTL6A
GO:0000776,ACTL6B
GO:0000776,ARID2
GO:0000776,BRD7
GO:0000776,CHMP1A
GO:0000776,CHMP1B
GO:0000776,CHMP1B2
GO:0000776,CHMP2A
GO:0000776,CHMP2B
GO:0000776,CHMP3
GO:0000776,CHMP4A
GO:0000776,CHMP4B
GO:0000776,CHMP4C
GO:0000776,CHMP5
GO:0000776,CHMP6
GO:0000776,CHMP7
GO:0000776,DSN1
GO:0000776,KNL1
GO:0000776,MIS12
GO:0000776,NDC80
GO:0000776,NSL1
GO:0000776,NUF2
GO:0000776,PBRM1
GO:0000776,PHF10
GO:0000776,PMF1
GO:0000776,PMF1-BGLAP
GO:0000776,RNF103-CHMP3
GO:0000776,SKA1
GO:0000776,SKA2
GO:0000776,SKA3
GO:0000776,SMARCA4
GO:0000776,SMARCB1
GO:0000776,SMARCC1
GO:0000776,SMARCC2
GO:0000776,SMARCD1
GO:0000776,SMARCD2
GO:0000776,SMARCE1
GO:0000776,SPC24
GO:0000776,SPC25
GO:0000776,ZWINT
GO:0000781,EID3
GO:0000781,NSMCE1
GO:0000781,NSMCE2
GO:0000781,NSMCE3
GO:0000781,NSMCE4A
GO:0000781,SLF1
GO:0000781,SLF2
GO:0000781,SLX4
GO:0000781,SMC5
GO:0000781,SMC6
GO:0000781,TERF2
GO:0000785,ACTB
GO:0000785,ACTL6A
GO:0000785,ACTL6B
GO:0000785,ARID1A
GO:0000785,ARID1B
GO:0000785,ARID2
GO:0000785,AUTS2
GO:0000785,BCL7A
GO:0000785,BCL7B
GO:0000785,BCL7C
GO:0000785,BCOR
GO:0000785,BCORL1
GO:0000785,BICRA
GO:0000785,BICRAL
GO:0000785,BMI1
GO:0000785,BRD7
GO:0000785,BRD9
GO:0000785,CBX2
GO:0000785,CBX4
GO:0000785,CBX6
GO:0000785,CBX7
GO:0000785,CBX8
GO:0000785,CENPS
GO:0000785,CENPS-CORT
GO:0000785,CENPX
GO:0000785,CHAF1A
GO:0000785,CHAF1B
GO:0000785,DPF1
GO:0000785,DPF2
GO:0000785,DPF3
GO:0000785,FAAP100
GO:0000785,FAAP20
GO:0000785,FAAP24
GO:0000785,FANCA
GO:0000785,FANCB
GO:0000785,FANCC
GO:0000785,FANCD2
GO:0000785,FANCE
GO:0000785,FANCF
GO:0000785,FANCG
GO:0000785,FANCI
GO:0000785,FANCL
GO:0000785,FANCM
GO:0000785,KDM2B
GO:0000785,L3MBTL2
GO:0000785,MAD2L2
GO:0000785,PBRM1
GO:0000785,PCGF1
GO:0000785,PCGF2
GO:0000785,PCGF3
GO:0000785,PCGF5
GO:0000785,PCGF6
GO:0000785,PHC1
GO:0000785,PHC2
GO:0000785,PHC3
GO:0000785,PHF10
GO:0000785,PPP4C
GO:0000785,PPP4R2
GO:0000785,PPP4R3B
GO:0000785,RBBP4
GO:0000785,RING1
GO:0000785,RNF2
GO:0000785,RYBP
GO:0000785,SHLD1
GO:0000785,SHLD2
GO:0000785,SHLD3
GO:0000785,SKP1
GO:0000785,SMARCA2
GO:0000785,SMARCA4
GO:0000785,SMARCB1
GO:0000785,SMARCC1
GO:0000785,SMARCC2
GO:0000785,SMARCD1
GO:0000785,SMARCD2
GO:0000785,SMARCD3
GO:0000785,SMARCE1
GO:0000785,SS18
GO:0000785,YAF2
GO:0000786,ACTB
GO:0000786,ACTL6A
GO:0000786,ACTR6
GO:0000786,BRD8
GO:0000786,DMAP1
GO:0000786,EP400
GO:0000786,EPC1
GO:0000786,EPC2
GO:0000786,H2AC11
GO:0000786,H2AC13
GO:0000786,H2AC15
GO:0000786,H2AC16
GO:0000786,H2AC17
GO:0000786,H2AC22
GO:0000786,H2AC23
GO:0000786,H2AC24
GO:0000786,H2AC4
GO:0000786,H2AC6
GO:0000786,H2AC7
GO:0000786,H2AC8
GO:0000786,H2AZ1
GO:0000786,H2AZ2
GO:0000786,H2BC11
GO:0000786,H2BC12
GO:0000786,H2BC13
GO:0000786,H2BC15
GO:0000786,H2BC23
GO:0000786,H2BC24
GO:0000786,H2BC7
GO:0000786,H3-4
GO:0000786,H3C1
GO:0000786,H3C10
GO:0000786,H3C11
GO:0000786,H3C12
GO:0000786,H3C13
GO:0000786,H3C14
GO:0000786,H3C15
GO:0000786,H3C2
GO:0000786,H3C3
GO:0000786,H3C4
GO:0000786,H3C6
GO:0000786,H3C7
GO:0000786,H3C8
GO:0000786,H4C1
GO:0000786,H4C11
GO:0000786,H4C12
GO:0000786,H4C13
GO:0000786,H4C14
GO:0000786,H4C15
GO:0000786,H4C16
GO:0000786,H4C17
GO:0000786,H4C18
GO:0000786,H4C2
GO:0000786,H4C3
GO:0000786,H4C4
GO:0000786,H4C5
GO:0000786,H4C6
GO:0000786,H4C8
GO:0000786,H4C9
GO:0000786,ING3
GO:0000786,KAT5
GO:0000786,MBTD1
GO:0000786,MEAF6
GO:0000786,MORF4L1
GO:0000786,MORF4L2
GO:0000786,MRGBP
GO:0000786,RUVBL1
GO:0000786,RUVBL2
GO:0000786,SRCAP
GO:0000786,TRRAP
GO:0000786,VPS72
GO:0000786,YEATS4
GO:0000786,ZNHIT1
GO:0000794,IHO1
GO:0000794,MEI4
GO:0000794,NCAPD2
GO:0000794,NCAPD3
GO:0000794,NCAPG
GO:0000794,NCAPG2
GO:0000794,NCAPH
GO:0000794,NCAPH2
GO:0000794,REC114
GO:0000794,SMC2
GO:0000794,SMC4
GO:0000794,SYCE1
GO:0000794,SYCE2
GO:0000794,SYCE3
GO:0000794,SYCP1
GO:0000794,SYCP2
GO:0000794,SYCP3
GO:0000794,TEX12
GO:0000795,SYCE1
GO:0000795,SYCE2
GO:0000795,SYCE3
GO:0000795,SYCP1
GO:0000795,SYCP2
GO:0000795,SYCP3
GO:0000795,TEX12
GO:0000796,NCAPD2
GO:0000796,NCAPD3
GO:0000796,NCAPG
GO:0000796,NCAPG2
GO:0000796,NCAPH
GO:0000796,NCAPH2
GO:0000796,SMC2
GO:0000796,SMC4
GO:0000811,GINS1
GO:0000811,GINS2
GO:0000811,GINS3
GO:0000811,GINS4
GO:0000813,MVB12A
GO:0000813,TSG101
GO:0000813,UBAP1
GO:0000813,VPS28
GO:0000813,VPS37A
GO:0000813,VPS37B
GO:0000813,VPS37C
GO:0000813,VPS37D
GO:0000814,SNF8
GO:0000814,VPS25
GO:0000814,VPS36
GO:0000815,CHMP1A
GO:0000815,CHMP1B
GO:0000815,CHMP2A
GO:0000815,CHMP2B
GO:0000815,CHMP3
GO:0000815,CHMP4A
GO:0000815,CHMP4B
GO:0000815,CHMP4C
GO:0000815,CHMP5
GO:0000815,CHMP6
GO:0000815,CHMP7
GO:0000815,RNF103-CHMP3
GO:0000922,DSN1
GO:0000922,MIS12
GO:0000922,NSL1
GO:0000922,PMF1
GO:0000922,PMF1-BGLAP
GO:0000932,DCP1A
GO:0000932,DCP1B
GO:0000932,DCP2
GO:0000932,DDX6
GO:0000932,EDC3
GO:0000932,EDC4
GO:0000932,XRN1
GO:0000938,VPS51
GO:0000938,VPS52
GO:0000938,VPS53
GO:0000938,VPS54
GO:0000939,CENPC
GO:0000939,CENPC1
GO:0000939,CENPH
GO:0000939,CENPI
GO:0000939,CENPK
GO:0000939,CENPL
GO:0000939,CENPM
GO:0000939,CENPN
GO:0000939,CENPO
GO:0000939,CENPP
GO:0000939,CENPQ
GO:0000939,CENPS
GO:0000939,CENPS-CORT
GO:0000939,CENPT
GO:0000939,CENPU
GO:0000939,CENPW
GO:0000939,CENPX
GO:0000939,ITGB3BP
GO:0000956,SKIC2
GO:0000956,SKIC3
GO:0000956,SKIC8
GO:0000957,PNPT1
GO:0000957,SUPV3L1
GO:0000974,BCAS2
GO:0000974,CDC5L
GO:0000974,CTNNBL1
GO:0000974,CWC15
GO:0000974,HSPA8
GO:0000974,PLRG1
GO:0000974,PRPF19
GO:0000976,CBX3
GO:0000976,CBX3-PS5
GO:0000976,E2F1
GO:0000976,E2F2
GO:0000976,E2F3
GO:0000976,E2F4
GO:0000976,L3MBTL1
GO:0000976,LOC118568054
GO:0000976,LOC118568056
GO:0000976,RB1
GO:0000976,TFDP1
GO:0000977,ANXA2
GO:0000977,ATF1
GO:0000977,ATF2
GO:0000977,ATF3
GO:0000977,ATF4
GO:0000977,ATF5
GO:0000977,ATF6
GO:0000977,ATF6B
GO:0000977,ATF7
GO:0000977,BACH1
GO:0000977,BACH2
GO:0000977,BATF
GO:0000977,BATF2
GO:0000977,BATF3
GO:0000977,CEBPA
GO:0000977,CEBPB
GO:0000977,CEBPD
GO:0000977,CEBPE
GO:0000977,CEBPG
GO:0000977,CREB1
GO:0000977,CREB3
GO:0000977,CREBZF
GO:0000977,CTNNB1
GO:0000977,DBP
GO:0000977,DDIT3
GO:0000977,ESR1
GO:0000977,FOS
GO:0000977,FOSL1
GO:0000977,FOSL2
GO:0000977,GTF2F1
GO:0000977,GTF2F2
GO:0000977,HLF
GO:0000977,HLTF
GO:0000977,IRF9
GO:0000977,JDP2
GO:0000977,JUN
GO:0000977,JUNB
GO:0000977,JUND
GO:0000977,LEF1
GO:0000977,MAF
GO:0000977,MAFB
GO:0000977,MAFF
GO:0000977,MAFG
GO:0000977,MAFK
GO:0000977,MYB
GO:0000977,NCOA1
GO:0000977,NCOA2
GO:0000977,NFATC2
GO:0000977,NFE2
GO:0000977,NFE2L2
GO:0000977,NFE2L3
GO:0000977,NFIL3
GO:0000977,NFYA
GO:0000977,NFYB
GO:0000977,NFYC
GO:0000977,NR1I2
GO:0000977,POLR2A
GO:0000977,POLR2B
GO:0000977,POLR2C
GO:0000977,POLR2D
GO:0000977,POLR2E
GO:0000977,POLR2F
GO:0000977,POLR2G
GO:0000977,POLR2H
GO:0000977,POLR2I
GO:0000977,POLR2J
GO:0000977,POLR2K
GO:0000977,POLR2L
GO:0000977,POLR2M
GO:0000977,RARA
GO:0000977,REL
GO:0000977,RELA
GO:0000977,RELB
GO:0000977,RXRA
GO:0000977,S100A10
GO:0000977,STAT1
GO:0000977,STAT2
GO:0000977,STAT3
GO:0000977,STAT4
GO:0000977,STAT5A
GO:0000977,STAT5B
GO:0000977,STAT6
GO:0000977,TAF1
GO:0000977,TAF10
GO:0000977,TAF11
GO:0000977,TAF12
GO:0000977,TAF13
GO:0000977,TAF2
GO:0000977,TAF3
GO:0000977,TAF4
GO:0000977,TAF4B
GO:0000977,TAF5
GO:0000977,TAF6
GO:0000977,TAF7
GO:0000977,TAF8
GO:0000977,TAF9
GO:0000977,TBP
GO:0000977,TEAD1
GO:0000977,USF1
GO:0000977,USF2
GO:0000977,XBP1
GO:0000977,YAP1
GO:0000978,FOXO3
GO:0000978,GTF2A1
GO:0000978,GTF2A2
GO:0000978,MAX
GO:0000978,MGA
GO:0000978,MLX
GO:0000978,MLXIP
GO:0000978,MLXIPL
GO:0000978,MNT
GO:0000978,MXD1
GO:0000978,MXD3
GO:0000978,MXD4
GO:0000978,MXI1
GO:0000978,MYC
GO:0000978,NKX2-5
GO:0000978,RFX5
GO:0000978,RFXANK
GO:0000978,RFXAP
GO:0000979,DR1
GO:0000979,DRAP1
GO:0000979,GTF2B
GO:0000979,TBP
GO:0000981,ATF1
GO:0000981,ATF2
GO:0000981,ATF3
GO:0000981,ATF4
GO:0000981,ATF5
GO:0000981,ATF6
GO:0000981,ATF6B
GO:0000981,ATF7
GO:0000981,BACH1
GO:0000981,BACH2
GO:0000981,BATF
GO:0000981,BATF2
GO:0000981,BATF3
GO:0000981,BMAL1
GO:0000981,BMAL2
GO:0000981,CEBPA
GO:0000981,CEBPB
GO:0000981,CEBPD
GO:0000981,CEBPE
GO:0000981,CEBPG
GO:0000981,CLOCK
GO:0000981,CREB1
GO:0000981,CREB3
GO:0000981,CREBZF
GO:0000981,DBP
GO:0000981,DDIT3
GO:0000981,E2F1
GO:0000981,E2F2
GO:0000981,E2F3
GO:0000981,E2F4
GO:0000981,ESR1
GO:0000981,FOS
GO:0000981,FOSL1
GO:0000981,FOSL2
GO:0000981,FOXP1
GO:0000981,FOXP2
GO:0000981,FOXP3
GO:0000981,FOXP4
GO:0000981,HLF
GO:0000981,JUN
GO:0000981,JUNB
GO:0000981,JUND
GO:0000981,MAF
GO:0000981,MAFB
GO:0000981,MAFF
GO:0000981,MAFG
GO:0000981,NCOA2
GO:0000981,NFE2
GO:0000981,NFE2L2
GO:0000981,NFE2L3
GO:0000981,NFIL3
GO:0000981,NKX2-5
GO:0000981,NR1H2
GO:0000981,NR1H3
GO:0000981,RARA
GO:0000981,RB1
GO:0000981,RXRA
GO:0000981,RXRB
GO:0000981,TFDP1
GO:0000981,THRB
GO:0000981,USF1
GO:0000981,USF2
GO:0000981,VDR
GO:0000981,XBP1
GO:0000987,ACTL6A
GO:0000987,ACTR5
GO:0000987,ACTR8
GO:0000987,DR1
GO:0000987,INO80
GO:0000987,INO80B
GO:0000987,INO80C
GO:0000987,INO80D
GO:0000987,INO80E
GO:0000987,KAT14
GO:0000987,KAT2A
GO:0000987,KAT2B
GO:0000987,KAT8
GO:0000987,MBIP
GO:0000987,MCRS1
GO:0000987,MSL1
GO:0000987,MSL2
GO:0000987,MSL3
GO:0000987,NFRKB
GO:0000987,RUVBL1
GO:0000987,RUVBL2
GO:0000987,SGF29
GO:0000987,TADA2A
GO:0000987,TADA3
GO:0000987,TFPT
GO:0000987,UCHL5
GO:0000987,WDR5
GO:0000987,YEATS2
GO:0000987,YY1
GO:0000987,ZZZ3
GO:0000992,CRCP
GO:0000992,POLR1C
GO:0000992,POLR1D
GO:0000992,POLR2E
GO:0000992,POLR2F
GO:0000992,POLR2H
GO:0000992,POLR2K
GO:0000992,POLR2L
GO:0000992,POLR3A
GO:0000992,POLR3B
GO:0000992,POLR3C
GO:0000992,POLR3D
GO:0000992,POLR3E
GO:0000992,POLR3F
GO:0000992,POLR3G
GO:0000992,POLR3GL
GO:0000992,POLR3H
GO:0000992,POLR3K
GO:0000993,CCAR2
GO:0000993,CDC73
GO:0000993,CTR9
GO:0000993,LEO1
GO:0000993,PAF1
GO:0000993,RTF1
GO:0000993,SKIC8
GO:0000993,ZNF326
GO:0000995,BDP1
GO:0000995,BRF1
GO:0000995,BRF2
GO:0000995,GTF3C1
GO:0000995,GTF3C2
GO:0000995,GTF3C3
GO:0000995,GTF3C4
GO:0000995,GTF3C5
GO:0000995,GTF3C6
GO:0000995,TBP
GO:0001006,BDP1
GO:0001006,BRF1
GO:0001006,BRF2
GO:0001006,SNAPC1
GO:0001006,SNAPC2
GO:0001006,SNAPC3
GO:0001006,SNAPC4
GO:0001006,SNAPC5
GO:0001006,TBP
GO:0001016,GTF3C1
GO:0001016,GTF3C2
GO:0001016,GTF3C3
GO:0001016,GTF3C4
GO:0001016,GTF3C5
GO:0001016,GTF3C6
GO:0001018,POLRMT
GO:0001018,TFAM
GO:0001018,TFB2M
GO:0001046,ACTB
GO:0001046,ACTL6A
GO:0001046,ACTR5
GO:0001046,ACTR8
GO:0001046,ATXN7
GO:0001046,ATXN7L3
GO:0001046,BPTF
GO:0001046,BRD8
GO:0001046,CHD3
GO:0001046,CHD4
GO:0001046,DMAP1
GO:0001046,DR1
GO:0001046,ENY2
GO:0001046,EP400
GO:0001046,EPC1
GO:0001046,EPC2
GO:0001046,FOXP1
GO:0001046,FOXP2
GO:0001046,FOXP3
GO:0001046,FOXP4
GO:0001046,GATAD2A
GO:0001046,GATAD2B
GO:0001046,HCFC1
GO:0001046,HDAC1
GO:0001046,HDAC2
GO:0001046,ING3
GO:0001046,ING4
GO:0001046,ING5
GO:0001046,INO80
GO:0001046,INO80B
GO:0001046,INO80C
GO:0001046,INO80D
GO:0001046,INO80E
GO:0001046,JADE1
GO:0001046,JADE2
GO:0001046,JADE3
GO:0001046,KANSL1
GO:0001046,KANSL2
GO:0001046,KANSL3
GO:0001046,KAT14
GO:0001046,KAT2A
GO:0001046,KAT2B
GO:0001046,KAT5
GO:0001046,KAT7
GO:0001046,KAT8
GO:0001046,MBD2
GO:0001046,MBD3
GO:0001046,MBIP
GO:0001046,MBTD1
GO:0001046,MCRS1
GO:0001046,MEAF6
GO:0001046,MORF4L1
GO:0001046,MORF4L2
GO:0001046,MRGBP
GO:0001046,MTA1
GO:0001046,MTA2
GO:0001046,MTA3
GO:0001046,NFRKB
GO:0001046,OGT
GO:0001046,PHF20
GO:0001046,RBBP4
GO:0001046,RBBP7
GO:0001046,RUVBL1
GO:0001046,RUVBL2
GO:0001046,SGF29
GO:0001046,SMARCA1
GO:0001046,SUPT3
GO:0001046,SUPT3H
GO:0001046,TADA2A
GO:0001046,TADA3
GO:0001046,TAF10
GO:0001046,TAF12
GO:0001046,TAF2
GO:0001046,TAF4
GO:0001046,TAF5
GO:0001046,TAF5L
GO:0001046,TAF6
GO:0001046,TAF7
GO:0001046,TAF9
GO:0001046,TFPT
GO:0001046,TRRAP
GO:0001046,UCHL5
GO:0001046,USP22
GO:0001046,VPS72
GO:0001046,WDR5
GO:0001046,YEATS2
GO:0001046,YEATS4
GO:0001046,YY1
GO:0001046,ZZZ3
GO:0001054,POLR1A
GO:0001054,POLR1B
GO:0001054,POLR1C
GO:0001054,POLR1D
GO:0001054,POLR1E
GO:0001054,POLR1F
GO:0001054,POLR1G
GO:0001054,POLR1H
GO:0001054,POLR2E
GO:0001054,POLR2F
GO:0001054,POLR2H
GO:0001054,POLR2K
GO:0001054,POLR2L
GO:0001163,BAZ1B
GO:0001163,BAZ2A
GO:0001163,DDX21
GO:0001163,DEK
GO:0001163,ERCC6
GO:0001163,MYBBP1A
GO:0001163,POLR1A
GO:0001163,POLR1B
GO:0001163,POLR1C
GO:0001163,POLR1D
GO:0001163,POLR1E
GO:0001163,POLR1F
GO:0001163,POLR1G
GO:0001163,POLR1H
GO:0001163,POLR2E
GO:0001163,POLR2F
GO:0001163,POLR2H
GO:0001163,POLR2K
GO:0001163,POLR2L
GO:0001163,SF3B1
GO:0001163,SMARCA5
GO:0001223,ATXN7
GO:0001223,ATXN7L3
GO:0001223,ENY2
GO:0001223,KAT2A
GO:0001223,KAT2B
GO:0001223,SF3B3
GO:0001223,SF3B5
GO:0001223,SGF29
GO:0001223,SUPT20
GO:0001223,SUPT20H
GO:0001223,SUPT3
GO:0001223,SUPT3H
GO:0001223,SUPT7L
GO:0001223,TADA1
GO:0001223,TADA2B
GO:0001223,TADA3
GO:0001223,TAF10
GO:0001223,TAF12
GO:0001223,TAF5L
GO:0001223,TAF6L
GO:0001223,TAF9
GO:0001223,TRRAP
GO:0001223,USP22
GO:0001227,ATF2
GO:0001227,ATF3
GO:0001227,BACH1
GO:0001227,BACH2
GO:0001227,CEBPA
GO:0001227,CEBPB
GO:0001227,DDIT3
GO:0001227,GMNN
GO:0001227,HOXC9
GO:0001227,HOXD10
GO:0001227,IL37
GO:0001227,JDP2
GO:0001227,MAF
GO:0001227,MAFB
GO:0001227,MAFF
GO:0001227,MAFG
GO:0001227,MAFK
GO:0001227,MAX
GO:0001227,MGA
GO:0001227,MLX
GO:0001227,MNT
GO:0001227,MXD1
GO:0001227,MXD3
GO:0001227,MXD4
GO:0001227,MXI1
GO:0001227,SMAD3
GO:0001228,ATF1
GO:0001228,ATF3
GO:0001228,ATF4
GO:0001228,CEBPA
GO:0001228,CEBPB
GO:0001228,CREB1
GO:0001228,CREBZF
GO:0001228,CTNNB1
GO:0001228,FOS
GO:0001228,FOXM1
GO:0001228,IRF9
GO:0001228,JUN
GO:0001228,LEF1
GO:0001228,LIN37
GO:0001228,LIN52
GO:0001228,LIN54
GO:0001228,LIN9
GO:0001228,MAML1
GO:0001228,MLX
GO:0001228,MLXIP
GO:0001228,MLXIPL
GO:0001228,MYB
GO:0001228,MYBL2
GO:0001228,NFATC2
GO:0001228,NFYA
GO:0001228,NFYB
GO:0001228,NFYC
GO:0001228,NOTCH1
GO:0001228,RBBP4
GO:0001228,RBPJ
GO:0001228,RFX5
GO:0001228,RFXANK
GO:0001228,RFXAP
GO:0001228,STAT1
GO:0001228,STAT2
GO:0001228,TEAD1
GO:0001228,YAP1
GO:0001401,MTX1
GO:0001401,MTX2
GO:0001401,SAMM50
GO:0001508,KCND2
GO:0001508,KCNIP2
GO:0001510,METTL14
GO:0001510,METTL3
GO:0001510,THUMPD2
GO:0001510,TRMT11
GO:0001510,TRMT112
GO:0001518,NALCN
GO:0001518,NALF1
GO:0001518,SCN10A
GO:0001518,SCN11A
GO:0001518,SCN1A
GO:0001518,SCN1B
GO:0001518,SCN2A
GO:0001518,SCN2B
GO:0001518,SCN3A
GO:0001518,SCN3B
GO:0001518,SCN4A
GO:0001518,SCN4B
GO:0001518,SCN5A
GO:0001518,SCN8A
GO:0001518,SCN9A
GO:0001518,UNC79
GO:0001518,UNC80
GO:0001525,VEGFA
GO:0001530,LY96
GO:0001530,TLR4
GO:0001532,IL21
GO:0001532,IL21R
GO:0001532,IL2RG
GO:0001534,CFAP206
GO:0001534,CYB5D1
GO:0001534,DNAJB13
GO:0001534,DYDC1
GO:0001534,DYNLL2
GO:0001534,IQUB
GO:0001534,NME5
GO:0001534,ROPN1L
GO:0001534,RSPH1
GO:0001534,RSPH14
GO:0001534,RSPH3
GO:0001534,RSPH3A
GO:0001534,RSPH3B
GO:0001534,RSPH4A
GO:0001534,RSPH6A
GO:0001534,RSPH9
GO:0001540,COL25A1
GO:0001558,IL17B
GO:0001558,IL17RA
GO:0001558,IL17RB
GO:0001558,ING4
GO:0001558,ING5
GO:0001558,JADE1
GO:0001558,JADE2
GO:0001558,JADE3
GO:0001558,KAT7
GO:0001558,MEAF6
GO:0001558,TNC
GO:0001558,TRAF3IP2
GO:0001569,VEGFA
GO:0001570,VEGFA
GO:0001605,CALCRL
GO:0001635,CALCRL
GO:0001680,HSD17B10
GO:0001680,TRMT10C
GO:0001680,TRNT1
GO:0001682,POP1
GO:0001682,POP4
GO:0001682,POP5
GO:0001682,POP7
GO:0001682,RPP14
GO:0001682,RPP21
GO:0001682,RPP25
GO:0001682,RPP30
GO:0001682,RPP38
GO:0001682,RPP40
GO:0001732,EIF3A
GO:0001732,EIF3B
GO:0001732,EIF3C
GO:0001732,EIF3CL
GO:0001732,EIF3D
GO:0001732,EIF3E
GO:0001732,EIF3F
GO:0001732,EIF3G
GO:0001732,EIF3H
GO:0001732,EIF3I
GO:0001732,EIF3J
GO:0001732,EIF3K
GO:0001732,EIF3L
GO:0001732,EIF3M
GO:0001734A methyltransferase activity),METTL14
GO:0001734A methyltransferase activity),METTL3
GO:0001736,FUZ
GO:0001736,INTU
GO:0001736,WDPCP
GO:0001776,IL2RG
GO:0001778,CHMP1A
GO:0001778,CHMP1B
GO:0001778,CHMP1B2
GO:0001778,CHMP2A
GO:0001778,CHMP2B
GO:0001778,CHMP3
GO:0001778,CHMP4A
GO:0001778,CHMP4B
GO:0001778,CHMP4C
GO:0001778,CHMP5
GO:0001778,CHMP6
GO:0001778,CHMP7
GO:0001778,RNF103-CHMP3
GO:0001778,VPS4A
GO:0001778,VPS4B
GO:0001822,ITGA8
GO:0001822,ITGB1
GO:0001843,CECR2
GO:0001843,SMARCA1
GO:0001843,SMARCA5
GO:0001844,BAX
GO:0001867,COLEC10
GO:0001867,COLEC11
GO:0001867,FCN1
GO:0001867,FCN2
GO:0001867,FCN3
GO:0001867,MBL2
GO:0001920,LDLR
GO:0001934,AURKB
GO:0001934,BIRC5
GO:0001934,CDCA8
GO:0001934,INCENP
GO:0001934,RELN
GO:0001938,VEGFA
GO:0001960,IL11
GO:0001960,IL6
GO:0001968,COMP
GO:0001968,THBS1
GO:0001968,THBS2
GO:0001968,THBS3
GO:0001968,THBS4
GO:0001972,NCOA1
GO:0001972,NCOA2
GO:0001972,NR1H2
GO:0001972,NR1H3
GO:0001972,RARA
GO:0001972,RXRA
GO:0001972,RXRB
GO:0002009,TNC
GO:0002027,RYR2
GO:0002039,ATXN7
GO:0002039,ATXN7L3
GO:0002039,ENY2
GO:0002039,KAT2A
GO:0002039,KAT2B
GO:0002039,SF3B3
GO:0002039,SF3B5
GO:0002039,SGF29
GO:0002039,SUPT20
GO:0002039,SUPT20H
GO:0002039,SUPT3
GO:0002039,SUPT3H
GO:0002039,SUPT7L
GO:0002039,TADA1
GO:0002039,TADA2B
GO:0002039,TADA3
GO:0002039,TAF10
GO:0002039,TAF12
GO:0002039,TAF5L
GO:0002039,TAF6L
GO:0002039,TAF9
GO:0002039,TRRAP
GO:0002039,USP22
GO:0002091,ANXA2
GO:0002091,PCSK9
GO:0002098,ALKBH8
GO:0002098,ELP1
GO:0002098,ELP2
GO:0002098,ELP3
GO:0002098,ELP4
GO:0002098,ELP5
GO:0002098,ELP6
GO:0002098,TRMT112
GO:0002114,IL1RAP
GO:0002114,IL1RL1
GO:0002114,IL33
GO:0002133,PKD1
GO:0002133,PKD2
GO:0002141,ADGRV1
GO:0002141,PDZD7
GO:0002141,USH2A
GO:0002141,WHRN
GO:0002157,RXRA
GO:0002157,THRB
GO:0002181,FAU
GO:0002181,GM15501
GO:0002181,RACK1
GO:0002181,RPL10
GO:0002181,RPL10A
GO:0002181,RPL10L
GO:0002181,RPL11
GO:0002181,RPL12
GO:0002181,RPL13
GO:0002181,RPL13A
GO:0002181,RPL14
GO:0002181,RPL15
GO:0002181,RPL17
GO:0002181,RPL18
GO:0002181,RPL18A
GO:0002181,RPL19
GO:0002181,RPL21
GO:0002181,RPL23
GO:0002181,RPL23A
GO:0002181,RPL24
GO:0002181,RPL26
GO:0002181,RPL27
GO:0002181,RPL27A
GO:0002181,RPL28
GO:0002181,RPL29
GO:0002181,RPL3
GO:0002181,RPL30
GO:0002181,RPL31
GO:0002181,RPL32
GO:0002181,RPL34
GO:0002181,RPL34-PS1
GO:0002181,RPL35
GO:0002181,RPL35A
GO:0002181,RPL36
GO:0002181,RPL36A
GO:0002181,RPL36AL
GO:0002181,RPL37
GO:0002181,RPL37A
GO:0002181,RPL37RT
GO:0002181,RPL38
GO:0002181,RPL39
GO:0002181,RPL39L
GO:0002181,RPL3L
GO:0002181,RPL4
GO:0002181,RPL41
GO:0002181,RPL5
GO:0002181,RPL6
GO:0002181,RPL7
GO:0002181,RPL7A
GO:0002181,RPL8
GO:0002181,RPL9
GO:0002181,RPLP0
GO:0002181,RPLP1
GO:0002181,RPLP2
GO:0002181,RPS10
GO:0002181,RPS11
GO:0002181,RPS12
GO:0002181,RPS13
GO:0002181,RPS14
GO:0002181,RPS15
GO:0002181,RPS15A
GO:0002181,RPS16
GO:0002181,RPS17
GO:0002181,RPS18
GO:0002181,RPS19
GO:0002181,RPS2
GO:0002181,RPS20
GO:0002181,RPS21
GO:0002181,RPS23
GO:0002181,RPS24
GO:0002181,RPS25
GO:0002181,RPS26
GO:0002181,RPS27A
GO:0002181,RPS28
GO:0002181,RPS29
GO:0002181,RPS3
GO:0002181,RPS3A
GO:0002181,RPS3A1
GO:0002181,RPS4X
GO:0002181,RPS5
GO:0002181,RPS6
GO:0002181,RPS7
GO:0002181,RPS8
GO:0002181,RPS9
GO:0002181,RPSA
GO:0002181,UBA52
GO:0002191,MIF4GD
GO:0002191,NCBP1
GO:0002191,NCBP2
GO:0002191,SLBP
GO:0002208,MAD2L2
GO:0002208,SHLD1
GO:0002208,SHLD2
GO:0002208,SHLD3
GO:0002218,STING1
GO:0002221,AIM2
GO:0002221,CASP1
GO:0002221,MEFV
GO:0002221,NAIP
GO:0002221,NLRC4
GO:0002221,NLRP1
GO:0002221,NLRP1A
GO:0002221,NLRP1B
GO:0002221,NLRP3
GO:0002221,PYCARD
GO:0002224,IRAK1
GO:0002224,IRAK2
GO:0002224,IRAK4
GO:0002224,LY96
GO:0002224,MYD88
GO:0002224,TLR1
GO:0002224,TLR10
GO:0002224,TLR2
GO:0002224,TLR4
GO:0002250,CD247
GO:0002250,CD3D
GO:0002250,CD3E
GO:0002250,CD3G
GO:0002250,CD8A
GO:0002250,CD8B
GO:0002250,CD8B1
GO:0002282,IL1RAP
GO:0002376,PSMA1
GO:0002376,PSMA2
GO:0002376,PSMA3
GO:0002376,PSMA4
GO:0002376,PSMA5
GO:0002376,PSMA6
GO:0002376,PSMA7
GO:0002376,PSMB1
GO:0002376,PSMB10
GO:0002376,PSMB2
GO:0002376,PSMB3
GO:0002376,PSMB4
GO:0002376,PSMB8
GO:0002376,PSMB9
GO:0002387,ITGA4
GO:0002387,ITGB7
GO:0002474,ERAP1
GO:0002474,ERAP2
GO:0002502,PDIA3
GO:0002502,TAPBP
GO:0002725,BTLA
GO:0002725,TNFRSF14
GO:0002752,COLEC10
GO:0002752,COLEC11
GO:0002752,FCN1
GO:0002752,FCN2
GO:0002752,FCN3
GO:0002752,MBL2
GO:0002755,IRAK1
GO:0002755,IRAK2
GO:0002755,IRAK4
GO:0002755,MYD88
GO:0002755,TLR4
GO:0002755,TLR6
GO:0002768,BTLA
GO:0002768,TNFRSF14
GO:0002826,IL12RB2
GO:0002826,IL18
GO:0002826,IL18BP
GO:0002826,IL27RA
GO:0002826,IL6ST
GO:0002834,CALM1
GO:0002834,CALM2
GO:0002834,CALM3
GO:0002834,DAPK1
GO:0002846,BTLA
GO:0002846,TNFRSF14
GO:0002944,CCNK
GO:0002944,CDK12
GO:0002945,CCNK
GO:0002945,CDK13
GO:0002947,BIRC2
GO:0002947,BIRC3
GO:0002947,LTA
GO:0002947,LTB
GO:0002947,LTBR
GO:0002947,RIPK1
GO:0002947,TNFRSF14
GO:0002947,TNFRSF1A
GO:0002947,TNFRSF1B
GO:0002947,TNFSF14
GO:0002947,TRADD
GO:0002947,TRAF2
GO:0002947,TRAF5
GO:0003009,TCAP
GO:0003009,TTN
GO:0003158,CCM2
GO:0003158,KRIT1
GO:0003158,PDCD10
GO:0003254,HCN1
GO:0003254,HCN2
GO:0003254,HCN3
GO:0003254,HCN4
GO:0003300,RYR2
GO:0003341,CCDC65
GO:0003341,CFAP206
GO:0003341,CLXN
GO:0003341,CYB5D1
GO:0003341,DNAJB13
GO:0003341,DRC1
GO:0003341,DRC3
GO:0003341,DRC7
GO:0003341,DYDC1
GO:0003341,DYNLL2
GO:0003341,EFCAB2
GO:0003341,FBXL13
GO:0003341,GAS8
GO:0003341,IQCA1
GO:0003341,IQCD
GO:0003341,IQCG
GO:0003341,IQUB
GO:0003341,NME5
GO:0003341,ODAD1
GO:0003341,ODAD2
GO:0003341,ODAD3
GO:0003341,ODAD4
GO:0003341,ROPN1L
GO:0003341,RSPH1
GO:0003341,RSPH14
GO:0003341,RSPH3
GO:0003341,RSPH3A
GO:0003341,RSPH3B
GO:0003341,RSPH4A
GO:0003341,RSPH6A
GO:0003341,RSPH9
GO:0003341,TCTE1
GO:0003677,CHD3
GO:0003677,CHD4
GO:0003677,COLEC10
GO:0003677,COLEC11
GO:0003677,FCN2
GO:0003677,GATAD2A
GO:0003677,GATAD2B
GO:0003677,H2AC11
GO:0003677,H2AC13
GO:0003677,H2AC15
GO:0003677,H2AC16
GO:0003677,H2AC17
GO:0003677,H2AC4
GO:0003677,H2AC6
GO:0003677,H2AC8
GO:0003677,H2BC10
GO:0003677,H2BC11
GO:0003677,H2BC12
GO:0003677,H2BC4
GO:0003677,H2BC6
GO:0003677,H2BC7
GO:0003677,H2BC8
GO:0003677,H3C1
GO:0003677,H3C10
GO:0003677,H3C11
GO:0003677,H3C12
GO:0003677,H3C2
GO:0003677,H3C3
GO:0003677,H3C4
GO:0003677,H3C6
GO:0003677,H3C7
GO:0003677,H3C8
GO:0003677,H4C1
GO:0003677,H4C11
GO:0003677,H4C12
GO:0003677,H4C13
GO:0003677,H4C14
GO:0003677,H4C15
GO:0003677,H4C16
GO:0003677,H4C2
GO:0003677,H4C3
GO:0003677,H4C4
GO:0003677,H4C5
GO:0003677,H4C6
GO:0003677,H4C8
GO:0003677,H4C9
GO:0003677,HDAC1
GO:0003677,HDAC2
GO:0003677,IL1A
GO:0003677,IL1RAP
GO:0003677,ING4
GO:0003677,ING5
GO:0003677,JADE1
GO:0003677,JADE2
GO:0003677,JADE3
GO:0003677,KAT7
GO:0003677,MBD3
GO:0003677,MEAF6
GO:0003677,MTA1
GO:0003677,MTA2
GO:0003677,MTA3
GO:0003677,PCNA
GO:0003677,POLG
GO:0003677,POLG2
GO:0003677,RBBP4
GO:0003677,RBBP7
GO:0003677,RFX5
GO:0003677,RFXANK
GO:0003677,RFXAP
GO:0003677,SSRP1
GO:0003677,SUPT16
GO:0003677,SUPT16H
GO:0003677,SUPT4H1
GO:0003677,SUPT5H
GO:0003678,CHD3
GO:0003678,CHD4
GO:0003678,GATAD2A
GO:0003678,GATAD2B
GO:0003678,GTF2F1
GO:0003678,GTF2F2
GO:0003678,HDAC1
GO:0003678,HDAC2
GO:0003678,MBD2
GO:0003678,MBD3
GO:0003678,MCM2
GO:0003678,MCM3
GO:0003678,MCM4
GO:0003678,MCM5
GO:0003678,MCM6
GO:0003678,MCM7
GO:0003678,MCM8
GO:0003678,MCM9
GO:0003678,MTA1
GO:0003678,MTA2
GO:0003678,MTA3
GO:0003678,PNPT1
GO:0003678,RBBP4
GO:0003678,RBBP7
GO:0003678,SUPV3L1
GO:0003678,XRCC5
GO:0003678,XRCC6
GO:0003682,DNTTIP1
GO:0003682,HDAC1
GO:0003682,HDAC2
GO:0003682,MIDEAS
GO:0003682,PCNA
GO:0003682,RAD21
GO:0003682,RAD21L1
GO:0003682,REC8
GO:0003682,SMC1A
GO:0003682,SMC1B
GO:0003682,SMC3
GO:0003682,STAG1
GO:0003682,STAG2
GO:0003682,STAG3
GO:0003684,ATXN7
GO:0003684,ATXN7L3
GO:0003684,BRCA1
GO:0003684,BRCA2
GO:0003684,BRIP1
GO:0003684,CCNH
GO:0003684,CDK7
GO:0003684,CENPS
GO:0003684,CENPS-CORT
GO:0003684,CENPX
GO:0003684,CETN2
GO:0003684,CHD3
GO:0003684,CHD4
GO:0003684,CUL4A
GO:0003684,CUL4B
GO:0003684,DDB1
GO:0003684,DDB2
GO:0003684,ENY2
GO:0003684,ERCC2
GO:0003684,ERCC3
GO:0003684,FAAP100
GO:0003684,FAAP20
GO:0003684,FAAP24
GO:0003684,FANCA
GO:0003684,FANCB
GO:0003684,FANCC
GO:0003684,FANCD2
GO:0003684,FANCE
GO:0003684,FANCF
GO:0003684,FANCG
GO:0003684,FANCI
GO:0003684,FANCL
GO:0003684,FANCM
GO:0003684,GATAD2A
GO:0003684,GATAD2B
GO:0003684,GTF2H1
GO:0003684,GTF2H2
GO:0003684,GTF2H2C
GO:0003684,GTF2H3
GO:0003684,GTF2H4
GO:0003684,GTF2H5
GO:0003684,HDAC1
GO:0003684,HDAC2
GO:0003684,KAT2A
GO:0003684,MAD2L2
GO:0003684,MBD2
GO:0003684,MBD3
GO:0003684,MNAT1
GO:0003684,MSH2
GO:0003684,MSH6
GO:0003684,MTA1
GO:0003684,MTA2
GO:0003684,MTA3
GO:0003684,PALB2
GO:0003684,PCNA
GO:0003684,POLD2
GO:0003684,POLD3
GO:0003684,RAD23A
GO:0003684,RAD23B
GO:0003684,RBBP4
GO:0003684,RBBP7
GO:0003684,RBX1
GO:0003684,REV3L
GO:0003684,SUPT3
GO:0003684,SUPT3H
GO:0003684,TADA3
GO:0003684,TAF10
GO:0003684,TAF12
GO:0003684,TAF2
GO:0003684,TAF4
GO:0003684,TAF5
GO:0003684,TAF5L
GO:0003684,TAF6
GO:0003684,TAF7
GO:0003684,TAF9
GO:0003684,TOPBP1
GO:0003684,TRRAP
GO:0003684,USP22
GO:0003684,XPC
GO:0003688,CUL4A
GO:0003688,CUL4B
GO:0003688,DDB1
GO:0003688,MCM2
GO:0003688,MCM3
GO:0003688,MCM4
GO:0003688,MCM5
GO:0003688,MCM6
GO:0003688,MCM7
GO:0003688,ORC1
GO:0003688,ORC2
GO:0003688,ORC3
GO:0003688,ORC4
GO:0003688,ORC5
GO:0003688,ORC6
GO:0003688,PHIP
GO:0003688,RBX1
GO:0003689,RAD17
GO:0003689,RFC1
GO:0003689,RFC2
GO:0003689,RFC3
GO:0003689,RFC4
GO:0003689,RFC5
GO:0003690,ACTB
GO:0003690,ACTL6A
GO:0003690,ACTL6B
GO:0003690,AIM2
GO:0003690,ARID1A
GO:0003690,ARID1B
GO:0003690,ARID2
GO:0003690,BCL7A
GO:0003690,BCL7B
GO:0003690,BCL7C
GO:0003690,BRD7
GO:0003690,CASP1
GO:0003690,CENPC
GO:0003690,CENPC1
GO:0003690,CENPH
GO:0003690,CENPI
GO:0003690,CENPK
GO:0003690,CENPL
GO:0003690,CENPM
GO:0003690,CENPN
GO:0003690,CENPO
GO:0003690,CENPP
GO:0003690,CENPQ
GO:0003690,CENPS
GO:0003690,CENPS-CORT
GO:0003690,CENPT
GO:0003690,CENPU
GO:0003690,CENPW
GO:0003690,CENPX
GO:0003690,DPF1
GO:0003690,DPF2
GO:0003690,DPF3
GO:0003690,GTF2E1
GO:0003690,GTF2E2
GO:0003690,ITGB3BP
GO:0003690,MND1
GO:0003690,PBRM1
GO:0003690,PHF10
GO:0003690,POLD1
GO:0003690,POLD2
GO:0003690,POLD3
GO:0003690,POLD4
GO:0003690,POLE
GO:0003690,POLE2
GO:0003690,POLE3
GO:0003690,POLE4
GO:0003690,PRKDC
GO:0003690,PSMC3IP
GO:0003690,PYCARD
GO:0003690,SMAD1
GO:0003690,SMAD2
GO:0003690,SMAD3
GO:0003690,SMAD4
GO:0003690,SMARCA2
GO:0003690,SMARCA4
GO:0003690,SMARCB1
GO:0003690,SMARCC1
GO:0003690,SMARCC2
GO:0003690,SMARCD1
GO:0003690,SMARCD2
GO:0003690,SMARCD3
GO:0003690,SMARCE1
GO:0003690,XRCC5
GO:0003690,XRCC6
GO:0003697,CDC45
GO:0003697,ERCC1
GO:0003697,ERCC4
GO:0003697,GINS1
GO:0003697,GINS2
GO:0003697,GINS3
GO:0003697,GINS4
GO:0003697,INIP
GO:0003697,INTS3
GO:0003697,MCM2
GO:0003697,MCM3
GO:0003697,MCM4
GO:0003697,MCM5
GO:0003697,MCM6
GO:0003697,MCM7
GO:0003697,MCM8
GO:0003697,MCM9
GO:0003697,NABP1
GO:0003697,NABP2
GO:0003697,PDS5B
GO:0003697,POLA1
GO:0003697,POLA2
GO:0003697,PRIM1
GO:0003697,PRIM2
GO:0003697,RAD51B
GO:0003697,RAD51C
GO:0003697,RAD51D
GO:0003697,RPA1
GO:0003697,RPA2
GO:0003697,RPA3
GO:0003697,RPA4
GO:0003697,SPIDR
GO:0003697,SWSAP1
GO:0003697,TOP3B
GO:0003697,XRCC2
GO:0003697,XRCC3
GO:0003697,ZSWIM7
GO:0003700,ARID4A
GO:0003700,ARID4B
GO:0003700,ARNT
GO:0003700,BRMS1
GO:0003700,BRMS1L
GO:0003700,EPAS1
GO:0003700,HDAC1
GO:0003700,HDAC2
GO:0003700,HIF1A
GO:0003700,ING1
GO:0003700,ING2
GO:0003700,MAX
GO:0003700,MYC
GO:0003700,MYCL
GO:0003700,MYCN
GO:0003700,NCOA1
GO:0003700,NCOA2
GO:0003700,OGT
GO:0003700,PPARG
GO:0003700,RBBP4
GO:0003700,RBBP7
GO:0003700,SAP130
GO:0003700,SAP30
GO:0003700,SAP30L
GO:0003700,SIN3A
GO:0003700,SINHCAF
GO:0003700,SMAD1
GO:0003700,SMAD2
GO:0003700,SMAD3
GO:0003700,SMAD4
GO:0003700,STAT1
GO:0003700,STAT2
GO:0003700,STAT3
GO:0003700,STAT4
GO:0003700,STAT5A
GO:0003700,STAT5B
GO:0003700,STAT6
GO:0003700,SUDS3
GO:0003700,TET1
GO:0003711,GTF2F1
GO:0003711,GTF2F2
GO:0003711,INTS1
GO:0003711,INTS10
GO:0003711,INTS11
GO:0003711,INTS12
GO:0003711,INTS13
GO:0003711,INTS14
GO:0003711,INTS2
GO:0003711,INTS3
GO:0003711,INTS4
GO:0003711,INTS5
GO:0003711,INTS6
GO:0003711,INTS7
GO:0003711,INTS8
GO:0003711,INTS9
GO:0003712,JUN
GO:0003713,ATXN7
GO:0003713,ATXN7L3
GO:0003713,ENY2
GO:0003713,KAT2A
GO:0003713,KAT2B
GO:0003713,MED1
GO:0003713,MED10
GO:0003713,MED11
GO:0003713,MED14
GO:0003713,MED15
GO:0003713,MED16
GO:0003713,MED17
GO:0003713,MED18
GO:0003713,MED19
GO:0003713,MED20
GO:0003713,MED21
GO:0003713,MED22
GO:0003713,MED23
GO:0003713,MED24
GO:0003713,MED25
GO:0003713,MED26
GO:0003713,MED27
GO:0003713,MED28
GO:0003713,MED29
GO:0003713,MED30
GO:0003713,MED31
GO:0003713,MED4
GO:0003713,MED6
GO:0003713,MED7
GO:0003713,MED8
GO:0003713,MED9
GO:0003713,SF3B3
GO:0003713,SF3B5
GO:0003713,SGF29
GO:0003713,SUPT20
GO:0003713,SUPT20H
GO:0003713,SUPT3
GO:0003713,SUPT3H
GO:0003713,SUPT7L
GO:0003713,TADA1
GO:0003713,TADA2B
GO:0003713,TADA3
GO:0003713,TAF10
GO:0003713,TAF12
GO:0003713,TAF5L
GO:0003713,TAF6L
GO:0003713,TAF9
GO:0003713,TEAD1
GO:0003713,TRRAP
GO:0003713,USP22
GO:0003713,YAP1
GO:0003714,BIN1
GO:0003714,HDAC1
GO:0003714,HDAC2
GO:0003714,MIER1
GO:0003714,MIER2
GO:0003714,MYC
GO:0003720,DKC1
GO:0003720,GAR1
GO:0003720,NHP2
GO:0003720,NOP10
GO:0003720,TERT
GO:0003720,WRAP53
GO:0003723,BAZ2A
GO:0003723,C2ORF49
GO:0003723,DDX1
GO:0003723,DIS3
GO:0003723,DIS3L
GO:0003723,EXOSC1
GO:0003723,EXOSC10
GO:0003723,EXOSC2
GO:0003723,EXOSC3
GO:0003723,EXOSC4
GO:0003723,EXOSC5
GO:0003723,EXOSC6
GO:0003723,EXOSC7
GO:0003723,EXOSC8
GO:0003723,EXOSC9
GO:0003723,FAM98A
GO:0003723,FAM98B
GO:0003723,LAS1L
GO:0003723,MDN1
GO:0003723,MTREX
GO:0003723,NELFA
GO:0003723,NELFCD
GO:0003723,NELFE
GO:0003723,NOL9
GO:0003723,NONO
GO:0003723,PABPN1
GO:0003723,PELP1
GO:0003723,POP1
GO:0003723,POP4
GO:0003723,POP5
GO:0003723,POP7
GO:0003723,PSPC1
GO:0003723,RAMAC
GO:0003723,RBM26
GO:0003723,RBM27
GO:0003723,RNMT
GO:0003723,RPP25
GO:0003723,RPP30
GO:0003723,RPP38
GO:0003723,RPP40
GO:0003723,RTCB
GO:0003723,RTRAF
GO:0003723,SENP3
GO:0003723,SFPQ
GO:0003723,SMARCA5
GO:0003723,TENT4A
GO:0003723,TENT4B
GO:0003723,TEX10
GO:0003723,WDR18
GO:0003723,ZBTB8OS
GO:0003723,ZC3H3
GO:0003723,ZCCHC7
GO:0003723,ZFC3H1
GO:0003724,ALYREF
GO:0003724,DDX23
GO:0003724,EFTUD2
GO:0003724,EIF4A3
GO:0003724,LSM2
GO:0003724,LSM3
GO:0003724,LSM4
GO:0003724,LSM5
GO:0003724,LSM6
GO:0003724,LSM7
GO:0003724,LSM8
GO:0003724,MAGOH
GO:0003724,MTREX
GO:0003724,PABPN1
GO:0003724,PRPF31
GO:0003724,PRPF4
GO:0003724,PRPF6
GO:0003724,PRPF8
GO:0003724,RBM26
GO:0003724,RBM27
GO:0003724,RBM42
GO:0003724,RBM7
GO:0003724,RBM8A
GO:0003724,SART1
GO:0003724,SNRNP200
GO:0003724,SNRNP27
GO:0003724,SNRNP40
GO:0003724,SNRPA
GO:0003724,SNRPB
GO:0003724,SNRPD1
GO:0003724,SNRPD2
GO:0003724,SNRPD3
GO:0003724,SNRPE
GO:0003724,SNRPF
GO:0003724,SNRPG
GO:0003724,SNU13
GO:0003724,TENT4A
GO:0003724,TENT4B
GO:0003724,TXNL4A
GO:0003724,USP39
GO:0003724,ZC3H3
GO:0003724,ZCCHC7
GO:0003724,ZCCHC8
GO:0003724,ZFC3H1
GO:0003725,AQR
GO:0003725,DICER1
GO:0003725,ISY1
GO:0003725,ISY1-RAB43
GO:0003725,PNPT1
GO:0003725,PPIE
GO:0003725,PRKRA
GO:0003725,SUPV3L1
GO:0003725,TARBP2
GO:0003725,TOP3B
GO:0003725,XAB2
GO:0003725,ZNF830
GO:0003727,ALYREF
GO:0003727,CASC3
GO:0003727,CRCP
GO:0003727,EIF4A3
GO:0003727,MAGOH
GO:0003727,MAGOHB
GO:0003727,PNN
GO:0003727,POLR1C
GO:0003727,POLR1D
GO:0003727,POLR2A
GO:0003727,POLR2B
GO:0003727,POLR2C
GO:0003727,POLR2D
GO:0003727,POLR2E
GO:0003727,POLR2F
GO:0003727,POLR2G
GO:0003727,POLR2H
GO:0003727,POLR2I
GO:0003727,POLR2J
GO:0003727,POLR2K
GO:0003727,POLR2L
GO:0003727,POLR2M
GO:0003727,POLR3A
GO:0003727,POLR3B
GO:0003727,POLR3C
GO:0003727,POLR3D
GO:0003727,POLR3E
GO:0003727,POLR3F
GO:0003727,POLR3G
GO:0003727,POLR3GL
GO:0003727,POLR3H
GO:0003727,POLR3K
GO:0003727,RBM8A
GO:0003727,RNPS1
GO:0003727,SAP18
GO:0003727,TOP3B
GO:0003729,ALYREF
GO:0003729,CBLL1
GO:0003729,CHTOP
GO:0003729,CRYZL1
GO:0003729,CSTF1
GO:0003729,CSTF2
GO:0003729,CSTF2T
GO:0003729,CSTF3
GO:0003729,DDX39A
GO:0003729,DDX39B
GO:0003729,DDX6
GO:0003729,EIF4E2
GO:0003729,ERH
GO:0003729,FERRY3
GO:0003729,FMR1
GO:0003729,FXR1
GO:0003729,FXR2
GO:0003729,FYTTD1
GO:0003729,GATD1
GO:0003729,GIGYF1
GO:0003729,GIGYF2
GO:0003729,LUZP4
GO:0003729,MAGOH
GO:0003729,MAGOHB
GO:0003729,METTL14
GO:0003729,METTL3
GO:0003729,NCBP1
GO:0003729,NCBP2
GO:0003729,NCBP3
GO:0003729,NXF1
GO:0003729,NXF2
GO:0003729,NXF2B
GO:0003729,NXF3
GO:0003729,NXT1
GO:0003729,NXT2
GO:0003729,POLDIP3
GO:0003729,PPP1R21
GO:0003729,RBM8A
GO:0003729,SARNP
GO:0003729,TBCK
GO:0003729,THOC1
GO:0003729,THOC2
GO:0003729,THOC3
GO:0003729,THOC5
GO:0003729,THOC6
GO:0003729,THOC7
GO:0003729,VIRMA
GO:0003729,WTAP
GO:0003729,ZC3H11A
GO:0003729,ZC3H13
GO:0003729,ZNF598
GO:0003730,EPRS1
GO:0003730,GAPDH
GO:0003730,RPL13A
GO:0003730,SYNCRIP
GO:0003743,EIF2S1
GO:0003743,EIF2S2
GO:0003743,EIF2S3
GO:0003743,EIF3A
GO:0003743,EIF3B
GO:0003743,EIF3C
GO:0003743,EIF3CL
GO:0003743,EIF3D
GO:0003743,EIF3E
GO:0003743,EIF3F
GO:0003743,EIF3G
GO:0003743,EIF3H
GO:0003743,EIF3I
GO:0003743,EIF3J
GO:0003743,EIF3K
GO:0003743,EIF3L
GO:0003743,EIF3M
GO:0003743,EIF4A1
GO:0003743,EIF4A2
GO:0003743,EIF4E
GO:0003743,EIF4G1
GO:0003743,EIF4G3
GO:0003747,ETF1
GO:0003747,GSPT1
GO:0003747,GSPT2
GO:0003774,DYNC1H1
GO:0003774,DYNC1I2
GO:0003774,DYNC1LI2
GO:0003774,DYNLL1
GO:0003774,DYNLRB1
GO:0003774,DYNLT1
GO:0003774,DYNLT1A
GO:0003774,DYNLT1B
GO:0003774,DYNLT1C
GO:0003774,DYNLT1F
GO:0003779,ACTR2
GO:0003779,ACTR3
GO:0003779,ACTR3B
GO:0003779,ARPC1A
GO:0003779,ARPC1B
GO:0003779,ARPC2
GO:0003779,ARPC3
GO:0003779,ARPC4
GO:0003779,ARPC5
GO:0003779,ARPC5L
GO:0003779,ILK
GO:0003779,LIMS1
GO:0003779,LIMS2
GO:0003779,PARVA
GO:0003779,PARVB
GO:0003810,F13A1
GO:0003810,F13B
GO:0003823,CD247
GO:0003823,CD3D
GO:0003823,CD3E
GO:0003823,CD3G
GO:0003847,PAFAH1B1
GO:0003847,PAFAH1B2
GO:0003847,PAFAH1B3
GO:0003872,PFKL
GO:0003872,PFKM
GO:0003872,PFKP
GO:0003873,PFKFB1
GO:0003873,PFKFB2
GO:0003873,PFKFB3
GO:0003873,PFKFB4
GO:0003886-methyltransferase activity),DNMT3A
GO:0003886-methyltransferase activity),DNMT3B
GO:0003886-methyltransferase activity),DNMT3L
GO:0003887,APLF
GO:0003887,APTX
GO:0003887,LIG3
GO:0003887,MAD2L2
GO:0003887,PNKP
GO:0003887,POLB
GO:0003887,POLD1
GO:0003887,POLD2
GO:0003887,POLD3
GO:0003887,POLD4
GO:0003887,POLE
GO:0003887,POLE2
GO:0003887,POLE3
GO:0003887,POLE4
GO:0003887,POLG
GO:0003887,POLG2
GO:0003887,REV3L
GO:0003887,TDP1
GO:0003887,XRCC1
GO:0003899,CRCP
GO:0003899,LIG4
GO:0003899,POLA1
GO:0003899,POLA2
GO:0003899,POLR1C
GO:0003899,POLR1D
GO:0003899,POLR2E
GO:0003899,POLR2F
GO:0003899,POLR2H
GO:0003899,POLR2K
GO:0003899,POLR2L
GO:0003899,POLR3A
GO:0003899,POLR3B
GO:0003899,POLR3C
GO:0003899,POLR3D
GO:0003899,POLR3E
GO:0003899,POLR3F
GO:0003899,POLR3G
GO:0003899,POLR3GL
GO:0003899,POLR3H
GO:0003899,POLR3K
GO:0003899,PRIM1
GO:0003899,PRIM2
GO:0003899,XRCC4
GO:0003910 activity),APLF
GO:0003910 activity),APTX
GO:0003910 activity),LIG3
GO:0003910 activity),PNKP
GO:0003910 activity),POLB
GO:0003910 activity),TDP1
GO:0003910 activity),XRCC1
GO:0003917,TOP3B
GO:0003920,GMPR2
GO:0003923,GPAA1
GO:0003923,PIGK
GO:0003923,PIGS
GO:0003923,PIGT
GO:0003923,PIGU
GO:0003924,ETF1
GO:0003924,GSPT1
GO:0003924,GSPT2
GO:0003924,HRAS
GO:0003924,RRAGA
GO:0003924,RRAGB
GO:0003924,RRAGC
GO:0003924,RRAGD
GO:0003924,SEPTIN2
GO:0003924,SEPTIN3
GO:0003924,SEPTIN6
GO:0003924,SEPTIN7
GO:0003924,SEPTIN9
GO:0003924,SOS1
GO:0003924,SRP14
GO:0003924,SRP19
GO:0003924,SRP54
GO:0003924,SRP68
GO:0003924,SRP72
GO:0003924,SRP9
GO:0003924,SRPRA
GO:0003924,SRPRB
GO:0003968,TERT
GO:0003972 activity),C2ORF49
GO:0003972 activity),DDX1
GO:0003972 activity),FAM98A
GO:0003972 activity),FAM98B
GO:0003972 activity),RTCB
GO:0003972 activity),RTRAF
GO:0003972 activity),ZBTB8OS
GO:0003976,GNPTG
GO:0003988,HADHA
GO:0003988,HADHB
GO:0004096,CAT
GO:0004126,A1CF
GO:0004126,APOBEC1
GO:0004126,HNRNPAB
GO:0004129,COX1
GO:0004129,COX2
GO:0004129,COX3
GO:0004129,COX4I1
GO:0004129,COX5A
GO:0004129,COX5B
GO:0004129,COX6A1
GO:0004129,COX6B1
GO:0004129,COX6C
GO:0004129,COX7A2
GO:0004129,COX7B
GO:0004129,COX7C
GO:0004129,COX8A
GO:0004129,NDUFA4
GO:0004148,DLAT
GO:0004148,DLD
GO:0004148,DLST
GO:0004148,KGD4
GO:0004148,OGDH
GO:0004148,PDHA1
GO:0004148,PDHA2
GO:0004148,PDHB
GO:0004148,PDHX
GO:0004149,DLD
GO:0004149,DLST
GO:0004149,KGD4
GO:0004149,OGDH
GO:0004169,POMT1
GO:0004169,POMT2
GO:0004175,IMMP1L
GO:0004175,IMMP2L
GO:0004176,AFG3L2
GO:0004176,CLPP
GO:0004176,CLPX
GO:0004176,SPG7
GO:0004177,ERAP1
GO:0004177,ERAP2
GO:0004197,AIM2
GO:0004197,APAF1
GO:0004197,CASP1
GO:0004197,CASP2
GO:0004197,CASP9
GO:0004197,CRADD
GO:0004197,CYCS
GO:0004197,MEFV
GO:0004197,NAIP
GO:0004197,NLRC4
GO:0004197,NLRP1
GO:0004197,NLRP1A
GO:0004197,NLRP1B
GO:0004197,NLRP3
GO:0004197,PIDD1
GO:0004197,PYCARD
GO:0004198,CAPN1
GO:0004198,CAPN2
GO:0004198,CAPNS1
GO:0004222,PMPCA
GO:0004222,PMPCB
GO:0004252,CFH
GO:0004252,CFP
GO:0004252,CLPP
GO:0004252,CLPX
GO:0004252,COLEC10
GO:0004252,COLEC11
GO:0004252,FCN1
GO:0004252,FCN2
GO:0004252,FCN3
GO:0004252,MBL2
GO:0004252,PLAU
GO:0004252,PLAUR
GO:0004252,SEC11A
GO:0004252,SEC11C
GO:0004252,SPCS1
GO:0004252,SPCS2
GO:0004252,SPCS3
GO:0004252,THBD
GO:0004298,ADRM1
GO:0004298,PSMA1
GO:0004298,PSMA2
GO:0004298,PSMA3
GO:0004298,PSMA4
GO:0004298,PSMA5
GO:0004298,PSMA6
GO:0004298,PSMA7
GO:0004298,PSMA8
GO:0004298,PSMB1
GO:0004298,PSMB10
GO:0004298,PSMB11
GO:0004298,PSMB2
GO:0004298,PSMB3
GO:0004298,PSMB4
GO:0004298,PSMB5
GO:0004298,PSMB6
GO:0004298,PSMB7
GO:0004298,PSMB8
GO:0004298,PSMB9
GO:0004298,PSMC1
GO:0004298,PSMC2
GO:0004298,PSMC3
GO:0004298,PSMC4
GO:0004298,PSMC5
GO:0004298,PSMC6
GO:0004298,PSMD1
GO:0004298,PSMD11
GO:0004298,PSMD12
GO:0004298,PSMD13
GO:0004298,PSMD14
GO:0004298,PSMD2
GO:0004298,PSMD3
GO:0004298,PSMD4
GO:0004298,PSMD6
GO:0004298,PSMD7
GO:0004298,PSMD8
GO:0004298,PSME1
GO:0004298,PSME2
GO:0004298,PSME3
GO:0004298,PSME4
GO:0004298,SEM1
GO:0004316 activity),CBR4
GO:0004316 activity),HSD17B8
GO:0004322,FDX2
GO:0004322,FXN
GO:0004322,ISCU
GO:0004322,LYRM4
GO:0004322,NDUFAB1
GO:0004322,NFS1
GO:0004331,PFKFB1
GO:0004331,PFKFB2
GO:0004331,PFKFB3
GO:0004331,PFKFB4
GO:0004357,GCLC
GO:0004357,GCLM
GO:0004383,GUCY1A1
GO:0004383,GUCY1A2
GO:0004383,GUCY1B1
GO:0004383,NPR1
GO:0004386,CDC45
GO:0004402,BAZ1B
GO:0004402,BRD1
GO:0004402,BRPF1
GO:0004402,BRPF3
GO:0004402,DDX21
GO:0004402,DEK
GO:0004402,EPC1
GO:0004402,ERCC6
GO:0004402,ING3
GO:0004402,ING5
GO:0004402,KAT2B
GO:0004402,KAT5
GO:0004402,KAT6A
GO:0004402,KAT6B
GO:0004402,MEAF6
GO:0004402,MYBBP1A
GO:0004402,NFYA
GO:0004402,NFYB
GO:0004402,NFYC
GO:0004402,SF3B1
GO:0004402,SMARCA5
GO:0004402,SUPT3
GO:0004402,SUPT3H
GO:0004402,TADA2A
GO:0004402,TADA3
GO:0004402,TAF1
GO:0004402,TAF10
GO:0004402,TAF11
GO:0004402,TAF12
GO:0004402,TAF13
GO:0004402,TAF2
GO:0004402,TAF3
GO:0004402,TAF4
GO:0004402,TAF4B
GO:0004402,TAF5
GO:0004402,TAF5L
GO:0004402,TAF6
GO:0004402,TAF6L
GO:0004402,TAF7
GO:0004402,TAF8
GO:0004402,TAF9
GO:0004402,TBP
GO:0004402,TRRAP
GO:0004407,ARID4A
GO:0004407,ARID4B
GO:0004407,BRMS1
GO:0004407,BRMS1L
GO:0004407,CHD3
GO:0004407,CHD4
GO:0004407,DNTTIP1
GO:0004407,GATAD2A
GO:0004407,GATAD2B
GO:0004407,HDAC1
GO:0004407,HDAC2
GO:0004407,ING1
GO:0004407,ING2
GO:0004407,MBD2
GO:0004407,MBD3
GO:0004407,MIDEAS
GO:0004407,MIER1
GO:0004407,MIER2
GO:0004407,MTA1
GO:0004407,MTA2
GO:0004407,MTA3
GO:0004407,OGT
GO:0004407,RBBP4
GO:0004407,RBBP7
GO:0004407,RRP8
GO:0004407,SAP130
GO:0004407,SAP30
GO:0004407,SAP30L
GO:0004407,SIN3A
GO:0004407,SIN3B
GO:0004407,SINHCAF
GO:0004407,SIRT1
GO:0004407,SUDS3
GO:0004407,SUV39H1
GO:0004407,TET1
GO:0004438,PTEN
GO:0004449 activity),IDH3A
GO:0004449 activity),IDH3B
GO:0004449 activity),IDH3G
GO:0004459,LDHA
GO:0004459,LDHAL6B
GO:0004459,LDHB
GO:0004459,LDHC
GO:0004461,LALBA
GO:0004465,GPIHBP1
GO:0004465,LPL
GO:0004475 activity),GMPPA
GO:0004475 activity),GMPPB
GO:0004478,MAT1A
GO:0004478,MAT2A
GO:0004478,MAT2B
GO:0004482-methyltransferase activity),RAMAC
GO:0004482-methyltransferase activity),RNMT
GO:0004485,MCCC1
GO:0004485,MCCC2
GO:0004519,INTS1
GO:0004519,INTS10
GO:0004519,INTS11
GO:0004519,INTS12
GO:0004519,INTS13
GO:0004519,INTS14
GO:0004519,INTS2
GO:0004519,INTS3
GO:0004519,INTS4
GO:0004519,INTS5
GO:0004519,INTS6
GO:0004519,INTS7
GO:0004519,INTS8
GO:0004519,INTS9
GO:0004519,MLH1
GO:0004519,MLH3
GO:0004519,PMS1
GO:0004519,PMS2
GO:0004520,EME1
GO:0004520,EME2
GO:0004520,MRE11
GO:0004520,MRE11A
GO:0004520,MUS81
GO:0004520,NBN
GO:0004520,RAD50
GO:0004521,DICER1
GO:0004521,PRKRA
GO:0004521,TSN
GO:0004521,TSNAX
GO:0004523,RNASEH2A
GO:0004523,RNASEH2B
GO:0004523,RNASEH2C
GO:0004525,DGCR8
GO:0004525,DROSHA
GO:0004526,HSD17B10
GO:0004526,POP1
GO:0004526,POP4
GO:0004526,POP5
GO:0004526,POP7
GO:0004526,PRORP
GO:0004526,RPP14
GO:0004526,RPP21
GO:0004526,RPP25
GO:0004526,RPP30
GO:0004526,RPP38
GO:0004526,RPP40
GO:0004526,TRMT10C
GO:0004534,CPSF2
GO:0004534,CPSF3
GO:0004534,CSTF2
GO:0004534,DCP1A
GO:0004534,DCP1B
GO:0004534,DCP2
GO:0004534,DDX6
GO:0004534,EDC3
GO:0004534,EDC4
GO:0004534,SYMPK
GO:0004534,XRN1
GO:0004535-specific ribonuclease activity),CNOT1
GO:0004535-specific ribonuclease activity),CNOT10
GO:0004535-specific ribonuclease activity),CNOT11
GO:0004535-specific ribonuclease activity),CNOT2
GO:0004535-specific ribonuclease activity),CNOT3
GO:0004535-specific ribonuclease activity),CNOT4
GO:0004535-specific ribonuclease activity),CNOT6
GO:0004535-specific ribonuclease activity),CNOT6L
GO:0004535-specific ribonuclease activity),CNOT7
GO:0004535-specific ribonuclease activity),CNOT8
GO:0004535-specific ribonuclease activity),CNOT9
GO:0004535-specific ribonuclease activity),PAN2
GO:0004535-specific ribonuclease activity),TNKS1BP1
GO:0004563,HEXA
GO:0004563,HEXB
GO:0004576,DAD1
GO:0004576,DDOST
GO:0004576,KRTCAP2
GO:0004576,MAGT1
GO:0004576,OST4
GO:0004576,OSTC
GO:0004576,RPN1
GO:0004576,RPN2
GO:0004576,STT3A
GO:0004576,STT3B
GO:0004576,TMEM258
GO:0004576,TUSC3
GO:0004582,DPM1
GO:0004582,DPM2
GO:0004582,DPM3
GO:0004591 activity),DLD
GO:0004591 activity),DLST
GO:0004591 activity),KGD4
GO:0004591 activity),OGDH
GO:0004596,NAA10
GO:0004596,NAA11
GO:0004596,NAA15
GO:0004596,NAA16
GO:0004596,NAA20
GO:0004596,NAA25
GO:0004596,NAA30
GO:0004596,NAA35
GO:0004596,NAA38
GO:0004615,PMM1
GO:0004658,PCCA
GO:0004658,PCCB
GO:0004660,FNTA
GO:0004660,FNTB
GO:0004662,FNTA
GO:0004662,PGGT1B
GO:0004663,RABGGTA
GO:0004663,RABGGTB
GO:0004672,CCNL1
GO:0004672,CCNL2
GO:0004672,SMG1
GO:0004672,SMG8
GO:0004672,SMG9
GO:0004674,APC
GO:0004674,APC2
GO:0004674,ATG101
GO:0004674,ATG13
GO:0004674,ATR
GO:0004674,ATRIP
GO:0004674,AURKB
GO:0004674,AXIN1
GO:0004674,AXIN2
GO:0004674,AZI2
GO:0004674,BIRC5
GO:0004674,CAB39
GO:0004674,CAB39L
GO:0004674,CALM1
GO:0004674,CALM2
GO:0004674,CALM3
GO:0004674,CDCA8
GO:0004674,CSNK1A1
GO:0004674,CSNK2A1
GO:0004674,CSNK2A2
GO:0004674,CSNK2B
GO:0004674,DAPK1
GO:0004674,GSK3A
GO:0004674,GSK3B
GO:0004674,IKBKE
GO:0004674,INCENP
GO:0004674,IRAK1
GO:0004674,IRAK2
GO:0004674,IRAK4
GO:0004674,MAPKAP1
GO:0004674,MLST8
GO:0004674,MTOR
GO:0004674,MYD88
GO:0004674,PARD3
GO:0004674,PARD6A
GO:0004674,PARD6B
GO:0004674,PARD6G
GO:0004674,PRKCI
GO:0004674,PRKCZ
GO:0004674,PRR5
GO:0004674,RB1CC1
GO:0004674,RICTOR
GO:0004674,RPTOR
GO:0004674,STING1
GO:0004674,STK11
GO:0004674,STRADA
GO:0004674,STRADB
GO:0004674,TAF1
GO:0004674,TAF10
GO:0004674,TAF11
GO:0004674,TAF12
GO:0004674,TAF13
GO:0004674,TAF2
GO:0004674,TAF3
GO:0004674,TAF4
GO:0004674,TAF4B
GO:0004674,TAF5
GO:0004674,TAF6
GO:0004674,TAF7
GO:0004674,TAF8
GO:0004674,TAF9
GO:0004674,TANK
GO:0004674,TBK1
GO:0004674,TBKBP1
GO:0004674,TBP
GO:0004674,TGFBR1
GO:0004674,TGFBR2
GO:0004674,TRAF3
GO:0004674,ULK1
GO:0004677,PRKDC
GO:0004679,PRKAA1
GO:0004679,PRKAA2
GO:0004679,PRKAB1
GO:0004679,PRKAB2
GO:0004679,PRKAG1
GO:0004679,PRKAG2
GO:0004679,PRKAG3
GO:0004683,CALM1
GO:0004683,CALM2
GO:0004683,CALM3
GO:0004683,DAPK1
GO:0004689,PHKA1
GO:0004689,PHKA2
GO:0004689,PHKB
GO:0004689,PHKG1
GO:0004689,PHKG2
GO:0004693,CCNA1
GO:0004693,CCNA2
GO:0004693,CCNC
GO:0004693,CCND1
GO:0004693,CCND2
GO:0004693,CCND3
GO:0004693,CCNE1
GO:0004693,CCNK
GO:0004693,CCNL1
GO:0004693,CCNL2
GO:0004693,CCNQ
GO:0004693,CCNT1
GO:0004693,CCNY
GO:0004693,CDK10
GO:0004693,CDK12
GO:0004693,CDK13
GO:0004693,CDK14
GO:0004693,CDK16
GO:0004693,CDK19
GO:0004693,CDK2
GO:0004693,CDK3
GO:0004693,CDK4
GO:0004693,CDK5
GO:0004693,CDK5R1
GO:0004693,CDK5R2
GO:0004693,CDK6
GO:0004693,CDK8
GO:0004693,CDK9
GO:0004693,MED12
GO:0004693,MED13
GO:0004709,MAP3K7
GO:0004709,TAB1
GO:0004709,TAB2
GO:0004709,TAB3
GO:0004713,BAZ1B
GO:0004713,CSF2RB
GO:0004713,EBI3
GO:0004713,IFNA1
GO:0004713,IFNA10
GO:0004713,IFNA14
GO:0004713,IFNA16
GO:0004713,IFNA17
GO:0004713,IFNA2
GO:0004713,IFNA21
GO:0004713,IFNA4
GO:0004713,IFNA5
GO:0004713,IFNA6
GO:0004713,IFNA7
GO:0004713,IFNA8
GO:0004713,IFNAR1
GO:0004713,IFNAR2
GO:0004713,IFNB1
GO:0004713,IFNE
GO:0004713,IFNGR1
GO:0004713,IFNGR2
GO:0004713,IFNK
GO:0004713,IFNL1
GO:0004713,IFNL2
GO:0004713,IFNL3
GO:0004713,IFNL4
GO:0004713,IFNLR1
GO:0004713,IFNW1
GO:0004713,IL10RB
GO:0004713,IL13
GO:0004713,IL13RA1
GO:0004713,IL15
GO:0004713,IL15RA
GO:0004713,IL2
GO:0004713,IL21
GO:0004713,IL21R
GO:0004713,IL27
GO:0004713,IL27RA
GO:0004713,IL2RA
GO:0004713,IL2RB
GO:0004713,IL2RG
GO:0004713,IL3
GO:0004713,IL3RA
GO:0004713,IL4
GO:0004713,IL4R
GO:0004713,IL5
GO:0004713,IL5RA
GO:0004713,IL6
GO:0004713,IL6ST
GO:0004713,JAK1
GO:0004713,JAK2
GO:0004713,SMARCA5
GO:0004713,TYK2
GO:0004714,CSF1
GO:0004714,CSF1R
GO:0004714,CSF2
GO:0004714,CSF2RA
GO:0004714,CSF2RB
GO:0004714,IL13
GO:0004714,IL13RA1
GO:0004714,IL2
GO:0004714,IL2RA
GO:0004714,IL2RB
GO:0004714,IL2RG
GO:0004714,IL4
GO:0004714,IL4R
GO:0004714,IL6
GO:0004714,IL6ST
GO:0004714,JAK2
GO:0004721,MOB4
GO:0004721,PPP2CA
GO:0004721,PPP2R1A
GO:0004721,PPP4C
GO:0004721,PPP4R1
GO:0004721,PPP4R2
GO:0004721,PPP4R3A
GO:0004721,PPP4R3B
GO:0004721,PPP4R4
GO:0004721,STRIP1
GO:0004721,STRIP2
GO:0004721,STRN
GO:0004721,STRN3
GO:0004721,STRN4
GO:0004722,MRAS
GO:0004722,PDP1
GO:0004722,PDPR
GO:0004722,PPP1CA
GO:0004722,PPP1CB
GO:0004722,PPP1CC
GO:0004722,SHOC2
GO:0004735,PYCR1
GO:0004736,MDH1
GO:0004736,ME1
GO:0004736,PC
GO:0004739 activity),DLAT
GO:0004739 activity),DLD
GO:0004739 activity),PDHA1
GO:0004739 activity),PDHA2
GO:0004739 activity),PDHB
GO:0004739 activity),PDHX
GO:0004741] phosphatase activity),PDP1
GO:0004741] phosphatase activity),PDPR
GO:0004742,DLAT
GO:0004742,DLD
GO:0004742,PDHA1
GO:0004742,PDHA2
GO:0004742,PDHB
GO:0004742,PDHX
GO:0004748,RRM1
GO:0004748,RRM2
GO:0004748,RRM2B
GO:0004758,SPTLC1
GO:0004758,SPTLC2
GO:0004758,SPTLC3
GO:0004758,SPTSSA
GO:0004758,SPTSSB
GO:0004775 activity),SUCLA2
GO:0004775 activity),SUCLG1
GO:0004776 activity),SUCLG1
GO:0004776 activity),SUCLG2
GO:0004784,SOD1
GO:0004810,HSD17B10
GO:0004810,TRMT10C
GO:0004810,TRNT1
GO:0004814,AIMP1
GO:0004814,AIMP2
GO:0004814,DARS1
GO:0004814,EEF1E1
GO:0004814,EPRS1
GO:0004814,IARS1
GO:0004814,KARS1
GO:0004814,LARS1
GO:0004814,MARS1
GO:0004814,QARS1
GO:0004814,RARS1
GO:0004815,AIMP1
GO:0004815,AIMP2
GO:0004815,DARS1
GO:0004815,EEF1E1
GO:0004815,EPRS1
GO:0004815,IARS1
GO:0004815,KARS1
GO:0004815,LARS1
GO:0004815,MARS1
GO:0004815,QARS1
GO:0004815,RARS1
GO:0004818,AIMP1
GO:0004818,AIMP2
GO:0004818,DARS1
GO:0004818,EEF1E1
GO:0004818,EPRS1
GO:0004818,IARS1
GO:0004818,KARS1
GO:0004818,LARS1
GO:0004818,MARS1
GO:0004818,QARS1
GO:0004818,RARS1
GO:0004819,AIMP1
GO:0004819,AIMP2
GO:0004819,DARS1
GO:0004819,EEF1E1
GO:0004819,EPRS1
GO:0004819,IARS1
GO:0004819,KARS1
GO:0004819,LARS1
GO:0004819,MARS1
GO:0004819,QARS1
GO:0004819,RARS1
GO:0004822,AIMP1
GO:0004822,AIMP2
GO:0004822,DARS1
GO:0004822,EEF1E1
GO:0004822,EPRS1
GO:0004822,IARS1
GO:0004822,KARS1
GO:0004822,LARS1
GO:0004822,MARS1
GO:0004822,QARS1
GO:0004822,RARS1
GO:0004823,AIMP1
GO:0004823,AIMP2
GO:0004823,DARS1
GO:0004823,EEF1E1
GO:0004823,EPRS1
GO:0004823,IARS1
GO:0004823,KARS1
GO:0004823,LARS1
GO:0004823,MARS1
GO:0004823,QARS1
GO:0004823,RARS1
GO:0004824,AIMP1
GO:0004824,AIMP2
GO:0004824,DARS1
GO:0004824,EEF1E1
GO:0004824,EPRS1
GO:0004824,IARS1
GO:0004824,KARS1
GO:0004824,LARS1
GO:0004824,MARS1
GO:0004824,QARS1
GO:0004824,RARS1
GO:0004825,AIMP1
GO:0004825,AIMP2
GO:0004825,DARS1
GO:0004825,EEF1E1
GO:0004825,EPRS1
GO:0004825,IARS1
GO:0004825,KARS1
GO:0004825,LARS1
GO:0004825,MARS1
GO:0004825,QARS1
GO:0004825,RARS1
GO:0004826,FARSA
GO:0004826,FARSB
GO:0004827,AIMP1
GO:0004827,AIMP2
GO:0004827,DARS1
GO:0004827,EEF1E1
GO:0004827,EPRS1
GO:0004827,IARS1
GO:0004827,KARS1
GO:0004827,LARS1
GO:0004827,MARS1
GO:0004827,QARS1
GO:0004827,RARS1
GO:0004842,BARD1
GO:0004842,BRCA1
GO:0004842,PEX10
GO:0004842,PEX12
GO:0004842,PEX2
GO:0004842,RBCK1
GO:0004842,RNF31
GO:0004842,SHARPIN
GO:0004843,ABRAXAS2
GO:0004843,ADRM1
GO:0004843,ASXL1
GO:0004843,ATXN7
GO:0004843,ATXN7L3
GO:0004843,BABAM1
GO:0004843,BABAM2
GO:0004843,BAP1
GO:0004843,BRCC3
GO:0004843,DMWD
GO:0004843,ENY2
GO:0004843,KAT2A
GO:0004843,KAT2B
GO:0004843,PSMA1
GO:0004843,PSMA2
GO:0004843,PSMA3
GO:0004843,PSMA4
GO:0004843,PSMA5
GO:0004843,PSMA6
GO:0004843,PSMA7
GO:0004843,PSMB1
GO:0004843,PSMB2
GO:0004843,PSMB3
GO:0004843,PSMB4
GO:0004843,PSMB5
GO:0004843,PSMB6
GO:0004843,PSMB7
GO:0004843,PSMC1
GO:0004843,PSMC2
GO:0004843,PSMC3
GO:0004843,PSMC4
GO:0004843,PSMC5
GO:0004843,PSMC6
GO:0004843,PSMD1
GO:0004843,PSMD11
GO:0004843,PSMD12
GO:0004843,PSMD13
GO:0004843,PSMD14
GO:0004843,PSMD2
GO:0004843,PSMD3
GO:0004843,PSMD4
GO:0004843,PSMD6
GO:0004843,PSMD7
GO:0004843,PSMD8
GO:0004843,SEM1
GO:0004843,SF3B3
GO:0004843,SF3B5
GO:0004843,SGF29
GO:0004843,SUPT20
GO:0004843,SUPT20H
GO:0004843,SUPT3
GO:0004843,SUPT3H
GO:0004843,SUPT7L
GO:0004843,TADA1
GO:0004843,TADA2B
GO:0004843,TADA3
GO:0004843,TAF10
GO:0004843,TAF12
GO:0004843,TAF2
GO:0004843,TAF4
GO:0004843,TAF5
GO:0004843,TAF5L
GO:0004843,TAF6
GO:0004843,TAF6L
GO:0004843,TAF7
GO:0004843,TAF9
GO:0004843,TRIM27
GO:0004843,TRRAP
GO:0004843,USP1
GO:0004843,USP12
GO:0004843,USP22
GO:0004843,USP46
GO:0004843,USP7
GO:0004843,WDR20
GO:0004843,WDR48
GO:0004857,BUB1B
GO:0004857,BUB3
GO:0004857,CDC20
GO:0004857,MAD2L1
GO:0004879,NCOA1
GO:0004879,NCOA2
GO:0004879,NR1I2
GO:0004879,RARA
GO:0004879,RXRA
GO:0004888,FLNA
GO:0004888,GP1BA
GO:0004888,GP1BB
GO:0004888,GP5
GO:0004888,GP9
GO:0004888,ITGA1
GO:0004888,ITGA10
GO:0004888,ITGA11
GO:0004888,ITGA2
GO:0004888,ITGA2B
GO:0004888,ITGA3
GO:0004888,ITGA4
GO:0004888,ITGA5
GO:0004888,ITGA6
GO:0004888,ITGA7
GO:0004888,ITGA8
GO:0004888,ITGA9
GO:0004888,ITGAD
GO:0004888,ITGAE
GO:0004888,ITGAL
GO:0004888,ITGAM
GO:0004888,ITGAV
GO:0004888,ITGAX
GO:0004888,ITGB1
GO:0004888,ITGB2
GO:0004888,ITGB3
GO:0004888,ITGB4
GO:0004888,ITGB5
GO:0004888,ITGB6
GO:0004888,ITGB7
GO:0004888,ITGB8
GO:0004888,LY96
GO:0004888,TLR1
GO:0004888,TLR10
GO:0004888,TLR2
GO:0004888,TLR4
GO:0004888,TLR6
GO:0004890,GABRA1
GO:0004890,GABRA2
GO:0004890,GABRA3
GO:0004890,GABRA4
GO:0004890,GABRA5
GO:0004890,GABRA6
GO:0004890,GABRB1
GO:0004890,GABRB2
GO:0004890,GABRB3
GO:0004890,GABRD
GO:0004890,GABRG2
GO:0004890,GABRG3
GO:0004890,GABRQ
GO:0004896,CHI3L1
GO:0004896,IL10RB
GO:0004896,IL12RB2
GO:0004896,IL13
GO:0004896,IL13RA2
GO:0004896,IL1RAP
GO:0004896,IL1RL2
GO:0004896,IL20
GO:0004896,IL20RA
GO:0004896,IL20RB
GO:0004896,IL22RA1
GO:0004896,IL24
GO:0004896,IL26
GO:0004896,IL27RA
GO:0004896,IL6ST
GO:0004896,TMEM219
GO:0004901,CSF2
GO:0004901,CSF2RA
GO:0004901,CSF2RB
GO:0004901,JAK2
GO:0004905,IFNA1
GO:0004905,IFNA10
GO:0004905,IFNA14
GO:0004905,IFNA16
GO:0004905,IFNA17
GO:0004905,IFNA2
GO:0004905,IFNA21
GO:0004905,IFNA4
GO:0004905,IFNA5
GO:0004905,IFNA6
GO:0004905,IFNA7
GO:0004905,IFNA8
GO:0004905,IFNAR1
GO:0004905,IFNAR2
GO:0004905,IFNB1
GO:0004905,IFNE
GO:0004905,IFNK
GO:0004905,IFNW1
GO:0004906,IFNGR1
GO:0004906,IFNGR2
GO:0004909,IL1A
GO:0004909,IL1RAP
GO:0004910,IL1A
GO:0004910,IL1R2
GO:0004910,IL1RAP
GO:0004911,IL2
GO:0004911,IL2RA
GO:0004911,IL2RB
GO:0004911,IL2RG
GO:0004912,CSF2RB
GO:0004912,IL3
GO:0004912,IL3RA
GO:0004913,IL13RA1
GO:0004913,IL2RG
GO:0004913,IL4
GO:0004913,IL4R
GO:0004914,CSF2RB
GO:0004914,IL5
GO:0004914,IL5RA
GO:0004914,JAK1
GO:0004914,JAK2
GO:0004914,TYK2
GO:0004915,IL6
GO:0004915,IL6ST
GO:0004917,IL2RG
GO:0004920,IL10
GO:0004920,IL10RA
GO:0004920,IL10RB
GO:0004921,IL11
GO:0004921,IL6ST
GO:0004930,GNAI1
GO:0004930,GNB1
GO:0004930,GNGT1
GO:0004930,GPR88
GO:0004950,CXCL8
GO:0004950,CXCR1
GO:0004950,CXCR2
GO:0004965,GABBR1
GO:0004965,GABBR2
GO:0004971,GRIA1
GO:0004971,GRIA2
GO:0004972,GRIN1
GO:0004972,GRIN2A
GO:0004972,GRIN2B
GO:0004972,GRIN2C
GO:0004972,GRIN2D
GO:0005011,CSF1R
GO:0005011,IL34
GO:0005018,PDGFA
GO:0005018,PDGFB
GO:0005018,PDGFC
GO:0005018,PDGFRA
GO:0005018,PDGFRB
GO:0005019,PDGFA
GO:0005019,PDGFB
GO:0005019,PDGFC
GO:0005019,PDGFD
GO:0005019,PDGFRA
GO:0005019,PDGFRB
GO:0005025,TGFBR1
GO:0005025,TGFBR2
GO:0005031,BIRC2
GO:0005031,BIRC3
GO:0005031,LTA
GO:0005031,LTB
GO:0005031,LTBR
GO:0005031,TNFRSF14
GO:0005031,TNFRSF1A
GO:0005031,TNFRSF1B
GO:0005031,TNFSF14
GO:0005031,TRAF2
GO:0005047,SRPRA
GO:0005047,SRPRB
GO:0005048,SEC61A1
GO:0005048,SEC61A2
GO:0005048,SEC61B
GO:0005048,SEC61G
GO:0005085,ARHGEF12
GO:0005085,CCZ1
GO:0005085,CCZ1B
GO:0005085,DOCK7
GO:0005085,EIF2B1
GO:0005085,EIF2B2
GO:0005085,EIF2B3
GO:0005085,EIF2B4
GO:0005085,EIF2B5
GO:0005085,GIPC1
GO:0005085,HPS1
GO:0005085,HPS4
GO:0005085,HRAS
GO:0005085,LAMTOR1
GO:0005085,LAMTOR2
GO:0005085,LAMTOR3
GO:0005085,LAMTOR4
GO:0005085,LAMTOR5
GO:0005085,LRCH3
GO:0005085,MON1A
GO:0005085,MON1B
GO:0005085,MYO6
GO:0005085,RGP1
GO:0005085,RIC1
GO:0005085,RMC1
GO:0005085,SH3BP4
GO:0005085,SMCR8
GO:0005085,SOS1
GO:0005085,TRAPPC1
GO:0005085,TRAPPC10
GO:0005085,TRAPPC11
GO:0005085,TRAPPC12
GO:0005085,TRAPPC13
GO:0005085,TRAPPC2
GO:0005085,TRAPPC2B
GO:0005085,TRAPPC2L
GO:0005085,TRAPPC3
GO:0005085,TRAPPC4
GO:0005085,TRAPPC5
GO:0005085,TRAPPC6A
GO:0005085,TRAPPC6B
GO:0005085,TRAPPC8
GO:0005085,TRAPPC9
GO:0005085,WDR41
GO:0005096,CCZ1
GO:0005096,CCZ1B
GO:0005096,MON1A
GO:0005096,MON1B
GO:0005096,RMC1
GO:0005096,TBC1D7
GO:0005096,TBC1D7-LOC100130357
GO:0005096,TSC1
GO:0005096,TSC2
GO:0005102,EBI3
GO:0005102,IL27
GO:0005125,IFNG
GO:0005125,IL17A
GO:0005125,IL26
GO:0005125,IL37
GO:0005137,IL5
GO:0005138,IL6
GO:0005141,IL10
GO:0005150,IL1R1
GO:0005150,IL1RN
GO:0005161,PDGFA
GO:0005161,PDGFB
GO:0005161,PDGFC
GO:0005161,PDGFD
GO:0005161,PDGFRA
GO:0005161,PDGFRB
GO:0005161,VEGFA
GO:0005172,VEGFA
GO:0005178,COL16A1
GO:0005178,COMP
GO:0005178,NID1
GO:0005178,RELN
GO:0005178,THBS1
GO:0005178,THBS2
GO:0005178,THBS3
GO:0005178,THBS4
GO:0005178,TNN
GO:0005179,CGA
GO:0005179,CGB3
GO:0005179,CGB5
GO:0005179,CGB8
GO:0005179,GPHA2
GO:0005179,GPHB5
GO:0005179,LHB
GO:0005198,ARCN1
GO:0005198,COL11A1
GO:0005198,COL17A1
GO:0005198,COL5A1
GO:0005198,COL5A2
GO:0005198,COMP
GO:0005198,COPA
GO:0005198,COPB1
GO:0005198,COPB2
GO:0005198,COPE
GO:0005198,COPG1
GO:0005198,COPG2
GO:0005198,COPZ1
GO:0005198,COPZ2
GO:0005198,THBS1
GO:0005198,THBS2
GO:0005198,THBS3
GO:0005198,THBS4
GO:0005200,SPTA1
GO:0005200,SPTB
GO:0005201,COL10A1
GO:0005201,COL11A1
GO:0005201,COL11A2
GO:0005201,COL13A1
GO:0005201,COL14A1
GO:0005201,COL15A1
GO:0005201,COL16A1
GO:0005201,COL18A1
GO:0005201,COL19A1
GO:0005201,COL1A1
GO:0005201,COL1A2
GO:0005201,COL20A1
GO:0005201,COL21A1
GO:0005201,COL22A1
GO:0005201,COL23A1
GO:0005201,COL24A1
GO:0005201,COL25A1
GO:0005201,COL26A1
GO:0005201,COL27A1
GO:0005201,COL28A1
GO:0005201,COL2A1
GO:0005201,COL3A1
GO:0005201,COL4A1
GO:0005201,COL4A2
GO:0005201,COL4A3
GO:0005201,COL4A4
GO:0005201,COL4A5
GO:0005201,COL4A6
GO:0005201,COL5A1
GO:0005201,COL5A2
GO:0005201,COL5A3
GO:0005201,COL6A1
GO:0005201,COL6A2
GO:0005201,COL6A3
GO:0005201,COL7A1
GO:0005201,COL8A1
GO:0005201,COL8A2
GO:0005201,COMP
GO:0005201,EMILIN1
GO:0005201,EMILIN2
GO:0005201,FN1
GO:0005201,LAMA1
GO:0005201,LAMA2
GO:0005201,LAMA4
GO:0005201,LAMA5
GO:0005201,LAMB1
GO:0005201,LAMB2
GO:0005201,LAMB3
GO:0005201,LAMC1
GO:0005201,LAMC2
GO:0005201,LAMC3
GO:0005201,MATN1
GO:0005201,MATN2
GO:0005201,MATN3
GO:0005201,MATN4
GO:0005201,MMRN1
GO:0005201,MMRN2
GO:0005201,NID1
GO:0005201,SERPINE1
GO:0005201,THBS1
GO:0005201,THBS2
GO:0005201,THBS3
GO:0005201,THBS4
GO:0005201,TNC
GO:0005201,TNN
GO:0005201,TNR
GO:0005201,TNXB
GO:0005201,VTN
GO:0005219,RYR1
GO:0005219,RYR2
GO:0005219,RYR3
GO:0005222,HCN1
GO:0005222,HCN2
GO:0005222,HCN4
GO:0005230,GABRA1
GO:0005230,GABRA3
GO:0005230,GABRA4
GO:0005230,GABRA5
GO:0005230,GABRB1
GO:0005230,GABRB2
GO:0005230,GABRB3
GO:0005230,GABRD
GO:0005230,GABRG2
GO:0005230,GABRG3
GO:0005234,GRIN1
GO:0005234,GRIN2A
GO:0005234,GRIN2B
GO:0005234,GRIN2C
GO:0005234,GRIN2D
GO:0005242,HCN1
GO:0005242,HCN2
GO:0005242,HCN3
GO:0005242,HCN4
GO:0005242,KCNE1
GO:0005242,KCNE2
GO:0005242,KCNH2
GO:0005242,KCNJ2
GO:0005245,CACNA1C
GO:0005245,CACNA1S
GO:0005245,CACNB1
GO:0005245,CACNB2
GO:0005245,CACNB3
GO:0005245,CACNB4
GO:0005245,CACNG1
GO:0005245,PKD1
GO:0005245,PKD2
GO:0005245,RYR1
GO:0005245,RYR2
GO:0005245,RYR3
GO:0005246,PLN
GO:0005248,HCN1
GO:0005248,HCN2
GO:0005248,HCN3
GO:0005248,HCN4
GO:0005248,NALCN
GO:0005248,NALF1
GO:0005248,SCN10A
GO:0005248,SCN11A
GO:0005248,SCN1A
GO:0005248,SCN1B
GO:0005248,SCN2A
GO:0005248,SCN2B
GO:0005248,SCN3A
GO:0005248,SCN3B
GO:0005248,SCN4A
GO:0005248,SCN4B
GO:0005248,SCN5A
GO:0005248,SCN8A
GO:0005248,SCN9A
GO:0005248,UNC79
GO:0005248,UNC80
GO:0005249,CALM1
GO:0005249,CALM2
GO:0005249,CALM3
GO:0005249,KCNQ1
GO:0005250 potassium channel activity),KCND2
GO:0005250 potassium channel activity),KCND3
GO:0005250 potassium channel activity),KCNIP1
GO:0005250 potassium channel activity),KCNIP2
GO:0005251,KCNE1
GO:0005251,KCNE2
GO:0005251,KCNH2
GO:0005254,GABRA1
GO:0005254,GABRA2
GO:0005254,GABRA3
GO:0005254,GABRA4
GO:0005254,GABRA5
GO:0005254,GABRA6
GO:0005254,GABRB1
GO:0005254,GABRB2
GO:0005254,GABRB3
GO:0005254,GABRD
GO:0005254,GABRG2
GO:0005254,GABRG3
GO:0005254,GABRQ
GO:0005261,SCN1B
GO:0005261,SCN2B
GO:0005261,SCN3B
GO:0005261,SCN4B
GO:0005261,SCN7A
GO:0005262,TRPC1
GO:0005262,TRPC4
GO:0005262,TRPC5
GO:0005267,ABCC8
GO:0005267,KCNJ11
GO:0005287,SLC3A1
GO:0005287,SLC7A9
GO:0005344,HBA-A1
GO:0005344,HBA-A2
GO:0005344,HBA-X
GO:0005344,HBA1
GO:0005344,HBA2
GO:0005344,HBB
GO:0005344,HBB-B1
GO:0005344,HBB-B2
GO:0005344,HBB-BH1
GO:0005344,HBB-Y
GO:0005344,HBD
GO:0005344,HBE1
GO:0005344,HBG1
GO:0005344,HBG2
GO:0005344,HBZ
GO:0005355,SLC2A1
GO:0005385,SLC30A1
GO:0005385,SLC30A10
GO:0005385,SLC30A2
GO:0005385,SLC30A3
GO:0005385,SLC30A4
GO:0005385,SLC30A5
GO:0005385,SLC30A6
GO:0005385,SLC30A7
GO:0005385,SLC30A8
GO:0005391,ATP1A1
GO:0005391,ATP1B1
GO:0005391,FXYD1
GO:0005391,FXYD2
GO:0005391,FXYD3
GO:0005391,FXYD4
GO:0005391,FXYD5
GO:0005391,FXYD6
GO:0005391,FXYD7
GO:0005504,NCOA1
GO:0005504,NCOA2
GO:0005504,PPARG
GO:0005506,PPP4C
GO:0005506,PPP4R1
GO:0005506,PPP4R2
GO:0005506,PPP4R3A
GO:0005506,PPP4R4
GO:0005509,C1QA
GO:0005509,C1QB
GO:0005509,C1QC
GO:0005509,CACNA1C
GO:0005509,CACNA1S
GO:0005509,CACNB1
GO:0005509,CACNB2
GO:0005509,CACNB3
GO:0005509,CACNB4
GO:0005509,CACNG1
GO:0005509,CAPN1
GO:0005509,CAPN2
GO:0005509,CAPNS1
GO:0005509,CFH
GO:0005509,COL10A1
GO:0005509,COLEC10
GO:0005509,COLEC11
GO:0005509,COMP
GO:0005509,F13A1
GO:0005509,F13B
GO:0005509,FCN1
GO:0005509,FCN2
GO:0005509,FCN3
GO:0005509,GPIHBP1
GO:0005509,GRIN1
GO:0005509,GRIN2A
GO:0005509,GRIN2B
GO:0005509,GRIN2C
GO:0005509,GRIN2D
GO:0005509,KCND2
GO:0005509,KCND3
GO:0005509,KCNIP1
GO:0005509,KCNIP2
GO:0005509,LPL
GO:0005509,MATN1
GO:0005509,MATN2
GO:0005509,MATN3
GO:0005509,MATN4
GO:0005509,MBL2
GO:0005509,MCU
GO:0005509,MCUB
GO:0005509,MICU1
GO:0005509,MICU2
GO:0005509,MICU3
GO:0005509,NID1
GO:0005509,RYR1
GO:0005509,RYR2
GO:0005509,RYR3
GO:0005509,SLC30A10
GO:0005509,SMDT1
GO:0005509,THBD
GO:0005509,THBS1
GO:0005509,THBS2
GO:0005509,THBS3
GO:0005509,THBS4
GO:0005509,TNNC1
GO:0005509,TNNI3
GO:0005509,TNNT2
GO:0005516,RYR1
GO:0005516,RYR2
GO:0005516,RYR3
GO:0005518,COL14A1
GO:0005518,COMP
GO:0005518,NID1
GO:0005518,THBS3
GO:0005518,THBS4
GO:0005523,TNNC1
GO:0005523,TNNI3
GO:0005523,TNNT2
GO:0005524,ABCB8
GO:0005524,ABCC8
GO:0005524,ACTB
GO:0005524,ACTL6A
GO:0005524,ACTL6B
GO:0005524,ACTR2
GO:0005524,ACTR3
GO:0005524,ACTR3B
GO:0005524,ALYREF
GO:0005524,APAF1
GO:0005524,AQR
GO:0005524,ARID1A
GO:0005524,ARID1B
GO:0005524,ARID2
GO:0005524,ARPC1A
GO:0005524,ARPC1B
GO:0005524,ARPC2
GO:0005524,ARPC3
GO:0005524,ARPC4
GO:0005524,ARPC5
GO:0005524,ARPC5L
GO:0005524,ASCC1
GO:0005524,ASCC2
GO:0005524,ASCC3
GO:0005524,ATG101
GO:0005524,ATG13
GO:0005524,ATG14
GO:0005524,ATP10A
GO:0005524,ATP10B
GO:0005524,ATP10D
GO:0005524,ATP11A
GO:0005524,ATP11B
GO:0005524,ATP11C
GO:0005524,ATP1A1
GO:0005524,ATP1B1
GO:0005524,ATP4A
GO:0005524,ATP4B
GO:0005524,ATP8A1
GO:0005524,ATP8A2
GO:0005524,ATP8B1
GO:0005524,ATP8B2
GO:0005524,ATP8B3
GO:0005524,ATP8B4
GO:0005524,BAZ1B
GO:0005524,BCL7A
GO:0005524,BCL7B
GO:0005524,BCL7C
GO:0005524,BECN1
GO:0005524,BICRA
GO:0005524,BICRAL
GO:0005524,BPTF
GO:0005524,BRD7
GO:0005524,BRD8
GO:0005524,BRD9
GO:0005524,CALM1
GO:0005524,CALM2
GO:0005524,CALM3
GO:0005524,CAMLG
GO:0005524,CASC3
GO:0005524,CASP9
GO:0005524,CCDC51
GO:0005524,CCNC
GO:0005524,CCNH
GO:0005524,CCNK
GO:0005524,CDK12
GO:0005524,CDK7
GO:0005524,CDK8
GO:0005524,CHD3
GO:0005524,CHD4
GO:0005524,CLPP
GO:0005524,CLPX
GO:0005524,CSF2
GO:0005524,CSF2RA
GO:0005524,CSF2RB
GO:0005524,CYCS
GO:0005524,DAPK1
GO:0005524,DERL1
GO:0005524,DERL2
GO:0005524,DERL3
GO:0005524,DMAP1
GO:0005524,DNAAF2
GO:0005524,DNAJC15
GO:0005524,DNAJC19
GO:0005524,DPF1
GO:0005524,DPF2
GO:0005524,DPF3
GO:0005524,EIF4A3
GO:0005524,EP400
GO:0005524,EPC1
GO:0005524,EPC2
GO:0005524,ERCC2
GO:0005524,ERCC3
GO:0005524,FAF1
GO:0005524,FAF2
GO:0005524,FARSA
GO:0005524,FARSB
GO:0005524,FXYD1
GO:0005524,FXYD2
GO:0005524,FXYD3
GO:0005524,FXYD4
GO:0005524,FXYD5
GO:0005524,FXYD6
GO:0005524,FXYD7
GO:0005524,GATAD2A
GO:0005524,GATAD2B
GO:0005524,GATB
GO:0005524,GATC
GO:0005524,GCLC
GO:0005524,GCLM
GO:0005524,GET1
GO:0005524,GET3
GO:0005524,GRPEL1
GO:0005524,GRPEL2
GO:0005524,GTF2H1
GO:0005524,GTF2H2
GO:0005524,GTF2H2C
GO:0005524,GTF2H3
GO:0005524,GTF2H4
GO:0005524,GTF2H5
GO:0005524,HDAC1
GO:0005524,HDAC2
GO:0005524,HSPA9
GO:0005524,IL5
GO:0005524,IL5RA
GO:0005524,ING3
GO:0005524,ISY1
GO:0005524,ISY1-RAB43
GO:0005524,JAK1
GO:0005524,JAK2
GO:0005524,KAT5
GO:0005524,KCNJ11
GO:0005524,KIF3A
GO:0005524,KIF3B
GO:0005524,KIF3C
GO:0005524,KIFAP3
GO:0005524,MAGOH
GO:0005524,MAGOHB
GO:0005524,MAT1A
GO:0005524,MAT2A
GO:0005524,MAT2B
GO:0005524,MBD2
GO:0005524,MBD3
GO:0005524,MBTD1
GO:0005524,MCCC1
GO:0005524,MCCC2
GO:0005524,MEAF6
GO:0005524,MLH1
GO:0005524,MLH3
GO:0005524,MNAT1
GO:0005524,MORF4L1
GO:0005524,MORF4L2
GO:0005524,MRE11
GO:0005524,MRE11A
GO:0005524,MRGBP
GO:0005524,MSH2
GO:0005524,MSH3
GO:0005524,MSH6
GO:0005524,MTA1
GO:0005524,MTA2
GO:0005524,MTA3
GO:0005524,NAE1
GO:0005524,NBN
GO:0005524,NCAPD2
GO:0005524,NCAPD3
GO:0005524,NCAPG
GO:0005524,NCAPG2
GO:0005524,NCAPH
GO:0005524,NCAPH2
GO:0005524,NPLOC4
GO:0005524,NSFL1C
GO:0005524,PAM16
GO:0005524,PBRM1
GO:0005524,PHF10
GO:0005524,PIH1D1
GO:0005524,PIH1D2
GO:0005524,PIK3C3
GO:0005524,PIK3R4
GO:0005524,PLAA
GO:0005524,PMS1
GO:0005524,PMS2
GO:0005524,PPIE
GO:0005524,PRKAA1
GO:0005524,PRKAA2
GO:0005524,PRKAB1
GO:0005524,PRKAB2
GO:0005524,PRKAG1
GO:0005524,PRKAG2
GO:0005524,PRKAG3
GO:0005524,PRKDC
GO:0005524,QRSL1
GO:0005524,RAD17
GO:0005524,RAD50
GO:0005524,RB1CC1
GO:0005524,RBBP4
GO:0005524,RBBP7
GO:0005524,RBM8A
GO:0005524,RFC1
GO:0005524,RFC2
GO:0005524,RFC3
GO:0005524,RFC4
GO:0005524,RFC5
GO:0005524,ROMO1
GO:0005524,RPAP3
GO:0005524,RRM1
GO:0005524,RRM2
GO:0005524,RRM2B
GO:0005524,RUVBL1
GO:0005524,RUVBL2
GO:0005524,SAE1
GO:0005524,SMARCA1
GO:0005524,SMARCA2
GO:0005524,SMARCA4
GO:0005524,SMARCA5
GO:0005524,SMARCB1
GO:0005524,SMARCC1
GO:0005524,SMARCC2
GO:0005524,SMARCD1
GO:0005524,SMARCD2
GO:0005524,SMARCD3
GO:0005524,SMARCE1
GO:0005524,SMC2
GO:0005524,SMC4
GO:0005524,SPAG1
GO:0005524,SS18
GO:0005524,SUCLA2
GO:0005524,SUCLG1
GO:0005524,TGFBR1
GO:0005524,TGFBR2
GO:0005524,TIMM17A
GO:0005524,TIMM17B
GO:0005524,TIMM21
GO:0005524,TIMM23
GO:0005524,TIMM44
GO:0005524,TIMM50
GO:0005524,TMEM30A
GO:0005524,TMEM30B
GO:0005524,TRIP4
GO:0005524,TRRAP
GO:0005524,TYK2
GO:0005524,UBA2
GO:0005524,UBA3
GO:0005524,UBXN1
GO:0005524,UBXN7
GO:0005524,UFD1
GO:0005524,ULK1
GO:0005524,UVRAG
GO:0005524,VCP
GO:0005524,VPS4A
GO:0005524,VPS4B
GO:0005524,VPS72
GO:0005524,XAB2
GO:0005524,XRCC5
GO:0005524,XRCC6
GO:0005524,YEATS4
GO:0005524,ZNF830
GO:0005525,AURKAIP1
GO:0005525,CHCHD1
GO:0005525,DAP3
GO:0005525,EIF2S1
GO:0005525,EIF2S2
GO:0005525,EIF2S3
GO:0005525,MRPS10
GO:0005525,MRPS11
GO:0005525,MRPS12
GO:0005525,MRPS14
GO:0005525,MRPS15
GO:0005525,MRPS16
GO:0005525,MRPS17
GO:0005525,MRPS18B
GO:0005525,MRPS18C
GO:0005525,MRPS2
GO:0005525,MRPS21
GO:0005525,MRPS22
GO:0005525,MRPS23
GO:0005525,MRPS24
GO:0005525,MRPS25
GO:0005525,MRPS26
GO:0005525,MRPS27
GO:0005525,MRPS28
GO:0005525,MRPS31
GO:0005525,MRPS33
GO:0005525,MRPS34
GO:0005525,MRPS35
GO:0005525,MRPS5
GO:0005525,MRPS6
GO:0005525,MRPS7
GO:0005525,MRPS9
GO:0005525,PTCD3
GO:0005525,SUCLG1
GO:0005525,SUCLG2
GO:0005536,PDZK1IP1
GO:0005536,SLC2A1
GO:0005536,SLC5A2
GO:0005544,AHNAK
GO:0005544,ANXA2
GO:0005544,S100A10
GO:0005546,ACTB
GO:0005546,ACTL6A
GO:0005546,ACTL6B
GO:0005546,ARID1A
GO:0005546,ARID1B
GO:0005546,ARID2
GO:0005546,BCL7A
GO:0005546,BCL7B
GO:0005546,BCL7C
GO:0005546,BRD7
GO:0005546,DPF1
GO:0005546,DPF2
GO:0005546,DPF3
GO:0005546,EXOC1
GO:0005546,EXOC2
GO:0005546,EXOC3
GO:0005546,EXOC4
GO:0005546,EXOC5
GO:0005546,EXOC6
GO:0005546,EXOC6B
GO:0005546,EXOC7
GO:0005546,EXOC8
GO:0005546,PBRM1
GO:0005546,PHF10
GO:0005546,SMARCA2
GO:0005546,SMARCA4
GO:0005546,SMARCB1
GO:0005546,SMARCC1
GO:0005546,SMARCC2
GO:0005546,SMARCD1
GO:0005546,SMARCD2
GO:0005546,SMARCD3
GO:0005546,SMARCE1
GO:0005547,PTEN
GO:0005576,C1QA
GO:0005576,C1QB
GO:0005576,C1QC
GO:0005576,EBI3
GO:0005576,IL10
GO:0005576,IL26
GO:0005576,IL27
GO:0005576,TNFRSF11B
GO:0005577,FGA
GO:0005577,FGB
GO:0005577,FGG
GO:0005577,FN1
GO:0005579,C6
GO:0005579,C7
GO:0005579,C8A
GO:0005579,C8B
GO:0005579,C8G
GO:0005579,C9
GO:0005582,COL15A1
GO:0005584,COL1A1
GO:0005584,COL1A2
GO:0005585,COL2A1
GO:0005586,COL3A1
GO:0005587,COL4A1
GO:0005587,COL4A2
GO:0005587,COL4A3
GO:0005587,COL4A4
GO:0005587,COL4A5
GO:0005587,COL4A6
GO:0005588,COL5A1
GO:0005588,COL5A2
GO:0005588,COL5A3
GO:0005589,COL6A1
GO:0005589,COL6A2
GO:0005589,COL6A3
GO:0005590,COL7A1
GO:0005591,COL8A1
GO:0005591,COL8A2
GO:0005592,COL11A1
GO:0005592,COL11A2
GO:0005592,COL2A1
GO:0005592,COL5A1
GO:0005592,COL5A2
GO:0005594,COL9A1
GO:0005594,COL9A2
GO:0005594,COL9A3
GO:0005595,COL12A1
GO:0005596,COL14A1
GO:0005597,COL16A1
GO:0005599,COL10A1
GO:0005600,COL13A1
GO:0005604,NID1
GO:0005604,TNC
GO:0005606,LAMA1
GO:0005606,LAMB1
GO:0005606,LAMC1
GO:0005607,LAMA2
GO:0005607,LAMB1
GO:0005607,LAMC1
GO:0005608,LAMA1
GO:0005608,LAMB2
GO:0005608,LAMC1
GO:0005609,LAMA2
GO:0005609,LAMB2
GO:0005609,LAMC1
GO:0005610,LAMB3
GO:0005610,LAMC2
GO:0005611,LAMB1
GO:0005611,LAMC1
GO:0005612,LAMB2
GO:0005612,LAMC1
GO:0005615,CD4
GO:0005615,CFH
GO:0005615,COLEC10
GO:0005615,COLEC11
GO:0005615,F13A1
GO:0005615,F13B
GO:0005615,FCN1
GO:0005615,FCN2
GO:0005615,FCN3
GO:0005615,FN1
GO:0005615,IL17A
GO:0005615,IL17B
GO:0005615,IL17C
GO:0005615,IL17F
GO:0005615,IL1R1
GO:0005615,IL1RL2
GO:0005615,IL1RN
GO:0005615,IL22
GO:0005615,IL22RA2
GO:0005615,IL25
GO:0005615,IL37
GO:0005615,IL5
GO:0005615,MBL2
GO:0005615,RELN
GO:0005615,TNFRSF6B
GO:0005615,TNFSF14
GO:0005615,VEGFB
GO:0005615,VEGFC
GO:0005634,A1CF
GO:0005634,ABRAXAS1
GO:0005634,ACIN1
GO:0005634,AEBP2
GO:0005634,AFG2A
GO:0005634,AFG2B
GO:0005634,AIRIM
GO:0005634,APLF
GO:0005634,APOBEC1
GO:0005634,APTX
GO:0005634,ARID4A
GO:0005634,ARID4B
GO:0005634,ARNT
GO:0005634,ASCC1
GO:0005634,ASCC2
GO:0005634,ASCC3
GO:0005634,ATF1
GO:0005634,ATF2
GO:0005634,ATF3
GO:0005634,ATF4
GO:0005634,ATF5
GO:0005634,ATF6
GO:0005634,ATF6B
GO:0005634,ATF7
GO:0005634,ATR
GO:0005634,ATRIP
GO:0005634,BABAM1
GO:0005634,BABAM2
GO:0005634,BACH1
GO:0005634,BACH2
GO:0005634,BARD1
GO:0005634,BATF
GO:0005634,BATF2
GO:0005634,BATF3
GO:0005634,BAZ1A
GO:0005634,BAZ1B
GO:0005634,BCLAF1
GO:0005634,BDP1
GO:0005634,BIN1
GO:0005634,BLM
GO:0005634,BMAL1
GO:0005634,BMAL2
GO:0005634,BOLA2
GO:0005634,BOLA2B
GO:0005634,BPTF
GO:0005634,BRCA1
GO:0005634,BRCA2
GO:0005634,BRCC3
GO:0005634,BRD1
GO:0005634,BRF1
GO:0005634,BRF2
GO:0005634,BRIP1
GO:0005634,BRMS1
GO:0005634,BRMS1L
GO:0005634,BRPF1
GO:0005634,BRPF3
GO:0005634,BUD13
GO:0005634,BUD23
GO:0005634,C2ORF49
GO:0005634,CBLL1
GO:0005634,CBX3
GO:0005634,CBX3-PS5
GO:0005634,CCNT1
GO:0005634,CDC45
GO:0005634,CDC73
GO:0005634,CDK9
GO:0005634,CDT1
GO:0005634,CEBPA
GO:0005634,CEBPB
GO:0005634,CEBPD
GO:0005634,CEBPE
GO:0005634,CEBPG
GO:0005634,CENPC
GO:0005634,CENPC1
GO:0005634,CENPH
GO:0005634,CENPI
GO:0005634,CENPK
GO:0005634,CENPL
GO:0005634,CENPM
GO:0005634,CENPN
GO:0005634,CENPO
GO:0005634,CENPP
GO:0005634,CENPQ
GO:0005634,CENPS
GO:0005634,CENPS-CORT
GO:0005634,CENPT
GO:0005634,CENPU
GO:0005634,CENPW
GO:0005634,CENPX
GO:0005634,CINP
GO:0005634,CLNS1A
GO:0005634,CLOCK
GO:0005634,COPS2
GO:0005634,COPS3
GO:0005634,COPS4
GO:0005634,COPS5
GO:0005634,COPS6
GO:0005634,COPS7A
GO:0005634,COPS7B
GO:0005634,COPS8
GO:0005634,CPSF2
GO:0005634,CPSF3
GO:0005634,CRCP
GO:0005634,CREB1
GO:0005634,CREB3
GO:0005634,CREBZF
GO:0005634,CSTF2
GO:0005634,CTNNB1
GO:0005634,CTR9
GO:0005634,CUL4A
GO:0005634,CUL4B
GO:0005634,DBP
GO:0005634,DDB1
GO:0005634,DDB2
GO:0005634,DDIT3
GO:0005634,DDX1
GO:0005634,DDX23
GO:0005634,DDX46
GO:0005634,DFFA
GO:0005634,DFFB
GO:0005634,DIS3
GO:0005634,DNMT3A
GO:0005634,DNMT3B
GO:0005634,DNMT3L
GO:0005634,DR1
GO:0005634,DRAP1
GO:0005634,DSN1
GO:0005634,E2F1
GO:0005634,E2F4
GO:0005634,E2F5
GO:0005634,E2F6
GO:0005634,EED
GO:0005634,EFTUD2
GO:0005634,EPC1
GO:0005634,EPOP
GO:0005634,ESR1
GO:0005634,EXOSC1
GO:0005634,EXOSC10
GO:0005634,EXOSC2
GO:0005634,EXOSC3
GO:0005634,EXOSC4
GO:0005634,EXOSC5
GO:0005634,EXOSC6
GO:0005634,EXOSC7
GO:0005634,EXOSC8
GO:0005634,EXOSC9
GO:0005634,EZH1
GO:0005634,EZH2
GO:0005634,FAM98A
GO:0005634,FAM98B
GO:0005634,FOS
GO:0005634,FOSL1
GO:0005634,FOSL2
GO:0005634,FOXM1
GO:0005634,FOXO3
GO:0005634,FOXP1
GO:0005634,FOXP2
GO:0005634,FOXP4
GO:0005634,FRAT1
GO:0005634,FRAT2
GO:0005634,GINS1
GO:0005634,GINS2
GO:0005634,GINS3
GO:0005634,GINS4
GO:0005634,GLRX3
GO:0005634,GMNN
GO:0005634,GPS1
GO:0005634,GSK3B
GO:0005634,GTF2A1
GO:0005634,GTF2A2
GO:0005634,GTF2B
GO:0005634,GTF2E1
GO:0005634,GTF2E2
GO:0005634,GTF3C1
GO:0005634,GTF3C2
GO:0005634,GTF3C3
GO:0005634,GTF3C4
GO:0005634,GTF3C5
GO:0005634,GTF3C6
GO:0005634,HDAC1
GO:0005634,HDAC2
GO:0005634,HIF1A
GO:0005634,HLF
GO:0005634,HNRNPAB
GO:0005634,HTATSF1
GO:0005634,IL37
GO:0005634,ING1
GO:0005634,ING2
GO:0005634,ING3
GO:0005634,ING5
GO:0005634,INIP
GO:0005634,INTS1
GO:0005634,INTS10
GO:0005634,INTS11
GO:0005634,INTS12
GO:0005634,INTS13
GO:0005634,INTS14
GO:0005634,INTS2
GO:0005634,INTS3
GO:0005634,INTS4
GO:0005634,INTS5
GO:0005634,INTS6
GO:0005634,INTS7
GO:0005634,INTS8
GO:0005634,INTS9
GO:0005634,ITGB3BP
GO:0005634,JARID2
GO:0005634,JDP2
GO:0005634,JUN
GO:0005634,JUNB
GO:0005634,JUND
GO:0005634,KAT5
GO:0005634,KAT6A
GO:0005634,KAT6B
GO:0005634,KAT8
GO:0005634,L3MBTL1
GO:0005634,LAS1L
GO:0005634,LCOR
GO:0005634,LEF1
GO:0005634,LEO1
GO:0005634,LIG3
GO:0005634,LIG4
GO:0005634,LIN37
GO:0005634,LIN52
GO:0005634,LIN54
GO:0005634,LIN9
GO:0005634,LOC118568054
GO:0005634,LOC118568056
GO:0005634,LOC124907841
GO:0005634,LSM2
GO:0005634,LSM3
GO:0005634,LSM4
GO:0005634,LSM5
GO:0005634,LSM6
GO:0005634,LSM7
GO:0005634,LSM8
GO:0005634,MAF
GO:0005634,MAFB
GO:0005634,MAFF
GO:0005634,MAFG
GO:0005634,MAFK
GO:0005634,MAGOH
GO:0005634,MAGOHB
GO:0005634,MAML1
GO:0005634,MAU2
GO:0005634,MAX
GO:0005634,MCIDAS
GO:0005634,MCM8
GO:0005634,MCM9
GO:0005634,MDN1
GO:0005634,MEAF6
GO:0005634,MED1
GO:0005634,MED10
GO:0005634,MED11
GO:0005634,MED14
GO:0005634,MED15
GO:0005634,MED16
GO:0005634,MED17
GO:0005634,MED18
GO:0005634,MED19
GO:0005634,MED20
GO:0005634,MED21
GO:0005634,MED22
GO:0005634,MED23
GO:0005634,MED24
GO:0005634,MED25
GO:0005634,MED26
GO:0005634,MED27
GO:0005634,MED28
GO:0005634,MED29
GO:0005634,MED30
GO:0005634,MED31
GO:0005634,MED4
GO:0005634,MED6
GO:0005634,MED7
GO:0005634,MED8
GO:0005634,MED9
GO:0005634,METTL14
GO:0005634,METTL3
GO:0005634,METTL5
GO:0005634,MGA
GO:0005634,MIS12
GO:0005634,MLH1
GO:0005634,MLH3
GO:0005634,MLX
GO:0005634,MLXIP
GO:0005634,MLXIPL
GO:0005634,MNT
GO:0005634,MSL1
GO:0005634,MSL2
GO:0005634,MSL3
GO:0005634,MTF2
GO:0005634,MTREX
GO:0005634,MXD1
GO:0005634,MXD3
GO:0005634,MXD4
GO:0005634,MXI1
GO:0005634,MYB
GO:0005634,MYBL2
GO:0005634,MYC
GO:0005634,MYCL
GO:0005634,MYCN
GO:0005634,N6AMT1
GO:0005634,NABP1
GO:0005634,NABP2
GO:0005634,NCBP1
GO:0005634,NCBP2
GO:0005634,NCBP3
GO:0005634,NCOA2
GO:0005634,NELFA
GO:0005634,NELFCD
GO:0005634,NELFE
GO:0005634,NFATC2
GO:0005634,NFE2
GO:0005634,NFE2L2
GO:0005634,NFE2L3
GO:0005634,NFIL3
GO:0005634,NIPBL
GO:0005634,NOL9
GO:0005634,NOTCH1
GO:0005634,NSL1
GO:0005634,NXF1
GO:0005634,NXF2
GO:0005634,NXF2B
GO:0005634,NXF3
GO:0005634,NXT1
GO:0005634,NXT2
GO:0005634,OGT
GO:0005634,ORC1
GO:0005634,ORC2
GO:0005634,ORC3
GO:0005634,ORC4
GO:0005634,ORC5
GO:0005634,ORC6
GO:0005634,PABPN1
GO:0005634,PAF1
GO:0005634,PALB2
GO:0005634,PCNA
GO:0005634,PEG12
GO:0005634,PELP1
GO:0005634,PHF1
GO:0005634,PHF19
GO:0005634,PHF5A
GO:0005634,PMF1
GO:0005634,PMF1-BGLAP
GO:0005634,PMS1
GO:0005634,PMS2
GO:0005634,PNKP
GO:0005634,PNN
GO:0005634,POLB
GO:0005634,POLR1A
GO:0005634,POLR1B
GO:0005634,POLR1C
GO:0005634,POLR1D
GO:0005634,POLR1E
GO:0005634,POLR1F
GO:0005634,POLR1G
GO:0005634,POLR1H
GO:0005634,POLR2A
GO:0005634,POLR2B
GO:0005634,POLR2C
GO:0005634,POLR2D
GO:0005634,POLR2E
GO:0005634,POLR2F
GO:0005634,POLR2G
GO:0005634,POLR2H
GO:0005634,POLR2I
GO:0005634,POLR2J
GO:0005634,POLR2K
GO:0005634,POLR2L
GO:0005634,POLR2M
GO:0005634,POLR3A
GO:0005634,POLR3B
GO:0005634,POLR3C
GO:0005634,POLR3D
GO:0005634,POLR3E
GO:0005634,POLR3F
GO:0005634,POLR3G
GO:0005634,POLR3GL
GO:0005634,POLR3H
GO:0005634,POLR3K
GO:0005634,POP1
GO:0005634,POP4
GO:0005634,POP5
GO:0005634,POP7
GO:0005634,PRKAA2
GO:0005634,PRKAB1
GO:0005634,PRKAG1
GO:0005634,PRMT5
GO:0005634,PRPF31
GO:0005634,PRPF4
GO:0005634,PRPF6
GO:0005634,PRPF8
GO:0005634,PSMA1
GO:0005634,PSMA2
GO:0005634,PSMA3
GO:0005634,PSMA4
GO:0005634,PSMA5
GO:0005634,PSMA6
GO:0005634,PSMA7
GO:0005634,PSMB1
GO:0005634,PSMB10
GO:0005634,PSMB2
GO:0005634,PSMB3
GO:0005634,PSMB4
GO:0005634,PSMB5
GO:0005634,PSMB6
GO:0005634,PSMB7
GO:0005634,PSMB8
GO:0005634,PSMB9
GO:0005634,PSME3
GO:0005634,PSME4
GO:0005634,RAD21
GO:0005634,RAD21L1
GO:0005634,RAD51
GO:0005634,RAMAC
GO:0005634,RB1
GO:0005634,RBBP4
GO:0005634,RBBP7
GO:0005634,RBBP8
GO:0005634,RBL1
GO:0005634,RBL2
GO:0005634,RBM26
GO:0005634,RBM27
GO:0005634,RBM42
GO:0005634,RBM7
GO:0005634,RBM8A
GO:0005634,RBMX2
GO:0005634,RBPJ
GO:0005634,RBX1
GO:0005634,REC8
GO:0005634,RFX5
GO:0005634,RFXANK
GO:0005634,RFXAP
GO:0005634,RMI1
GO:0005634,RMI2
GO:0005634,RNMT
GO:0005634,RNPS1
GO:0005634,RPP14
GO:0005634,RPP21
GO:0005634,RPP25
GO:0005634,RPP30
GO:0005634,RPP38
GO:0005634,RPP40
GO:0005634,RSF1
GO:0005634,RTCB
GO:0005634,RTF1
GO:0005634,RTRAF
GO:0005634,SAP130
GO:0005634,SAP18
GO:0005634,SAP30
GO:0005634,SAP30L
GO:0005634,SART1
GO:0005634,SENP3
GO:0005634,SF1
GO:0005634,SF3A1
GO:0005634,SF3A2
GO:0005634,SF3A3
GO:0005634,SF3B1
GO:0005634,SF3B2
GO:0005634,SF3B3
GO:0005634,SF3B4
GO:0005634,SF3B5
GO:0005634,SF3B6
GO:0005634,SIN3A
GO:0005634,SIN3B
GO:0005634,SINHCAF
GO:0005634,SKIC8
GO:0005634,SMAD3
GO:0005634,SMARCA1
GO:0005634,SMARCA5
GO:0005634,SMC1A
GO:0005634,SMC1B
GO:0005634,SMC3
GO:0005634,SNIP1
GO:0005634,SNRNP200
GO:0005634,SNRNP27
GO:0005634,SNRNP40
GO:0005634,SNRNP70
GO:0005634,SNRPA
GO:0005634,SNRPA1
GO:0005634,SNRPB
GO:0005634,SNRPB2
GO:0005634,SNRPC
GO:0005634,SNRPD1
GO:0005634,SNRPD2
GO:0005634,SNRPD3
GO:0005634,SNRPE
GO:0005634,SNRPF
GO:0005634,SNRPG
GO:0005634,SNU13
GO:0005634,SNW1
GO:0005634,SSRP1
GO:0005634,STAG1
GO:0005634,STAG2
GO:0005634,STAG3
GO:0005634,SUDS3
GO:0005634,SUPT16
GO:0005634,SUPT16H
GO:0005634,SUPT4H1
GO:0005634,SUPT5H
GO:0005634,SUZ12
GO:0005634,SYMPK
GO:0005634,TAF1
GO:0005634,TAF10
GO:0005634,TAF11
GO:0005634,TAF12
GO:0005634,TAF13
GO:0005634,TAF2
GO:0005634,TAF3
GO:0005634,TAF4
GO:0005634,TAF4B
GO:0005634,TAF5
GO:0005634,TAF6
GO:0005634,TAF7
GO:0005634,TAF8
GO:0005634,TAF9
GO:0005634,TBP
GO:0005634,TDP1
GO:0005634,TEAD1
GO:0005634,TELO2
GO:0005634,TENT4A
GO:0005634,TENT4B
GO:0005634,TET1
GO:0005634,TEX10
GO:0005634,TFDP1
GO:0005634,TFDP2
GO:0005634,THRAP3
GO:0005634,THUMPD2
GO:0005634,TIMELESS
GO:0005634,TIPIN
GO:0005634,TOP3A
GO:0005634,TOP3B
GO:0005634,TOPBP1
GO:0005634,TRMT112
GO:0005634,TRMT6
GO:0005634,TRMT61A
GO:0005634,TTI1
GO:0005634,TTI2
GO:0005634,TXNL4A
GO:0005634,U2AF2
GO:0005634,UBE2N
GO:0005634,UBE2V2
GO:0005634,UIMC1
GO:0005634,USP12
GO:0005634,USP39
GO:0005634,VIRMA
GO:0005634,WDR18
GO:0005634,WDR20
GO:0005634,WDR48
GO:0005634,WDR77
GO:0005634,WTAP
GO:0005634,XBP1
GO:0005634,XRCC1
GO:0005634,XRCC4
GO:0005634,YAP1
GO:0005634,ZBTB8OS
GO:0005634,ZC3H13
GO:0005634,ZC3H3
GO:0005634,ZCCHC7
GO:0005634,ZCCHC8
GO:0005634,ZFC3H1
GO:0005635,AAAS
GO:0005635,AHCTF1
GO:0005635,GLE1
GO:0005635,NDC1
GO:0005635,NUP107
GO:0005635,NUP133
GO:0005635,NUP153
GO:0005635,NUP155
GO:0005635,NUP160
GO:0005635,NUP188
GO:0005635,NUP205
GO:0005635,NUP210
GO:0005635,NUP214
GO:0005635,NUP35
GO:0005635,NUP37
GO:0005635,NUP42
GO:0005635,NUP43
GO:0005635,NUP50
GO:0005635,NUP54
GO:0005635,NUP58
GO:0005635,NUP62
GO:0005635,NUP85
GO:0005635,NUP88
GO:0005635,NUP93
GO:0005635,POM121
GO:0005635,RAE1
GO:0005635,RANBP2
GO:0005635,SEC13
GO:0005635,SEH1L
GO:0005635,TPR
GO:0005643,AAAS
GO:0005643,AHCTF1
GO:0005643,CHMP1A
GO:0005643,CHMP1B
GO:0005643,CHMP1B2
GO:0005643,CHMP2A
GO:0005643,CHMP2B
GO:0005643,CHMP3
GO:0005643,CHMP4A
GO:0005643,CHMP4B
GO:0005643,CHMP4C
GO:0005643,CHMP5
GO:0005643,CHMP6
GO:0005643,CHMP7
GO:0005643,GLE1
GO:0005643,NDC1
GO:0005643,NUP107
GO:0005643,NUP133
GO:0005643,NUP153
GO:0005643,NUP155
GO:0005643,NUP160
GO:0005643,NUP188
GO:0005643,NUP205
GO:0005643,NUP210
GO:0005643,NUP214
GO:0005643,NUP35
GO:0005643,NUP37
GO:0005643,NUP42
GO:0005643,NUP43
GO:0005643,NUP50
GO:0005643,NUP54
GO:0005643,NUP58
GO:0005643,NUP62
GO:0005643,NUP85
GO:0005643,NUP88
GO:0005643,NUP93
GO:0005643,POM121
GO:0005643,RAE1
GO:0005643,RANBP2
GO:0005643,RANGAP1
GO:0005643,RNF103-CHMP3
GO:0005643,SEC13
GO:0005643,SEH1L
GO:0005643,TPR
GO:0005643,UBE2I
GO:0005643,VPS4A
GO:0005643,VPS4B
GO:0005654,ING4
GO:0005654,ING5
GO:0005654,JADE1
GO:0005654,JADE2
GO:0005654,JADE3
GO:0005654,KAT7
GO:0005654,KPNA1
GO:0005654,KPNA2
GO:0005654,KPNA3
GO:0005654,KPNA4
GO:0005654,KPNA5
GO:0005654,KPNA6
GO:0005654,KPNA7
GO:0005654,KPNB1
GO:0005654,MEAF6
GO:0005654,SNUPN
GO:0005655,POP1
GO:0005655,POP4
GO:0005655,POP5
GO:0005655,POP7
GO:0005655,RPP14
GO:0005655,RPP21
GO:0005655,RPP25
GO:0005655,RPP30
GO:0005655,RPP38
GO:0005655,RPP40
GO:0005657,RAD51B
GO:0005657,RAD51C
GO:0005657,RAD51D
GO:0005657,XRCC2
GO:0005658,POLA1
GO:0005658,POLA2
GO:0005658,PRIM1
GO:0005658,PRIM2
GO:0005662,RPA1
GO:0005662,RPA2
GO:0005662,RPA3
GO:0005662,RPA4
GO:0005663,RFC1
GO:0005663,RFC2
GO:0005663,RFC3
GO:0005663,RFC4
GO:0005663,RFC5
GO:0005664,ORC1
GO:0005664,ORC2
GO:0005664,ORC3
GO:0005664,ORC4
GO:0005664,ORC5
GO:0005664,ORC6
GO:0005665,POLR2A
GO:0005665,POLR2B
GO:0005665,POLR2C
GO:0005665,POLR2D
GO:0005665,POLR2E
GO:0005665,POLR2F
GO:0005665,POLR2G
GO:0005665,POLR2H
GO:0005665,POLR2I
GO:0005665,POLR2J
GO:0005665,POLR2K
GO:0005665,POLR2L
GO:0005665,POLR2M
GO:0005666,CRCP
GO:0005666,POLR1C
GO:0005666,POLR1D
GO:0005666,POLR2E
GO:0005666,POLR2F
GO:0005666,POLR2H
GO:0005666,POLR2K
GO:0005666,POLR2L
GO:0005666,POLR3A
GO:0005666,POLR3B
GO:0005666,POLR3C
GO:0005666,POLR3D
GO:0005666,POLR3E
GO:0005666,POLR3F
GO:0005666,POLR3G
GO:0005666,POLR3GL
GO:0005666,POLR3H
GO:0005666,POLR3K
GO:0005667,ESR1
GO:0005667,FOXP1
GO:0005667,FOXP2
GO:0005667,FOXP3
GO:0005667,FOXP4
GO:0005667,NCOA1
GO:0005667,NCOA2
GO:0005667,NKX2-1
GO:0005667,NR1I2
GO:0005667,RARA
GO:0005667,RXRA
GO:0005667,SMAD3
GO:0005668,TAF1A
GO:0005668,TAF1B
GO:0005668,TAF1C
GO:0005668,TAF1D
GO:0005668,TBP
GO:0005669,TAF1
GO:0005669,TAF10
GO:0005669,TAF11
GO:0005669,TAF12
GO:0005669,TAF13
GO:0005669,TAF2
GO:0005669,TAF3
GO:0005669,TAF4
GO:0005669,TAF4B
GO:0005669,TAF5
GO:0005669,TAF6
GO:0005669,TAF7
GO:0005669,TAF8
GO:0005669,TAF9
GO:0005669,TBP
GO:0005672,GTF2A1
GO:0005672,GTF2A2
GO:0005673,GTF2E1
GO:0005673,GTF2E2
GO:0005674,GTF2F1
GO:0005674,GTF2F2
GO:0005675,CCNH
GO:0005675,CDK7
GO:0005675,ERCC2
GO:0005675,ERCC3
GO:0005675,GTF2H1
GO:0005675,GTF2H2
GO:0005675,GTF2H2C
GO:0005675,GTF2H3
GO:0005675,GTF2H4
GO:0005675,GTF2H5
GO:0005675,MNAT1
GO:0005680,ANAPC1
GO:0005680,ANAPC10
GO:0005680,ANAPC11
GO:0005680,ANAPC13
GO:0005680,ANAPC15
GO:0005680,ANAPC16
GO:0005680,ANAPC2
GO:0005680,ANAPC4
GO:0005680,ANAPC5
GO:0005680,ANAPC7
GO:0005680,CDC16
GO:0005680,CDC20
GO:0005680,CDC23
GO:0005680,CDC26
GO:0005680,CDC27
GO:0005680,FZR1
GO:0005681,AQR
GO:0005681,BCAS2
GO:0005681,BUD13
GO:0005681,CDC5L
GO:0005681,CTNNBL1
GO:0005681,CWC15
GO:0005681,DDX46
GO:0005681,HSPA8
GO:0005681,HTATSF1
GO:0005681,ISY1
GO:0005681,ISY1-RAB43
GO:0005681,LOC102724594
GO:0005681,PHF5A
GO:0005681,PLRG1
GO:0005681,PPIE
GO:0005681,PRPF19
GO:0005681,RBMX2
GO:0005681,SF1
GO:0005681,SF3A1
GO:0005681,SF3A2
GO:0005681,SF3A3
GO:0005681,SF3B1
GO:0005681,SF3B2
GO:0005681,SF3B3
GO:0005681,SF3B4
GO:0005681,SF3B5
GO:0005681,SF3B6
GO:0005681,SNIP1
GO:0005681,SNRNP70
GO:0005681,SNRPA
GO:0005681,SNRPA1
GO:0005681,SNRPB
GO:0005681,SNRPB2
GO:0005681,SNRPC
GO:0005681,SNRPD1
GO:0005681,SNRPD2
GO:0005681,SNRPD3
GO:0005681,SNRPE
GO:0005681,SNRPF
GO:0005681,SNRPG
GO:0005681,U2AF1
GO:0005681,U2AF2
GO:0005681,XAB2
GO:0005681,ZNF830
GO:0005682,SNRPB
GO:0005682,SNRPD1
GO:0005682,SNRPD2
GO:0005682,SNRPD3
GO:0005682,SNRPE
GO:0005682,SNRPF
GO:0005682,SNRPG
GO:0005683,LSM10
GO:0005683,LSM11
GO:0005683,SNRPB
GO:0005683,SNRPD3
GO:0005683,SNRPE
GO:0005683,SNRPF
GO:0005683,SNRPG
GO:0005684,PHF5A
GO:0005684,SF3A1
GO:0005684,SF3A2
GO:0005684,SF3A3
GO:0005684,SF3B1
GO:0005684,SF3B2
GO:0005684,SF3B3
GO:0005684,SF3B4
GO:0005684,SF3B5
GO:0005684,SF3B6
GO:0005685,SNRNP70
GO:0005685,SNRPA
GO:0005685,SNRPB
GO:0005685,SNRPC
GO:0005685,SNRPD1
GO:0005685,SNRPD2
GO:0005685,SNRPD3
GO:0005685,SNRPE
GO:0005685,SNRPF
GO:0005685,SNRPG
GO:0005686,BUD13
GO:0005686,DDX46
GO:0005686,HTATSF1
GO:0005686,PHF5A
GO:0005686,RBMX2
GO:0005686,SF3A1
GO:0005686,SF3A2
GO:0005686,SF3A3
GO:0005686,SF3B1
GO:0005686,SF3B2
GO:0005686,SF3B3
GO:0005686,SF3B4
GO:0005686,SF3B5
GO:0005686,SF3B6
GO:0005686,SNIP1
GO:0005686,SNRPA1
GO:0005686,SNRPB
GO:0005686,SNRPB2
GO:0005686,SNRPD1
GO:0005686,SNRPD2
GO:0005686,SNRPD3
GO:0005686,SNRPE
GO:0005686,SNRPF
GO:0005686,SNRPG
GO:0005687,SNRPB
GO:0005687,SNRPD1
GO:0005687,SNRPD2
GO:0005687,SNRPD3
GO:0005687,SNRPE
GO:0005687,SNRPF
GO:0005687,SNRPG
GO:0005697,DKC1
GO:0005697,GAR1
GO:0005697,NHP2
GO:0005697,NOP10
GO:0005697,TERT
GO:0005697,WRAP53
GO:0005721,BAZ1A
GO:0005721,BAZ1B
GO:0005721,CHRAC1
GO:0005721,POLE3
GO:0005721,SMARCA5
GO:0005730,AATF
GO:0005730,BAZ1B
GO:0005730,BAZ2A
GO:0005730,BMS1
GO:0005730,C1ORF131
GO:0005730,CASP1
GO:0005730,CASP2
GO:0005730,CRADD
GO:0005730,DCAF13
GO:0005730,DDX21
GO:0005730,DEK
GO:0005730,DNTTIP2
GO:0005730,EMG1
GO:0005730,ERCC6
GO:0005730,EXOSC1
GO:0005730,EXOSC10
GO:0005730,EXOSC2
GO:0005730,EXOSC3
GO:0005730,EXOSC4
GO:0005730,EXOSC5
GO:0005730,EXOSC6
GO:0005730,EXOSC7
GO:0005730,EXOSC8
GO:0005730,EXOSC9
GO:0005730,FBL
GO:0005730,FCF1
GO:0005730,FGF12
GO:0005730,IMP3
GO:0005730,IMP4
GO:0005730,KRR1
GO:0005730,MPHOSPH10
GO:0005730,MYBBP1A
GO:0005730,NAT10
GO:0005730,NGDN
GO:0005730,NLRP1
GO:0005730,NOC4L
GO:0005730,NOL6
GO:0005730,NOLC1
GO:0005730,NOP14
GO:0005730,NOP56
GO:0005730,NOP58
GO:0005730,PIDD1
GO:0005730,PNO1
GO:0005730,PYCARD
GO:0005730,RCL1
GO:0005730,RRP7A
GO:0005730,RRP8
GO:0005730,RRP9
GO:0005730,SF3B1
GO:0005730,SIRT1
GO:0005730,SMARCA5
GO:0005730,SNU13
GO:0005730,SUV39H1
GO:0005730,TCOF1
GO:0005730,UTP11
GO:0005730,UTP14A
GO:0005730,UTP20
GO:0005730,UTP3
GO:0005730,WDR46
GO:0005736,POLR1A
GO:0005736,POLR1B
GO:0005736,POLR1C
GO:0005736,POLR1D
GO:0005736,POLR1E
GO:0005736,POLR1F
GO:0005736,POLR1G
GO:0005736,POLR1H
GO:0005736,POLR2E
GO:0005736,POLR2F
GO:0005736,POLR2H
GO:0005736,POLR2K
GO:0005736,POLR2L
GO:0005737,ABRAXAS2
GO:0005737,AIM2
GO:0005737,AIMP1
GO:0005737,AIMP2
GO:0005737,ALKBH8
GO:0005737,BABAM1
GO:0005737,BABAM2
GO:0005737,BOLA2
GO:0005737,BOLA2B
GO:0005737,BRCC3
GO:0005737,BTF3
GO:0005737,C2ORF49
GO:0005737,CAB39
GO:0005737,CAB39L
GO:0005737,CASP1
GO:0005737,CENPJ
GO:0005737,CIAO1
GO:0005737,CIAO2A
GO:0005737,CIAO2B
GO:0005737,CIAO3
GO:0005737,COPS2
GO:0005737,COPS3
GO:0005737,COPS4
GO:0005737,COPS5
GO:0005737,COPS6
GO:0005737,COPS7A
GO:0005737,COPS7B
GO:0005737,COPS8
GO:0005737,DARS1
GO:0005737,DDX1
GO:0005737,DERL1
GO:0005737,DMWD
GO:0005737,EEF1E1
GO:0005737,EPRS1
GO:0005737,ETF1
GO:0005737,FAM98A
GO:0005737,FAM98B
GO:0005737,FARSA
GO:0005737,FARSB
GO:0005737,FAU
GO:0005737,FLCN
GO:0005737,FNIP1
GO:0005737,FNIP2
GO:0005737,FRAT1
GO:0005737,FRAT2
GO:0005737,GLRX3
GO:0005737,GM15501
GO:0005737,GPS1
GO:0005737,GSK3B
GO:0005737,GSPT1
GO:0005737,GSPT2
GO:0005737,HPS1
GO:0005737,HPS4
GO:0005737,IARS1
GO:0005737,IL37
GO:0005737,KARS1
GO:0005737,LARS1
GO:0005737,LDHAL6B
GO:0005737,LOC124907841
GO:0005737,MARS1
GO:0005737,MDH1
GO:0005737,ME1
GO:0005737,METTL5
GO:0005737,MIF4GD
GO:0005737,MMS19
GO:0005737,MRAS
GO:0005737,N6AMT1
GO:0005737,NAA10
GO:0005737,NAA11
GO:0005737,NAA15
GO:0005737,NAA16
GO:0005737,NAA20
GO:0005737,NAA25
GO:0005737,NAA30
GO:0005737,NAA35
GO:0005737,NAA38
GO:0005737,NACA
GO:0005737,NAIP
GO:0005737,NCBP1
GO:0005737,NCBP2
GO:0005737,NCBP3
GO:0005737,NLRC4
GO:0005737,NLRP1
GO:0005737,NLRP1A
GO:0005737,NLRP1B
GO:0005737,NLRP3
GO:0005737,NSFL1C
GO:0005737,NUBP1
GO:0005737,NUBP2
GO:0005737,PAFAH1B1
GO:0005737,PAFAH1B2
GO:0005737,PAFAH1B3
GO:0005737,PC
GO:0005737,PEG12
GO:0005737,PPP1CA
GO:0005737,PPP1CC
GO:0005737,PRMT5
GO:0005737,PSMA1
GO:0005737,PSMA2
GO:0005737,PSMA3
GO:0005737,PSMA4
GO:0005737,PSMA5
GO:0005737,PSMA6
GO:0005737,PSMA7
GO:0005737,PSMB1
GO:0005737,PSMB2
GO:0005737,PSMB3
GO:0005737,PSMB4
GO:0005737,PSMB5
GO:0005737,PSMB6
GO:0005737,PSMB7
GO:0005737,PSME1
GO:0005737,PSME2
GO:0005737,PYCARD
GO:0005737,QARS1
GO:0005737,RACK1
GO:0005737,RARS1
GO:0005737,RIOK1
GO:0005737,RPL10
GO:0005737,RPL10A
GO:0005737,RPL10L
GO:0005737,RPL11
GO:0005737,RPL12
GO:0005737,RPL13
GO:0005737,RPL13A
GO:0005737,RPL14
GO:0005737,RPL15
GO:0005737,RPL17
GO:0005737,RPL18
GO:0005737,RPL18A
GO:0005737,RPL19
GO:0005737,RPL21
GO:0005737,RPL23
GO:0005737,RPL23A
GO:0005737,RPL24
GO:0005737,RPL26
GO:0005737,RPL27
GO:0005737,RPL27A
GO:0005737,RPL28
GO:0005737,RPL29
GO:0005737,RPL3
GO:0005737,RPL30
GO:0005737,RPL31
GO:0005737,RPL32
GO:0005737,RPL34
GO:0005737,RPL34-PS1
GO:0005737,RPL35
GO:0005737,RPL35A
GO:0005737,RPL36
GO:0005737,RPL36A
GO:0005737,RPL36AL
GO:0005737,RPL37
GO:0005737,RPL37A
GO:0005737,RPL37RT
GO:0005737,RPL38
GO:0005737,RPL39
GO:0005737,RPL39L
GO:0005737,RPL3L
GO:0005737,RPL4
GO:0005737,RPL41
GO:0005737,RPL5
GO:0005737,RPL6
GO:0005737,RPL7
GO:0005737,RPL7A
GO:0005737,RPL8
GO:0005737,RPL9
GO:0005737,RPLP0
GO:0005737,RPLP1
GO:0005737,RPLP2
GO:0005737,RPS10
GO:0005737,RPS11
GO:0005737,RPS12
GO:0005737,RPS13
GO:0005737,RPS14
GO:0005737,RPS15
GO:0005737,RPS15A
GO:0005737,RPS16
GO:0005737,RPS17
GO:0005737,RPS18
GO:0005737,RPS19
GO:0005737,RPS2
GO:0005737,RPS20
GO:0005737,RPS21
GO:0005737,RPS23
GO:0005737,RPS24
GO:0005737,RPS25
GO:0005737,RPS26
GO:0005737,RPS27A
GO:0005737,RPS28
GO:0005737,RPS29
GO:0005737,RPS3
GO:0005737,RPS3A
GO:0005737,RPS3A1
GO:0005737,RPS4X
GO:0005737,RPS5
GO:0005737,RPS6
GO:0005737,RPS7
GO:0005737,RPS8
GO:0005737,RPS9
GO:0005737,RPSA
GO:0005737,RTCB
GO:0005737,RTRAF
GO:0005737,SASS6
GO:0005737,SHOC2
GO:0005737,SKIC2
GO:0005737,SKIC3
GO:0005737,SKIC8
GO:0005737,SLBP
GO:0005737,SMAD3
GO:0005737,SMCR8
GO:0005737,STIL
GO:0005737,STK11
GO:0005737,STRADA
GO:0005737,STRADB
GO:0005737,THUMPD3
GO:0005737,TRAPPC1
GO:0005737,TRAPPC10
GO:0005737,TRAPPC11
GO:0005737,TRAPPC12
GO:0005737,TRAPPC13
GO:0005737,TRAPPC2
GO:0005737,TRAPPC2B
GO:0005737,TRAPPC2L
GO:0005737,TRAPPC3
GO:0005737,TRAPPC4
GO:0005737,TRAPPC5
GO:0005737,TRAPPC6A
GO:0005737,TRAPPC6B
GO:0005737,TRAPPC8
GO:0005737,TRAPPC9
GO:0005737,TRMT11
GO:0005737,TRMT112
GO:0005737,UBA52
GO:0005737,USP12
GO:0005737,USP46
GO:0005737,VCP
GO:0005737,WDR20
GO:0005737,WDR41
GO:0005737,WDR48
GO:0005737,WDR77
GO:0005737,ZBTB8OS
GO:0005739,BOLA1
GO:0005739,BOLA3
GO:0005739,DLAT
GO:0005739,DLD
GO:0005739,DLST
GO:0005739,ELAC2
GO:0005739,FDX2
GO:0005739,FXN
GO:0005739,GATB
GO:0005739,GATC
GO:0005739,GLRX5
GO:0005739,HSD17B10
GO:0005739,IBA57
GO:0005739,IDH3A
GO:0005739,IDH3B
GO:0005739,IDH3G
GO:0005739,ISCA1
GO:0005739,ISCA2
GO:0005739,ISCU
GO:0005739,KGD4
GO:0005739,LYRM4
GO:0005739,NDUFAB1
GO:0005739,NFS1
GO:0005739,OGDH
GO:0005739,PDHA1
GO:0005739,PDHA2
GO:0005739,PDHB
GO:0005739,PDHX
GO:0005739,PDP1
GO:0005739,PDPR
GO:0005739,PMPCA
GO:0005739,PMPCB
GO:0005739,PNPT1
GO:0005739,PRORP
GO:0005739,QRSL1
GO:0005739,SUCLA2
GO:0005739,SUCLG1
GO:0005739,SUCLG2
GO:0005739,SUPV3L1
GO:0005739,TRMT10C
GO:0005739,TRNT1
GO:0005741,BAK1
GO:0005741,MTX1
GO:0005741,MTX2
GO:0005741,QTRT1
GO:0005741,QTRT2
GO:0005741,SAMM50
GO:0005741,TOMM20
GO:0005741,TOMM22
GO:0005741,TOMM40
GO:0005741,TOMM5
GO:0005741,TOMM6
GO:0005741,TOMM7
GO:0005741,TOMM70
GO:0005743,ABCB8
GO:0005743,ACAD9
GO:0005743,AFG3L2
GO:0005743,AGK
GO:0005743,APOO
GO:0005743,APOOL
GO:0005743,ATP5F1A
GO:0005743,ATP5F1B
GO:0005743,ATP5F1C
GO:0005743,ATP5F1D
GO:0005743,ATP5F1E
GO:0005743,ATP5MC1
GO:0005743,ATP5MC2
GO:0005743,ATP5MC3
GO:0005743,ATP5ME
GO:0005743,ATP5MF
GO:0005743,ATP5MG
GO:0005743,ATP5MGL
GO:0005743,ATP5MJ
GO:0005743,ATP5MK
GO:0005743,ATP5PB
GO:0005743,ATP5PD
GO:0005743,ATP5PF
GO:0005743,ATP5PO
GO:0005743,ATP6
GO:0005743,ATP8
GO:0005743,AURKAIP1
GO:0005743,CCDC51
GO:0005743,CHCHD1
GO:0005743,CHCHD3
GO:0005743,CHCHD6
GO:0005743,COA1
GO:0005743,COQ3
GO:0005743,COQ4
GO:0005743,COQ5
GO:0005743,COQ6
GO:0005743,COQ7
GO:0005743,COQ9
GO:0005743,CYC1
GO:0005743,CYTB
GO:0005743,DAP3
GO:0005743,DNAJC15
GO:0005743,DNAJC19
GO:0005743,ECSIT
GO:0005743,GADD45GIP1
GO:0005743,GRPEL1
GO:0005743,GRPEL2
GO:0005743,HADHA
GO:0005743,HADHB
GO:0005743,HSPA9
GO:0005743,IMMP1L
GO:0005743,IMMP2L
GO:0005743,IMMT
GO:0005743,MCU
GO:0005743,MCUB
GO:0005743,MICOS10
GO:0005743,MICOS13
GO:0005743,MICU1
GO:0005743,MICU2
GO:0005743,MICU3
GO:0005743,MPC1
GO:0005743,MPC1L
GO:0005743,MPC2
GO:0005743,MRPL1
GO:0005743,MRPL10
GO:0005743,MRPL11
GO:0005743,MRPL12
GO:0005743,MRPL13
GO:0005743,MRPL14
GO:0005743,MRPL15
GO:0005743,MRPL16
GO:0005743,MRPL17
GO:0005743,MRPL18
GO:0005743,MRPL19
GO:0005743,MRPL2
GO:0005743,MRPL20
GO:0005743,MRPL21
GO:0005743,MRPL22
GO:0005743,MRPL23
GO:0005743,MRPL24
GO:0005743,MRPL27
GO:0005743,MRPL28
GO:0005743,MRPL3
GO:0005743,MRPL30
GO:0005743,MRPL32
GO:0005743,MRPL33
GO:0005743,MRPL34
GO:0005743,MRPL35
GO:0005743,MRPL36
GO:0005743,MRPL37
GO:0005743,MRPL38
GO:0005743,MRPL39
GO:0005743,MRPL4
GO:0005743,MRPL40
GO:0005743,MRPL41
GO:0005743,MRPL42
GO:0005743,MRPL43
GO:0005743,MRPL44
GO:0005743,MRPL45
GO:0005743,MRPL46
GO:0005743,MRPL47
GO:0005743,MRPL48
GO:0005743,MRPL49
GO:0005743,MRPL50
GO:0005743,MRPL51
GO:0005743,MRPL52
GO:0005743,MRPL53
GO:0005743,MRPL54
GO:0005743,MRPL55
GO:0005743,MRPL57
GO:0005743,MRPL58
GO:0005743,MRPL9
GO:0005743,MRPS10
GO:0005743,MRPS11
GO:0005743,MRPS12
GO:0005743,MRPS14
GO:0005743,MRPS15
GO:0005743,MRPS16
GO:0005743,MRPS17
GO:0005743,MRPS18A
GO:0005743,MRPS18B
GO:0005743,MRPS18C
GO:0005743,MRPS2
GO:0005743,MRPS21
GO:0005743,MRPS22
GO:0005743,MRPS23
GO:0005743,MRPS24
GO:0005743,MRPS25
GO:0005743,MRPS26
GO:0005743,MRPS27
GO:0005743,MRPS28
GO:0005743,MRPS30
GO:0005743,MRPS31
GO:0005743,MRPS33
GO:0005743,MRPS34
GO:0005743,MRPS35
GO:0005743,MRPS5
GO:0005743,MRPS6
GO:0005743,MRPS7
GO:0005743,MRPS9
GO:0005743,ND1
GO:0005743,ND2
GO:0005743,ND3
GO:0005743,ND4
GO:0005743,ND4L
GO:0005743,ND5
GO:0005743,ND6
GO:0005743,NDUFA1
GO:0005743,NDUFA10
GO:0005743,NDUFA11
GO:0005743,NDUFA12
GO:0005743,NDUFA13
GO:0005743,NDUFA2
GO:0005743,NDUFA3
GO:0005743,NDUFA5
GO:0005743,NDUFA6
GO:0005743,NDUFA7
GO:0005743,NDUFA8
GO:0005743,NDUFA9
GO:0005743,NDUFAB1
GO:0005743,NDUFAF1
GO:0005743,NDUFB1
GO:0005743,NDUFB10
GO:0005743,NDUFB11
GO:0005743,NDUFB2
GO:0005743,NDUFB3
GO:0005743,NDUFB4
GO:0005743,NDUFB4B
GO:0005743,NDUFB4C
GO:0005743,NDUFB5
GO:0005743,NDUFB6
GO:0005743,NDUFB7
GO:0005743,NDUFB8
GO:0005743,NDUFB9
GO:0005743,NDUFC1
GO:0005743,NDUFC2
GO:0005743,NDUFS1
GO:0005743,NDUFS2
GO:0005743,NDUFS3
GO:0005743,NDUFS4
GO:0005743,NDUFS5
GO:0005743,NDUFS6
GO:0005743,NDUFS7
GO:0005743,NDUFS8
GO:0005743,NDUFV1
GO:0005743,NDUFV2
GO:0005743,NDUFV3
GO:0005743,PAM16
GO:0005743,PHB1
GO:0005743,PHB2
GO:0005743,PTCD3
GO:0005743,ROMO1
GO:0005743,SDHA
GO:0005743,SDHB
GO:0005743,SDHC
GO:0005743,SDHD
GO:0005743,SMDT1
GO:0005743,SPG7
GO:0005743,TIMM10
GO:0005743,TIMM17A
GO:0005743,TIMM17B
GO:0005743,TIMM21
GO:0005743,TIMM22
GO:0005743,TIMM23
GO:0005743,TIMM29
GO:0005743,TIMM44
GO:0005743,TIMM50
GO:0005743,TIMM9
GO:0005743,TMEM126B
GO:0005743,TMEM186
GO:0005743,TRMT10B
GO:0005743,UQCR10
GO:0005743,UQCR11
GO:0005743,UQCRB
GO:0005743,UQCRC1
GO:0005743,UQCRC2
GO:0005743,UQCRH
GO:0005743,UQCRQ
GO:0005744,DNAJC15
GO:0005744,DNAJC19
GO:0005744,GRPEL1
GO:0005744,GRPEL2
GO:0005744,HSPA9
GO:0005744,PAM16
GO:0005744,ROMO1
GO:0005744,TIMM17A
GO:0005744,TIMM17B
GO:0005744,TIMM21
GO:0005744,TIMM23
GO:0005744,TIMM44
GO:0005744,TIMM50
GO:0005745,AFG3L2
GO:0005745,SPG7
GO:0005747,ND1
GO:0005747,ND2
GO:0005747,ND3
GO:0005747,ND4
GO:0005747,ND4L
GO:0005747,ND5
GO:0005747,ND6
GO:0005747,NDUFA1
GO:0005747,NDUFA10
GO:0005747,NDUFA11
GO:0005747,NDUFA12
GO:0005747,NDUFA13
GO:0005747,NDUFA2
GO:0005747,NDUFA3
GO:0005747,NDUFA5
GO:0005747,NDUFA6
GO:0005747,NDUFA7
GO:0005747,NDUFA8
GO:0005747,NDUFA9
GO:0005747,NDUFAB1
GO:0005747,NDUFB1
GO:0005747,NDUFB10
GO:0005747,NDUFB11
GO:0005747,NDUFB2
GO:0005747,NDUFB3
GO:0005747,NDUFB4
GO:0005747,NDUFB4B
GO:0005747,NDUFB4C
GO:0005747,NDUFB5
GO:0005747,NDUFB6
GO:0005747,NDUFB7
GO:0005747,NDUFB8
GO:0005747,NDUFB9
GO:0005747,NDUFC1
GO:0005747,NDUFC2
GO:0005747,NDUFS1
GO:0005747,NDUFS2
GO:0005747,NDUFS3
GO:0005747,NDUFS4
GO:0005747,NDUFS5
GO:0005747,NDUFS6
GO:0005747,NDUFS7
GO:0005747,NDUFS8
GO:0005747,NDUFV1
GO:0005747,NDUFV2
GO:0005747,NDUFV3
GO:0005749),SDHA
GO:0005749),SDHB
GO:0005749),SDHC
GO:0005749),SDHD
GO:0005750,CYC1
GO:0005750,CYTB
GO:0005750,UQCR10
GO:0005750,UQCR11
GO:0005750,UQCRB
GO:0005750,UQCRC1
GO:0005750,UQCRC2
GO:0005750,UQCRH
GO:0005750,UQCRQ
GO:0005751,COX1
GO:0005751,COX2
GO:0005751,COX3
GO:0005751,COX4I1
GO:0005751,COX5A
GO:0005751,COX5B
GO:0005751,COX6A1
GO:0005751,COX6B1
GO:0005751,COX6C
GO:0005751,COX7A2
GO:0005751,COX7B
GO:0005751,COX7C
GO:0005751,COX8A
GO:0005751,NDUFA4
GO:0005758,TIMM10
GO:0005758,TIMM10B
GO:0005758,TIMM13
GO:0005758,TIMM8A
GO:0005758,TIMM8B
GO:0005758,TIMM9
GO:0005759,BCKDHA
GO:0005759,BCKDHB
GO:0005759,CBR4
GO:0005759,CLPP
GO:0005759,CLPX
GO:0005759,DBT
GO:0005759,DLD
GO:0005759,ETFA
GO:0005759,ETFB
GO:0005759,HSD17B8
GO:0005759,MCCC1
GO:0005759,MCCC2
GO:0005759,PCCA
GO:0005759,PCCB
GO:0005759,POLG
GO:0005759,POLG2
GO:0005759,POLRMT
GO:0005759,TFAM
GO:0005759,TFB2M
GO:0005760,POLG
GO:0005760,POLG2
GO:0005762,GADD45GIP1
GO:0005762,MRPL1
GO:0005762,MRPL10
GO:0005762,MRPL11
GO:0005762,MRPL12
GO:0005762,MRPL13
GO:0005762,MRPL14
GO:0005762,MRPL15
GO:0005762,MRPL16
GO:0005762,MRPL17
GO:0005762,MRPL18
GO:0005762,MRPL19
GO:0005762,MRPL2
GO:0005762,MRPL20
GO:0005762,MRPL21
GO:0005762,MRPL22
GO:0005762,MRPL23
GO:0005762,MRPL24
GO:0005762,MRPL27
GO:0005762,MRPL28
GO:0005762,MRPL3
GO:0005762,MRPL30
GO:0005762,MRPL32
GO:0005762,MRPL33
GO:0005762,MRPL34
GO:0005762,MRPL35
GO:0005762,MRPL36
GO:0005762,MRPL37
GO:0005762,MRPL38
GO:0005762,MRPL39
GO:0005762,MRPL4
GO:0005762,MRPL40
GO:0005762,MRPL41
GO:0005762,MRPL42
GO:0005762,MRPL43
GO:0005762,MRPL44
GO:0005762,MRPL45
GO:0005762,MRPL46
GO:0005762,MRPL47
GO:0005762,MRPL48
GO:0005762,MRPL49
GO:0005762,MRPL50
GO:0005762,MRPL51
GO:0005762,MRPL52
GO:0005762,MRPL53
GO:0005762,MRPL54
GO:0005762,MRPL55
GO:0005762,MRPL57
GO:0005762,MRPL58
GO:0005762,MRPL9
GO:0005762,MRPS18A
GO:0005762,MRPS30
GO:0005763,AURKAIP1
GO:0005763,CHCHD1
GO:0005763,DAP3
GO:0005763,MRPS10
GO:0005763,MRPS11
GO:0005763,MRPS12
GO:0005763,MRPS14
GO:0005763,MRPS15
GO:0005763,MRPS16
GO:0005763,MRPS17
GO:0005763,MRPS18B
GO:0005763,MRPS18C
GO:0005763,MRPS2
GO:0005763,MRPS21
GO:0005763,MRPS22
GO:0005763,MRPS23
GO:0005763,MRPS24
GO:0005763,MRPS25
GO:0005763,MRPS26
GO:0005763,MRPS27
GO:0005763,MRPS28
GO:0005763,MRPS31
GO:0005763,MRPS33
GO:0005763,MRPS34
GO:0005763,MRPS35
GO:0005763,MRPS5
GO:0005763,MRPS6
GO:0005763,MRPS7
GO:0005763,MRPS9
GO:0005763,PTCD3
GO:0005765,AP1B1
GO:0005765,AP1G1
GO:0005765,AP1M1
GO:0005765,AP1S1
GO:0005765,AP1S2
GO:0005765,AP1S3
GO:0005765,ATP6AP1
GO:0005765,ATP6AP2
GO:0005765,ATP6V0B
GO:0005765,ATP6V0C
GO:0005765,ATP6V1A
GO:0005765,ATP6V1D
GO:0005765,ATP6V1F
GO:0005765,ATP6V1H
GO:0005765,CHMP1A
GO:0005765,CHMP1B
GO:0005765,CHMP1B2
GO:0005765,CHMP2A
GO:0005765,CHMP2B
GO:0005765,CHMP3
GO:0005765,CHMP4A
GO:0005765,CHMP4B
GO:0005765,CHMP4C
GO:0005765,CHMP5
GO:0005765,CHMP6
GO:0005765,CHMP7
GO:0005765,CLCN7
GO:0005765,DEPDC5
GO:0005765,ITFG2
GO:0005765,KICS2
GO:0005765,KPTN
GO:0005765,LAMTOR1
GO:0005765,LAMTOR2
GO:0005765,LAMTOR3
GO:0005765,LAMTOR4
GO:0005765,LAMTOR5
GO:0005765,NPRL2
GO:0005765,NPRL3
GO:0005765,OSBPL10
GO:0005765,OSBPL11
GO:0005765,OSBPL9
GO:0005765,OSTM1
GO:0005765,RNASEK
GO:0005765,RNF103-CHMP3
GO:0005765,SLC30A10
GO:0005765,SLC30A2
GO:0005765,SLC30A3
GO:0005765,SLC30A4
GO:0005765,SNAP29
GO:0005765,STX17
GO:0005765,SZT2
GO:0005765,TCIRG1
GO:0005765,VAMP7
GO:0005765,VAMP8
GO:0005768,VIPAS39
GO:0005768,VPS33B
GO:0005769,AP1B1
GO:0005769,AP1G1
GO:0005769,AP1M1
GO:0005769,AP1S1
GO:0005769,AP1S2
GO:0005769,AP1S3
GO:0005769,AP3B1
GO:0005769,AP3B2
GO:0005769,AP3D1
GO:0005769,AP3M1
GO:0005769,AP3M2
GO:0005769,AP3S1
GO:0005769,AP3S2
GO:0005769,CRYZL1
GO:0005769,FERRY3
GO:0005769,GATD1
GO:0005769,HPS3
GO:0005769,HPS5
GO:0005769,HPS6
GO:0005769,PPP1R21
GO:0005769,TBCK
GO:0005770,AP5B1
GO:0005770,AP5M1
GO:0005770,AP5S1
GO:0005770,AP5Z1
GO:0005770,CCZ1
GO:0005770,CCZ1B
GO:0005770,MON1A
GO:0005770,MON1B
GO:0005770,RMC1
GO:0005777,CAT
GO:0005778,PEX1
GO:0005778,PEX13
GO:0005778,PEX14
GO:0005778,PEX26
GO:0005778,PEX6
GO:0005783,APH1A
GO:0005783,APH1B
GO:0005783,ERAP1
GO:0005783,ERAP2
GO:0005783,NCSTN
GO:0005783,PSENEN
GO:0005783,SAR1A
GO:0005783,SAR1B
GO:0005783,SEC13
GO:0005783,SEC24A
GO:0005783,SEC24B
GO:0005783,SEC24C
GO:0005783,SEC24D
GO:0005783,SEC31A
GO:0005783,SEC31B
GO:0005784,SEC61A1
GO:0005784,SEC61A2
GO:0005784,SEC61B
GO:0005784,SEC61G
GO:0005785,SRPRA
GO:0005785,SRPRB
GO:0005786,SRP14
GO:0005786,SRP19
GO:0005786,SRP54
GO:0005786,SRP68
GO:0005786,SRP72
GO:0005786,SRP9
GO:0005787,SEC11A
GO:0005787,SEC11C
GO:0005787,SPCS1
GO:0005787,SPCS2
GO:0005787,SPCS3
GO:0005788,GANAB
GO:0005788,PRKCSH
GO:0005789,APH1A
GO:0005789,APH1B
GO:0005789,CAMLG
GO:0005789,CCDC47
GO:0005789,DAD1
GO:0005789,DDOST
GO:0005789,DERL1
GO:0005789,DERL2
GO:0005789,DERL3
GO:0005789,DHDDS
GO:0005789,DPM1
GO:0005789,DPM2
GO:0005789,DPM3
GO:0005789,EMC1
GO:0005789,EMC10
GO:0005789,EMC2
GO:0005789,EMC3
GO:0005789,EMC4
GO:0005789,EMC6
GO:0005789,EMC7
GO:0005789,EMC8
GO:0005789,EMC9
GO:0005789,ERLIN1
GO:0005789,ERLIN2
GO:0005789,GET1
GO:0005789,GET3
GO:0005789,GPAA1
GO:0005789,INSIG1
GO:0005789,INSIG2
GO:0005789,KRTCAP2
GO:0005789,MAGT1
GO:0005789,MMGT1
GO:0005789,NCLN
GO:0005789,NCSTN
GO:0005789,NOMO1
GO:0005789,NOMO2
GO:0005789,NOMO3
GO:0005789,NUS1
GO:0005789,OSBP
GO:0005789,OST4
GO:0005789,OSTC
GO:0005789,PIGA
GO:0005789,PIGC
GO:0005789,PIGF
GO:0005789,PIGG
GO:0005789,PIGH
GO:0005789,PIGK
GO:0005789,PIGM
GO:0005789,PIGO
GO:0005789,PIGP
GO:0005789,PIGQ
GO:0005789,PIGS
GO:0005789,PIGT
GO:0005789,PIGU
GO:0005789,PIGX
GO:0005789,PIGY
GO:0005789,PSENEN
GO:0005789,RAB5IF
GO:0005789,RPN1
GO:0005789,RPN2
GO:0005789,SEC11A
GO:0005789,SEC11C
GO:0005789,SPCS1
GO:0005789,SPCS2
GO:0005789,SPCS3
GO:0005789,SPTLC1
GO:0005789,SPTLC2
GO:0005789,SPTLC3
GO:0005789,SPTSSA
GO:0005789,SPTSSB
GO:0005789,SSR1
GO:0005789,SSR2
GO:0005789,SSR3
GO:0005789,SSR4
GO:0005789,STT3A
GO:0005789,STT3B
GO:0005789,TMCO1
GO:0005789,TMEM147
GO:0005789,TMEM258
GO:0005789,TUSC3
GO:0005789,UGT2B7
GO:0005789,VAPA
GO:0005789,VCP
GO:0005789,WDR83OS
GO:0005794,GNPTG
GO:0005794,HAS1
GO:0005794,HAS2
GO:0005794,HAS3
GO:0005794,SCAP
GO:0005794,SREBF1
GO:0005794,SREBF2
GO:0005801,BLZF1
GO:0005801,GOLGA2
GO:0005801,GORASP1
GO:0005801,GORASP2
GO:0005802,AP4B1
GO:0005802,AP4E1
GO:0005802,AP4M1
GO:0005802,AP4S1
GO:0005802,OSBPL10
GO:0005802,OSBPL11
GO:0005802,OSBPL9
GO:0005828,CHMP1A
GO:0005828,CHMP1B
GO:0005828,CHMP1B2
GO:0005828,CHMP2A
GO:0005828,CHMP2B
GO:0005828,CHMP3
GO:0005828,CHMP4A
GO:0005828,CHMP4B
GO:0005828,CHMP4C
GO:0005828,CHMP5
GO:0005828,CHMP6
GO:0005828,CHMP7
GO:0005828,KNTC1
GO:0005828,RNF103-CHMP3
GO:0005828,ZW10
GO:0005828,ZWILCH
GO:0005829,ADRM1
GO:0005829,AKAP5
GO:0005829,BAG6
GO:0005829,CALM1
GO:0005829,CALM2
GO:0005829,CALM3
GO:0005829,CSDE1
GO:0005829,DHX9
GO:0005829,DIS3
GO:0005829,DIS3L
GO:0005829,EXOSC1
GO:0005829,EXOSC10
GO:0005829,EXOSC2
GO:0005829,EXOSC3
GO:0005829,EXOSC4
GO:0005829,EXOSC5
GO:0005829,EXOSC6
GO:0005829,EXOSC7
GO:0005829,EXOSC8
GO:0005829,EXOSC9
GO:0005829,GET4
GO:0005829,GM44504
GO:0005829,HNRNPD
GO:0005829,HNRNPU
GO:0005829,IGF2BP1
GO:0005829,IL26
GO:0005829,IRAK1
GO:0005829,IRAK2
GO:0005829,IRAK4
GO:0005829,KPNA1
GO:0005829,KPNA2
GO:0005829,KPNA3
GO:0005829,KPNA4
GO:0005829,KPNA5
GO:0005829,KPNA6
GO:0005829,KPNA7
GO:0005829,KPNB1
GO:0005829,MAGOH
GO:0005829,MAGOHB
GO:0005829,MYD88
GO:0005829,PABPC1
GO:0005829,PAIP1
GO:0005829,PEDS1-UBE2V1
GO:0005829,PPP3CA
GO:0005829,PPP3CB
GO:0005829,PPP3CC
GO:0005829,PPP3R1
GO:0005829,PPP3R2
GO:0005829,PSMA1
GO:0005829,PSMA2
GO:0005829,PSMA3
GO:0005829,PSMA4
GO:0005829,PSMA5
GO:0005829,PSMA6
GO:0005829,PSMA7
GO:0005829,PSMB1
GO:0005829,PSMB2
GO:0005829,PSMB3
GO:0005829,PSMB4
GO:0005829,PSMB5
GO:0005829,PSMB6
GO:0005829,PSMB7
GO:0005829,PSMC1
GO:0005829,PSMC2
GO:0005829,PSMC3
GO:0005829,PSMC4
GO:0005829,PSMC5
GO:0005829,PSMC6
GO:0005829,PSMD1
GO:0005829,PSMD11
GO:0005829,PSMD12
GO:0005829,PSMD13
GO:0005829,PSMD14
GO:0005829,PSMD2
GO:0005829,PSMD3
GO:0005829,PSMD4
GO:0005829,PSMD6
GO:0005829,PSMD7
GO:0005829,PSMD8
GO:0005829,PSME1
GO:0005829,PSME2
GO:0005829,PSME3
GO:0005829,RBM8A
GO:0005829,RRM1
GO:0005829,RRM2
GO:0005829,RRM2B
GO:0005829,SEM1
GO:0005829,SNUPN
GO:0005829,SYNCRIP
GO:0005829,TICAM1
GO:0005829,TICAM2
GO:0005829,TMED7-TICAM2
GO:0005829,UBE2N
GO:0005829,UBE2V1
GO:0005829,UBL4A
GO:0005829,YBX1
GO:0005832,CCT2
GO:0005832,CCT3
GO:0005832,CCT4
GO:0005832,CCT5
GO:0005832,CCT6A
GO:0005832,CCT7
GO:0005832,CCT8
GO:0005832,TCP1
GO:0005833,HBA-A1
GO:0005833,HBA-A2
GO:0005833,HBA-X
GO:0005833,HBA1
GO:0005833,HBA2
GO:0005833,HBB
GO:0005833,HBB-B1
GO:0005833,HBB-B2
GO:0005833,HBB-BH1
GO:0005833,HBB-Y
GO:0005833,HBD
GO:0005833,HBE1
GO:0005833,HBG1
GO:0005833,HBG2
GO:0005833,HBZ
GO:0005834,GNAI1
GO:0005834,GNB1
GO:0005834,GNGT1
GO:0005834,GPR88
GO:0005839,PSMA1
GO:0005839,PSMA2
GO:0005839,PSMA3
GO:0005839,PSMA4
GO:0005839,PSMA5
GO:0005839,PSMA6
GO:0005839,PSMA7
GO:0005839,PSMB1
GO:0005839,PSMB2
GO:0005839,PSMB3
GO:0005839,PSMB4
GO:0005839,PSMB5
GO:0005839,PSMB6
GO:0005839,PSMB7
GO:0005846,NCBP1
GO:0005846,NCBP2
GO:0005846,NCBP3
GO:0005847,CPSF1
GO:0005847,CPSF2
GO:0005847,CPSF3
GO:0005847,CPSF4
GO:0005847,FIP1L1
GO:0005847,SYMPK
GO:0005847,WDR33
GO:0005848,CSTF1
GO:0005848,CSTF2
GO:0005848,CSTF2T
GO:0005848,CSTF3
GO:0005849,CLP1
GO:0005849,CPSF2
GO:0005849,CPSF3
GO:0005849,CPSF6
GO:0005849,CPSF7
GO:0005849,CSTF2
GO:0005849,NUDT21
GO:0005849,PCF11
GO:0005849,SYMPK
GO:0005850,EIF2S1
GO:0005850,EIF2S2
GO:0005850,EIF2S3
GO:0005851,EIF2B1
GO:0005851,EIF2B2
GO:0005851,EIF2B3
GO:0005851,EIF2B4
GO:0005851,EIF2B5
GO:0005852,EIF3A
GO:0005852,EIF3B
GO:0005852,EIF3C
GO:0005852,EIF3CL
GO:0005852,EIF3D
GO:0005852,EIF3E
GO:0005852,EIF3F
GO:0005852,EIF3G
GO:0005852,EIF3H
GO:0005852,EIF3I
GO:0005852,EIF3J
GO:0005852,EIF3K
GO:0005852,EIF3L
GO:0005852,EIF3M
GO:0005854,BTF3
GO:0005854,NACA
GO:0005871,KIF3A
GO:0005871,KIF3B
GO:0005871,KIF3C
GO:0005871,KIFAP3
GO:0005874,CASP1
GO:0005874,LRRC49
GO:0005874,MEFV
GO:0005874,NICN1
GO:0005874,PYCARD
GO:0005874,TPGS1
GO:0005874,TPGS2
GO:0005874,TTLL1
GO:0005885,ACTR2
GO:0005885,ACTR3
GO:0005885,ACTR3B
GO:0005885,ARPC1A
GO:0005885,ARPC1B
GO:0005885,ARPC2
GO:0005885,ARPC3
GO:0005885,ARPC4
GO:0005885,ARPC5
GO:0005885,ARPC5L
GO:0005886,AHNAK
GO:0005886,ANXA2
GO:0005886,APH1A
GO:0005886,APH1B
GO:0005886,ATP10A
GO:0005886,ATP10D
GO:0005886,ATP11A
GO:0005886,ATP11C
GO:0005886,ATP6AP1
GO:0005886,ATP6AP2
GO:0005886,ATP6V0A4
GO:0005886,ATP6V0B
GO:0005886,ATP6V0C
GO:0005886,ATP6V1A
GO:0005886,ATP6V1D
GO:0005886,ATP6V1F
GO:0005886,ATP6V1H
GO:0005886,ATP8A1
GO:0005886,ATP8A2
GO:0005886,ATP8B1
GO:0005886,ATP8B2
GO:0005886,ATP8B4
GO:0005886,BIRC2
GO:0005886,BIRC3
GO:0005886,BTLA
GO:0005886,C6
GO:0005886,C7
GO:0005886,C8A
GO:0005886,C8B
GO:0005886,C8G
GO:0005886,C9
GO:0005886,CCDC8
GO:0005886,CCNY
GO:0005886,CD247
GO:0005886,CD3D
GO:0005886,CD3E
GO:0005886,CD3G
GO:0005886,CD8A
GO:0005886,CD8B
GO:0005886,CD8B1
GO:0005886,CDK14
GO:0005886,CDK16
GO:0005886,CHMP1A
GO:0005886,CHMP1B
GO:0005886,CHMP1B2
GO:0005886,CHMP2A
GO:0005886,CHMP2B
GO:0005886,CHMP3
GO:0005886,CHMP4A
GO:0005886,CHMP4B
GO:0005886,CHMP4C
GO:0005886,CHMP5
GO:0005886,CHMP6
GO:0005886,CHMP7
GO:0005886,CSF2
GO:0005886,CSF2RA
GO:0005886,CSF2RB
GO:0005886,CUL7
GO:0005886,CYBA
GO:0005886,CYBB
GO:0005886,DTNB
GO:0005886,GNAI1
GO:0005886,GNB1
GO:0005886,GNGT1
GO:0005886,GPR88
GO:0005886,GRIN1
GO:0005886,GRIN2A
GO:0005886,GRIN2B
GO:0005886,GRIN2C
GO:0005886,GRIN2D
GO:0005886,HAS1
GO:0005886,HAS2
GO:0005886,HAS3
GO:0005886,HLTF
GO:0005886,IL13
GO:0005886,IL13RA1
GO:0005886,IL17A
GO:0005886,IL17B
GO:0005886,IL17C
GO:0005886,IL17F
GO:0005886,IL17RA
GO:0005886,IL17RB
GO:0005886,IL17RC
GO:0005886,IL17RE
GO:0005886,IL1A
GO:0005886,IL1R2
GO:0005886,IL1RAP
GO:0005886,IL21
GO:0005886,IL21R
GO:0005886,IL25
GO:0005886,IL2RG
GO:0005886,IL4R
GO:0005886,IL5
GO:0005886,IL5RA
GO:0005886,IL6
GO:0005886,IL6ST
GO:0005886,JAK1
GO:0005886,JAK2
GO:0005886,KLRC1
GO:0005886,KLRC2
GO:0005886,KLRC3
GO:0005886,KLRD1
GO:0005886,LTA
GO:0005886,LTB
GO:0005886,LTBR
GO:0005886,LY96
GO:0005886,NALCN
GO:0005886,NALF1
GO:0005886,NCF1
GO:0005886,NCF2
GO:0005886,NCF4
GO:0005886,NCSTN
GO:0005886,NLGN1
GO:0005886,NRXN1
GO:0005886,OBSL1
GO:0005886,PSENEN
GO:0005886,RAC1
GO:0005886,RAC2
GO:0005886,RAC3
GO:0005886,RIPK1
GO:0005886,RNASEK
GO:0005886,RNF103-CHMP3
GO:0005886,S100A10
GO:0005886,SCNN1A
GO:0005886,SCNN1B
GO:0005886,SCNN1D
GO:0005886,SCNN1G
GO:0005886,SGCA
GO:0005886,SGCB
GO:0005886,SGCD
GO:0005886,SGCE
GO:0005886,SGCG
GO:0005886,SGCZ
GO:0005886,SLC30A1
GO:0005886,SLC30A10
GO:0005886,SLC30A2
GO:0005886,SLC30A4
GO:0005886,SNTA1
GO:0005886,SNTB1
GO:0005886,SNTG1
GO:0005886,SSPN
GO:0005886,TCIRG1
GO:0005886,TGFBR1
GO:0005886,TGFBR2
GO:0005886,TLR1
GO:0005886,TLR10
GO:0005886,TLR2
GO:0005886,TLR4
GO:0005886,TLR6
GO:0005886,TMEM30A
GO:0005886,TMEM30B
GO:0005886,TNFRSF14
GO:0005886,TNFRSF1A
GO:0005886,TNFRSF1B
GO:0005886,TNFSF14
GO:0005886,TRADD
GO:0005886,TRAF2
GO:0005886,TRAF3IP2
GO:0005886,TRAF5
GO:0005886,TYK2
GO:0005886,UNC79
GO:0005886,UNC80
GO:0005886,USP12
GO:0005886,UTRN
GO:0005886,VPS4A
GO:0005886,VPS4B
GO:0005886,WDR20
GO:0005886,WDR48
GO:0005889,ATP4A
GO:0005889,ATP4B
GO:0005890,ATP1A1
GO:0005890,ATP1B1
GO:0005890,FXYD1
GO:0005890,FXYD2
GO:0005890,FXYD3
GO:0005890,FXYD4
GO:0005890,FXYD5
GO:0005890,FXYD6
GO:0005890,FXYD7
GO:0005892,CHRNA10
GO:0005892,CHRNA9
GO:0005892,CHRND
GO:0005893,IL2
GO:0005893,IL2RA
GO:0005893,IL2RB
GO:0005893,IL2RG
GO:0005894,CSF2RB
GO:0005894,IL3
GO:0005894,IL3RA
GO:0005895,CSF2RB
GO:0005895,IL5
GO:0005895,IL5RA
GO:0005895,JAK1
GO:0005895,JAK2
GO:0005895,TYK2
GO:0005896,IL6
GO:0005896,IL6ST
GO:0005898,IL13
GO:0005898,IL13RA1
GO:0005898,IL4R
GO:0005912,DLG1
GO:0005912,DLG2
GO:0005912,DLG3
GO:0005912,DLG4
GO:0005912,DLG5
GO:0005912,LLGL1
GO:0005912,LLGL2
GO:0005912,SCRIB
GO:0005925,ILK
GO:0005925,LIMS1
GO:0005925,LIMS2
GO:0005925,PARVA
GO:0005925,PARVB
GO:0005925,TLN1
GO:0005925,VCL
GO:0005929,CFAP206
GO:0005929,CLUAP1
GO:0005929,CLXN
GO:0005929,CYB5D1
GO:0005929,DNAJB13
GO:0005929,DYDC1
GO:0005929,DYNLL2
GO:0005929,FUZ
GO:0005929,IFT122
GO:0005929,IFT140
GO:0005929,IFT172
GO:0005929,IFT20
GO:0005929,IFT22
GO:0005929,IFT25
GO:0005929,IFT27
GO:0005929,IFT43
GO:0005929,IFT46
GO:0005929,IFT52
GO:0005929,IFT56
GO:0005929,IFT57
GO:0005929,IFT70B
GO:0005929,IFT74
GO:0005929,IFT80
GO:0005929,IFT81
GO:0005929,IFT88
GO:0005929,INTU
GO:0005929,NME5
GO:0005929,ODAD1
GO:0005929,ODAD2
GO:0005929,ODAD3
GO:0005929,ODAD4
GO:0005929,PKD1
GO:0005929,PKD2
GO:0005929,ROPN1L
GO:0005929,RSPH1
GO:0005929,RSPH14
GO:0005929,RSPH3
GO:0005929,RSPH3A
GO:0005929,RSPH3B
GO:0005929,RSPH4A
GO:0005929,RSPH9
GO:0005929,TRAF3IP1
GO:0005929,TTC21B
GO:0005929,WDPCP
GO:0005929,WDR19
GO:0005929,WDR35
GO:0005930,CCDC65
GO:0005930,CFAP206
GO:0005930,CLXN
GO:0005930,CYB5D1
GO:0005930,DNAJB13
GO:0005930,DRC1
GO:0005930,DRC3
GO:0005930,DRC7
GO:0005930,DYDC1
GO:0005930,DYNLL2
GO:0005930,EFCAB2
GO:0005930,FBXL13
GO:0005930,GAS8
GO:0005930,IQCA1
GO:0005930,IQCD
GO:0005930,IQCG
GO:0005930,NME5
GO:0005930,ODAD1
GO:0005930,ODAD2
GO:0005930,ODAD3
GO:0005930,ODAD4
GO:0005930,ROPN1L
GO:0005930,RSPH1
GO:0005930,RSPH14
GO:0005930,RSPH3
GO:0005930,RSPH4A
GO:0005930,RSPH9
GO:0005930,TCTE1
GO:0005931,CCDC65
GO:0005931,DRC1
GO:0005931,DRC3
GO:0005931,DRC7
GO:0005931,EFCAB2
GO:0005931,FBXL13
GO:0005931,GAS8
GO:0005931,IQCA1
GO:0005931,IQCD
GO:0005931,IQCG
GO:0005931,TCTE1
GO:0005938,KHDC3L
GO:0005938,NLRP2
GO:0005938,NLRP5
GO:0005938,NLRP7
GO:0005938,OOEP
GO:0005938,PADI6
GO:0005943,PIK3CA
GO:0005943,PIK3CB
GO:0005943,PIK3CD
GO:0005943,PIK3CG
GO:0005943,PIK3R1
GO:0005943,PIK3R2
GO:0005943,PIK3R3
GO:0005943,PIK3R5
GO:0005943,PIK3R6
GO:0005945,PFKL
GO:0005945,PFKM
GO:0005945,PFKP
GO:0005953,FNTA
GO:0005953,PGGT1B
GO:0005955,CALM1
GO:0005955,CALM2
GO:0005955,CALM3
GO:0005955,PPP3CA
GO:0005955,PPP3CB
GO:0005955,PPP3CC
GO:0005955,PPP3R1
GO:0005955,PPP3R2
GO:0005956,CSNK2A1
GO:0005956,CSNK2A2
GO:0005956,CSNK2B
GO:0005964,PHKA1
GO:0005964,PHKA2
GO:0005964,PHKB
GO:0005964,PHKG1
GO:0005964,PHKG2
GO:0005965,FNTA
GO:0005965,FNTB
GO:0005968,RABGGTA
GO:0005968,RABGGTB
GO:0005971,RRM1
GO:0005971,RRM2
GO:0005971,RRM2B
GO:0005980,PHKA1
GO:0005980,PHKA2
GO:0005980,PHKB
GO:0005980,PHKG1
GO:0005980,PHKG2
GO:0005989,LALBA
GO:0006003,PFKFB1
GO:0006003,PFKFB2
GO:0006003,PFKFB3
GO:0006003,PFKFB4
GO:0006086,DLAT
GO:0006086,DLD
GO:0006086,PDHA1
GO:0006086,PDHA2
GO:0006086,PDHB
GO:0006086,PDHX
GO:0006089,LDHA
GO:0006089,LDHAL6B
GO:0006089,LDHB
GO:0006089,LDHC
GO:0006090,LDHA
GO:0006090,LDHAL6B
GO:0006090,LDHB
GO:0006090,LDHC
GO:0006094,PFKFB1
GO:0006094,PFKFB2
GO:0006094,PFKFB3
GO:0006094,PFKFB4
GO:0006096,PFKFB1
GO:0006096,PFKFB2
GO:0006096,PFKFB3
GO:0006096,PFKFB4
GO:0006096,PFKL
GO:0006096,PFKM
GO:0006096,PFKP
GO:0006099,DLD
GO:0006099,DLST
GO:0006099,IDH3A
GO:0006099,IDH3B
GO:0006099,IDH3G
GO:0006099,KGD4
GO:0006099,OGDH
GO:0006099,SDHA
GO:0006099,SDHB
GO:0006099,SDHC
GO:0006099,SDHD
GO:0006099,SUCLA2
GO:0006099,SUCLG1
GO:0006099,SUCLG2
GO:0006103,DLD
GO:0006103,DLST
GO:0006103,KGD4
GO:0006103,OGDH
GO:0006121,SDHA
GO:0006121,SDHB
GO:0006121,SDHC
GO:0006121,SDHD
GO:0006122,CYC1
GO:0006122,CYTB
GO:0006122,UQCR10
GO:0006122,UQCR11
GO:0006122,UQCRB
GO:0006122,UQCRC1
GO:0006122,UQCRC2
GO:0006122,UQCRH
GO:0006122,UQCRQ
GO:0006123,COX1
GO:0006123,COX2
GO:0006123,COX3
GO:0006123,COX4I1
GO:0006123,COX5A
GO:0006123,COX5B
GO:0006123,COX6A1
GO:0006123,COX6B1
GO:0006123,COX6C
GO:0006123,COX7A2
GO:0006123,COX7B
GO:0006123,COX7C
GO:0006123,COX8A
GO:0006123,NDUFA4
GO:0006139,ATR
GO:0006139,ATRIP
GO:0006179,GMPR2
GO:0006201,GMPR2
GO:0006260,AFG2A
GO:0006260,AFG2B
GO:0006260,AIRIM
GO:0006260,CINP
GO:0006260,LOC130134321
GO:0006260,RPA1
GO:0006260,RPA2
GO:0006260,RPA3
GO:0006260,SLX1A
GO:0006260,SLX1B
GO:0006260,SLX4
GO:0006261,POLD1
GO:0006261,POLD2
GO:0006261,POLD3
GO:0006261,POLD4
GO:0006261,POLE
GO:0006261,POLE2
GO:0006261,POLE3
GO:0006261,POLE4
GO:0006261,RFC1
GO:0006261,RFC2
GO:0006261,RFC3
GO:0006261,RFC4
GO:0006261,RFC5
GO:0006264,POLG
GO:0006264,POLG2
GO:0006264,RRM1
GO:0006264,RRM2B
GO:0006265,TOP3B
GO:0006268,CDC45
GO:0006268,GINS1
GO:0006268,GINS2
GO:0006268,GINS3
GO:0006268,GINS4
GO:0006270,ORC1
GO:0006270,ORC2
GO:0006270,ORC3
GO:0006270,ORC4
GO:0006270,ORC5
GO:0006270,ORC6
GO:0006270,POLA1
GO:0006270,POLA2
GO:0006270,PRIM1
GO:0006270,PRIM2
GO:0006275,ACTL6A
GO:0006275,ACTR5
GO:0006275,ACTR8
GO:0006275,BAZ1A
GO:0006275,CHRAC1
GO:0006275,ING5
GO:0006275,INO80
GO:0006275,INO80B
GO:0006275,INO80C
GO:0006275,INO80D
GO:0006275,INO80E
GO:0006275,JADE1
GO:0006275,JADE2
GO:0006275,JADE3
GO:0006275,KAT7
GO:0006275,MCRS1
GO:0006275,MEAF6
GO:0006275,NFRKB
GO:0006275,POLE3
GO:0006275,RUVBL1
GO:0006275,RUVBL2
GO:0006275,SMARCA5
GO:0006275,TFPT
GO:0006275,UCHL5
GO:0006275,YY1
GO:0006279,MCM2
GO:0006279,MCM3
GO:0006279,MCM4
GO:0006279,MCM5
GO:0006279,MCM6
GO:0006279,MCM7
GO:0006281,BRIP1
GO:0006281,PSMA1
GO:0006281,PSMA2
GO:0006281,PSMA3
GO:0006281,PSMA4
GO:0006281,PSMA5
GO:0006281,PSMA6
GO:0006281,PSMA7
GO:0006281,PSMB1
GO:0006281,PSMB2
GO:0006281,PSMB3
GO:0006281,PSMB4
GO:0006281,PSMB5
GO:0006281,PSMB6
GO:0006281,PSMB7
GO:0006281,PSME4
GO:0006281,RPA1
GO:0006281,RPA3
GO:0006281,RPA4
GO:0006281,RRM1
GO:0006281,RRM2B
GO:0006281,TOPBP1
GO:0006282,ABRAXAS1
GO:0006282,ACTL6A
GO:0006282,ACTR5
GO:0006282,ACTR8
GO:0006282,APLF
GO:0006282,APTX
GO:0006282,ATXN7
GO:0006282,ATXN7L3
GO:0006282,BABAM1
GO:0006282,BABAM2
GO:0006282,BRCC3
GO:0006282,ENY2
GO:0006282,INO80
GO:0006282,INO80B
GO:0006282,INO80C
GO:0006282,INO80D
GO:0006282,INO80E
GO:0006282,KAT2A
GO:0006282,KAT2B
GO:0006282,LIG3
GO:0006282,MCRS1
GO:0006282,NFRKB
GO:0006282,PNKP
GO:0006282,POLB
GO:0006282,RUVBL1
GO:0006282,RUVBL2
GO:0006282,SF3B3
GO:0006282,SF3B5
GO:0006282,SGF29
GO:0006282,SUPT20
GO:0006282,SUPT20H
GO:0006282,SUPT3
GO:0006282,SUPT3H
GO:0006282,SUPT7L
GO:0006282,TADA1
GO:0006282,TADA2B
GO:0006282,TADA3
GO:0006282,TAF10
GO:0006282,TAF12
GO:0006282,TAF2
GO:0006282,TAF4
GO:0006282,TAF5
GO:0006282,TAF5L
GO:0006282,TAF6
GO:0006282,TAF6L
GO:0006282,TAF7
GO:0006282,TAF9
GO:0006282,TDP1
GO:0006282,TFPT
GO:0006282,TRRAP
GO:0006282,UCHL5
GO:0006282,UIMC1
GO:0006282,USP22
GO:0006282,XRCC1
GO:0006282,YY1
GO:0006289,CCNH
GO:0006289,CDK7
GO:0006289,CETN2
GO:0006289,CUL4A
GO:0006289,CUL4B
GO:0006289,DDB1
GO:0006289,ERCC1
GO:0006289,ERCC2
GO:0006289,ERCC3
GO:0006289,ERCC4
GO:0006289,ERCC8
GO:0006289,GTF2H1
GO:0006289,GTF2H2
GO:0006289,GTF2H2C
GO:0006289,GTF2H3
GO:0006289,GTF2H4
GO:0006289,GTF2H5
GO:0006289,MNAT1
GO:0006289,RAD23A
GO:0006289,RAD23B
GO:0006289,RBX1
GO:0006289,RPA1
GO:0006289,RPA2
GO:0006289,RPA3
GO:0006289,XPC
GO:0006298,MSH2
GO:0006298,MSH3
GO:0006298,RNASEH2A
GO:0006298,RNASEH2B
GO:0006298,RNASEH2C
GO:0006302,EME1
GO:0006302,EME2
GO:0006302,MUS81
GO:0006303,LIG4
GO:0006303,PRKDC
GO:0006303,XRCC4
GO:0006303,XRCC5
GO:0006303,XRCC6
GO:0006307,ASCC1
GO:0006307,ASCC2
GO:0006307,ASCC3
GO:0006325,DNTTIP1
GO:0006325,H2AC11
GO:0006325,H2AC13
GO:0006325,H2AC15
GO:0006325,H2AC16
GO:0006325,H2AC17
GO:0006325,H2AC22
GO:0006325,H2AC23
GO:0006325,H2AC24
GO:0006325,H2AC4
GO:0006325,H2AC6
GO:0006325,H2AC7
GO:0006325,H2AC8
GO:0006325,H2AZ1
GO:0006325,H2AZ2
GO:0006325,H2BC10
GO:0006325,H2BC11
GO:0006325,H2BC12
GO:0006325,H2BC13
GO:0006325,H2BC15
GO:0006325,H2BC23
GO:0006325,H2BC24
GO:0006325,H2BC4
GO:0006325,H2BC6
GO:0006325,H2BC7
GO:0006325,H2BC8
GO:0006325,H3-4
GO:0006325,H3C1
GO:0006325,H3C10
GO:0006325,H3C11
GO:0006325,H3C12
GO:0006325,H3C13
GO:0006325,H3C14
GO:0006325,H3C15
GO:0006325,H3C2
GO:0006325,H3C3
GO:0006325,H3C4
GO:0006325,H3C6
GO:0006325,H3C7
GO:0006325,H3C8
GO:0006325,H4C1
GO:0006325,H4C11
GO:0006325,H4C12
GO:0006325,H4C13
GO:0006325,H4C14
GO:0006325,H4C15
GO:0006325,H4C16
GO:0006325,H4C17
GO:0006325,H4C18
GO:0006325,H4C2
GO:0006325,H4C3
GO:0006325,H4C4
GO:0006325,H4C5
GO:0006325,H4C6
GO:0006325,H4C8
GO:0006325,H4C9
GO:0006325,HDAC1
GO:0006325,HDAC2
GO:0006325,MIDEAS
GO:0006325,RSF1
GO:0006325,SMARCA5
GO:0006333,H2AC11
GO:0006333,H2AC13
GO:0006333,H2AC22
GO:0006333,H2AC23
GO:0006333,H2AC24
GO:0006333,H2AC4
GO:0006333,H2AC6
GO:0006333,H2AC7
GO:0006333,H2AC8
GO:0006333,H2BC11
GO:0006333,H2BC13
GO:0006333,H2BC15
GO:0006333,H2BC23
GO:0006333,H2BC24
GO:0006333,H2BC7
GO:0006333,H3C1
GO:0006333,H3C10
GO:0006333,H3C11
GO:0006333,H3C8
GO:0006333,H4C1
GO:0006333,H4C11
GO:0006333,H4C12
GO:0006333,H4C14
GO:0006333,H4C16
GO:0006333,H4C17
GO:0006333,H4C18
GO:0006333,H4C2
GO:0006333,H4C3
GO:0006333,H4C4
GO:0006333,H4C6
GO:0006333,H4C8
GO:0006333,H4C9
GO:0006334,BAZ1A
GO:0006334,CHRAC1
GO:0006334,POLE3
GO:0006334,RSF1
GO:0006334,SMARCA5
GO:0006334,SSRP1
GO:0006334,SUPT16
GO:0006334,SUPT16H
GO:0006335,CHAF1A
GO:0006335,CHAF1B
GO:0006335,RBBP4
GO:0006337,SSRP1
GO:0006337,SUPT16
GO:0006337,SUPT16H
GO:0006338,ACTB
GO:0006338,ACTL6A
GO:0006338,ACTL6B
GO:0006338,ACTR5
GO:0006338,ACTR6
GO:0006338,ACTR8
GO:0006338,ARID1A
GO:0006338,ARID1B
GO:0006338,ARID2
GO:0006338,BAZ1A
GO:0006338,BAZ1B
GO:0006338,BCL7A
GO:0006338,BCL7B
GO:0006338,BCL7C
GO:0006338,BICRA
GO:0006338,BICRAL
GO:0006338,BPTF
GO:0006338,BRD7
GO:0006338,BRD9
GO:0006338,CECR2
GO:0006338,CHD3
GO:0006338,CHD4
GO:0006338,CHRAC1
GO:0006338,DDX21
GO:0006338,DEK
GO:0006338,DMAP1
GO:0006338,DPF1
GO:0006338,DPF2
GO:0006338,DPF3
GO:0006338,ERCC6
GO:0006338,GATAD2A
GO:0006338,GATAD2B
GO:0006338,HDAC1
GO:0006338,HDAC2
GO:0006338,INO80
GO:0006338,INO80B
GO:0006338,INO80C
GO:0006338,INO80D
GO:0006338,INO80E
GO:0006338,MBD2
GO:0006338,MBD3
GO:0006338,MCRS1
GO:0006338,MTA1
GO:0006338,MTA2
GO:0006338,MTA3
GO:0006338,MYBBP1A
GO:0006338,NFRKB
GO:0006338,PBRM1
GO:0006338,PHF10
GO:0006338,POLE3
GO:0006338,RBBP4
GO:0006338,RBBP7
GO:0006338,RSF1
GO:0006338,RUVBL1
GO:0006338,RUVBL2
GO:0006338,SF3B1
GO:0006338,SMARCA1
GO:0006338,SMARCA2
GO:0006338,SMARCA4
GO:0006338,SMARCA5
GO:0006338,SMARCB1
GO:0006338,SMARCC1
GO:0006338,SMARCC2
GO:0006338,SMARCD1
GO:0006338,SMARCD2
GO:0006338,SMARCD3
GO:0006338,SMARCE1
GO:0006338,SRCAP
GO:0006338,SS18
GO:0006338,TFPT
GO:0006338,UCHL5
GO:0006338,VPS72
GO:0006338,YEATS4
GO:0006338,YY1
GO:0006338,ZNHIT1
GO:0006346,BAZ2A
GO:0006346,SMARCA5
GO:0006351,SMAD1
GO:0006351,SMAD2
GO:0006351,SMAD3
GO:0006351,SMAD4
GO:0006355,ACTL6A
GO:0006355,ACTR6
GO:0006355,BPTF
GO:0006355,BRD1
GO:0006355,BRPF1
GO:0006355,BRPF3
GO:0006355,CCAR2
GO:0006355,CUL1
GO:0006355,DMAP1
GO:0006355,DR1
GO:0006355,E2F1
GO:0006355,E2F2
GO:0006355,E2F3
GO:0006355,E2F4
GO:0006355,E2F5
GO:0006355,FBXL14
GO:0006355,GLI1
GO:0006355,GLI2
GO:0006355,GLI3
GO:0006355,ING4
GO:0006355,ING5
GO:0006355,JADE1
GO:0006355,JADE2
GO:0006355,JADE3
GO:0006355,KAT14
GO:0006355,KAT2A
GO:0006355,KAT2B
GO:0006355,KAT6A
GO:0006355,KAT6B
GO:0006355,KAT7
GO:0006355,LIN37
GO:0006355,LIN52
GO:0006355,LIN54
GO:0006355,LIN9
GO:0006355,MBIP
GO:0006355,MEAF6
GO:0006355,NKX2-1
GO:0006355,NKX2-5
GO:0006355,RB1
GO:0006355,RBBP4
GO:0006355,RBBP7
GO:0006355,RBL1
GO:0006355,RBL2
GO:0006355,RBX1
GO:0006355,RNF20
GO:0006355,RNF40
GO:0006355,RSF1
GO:0006355,RUVBL1
GO:0006355,RUVBL2
GO:0006355,SGF29
GO:0006355,SKP1
GO:0006355,SMAD2
GO:0006355,SMAD3
GO:0006355,SMAD4
GO:0006355,SMARCA1
GO:0006355,SMARCA5
GO:0006355,SRCAP
GO:0006355,SUFU
GO:0006355,SUPT3
GO:0006355,SUPT3H
GO:0006355,TADA2A
GO:0006355,TADA3
GO:0006355,TAF10
GO:0006355,TAF12
GO:0006355,TAF1A
GO:0006355,TAF1B
GO:0006355,TAF1C
GO:0006355,TAF1D
GO:0006355,TAF5L
GO:0006355,TAF6L
GO:0006355,TAF9
GO:0006355,TBP
GO:0006355,TFDP1
GO:0006355,TFDP2
GO:0006355,TRRAP
GO:0006355,VPS72
GO:0006355,WDR5
GO:0006355,YEATS2
GO:0006355,YEATS4
GO:0006355,ZNF326
GO:0006355,ZNHIT1
GO:0006355,ZZZ3
GO:0006357,ACTB
GO:0006357,ACTL6A
GO:0006357,ACTL6B
GO:0006357,ARID1A
GO:0006357,ARID1B
GO:0006357,ARID2
GO:0006357,ARNT
GO:0006357,ATF1
GO:0006357,ATF2
GO:0006357,ATF3
GO:0006357,ATF4
GO:0006357,ATF5
GO:0006357,ATF6
GO:0006357,ATF6B
GO:0006357,ATF7
GO:0006357,ATXN7
GO:0006357,ATXN7L3
GO:0006357,BACH1
GO:0006357,BACH2
GO:0006357,BATF
GO:0006357,BATF2
GO:0006357,BATF3
GO:0006357,BCL7A
GO:0006357,BCL7B
GO:0006357,BCL7C
GO:0006357,BICRA
GO:0006357,BICRAL
GO:0006357,BRD7
GO:0006357,BRD9
GO:0006357,CEBPA
GO:0006357,CEBPB
GO:0006357,CEBPD
GO:0006357,CEBPE
GO:0006357,CEBPG
GO:0006357,CREB1
GO:0006357,CREB3
GO:0006357,CREBZF
GO:0006357,DBP
GO:0006357,DDIT3
GO:0006357,DPF1
GO:0006357,DPF2
GO:0006357,DPF3
GO:0006357,DR1
GO:0006357,ENY2
GO:0006357,EPAS1
GO:0006357,FOS
GO:0006357,FOSL1
GO:0006357,FOSL2
GO:0006357,HIF1A
GO:0006357,HLF
GO:0006357,HRAS
GO:0006357,INSIG1
GO:0006357,INSIG2
GO:0006357,JUN
GO:0006357,JUNB
GO:0006357,JUND
GO:0006357,KAT14
GO:0006357,KAT2A
GO:0006357,KAT2B
GO:0006357,MAF
GO:0006357,MAFB
GO:0006357,MAFF
GO:0006357,MAFG
GO:0006357,MBIP
GO:0006357,NFATC2
GO:0006357,NFE2
GO:0006357,NFE2L2
GO:0006357,NFE2L3
GO:0006357,NFIL3
GO:0006357,PBRM1
GO:0006357,PHF10
GO:0006357,SCAP
GO:0006357,SGF29
GO:0006357,SMARCA2
GO:0006357,SMARCA4
GO:0006357,SMARCB1
GO:0006357,SMARCC1
GO:0006357,SMARCC2
GO:0006357,SMARCD1
GO:0006357,SMARCD2
GO:0006357,SMARCD3
GO:0006357,SMARCE1
GO:0006357,SOS1
GO:0006357,SREBF1
GO:0006357,SREBF2
GO:0006357,SS18
GO:0006357,SUPT3
GO:0006357,SUPT3H
GO:0006357,TADA2A
GO:0006357,TADA3
GO:0006357,TAF10
GO:0006357,TAF12
GO:0006357,TAF2
GO:0006357,TAF4
GO:0006357,TAF5
GO:0006357,TAF5L
GO:0006357,TAF6
GO:0006357,TAF7
GO:0006357,TAF9
GO:0006357,TRRAP
GO:0006357,USF1
GO:0006357,USF2
GO:0006357,USP22
GO:0006357,WDR5
GO:0006357,XBP1
GO:0006357,YEATS2
GO:0006357,ZZZ3
GO:0006361,POLR1A
GO:0006361,POLR1B
GO:0006361,POLR1C
GO:0006361,POLR1D
GO:0006361,POLR1E
GO:0006361,POLR1F
GO:0006361,POLR1G
GO:0006361,POLR1H
GO:0006361,POLR2E
GO:0006361,POLR2F
GO:0006361,POLR2H
GO:0006361,POLR2K
GO:0006361,POLR2L
GO:0006362,POLR1A
GO:0006362,POLR1B
GO:0006362,POLR1C
GO:0006362,POLR1D
GO:0006362,POLR1E
GO:0006362,POLR1F
GO:0006362,POLR1G
GO:0006362,POLR1H
GO:0006362,POLR2E
GO:0006362,POLR2F
GO:0006362,POLR2H
GO:0006362,POLR2K
GO:0006362,POLR2L
GO:0006363,POLR1A
GO:0006363,POLR1B
GO:0006363,POLR1C
GO:0006363,POLR1D
GO:0006363,POLR1E
GO:0006363,POLR1F
GO:0006363,POLR1G
GO:0006363,POLR1H
GO:0006363,POLR2E
GO:0006363,POLR2F
GO:0006363,POLR2H
GO:0006363,POLR2K
GO:0006363,POLR2L
GO:0006364,BOP1
GO:0006364,MTERF4
GO:0006364,NSUN4
GO:0006364,PES1
GO:0006364,WDR12
GO:0006367,CCNH
GO:0006367,CDK7
GO:0006367,ERCC2
GO:0006367,ERCC3
GO:0006367,GTF2F1
GO:0006367,GTF2F2
GO:0006367,GTF2H1
GO:0006367,GTF2H2
GO:0006367,GTF2H2C
GO:0006367,GTF2H3
GO:0006367,GTF2H4
GO:0006367,GTF2H5
GO:0006367,MNAT1
GO:0006367,POLR2A
GO:0006367,POLR2B
GO:0006367,POLR2C
GO:0006367,POLR2D
GO:0006367,POLR2E
GO:0006367,POLR2F
GO:0006367,POLR2G
GO:0006367,POLR2H
GO:0006367,POLR2I
GO:0006367,POLR2J
GO:0006367,POLR2K
GO:0006367,POLR2L
GO:0006367,POLR2M
GO:0006368,CDC73
GO:0006368,CTR9
GO:0006368,GTF2F1
GO:0006368,GTF2F2
GO:0006368,LEO1
GO:0006368,PAF1
GO:0006368,POLR2A
GO:0006368,POLR2B
GO:0006368,POLR2C
GO:0006368,POLR2D
GO:0006368,POLR2E
GO:0006368,POLR2F
GO:0006368,POLR2G
GO:0006368,POLR2H
GO:0006368,POLR2I
GO:0006368,POLR2J
GO:0006368,POLR2K
GO:0006368,POLR2L
GO:0006368,POLR2M
GO:0006368,RTF1
GO:0006368,SKIC8
GO:0006370,RAMAC
GO:0006370,RNMT
GO:0006383,CRCP
GO:0006383,POLR1C
GO:0006383,POLR1D
GO:0006383,POLR2E
GO:0006383,POLR2F
GO:0006383,POLR2H
GO:0006383,POLR2K
GO:0006383,POLR2L
GO:0006383,POLR3A
GO:0006383,POLR3B
GO:0006383,POLR3C
GO:0006383,POLR3D
GO:0006383,POLR3E
GO:0006383,POLR3F
GO:0006383,POLR3G
GO:0006383,POLR3GL
GO:0006383,POLR3H
GO:0006383,POLR3K
GO:0006384,CRCP
GO:0006384,GTF3C1
GO:0006384,GTF3C2
GO:0006384,GTF3C3
GO:0006384,GTF3C4
GO:0006384,GTF3C5
GO:0006384,GTF3C6
GO:0006384,POLR1C
GO:0006384,POLR1D
GO:0006384,POLR2E
GO:0006384,POLR2F
GO:0006384,POLR2H
GO:0006384,POLR2K
GO:0006384,POLR2L
GO:0006384,POLR3A
GO:0006384,POLR3B
GO:0006384,POLR3C
GO:0006384,POLR3D
GO:0006384,POLR3E
GO:0006384,POLR3F
GO:0006384,POLR3G
GO:0006384,POLR3GL
GO:0006384,POLR3H
GO:0006384,POLR3K
GO:0006386,CRCP
GO:0006386,POLR1C
GO:0006386,POLR1D
GO:0006386,POLR2E
GO:0006386,POLR2F
GO:0006386,POLR2H
GO:0006386,POLR2K
GO:0006386,POLR2L
GO:0006386,POLR3A
GO:0006386,POLR3B
GO:0006386,POLR3C
GO:0006386,POLR3D
GO:0006386,POLR3E
GO:0006386,POLR3F
GO:0006386,POLR3G
GO:0006386,POLR3GL
GO:0006386,POLR3H
GO:0006386,POLR3K
GO:0006388,C2ORF49
GO:0006388,DDX1
GO:0006388,FAM98A
GO:0006388,FAM98B
GO:0006388,RTCB
GO:0006388,RTRAF
GO:0006388,ZBTB8OS
GO:0006391,POLRMT
GO:0006391,TFAM
GO:0006391,TFB2M
GO:0006396,DIS3
GO:0006396,DIS3L
GO:0006396,EXOSC1
GO:0006396,EXOSC10
GO:0006396,EXOSC2
GO:0006396,EXOSC3
GO:0006396,EXOSC4
GO:0006396,EXOSC5
GO:0006396,EXOSC6
GO:0006396,EXOSC7
GO:0006396,EXOSC8
GO:0006396,EXOSC9
GO:0006396,POP1
GO:0006396,POP4
GO:0006396,POP5
GO:0006396,POP7
GO:0006396,RPP25
GO:0006396,RPP30
GO:0006396,RPP38
GO:0006396,RPP40
GO:0006401,DIS3
GO:0006401,DIS3L
GO:0006401,EXOSC1
GO:0006401,EXOSC10
GO:0006401,EXOSC2
GO:0006401,EXOSC3
GO:0006401,EXOSC4
GO:0006401,EXOSC5
GO:0006401,EXOSC6
GO:0006401,EXOSC7
GO:0006401,EXOSC8
GO:0006401,EXOSC9
GO:0006401,MTREX
GO:0006401,PABPN1
GO:0006401,RBM26
GO:0006401,RBM27
GO:0006401,RBM7
GO:0006401,ZC3H3
GO:0006401,ZCCHC8
GO:0006401,ZFC3H1
GO:0006404,KPNB1
GO:0006404,SNUPN
GO:0006406,ALYREF
GO:0006406,CASC3
GO:0006406,CETN2
GO:0006406,CETN3
GO:0006406,CHTOP
GO:0006406,DDX39A
GO:0006406,DDX39B
GO:0006406,EIF4A3
GO:0006406,ENY2
GO:0006406,ERH
GO:0006406,FYTTD1
GO:0006406,LUZP4
GO:0006406,MAGOH
GO:0006406,MAGOHB
GO:0006406,MCM3AP
GO:0006406,NCBP1
GO:0006406,NCBP2
GO:0006406,NCBP3
GO:0006406,NXF1
GO:0006406,NXF2
GO:0006406,NXF2B
GO:0006406,NXF3
GO:0006406,NXT1
GO:0006406,NXT2
GO:0006406,PCID2
GO:0006406,POLDIP3
GO:0006406,RBM8A
GO:0006406,SARNP
GO:0006406,SEM1
GO:0006406,THOC1
GO:0006406,THOC2
GO:0006406,THOC3
GO:0006406,THOC5
GO:0006406,THOC6
GO:0006406,THOC7
GO:0006406,ZC3H11A
GO:0006408,NCBP1
GO:0006408,NCBP2
GO:0006408,NCBP3
GO:0006413,EIF4A1
GO:0006413,EIF4A2
GO:0006413,EIF4E
GO:0006413,EIF4G1
GO:0006413,EIF4G3
GO:0006415,ETF1
GO:0006415,GSPT1
GO:0006415,GSPT2
GO:0006417,ELP1
GO:0006417,ELP2
GO:0006417,ELP3
GO:0006417,ELP4
GO:0006417,ELP5
GO:0006417,ELP6
GO:0006418,AIMP1
GO:0006418,AIMP2
GO:0006418,DARS1
GO:0006418,EEF1E1
GO:0006418,EPRS1
GO:0006418,IARS1
GO:0006418,KARS1
GO:0006418,LARS1
GO:0006418,MARS1
GO:0006418,QARS1
GO:0006418,RARS1
GO:0006432,FARSA
GO:0006432,FARSB
GO:0006446,EIF2S1
GO:0006446,EIF2S2
GO:0006446,EIF2S3
GO:0006457,DNAJC2
GO:0006457,HSPA14
GO:0006457,PDRG1
GO:0006457,PFDN1
GO:0006457,PFDN2
GO:0006457,PFDN5
GO:0006457,PFDN6
GO:0006457,VBP1
GO:0006465,IMMP1L
GO:0006465,IMMP2L
GO:0006465,SEC11A
GO:0006465,SEC11C
GO:0006465,SPCS1
GO:0006465,SPCS2
GO:0006465,SPCS3
GO:0006468,CCNC
GO:0006468,CDK19
GO:0006468,CDK8
GO:0006468,MED12
GO:0006468,MED13
GO:0006487,DAD1
GO:0006487,DDOST
GO:0006487,KRTCAP2
GO:0006487,MAGT1
GO:0006487,OST4
GO:0006487,OSTC
GO:0006487,RPN1
GO:0006487,RPN2
GO:0006487,STT3A
GO:0006487,STT3B
GO:0006487,TMEM258
GO:0006487,TUSC3
GO:0006489,DHDDS
GO:0006489,NUS1
GO:0006491,GANAB
GO:0006491,PRKCSH
GO:0006508,CAPN1
GO:0006508,CAPN2
GO:0006508,CAPNS1
GO:0006508,CFH
GO:0006508,CLPP
GO:0006508,CLPX
GO:0006508,COLEC10
GO:0006508,COLEC11
GO:0006508,FCN1
GO:0006508,FCN2
GO:0006508,FCN3
GO:0006508,MBL2
GO:0006508,THBD
GO:0006511,BAG6
GO:0006511,DERL1
GO:0006511,DERL2
GO:0006511,DERL3
GO:0006511,FAF1
GO:0006511,GET4
GO:0006511,GM44504
GO:0006511,NPLOC4
GO:0006511,NSFL1C
GO:0006511,UBL4A
GO:0006511,UBXN1
GO:0006511,UFD1
GO:0006511,VCP
GO:0006540,GAD1
GO:0006540,GAD2
GO:0006556,MAT1A
GO:0006556,MAT2A
GO:0006556,MAT2B
GO:0006561,PYCR1
GO:0006606,KPNA1
GO:0006606,KPNA2
GO:0006606,KPNA3
GO:0006606,KPNA4
GO:0006606,KPNA5
GO:0006606,KPNA6
GO:0006606,KPNA7
GO:0006606,KPNB1
GO:0006616,SEC61A1
GO:0006616,SEC61A2
GO:0006616,SEC61B
GO:0006616,SEC61G
GO:0006617,SRP14
GO:0006617,SRP19
GO:0006617,SRP54
GO:0006617,SRP68
GO:0006617,SRP72
GO:0006617,SRP9
GO:0006617,SRPRA
GO:0006617,SRPRB
GO:0006620,BAG6
GO:0006620,GET4
GO:0006620,GM44504
GO:0006620,UBL4A
GO:0006622,ATG14
GO:0006622,BECN1
GO:0006622,PIK3C3
GO:0006622,PIK3R4
GO:0006627,PMPCA
GO:0006627,PMPCB
GO:0006631,PCCA
GO:0006631,PCCB
GO:0006633,CBR4
GO:0006633,HSD17B8
GO:0006635,HADHA
GO:0006635,HADHB
GO:0006686,OSBP
GO:0006686,VAPA
GO:0006734,MDH1
GO:0006734,ME1
GO:0006734,PC
GO:0006739,MDH1
GO:0006739,ME1
GO:0006739,PC
GO:0006744,COQ3
GO:0006744,COQ4
GO:0006744,COQ5
GO:0006744,COQ6
GO:0006744,COQ7
GO:0006744,COQ9
GO:0006750,GCLC
GO:0006750,GCLM
GO:0006777,MOCS2
GO:0006783,ABCB10
GO:0006783,ABCB7
GO:0006783,FECH
GO:0006816,PKD1
GO:0006816,PKD2
GO:0006850,MPC1
GO:0006850,MPC1L
GO:0006850,MPC2
GO:0006879,BOLA1
GO:0006879,BOLA2
GO:0006879,BOLA2B
GO:0006879,BOLA3
GO:0006879,CUL1
GO:0006879,FBXL5
GO:0006879,GLRX3
GO:0006879,GLRX5
GO:0006879,LOC124907841
GO:0006879,RBX1
GO:0006879,SKP1
GO:0006883,ATP1A1
GO:0006883,ATP1B1
GO:0006883,FXYD1
GO:0006883,FXYD2
GO:0006883,FXYD3
GO:0006883,FXYD4
GO:0006883,FXYD5
GO:0006883,FXYD6
GO:0006883,FXYD7
GO:0006883,SCNN1A
GO:0006883,SCNN1B
GO:0006883,SCNN1D
GO:0006883,SCNN1G
GO:0006884,ABCB8
GO:0006884,CCDC51
GO:0006886,DNAJC15
GO:0006886,DNAJC19
GO:0006886,GRPEL1
GO:0006886,GRPEL2
GO:0006886,HSPA9
GO:0006886,PAM16
GO:0006886,ROMO1
GO:0006886,TIMM17A
GO:0006886,TIMM17B
GO:0006886,TIMM21
GO:0006886,TIMM23
GO:0006886,TIMM44
GO:0006886,TIMM50
GO:0006888,ERGIC2
GO:0006888,ERGIC3
GO:0006888,LMAN1
GO:0006888,MCFD2
GO:0006888,TRAPPC1
GO:0006888,TRAPPC10
GO:0006888,TRAPPC11
GO:0006888,TRAPPC12
GO:0006888,TRAPPC13
GO:0006888,TRAPPC2
GO:0006888,TRAPPC2B
GO:0006888,TRAPPC2L
GO:0006888,TRAPPC3
GO:0006888,TRAPPC4
GO:0006888,TRAPPC5
GO:0006888,TRAPPC6A
GO:0006888,TRAPPC6B
GO:0006888,TRAPPC8
GO:0006888,TRAPPC9
GO:0006890,ARCN1
GO:0006890,COPA
GO:0006890,COPB1
GO:0006890,COPB2
GO:0006890,COPE
GO:0006890,COPG1
GO:0006890,COPG2
GO:0006890,COPZ1
GO:0006890,COPZ2
GO:0006890,ERGIC2
GO:0006890,ERGIC3
GO:0006890,NBAS
GO:0006890,RINT1
GO:0006890,ZW10
GO:0006901,TRAPPC1
GO:0006901,TRAPPC10
GO:0006901,TRAPPC13
GO:0006901,TRAPPC2
GO:0006901,TRAPPC2B
GO:0006901,TRAPPC2L
GO:0006901,TRAPPC3
GO:0006901,TRAPPC4
GO:0006901,TRAPPC5
GO:0006901,TRAPPC6B
GO:0006901,TRAPPC9
GO:0006904,EXOC1
GO:0006904,EXOC2
GO:0006904,EXOC3
GO:0006904,EXOC4
GO:0006904,EXOC5
GO:0006904,EXOC6
GO:0006904,EXOC6B
GO:0006904,EXOC7
GO:0006904,EXOC8
GO:0006906,SNAP29
GO:0006906,STX17
GO:0006906,VAMP7
GO:0006906,VAMP8
GO:0006906,YKT6
GO:0006913,AAAS
GO:0006913,AHCTF1
GO:0006913,GLE1
GO:0006913,NDC1
GO:0006913,NUP107
GO:0006913,NUP133
GO:0006913,NUP153
GO:0006913,NUP155
GO:0006913,NUP160
GO:0006913,NUP188
GO:0006913,NUP205
GO:0006913,NUP210
GO:0006913,NUP214
GO:0006913,NUP35
GO:0006913,NUP37
GO:0006913,NUP42
GO:0006913,NUP43
GO:0006913,NUP50
GO:0006913,NUP54
GO:0006913,NUP58
GO:0006913,NUP62
GO:0006913,NUP85
GO:0006913,NUP88
GO:0006913,NUP93
GO:0006913,POM121
GO:0006913,RAE1
GO:0006913,RANBP2
GO:0006913,SEC13
GO:0006913,SEH1L
GO:0006913,TPR
GO:0006914,CHMP1A
GO:0006914,CHMP1B
GO:0006914,CHMP1B2
GO:0006914,CHMP2A
GO:0006914,CHMP2B
GO:0006914,CHMP3
GO:0006914,CHMP4A
GO:0006914,CHMP4B
GO:0006914,CHMP4C
GO:0006914,CHMP5
GO:0006914,CHMP6
GO:0006914,CHMP7
GO:0006914,RNF103-CHMP3
GO:0006914,VPS4A
GO:0006914,VPS4B
GO:0006915,CHI3L1
GO:0006915,IL13
GO:0006915,IL13RA2
GO:0006915,IL20RA
GO:0006915,IL20RB
GO:0006915,IL22RA1
GO:0006915,IL24
GO:0006915,LTBR
GO:0006915,PSMA1
GO:0006915,PSMA2
GO:0006915,PSMA3
GO:0006915,PSMA4
GO:0006915,PSMA5
GO:0006915,PSMA6
GO:0006915,PSMA7
GO:0006915,PSMB1
GO:0006915,PSMB2
GO:0006915,PSMB3
GO:0006915,PSMB4
GO:0006915,PSMB5
GO:0006915,PSMB6
GO:0006915,PSMB7
GO:0006915,PSME3
GO:0006915,TMEM219
GO:0006915,TNFSF14
GO:0006936,KCND2
GO:0006936,KCND3
GO:0006936,KCNIP1
GO:0006936,KCNIP2
GO:0006936,RYR3
GO:0006941,RPL10
GO:0006941,RPL10A
GO:0006941,RPL11
GO:0006941,RPL12
GO:0006941,RPL13
GO:0006941,RPL13A
GO:0006941,RPL14
GO:0006941,RPL15
GO:0006941,RPL17
GO:0006941,RPL18
GO:0006941,RPL18A
GO:0006941,RPL19
GO:0006941,RPL21
GO:0006941,RPL23
GO:0006941,RPL23A
GO:0006941,RPL24
GO:0006941,RPL26
GO:0006941,RPL27
GO:0006941,RPL27A
GO:0006941,RPL28
GO:0006941,RPL29
GO:0006941,RPL30
GO:0006941,RPL31
GO:0006941,RPL32
GO:0006941,RPL34
GO:0006941,RPL34-PS1
GO:0006941,RPL35
GO:0006941,RPL35A
GO:0006941,RPL36
GO:0006941,RPL36A
GO:0006941,RPL36AL
GO:0006941,RPL37
GO:0006941,RPL37A
GO:0006941,RPL37RT
GO:0006941,RPL38
GO:0006941,RPL39
GO:0006941,RPL3L
GO:0006941,RPL4
GO:0006941,RPL41
GO:0006941,RPL5
GO:0006941,RPL6
GO:0006941,RPL7
GO:0006941,RPL7A
GO:0006941,RPL8
GO:0006941,RPL9
GO:0006941,RPLP0
GO:0006941,RPLP1
GO:0006941,RPLP2
GO:0006941,UBA52
GO:0006953,IL10RB
GO:0006953,IL22
GO:0006953,IL22RA1
GO:0006954,BIRC2
GO:0006954,BIRC3
GO:0006954,IL10RB
GO:0006954,IL17A
GO:0006954,IL1RAP
GO:0006954,IL1RL1
GO:0006954,IL20RA
GO:0006954,IL26
GO:0006954,IL33
GO:0006954,IL6
GO:0006954,RIPK1
GO:0006954,TRADD
GO:0006954,TRAF2
GO:0006954,TRAF5
GO:0006955,JAK2
GO:0006955,PIK3CD
GO:0006955,PIK3CG
GO:0006955,PIK3R1
GO:0006955,PIK3R2
GO:0006955,PIK3R3
GO:0006955,PIK3R5
GO:0006955,PIK3R6
GO:0006955,TYK2
GO:0006956,C6
GO:0006956,CFP
GO:0006958,C1QA
GO:0006958,C1QB
GO:0006958,C1QC
GO:0006974,BARD1
GO:0006974,BAZ1B
GO:0006974,BRCA1
GO:0006974,CASP2
GO:0006974,CRADD
GO:0006974,CUL4A
GO:0006974,CUL4B
GO:0006974,DDB1
GO:0006974,DDB2
GO:0006974,METTL14
GO:0006974,METTL3
GO:0006974,MLST8
GO:0006974,MTOR
GO:0006974,PIDD1
GO:0006974,PSMA1
GO:0006974,PSMA2
GO:0006974,PSMA3
GO:0006974,PSMA4
GO:0006974,PSMA5
GO:0006974,PSMA6
GO:0006974,PSMA7
GO:0006974,PSMB1
GO:0006974,PSMB2
GO:0006974,PSMB3
GO:0006974,PSMB4
GO:0006974,PSMB5
GO:0006974,PSMB6
GO:0006974,PSMB7
GO:0006974,PSME4
GO:0006974,RBX1
GO:0006974,RPTOR
GO:0006974,SMARCA5
GO:0006979,ADRM1
GO:0006979,PSMA1
GO:0006979,PSMA2
GO:0006979,PSMA3
GO:0006979,PSMA4
GO:0006979,PSMA5
GO:0006979,PSMA6
GO:0006979,PSMA7
GO:0006979,PSMB1
GO:0006979,PSMB2
GO:0006979,PSMB3
GO:0006979,PSMB4
GO:0006979,PSMB5
GO:0006979,PSMB6
GO:0006979,PSMB7
GO:0006979,PSMC1
GO:0006979,PSMC2
GO:0006979,PSMC3
GO:0006979,PSMC4
GO:0006979,PSMC5
GO:0006979,PSMC6
GO:0006979,PSMD1
GO:0006979,PSMD11
GO:0006979,PSMD12
GO:0006979,PSMD13
GO:0006979,PSMD14
GO:0006979,PSMD2
GO:0006979,PSMD3
GO:0006979,PSMD4
GO:0006979,PSMD6
GO:0006979,PSMD7
GO:0006979,PSMD8
GO:0006979,PSME1
GO:0006979,PSME2
GO:0006979,PSME3
GO:0006979,SEM1
GO:0006997,CHMP1A
GO:0006997,CHMP1B
GO:0006997,CHMP1B2
GO:0006997,CHMP2A
GO:0006997,CHMP2B
GO:0006997,CHMP3
GO:0006997,CHMP4A
GO:0006997,CHMP4B
GO:0006997,CHMP4C
GO:0006997,CHMP5
GO:0006997,CHMP6
GO:0006997,CHMP7
GO:0006997,RNF103-CHMP3
GO:0006997,VPS4A
GO:0006997,VPS4B
GO:0007004,DKC1
GO:0007004,GAR1
GO:0007004,NHP2
GO:0007004,NOP10
GO:0007004,TERT
GO:0007004,WRAP53
GO:0007005,PHB1
GO:0007005,PHB2
GO:0007010,MAPKAP1
GO:0007010,MLST8
GO:0007010,MTOR
GO:0007010,PRR5
GO:0007010,RICTOR
GO:0007010,SEPTIN2
GO:0007010,SEPTIN3
GO:0007010,SEPTIN6
GO:0007010,SEPTIN7
GO:0007010,SEPTIN9
GO:0007015,ARHGEF12
GO:0007015,GIPC1
GO:0007015,MYO6
GO:0007015,SH3BP4
GO:0007030,BLZF1
GO:0007030,COG1
GO:0007030,COG2
GO:0007030,COG3
GO:0007030,COG4
GO:0007030,COG5
GO:0007030,COG6
GO:0007030,COG7
GO:0007030,COG8
GO:0007030,GOLGA2
GO:0007030,GORASP1
GO:0007030,GORASP2
GO:0007035,ATP6AP1
GO:0007035,ATP6AP2
GO:0007035,ATP6V0B
GO:0007035,ATP6V0C
GO:0007035,ATP6V1A
GO:0007035,ATP6V1D
GO:0007035,ATP6V1F
GO:0007035,ATP6V1H
GO:0007035,DMXL1
GO:0007035,DMXL2
GO:0007035,RNASEK
GO:0007035,ROGDI
GO:0007035,TCIRG1
GO:0007035,WDR7
GO:0007042,ATP6AP1
GO:0007042,ATP6AP2
GO:0007042,ATP6V0A1
GO:0007042,ATP6V0B
GO:0007042,ATP6V0C
GO:0007042,ATP6V1A
GO:0007042,ATP6V1D
GO:0007042,ATP6V1F
GO:0007042,ATP6V1H
GO:0007042,RNASEK
GO:0007042,TCIRG1
GO:0007052,AURKB
GO:0007052,BIRC5
GO:0007052,CDCA8
GO:0007052,INCENP
GO:0007059,CENPC
GO:0007059,CENPC1
GO:0007059,CENPH
GO:0007059,CENPI
GO:0007059,CENPK
GO:0007059,CENPL
GO:0007059,CENPM
GO:0007059,CENPN
GO:0007059,CENPO
GO:0007059,CENPP
GO:0007059,CENPQ
GO:0007059,CENPS
GO:0007059,CENPS-CORT
GO:0007059,CENPT
GO:0007059,CENPU
GO:0007059,CENPW
GO:0007059,CENPX
GO:0007059,ITGB3BP
GO:0007059,NDC80
GO:0007059,NUF2
GO:0007059,SPC24
GO:0007059,SPC25
GO:0007080,CHMP1A
GO:0007080,CHMP1B
GO:0007080,CHMP1B2
GO:0007080,CHMP2A
GO:0007080,CHMP2B
GO:0007080,CHMP3
GO:0007080,CHMP4A
GO:0007080,CHMP4B
GO:0007080,CHMP4C
GO:0007080,CHMP5
GO:0007080,CHMP6
GO:0007080,CHMP7
GO:0007080,RNF103-CHMP3
GO:0007094,BUB1B
GO:0007094,BUB3
GO:0007094,CDC20
GO:0007094,MAD1L1
GO:0007094,MAD2L1
GO:0007094,NDC80
GO:0007094,NUF2
GO:0007094,SPC24
GO:0007094,SPC25
GO:0007098,HAUS1
GO:0007098,HAUS2
GO:0007098,HAUS3
GO:0007098,HAUS4
GO:0007098,HAUS5
GO:0007098,HAUS6
GO:0007098,HAUS7
GO:0007098,HAUS8
GO:0007099,CEP152
GO:0007099,CEP192
GO:0007099,PLK4
GO:0007129,MND1
GO:0007129,PSMC3IP
GO:0007129,SYCE1
GO:0007129,SYCE2
GO:0007129,SYCE3
GO:0007129,SYCP1
GO:0007129,SYCP2
GO:0007129,SYCP3
GO:0007129,TEX12
GO:0007131,MND1
GO:0007131,MSH4
GO:0007131,MSH5
GO:0007131,PSMC3IP
GO:0007131,SFR1
GO:0007131,SWI5
GO:0007131,SYCE1
GO:0007131,SYCE2
GO:0007131,SYCE3
GO:0007131,SYCP1
GO:0007131,SYCP2
GO:0007131,SYCP3
GO:0007131,TEX12
GO:0007155,COL7A1
GO:0007155,MMRN2
GO:0007158,NLGN1
GO:0007158,NRXN1
GO:0007159,ITGA4
GO:0007159,ITGB1
GO:0007160,ITGA1
GO:0007160,ITGA10
GO:0007160,ITGA11
GO:0007160,ITGA2
GO:0007160,ITGA2B
GO:0007160,ITGA3
GO:0007160,ITGA4
GO:0007160,ITGA5
GO:0007160,ITGA6
GO:0007160,ITGA7
GO:0007160,ITGA8
GO:0007160,ITGA9
GO:0007160,ITGAD
GO:0007160,ITGAE
GO:0007160,ITGAL
GO:0007160,ITGAM
GO:0007160,ITGAV
GO:0007160,ITGAX
GO:0007160,ITGB1
GO:0007160,ITGB2
GO:0007160,ITGB3
GO:0007160,ITGB4
GO:0007160,ITGB5
GO:0007160,ITGB6
GO:0007160,ITGB7
GO:0007160,ITGB8
GO:0007168,NPR1
GO:0007179,SMAD1
GO:0007179,SMAD2
GO:0007179,SMAD3
GO:0007179,SMAD4
GO:0007179,TGFBR1
GO:0007179,TGFBR2
GO:0007186,CXCL8
GO:0007186,CXCR1
GO:0007186,CXCR2
GO:0007186,GNAI1
GO:0007186,GNB1
GO:0007186,GNGT1
GO:0007186,GPR88
GO:0007186,PIK3CG
GO:0007186,PIK3R5
GO:0007186,PIK3R6
GO:0007189,CALCR
GO:0007189,CALCRL
GO:0007189,GPHA2
GO:0007189,GPHB5
GO:0007189,RAMP1
GO:0007189,RAMP2
GO:0007189,RAMP3
GO:0007193,GABBR1
GO:0007193,GABBR2
GO:0007204,CXCL8
GO:0007204,CXCR1
GO:0007204,CXCR2
GO:0007210,HTR3A
GO:0007210,HTR3B
GO:0007210,HTR3C
GO:0007210,HTR3D
GO:0007210,HTR3E
GO:0007214,GABBR1
GO:0007214,GABBR2
GO:0007214,GABRA1
GO:0007214,GABRA2
GO:0007214,GABRA3
GO:0007214,GABRA4
GO:0007214,GABRA5
GO:0007214,GABRA6
GO:0007214,GABRB1
GO:0007214,GABRB2
GO:0007214,GABRB3
GO:0007214,GABRD
GO:0007214,GABRG2
GO:0007214,GABRG3
GO:0007214,GABRQ
GO:0007215,GRIK1
GO:0007215,GRIK2
GO:0007215,GRIK3
GO:0007215,GRIK4
GO:0007215,GRIK5
GO:0007219,MAML1
GO:0007219,NOTCH1
GO:0007219,RBPJ
GO:0007220,APH1A
GO:0007220,APH1B
GO:0007220,NCSTN
GO:0007220,PSENEN
GO:0007229,ITGA1
GO:0007229,ITGA10
GO:0007229,ITGA11
GO:0007229,ITGA2
GO:0007229,ITGA2B
GO:0007229,ITGA3
GO:0007229,ITGA4
GO:0007229,ITGA5
GO:0007229,ITGA6
GO:0007229,ITGA7
GO:0007229,ITGA8
GO:0007229,ITGA9
GO:0007229,ITGAD
GO:0007229,ITGAE
GO:0007229,ITGAL
GO:0007229,ITGAM
GO:0007229,ITGAV
GO:0007229,ITGAX
GO:0007229,ITGB1
GO:0007229,ITGB2
GO:0007229,ITGB3
GO:0007229,ITGB4
GO:0007229,ITGB5
GO:0007229,ITGB6
GO:0007229,ITGB7
GO:0007229,ITGB8
GO:0007231,CASP1
GO:0007231,NLRP3
GO:0007231,PYCARD
GO:0007249,CHUK
GO:0007249,IKBKB
GO:0007249,IKBKG
GO:0007249,IRAK1
GO:0007249,IRAK2
GO:0007249,IRAK4
GO:0007249,MAP3K7
GO:0007249,MYD88
GO:0007249,TAB1
GO:0007249,TAB2
GO:0007249,TAB3
GO:0007250,LTA
GO:0007250,LTB
GO:0007250,LTBR
GO:0007250,TNFRSF1A
GO:0007250,TNFRSF1B
GO:0007259,CSF2
GO:0007259,CSF2RA
GO:0007259,CSF2RB
GO:0007259,EBI3
GO:0007259,IL10
GO:0007259,IL10RA
GO:0007259,IL10RB
GO:0007259,IL13
GO:0007259,IL13RA1
GO:0007259,IL15
GO:0007259,IL15RA
GO:0007259,IL2
GO:0007259,IL20RA
GO:0007259,IL21
GO:0007259,IL21R
GO:0007259,IL26
GO:0007259,IL27
GO:0007259,IL27RA
GO:0007259,IL2RA
GO:0007259,IL2RB
GO:0007259,IL2RG
GO:0007259,IL4
GO:0007259,IL4R
GO:0007259,IL5
GO:0007259,IL5RA
GO:0007259,IL6
GO:0007259,IL6ST
GO:0007259,JAK1
GO:0007259,JAK2
GO:0007259,PKD1
GO:0007259,PKD2
GO:0007259,STAT1
GO:0007259,STAT2
GO:0007259,STAT3
GO:0007259,STAT4
GO:0007259,STAT5A
GO:0007259,STAT5B
GO:0007259,STAT6
GO:0007259,TYK2
GO:0007263,NOS2
GO:0007263,S100A8
GO:0007263,S100A9
GO:0007265,HRAS
GO:0007265,SOS1
GO:0007266,ARHGEF12
GO:0007266,GIPC1
GO:0007266,MYO6
GO:0007266,SH3BP4
GO:0007267,IL26
GO:0007268,KCND3
GO:0007268,KCNIP1
GO:0007283,CATSPER1
GO:0007283,CATSPER2
GO:0007283,CATSPER3
GO:0007283,CATSPER4
GO:0007283,CATSPERB
GO:0007283,CATSPERD
GO:0007283,CATSPERE
GO:0007283,CATSPERE1
GO:0007283,CATSPERG
GO:0007283,CATSPERG2
GO:0007283,CATSPERZ
GO:0007283,CCNA1
GO:0007283,CCNY
GO:0007283,CDK1
GO:0007283,CDK16
GO:0007283,CDK2
GO:0007283,CUL4A
GO:0007283,CUL4B
GO:0007283,DCAF17
GO:0007283,DDB1
GO:0007283,EFCAB9
GO:0007283,PSMA1
GO:0007283,PSMA2
GO:0007283,PSMA3
GO:0007283,PSMA4
GO:0007283,PSMA5
GO:0007283,PSMA6
GO:0007283,PSMA8
GO:0007283,PSMB1
GO:0007283,PSMB2
GO:0007283,PSMB3
GO:0007283,PSMB4
GO:0007283,PSMB5
GO:0007283,PSMB6
GO:0007283,PSMB7
GO:0007283,RBX1
GO:0007283,RPL10A
GO:0007283,RPL10L
GO:0007283,RPL11
GO:0007283,RPL12
GO:0007283,RPL13
GO:0007283,RPL13A
GO:0007283,RPL14
GO:0007283,RPL15
GO:0007283,RPL17
GO:0007283,RPL18
GO:0007283,RPL18A
GO:0007283,RPL19
GO:0007283,RPL21
GO:0007283,RPL23
GO:0007283,RPL23A
GO:0007283,RPL24
GO:0007283,RPL26
GO:0007283,RPL27
GO:0007283,RPL27A
GO:0007283,RPL28
GO:0007283,RPL29
GO:0007283,RPL3
GO:0007283,RPL30
GO:0007283,RPL31
GO:0007283,RPL32
GO:0007283,RPL34
GO:0007283,RPL34-PS1
GO:0007283,RPL35
GO:0007283,RPL35A
GO:0007283,RPL36
GO:0007283,RPL36A
GO:0007283,RPL36AL
GO:0007283,RPL37
GO:0007283,RPL37A
GO:0007283,RPL37RT
GO:0007283,RPL38
GO:0007283,RPL39L
GO:0007283,RPL4
GO:0007283,RPL41
GO:0007283,RPL5
GO:0007283,RPL6
GO:0007283,RPL7
GO:0007283,RPL7A
GO:0007283,RPL8
GO:0007283,RPL9
GO:0007283,RPLP0
GO:0007283,RPLP1
GO:0007283,RPLP2
GO:0007283,SLCO6C1
GO:0007283,TMEM249
GO:0007283,TMEM262
GO:0007283,UBA52
GO:0007346,ANAPC1
GO:0007346,ANAPC10
GO:0007346,ANAPC11
GO:0007346,ANAPC13
GO:0007346,ANAPC15
GO:0007346,ANAPC16
GO:0007346,ANAPC2
GO:0007346,ANAPC4
GO:0007346,ANAPC5
GO:0007346,ANAPC7
GO:0007346,CDC16
GO:0007346,CDC20
GO:0007346,CDC23
GO:0007346,CDC26
GO:0007346,CDC27
GO:0007346,CUL1
GO:0007346,FBXW7
GO:0007346,FZR1
GO:0007346,GMNN
GO:0007346,MCIDAS
GO:0007346,RBX1
GO:0007346,SKP1
GO:0007413,CDK5
GO:0007413,CDK5R2
GO:0007416,NLGN1
GO:0007416,NRXN1
GO:0007420,BPTF
GO:0007420,RBBP4
GO:0007420,RBBP7
GO:0007420,SMARCA1
GO:0007507,NKX2-5
GO:0007528,TNC
GO:0007596,GP1BA
GO:0007596,GP1BB
GO:0007596,GP9
GO:0007597,FLNA
GO:0007597,GP1BA
GO:0007597,GP1BB
GO:0007597,GP5
GO:0007597,GP9
GO:0008013,APC
GO:0008013,APC2
GO:0008013,AXIN1
GO:0008013,AXIN2
GO:0008013,CSNK1A1
GO:0008013,GSK3A
GO:0008013,GSK3B
GO:0008016,KCND2
GO:0008016,KCND3
GO:0008016,KCNIP1
GO:0008016,KCNIP2
GO:0008017,AKTIP
GO:0008017,AURKB
GO:0008017,BIRC5
GO:0008017,CCDC65
GO:0008017,CDCA8
GO:0008017,CENPJ
GO:0008017,DRC1
GO:0008017,DRC3
GO:0008017,DRC7
GO:0008017,DYNC1H1
GO:0008017,DYNC1I2
GO:0008017,DYNC1LI2
GO:0008017,DYNLL1
GO:0008017,DYNLRB1
GO:0008017,DYNLT1
GO:0008017,DYNLT1A
GO:0008017,DYNLT1B
GO:0008017,DYNLT1C
GO:0008017,DYNLT1F
GO:0008017,EFCAB2
GO:0008017,FBXL13
GO:0008017,FHIP1A
GO:0008017,FHIP1B
GO:0008017,FHIP2A
GO:0008017,GAS8
GO:0008017,HOOK1
GO:0008017,HOOK2
GO:0008017,HOOK3
GO:0008017,INCENP
GO:0008017,IQCA1
GO:0008017,IQCD
GO:0008017,IQCG
GO:0008017,KIF3A
GO:0008017,KIF3B
GO:0008017,KIF3C
GO:0008017,KIFAP3
GO:0008017,S100A9
GO:0008017,SASS6
GO:0008017,STIL
GO:0008017,TCTE1
GO:0008021,ADRM1
GO:0008021,PSMA1
GO:0008021,PSMA2
GO:0008021,PSMA3
GO:0008021,PSMA4
GO:0008021,PSMA5
GO:0008021,PSMA6
GO:0008021,PSMA7
GO:0008021,PSMB1
GO:0008021,PSMB2
GO:0008021,PSMB3
GO:0008021,PSMB4
GO:0008021,PSMB5
GO:0008021,PSMB6
GO:0008021,PSMB7
GO:0008021,PSMC1
GO:0008021,PSMC2
GO:0008021,PSMC3
GO:0008021,PSMC4
GO:0008021,PSMC5
GO:0008021,PSMC6
GO:0008021,PSMD1
GO:0008021,PSMD11
GO:0008021,PSMD12
GO:0008021,PSMD13
GO:0008021,PSMD14
GO:0008021,PSMD2
GO:0008021,PSMD3
GO:0008021,PSMD4
GO:0008021,PSMD6
GO:0008021,PSMD7
GO:0008021,PSMD8
GO:0008021,SEM1
GO:0008023,ELL
GO:0008023,ELL2
GO:0008023,ELL3
GO:0008023,ICE1
GO:0008023,ICE2
GO:0008023,ZC3H8
GO:0008024,CCNT1
GO:0008024,CDK9
GO:0008074,GUCY1A1
GO:0008074,GUCY1A2
GO:0008074,GUCY1B1
GO:0008076,CALM1
GO:0008076,CALM2
GO:0008076,CALM3
GO:0008076,KCNE1
GO:0008076,KCNE2
GO:0008076,KCNH2
GO:0008076,KCNQ1
GO:0008080,ELP1
GO:0008080,ELP2
GO:0008080,ELP3
GO:0008080,ELP4
GO:0008080,ELP5
GO:0008080,ELP6
GO:0008083,PDGFA
GO:0008083,PDGFB
GO:0008083,PDGFC
GO:0008083,PDGFD
GO:0008083,PDGFRA
GO:0008083,PDGFRB
GO:0008083,VEGFA
GO:0008083,VEGFB
GO:0008083,VEGFC
GO:0008091,SPTA1
GO:0008091,SPTB
GO:0008094,ACTL6A
GO:0008094,ACTR5
GO:0008094,ACTR8
GO:0008094,BAZ1A
GO:0008094,CHD3
GO:0008094,CHD4
GO:0008094,GATAD2A
GO:0008094,GATAD2B
GO:0008094,HDAC1
GO:0008094,HDAC2
GO:0008094,INO80
GO:0008094,INO80B
GO:0008094,INO80C
GO:0008094,INO80D
GO:0008094,INO80E
GO:0008094,MBD2
GO:0008094,MBD3
GO:0008094,MCRS1
GO:0008094,MSH2
GO:0008094,MSH3
GO:0008094,MSH6
GO:0008094,MTA1
GO:0008094,MTA2
GO:0008094,MTA3
GO:0008094,NFRKB
GO:0008094,RBBP4
GO:0008094,RBBP7
GO:0008094,RUVBL1
GO:0008094,RUVBL2
GO:0008094,SMARCA5
GO:0008094,TFPT
GO:0008094,UCHL5
GO:0008094,YY1
GO:0008121,CYC1
GO:0008121,CYTB
GO:0008121,UQCR10
GO:0008121,UQCR11
GO:0008121,UQCRB
GO:0008121,UQCRC1
GO:0008121,UQCRC2
GO:0008121,UQCRH
GO:0008121,UQCRQ
GO:0008137,ND1
GO:0008137,ND2
GO:0008137,ND3
GO:0008137,ND4
GO:0008137,ND4L
GO:0008137,ND5
GO:0008137,ND6
GO:0008137,NDUFA1
GO:0008137,NDUFA10
GO:0008137,NDUFA11
GO:0008137,NDUFA12
GO:0008137,NDUFA13
GO:0008137,NDUFA2
GO:0008137,NDUFA3
GO:0008137,NDUFA5
GO:0008137,NDUFA6
GO:0008137,NDUFA7
GO:0008137,NDUFA8
GO:0008137,NDUFA9
GO:0008137,NDUFAB1
GO:0008137,NDUFB1
GO:0008137,NDUFB10
GO:0008137,NDUFB11
GO:0008137,NDUFB2
GO:0008137,NDUFB3
GO:0008137,NDUFB4
GO:0008137,NDUFB4B
GO:0008137,NDUFB4C
GO:0008137,NDUFB5
GO:0008137,NDUFB6
GO:0008137,NDUFB7
GO:0008137,NDUFB8
GO:0008137,NDUFB9
GO:0008137,NDUFC1
GO:0008137,NDUFC2
GO:0008137,NDUFS1
GO:0008137,NDUFS2
GO:0008137,NDUFS3
GO:0008137,NDUFS4
GO:0008137,NDUFS5
GO:0008137,NDUFS6
GO:0008137,NDUFS7
GO:0008137,NDUFS8
GO:0008137,NDUFV1
GO:0008137,NDUFV2
GO:0008137,NDUFV3
GO:0008142,NR1H2
GO:0008142,NR1H3
GO:0008142,RXRA
GO:0008142,RXRB
GO:0008143 binding),CSDE1
GO:0008143 binding),HNRNPD
GO:0008143 binding),PABPC1
GO:0008143 binding),PAIP1
GO:0008143 binding),SYNCRIP
GO:0008173,THUMPD2
GO:0008173,TRMT11
GO:0008173,TRMT112
GO:0008175,HSD17B10
GO:0008175,PRORP
GO:0008175,TRMT10C
GO:0008176-methyltransferase activity),METTL1
GO:0008176-methyltransferase activity),WDR4
GO:0008177 activity),SDHA
GO:0008177 activity),SDHB
GO:0008177 activity),SDHC
GO:0008177 activity),SDHD
GO:0008180,COPS2
GO:0008180,COPS3
GO:0008180,COPS4
GO:0008180,COPS5
GO:0008180,COPS6
GO:0008180,COPS7A
GO:0008180,COPS7B
GO:0008180,COPS8
GO:0008180,GPS1
GO:0008194,EXT1
GO:0008194,EXT2
GO:0008199,RRM1
GO:0008199,RRM2
GO:0008199,RRM2B
GO:0008201,CFH
GO:0008201,COL13A1
GO:0008201,COL25A1
GO:0008201,THBS1
GO:0008201,THBS2
GO:0008201,THBS3
GO:0008201,TNFRSF11B
GO:0008201,TNXB
GO:0008201,VEGFA
GO:0008203,INSIG1
GO:0008203,INSIG2
GO:0008203,SCAP
GO:0008203,SREBF1
GO:0008203,SREBF2
GO:0008217,EMILIN1
GO:0008217,EMILIN2
GO:0008217,NPR1
GO:0008217,SCNN1A
GO:0008217,SCNN1B
GO:0008217,SCNN1D
GO:0008217,SCNN1G
GO:0008233,PSMA1
GO:0008233,PSMA2
GO:0008233,PSMA3
GO:0008233,PSMA4
GO:0008233,PSMA5
GO:0008233,PSMA6
GO:0008233,PSMA7
GO:0008233,PSMB1
GO:0008233,PSMB2
GO:0008233,PSMB3
GO:0008233,PSMB4
GO:0008233,PSMB5
GO:0008233,PSMB6
GO:0008233,PSMB7
GO:0008233,PSME1
GO:0008233,PSME2
GO:0008233,PSME3
GO:0008247,PAFAH1B1
GO:0008247,PAFAH1B2
GO:0008247,PAFAH1B3
GO:0008250,DAD1
GO:0008250,DDOST
GO:0008250,KRTCAP2
GO:0008250,MAGT1
GO:0008250,OST4
GO:0008250,OSTC
GO:0008250,RPN1
GO:0008250,RPN2
GO:0008250,STT3A
GO:0008250,STT3B
GO:0008250,TMEM258
GO:0008250,TUSC3
GO:0008270,ATXN7
GO:0008270,ATXN7L3
GO:0008270,BIRC5
GO:0008270,CLPP
GO:0008270,CLPX
GO:0008270,COL18A1
GO:0008270,COL9A1
GO:0008270,COL9A2
GO:0008270,COL9A3
GO:0008270,ENY2
GO:0008270,FN1
GO:0008270,FNTA
GO:0008270,GRIN1
GO:0008270,GRIN2A
GO:0008270,GRIN2B
GO:0008270,GRIN2C
GO:0008270,GRIN2D
GO:0008270,KAT2A
GO:0008270,KAT2B
GO:0008270,PGGT1B
GO:0008270,RABGGTA
GO:0008270,RABGGTB
GO:0008270,SCNN1A
GO:0008270,SCNN1B
GO:0008270,SCNN1D
GO:0008270,SCNN1G
GO:0008270,SF3B3
GO:0008270,SF3B5
GO:0008270,SGF29
GO:0008270,SLC30A1
GO:0008270,SLC30A10
GO:0008270,SLC30A2
GO:0008270,SLC30A3
GO:0008270,SLC30A4
GO:0008270,SLC30A5
GO:0008270,SLC30A6
GO:0008270,SLC30A7
GO:0008270,SLC30A8
GO:0008270,SUPT20
GO:0008270,SUPT20H
GO:0008270,SUPT3
GO:0008270,SUPT3H
GO:0008270,SUPT7L
GO:0008270,TADA1
GO:0008270,TADA2B
GO:0008270,TADA3
GO:0008270,TAF10
GO:0008270,TAF12
GO:0008270,TAF2
GO:0008270,TAF4
GO:0008270,TAF5
GO:0008270,TAF5L
GO:0008270,TAF6
GO:0008270,TAF6L
GO:0008270,TAF7
GO:0008270,TAF9
GO:0008270,TRRAP
GO:0008270,USP22
GO:0008276,CLNS1A
GO:0008276,COPRS
GO:0008276,PRMT5
GO:0008276,RIOK1
GO:0008276,WDR77
GO:0008282,ABCC8
GO:0008282,KCNJ11
GO:0008283,CUL4A
GO:0008283,CUL4B
GO:0008283,DCAF4
GO:0008283,DDB1
GO:0008283,RBX1
GO:0008284,ACTB
GO:0008284,ACTL6A
GO:0008284,ACTL6B
GO:0008284,BCL7A
GO:0008284,BCL7B
GO:0008284,BCL7C
GO:0008284,BICRA
GO:0008284,BICRAL
GO:0008284,BRD9
GO:0008284,CSF2RB
GO:0008284,IL10
GO:0008284,IL10RA
GO:0008284,IL10RB
GO:0008284,IL3
GO:0008284,IL3RA
GO:0008284,SMARCA2
GO:0008284,SMARCA4
GO:0008284,SMARCC1
GO:0008284,SMARCD1
GO:0008284,SS18
GO:0008284,TNXB
GO:0008285,ATG101
GO:0008285,ATG13
GO:0008285,MMRN2
GO:0008285,RB1CC1
GO:0008285,ULK1
GO:0008287,AKAP5
GO:0008287,CALM1
GO:0008287,CALM2
GO:0008287,CALM3
GO:0008287,PPP3CA
GO:0008287,PPP3CB
GO:0008287,PPP3CC
GO:0008287,PPP3R1
GO:0008287,PPP3R2
GO:0008290,CAPZA1
GO:0008290,CAPZA2
GO:0008290,CAPZB
GO:0008296,MRE11
GO:0008296,MRE11A
GO:0008296,NBN
GO:0008296,POLD1
GO:0008296,POLD2
GO:0008296,POLD3
GO:0008296,POLD4
GO:0008296,RAD50
GO:0008296,RBBP8
GO:0008301,ACTB
GO:0008301,ACTL6A
GO:0008301,ACTL6B
GO:0008301,ARID1A
GO:0008301,ARID1B
GO:0008301,ARID2
GO:0008301,BCL7A
GO:0008301,BCL7B
GO:0008301,BCL7C
GO:0008301,BRD7
GO:0008301,DPF1
GO:0008301,DPF2
GO:0008301,DPF3
GO:0008301,PBRM1
GO:0008301,PHF10
GO:0008301,POLRMT
GO:0008301,SMARCA2
GO:0008301,SMARCA4
GO:0008301,SMARCB1
GO:0008301,SMARCC1
GO:0008301,SMARCC2
GO:0008301,SMARCD1
GO:0008301,SMARCD2
GO:0008301,SMARCD3
GO:0008301,SMARCE1
GO:0008301,TFAM
GO:0008301,TFB2M
GO:0008303,CASP9
GO:0008305,ITGA3
GO:0008305,ITGB3
GO:0008307,SGCA
GO:0008307,SGCB
GO:0008307,SGCD
GO:0008307,SGCG
GO:0008307,SNTA1
GO:0008307,SNTB1
GO:0008307,SSPN
GO:0008307,TCAP
GO:0008307,TTN
GO:0008320,DNAJC15
GO:0008320,DNAJC19
GO:0008320,GRPEL1
GO:0008320,GRPEL2
GO:0008320,HSPA9
GO:0008320,PAM16
GO:0008320,ROMO1
GO:0008320,TIMM17A
GO:0008320,TIMM17B
GO:0008320,TIMM21
GO:0008320,TIMM23
GO:0008320,TIMM44
GO:0008320,TIMM50
GO:0008334,NCBP1
GO:0008334,NCBP2
GO:0008352,KATNA1
GO:0008352,KATNAL1
GO:0008352,KATNAL2
GO:0008352,KATNB1
GO:0008352,KATNBL1
GO:0008353,CCNK
GO:0008353,CCNT1
GO:0008353,CDK12
GO:0008353,CDK13
GO:0008353,CDK9
GO:0008360,SPTA1
GO:0008360,SPTB
GO:0008384,CHUK
GO:0008384,IKBKB
GO:0008384,IKBKG
GO:0008385,CHUK
GO:0008385,IKBKB
GO:0008385,IKBKG
GO:0008408,HUS1
GO:0008408,RAD1
GO:0008408,RAD9A
GO:0008425,COQ3
GO:0008425,COQ4
GO:0008425,COQ5
GO:0008425,COQ6
GO:0008425,COQ7
GO:0008425,COQ9
GO:0008479,QTRT1
GO:0008479,QTRT2
GO:0008503,GABRA1
GO:0008503,GABRA2
GO:0008503,GABRA3
GO:0008503,GABRA4
GO:0008503,GABRA5
GO:0008503,GABRA6
GO:0008503,GABRB1
GO:0008503,GABRB2
GO:0008503,GABRB3
GO:0008503,GABRD
GO:0008503,GABRG2
GO:0008503,GABRG3
GO:0008503,GABRQ
GO:0008514,CATSPER1
GO:0008514,CATSPER2
GO:0008514,CATSPER3
GO:0008514,CATSPER4
GO:0008514,CATSPERB
GO:0008514,CATSPERD
GO:0008514,CATSPERE
GO:0008514,CATSPERE1
GO:0008514,CATSPERG
GO:0008514,CATSPERG2
GO:0008514,CATSPERZ
GO:0008514,EFCAB9
GO:0008514,SLCO6C1
GO:0008514,TMEM249
GO:0008514,TMEM262
GO:0008528,CALCRL
GO:0008568,KATNA1
GO:0008568,KATNAL1
GO:0008568,KATNAL2
GO:0008568,KATNB1
GO:0008568,KATNBL1
GO:0008574,KIF3A
GO:0008574,KIF3B
GO:0008574,KIF3C
GO:0008574,KIFAP3
GO:0008608,DSN1
GO:0008608,MIS12
GO:0008608,NDC80
GO:0008608,NSL1
GO:0008608,NUF2
GO:0008608,PMF1
GO:0008608,PMF1-BGLAP
GO:0008608,SPC24
GO:0008608,SPC25
GO:0008622,POLE
GO:0008622,POLE2
GO:0008622,POLE3
GO:0008622,POLE4
GO:0008623,BAZ1A
GO:0008623,CHRAC1
GO:0008623,POLE3
GO:0008623,SMARCA5
GO:0008625,BIRC2
GO:0008625,BIRC3
GO:0008625,RIPK1
GO:0008625,TRADD
GO:0008625,TRAF2
GO:0008625,TRAF5
GO:0008630,BIRC2
GO:0008630,BIRC3
GO:0008630,RIPK1
GO:0008630,TRADD
GO:0008630,TRAF2
GO:0008630,TRAF5
GO:0008656,CASP2
GO:0008656,CRADD
GO:0008656,PIDD1
GO:0008757,BUD23
GO:0008757,N6AMT1
GO:0008757,TRMT112
GO:0008900,ATP4A
GO:0008900,ATP4B
GO:0008948,MDH1
GO:0008948,ME1
GO:0008948,PC
GO:0008988-methyltransferase activity),METTL5
GO:0008988-methyltransferase activity),TRMT112
GO:0009055,CYC1
GO:0009055,CYTB
GO:0009055,ETFA
GO:0009055,ETFB
GO:0009055,UQCR10
GO:0009055,UQCR11
GO:0009055,UQCRB
GO:0009055,UQCRC1
GO:0009055,UQCRC2
GO:0009055,UQCRH
GO:0009055,UQCRQ
GO:0009060,ND1
GO:0009060,ND2
GO:0009060,ND3
GO:0009060,ND4
GO:0009060,ND4L
GO:0009060,ND5
GO:0009060,ND6
GO:0009060,NDUFA1
GO:0009060,NDUFA10
GO:0009060,NDUFA11
GO:0009060,NDUFA12
GO:0009060,NDUFA13
GO:0009060,NDUFA2
GO:0009060,NDUFA3
GO:0009060,NDUFA5
GO:0009060,NDUFA6
GO:0009060,NDUFA7
GO:0009060,NDUFA8
GO:0009060,NDUFA9
GO:0009060,NDUFAB1
GO:0009060,NDUFB1
GO:0009060,NDUFB10
GO:0009060,NDUFB11
GO:0009060,NDUFB2
GO:0009060,NDUFB3
GO:0009060,NDUFB4
GO:0009060,NDUFB4B
GO:0009060,NDUFB4C
GO:0009060,NDUFB5
GO:0009060,NDUFB6
GO:0009060,NDUFB7
GO:0009060,NDUFB8
GO:0009060,NDUFB9
GO:0009060,NDUFC1
GO:0009060,NDUFC2
GO:0009060,NDUFS1
GO:0009060,NDUFS2
GO:0009060,NDUFS3
GO:0009060,NDUFS4
GO:0009060,NDUFS5
GO:0009060,NDUFS6
GO:0009060,NDUFS7
GO:0009060,NDUFS8
GO:0009060,NDUFV1
GO:0009060,NDUFV2
GO:0009060,NDUFV3
GO:0009063,ETFA
GO:0009063,ETFB
GO:0009081,PCCA
GO:0009081,PCCB
GO:0009083,BCKDHA
GO:0009083,BCKDHB
GO:0009083,DBT
GO:0009083,DLD
GO:0009083,MCCC1
GO:0009083,MCCC2
GO:0009185,RRM1
GO:0009185,RRM2
GO:0009185,RRM2B
GO:0009265,RRM1
GO:0009265,RRM2
GO:0009265,RRM2B
GO:0009298,GMPPA
GO:0009298,GMPPB
GO:0009298,PMM1
GO:0009328,FARSA
GO:0009328,FARSB
GO:0009361),SUCLA2
GO:0009361),SUCLG1
GO:0009368,CLPP
GO:0009368,CLPX
GO:0009378,BLM
GO:0009378,RMI1
GO:0009378,RMI2
GO:0009378,TOP3A
GO:0009449,GAD1
GO:0009449,GAD2
GO:0009611,TNC
GO:0009755,CGA
GO:0009755,CGB3
GO:0009755,CGB5
GO:0009755,CGB8
GO:0009755,LHB
GO:0009755,NR1H2
GO:0009755,NR1H3
GO:0009755,RXRA
GO:0009755,RXRB
GO:0009897,PLAU
GO:0009897,PLAUR
GO:0009898,AP2A1
GO:0009898,AP2A2
GO:0009898,AP2B1
GO:0009898,AP2M1
GO:0009898,AP2S1
GO:0009966,CCNK
GO:0009966,CDK13
GO:0010008,ATP6AP1
GO:0010008,ATP6AP2
GO:0010008,ATP6V0B
GO:0010008,ATP6V0C
GO:0010008,ATP6V1A
GO:0010008,ATP6V1D
GO:0010008,ATP6V1F
GO:0010008,ATP6V1H
GO:0010008,CCDC22
GO:0010008,CCDC93
GO:0010008,COMMD1
GO:0010008,COMMD10
GO:0010008,COMMD2
GO:0010008,COMMD3
GO:0010008,COMMD4
GO:0010008,COMMD5
GO:0010008,COMMD6
GO:0010008,COMMD7
GO:0010008,COMMD8
GO:0010008,COMMD9
GO:0010008,DENND10
GO:0010008,MVB12A
GO:0010008,RNASEK
GO:0010008,SNX1
GO:0010008,SNX2
GO:0010008,SNX32
GO:0010008,SNX5
GO:0010008,SNX6
GO:0010008,TCIRG1
GO:0010008,TSG101
GO:0010008,UBAP1
GO:0010008,VPS26A
GO:0010008,VPS26B
GO:0010008,VPS26C
GO:0010008,VPS28
GO:0010008,VPS29
GO:0010008,VPS35
GO:0010008,VPS35L
GO:0010008,VPS37A
GO:0010008,VPS37B
GO:0010008,VPS37C
GO:0010008,VPS37D
GO:0010107,KCNJ2
GO:0010248,ATP1A1
GO:0010248,ATP1B1
GO:0010248,FXYD1
GO:0010248,FXYD2
GO:0010248,FXYD3
GO:0010248,FXYD4
GO:0010248,FXYD5
GO:0010248,FXYD6
GO:0010248,FXYD7
GO:0010385,CHD3
GO:0010385,CHD4
GO:0010385,GATAD2A
GO:0010385,GATAD2B
GO:0010385,HDAC1
GO:0010385,HDAC2
GO:0010385,MBD2
GO:0010385,MTA1
GO:0010385,MTA2
GO:0010385,MTA3
GO:0010385,RBBP4
GO:0010385,RBBP7
GO:0010420,COQ3
GO:0010420,COQ4
GO:0010420,COQ5
GO:0010420,COQ6
GO:0010420,COQ7
GO:0010420,COQ9
GO:0010484,ATXN7
GO:0010484,ATXN7L3
GO:0010484,ENY2
GO:0010484,ING4
GO:0010484,ING5
GO:0010484,JADE1
GO:0010484,JADE2
GO:0010484,JADE3
GO:0010484,KAT2A
GO:0010484,KAT7
GO:0010484,MEAF6
GO:0010484,SF3B3
GO:0010484,SF3B5
GO:0010484,SGF29
GO:0010484,SUPT20H
GO:0010484,SUPT3H
GO:0010484,SUPT7L
GO:0010484,TADA1
GO:0010484,TADA2B
GO:0010484,TADA3
GO:0010484,TAF10
GO:0010484,TAF12
GO:0010484,TAF2
GO:0010484,TAF4
GO:0010484,TAF5
GO:0010484,TAF5L
GO:0010484,TAF6
GO:0010484,TAF6L
GO:0010484,TAF7
GO:0010484,TAF9
GO:0010484,TRRAP
GO:0010484,USP22
GO:0010485,ACTB
GO:0010485,ACTL6A
GO:0010485,BRD8
GO:0010485,DMAP1
GO:0010485,EP400
GO:0010485,EPC1
GO:0010485,EPC2
GO:0010485,ING3
GO:0010485,KAT5
GO:0010485,MBTD1
GO:0010485,MEAF6
GO:0010485,MORF4L1
GO:0010485,MORF4L2
GO:0010485,MRGBP
GO:0010485,RUVBL1
GO:0010485,RUVBL2
GO:0010485,TRRAP
GO:0010485,VPS72
GO:0010485,YEATS4
GO:0010494,FMR1
GO:0010494,FXR1
GO:0010494,FXR2
GO:0010498,ADRM1
GO:0010498,PSMA1
GO:0010498,PSMA2
GO:0010498,PSMA3
GO:0010498,PSMA4
GO:0010498,PSMA5
GO:0010498,PSMA6
GO:0010498,PSMA7
GO:0010498,PSMA8
GO:0010498,PSMB1
GO:0010498,PSMB10
GO:0010498,PSMB11
GO:0010498,PSMB2
GO:0010498,PSMB3
GO:0010498,PSMB4
GO:0010498,PSMB5
GO:0010498,PSMB6
GO:0010498,PSMB7
GO:0010498,PSMB8
GO:0010498,PSMB9
GO:0010498,PSMC1
GO:0010498,PSMC2
GO:0010498,PSMC3
GO:0010498,PSMC4
GO:0010498,PSMC5
GO:0010498,PSMC6
GO:0010498,PSMD1
GO:0010498,PSMD11
GO:0010498,PSMD12
GO:0010498,PSMD13
GO:0010498,PSMD14
GO:0010498,PSMD2
GO:0010498,PSMD3
GO:0010498,PSMD4
GO:0010498,PSMD6
GO:0010498,PSMD7
GO:0010498,PSMD8
GO:0010498,SEM1
GO:0010499,PSMA1
GO:0010499,PSMA2
GO:0010499,PSMA3
GO:0010499,PSMA4
GO:0010499,PSMA5
GO:0010499,PSMA6
GO:0010499,PSMA7
GO:0010499,PSMB1
GO:0010499,PSMB2
GO:0010499,PSMB3
GO:0010499,PSMB4
GO:0010499,PSMB5
GO:0010499,PSMB6
GO:0010499,PSMB7
GO:0010499,PSME4
GO:0010506,BECN1
GO:0010506,CUL4A
GO:0010506,CUL4B
GO:0010506,DCAF12
GO:0010506,DDB1
GO:0010506,PIK3C3
GO:0010506,PIK3R4
GO:0010506,RBX1
GO:0010506,SMCR8
GO:0010506,UVRAG
GO:0010506,WDR41
GO:0010507,MLST8
GO:0010507,MTOR
GO:0010507,RPTOR
GO:0010508,ATG101
GO:0010508,ATG13
GO:0010508,CCNY
GO:0010508,CDK16
GO:0010508,RB1CC1
GO:0010508,ULK1
GO:0010564,BIN1
GO:0010564,BTRC
GO:0010564,CCNF
GO:0010564,CUL1
GO:0010564,FBXW2
GO:0010564,MYC
GO:0010564,RBX1
GO:0010564,SKP1
GO:0010572,FLNA
GO:0010572,GP1BA
GO:0010572,GP1BB
GO:0010572,GP5
GO:0010572,GP9
GO:0010628,TNC
GO:0010718,TNXB
GO:0010755,PLAU
GO:0010755,PLAUR
GO:0010756,ANXA2
GO:0010756,S100A10
GO:0010757,PLAT
GO:0010757,PLAU
GO:0010757,SERPINE1
GO:0010803,TRIM27
GO:0010803,USP7
GO:0010824,CUL1
GO:0010824,FBXL13
GO:0010824,RBX1
GO:0010824,SKP1
GO:0010833,CTC1
GO:0010833,STN1
GO:0010833,TEN1
GO:0010837,IL17RA
GO:0010837,IL17RB
GO:0010837,IL25
GO:0010837,TRAF3IP2
GO:0010881,RYR2
GO:0010968,HAUS1
GO:0010968,HAUS2
GO:0010968,HAUS3
GO:0010968,HAUS4
GO:0010968,HAUS5
GO:0010968,HAUS6
GO:0010968,HAUS7
GO:0010968,HAUS8
GO:0010971,RRM1
GO:0010971,RRM2B
GO:0010976,NLGN1
GO:0010976,NRXN1
GO:0010976,TNN
GO:0010977,TNR
GO:0010989,LDLR
GO:0010996,CHRNA10
GO:0010996,CHRNA9
GO:0012506,SLC30A4
GO:0012506,SLC30A7
GO:0014012,TNC
GO:0014032,FGF12
GO:0014032,NOLC1
GO:0014032,TCOF1
GO:0014033,CUL1
GO:0014033,FBXL17
GO:0014033,RBX1
GO:0014033,SKP1
GO:0014041,CDK5
GO:0014041,CDK5R2
GO:0014731,ADD1
GO:0014731,ADD2
GO:0014731,ADD3
GO:0014802,RYR1
GO:0014802,RYR2
GO:0014808,RYR2
GO:0014861,KCNJ2
GO:0015014,EXT1
GO:0015014,EXT2
GO:0015020,UGT2B7
GO:0015026,CD8A
GO:0015026,CD8B
GO:0015026,CD8B1
GO:0015031,APBA1
GO:0015031,CASK
GO:0015031,LIN7A
GO:0015031,LIN7B
GO:0015031,LIN7C
GO:0015031,MVP
GO:0015031,PARP4
GO:0015031,TEP1
GO:0015078,ATP1A1
GO:0015078,ATP1B1
GO:0015078,FXYD1
GO:0015078,FXYD2
GO:0015078,FXYD3
GO:0015078,FXYD4
GO:0015078,FXYD5
GO:0015078,FXYD6
GO:0015078,FXYD7
GO:0015175,ACE2
GO:0015175,SLC3A2
GO:0015175,SLC6A19
GO:0015175,SLC7A10
GO:0015175,SLC7A5
GO:0015175,SLC7A6
GO:0015175,SLC7A7
GO:0015175,SLC7A8
GO:0015184,SLC3A1
GO:0015184,SLC7A9
GO:0015271,KCNE1
GO:0015271,KCNQ1
GO:0015277,GRIK1
GO:0015277,GRIK2
GO:0015277,GRIK3
GO:0015277,GRIK4
GO:0015277,GRIK5
GO:0015280,SCNN1A
GO:0015280,SCNN1B
GO:0015280,SCNN1D
GO:0015280,SCNN1G
GO:0015292,MCU
GO:0015292,MCUB
GO:0015292,MICU1
GO:0015292,MICU2
GO:0015292,MICU3
GO:0015292,SMDT1
GO:0015297,SLC30A1
GO:0015297,SLC30A10
GO:0015297,SLC30A2
GO:0015297,SLC30A3
GO:0015297,SLC30A4
GO:0015297,SLC30A5
GO:0015297,SLC30A6
GO:0015297,SLC30A7
GO:0015297,SLC30A8
GO:0015327,SLC3A2
GO:0015327,SLC7A11
GO:0015459,GABBR1
GO:0015459,GABBR2
GO:0015467,KCNJ3
GO:0015467,KCNJ5
GO:0015485,ERLIN1
GO:0015485,ERLIN2
GO:0015629,ACTR2
GO:0015629,ACTR3
GO:0015629,ACTR3B
GO:0015629,ARPC1A
GO:0015629,ARPC1B
GO:0015629,ARPC2
GO:0015629,ARPC3
GO:0015629,ARPC4
GO:0015629,ARPC5
GO:0015629,ARPC5L
GO:0015629,CAPZA1
GO:0015629,CAPZA2
GO:0015629,CAPZB
GO:0015630,AURKB
GO:0015630,BIRC5
GO:0015630,CDCA8
GO:0015630,INCENP
GO:0015630,KATNA1
GO:0015630,KATNAL1
GO:0015630,KATNAL2
GO:0015630,KATNB1
GO:0015630,KATNBL1
GO:0015670,HBA-A1
GO:0015670,HBA-A2
GO:0015670,HBA-X
GO:0015670,HBA1
GO:0015670,HBA2
GO:0015670,HBB
GO:0015670,HBB-B1
GO:0015670,HBB-B2
GO:0015670,HBB-BH1
GO:0015670,HBB-Y
GO:0015670,HBD
GO:0015670,HBE1
GO:0015670,HBG1
GO:0015670,HBG2
GO:0015670,HBZ
GO:0015671,HBA-A1
GO:0015671,HBA-A2
GO:0015671,HBA-X
GO:0015671,HBA1
GO:0015671,HBA2
GO:0015671,HBB
GO:0015671,HBB-B1
GO:0015671,HBB-B2
GO:0015671,HBB-BH1
GO:0015671,HBB-Y
GO:0015671,HBD
GO:0015671,HBE1
GO:0015671,HBG1
GO:0015671,HBG2
GO:0015671,HBZ
GO:0015889,AMN
GO:0015889,CUBN
GO:0015914,OSBP
GO:0015914,VAPA
GO:0015918,OSBP
GO:0015918,VAPA
GO:0015986,ATP5F1A
GO:0015986,ATP5F1B
GO:0015986,ATP5F1C
GO:0015986,ATP5F1D
GO:0015986,ATP5F1E
GO:0015986,ATP5MC1
GO:0015986,ATP5MC2
GO:0015986,ATP5MC3
GO:0015986,ATP5ME
GO:0015986,ATP5MF
GO:0015986,ATP5MG
GO:0015986,ATP5MGL
GO:0015986,ATP5MJ
GO:0015986,ATP5MK
GO:0015986,ATP5PB
GO:0015986,ATP5PD
GO:0015986,ATP5PF
GO:0015986,ATP5PO
GO:0015986,ATP6
GO:0015986,ATP8
GO:0016010,DTNB
GO:0016010,SGCA
GO:0016010,SGCB
GO:0016010,SGCD
GO:0016010,SGCE
GO:0016010,SGCG
GO:0016010,SGCZ
GO:0016010,SNTA1
GO:0016010,SNTB1
GO:0016010,SNTG1
GO:0016010,SSPN
GO:0016010,UTRN
GO:0016020,AMN
GO:0016020,APBA1
GO:0016020,ATP10B
GO:0016020,ATP11B
GO:0016020,ATP6AP1
GO:0016020,ATP6AP2
GO:0016020,ATP6V0A1
GO:0016020,ATP6V0B
GO:0016020,ATP6V0C
GO:0016020,ATP6V1A
GO:0016020,ATP6V1D
GO:0016020,ATP6V1F
GO:0016020,ATP6V1H
GO:0016020,ATP8B3
GO:0016020,CALM1
GO:0016020,CALM2
GO:0016020,CALM3
GO:0016020,CASK
GO:0016020,CUBN
GO:0016020,KCNQ1
GO:0016020,LIN7A
GO:0016020,LIN7B
GO:0016020,LIN7C
GO:0016020,PKD1
GO:0016020,PKD2
GO:0016020,RNASEK
GO:0016020,SRPRA
GO:0016020,SRPRB
GO:0016020,TMEM30A
GO:0016020,TNFRSF6B
GO:0016020,TNFSF14
GO:0016035,MAD2L2
GO:0016035,POLD2
GO:0016035,POLD3
GO:0016035,REV3L
GO:0016055,PKD1
GO:0016055,PKD2
GO:0016064,IL21
GO:0016064,IL21R
GO:0016064,IL2RG
GO:0016071,ALYREF
GO:0016071,EIF4A3
GO:0016071,MAGOH
GO:0016071,RBM8A
GO:0016175,CYBA
GO:0016175,CYBB
GO:0016175,NCF1
GO:0016175,NCF2
GO:0016175,NCF4
GO:0016175,RAC1
GO:0016175,RAC2
GO:0016175,RAC3
GO:0016180,INTS1
GO:0016180,INTS10
GO:0016180,INTS11
GO:0016180,INTS12
GO:0016180,INTS13
GO:0016180,INTS14
GO:0016180,INTS2
GO:0016180,INTS3
GO:0016180,INTS4
GO:0016180,INTS5
GO:0016180,INTS6
GO:0016180,INTS7
GO:0016180,INTS8
GO:0016180,INTS9
GO:0016183,AP3B2
GO:0016183,AP3D1
GO:0016183,AP3M2
GO:0016183,AP3S1
GO:0016183,AP3S2
GO:0016192,AP1B1
GO:0016192,AP1G1
GO:0016192,AP1M1
GO:0016192,AP1M2
GO:0016192,AP1S1
GO:0016192,AP1S2
GO:0016192,AP1S3
GO:0016192,AP2A1
GO:0016192,AP2A2
GO:0016192,AP2B1
GO:0016192,AP2M1
GO:0016192,AP2S1
GO:0016192,AP3B1
GO:0016192,AP3D1
GO:0016192,AP3M1
GO:0016192,AP3S1
GO:0016192,AP3S2
GO:0016192,AP4B1
GO:0016192,AP4E1
GO:0016192,AP4M1
GO:0016192,AP4S1
GO:0016192,AP5B1
GO:0016192,AP5M1
GO:0016192,AP5S1
GO:0016192,AP5Z1
GO:0016197,LOC124906931
GO:0016197,LOC124908094
GO:0016197,LOC124908102
GO:0016197,WASHC1
GO:0016197,WASHC2
GO:0016197,WASHC2A
GO:0016197,WASHC2C
GO:0016197,WASHC3
GO:0016197,WASHC4
GO:0016197,WASHC5
GO:0016208,PRKAA1
GO:0016208,PRKAA2
GO:0016208,PRKAB1
GO:0016208,PRKAB2
GO:0016208,PRKAG1
GO:0016208,PRKAG2
GO:0016208,PRKAG3
GO:0016226,BOLA1
GO:0016226,BOLA2
GO:0016226,BOLA2B
GO:0016226,BOLA3
GO:0016226,CIAO1
GO:0016226,CIAO2A
GO:0016226,CIAO2B
GO:0016226,CIAO3
GO:0016226,FDX2
GO:0016226,FXN
GO:0016226,GLRX3
GO:0016226,GLRX5
GO:0016226,ISCU
GO:0016226,LOC124907841
GO:0016226,LYRM4
GO:0016226,MMS19
GO:0016226,NDUFAB1
GO:0016226,NFS1
GO:0016226,NUBP1
GO:0016226,NUBP2
GO:0016233,ACD
GO:0016233,POT1
GO:0016233,POT1A
GO:0016233,TERF1
GO:0016233,TERF2
GO:0016233,TERF2IP
GO:0016233,TINF2
GO:0016236,ATG12
GO:0016236,ATG16L1
GO:0016236,ATG16L2
GO:0016236,ATG5
GO:0016236,TECPR1
GO:0016241,ATG14
GO:0016241,BECN1
GO:0016241,PIK3C3
GO:0016241,PIK3R4
GO:0016251,GTF2E1
GO:0016251,GTF2E2
GO:0016251,GTF2F1
GO:0016251,GTF2F2
GO:0016251,TAF1
GO:0016251,TAF10
GO:0016251,TAF11
GO:0016251,TAF12
GO:0016251,TAF13
GO:0016251,TAF2
GO:0016251,TAF3
GO:0016251,TAF4
GO:0016251,TAF4B
GO:0016251,TAF5
GO:0016251,TAF6
GO:0016251,TAF7
GO:0016251,TAF8
GO:0016251,TAF9
GO:0016251,TBP
GO:0016255,GPAA1
GO:0016255,PIGK
GO:0016255,PIGS
GO:0016255,PIGT
GO:0016255,PIGU
GO:0016256,GNPTG
GO:0016272,PFDN1
GO:0016272,PFDN2
GO:0016272,PFDN4
GO:0016272,PFDN5
GO:0016272,PFDN6
GO:0016272,VBP1
GO:0016281,EIF4A1
GO:0016281,EIF4A2
GO:0016281,EIF4E
GO:0016281,EIF4G1
GO:0016281,EIF4G3
GO:0016303,ATG14
GO:0016303,BECN1
GO:0016303,PIK3C3
GO:0016303,PIK3R4
GO:0016303,UVRAG
GO:0016314,PTEN
GO:0016324,AMN
GO:0016324,CRB1
GO:0016324,CRB2
GO:0016324,CRB3
GO:0016324,CUBN
GO:0016324,PALS1
GO:0016324,PATJ
GO:0016339,NLGN1
GO:0016339,NRXN1
GO:0016363,ACTB
GO:0016363,ACTL6A
GO:0016363,ACTL6B
GO:0016363,ANXA2
GO:0016363,ARID2
GO:0016363,BRD7
GO:0016363,HLTF
GO:0016363,PBRM1
GO:0016363,PHF10
GO:0016363,S100A10
GO:0016363,SMARCA4
GO:0016363,SMARCB1
GO:0016363,SMARCC1
GO:0016363,SMARCC2
GO:0016363,SMARCD1
GO:0016363,SMARCD2
GO:0016363,SMARCE1
GO:0016422-methyltransferase activity),CBLL1
GO:0016422-methyltransferase activity),METTL14
GO:0016422-methyltransferase activity),METTL3
GO:0016422-methyltransferase activity),VIRMA
GO:0016422-methyltransferase activity),WTAP
GO:0016422-methyltransferase activity),ZC3H13
GO:0016423 methyltransferase activity),THUMPD3
GO:0016423 methyltransferase activity),TRMT112
GO:0016442,AGO1
GO:0016442,AGO2
GO:0016442,AGO3
GO:0016442,AGO4
GO:0016442,TNRC6A
GO:0016442,TNRC6B
GO:0016479,BAZ2A
GO:0016479,SMARCA5
GO:0016507,HADHA
GO:0016507,HADHB
GO:0016509,HADHA
GO:0016509,HADHB
GO:0016514,ACTB
GO:0016514,ACTL6A
GO:0016514,ACTL6B
GO:0016514,ARID1A
GO:0016514,ARID1B
GO:0016514,BCL7A
GO:0016514,BCL7B
GO:0016514,BCL7C
GO:0016514,DPF2
GO:0016514,DPF3
GO:0016514,PHF10
GO:0016514,SMARCA4
GO:0016514,SMARCB1
GO:0016514,SMARCC1
GO:0016514,SMARCC2
GO:0016514,SMARCD1
GO:0016514,SMARCD2
GO:0016514,SMARCD3
GO:0016514,SMARCE1
GO:0016515,IL13
GO:0016515,IL13RA1
GO:0016515,IL4R
GO:0016516,IL13RA1
GO:0016516,IL2RG
GO:0016516,IL4
GO:0016516,IL4R
GO:0016517,JAK2
GO:0016517,TYK2
GO:0016533,CDK5
GO:0016533,CDK5R1
GO:0016533,CDK5R2
GO:0016556,A1CF
GO:0016556,APOBEC1
GO:0016556,HNRNPAB
GO:0016558,PEX10
GO:0016558,PEX12
GO:0016558,PEX2
GO:0016560,PEX13
GO:0016560,PEX14
GO:0016562,PEX1
GO:0016562,PEX26
GO:0016562,PEX6
GO:0016581,CHD3
GO:0016581,CHD4
GO:0016581,GATAD2A
GO:0016581,GATAD2B
GO:0016581,HDAC1
GO:0016581,HDAC2
GO:0016581,MBD2
GO:0016581,MBD3
GO:0016581,MTA1
GO:0016581,MTA2
GO:0016581,MTA3
GO:0016581,RBBP4
GO:0016581,RBBP7
GO:0016586,ACTB
GO:0016586,ACTL6A
GO:0016586,ACTL6B
GO:0016586,ARID2
GO:0016586,BRD7
GO:0016586,PBRM1
GO:0016586,PHF10
GO:0016586,SMARCA4
GO:0016586,SMARCB1
GO:0016586,SMARCC1
GO:0016586,SMARCC2
GO:0016586,SMARCD1
GO:0016586,SMARCD2
GO:0016586,SMARCE1
GO:0016589,BPTF
GO:0016589,RBBP4
GO:0016589,RBBP7
GO:0016589,SMARCA1
GO:0016590,BAZ1A
GO:0016590,SMARCA5
GO:0016593,CDC73
GO:0016593,CTR9
GO:0016593,LEO1
GO:0016593,PAF1
GO:0016593,RTF1
GO:0016593,SKIC8
GO:0016594,GLRA1
GO:0016594,GLRA2
GO:0016594,GLRA3
GO:0016594,GLRB
GO:0016594,GRIN1
GO:0016594,GRIN2A
GO:0016594,GRIN2B
GO:0016594,GRIN2C
GO:0016594,GRIN2D
GO:0016595,GAD1
GO:0016595,GAD2
GO:0016595,GCLC
GO:0016595,GCLM
GO:0016595,GRIA1
GO:0016595,GRIA2
GO:0016595,GRIK1
GO:0016595,GRIK2
GO:0016595,GRIK3
GO:0016595,GRIK4
GO:0016595,GRIK5
GO:0016595,GRIN1
GO:0016595,GRIN2A
GO:0016595,GRIN2B
GO:0016595,GRIN2C
GO:0016595,GRIN2D
GO:0016602,NFYA
GO:0016602,NFYB
GO:0016602,NFYC
"GO:0016709H as one donor, and incorporation of one atom of oxygen)",COQ3
"GO:0016709H as one donor, and incorporation of one atom of oxygen)",COQ4
"GO:0016709H as one donor, and incorporation of one atom of oxygen)",COQ5
"GO:0016709H as one donor, and incorporation of one atom of oxygen)",COQ6
"GO:0016709H as one donor, and incorporation of one atom of oxygen)",COQ7
"GO:0016709H as one donor, and incorporation of one atom of oxygen)",COQ9
GO:0016712,COQ3
GO:0016712,COQ4
GO:0016712,COQ5
GO:0016712,COQ6
GO:0016712,COQ7
GO:0016712,COQ9
GO:0016755,UBE2N
GO:0016755,UBE2V2
GO:0016769,NOS2
GO:0016769,S100A8
GO:0016769,S100A9
GO:0016780,FKRP
GO:0016780,FKTN
GO:0016780,RXYLT1
GO:0016887,ACTB
GO:0016887,ACTL6A
GO:0016887,ACTL6B
GO:0016887,ADRM1
GO:0016887,AMFR
GO:0016887,ARID1A
GO:0016887,ARID1B
GO:0016887,ARID2
GO:0016887,ATP10A
GO:0016887,ATP10B
GO:0016887,ATP10D
GO:0016887,ATP11A
GO:0016887,ATP11B
GO:0016887,ATP11C
GO:0016887,ATP8A1
GO:0016887,ATP8A2
GO:0016887,ATP8B1
GO:0016887,ATP8B2
GO:0016887,ATP8B3
GO:0016887,ATP8B4
GO:0016887,BAZ1A
GO:0016887,BAZ1B
GO:0016887,BCL7A
GO:0016887,BCL7B
GO:0016887,BCL7C
GO:0016887,BICRA
GO:0016887,BICRAL
GO:0016887,BPTF
GO:0016887,BRD7
GO:0016887,BRD8
GO:0016887,BRD9
GO:0016887,CAMLG
GO:0016887,CDC45
GO:0016887,CHRAC1
GO:0016887,DERL1
GO:0016887,DERL2
GO:0016887,DERL3
GO:0016887,DMAP1
GO:0016887,DNAAF2
GO:0016887,DNAJC15
GO:0016887,DNAJC19
GO:0016887,DPF1
GO:0016887,DPF2
GO:0016887,DPF3
GO:0016887,EP400
GO:0016887,EPC1
GO:0016887,EPC2
GO:0016887,FAF1
GO:0016887,FAF2
GO:0016887,GET1
GO:0016887,GET3
GO:0016887,GRPEL1
GO:0016887,GRPEL2
GO:0016887,HSPA9
GO:0016887,ING3
GO:0016887,KAT5
GO:0016887,MBTD1
GO:0016887,MEAF6
GO:0016887,MLH1
GO:0016887,MLH3
GO:0016887,MORF4L1
GO:0016887,MORF4L2
GO:0016887,MRE11
GO:0016887,MRE11A
GO:0016887,MRGBP
GO:0016887,MYOD1
GO:0016887,NBN
GO:0016887,NCAPD2
GO:0016887,NCAPD3
GO:0016887,NCAPG
GO:0016887,NCAPG2
GO:0016887,NCAPH
GO:0016887,NCAPH2
GO:0016887,NPLOC4
GO:0016887,NSFL1C
GO:0016887,ORC1
GO:0016887,ORC2
GO:0016887,ORC3
GO:0016887,ORC4
GO:0016887,ORC5
GO:0016887,ORC6
GO:0016887,PAM16
GO:0016887,PBRM1
GO:0016887,PDS5B
GO:0016887,PEX1
GO:0016887,PEX26
GO:0016887,PEX6
GO:0016887,PHF10
GO:0016887,PIH1D1
GO:0016887,PIH1D2
GO:0016887,PLAA
GO:0016887,PMS1
GO:0016887,PMS2
GO:0016887,POLE3
GO:0016887,PSMA1
GO:0016887,PSMA2
GO:0016887,PSMA3
GO:0016887,PSMA4
GO:0016887,PSMA5
GO:0016887,PSMA6
GO:0016887,PSMA7
GO:0016887,PSMB1
GO:0016887,PSMB2
GO:0016887,PSMB3
GO:0016887,PSMB4
GO:0016887,PSMB5
GO:0016887,PSMB6
GO:0016887,PSMB7
GO:0016887,PSMC1
GO:0016887,PSMC2
GO:0016887,PSMC3
GO:0016887,PSMC4
GO:0016887,PSMC5
GO:0016887,PSMC6
GO:0016887,PSMD1
GO:0016887,PSMD11
GO:0016887,PSMD12
GO:0016887,PSMD13
GO:0016887,PSMD14
GO:0016887,PSMD2
GO:0016887,PSMD3
GO:0016887,PSMD4
GO:0016887,PSMD6
GO:0016887,PSMD7
GO:0016887,PSMD8
GO:0016887,RAD50
GO:0016887,RAD51B
GO:0016887,RAD51C
GO:0016887,RAD51D
GO:0016887,RBBP4
GO:0016887,RBBP7
GO:0016887,RBBP8
GO:0016887,ROMO1
GO:0016887,RPAP3
GO:0016887,RUVBL1
GO:0016887,RUVBL2
GO:0016887,SEM1
GO:0016887,SMARCA1
GO:0016887,SMARCA2
GO:0016887,SMARCA4
GO:0016887,SMARCA5
GO:0016887,SMARCB1
GO:0016887,SMARCC1
GO:0016887,SMARCC2
GO:0016887,SMARCD1
GO:0016887,SMARCD2
GO:0016887,SMARCD3
GO:0016887,SMARCE1
GO:0016887,SMC2
GO:0016887,SMC4
GO:0016887,SPAG1
GO:0016887,SPIDR
GO:0016887,SS18
GO:0016887,SWSAP1
GO:0016887,TIMM17A
GO:0016887,TIMM17B
GO:0016887,TIMM21
GO:0016887,TIMM23
GO:0016887,TIMM44
GO:0016887,TIMM50
GO:0016887,TMEM30A
GO:0016887,TMEM30B
GO:0016887,TRRAP
GO:0016887,UBXN1
GO:0016887,UBXN2A
GO:0016887,UBXN2B
GO:0016887,UBXN6
GO:0016887,UBXN7
GO:0016887,UFD1
GO:0016887,VCP
GO:0016887,VCPIP1
GO:0016887,VPS4A
GO:0016887,VPS4B
GO:0016887,VPS72
GO:0016887,XRCC2
GO:0016887,YEATS4
GO:0016887,ZSWIM7
GO:0016891,DIS3
GO:0016891,EXOSC1
GO:0016891,EXOSC10
GO:0016891,EXOSC2
GO:0016891,EXOSC3
GO:0016891,EXOSC4
GO:0016891,EXOSC5
GO:0016891,EXOSC6
GO:0016891,EXOSC7
GO:0016891,EXOSC8
GO:0016891,EXOSC9
GO:0016892,CPSF1
GO:0016892,CPSF2
GO:0016892,CPSF3
GO:0016892,CPSF4
GO:0016892,FIP1L1
GO:0016892,SYMPK
GO:0016892,WDR33
GO:0016913,CGA
GO:0016913,FSHB
GO:0016914,CGA
GO:0016914,FSHB
GO:0016925,EID3
GO:0016925,NSMCE1
GO:0016925,NSMCE2
GO:0016925,NSMCE3
GO:0016925,NSMCE4A
GO:0016925,RANBP2
GO:0016925,RANGAP1
GO:0016925,SLF1
GO:0016925,SLF2
GO:0016925,SMC5
GO:0016925,SMC6
GO:0016925,UBE2I
GO:0016934,GLRA1
GO:0016934,GLRA2
GO:0016934,GLRA3
GO:0016934,GLRB
GO:0016935,GLRA1
GO:0016935,GLRA2
GO:0016935,GLRA3
GO:0016935,GLRB
GO:0016941,NPR1
GO:0017005,APLF
GO:0017005,APTX
GO:0017005,LIG3
GO:0017005,PNKP
GO:0017005,POLB
GO:0017005,TDP1
GO:0017005,XRCC1
GO:0017053,GMNN
GO:0017053,HDAC1
GO:0017053,HDAC2
GO:0017053,HOXC9
GO:0017053,HOXD10
GO:0017053,IL37
GO:0017053,JUND
GO:0017053,KDM1A
GO:0017053,MDM2
GO:0017053,MDM4
GO:0017053,MEN1
GO:0017053,RCOR1
GO:0017053,RCOR2
GO:0017053,RCOR3
GO:0017053,SMAD3
GO:0017053,TP53
GO:0017054,DR1
GO:0017054,DRAP1
GO:0017055,DR1
GO:0017055,DRAP1
GO:0017059,SPTLC1
GO:0017059,SPTLC2
GO:0017059,SPTLC3
GO:0017059,SPTSSA
GO:0017059,SPTSSB
GO:0017069,CCNT1
GO:0017069,CDK9
GO:0017069,INTS1
GO:0017069,INTS10
GO:0017069,INTS11
GO:0017069,INTS12
GO:0017069,INTS13
GO:0017069,INTS14
GO:0017069,INTS2
GO:0017069,INTS3
GO:0017069,INTS4
GO:0017069,INTS5
GO:0017069,INTS6
GO:0017069,INTS7
GO:0017069,INTS8
GO:0017069,INTS9
GO:0017069,NCBP1
GO:0017069,NCBP2
GO:0017069,NCBP3
GO:0017069,SNRPB
GO:0017069,SNRPD1
GO:0017069,SNRPD2
GO:0017069,SNRPD3
GO:0017069,SNRPE
GO:0017069,SNRPF
GO:0017069,SNRPG
GO:0017087,PMPCA
GO:0017087,PMPCB
GO:0017101,AIMP1
GO:0017101,AIMP2
GO:0017101,DARS1
GO:0017101,EEF1E1
GO:0017101,EPRS1
GO:0017101,IARS1
GO:0017101,KARS1
GO:0017101,LARS1
GO:0017101,MARS1
GO:0017101,QARS1
GO:0017101,RARS1
GO:0017108,LOC130134321
GO:0017108,SLX1A
GO:0017108,SLX1B
GO:0017108,SLX4
GO:0017109,GCLC
GO:0017109,GCLM
GO:0017119,COG1
GO:0017119,COG2
GO:0017119,COG3
GO:0017119,COG4
GO:0017119,COG5
GO:0017119,COG6
GO:0017119,COG7
GO:0017119,COG8
GO:0017146,GRIN1
GO:0017146,GRIN2A
GO:0017146,GRIN2B
GO:0017146,GRIN2C
GO:0017146,GRIN2D
GO:0017148,CYFIP1
GO:0017148,EIF4E
GO:0017148,FMR1
GO:0017176,DPM2
GO:0017176,PIGA
GO:0017176,PIGC
GO:0017176,PIGH
GO:0017176,PIGP
GO:0017176,PIGQ
GO:0017176,PIGY
GO:0017177,GANAB
GO:0017177,PRKCSH
GO:0017183,DPH1
GO:0017183,DPH2
GO:0018119,NOS2
GO:0018119,S100A8
GO:0018119,S100A9
GO:0018343,FNTA
GO:0018343,FNTB
GO:0018352,GAD1
GO:0018352,GAD2
GO:0018444,ETF1
GO:0018444,GSPT1
GO:0018444,GSPT2
GO:0018812,HADHA
GO:0018812,HADHB
GO:0019002,GMPR2
GO:0019005,BTRC
GO:0019005,CCNF
GO:0019005,CUL1
GO:0019005,CUL7
GO:0019005,FBH1
GO:0019005,FBXL12
GO:0019005,FBXL13
GO:0019005,FBXL14
GO:0019005,FBXL15
GO:0019005,FBXL16
GO:0019005,FBXL17
GO:0019005,FBXL19
GO:0019005,FBXL2
GO:0019005,FBXL20
GO:0019005,FBXL22
GO:0019005,FBXL3
GO:0019005,FBXL4
GO:0019005,FBXL5
GO:0019005,FBXL6
GO:0019005,FBXL7
GO:0019005,FBXL8
GO:0019005,FBXO10
GO:0019005,FBXO11
GO:0019005,FBXO15
GO:0019005,FBXO16
GO:0019005,FBXO17
GO:0019005,FBXO2
GO:0019005,FBXO21
GO:0019005,FBXO22
GO:0019005,FBXO24
GO:0019005,FBXO25
GO:0019005,FBXO27
GO:0019005,FBXO28
GO:0019005,FBXO3
GO:0019005,FBXO30
GO:0019005,FBXO31
GO:0019005,FBXO32
GO:0019005,FBXO33
GO:0019005,FBXO34
GO:0019005,FBXO36
GO:0019005,FBXO38
GO:0019005,FBXO39
GO:0019005,FBXO4
GO:0019005,FBXO40
GO:0019005,FBXO41
GO:0019005,FBXO42
GO:0019005,FBXO43
GO:0019005,FBXO44
GO:0019005,FBXO46
GO:0019005,FBXO47
GO:0019005,FBXO5
GO:0019005,FBXO6
GO:0019005,FBXO7
GO:0019005,FBXO8
GO:0019005,FBXO9
GO:0019005,FBXW10
GO:0019005,FBXW11
GO:0019005,FBXW12
GO:0019005,FBXW2
GO:0019005,FBXW4
GO:0019005,FBXW5
GO:0019005,FBXW7
GO:0019005,FBXW8
GO:0019005,FBXW9
GO:0019005,KDM2A
GO:0019005,KDM2B
GO:0019005,RBX1
GO:0019005,SKP1
GO:0019005,SKP2
GO:0019005,TSPAN17
GO:0019185,SNAPC1
GO:0019185,SNAPC2
GO:0019185,SNAPC3
GO:0019185,SNAPC4
GO:0019185,SNAPC5
GO:0019221,IL10
GO:0019221,IL10RA
GO:0019221,IL10RB
GO:0019221,IL20
GO:0019221,IL20RA
GO:0019221,IL20RB
GO:0019221,IL22RA1
GO:0019222,BACH1
GO:0019237,AURKB
GO:0019237,BIRC5
GO:0019237,CDCA8
GO:0019237,INCENP
GO:0019348,DPM1
GO:0019348,DPM2
GO:0019348,DPM3
GO:0019430,SOD1
GO:0019433,GPIHBP1
GO:0019433,LPL
GO:0019776,ATG12
GO:0019776,ATG5
GO:0019781,NAE1
GO:0019781,UBA3
GO:0019784,COPS2
GO:0019784,COPS3
GO:0019784,COPS4
GO:0019784,COPS5
GO:0019784,COPS6
GO:0019784,COPS7B
GO:0019784,COPS8
GO:0019784,GPS1
GO:0019789,EID3
GO:0019789,NSMCE1
GO:0019789,NSMCE2
GO:0019789,NSMCE3
GO:0019789,NSMCE4A
GO:0019789,SLF1
GO:0019789,SLF2
GO:0019789,SMC5
GO:0019789,SMC6
GO:0019808,ABCC8
GO:0019808,KCNJ11
GO:0019825,HBA-A1
GO:0019825,HBA-A2
GO:0019825,HBA-X
GO:0019825,HBA1
GO:0019825,HBA2
GO:0019825,HBB
GO:0019825,HBB-B1
GO:0019825,HBB-B2
GO:0019825,HBB-BH1
GO:0019825,HBB-Y
GO:0019825,HBD
GO:0019825,HBE1
GO:0019825,HBG1
GO:0019825,HBG2
GO:0019825,HBZ
GO:0019829,ABCB8
GO:0019829,CCDC51
GO:0019838,CSF1R
GO:0019838,IL34
GO:0019843,BAZ1B
GO:0019843,DDX21
GO:0019843,DEK
GO:0019843,ERCC6
GO:0019843,MTERF4
GO:0019843,MYBBP1A
GO:0019843,NSUN4
GO:0019843,POLR1A
GO:0019843,POLR1B
GO:0019843,POLR1C
GO:0019843,POLR1D
GO:0019843,POLR1E
GO:0019843,POLR1F
GO:0019843,POLR1G
GO:0019843,POLR1H
GO:0019843,POLR2E
GO:0019843,POLR2F
GO:0019843,POLR2H
GO:0019843,POLR2K
GO:0019843,POLR2L
GO:0019843,SF3B1
GO:0019843,SMARCA5
GO:0019855,GABBR1
GO:0019855,GABBR2
GO:0019865,C1QA
GO:0019865,C1QB
GO:0019865,C1QC
GO:0019887,CDC37
GO:0019887,HSP90AA1
GO:0019887,HSP90AB1
GO:0019912,CCNH
GO:0019912,CDK7
GO:0019912,ERCC2
GO:0019912,ERCC3
GO:0019912,GTF2H1
GO:0019912,GTF2H2
GO:0019912,GTF2H2C
GO:0019912,GTF2H3
GO:0019912,GTF2H4
GO:0019912,GTF2H5
GO:0019912,MNAT1
GO:0019941,RNF123
GO:0019941,UBAC1
GO:0019948,SAE1
GO:0019948,UBA2
GO:0019955,EBI3
GO:0019955,IL27
GO:0019955,IL27RA
GO:0019955,IL6ST
GO:0021819,CDK5
GO:0021819,CDK5R2
GO:0021915,FUZ
GO:0021915,INTU
GO:0021915,WDPCP
GO:0021954,CDK5
GO:0021954,CDK5R2
GO:0022417,CDC37
GO:0022417,HSP90AA1
GO:0022417,HSP90AB1
GO:0022624,ADRM1
GO:0022624,PSMC1
GO:0022624,PSMC2
GO:0022624,PSMC3
GO:0022624,PSMC4
GO:0022624,PSMC5
GO:0022624,PSMC6
GO:0022624,PSMD1
GO:0022624,PSMD11
GO:0022624,PSMD12
GO:0022624,PSMD13
GO:0022624,PSMD14
GO:0022624,PSMD2
GO:0022624,PSMD3
GO:0022624,PSMD4
GO:0022624,PSMD6
GO:0022624,PSMD7
GO:0022624,PSMD8
GO:0022624,SEM1
GO:0022625,RPL10
GO:0022625,RPL10A
GO:0022625,RPL10L
GO:0022625,RPL11
GO:0022625,RPL12
GO:0022625,RPL13
GO:0022625,RPL13A
GO:0022625,RPL14
GO:0022625,RPL15
GO:0022625,RPL17
GO:0022625,RPL18
GO:0022625,RPL18A
GO:0022625,RPL19
GO:0022625,RPL21
GO:0022625,RPL23
GO:0022625,RPL23A
GO:0022625,RPL24
GO:0022625,RPL26
GO:0022625,RPL27
GO:0022625,RPL27A
GO:0022625,RPL28
GO:0022625,RPL29
GO:0022625,RPL3
GO:0022625,RPL30
GO:0022625,RPL31
GO:0022625,RPL32
GO:0022625,RPL34
GO:0022625,RPL34-PS1
GO:0022625,RPL35
GO:0022625,RPL35A
GO:0022625,RPL36
GO:0022625,RPL36A
GO:0022625,RPL36AL
GO:0022625,RPL37
GO:0022625,RPL37A
GO:0022625,RPL37RT
GO:0022625,RPL38
GO:0022625,RPL39
GO:0022625,RPL39L
GO:0022625,RPL3L
GO:0022625,RPL4
GO:0022625,RPL41
GO:0022625,RPL5
GO:0022625,RPL6
GO:0022625,RPL7
GO:0022625,RPL7A
GO:0022625,RPL8
GO:0022625,RPL9
GO:0022625,RPLP0
GO:0022625,RPLP1
GO:0022625,RPLP2
GO:0022625,UBA52
GO:0022627,FAU
GO:0022627,GM15501
GO:0022627,RACK1
GO:0022627,RPS10
GO:0022627,RPS11
GO:0022627,RPS12
GO:0022627,RPS13
GO:0022627,RPS14
GO:0022627,RPS15
GO:0022627,RPS15A
GO:0022627,RPS16
GO:0022627,RPS17
GO:0022627,RPS18
GO:0022627,RPS19
GO:0022627,RPS2
GO:0022627,RPS20
GO:0022627,RPS21
GO:0022627,RPS23
GO:0022627,RPS24
GO:0022627,RPS25
GO:0022627,RPS26
GO:0022627,RPS27A
GO:0022627,RPS28
GO:0022627,RPS29
GO:0022627,RPS3
GO:0022627,RPS3A
GO:0022627,RPS3A1
GO:0022627,RPS4X
GO:0022627,RPS5
GO:0022627,RPS6
GO:0022627,RPS7
GO:0022627,RPS8
GO:0022627,RPS9
GO:0022627,RPSA
GO:0022840,NALCN
GO:0022840,NALF1
GO:0022840,UNC79
GO:0022840,UNC80
GO:0022843,GRIN1
GO:0022843,GRIN2A
GO:0022843,GRIN2B
GO:0022843,GRIN2C
GO:0022843,GRIN2D
GO:0022848,CHRNA10
GO:0022848,CHRNA9
GO:0022848,CHRND
GO:0022850,HTR3A
GO:0022850,HTR3B
GO:0022850,HTR3C
GO:0022850,HTR3D
GO:0022850,HTR3E
GO:0022851,GABRA4
GO:0022851,GABRA6
GO:0022851,GABRB1
GO:0022851,GABRB2
GO:0022851,GABRB3
GO:0022851,GABRD
GO:0022851,GABRG2
GO:0022904,ETFA
GO:0022904,ETFB
GO:0023024,CD8A
GO:0023024,CD8B
GO:0023024,CD8B1
GO:0023030,KLRC1
GO:0023030,KLRC2
GO:0023030,KLRC3
GO:0023030,KLRD1
GO:0030007,ATP1A1
GO:0030007,ATP1B1
GO:0030007,FXYD1
GO:0030007,FXYD2
GO:0030007,FXYD3
GO:0030007,FXYD4
GO:0030007,FXYD5
GO:0030007,FXYD6
GO:0030007,FXYD7
GO:0030007,KCNE1
GO:0030007,KCNE2
GO:0030007,KCNH2
GO:0030007,KCNJ2
GO:0030014,CNOT1
GO:0030014,CNOT10
GO:0030014,CNOT11
GO:0030014,CNOT2
GO:0030014,CNOT3
GO:0030014,CNOT4
GO:0030014,CNOT6
GO:0030014,CNOT6L
GO:0030014,CNOT7
GO:0030014,CNOT8
GO:0030014,CNOT9
GO:0030014,TNKS1BP1
GO:0030017,RYR2
GO:0030017,TNNC1
GO:0030017,TNNI3
GO:0030017,TNNT2
GO:0030020,COL12A1
GO:0030020,COL2A1
GO:0030020,COL9A1
GO:0030020,COL9A2
GO:0030020,COL9A3
GO:0030036,FLNA
GO:0030036,SPTA1
GO:0030036,SPTB
GO:0030049,TCAP
GO:0030049,TNNC1
GO:0030049,TNNI3
GO:0030049,TNNT2
GO:0030049,TTN
GO:0030060,MDH1
GO:0030060,ME1
GO:0030060,PC
GO:0030071,ACTB
GO:0030071,ACTL6A
GO:0030071,ACTL6B
GO:0030071,ARID1A
GO:0030071,ARID1B
GO:0030071,ARID2
GO:0030071,BCL7A
GO:0030071,BCL7B
GO:0030071,BCL7C
GO:0030071,BRD7
GO:0030071,DPF1
GO:0030071,DPF2
GO:0030071,DPF3
GO:0030071,PBRM1
GO:0030071,PHF10
GO:0030071,SMARCA2
GO:0030071,SMARCA4
GO:0030071,SMARCB1
GO:0030071,SMARCC1
GO:0030071,SMARCC2
GO:0030071,SMARCD1
GO:0030071,SMARCD2
GO:0030071,SMARCD3
GO:0030071,SMARCE1
GO:0030073,SLC30A8
GO:0030101,IL21
GO:0030101,IL21R
GO:0030101,IL2RG
GO:0030121,AP1B1
GO:0030121,AP1G1
GO:0030121,AP1M1
GO:0030121,AP1M2
GO:0030121,AP1S1
GO:0030121,AP1S2
GO:0030121,AP1S3
GO:0030122,AP2A1
GO:0030122,AP2A2
GO:0030122,AP2B1
GO:0030122,AP2M1
GO:0030122,AP2S1
GO:0030123,AP3B1
GO:0030123,AP3B2
GO:0030123,AP3D1
GO:0030123,AP3M1
GO:0030123,AP3M2
GO:0030123,AP3S1
GO:0030123,AP3S2
GO:0030124,AP4B1
GO:0030124,AP4E1
GO:0030124,AP4M1
GO:0030124,AP4S1
GO:0030126,ARCN1
GO:0030126,COPA
GO:0030126,COPB1
GO:0030126,COPB2
GO:0030126,COPE
GO:0030126,COPG1
GO:0030126,COPG2
GO:0030126,COPZ1
GO:0030126,COPZ2
GO:0030127,SAR1A
GO:0030127,SAR1B
GO:0030127,SEC13
GO:0030127,SEC24A
GO:0030127,SEC24B
GO:0030127,SEC24C
GO:0030127,SEC24D
GO:0030127,SEC31A
GO:0030127,SEC31B
GO:0030139,AMN
GO:0030139,CUBN
GO:0030145,PPP4C
GO:0030145,PPP4R1
GO:0030145,PPP4R2
GO:0030145,PPP4R3A
GO:0030145,PPP4R3B
GO:0030145,PPP4R4
GO:0030145,SLC30A10
GO:0030155,LAMA1
GO:0030155,LAMA2
GO:0030155,LAMA4
GO:0030155,LAMA5
GO:0030155,LAMB1
GO:0030155,LAMB2
GO:0030155,LAMB3
GO:0030155,LAMC1
GO:0030155,LAMC2
GO:0030155,LAMC3
GO:0030155,PLAU
GO:0030155,PLAUR
GO:0030155,TNC
GO:0030155,TNN
GO:0030155,TNR
GO:0030155,TNXB
GO:0030155,VTN
GO:0030168,ITGA2
GO:0030168,ITGA6
GO:0030168,ITGB1
GO:0030169,COMP
GO:0030169,THBS1
GO:0030169,THBS2
GO:0030169,THBS3
GO:0030169,THBS4
GO:0030174,CUL4A
GO:0030174,CUL4B
GO:0030174,DDB1
GO:0030174,DTL
GO:0030174,GMNN
GO:0030174,MCIDAS
GO:0030174,MCM2
GO:0030174,MCM3
GO:0030174,MCM4
GO:0030174,MCM5
GO:0030174,MCM6
GO:0030174,MCM7
GO:0030174,RBX1
GO:0030183,IL11
GO:0030183,IL6ST
GO:0030183,PIK3CD
GO:0030183,PIK3R1
GO:0030183,PIK3R2
GO:0030183,PIK3R3
GO:0030185,HBA-A1
GO:0030185,HBA-A2
GO:0030185,HBA1
GO:0030185,HBA2
GO:0030185,HBB
GO:0030185,HBB-B1
GO:0030185,HBB-B2
GO:0030194,EMILIN1
GO:0030194,EMILIN2
GO:0030195,THBD
GO:0030198,ITGA2
GO:0030198,ITGB1
GO:0030198,MATN1
GO:0030198,MATN2
GO:0030198,MATN3
GO:0030198,MATN4
GO:0030199,COL1A1
GO:0030199,COL1A2
GO:0030199,COL2A1
GO:0030199,COL3A1
GO:0030199,COL4A1
GO:0030199,COL4A2
GO:0030199,COL4A3
GO:0030199,COL4A4
GO:0030199,COL4A5
GO:0030199,COL4A6
GO:0030199,COL5A1
GO:0030199,COL5A2
GO:0030199,COL5A3
GO:0030203,HEXA
GO:0030203,HEXB
GO:0030213,HAS1
GO:0030213,HAS2
GO:0030213,HAS3
GO:0030217,PIK3CD
GO:0030217,PIK3R1
GO:0030217,PIK3R2
GO:0030217,PIK3R3
GO:0030219,IL11
GO:0030219,IL6ST
GO:0030224,CSF1R
GO:0030224,IL1A
GO:0030224,IL1R2
GO:0030224,IL1RAP
GO:0030224,IL34
GO:0030225,CSF1
GO:0030225,CSF1R
GO:0030234,SMARCA5
GO:0030246,COLEC10
GO:0030246,COLEC11
GO:0030246,FCN1
GO:0030246,FCN2
GO:0030246,FCN3
GO:0030246,LGALS1
GO:0030246,MBL2
GO:0030276,AP1B1
GO:0030276,AP1G1
GO:0030276,AP1M1
GO:0030276,AP1M2
GO:0030276,AP1S1
GO:0030276,AP1S2
GO:0030276,AP1S3
GO:0030276,AP2A1
GO:0030276,AP2A2
GO:0030276,AP2B1
GO:0030276,AP2M1
GO:0030276,AP2S1
GO:0030276,AP3B1
GO:0030276,AP3B2
GO:0030276,AP3D1
GO:0030276,AP3M1
GO:0030276,AP3M2
GO:0030276,AP3S1
GO:0030276,AP3S2
GO:0030286,DYNC1H1
GO:0030286,DYNC1I2
GO:0030286,DYNC1LI2
GO:0030286,DYNLL1
GO:0030286,DYNLRB1
GO:0030286,DYNLT1
GO:0030286,DYNLT1A
GO:0030286,DYNLT1B
GO:0030286,DYNLT1C
GO:0030286,DYNLT1F
GO:0030289,PPP4C
GO:0030289,PPP4R1
GO:0030289,PPP4R2
GO:0030289,PPP4R3A
GO:0030289,PPP4R3B
GO:0030289,PPP4R4
GO:0030307,MAPKAP1
GO:0030307,MLST8
GO:0030307,MTOR
GO:0030307,PRR5
GO:0030307,RICTOR
GO:0030307,RPTOR
GO:0030307,TEAD1
GO:0030307,YAP1
GO:0030315,CACNA1S
GO:0030315,CACNB1
GO:0030315,CACNB2
GO:0030315,CACNB3
GO:0030315,CACNB4
GO:0030315,CACNG1
GO:0030316,IL20
GO:0030316,IL20RA
GO:0030316,IL20RB
GO:0030317,CATSPER1
GO:0030317,CATSPER2
GO:0030317,CATSPER3
GO:0030317,CATSPER4
GO:0030317,CATSPERB
GO:0030317,CATSPERD
GO:0030317,CATSPERE
GO:0030317,CATSPERE1
GO:0030317,CATSPERG
GO:0030317,CATSPERG2
GO:0030317,CATSPERZ
GO:0030317,CCDC65
GO:0030317,CFAP206
GO:0030317,CLXN
GO:0030317,CYB5D1
GO:0030317,DNAJB13
GO:0030317,DRC1
GO:0030317,DRC3
GO:0030317,DRC7
GO:0030317,DYDC1
GO:0030317,DYNLL2
GO:0030317,EFCAB2
GO:0030317,EFCAB9
GO:0030317,FBXL13
GO:0030317,GAS8
GO:0030317,IQCA1
GO:0030317,IQCD
GO:0030317,IQCG
GO:0030317,IQUB
GO:0030317,NME5
GO:0030317,ODAD1
GO:0030317,ODAD2
GO:0030317,ODAD3
GO:0030317,ODAD4
GO:0030317,PSMA1
GO:0030317,PSMA2
GO:0030317,PSMA3
GO:0030317,PSMA4
GO:0030317,PSMA5
GO:0030317,PSMA6
GO:0030317,PSMA7
GO:0030317,PSMA8
GO:0030317,PSMB1
GO:0030317,PSMB2
GO:0030317,PSMB3
GO:0030317,PSMB4
GO:0030317,PSMB5
GO:0030317,PSMB6
GO:0030317,PSMB7
GO:0030317,PSME3
GO:0030317,PSME4
GO:0030317,ROPN1L
GO:0030317,RSPH1
GO:0030317,RSPH14
GO:0030317,RSPH3
GO:0030317,RSPH3A
GO:0030317,RSPH3B
GO:0030317,RSPH6A
GO:0030317,RSPH9
GO:0030317,SLCO6C1
GO:0030317,TCTE1
GO:0030317,TMEM249
GO:0030317,TMEM262
GO:0030321,CLCN7
GO:0030321,OSTM1
GO:0030334,LAMA1
GO:0030334,LAMA2
GO:0030334,LAMA4
GO:0030334,LAMA5
GO:0030334,LAMB1
GO:0030334,LAMB2
GO:0030334,LAMB3
GO:0030334,LAMC1
GO:0030334,LAMC2
GO:0030334,LAMC3
GO:0030334,TNC
GO:0030334,TNN
GO:0030334,TNR
GO:0030334,TNXB
GO:0030336,ARID4A
GO:0030336,ARID4B
GO:0030336,BRMS1
GO:0030336,BRMS1L
GO:0030336,EMILIN1
GO:0030336,EMILIN2
GO:0030336,HDAC1
GO:0030336,HDAC2
GO:0030336,ING1
GO:0030336,ING2
GO:0030336,MMRN2
GO:0030336,OGT
GO:0030336,RBBP4
GO:0030336,RBBP7
GO:0030336,SAP130
GO:0030336,SAP30
GO:0030336,SAP30L
GO:0030336,SIN3A
GO:0030336,SIN3B
GO:0030336,SINHCAF
GO:0030336,SUDS3
GO:0030336,TET1
GO:0030337,PCNA
GO:0030366,MOCS2
GO:0030368,IL17A
GO:0030368,IL17B
GO:0030368,IL17C
GO:0030368,IL17F
GO:0030368,IL17RA
GO:0030368,IL17RB
GO:0030368,IL17RC
GO:0030368,IL17RE
GO:0030368,IL25
GO:0030368,TRAF3IP2
GO:0030395,LGALS2
GO:0030414,CSTA
GO:0030414,CSTA1
GO:0030414,CTSB
GO:0030414,SERPINE1
GO:0030414,VTN
GO:0030422,DICER1
GO:0030422,TARBP2
GO:0030422,TERT
GO:0030422,TSN
GO:0030422,TSNAX
GO:0030451,CFH
GO:0030488,THUMPD3
GO:0030488,TRMT112
GO:0030490,AATF
GO:0030490,BMS1
GO:0030490,C1ORF131
GO:0030490,DCAF13
GO:0030490,DNTTIP2
GO:0030490,EMG1
GO:0030490,FBL
GO:0030490,FCF1
GO:0030490,HEATR1
GO:0030490,IMP3
GO:0030490,IMP4
GO:0030490,KRR1
GO:0030490,MPHOSPH10
GO:0030490,NAT10
GO:0030490,NGDN
GO:0030490,NOC4L
GO:0030490,NOL11
GO:0030490,NOL6
GO:0030490,NOP14
GO:0030490,NOP56
GO:0030490,NOP58
GO:0030490,PNO1
GO:0030490,PWP2
GO:0030490,RCL1
GO:0030490,RRP7A
GO:0030490,RRP9
GO:0030490,SNU13
GO:0030490,TBL3
GO:0030490,UTP11
GO:0030490,UTP14A
GO:0030490,UTP15
GO:0030490,UTP18
GO:0030490,UTP20
GO:0030490,UTP3
GO:0030490,UTP4
GO:0030490,UTP6
GO:0030490,WDR3
GO:0030490,WDR36
GO:0030490,WDR43
GO:0030490,WDR46
GO:0030490,WDR75
GO:0030496,CHMP1A
GO:0030496,CHMP1B
GO:0030496,CHMP1B2
GO:0030496,CHMP2A
GO:0030496,CHMP2B
GO:0030496,CHMP3
GO:0030496,CHMP4A
GO:0030496,CHMP4B
GO:0030496,CHMP4C
GO:0030496,CHMP5
GO:0030496,CHMP6
GO:0030496,CHMP7
GO:0030496,RNF103-CHMP3
GO:0030496,VPS4A
GO:0030496,VPS4B
GO:0030501,RXRA
GO:0030501,RXRB
GO:0030501,VDR
GO:0030509,SMAD1
GO:0030509,SMAD4
GO:0030510,CUL1
GO:0030510,FBXL15
GO:0030510,RBX1
GO:0030510,SKP1
GO:0030511,TNXB
GO:0030512,ARID4A
GO:0030512,ARID4B
GO:0030512,BRMS1
GO:0030512,BRMS1L
GO:0030512,HDAC1
GO:0030512,HDAC2
GO:0030512,ING1
GO:0030512,ING2
GO:0030512,OGT
GO:0030512,RBBP4
GO:0030512,RBBP7
GO:0030512,SAP130
GO:0030512,SAP30
GO:0030512,SAP30L
GO:0030512,SIN3A
GO:0030512,SINHCAF
GO:0030512,SUDS3
GO:0030512,TET1
GO:0030515,IMP3
GO:0030515,IMP4
GO:0030515,MPHOSPH10
GO:0030526,CSF2
GO:0030526,CSF2RA
GO:0030526,CSF2RB
GO:0030526,JAK2
GO:0030547,LDLR
GO:0030551,SCNN1A
GO:0030551,SCNN1B
GO:0030551,SCNN1D
GO:0030551,SCNN1G
GO:0030552,HCN3
GO:0030593,CXCL8
GO:0030593,CXCR1
GO:0030593,CXCR2
GO:0030594,GABBR1
GO:0030594,GABBR2
GO:0030594,GABRA1
GO:0030594,GABRA2
GO:0030594,GABRA3
GO:0030594,GABRA4
GO:0030594,GABRA5
GO:0030594,GABRA6
GO:0030594,GABRB1
GO:0030594,GABRB2
GO:0030594,GABRB3
GO:0030594,GABRD
GO:0030594,GABRG2
GO:0030594,GABRG3
GO:0030595,CD4
GO:0030619,SNRNP70
GO:0030619,SNRPA
GO:0030619,SNRPB
GO:0030619,SNRPC
GO:0030619,SNRPD1
GO:0030619,SNRPD2
GO:0030619,SNRPD3
GO:0030619,SNRPE
GO:0030619,SNRPF
GO:0030619,SNRPG
GO:0030620,PHF5A
GO:0030620,SF3A1
GO:0030620,SF3A2
GO:0030620,SF3A3
GO:0030620,SF3B1
GO:0030620,SF3B2
GO:0030620,SF3B3
GO:0030620,SF3B4
GO:0030620,SF3B5
GO:0030620,SF3B6
GO:0030628,LOC102724594
GO:0030628,SF1
GO:0030628,U2AF1
GO:0030628,U2AF2
GO:0030659,SLC30A1
GO:0030659,SLC30A2
GO:0030659,SLC30A3
GO:0030674,ACAD9
GO:0030674,COA1
GO:0030674,COL19A1
GO:0030674,COL20A1
GO:0030674,COL21A1
GO:0030674,COL22A1
GO:0030674,ECSIT
GO:0030674,NDUFAF1
GO:0030674,TMEM126B
GO:0030674,TMEM186
GO:0030678,HSD17B10
GO:0030678,PRORP
GO:0030678,TRMT10C
GO:0030833,ADD1
GO:0030833,ADD2
GO:0030833,ADD3
GO:0030863,EPB41
GO:0030863,GYPC
GO:0030863,MPP1
GO:0030870,MRE11
GO:0030870,MRE11A
GO:0030870,NBN
GO:0030870,RAD50
GO:0030876,IL20
GO:0030876,IL20RA
GO:0030876,IL20RB
GO:0030876,IL22RA1
GO:0030877,APC
GO:0030877,APC2
GO:0030877,AXIN1
GO:0030877,AXIN2
GO:0030877,CSNK1A1
GO:0030877,GSK3A
GO:0030877,GSK3B
GO:0030888,BTLA
GO:0030888,IL12RB2
GO:0030888,IL27RA
GO:0030888,TNFRSF14
GO:0030892,RAD21
GO:0030892,SMC1A
GO:0030892,SMC3
GO:0030892,STAG1
GO:0030892,STAG2
GO:0030893,RAD21
GO:0030893,RAD21L1
GO:0030893,REC8
GO:0030893,SMC1B
GO:0030893,SMC3
GO:0030893,STAG3
GO:0030896,HUS1
GO:0030896,RAD1
GO:0030896,RAD9A
GO:0030897,VPS11
GO:0030897,VPS16
GO:0030897,VPS18
GO:0030897,VPS33A
GO:0030897,VPS39
GO:0030897,VPS41
GO:0030905,SNX1
GO:0030905,SNX2
GO:0030905,SNX32
GO:0030905,SNX5
GO:0030905,SNX6
GO:0030906,VPS26A
GO:0030906,VPS26B
GO:0030906,VPS29
GO:0030906,VPS35
GO:0030915,EID3
GO:0030915,NSMCE1
GO:0030915,NSMCE2
GO:0030915,NSMCE3
GO:0030915,NSMCE4A
GO:0030915,SLF1
GO:0030915,SLF2
GO:0030915,SMC5
GO:0030915,SMC6
GO:0030937,COL17A1
GO:0030938,COL18A1
GO:0030943,DNAJC15
GO:0030943,DNAJC19
GO:0030943,GRPEL1
GO:0030943,GRPEL2
GO:0030943,HSPA9
GO:0030943,PAM16
GO:0030943,ROMO1
GO:0030943,TIMM17A
GO:0030943,TIMM17B
GO:0030943,TIMM21
GO:0030943,TIMM23
GO:0030943,TIMM44
GO:0030943,TIMM50
GO:0030955,ABCC8
GO:0030955,ATP1A1
GO:0030955,ATP1B1
GO:0030955,ATP4A
GO:0030955,ATP4B
GO:0030955,FXYD1
GO:0030955,FXYD2
GO:0030955,FXYD3
GO:0030955,FXYD4
GO:0030955,FXYD5
GO:0030955,FXYD6
GO:0030955,FXYD7
GO:0030955,KCND2
GO:0030955,KCND3
GO:0030955,KCNE1
GO:0030955,KCNE2
GO:0030955,KCNH2
GO:0030955,KCNIP1
GO:0030955,KCNIP2
GO:0030955,KCNJ11
GO:0030955,KCNJ2
GO:0030955,KCNQ1
GO:0030956 amidotransferase complex),GATB
GO:0030956 amidotransferase complex),GATC
GO:0030956 amidotransferase complex),QRSL1
GO:0030957,CCNT1
GO:0030957,CDK9
GO:0030970,NPLOC4
GO:0030970,UFD1
GO:0030970,VCP
GO:0030983,MLH1
GO:0030983,MLH3
GO:0030983,MSH2
GO:0030983,MSH3
GO:0030983,MSH6
GO:0030983,PMS1
GO:0030983,PMS2
GO:0030991,IFT122
GO:0030991,IFT140
GO:0030991,IFT43
GO:0030991,TTC21B
GO:0030991,WDR19
GO:0030991,WDR35
GO:0030992,CLUAP1
GO:0030992,IFT172
GO:0030992,IFT20
GO:0030992,IFT22
GO:0030992,IFT25
GO:0030992,IFT27
GO:0030992,IFT46
GO:0030992,IFT52
GO:0030992,IFT56
GO:0030992,IFT57
GO:0030992,IFT70B
GO:0030992,IFT74
GO:0030992,IFT80
GO:0030992,IFT81
GO:0030992,IFT88
GO:0030992,TRAF3IP1
GO:0031011,ACTL6A
GO:0031011,ACTR5
GO:0031011,ACTR8
GO:0031011,INO80
GO:0031011,INO80B
GO:0031011,INO80C
GO:0031011,INO80D
GO:0031011,INO80E
GO:0031011,MCRS1
GO:0031011,NFRKB
GO:0031011,RUVBL1
GO:0031011,RUVBL2
GO:0031011,TFPT
GO:0031011,UCHL5
GO:0031011,YY1
GO:0031053,DGCR8
GO:0031053,DROSHA
GO:0031053,METTL14
GO:0031053,METTL3
GO:0031053,NCBP1
GO:0031053,NCBP2
GO:0031054,DICER1
GO:0031054,PRKRA
GO:0031054,TARBP2
GO:0031071,FDX2
GO:0031071,FXN
GO:0031071,ISCU
GO:0031071,LYRM4
GO:0031071,NDUFAB1
GO:0031071,NFS1
GO:0031083,BLOC1S1
GO:0031083,BLOC1S2
GO:0031083,BLOC1S3
GO:0031083,BLOC1S4
GO:0031083,BLOC1S5
GO:0031083,BLOC1S6
GO:0031083,DTNBP1
GO:0031083,SNAPIN
GO:0031084,HPS3
GO:0031084,HPS5
GO:0031084,HPS6
GO:0031085,HPS1
GO:0031085,HPS4
GO:0031091,MMRN1
GO:0031105,SEPTIN2
GO:0031105,SEPTIN3
GO:0031105,SEPTIN6
GO:0031105,SEPTIN7
GO:0031105,SEPTIN9
GO:0031106,DOCK7
GO:0031106,LRCH3
GO:0031106,MYO6
GO:0031122,KATNA1
GO:0031122,KATNAL1
GO:0031122,KATNAL2
GO:0031122,KATNB1
GO:0031122,KATNBL1
GO:0031124,CPSF1
GO:0031124,CPSF2
GO:0031124,CPSF3
GO:0031124,CPSF4
GO:0031124,CPSF6
GO:0031124,CPSF7
GO:0031124,FIP1L1
GO:0031124,NCBP1
GO:0031124,NCBP2
GO:0031124,NUDT21
GO:0031124,SYMPK
GO:0031124,WDR33
GO:0031145,ANAPC1
GO:0031145,ANAPC10
GO:0031145,ANAPC11
GO:0031145,ANAPC13
GO:0031145,ANAPC15
GO:0031145,ANAPC16
GO:0031145,ANAPC2
GO:0031145,ANAPC4
GO:0031145,ANAPC5
GO:0031145,ANAPC7
GO:0031145,CDC16
GO:0031145,CDC20
GO:0031145,CDC23
GO:0031145,CDC26
GO:0031145,CDC27
GO:0031145,FZR1
GO:0031146,BTRC
GO:0031146,CCNF
GO:0031146,CUL1
GO:0031146,CUL7
GO:0031146,FBH1
GO:0031146,FBXL12
GO:0031146,FBXL13
GO:0031146,FBXL14
GO:0031146,FBXL15
GO:0031146,FBXL16
GO:0031146,FBXL17
GO:0031146,FBXL18
GO:0031146,FBXL19
GO:0031146,FBXL2
GO:0031146,FBXL20
GO:0031146,FBXL22
GO:0031146,FBXL3
GO:0031146,FBXL4
GO:0031146,FBXL5
GO:0031146,FBXL6
GO:0031146,FBXL7
GO:0031146,FBXL8
GO:0031146,FBXO10
GO:0031146,FBXO11
GO:0031146,FBXO15
GO:0031146,FBXO16
GO:0031146,FBXO17
GO:0031146,FBXO2
GO:0031146,FBXO21
GO:0031146,FBXO22
GO:0031146,FBXO24
GO:0031146,FBXO25
GO:0031146,FBXO27
GO:0031146,FBXO28
GO:0031146,FBXO3
GO:0031146,FBXO30
GO:0031146,FBXO31
GO:0031146,FBXO32
GO:0031146,FBXO33
GO:0031146,FBXO34
GO:0031146,FBXO36
GO:0031146,FBXO38
GO:0031146,FBXO39
GO:0031146,FBXO4
GO:0031146,FBXO40
GO:0031146,FBXO41
GO:0031146,FBXO42
GO:0031146,FBXO43
GO:0031146,FBXO44
GO:0031146,FBXO46
GO:0031146,FBXO47
GO:0031146,FBXO5
GO:0031146,FBXO6
GO:0031146,FBXO7
GO:0031146,FBXO8
GO:0031146,FBXO9
GO:0031146,FBXW10
GO:0031146,FBXW11
GO:0031146,FBXW12
GO:0031146,FBXW2
GO:0031146,FBXW4
GO:0031146,FBXW5
GO:0031146,FBXW7
GO:0031146,FBXW8
GO:0031146,FBXW9
GO:0031146,KDM2A
GO:0031146,KDM2B
GO:0031146,RBX1
GO:0031146,SKP1
GO:0031146,SKP2
GO:0031146,TSPAN17
GO:0031167,METTL5
GO:0031167,TRMT112
GO:0031201,SNAP29
GO:0031201,STX17
GO:0031201,VAMP7
GO:0031201,VAMP8
GO:0031201,YKT6
GO:0031204,SSR1
GO:0031204,SSR2
GO:0031204,SSR3
GO:0031204,SSR4
GO:0031213,RSF1
GO:0031213,SMARCA5
GO:0031232,COLEC10
GO:0031232,COLEC11
GO:0031232,FCN1
GO:0031232,FCN2
GO:0031232,FCN3
GO:0031232,MBL2
GO:0031251,PAN2
GO:0031262,NDC80
GO:0031262,NUF2
GO:0031262,SPC24
GO:0031262,SPC25
GO:0031293,APH1A
GO:0031293,APH1B
GO:0031293,NCSTN
GO:0031293,PSENEN
GO:0031297,CUL4A
GO:0031297,CUL4B
GO:0031297,DDB1
GO:0031297,EME1
GO:0031297,EME2
GO:0031297,MUS81
GO:0031297,PHIP
GO:0031297,RAD51C
GO:0031297,RBX1
GO:0031297,TIMELESS
GO:0031297,TIPIN
GO:0031297,XRCC3
GO:0031298,TIMELESS
GO:0031298,TIPIN
GO:0031372,PEDS1-UBE2V1
GO:0031372,UBE2N
GO:0031372,UBE2V1
GO:0031372,UBE2V2
GO:0031389,RAD17
GO:0031389,RFC2
GO:0031389,RFC3
GO:0031389,RFC4
GO:0031389,RFC5
GO:0031402,ATP1A1
GO:0031402,ATP1B1
GO:0031402,FXYD1
GO:0031402,FXYD2
GO:0031402,FXYD3
GO:0031402,FXYD4
GO:0031402,FXYD5
GO:0031402,FXYD6
GO:0031402,FXYD7
GO:0031402,PDZK1IP1
GO:0031402,SCNN1A
GO:0031402,SCNN1B
GO:0031402,SCNN1D
GO:0031402,SCNN1G
GO:0031402,SLC5A2
GO:0031403,SCNN1A
GO:0031403,SCNN1B
GO:0031403,SCNN1D
GO:0031403,SCNN1G
GO:0031415,NAA10
GO:0031415,NAA11
GO:0031415,NAA15
GO:0031415,NAA16
GO:0031416,NAA20
GO:0031416,NAA25
GO:0031417,NAA30
GO:0031417,NAA35
GO:0031417,NAA38
GO:0031419,AMN
GO:0031419,CUBN
GO:0031422,BLM
GO:0031422,RMI1
GO:0031422,RMI2
GO:0031422,TOP3A
GO:0031436,BARD1
GO:0031436,BRCA1
GO:0031440,CLP1
GO:0031440,CSTF1
GO:0031440,CSTF2
GO:0031440,CSTF2T
GO:0031440,CSTF3
GO:0031440,PCF11
GO:0031462,APPBP2
GO:0031462,CUL2
GO:0031462,ELOB
GO:0031462,ELOC
GO:0031462,FEM1A
GO:0031462,FEM1B
GO:0031462,FEM1C
GO:0031462,KLHDC10
GO:0031462,KLHDC2
GO:0031462,KLHDC3
GO:0031462,LRR1
GO:0031462,PRAME
GO:0031462,RBX1
GO:0031462,VHL
GO:0031462,ZER1
GO:0031462,ZYG11B
GO:0031463,CUL3
GO:0031463,ENC1
GO:0031463,GAN
GO:0031463,IPP
GO:0031463,KBTBD13
GO:0031463,KBTBD2
GO:0031463,KBTBD3
GO:0031463,KBTBD4
GO:0031463,KBTBD6
GO:0031463,KBTBD7
GO:0031463,KBTBD8
GO:0031463,KEAP1
GO:0031463,KLHL1
GO:0031463,KLHL10
GO:0031463,KLHL11
GO:0031463,KLHL12
GO:0031463,KLHL13
GO:0031463,KLHL14
GO:0031463,KLHL15
GO:0031463,KLHL17
GO:0031463,KLHL18
GO:0031463,KLHL2
GO:0031463,KLHL20
GO:0031463,KLHL21
GO:0031463,KLHL22
GO:0031463,KLHL23
GO:0031463,KLHL24
GO:0031463,KLHL25
GO:0031463,KLHL26
GO:0031463,KLHL28
GO:0031463,KLHL29
GO:0031463,KLHL3
GO:0031463,KLHL30
GO:0031463,KLHL31
GO:0031463,KLHL32
GO:0031463,KLHL34
GO:0031463,KLHL35
GO:0031463,KLHL36
GO:0031463,KLHL38
GO:0031463,KLHL4
GO:0031463,KLHL40
GO:0031463,KLHL41
GO:0031463,KLHL42
GO:0031463,KLHL5
GO:0031463,KLHL6
GO:0031463,KLHL7
GO:0031463,KLHL8
GO:0031463,KLHL9
GO:0031463,PHOSPHO2-KLHL23
GO:0031463,RBX1
GO:0031463,SPOP
GO:0031463,SPOPL
GO:0031464,AMBRA1
GO:0031464,CRBN
GO:0031464,CUL4A
GO:0031464,CUL4B
GO:0031464,DCAF1
GO:0031464,DCAF10
GO:0031464,DCAF11
GO:0031464,DCAF12
GO:0031464,DCAF13
GO:0031464,DCAF15
GO:0031464,DCAF16
GO:0031464,DCAF17
GO:0031464,DCAF4
GO:0031464,DCAF5
GO:0031464,DCAF6
GO:0031464,DCAF7
GO:0031464,DCAF8
GO:0031464,DDA1
GO:0031464,DDB1
GO:0031464,DDB2
GO:0031464,DTL
GO:0031464,ERCC8
GO:0031464,PHIP
GO:0031464,RBX1
GO:0031464,WDTC1
GO:0031465,AMBRA1
GO:0031465,CRBN
GO:0031465,CUL4B
GO:0031465,DCAF1
GO:0031465,DCAF10
GO:0031465,DCAF11
GO:0031465,DCAF12
GO:0031465,DCAF13
GO:0031465,DCAF15
GO:0031465,DCAF16
GO:0031465,DCAF17
GO:0031465,DCAF4
GO:0031465,DCAF5
GO:0031465,DCAF7
GO:0031465,DCAF8
GO:0031465,DDA1
GO:0031465,DDB1
GO:0031465,DTL
GO:0031465,ERCC8
GO:0031465,RBX1
GO:0031465,WDTC1
GO:0031468,CHMP1A
GO:0031468,CHMP1B
GO:0031468,CHMP1B2
GO:0031468,CHMP2A
GO:0031468,CHMP2B
GO:0031468,CHMP3
GO:0031468,CHMP4A
GO:0031468,CHMP4B
GO:0031468,CHMP4C
GO:0031468,CHMP5
GO:0031468,CHMP6
GO:0031468,CHMP7
GO:0031468,RNF103-CHMP3
GO:0031468,VPS4A
GO:0031468,VPS4B
GO:0031491,ASH2L
GO:0031491,BOD1
GO:0031491,BOD1L1
GO:0031491,CXXC1
GO:0031491,DPY30
GO:0031491,HCFC1
GO:0031491,HCFC2
GO:0031491,KAT2B
GO:0031491,KDM6A
GO:0031491,KMT2A
GO:0031491,KMT2B
GO:0031491,KMT2C
GO:0031491,KMT2D
GO:0031491,MEN1
GO:0031491,NCOA6
GO:0031491,PAGR1
GO:0031491,PAXIP1
GO:0031491,RBBP5
GO:0031491,RSF1
GO:0031491,SETD1A
GO:0031491,SETD1B
GO:0031491,SMARCA5
GO:0031491,SUPT3
GO:0031491,SUPT3H
GO:0031491,TADA2A
GO:0031491,TADA3
GO:0031491,TAF10
GO:0031491,TAF12
GO:0031491,TAF5L
GO:0031491,TAF6L
GO:0031491,TAF9
GO:0031491,TRRAP
GO:0031491,WDR5
GO:0031491,WDR82
GO:0031492,RRP8
GO:0031492,SIRT1
GO:0031492,SUV39H1
GO:0031499,MTREX
GO:0031499,TENT4A
GO:0031499,TENT4B
GO:0031499,ZCCHC7
GO:0031502,POMT1
GO:0031502,POMT2
GO:0031507,AEBP2
GO:0031507,AUTS2
GO:0031507,BAZ2A
GO:0031507,BCOR
GO:0031507,BCORL1
GO:0031507,BMI1
GO:0031507,CBX2
GO:0031507,CBX3
GO:0031507,CBX3-PS5
GO:0031507,CBX4
GO:0031507,CBX6
GO:0031507,CBX7
GO:0031507,CBX8
GO:0031507,EED
GO:0031507,EPOP
GO:0031507,EZH1
GO:0031507,EZH2
GO:0031507,JARID2
GO:0031507,KDM2B
GO:0031507,L3MBTL1
GO:0031507,L3MBTL2
GO:0031507,LCOR
GO:0031507,LOC118568054
GO:0031507,LOC118568056
GO:0031507,MTF2
GO:0031507,PCGF1
GO:0031507,PCGF2
GO:0031507,PCGF3
GO:0031507,PCGF5
GO:0031507,PCGF6
GO:0031507,PHC1
GO:0031507,PHC2
GO:0031507,PHC3
GO:0031507,PHF1
GO:0031507,PHF19
GO:0031507,RB1
GO:0031507,RBBP4
GO:0031507,RBBP7
GO:0031507,RING1
GO:0031507,RNF2
GO:0031507,RYBP
GO:0031507,SKP1
GO:0031507,SMARCA5
GO:0031507,SUZ12
GO:0031507,YAF2
GO:0031510,SAE1
GO:0031510,UBA2
GO:0031515 methyltransferase complex),TRMT6
GO:0031515 methyltransferase complex),TRMT61A
GO:0031526,SLC3A1
GO:0031526,SLC7A9
GO:0031531,GPHA2
GO:0031531,GPHB5
GO:0031573,TIMELESS
GO:0031573,TIPIN
GO:0031584,CXCL8
GO:0031584,CXCR1
GO:0031588,PRKAA1
GO:0031588,PRKAA2
GO:0031588,PRKAB1
GO:0031588,PRKAB2
GO:0031588,PRKAG1
GO:0031588,PRKAG2
GO:0031588,PRKAG3
GO:0031593,FAF1
GO:0031593,FAF2
GO:0031593,NPLOC4
GO:0031593,UBXN1
GO:0031593,UBXN7
GO:0031593,UFD1
GO:0031593,VCP
GO:0031594,NLGN1
GO:0031594,NRXN1
GO:0031594,SGCA
GO:0031594,SGCB
GO:0031594,SGCD
GO:0031594,SGCG
GO:0031594,SNTA1
GO:0031594,SNTB1
GO:0031594,SSPN
GO:0031594,UTRN
GO:0031625,CCDC8
GO:0031625,CUL7
GO:0031625,OBSL1
GO:0031625,PSMA1
GO:0031625,PSMA2
GO:0031625,PSMA3
GO:0031625,PSMA4
GO:0031625,PSMA5
GO:0031625,PSMA6
GO:0031625,PSMA7
GO:0031625,PSMB1
GO:0031625,PSMB2
GO:0031625,PSMB3
GO:0031625,PSMB4
GO:0031625,PSMB5
GO:0031625,PSMB6
GO:0031625,PSMB7
GO:0031638,THBD
GO:0031647,BAG6
GO:0031647,GET4
GO:0031647,GM44504
GO:0031647,UBL4A
GO:0031663,TICAM1
GO:0031663,TICAM2
GO:0031663,TMED7-TICAM2
GO:0031665,IL37
GO:0031665,SMAD3
GO:0031669,MAPKAP1
GO:0031669,MLST8
GO:0031669,MTOR
GO:0031669,PRKAA1
GO:0031669,PRKAA2
GO:0031669,PRKAB1
GO:0031669,PRKAB2
GO:0031669,PRKAG1
GO:0031669,PRKAG2
GO:0031669,PRKAG3
GO:0031669,PRR5
GO:0031669,RICTOR
GO:0031669,RPTOR
GO:0031762,CGA
GO:0031762,FSHB
GO:0031901,ATP11B
GO:0031901,LOC124906931
GO:0031901,LOC124908094
GO:0031901,LOC124908102
GO:0031901,TMEM30A
GO:0031901,WASHC1
GO:0031901,WASHC2
GO:0031901,WASHC2A
GO:0031901,WASHC2C
GO:0031901,WASHC3
GO:0031901,WASHC4
GO:0031901,WASHC5
GO:0031902,ATP10B
GO:0031902,LAMTOR1
GO:0031902,LAMTOR2
GO:0031902,LAMTOR3
GO:0031902,LAMTOR4
GO:0031902,LAMTOR5
GO:0031902,TMEM30A
GO:0031931,MLST8
GO:0031931,MTOR
GO:0031931,RPTOR
GO:0031932,MAPKAP1
GO:0031932,MLST8
GO:0031932,MTOR
GO:0031932,PRR5
GO:0031932,RICTOR
GO:0031966,ABCB10
GO:0031966,ABCB7
GO:0031966,COX1
GO:0031966,COX2
GO:0031966,COX3
GO:0031966,COX4I1
GO:0031966,COX5A
GO:0031966,COX5B
GO:0031966,COX6A1
GO:0031966,COX6B1
GO:0031966,COX6C
GO:0031966,COX7A2
GO:0031966,COX7B
GO:0031966,COX7C
GO:0031966,COX8A
GO:0031966,FECH
GO:0031966,NDUFA4
GO:0032006,CUL1
GO:0032006,FBXO9
GO:0032006,RBX1
GO:0032006,SKP1
GO:0032007,FLCN
GO:0032007,FNIP1
GO:0032007,FNIP2
GO:0032007,TBC1D7
GO:0032007,TBC1D7-LOC100130357
GO:0032007,TSC1
GO:0032007,TSC2
GO:0032021,NELFA
GO:0032021,NELFCD
GO:0032021,NELFE
GO:0032039,INTS1
GO:0032039,INTS10
GO:0032039,INTS11
GO:0032039,INTS12
GO:0032039,INTS13
GO:0032039,INTS14
GO:0032039,INTS2
GO:0032039,INTS3
GO:0032039,INTS4
GO:0032039,INTS5
GO:0032039,INTS6
GO:0032039,INTS7
GO:0032039,INTS8
GO:0032039,INTS9
GO:0032040,AATF
GO:0032040,BMS1
GO:0032040,C1ORF131
GO:0032040,DCAF13
GO:0032040,DNTTIP2
GO:0032040,EMG1
GO:0032040,FBL
GO:0032040,FCF1
GO:0032040,KRR1
GO:0032040,NAT10
GO:0032040,NGDN
GO:0032040,NOC4L
GO:0032040,NOL6
GO:0032040,NOP14
GO:0032040,NOP56
GO:0032040,NOP58
GO:0032040,PNO1
GO:0032040,RCL1
GO:0032040,RRP7A
GO:0032040,RRP9
GO:0032040,SNU13
GO:0032040,UTP11
GO:0032040,UTP14A
GO:0032040,UTP20
GO:0032040,UTP3
GO:0032040,WDR46
GO:0032044,SUPT4H1
GO:0032044,SUPT5H
GO:0032045,SMCR8
GO:0032045,WDR41
GO:0032129,HDAC1
GO:0032129,HDAC2
GO:0032129,KDM1A
GO:0032129,RCOR1
GO:0032129,RCOR2
GO:0032129,RCOR3
GO:0032133,AURKB
GO:0032133,BIRC5
GO:0032133,CDCA8
GO:0032133,INCENP
GO:0032183,SAE1
GO:0032183,UBA2
GO:0032204,EID3
GO:0032204,NSMCE1
GO:0032204,NSMCE2
GO:0032204,NSMCE3
GO:0032204,NSMCE4A
GO:0032204,SLF1
GO:0032204,SLF2
GO:0032204,SMC5
GO:0032204,SMC6
GO:0032206,ACD
GO:0032206,POT1
GO:0032206,POT1A
GO:0032206,SLX4
GO:0032206,TERF1
GO:0032206,TERF2
GO:0032206,TERF2IP
GO:0032206,TINF2
GO:0032229,GABRA4
GO:0032229,GABRB1
GO:0032229,GABRB2
GO:0032229,GABRB3
GO:0032229,GABRG2
GO:0032229,GAD1
GO:0032229,GAD2
GO:0032230,NLGN1
GO:0032230,NRXN1
GO:0032266,ATG12
GO:0032266,ATG5
GO:0032266,PTEN
GO:0032266,SNX1
GO:0032266,SNX2
GO:0032266,SNX32
GO:0032266,SNX5
GO:0032266,SNX6
GO:0032266,TECPR1
GO:0032281,GRIA1
GO:0032281,GRIA2
GO:0032299,RNASEH2A
GO:0032299,RNASEH2B
GO:0032299,RNASEH2C
GO:0032301,MSH2
GO:0032301,MSH6
GO:0032302,MSH2
GO:0032302,MSH3
GO:0032389,MLH1
GO:0032389,PMS2
GO:0032390,MLH1
GO:0032390,PMS1
GO:0032393,CD247
GO:0032393,CD3D
GO:0032393,CD3E
GO:0032393,CD3G
GO:0032394,CD247
GO:0032394,CD3D
GO:0032394,CD3E
GO:0032394,CD3G
GO:0032394,KLRC1
GO:0032394,KLRC2
GO:0032394,KLRC3
GO:0032394,KLRD1
GO:0032395,CD247
GO:0032395,CD3D
GO:0032395,CD3E
GO:0032395,CD3G
GO:0032397,CD8A
GO:0032397,CD8B
GO:0032397,CD8B1
GO:0032418,BLOC1S1
GO:0032418,BLOC1S2
GO:0032418,BORCS5
GO:0032418,BORCS6
GO:0032418,BORCS7
GO:0032418,BORCS8
GO:0032418,KXD1
GO:0032418,SNAPIN
GO:0032435,CDC37
GO:0032435,HSP90AA1
GO:0032435,HSP90AB1
GO:0032438,BLOC1S1
GO:0032438,BLOC1S2
GO:0032438,BLOC1S3
GO:0032438,BLOC1S4
GO:0032438,BLOC1S5
GO:0032438,BLOC1S6
GO:0032438,DTNBP1
GO:0032438,SNAPIN
GO:0032449,BCL10
GO:0032449,CARD10
GO:0032449,CARD11
GO:0032449,CARD14
GO:0032449,CARD9
GO:0032449,MALT1
GO:0032454,ARID5B
GO:0032454,PHF2
GO:0032456,CCDC22
GO:0032456,CCDC93
GO:0032456,COMMD1
GO:0032456,COMMD10
GO:0032456,COMMD2
GO:0032456,COMMD3
GO:0032456,COMMD4
GO:0032456,COMMD5
GO:0032456,COMMD6
GO:0032456,COMMD7
GO:0032456,COMMD8
GO:0032456,COMMD9
GO:0032456,DENND10
GO:0032456,VPS26A
GO:0032456,VPS26B
GO:0032456,VPS26C
GO:0032456,VPS29
GO:0032456,VPS35
GO:0032456,VPS35L
GO:0032456,VPS50
GO:0032456,VPS51
GO:0032456,VPS52
GO:0032456,VPS53
GO:0032479,LTA
GO:0032479,LTB
GO:0032479,LTBR
GO:0032480,ATG12
GO:0032480,ATG5
GO:0032496,LY96
GO:0032496,TLR4
GO:0032508,ASCC1
GO:0032508,ASCC2
GO:0032508,ASCC3
GO:0032508,MCM8
GO:0032508,MCM9
GO:0032543,AURKAIP1
GO:0032543,CHCHD1
GO:0032543,DAP3
GO:0032543,GADD45GIP1
GO:0032543,MRPL1
GO:0032543,MRPL10
GO:0032543,MRPL11
GO:0032543,MRPL12
GO:0032543,MRPL13
GO:0032543,MRPL14
GO:0032543,MRPL15
GO:0032543,MRPL16
GO:0032543,MRPL17
GO:0032543,MRPL18
GO:0032543,MRPL19
GO:0032543,MRPL2
GO:0032543,MRPL20
GO:0032543,MRPL21
GO:0032543,MRPL22
GO:0032543,MRPL23
GO:0032543,MRPL24
GO:0032543,MRPL27
GO:0032543,MRPL28
GO:0032543,MRPL3
GO:0032543,MRPL30
GO:0032543,MRPL32
GO:0032543,MRPL33
GO:0032543,MRPL34
GO:0032543,MRPL35
GO:0032543,MRPL36
GO:0032543,MRPL37
GO:0032543,MRPL38
GO:0032543,MRPL39
GO:0032543,MRPL4
GO:0032543,MRPL40
GO:0032543,MRPL41
GO:0032543,MRPL42
GO:0032543,MRPL43
GO:0032543,MRPL44
GO:0032543,MRPL45
GO:0032543,MRPL46
GO:0032543,MRPL47
GO:0032543,MRPL48
GO:0032543,MRPL49
GO:0032543,MRPL50
GO:0032543,MRPL51
GO:0032543,MRPL52
GO:0032543,MRPL53
GO:0032543,MRPL54
GO:0032543,MRPL55
GO:0032543,MRPL57
GO:0032543,MRPL58
GO:0032543,MRPL9
GO:0032543,MRPS10
GO:0032543,MRPS11
GO:0032543,MRPS12
GO:0032543,MRPS14
GO:0032543,MRPS15
GO:0032543,MRPS16
GO:0032543,MRPS17
GO:0032543,MRPS18A
GO:0032543,MRPS18B
GO:0032543,MRPS18C
GO:0032543,MRPS2
GO:0032543,MRPS21
GO:0032543,MRPS22
GO:0032543,MRPS23
GO:0032543,MRPS24
GO:0032543,MRPS25
GO:0032543,MRPS26
GO:0032543,MRPS27
GO:0032543,MRPS28
GO:0032543,MRPS30
GO:0032543,MRPS31
GO:0032543,MRPS33
GO:0032543,MRPS34
GO:0032543,MRPS35
GO:0032543,MRPS5
GO:0032543,MRPS6
GO:0032543,MRPS7
GO:0032543,MRPS9
GO:0032543,PTCD3
GO:0032553,NPLOC4
GO:0032553,UFD1
GO:0032553,VCP
GO:0032585,CHMP1A
GO:0032585,CHMP1B
GO:0032585,CHMP1B2
GO:0032585,CHMP2A
GO:0032585,CHMP2B
GO:0032585,CHMP3
GO:0032585,CHMP4A
GO:0032585,CHMP4B
GO:0032585,CHMP4C
GO:0032585,CHMP5
GO:0032585,CHMP6
GO:0032585,CHMP7
GO:0032585,RNF103-CHMP3
GO:0032588,AP1B1
GO:0032588,AP1G1
GO:0032588,AP1M1
GO:0032588,AP1M2
GO:0032588,AP1S1
GO:0032588,AP1S2
GO:0032588,AP1S3
GO:0032609,TNFRSF14
GO:0032609,TNFSF14
GO:0032642,ACKR1
GO:0032642,CXCL8
GO:0032689,IL20RA
GO:0032689,IL20RB
GO:0032690,IL1A
GO:0032690,IL1R2
GO:0032690,IL1RAP
GO:0032691,IL1R2
GO:0032691,IL1RAP
GO:0032729,IL18
GO:0032729,IL18R1
GO:0032729,IL18RAP
GO:0032729,JAK2
GO:0032729,PSMA1
GO:0032729,PSMA2
GO:0032729,PSMA3
GO:0032729,PSMA4
GO:0032729,PSMA5
GO:0032729,PSMA6
GO:0032729,PSMA7
GO:0032729,PSMB1
GO:0032729,PSMB10
GO:0032729,PSMB2
GO:0032729,PSMB3
GO:0032729,PSMB4
GO:0032729,PSMB8
GO:0032729,PSMB9
GO:0032729,TYK2
GO:0032731,AIM2
GO:0032731,CASP1
GO:0032731,MEFV
GO:0032731,NAIP
GO:0032731,NLRC4
GO:0032731,NLRP1
GO:0032731,NLRP1A
GO:0032731,NLRP1B
GO:0032731,NLRP3
GO:0032731,PYCARD
GO:0032733,EBI3
GO:0032733,IL27
GO:0032733,IL27RA
GO:0032733,IL6ST
GO:0032736,IL17B
GO:0032736,IL17RA
GO:0032736,IL17RB
GO:0032736,IL20RA
GO:0032736,IL20RB
GO:0032736,TRAF3IP2
GO:0032740,JAK2
GO:0032740,TYK2
GO:0032743,PSMA1
GO:0032743,PSMA2
GO:0032743,PSMA3
GO:0032743,PSMA4
GO:0032743,PSMA5
GO:0032743,PSMA6
GO:0032743,PSMA7
GO:0032743,PSMB1
GO:0032743,PSMB10
GO:0032743,PSMB2
GO:0032743,PSMB3
GO:0032743,PSMB4
GO:0032743,PSMB8
GO:0032743,PSMB9
GO:0032753,IL20RA
GO:0032753,IL20RB
GO:0032754,IL17B
GO:0032754,IL17RA
GO:0032754,IL17RB
GO:0032754,TRAF3IP2
GO:0032760,PSMA1
GO:0032760,PSMA2
GO:0032760,PSMA3
GO:0032760,PSMA4
GO:0032760,PSMA5
GO:0032760,PSMA6
GO:0032760,PSMA7
GO:0032760,PSMB1
GO:0032760,PSMB10
GO:0032760,PSMB2
GO:0032760,PSMB3
GO:0032760,PSMB4
GO:0032760,PSMB8
GO:0032760,PSMB9
GO:0032777,EPC1
GO:0032777,ING3
GO:0032777,KAT5
GO:0032780,TNNC1
GO:0032780,TNNI3
GO:0032780,TNNT2
GO:0032790,ASCC2
GO:0032790,ASCC3
GO:0032790,TRIP4
GO:0032797,DDX20
GO:0032797,GEMIN2
GO:0032797,GEMIN4
GO:0032797,GEMIN5
GO:0032797,GEMIN6
GO:0032797,GEMIN7
GO:0032797,GEMIN8
GO:0032797,SMN1
GO:0032797,SMN2
GO:0032797,STRAP
GO:0032798,SFR1
GO:0032798,SWI5
GO:0032807,LIG4
GO:0032807,XRCC4
GO:0032813,TNFRSF11B
GO:0032814,CUL4A
GO:0032814,CUL4B
GO:0032814,DCAF15
GO:0032814,DDA1
GO:0032814,DDB1
GO:0032814,KLRC1
GO:0032814,KLRC2
GO:0032814,KLRC3
GO:0032814,KLRD1
GO:0032814,RBX1
GO:0032819,JAK2
GO:0032819,TYK2
GO:0032905,CHI3L1
GO:0032905,IL13
GO:0032905,IL13RA2
GO:0032905,TMEM219
GO:0032908,IL13
GO:0032908,IL13RA2
GO:0032908,TMEM219
GO:0032922,BMAL1
GO:0032922,BMAL2
GO:0032922,CLOCK
GO:0032922,CRY1
GO:0032922,CRY2
GO:0032922,PER1
GO:0032922,PER2
GO:0032922,PER3
GO:0032924,SMAD2
GO:0032924,SMAD3
GO:0032924,SMAD4
GO:0032936,SCAP
GO:0032936,SREBF1
GO:0032936,SREBF2
GO:0032937,INSIG1
GO:0032937,INSIG2
GO:0032968,CCNK
GO:0032968,CCNT1
GO:0032968,CDK12
GO:0032968,CDK13
GO:0032968,CDK9
GO:0032968,MED1
GO:0032968,MED10
GO:0032968,MED11
GO:0032968,MED14
GO:0032968,MED15
GO:0032968,MED16
GO:0032968,MED17
GO:0032968,MED18
GO:0032968,MED19
GO:0032968,MED20
GO:0032968,MED21
GO:0032968,MED22
GO:0032968,MED23
GO:0032968,MED24
GO:0032968,MED25
GO:0032968,MED26
GO:0032968,MED27
GO:0032968,MED28
GO:0032968,MED29
GO:0032968,MED30
GO:0032968,MED31
GO:0032968,MED4
GO:0032968,MED6
GO:0032968,MED7
GO:0032968,MED8
GO:0032968,MED9
GO:0032968,NCBP1
GO:0032968,NCBP2
GO:0032977,CAMLG
GO:0032977,EMC1
GO:0032977,EMC10
GO:0032977,EMC2
GO:0032977,EMC3
GO:0032977,EMC4
GO:0032977,EMC6
GO:0032977,EMC7
GO:0032977,EMC8
GO:0032977,EMC9
GO:0032977,GET1
GO:0032977,GET3
GO:0032977,MMGT1
GO:0032981,ACAD9
GO:0032981,COA1
GO:0032981,ECSIT
GO:0032981,NDUFAF1
GO:0032981,TMEM126B
GO:0032981,TMEM186
GO:0032983,GRIK1
GO:0032983,GRIK2
GO:0032983,GRIK3
GO:0032983,GRIK4
GO:0032983,GRIK5
GO:0032991,ATG12
GO:0032991,ATG5
GO:0032991,TECPR1
GO:0033044,ACTL6A
GO:0033044,ACTR5
GO:0033044,ACTR8
GO:0033044,INO80
GO:0033044,INO80B
GO:0033044,INO80C
GO:0033044,INO80D
GO:0033044,INO80E
GO:0033044,MCRS1
GO:0033044,NFRKB
GO:0033044,RUVBL1
GO:0033044,RUVBL2
GO:0033044,TFPT
GO:0033044,UCHL5
GO:0033044,YY1
GO:0033063,RAD51B
GO:0033063,RAD51C
GO:0033063,RAD51D
GO:0033063,XRCC2
GO:0033065,RAD51C
GO:0033065,XRCC3
GO:0033116,LMAN1
GO:0033116,MCFD2
GO:0033176,ATP6AP1
GO:0033176,ATP6AP2
GO:0033176,ATP6V0A1
GO:0033176,ATP6V0A2
GO:0033176,ATP6V0A4
GO:0033176,ATP6V0B
GO:0033176,ATP6V0C
GO:0033176,ATP6V1A
GO:0033176,ATP6V1D
GO:0033176,ATP6V1F
GO:0033176,ATP6V1H
GO:0033176,RNASEK
GO:0033176,TCIRG1
GO:0033185,DPM1
GO:0033185,DPM2
GO:0033185,DPM3
GO:0033186,CHAF1A
GO:0033186,CHAF1B
GO:0033186,RBBP4
GO:0033192,AKAP5
GO:0033192,CALM1
GO:0033192,CALM2
GO:0033192,CALM3
GO:0033192,PPP3CA
GO:0033192,PPP3CB
GO:0033192,PPP3CC
GO:0033192,PPP3R1
GO:0033192,PPP3R2
GO:0033209,BIRC2
GO:0033209,BIRC3
GO:0033209,RIPK1
GO:0033209,TRADD
GO:0033209,TRAF2
GO:0033209,TRAF5
GO:0033263,TGFBRAP1
GO:0033263,VPS11
GO:0033263,VPS16
GO:0033263,VPS18
GO:0033263,VPS33A
GO:0033263,VPS8
GO:0033276,ATXN7
GO:0033276,ATXN7L3
GO:0033276,ENY2
GO:0033276,KAT2A
GO:0033276,SUPT3
GO:0033276,SUPT3H
GO:0033276,TADA3
GO:0033276,TAF10
GO:0033276,TAF12
GO:0033276,TAF2
GO:0033276,TAF4
GO:0033276,TAF5
GO:0033276,TAF5L
GO:0033276,TAF6
GO:0033276,TAF7
GO:0033276,TAF9
GO:0033276,TRRAP
GO:0033276,USP22
GO:0033539,ETFA
GO:0033539,ETFB
GO:0033557,LOC130134321
GO:0033557,SLX1A
GO:0033557,SLX1B
GO:0033557,SLX4
GO:0033565,HGS
GO:0033565,STAM
GO:0033565,STAM2
GO:0033588,ELP1
GO:0033588,ELP2
GO:0033588,ELP3
GO:0033588,ELP4
GO:0033588,ELP5
GO:0033588,ELP6
GO:0033596,TBC1D7
GO:0033596,TBC1D7-LOC100130357
GO:0033596,TSC1
GO:0033596,TSC2
GO:0033597,BUB1B
GO:0033597,BUB3
GO:0033597,CDC20
GO:0033597,MAD2L1
GO:0033622,ITGB1BP1
GO:0033622,KRIT1
GO:0033627,EMILIN1
GO:0033627,EMILIN2
GO:0033627,MMRN1
GO:0033699,APLF
GO:0033699,APTX
GO:0033699,LIG3
GO:0033699,PNKP
GO:0033699,POLB
GO:0033699,TDP1
GO:0033699,XRCC1
GO:0033919,GANAB
GO:0033919,PRKCSH
GO:0034045,ATG12
GO:0034045,ATG16L1
GO:0034045,ATG16L2
GO:0034045,ATG5
GO:0034058,TGFBRAP1
GO:0034058,VPS11
GO:0034058,VPS16
GO:0034058,VPS18
GO:0034058,VPS33A
GO:0034058,VPS39
GO:0034058,VPS41
GO:0034058,VPS8
GO:0034066,RGP1
GO:0034066,RIC1
GO:0034087,RAD21
GO:0034087,SMC1A
GO:0034087,SMC3
GO:0034087,STAG1
GO:0034087,STAG2
GO:0034089,RAD21
GO:0034089,RAD21L1
GO:0034089,REC8
GO:0034089,SMC1B
GO:0034089,SMC3
GO:0034089,STAG3
GO:0034098,FAF2
GO:0034098,NPLOC4
GO:0034098,UBXN1
GO:0034098,UBXN7
GO:0034098,UFD1
GO:0034098,VCP
GO:0034121,S100A8
GO:0034121,S100A9
GO:0034243,INTS1
GO:0034243,INTS10
GO:0034243,INTS11
GO:0034243,INTS12
GO:0034243,INTS13
GO:0034243,INTS14
GO:0034243,INTS2
GO:0034243,INTS3
GO:0034243,INTS4
GO:0034243,INTS5
GO:0034243,INTS6
GO:0034243,INTS7
GO:0034243,INTS8
GO:0034243,INTS9
GO:0034243,SUPT4H1
GO:0034243,SUPT5H
GO:0034244,NELFA
GO:0034244,NELFCD
GO:0034244,NELFE
GO:0034274,ATG12
GO:0034274,ATG16L1
GO:0034274,ATG16L2
GO:0034274,ATG5
GO:0034314,ACTR2
GO:0034314,ACTR3
GO:0034314,ACTR3B
GO:0034314,ARPC1A
GO:0034314,ARPC1B
GO:0034314,ARPC2
GO:0034314,ARPC3
GO:0034314,ARPC4
GO:0034314,ARPC5
GO:0034314,ARPC5L
GO:0034315,LOC124906931
GO:0034315,LOC124908094
GO:0034315,LOC124908102
GO:0034315,WASHC1
GO:0034315,WASHC2
GO:0034315,WASHC2A
GO:0034315,WASHC2C
GO:0034315,WASHC3
GO:0034315,WASHC4
GO:0034315,WASHC5
GO:0034341,PSMA1
GO:0034341,PSMA2
GO:0034341,PSMA3
GO:0034341,PSMA4
GO:0034341,PSMA5
GO:0034341,PSMA6
GO:0034341,PSMA7
GO:0034341,PSMB1
GO:0034341,PSMB10
GO:0034341,PSMB2
GO:0034341,PSMB3
GO:0034341,PSMB4
GO:0034341,PSMB8
GO:0034341,PSMB9
GO:0034348,IFNL1
GO:0034348,IFNL2
GO:0034348,IFNL3
GO:0034348,IFNL4
GO:0034348,IFNLR1
GO:0034348,IL10RB
GO:0034388,PWP2
GO:0034388,TBL3
GO:0034388,UTP18
GO:0034388,UTP6
GO:0034388,WDR3
GO:0034388,WDR36
GO:0034405,EPB41
GO:0034405,GYPC
GO:0034405,MPP1
GO:0034455,HEATR1
GO:0034455,NOL11
GO:0034455,UTP15
GO:0034455,UTP4
GO:0034455,WDR43
GO:0034455,WDR75
GO:0034457,IMP3
GO:0034457,IMP4
GO:0034457,MPHOSPH10
GO:0034458,AQR
GO:0034458,ISY1
GO:0034458,ISY1-RAB43
GO:0034458,PNPT1
GO:0034458,PPIE
GO:0034458,SKIC2
GO:0034458,SKIC3
GO:0034458,SKIC8
GO:0034458,SUPV3L1
GO:0034458,XAB2
GO:0034458,ZNF830
GO:0034464,BBIP1
GO:0034464,BBS1
GO:0034464,BBS2
GO:0034464,BBS4
GO:0034464,BBS5
GO:0034464,BBS7
GO:0034464,BBS9
GO:0034464,TTC8
GO:0034508,MIS18A
GO:0034508,MIS18BP1
GO:0034508,OIP5
GO:0034515,PSMA1
GO:0034515,PSMA2
GO:0034515,PSMA3
GO:0034515,PSMA4
GO:0034515,PSMA5
GO:0034515,PSMA6
GO:0034515,PSMA7
GO:0034515,PSMB1
GO:0034515,PSMB2
GO:0034515,PSMB3
GO:0034515,PSMB4
GO:0034515,PSMB5
GO:0034515,PSMB6
GO:0034515,PSMB7
GO:0034515,PSME1
GO:0034515,PSME2
GO:0034515,PSME3
GO:0034516,ABRAXAS2
GO:0034516,BABAM1
GO:0034516,BABAM2
GO:0034516,BRCC3
GO:0034618,CASTOR1
GO:0034618,CASTOR2
GO:0034644,CUL4A
GO:0034644,CUL4B
GO:0034644,DDB1
GO:0034644,DDB2
GO:0034644,RBX1
GO:0034657,ARMC8
GO:0034657,GID4
GO:0034657,GID8
GO:0034657,MAEA
GO:0034657,MKLN1
GO:0034657,RANBP10
GO:0034657,RANBP9
GO:0034657,RMND5A
GO:0034657,RMND5B
GO:0034657,WDR26
GO:0034657,YPEL5
GO:0034665,ITGA1
GO:0034665,ITGB1
GO:0034666,ITGA2
GO:0034666,ITGB1
GO:0034667,ITGA3
GO:0034667,ITGB1
GO:0034668,ITGA4
GO:0034668,ITGB1
GO:0034669,ITGA4
GO:0034669,ITGB7
GO:0034674,ITGA5
GO:0034674,ITGB1
GO:0034675,ITGA6
GO:0034675,ITGB1
GO:0034676,ITGA6
GO:0034676,ITGB4
GO:0034677,ITGA7
GO:0034677,ITGB1
GO:0034678,ITGA8
GO:0034678,ITGB1
GO:0034679,ITGA9
GO:0034679,ITGB1
GO:0034680,ITGA10
GO:0034680,ITGB1
GO:0034681,ITGA11
GO:0034681,ITGB1
GO:0034682,ITGAV
GO:0034682,ITGB1
GO:0034683,ITGAV
GO:0034683,ITGB3
GO:0034684,ITGAV
GO:0034684,ITGB5
GO:0034685,ITGAV
GO:0034685,ITGB6
GO:0034686,ITGAV
GO:0034686,ITGB8
GO:0034687,ITGAL
GO:0034687,ITGB2
GO:0034688,ITGAM
GO:0034688,ITGB2
GO:0034689,ITGAX
GO:0034689,ITGB2
GO:0034690,ITGAD
GO:0034690,ITGB2
GO:0034691,ITGAE
GO:0034691,ITGB7
GO:0034703,SCN1B
GO:0034703,SCN2B
GO:0034703,SCN3B
GO:0034703,SCN4B
GO:0034703,SCN7A
GO:0034703,TRPC1
GO:0034703,TRPC4
GO:0034703,TRPC5
GO:0034706,SCNN1A
GO:0034706,SCNN1B
GO:0034706,SCNN1D
GO:0034706,SCNN1G
GO:0034707,CLCN7
GO:0034707,GABRA4
GO:0034707,GABRA6
GO:0034707,GABRB1
GO:0034707,GABRB2
GO:0034707,GABRB3
GO:0034707,GABRG2
GO:0034707,OSTM1
GO:0034708,RAMAC
GO:0034708,RNMT
GO:0034708,THUMPD2
GO:0034708,TRMT11
GO:0034708,TRMT112
GO:0034709,CLNS1A
GO:0034709,COPRS
GO:0034709,PRMT5
GO:0034709,RIOK1
GO:0034709,WDR77
GO:0034982,AFG3L2
GO:0034982,SPG7
GO:0034987,CD247
GO:0034987,CD3E
GO:0034987,CD3G
GO:0034993,IRAG2
GO:0034993,KASH5
GO:0034993,SUN1
GO:0034993,SUN2
GO:0034993,SYNE1
GO:0034993,SYNE2
GO:0034993,SYNE3
GO:0034993,SYNE4
GO:0035005,PIK3CA
GO:0035005,PIK3CB
GO:0035005,PIK3CD
GO:0035005,PIK3CG
GO:0035005,PIK3R1
GO:0035005,PIK3R2
GO:0035005,PIK3R3
GO:0035005,PIK3R5
GO:0035005,PIK3R6
GO:0035032,ATG14
GO:0035032,BECN1
GO:0035032,PIK3C3
GO:0035032,PIK3R4
GO:0035032,UVRAG
GO:0035060,ACTB
GO:0035060,ACTL6A
GO:0035060,ACTL6B
GO:0035060,ARID1A
GO:0035060,ARID1B
GO:0035060,DPF3
GO:0035060,SMARCA2
GO:0035060,SMARCB1
GO:0035060,SMARCC1
GO:0035060,SMARCC2
GO:0035060,SMARCD1
GO:0035060,SMARCD2
GO:0035060,SMARCD3
GO:0035060,SMARCE1
GO:0035064,BPTF
GO:0035064,CBX3
GO:0035064,CBX3-PS5
GO:0035064,L3MBTL1
GO:0035064,LOC118568054
GO:0035064,LOC118568056
GO:0035064,MPHOSPH8
GO:0035064,PPHLN1
GO:0035064,RB1
GO:0035064,RBBP4
GO:0035064,RBBP7
GO:0035064,RRP8
GO:0035064,SIRT1
GO:0035064,SMARCA1
GO:0035064,SUV39H1
GO:0035064,TAF1
GO:0035064,TAF10
GO:0035064,TAF11
GO:0035064,TAF12
GO:0035064,TAF13
GO:0035064,TAF2
GO:0035064,TAF3
GO:0035064,TAF4
GO:0035064,TAF4B
GO:0035064,TAF5
GO:0035064,TAF6
GO:0035064,TAF7
GO:0035064,TAF8
GO:0035064,TAF9
GO:0035064,TASOR
GO:0035064,TBP
GO:0035097,N6AMT1
GO:0035097,TRMT112
GO:0035098 complex),AEBP2
GO:0035098 complex),EED
GO:0035098 complex),EPOP
GO:0035098 complex),EZH1
GO:0035098 complex),EZH2
GO:0035098 complex),JARID2
GO:0035098 complex),LCOR
GO:0035098 complex),MTF2
GO:0035098 complex),PHF1
GO:0035098 complex),PHF19
GO:0035098 complex),RBBP4
GO:0035098 complex),RBBP7
GO:0035098 complex),SUZ12
GO:0035101,SSRP1
GO:0035101,SUPT16
GO:0035101,SUPT16H
GO:0035102,AUTS2
GO:0035102,BCOR
GO:0035102,BCORL1
GO:0035102,BMI1
GO:0035102,CBX2
GO:0035102,CBX4
GO:0035102,CBX6
GO:0035102,CBX7
GO:0035102,CBX8
GO:0035102,KDM2B
GO:0035102,L3MBTL2
GO:0035102,PCGF1
GO:0035102,PCGF2
GO:0035102,PCGF3
GO:0035102,PCGF5
GO:0035102,PCGF6
GO:0035102,PHC1
GO:0035102,PHC2
GO:0035102,PHC3
GO:0035102,RING1
GO:0035102,RNF2
GO:0035102,RYBP
GO:0035102,SKP1
GO:0035102,YAF2
GO:0035145,ALYREF
GO:0035145,CASC3
GO:0035145,EIF4A3
GO:0035145,MAGOH
GO:0035145,MAGOHB
GO:0035145,RBM8A
GO:0035189,E2F1
GO:0035189,E2F2
GO:0035189,RB1
GO:0035189,TFDP1
GO:0035194,NCBP1
GO:0035194,NCBP2
GO:0035194,NCBP3
GO:0035194,TSN
GO:0035194,TSNAX
GO:0035195,NCBP1
GO:0035195,NCBP2
GO:0035196,AGO1
GO:0035196,AGO2
GO:0035196,AGO3
GO:0035196,AGO4
GO:0035196,DICER1
GO:0035196,PRKRA
GO:0035196,TARBP2
GO:0035196,TNRC6A
GO:0035196,TNRC6B
GO:0035197,TSN
GO:0035197,TSNAX
GO:0035198,DGCR8
GO:0035198,DICER1
GO:0035198,DROSHA
GO:0035198,PRKRA
GO:0035198,TARBP2
GO:0035235,GRIA1
GO:0035235,GRIA2
GO:0035235,GRIN1
GO:0035235,GRIN2A
GO:0035235,GRIN2B
GO:0035235,GRIN2C
GO:0035235,GRIN2D
GO:0035267,ACTB
GO:0035267,ACTL6A
GO:0035267,BRD8
GO:0035267,DMAP1
GO:0035267,EP400
GO:0035267,EPC1
GO:0035267,EPC2
GO:0035267,ING3
GO:0035267,KAT5
GO:0035267,MBTD1
GO:0035267,MEAF6
GO:0035267,MORF4L1
GO:0035267,MORF4L2
GO:0035267,MRGBP
GO:0035267,RUVBL1
GO:0035267,RUVBL2
GO:0035267,TRRAP
GO:0035267,VPS72
GO:0035267,YEATS4
GO:0035268,PIGM
GO:0035268,PIGX
GO:0035269,FKRP
GO:0035269,FKTN
GO:0035269,POMT1
GO:0035269,POMT2
GO:0035269,RXYLT1
GO:0035313,ITGA5
GO:0035313,ITGAV
GO:0035313,ITGB1
GO:0035313,ITGB3
GO:0035313,ITGB5
GO:0035329,TEAD1
GO:0035329,YAP1
GO:0035330,MOB4
GO:0035330,PPP2CA
GO:0035330,PPP2R1A
GO:0035330,STRIP1
GO:0035330,STRIP2
GO:0035330,STRN
GO:0035330,STRN3
GO:0035330,STRN4
GO:0035354,TLR1
GO:0035354,TLR2
GO:0035355,TLR2
GO:0035355,TLR6
GO:0035357,NCOA1
GO:0035357,NCOA2
GO:0035357,PPARG
GO:0035373,TNR
GO:0035425,IL6
GO:0035441,VEGFA
GO:0035517,ASXL1
GO:0035517,BAP1
GO:0035525,RELA
GO:0035542,TGFBRAP1
GO:0035542,VPS11
GO:0035542,VPS16
GO:0035542,VPS18
GO:0035542,VPS33A
GO:0035542,VPS39
GO:0035542,VPS41
GO:0035542,VPS8
GO:0035584,RYR2
GO:0035594,TNR
GO:0035605,NOS2
GO:0035605,S100A8
GO:0035605,S100A9
GO:0035627,OSBP
GO:0035627,VAPA
GO:0035632,PHB1
GO:0035632,PHB2
GO:0035654,AP3B1
GO:0035654,AP3B2
GO:0035654,AP3D1
GO:0035654,AP3M1
GO:0035654,AP3M2
GO:0035654,AP3S1
GO:0035654,AP3S2
GO:0035658,CCZ1
GO:0035658,CCZ1B
GO:0035658,MON1A
GO:0035658,MON1B
GO:0035658,RMC1
GO:0035662,S100A8
GO:0035662,S100A9
GO:0035667,TICAM1
GO:0035667,TICAM2
GO:0035667,TMED7-TICAM2
GO:0035720,CLUAP1
GO:0035720,IFT172
GO:0035720,IFT20
GO:0035720,IFT22
GO:0035720,IFT25
GO:0035720,IFT27
GO:0035720,IFT46
GO:0035720,IFT52
GO:0035720,IFT56
GO:0035720,IFT57
GO:0035720,IFT70B
GO:0035720,IFT74
GO:0035720,IFT80
GO:0035720,IFT81
GO:0035720,IFT88
GO:0035720,KIF3A
GO:0035720,KIF3B
GO:0035720,KIF3C
GO:0035720,KIFAP3
GO:0035720,TRAF3IP1
GO:0035721,IFT122
GO:0035721,IFT140
GO:0035721,IFT43
GO:0035721,TTC21B
GO:0035721,WDR19
GO:0035721,WDR35
GO:0035723,IL15
GO:0035723,IL15RA
GO:0035723,IL2RB
GO:0035723,IL2RG
GO:0035725,NALCN
GO:0035725,NALF1
GO:0035725,UNC79
GO:0035725,UNC80
GO:0035771,IL13RA1
GO:0035771,IL2RG
GO:0035771,IL4
GO:0035771,IL4R
GO:0035772,IL13
GO:0035772,IL13RA1
GO:0035772,IL4R
GO:0035790,PDGFA
GO:0035790,PDGFB
GO:0035790,PDGFC
GO:0035790,PDGFRA
GO:0035790,PDGFRB
GO:0035791,PDGFA
GO:0035791,PDGFB
GO:0035791,PDGFC
GO:0035791,PDGFD
GO:0035791,PDGFRA
GO:0035791,PDGFRB
GO:0035825,BRIP1
GO:0035825,FIGNL1
GO:0035825,FIRRM
GO:0035825,RBBP8
GO:0035825,SYCE1
GO:0035825,SYCE2
GO:0035825,SYCE3
GO:0035825,SYCP1
GO:0035825,SYCP2
GO:0035825,SYCP3
GO:0035825,TEX12
GO:0035825,TOPBP1
GO:0035855,FLNA
GO:0035855,GP1BA
GO:0035855,GP1BB
GO:0035855,GP5
GO:0035855,GP9
GO:0035861,MAD2L2
GO:0035861,SHLD1
GO:0035861,SHLD2
GO:0035861,SHLD3
GO:0035869,AHI1
GO:0035869,B9D1
GO:0035869,B9D2
GO:0035869,CC2D2A
GO:0035869,CEP290
GO:0035869,IQCB1
GO:0035869,MKS1
GO:0035869,NPHP1
GO:0035869,NPHP4
GO:0035869,RPGRIP1L
GO:0035869,TCTN1
GO:0035869,TCTN2
GO:0035869,TCTN3
GO:0035869,TMEM107
GO:0035869,TMEM17
GO:0035869,TMEM216
GO:0035869,TMEM231
GO:0035869,TMEM237
GO:0035869,TMEM67
GO:0035925,CPSF6
GO:0035925,CPSF7
GO:0035925,NUDT21
GO:0035976,FOS
GO:0035976,JUN
GO:0035976,NFATC2
GO:0036002,ACIN1
GO:0036002,BCAS2
GO:0036002,CDC5L
GO:0036002,CTNNBL1
GO:0036002,CWC15
GO:0036002,DDX23
GO:0036002,EFTUD2
GO:0036002,HSPA8
GO:0036002,LSM2
GO:0036002,LSM3
GO:0036002,LSM4
GO:0036002,LSM5
GO:0036002,LSM6
GO:0036002,LSM7
GO:0036002,LSM8
GO:0036002,PLRG1
GO:0036002,PNN
GO:0036002,PRPF19
GO:0036002,PRPF31
GO:0036002,PRPF4
GO:0036002,PRPF6
GO:0036002,PRPF8
GO:0036002,RBM42
GO:0036002,RNPS1
GO:0036002,SAP18
GO:0036002,SART1
GO:0036002,SF3A1
GO:0036002,SF3A2
GO:0036002,SF3A3
GO:0036002,SNRNP200
GO:0036002,SNRNP27
GO:0036002,SNRNP40
GO:0036002,SNRPA
GO:0036002,SNRPB
GO:0036002,SNRPD1
GO:0036002,SNRPD2
GO:0036002,SNRPD3
GO:0036002,SNRPE
GO:0036002,SNRPF
GO:0036002,SNRPG
GO:0036002,SNU13
GO:0036002,TXNL4A
GO:0036002,USP39
GO:0036033,CCNC
GO:0036033,CDK19
GO:0036033,CDK8
GO:0036033,MED12
GO:0036033,MED13
GO:0036038,AHI1
GO:0036038,B9D1
GO:0036038,B9D2
GO:0036038,CC2D2A
GO:0036038,MKS1
GO:0036038,TCTN1
GO:0036038,TCTN2
GO:0036038,TCTN3
GO:0036038,TMEM107
GO:0036038,TMEM17
GO:0036038,TMEM216
GO:0036038,TMEM231
GO:0036038,TMEM237
GO:0036038,TMEM67
GO:0036092,ATG14
GO:0036092,BECN1
GO:0036092,PIK3C3
GO:0036092,PIK3R4
GO:0036092,UVRAG
GO:0036126,CFAP206
GO:0036126,CYB5D1
GO:0036126,DNAJB13
GO:0036126,DYDC1
GO:0036126,DYNLL2
GO:0036126,IQUB
GO:0036126,NME5
GO:0036126,ROPN1L
GO:0036126,RSPH1
GO:0036126,RSPH14
GO:0036126,RSPH3
GO:0036126,RSPH3A
GO:0036126,RSPH3B
GO:0036126,RSPH6A
GO:0036126,RSPH9
GO:0036128,CATSPER1
GO:0036128,CATSPER2
GO:0036128,CATSPER3
GO:0036128,CATSPER4
GO:0036128,CATSPERB
GO:0036128,CATSPERD
GO:0036128,CATSPERE
GO:0036128,CATSPERE1
GO:0036128,CATSPERG
GO:0036128,CATSPERG2
GO:0036128,CATSPERZ
GO:0036128,EFCAB9
GO:0036128,SLCO6C1
GO:0036128,TMEM249
GO:0036128,TMEM262
GO:0036145,LTA
GO:0036145,LTB
GO:0036145,LTBR
GO:0036158,CLXN
GO:0036158,ODAD1
GO:0036158,ODAD2
GO:0036158,ODAD3
GO:0036158,ODAD4
GO:0036175,RRM1
GO:0036175,RRM2
GO:0036175,RRM2B
GO:0036258,CHMP1A
GO:0036258,CHMP1B
GO:0036258,CHMP1B2
GO:0036258,CHMP2A
GO:0036258,CHMP2B
GO:0036258,CHMP3
GO:0036258,CHMP4A
GO:0036258,CHMP4B
GO:0036258,CHMP4C
GO:0036258,CHMP5
GO:0036258,CHMP6
GO:0036258,CHMP7
GO:0036258,HGS
GO:0036258,MVB12A
GO:0036258,RNF103-CHMP3
GO:0036258,SNF8
GO:0036258,STAM
GO:0036258,STAM2
GO:0036258,TSG101
GO:0036258,UBAP1
GO:0036258,VPS25
GO:0036258,VPS28
GO:0036258,VPS36
GO:0036258,VPS37A
GO:0036258,VPS37B
GO:0036258,VPS37C
GO:0036258,VPS37D
GO:0036258,VPS4A
GO:0036258,VPS4B
GO:0036261,LSM10
GO:0036261,LSM11
GO:0036261,SNRPB
GO:0036261,SNRPD1
GO:0036261,SNRPD2
GO:0036261,SNRPD3
GO:0036261,SNRPE
GO:0036261,SNRPF
GO:0036261,SNRPG
GO:0036297,CENPS
GO:0036297,CENPS-CORT
GO:0036297,CENPX
GO:0036297,FAAP100
GO:0036297,FAAP20
GO:0036297,FAAP24
GO:0036297,FANCA
GO:0036297,FANCB
GO:0036297,FANCC
GO:0036297,FANCD2
GO:0036297,FANCE
GO:0036297,FANCF
GO:0036297,FANCG
GO:0036297,FANCI
GO:0036297,FANCL
GO:0036297,FANCM
GO:0036297,FIGNL1
GO:0036297,FIRRM
GO:0036376,ATP1A1
GO:0036376,ATP1B1
GO:0036376,FXYD1
GO:0036376,FXYD2
GO:0036376,FXYD3
GO:0036376,FXYD4
GO:0036376,FXYD5
GO:0036376,FXYD6
GO:0036376,FXYD7
GO:0036396,CBLL1
GO:0036396,METTL14
GO:0036396,METTL3
GO:0036396,METTL5
GO:0036396,TRMT112
GO:0036396,VIRMA
GO:0036396,WTAP
GO:0036396,ZC3H13
GO:0036408),DR1
GO:0036408),KAT14
GO:0036408),KAT2A
GO:0036408),KAT2B
GO:0036408),MBIP
GO:0036408),SGF29
GO:0036408),TADA2A
GO:0036408),TADA3
GO:0036408),WDR5
GO:0036408),YEATS2
GO:0036408),ZZZ3
GO:0036444,MCU
GO:0036444,MCUB
GO:0036444,MICU1
GO:0036444,MICU2
GO:0036444,MICU3
GO:0036444,SMDT1
GO:0036454,VEGFB
GO:0036454,VEGFC
GO:0036465,AP3B2
GO:0036465,AP3D1
GO:0036465,AP3M2
GO:0036465,AP3S1
GO:0036465,AP3S2
GO:0036488,CEBPA
GO:0036488,CEBPB
GO:0036488,DDIT3
GO:0036500,ATF6
GO:0036500,ATF6B
GO:0036500,CREBZF
GO:0036500,XBP1
GO:0036503,ATF6
GO:0036503,ERLIN1
GO:0036503,ERLIN2
GO:0036503,FAF1
GO:0036503,FAF2
GO:0036503,NPLOC4
GO:0036503,UFD1
GO:0036503,VCP
GO:0036503,XBP1
GO:0038001,IL6
GO:0038023,CD4
GO:0038024,LMAN1
GO:0038024,MCFD2
GO:0038026,RELN
GO:0038033,VEGFA
GO:0038043,CSF2RB
GO:0038043,IL5
GO:0038043,IL5RA
GO:0038043,JAK1
GO:0038043,JAK2
GO:0038043,TYK2
GO:0038060,GUCY1A1
GO:0038060,GUCY1A2
GO:0038060,GUCY1B1
GO:0038083,PDGFA
GO:0038083,PDGFB
GO:0038083,PDGFC
GO:0038083,PDGFD
GO:0038083,PDGFRA
GO:0038083,PDGFRB
GO:0038084,VEGFB
GO:0038084,VEGFC
GO:0038110,IL2
GO:0038110,IL2RA
GO:0038110,IL2RB
GO:0038110,IL2RG
GO:0038111,IL2RG
GO:0038124,TLR2
GO:0038124,TLR6
GO:0038145,CSF1R
GO:0038145,IL34
GO:0038154,IL11
GO:0038154,IL6ST
GO:0038156,CSF2RB
GO:0038156,IL3
GO:0038156,IL3RA
GO:0038157,CSF2
GO:0038157,CSF2RA
GO:0038157,CSF2RB
GO:0038157,JAK2
GO:0038172,IL1RAP
GO:0038172,IL1RL1
GO:0038172,IL33
GO:0038187,COLEC10
GO:0038187,COLEC11
GO:0038187,FCN1
GO:0038187,FCN2
GO:0038187,FCN3
GO:0038187,MBL2
GO:0038195,PLAU
GO:0038195,PLAUR
GO:0038196,IFNL1
GO:0038196,IFNL2
GO:0038196,IFNL3
GO:0038196,IFNL4
GO:0038196,IFNLR1
GO:0038196,IL10RB
GO:0038202,LAMTOR1
GO:0038202,LAMTOR2
GO:0038202,LAMTOR3
GO:0038202,LAMTOR4
GO:0038202,LAMTOR5
GO:0039702,CHMP1A
GO:0039702,CHMP1B
GO:0039702,CHMP1B2
GO:0039702,CHMP2A
GO:0039702,CHMP2B
GO:0039702,CHMP3
GO:0039702,CHMP4A
GO:0039702,CHMP4B
GO:0039702,CHMP4C
GO:0039702,CHMP5
GO:0039702,CHMP6
GO:0039702,CHMP7
GO:0039702,RNF103-CHMP3
GO:0040019,KHDC3L
GO:0040019,NLRP2
GO:0040019,NLRP5
GO:0040019,NLRP7
GO:0040019,OOEP
GO:0040019,PADI6
GO:0040029,CUL4A
GO:0040029,CUL4B
GO:0040029,DCAF13
GO:0040029,DCAF16
GO:0040029,DCAF8
GO:0040029,DDB1
GO:0040029,RBX1
GO:0042007,IL18
GO:0042007,IL18BP
GO:0042008,IL18
GO:0042008,IL18R1
GO:0042008,IL18RAP
GO:0042010,IL15
GO:0042010,IL15RA
GO:0042010,IL2RB
GO:0042010,IL2RG
GO:0042012,CD4
GO:0042018,IL10RB
GO:0042018,IL22
GO:0042018,IL22RA1
GO:0042020,JAK2
GO:0042020,TYK2
GO:0042022,JAK2
GO:0042022,TYK2
GO:0042056,VEGFA
GO:0042073,FUZ
GO:0042073,INTU
GO:0042073,WDPCP
GO:0042098,TNFRSF14
GO:0042098,TNFSF14
GO:0042102,JAK2
GO:0042102,TYK2
GO:0042105,CD247
GO:0042105,CD3D
GO:0042105,CD3E
GO:0042105,CD3G
GO:0042106,CD247
GO:0042106,CD3E
GO:0042106,CD3G
GO:0042110,CD8A
GO:0042110,CD8B
GO:0042110,CD8B1
GO:0042110,LTBR
GO:0042110,TNFSF14
GO:0042119,CXCL8
GO:0042119,CXCR1
GO:0042119,CXCR2
GO:0042127,CUL4A
GO:0042127,CUL4B
GO:0042127,DCAF12
GO:0042127,DDB1
GO:0042127,EMILIN1
GO:0042127,EMILIN2
GO:0042127,HRAS
GO:0042127,IL20RA
GO:0042127,IL20RB
GO:0042127,IL22RA1
GO:0042127,IL24
GO:0042127,RBX1
GO:0042127,SOS1
GO:0042129,EBI3
GO:0042129,IL27
GO:0042134,IMP3
GO:0042134,IMP4
GO:0042134,MPHOSPH10
GO:0042136,GAD1
GO:0042136,GAD2
GO:0042138,IHO1
GO:0042138,MEI4
GO:0042138,REC114
GO:0042147,SNX1
GO:0042147,SNX2
GO:0042147,SNX32
GO:0042147,SNX5
GO:0042147,SNX6
GO:0042147,VPS51
GO:0042147,VPS52
GO:0042147,VPS53
GO:0042147,VPS54
GO:0042149,RRP8
GO:0042149,SIRT1
GO:0042149,SUV39H1
GO:0042162,DKC1
GO:0042162,GAR1
GO:0042162,NHP2
GO:0042162,NOP10
GO:0042162,SLX4
GO:0042162,TERF2
GO:0042162,TERT
GO:0042162,WRAP53
GO:0042166,CHRNA10
GO:0042166,CHRNA9
GO:0042166,CHRND
GO:0042254,FGF12
GO:0042254,NOLC1
GO:0042254,TCOF1
GO:0042272,NXF1
GO:0042272,NXF2
GO:0042272,NXF2B
GO:0042272,NXF3
GO:0042272,NXT1
GO:0042272,NXT2
GO:0042273,BOP1
GO:0042273,PES1
GO:0042273,WDR12
GO:0042276,MAD2L2
GO:0042276,POLD2
GO:0042276,POLD3
GO:0042276,REV3L
GO:0042277,NPR1
GO:0042382,NONO
GO:0042382,PSPC1
GO:0042382,SFPQ
GO:0042391,SCN1B
GO:0042391,SCN2B
GO:0042391,SCN3B
GO:0042391,SCN4B
GO:0042391,SCN7A
GO:0042393,ACTL6A
GO:0042393,ACTR6
GO:0042393,ARID4A
GO:0042393,ARID4B
GO:0042393,ATXN7
GO:0042393,ATXN7L3
GO:0042393,BAZ1B
GO:0042393,BRMS1
GO:0042393,BRMS1L
GO:0042393,CHAF1A
GO:0042393,CHAF1B
GO:0042393,CHD3
GO:0042393,CHD4
GO:0042393,DMAP1
GO:0042393,ENY2
GO:0042393,GATAD2A
GO:0042393,GATAD2B
GO:0042393,HDAC1
GO:0042393,HDAC2
GO:0042393,ING1
GO:0042393,ING2
GO:0042393,KAT2A
GO:0042393,MBD2
GO:0042393,MBD3
GO:0042393,MTA1
GO:0042393,MTA2
GO:0042393,MTA3
GO:0042393,OGT
GO:0042393,RBBP4
GO:0042393,RBBP7
GO:0042393,RSF1
GO:0042393,RUVBL1
GO:0042393,RUVBL2
GO:0042393,SAP130
GO:0042393,SAP30
GO:0042393,SAP30L
GO:0042393,SIN3A
GO:0042393,SIN3B
GO:0042393,SINHCAF
GO:0042393,SMARCA5
GO:0042393,SRCAP
GO:0042393,SSRP1
GO:0042393,SUDS3
GO:0042393,SUPT16
GO:0042393,SUPT16H
GO:0042393,SUPT3
GO:0042393,SUPT3H
GO:0042393,TADA3
GO:0042393,TAF10
GO:0042393,TAF12
GO:0042393,TAF2
GO:0042393,TAF4
GO:0042393,TAF5
GO:0042393,TAF5L
GO:0042393,TAF6
GO:0042393,TAF7
GO:0042393,TAF9
GO:0042393,TET1
GO:0042393,TRRAP
GO:0042393,USP22
GO:0042393,VPS72
GO:0042393,YEATS4
GO:0042393,ZNHIT1
GO:0042407,APOO
GO:0042407,APOOL
GO:0042407,CHCHD3
GO:0042407,CHCHD6
GO:0042407,IMMT
GO:0042407,MICOS10
GO:0042407,MICOS13
GO:0042497,TLR1
GO:0042497,TLR2
GO:0042498,TLR2
GO:0042498,TLR6
GO:0042500,APH1A
GO:0042500,APH1B
GO:0042500,NCSTN
GO:0042500,PSENEN
GO:0042531,IL10
GO:0042531,IL10RA
GO:0042531,IL10RB
GO:0042531,IL13
GO:0042531,IL13RA1
GO:0042531,IL2RG
GO:0042531,IL4
GO:0042531,IL4R
GO:0042532,IL2RG
GO:0042555,MCM2
GO:0042555,MCM3
GO:0042555,MCM4
GO:0042555,MCM5
GO:0042555,MCM6
GO:0042555,MCM7
GO:0042564,KPNA1
GO:0042564,KPNA2
GO:0042564,KPNA3
GO:0042564,KPNA4
GO:0042564,KPNA5
GO:0042564,KPNA6
GO:0042564,KPNA7
GO:0042564,KPNB1
GO:0042564,SNUPN
GO:0042593,MLX
GO:0042593,MLXIP
GO:0042593,MLXIPL
GO:0042605,PDIA3
GO:0042605,TAPBP
GO:0042659,CHD3
GO:0042659,CHD4
GO:0042659,GATAD2A
GO:0042659,GATAD2B
GO:0042659,HDAC1
GO:0042659,HDAC2
GO:0042659,MBD3
GO:0042659,MTA1
GO:0042659,MTA2
GO:0042659,MTA3
GO:0042659,RBBP4
GO:0042659,RBBP7
GO:0042699,CGA
GO:0042699,FSHB
GO:0042719,TIMM10
GO:0042719,TIMM10B
GO:0042719,TIMM13
GO:0042719,TIMM8A
GO:0042719,TIMM8B
GO:0042719,TIMM9
GO:0042720,IMMP1L
GO:0042720,IMMP2L
GO:0042721,AGK
GO:0042721,TIMM10
GO:0042721,TIMM22
GO:0042721,TIMM29
GO:0042721,TIMM9
GO:0042721,TRMT10B
GO:0042742,IL26
GO:0042744,CAT
GO:0042752,CDK5
GO:0042752,CDK5R2
GO:0042752,CUL1
GO:0042752,FBXL3
GO:0042752,RBX1
GO:0042752,SKP1
GO:0042753,BMAL1
GO:0042753,BMAL2
GO:0042753,CLOCK
GO:0042754,CRY1
GO:0042754,CRY2
GO:0042754,PER1
GO:0042754,PER2
GO:0042754,PER3
GO:0042765,GPAA1
GO:0042765,PIGK
GO:0042765,PIGS
GO:0042765,PIGT
GO:0042765,PIGU
GO:0042776,ND1
GO:0042776,ND2
GO:0042776,ND3
GO:0042776,ND4
GO:0042776,ND4L
GO:0042776,ND5
GO:0042776,ND6
GO:0042776,NDUFA1
GO:0042776,NDUFA10
GO:0042776,NDUFA11
GO:0042776,NDUFA12
GO:0042776,NDUFA13
GO:0042776,NDUFA2
GO:0042776,NDUFA3
GO:0042776,NDUFA5
GO:0042776,NDUFA6
GO:0042776,NDUFA7
GO:0042776,NDUFA8
GO:0042776,NDUFA9
GO:0042776,NDUFAB1
GO:0042776,NDUFB1
GO:0042776,NDUFB10
GO:0042776,NDUFB11
GO:0042776,NDUFB2
GO:0042776,NDUFB3
GO:0042776,NDUFB4
GO:0042776,NDUFB4B
GO:0042776,NDUFB4C
GO:0042776,NDUFB5
GO:0042776,NDUFB6
GO:0042776,NDUFB7
GO:0042776,NDUFB8
GO:0042776,NDUFB9
GO:0042776,NDUFC1
GO:0042776,NDUFC2
GO:0042776,NDUFS1
GO:0042776,NDUFS2
GO:0042776,NDUFS3
GO:0042776,NDUFS4
GO:0042776,NDUFS5
GO:0042776,NDUFS6
GO:0042776,NDUFS7
GO:0042776,NDUFS8
GO:0042776,NDUFV1
GO:0042776,NDUFV2
GO:0042776,NDUFV3
GO:0042776,SDHA
GO:0042776,SDHB
GO:0042776,SDHC
GO:0042776,SDHD
GO:0042780,ELAC2
GO:0042780,HSD17B10
GO:0042780,TRMT10C
GO:0042781,ELAC2
GO:0042781,HSD17B10
GO:0042781,TRMT10C
GO:0042789,ANXA2
GO:0042789,HLTF
GO:0042789,NCBP1
GO:0042789,NCBP2
GO:0042789,NCBP3
GO:0042789,NCOA1
GO:0042789,NCOA2
GO:0042789,NR1H2
GO:0042789,NR1H3
GO:0042789,PPARG
GO:0042789,RARA
GO:0042789,RXRA
GO:0042789,RXRB
GO:0042789,S100A10
GO:0042789,TAF1
GO:0042789,TAF10
GO:0042789,TAF11
GO:0042789,TAF12
GO:0042789,TAF13
GO:0042789,TAF2
GO:0042789,TAF3
GO:0042789,TAF4
GO:0042789,TAF4B
GO:0042789,TAF5
GO:0042789,TAF6
GO:0042789,TAF7
GO:0042789,TAF8
GO:0042789,TAF9
GO:0042789,TBP
GO:0042789,THRB
GO:0042789,VDR
GO:0042790,POLR1A
GO:0042790,POLR1B
GO:0042790,POLR1C
GO:0042790,POLR1D
GO:0042790,POLR1E
GO:0042790,POLR1F
GO:0042790,POLR1G
GO:0042790,POLR1H
GO:0042790,POLR2E
GO:0042790,POLR2F
GO:0042790,POLR2H
GO:0042790,POLR2K
GO:0042790,POLR2L
GO:0042795,SNAPC1
GO:0042795,SNAPC2
GO:0042795,SNAPC3
GO:0042795,SNAPC4
GO:0042795,SNAPC5
GO:0042796,SNAPC1
GO:0042796,SNAPC2
GO:0042796,SNAPC3
GO:0042796,SNAPC4
GO:0042796,SNAPC5
GO:0042800,HCFC1
GO:0042800,KANSL1
GO:0042800,KANSL2
GO:0042800,KANSL3
GO:0042800,KAT8
GO:0042800,MCRS1
GO:0042800,OGT
GO:0042800,PHF20
GO:0042800,WDR5
GO:0042800),ASH2L
GO:0042800),BOD1
GO:0042800),BOD1L1
GO:0042800),CXXC1
GO:0042800),DPY30
GO:0042800),HCFC1
GO:0042800),HCFC2
GO:0042800),KDM6A
GO:0042800),KMT2A
GO:0042800),KMT2B
GO:0042800),KMT2C
GO:0042800),KMT2D
GO:0042800),MEN1
GO:0042800),NCOA6
GO:0042800),PAGR1
GO:0042800),PAXIP1
GO:0042800),RBBP5
GO:0042800),SETD1A
GO:0042800),SETD1B
GO:0042800),WDR5
GO:0042800),WDR82
GO:0042805,TCAP
GO:0042805,TTN
GO:0042826,BAZ2A
GO:0042826,SMARCA5
GO:0042981,ACTB
GO:0042981,ACTL6A
GO:0042981,BCL2L11
GO:0042981,BCL2L2
GO:0042981,BIK
GO:0042981,BRD8
GO:0042981,CCNL1
GO:0042981,CCNL2
GO:0042981,CUL1
GO:0042981,CUL4A
GO:0042981,CUL4B
GO:0042981,DCAF10
GO:0042981,DDB1
GO:0042981,DMAP1
GO:0042981,EP400
GO:0042981,EPC1
GO:0042981,EPC2
GO:0042981,FBXL18
GO:0042981,FBXL7
GO:0042981,ING3
GO:0042981,KAT5
GO:0042981,MBTD1
GO:0042981,MCL1
GO:0042981,MEAF6
GO:0042981,MORF4L1
GO:0042981,MORF4L2
GO:0042981,MRGBP
GO:0042981,RBX1
GO:0042981,RUVBL1
GO:0042981,RUVBL2
GO:0042981,SKP1
GO:0042981,TRRAP
GO:0042981,VPS72
GO:0042981,YEATS4
GO:0042987,APH1A
GO:0042987,APH1B
GO:0042987,NCSTN
GO:0042987,PSENEN
GO:0043010,DTNB
GO:0043010,SGCA
GO:0043010,SGCB
GO:0043010,SGCD
GO:0043010,SGCG
GO:0043010,SNTA1
GO:0043010,SNTB1
GO:0043010,SSPN
GO:0043020,CYBA
GO:0043020,CYBB
GO:0043020,DUOX1
GO:0043020,DUOX2
GO:0043020,DUOXA1
GO:0043020,DUOXA2
GO:0043020,NCF1
GO:0043020,NCF2
GO:0043020,NCF4
GO:0043020,RAC1
GO:0043020,RAC2
GO:0043020,RAC3
GO:0043022,BAG6
GO:0043022,DNAJC2
GO:0043022,GET4
GO:0043022,GM44504
GO:0043022,HSPA14
GO:0043022,UBL4A
GO:0043029,LGALS2
GO:0043047,CTC1
GO:0043047,STN1
GO:0043047,TEN1
GO:0043065,ACIN1
GO:0043065,BAD
GO:0043065,BBC3
GO:0043065,BCL2
GO:0043065,BCL2L11
GO:0043065,CALM1
GO:0043065,CALM2
GO:0043065,CALM3
GO:0043065,CASP2
GO:0043065,CASP9
GO:0043065,CRADD
GO:0043065,DAPK1
GO:0043065,EMILIN1
GO:0043065,EMILIN2
GO:0043065,LGALS1
GO:0043065,LGALS2
GO:0043065,MCL1
GO:0043065,PIDD1
GO:0043065,PMAIP1
GO:0043065,PNN
GO:0043065,RNPS1
GO:0043065,SAP18
GO:0043066,BCL2
GO:0043066,BID
GO:0043066,BIRC5
GO:0043066,EBI3
GO:0043066,IL15
GO:0043066,IL15RA
GO:0043066,IL27
GO:0043066,IL27RA
GO:0043066,IL2RB
GO:0043066,IL2RG
GO:0043066,IL6ST
GO:0043066,MAPKAP1
GO:0043066,MLST8
GO:0043066,MTOR
GO:0043066,PRR5
GO:0043066,RICTOR
GO:0043066,TNFRSF6B
GO:0043066,TNFSF14
GO:0043066,VEGFA
GO:0043120,BIRC2
GO:0043120,BIRC3
GO:0043120,TRAF2
GO:0043122,BCL10
GO:0043122,CARD10
GO:0043122,CARD11
GO:0043122,CARD14
GO:0043122,CARD9
GO:0043122,MALT1
GO:0043122,TIFA
GO:0043122,TIFAB
GO:0043123,IL1A
GO:0043123,IL1RAP
GO:0043123,LTBR
GO:0043123,TIFA
GO:0043123,TNFSF14
GO:0043123,TRAF2
GO:0043123,TRAF6
GO:0043130,AMBRA1
GO:0043130,AMFR
GO:0043130,ARMC8
GO:0043130,BTRC
GO:0043130,CCNF
GO:0043130,CRBN
GO:0043130,CUL1
GO:0043130,CUL3
GO:0043130,CUL4A
GO:0043130,CUL4B
GO:0043130,CUL7
GO:0043130,DCAF1
GO:0043130,DCAF10
GO:0043130,DCAF11
GO:0043130,DCAF12
GO:0043130,DCAF13
GO:0043130,DCAF15
GO:0043130,DCAF16
GO:0043130,DCAF17
GO:0043130,DCAF4
GO:0043130,DCAF5
GO:0043130,DCAF6
GO:0043130,DCAF7
GO:0043130,DCAF8
GO:0043130,DDA1
GO:0043130,DDB1
GO:0043130,DDB2
GO:0043130,DMWD
GO:0043130,DTL
GO:0043130,ENC1
GO:0043130,ERCC8
GO:0043130,FAAP100
GO:0043130,FAAP20
GO:0043130,FANCA
GO:0043130,FANCB
GO:0043130,FANCC
GO:0043130,FANCE
GO:0043130,FANCF
GO:0043130,FANCG
GO:0043130,FANCL
GO:0043130,FBH1
GO:0043130,FBXL12
GO:0043130,FBXL13
GO:0043130,FBXL14
GO:0043130,FBXL15
GO:0043130,FBXL16
GO:0043130,FBXL17
GO:0043130,FBXL18
GO:0043130,FBXL19
GO:0043130,FBXL2
GO:0043130,FBXL20
GO:0043130,FBXL22
GO:0043130,FBXL3
GO:0043130,FBXL4
GO:0043130,FBXL5
GO:0043130,FBXL6
GO:0043130,FBXL7
GO:0043130,FBXL8
GO:0043130,FBXO10
GO:0043130,FBXO11
GO:0043130,FBXO15
GO:0043130,FBXO16
GO:0043130,FBXO17
GO:0043130,FBXO2
GO:0043130,FBXO21
GO:0043130,FBXO22
GO:0043130,FBXO24
GO:0043130,FBXO25
GO:0043130,FBXO27
GO:0043130,FBXO28
GO:0043130,FBXO3
GO:0043130,FBXO30
GO:0043130,FBXO31
GO:0043130,FBXO32
GO:0043130,FBXO33
GO:0043130,FBXO34
GO:0043130,FBXO36
GO:0043130,FBXO38
GO:0043130,FBXO39
GO:0043130,FBXO4
GO:0043130,FBXO40
GO:0043130,FBXO41
GO:0043130,FBXO42
GO:0043130,FBXO43
GO:0043130,FBXO44
GO:0043130,FBXO45
GO:0043130,FBXO46
GO:0043130,FBXO47
GO:0043130,FBXO5
GO:0043130,FBXO6
GO:0043130,FBXO7
GO:0043130,FBXO8
GO:0043130,FBXO9
GO:0043130,FBXW10
GO:0043130,FBXW11
GO:0043130,FBXW12
GO:0043130,FBXW2
GO:0043130,FBXW4
GO:0043130,FBXW5
GO:0043130,FBXW7
GO:0043130,FBXW8
GO:0043130,FBXW9
GO:0043130,GAN
GO:0043130,GID4
GO:0043130,GID8
GO:0043130,IPP
GO:0043130,KBTBD13
GO:0043130,KBTBD2
GO:0043130,KBTBD3
GO:0043130,KBTBD4
GO:0043130,KBTBD6
GO:0043130,KBTBD7
GO:0043130,KBTBD8
GO:0043130,KDM2A
GO:0043130,KDM2B
GO:0043130,KEAP1
GO:0043130,KLHL1
GO:0043130,KLHL10
GO:0043130,KLHL11
GO:0043130,KLHL12
GO:0043130,KLHL13
GO:0043130,KLHL14
GO:0043130,KLHL15
GO:0043130,KLHL17
GO:0043130,KLHL18
GO:0043130,KLHL2
GO:0043130,KLHL20
GO:0043130,KLHL21
GO:0043130,KLHL22
GO:0043130,KLHL23
GO:0043130,KLHL24
GO:0043130,KLHL25
GO:0043130,KLHL26
GO:0043130,KLHL28
GO:0043130,KLHL29
GO:0043130,KLHL3
GO:0043130,KLHL30
GO:0043130,KLHL31
GO:0043130,KLHL32
GO:0043130,KLHL34
GO:0043130,KLHL35
GO:0043130,KLHL36
GO:0043130,KLHL38
GO:0043130,KLHL4
GO:0043130,KLHL40
GO:0043130,KLHL41
GO:0043130,KLHL42
GO:0043130,KLHL5
GO:0043130,KLHL6
GO:0043130,KLHL7
GO:0043130,KLHL8
GO:0043130,KLHL9
GO:0043130,MAEA
GO:0043130,MKLN1
GO:0043130,MYCBP2
GO:0043130,MYOD1
GO:0043130,PHIP
GO:0043130,PHOSPHO2-KLHL23
GO:0043130,PLAA
GO:0043130,RANBP10
GO:0043130,RANBP9
GO:0043130,RBCK1
GO:0043130,RBX1
GO:0043130,RMND5A
GO:0043130,RMND5B
GO:0043130,RNF123
GO:0043130,RNF31
GO:0043130,SHARPIN
GO:0043130,SKP1
GO:0043130,SKP2
GO:0043130,SPOP
GO:0043130,SPOPL
GO:0043130,TRIM27
GO:0043130,TSPAN17
GO:0043130,UBAC1
GO:0043130,UBE2N
GO:0043130,UBE2V2
GO:0043130,UBXN6
GO:0043130,USP1
GO:0043130,USP12
GO:0043130,USP46
GO:0043130,USP7
GO:0043130,VCP
GO:0043130,VCPIP1
GO:0043130,WDR20
GO:0043130,WDR26
GO:0043130,WDR48
GO:0043130,WDTC1
GO:0043130,YPEL5
GO:0043138,ACTB
GO:0043138,ACTL6A
GO:0043138,ASCC1
GO:0043138,ASCC2
GO:0043138,ASCC3
GO:0043138,BRD8
GO:0043138,DMAP1
GO:0043138,EP400
GO:0043138,EPC1
GO:0043138,EPC2
GO:0043138,ING3
GO:0043138,KAT5
GO:0043138,MBTD1
GO:0043138,MEAF6
GO:0043138,MORF4L1
GO:0043138,MORF4L2
GO:0043138,MRGBP
GO:0043138,RUVBL1
GO:0043138,RUVBL2
GO:0043138,TRIP4
GO:0043138,TRRAP
GO:0043138,VPS72
GO:0043138,YEATS4
GO:0043139,BRIP1
GO:0043139,CCNH
GO:0043139,CDK7
GO:0043139,ERCC2
GO:0043139,ERCC3
GO:0043139,GTF2H1
GO:0043139,GTF2H2
GO:0043139,GTF2H2C
GO:0043139,GTF2H3
GO:0043139,GTF2H4
GO:0043139,GTF2H5
GO:0043139,MNAT1
GO:0043139,TOPBP1
GO:0043161,ADRM1
GO:0043161,AMFR
GO:0043161,APC
GO:0043161,APC2
GO:0043161,ARMC8
GO:0043161,AXIN1
GO:0043161,AXIN2
GO:0043161,CSNK1A1
GO:0043161,CUL2
GO:0043161,CUL3
GO:0043161,ELOB
GO:0043161,ELOC
GO:0043161,ENC1
GO:0043161,FBXO45
GO:0043161,GAN
GO:0043161,GID4
GO:0043161,GID8
GO:0043161,GSK3A
GO:0043161,GSK3B
GO:0043161,IPP
GO:0043161,KBTBD13
GO:0043161,KBTBD2
GO:0043161,KBTBD3
GO:0043161,KBTBD4
GO:0043161,KBTBD6
GO:0043161,KBTBD7
GO:0043161,KBTBD8
GO:0043161,KEAP1
GO:0043161,KLHL1
GO:0043161,KLHL10
GO:0043161,KLHL11
GO:0043161,KLHL12
GO:0043161,KLHL13
GO:0043161,KLHL14
GO:0043161,KLHL15
GO:0043161,KLHL17
GO:0043161,KLHL18
GO:0043161,KLHL2
GO:0043161,KLHL20
GO:0043161,KLHL21
GO:0043161,KLHL22
GO:0043161,KLHL23
GO:0043161,KLHL24
GO:0043161,KLHL25
GO:0043161,KLHL26
GO:0043161,KLHL28
GO:0043161,KLHL29
GO:0043161,KLHL3
GO:0043161,KLHL30
GO:0043161,KLHL31
GO:0043161,KLHL32
GO:0043161,KLHL34
GO:0043161,KLHL35
GO:0043161,KLHL36
GO:0043161,KLHL38
GO:0043161,KLHL4
GO:0043161,KLHL40
GO:0043161,KLHL41
GO:0043161,KLHL42
GO:0043161,KLHL5
GO:0043161,KLHL6
GO:0043161,KLHL7
GO:0043161,KLHL8
GO:0043161,KLHL9
GO:0043161,MAEA
GO:0043161,MKLN1
GO:0043161,MYCBP2
GO:0043161,NPLOC4
GO:0043161,PHOSPHO2-KLHL23
GO:0043161,PSMA1
GO:0043161,PSMA2
GO:0043161,PSMA3
GO:0043161,PSMA4
GO:0043161,PSMA5
GO:0043161,PSMA6
GO:0043161,PSMA7
GO:0043161,PSMB1
GO:0043161,PSMB2
GO:0043161,PSMB3
GO:0043161,PSMB4
GO:0043161,PSMB5
GO:0043161,PSMB6
GO:0043161,PSMB7
GO:0043161,PSMC1
GO:0043161,PSMC2
GO:0043161,PSMC3
GO:0043161,PSMC4
GO:0043161,PSMC5
GO:0043161,PSMC6
GO:0043161,PSMD1
GO:0043161,PSMD11
GO:0043161,PSMD12
GO:0043161,PSMD13
GO:0043161,PSMD14
GO:0043161,PSMD2
GO:0043161,PSMD3
GO:0043161,PSMD4
GO:0043161,PSMD6
GO:0043161,PSMD7
GO:0043161,PSMD8
GO:0043161,RANBP10
GO:0043161,RANBP9
GO:0043161,RBX1
GO:0043161,RMND5A
GO:0043161,RMND5B
GO:0043161,SEM1
GO:0043161,SKP1
GO:0043161,SPOP
GO:0043161,SPOPL
GO:0043161,UBXN7
GO:0043161,UFD1
GO:0043161,VCP
GO:0043161,WDR26
GO:0043161,YPEL5
GO:0043161,ZER1
GO:0043161,ZYG11B
GO:0043162,CHMP1A
GO:0043162,CHMP1B
GO:0043162,CHMP1B2
GO:0043162,CHMP2A
GO:0043162,CHMP2B
GO:0043162,CHMP3
GO:0043162,CHMP4A
GO:0043162,CHMP4B
GO:0043162,CHMP4C
GO:0043162,CHMP5
GO:0043162,CHMP6
GO:0043162,CHMP7
GO:0043162,RNF103-CHMP3
GO:0043190 transporter complex),ABCB10
GO:0043190 transporter complex),ABCB7
GO:0043190 transporter complex),FECH
GO:0043202,HEXA
GO:0043202,HEXB
GO:0043235,AMN
GO:0043235,CD8A
GO:0043235,CD8B
GO:0043235,CD8B1
GO:0043235,CHI3L1
GO:0043235,CSF1
GO:0043235,CSF1R
GO:0043235,CUBN
GO:0043235,EBI3
GO:0043235,IFNAR1
GO:0043235,IFNAR2
GO:0043235,IFNW1
GO:0043235,IL10RB
GO:0043235,IL11
GO:0043235,IL12RB2
GO:0043235,IL13
GO:0043235,IL13RA2
GO:0043235,IL1RAP
GO:0043235,IL1RL1
GO:0043235,IL1RL2
GO:0043235,IL20RA
GO:0043235,IL20RB
GO:0043235,IL22
GO:0043235,IL22RA1
GO:0043235,IL24
GO:0043235,IL26
GO:0043235,IL27
GO:0043235,IL27RA
GO:0043235,IL33
GO:0043235,IL34
GO:0043235,IL6ST
GO:0043235,KLRC1
GO:0043235,KLRC2
GO:0043235,KLRC3
GO:0043235,KLRD1
GO:0043235,LY96
GO:0043235,TLR1
GO:0043235,TLR10
GO:0043235,TLR2
GO:0043235,TLR4
GO:0043235,TLR6
GO:0043235,TMEM219
GO:0043235,TNFRSF11B
GO:0043236,COMP
GO:0043236,LGALS1
GO:0043236,THBS1
GO:0043236,THBS2
GO:0043236,THBS3
GO:0043236,THBS4
GO:0043240,FAAP100
GO:0043240,FAAP20
GO:0043240,FANCA
GO:0043240,FANCB
GO:0043240,FANCC
GO:0043240,FANCE
GO:0043240,FANCF
GO:0043240,FANCG
GO:0043240,FANCL
GO:0043247,MAD2L2
GO:0043247,SHLD1
GO:0043247,SHLD2
GO:0043247,SHLD3
GO:0043257,LAMA4
GO:0043257,LAMB1
GO:0043257,LAMC1
GO:0043258,LAMA4
GO:0043258,LAMB2
GO:0043258,LAMC1
GO:0043259,LAMA5
GO:0043259,LAMB1
GO:0043259,LAMC1
GO:0043260,LAMA5
GO:0043260,LAMB2
GO:0043260,LAMC1
GO:0043261,LAMA2
GO:0043261,LAMB1
GO:0043261,LAMC3
GO:0043291,DMXL1
GO:0043291,DMXL2
GO:0043291,ROGDI
GO:0043291,WDR7
GO:0043293,APAF1
GO:0043293,CASP9
GO:0043293,CYCS
GO:0043296,CRB1
GO:0043296,CRB2
GO:0043296,CRB3
GO:0043296,PALS1
GO:0043296,PATJ
GO:0043325,PTEN
GO:0043328,HGS
GO:0043328,MVB12A
GO:0043328,SNF8
GO:0043328,STAM
GO:0043328,STAM2
GO:0043328,TSG101
GO:0043328,UBAP1
GO:0043328,VPS25
GO:0043328,VPS28
GO:0043328,VPS36
GO:0043328,VPS37A
GO:0043328,VPS37B
GO:0043328,VPS37C
GO:0043328,VPS37D
GO:0043335,AMFR
GO:0043335,MYOD1
GO:0043335,PLAA
GO:0043335,UBXN2A
GO:0043335,UBXN2B
GO:0043335,UBXN6
GO:0043335,VCP
GO:0043335,VCPIP1
GO:0043374,PSMA1
GO:0043374,PSMA2
GO:0043374,PSMA3
GO:0043374,PSMA4
GO:0043374,PSMA5
GO:0043374,PSMA6
GO:0043374,PSMA7
GO:0043374,PSMB1
GO:0043374,PSMB10
GO:0043374,PSMB11
GO:0043374,PSMB2
GO:0043374,PSMB3
GO:0043374,PSMB4
GO:0043374,PSMB9
GO:0043394,COMP
GO:0043394,THBS1
GO:0043394,THBS2
GO:0043394,THBS3
GO:0043394,THBS4
GO:0043395,CFH
GO:0043405,IRAK1
GO:0043405,IRAK2
GO:0043405,IRAK4
GO:0043405,MYD88
GO:0043408,MAP3K7
GO:0043408,TAB1
GO:0043408,TAB2
GO:0043408,TAB3
GO:0043410,EBI3
GO:0043410,IL11
GO:0043410,IL15
GO:0043410,IL15RA
GO:0043410,IL1A
GO:0043410,IL1RAP
GO:0043410,IL27
GO:0043410,IL27RA
GO:0043410,IL2RB
GO:0043410,IL2RG
GO:0043410,IL6ST
GO:0043484,ATXN7
GO:0043484,ATXN7L3
GO:0043484,CCAR2
GO:0043484,CCNL1
GO:0043484,CCNL2
GO:0043484,ENY2
GO:0043484,KAT2A
GO:0043484,KAT2B
GO:0043484,SF3B3
GO:0043484,SF3B5
GO:0043484,SGF29
GO:0043484,SUPT20
GO:0043484,SUPT20H
GO:0043484,SUPT3
GO:0043484,SUPT3H
GO:0043484,SUPT7L
GO:0043484,TADA1
GO:0043484,TADA2B
GO:0043484,TADA3
GO:0043484,TAF10
GO:0043484,TAF12
GO:0043484,TAF5L
GO:0043484,TAF6L
GO:0043484,TAF9
GO:0043484,TRRAP
GO:0043484,USP22
GO:0043484,ZNF326
GO:0043505,CENPA
GO:0043505,H2AC11
GO:0043505,H2AC13
GO:0043505,H2AC22
GO:0043505,H2AC23
GO:0043505,H2AC24
GO:0043505,H2AC4
GO:0043505,H2AC6
GO:0043505,H2AC7
GO:0043505,H2AC8
GO:0043505,H2BC11
GO:0043505,H2BC13
GO:0043505,H2BC15
GO:0043505,H2BC23
GO:0043505,H2BC24
GO:0043505,H2BC7
GO:0043505,H4C1
GO:0043505,H4C11
GO:0043505,H4C12
GO:0043505,H4C13
GO:0043505,H4C14
GO:0043505,H4C15
GO:0043505,H4C16
GO:0043505,H4C17
GO:0043505,H4C18
GO:0043505,H4C2
GO:0043505,H4C3
GO:0043505,H4C4
GO:0043505,H4C5
GO:0043505,H4C6
GO:0043505,H4C8
GO:0043505,H4C9
GO:0043515,AURKB
GO:0043515,BIRC5
GO:0043515,CDCA8
GO:0043515,INCENP
GO:0043515,MAD1L1
GO:0043515,MAD2L1
GO:0043527,ALKBH8
GO:0043527,BUD23
GO:0043527,HSD17B10
GO:0043527,THUMPD3
GO:0043527,TRMT10C
GO:0043527,TRMT112
GO:0043529,CAMLG
GO:0043529,GET1
GO:0043529,GET3
GO:0043531,ABCC8
GO:0043531,KCNJ11
GO:0043533,PTEN
GO:0043540,PFKFB1
GO:0043540,PFKFB2
GO:0043540,PFKFB3
GO:0043540,PFKFB4
GO:0043541,EXT1
GO:0043541,EXT2
GO:0043541,HAS1
GO:0043541,HAS2
GO:0043541,HAS3
GO:0043564,XRCC5
GO:0043564,XRCC6
GO:0043565,ARNT
GO:0043565,BCLAF1
GO:0043565,E2F1
GO:0043565,E2F2
GO:0043565,E2F3
GO:0043565,E2F4
GO:0043565,E2F5
GO:0043565,E2F6
GO:0043565,EPAS1
GO:0043565,HIF1A
GO:0043565,LIN37
GO:0043565,LIN52
GO:0043565,LIN54
GO:0043565,LIN9
GO:0043565,MAML1
GO:0043565,NOTCH1
GO:0043565,PNN
GO:0043565,RB1
GO:0043565,RBBP4
GO:0043565,RBL1
GO:0043565,RBL2
GO:0043565,RBPJ
GO:0043565,RXRA
GO:0043565,SMAD2
GO:0043565,SMAD4
GO:0043565,SNIP1
GO:0043565,SNW1
GO:0043565,TAF1A
GO:0043565,TAF1B
GO:0043565,TAF1C
GO:0043565,TAF1D
GO:0043565,TBP
GO:0043565,TFDP1
GO:0043565,TFDP2
GO:0043565,THRAP3
GO:0043565,THRB
GO:0043596,EME1
GO:0043596,EME2
GO:0043596,MUS81
GO:0043596,RAD51C
GO:0043596,TIMELESS
GO:0043596,TIPIN
GO:0043596,XRCC3
GO:0043625,POLD1
GO:0043625,POLD2
GO:0043625,POLD3
GO:0043625,POLD4
GO:0043626,PCNA
GO:0043923,CCNT1
GO:0043923,CDK9
GO:0043995,HCFC1
GO:0043995,ING4
GO:0043995,ING5
GO:0043995,JADE1
GO:0043995,JADE2
GO:0043995,JADE3
GO:0043995,KANSL1
GO:0043995,KANSL2
GO:0043995,KANSL3
GO:0043995,KAT7
GO:0043995,KAT8
GO:0043995,MCRS1
GO:0043995,MEAF6
GO:0043995,OGT
GO:0043995,PHF20
GO:0043995,WDR5
GO:0043995),HCFC1
GO:0043995),ING4
GO:0043995),ING5
GO:0043995),JADE1
GO:0043995),JADE2
GO:0043995),JADE3
GO:0043995),KANSL1
GO:0043995),KANSL2
GO:0043995),KANSL3
GO:0043995),KAT7
GO:0043995),KAT8
GO:0043995),MCRS1
GO:0043995),MEAF6
GO:0043995),OGT
GO:0043995),PHF20
GO:0043995),WDR5
GO:0043996,ING4
GO:0043996,ING5
GO:0043996,JADE1
GO:0043996,JADE2
GO:0043996,JADE3
GO:0043996,KAT7
GO:0043996,MEAF6
GO:0043996),HCFC1
GO:0043996),ING4
GO:0043996),ING5
GO:0043996),JADE1
GO:0043996),JADE2
GO:0043996),JADE3
GO:0043996),KANSL1
GO:0043996),KANSL2
GO:0043996),KANSL3
GO:0043996),KAT7
GO:0043996),KAT8
GO:0043996),MCRS1
GO:0043996),MEAF6
GO:0043996),OGT
GO:0043996),PHF20
GO:0043996),WDR5
GO:0043997,HCFC1
GO:0043997,ING4
GO:0043997,ING5
GO:0043997,JADE1
GO:0043997,JADE2
GO:0043997,JADE3
GO:0043997,KANSL1
GO:0043997,KANSL2
GO:0043997,KANSL3
GO:0043997,KAT7
GO:0043997,KAT8
GO:0043997,MCRS1
GO:0043997,MEAF6
GO:0043997,OGT
GO:0043997,PHF20
GO:0043997,WDR5
GO:0043997),ING4
GO:0043997),ING5
GO:0043997),JADE1
GO:0043997),JADE2
GO:0043997),JADE3
GO:0043997),KAT7
GO:0043997),MEAF6
GO:0043998,ACTB
GO:0043998,ACTL6A
GO:0043998,BRD8
GO:0043998,DMAP1
GO:0043998,EP400
GO:0043998,EPC1
GO:0043998,EPC2
GO:0043998,ING3
GO:0043998,KAT5
GO:0043998,MBTD1
GO:0043998,MEAF6
GO:0043998,MORF4L1
GO:0043998,MORF4L2
GO:0043998,MRGBP
GO:0043998,RUVBL1
GO:0043998,RUVBL2
GO:0043998,TRRAP
GO:0043998,VPS72
GO:0043998,YEATS4
GO:0044016),HCFC1
GO:0044016),KANSL1
GO:0044016),KANSL2
GO:0044016),KANSL3
GO:0044016),KAT8
GO:0044016),MCRS1
GO:0044016),OGT
GO:0044016),PHF20
GO:0044016),WDR5
GO:0044183,ASDURF
GO:0044183,CCDC47
GO:0044183,CCT2
GO:0044183,CCT3
GO:0044183,CCT4
GO:0044183,CCT5
GO:0044183,CCT6A
GO:0044183,CCT7
GO:0044183,CCT8
GO:0044183,DNAAF10
GO:0044183,DNAAF2
GO:0044183,DNAJC2
GO:0044183,HSPA14
GO:0044183,PDRG1
GO:0044183,PFDN1
GO:0044183,PFDN2
GO:0044183,PFDN4
GO:0044183,PFDN5
GO:0044183,PFDN6
GO:0044183,PIH1D1
GO:0044183,PIH1D2
GO:0044183,POLR2E
GO:0044183,RPAP3
GO:0044183,RUVBL1
GO:0044183,RUVBL2
GO:0044183,SPAG1
GO:0044183,TCP1
GO:0044183,TELO2
GO:0044183,TTI1
GO:0044183,TTI2
GO:0044183,URI1
GO:0044183,UXT
GO:0044183,VBP1
GO:0044183,WDR83OS
GO:0044284,APOO
GO:0044284,APOOL
GO:0044284,CHCHD3
GO:0044284,CHCHD6
GO:0044284,IMMT
GO:0044284,MICOS10
GO:0044284,MICOS13
GO:0044323,NCOA1
GO:0044323,NCOA2
GO:0044323,NR1H2
GO:0044323,NR1H3
GO:0044323,RARA
GO:0044323,RXRA
GO:0044323,RXRB
GO:0044323,THRB
GO:0044325,AKAP5
GO:0044325,CALM1
GO:0044325,CALM2
GO:0044325,CALM3
GO:0044325,PPP3CA
GO:0044325,PPP3CB
GO:0044325,PPP3CC
GO:0044325,PPP3R1
GO:0044325,PPP3R2
GO:0044325,TCAP
GO:0044325,TTN
GO:0044374,CEBPB
GO:0044374,MYB
GO:0044545,HCFC1
GO:0044545,KANSL1
GO:0044545,KANSL2
GO:0044545,KANSL3
GO:0044545,KAT8
GO:0044545,MCRS1
GO:0044545,OGT
GO:0044545,PHF20
GO:0044545,WDR5
GO:0044546,IRAK1
GO:0044546,IRAK2
GO:0044546,IRAK4
GO:0044546,MYD88
GO:0044599,AP5B1
GO:0044599,AP5M1
GO:0044599,AP5S1
GO:0044599,AP5Z1
GO:0044609,CCAR2
GO:0044609,ZNF326
GO:0044665,ASH2L
GO:0044665,DPY30
GO:0044665,HCFC1
GO:0044665,HCFC2
GO:0044665,KMT2B
GO:0044665,MEN1
GO:0044665,RBBP5
GO:0044665,WDR5
GO:0044666,ASH2L
GO:0044666,DPY30
GO:0044666,KDM6A
GO:0044666,KMT2C
GO:0044666,KMT2D
GO:0044666,NCOA6
GO:0044666,PAGR1
GO:0044666,PAXIP1
GO:0044666,RBBP5
GO:0044666,WDR5
GO:0044806,TIMELESS
GO:0044806,TIPIN
GO:0044818,ABRAXAS1
GO:0044818,BABAM1
GO:0044818,BABAM2
GO:0044818,BRCC3
GO:0044818,INIP
GO:0044818,INTS3
GO:0044818,NABP1
GO:0044818,NABP2
GO:0044818,RBBP8
GO:0044818,UIMC1
GO:0045022,ATG14
GO:0045022,BECN1
GO:0045022,PIK3C3
GO:0045022,PIK3R4
GO:0045023,CCNC
GO:0045023,CDK3
GO:0045025,PNPT1
GO:0045025,SUPV3L1
GO:0045039,AGK
GO:0045039,TIMM10
GO:0045039,TIMM10B
GO:0045039,TIMM13
GO:0045039,TIMM22
GO:0045039,TIMM29
GO:0045039,TIMM8A
GO:0045039,TIMM8B
GO:0045039,TIMM9
GO:0045039,TRMT10B
GO:0045040,MTX1
GO:0045040,MTX2
GO:0045040,SAMM50
GO:0045040,TOMM20
GO:0045040,TOMM22
GO:0045040,TOMM40
GO:0045040,TOMM5
GO:0045040,TOMM6
GO:0045040,TOMM7
GO:0045040,TOMM70
GO:0045048,CAMLG
GO:0045048,CCDC47
GO:0045048,GET1
GO:0045048,GET3
GO:0045048,WDR83OS
GO:0045050,EMC1
GO:0045050,EMC10
GO:0045050,EMC2
GO:0045050,EMC3
GO:0045050,EMC4
GO:0045050,EMC6
GO:0045050,EMC7
GO:0045050,EMC8
GO:0045050,EMC9
GO:0045050,MMGT1
GO:0045061,PSMA1
GO:0045061,PSMA2
GO:0045061,PSMA3
GO:0045061,PSMA4
GO:0045061,PSMA5
GO:0045061,PSMA6
GO:0045061,PSMA7
GO:0045061,PSMB1
GO:0045061,PSMB10
GO:0045061,PSMB11
GO:0045061,PSMB2
GO:0045061,PSMB3
GO:0045061,PSMB4
GO:0045061,PSMB9
GO:0045063,IL10
GO:0045063,IL18
GO:0045063,IL18R1
GO:0045063,IL18RAP
GO:0045063,PSMA1
GO:0045063,PSMA2
GO:0045063,PSMA3
GO:0045063,PSMA4
GO:0045063,PSMA5
GO:0045063,PSMA6
GO:0045063,PSMA7
GO:0045063,PSMB1
GO:0045063,PSMB10
GO:0045063,PSMB2
GO:0045063,PSMB3
GO:0045063,PSMB4
GO:0045063,PSMB8
GO:0045063,PSMB9
GO:0045087,CSF1
GO:0045087,CSF1R
GO:0045087,LY96
GO:0045087,STING1
GO:0045087,TICAM1
GO:0045087,TICAM2
GO:0045087,TLR1
GO:0045087,TLR10
GO:0045087,TLR2
GO:0045087,TLR4
GO:0045087,TLR6
GO:0045087,TMED7-TICAM2
GO:0045092,IL18
GO:0045092,IL18R1
GO:0045092,IL18RAP
GO:0045095,KRT1
GO:0045095,KRT10
GO:0045095,KRT14
GO:0045095,KRT18
GO:0045095,KRT25
GO:0045095,KRT36
GO:0045095,KRT5
GO:0045095,KRT71
GO:0045095,KRT8
GO:0045095,KRT80
GO:0045095,KRT82
GO:0045095,KRT86
GO:0045116,COPS2
GO:0045116,COPS3
GO:0045116,COPS4
GO:0045116,COPS5
GO:0045116,COPS6
GO:0045116,COPS7A
GO:0045116,COPS8
GO:0045116,GPS1
GO:0045121,ERLIN1
GO:0045121,ERLIN2
GO:0045131,BUD13
GO:0045131,DDX46
GO:0045131,HTATSF1
GO:0045131,PHF5A
GO:0045131,RBMX2
GO:0045131,SF3A1
GO:0045131,SF3A2
GO:0045131,SF3A3
GO:0045131,SF3B1
GO:0045131,SF3B2
GO:0045131,SF3B3
GO:0045131,SF3B4
GO:0045131,SF3B5
GO:0045131,SF3B6
GO:0045131,SNIP1
GO:0045131,SNRPA1
GO:0045131,SNRPB
GO:0045131,SNRPB2
GO:0045131,SNRPD1
GO:0045131,SNRPD2
GO:0045131,SNRPD3
GO:0045131,SNRPE
GO:0045131,SNRPF
GO:0045131,SNRPG
GO:0045182,AURKAIP1
GO:0045182,CHCHD1
GO:0045182,CYFIP1
GO:0045182,DAP3
GO:0045182,EIF4E
GO:0045182,FAU
GO:0045182,FMR1
GO:0045182,GADD45GIP1
GO:0045182,GM15501
GO:0045182,MRPL1
GO:0045182,MRPL10
GO:0045182,MRPL11
GO:0045182,MRPL12
GO:0045182,MRPL13
GO:0045182,MRPL14
GO:0045182,MRPL15
GO:0045182,MRPL16
GO:0045182,MRPL17
GO:0045182,MRPL18
GO:0045182,MRPL19
GO:0045182,MRPL2
GO:0045182,MRPL20
GO:0045182,MRPL21
GO:0045182,MRPL22
GO:0045182,MRPL23
GO:0045182,MRPL24
GO:0045182,MRPL27
GO:0045182,MRPL28
GO:0045182,MRPL3
GO:0045182,MRPL30
GO:0045182,MRPL32
GO:0045182,MRPL33
GO:0045182,MRPL34
GO:0045182,MRPL35
GO:0045182,MRPL36
GO:0045182,MRPL37
GO:0045182,MRPL38
GO:0045182,MRPL39
GO:0045182,MRPL4
GO:0045182,MRPL40
GO:0045182,MRPL41
GO:0045182,MRPL42
GO:0045182,MRPL43
GO:0045182,MRPL44
GO:0045182,MRPL45
GO:0045182,MRPL46
GO:0045182,MRPL47
GO:0045182,MRPL48
GO:0045182,MRPL49
GO:0045182,MRPL50
GO:0045182,MRPL51
GO:0045182,MRPL52
GO:0045182,MRPL53
GO:0045182,MRPL54
GO:0045182,MRPL55
GO:0045182,MRPL57
GO:0045182,MRPL58
GO:0045182,MRPL9
GO:0045182,MRPS10
GO:0045182,MRPS11
GO:0045182,MRPS12
GO:0045182,MRPS14
GO:0045182,MRPS15
GO:0045182,MRPS16
GO:0045182,MRPS17
GO:0045182,MRPS18A
GO:0045182,MRPS18B
GO:0045182,MRPS18C
GO:0045182,MRPS2
GO:0045182,MRPS21
GO:0045182,MRPS22
GO:0045182,MRPS23
GO:0045182,MRPS24
GO:0045182,MRPS25
GO:0045182,MRPS26
GO:0045182,MRPS27
GO:0045182,MRPS28
GO:0045182,MRPS30
GO:0045182,MRPS31
GO:0045182,MRPS33
GO:0045182,MRPS34
GO:0045182,MRPS35
GO:0045182,MRPS5
GO:0045182,MRPS6
GO:0045182,MRPS7
GO:0045182,MRPS9
GO:0045182,PTCD3
GO:0045182,RACK1
GO:0045182,RPL10
GO:0045182,RPL10A
GO:0045182,RPL10L
GO:0045182,RPL11
GO:0045182,RPL12
GO:0045182,RPL13
GO:0045182,RPL13A
GO:0045182,RPL14
GO:0045182,RPL15
GO:0045182,RPL17
GO:0045182,RPL18
GO:0045182,RPL18A
GO:0045182,RPL19
GO:0045182,RPL21
GO:0045182,RPL23
GO:0045182,RPL23A
GO:0045182,RPL24
GO:0045182,RPL26
GO:0045182,RPL27
GO:0045182,RPL27A
GO:0045182,RPL28
GO:0045182,RPL29
GO:0045182,RPL3
GO:0045182,RPL30
GO:0045182,RPL31
GO:0045182,RPL32
GO:0045182,RPL34
GO:0045182,RPL34-PS1
GO:0045182,RPL35
GO:0045182,RPL35A
GO:0045182,RPL36
GO:0045182,RPL36A
GO:0045182,RPL36AL
GO:0045182,RPL37
GO:0045182,RPL37A
GO:0045182,RPL37RT
GO:0045182,RPL38
GO:0045182,RPL39
GO:0045182,RPL39L
GO:0045182,RPL3L
GO:0045182,RPL4
GO:0045182,RPL41
GO:0045182,RPL5
GO:0045182,RPL6
GO:0045182,RPL7
GO:0045182,RPL7A
GO:0045182,RPL8
GO:0045182,RPL9
GO:0045182,RPLP0
GO:0045182,RPLP1
GO:0045182,RPLP2
GO:0045182,RPS10
GO:0045182,RPS11
GO:0045182,RPS12
GO:0045182,RPS13
GO:0045182,RPS14
GO:0045182,RPS15
GO:0045182,RPS15A
GO:0045182,RPS16
GO:0045182,RPS17
GO:0045182,RPS18
GO:0045182,RPS19
GO:0045182,RPS2
GO:0045182,RPS20
GO:0045182,RPS21
GO:0045182,RPS23
GO:0045182,RPS24
GO:0045182,RPS25
GO:0045182,RPS26
GO:0045182,RPS27A
GO:0045182,RPS28
GO:0045182,RPS29
GO:0045182,RPS3
GO:0045182,RPS3A
GO:0045182,RPS3A1
GO:0045182,RPS4X
GO:0045182,RPS5
GO:0045182,RPS6
GO:0045182,RPS7
GO:0045182,RPS8
GO:0045182,RPS9
GO:0045182,RPSA
GO:0045182,UBA52
GO:0045197,CRB1
GO:0045197,CRB2
GO:0045197,CRB3
GO:0045197,DLG1
GO:0045197,DLG2
GO:0045197,DLG3
GO:0045197,DLG4
GO:0045197,DLG5
GO:0045197,LLGL1
GO:0045197,LLGL2
GO:0045197,PALS1
GO:0045197,PARD3
GO:0045197,PARD6A
GO:0045197,PARD6B
GO:0045197,PARD6G
GO:0045197,PATJ
GO:0045197,PRKCI
GO:0045197,PRKCZ
GO:0045197,SCRIB
GO:0045211,GRIA1
GO:0045211,GRIA2
GO:0045211,GRIN1
GO:0045211,GRIN2A
GO:0045211,GRIN2B
GO:0045211,GRIN2C
GO:0045211,GRIN2D
GO:0045214,TCAP
GO:0045214,TTN
GO:0045242),IDH3A
GO:0045242),IDH3B
GO:0045242),IDH3G
GO:0045244),SUCLG1
GO:0045244),SUCLG2
GO:0045251,ETFA
GO:0045251,ETFB
GO:0045252,DLD
GO:0045252,DLST
GO:0045252,KGD4
GO:0045252,OGDH
GO:0045253 phosphatase complex),PDP1
GO:0045253 phosphatase complex),PDPR
GO:0045254,DLAT
GO:0045254,DLD
GO:0045254,PDHA1
GO:0045254,PDHA2
GO:0045254,PDHB
GO:0045254,PDHX
GO:0045259,ATP5F1A
GO:0045259,ATP5F1B
GO:0045259,ATP5F1C
GO:0045259,ATP5F1D
GO:0045259,ATP5F1E
GO:0045259,ATP5MC1
GO:0045259,ATP5MC2
GO:0045259,ATP5MC3
GO:0045259,ATP5ME
GO:0045259,ATP5MF
GO:0045259,ATP5MG
GO:0045259,ATP5MGL
GO:0045259,ATP5MJ
GO:0045259,ATP5MK
GO:0045259,ATP5PB
GO:0045259,ATP5PD
GO:0045259,ATP5PF
GO:0045259,ATP5PO
GO:0045259,ATP6
GO:0045259,ATP8
GO:0045293,A1CF
GO:0045293,APOBEC1
GO:0045293,HNRNPAB
GO:0045323,IL1A
GO:0045323,IL1R2
GO:0045323,IL1RAP
GO:0045333,COX1
GO:0045333,COX2
GO:0045333,COX3
GO:0045333,COX4I1
GO:0045333,COX5A
GO:0045333,COX5B
GO:0045333,COX6A1
GO:0045333,COX6B1
GO:0045333,COX6C
GO:0045333,COX7A2
GO:0045333,COX7B
GO:0045333,COX7C
GO:0045333,COX8A
GO:0045333,CYC1
GO:0045333,CYTB
GO:0045333,NDUFA4
GO:0045333,UQCR10
GO:0045333,UQCR11
GO:0045333,UQCRB
GO:0045333,UQCRC1
GO:0045333,UQCRC2
GO:0045333,UQCRH
GO:0045333,UQCRQ
GO:0045348,RFX5
GO:0045348,RFXANK
GO:0045348,RFXAP
GO:0045352,IL1R1
GO:0045352,IL1RN
GO:0045454,BOLA1
GO:0045454,BOLA2
GO:0045454,BOLA2B
GO:0045454,BOLA3
GO:0045454,GLRX3
GO:0045454,GLRX5
GO:0045454,LOC124907841
GO:0045509,EBI3
GO:0045509,IL27
GO:0045509,IL27RA
GO:0045509,IL6ST
GO:0045523,EBI3
GO:0045523,IL27
GO:0045540,ERLIN1
GO:0045540,ERLIN2
GO:0045545,TNC
GO:0045547,DHDDS
GO:0045547,NUS1
GO:0045580,METTL14
GO:0045580,METTL3
GO:0045582,ACTB
GO:0045582,ACTL6A
GO:0045582,ACTL6B
GO:0045582,ARID1A
GO:0045582,ARID1B
GO:0045582,ARID2
GO:0045582,BRD7
GO:0045582,IL2RG
GO:0045582,PBRM1
GO:0045582,PHF10
GO:0045582,SMARCA2
GO:0045582,SMARCA4
GO:0045582,SMARCB1
GO:0045582,SMARCC1
GO:0045582,SMARCC2
GO:0045582,SMARCD1
GO:0045582,SMARCD2
GO:0045582,SMARCD3
GO:0045582,SMARCE1
GO:0045590,PSMA1
GO:0045590,PSMA2
GO:0045590,PSMA3
GO:0045590,PSMA4
GO:0045590,PSMA5
GO:0045590,PSMA6
GO:0045590,PSMA7
GO:0045590,PSMB1
GO:0045590,PSMB10
GO:0045590,PSMB2
GO:0045590,PSMB3
GO:0045590,PSMB4
GO:0045590,PSMB8
GO:0045590,PSMB9
GO:0045595,TNR
GO:0045595,TNXB
GO:0045596,ACTB
GO:0045596,ACTL6A
GO:0045596,ACTL6B
GO:0045596,BCL7A
GO:0045596,BCL7B
GO:0045596,BCL7C
GO:0045596,BICRA
GO:0045596,BICRAL
GO:0045596,BRD9
GO:0045596,SMARCA2
GO:0045596,SMARCA4
GO:0045596,SMARCC1
GO:0045596,SMARCD1
GO:0045596,SS18
GO:0045597,ACTB
GO:0045597,ACTL6A
GO:0045597,ACTL6B
GO:0045597,ARID1A
GO:0045597,ARID1B
GO:0045597,ARID2
GO:0045597,BRD7
GO:0045597,CTNNB1
GO:0045597,DPF1
GO:0045597,DPF3
GO:0045597,LEF1
GO:0045597,PBRM1
GO:0045597,PHF10
GO:0045597,SMARCA2
GO:0045597,SMARCA4
GO:0045597,SMARCB1
GO:0045597,SMARCC1
GO:0045597,SMARCC2
GO:0045597,SMARCD1
GO:0045597,SMARCD2
GO:0045597,SMARCD3
GO:0045597,SMARCE1
GO:0045663,ACTB
GO:0045663,ACTL6A
GO:0045663,ACTL6B
GO:0045663,ARID1A
GO:0045663,ARID1B
GO:0045663,ARID2
GO:0045663,BRD7
GO:0045663,DPF3
GO:0045663,PBRM1
GO:0045663,PHF10
GO:0045663,SMARCA2
GO:0045663,SMARCA4
GO:0045663,SMARCB1
GO:0045663,SMARCC1
GO:0045663,SMARCC2
GO:0045663,SMARCD1
GO:0045663,SMARCD2
GO:0045663,SMARCD3
GO:0045663,SMARCE1
GO:0045664,RELN
GO:0045671,TNFRSF11B
GO:0045730,CXCL8
GO:0045730,CXCR1
GO:0045730,CYBA
GO:0045730,CYBB
GO:0045730,NCF1
GO:0045730,NCF2
GO:0045730,NCF4
GO:0045730,RAC1
GO:0045730,RAC2
GO:0045730,RAC3
GO:0045739,ACTL6A
GO:0045739,ACTR5
GO:0045739,ACTR8
GO:0045739,INO80
GO:0045739,INO80B
GO:0045739,INO80C
GO:0045739,INO80D
GO:0045739,INO80E
GO:0045739,MCRS1
GO:0045739,NFRKB
GO:0045739,PCNA
GO:0045739,RUVBL1
GO:0045739,RUVBL2
GO:0045739,TFPT
GO:0045739,UCHL5
GO:0045739,YY1
GO:0045740,BAZ1A
GO:0045740,PCNA
GO:0045740,SMARCA5
GO:0045746,CCNC
GO:0045746,CDK3
GO:0045765,CCM2
GO:0045765,KRIT1
GO:0045765,PDCD10
GO:0045766,EMILIN1
GO:0045766,EMILIN2
GO:0045785,NID1
GO:0045786,BARD1
GO:0045786,BRCA1
GO:0045786,CDT1
GO:0045786,GMNN
GO:0045786,HOXC9
GO:0045786,HOXD10
GO:0045786,RRP8
GO:0045786,SIRT1
GO:0045786,SUV39H1
GO:0045787,BARD1
GO:0045787,BRCA1
GO:0045814,MPHOSPH8
GO:0045814,PPHLN1
GO:0045814,TASOR
GO:0045815,ARID5B
GO:0045815,PHF2
GO:0045821,MLST8
GO:0045821,MTOR
GO:0045821,RPTOR
GO:0045824,ATG12
GO:0045824,ATG5
GO:0045859,CDC37
GO:0045859,HSP90AA1
GO:0045859,HSP90AB1
GO:0045892,BCOR
GO:0045892,BCORL1
GO:0045892,BMI1
GO:0045892,CBX2
GO:0045892,CBX3
GO:0045892,CBX3-PS5
GO:0045892,CBX4
GO:0045892,CBX6
GO:0045892,CBX7
GO:0045892,CBX8
GO:0045892,CHD3
GO:0045892,CHD4
GO:0045892,CRY1
GO:0045892,CRY2
GO:0045892,E2F4
GO:0045892,E2F5
GO:0045892,FOXP1
GO:0045892,FOXP2
GO:0045892,FOXP3
GO:0045892,FOXP4
GO:0045892,GATAD2A
GO:0045892,GATAD2B
GO:0045892,HDAC1
GO:0045892,HDAC2
GO:0045892,KDM1A
GO:0045892,KDM2B
GO:0045892,L3MBTL1
GO:0045892,L3MBTL2
GO:0045892,LIN37
GO:0045892,LIN52
GO:0045892,LIN54
GO:0045892,LIN9
GO:0045892,LOC118568054
GO:0045892,LOC118568056
GO:0045892,MBD3
GO:0045892,MDM2
GO:0045892,MDM4
GO:0045892,MTA1
GO:0045892,MTA2
GO:0045892,MTA3
GO:0045892,PCGF1
GO:0045892,PCGF2
GO:0045892,PCGF6
GO:0045892,PER1
GO:0045892,PER2
GO:0045892,PER3
GO:0045892,PHC1
GO:0045892,PHC2
GO:0045892,PHC3
GO:0045892,RB1
GO:0045892,RBBP4
GO:0045892,RBBP7
GO:0045892,RBL1
GO:0045892,RBL2
GO:0045892,RCOR1
GO:0045892,RCOR2
GO:0045892,RCOR3
GO:0045892,RING1
GO:0045892,RNF2
GO:0045892,RRP8
GO:0045892,RYBP
GO:0045892,SIRT1
GO:0045892,SKP1
GO:0045892,SUV39H1
GO:0045892,TFDP1
GO:0045892,TFDP2
GO:0045892,TP53
GO:0045892,YAF2
GO:0045893,ACTB
GO:0045893,ACTL6A
GO:0045893,ACTR5
GO:0045893,ACTR8
GO:0045893,ATXN7
GO:0045893,ATXN7L3
GO:0045893,AUTS2
GO:0045893,BMAL1
GO:0045893,BMAL2
GO:0045893,BRD8
GO:0045893,CHD3
GO:0045893,CHD4
GO:0045893,CLOCK
GO:0045893,DMAP1
GO:0045893,ENY2
GO:0045893,EP400
GO:0045893,EPC1
GO:0045893,EPC2
GO:0045893,GATAD2A
GO:0045893,GATAD2B
GO:0045893,HCFC1
GO:0045893,HDAC1
GO:0045893,HDAC2
GO:0045893,ING3
GO:0045893,INO80
GO:0045893,INO80B
GO:0045893,INO80C
GO:0045893,INO80D
GO:0045893,INO80E
GO:0045893,KANSL1
GO:0045893,KANSL2
GO:0045893,KANSL3
GO:0045893,KAT2A
GO:0045893,KAT2B
GO:0045893,KAT5
GO:0045893,KAT8
GO:0045893,MAML1
GO:0045893,MAX
GO:0045893,MBD2
GO:0045893,MBD3
GO:0045893,MBTD1
GO:0045893,MCRS1
GO:0045893,MEAF6
GO:0045893,MORF4L1
GO:0045893,MORF4L2
GO:0045893,MRGBP
GO:0045893,MSL1
GO:0045893,MSL2
GO:0045893,MSL3
GO:0045893,MTA1
GO:0045893,MTA2
GO:0045893,MTA3
GO:0045893,MYC
GO:0045893,MYCL
GO:0045893,MYCN
GO:0045893,NFRKB
GO:0045893,NOTCH1
GO:0045893,OGT
GO:0045893,PCGF3
GO:0045893,PCGF5
GO:0045893,PHF20
GO:0045893,RBBP4
GO:0045893,RBBP7
GO:0045893,RBPJ
GO:0045893,RING1
GO:0045893,RNF2
GO:0045893,RUVBL1
GO:0045893,RUVBL2
GO:0045893,RYBP
GO:0045893,SF3B3
GO:0045893,SF3B5
GO:0045893,SGF29
GO:0045893,SUPT20
GO:0045893,SUPT20H
GO:0045893,SUPT3
GO:0045893,SUPT3H
GO:0045893,SUPT7L
GO:0045893,TADA1
GO:0045893,TADA2B
GO:0045893,TADA3
GO:0045893,TAF10
GO:0045893,TAF12
GO:0045893,TAF2
GO:0045893,TAF4
GO:0045893,TAF5
GO:0045893,TAF5L
GO:0045893,TAF6
GO:0045893,TAF6L
GO:0045893,TAF7
GO:0045893,TAF9
GO:0045893,TFPT
GO:0045893,TRRAP
GO:0045893,UCHL5
GO:0045893,USP22
GO:0045893,VPS72
GO:0045893,WDR5
GO:0045893,YAF2
GO:0045893,YEATS4
GO:0045893,YY1
GO:0045920,SMCR8
GO:0045920,WDR41
GO:0045921,ANXA2
GO:0045921,S100A10
GO:0045933,CACNA1C
GO:0045933,CACNA1S
GO:0045933,CACNB1
GO:0045933,CACNB2
GO:0045933,CACNB3
GO:0045933,CACNB4
GO:0045933,CACNG1
GO:0045943,BAZ1B
GO:0045943,DDX21
GO:0045943,DEK
GO:0045943,ERCC6
GO:0045943,MYBBP1A
GO:0045943,SF3B1
GO:0045943,SMARCA5
GO:0045944,ANXA2
GO:0045944,ATF1
GO:0045944,ATF3
GO:0045944,ATF4
GO:0045944,BAZ1B
GO:0045944,CCNC
GO:0045944,CDK8
GO:0045944,CEBPA
GO:0045944,CEBPB
GO:0045944,CETN2
GO:0045944,CETN3
GO:0045944,CREB1
GO:0045944,CREBZF
GO:0045944,CTNNB1
GO:0045944,DDX21
GO:0045944,DEK
GO:0045944,ENY2
GO:0045944,EPC1
GO:0045944,ERCC6
GO:0045944,ESR1
GO:0045944,FOXM1
GO:0045944,GTF2A1
GO:0045944,GTF2A2
GO:0045944,GTF2F1
GO:0045944,GTF2F2
GO:0045944,HLTF
GO:0045944,ING3
GO:0045944,IRF9
GO:0045944,JUN
GO:0045944,KAT5
GO:0045944,LEF1
GO:0045944,LIN37
GO:0045944,LIN52
GO:0045944,LIN54
GO:0045944,LIN9
GO:0045944,MCM3AP
GO:0045944,MLX
GO:0045944,MLXIP
GO:0045944,MLXIPL
GO:0045944,MYB
GO:0045944,MYBBP1A
GO:0045944,MYBL2
GO:0045944,NCOA1
GO:0045944,NCOA2
GO:0045944,NFYA
GO:0045944,NFYB
GO:0045944,NFYC
GO:0045944,NR1H2
GO:0045944,NR1H3
GO:0045944,NR1I2
GO:0045944,PCID2
GO:0045944,PPARG
GO:0045944,RARA
GO:0045944,RBBP4
GO:0045944,REL
GO:0045944,RELA
GO:0045944,RELB
GO:0045944,RFX5
GO:0045944,RFXANK
GO:0045944,RFXAP
GO:0045944,RXRA
GO:0045944,RXRB
GO:0045944,S100A10
GO:0045944,SEM1
GO:0045944,SF3B1
GO:0045944,SMARCA5
GO:0045944,STAT1
GO:0045944,STAT2
GO:0045944,STAT3
GO:0045944,STAT4
GO:0045944,STAT5A
GO:0045944,STAT5B
GO:0045944,STAT6
GO:0045944,TEAD1
GO:0045944,THRB
GO:0045944,VDR
GO:0045944,YAP1
GO:0045945,BAZ1B
GO:0045945,BDP1
GO:0045945,BRF1
GO:0045945,BRF2
GO:0045945,DDX21
GO:0045945,DEK
GO:0045945,ERCC6
GO:0045945,MYBBP1A
GO:0045945,SF3B1
GO:0045945,SMARCA5
GO:0045945,TBP
GO:0045948,EIF2B1
GO:0045948,EIF2B2
GO:0045948,EIF2B3
GO:0045948,EIF2B4
GO:0045948,EIF2B5
GO:0045995,ACTL6A
GO:0045995,ACTR5
GO:0045995,ACTR8
GO:0045995,CUL4A
GO:0045995,CUL4B
GO:0045995,DCAF13
GO:0045995,DDB1
GO:0045995,DNTTIP1
GO:0045995,DR1
GO:0045995,HDAC1
GO:0045995,HDAC2
GO:0045995,INO80
GO:0045995,INO80B
GO:0045995,INO80C
GO:0045995,INO80D
GO:0045995,INO80E
GO:0045995,KAT14
GO:0045995,KAT2A
GO:0045995,KAT2B
GO:0045995,LAMA1
GO:0045995,LAMA2
GO:0045995,LAMA4
GO:0045995,LAMA5
GO:0045995,LAMB1
GO:0045995,LAMB2
GO:0045995,LAMB3
GO:0045995,LAMC1
GO:0045995,LAMC2
GO:0045995,LAMC3
GO:0045995,MBIP
GO:0045995,MCRS1
GO:0045995,MIDEAS
GO:0045995,NFRKB
GO:0045995,RBX1
GO:0045995,RUVBL1
GO:0045995,RUVBL2
GO:0045995,SGF29
GO:0045995,TADA2A
GO:0045995,TADA3
GO:0045995,TFPT
GO:0045995,UCHL5
GO:0045995,WDR5
GO:0045995,YEATS2
GO:0045995,YY1
GO:0045995,ZZZ3
GO:0046015,RRP8
GO:0046015,SIRT1
GO:0046015,SUV39H1
GO:0046332,TGFBR1
GO:0046332,TGFBR2
GO:0046403,APLF
GO:0046403,APTX
GO:0046403,LIG3
GO:0046403,PNKP
GO:0046403,POLB
GO:0046403,TDP1
GO:0046403,XRCC1
GO:0046404,APLF
GO:0046404,APTX
GO:0046404,LIG3
GO:0046404,PNKP
GO:0046404,POLB
GO:0046404,TDP1
GO:0046404,XRCC1
GO:0046427,IL10
GO:0046427,IL5
GO:0046427,JAK2
GO:0046427,TYK2
GO:0046456,CASP1
GO:0046456,NAIP
GO:0046456,NLRC4
GO:0046456,PYCARD
GO:0046512,SPTLC1
GO:0046512,SPTLC2
GO:0046512,SPTLC3
GO:0046512,SPTSSA
GO:0046512,SPTSSB
GO:0046540,DDX23
GO:0046540,EFTUD2
GO:0046540,LSM2
GO:0046540,LSM3
GO:0046540,LSM4
GO:0046540,LSM5
GO:0046540,LSM6
GO:0046540,LSM7
GO:0046540,LSM8
GO:0046540,PRPF31
GO:0046540,PRPF4
GO:0046540,PRPF6
GO:0046540,PRPF8
GO:0046540,RBM42
GO:0046540,SART1
GO:0046540,SNRNP200
GO:0046540,SNRNP27
GO:0046540,SNRNP40
GO:0046540,SNRPA
GO:0046540,SNRPB
GO:0046540,SNRPD1
GO:0046540,SNRPD2
GO:0046540,SNRPD3
GO:0046540,SNRPE
GO:0046540,SNRPF
GO:0046540,SNRPG
GO:0046540,SNU13
GO:0046540,TXNL4A
GO:0046540,USP39
GO:0046579,MRAS
GO:0046579,PPP1CA
GO:0046579,PPP1CB
GO:0046579,PPP1CC
GO:0046579,SHOC2
GO:0046601,CENPJ
GO:0046601,SASS6
GO:0046601,STIL
GO:0046605,CCNL1
GO:0046605,CCNL2
GO:0046629,CD247
GO:0046629,CD3E
GO:0046629,CD3G
GO:0046631,CD247
GO:0046631,CD3D
GO:0046631,CD3E
GO:0046631,CD3G
GO:0046761,CHMP1A
GO:0046761,CHMP1B
GO:0046761,CHMP1B2
GO:0046761,CHMP2A
GO:0046761,CHMP2B
GO:0046761,CHMP3
GO:0046761,CHMP4A
GO:0046761,CHMP4B
GO:0046761,CHMP4C
GO:0046761,CHMP5
GO:0046761,CHMP6
GO:0046761,CHMP7
GO:0046761,RNF103-CHMP3
GO:0046761,VPS4A
GO:0046761,VPS4B
GO:0046825,FRAT1
GO:0046825,FRAT2
GO:0046825,GSK3B
GO:0046825,PEG12
GO:0046835,GNPTG
GO:0046856,PTEN
GO:0046872,ABRAXAS2
GO:0046872,BABAM1
GO:0046872,BABAM2
GO:0046872,BRCC3
GO:0046889,MLST8
GO:0046889,MTOR
GO:0046889,RPTOR
GO:0046907,AP3B1
GO:0046907,AP3B2
GO:0046907,AP3D1
GO:0046907,AP3M1
GO:0046907,AP3M2
GO:0046907,AP3S1
GO:0046907,AP3S2
GO:0046907,HPS1
GO:0046907,HPS3
GO:0046907,HPS4
GO:0046907,HPS5
GO:0046907,HPS6
GO:0046907,VIPAS39
GO:0046907,VPS33B
GO:0046933,ATP5F1A
GO:0046933,ATP5F1B
GO:0046933,ATP5F1C
GO:0046933,ATP5F1D
GO:0046933,ATP5F1E
GO:0046933,ATP5MC1
GO:0046933,ATP5MC2
GO:0046933,ATP5MC3
GO:0046933,ATP5ME
GO:0046933,ATP5MF
GO:0046933,ATP5MG
GO:0046933,ATP5MGL
GO:0046933,ATP5MJ
GO:0046933,ATP5MK
GO:0046933,ATP5PB
GO:0046933,ATP5PD
GO:0046933,ATP5PF
GO:0046933,ATP5PO
GO:0046933,ATP6
GO:0046933,ATP8
GO:0046961,ATP6AP1
GO:0046961,ATP6AP2
GO:0046961,ATP6V0A1
GO:0046961,ATP6V0A2
GO:0046961,ATP6V0A4
GO:0046961,ATP6V0B
GO:0046961,ATP6V0C
GO:0046961,ATP6V1A
GO:0046961,ATP6V1D
GO:0046961,ATP6V1F
GO:0046961,ATP6V1H
GO:0046961,RNASEK
GO:0046961,TCIRG1
GO:0046972),HCFC1
GO:0046972),KANSL1
GO:0046972),KANSL2
GO:0046972),KANSL3
GO:0046972),KAT8
GO:0046972),MCRS1
GO:0046972),MSL1
GO:0046972),MSL2
GO:0046972),MSL3
GO:0046972),OGT
GO:0046972),PHF20
GO:0046972),WDR5
GO:0046974,RRP8
GO:0046974,SIRT1
GO:0046974,SUV39H1
GO:0046974),RRP8
GO:0046974),SIRT1
GO:0046974),SUV39H1
GO:0046976),AEBP2
GO:0046976),EED
GO:0046976),EPOP
GO:0046976),EZH1
GO:0046976),EZH2
GO:0046976),JARID2
GO:0046976),LCOR
GO:0046976),MTF2
GO:0046976),PHF1
GO:0046976),PHF19
GO:0046976),RBBP4
GO:0046976),RBBP7
GO:0046976),SUZ12
GO:0047101 activity),BCKDHA
GO:0047101 activity),BCKDHB
GO:0047101 activity),DBT
GO:0047101 activity),DLD
GO:0047322] kinase activity),PRKAA1
GO:0047322] kinase activity),PRKAA2
GO:0047322] kinase activity),PRKAB1
GO:0047322] kinase activity),PRKAB2
GO:0047322] kinase activity),PRKAG1
GO:0047322] kinase activity),PRKAG2
GO:0047322] kinase activity),PRKAG3
GO:0048008,PDGFA
GO:0048008,PDGFB
GO:0048008,PDGFC
GO:0048008,PDGFD
GO:0048015,PTEN
GO:0048018,VEGFA
GO:0048019,IL18
GO:0048019,IL18BP
GO:0048026,CLNS1A
GO:0048026,PRMT5
GO:0048026,WDR77
GO:0048038,ND1
GO:0048038,ND2
GO:0048038,ND3
GO:0048038,ND4
GO:0048038,ND4L
GO:0048038,ND5
GO:0048038,ND6
GO:0048038,NDUFA1
GO:0048038,NDUFA10
GO:0048038,NDUFA11
GO:0048038,NDUFA12
GO:0048038,NDUFA13
GO:0048038,NDUFA2
GO:0048038,NDUFA3
GO:0048038,NDUFA5
GO:0048038,NDUFA6
GO:0048038,NDUFA7
GO:0048038,NDUFA8
GO:0048038,NDUFA9
GO:0048038,NDUFAB1
GO:0048038,NDUFB1
GO:0048038,NDUFB10
GO:0048038,NDUFB11
GO:0048038,NDUFB2
GO:0048038,NDUFB3
GO:0048038,NDUFB4
GO:0048038,NDUFB4B
GO:0048038,NDUFB4C
GO:0048038,NDUFB5
GO:0048038,NDUFB6
GO:0048038,NDUFB7
GO:0048038,NDUFB8
GO:0048038,NDUFB9
GO:0048038,NDUFC1
GO:0048038,NDUFC2
GO:0048038,NDUFS1
GO:0048038,NDUFS2
GO:0048038,NDUFS3
GO:0048038,NDUFS4
GO:0048038,NDUFS5
GO:0048038,NDUFS6
GO:0048038,NDUFS7
GO:0048038,NDUFS8
GO:0048038,NDUFV1
GO:0048038,NDUFV2
GO:0048038,NDUFV3
GO:0048168,GRIN1
GO:0048168,GRIN2A
GO:0048168,GRIN2B
GO:0048168,GRIN2C
GO:0048168,GRIN2D
GO:0048188,ASH2L
GO:0048188,BOD1
GO:0048188,BOD1L1
GO:0048188,CXXC1
GO:0048188,DPY30
GO:0048188,HCFC1
GO:0048188,HCFC2
GO:0048188,RBBP5
GO:0048188,SETD1A
GO:0048188,SETD1B
GO:0048188,WDR5
GO:0048188,WDR82
GO:0048208,TRAPPC1
GO:0048208,TRAPPC11
GO:0048208,TRAPPC12
GO:0048208,TRAPPC2
GO:0048208,TRAPPC2B
GO:0048208,TRAPPC2L
GO:0048208,TRAPPC3
GO:0048208,TRAPPC4
GO:0048208,TRAPPC5
GO:0048208,TRAPPC6A
GO:0048208,TRAPPC8
GO:0048240,CATSPER1
GO:0048240,CATSPER2
GO:0048240,CATSPER3
GO:0048240,CATSPER4
GO:0048240,CATSPERB
GO:0048240,CATSPERD
GO:0048240,CATSPERE
GO:0048240,CATSPERE1
GO:0048240,CATSPERG
GO:0048240,CATSPERG2
GO:0048240,CATSPERZ
GO:0048240,EFCAB9
GO:0048240,SLCO6C1
GO:0048240,TMEM249
GO:0048240,TMEM262
GO:0048255,BCLAF1
GO:0048255,PNN
GO:0048255,SNIP1
GO:0048255,SNW1
GO:0048255,THRAP3
GO:0048269,MAT1A
GO:0048269,MAT2A
GO:0048269,MAT2B
GO:0048273,IL17RA
GO:0048273,IL17RB
GO:0048273,IL25
GO:0048273,TRAF3IP2
GO:0048384,RXRA
GO:0048388,ATP6AP1
GO:0048388,ATP6AP2
GO:0048388,ATP6V0A1
GO:0048388,ATP6V0B
GO:0048388,ATP6V0C
GO:0048388,ATP6V1A
GO:0048388,ATP6V1D
GO:0048388,ATP6V1F
GO:0048388,ATP6V1H
GO:0048388,RNASEK
GO:0048628,ITGA7
GO:0048628,ITGB1
GO:0048666,CDK5
GO:0048666,CDK5R2
GO:0048812,NLGN1
GO:0048812,NRXN1
GO:0050501,HAS1
GO:0050501,HAS2
GO:0050501,HAS3
GO:0050544,S100A9
GO:0050567 activity),GATB
GO:0050567 activity),GATC
GO:0050567 activity),QRSL1
GO:0050665,DUOX1
GO:0050665,DUOX2
GO:0050665,DUOXA1
GO:0050665,DUOXA2
GO:0050684,ACIN1
GO:0050684,MAGOH
GO:0050684,MAGOHB
GO:0050684,PNN
GO:0050684,RBM8A
GO:0050684,RNPS1
GO:0050684,SAP18
GO:0050687,ATG12
GO:0050687,ATG5
GO:0050727,CUL1
GO:0050727,FBXL2
GO:0050727,FBXO3
GO:0050727,RBX1
GO:0050727,SKP1
GO:0050727,TNC
GO:0050728,IL10
GO:0050728,IL10RA
GO:0050728,IL10RB
GO:0050728,IL13
GO:0050728,IL13RA2
GO:0050728,IL1A
GO:0050728,IL1R1
GO:0050728,IL1R2
GO:0050728,IL1RAP
GO:0050728,IL1RL2
GO:0050728,IL1RN
GO:0050728,IL22
GO:0050728,IL22RA2
GO:0050728,IL37
GO:0050728,SMAD3
GO:0050728,TMEM219
GO:0050728,TNFRSF6B
GO:0050728,TNFSF14
GO:0050729,AIM2
GO:0050729,CASP1
GO:0050729,CD4
GO:0050729,IL1A
GO:0050729,IL1RAP
GO:0050729,LGALS1
GO:0050729,LGALS2
GO:0050729,MEFV
GO:0050729,NAIP
GO:0050729,NLRC4
GO:0050729,NLRP1
GO:0050729,NLRP1A
GO:0050729,NLRP1B
GO:0050729,NLRP3
GO:0050729,PYCARD
GO:0050767,ANXA2
GO:0050767,CTNNB1
GO:0050767,HLTF
GO:0050767,LEF1
GO:0050767,S100A10
GO:0050777,SMCR8
GO:0050777,WDR41
GO:0050778,C6
GO:0050778,C7
GO:0050778,C8A
GO:0050778,C8B
GO:0050778,C8G
GO:0050778,C9
GO:0050778,CFP
GO:0050786,S100A8
GO:0050786,S100A9
GO:0050793,BRD1
GO:0050793,BRPF1
GO:0050793,BRPF3
GO:0050793,ING5
GO:0050793,KAT6A
GO:0050793,KAT6B
GO:0050793,MEAF6
GO:0050796,IL6
GO:0050821,ASDURF
GO:0050821,DNAAF10
GO:0050821,DNAAF2
GO:0050821,PDRG1
GO:0050821,PFDN1
GO:0050821,PFDN2
GO:0050821,PFDN5
GO:0050821,PFDN6
GO:0050821,PHB1
GO:0050821,PHB2
GO:0050821,PIH1D1
GO:0050821,PIH1D2
GO:0050821,POLR2E
GO:0050821,RPAP3
GO:0050821,RUVBL1
GO:0050821,RUVBL2
GO:0050821,SPAG1
GO:0050821,TELO2
GO:0050821,TTI1
GO:0050821,TTI2
GO:0050821,URI1
GO:0050821,UXT
GO:0050821,VBP1
GO:0050830,IL18
GO:0050830,IL18R1
GO:0050830,IL18RAP
GO:0050833,MPC1
GO:0050833,MPC1L
GO:0050833,MPC2
GO:0050840,VEGFA
GO:0050852,CD247
GO:0050852,CD3D
GO:0050852,CD3E
GO:0050852,CD3G
GO:0050852,CD8A
GO:0050852,CD8B
GO:0050852,CD8B1
GO:0050864,IL10
GO:0050868,BTLA
GO:0050868,TNFRSF14
GO:0050914,SCNN1A
GO:0050914,SCNN1B
GO:0050914,SCNN1D
GO:0050914,SCNN1G
GO:0050915,SCNN1A
GO:0050915,SCNN1B
GO:0050915,SCNN1D
GO:0050915,SCNN1G
GO:0050920,CXCL8
GO:0050920,CXCR1
GO:0050920,CXCR2
GO:0051015,AHNAK
GO:0051015,ANXA2
GO:0051015,CAPZA1
GO:0051015,CAPZA2
GO:0051015,CAPZB
GO:0051015,FLNA
GO:0051015,S100A10
GO:0051016,CAPZA1
GO:0051016,CAPZA2
GO:0051016,CAPZB
GO:0051017,ILK
GO:0051017,LIMS1
GO:0051017,LIMS2
GO:0051017,PARVA
GO:0051017,PARVB
GO:0051036,BLOC1S1
GO:0051036,BLOC1S2
GO:0051036,BORCS5
GO:0051036,BORCS6
GO:0051036,BORCS7
GO:0051036,BORCS8
GO:0051036,KXD1
GO:0051036,SNAPIN
GO:0051082,BTF3
GO:0051082,DNAJC2
GO:0051082,HSPA14
GO:0051082,NACA
GO:0051087,PDCD6IP
GO:0051087,SDC1
GO:0051087,SDCBP
GO:0051123,GTF2A1
GO:0051123,GTF2A2
GO:0051123,GTF2B
GO:0051123,GTF2E1
GO:0051123,GTF2E2
GO:0051123,MED1
GO:0051123,MED10
GO:0051123,MED11
GO:0051123,MED14
GO:0051123,MED15
GO:0051123,MED16
GO:0051123,MED17
GO:0051123,MED18
GO:0051123,MED19
GO:0051123,MED20
GO:0051123,MED21
GO:0051123,MED22
GO:0051123,MED23
GO:0051123,MED24
GO:0051123,MED25
GO:0051123,MED26
GO:0051123,MED27
GO:0051123,MED28
GO:0051123,MED29
GO:0051123,MED30
GO:0051123,MED31
GO:0051123,MED4
GO:0051123,MED6
GO:0051123,MED7
GO:0051123,MED8
GO:0051123,MED9
GO:0051123,TAF1
GO:0051123,TAF10
GO:0051123,TAF11
GO:0051123,TAF12
GO:0051123,TAF13
GO:0051123,TAF2
GO:0051123,TAF3
GO:0051123,TAF4
GO:0051123,TAF4B
GO:0051123,TAF5
GO:0051123,TAF6
GO:0051123,TAF7
GO:0051123,TAF8
GO:0051123,TAF9
GO:0051123,TBP
GO:0051124,FBXO45
GO:0051124,MYCBP2
GO:0051124,SKP1
GO:0051142,JAK2
GO:0051142,TYK2
GO:0051149,NID1
GO:0051168,RANBP2
GO:0051168,RANGAP1
GO:0051168,UBE2I
GO:0051209,FLNA
GO:0051209,GP1BA
GO:0051209,GP1BB
GO:0051209,GP5
GO:0051209,GP9
GO:0051225,HAUS1
GO:0051225,HAUS2
GO:0051225,HAUS3
GO:0051225,HAUS4
GO:0051225,HAUS5
GO:0051225,HAUS6
GO:0051225,HAUS7
GO:0051225,HAUS8
GO:0051256,AURKB
GO:0051256,BIRC5
GO:0051256,CDCA8
GO:0051256,INCENP
GO:0051267,PIGF
GO:0051267,PIGG
GO:0051287,IDH3A
GO:0051287,IDH3B
GO:0051287,IDH3G
GO:0051293,KHDC3L
GO:0051293,NLRP2
GO:0051293,NLRP5
GO:0051293,NLRP7
GO:0051293,OOEP
GO:0051293,PADI6
GO:0051298,CUL1
GO:0051298,FBXW5
GO:0051298,RBX1
GO:0051298,SKP1
GO:0051302,DR1
GO:0051302,KAT14
GO:0051302,KAT2A
GO:0051302,KAT2B
GO:0051302,MBIP
GO:0051302,SGF29
GO:0051302,TADA2A
GO:0051302,TADA3
GO:0051302,WDR5
GO:0051302,YEATS2
GO:0051302,ZZZ3
GO:0051305,KIF3A
GO:0051305,KIF3B
GO:0051305,KIF3C
GO:0051305,KIFAP3
GO:0051321,PSMA1
GO:0051321,PSMA2
GO:0051321,PSMA3
GO:0051321,PSMA4
GO:0051321,PSMA5
GO:0051321,PSMA6
GO:0051321,PSMA8
GO:0051321,PSMB1
GO:0051321,PSMB2
GO:0051321,PSMB3
GO:0051321,PSMB4
GO:0051321,PSMB5
GO:0051321,PSMB6
GO:0051321,PSMB7
GO:0051373,TCAP
GO:0051373,TTN
GO:0051377,PIGF
GO:0051377,PIGO
GO:0051378,HTR3A
GO:0051378,HTR3B
GO:0051378,HTR3C
GO:0051378,HTR3D
GO:0051378,HTR3E
GO:0051381,GABRB3
GO:0051381,GABRD
GO:0051427,CGA
GO:0051427,CGB3
GO:0051427,CGB5
GO:0051427,CGB8
GO:0051427,LHB
GO:0051445,ANAPC1
GO:0051445,ANAPC10
GO:0051445,ANAPC11
GO:0051445,ANAPC13
GO:0051445,ANAPC15
GO:0051445,ANAPC16
GO:0051445,ANAPC2
GO:0051445,ANAPC4
GO:0051445,ANAPC5
GO:0051445,ANAPC7
GO:0051445,CCNA1
GO:0051445,CCNA2
GO:0051445,CDC16
GO:0051445,CDC20
GO:0051445,CDC23
GO:0051445,CDC26
GO:0051445,CDC27
GO:0051445,CDK1
GO:0051445,CDK2
GO:0051445,FZR1
GO:0051452,ATP6AP1
GO:0051452,ATP6AP2
GO:0051452,ATP6V0A4
GO:0051452,ATP6V0B
GO:0051452,ATP6V0C
GO:0051452,ATP6V1A
GO:0051452,ATP6V1D
GO:0051452,ATP6V1F
GO:0051452,ATP6V1H
GO:0051452,RNASEK
GO:0051469,CHMP1A
GO:0051469,CHMP1B
GO:0051469,CHMP1B2
GO:0051469,CHMP2A
GO:0051469,CHMP2B
GO:0051469,CHMP3
GO:0051469,CHMP4A
GO:0051469,CHMP4B
GO:0051469,CHMP4C
GO:0051469,CHMP5
GO:0051469,CHMP6
GO:0051469,CHMP7
GO:0051469,RNF103-CHMP3
GO:0051480,TRPC1
GO:0051480,TRPC4
GO:0051480,TRPC5
GO:0051560,MCU
GO:0051560,MCUB
GO:0051560,MICU1
GO:0051560,MICU2
GO:0051560,MICU3
GO:0051560,SMDT1
GO:0051575,XRCC5
GO:0051575,XRCC6
GO:0051607,AIM2
GO:0051607,AZI2
GO:0051607,CASP1
GO:0051607,IKBKE
GO:0051607,MAVS
GO:0051607,NCBP1
GO:0051607,NCBP3
GO:0051607,PYCARD
GO:0051607,STING1
GO:0051607,TANK
GO:0051607,TBK1
GO:0051607,TBKBP1
GO:0051607,TRAF3
GO:0051639,ILK
GO:0051639,LIMS1
GO:0051639,LIMS2
GO:0051639,PARVA
GO:0051639,PARVB
GO:0051717,PTEN
GO:0051726,ACTB
GO:0051726,ACTL6A
GO:0051726,ACTR5
GO:0051726,ACTR8
GO:0051726,BRD8
GO:0051726,CCNL1
GO:0051726,CCNL2
GO:0051726,CUL1
GO:0051726,DMAP1
GO:0051726,DR1
GO:0051726,EP400
GO:0051726,EPC1
GO:0051726,EPC2
GO:0051726,FBXL12
GO:0051726,ING3
GO:0051726,ING4
GO:0051726,ING5
GO:0051726,INO80
GO:0051726,INO80B
GO:0051726,INO80C
GO:0051726,INO80D
GO:0051726,INO80E
GO:0051726,JADE1
GO:0051726,JADE2
GO:0051726,JADE3
GO:0051726,KAT14
GO:0051726,KAT2A
GO:0051726,KAT2B
GO:0051726,KAT5
GO:0051726,KAT7
GO:0051726,MBIP
GO:0051726,MBTD1
GO:0051726,MCRS1
GO:0051726,MEAF6
GO:0051726,MORF4L1
GO:0051726,MORF4L2
GO:0051726,MRGBP
GO:0051726,NFRKB
GO:0051726,RBX1
GO:0051726,RNF123
GO:0051726,RUVBL1
GO:0051726,RUVBL2
GO:0051726,SGF29
GO:0051726,SKP1
GO:0051726,TADA2A
GO:0051726,TADA3
GO:0051726,TFPT
GO:0051726,TRRAP
GO:0051726,UBAC1
GO:0051726,UCHL5
GO:0051726,VPS72
GO:0051726,WDR5
GO:0051726,YEATS2
GO:0051726,YEATS4
GO:0051726,YY1
GO:0051726,ZZZ3
GO:0051731,LAS1L
GO:0051731,MDN1
GO:0051731,NOL9
GO:0051731,PELP1
GO:0051731,SENP3
GO:0051731,TEX10
GO:0051731,WDR18
GO:0051800,PTEN
GO:0051861,TNR
GO:0051893,TLN1
GO:0051893,VCL
GO:0051899,CHRNA10
GO:0051899,CHRNA9
GO:0051917,PLAU
GO:0051917,PLAUR
GO:0051918,PLAT
GO:0051918,PLAU
GO:0051918,SERPINE1
GO:0051918,VTN
GO:0051924,PLN
GO:0051932,GABBR1
GO:0051932,GABBR2
GO:0051932,GABRA1
GO:0051932,GABRA4
GO:0051932,GABRA6
GO:0051932,GABRB1
GO:0051932,GABRB2
GO:0051932,GABRB3
GO:0051932,GABRD
GO:0051932,GABRG2
GO:0051967,HCN1
GO:0051968,GRIN1
GO:0051968,GRIN2A
GO:0051968,GRIN2B
GO:0051968,GRIN2C
GO:0051968,GRIN2D
GO:0051968,NLGN1
GO:0051968,NRXN1
GO:0051984,NCAPD2
GO:0051984,NCAPD3
GO:0051984,NCAPG
GO:0051984,NCAPG2
GO:0051984,NCAPH
GO:0051984,NCAPH2
GO:0051984,SMC2
GO:0051984,SMC4
GO:0051988,KNTC1
GO:0051988,ZW10
GO:0051988,ZWILCH
GO:0052697,UGT2B7
GO:0055003,TCAP
GO:0055003,TTN
GO:0055037,VPS50
GO:0055037,VPS51
GO:0055037,VPS52
GO:0055037,VPS53
GO:0055056,PDZK1IP1
GO:0055056,SLC5A2
GO:0055087,SKIC2
GO:0055087,SKIC3
GO:0055087,SKIC8
GO:0055091,OSBPL10
GO:0055091,OSBPL11
GO:0055091,OSBPL9
GO:0060025,CDK5
GO:0060025,CDK5R2
GO:0060025,RELN
GO:0060048,RYR2
GO:0060048,TCAP
GO:0060048,TNNC1
GO:0060048,TNNI3
GO:0060048,TNNT2
GO:0060048,TTN
GO:0060070,CTNNB1
GO:0060070,FRAT1
GO:0060070,FRAT2
GO:0060070,GSK3B
GO:0060070,LEF1
GO:0060070,PEG12
GO:0060074,NLGN1
GO:0060074,NRXN1
GO:0060075,KCNJ2
GO:0060076,CYFIP1
GO:0060076,EIF4E
GO:0060076,FMR1
GO:0060076,NLGN1
GO:0060076,NRXN1
GO:0060077,NLGN1
GO:0060077,NRXN1
GO:0060090,LAMTOR1
GO:0060090,LAMTOR2
GO:0060090,LAMTOR3
GO:0060090,LAMTOR4
GO:0060090,LAMTOR5
GO:0060090,SLX4
GO:0060090,TERF2
GO:0060113,ADGRV1
GO:0060113,PDZD7
GO:0060113,USH2A
GO:0060113,WHRN
GO:0060155,AP1B1
GO:0060155,AP1G1
GO:0060155,AP1M1
GO:0060155,AP1S1
GO:0060155,AP1S2
GO:0060155,AP1S3
GO:0060155,AP3B1
GO:0060155,AP3D1
GO:0060155,AP3M1
GO:0060155,AP3S1
GO:0060155,AP3S2
GO:0060155,HPS1
GO:0060155,HPS3
GO:0060155,HPS4
GO:0060155,HPS5
GO:0060155,HPS6
GO:0060170,BBIP1
GO:0060170,BBS1
GO:0060170,BBS2
GO:0060170,BBS4
GO:0060170,BBS5
GO:0060170,BBS7
GO:0060170,BBS9
GO:0060170,TTC8
GO:0060173,CUL1
GO:0060173,FBXW4
GO:0060173,RBX1
GO:0060173,SKP1
GO:0060236,CENPJ
GO:0060236,SASS6
GO:0060236,STIL
GO:0060261,GTF2A1
GO:0060261,GTF2A2
GO:0060261,MED1
GO:0060261,MED10
GO:0060261,MED11
GO:0060261,MED14
GO:0060261,MED15
GO:0060261,MED16
GO:0060261,MED17
GO:0060261,MED18
GO:0060261,MED19
GO:0060261,MED20
GO:0060261,MED21
GO:0060261,MED22
GO:0060261,MED23
GO:0060261,MED24
GO:0060261,MED25
GO:0060261,MED26
GO:0060261,MED27
GO:0060261,MED28
GO:0060261,MED29
GO:0060261,MED30
GO:0060261,MED31
GO:0060261,MED4
GO:0060261,MED6
GO:0060261,MED7
GO:0060261,MED8
GO:0060261,MED9
GO:0060261,TAF1
GO:0060261,TAF10
GO:0060261,TAF11
GO:0060261,TAF12
GO:0060261,TAF13
GO:0060261,TAF2
GO:0060261,TAF3
GO:0060261,TAF4
GO:0060261,TAF4B
GO:0060261,TAF5
GO:0060261,TAF6
GO:0060261,TAF7
GO:0060261,TAF8
GO:0060261,TAF9
GO:0060261,TBP
GO:0060264,S100A9
GO:0060271,BBIP1
GO:0060271,BBS1
GO:0060271,BBS2
GO:0060271,BBS4
GO:0060271,BBS5
GO:0060271,BBS7
GO:0060271,BBS9
GO:0060271,CLUAP1
GO:0060271,CUL1
GO:0060271,FBXW5
GO:0060271,IFT122
GO:0060271,IFT140
GO:0060271,IFT172
GO:0060271,IFT20
GO:0060271,IFT22
GO:0060271,IFT25
GO:0060271,IFT27
GO:0060271,IFT43
GO:0060271,IFT46
GO:0060271,IFT52
GO:0060271,IFT56
GO:0060271,IFT57
GO:0060271,IFT70B
GO:0060271,IFT74
GO:0060271,IFT80
GO:0060271,IFT81
GO:0060271,IFT88
GO:0060271,RBX1
GO:0060271,SKP1
GO:0060271,TRAF3IP1
GO:0060271,TTC21B
GO:0060271,TTC8
GO:0060271,WDR19
GO:0060271,WDR35
GO:0060302,IL11
GO:0060307,KCNE1
GO:0060307,KCNE2
GO:0060307,KCNH2
GO:0060307,KCNQ1
GO:0060333,IFNG
GO:0060333,IFNGR1
GO:0060333,IFNGR2
GO:0060337,AZI2
GO:0060337,IFNA1
GO:0060337,IFNA10
GO:0060337,IFNA14
GO:0060337,IFNA16
GO:0060337,IFNA17
GO:0060337,IFNA2
GO:0060337,IFNA21
GO:0060337,IFNA4
GO:0060337,IFNA5
GO:0060337,IFNA6
GO:0060337,IFNA7
GO:0060337,IFNA8
GO:0060337,IFNAR1
GO:0060337,IFNAR2
GO:0060337,IFNB1
GO:0060337,IFNE
GO:0060337,IFNK
GO:0060337,IFNW1
GO:0060337,IKBKE
GO:0060337,MAVS
GO:0060337,TANK
GO:0060337,TBK1
GO:0060337,TBKBP1
GO:0060337,TRAF3
GO:0060340,STING1
GO:0060382,ACTL6A
GO:0060382,ACTR5
GO:0060382,ACTR8
GO:0060382,INO80
GO:0060382,INO80B
GO:0060382,INO80C
GO:0060382,INO80D
GO:0060382,INO80E
GO:0060382,MCRS1
GO:0060382,NFRKB
GO:0060382,RUVBL1
GO:0060382,RUVBL2
GO:0060382,TFPT
GO:0060382,UCHL5
GO:0060382,YY1
GO:0060411,NKX2-5
GO:0060544,LTA
GO:0060544,LTB
GO:0060544,LTBR
GO:0060545,CASP8
GO:0060545,FADD
GO:0060545,RIPK1
GO:0060828,CCNY
GO:0060828,CDK14
GO:0060964,CUL4A
GO:0060964,CUL4B
GO:0060964,DCAF12
GO:0060964,DDB1
GO:0060964,RBX1
GO:0060982,VEGFA
GO:0061001,CDK5
GO:0061001,CDK5R2
GO:0061045,MMRN1
GO:0061077,CCT2
GO:0061077,CCT3
GO:0061077,CCT4
GO:0061077,CCT5
GO:0061077,CCT6A
GO:0061077,CCT7
GO:0061077,CCT8
GO:0061077,PFDN1
GO:0061077,PFDN2
GO:0061077,PFDN4
GO:0061077,PFDN5
GO:0061077,PFDN6
GO:0061077,TCP1
GO:0061077,VBP1
GO:0061133,AIM2
GO:0061133,CASP1
GO:0061133,MEFV
GO:0061133,NAIP
GO:0061133,NLRC4
GO:0061133,NLRP1
GO:0061133,NLRP1A
GO:0061133,NLRP1B
GO:0061133,NLRP3
GO:0061133,PYCARD
GO:0061136,ADRM1
GO:0061136,PSMA1
GO:0061136,PSMA2
GO:0061136,PSMA3
GO:0061136,PSMA4
GO:0061136,PSMA5
GO:0061136,PSMA6
GO:0061136,PSMA7
GO:0061136,PSMB1
GO:0061136,PSMB2
GO:0061136,PSMB3
GO:0061136,PSMB4
GO:0061136,PSMB5
GO:0061136,PSMB6
GO:0061136,PSMB7
GO:0061136,PSMC1
GO:0061136,PSMC2
GO:0061136,PSMC3
GO:0061136,PSMC4
GO:0061136,PSMC5
GO:0061136,PSMC6
GO:0061136,PSMD1
GO:0061136,PSMD11
GO:0061136,PSMD12
GO:0061136,PSMD13
GO:0061136,PSMD14
GO:0061136,PSMD2
GO:0061136,PSMD3
GO:0061136,PSMD4
GO:0061136,PSMD6
GO:0061136,PSMD7
GO:0061136,PSMD8
GO:0061136,PSME1
GO:0061136,PSME2
GO:0061136,PSME3
GO:0061136,SEM1
GO:0061507,STING1
GO:0061515,CEBPB
GO:0061515,MYB
GO:0061534,GAD1
GO:0061534,GAD2
GO:0061542,COQ3
GO:0061542,COQ4
GO:0061542,COQ5
GO:0061542,COQ6
GO:0061542,COQ7
GO:0061542,COQ9
GO:0061574,ACIN1
GO:0061574,RNPS1
GO:0061574,SAP18
GO:0061578,ABRAXAS1
GO:0061578,ABRAXAS2
GO:0061578,BABAM1
GO:0061578,BABAM2
GO:0061578,BRCC3
GO:0061578,UIMC1
GO:0061608,KPNA1
GO:0061608,KPNA2
GO:0061608,KPNA3
GO:0061608,KPNA4
GO:0061608,KPNA5
GO:0061608,KPNA6
GO:0061608,KPNA7
GO:0061608,KPNB1
GO:0061608,SNUPN
GO:0061617,APOO
GO:0061617,APOOL
GO:0061617,CHCHD3
GO:0061617,CHCHD6
GO:0061617,IMMT
GO:0061617,MICOS10
GO:0061617,MICOS13
GO:0061629,CCNT1
GO:0061629,CDK9
GO:0061629,DR1
GO:0061629,KAT14
GO:0061629,KAT2A
GO:0061629,KAT2B
GO:0061629,MBIP
GO:0061629,SGF29
GO:0061629,TADA2A
GO:0061629,TADA3
GO:0061629,WDR5
GO:0061629,YEATS2
GO:0061629,ZZZ3
GO:0061630,AMBRA1
GO:0061630,AMFR
GO:0061630,APPBP2
GO:0061630,ARMC8
GO:0061630,BABAM2
GO:0061630,BARD1
GO:0061630,BRCA1
GO:0061630,BRCA2
GO:0061630,BRCC3
GO:0061630,BTRC
GO:0061630,CCNF
GO:0061630,CRBN
GO:0061630,CUL1
GO:0061630,CUL2
GO:0061630,CUL3
GO:0061630,CUL4A
GO:0061630,CUL4B
GO:0061630,CUL7
GO:0061630,DCAF1
GO:0061630,DCAF10
GO:0061630,DCAF11
GO:0061630,DCAF12
GO:0061630,DCAF13
GO:0061630,DCAF15
GO:0061630,DCAF16
GO:0061630,DCAF17
GO:0061630,DCAF4
GO:0061630,DCAF5
GO:0061630,DCAF6
GO:0061630,DCAF7
GO:0061630,DCAF8
GO:0061630,DDA1
GO:0061630,DDB1
GO:0061630,DDB2
GO:0061630,DTL
GO:0061630,ELOB
GO:0061630,ELOC
GO:0061630,ENC1
GO:0061630,ERCC8
GO:0061630,FAAP100
GO:0061630,FAAP20
GO:0061630,FANCA
GO:0061630,FANCB
GO:0061630,FANCC
GO:0061630,FANCE
GO:0061630,FANCF
GO:0061630,FANCG
GO:0061630,FANCL
GO:0061630,FBH1
GO:0061630,FBXL12
GO:0061630,FBXL13
GO:0061630,FBXL14
GO:0061630,FBXL15
GO:0061630,FBXL16
GO:0061630,FBXL17
GO:0061630,FBXL18
GO:0061630,FBXL19
GO:0061630,FBXL2
GO:0061630,FBXL20
GO:0061630,FBXL22
GO:0061630,FBXL3
GO:0061630,FBXL4
GO:0061630,FBXL5
GO:0061630,FBXL6
GO:0061630,FBXL7
GO:0061630,FBXL8
GO:0061630,FBXO10
GO:0061630,FBXO11
GO:0061630,FBXO15
GO:0061630,FBXO16
GO:0061630,FBXO17
GO:0061630,FBXO2
GO:0061630,FBXO21
GO:0061630,FBXO22
GO:0061630,FBXO24
GO:0061630,FBXO25
GO:0061630,FBXO27
GO:0061630,FBXO28
GO:0061630,FBXO3
GO:0061630,FBXO30
GO:0061630,FBXO31
GO:0061630,FBXO32
GO:0061630,FBXO33
GO:0061630,FBXO34
GO:0061630,FBXO36
GO:0061630,FBXO38
GO:0061630,FBXO39
GO:0061630,FBXO4
GO:0061630,FBXO40
GO:0061630,FBXO41
GO:0061630,FBXO42
GO:0061630,FBXO43
GO:0061630,FBXO44
GO:0061630,FBXO45
GO:0061630,FBXO46
GO:0061630,FBXO47
GO:0061630,FBXO5
GO:0061630,FBXO6
GO:0061630,FBXO7
GO:0061630,FBXO8
GO:0061630,FBXO9
GO:0061630,FBXW10
GO:0061630,FBXW11
GO:0061630,FBXW12
GO:0061630,FBXW2
GO:0061630,FBXW4
GO:0061630,FBXW5
GO:0061630,FBXW7
GO:0061630,FBXW8
GO:0061630,FBXW9
GO:0061630,FEM1A
GO:0061630,FEM1B
GO:0061630,FEM1C
GO:0061630,GAN
GO:0061630,GID4
GO:0061630,GID8
GO:0061630,IPP
GO:0061630,KBTBD13
GO:0061630,KBTBD2
GO:0061630,KBTBD3
GO:0061630,KBTBD4
GO:0061630,KBTBD6
GO:0061630,KBTBD7
GO:0061630,KBTBD8
GO:0061630,KCMF1
GO:0061630,KDM2A
GO:0061630,KDM2B
GO:0061630,KEAP1
GO:0061630,KLHDC10
GO:0061630,KLHDC2
GO:0061630,KLHDC3
GO:0061630,KLHL1
GO:0061630,KLHL10
GO:0061630,KLHL11
GO:0061630,KLHL12
GO:0061630,KLHL13
GO:0061630,KLHL14
GO:0061630,KLHL15
GO:0061630,KLHL17
GO:0061630,KLHL18
GO:0061630,KLHL2
GO:0061630,KLHL20
GO:0061630,KLHL21
GO:0061630,KLHL22
GO:0061630,KLHL23
GO:0061630,KLHL24
GO:0061630,KLHL25
GO:0061630,KLHL26
GO:0061630,KLHL28
GO:0061630,KLHL29
GO:0061630,KLHL3
GO:0061630,KLHL30
GO:0061630,KLHL31
GO:0061630,KLHL32
GO:0061630,KLHL34
GO:0061630,KLHL35
GO:0061630,KLHL36
GO:0061630,KLHL38
GO:0061630,KLHL4
GO:0061630,KLHL40
GO:0061630,KLHL41
GO:0061630,KLHL42
GO:0061630,KLHL5
GO:0061630,KLHL6
GO:0061630,KLHL7
GO:0061630,KLHL8
GO:0061630,KLHL9
GO:0061630,LRR1
GO:0061630,LTN1
GO:0061630,MAEA
GO:0061630,MAVS
GO:0061630,MDM2
GO:0061630,MDM4
GO:0061630,MKLN1
GO:0061630,MYCBP2
GO:0061630,NEMF
GO:0061630,PHIP
GO:0061630,PHOSPHO2-KLHL23
GO:0061630,PRAME
GO:0061630,RAD51
GO:0061630,RANBP10
GO:0061630,RANBP9
GO:0061630,RBX1
GO:0061630,RMND5A
GO:0061630,RMND5B
GO:0061630,RNF123
GO:0061630,SKP1
GO:0061630,SKP2
GO:0061630,SPOP
GO:0061630,SPOPL
GO:0061630,TCF25
GO:0061630,TIFA
GO:0061630,TP53
GO:0061630,TRAF2
GO:0061630,TRAF3
GO:0061630,TRAF6
GO:0061630,TRIM27
GO:0061630,TSPAN17
GO:0061630,UBAC1
GO:0061630,UBR4
GO:0061630,USP7
GO:0061630,VCP
GO:0061630,VHL
GO:0061630,WDR26
GO:0061630,WDTC1
GO:0061630,YPEL5
GO:0061630,ZER1
GO:0061630,ZYG11B
GO:0061631,PEDS1-UBE2V1
GO:0061631,UBE2N
GO:0061631,UBE2V1
GO:0061631,UBE2V2
GO:0061644,CENPA
GO:0061644,H2AC11
GO:0061644,H2AC13
GO:0061644,H2AC22
GO:0061644,H2AC23
GO:0061644,H2AC24
GO:0061644,H2AC4
GO:0061644,H2AC6
GO:0061644,H2AC7
GO:0061644,H2AC8
GO:0061644,H2BC11
GO:0061644,H2BC13
GO:0061644,H2BC15
GO:0061644,H2BC23
GO:0061644,H2BC24
GO:0061644,H2BC7
GO:0061644,H4C1
GO:0061644,H4C11
GO:0061644,H4C12
GO:0061644,H4C13
GO:0061644,H4C14
GO:0061644,H4C15
GO:0061644,H4C16
GO:0061644,H4C17
GO:0061644,H4C18
GO:0061644,H4C2
GO:0061644,H4C3
GO:0061644,H4C4
GO:0061644,H4C5
GO:0061644,H4C6
GO:0061644,H4C8
GO:0061644,H4C9
GO:0061663,CUL1
GO:0061663,FBXO11
GO:0061663,RBX1
GO:0061663,SKP1
GO:0061665,RANBP2
GO:0061665,RANGAP1
GO:0061665,UBE2I
GO:0061666,CDK5RAP3
GO:0061666,DDRGK1
GO:0061666,UFL1
GO:0061692,CAT
GO:0061696,CGA
GO:0061696,CGB3
GO:0061696,CGB5
GO:0061696,CGB8
GO:0061696,LHB
GO:0061700,MIOS
GO:0061700,SEC13
GO:0061700,SEH1L
GO:0061700,WDR24
GO:0061700,WDR59
GO:0061702,CASP1
GO:0061702,MEFV
GO:0061702,NAIP
GO:0061702,NLRC4
GO:0061702,PYCARD
GO:0061711-L-threonylcarbamoyladenine synthase activity),GON7
GO:0061711-L-threonylcarbamoyladenine synthase activity),LAGE3
GO:0061711-L-threonylcarbamoyladenine synthase activity),OSGEP
GO:0061711-L-threonylcarbamoyladenine synthase activity),TP53RK
GO:0061711-L-threonylcarbamoyladenine synthase activity),TPRKB
GO:0061763,CHMP1A
GO:0061763,CHMP1B
GO:0061763,CHMP1B2
GO:0061763,CHMP2A
GO:0061763,CHMP2B
GO:0061763,CHMP3
GO:0061763,CHMP4A
GO:0061763,CHMP4B
GO:0061763,CHMP4C
GO:0061763,CHMP5
GO:0061763,CHMP6
GO:0061763,CHMP7
GO:0061763,RNF103-CHMP3
GO:0061764,VPS4A
GO:0061764,VPS4B
GO:0061773,RRP8
GO:0061773,SIRT1
GO:0061773,SUV39H1
GO:0061775,MAU2
GO:0061775,NIPBL
GO:0061779,PDIA3
GO:0061779,TAPBP
GO:0061780,MAU2
GO:0061780,NIPBL
GO:0061793,CBX3
GO:0061793,CBX3-PS5
GO:0061793,L3MBTL1
GO:0061793,LOC118568054
GO:0061793,LOC118568056
GO:0061793,RB1
GO:0061795,ATP6AP1
GO:0061795,ATP6AP2
GO:0061795,ATP6V0A2
GO:0061795,ATP6V0B
GO:0061795,ATP6V0C
GO:0061795,ATP6V1A
GO:0061795,ATP6V1D
GO:0061795,ATP6V1F
GO:0061795,ATP6V1H
GO:0061795,RNASEK
GO:0061852,ERGIC2
GO:0061852,ERGIC3
GO:0061952,CHMP1A
GO:0061952,CHMP1B
GO:0061952,CHMP1B2
GO:0061952,CHMP2A
GO:0061952,CHMP2B
GO:0061952,CHMP3
GO:0061952,CHMP4A
GO:0061952,CHMP4B
GO:0061952,CHMP4C
GO:0061952,CHMP5
GO:0061952,CHMP6
GO:0061952,CHMP7
GO:0061952,RNF103-CHMP3
GO:0061952,VPS4A
GO:0061952,VPS4B
GO:0061953-methyltransferase activity),TRMT6
GO:0061953-methyltransferase activity),TRMT61A
GO:0062023,COL10A1
GO:0062023,COL11A1
GO:0062023,COL11A2
GO:0062023,COL2A1
GO:0062023,COL5A1
GO:0062023,COL5A2
GO:0062023,EMILIN1
GO:0062023,EMILIN2
GO:0062023,MATN1
GO:0062023,MATN2
GO:0062023,MATN3
GO:0062023,MATN4
GO:0062023,MMRN1
GO:0062023,MMRN2
GO:0062023,SERPINE1
GO:0062023,TNC
GO:0062023,TNN
GO:0062023,TNR
GO:0062023,TNXB
GO:0062023,VTN
GO:0062073,MIF4GD
GO:0062073,SLBP
GO:0062137,CCDC22
GO:0062137,CCDC93
GO:0062137,COMMD1
GO:0062137,COMMD10
GO:0062137,COMMD2
GO:0062137,COMMD3
GO:0062137,COMMD4
GO:0062137,COMMD5
GO:0062137,COMMD6
GO:0062137,COMMD7
GO:0062137,COMMD8
GO:0062137,COMMD9
GO:0062137,DENND10
GO:0062137,LMAN1
GO:0062137,MCFD2
GO:0062137,VPS26C
GO:0062137,VPS29
GO:0062137,VPS35L
GO:0062141,MTREX
GO:0062141,RBM7
GO:0062141,ZCCHC8
GO:0062151,CAT
GO:0062157,ABCB8
GO:0062157,CCDC51
GO:0062158,CLCN7
GO:0062158,OSTM1
GO:0062167,C1QA
GO:0062167,C1QB
GO:0062167,C1QC
GO:0062196,BLOC1S1
GO:0062196,BLOC1S2
GO:0062196,BORCS5
GO:0062196,BORCS6
GO:0062196,BORCS7
GO:0062196,BORCS8
GO:0062196,KXD1
GO:0062196,SNAPIN
GO:0062234,PAFAH1B1
GO:0062234,PAFAH1B2
GO:0062234,PAFAH1B3
GO:0070021,TGFBR1
GO:0070021,TGFBR2
GO:0070026,HBA-A1
GO:0070026,HBA-A2
GO:0070026,HBA1
GO:0070026,HBA2
GO:0070026,HBB
GO:0070026,HBB-B1
GO:0070026,HBB-B2
GO:0070026,NOS2
GO:0070026,S100A8
GO:0070026,S100A9
GO:0070043-methyltransferase activity),BUD23
GO:0070043-methyltransferase activity),TRMT112
GO:0070051,THBS1
GO:0070051,THBS2
GO:0070051,THBS3
GO:0070051,THBS4
GO:0070062,H2AC6
GO:0070062,H2BC10
GO:0070062,H2BC4
GO:0070062,H2BC6
GO:0070062,H2BC7
GO:0070062,H2BC8
GO:0070062,H3C1
GO:0070062,H3C10
GO:0070062,H3C11
GO:0070062,H3C12
GO:0070062,H3C2
GO:0070062,H3C3
GO:0070062,H3C4
GO:0070062,H3C6
GO:0070062,H3C7
GO:0070062,H3C8
GO:0070062,H4C1
GO:0070062,H4C11
GO:0070062,H4C12
GO:0070062,H4C13
GO:0070062,H4C14
GO:0070062,H4C15
GO:0070062,H4C16
GO:0070062,H4C2
GO:0070062,H4C3
GO:0070062,H4C4
GO:0070062,H4C5
GO:0070062,H4C6
GO:0070062,H4C8
GO:0070062,H4C9
GO:0070085,COG1
GO:0070085,COG2
GO:0070085,COG3
GO:0070085,COG4
GO:0070085,COG5
GO:0070085,COG6
GO:0070085,COG7
GO:0070085,COG8
GO:0070102,IL6
GO:0070102,IL6ST
GO:0070106,EBI3
GO:0070106,IL27
GO:0070106,IL27RA
GO:0070106,IL6ST
GO:0070160,PARD3
GO:0070160,PARD6A
GO:0070160,PARD6B
GO:0070160,PARD6G
GO:0070160,PRKCI
GO:0070160,PRKCZ
GO:0070176,E2F4
GO:0070176,E2F5
GO:0070176,LIN37
GO:0070176,LIN52
GO:0070176,LIN54
GO:0070176,LIN9
GO:0070176,RBBP4
GO:0070176,RBL1
GO:0070176,RBL2
GO:0070176,TFDP1
GO:0070176,TFDP2
GO:0070187,ACD
GO:0070187,POT1
GO:0070187,POT1A
GO:0070187,TERF1
GO:0070187,TERF2
GO:0070187,TERF2IP
GO:0070187,TINF2
GO:0070269,AIM2
GO:0070269,CASP1
GO:0070269,MEFV
GO:0070269,NAIP
GO:0070269,NLRC4
GO:0070269,NLRP1
GO:0070269,NLRP1A
GO:0070269,NLRP1B
GO:0070269,NLRP3
GO:0070269,PYCARD
GO:0070273,OSBPL10
GO:0070273,OSBPL11
GO:0070273,OSBPL9
GO:0070310,ATR
GO:0070310,ATRIP
GO:0070316,ACTB
GO:0070316,ACTL6A
GO:0070316,ACTL6B
GO:0070316,ARID1A
GO:0070316,ARID1B
GO:0070316,ARID2
GO:0070316,BCL7A
GO:0070316,BCL7B
GO:0070316,BCL7C
GO:0070316,BRD7
GO:0070316,DPF1
GO:0070316,DPF2
GO:0070316,DPF3
GO:0070316,PBRM1
GO:0070316,PHF10
GO:0070316,SMARCA2
GO:0070316,SMARCA4
GO:0070316,SMARCB1
GO:0070316,SMARCC1
GO:0070316,SMARCC2
GO:0070316,SMARCD1
GO:0070316,SMARCD2
GO:0070316,SMARCD3
GO:0070316,SMARCE1
GO:0070318,RRM1
GO:0070318,RRM2B
GO:0070324,RXRA
GO:0070324,THRB
GO:0070325,RELN
GO:0070328,GPIHBP1
GO:0070328,LPL
GO:0070337,EME1
GO:0070337,EME2
GO:0070337,MUS81
GO:0070345,IL6
GO:0070371,CHI3L1
GO:0070371,IL13
GO:0070371,IL13RA2
GO:0070371,TMEM219
GO:0070372,BTLA
GO:0070372,TNFRSF14
GO:0070374,IL13
GO:0070374,IL13RA2
GO:0070374,TMEM219
GO:0070390,CETN2
GO:0070390,CETN3
GO:0070390,ENY2
GO:0070390,MCM3AP
GO:0070390,PCID2
GO:0070390,SEM1
GO:0070402,GMPR2
GO:0070404,ND1
GO:0070404,ND2
GO:0070404,ND3
GO:0070404,ND4
GO:0070404,ND4L
GO:0070404,ND5
GO:0070404,ND6
GO:0070404,NDUFA1
GO:0070404,NDUFA10
GO:0070404,NDUFA11
GO:0070404,NDUFA12
GO:0070404,NDUFA13
GO:0070404,NDUFA2
GO:0070404,NDUFA3
GO:0070404,NDUFA5
GO:0070404,NDUFA6
GO:0070404,NDUFA7
GO:0070404,NDUFA8
GO:0070404,NDUFA9
GO:0070404,NDUFAB1
GO:0070404,NDUFB1
GO:0070404,NDUFB10
GO:0070404,NDUFB11
GO:0070404,NDUFB2
GO:0070404,NDUFB3
GO:0070404,NDUFB4
GO:0070404,NDUFB4B
GO:0070404,NDUFB4C
GO:0070404,NDUFB5
GO:0070404,NDUFB6
GO:0070404,NDUFB7
GO:0070404,NDUFB8
GO:0070404,NDUFB9
GO:0070404,NDUFC1
GO:0070404,NDUFC2
GO:0070404,NDUFS1
GO:0070404,NDUFS2
GO:0070404,NDUFS3
GO:0070404,NDUFS4
GO:0070404,NDUFS5
GO:0070404,NDUFS6
GO:0070404,NDUFS7
GO:0070404,NDUFS8
GO:0070404,NDUFV1
GO:0070404,NDUFV2
GO:0070404,NDUFV3
GO:0070418,PRKDC
GO:0070421,APLF
GO:0070421,APTX
GO:0070421,LIG3
GO:0070421,PNKP
GO:0070421,POLB
GO:0070421,TDP1
GO:0070421,XRCC1
GO:0070442,ITGA2B
GO:0070442,ITGB3
GO:0070443,MAX
GO:0070443,MNT
GO:0070443,MXD1
GO:0070443,MXD3
GO:0070443,MXD4
GO:0070443,MXI1
GO:0070476-methylation),BUD23
GO:0070476-methylation),TRMT112
GO:0070492,GANAB
GO:0070492,PRKCSH
GO:0070498,IL1A
GO:0070498,IL1RAP
GO:0070498,IRAK1
GO:0070498,IRAK2
GO:0070498,IRAK4
GO:0070498,MYD88
GO:0070522,ERCC1
GO:0070522,ERCC4
GO:0070530,ABRAXAS1
GO:0070530,BABAM1
GO:0070530,BABAM2
GO:0070530,BRCC3
GO:0070530,PEDS1-UBE2V1
GO:0070530,UBE2N
GO:0070530,UBE2V1
GO:0070530,UIMC1
GO:0070531,ABRAXAS1
GO:0070531,BABAM1
GO:0070531,BABAM2
GO:0070531,BRCC3
GO:0070531,UIMC1
GO:0070532,BRIP1
GO:0070532,TOPBP1
GO:0070533,RBBP8
GO:0070534,IL17A
GO:0070534,IL17B
GO:0070534,IL17C
GO:0070534,IL17F
GO:0070534,IL17RA
GO:0070534,IL17RB
GO:0070534,IL17RC
GO:0070534,IL17RE
GO:0070534,IL25
GO:0070534,TRAF3IP2
GO:0070545,BOP1
GO:0070545,PES1
GO:0070545,WDR12
GO:0070552,ABRAXAS2
GO:0070552,BABAM1
GO:0070552,BABAM2
GO:0070552,BRCC3
GO:0070564,RXRA
GO:0070564,RXRB
GO:0070564,VDR
GO:0070577,BAZ2A
GO:0070577,PSMA1
GO:0070577,PSMA2
GO:0070577,PSMA3
GO:0070577,PSMA4
GO:0070577,PSMA5
GO:0070577,PSMA6
GO:0070577,PSMA7
GO:0070577,PSMA8
GO:0070577,PSMB1
GO:0070577,PSMB2
GO:0070577,PSMB3
GO:0070577,PSMB4
GO:0070577,PSMB5
GO:0070577,PSMB6
GO:0070577,PSMB7
GO:0070577,PSME4
GO:0070577,SMARCA5
GO:0070577,TAF1
GO:0070577,TAF10
GO:0070577,TAF11
GO:0070577,TAF12
GO:0070577,TAF13
GO:0070577,TAF2
GO:0070577,TAF3
GO:0070577,TAF4
GO:0070577,TAF4B
GO:0070577,TAF5
GO:0070577,TAF6
GO:0070577,TAF7
GO:0070577,TAF8
GO:0070577,TAF9
GO:0070577,TBP
GO:0070578,DICER1
GO:0070578,PRKRA
GO:0070578,TARBP2
GO:0070588,CACNA1C
GO:0070588,CACNA1S
GO:0070588,CACNB1
GO:0070588,CACNB2
GO:0070588,CACNB3
GO:0070588,CACNB4
GO:0070588,CACNG1
GO:0070588,RYR2
GO:0070588,RYR3
GO:0070588,TRPC1
GO:0070588,TRPC4
GO:0070588,TRPC5
GO:0070622,GNPTG
GO:0070628,PSMG1
GO:0070628,PSMG2
GO:0070628,PSMG3
GO:0070628,PSMG4
GO:0070644,RXRA
GO:0070644,RXRB
GO:0070644,VDR
GO:0070652,HAUS1
GO:0070652,HAUS2
GO:0070652,HAUS3
GO:0070652,HAUS4
GO:0070652,HAUS5
GO:0070652,HAUS6
GO:0070652,HAUS7
GO:0070652,HAUS8
GO:0070665,CSF2
GO:0070665,CSF2RA
GO:0070665,CSF2RB
GO:0070665,IL2
GO:0070665,IL2RA
GO:0070665,IL2RB
GO:0070665,IL2RG
GO:0070665,JAK2
GO:0070681,GATB
GO:0070681,GATC
GO:0070681,QRSL1
GO:0070695,AKTIP
GO:0070695,FHIP1A
GO:0070695,FHIP1B
GO:0070695,FHIP2A
GO:0070695,HOOK1
GO:0070695,HOOK2
GO:0070695,HOOK3
GO:0070716,MCM8
GO:0070716,MCM9
GO:0070721,IRF9
GO:0070721,STAT1
GO:0070721,STAT2
GO:0070740,LRRC49
GO:0070740,NICN1
GO:0070740,TPGS1
GO:0070740,TPGS2
GO:0070740,TTLL1
GO:0070745,EBI3
GO:0070745,IL12A
GO:0070748,EBI3
GO:0070748,IL12A
GO:0070757,EBI3
GO:0070757,IL12A
GO:0070765,APH1A
GO:0070765,APH1B
GO:0070765,NCSTN
GO:0070765,PSENEN
GO:0070776,BRD1
GO:0070776,BRPF1
GO:0070776,BRPF3
GO:0070776,ING5
GO:0070776,KAT6A
GO:0070776,KAT6B
GO:0070776,MEAF6
GO:0070822,ARID4A
GO:0070822,ARID4B
GO:0070822,BRMS1
GO:0070822,BRMS1L
GO:0070822,HDAC1
GO:0070822,HDAC2
GO:0070822,ING1
GO:0070822,ING2
GO:0070822,OGT
GO:0070822,RBBP4
GO:0070822,RBBP7
GO:0070822,SAP130
GO:0070822,SAP30
GO:0070822,SAP30L
GO:0070822,SIN3A
GO:0070822,SIN3B
GO:0070822,SINHCAF
GO:0070822,SUDS3
GO:0070822,TET1
GO:0070831,COL8A1
GO:0070831,COL8A2
GO:0070840,AKTIP
GO:0070840,FHIP1A
GO:0070840,FHIP1B
GO:0070840,FHIP2A
GO:0070840,HOOK1
GO:0070840,HOOK2
GO:0070840,HOOK3
GO:0070847,MED1
GO:0070847,MED10
GO:0070847,MED11
GO:0070847,MED14
GO:0070847,MED15
GO:0070847,MED16
GO:0070847,MED17
GO:0070847,MED18
GO:0070847,MED19
GO:0070847,MED20
GO:0070847,MED21
GO:0070847,MED22
GO:0070847,MED23
GO:0070847,MED24
GO:0070847,MED25
GO:0070847,MED26
GO:0070847,MED27
GO:0070847,MED28
GO:0070847,MED29
GO:0070847,MED30
GO:0070847,MED31
GO:0070847,MED4
GO:0070847,MED6
GO:0070847,MED7
GO:0070847,MED8
GO:0070847,MED9
GO:0070863,SAR1A
GO:0070863,SAR1B
GO:0070863,SEC13
GO:0070863,SEC24A
GO:0070863,SEC24B
GO:0070863,SEC24C
GO:0070863,SEC24D
GO:0070863,SEC31A
GO:0070863,SEC31B
GO:0070876,INIP
GO:0070876,INTS3
GO:0070876,NABP1
GO:0070876,NABP2
GO:0070877,DGCR8
GO:0070877,DROSHA
GO:0070883,AGO1
GO:0070883,AGO2
GO:0070883,AGO3
GO:0070883,AGO4
GO:0070883,TNRC6A
GO:0070883,TNRC6B
GO:0070886,AKAP5
GO:0070886,CALM1
GO:0070886,CALM2
GO:0070886,CALM3
GO:0070886,PPP3CA
GO:0070886,PPP3CB
GO:0070886,PPP3CC
GO:0070886,PPP3R1
GO:0070886,PPP3R2
GO:0070888,BMAL1
GO:0070888,BMAL2
GO:0070888,CLOCK
GO:0070888,MAX
GO:0070888,MYC
GO:0070888,MYCL
GO:0070888,MYCN
GO:0070901,HSD17B10
GO:0070901,TRMT10C
GO:0070914,DDB1
GO:0070914,DDB2
GO:0070922,DICER1
GO:0070922,PRKRA
GO:0070922,TARBP2
GO:0070934,CSDE1
GO:0070934,DHX9
GO:0070934,HNRNPD
GO:0070934,HNRNPU
GO:0070934,IGF2BP1
GO:0070934,PABPC1
GO:0070934,PAIP1
GO:0070934,SYNCRIP
GO:0070934,YBX1
GO:0070937,DHX9
GO:0070937,HNRNPU
GO:0070937,IGF2BP1
GO:0070937,SYNCRIP
GO:0070937,YBX1
GO:0070939,NBAS
GO:0070939,RINT1
GO:0070939,ZW10
GO:0071045,CPSF2
GO:0071045,CPSF3
GO:0071045,CSTF2
GO:0071045,LSM10
GO:0071045,LSM11
GO:0071045,SNRPB
GO:0071045,SNRPD3
GO:0071045,SNRPE
GO:0071045,SNRPF
GO:0071045,SNRPG
GO:0071045,SYMPK
GO:0071139,BLM
GO:0071139,RMI1
GO:0071139,RMI2
GO:0071139,TOP3A
GO:0071142,SMAD1
GO:0071142,SMAD2
GO:0071142,SMAD3
GO:0071144,SMAD1
GO:0071144,SMAD2
GO:0071144,SMAD3
GO:0071144,SMAD4
GO:0071159,REL
GO:0071159,RELA
GO:0071159,RELB
GO:0071162,CDC45
GO:0071193,KCND2
GO:0071193,KCNIP2
GO:0071196,KCND3
GO:0071196,KCNIP1
GO:0071203,LOC124906931
GO:0071203,LOC124908094
GO:0071203,LOC124908102
GO:0071203,WASHC1
GO:0071203,WASHC2
GO:0071203,WASHC2A
GO:0071203,WASHC2C
GO:0071203,WASHC3
GO:0071203,WASHC4
GO:0071203,WASHC5
GO:0071207,MIF4GD
GO:0071207,SLBP
GO:0071222,IL18
GO:0071222,IL18R1
GO:0071222,IL18RAP
GO:0071230,LAMTOR1
GO:0071230,LAMTOR2
GO:0071230,LAMTOR3
GO:0071230,LAMTOR4
GO:0071230,LAMTOR5
GO:0071256,SSR1
GO:0071256,SSR2
GO:0071256,SSR3
GO:0071256,SSR4
GO:0071313,RYR2
GO:0071320,HCN1
GO:0071320,HCN2
GO:0071320,HCN3
GO:0071320,HCN4
GO:0071339,ASH2L
GO:0071339,DPY30
GO:0071339,HCFC1
GO:0071339,HCFC2
GO:0071339,KMT2A
GO:0071339,MEN1
GO:0071339,RBBP5
GO:0071339,WDR5
GO:0071353,IL20RA
GO:0071353,IL20RB
GO:0071353,IL22RA1
GO:0071353,IL24
GO:0071357,ADRM1
GO:0071357,PSMA1
GO:0071357,PSMA2
GO:0071357,PSMA3
GO:0071357,PSMA4
GO:0071357,PSMA5
GO:0071357,PSMA6
GO:0071357,PSMA7
GO:0071357,PSMB1
GO:0071357,PSMB2
GO:0071357,PSMB3
GO:0071357,PSMB4
GO:0071357,PSMB5
GO:0071357,PSMB6
GO:0071357,PSMB7
GO:0071357,PSMC1
GO:0071357,PSMC2
GO:0071357,PSMC3
GO:0071357,PSMC4
GO:0071357,PSMC5
GO:0071357,PSMC6
GO:0071357,PSMD1
GO:0071357,PSMD11
GO:0071357,PSMD12
GO:0071357,PSMD13
GO:0071357,PSMD14
GO:0071357,PSMD2
GO:0071357,PSMD3
GO:0071357,PSMD4
GO:0071357,PSMD6
GO:0071357,PSMD7
GO:0071357,PSMD8
GO:0071357,PSME1
GO:0071357,PSME2
GO:0071357,SEM1
GO:0071456,ARNT
GO:0071456,EPAS1
GO:0071456,HIF1A
GO:0071456,MLST8
GO:0071456,MTOR
GO:0071456,RPTOR
GO:0071468,SCNN1A
GO:0071468,SCNN1B
GO:0071468,SCNN1D
GO:0071468,SCNN1G
GO:0071470,MLST8
GO:0071470,MTOR
GO:0071470,RPTOR
GO:0071479,BABAM2
GO:0071479,BARD1
GO:0071479,BRCA1
GO:0071479,BRCA2
GO:0071479,BRCC3
GO:0071479,RAD51
GO:0071564,ACTB
GO:0071564,ACTL6A
GO:0071564,ARID1A
GO:0071564,ARID1B
GO:0071564,PHF10
GO:0071564,SMARCA2
GO:0071564,SMARCA4
GO:0071564,SMARCB1
GO:0071564,SMARCC1
GO:0071564,SMARCC2
GO:0071564,SMARCD1
GO:0071564,SMARCD3
GO:0071564,SMARCE1
GO:0071565,ACTB
GO:0071565,ACTL6B
GO:0071565,ARID1A
GO:0071565,ARID1B
GO:0071565,DPF1
GO:0071565,DPF3
GO:0071565,SMARCA2
GO:0071565,SMARCA4
GO:0071565,SMARCB1
GO:0071565,SMARCC1
GO:0071565,SMARCC2
GO:0071565,SMARCD1
GO:0071565,SMARCD3
GO:0071565,SMARCE1
GO:0071569,CDK5RAP3
GO:0071569,DDRGK1
GO:0071569,UFL1
GO:0071635,IL37
GO:0071635,SMAD3
GO:0071667,RNASEH2A
GO:0071667,RNASEH2B
GO:0071667,RNASEH2C
GO:0071797,RBCK1
GO:0071797,RNF31
GO:0071797,SHARPIN
GO:0071805,ATP4A
GO:0071805,ATP4B
GO:0071805,CALM1
GO:0071805,CALM2
GO:0071805,CALM3
GO:0071805,KCNJ3
GO:0071805,KCNJ5
GO:0071805,KCNQ1
GO:0071816,EMC1
GO:0071816,EMC10
GO:0071816,EMC2
GO:0071816,EMC3
GO:0071816,EMC4
GO:0071816,EMC6
GO:0071816,EMC7
GO:0071816,EMC8
GO:0071816,EMC9
GO:0071816,MMGT1
GO:0071818,BAG6
GO:0071818,GET4
GO:0071818,GM44504
GO:0071818,UBL4A
GO:0071821,CENPS
GO:0071821,CENPS-CORT
GO:0071821,CENPX
GO:0071821,FAAP24
GO:0071821,FANCM
GO:0071942,CETN2
GO:0071942,RAD23A
GO:0071942,RAD23B
GO:0071942,XPC
GO:0071943,MAX
GO:0071943,MYC
GO:0071943,MYCL
GO:0071943,MYCN
GO:0071971,PDCD6IP
GO:0071971,SDC1
GO:0071971,SDCBP
GO:0071985,CHMP1A
GO:0071985,CHMP1B
GO:0071985,CHMP1B2
GO:0071985,CHMP2A
GO:0071985,CHMP2B
GO:0071985,CHMP3
GO:0071985,CHMP4A
GO:0071985,CHMP4B
GO:0071985,CHMP4C
GO:0071985,CHMP5
GO:0071985,CHMP6
GO:0071985,CHMP7
GO:0071985,RNF103-CHMP3
GO:0071985,VPS4A
GO:0071985,VPS4B
GO:0071986,LAMTOR1
GO:0071986,LAMTOR2
GO:0071986,LAMTOR3
GO:0071986,LAMTOR4
GO:0071986,LAMTOR5
GO:0072344,LTN1
GO:0072344,NEMF
GO:0072344,TCF25
GO:0072377,THBD
GO:0072378,F13A1
GO:0072378,F13B
GO:0072378,FGA
GO:0072378,FGB
GO:0072378,FGG
GO:0072383,KIF3A
GO:0072383,KIF3B
GO:0072383,KIF3C
GO:0072383,KIFAP3
GO:0072384,BLOC1S1
GO:0072384,BLOC1S2
GO:0072384,BORCS5
GO:0072384,BORCS6
GO:0072384,BORCS7
GO:0072384,BORCS8
GO:0072384,KXD1
GO:0072384,SNAPIN
GO:0072487,KAT8
GO:0072487,MSL1
GO:0072487,MSL2
GO:0072487,MSL3
GO:0072534,TNR
GO:0072536,JAK2
GO:0072536,TYK2
GO:0072538,IL17A
GO:0072538,IL17B
GO:0072538,IL17C
GO:0072538,IL17F
GO:0072538,IL17RA
GO:0072538,IL17RB
GO:0072538,IL17RC
GO:0072538,IL17RE
GO:0072538,IL25
GO:0072538,TRAF3IP2
GO:0072539,PSMA1
GO:0072539,PSMA2
GO:0072539,PSMA3
GO:0072539,PSMA4
GO:0072539,PSMA5
GO:0072539,PSMA6
GO:0072539,PSMA7
GO:0072539,PSMB1
GO:0072539,PSMB10
GO:0072539,PSMB2
GO:0072539,PSMB3
GO:0072539,PSMB4
GO:0072539,PSMB8
GO:0072539,PSMB9
GO:0072546,EMC1
GO:0072546,EMC10
GO:0072546,EMC2
GO:0072546,EMC3
GO:0072546,EMC4
GO:0072546,EMC6
GO:0072546,EMC7
GO:0072546,EMC8
GO:0072546,EMC9
GO:0072546,MMGT1
GO:0072558,CASP1
GO:0072558,NLRP1
GO:0072558,NLRP1A
GO:0072558,NLRP1B
GO:0072558,PYCARD
GO:0072559,CASP1
GO:0072559,NLRP3
GO:0072559,PYCARD
GO:0072572,APLF
GO:0072572,APTX
GO:0072572,LIG3
GO:0072572,PNKP
GO:0072572,POLB
GO:0072572,TDP1
GO:0072572,XRCC1
GO:0072583,AP2A1
GO:0072583,AP2A2
GO:0072583,AP2B1
GO:0072583,AP2M1
GO:0072583,AP2S1
GO:0072669,C2ORF49
GO:0072669,DDX1
GO:0072669,FAM98A
GO:0072669,FAM98B
GO:0072669,RTCB
GO:0072669,RTRAF
GO:0072669,ZBTB8OS
GO:0072686,DR1
GO:0072686,KAT14
GO:0072686,KAT2A
GO:0072686,KAT2B
GO:0072686,MBIP
GO:0072686,SGF29
GO:0072686,TADA2A
GO:0072686,TADA3
GO:0072686,WDR5
GO:0072686,YEATS2
GO:0072686,ZZZ3
GO:0080129,PSMG1
GO:0080129,PSMG2
GO:0080129,PSMG3
GO:0080129,PSMG4
GO:0080135,CUL4A
GO:0080135,CUL4B
GO:0080135,DCAF11
GO:0080135,DDB1
GO:0080135,RBX1
GO:0080164,CHRNA9
GO:0086002,KCNE1
GO:0086002,KCNE2
GO:0086002,KCNH2
GO:0086002,KCNJ2
GO:0086003,KCNE1
GO:0086003,KCNQ1
GO:0086004,PLN
GO:0086008,KCNE1
GO:0086008,KCNQ1
GO:0086009,KCND2
GO:0086009,KCND3
GO:0086009,KCNIP1
GO:0086009,KCNIP2
GO:0086010,SCN10A
GO:0086010,SCN11A
GO:0086010,SCN1A
GO:0086010,SCN1B
GO:0086010,SCN2A
GO:0086010,SCN2B
GO:0086010,SCN3A
GO:0086010,SCN3B
GO:0086010,SCN4A
GO:0086010,SCN4B
GO:0086010,SCN5A
GO:0086010,SCN8A
GO:0086010,SCN9A
GO:0086013,KCNE1
GO:0086013,KCNQ1
GO:0086029,RYR2
GO:0086091,HCN1
GO:0086091,HCN2
GO:0086091,HCN3
GO:0086091,HCN4
GO:0086091,KCNE1
GO:0086091,KCNE2
GO:0086091,KCNH2
GO:0086091,KCNJ2
GO:0089701,LOC102724594
GO:0089701,SF1
GO:0089701,U2AF1
GO:0089701,U2AF2
GO:0089718,ACE2
GO:0089718,CLTRN
GO:0089718,SLC3A2
GO:0089718,SLC6A19
GO:0089718,SLC7A10
GO:0089718,SLC7A11
GO:0089718,SLC7A5
GO:0089718,SLC7A6
GO:0089718,SLC7A7
GO:0089718,SLC7A8
GO:0090043,DR1
GO:0090043,KAT14
GO:0090043,KAT2A
GO:0090043,KAT2B
GO:0090043,MBIP
GO:0090043,SGF29
GO:0090043,TADA2A
GO:0090043,TADA3
GO:0090043,WDR5
GO:0090043,YEATS2
GO:0090043,ZZZ3
GO:0090069,AFG2A
GO:0090069,AFG2B
GO:0090069,AIRIM
GO:0090069,CINP
GO:0090090,CTNNB1
GO:0090090,CTNNBIP1
GO:0090125,NLGN1
GO:0090125,NRXN1
GO:0090148,CHMP1A
GO:0090148,CHMP1B
GO:0090148,CHMP1B2
GO:0090148,CHMP2A
GO:0090148,CHMP2B
GO:0090148,CHMP3
GO:0090148,CHMP4A
GO:0090148,CHMP4B
GO:0090148,CHMP4C
GO:0090148,CHMP5
GO:0090148,CHMP6
GO:0090148,CHMP7
GO:0090148,EXOC1
GO:0090148,EXOC2
GO:0090148,EXOC3
GO:0090148,EXOC4
GO:0090148,EXOC5
GO:0090148,EXOC6
GO:0090148,EXOC6B
GO:0090148,EXOC7
GO:0090148,EXOC8
GO:0090148,HGS
GO:0090148,MVB12A
GO:0090148,RNF103-CHMP3
GO:0090148,SNF8
GO:0090148,STAM
GO:0090148,STAM2
GO:0090148,TSG101
GO:0090148,UBAP1
GO:0090148,VPS25
GO:0090148,VPS28
GO:0090148,VPS36
GO:0090148,VPS37A
GO:0090148,VPS37B
GO:0090148,VPS37C
GO:0090148,VPS37D
GO:0090148,VPS4A
GO:0090148,VPS4B
GO:0090200,BAK1
GO:0090201,BAK1
GO:0090263,USP46
GO:0090263,WDR20
GO:0090263,WDR48
GO:0090267,AURKB
GO:0090267,BIRC5
GO:0090267,CDCA8
GO:0090267,INCENP
GO:0090267,MAD1L1
GO:0090267,MAD2L1
GO:0090307,AURKB
GO:0090307,CDCA8
GO:0090307,INCENP
GO:0090330,FGA
GO:0090330,FGB
GO:0090330,FGG
GO:0090385,VIPAS39
GO:0090385,VPS33B
GO:0090443,MOB4
GO:0090443,PPP2CA
GO:0090443,PPP2R1A
GO:0090443,STRIP1
GO:0090443,STRIP2
GO:0090443,STRN
GO:0090443,STRN3
GO:0090443,STRN4
GO:0090498,COG1
GO:0090498,COG2
GO:0090498,COG3
GO:0090498,COG4
GO:0090498,COG5
GO:0090498,COG6
GO:0090498,COG7
GO:0090498,COG8
GO:0090522,EXOC1
GO:0090522,EXOC2
GO:0090522,EXOC3
GO:0090522,EXOC4
GO:0090522,EXOC5
GO:0090522,EXOC6
GO:0090522,EXOC6B
GO:0090522,EXOC7
GO:0090522,EXOC8
GO:0090535,BAZ1B
GO:0090535,SMARCA5
GO:0090536,BAZ2A
GO:0090536,SMARCA5
GO:0090537,CECR2
GO:0090537,SMARCA1
GO:0090537,SMARCA5
GO:0090555,ATP11A
GO:0090555,ATP11C
GO:0090555,TMEM30A
GO:0090560histidine synthase activity),DPH1
GO:0090560histidine synthase activity),DPH2
GO:0090571,BIN1
GO:0090571,E2F6
GO:0090571,FOXO3
GO:0090571,MAX
GO:0090571,MGA
GO:0090571,MLX
GO:0090571,MNT
GO:0090571,MXD1
GO:0090571,MXD4
GO:0090571,MYC
GO:0090571,TFDP1
GO:0090575,ANXA2
GO:0090575,ARNT
GO:0090575,ATF1
GO:0090575,ATF2
GO:0090575,ATF3
GO:0090575,ATF4
GO:0090575,ATF5
GO:0090575,ATF6
GO:0090575,ATF6B
GO:0090575,ATF7
GO:0090575,BACH1
GO:0090575,BACH2
GO:0090575,BATF
GO:0090575,BATF2
GO:0090575,BATF3
GO:0090575,CEBPA
GO:0090575,CEBPB
GO:0090575,CEBPD
GO:0090575,CEBPE
GO:0090575,CEBPG
GO:0090575,CREB1
GO:0090575,CREB3
GO:0090575,CREBZF
GO:0090575,CTNNB1
GO:0090575,DBP
GO:0090575,DDIT3
GO:0090575,E2F1
GO:0090575,E2F2
GO:0090575,E2F3
GO:0090575,E2F4
GO:0090575,EPAS1
GO:0090575,FOS
GO:0090575,FOSL1
GO:0090575,FOSL2
GO:0090575,FOXM1
GO:0090575,GTF2B
GO:0090575,HIF1A
GO:0090575,HLF
GO:0090575,HLTF
GO:0090575,JDP2
GO:0090575,JUN
GO:0090575,JUNB
GO:0090575,JUND
GO:0090575,LEF1
GO:0090575,LIN37
GO:0090575,LIN52
GO:0090575,LIN54
GO:0090575,LIN9
GO:0090575,MAF
GO:0090575,MAFB
GO:0090575,MAFF
GO:0090575,MAFG
GO:0090575,MAFK
GO:0090575,MLX
GO:0090575,MLXIP
GO:0090575,MLXIPL
GO:0090575,MYB
GO:0090575,MYBL2
GO:0090575,NCOA1
GO:0090575,NCOA2
GO:0090575,NFE2
GO:0090575,NFE2L2
GO:0090575,NFE2L3
GO:0090575,NFIL3
GO:0090575,NONO
GO:0090575,NR1H2
GO:0090575,NR1H3
GO:0090575,PPARG
GO:0090575,PSPC1
GO:0090575,RARA
GO:0090575,RB1
GO:0090575,RBBP4
GO:0090575,RFX5
GO:0090575,RFXANK
GO:0090575,RFXAP
GO:0090575,RXRA
GO:0090575,RXRB
GO:0090575,S100A10
GO:0090575,SFPQ
GO:0090575,STAT1
GO:0090575,STAT2
GO:0090575,STAT3
GO:0090575,STAT4
GO:0090575,STAT5A
GO:0090575,STAT5B
GO:0090575,STAT6
GO:0090575,TBP
GO:0090575,TFDP1
GO:0090575,THRB
GO:0090575,VDR
GO:0090575,XBP1
GO:0090655,ACD
GO:0090655,POT1
GO:0090655,POT1A
GO:0090655,TERF1
GO:0090655,TERF2
GO:0090655,TERF2IP
GO:0090655,TINF2
GO:0090694,MAU2
GO:0090694,NIPBL
GO:0090733,TNC
GO:0090733,TNN
GO:0090733,TNR
GO:0090733,TNXB
GO:0090734,APLF
GO:0090734,APTX
GO:0090734,LIG3
GO:0090734,PNKP
GO:0090734,POLB
GO:0090734,TDP1
GO:0090734,XRCC1
GO:0095500,CHRND
GO:0097009,RRP8
GO:0097009,SIRT1
GO:0097009,SUV39H1
GO:0097028,IL20
GO:0097028,IL20RA
GO:0097028,IL20RB
GO:0097121,CCNA1
GO:0097121,CDK1
GO:0097122,CCNA2
GO:0097122,CDK1
GO:0097123,CCNA1
GO:0097123,CDK2
GO:0097124,CCNA2
GO:0097124,CDK2
GO:0097125,CCNB1
GO:0097125,CDK1
GO:0097126,CCNB2
GO:0097126,CDK1
GO:0097127,CCNB3
GO:0097127,CDK2
GO:0097128,CCND1
GO:0097128,CDK4
GO:0097129,CCND2
GO:0097129,CDK4
GO:0097130,CCND3
GO:0097130,CDK4
GO:0097131,CCND1
GO:0097131,CDK6
GO:0097133,CCND3
GO:0097133,CDK6
GO:0097134,CCNE1
GO:0097134,CDK2
GO:0097135,CCNE2
GO:0097135,CDK2
GO:0097136,BAK1
GO:0097136,BCL2L11
GO:0097136,BCL2L2
GO:0097136,BIK
GO:0097136,MCL1
GO:0097136,PMAIP1
GO:0097137,BAD
GO:0097138,BAD
GO:0097138,BCL2
GO:0097139,BCL2
GO:0097139,BID
GO:0097140,BCL2L11
GO:0097141,BCL2
GO:0097141,BCL2L11
GO:0097142,BBC3
GO:0097142,BCL2
GO:0097143,BBC3
GO:0097144,BAX
GO:0097145,BAK1
GO:0097148,BCL2
GO:0097169,AIM2
GO:0097169,CASP1
GO:0097169,PYCARD
GO:0097180,PLAT
GO:0097180,PLAU
GO:0097180,SERPINE1
GO:0097193,APAF1
GO:0097193,CASP9
GO:0097193,CYCS
GO:0097196,PDS5B
GO:0097196,SPIDR
GO:0097196,SWSAP1
GO:0097196,ZSWIM7
GO:0097212,OSBPL10
GO:0097212,OSBPL11
GO:0097212,OSBPL9
GO:0097228,CATSPER1
GO:0097228,CATSPER2
GO:0097228,CATSPER3
GO:0097228,CATSPER4
GO:0097228,CATSPERB
GO:0097228,CATSPERD
GO:0097228,CATSPERE
GO:0097228,CATSPERE1
GO:0097228,CATSPERG
GO:0097228,CATSPERG2
GO:0097228,CATSPERZ
GO:0097228,EFCAB9
GO:0097228,SLCO6C1
GO:0097228,TMEM249
GO:0097228,TMEM262
GO:0097255,PIH1D1
GO:0097255,RPAP3
GO:0097255,RUVBL1
GO:0097255,RUVBL2
GO:0097342,CASP8
GO:0097342,FADD
GO:0097342,RIPK1
GO:0097352,ATG14
GO:0097352,BECN1
GO:0097352,CHMP1A
GO:0097352,CHMP1B
GO:0097352,CHMP1B2
GO:0097352,CHMP2A
GO:0097352,CHMP2B
GO:0097352,CHMP3
GO:0097352,CHMP4A
GO:0097352,CHMP4B
GO:0097352,CHMP4C
GO:0097352,CHMP5
GO:0097352,CHMP6
GO:0097352,CHMP7
GO:0097352,PIK3C3
GO:0097352,PIK3R4
GO:0097352,RNF103-CHMP3
GO:0097352,VPS4A
GO:0097352,VPS4B
GO:0097361,CIAO1
GO:0097361,CIAO2A
GO:0097361,CIAO2B
GO:0097361,CIAO3
GO:0097361,MMS19
GO:0097362,MCM8
GO:0097362,MCM9
GO:0097400,IL17A
GO:0097400,IL17B
GO:0097400,IL17F
GO:0097400,IL17RA
GO:0097400,IL17RB
GO:0097400,IL17RC
GO:0097400,IL25
GO:0097400,TRAF3IP2
GO:0097435,RAD51B
GO:0097435,RAD51C
GO:0097435,RAD51D
GO:0097435,XRCC2
GO:0097452,EPRS1
GO:0097452,GAPDH
GO:0097452,RPL13A
GO:0097452,SYNCRIP
GO:0097472,CCNA1
GO:0097472,CCNA2
GO:0097472,CCNB1
GO:0097472,CDK1
GO:0097587,MLH1
GO:0097587,MLH3
GO:0097623,KCND3
GO:0097623,KCNE1
GO:0097623,KCNIP1
GO:0097623,KCNQ1
GO:0097643,CALCR
GO:0097643,RAMP1
GO:0097643,RAMP2
GO:0097643,RAMP3
GO:0097645,CALCR
GO:0097645,RAMP1
GO:0097645,RAMP2
GO:0097645,RAMP3
GO:0097648,ACKR1
GO:0097648,CXCL8
GO:0097648,CXCR1
GO:0097648,CXCR2
GO:0097729,CFAP206
GO:0097729,CYB5D1
GO:0097729,DNAJB13
GO:0097729,DYDC1
GO:0097729,DYNLL2
GO:0097729,IQUB
GO:0097729,NME5
GO:0097729,ROPN1L
GO:0097729,RSPH1
GO:0097729,RSPH14
GO:0097729,RSPH3
GO:0097729,RSPH3A
GO:0097729,RSPH3B
GO:0097729,RSPH4A
GO:0097729,RSPH6A
GO:0097729,RSPH9
GO:0097745,HSD17B10
GO:0097745,PRORP
GO:0097745,TRMT10C
GO:0097750,SNX1
GO:0097750,SNX2
GO:0097750,SNX32
GO:0097750,SNX5
GO:0097750,SNX6
GO:0098548,CFP
GO:0098574,BLOC1S1
GO:0098574,BLOC1S2
GO:0098574,BORCS5
GO:0098574,BORCS6
GO:0098574,BORCS7
GO:0098574,BORCS8
GO:0098574,KXD1
GO:0098574,SNAPIN
GO:0098586,IFNA1
GO:0098586,IFNA10
GO:0098586,IFNA14
GO:0098586,IFNA16
GO:0098586,IFNA17
GO:0098586,IFNA2
GO:0098586,IFNA21
GO:0098586,IFNA4
GO:0098586,IFNA5
GO:0098586,IFNA6
GO:0098586,IFNA7
GO:0098586,IFNA8
GO:0098586,IFNAR1
GO:0098586,IFNAR2
GO:0098586,IFNB1
GO:0098586,IFNE
GO:0098586,IFNG
GO:0098586,IFNGR1
GO:0098586,IFNGR2
GO:0098586,IFNK
GO:0098586,IFNL1
GO:0098586,IFNL2
GO:0098586,IFNL3
GO:0098586,IFNL4
GO:0098586,IFNLR1
GO:0098586,IFNW1
GO:0098586,IL10RB
GO:0098609,LGALS1
GO:0098609,LGALS2
GO:0098635,NLGN1
GO:0098635,NRXN1
GO:0098637,NID1
GO:0098637,PLAU
GO:0098637,PLAUR
GO:0098637,VTN
GO:0098639,TNXB
GO:0098640,EMILIN1
GO:0098640,EMILIN2
GO:0098640,MMRN1
GO:0098640,TNC
GO:0098640,TNXB
GO:0098654,MIS18A
GO:0098654,MIS18BP1
GO:0098654,OIP5
GO:0098655,GRIN1
GO:0098655,GRIN2A
GO:0098655,GRIN2B
GO:0098655,GRIN2C
GO:0098655,GRIN2D
GO:0098662,HTR3A
GO:0098662,HTR3B
GO:0098662,HTR3C
GO:0098662,HTR3D
GO:0098662,HTR3E
GO:0098685,GRIA1
GO:0098685,GRIA2
GO:0098687,MRE11
GO:0098687,MRE11A
GO:0098687,NBN
GO:0098687,RAD50
GO:0098690,GLRA1
GO:0098690,GLRA2
GO:0098690,GLRA3
GO:0098690,GLRB
GO:0098708,PDZK1IP1
GO:0098708,SLC5A2
GO:0098719,HCN1
GO:0098719,HCN2
GO:0098719,HCN3
GO:0098719,HCN4
GO:0098719,SCNN1A
GO:0098719,SCNN1B
GO:0098719,SCNN1D
GO:0098719,SCNN1G
GO:0098797,AHNAK
GO:0098797,ANXA2
GO:0098797,BTLA
GO:0098797,S100A10
GO:0098797,TNFRSF14
GO:0098800,MPC1
GO:0098800,MPC1L
GO:0098800,MPC2
GO:0098840,AKTIP
GO:0098840,FHIP1A
GO:0098840,FHIP1B
GO:0098840,FHIP2A
GO:0098840,HOOK1
GO:0098840,HOOK2
GO:0098840,HOOK3
GO:0098855,HCN1
GO:0098855,HCN2
GO:0098855,HCN3
GO:0098855,HCN4
GO:0098884,AP2A1
GO:0098884,AP2A2
GO:0098884,AP2B1
GO:0098884,AP2M1
GO:0098884,AP2S1
GO:0098901,KCNE1
GO:0098901,KCNE2
GO:0098901,KCNH2
GO:0098901,KCNJ2
GO:0098903,KCNE1
GO:0098903,KCNE2
GO:0098903,KCNH2
GO:0098907,HCN1
GO:0098907,HCN2
GO:0098907,HCN3
GO:0098907,HCN4
GO:0098908,KCNE1
GO:0098908,KCNE2
GO:0098908,KCNH2
GO:0098908,KCNJ2
GO:0098908,NALCN
GO:0098908,NALF1
GO:0098908,UNC79
GO:0098908,UNC80
GO:0098978,GRIK1
GO:0098978,GRIK2
GO:0098978,GRIK3
GO:0098978,GRIK4
GO:0098978,GRIK5
GO:0098978,NLGN1
GO:0098978,NRXN1
GO:0098982,NLGN1
GO:0098982,NRXN1
GO:0098984,NLGN1
GO:0098984,NRXN1
GO:0099022,TRAPPC1
GO:0099022,TRAPPC10
GO:0099022,TRAPPC11
GO:0099022,TRAPPC12
GO:0099022,TRAPPC13
GO:0099022,TRAPPC2
GO:0099022,TRAPPC2B
GO:0099022,TRAPPC2L
GO:0099022,TRAPPC3
GO:0099022,TRAPPC4
GO:0099022,TRAPPC5
GO:0099022,TRAPPC6A
GO:0099022,TRAPPC6B
GO:0099022,TRAPPC8
GO:0099022,TRAPPC9
GO:0099023,VIPAS39
GO:0099023,VPS33B
GO:0099077,RSF1
GO:0099077,SMARCA5
GO:0099078,BLOC1S1
GO:0099078,BLOC1S2
GO:0099078,BORCS5
GO:0099078,BORCS6
GO:0099078,BORCS7
GO:0099078,BORCS8
GO:0099078,KXD1
GO:0099078,SNAPIN
GO:0099507,GRIK1
GO:0099507,GRIK2
GO:0099536,DTNB
GO:0099536,SGCE
GO:0099536,SGCZ
GO:0099536,SNTA1
GO:0099536,SNTG1
GO:0099558,NLGN1
GO:0099558,NRXN1
GO:0101005,ADRM1
GO:0101005,PSMA1
GO:0101005,PSMA2
GO:0101005,PSMA3
GO:0101005,PSMA4
GO:0101005,PSMA5
GO:0101005,PSMA6
GO:0101005,PSMA7
GO:0101005,PSMB1
GO:0101005,PSMB2
GO:0101005,PSMB3
GO:0101005,PSMB4
GO:0101005,PSMB5
GO:0101005,PSMB6
GO:0101005,PSMB7
GO:0101005,PSMC1
GO:0101005,PSMC2
GO:0101005,PSMC3
GO:0101005,PSMC4
GO:0101005,PSMC5
GO:0101005,PSMC6
GO:0101005,PSMD1
GO:0101005,PSMD11
GO:0101005,PSMD12
GO:0101005,PSMD13
GO:0101005,PSMD14
GO:0101005,PSMD2
GO:0101005,PSMD3
GO:0101005,PSMD4
GO:0101005,PSMD6
GO:0101005,PSMD7
GO:0101005,PSMD8
GO:0101005,PSME1
GO:0101005,PSME2
GO:0101005,PSME3
GO:0101005,SEM1
GO:0101019),EXOSC1
GO:0101019),EXOSC10
GO:0101019),EXOSC2
GO:0101019),EXOSC3
GO:0101019),EXOSC4
GO:0101019),EXOSC5
GO:0101019),EXOSC6
GO:0101019),EXOSC7
GO:0101019),EXOSC8
GO:0101019),EXOSC9
GO:0101030,QTRT1
GO:0101030,QTRT2
GO:0101031,CCDC47
GO:0101031,DNAAF2
GO:0101031,DNAJC2
GO:0101031,HSPA14
GO:0101031,PDRG1
GO:0101031,PFDN1
GO:0101031,PFDN2
GO:0101031,PFDN5
GO:0101031,PFDN6
GO:0101031,PIH1D2
GO:0101031,PSMG1
GO:0101031,PSMG2
GO:0101031,PSMG3
GO:0101031,PSMG4
GO:0101031,RUVBL1
GO:0101031,RUVBL2
GO:0101031,SPAG1
GO:0101031,URI1
GO:0101031,UXT
GO:0101031,VBP1
GO:0101031,WDR83OS
GO:0103016,ALKBH8
GO:0103016,TRMT112
GO:0106002,CSDE1
GO:0106002,HNRNPD
GO:0106002,PABPC1
GO:0106002,PAIP1
GO:0106002,SYNCRIP
GO:0106034,IBA57
GO:0106034,ISCA2
GO:0106035,ISCA1
GO:0106035,ISCA2
GO:0106068,RANBP2
GO:0106068,RANGAP1
GO:0106068,UBE2I
GO:0106143 methyltransferase complex),METTL1
GO:0106143 methyltransferase complex),WDR4
GO:0106294,DUOX1
GO:0106294,DUOX2
GO:0106294,DUOXA1
GO:0106294,DUOXA2
GO:0106333,KHDC3L
GO:0106333,NLRP2
GO:0106333,NLRP5
GO:0106333,NLRP7
GO:0106333,OOEP
GO:0106333,PADI6
GO:0106335-5-O)-methyltransferase activity),ALKBH8
GO:0106335-5-O)-methyltransferase activity),TRMT112
GO:0110010,AP1B1
GO:0110010,AP1G1
GO:0110010,AP1M2
GO:0110010,AP1S1
GO:0110011,NID1
GO:0110016,BAZ1B
GO:0110016,DDX21
GO:0110016,DEK
GO:0110016,ERCC6
GO:0110016,MYBBP1A
GO:0110016,SF3B1
GO:0110016,SMARCA5
GO:0110025,RBBP8
GO:0110078,TELO2
GO:0110078,TTI1
GO:0110078,TTI2
GO:0110142,COQ3
GO:0110142,COQ4
GO:0110142,COQ5
GO:0110142,COQ6
GO:0110142,COQ7
GO:0110142,COQ9
GO:0110157,RELN
GO:0110158,CAPN1
GO:0110158,CAPN2
GO:0110158,CAPNS1
GO:0120053,FKRP
GO:0120053,FKTN
GO:0120053,RXYLT1
GO:0120098,CEP152
GO:0120098,CEP192
GO:0120098,PLK4
GO:0120099,CENPJ
GO:0120099,CEP152
GO:0120099,CEP192
GO:0120099,PLK4
GO:0120099,SASS6
GO:0120099,STIL
GO:0120124,SNAP29
GO:0120124,STX17
GO:0120124,YKT6
GO:0120157,PARD3
GO:0120157,PARD6A
GO:0120157,PARD6B
GO:0120157,PARD6G
GO:0120157,PRKCI
GO:0120157,PRKCZ
GO:0120216,MATN1
GO:0120216,MATN2
GO:0120216,MATN3
GO:0120216,MATN4
GO:0120330,LAS1L
GO:0120330,MDN1
GO:0120330,NOL9
GO:0120330,PELP1
GO:0120330,SENP3
GO:0120330,TEX10
GO:0120330,WDR18
GO:0120508,GMPPA
GO:0120508,GMPPB
GO:0140007,ITFG2
GO:0140007,KICS2
GO:0140007,KPTN
GO:0140007,SZT2
GO:0140048,SLC30A10
GO:0140052,TLR4
GO:0140052,TLR6
GO:0140092,ACTB
GO:0140092,ACTL6B
GO:0140092,ARID1A
GO:0140092,ARID1B
GO:0140092,SMARCA2
GO:0140092,SMARCA4
GO:0140092,SMARCB1
GO:0140092,SMARCC2
GO:0140092,SMARCD2
GO:0140092,SMARCE1
GO:0140141,ABCB8
GO:0140141,CCDC51
GO:0140225,TOP3B
GO:0140288,ACTB
GO:0140288,ACTL6A
GO:0140288,ACTL6B
GO:0140288,BCL7A
GO:0140288,BCL7B
GO:0140288,BCL7C
GO:0140288,BICRA
GO:0140288,BICRAL
GO:0140288,BRD9
GO:0140288,SMARCA2
GO:0140288,SMARCA4
GO:0140288,SMARCC1
GO:0140288,SMARCD1
GO:0140288,SS18
GO:0140311,INSIG1
GO:0140311,INSIG2
GO:0140312,AP1B1
GO:0140312,AP1G1
GO:0140312,AP1M1
GO:0140312,AP1M2
GO:0140312,AP1S1
GO:0140312,AP1S2
GO:0140312,AP1S3
GO:0140312,AP2A1
GO:0140312,AP2A2
GO:0140312,AP2B1
GO:0140312,AP2M1
GO:0140312,AP2S1
GO:0140312,AP3B1
GO:0140312,AP3B2
GO:0140312,AP3D1
GO:0140312,AP3M1
GO:0140312,AP3M2
GO:0140312,AP3S1
GO:0140312,AP3S2
GO:0140312,AP4B1
GO:0140312,AP4E1
GO:0140312,AP4M1
GO:0140312,AP4S1
GO:0140312,AP5B1
GO:0140312,AP5M1
GO:0140312,AP5S1
GO:0140312,AP5Z1
GO:0140312,HPS3
GO:0140312,HPS5
GO:0140312,HPS6
GO:0140318,TIMM10
GO:0140318,TIMM10B
GO:0140318,TIMM9
GO:0140319,IL1RL2
GO:0140319,IL22
GO:0140319,IL22RA2
GO:0140319,IL33
GO:0140319,TNFRSF11B
GO:0140319,TNFRSF6B
GO:0140319,TNFSF14
GO:0140327,ATP11B
GO:0140327,ATP8B1
GO:0140327,ATP8B2
GO:0140327,ATP8B3
GO:0140327,ATP8B4
GO:0140327,TMEM30A
GO:0140327,TMEM30B
GO:0140333,ATP8A1
GO:0140333,ATP8B3
GO:0140333,TMEM30A
GO:0140333,TMEM30B
GO:0140345,ATP10A
GO:0140345,ATP10B
GO:0140345,ATP8B1
GO:0140345,ATP8B2
GO:0140345,TMEM30A
GO:0140346,ATP11A
GO:0140346,ATP11C
GO:0140346,ATP8A1
GO:0140346,ATP8A2
GO:0140346,TMEM30A
GO:0140351,ATP10A
GO:0140351,ATP10B
GO:0140351,ATP10D
GO:0140351,TMEM30A
GO:0140368,IL18
GO:0140368,IL18BP
GO:0140368,IL1RL2
GO:0140368,IL22
GO:0140368,IL22RA2
GO:0140368,IL33
GO:0140368,TNFRSF6B
GO:0140368,TNFSF14
GO:0140374,TRIM27
GO:0140374,USP7
GO:0140375,IL20RA
GO:0140375,IL20RB
GO:0140444,IRAG2
GO:0140444,KASH5
GO:0140444,SUN1
GO:0140444,SUN2
GO:0140444,SYNE1
GO:0140444,SYNE2
GO:0140444,SYNE3
GO:0140444,SYNE4
GO:0140467,ATF4
GO:0140467,BATF
GO:0140467,BATF2
GO:0140467,BATF3
GO:0140467,CEBPA
GO:0140467,CEBPB
GO:0140467,CEBPD
GO:0140467,CEBPE
GO:0140467,CEBPG
GO:0140467,CREB3
GO:0140467,CREBZF
GO:0140467,DDIT3
GO:0140467,FOS
GO:0140467,FOSL1
GO:0140467,JUN
GO:0140467,JUNB
GO:0140467,MAF
GO:0140467,MAFB
GO:0140467,NFE2
GO:0140467,NFE2L2
GO:0140467,NFE2L3
GO:0140468,KCMF1
GO:0140468,UBR4
GO:0140481,ABCB10
GO:0140481,ABCB7
GO:0140481,FECH
GO:0140545,AFG2A
GO:0140545,AFG2B
GO:0140545,AIRIM
GO:0140545,CINP
GO:0140552,TEAD1
GO:0140552,YAP1
GO:0140588,EID3
GO:0140588,MAU2
GO:0140588,NIPBL
GO:0140588,NSMCE1
GO:0140588,NSMCE2
GO:0140588,NSMCE3
GO:0140588,NSMCE4A
GO:0140588,SLF1
GO:0140588,SLF2
GO:0140588,SMC5
GO:0140588,SMC6
GO:0140596,TOMM20
GO:0140596,TOMM22
GO:0140596,TOMM40
GO:0140596,TOMM5
GO:0140596,TOMM6
GO:0140596,TOMM7
GO:0140596,TOMM70
GO:0140597,BAG6
GO:0140597,GET4
GO:0140597,GM44504
GO:0140597,UBL4A
GO:0140612,CETN2
GO:0140612,CHD3
GO:0140612,CHD4
GO:0140612,GATAD2A
GO:0140612,GATAD2B
GO:0140612,HDAC1
GO:0140612,HDAC2
GO:0140612,MBD2
GO:0140612,MBD3
GO:0140612,MTA1
GO:0140612,MTA2
GO:0140612,MTA3
GO:0140612,RAD23A
GO:0140612,RAD23B
GO:0140612,RBBP4
GO:0140612,RBBP7
GO:0140612,XPC
GO:0140627,APPBP2
GO:0140627,CUL2
GO:0140627,ELOB
GO:0140627,ELOC
GO:0140627,FEM1A
GO:0140627,FEM1B
GO:0140627,FEM1C
GO:0140627,KLHDC10
GO:0140627,KLHDC2
GO:0140627,KLHDC3
GO:0140627,PRAME
GO:0140627,RBX1
GO:0140658,ACTB
GO:0140658,ACTL6A
GO:0140658,ACTL6B
GO:0140658,ACTR5
GO:0140658,ACTR6
GO:0140658,ACTR8
GO:0140658,ARID1A
GO:0140658,ARID1B
GO:0140658,ARID2
GO:0140658,BAZ1A
GO:0140658,BAZ1B
GO:0140658,BCL7A
GO:0140658,BCL7B
GO:0140658,BCL7C
GO:0140658,BICRA
GO:0140658,BICRAL
GO:0140658,BPTF
GO:0140658,BRD7
GO:0140658,BRD9
GO:0140658,CECR2
GO:0140658,CHD3
GO:0140658,CHD4
GO:0140658,CHRAC1
GO:0140658,DDX21
GO:0140658,DEK
GO:0140658,DMAP1
GO:0140658,DPF1
GO:0140658,DPF2
GO:0140658,DPF3
GO:0140658,ERCC6
GO:0140658,GATAD2A
GO:0140658,GATAD2B
GO:0140658,HDAC1
GO:0140658,HDAC2
GO:0140658,INO80
GO:0140658,INO80B
GO:0140658,INO80C
GO:0140658,INO80D
GO:0140658,INO80E
GO:0140658,MBD2
GO:0140658,MBD3
GO:0140658,MCRS1
GO:0140658,MTA1
GO:0140658,MTA2
GO:0140658,MTA3
GO:0140658,MYBBP1A
GO:0140658,NFRKB
GO:0140658,PBRM1
GO:0140658,PHF10
GO:0140658,POLE3
GO:0140658,RBBP4
GO:0140658,RBBP7
GO:0140658,RSF1
GO:0140658,RUVBL1
GO:0140658,RUVBL2
GO:0140658,SF3B1
GO:0140658,SMARCA1
GO:0140658,SMARCA2
GO:0140658,SMARCA4
GO:0140658,SMARCA5
GO:0140658,SMARCB1
GO:0140658,SMARCC1
GO:0140658,SMARCC2
GO:0140658,SMARCD1
GO:0140658,SMARCD2
GO:0140658,SMARCD3
GO:0140658,SMARCE1
GO:0140658,SRCAP
GO:0140658,SS18
GO:0140658,TFPT
GO:0140658,UCHL5
GO:0140658,VPS72
GO:0140658,YEATS4
GO:0140658,YY1
GO:0140658,ZNHIT1
GO:0140660,DYNC1H1
GO:0140660,DYNC1I2
GO:0140660,DYNC1LI2
GO:0140660,DYNLL1
GO:0140660,DYNLRB1
GO:0140660,DYNLT1
GO:0140660,DYNLT1A
GO:0140660,DYNLT1B
GO:0140660,DYNLT1C
GO:0140660,DYNLT1F
GO:0140672,DR1
GO:0140672,KAT14
GO:0140672,KAT2A
GO:0140672,KAT2B
GO:0140672,MBIP
GO:0140672,SGF29
GO:0140672,TADA2A
GO:0140672,TADA3
GO:0140672,WDR5
GO:0140672,YEATS2
GO:0140672,ZZZ3
GO:0140682,HDAC1
GO:0140682,HDAC2
GO:0140682,KDM1A
GO:0140682,RCOR1
GO:0140682,RCOR2
GO:0140682,RCOR3
GO:0140713,ACTL6A
GO:0140713,ACTR6
GO:0140713,DMAP1
GO:0140713,RUVBL1
GO:0140713,RUVBL2
GO:0140713,SRCAP
GO:0140713,VPS72
GO:0140713,YEATS4
GO:0140713,ZNHIT1
GO:0140750,BAZ1A
GO:0140750,SMARCA5
GO:0140850,RNF20
GO:0140850,RNF40
GO:0140862),BCOR
GO:0140862),BCORL1
GO:0140862),BMI1
GO:0140862),CBX2
GO:0140862),CBX4
GO:0140862),CBX6
GO:0140862),CBX7
GO:0140862),CBX8
GO:0140862),KDM2B
GO:0140862),L3MBTL2
GO:0140862),PCGF1
GO:0140862),PCGF2
GO:0140862),PCGF6
GO:0140862),PHC1
GO:0140862),PHC2
GO:0140862),PHC3
GO:0140862),RING1
GO:0140862),RNF2
GO:0140862),RYBP
GO:0140862),SKP1
GO:0140862),YAF2
GO:0140933-methylguanosine 5'-triphospho)-[mRNA] hydrolase activity),DCP1A
GO:0140933-methylguanosine 5'-triphospho)-[mRNA] hydrolase activity),DCP1B
GO:0140933-methylguanosine 5'-triphospho)-[mRNA] hydrolase activity),DCP2
GO:0140933-methylguanosine 5'-triphospho)-[mRNA] hydrolase activity),DDX6
GO:0140933-methylguanosine 5'-triphospho)-[mRNA] hydrolase activity),EDC3
GO:0140933-methylguanosine 5'-triphospho)-[mRNA] hydrolase activity),EDC4
GO:0140933-methylguanosine 5'-triphospho)-[mRNA] hydrolase activity),XRN1
GO:0140939,N6AMT1
GO:0140939,TRMT112
GO:0140983,SLC30A10
GO:0141166,A1CF
GO:0141166,APOBEC1
GO:0141166,HNRNPAB
GO:0150056,CALCR
GO:0150056,RAMP1
GO:0150057,CALCR
GO:0150057,RAMP2
GO:0150058,CALCR
GO:0150058,RAMP3
GO:0150059,CALCR
GO:0150059,RAMP1
GO:0150060,CALCR
GO:0150060,RAMP2
GO:0150061,CALCR
GO:0150061,RAMP3
GO:0150104,SLC3A2
GO:0150104,SLC7A5
GO:0160001,GABRA1
GO:0160001,GABRA4
GO:0160001,GABRA6
GO:0160001,GABRB1
GO:0160001,GABRB2
GO:0160001,GABRB3
GO:0160001,GABRD
GO:0160001,GABRG2
GO:0160063,NCLN
GO:0160063,NOMO1
GO:0160063,NOMO2
GO:0160063,NOMO3
GO:0160063,RAB5IF
GO:0160063,TMCO1
GO:0160063,TMEM147
GO:0160064,CCDC47
GO:0160064,NCLN
GO:0160064,NOMO1
GO:0160064,NOMO2
GO:0160064,NOMO3
GO:0160064,RAB5IF
GO:0160064,TMCO1
GO:0160064,TMEM147
GO:0160064,WDR83OS
GO:0160106-N)-methyltransferase activity),HSD17B10
GO:0160106-N)-methyltransferase activity),TRMT10C
GO:0160157,BCKDHA
GO:0160157,BCKDHB
GO:0160157,DBT
GO:0160157,DLD
GO:0160165,PSMA1
GO:0160165,PSMA2
GO:0160165,PSMA3
GO:0160165,PSMA4
GO:0160165,PSMA5
GO:0160165,PSMA6
GO:0160165,PSMA7
GO:0160165,PSMB1
GO:0160165,PSMB10
GO:0160165,PSMB11
GO:0160165,PSMB2
GO:0160165,PSMB3
GO:0160165,PSMB4
GO:0160165,PSMB8
GO:0160165,PSMB9
GO:1900017,IL1RAP
GO:1900017,IL1RL2
GO:1900075,NLGN1
GO:1900075,NRXN1
GO:1900076,NCOA1
GO:1900076,NCOA2
GO:1900076,PPARG
GO:1900087,CENPJ
GO:1900087,RRM1
GO:1900087,RRM2
GO:1900087,SASS6
GO:1900087,STIL
GO:1900152,CSDE1
GO:1900152,DHX9
GO:1900152,HNRNPD
GO:1900152,HNRNPU
GO:1900152,IGF2BP1
GO:1900152,PABPC1
GO:1900152,PAIP1
GO:1900152,SYNCRIP
GO:1900152,YBX1
GO:1900426,EMILIN1
GO:1900426,EMILIN2
GO:1900426,MMRN2
GO:1900748,TNXB
GO:1900748,VEGFA
GO:1901029,BAK1
GO:1901030,BAK1
GO:1901096,ATG12
GO:1901096,ATG5
GO:1901096,TECPR1
GO:1901194,EPRS1
GO:1901194,GAPDH
GO:1901194,RPL13A
GO:1901194,SYNCRIP
GO:1901214,CDK5
GO:1901214,CDK5R2
GO:1901289,SUCLA2
GO:1901289,SUCLG1
GO:1901289,SUCLG2
GO:1901379,KCNE1
GO:1901379,KCNE2
GO:1901379,KCNH2
GO:1901381,KCNJ2
GO:1901524,CUL1
GO:1901524,FBXL4
GO:1901524,RBX1
GO:1901524,SKP1
GO:1901660,RYR1
GO:1901660,RYR2
GO:1901660,RYR3
GO:1901673,CHMP1A
GO:1901673,CHMP1B
GO:1901673,CHMP1B2
GO:1901673,CHMP2A
GO:1901673,CHMP2B
GO:1901673,CHMP3
GO:1901673,CHMP4A
GO:1901673,CHMP4B
GO:1901673,CHMP4C
GO:1901673,CHMP5
GO:1901673,CHMP6
GO:1901673,CHMP7
GO:1901673,RNF103-CHMP3
GO:1901691,ATP1A1
GO:1901691,ATP1B1
GO:1901691,ATP4A
GO:1901691,ATP4B
GO:1901691,FXYD1
GO:1901691,FXYD2
GO:1901691,FXYD3
GO:1901691,FXYD4
GO:1901691,FXYD5
GO:1901691,FXYD6
GO:1901691,FXYD7
GO:1901691,GRIN1
GO:1901691,GRIN2A
GO:1901691,GRIN2B
GO:1901691,GRIN2C
GO:1901691,GRIN2D
GO:1901731,EMILIN1
GO:1901731,EMILIN2
GO:1901731,MMRN1
GO:1901740,RPL10
GO:1901740,RPL10A
GO:1901740,RPL11
GO:1901740,RPL12
GO:1901740,RPL13
GO:1901740,RPL13A
GO:1901740,RPL14
GO:1901740,RPL15
GO:1901740,RPL17
GO:1901740,RPL18
GO:1901740,RPL18A
GO:1901740,RPL19
GO:1901740,RPL21
GO:1901740,RPL23
GO:1901740,RPL23A
GO:1901740,RPL24
GO:1901740,RPL26
GO:1901740,RPL27
GO:1901740,RPL27A
GO:1901740,RPL28
GO:1901740,RPL29
GO:1901740,RPL30
GO:1901740,RPL31
GO:1901740,RPL32
GO:1901740,RPL34
GO:1901740,RPL34-PS1
GO:1901740,RPL35
GO:1901740,RPL35A
GO:1901740,RPL36
GO:1901740,RPL36A
GO:1901740,RPL36AL
GO:1901740,RPL37
GO:1901740,RPL37A
GO:1901740,RPL37RT
GO:1901740,RPL38
GO:1901740,RPL39
GO:1901740,RPL3L
GO:1901740,RPL4
GO:1901740,RPL41
GO:1901740,RPL5
GO:1901740,RPL6
GO:1901740,RPL7
GO:1901740,RPL7A
GO:1901740,RPL8
GO:1901740,RPL9
GO:1901740,RPLP0
GO:1901740,RPLP1
GO:1901740,RPLP2
GO:1901740,UBA52
GO:1901895,PLN
GO:1901970,AURKB
GO:1901970,BIRC5
GO:1901970,CDCA8
GO:1901970,INCENP
GO:1901981,CHMP1A
GO:1901981,CHMP1B
GO:1901981,CHMP1B2
GO:1901981,CHMP2A
GO:1901981,CHMP2B
GO:1901981,CHMP3
GO:1901981,CHMP4A
GO:1901981,CHMP4B
GO:1901981,CHMP4C
GO:1901981,CHMP5
GO:1901981,CHMP6
GO:1901981,CHMP7
GO:1901981,RNF103-CHMP3
GO:1901987,AMBRA1
GO:1901987,CUL4A
GO:1901987,CUL4B
GO:1901987,DDB1
GO:1901987,DTL
GO:1901987,RBX1
GO:1902017,FUZ
GO:1902017,INTU
GO:1902017,WDPCP
GO:1902045,IL2RG
GO:1902098,RXRA
GO:1902098,RXRB
GO:1902098,VDR
GO:1902107,IL13RA1
GO:1902107,IL2
GO:1902107,IL2RA
GO:1902107,IL2RB
GO:1902107,IL2RG
GO:1902107,IL4
GO:1902107,IL4R
GO:1902275,EPC1
GO:1902275,ING3
GO:1902275,KAT5
GO:1902412,CUL4A
GO:1902412,CUL4B
GO:1902412,DCAF11
GO:1902412,DDB1
GO:1902412,RBX1
GO:1902425,AURKB
GO:1902425,BIRC5
GO:1902425,CDCA8
GO:1902425,INCENP
GO:1902455,ARID4A
GO:1902455,ARID4B
GO:1902455,BRMS1
GO:1902455,BRMS1L
GO:1902455,HDAC1
GO:1902455,HDAC2
GO:1902455,ING1
GO:1902455,ING2
GO:1902455,OGT
GO:1902455,RBBP4
GO:1902455,RBBP7
GO:1902455,SAP130
GO:1902455,SAP30
GO:1902455,SAP30L
GO:1902455,SIN3A
GO:1902455,SINHCAF
GO:1902455,SUDS3
GO:1902455,TET1
GO:1902459,ACTB
GO:1902459,ACTL6A
GO:1902459,ACTL6B
GO:1902459,ARID1A
GO:1902459,ARID4A
GO:1902459,ARID4B
GO:1902459,BCL7A
GO:1902459,BCL7B
GO:1902459,BCL7C
GO:1902459,BICRA
GO:1902459,BICRAL
GO:1902459,BRD9
GO:1902459,BRMS1
GO:1902459,BRMS1L
GO:1902459,DPF2
GO:1902459,HDAC1
GO:1902459,HDAC2
GO:1902459,ING1
GO:1902459,ING2
GO:1902459,OGT
GO:1902459,PHF10
GO:1902459,RBBP4
GO:1902459,RBBP7
GO:1902459,SAP130
GO:1902459,SAP30
GO:1902459,SAP30L
GO:1902459,SIN3A
GO:1902459,SINHCAF
GO:1902459,SMARCA2
GO:1902459,SMARCA4
GO:1902459,SMARCB1
GO:1902459,SMARCC1
GO:1902459,SMARCD1
GO:1902459,SMARCE1
GO:1902459,SS18
GO:1902459,SUDS3
GO:1902459,TET1
GO:1902476,GABRA1
GO:1902476,GABRA4
GO:1902476,GABRA6
GO:1902476,GABRB2
GO:1902476,GABRB3
GO:1902476,GABRD
GO:1902476,GABRG2
GO:1902476,GLRA1
GO:1902476,GLRA2
GO:1902476,GLRA3
GO:1902476,GLRB
GO:1902494,ARID5B
GO:1902494,DNMT3A
GO:1902494,DNMT3B
GO:1902494,DNMT3L
GO:1902494,DPH1
GO:1902494,DPH2
GO:1902494,FKRP
GO:1902494,FKTN
GO:1902494,GPIHBP1
GO:1902494,HSD17B10
GO:1902494,LPL
GO:1902494,LRRC49
GO:1902494,NICN1
GO:1902494,PCCA
GO:1902494,PCCB
GO:1902494,PHF2
GO:1902494,RXYLT1
GO:1902494,TPGS1
GO:1902494,TPGS2
GO:1902494,TRMT10C
GO:1902494,TRNT1
GO:1902494,TTLL1
GO:1902494,UGT2B7
GO:1902495,ACE2
GO:1902495,CLTRN
GO:1902495,PDZK1IP1
GO:1902495,SLC30A1
GO:1902495,SLC30A10
GO:1902495,SLC30A2
GO:1902495,SLC30A3
GO:1902495,SLC30A4
GO:1902495,SLC30A5
GO:1902495,SLC30A6
GO:1902495,SLC30A7
GO:1902495,SLC30A8
GO:1902495,SLC3A1
GO:1902495,SLC3A2
GO:1902495,SLC5A2
GO:1902495,SLC6A19
GO:1902495,SLC7A10
GO:1902495,SLC7A11
GO:1902495,SLC7A5
GO:1902495,SLC7A6
GO:1902495,SLC7A7
GO:1902495,SLC7A8
GO:1902495,SLC7A9
GO:1902511,DFFA
GO:1902511,DFFB
GO:1902523,PEDS1-UBE2V1
GO:1902523,UBE2N
GO:1902523,UBE2V1
GO:1902523,UBE2V2
GO:1902533,PEDS1-UBE2V1
GO:1902533,UBE2N
GO:1902533,UBE2V1
GO:1902554,AZI2
GO:1902554,CAB39
GO:1902554,CAB39L
GO:1902554,IKBKE
GO:1902554,IRAK1
GO:1902554,IRAK2
GO:1902554,IRAK4
GO:1902554,MAP3K7
GO:1902554,MYD88
GO:1902554,SMG1
GO:1902554,SMG8
GO:1902554,SMG9
GO:1902554,STING1
GO:1902554,STK11
GO:1902554,STRADA
GO:1902554,STRADB
GO:1902554,TAB1
GO:1902554,TAB2
GO:1902554,TAB3
GO:1902554,TANK
GO:1902554,TBK1
GO:1902554,TBKBP1
GO:1902554,TRAF3
GO:1902555,ELAC2
GO:1902555,HSD17B10
GO:1902555,TRMT10C
GO:1902555,TSN
GO:1902555,TSNAX
GO:1902560,GMPR2
GO:1902600,ATP1A1
GO:1902600,ATP1B1
GO:1902600,ATP6AP1
GO:1902600,ATP6AP2
GO:1902600,ATP6V0A1
GO:1902600,ATP6V0A2
GO:1902600,ATP6V0A4
GO:1902600,ATP6V0B
GO:1902600,ATP6V0C
GO:1902600,ATP6V1A
GO:1902600,ATP6V1D
GO:1902600,ATP6V1F
GO:1902600,ATP6V1H
GO:1902600,FXYD1
GO:1902600,FXYD2
GO:1902600,FXYD3
GO:1902600,FXYD4
GO:1902600,FXYD5
GO:1902600,FXYD6
GO:1902600,FXYD7
GO:1902600,RNASEK
GO:1902600,TCIRG1
GO:1902670,HBA-A1
GO:1902670,HBA-A2
GO:1902670,HBA-X
GO:1902670,HBA1
GO:1902670,HBA2
GO:1902670,HBB
GO:1902670,HBB-B1
GO:1902670,HBB-B2
GO:1902670,HBB-BH1
GO:1902670,HBB-Y
GO:1902670,HBD
GO:1902670,HBE1
GO:1902670,HBG1
GO:1902670,HBG2
GO:1902670,HBZ
GO:1902693,SOD1
GO:1902711,GABRA1
GO:1902711,GABRA2
GO:1902711,GABRA3
GO:1902711,GABRA4
GO:1902711,GABRA5
GO:1902711,GABRA6
GO:1902711,GABRB1
GO:1902711,GABRB2
GO:1902711,GABRB3
GO:1902711,GABRD
GO:1902711,GABRG2
GO:1902711,GABRG3
GO:1902711,GABRQ
GO:1902712,GABBR1
GO:1902712,GABBR2
GO:1902749,CCNQ
GO:1902749,CDK10
GO:1902774,CHMP1A
GO:1902774,CHMP1B
GO:1902774,CHMP1B2
GO:1902774,CHMP2A
GO:1902774,CHMP2B
GO:1902774,CHMP3
GO:1902774,CHMP4A
GO:1902774,CHMP4B
GO:1902774,CHMP4C
GO:1902774,CHMP5
GO:1902774,CHMP6
GO:1902774,CHMP7
GO:1902774,RNF103-CHMP3
GO:1902775,MTERF4
GO:1902775,NSUN4
GO:1902792,PYCR1
GO:1902793,GAD1
GO:1902793,GAD2
GO:1902936,KCNJ2
GO:1902953,SAR1A
GO:1902953,SAR1B
GO:1902953,SEC13
GO:1902953,SEC24A
GO:1902953,SEC24B
GO:1902953,SEC24C
GO:1902953,SEC24D
GO:1902953,SEC31A
GO:1902953,SEC31B
GO:1903010,TNN
GO:1903028,CFP
GO:1903028,COLEC10
GO:1903028,COLEC11
GO:1903028,FCN1
GO:1903028,FCN2
GO:1903028,FCN3
GO:1903028,MBL2
GO:1903059,ATG101
GO:1903059,ATG13
GO:1903059,RB1CC1
GO:1903059,ULK1
GO:1903099,MIS18A
GO:1903099,MIS18BP1
GO:1903099,OIP5
GO:1903143,CALCRL
GO:1903232,AP1B1
GO:1903232,AP1G1
GO:1903232,AP1M1
GO:1903232,AP1S1
GO:1903232,AP1S2
GO:1903232,AP1S3
GO:1903232,AP3B1
GO:1903232,AP3D1
GO:1903232,AP3M1
GO:1903232,AP3S1
GO:1903232,AP3S2
GO:1903232,HPS1
GO:1903232,HPS3
GO:1903232,HPS4
GO:1903232,HPS5
GO:1903232,HPS6
GO:1903241,BUD13
GO:1903241,DDX46
GO:1903241,HTATSF1
GO:1903241,PHF5A
GO:1903241,RBMX2
GO:1903241,SF3A1
GO:1903241,SF3A2
GO:1903241,SF3A3
GO:1903241,SF3B1
GO:1903241,SF3B2
GO:1903241,SF3B3
GO:1903241,SF3B4
GO:1903241,SF3B5
GO:1903241,SF3B6
GO:1903241,SNIP1
GO:1903241,SNRPA1
GO:1903241,SNRPB
GO:1903241,SNRPB2
GO:1903241,SNRPD1
GO:1903241,SNRPD2
GO:1903241,SNRPD3
GO:1903241,SNRPE
GO:1903241,SNRPF
GO:1903241,SNRPG
GO:1903311,FMR1
GO:1903311,FXR1
GO:1903311,FXR2
GO:1903490,AURKB
GO:1903490,BIRC5
GO:1903490,CDCA8
GO:1903490,INCENP
GO:1903502,CYFIP1
GO:1903502,EIF4E
GO:1903502,FMR1
GO:1903577,CASTOR1
GO:1903577,CASTOR2
GO:1903588,MMRN2
GO:1903672,TNN
GO:1903706,BRD1
GO:1903706,BRPF1
GO:1903706,BRPF3
GO:1903706,ING5
GO:1903706,KAT6A
GO:1903706,KAT6B
GO:1903706,MEAF6
GO:1903962,S100A9
GO:1904028,TNXB
GO:1904045,SCNN1A
GO:1904045,SCNN1B
GO:1904045,SCNN1D
GO:1904045,SCNN1G
GO:1904047,BUD23
GO:1904047,HSD17B10
GO:1904047,TRMT10C
GO:1904047,TRMT112
GO:1904047,TRMT6
GO:1904047,TRMT61A
GO:1904062,GRIN1
GO:1904062,GRIN2A
GO:1904062,GRIN2B
GO:1904062,GRIN2C
GO:1904062,GRIN2D
GO:1904090,CSTA
GO:1904090,CSTA1
GO:1904090,CTSB
GO:1904090,SERPINE1
GO:1904090,VTN
GO:1904094,CALM1
GO:1904094,CALM2
GO:1904094,CALM3
GO:1904094,DAPK1
GO:1904117,SCNN1A
GO:1904117,SCNN1B
GO:1904117,SCNN1D
GO:1904117,SCNN1G
GO:1904178,CUL4A
GO:1904178,CUL4B
GO:1904178,DDB1
GO:1904178,RBX1
GO:1904178,WDTC1
GO:1904179,NCOA1
GO:1904179,NCOA2
GO:1904179,PPARG
GO:1904257,SLC30A5
GO:1904257,SLC30A6
GO:1904262,CASTOR1
GO:1904262,CASTOR2
GO:1904262,DEPDC5
GO:1904262,ITFG2
GO:1904262,KICS2
GO:1904262,KPTN
GO:1904262,MIOS
GO:1904262,NPRL2
GO:1904262,NPRL3
GO:1904262,SEC13
GO:1904262,SEH1L
GO:1904262,SZT2
GO:1904262,WDR24
GO:1904262,WDR59
GO:1904263,MIOS
GO:1904263,RRAGA
GO:1904263,RRAGB
GO:1904263,RRAGC
GO:1904263,RRAGD
GO:1904263,SEC13
GO:1904263,SEH1L
GO:1904263,WDR24
GO:1904263,WDR59
GO:1904415,CUL1
GO:1904415,FBXO2
GO:1904415,RBX1
GO:1904415,SKP1
GO:1904423,DHDDS
GO:1904423,NUS1
GO:1904491,AHI1
GO:1904491,B9D1
GO:1904491,B9D2
GO:1904491,CC2D2A
GO:1904491,CEP290
GO:1904491,IQCB1
GO:1904491,MKS1
GO:1904491,NPHP1
GO:1904491,NPHP4
GO:1904491,RPGRIP1L
GO:1904491,TCTN1
GO:1904491,TCTN2
GO:1904491,TCTN3
GO:1904491,TMEM107
GO:1904491,TMEM17
GO:1904491,TMEM216
GO:1904491,TMEM231
GO:1904491,TMEM237
GO:1904491,TMEM67
GO:1904507,ACTL6A
GO:1904507,ACTR5
GO:1904507,ACTR8
GO:1904507,INO80
GO:1904507,INO80B
GO:1904507,INO80C
GO:1904507,INO80D
GO:1904507,INO80E
GO:1904507,MCRS1
GO:1904507,NFRKB
GO:1904507,RUVBL1
GO:1904507,RUVBL2
GO:1904507,TFPT
GO:1904507,UCHL5
GO:1904507,YY1
GO:1904580,CRYZL1
GO:1904580,FERRY3
GO:1904580,GATD1
GO:1904580,PPP1R21
GO:1904580,TBCK
GO:1904602,HTR3A
GO:1904602,HTR3B
GO:1904602,HTR3C
GO:1904602,HTR3D
GO:1904602,HTR3E
GO:1904646,TLR4
GO:1904646,TLR6
GO:1904659,SLC2A1
GO:1904930,CHMP1A
GO:1904930,CHMP1B
GO:1904930,CHMP1B2
GO:1904930,CHMP2A
GO:1904930,CHMP2B
GO:1904930,CHMP3
GO:1904930,CHMP4A
GO:1904930,CHMP4B
GO:1904930,CHMP4C
GO:1904930,CHMP5
GO:1904930,CHMP6
GO:1904930,CHMP7
GO:1904930,RNF103-CHMP3
GO:1904949,AFG2A
GO:1904949,AFG2B
GO:1904949,AIRIM
GO:1904949,AMFR
GO:1904949,BPTF
GO:1904949,CINP
GO:1904949,DERL1
GO:1904949,DERL2
GO:1904949,DERL3
GO:1904949,FAF1
GO:1904949,FAF2
GO:1904949,MYOD1
GO:1904949,NPLOC4
GO:1904949,PEX1
GO:1904949,PEX26
GO:1904949,PEX6
GO:1904949,PLAA
GO:1904949,RBBP4
GO:1904949,RBBP7
GO:1904949,SMARCA1
GO:1904949,UBXN1
GO:1904949,UBXN2A
GO:1904949,UBXN2B
GO:1904949,UBXN6
GO:1904949,UBXN7
GO:1904949,UFD1
GO:1904949,VCP
GO:1904949,VCPIP1
GO:1904949,VPS4A
GO:1904949,VPS4B
GO:1904973,ATG12
GO:1904973,ATG5
GO:1905168,ACTB
GO:1905168,ACTL6A
GO:1905168,BRD8
GO:1905168,DMAP1
GO:1905168,EP400
GO:1905168,EPC1
GO:1905168,EPC2
GO:1905168,ING3
GO:1905168,KAT5
GO:1905168,MBTD1
GO:1905168,MEAF6
GO:1905168,MORF4L1
GO:1905168,MORF4L2
GO:1905168,MRGBP
GO:1905168,RUVBL1
GO:1905168,RUVBL2
GO:1905168,TRRAP
GO:1905168,VPS72
GO:1905168,YEATS4
GO:1905202,MCCC1
GO:1905202,MCCC2
GO:1905213,BAZ1B
GO:1905213,SMARCA5
GO:1905278,MMRN2
GO:1905332,MMRN2
GO:1905347,EME1
GO:1905347,EME2
GO:1905347,MUS81
GO:1905360,HRAS
GO:1905360,SOS1
GO:1905368,DMWD
GO:1905368,ERAP1
GO:1905368,ERAP2
GO:1905368,TRIM27
GO:1905368,USP1
GO:1905368,USP12
GO:1905368,USP46
GO:1905368,USP7
GO:1905368,WDR20
GO:1905368,WDR48
GO:1905369,CASP2
GO:1905369,CRADD
GO:1905369,PIDD1
GO:1905370,CFH
GO:1905370,COLEC10
GO:1905370,COLEC11
GO:1905370,FCN1
GO:1905370,FCN2
GO:1905370,FCN3
GO:1905370,MBL2
GO:1905370,PLAU
GO:1905370,PLAUR
GO:1905370,THBD
GO:1905379,HEXA
GO:1905379,HEXB
GO:1905382,ELL
GO:1905382,ELL2
GO:1905382,ELL3
GO:1905382,ICE1
GO:1905382,ICE2
GO:1905382,ZC3H8
GO:1905540,IL2RG
GO:1905543,IL15
GO:1905543,IL15RA
GO:1905543,IL2RB
GO:1905543,IL2RG
GO:1905551,BTF3
GO:1905551,NACA
GO:1905571,IL10
GO:1905571,IL10RA
GO:1905571,IL10RB
GO:1905665,AKAP5
GO:1905665,CALM1
GO:1905665,CALM2
GO:1905665,CALM3
GO:1905665,PPP3CA
GO:1905665,PPP3CB
GO:1905665,PPP3CC
GO:1905665,PPP3R1
GO:1905665,PPP3R2
GO:1905686,AHNAK
GO:1905686,ANXA2
GO:1905686,S100A10
GO:1905820,NCAPD2
GO:1905820,NCAPD3
GO:1905820,NCAPG
GO:1905820,NCAPG2
GO:1905820,NCAPH
GO:1905820,NCAPH2
GO:1905820,SMC2
GO:1905820,SMC4
GO:1905821,NCAPD2
GO:1905821,NCAPD3
GO:1905821,NCAPG
GO:1905821,NCAPG2
GO:1905821,NCAPH
GO:1905821,NCAPH2
GO:1905821,SMC2
GO:1905821,SMC4
GO:1905832,CENPJ
GO:1905832,SASS6
GO:1905832,STIL
GO:1905857,MLST8
GO:1905857,MTOR
GO:1905857,RPTOR
GO:1905899,TNN
GO:1905935,TNXB
GO:1905949,CALM1
GO:1905949,CALM2
GO:1905949,CALM3
GO:1905949,PPP3CA
GO:1905949,PPP3CB
GO:1905949,PPP3CC
GO:1905949,PPP3R1
GO:1905949,PPP3R2
GO:1990062,ASDURF
GO:1990062,DNAAF10
GO:1990062,POLR2E
GO:1990071,TRAPPC1
GO:1990071,TRAPPC10
GO:1990071,TRAPPC13
GO:1990071,TRAPPC2
GO:1990071,TRAPPC2B
GO:1990071,TRAPPC2L
GO:1990071,TRAPPC3
GO:1990071,TRAPPC4
GO:1990071,TRAPPC5
GO:1990071,TRAPPC6B
GO:1990071,TRAPPC9
GO:1990072,TRAPPC1
GO:1990072,TRAPPC11
GO:1990072,TRAPPC12
GO:1990072,TRAPPC2
GO:1990072,TRAPPC2B
GO:1990072,TRAPPC2L
GO:1990072,TRAPPC3
GO:1990072,TRAPPC4
GO:1990072,TRAPPC5
GO:1990072,TRAPPC6A
GO:1990072,TRAPPC8
GO:1990111,PSMA1
GO:1990111,PSMA2
GO:1990111,PSMA3
GO:1990111,PSMA4
GO:1990111,PSMA5
GO:1990111,PSMA6
GO:1990111,PSMA8
GO:1990111,PSMB1
GO:1990111,PSMB2
GO:1990111,PSMB3
GO:1990111,PSMB4
GO:1990111,PSMB5
GO:1990111,PSMB6
GO:1990111,PSMB7
GO:1990112,LTN1
GO:1990112,NEMF
GO:1990112,TCF25
GO:1990116,ASCC2
GO:1990116,ASCC3
GO:1990116,CUL2
GO:1990116,ELOB
GO:1990116,ELOC
GO:1990116,KLHDC10
GO:1990116,LTN1
GO:1990116,NEMF
GO:1990116,RBX1
GO:1990116,TCF25
GO:1990116,TRIP4
GO:1990124,ALYREF
GO:1990124,EIF4A3
GO:1990124,MAGOH
GO:1990124,RBM8A
GO:1990130,DEPDC5
GO:1990130,NPRL2
GO:1990130,NPRL3
GO:1990131,RRAGA
GO:1990131,RRAGB
GO:1990131,RRAGC
GO:1990131,RRAGD
GO:1990140,MOCS2
GO:1990145,GON7
GO:1990145,LAGE3
GO:1990145,OSGEP
GO:1990145,TP53RK
GO:1990145,TPRKB
GO:1990150,VEGFA
GO:1990188,BAZ1B
GO:1990188,DDX21
GO:1990188,DEK
GO:1990188,ERCC6
GO:1990188,MYBBP1A
GO:1990188,SF3B1
GO:1990188,SMARCA5
GO:1990204,CBR4
GO:1990204,HSD17B8
GO:1990204,LDHA
GO:1990204,LDHAL6B
GO:1990204,LDHB
GO:1990204,LDHC
GO:1990229,BOLA1
GO:1990229,BOLA2
GO:1990229,BOLA2B
GO:1990229,BOLA3
GO:1990229,FDX2
GO:1990229,FXN
GO:1990229,GLRX3
GO:1990229,GLRX5
GO:1990229,IBA57
GO:1990229,ISCA1
GO:1990229,ISCA2
GO:1990229,ISCU
GO:1990229,LOC124907841
GO:1990229,LYRM4
GO:1990229,NDUFAB1
GO:1990229,NFS1
GO:1990229,NUBP1
GO:1990229,NUBP2
GO:1990231,STING1
GO:1990232,PMM1
GO:1990234,ATG12
GO:1990234,ATG5
GO:1990234,CDK5RAP3
GO:1990234,DDRGK1
GO:1990234,F13A1
GO:1990234,F13B
GO:1990234,QTRT1
GO:1990234,QTRT2
GO:1990234,UFL1
GO:1990246,MCU
GO:1990246,MCUB
GO:1990246,MICU1
GO:1990246,MICU2
GO:1990246,MICU3
GO:1990246,SMDT1
GO:1990261,DDX6
GO:1990261,EIF4E2
GO:1990261,GIGYF1
GO:1990261,GIGYF2
GO:1990261,ZNF598
GO:1990265,PDGFA
GO:1990265,PDGFB
GO:1990265,PDGFC
GO:1990265,PDGFD
GO:1990270,PDGFA
GO:1990270,PDGFB
GO:1990270,PDGFC
GO:1990270,PDGFD
GO:1990270,PDGFRA
GO:1990270,PDGFRB
GO:1990275,BUD23
GO:1990275,TRMT112
GO:1990316,ATG101
GO:1990316,ATG13
GO:1990316,RB1CC1
GO:1990316,ULK1
GO:1990318,COL19A1
GO:1990319,COL20A1
GO:1990320,COL21A1
GO:1990321,COL22A1
GO:1990322,COL23A1
GO:1990323,COL24A1
GO:1990324,COL26A1
GO:1990325,COL27A1
GO:1990326,COL28A1
GO:1990327,COL25A1
GO:1990338,LAMA4
GO:1990338,LAMB2
GO:1990338,LAMC3
GO:1990339,LAMA5
GO:1990339,LAMB2
GO:1990339,LAMC2
GO:1990340,LAMA5
GO:1990340,LAMB2
GO:1990340,LAMC3
GO:1990341,COMP
GO:1990341,THBS1
GO:1990341,THBS2
GO:1990341,THBS3
GO:1990341,THBS4
GO:1990346,BID
GO:1990350,SLC2A1
GO:1990351,ERGIC2
GO:1990351,ERGIC3
GO:1990352,RNF20
GO:1990352,RNF40
GO:1990374,KCNJ2
GO:1990378,USF1
GO:1990378,USF2
GO:1990391,ASCC1
GO:1990391,ASCC2
GO:1990391,ASCC3
GO:1990391,BRCA1
GO:1990391,BRCA2
GO:1990391,FANCD2
GO:1990391,FANCI
GO:1990391,FIGNL1
GO:1990391,FIRRM
GO:1990391,MSH4
GO:1990391,MSH5
GO:1990391,PALB2
GO:1990393,CCDC8
GO:1990393,CUL7
GO:1990393,OBSL1
GO:1990406,CALCRL
GO:1990407,CALCRL
GO:1990408,CALCRL
GO:1990409,CALCRL
GO:1990410,CALCRL
GO:1990423,KNTC1
GO:1990423,ZW10
GO:1990423,ZWILCH
GO:1990425,RYR1
GO:1990425,RYR2
GO:1990425,RYR3
GO:1990429,PEX13
GO:1990429,PEX14
GO:1990433,MAML1
GO:1990433,NOTCH1
GO:1990433,RBPJ
GO:1990448,ACIN1
GO:1990448,PNN
GO:1990448,RNPS1
GO:1990448,SAP18
GO:1990454,CACNA1C
GO:1990454,CACNA1S
GO:1990454,CACNB1
GO:1990454,CACNB2
GO:1990454,CACNB3
GO:1990454,CACNB4
GO:1990454,CACNG1
GO:1990455,PTEN
GO:1990501,MAGOH
GO:1990501,MAGOHB
GO:1990501,RBM8A
GO:1990508,CCNC
GO:1990508,CDK19
GO:1990508,CDK8
GO:1990508,MED12
GO:1990508,MED13
GO:1990512,CRY1
GO:1990512,CRY2
GO:1990512,PER1
GO:1990512,PER2
GO:1990512,PER3
GO:1990513,BMAL1
GO:1990513,BMAL2
GO:1990513,CLOCK
GO:1990529,PIGM
GO:1990529,PIGX
GO:1990531,ATP10A
GO:1990531,ATP10B
GO:1990531,ATP10D
GO:1990531,ATP11A
GO:1990531,ATP11B
GO:1990531,ATP11C
GO:1990531,ATP8A1
GO:1990531,ATP8A2
GO:1990531,ATP8B1
GO:1990531,ATP8B2
GO:1990531,ATP8B3
GO:1990531,ATP8B4
GO:1990531,TMEM30A
GO:1990531,TMEM30B
GO:1990562,PDCD6IP
GO:1990562,SDC1
GO:1990562,SDCBP
GO:1990565,CDC37
GO:1990565,HSP90AA1
GO:1990565,HSP90AB1
GO:1990566 inward rectifier potassium channel complex),KCNJ3
GO:1990566 inward rectifier potassium channel complex),KCNJ5
GO:1990572,TERT
GO:1990573,ABCC8
GO:1990573,ATP1A1
GO:1990573,ATP1B1
GO:1990573,FXYD1
GO:1990573,FXYD2
GO:1990573,FXYD3
GO:1990573,FXYD4
GO:1990573,FXYD5
GO:1990573,FXYD6
GO:1990573,FXYD7
GO:1990573,HCN1
GO:1990573,HCN2
GO:1990573,HCN3
GO:1990573,HCN4
GO:1990573,KCNJ11
GO:1990584,TNNC1
GO:1990584,TNNI3
GO:1990584,TNNT2
GO:1990620,NPR1
GO:1990629,PLN
GO:1990647,CEBPA
GO:1990647,CEBPB
GO:1990657,NOS2
GO:1990657,S100A8
GO:1990657,S100A9
GO:1990660,S100A8
GO:1990660,S100A9
GO:1990661,S100A8
GO:1990662,S100A9
GO:1990664,NKX2-5
GO:1990666,LDLR
GO:1990667,ANXA2
GO:1990667,PCSK9
GO:1990682,CSF1
GO:1990682,CSF1R
GO:1990696,ADGRV1
GO:1990696,PDZD7
GO:1990696,USH2A
GO:1990696,WHRN
GO:1990706,MAD1L1
GO:1990711,CTNNB1
GO:1990711,CTNNBIP1
GO:1990713,BIRC5
GO:1990722,CALM1
GO:1990722,CALM2
GO:1990722,CALM3
GO:1990722,DAPK1
GO:1990724,LGALS1
GO:1990724,LGALS2
GO:1990728,MAD1L1
GO:1990728,MAD2L1
GO:1990730,NSFL1C
GO:1990730,VCP
GO:1990733,TCAP
GO:1990733,TTN
GO:1990742,SLC30A3
GO:1990745,VPS50
GO:1990745,VPS51
GO:1990745,VPS52
GO:1990745,VPS53
GO:1990779,FLNA
GO:1990779,GP1BA
GO:1990779,GP1BB
GO:1990779,GP5
GO:1990779,GP9
GO:1990788,GLI1
GO:1990788,GLI2
GO:1990788,GLI3
GO:1990788,SUFU
GO:1990817,MTREX
GO:1990817,TENT4A
GO:1990817,TENT4B
GO:1990817,ZCCHC7
GO:1990825,A1CF
GO:1990825,APOBEC1
GO:1990825,BCLAF1
GO:1990825,CSDE1
GO:1990825,DHX9
GO:1990825,HNRNPAB
GO:1990825,HNRNPD
GO:1990825,HNRNPU
GO:1990825,IGF2BP1
GO:1990825,PABPC1
GO:1990825,PAIP1
GO:1990825,PNN
GO:1990825,SNIP1
GO:1990825,SNW1
GO:1990825,SYNCRIP
GO:1990825,THRAP3
GO:1990825,YBX1
GO:1990837,FOXM1
GO:1990837,LIN37
GO:1990837,LIN52
GO:1990837,LIN54
GO:1990837,LIN9
GO:1990837,MYBL2
GO:1990837,RBBP4
GO:1990877,FLCN
GO:1990877,FNIP1
GO:1990877,FNIP2
GO:1990879,CTC1
GO:1990879,STN1
GO:1990879,TEN1
GO:1990904,MVP
GO:1990904,PARP4
GO:1990904,TEP1
GO:1990907,CTNNB1
GO:1990907,LEF1
GO:1990957,NPHP1
GO:1990957,NPHP4
GO:1990957,RPGRIP1L
GO:1990971,EMILIN1
GO:1990971,EMILIN2
GO:1990972,MMRN1
GO:1990972,MMRN2
GO:2000001,BABAM2
GO:2000001,BARD1
GO:2000001,BRCA1
GO:2000001,BRCA2
GO:2000001,BRCC3
GO:2000001,CUL1
GO:2000001,FBXO4
GO:2000001,RAD51
GO:2000001,RBX1
GO:2000001,SKP1
GO:2000003,TELO2
GO:2000003,TTI1
GO:2000003,TTI2
GO:2000036,CUL4A
GO:2000036,CUL4B
GO:2000036,DCAF5
GO:2000036,DDB1
GO:2000036,RBX1
GO:2000045,ACTB
GO:2000045,ACTL6A
GO:2000045,ACTL6B
GO:2000045,ARID1A
GO:2000045,ARID1B
GO:2000045,ARID2
GO:2000045,BCL7A
GO:2000045,BCL7B
GO:2000045,BCL7C
GO:2000045,BRD7
GO:2000045,CCNH
GO:2000045,CDK7
GO:2000045,DPF1
GO:2000045,DPF2
GO:2000045,DPF3
GO:2000045,MNAT1
GO:2000045,PBRM1
GO:2000045,PHF10
GO:2000045,PSMA1
GO:2000045,PSMA2
GO:2000045,PSMA3
GO:2000045,PSMA4
GO:2000045,PSMA5
GO:2000045,PSMA6
GO:2000045,PSMA7
GO:2000045,PSMB1
GO:2000045,PSMB2
GO:2000045,PSMB3
GO:2000045,PSMB4
GO:2000045,PSMB5
GO:2000045,PSMB6
GO:2000045,PSMB7
GO:2000045,PSME3
GO:2000045,SMARCA2
GO:2000045,SMARCA4
GO:2000045,SMARCB1
GO:2000045,SMARCC1
GO:2000045,SMARCC2
GO:2000045,SMARCD1
GO:2000045,SMARCD2
GO:2000045,SMARCD3
GO:2000045,SMARCE1
GO:2000104,CDT1
GO:2000104,CUL2
GO:2000104,ELOB
GO:2000104,ELOC
GO:2000104,GMNN
GO:2000104,LRR1
GO:2000104,RBX1
GO:2000234,COPRS
GO:2000234,PRMT5
GO:2000234,RIOK1
GO:2000234,WDR77
GO:2000278,ING4
GO:2000278,ING5
GO:2000278,JADE1
GO:2000278,JADE2
GO:2000278,JADE3
GO:2000278,KAT7
GO:2000278,MEAF6
GO:2000311,ADRM1
GO:2000311,PSMC1
GO:2000311,PSMC2
GO:2000311,PSMC3
GO:2000311,PSMC4
GO:2000311,PSMC5
GO:2000311,PSMC6
GO:2000311,PSMD1
GO:2000311,PSMD11
GO:2000311,PSMD12
GO:2000311,PSMD13
GO:2000311,PSMD14
GO:2000311,PSMD2
GO:2000311,PSMD3
GO:2000311,PSMD4
GO:2000311,PSMD6
GO:2000311,PSMD7
GO:2000311,PSMD8
GO:2000311,SEM1
GO:2000318,JAK2
GO:2000318,TYK2
GO:2000319,BATF
GO:2000319,JUNB
GO:2000434,COPS2
GO:2000434,COPS3
GO:2000434,COPS4
GO:2000434,COPS5
GO:2000434,COPS6
GO:2000434,COPS7A
GO:2000434,COPS7B
GO:2000434,COPS8
GO:2000434,GPS1
GO:2000463,GRIN1
GO:2000463,GRIN2A
GO:2000463,GRIN2B
GO:2000463,GRIN2C
GO:2000463,GRIN2D
GO:2000609,DUOX1
GO:2000609,DUOX2
GO:2000609,DUOXA1
GO:2000609,DUOXA2
GO:2000622,ALYREF
GO:2000622,CASC3
GO:2000622,EIF4A3
GO:2000622,MAGOH
GO:2000622,MAGOHB
GO:2000622,RBM8A
GO:2000622,SMG1
GO:2000622,SMG8
GO:2000622,SMG9
GO:2000623,A1CF
GO:2000623,APOBEC1
GO:2000623,HNRNPAB
GO:2000660,IL1A
GO:2000660,IL1R1
GO:2000660,IL1R2
GO:2000660,IL1RAP
GO:2000660,IL1RN
GO:2000736,CHD3
GO:2000736,CHD4
GO:2000736,GATAD2A
GO:2000736,GATAD2B
GO:2000736,HDAC1
GO:2000736,HDAC2
GO:2000736,MBD3
GO:2000736,MTA1
GO:2000736,MTA2
GO:2000736,MTA3
GO:2000736,RBBP4
GO:2000736,RBBP7
GO:2000767,CSDE1
GO:2000767,DHX9
GO:2000767,HNRNPD
GO:2000767,HNRNPU
GO:2000767,IGF2BP1
GO:2000767,PABPC1
GO:2000767,PAIP1
GO:2000767,SYNCRIP
GO:2000767,YBX1
GO:2000779,ACTB
GO:2000779,ACTL6A
GO:2000779,ATR
GO:2000779,ATRIP
GO:2000779,BRD8
GO:2000779,DMAP1
GO:2000779,EP400
GO:2000779,EPC1
GO:2000779,EPC2
GO:2000779,ING3
GO:2000779,KAT5
GO:2000779,MBTD1
GO:2000779,MEAF6
GO:2000779,MORF4L1
GO:2000779,MORF4L2
GO:2000779,MRGBP
GO:2000779,PPP4C
GO:2000779,PPP4R2
GO:2000779,PPP4R3B
GO:2000779,RUVBL1
GO:2000779,RUVBL2
GO:2000779,TRRAP
GO:2000779,VPS72
GO:2000779,YEATS4
GO:2000781,ACTB
GO:2000781,ACTL6A
GO:2000781,ACTL6B
GO:2000781,ARID1A
GO:2000781,ARID1B
GO:2000781,ARID2
GO:2000781,BCL7A
GO:2000781,BCL7B
GO:2000781,BCL7C
GO:2000781,BRD7
GO:2000781,DPF1
GO:2000781,DPF2
GO:2000781,DPF3
GO:2000781,PBRM1
GO:2000781,PHF10
GO:2000781,SMARCA2
GO:2000781,SMARCA4
GO:2000781,SMARCB1
GO:2000781,SMARCC1
GO:2000781,SMARCC2
GO:2000781,SMARCD1
GO:2000781,SMARCD2
GO:2000781,SMARCD3
GO:2000781,SMARCE1
GO:2000781,UBE2N
GO:2000781,UBE2V2
GO:2000811,PIK3CA
GO:2000811,PIK3R2
GO:2000811,PIK3R3
GO:2000819,ACTB
GO:2000819,ACTL6A
GO:2000819,ACTL6B
GO:2000819,ARID1A
GO:2000819,ARID1B
GO:2000819,ARID2
GO:2000819,BCL7A
GO:2000819,BCL7B
GO:2000819,BCL7C
GO:2000819,BRD7
GO:2000819,DPF1
GO:2000819,DPF2
GO:2000819,DPF3
GO:2000819,PBRM1
GO:2000819,PHF10
GO:2000819,SMARCA2
GO:2000819,SMARCA4
GO:2000819,SMARCB1
GO:2000819,SMARCC1
GO:2000819,SMARCC2
GO:2000819,SMARCD1
GO:2000819,SMARCD2
GO:2000819,SMARCD3
GO:2000819,SMARCE1
GO:2001034,MAD2L2
GO:2001034,SHLD1
GO:2001034,SHLD2
GO:2001034,SHLD3
GO:2001046,NID1
GO:2001214,VEGFA
GO:2001222,CDK5
GO:2001222,CDK5R2
GO:2001222,RELN
GO:2001238,CASP8
GO:2001238,FADD
GO:2001238,RIPK1
GO:2001257,HCN1
GO:2001257,HCN2
GO:2001257,HCN3
GO:2001257,HCN4
