go,symbol
GO:0004407,BCL6
GO:0005634,BCL6
GO:0006265,BCL6
GO:0030183,BCL6
GO:0045892,BCL6
GO:0051276,BCL6
GO:0004407,HDAC4
GO:0005634,HDAC4
GO:0006265,HDAC4
GO:0030183,HDAC4
GO:0045892,HDAC4
GO:0051276,HDAC4
GO:0004407,HDAC5
GO:0005634,HDAC5
GO:0006265,HDAC5
GO:0030183,HDAC5
GO:0045892,HDAC5
GO:0051276,HDAC5
GO:0004407,HDAC7
GO:0005634,HDAC7
GO:0006265,HDAC7
GO:0030183,HDAC7
GO:0045892,HDAC7
GO:0051276,HDAC7
GO:0004402,CREBBP
GO:0030374,CREBBP
GO:0004402,EP300
GO:0030374,EP300
GO:0004402,KAT2B
GO:0030374,KAT2B
GO:0004402,NCOA3
GO:0030374,NCOA3
GO:0003677,AHR
GO:0005634,AHR
GO:0006355,AHR
GO:0009593,AHR
GO:0023052,AHR
GO:0042221,AHR
GO:0003677,ARNT
GO:0005634,ARNT
GO:0006355,ARNT
GO:0009593,ARNT
GO:0023052,ARNT
GO:0042221,ARNT
GO:0000278,NCAPD2
GO:0000279,NCAPD2
GO:0005694,NCAPD2
GO:0007059,NCAPD2
GO:0030261,NCAPD2
GO:0051276,NCAPD2
GO:0000278,NCAPG
GO:0000279,NCAPG
GO:0005694,NCAPG
GO:0007059,NCAPG
GO:0030261,NCAPG
GO:0051276,NCAPG
GO:0000278,NCAPH
GO:0000279,NCAPH
GO:0005694,NCAPH
GO:0007059,NCAPH
GO:0030261,NCAPH
GO:0051276,NCAPH
GO:0000278,SMC2
GO:0000279,SMC2
GO:0005694,SMC2
GO:0007059,SMC2
GO:0030261,SMC2
GO:0051276,SMC2
GO:0000278,SMC4
GO:0000279,SMC4
GO:0005694,SMC4
GO:0007059,SMC4
GO:0030261,SMC4
GO:0051276,SMC4
GO:0007032,HPS1
GO:0007033,HPS1
GO:0007040,HPS1
GO:0031082,HPS1
GO:0007032,HPS4
GO:0007033,HPS4
GO:0007040,HPS4
GO:0031082,HPS4
GO:0007032,HPS3
GO:0007033,HPS3
GO:0007040,HPS3
GO:0031082,HPS3
GO:0007032,HPS5
GO:0007033,HPS5
GO:0007040,HPS5
GO:0031082,HPS5
GO:0007032,HPS6
GO:0007033,HPS6
GO:0007040,HPS6
GO:0031082,HPS6
GO:0006281,CDS1
GO:0006310,CDS1
GO:0006281,MUS81
GO:0006310,MUS81
GO:0007032,HPS3
GO:0007033,HPS3
GO:0007040,HPS3
GO:0031082,HPS3
GO:0007032,HPS5
GO:0007033,HPS5
GO:0007040,HPS5
GO:0031082,HPS5
GO:0007032,HPS6
GO:0007033,HPS6
GO:0007040,HPS6
GO:0031082,HPS6
GO:0005634,CORO2A
GO:0006265,CORO2A
GO:0006473,CORO2A
GO:0006476,CORO2A
GO:0045892,CORO2A
GO:0051276,CORO2A
GO:0005634,GPS2
GO:0006265,GPS2
GO:0006473,GPS2
GO:0006476,GPS2
GO:0045892,GPS2
GO:0051276,GPS2
GO:0005634,HDAC3
GO:0006265,HDAC3
GO:0006473,HDAC3
GO:0006476,HDAC3
GO:0045892,HDAC3
GO:0051276,HDAC3
GO:0005634,NCOR1
GO:0006265,NCOR1
GO:0006473,NCOR1
GO:0006476,NCOR1
GO:0045892,NCOR1
GO:0051276,NCOR1
GO:0005634,TBL1X
GO:0006265,TBL1X
GO:0006473,TBL1X
GO:0006476,TBL1X
GO:0045892,TBL1X
GO:0051276,TBL1X
GO:0005634,TBL1XR1
GO:0006265,TBL1XR1
GO:0006473,TBL1XR1
GO:0006476,TBL1XR1
GO:0045892,TBL1XR1
GO:0051276,TBL1XR1
GO:0031082,BLOC1S1
GO:0031082,BLOC1S2
GO:0031082,BLOC1S3
GO:0031082,BLOC1S4
GO:0031082,BLOC1S5
GO:0031082,BLOC1S6
GO:0031082,DTNBP1
GO:0031082,SNAPIN
GO:0007032,BLOC1S1
GO:0007033,BLOC1S1
GO:0007040,BLOC1S1
GO:0031082,BLOC1S1
GO:0007032,BLOC1S2
GO:0007033,BLOC1S2
GO:0007040,BLOC1S2
GO:0031082,BLOC1S2
GO:0007032,BLOC1S3
GO:0007033,BLOC1S3
GO:0007040,BLOC1S3
GO:0031082,BLOC1S3
GO:0007032,BLOC1S4
GO:0007033,BLOC1S4
GO:0007040,BLOC1S4
GO:0031082,BLOC1S4
GO:0007032,BLOC1S5
GO:0007033,BLOC1S5
GO:0007040,BLOC1S5
GO:0031082,BLOC1S5
GO:0007032,BLOC1S6
GO:0007033,BLOC1S6
GO:0007040,BLOC1S6
GO:0031082,BLOC1S6
GO:0007032,DTNBP1
GO:0007033,DTNBP1
GO:0007040,DTNBP1
GO:0031082,DTNBP1
GO:0007032,SNAPIN
GO:0007033,SNAPIN
GO:0007040,SNAPIN
GO:0031082,SNAPIN
GO:0005737,AHR
GO:0006950,AHR
GO:0005737,AIP
GO:0006950,AIP
GO:0009593,AIP
GO:0042221,AIP
GO:0005737,HSP90AA1
GO:0006950,HSP90AA1
GO:0009593,HSP90AA1
GO:0042221,HSP90AA1
GO:0005737,HSP90AB1
GO:0006950,HSP90AB1
GO:0009593,HSP90AB1
GO:0042221,HSP90AB1
GO:0005216,BEST1
GO:0006821,BEST1
GO:0007601,BEST1
GO:0009416,BEST1
GO:0009583,BEST1
GO:0023052,BEST1
GO:0005216,PPP2CA
GO:0006821,PPP2CA
GO:0007601,PPP2CA
GO:0009416,PPP2CA
GO:0009583,PPP2CA
GO:0023052,PPP2CA
GO:0005216,PPP2R1A
GO:0006821,PPP2R1A
GO:0007601,PPP2R1A
GO:0009416,PPP2R1A
GO:0009583,PPP2R1A
GO:0023052,PPP2R1A
GO:0005885,ACTR2
GO:0030833,ACTR2
GO:0005885,ACTR3
GO:0030833,ACTR3
GO:0005885,ARPC1B
GO:0030833,ARPC1B
GO:0005885,ARPC2
GO:0030833,ARPC2
GO:0005885,ARPC3
GO:0030833,ARPC3
GO:0005885,ARPC4
GO:0030833,ARPC4
GO:0005885,ARPC5
GO:0030833,ARPC5
GO:0005515,PSMC3
GO:0005524,PSMC3
GO:0006511,PSMC3
GO:0016504,PSMC3
GO:0043161,PSMC3
GO:0051098,PSMC3
GO:0005515,PSMC6
GO:0005524,PSMC6
GO:0006511,PSMC6
GO:0016504,PSMC6
GO:0043161,PSMC6
GO:0051098,PSMC6
GO:0005515,PSMD9
GO:0005524,PSMD9
GO:0006511,PSMD9
GO:0016504,PSMD9
GO:0043161,PSMD9
GO:0051098,PSMD9
GO:0005515,PSME3
GO:0016504,PSME3
GO:0043161,PSME3
GO:0005515,PSME1
GO:0005737,PSME1
GO:0006511,PSME1
GO:0016504,PSME1
GO:0043161,PSME1
GO:0051098,PSME1
GO:0005515,PSME2
GO:0005737,PSME2
GO:0006511,PSME2
GO:0016504,PSME2
GO:0043161,PSME2
GO:0051098,PSME2
GO:0005515,PSMC1
GO:0016504,PSMC1
GO:0043161,PSMC1
GO:0005515,PSMC2
GO:0016504,PSMC2
GO:0043161,PSMC2
GO:0005515,PSMC4
GO:0016504,PSMC4
GO:0043161,PSMC4
GO:0005515,PSMC5
GO:0016504,PSMC5
GO:0043161,PSMC5
GO:0005515,PSMD1
GO:0016504,PSMD1
GO:0043161,PSMD1
GO:0005515,PSMD10
GO:0016504,PSMD10
GO:0043161,PSMD10
GO:0005515,PSMD11
GO:0016504,PSMD11
GO:0043161,PSMD11
GO:0005515,PSMD12
GO:0016504,PSMD12
GO:0043161,PSMD12
GO:0005515,PSMD13
GO:0016504,PSMD13
GO:0043161,PSMD13
GO:0005515,PSMD14
GO:0016504,PSMD14
GO:0043161,PSMD14
GO:0005515,PSMD2
GO:0016504,PSMD2
GO:0043161,PSMD2
GO:0005515,PSMD3
GO:0016504,PSMD3
GO:0043161,PSMD3
GO:0005515,PSMD4
GO:0016504,PSMD4
GO:0043161,PSMD4
GO:0005515,PSMD5
GO:0016504,PSMD5
GO:0043161,PSMD5
GO:0005515,PSMD6
GO:0016504,PSMD6
GO:0043161,PSMD6
GO:0005515,PSMD7
GO:0016504,PSMD7
GO:0043161,PSMD7
GO:0005515,PSMD8
GO:0016504,PSMD8
GO:0043161,PSMD8
GO:0005886,AQP4
GO:0015267,AQP4
GO:0005886,DAG1
GO:0015267,DAG1
GO:0005886,DMD
GO:0015267,DMD
GO:0005886,SNTA1
GO:0015267,SNTA1
GO:0006605,AP1B1
GO:0006886,AP1B1
GO:0006897,AP1B1
GO:0006900,AP1B1
GO:0015031,AP1B1
GO:0016050,AP1B1
GO:0016192,AP1B1
GO:0030133,AP1B1
GO:0006605,AP1G1
GO:0006886,AP1G1
GO:0006897,AP1G1
GO:0006900,AP1G1
GO:0015031,AP1G1
GO:0016050,AP1G1
GO:0016192,AP1G1
GO:0030133,AP1G1
GO:0006605,AP1G2
GO:0006886,AP1G2
GO:0006897,AP1G2
GO:0006900,AP1G2
GO:0015031,AP1G2
GO:0016050,AP1G2
GO:0016192,AP1G2
GO:0030133,AP1G2
GO:0006605,AP1M1
GO:0006886,AP1M1
GO:0006897,AP1M1
GO:0006900,AP1M1
GO:0015031,AP1M1
GO:0016050,AP1M1
GO:0016192,AP1M1
GO:0030133,AP1M1
GO:0006605,AP1M2
GO:0006886,AP1M2
GO:0006897,AP1M2
GO:0006900,AP1M2
GO:0015031,AP1M2
GO:0016050,AP1M2
GO:0016192,AP1M2
GO:0030133,AP1M2
GO:0006605,AP1S1
GO:0006886,AP1S1
GO:0006897,AP1S1
GO:0006900,AP1S1
GO:0015031,AP1S1
GO:0016050,AP1S1
GO:0016192,AP1S1
GO:0030133,AP1S1
GO:0006605,AP1S2
GO:0006886,AP1S2
GO:0006897,AP1S2
GO:0006900,AP1S2
GO:0015031,AP1S2
GO:0016050,AP1S2
GO:0016192,AP1S2
GO:0030133,AP1S2
GO:0006605,AP1S3
GO:0006886,AP1S3
GO:0006897,AP1S3
GO:0006900,AP1S3
GO:0015031,AP1S3
GO:0016050,AP1S3
GO:0016192,AP1S3
GO:0030133,AP1S3
GO:0007605,CDH23
GO:0030154,CDH23
GO:0007605,USH1C
GO:0030154,USH1C
GO:0005634,PSMA1
GO:0005737,PSMA1
GO:0006511,PSMA1
GO:0006950,PSMA1
GO:0016485,PSMA1
GO:0043161,PSMA1
GO:0005634,PSMA2
GO:0005737,PSMA2
GO:0006511,PSMA2
GO:0006950,PSMA2
GO:0016485,PSMA2
GO:0043161,PSMA2
GO:0005634,PSMA3
GO:0005737,PSMA3
GO:0006511,PSMA3
GO:0006950,PSMA3
GO:0016485,PSMA3
GO:0043161,PSMA3
GO:0005634,PSMA4
GO:0005737,PSMA4
GO:0006511,PSMA4
GO:0006950,PSMA4
GO:0016485,PSMA4
GO:0043161,PSMA4
GO:0005634,PSMA5
GO:0005737,PSMA5
GO:0006511,PSMA5
GO:0006950,PSMA5
GO:0016485,PSMA5
GO:0043161,PSMA5
GO:0005634,PSMA6
GO:0005737,PSMA6
GO:0006511,PSMA6
GO:0006950,PSMA6
GO:0016485,PSMA6
GO:0043161,PSMA6
GO:0005634,PSMA7
GO:0005737,PSMA7
GO:0006511,PSMA7
GO:0006950,PSMA7
GO:0016485,PSMA7
GO:0043161,PSMA7
GO:0005634,PSMB1
GO:0005737,PSMB1
GO:0006511,PSMB1
GO:0006950,PSMB1
GO:0016485,PSMB1
GO:0043161,PSMB1
GO:0005634,PSMB2
GO:0005737,PSMB2
GO:0006511,PSMB2
GO:0006950,PSMB2
GO:0016485,PSMB2
GO:0043161,PSMB2
GO:0005634,PSMB3
GO:0005737,PSMB3
GO:0006511,PSMB3
GO:0006950,PSMB3
GO:0016485,PSMB3
GO:0043161,PSMB3
GO:0005634,PSMB4
GO:0005737,PSMB4
GO:0006511,PSMB4
GO:0006950,PSMB4
GO:0016485,PSMB4
GO:0043161,PSMB4
GO:0005634,PSMB5
GO:0005737,PSMB5
GO:0006511,PSMB5
GO:0006950,PSMB5
GO:0016485,PSMB5
GO:0043161,PSMB5
GO:0005634,PSMB6
GO:0005737,PSMB6
GO:0006511,PSMB6
GO:0006950,PSMB6
GO:0016485,PSMB6
GO:0043161,PSMB6
GO:0005634,PSMB7
GO:0005737,PSMB7
GO:0006511,PSMB7
GO:0006950,PSMB7
GO:0016485,PSMB7
GO:0043161,PSMB7
GO:0019882,PSMA1
GO:0019882,PSMA2
GO:0019882,PSMA3
GO:0019882,PSMA4
GO:0019882,PSMA5
GO:0019882,PSMA6
GO:0019882,PSMA7
GO:0019882,PSMB1
GO:0005634,PSMB10
GO:0005737,PSMB10
GO:0006511,PSMB10
GO:0006950,PSMB10
GO:0016485,PSMB10
GO:0019882,PSMB10
GO:0043161,PSMB10
GO:0019882,PSMB2
GO:0019882,PSMB3
GO:0019882,PSMB4
GO:0005634,PSMB8
GO:0005737,PSMB8
GO:0006511,PSMB8
GO:0006950,PSMB8
GO:0016485,PSMB8
GO:0019882,PSMB8
GO:0043161,PSMB8
GO:0005634,PSMB9
GO:0005737,PSMB9
GO:0006511,PSMB9
GO:0006950,PSMB9
GO:0016485,PSMB9
GO:0019882,PSMB9
GO:0043161,PSMB9
GO:0008180,COPS2
GO:0008180,COPS3
GO:0008180,COPS4
GO:0008180,COPS5
GO:0008180,COPS6
GO:0008180,COPS7A
GO:0008180,COPS8
GO:0008180,GPS1
GO:0007155,APBA1
GO:0007268,APBA1
GO:0016079,APBA1
GO:0030054,APBA1
GO:0048489,APBA1
GO:0065003,APBA1
GO:0007155,CASK
GO:0007268,CASK
GO:0016079,CASK
GO:0030054,CASK
GO:0048489,CASK
GO:0065003,CASK
GO:0007155,LIN7A
GO:0007268,LIN7A
GO:0016079,LIN7A
GO:0030054,LIN7A
GO:0048489,LIN7A
GO:0065003,LIN7A
GO:0006605,AP2A2
GO:0006886,AP2A2
GO:0006897,AP2A2
GO:0015031,AP2A2
GO:0016192,AP2A2
GO:0030133,AP2A2
GO:0065003,AP2A2
GO:0006605,AP2B1
GO:0006886,AP2B1
GO:0006897,AP2B1
GO:0015031,AP2B1
GO:0016192,AP2B1
GO:0030133,AP2B1
GO:0065003,AP2B1
GO:0006605,AP2M1
GO:0006886,AP2M1
GO:0006897,AP2M1
GO:0015031,AP2M1
GO:0016192,AP2M1
GO:0030133,AP2M1
GO:0065003,AP2M1
GO:0006605,AP2S1
GO:0006886,AP2S1
GO:0006897,AP2S1
GO:0015031,AP2S1
GO:0016192,AP2S1
GO:0030133,AP2S1
GO:0065003,AP2S1
GO:0003677,POLA1
GO:0003688,POLA1
GO:0003887,POLA1
GO:0005634,POLA1
GO:0006260,POLA1
GO:0006270,POLA1
GO:0003677,POLA2
GO:0003688,POLA2
GO:0003887,POLA2
GO:0005634,POLA2
GO:0006260,POLA2
GO:0006270,POLA2
GO:0003677,PRIM1
GO:0003688,PRIM1
GO:0003887,PRIM1
GO:0005634,PRIM1
GO:0006260,PRIM1
GO:0006270,PRIM1
GO:0003677,PRIM2
GO:0003688,PRIM2
GO:0003887,PRIM2
GO:0005634,PRIM2
GO:0006260,PRIM2
GO:0006270,PRIM2
GO:0007186,GNAQ
GO:0007186,GNB5
GO:0007186,RGS7
GO:0000278,DNMT3B
GO:0000279,DNMT3B
GO:0005694,DNMT3B
GO:0006265,DNMT3B
GO:0006306,DNMT3B
GO:0007059,DNMT3B
GO:0051276,DNMT3B
GO:0000278,HDAC1
GO:0000279,HDAC1
GO:0005694,HDAC1
GO:0006265,HDAC1
GO:0006306,HDAC1
GO:0007059,HDAC1
GO:0051276,HDAC1
GO:0000278,KIF4A
GO:0000279,KIF4A
GO:0005694,KIF4A
GO:0006265,KIF4A
GO:0006306,KIF4A
GO:0007059,KIF4A
GO:0051276,KIF4A
GO:0000278,SIN3A
GO:0000279,SIN3A
GO:0005694,SIN3A
GO:0006265,SIN3A
GO:0006306,SIN3A
GO:0007059,SIN3A
GO:0051276,SIN3A
GO:0000278,SMARCA5
GO:0000279,SMARCA5
GO:0005694,SMARCA5
GO:0006265,SMARCA5
GO:0006306,SMARCA5
GO:0007059,SMARCA5
GO:0051276,SMARCA5
GO:0006265,SMC2
GO:0006306,SMC2
GO:0006265,SMC4
GO:0006306,SMC4
GO:0006897,RAB5A
GO:0034058,RAB5A
GO:0061025,RAB5A
GO:0006897,RABEP1
GO:0034058,RABEP1
GO:0061025,RABEP1
GO:0006897,RABGEF1
GO:0034058,RABGEF1
GO:0061025,RABGEF1
GO:0005524,CCT2
GO:0005737,CCT2
GO:0006457,CCT2
GO:0050821,CCT2
GO:0005524,CCT3
GO:0005737,CCT3
GO:0006457,CCT3
GO:0050821,CCT3
GO:0005524,CCT4
GO:0005737,CCT4
GO:0006457,CCT4
GO:0050821,CCT4
GO:0005524,CCT5
GO:0005737,CCT5
GO:0006457,CCT5
GO:0050821,CCT5
GO:0005524,CCT6A
GO:0005737,CCT6A
GO:0006457,CCT6A
GO:0050821,CCT6A
GO:0005524,CCT7
GO:0005737,CCT7
GO:0006457,CCT7
GO:0050821,CCT7
GO:0005524,CCT8
GO:0005737,CCT8
GO:0006457,CCT8
GO:0050821,CCT8
GO:0005524,TCP1
GO:0005737,TCP1
GO:0006457,TCP1
GO:0050821,TCP1
GO:0007186,RGS7
GO:0000165,HDAC4
GO:0006355,HDAC4
GO:2001141,HDAC4
GO:0000165,MAPK3
GO:0005634,MAPK3
GO:0006265,MAPK3
GO:0006355,MAPK3
GO:0051276,MAPK3
GO:2001141,MAPK3
GO:0005634,ELOA
GO:0006354,ELOA
GO:0043085,ELOA
GO:0045893,ELOA
GO:0005634,ELOB
GO:0006354,ELOB
GO:0043085,ELOB
GO:0045893,ELOB
GO:0005634,ELOC
GO:0006354,ELOC
GO:0043085,ELOC
GO:0045893,ELOC
GO:0000165,MAPK1
GO:0005634,MAPK1
GO:0006265,MAPK1
GO:0006355,MAPK1
GO:0051276,MAPK1
GO:2001141,MAPK1
GO:0005634,NCOR2
GO:0006265,NCOR2
GO:0006473,NCOR2
GO:0006476,NCOR2
GO:0045892,NCOR2
GO:0051276,NCOR2
GO:0005764,AP3B1
GO:0005773,AP3B1
GO:0006605,AP3B1
GO:0006886,AP3B1
GO:0006892,AP3B1
GO:0006897,AP3B1
GO:0015031,AP3B1
GO:0016192,AP3B1
GO:0005764,AP3B2
GO:0005773,AP3B2
GO:0006605,AP3B2
GO:0006886,AP3B2
GO:0006892,AP3B2
GO:0006897,AP3B2
GO:0015031,AP3B2
GO:0016192,AP3B2
GO:0005764,AP3D1
GO:0005773,AP3D1
GO:0006605,AP3D1
GO:0006886,AP3D1
GO:0006892,AP3D1
GO:0006897,AP3D1
GO:0015031,AP3D1
GO:0016192,AP3D1
GO:0005764,AP3M1
GO:0005773,AP3M1
GO:0006605,AP3M1
GO:0006886,AP3M1
GO:0006892,AP3M1
GO:0006897,AP3M1
GO:0015031,AP3M1
GO:0016192,AP3M1
GO:0005764,AP3M2
GO:0005773,AP3M2
GO:0006605,AP3M2
GO:0006886,AP3M2
GO:0006892,AP3M2
GO:0006897,AP3M2
GO:0015031,AP3M2
GO:0016192,AP3M2
GO:0005764,AP3S1
GO:0005773,AP3S1
GO:0006605,AP3S1
GO:0006886,AP3S1
GO:0006892,AP3S1
GO:0006897,AP3S1
GO:0015031,AP3S1
GO:0016192,AP3S1
GO:0005764,AP3S2
GO:0005773,AP3S2
GO:0006605,AP3S2
GO:0006886,AP3S2
GO:0006892,AP3S2
GO:0006897,AP3S2
GO:0015031,AP3S2
GO:0016192,AP3S2
GO:0005634,CHD4
GO:0006265,CHD4
GO:0006357,CHD4
GO:0051276,CHD4
GO:0005634,HDAC1
GO:0006357,HDAC1
GO:0005634,HDAC2
GO:0006265,HDAC2
GO:0006357,HDAC2
GO:0051276,HDAC2
GO:0005634,MBD3
GO:0006265,MBD3
GO:0006357,MBD3
GO:0051276,MBD3
GO:0005634,MTA2
GO:0006265,MTA2
GO:0006357,MTA2
GO:0051276,MTA2
GO:0005634,RBBP4
GO:0006265,RBBP4
GO:0006357,RBBP4
GO:0051276,RBBP4
GO:0005634,RBBP7
GO:0006265,RBBP7
GO:0006357,RBBP7
GO:0051276,RBBP7
GO:0003677,CHD4
GO:0004407,CHD4
GO:0045892,CHD4
GO:0003677,HDAC1
GO:0004407,HDAC1
GO:0045892,HDAC1
GO:0003677,HDAC2
GO:0004407,HDAC2
GO:0045892,HDAC2
GO:0003677,MBD2
GO:0004407,MBD2
GO:0005634,MBD2
GO:0006265,MBD2
GO:0045892,MBD2
GO:0051276,MBD2
GO:0003677,MBD3
GO:0004407,MBD3
GO:0045892,MBD3
GO:0003677,MTA2
GO:0004407,MTA2
GO:0045892,MTA2
GO:0003677,RBBP4
GO:0004407,RBBP4
GO:0045892,RBBP4
GO:0003677,RBBP7
GO:0004407,RBBP7
GO:0045892,RBBP7
GO:0006812,APBA1
GO:0008324,APBA1
GO:0015267,APBA1
GO:0050896,APBA1
GO:0006812,CASK
GO:0008324,CASK
GO:0015267,CASK
GO:0050896,CASK
GO:0006812,DLG1
GO:0008324,DLG1
GO:0015267,DLG1
GO:0050896,DLG1
GO:0006812,KCNJ12
GO:0008324,KCNJ12
GO:0015267,KCNJ12
GO:0050896,KCNJ12
GO:0006812,LIN7C
GO:0008324,LIN7C
GO:0015267,LIN7C
GO:0050896,LIN7C
GO:0005634,MED1
GO:0009755,MED1
GO:0023052,MED1
GO:0030545,MED1
GO:0045893,MED1
GO:0097067,MED1
GO:0005634,MED12
GO:0009755,MED12
GO:0023052,MED12
GO:0030545,MED12
GO:0045893,MED12
GO:0097067,MED12
GO:0005634,MED14
GO:0009755,MED14
GO:0023052,MED14
GO:0030545,MED14
GO:0045893,MED14
GO:0097067,MED14
GO:0005634,MED16
GO:0009755,MED16
GO:0023052,MED16
GO:0030545,MED16
GO:0045893,MED16
GO:0097067,MED16
GO:0005634,MED17
GO:0009755,MED17
GO:0023052,MED17
GO:0030545,MED17
GO:0045893,MED17
GO:0097067,MED17
GO:0005634,MED24
GO:0009755,MED24
GO:0023052,MED24
GO:0030545,MED24
GO:0045893,MED24
GO:0097067,MED24
GO:0005634,MED25
GO:0009755,MED25
GO:0023052,MED25
GO:0030545,MED25
GO:0045893,MED25
GO:0097067,MED25
GO:0005634,THRA
GO:0009755,THRA
GO:0023052,THRA
GO:0030545,THRA
GO:0045893,THRA
GO:0097067,THRA
GO:0005634,THRAP3
GO:0009755,THRAP3
GO:0023052,THRAP3
GO:0030545,THRAP3
GO:0045893,THRAP3
GO:0097067,THRAP3
GO:0005515,AP4B1
GO:0005794,AP4B1
GO:0006605,AP4B1
GO:0006886,AP4B1
GO:0006892,AP4B1
GO:0006897,AP4B1
GO:0015031,AP4B1
GO:0016192,AP4B1
GO:0030133,AP4B1
GO:0005515,AP4E1
GO:0005794,AP4E1
GO:0006605,AP4E1
GO:0006886,AP4E1
GO:0006892,AP4E1
GO:0006897,AP4E1
GO:0015031,AP4E1
GO:0016192,AP4E1
GO:0030133,AP4E1
GO:0005515,AP4M1
GO:0005794,AP4M1
GO:0006605,AP4M1
GO:0006886,AP4M1
GO:0006892,AP4M1
GO:0006897,AP4M1
GO:0015031,AP4M1
GO:0016192,AP4M1
GO:0030133,AP4M1
GO:0005515,AP4S1
GO:0005794,AP4S1
GO:0006605,AP4S1
GO:0006886,AP4S1
GO:0006892,AP4S1
GO:0006897,AP4S1
GO:0015031,AP4S1
GO:0016192,AP4S1
GO:0030133,AP4S1
GO:0003677,RAD51B
GO:0005524,RAD51B
GO:0005634,RAD51B
GO:0006281,RAD51B
GO:0006310,RAD51B
GO:0006974,RAD51B
GO:0003677,RAD51C
GO:0005524,RAD51C
GO:0005634,RAD51C
GO:0006281,RAD51C
GO:0006310,RAD51C
GO:0006974,RAD51C
GO:0003677,RAD51D
GO:0005524,RAD51D
GO:0005634,RAD51D
GO:0006281,RAD51D
GO:0006310,RAD51D
GO:0006974,RAD51D
GO:0003677,XRCC2
GO:0005524,XRCC2
GO:0005634,XRCC2
GO:0006281,XRCC2
GO:0006310,XRCC2
GO:0006974,XRCC2
GO:0003723,A1CF
GO:0016556,A1CF
GO:0003723,APOBEC1
GO:0016556,APOBEC1
GO:0003723,KHSRP
GO:0016556,KHSRP
GO:0005216,ACTB
GO:0005618,ACTB
GO:0006820,ACTB
GO:0006873,ACTB
GO:0008509,ACTB
GO:0019898,ACTB
GO:0050801,ACTB
GO:0005216,CKB
GO:0005618,CKB
GO:0006820,CKB
GO:0006873,CKB
GO:0008509,CKB
GO:0019898,CKB
GO:0050801,CKB
GO:0005216,CLIC4
GO:0005618,CLIC4
GO:0006820,CLIC4
GO:0006873,CLIC4
GO:0008509,CLIC4
GO:0019898,CLIC4
GO:0050801,CLIC4
GO:0005216,DNM2
GO:0005618,DNM2
GO:0006820,DNM2
GO:0006873,DNM2
GO:0008509,DNM2
GO:0019898,DNM2
GO:0050801,DNM2
GO:0005216,TUBA1A
GO:0005618,TUBA1A
GO:0006820,TUBA1A
GO:0006873,TUBA1A
GO:0008509,TUBA1A
GO:0019898,TUBA1A
GO:0050801,TUBA1A
GO:0005216,YWHAE
GO:0005618,YWHAE
GO:0006820,YWHAE
GO:0006873,YWHAE
GO:0008509,YWHAE
GO:0019898,YWHAE
GO:0050801,YWHAE
GO:0005216,YWHAZ
GO:0005618,YWHAZ
GO:0006820,YWHAZ
GO:0006873,YWHAZ
GO:0008509,YWHAZ
GO:0019898,YWHAZ
GO:0050801,YWHAZ
GO:0003677,MRE11
GO:0005634,MRE11
GO:0006281,MRE11
GO:0006974,MRE11
GO:0051276,MRE11
GO:0003677,RAD50
GO:0005634,RAD50
GO:0006281,RAD50
GO:0006974,RAD50
GO:0051276,RAD50
GO:0005216,HOMER3
GO:0005886,HOMER3
GO:0006812,HOMER3
GO:0008324,HOMER3
GO:0023052,HOMER3
GO:0005216,ITPR3
GO:0005886,ITPR3
GO:0006812,ITPR3
GO:0008324,ITPR3
GO:0023052,ITPR3
GO:0005216,TRPC1
GO:0005886,TRPC1
GO:0006812,TRPC1
GO:0008324,TRPC1
GO:0023052,TRPC1
GO:0005515,DNAJA1
GO:0005737,DNAJA1
GO:0006897,DNAJA1
GO:0030705,DNAJA1
GO:0040011,DNAJA1
GO:0048870,DNAJA1
GO:0005515,DYNC1H1
GO:0005737,DYNC1H1
GO:0006897,DYNC1H1
GO:0030705,DYNC1H1
GO:0040011,DYNC1H1
GO:0048870,DYNC1H1
GO:0005515,DYNC1I1
GO:0005737,DYNC1I1
GO:0006897,DYNC1I1
GO:0030705,DYNC1I1
GO:0040011,DYNC1I1
GO:0048870,DYNC1I1
GO:0005515,DYNC1I2
GO:0005737,DYNC1I2
GO:0006897,DYNC1I2
GO:0030705,DYNC1I2
GO:0040011,DYNC1I2
GO:0048870,DYNC1I2
GO:0005515,DYNC1LI1
GO:0005737,DYNC1LI1
GO:0006897,DYNC1LI1
GO:0030705,DYNC1LI1
GO:0040011,DYNC1LI1
GO:0048870,DYNC1LI1
GO:0005515,DYNC2H1
GO:0005737,DYNC2H1
GO:0006897,DYNC2H1
GO:0030705,DYNC2H1
GO:0040011,DYNC2H1
GO:0048870,DYNC2H1
GO:0005515,DYNLL1
GO:0005737,DYNLL1
GO:0006897,DYNLL1
GO:0030705,DYNLL1
GO:0040011,DYNLL1
GO:0048870,DYNLL1
GO:0005515,DYNLRB1
GO:0005737,DYNLRB1
GO:0006897,DYNLRB1
GO:0030705,DYNLRB1
GO:0040011,DYNLRB1
GO:0048870,DYNLRB1
GO:0005515,DYNLT1
GO:0005737,DYNLT1
GO:0006897,DYNLT1
GO:0030705,DYNLT1
GO:0040011,DYNLT1
GO:0048870,DYNLT1
GO:0005737,NOS1
GO:0007263,NOS1
GO:0005737,NOS1AP
GO:0007263,NOS1AP
GO:0005737,RASD1
GO:0007263,RASD1
GO:0007263,SYN1
GO:0006511,CUL7
GO:0016567,CUL7
GO:0006511,FBXW8
GO:0016567,FBXW8
GO:0006511,RBX1
GO:0016567,RBX1
GO:0006511,SKP1
GO:0016567,SKP1
GO:0005515,CUL2
GO:0006511,CUL2
GO:0016567,CUL2
GO:0005515,ELOB
GO:0006511,ELOB
GO:0016567,ELOB
GO:0005515,ELOC
GO:0006511,ELOC
GO:0016567,ELOC
GO:0005515,RBX1
GO:0006511,RBX1
GO:0016567,RBX1
GO:0005515,VHL
GO:0006511,VHL
GO:0016567,VHL
GO:0005337,MDH1
GO:0005886,MDH1
GO:0006862,MDH1
GO:0015215,MDH1
GO:0015267,MDH1
GO:0015858,MDH1
GO:0015931,MDH1
GO:0005337,NUP58
GO:0005886,NUP58
GO:0006862,NUP58
GO:0015215,NUP58
GO:0015267,NUP58
GO:0015858,NUP58
GO:0015931,NUP58
GO:0000226,STMN1
GO:0007049,STMN1
GO:0015631,STMN1
GO:0000226,TUBA4A
GO:0007049,TUBA4A
GO:0015631,TUBA4A
GO:0000226,TUBB1
GO:0007049,TUBB1
GO:0015631,TUBB1
GO:0003677,ACTB
GO:0005634,ACTB
GO:0006265,ACTB
GO:0006479,ACTB
GO:0009755,ACTB
GO:0018126,ACTB
GO:0023052,ACTB
GO:0045893,ACTB
GO:0051276,ACTB
GO:0003677,ARID1A
GO:0005634,ARID1A
GO:0006265,ARID1A
GO:0006479,ARID1A
GO:0009755,ARID1A
GO:0018126,ARID1A
GO:0023052,ARID1A
GO:0045893,ARID1A
GO:0051276,ARID1A
GO:0003677,CARM1
GO:0005634,CARM1
GO:0006265,CARM1
GO:0006479,CARM1
GO:0009755,CARM1
GO:0018126,CARM1
GO:0023052,CARM1
GO:0045893,CARM1
GO:0051276,CARM1
GO:0003677,SCYL1
GO:0005634,SCYL1
GO:0006265,SCYL1
GO:0006479,SCYL1
GO:0009755,SCYL1
GO:0018126,SCYL1
GO:0023052,SCYL1
GO:0045893,SCYL1
GO:0051276,SCYL1
GO:0003677,SMARCA4
GO:0005634,SMARCA4
GO:0006265,SMARCA4
GO:0006479,SMARCA4
GO:0009755,SMARCA4
GO:0018126,SMARCA4
GO:0023052,SMARCA4
GO:0045893,SMARCA4
GO:0051276,SMARCA4
GO:0003677,SMARCB1
GO:0005634,SMARCB1
GO:0006265,SMARCB1
GO:0006479,SMARCB1
GO:0009755,SMARCB1
GO:0018126,SMARCB1
GO:0023052,SMARCB1
GO:0045893,SMARCB1
GO:0051276,SMARCB1
GO:0003677,SMARCC1
GO:0005634,SMARCC1
GO:0006265,SMARCC1
GO:0006479,SMARCC1
GO:0009755,SMARCC1
GO:0018126,SMARCC1
GO:0023052,SMARCC1
GO:0045893,SMARCC1
GO:0051276,SMARCC1
GO:0003677,SMARCC2
GO:0005634,SMARCC2
GO:0006265,SMARCC2
GO:0006479,SMARCC2
GO:0009755,SMARCC2
GO:0018126,SMARCC2
GO:0023052,SMARCC2
GO:0045893,SMARCC2
GO:0051276,SMARCC2
GO:0003677,SMARCD1
GO:0005634,SMARCD1
GO:0006265,SMARCD1
GO:0006479,SMARCD1
GO:0009755,SMARCD1
GO:0018126,SMARCD1
GO:0023052,SMARCD1
GO:0045893,SMARCD1
GO:0051276,SMARCD1
GO:0003677,SMARCE1
GO:0005634,SMARCE1
GO:0006265,SMARCE1
GO:0006479,SMARCE1
GO:0009755,SMARCE1
GO:0018126,SMARCE1
GO:0023052,SMARCE1
GO:0045893,SMARCE1
GO:0051276,SMARCE1
GO:0000775,NUP107
GO:0015031,NUP107
GO:0051169,NUP107
GO:0000775,NUP133
GO:0015031,NUP133
GO:0051169,NUP133
GO:0000775,NUP160
GO:0015031,NUP160
GO:0051169,NUP160
GO:0000775,NUP37
GO:0015031,NUP37
GO:0051169,NUP37
GO:0000775,NUP43
GO:0015031,NUP43
GO:0051169,NUP43
GO:0000775,NUP85
GO:0015031,NUP85
GO:0051169,NUP85
GO:0000775,NUP98
GO:0015031,NUP98
GO:0051169,NUP98
GO:0000775,SEC13
GO:0015031,SEC13
GO:0051169,SEC13
GO:0000775,SEH1L
GO:0015031,SEH1L
GO:0051169,SEH1L
GO:0000139,BET1
GO:0005783,BET1
GO:0005794,BET1
GO:0006888,BET1
GO:0006891,BET1
GO:0006900,BET1
GO:0006906,BET1
GO:0016050,BET1
GO:0016079,BET1
GO:0016192,BET1
GO:0031201,BET1
GO:0048489,BET1
GO:0061025,BET1
GO:0000139,GOSR1
GO:0005783,GOSR1
GO:0005794,GOSR1
GO:0006888,GOSR1
GO:0006891,GOSR1
GO:0006900,GOSR1
GO:0006906,GOSR1
GO:0016050,GOSR1
GO:0016079,GOSR1
GO:0016192,GOSR1
GO:0031201,GOSR1
GO:0048489,GOSR1
GO:0061025,GOSR1
GO:0000139,GOSR2
GO:0005783,GOSR2
GO:0005794,GOSR2
GO:0006888,GOSR2
GO:0006891,GOSR2
GO:0006900,GOSR2
GO:0006906,GOSR2
GO:0016050,GOSR2
GO:0016079,GOSR2
GO:0016192,GOSR2
GO:0031201,GOSR2
GO:0048489,GOSR2
GO:0061025,GOSR2
GO:0000139,SCFD1
GO:0005783,SCFD1
GO:0005794,SCFD1
GO:0006888,SCFD1
GO:0006891,SCFD1
GO:0006900,SCFD1
GO:0006906,SCFD1
GO:0016050,SCFD1
GO:0016079,SCFD1
GO:0016192,SCFD1
GO:0031201,SCFD1
GO:0048489,SCFD1
GO:0061025,SCFD1
GO:0000139,SEC22B
GO:0005783,SEC22B
GO:0005794,SEC22B
GO:0006888,SEC22B
GO:0006891,SEC22B
GO:0006900,SEC22B
GO:0006906,SEC22B
GO:0016050,SEC22B
GO:0016079,SEC22B
GO:0016192,SEC22B
GO:0031201,SEC22B
GO:0048489,SEC22B
GO:0061025,SEC22B
GO:0000139,STX5
GO:0005783,STX5
GO:0005794,STX5
GO:0006888,STX5
GO:0006891,STX5
GO:0006900,STX5
GO:0006906,STX5
GO:0016050,STX5
GO:0016079,STX5
GO:0016192,STX5
GO:0031201,STX5
GO:0048489,STX5
GO:0061025,STX5
GO:0005737,FANCA
GO:0006974,FANCA
GO:0016567,FANCA
GO:0005737,FANCC
GO:0006974,FANCC
GO:0016567,FANCC
GO:0005737,FANCF
GO:0006974,FANCF
GO:0016567,FANCF
GO:0005737,FANCG
GO:0006974,FANCG
GO:0016567,FANCG
GO:0005634,CD28
GO:0006352,CD28
GO:0006355,CD28
GO:0005634,NCL
GO:0006352,NCL
GO:0006355,NCL
GO:0000278,ANAPC1
GO:0005515,ANAPC1
GO:0005634,ANAPC1
GO:0016567,ANAPC1
GO:0051726,ANAPC1
GO:0000278,ANAPC2
GO:0005515,ANAPC2
GO:0005634,ANAPC2
GO:0016567,ANAPC2
GO:0051726,ANAPC2
GO:0000278,ANAPC4
GO:0005515,ANAPC4
GO:0005634,ANAPC4
GO:0016567,ANAPC4
GO:0051726,ANAPC4
GO:0000278,ANAPC5
GO:0005515,ANAPC5
GO:0005634,ANAPC5
GO:0016567,ANAPC5
GO:0051726,ANAPC5
GO:0000278,ANAPC7
GO:0005515,ANAPC7
GO:0005634,ANAPC7
GO:0016567,ANAPC7
GO:0051726,ANAPC7
GO:0000278,CDC16
GO:0005515,CDC16
GO:0005634,CDC16
GO:0016567,CDC16
GO:0051726,CDC16
GO:0000278,CDC23
GO:0005515,CDC23
GO:0005634,CDC23
GO:0016567,CDC23
GO:0051726,CDC23
GO:0000278,CDC27
GO:0005515,CDC27
GO:0005634,CDC27
GO:0016567,CDC27
GO:0051726,CDC27
GO:0003677,NAA15
GO:0006355,NAA15
GO:0003677,XRCC5
GO:0006355,XRCC5
GO:0003677,XRCC6
GO:0006355,XRCC6
GO:0006511,ANAPC1
GO:0000278,ANAPC10
GO:0005515,ANAPC10
GO:0005634,ANAPC10
GO:0006511,ANAPC10
GO:0016567,ANAPC10
GO:0051726,ANAPC10
GO:0006511,ANAPC2
GO:0006511,ANAPC4
GO:0006511,ANAPC5
GO:0006511,ANAPC7
GO:0006511,CDC16
GO:0006511,CDC23
GO:0006511,CDC27
GO:0000278,ANAPC1
GO:0005515,ANAPC1
GO:0005634,ANAPC1
GO:0006511,ANAPC1
GO:0016567,ANAPC1
GO:0051726,ANAPC1
GO:0000278,ANAPC10
GO:0005515,ANAPC10
GO:0005634,ANAPC10
GO:0006511,ANAPC10
GO:0016567,ANAPC10
GO:0051726,ANAPC10
GO:0000278,ANAPC2
GO:0005515,ANAPC2
GO:0005634,ANAPC2
GO:0006511,ANAPC2
GO:0016567,ANAPC2
GO:0051726,ANAPC2
GO:0000278,ANAPC4
GO:0005515,ANAPC4
GO:0005634,ANAPC4
GO:0006511,ANAPC4
GO:0016567,ANAPC4
GO:0051726,ANAPC4
GO:0000278,ANAPC5
GO:0005515,ANAPC5
GO:0005634,ANAPC5
GO:0006511,ANAPC5
GO:0016567,ANAPC5
GO:0051726,ANAPC5
GO:0000278,ANAPC7
GO:0005515,ANAPC7
GO:0005634,ANAPC7
GO:0006511,ANAPC7
GO:0016567,ANAPC7
GO:0051726,ANAPC7
GO:0000278,CCDC27
GO:0005515,CCDC27
GO:0005634,CCDC27
GO:0006511,CCDC27
GO:0016567,CCDC27
GO:0051726,CCDC27
GO:0000278,CDC16
GO:0005515,CDC16
GO:0005634,CDC16
GO:0006511,CDC16
GO:0016567,CDC16
GO:0051726,CDC16
GO:0000278,CDC23
GO:0005515,CDC23
GO:0005634,CDC23
GO:0006511,CDC23
GO:0016567,CDC23
GO:0051726,CDC23
GO:0005634,EP300
GO:0006355,EP300
GO:0030234,EP300
GO:0050790,EP300
GO:2001141,EP300
GO:0005634,MDM2
GO:0006355,MDM2
GO:0030234,MDM2
GO:0050790,MDM2
GO:2001141,MDM2
GO:0005634,TP53
GO:0006355,TP53
GO:0030234,TP53
GO:0050790,TP53
GO:2001141,TP53
GO:0005634,BPTF
GO:0006265,BPTF
GO:0006355,BPTF
GO:0022008,BPTF
GO:0030182,BPTF
GO:0048699,BPTF
GO:0051276,BPTF
GO:2001141,BPTF
GO:0006355,RBBP4
GO:0022008,RBBP4
GO:0030182,RBBP4
GO:0048699,RBBP4
GO:2001141,RBBP4
GO:0006355,RBBP7
GO:0022008,RBBP7
GO:0030182,RBBP7
GO:0048699,RBBP7
GO:2001141,RBBP7
GO:0005634,SMARCA1
GO:0006265,SMARCA1
GO:0006355,SMARCA1
GO:0022008,SMARCA1
GO:0030182,SMARCA1
GO:0048699,SMARCA1
GO:0051276,SMARCA1
GO:2001141,SMARCA1
GO:0005634,BAZ2A
GO:0006265,BAZ2A
GO:0006338,BAZ2A
GO:0006356,BAZ2A
GO:0051276,BAZ2A
GO:0005634,SMARCA5
GO:0006265,SMARCA5
GO:0006338,SMARCA5
GO:0006356,SMARCA5
GO:0051276,SMARCA5
GO:0005634,REC8
GO:0007127,REC8
GO:0007135,REC8
GO:0051276,REC8
GO:0005634,SMC1B
GO:0007127,SMC1B
GO:0007135,SMC1B
GO:0051276,SMC1B
GO:0005634,SMC3
GO:0007127,SMC3
GO:0007135,SMC3
GO:0051276,SMC3
GO:0005634,SYCP3
GO:0007127,SYCP3
GO:0007135,SYCP3
GO:0051276,SYCP3
GO:0003677,ERCC2
GO:0005634,ERCC2
GO:0006351,ERCC2
GO:0003677,ERCC3
GO:0005634,ERCC3
GO:0006351,ERCC3
GO:0003677,GTF2B
GO:0005634,GTF2B
GO:0006351,GTF2B
GO:0003677,GTF2E1
GO:0005634,GTF2E1
GO:0006351,GTF2E1
GO:0003677,GTF2E2
GO:0005634,GTF2E2
GO:0006351,GTF2E2
GO:0003677,GTF2F1
GO:0005634,GTF2F1
GO:0006351,GTF2F1
GO:0003677,GTF2F2
GO:0005634,GTF2F2
GO:0006351,GTF2F2
GO:0003677,GTF2H1
GO:0005634,GTF2H1
GO:0006351,GTF2H1
GO:0003677,GTF2H2
GO:0005634,GTF2H2
GO:0006351,GTF2H2
GO:0003677,GTF2H3
GO:0005634,GTF2H3
GO:0006351,GTF2H3
GO:0003677,GTF2H4
GO:0005634,GTF2H4
GO:0006351,GTF2H4
GO:0003677,POLR2A
GO:0005634,POLR2A
GO:0006351,POLR2A
GO:0003677,POLR2B
GO:0005634,POLR2B
GO:0006351,POLR2B
GO:0003677,POLR2C
GO:0005634,POLR2C
GO:0006351,POLR2C
GO:0003677,POLR2D
GO:0005634,POLR2D
GO:0006351,POLR2D
GO:0003677,POLR2E
GO:0005634,POLR2E
GO:0006351,POLR2E
GO:0003677,POLR2F
GO:0005634,POLR2F
GO:0006351,POLR2F
GO:0003677,POLR2G
GO:0005634,POLR2G
GO:0006351,POLR2G
GO:0003677,POLR2H
GO:0005634,POLR2H
GO:0006351,POLR2H
GO:0003677,POLR2I
GO:0005634,POLR2I
GO:0006351,POLR2I
GO:0003677,POLR2J
GO:0005634,POLR2J
GO:0006351,POLR2J
GO:0003677,POLR2K
GO:0005634,POLR2K
GO:0006351,POLR2K
GO:0003677,POLR2L
GO:0005634,POLR2L
GO:0006351,POLR2L
GO:0003677,TBP
GO:0005634,TBP
GO:0006351,TBP
GO:0006355,MYOG
GO:0007517,MYOG
GO:0030154,MYOG
GO:0006355,SRF
GO:0007517,SRF
GO:0030154,SRF
GO:0006355,TCF3
GO:0007517,TCF3
GO:0030154,TCF3
GO:0005634,CCNH
GO:0006281,CCNH
GO:0006355,CCNH
GO:0007049,CCNH
GO:0005634,CDK7
GO:0006281,CDK7
GO:0006355,CDK7
GO:0007049,CDK7
GO:0006281,ERCC2
GO:0006355,ERCC2
GO:0007049,ERCC2
GO:0006281,ERCC3
GO:0006355,ERCC3
GO:0007049,ERCC3
GO:0006281,GTF2H1
GO:0006355,GTF2H1
GO:0007049,GTF2H1
GO:0006281,GTF2H2
GO:0006355,GTF2H2
GO:0007049,GTF2H2
GO:0006281,GTF2H3
GO:0006355,GTF2H3
GO:0007049,GTF2H3
GO:0006281,GTF2H4
GO:0006355,GTF2H4
GO:0007049,GTF2H4
GO:0005634,MNAT1
GO:0006281,MNAT1
GO:0006355,MNAT1
GO:0007049,MNAT1
GO:0015031,ADAM1B
GO:0140318,ADAM1B
GO:0015031,ADAM2
GO:0140318,ADAM2
GO:0006457,PFDN1
GO:0007010,PFDN1
GO:0016272,PFDN1
GO:0030036,PFDN1
GO:0050821,PFDN1
GO:0006457,PFDN2
GO:0007010,PFDN2
GO:0016272,PFDN2
GO:0030036,PFDN2
GO:0050821,PFDN2
GO:0006457,PFDN4
GO:0007010,PFDN4
GO:0016272,PFDN4
GO:0030036,PFDN4
GO:0050821,PFDN4
GO:0006457,PFDN5
GO:0007010,PFDN5
GO:0016272,PFDN5
GO:0030036,PFDN5
GO:0050821,PFDN5
GO:0006457,PFDN6
GO:0007010,PFDN6
GO:0016272,PFDN6
GO:0030036,PFDN6
GO:0050821,PFDN6
GO:0006457,VBP1
GO:0007010,VBP1
GO:0016272,VBP1
GO:0030036,VBP1
GO:0050821,VBP1
GO:0003677,SNAPC1
GO:0005515,SNAPC1
GO:0005634,SNAPC1
GO:0006355,SNAPC1
GO:2001141,SNAPC1
GO:0003677,SNAPC2
GO:0005515,SNAPC2
GO:0005634,SNAPC2
GO:0006355,SNAPC2
GO:2001141,SNAPC2
GO:0003677,SNAPC3
GO:0005515,SNAPC3
GO:0005634,SNAPC3
GO:0006355,SNAPC3
GO:2001141,SNAPC3
GO:0003677,SNAPC4
GO:0005515,SNAPC4
GO:0005634,SNAPC4
GO:0006355,SNAPC4
GO:2001141,SNAPC4
GO:0003677,SNAPC5
GO:0005515,SNAPC5
GO:0005634,SNAPC5
GO:0006355,SNAPC5
GO:2001141,SNAPC5
GO:0005634,BMI1
GO:0006265,BMI1
GO:0006479,BMI1
GO:0018126,BMI1
GO:0032774,BMI1
GO:0045892,BMI1
GO:0051276,BMI1
GO:0005634,CBX2
GO:0006265,CBX2
GO:0006479,CBX2
GO:0018126,CBX2
GO:0032774,CBX2
GO:0045892,CBX2
GO:0051276,CBX2
GO:0005634,CBX4
GO:0006265,CBX4
GO:0006479,CBX4
GO:0018126,CBX4
GO:0032774,CBX4
GO:0045892,CBX4
GO:0051276,CBX4
GO:0005634,CBX8
GO:0006265,CBX8
GO:0006479,CBX8
GO:0018126,CBX8
GO:0032774,CBX8
GO:0045892,CBX8
GO:0051276,CBX8
GO:0005634,HSPA1A
GO:0006265,HSPA1A
GO:0006479,HSPA1A
GO:0018126,HSPA1A
GO:0032774,HSPA1A
GO:0045892,HSPA1A
GO:0051276,HSPA1A
GO:0005634,PHC1
GO:0006265,PHC1
GO:0006479,PHC1
GO:0018126,PHC1
GO:0032774,PHC1
GO:0045892,PHC1
GO:0051276,PHC1
GO:0005634,PHC2
GO:0006265,PHC2
GO:0006479,PHC2
GO:0018126,PHC2
GO:0032774,PHC2
GO:0045892,PHC2
GO:0051276,PHC2
GO:0005634,PHC3
GO:0006265,PHC3
GO:0006479,PHC3
GO:0018126,PHC3
GO:0032774,PHC3
GO:0045892,PHC3
GO:0051276,PHC3
GO:0005634,RING1
GO:0006265,RING1
GO:0006479,RING1
GO:0018126,RING1
GO:0032774,RING1
GO:0045892,RING1
GO:0051276,RING1
GO:0005634,RNF2
GO:0006265,RNF2
GO:0006479,RNF2
GO:0018126,RNF2
GO:0032774,RNF2
GO:0045892,RNF2
GO:0051276,RNF2
GO:0005634,SCMH1
GO:0006265,SCMH1
GO:0006479,SCMH1
GO:0018126,SCMH1
GO:0032774,SCMH1
GO:0045892,SCMH1
GO:0051276,SCMH1
GO:0005634,SMARCA5
GO:0006479,SMARCA5
GO:0018126,SMARCA5
GO:0032774,SMARCA5
GO:0045892,SMARCA5
GO:0005634,YY1
GO:0006265,YY1
GO:0006479,YY1
GO:0018126,YY1
GO:0032774,YY1
GO:0045892,YY1
GO:0051276,YY1
GO:0007186,ADGRG1
GO:0007186,CD81
GO:0007186,GNA11
GO:0007186,GNAQ
GO:0007186,GNB1
GO:0005783,PIGA
GO:0006644,PIGA
GO:0008654,PIGA
GO:0009395,PIGA
GO:0005783,PIGC
GO:0006644,PIGC
GO:0008654,PIGC
GO:0009395,PIGC
GO:0005783,PIGH
GO:0006644,PIGH
GO:0008654,PIGH
GO:0009395,PIGH
GO:0005783,PIGQ
GO:0006644,PIGQ
GO:0008654,PIGQ
GO:0009395,PIGQ
GO:0006915,LTA
GO:0007166,LTA
GO:0006915,LTB
GO:0007166,LTB
GO:0006915,LTBR
GO:0007166,LTBR
GO:0005524,MCM2
GO:0005694,MCM2
GO:0006260,MCM2
GO:0051321,MCM2
GO:0005524,MCM3
GO:0005694,MCM3
GO:0006260,MCM3
GO:0051321,MCM3
GO:0005524,MCM4
GO:0005694,MCM4
GO:0006260,MCM4
GO:0051321,MCM4
GO:0005524,MCM5
GO:0005694,MCM5
GO:0006260,MCM5
GO:0051321,MCM5
GO:0005524,MCM6
GO:0005694,MCM6
GO:0006260,MCM6
GO:0051321,MCM6
GO:0005524,MCM7
GO:0005694,MCM7
GO:0006260,MCM7
GO:0051321,MCM7
GO:0003723,POP1
GO:0005634,POP1
GO:0006364,POP1
GO:0006401,POP1
GO:0003723,POP4
GO:0005634,POP4
GO:0006364,POP4
GO:0006401,POP4
GO:0003723,POP5
GO:0005634,POP5
GO:0006364,POP5
GO:0006401,POP5
GO:0003723,POP7
GO:0005634,POP7
GO:0006364,POP7
GO:0006401,POP7
GO:0003723,RPP14
GO:0005634,RPP14
GO:0006364,RPP14
GO:0006401,RPP14
GO:0003723,RPP21
GO:0005634,RPP21
GO:0006364,RPP21
GO:0006401,RPP21
GO:0003723,RPP25
GO:0005634,RPP25
GO:0006364,RPP25
GO:0006401,RPP25
GO:0003723,RPP30
GO:0005634,RPP30
GO:0006364,RPP30
GO:0006401,RPP30
GO:0003723,RPP38
GO:0005634,RPP38
GO:0006364,RPP38
GO:0006401,RPP38
GO:0003723,RPP40
GO:0005634,RPP40
GO:0006364,RPP40
GO:0006401,RPP40
GO:0001750,GNAT1
GO:0005886,GNAT1
GO:0007186,GNAT1
GO:0007601,GNAT1
GO:0009416,GNAT1
GO:0009583,GNAT1
GO:0001750,GNB5
GO:0005886,GNB5
GO:0007186,GNB5
GO:0007601,GNB5
GO:0009416,GNB5
GO:0009583,GNB5
GO:0001750,RGS9
GO:0005886,RGS9
GO:0007186,RGS9
GO:0007601,RGS9
GO:0009416,RGS9
GO:0009583,RGS9
GO:0001750,RGS9BP
GO:0005886,RGS9BP
GO:0007186,RGS9BP
GO:0007601,RGS9BP
GO:0009416,RGS9BP
GO:0009583,RGS9BP
GO:0005524,CCT2
GO:0005737,CCT2
GO:0006457,CCT2
GO:0050821,CCT2
GO:0005524,CCT3
GO:0005737,CCT3
GO:0006457,CCT3
GO:0050821,CCT3
GO:0005524,CCT4
GO:0005737,CCT4
GO:0006457,CCT4
GO:0050821,CCT4
GO:0005524,CCT5
GO:0005737,CCT5
GO:0006457,CCT5
GO:0050821,CCT5
GO:0005524,CCT6A
GO:0005737,CCT6A
GO:0006457,CCT6A
GO:0050821,CCT6A
GO:0005524,CCT7
GO:0005737,CCT7
GO:0006457,CCT7
GO:0050821,CCT7
GO:0005524,CCT8
GO:0005737,CCT8
GO:0006457,CCT8
GO:0050821,CCT8
GO:0005524,TCP1
GO:0005737,TCP1
GO:0006457,TCP1
GO:0050821,TCP1
GO:0000278,NDC80
GO:0000775,NDC80
GO:0007059,NDC80
GO:0000278,NUF2
GO:0000775,NUF2
GO:0007059,NUF2
GO:0000278,SPC24
GO:0000775,SPC24
GO:0007059,SPC24
GO:0000278,SPC25
GO:0000775,SPC25
GO:0007059,SPC25
GO:0003688,ORC1
GO:0005524,ORC1
GO:0005694,ORC1
GO:0006267,ORC1
GO:0003688,ORC2
GO:0005524,ORC2
GO:0005694,ORC2
GO:0006267,ORC2
GO:0003688,ORC3
GO:0005524,ORC3
GO:0005694,ORC3
GO:0006267,ORC3
GO:0003688,ORC4
GO:0005524,ORC4
GO:0005694,ORC4
GO:0006267,ORC4
GO:0003688,ORC5
GO:0005524,ORC5
GO:0005694,ORC5
GO:0006267,ORC5
GO:0003688,ORC6
GO:0005524,ORC6
GO:0005694,ORC6
GO:0006267,ORC6
GO:0006915,CASP2
GO:0006919,CASP2
GO:0006915,CRADD
GO:0006919,CRADD
GO:0006915,PIDD1
GO:0006919,PIDD1
GO:0005509,TNNC2
GO:0006936,TNNC2
GO:0007517,TNNC2
GO:0015629,TNNC2
GO:0005509,TNNI2
GO:0006936,TNNI2
GO:0007517,TNNI2
GO:0015629,TNNI2
GO:0005509,TNNT3
GO:0006936,TNNT3
GO:0007517,TNNT3
GO:0015629,TNNT3
GO:0000723,ACD
GO:0003677,ACD
GO:0005634,ACD
GO:0009615,ACD
GO:0019048,ACD
GO:0051276,ACD
GO:0000723,POT1
GO:0003677,POT1
GO:0005634,POT1
GO:0009615,POT1
GO:0019048,POT1
GO:0051276,POT1
GO:0000723,TERF1
GO:0003677,TERF1
GO:0005634,TERF1
GO:0009615,TERF1
GO:0019048,TERF1
GO:0051276,TERF1
GO:0000723,TERF2
GO:0003677,TERF2
GO:0005634,TERF2
GO:0009615,TERF2
GO:0019048,TERF2
GO:0051276,TERF2
GO:0000723,TERF2IP
GO:0003677,TERF2IP
GO:0005634,TERF2IP
GO:0009615,TERF2IP
GO:0019048,TERF2IP
GO:0051276,TERF2IP
GO:0000723,TINF2
GO:0003677,TINF2
GO:0005634,TINF2
GO:0009615,TINF2
GO:0019048,TINF2
GO:0051276,TINF2
GO:0005216,ABCB8
GO:0005743,ABCB8
GO:0006812,ABCB8
GO:0008324,ABCB8
GO:0005216,ATP5F1A
GO:0005743,ATP5F1A
GO:0006812,ATP5F1A
GO:0008324,ATP5F1A
GO:0005216,SDHA
GO:0005743,SDHA
GO:0006812,SDHA
GO:0008324,SDHA
GO:0005216,SDHB
GO:0005743,SDHB
GO:0006812,SDHB
GO:0008324,SDHB
GO:0005216,SLC25A3
GO:0005743,SLC25A3
GO:0006812,SLC25A3
GO:0008324,SLC25A3
GO:0005216,SLC25A4
GO:0005743,SLC25A4
GO:0006812,SLC25A4
GO:0008324,SLC25A4
GO:0005634,BEX2
GO:0006355,BEX2
GO:0022008,BEX2
GO:0048699,BEX2
GO:2001141,BEX2
GO:0005634,LDB1
GO:0006355,LDB1
GO:0022008,LDB1
GO:0048699,LDB1
GO:2001141,LDB1
GO:0005634,LMO2
GO:0006355,LMO2
GO:0022008,LMO2
GO:0048699,LMO2
GO:2001141,LMO2
GO:0005634,NHLH2
GO:0006355,NHLH2
GO:0022008,NHLH2
GO:0048699,NHLH2
GO:2001141,NHLH2
GO:0005794,APH1A
GO:0005886,APH1A
GO:0016485,APH1A
GO:0023052,APH1A
GO:0005794,BSG
GO:0005886,BSG
GO:0016485,BSG
GO:0023052,BSG
GO:0005794,NCSTN
GO:0005886,NCSTN
GO:0016485,NCSTN
GO:0023052,NCSTN
GO:0005794,PSEN1
GO:0005886,PSEN1
GO:0016485,PSEN1
GO:0023052,PSEN1
GO:0005794,PSENEN
GO:0005886,PSENEN
GO:0016485,PSENEN
GO:0023052,PSENEN
GO:0016485,APBB1
GO:0016485,APP
GO:0016485,LRP1
GO:0006605,AP1AR
GO:0006886,AP1AR
GO:0006897,AP1AR
GO:0006900,AP1AR
GO:0015031,AP1AR
GO:0016050,AP1AR
GO:0016192,AP1AR
GO:0030133,AP1AR
GO:0005515,CCT2
GO:0005832,CCT2
GO:0016272,CCT2
GO:0005515,CCT3
GO:0005832,CCT3
GO:0016272,CCT3
GO:0005515,CCT4
GO:0005832,CCT4
GO:0016272,CCT4
GO:0005515,CCT5
GO:0005832,CCT5
GO:0016272,CCT5
GO:0005515,CCT6A
GO:0005832,CCT6A
GO:0016272,CCT6A
GO:0005515,CCT7
GO:0005832,CCT7
GO:0016272,CCT7
GO:0005515,CCT8
GO:0005832,CCT8
GO:0016272,CCT8
GO:0005515,PFDN1
GO:0005832,PFDN1
GO:0005515,PFDN2
GO:0005832,PFDN2
GO:0005515,PFDN4
GO:0005832,PFDN4
GO:0005515,PFDN5
GO:0005832,PFDN5
GO:0005515,PFDN6
GO:0005832,PFDN6
GO:0005515,TCP1
GO:0005832,TCP1
GO:0016272,TCP1
GO:0005515,VBP1
GO:0005832,VBP1
GO:0016079,DNM1
GO:0016079,SRC
GO:0016079,SYN1
GO:0048489,DNM1
GO:0048489,SRC
GO:0048489,SYN1
GO:0016079,AP2A2
GO:0048489,AP2A2
GO:0006338,ACTB
GO:0006355,ACTB
GO:0003677,ACTL6A
GO:0005634,ACTL6A
GO:0006338,ACTL6A
GO:0006355,ACTL6A
GO:0003677,ARID2
GO:0005634,ARID2
GO:0006338,ARID2
GO:0006355,ARID2
GO:0003677,PBRM1
GO:0005634,PBRM1
GO:0006338,PBRM1
GO:0006355,PBRM1
GO:0006338,SMARCA4
GO:0006355,SMARCA4
GO:0006338,SMARCB1
GO:0006355,SMARCB1
GO:0006338,SMARCC1
GO:0006355,SMARCC1
GO:0006338,SMARCC2
GO:0006355,SMARCC2
GO:0006338,SMARCD1
GO:0006355,SMARCD1
GO:0006338,SMARCE1
GO:0006355,SMARCE1
GO:0005515,CCT6B
GO:0005524,CCT6B
GO:0005737,CCT6B
GO:0005832,CCT6B
GO:0006457,CCT6B
GO:0050821,CCT6B
GO:0006352,GTF2E1
GO:0006355,GTF2E1
GO:2001141,GTF2E1
GO:0006352,GTF2E2
GO:0006355,GTF2E2
GO:2001141,GTF2E2
GO:0000287,GTF2F1
GO:0005524,GTF2F1
GO:0006352,GTF2F1
GO:0000287,GTF2F2
GO:0005524,GTF2F2
GO:0006352,GTF2F2
GO:0003677,CREBBP
GO:0030545,CREBBP
GO:0043425,CREBBP
GO:0045893,CREBBP
GO:0048384,CREBBP
GO:0003677,EP300
GO:0030545,EP300
GO:0043425,EP300
GO:0045893,EP300
GO:0048384,EP300
GO:0003677,NCOA1
GO:0030545,NCOA1
GO:0043425,NCOA1
GO:0045893,NCOA1
GO:0048384,NCOA1
GO:0003677,TAF1
GO:0005634,TAF1
GO:0006352,TAF1
GO:0006355,TAF1
GO:2001141,TAF1
GO:0003677,TAF10
GO:0005634,TAF10
GO:0006352,TAF10
GO:0006355,TAF10
GO:2001141,TAF10
GO:0003677,TAF11
GO:0005634,TAF11
GO:0006352,TAF11
GO:0006355,TAF11
GO:2001141,TAF11
GO:0003677,TAF2
GO:0005634,TAF2
GO:0006352,TAF2
GO:0006355,TAF2
GO:2001141,TAF2
GO:0003677,TAF4
GO:0005634,TAF4
GO:0006352,TAF4
GO:0006355,TAF4
GO:2001141,TAF4
GO:0003677,TAF5
GO:0005634,TAF5
GO:0006352,TAF5
GO:0006355,TAF5
GO:2001141,TAF5
GO:0003677,TAF6
GO:0005634,TAF6
GO:0006352,TAF6
GO:0006355,TAF6
GO:2001141,TAF6
GO:0003677,TAF9
GO:0005634,TAF9
GO:0006352,TAF9
GO:0006355,TAF9
GO:2001141,TAF9
GO:0006352,TBP
GO:0006355,TBP
GO:2001141,TBP
GO:0015031,DERL1
GO:0140318,DERL1
GO:0015031,GEMIN4
GO:0140318,GEMIN4
GO:0015031,SYVN1
GO:0140318,SYVN1
GO:0042776,ATP5F1A
GO:0042776,ATP5F1B
GO:0042776,ATP5F1C
GO:0042776,ATP5F1D
GO:0042776,ATP5F1E
GO:0042776,ATP5MC1
GO:0042776,ATP5MC2
GO:0042776,ATP5MC3
GO:0042776,ATP5ME
GO:0042776,ATP5PB
GO:0042776,ATP5PD
GO:0042776,ATP5PF
GO:0042776,ATP5PO
GO:0042776,MT-ATP6
GO:0042776,MT-ATP8
GO:0042776,SLC25A3
GO:0042776,SLC25A5
GO:0005634,NCAPD2
GO:0006281,NCAPD2
GO:0006974,NCAPD2
GO:0005634,NCAPG
GO:0006281,NCAPG
GO:0006974,NCAPG
GO:0005634,NCAPH
GO:0006281,NCAPH
GO:0006974,NCAPH
GO:0005634,PARP1
GO:0006281,PARP1
GO:0006974,PARP1
GO:0005634,SMC2
GO:0006281,SMC2
GO:0006974,SMC2
GO:0005634,SMC4
GO:0006281,SMC4
GO:0006974,SMC4
GO:0005634,XRCC1
GO:0006281,XRCC1
GO:0006974,XRCC1
GO:0000278,NCAPD3
GO:0005634,NCAPD3
GO:0030261,NCAPD3
GO:0051276,NCAPD3
GO:0000278,NCAPG2
GO:0005634,NCAPG2
GO:0030261,NCAPG2
GO:0051276,NCAPG2
GO:0000278,NCAPH2
GO:0005634,NCAPH2
GO:0030261,NCAPH2
GO:0051276,NCAPH2
GO:0005634,NCL
GO:0006310,NCL
GO:0019724,NCL
GO:0005634,NPM1
GO:0006310,NPM1
GO:0019724,NPM1
GO:0005634,PARP1
GO:0006310,PARP1
GO:0019724,PARP1
GO:0005634,SWAP70
GO:0006310,SWAP70
GO:0019724,SWAP70
GO:0005794,COG1
GO:0006486,COG1
GO:0007030,COG1
GO:0016192,COG1
GO:0017119,COG1
GO:0005794,COG2
GO:0006486,COG2
GO:0007030,COG2
GO:0016192,COG2
GO:0017119,COG2
GO:0005794,COG3
GO:0006486,COG3
GO:0007030,COG3
GO:0016192,COG3
GO:0017119,COG3
GO:0005794,COG4
GO:0006486,COG4
GO:0007030,COG4
GO:0016192,COG4
GO:0017119,COG4
GO:0005794,COG5
GO:0006486,COG5
GO:0007030,COG5
GO:0016192,COG5
GO:0017119,COG5
GO:0005794,COG6
GO:0006486,COG6
GO:0007030,COG6
GO:0016192,COG6
GO:0017119,COG6
GO:0005794,COG7
GO:0006486,COG7
GO:0007030,COG7
GO:0016192,COG7
GO:0017119,COG7
GO:0005794,COG8
GO:0006486,COG8
GO:0007030,COG8
GO:0016192,COG8
GO:0017119,COG8
GO:0000278,RAD21
GO:0000279,RAD21
GO:0003677,RAD21
GO:0005694,RAD21
GO:0007059,RAD21
GO:0051276,RAD21
GO:0000278,SMC1A
GO:0000279,SMC1A
GO:0003677,SMC1A
GO:0005694,SMC1A
GO:0007059,SMC1A
GO:0051276,SMC1A
GO:0000278,SMC3
GO:0000279,SMC3
GO:0003677,SMC3
GO:0005694,SMC3
GO:0007059,SMC3
GO:0051276,SMC3
GO:0000278,STAG1
GO:0000279,STAG1
GO:0003677,STAG1
GO:0005694,STAG1
GO:0007059,STAG1
GO:0051276,STAG1
GO:0000278,STAG2
GO:0000279,STAG2
GO:0003677,STAG2
GO:0005694,STAG2
GO:0007059,STAG2
GO:0006605,EPS15
GO:0006886,EPS15
GO:0015031,EPS15
GO:0006605,HGS
GO:0006886,HGS
GO:0015031,HGS
GO:0006605,STAM2
GO:0006886,STAM2
GO:0015031,STAM2
GO:0006605,STAM
GO:0006886,STAM
GO:0015031,STAM
GO:0005085,GNAI2
GO:0005085,RIC8A
GO:0000075,MRE11
GO:0004519,MRE11
GO:0004527,MRE11
GO:0006308,MRE11
GO:0000075,NBN
GO:0003677,NBN
GO:0004519,NBN
GO:0004527,NBN
GO:0005634,NBN
GO:0006281,NBN
GO:0006308,NBN
GO:0006974,NBN
GO:0000075,RAD50
GO:0004519,RAD50
GO:0004527,RAD50
GO:0006308,RAD50
GO:0005085,GNAI1
GO:0005085,GNAQ
GO:0005085,GNA13
GO:0006479,OGT
GO:0007214,OGT
GO:0018126,OGT
GO:0006479,TRAK1
GO:0007214,TRAK1
GO:0018126,TRAK1
GO:0006479,TRAK2
GO:0007214,TRAK2
GO:0018126,TRAK2
GO:0005743,MT-ND1
GO:0006119,MT-ND1
GO:0009060,MT-ND1
GO:0022904,MT-ND1
GO:1902600,MT-ND1
GO:0005743,MT-ND2
GO:0006119,MT-ND2
GO:0009060,MT-ND2
GO:0022904,MT-ND2
GO:1902600,MT-ND2
GO:0005743,MT-ND3
GO:0006119,MT-ND3
GO:0009060,MT-ND3
GO:0022904,MT-ND3
GO:1902600,MT-ND3
GO:0005743,MT-ND4L
GO:0006119,MT-ND4L
GO:0009060,MT-ND4L
GO:0022904,MT-ND4L
GO:1902600,MT-ND4L
GO:0005743,MT-ND5
GO:0006119,MT-ND5
GO:0009060,MT-ND5
GO:0022904,MT-ND5
GO:1902600,MT-ND5
GO:0005743,MT-ND6
GO:0006119,MT-ND6
GO:0009060,MT-ND6
GO:0022904,MT-ND6
GO:1902600,MT-ND6
GO:0005743,NDUFA1
GO:0006119,NDUFA1
GO:0009060,NDUFA1
GO:0022904,NDUFA1
GO:1902600,NDUFA1
GO:0005743,NDUFA10
GO:0006119,NDUFA10
GO:0009060,NDUFA10
GO:0022904,NDUFA10
GO:1902600,NDUFA10
GO:0005743,NDUFA11
GO:0006119,NDUFA11
GO:0009060,NDUFA11
GO:0022904,NDUFA11
GO:1902600,NDUFA11
GO:0005743,NDUFA12
GO:0006119,NDUFA12
GO:0009060,NDUFA12
GO:0022904,NDUFA12
GO:1902600,NDUFA12
GO:0005743,NDUFA13
GO:0006119,NDUFA13
GO:0009060,NDUFA13
GO:0022904,NDUFA13
GO:1902600,NDUFA13
GO:0005743,NDUFA2
GO:0006119,NDUFA2
GO:0009060,NDUFA2
GO:0022904,NDUFA2
GO:1902600,NDUFA2
GO:0005743,NDUFA3
GO:0006119,NDUFA3
GO:0009060,NDUFA3
GO:0022904,NDUFA3
GO:1902600,NDUFA3
GO:0005743,NDUFA4
GO:0006119,NDUFA4
GO:0009060,NDUFA4
GO:0022904,NDUFA4
GO:1902600,NDUFA4
GO:0005743,NDUFA5
GO:0006119,NDUFA5
GO:0009060,NDUFA5
GO:0022904,NDUFA5
GO:1902600,NDUFA5
GO:0005743,NDUFA6
GO:0006119,NDUFA6
GO:0009060,NDUFA6
GO:0022904,NDUFA6
GO:1902600,NDUFA6
GO:0005743,NDUFA7
GO:0006119,NDUFA7
GO:0009060,NDUFA7
GO:0022904,NDUFA7
GO:1902600,NDUFA7
GO:0005743,NDUFA8
GO:0006119,NDUFA8
GO:0009060,NDUFA8
GO:0022904,NDUFA8
GO:1902600,NDUFA8
GO:0005743,NDUFA9
GO:0006119,NDUFA9
GO:0009060,NDUFA9
GO:0022904,NDUFA9
GO:1902600,NDUFA9
GO:0005743,NDUFAB1
GO:0006119,NDUFAB1
GO:0009060,NDUFAB1
GO:0022904,NDUFAB1
GO:1902600,NDUFAB1
GO:0005743,NDUFB1
GO:0006119,NDUFB1
GO:0009060,NDUFB1
GO:0022904,NDUFB1
GO:1902600,NDUFB1
GO:0005743,NDUFB10
GO:0006119,NDUFB10
GO:0009060,NDUFB10
GO:0022904,NDUFB10
GO:1902600,NDUFB10
GO:0005743,NDUFB11
GO:0006119,NDUFB11
GO:0009060,NDUFB11
GO:0022904,NDUFB11
GO:1902600,NDUFB11
GO:0005743,NDUFB2
GO:0006119,NDUFB2
GO:0009060,NDUFB2
GO:0022904,NDUFB2
GO:1902600,NDUFB2
GO:0005743,NDUFB3
GO:0006119,NDUFB3
GO:0009060,NDUFB3
GO:0022904,NDUFB3
GO:1902600,NDUFB3
GO:0005743,NDUFB4
GO:0006119,NDUFB4
GO:0009060,NDUFB4
GO:0022904,NDUFB4
GO:1902600,NDUFB4
GO:0005743,NDUFB5
GO:0006119,NDUFB5
GO:0009060,NDUFB5
GO:0022904,NDUFB5
GO:1902600,NDUFB5
GO:0005743,NDUFB6
GO:0006119,NDUFB6
GO:0009060,NDUFB6
GO:0022904,NDUFB6
GO:1902600,NDUFB6
GO:0005743,NDUFB7
GO:0006119,NDUFB7
GO:0009060,NDUFB7
GO:0022904,NDUFB7
GO:1902600,NDUFB7
GO:0005743,NDUFB8
GO:0006119,NDUFB8
GO:0009060,NDUFB8
GO:0022904,NDUFB8
GO:1902600,NDUFB8
GO:0005743,NDUFB9
GO:0006119,NDUFB9
GO:0009060,NDUFB9
GO:0022904,NDUFB9
GO:1902600,NDUFB9
GO:0005743,NDUFC1
GO:0006119,NDUFC1
GO:0009060,NDUFC1
GO:0022904,NDUFC1
GO:1902600,NDUFC1
GO:0005743,NDUFC2
GO:0006119,NDUFC2
GO:0009060,NDUFC2
GO:0022904,NDUFC2
GO:1902600,NDUFC2
GO:0005743,NDUFS1
GO:0006119,NDUFS1
GO:0009060,NDUFS1
GO:0022904,NDUFS1
GO:1902600,NDUFS1
GO:0005743,NDUFS2
GO:0006119,NDUFS2
GO:0009060,NDUFS2
GO:0022904,NDUFS2
GO:1902600,NDUFS2
GO:0005743,NDUFS3
GO:0006119,NDUFS3
GO:0009060,NDUFS3
GO:0022904,NDUFS3
GO:1902600,NDUFS3
GO:0005743,NDUFS4
GO:0006119,NDUFS4
GO:0009060,NDUFS4
GO:0022904,NDUFS4
GO:1902600,NDUFS4
GO:0005743,NDUFS5
GO:0006119,NDUFS5
GO:0009060,NDUFS5
GO:0022904,NDUFS5
GO:1902600,NDUFS5
GO:0005743,NDUFS6
GO:0006119,NDUFS6
GO:0009060,NDUFS6
GO:0022904,NDUFS6
GO:1902600,NDUFS6
GO:0005743,NDUFS7
GO:0006119,NDUFS7
GO:0009060,NDUFS7
GO:0022904,NDUFS7
GO:1902600,NDUFS7
GO:0005743,NDUFS8
GO:0006119,NDUFS8
GO:0009060,NDUFS8
GO:0022904,NDUFS8
GO:1902600,NDUFS8
GO:0005743,NDUFV1
GO:0006119,NDUFV1
GO:0009060,NDUFV1
GO:0022904,NDUFV1
GO:1902600,NDUFV1
GO:0005743,NDUFV2
GO:0006119,NDUFV2
GO:0009060,NDUFV2
GO:0022904,NDUFV2
GO:1902600,NDUFV2
GO:0005743,NDUFV3
GO:0006119,NDUFV3
GO:0009060,NDUFV3
GO:0022904,NDUFV3
GO:1902600,NDUFV3
GO:0007043,ACTN1
GO:0030154,ACTN1
GO:0098609,ACTN1
GO:0007043,CASK
GO:0030154,CASK
GO:0098609,CASK
GO:0007043,IQGAP1
GO:0030154,IQGAP1
GO:0098609,IQGAP1
GO:0007043,MAGI2
GO:0030154,MAGI2
GO:0098609,MAGI2
GO:0007043,NPHS1
GO:0030154,NPHS1
GO:0098609,NPHS1
GO:0007043,SPTAN1
GO:0030154,SPTAN1
GO:0098609,SPTAN1
GO:0007043,SPTBN1
GO:0030154,SPTBN1
GO:0098609,SPTBN1
GO:0004857,PPP1CA
GO:0004857,PPP1R10
GO:0005515,PSMA1
GO:0005634,PSMA1
GO:0005737,PSMA1
GO:0006511,PSMA1
GO:0006950,PSMA1
GO:0043161,PSMA1
GO:0005515,PSMA2
GO:0005634,PSMA2
GO:0005737,PSMA2
GO:0006511,PSMA2
GO:0006950,PSMA2
GO:0043161,PSMA2
GO:0005515,PSMA3
GO:0005634,PSMA3
GO:0005737,PSMA3
GO:0006511,PSMA3
GO:0006950,PSMA3
GO:0043161,PSMA3
GO:0005515,PSMA4
GO:0005634,PSMA4
GO:0005737,PSMA4
GO:0006511,PSMA4
GO:0006950,PSMA4
GO:0043161,PSMA4
GO:0005515,PSMA5
GO:0005634,PSMA5
GO:0005737,PSMA5
GO:0006511,PSMA5
GO:0006950,PSMA5
GO:0043161,PSMA5
GO:0005515,PSMA6
GO:0005634,PSMA6
GO:0005737,PSMA6
GO:0006511,PSMA6
GO:0006950,PSMA6
GO:0043161,PSMA6
GO:0005515,PSMA7
GO:0005634,PSMA7
GO:0005737,PSMA7
GO:0006511,PSMA7
GO:0006950,PSMA7
GO:0043161,PSMA7
GO:0005515,PSMB1
GO:0005634,PSMB1
GO:0005737,PSMB1
GO:0006511,PSMB1
GO:0006950,PSMB1
GO:0043161,PSMB1
GO:0005515,PSMB2
GO:0005634,PSMB2
GO:0005737,PSMB2
GO:0006511,PSMB2
GO:0006950,PSMB2
GO:0043161,PSMB2
GO:0005515,PSMB3
GO:0005634,PSMB3
GO:0005737,PSMB3
GO:0006511,PSMB3
GO:0006950,PSMB3
GO:0043161,PSMB3
GO:0005515,PSMB4
GO:0005634,PSMB4
GO:0005737,PSMB4
GO:0006511,PSMB4
GO:0006950,PSMB4
GO:0043161,PSMB4
GO:0005515,PSMB5
GO:0005634,PSMB5
GO:0005737,PSMB5
GO:0006511,PSMB5
GO:0006950,PSMB5
GO:0043161,PSMB5
GO:0005515,PSMB6
GO:0005634,PSMB6
GO:0005737,PSMB6
GO:0006511,PSMB6
GO:0006950,PSMB6
GO:0043161,PSMB6
GO:0005515,PSMB7
GO:0005634,PSMB7
GO:0005737,PSMB7
GO:0006511,PSMB7
GO:0006950,PSMB7
GO:0043161,PSMB7
GO:0005634,PSMC1
GO:0005737,PSMC1
GO:0006511,PSMC1
GO:0006950,PSMC1
GO:0005634,PSMC2
GO:0005737,PSMC2
GO:0006511,PSMC2
GO:0006950,PSMC2
GO:0005634,PSMC3
GO:0005737,PSMC3
GO:0006950,PSMC3
GO:0005634,PSMC4
GO:0005737,PSMC4
GO:0006511,PSMC4
GO:0006950,PSMC4
GO:0005634,PSMC5
GO:0005737,PSMC5
GO:0006511,PSMC5
GO:0006950,PSMC5
GO:0005634,PSMC6
GO:0005737,PSMC6
GO:0006950,PSMC6
GO:0005634,PSMD13
GO:0005737,PSMD13
GO:0006511,PSMD13
GO:0006950,PSMD13
GO:0005634,PSMD4
GO:0005737,PSMD4
GO:0006511,PSMD4
GO:0006950,PSMD4
GO:0005216,SCN1A
GO:0005886,SCN1A
GO:0006812,SCN1A
GO:0006887,SCN1A
GO:0008324,SCN1A
GO:0050896,SCN1A
GO:0005216,SCN1B
GO:0005886,SCN1B
GO:0006812,SCN1B
GO:0006887,SCN1B
GO:0008324,SCN1B
GO:0050896,SCN1B
GO:0005216,SYT1
GO:0005886,SYT1
GO:0006812,SYT1
GO:0006887,SYT1
GO:0008324,SYT1
GO:0050896,SYT1
GO:0005216,SYT2
GO:0005886,SYT2
GO:0006812,SYT2
GO:0006887,SYT2
GO:0008324,SYT2
GO:0050896,SYT2
GO:0005216,SCN2A
GO:0005886,SCN2A
GO:0006812,SCN2A
GO:0006887,SCN2A
GO:0008324,SCN2A
GO:0050896,SCN2A
GO:0007264,ABI1
GO:0015629,ABI1
GO:0016477,ABI1
GO:0030036,ABI1
GO:0007264,BRK1
GO:0015629,BRK1
GO:0016477,BRK1
GO:0030036,BRK1
GO:0007264,CYFIP1
GO:0015629,CYFIP1
GO:0016477,CYFIP1
GO:0030036,CYFIP1
GO:0007264,NCKAP1
GO:0015629,NCKAP1
GO:0016477,NCKAP1
GO:0030036,NCKAP1
GO:0007264,WASF2
GO:0015629,WASF2
GO:0016477,WASF2
GO:0030036,WASF2
GO:0007264,ABI1
GO:0015629,ABI1
GO:0030036,ABI1
GO:0048870,ABI1
GO:0007264,CYFIP1
GO:0015629,CYFIP1
GO:0030036,CYFIP1
GO:0048870,CYFIP1
GO:0007264,NCKAP1
GO:0015629,NCKAP1
GO:0030036,NCKAP1
GO:0048870,NCKAP1
GO:0007264,RAC1
GO:0015629,RAC1
GO:0030036,RAC1
GO:0048870,RAC1
GO:0007264,WASF2
GO:0015629,WASF2
GO:0030036,WASF2
GO:0048870,WASF2
GO:0003677,ACTG1
GO:0005634,ACTG1
GO:0006265,ACTG1
GO:0045893,ACTG1
GO:0051276,ACTG1
GO:0006265,ACTL6A
GO:0045893,ACTL6A
GO:0051276,ACTL6A
GO:0003677,ACTL6B
GO:0005634,ACTL6B
GO:0006265,ACTL6B
GO:0045893,ACTL6B
GO:0051276,ACTL6B
GO:0003677,ARID1B
GO:0005634,ARID1B
GO:0006265,ARID1B
GO:0045893,ARID1B
GO:0051276,ARID1B
GO:0003677,SMARCA2
GO:0005634,SMARCA2
GO:0006265,SMARCA2
GO:0045893,SMARCA2
GO:0051276,SMARCA2
GO:0000075,BUB1B
GO:0000075,BUB3
GO:0000075,CDC20
GO:0000075,MAD2L1
GO:0016485,PSMA1
GO:0016485,PSMA2
GO:0016485,PSMA3
GO:0016485,PSMA4
GO:0016485,PSMA5
GO:0016485,PSMA6
GO:0016485,PSMA7
GO:0016485,PSMB1
GO:0016485,PSMB2
GO:0016485,PSMB3
GO:0016485,PSMB4
GO:0016485,PSMB5
GO:0016485,PSMB6
GO:0016485,PSMB7
GO:0005634,PSME1
GO:0006950,PSME1
GO:0016485,PSME1
GO:0005634,PSME2
GO:0006950,PSME2
GO:0016485,PSME2
GO:0016504,PSMA1
GO:0016504,PSMA2
GO:0016504,PSMA3
GO:0016504,PSMA4
GO:0016504,PSMA5
GO:0016504,PSMA6
GO:0016504,PSMA7
GO:0016504,PSMB1
GO:0016504,PSMB2
GO:0016504,PSMB3
GO:0016504,PSMB4
GO:0016504,PSMB5
GO:0016504,PSMB6
GO:0016504,PSMB7
GO:0005634,PSME3
GO:0005737,PSME3
GO:0006511,PSME3
GO:0006950,PSME3
GO:0016485,PSME3
GO:0006511,CUL5
GO:0016567,CUL5
GO:0006511,LRRC41
GO:0016567,LRRC41
GO:0006511,ELOA
GO:0016567,ELOA
GO:0006511,SOCS1
GO:0016567,SOCS1
GO:0005515,CUL5
GO:0005783,CUL5
GO:0007224,CUL5
GO:0043161,CUL5
GO:0005783,ELOB
GO:0007224,ELOB
GO:0043161,ELOB
GO:0005783,ELOC
GO:0007224,ELOC
GO:0043161,ELOC
GO:0005783,RBX1
GO:0007224,RBX1
GO:0043161,RBX1
GO:0005515,WSB1
GO:0005783,WSB1
GO:0006511,WSB1
GO:0007224,WSB1
GO:0016567,WSB1
GO:0043161,WSB1
GO:0000075,BARD1
GO:0005634,BARD1
GO:0051726,BARD1
GO:0000075,BRCA1
GO:0005634,BRCA1
GO:0051726,BRCA1
GO:0005634,CUL2
GO:0005515,MED8
GO:0005634,MED8
GO:0006511,MED8
GO:0016567,MED8
GO:0005634,RBX1
GO:0005515,ASB2
GO:0006511,ASB2
GO:0016567,ASB2
GO:0005515,CUL2
GO:0006511,CUL2
GO:0016567,CUL2
GO:0005515,ELOB
GO:0006511,ELOB
GO:0016567,ELOB
GO:0005515,ELOC
GO:0006511,ELOC
GO:0016567,ELOC
GO:0005515,RBX1
GO:0005515,VHL
GO:0006511,VHL
GO:0016567,VHL
GO:0005515,ASB2
GO:0006511,ASB2
GO:0016567,ASB2
GO:0005515,CUL5
GO:0006511,CUL5
GO:0016567,CUL5
GO:0005515,RNF7
GO:0006511,RNF7
GO:0016567,RNF7
GO:0005515,ASB1
GO:0006511,ASB1
GO:0016567,ASB1
GO:0005515,ASB6
GO:0006511,ASB6
GO:0016567,ASB6
GO:0005515,ASB7
GO:0006511,ASB7
GO:0016567,ASB7
GO:0005515,ASB12
GO:0006511,ASB12
GO:0016567,ASB12
GO:0005634,LIG4
GO:0006281,LIG4
GO:0005783,CUL5
GO:0007224,CUL5
GO:0043161,CUL5
GO:0005783,ELOB
GO:0007224,ELOB
GO:0043161,ELOB
GO:0005783,ELOC
GO:0007224,ELOC
GO:0043161,ELOC
GO:0005783,RBX1
GO:0007224,RBX1
GO:0043161,RBX1
GO:0005515,WSB1
GO:0005783,WSB1
GO:0006511,WSB1
GO:0007224,WSB1
GO:0016567,WSB1
GO:0043161,WSB1
GO:0006811,PDZK1
GO:0006811,PDZK1IP1
GO:0006811,SLC34A1
GO:0005515,MED1
GO:0005515,MED14
GO:0005515,MED17
GO:0005515,MED23
GO:0005634,MED23
GO:0045893,MED23
GO:0005515,MED24
GO:0005515,MED26
GO:0005634,MED26
GO:0045893,MED26
GO:0005515,MED27
GO:0005634,MED27
GO:0045893,MED27
GO:0005515,MED7
GO:0005634,MED7
GO:0045893,MED7
GO:0005515,CAND1
GO:0010265,CAND1
GO:0051444,CAND1
GO:0005515,CUL1
GO:0010265,CUL1
GO:0051444,CUL1
GO:0010265,RBX1
GO:0051444,RBX1
GO:0005515,CDKN2A
GO:0005634,CDKN2A
GO:0005515,HUWE1
GO:0005634,HUWE1
GO:0005515,NPM1
GO:0005634,NPM1
GO:0010265,CUL2
GO:0051444,CUL2
GO:0010265,CUL3
GO:0051444,CUL3
GO:0010265,CUL4A
GO:0051444,CUL4A
GO:0010265,CUL4B
GO:0051444,CUL4B
GO:0006511,CUL1
GO:0016567,CUL1
GO:0005515,SKP1
GO:0005515,SKP2
GO:0006511,SKP2
GO:0016567,SKP2
GO:0016567,BTRC
GO:0019048,BTRC
GO:0043123,BTRC
GO:0043161,BTRC
GO:0045087,BTRC
GO:0051092,BTRC
GO:0051607,BTRC
GO:0019048,CUL1
GO:0043123,CUL1
GO:0043161,CUL1
GO:0045087,CUL1
GO:0051092,CUL1
GO:0051607,CUL1
GO:0019048,SKP1
GO:0043123,SKP1
GO:0043161,SKP1
GO:0045087,SKP1
GO:0051092,SKP1
GO:0051607,SKP1
GO:0005634,CCNC
GO:0045892,CCNC
GO:0045893,CCNC
GO:0005634,CDK8
GO:0045892,CDK8
GO:0045893,CDK8
GO:0045892,MED1
GO:0045892,MED14
GO:0005634,MED21
GO:0045892,MED21
GO:0045893,MED21
GO:0045892,MED24
GO:0005634,MED31
GO:0045892,MED31
GO:0045893,MED31
GO:0005634,MED6
GO:0045892,MED6
GO:0045893,MED6
GO:0005515,CCNC
GO:0005515,CDK8
GO:0005515,MED10
GO:0005634,MED10
GO:0045892,MED10
GO:0005515,MED21
GO:0045892,MED23
GO:0005515,MED6
GO:0005634,CDK19
GO:0045893,CDK19
GO:0045893,MED10
GO:0005634,MED11
GO:0045893,MED11
GO:0005634,MED13
GO:0045893,MED13
GO:0005634,MED13L
GO:0045893,MED13L
GO:0005634,MED15
GO:0045893,MED15
GO:0005634,MED18
GO:0045893,MED18
GO:0005634,MED19
GO:0045893,MED19
GO:0005634,MED20
GO:0045893,MED20
GO:0005634,MED22
GO:0045893,MED22
GO:0005634,MED28
GO:0045893,MED28
GO:0005634,MED29
GO:0045893,MED29
GO:0005634,MED30
GO:0045893,MED30
GO:0005634,MED4
GO:0045893,MED4
GO:0005634,MED8
GO:0045893,MED8
GO:0005634,MED9
GO:0045893,MED9
GO:0005515,ACAD8
GO:0005634,ACAD8
GO:0035556,ACAD8
GO:0045893,ACAD8
GO:0035556,MED1
GO:0005515,MED12
GO:0035556,MED12
GO:0005515,MED13
GO:0035556,MED13
GO:0035556,MED14
GO:0005515,MED15
GO:0035556,MED15
GO:0035556,MED17
GO:0035556,MED23
GO:0035556,MED24
GO:0005515,MED25
GO:0035556,MED25
GO:0035556,MED26
GO:0005515,MED4
GO:0035556,MED4
GO:0035556,MED6
GO:0035556,MED7
GO:0005515,MED8
GO:0035556,MED8
GO:0003677,BAZ1A
GO:0005515,BAZ1A
GO:0005524,BAZ1A
GO:0005634,BAZ1A
GO:0006265,BAZ1A
GO:0003677,CHRAC1
GO:0005515,CHRAC1
GO:0005524,CHRAC1
GO:0005634,CHRAC1
GO:0006265,CHRAC1
GO:0003677,POLE3
GO:0005515,POLE3
GO:0005524,POLE3
GO:0005634,POLE3
GO:0006265,POLE3
GO:0003677,SMARCA5
GO:0005515,SMARCA5
GO:0005524,SMARCA5
GO:0003677,BAZ1B
GO:0005515,BAZ1B
GO:0005694,BAZ1B
GO:0006265,BAZ1B
GO:0003677,SMARCA5
GO:0005515,SMARCA5
GO:0005694,SMARCA5
GO:0003677,BAZ1B
GO:0005515,BAZ1B
GO:0005524,BAZ1B
GO:0005694,BAZ1B
GO:0006265,BAZ1B
GO:0008277,GNAI3
GO:0008277,GPSM1
GO:0008277,STK11
GO:0006355,ARID1A
GO:0006265,BRCA1
GO:0006355,BRCA1
GO:0051276,BRCA1
GO:0006355,SMARCA2
GO:0005634,SMARCD2
GO:0006265,SMARCD2
GO:0006355,SMARCD2
GO:0051276,SMARCD2
GO:0005634,HDAC1
GO:0006265,HDAC1
GO:0006473,HDAC1
GO:0006476,HDAC1
GO:0032774,HDAC1
GO:0045892,HDAC1
GO:0051276,HDAC1
GO:0005634,SIN3B
GO:0006265,SIN3B
GO:0006473,SIN3B
GO:0006476,SIN3B
GO:0032774,SIN3B
GO:0045892,SIN3B
GO:0051276,SIN3B
GO:0005634,SUDS3
GO:0006265,SUDS3
GO:0006473,SUDS3
GO:0006476,SUDS3
GO:0032774,SUDS3
GO:0045892,SUDS3
GO:0051276,SUDS3
GO:0003677,BRCA1
GO:0045892,BRCA1
GO:0003677,RBBP8
GO:0005634,RBBP8
GO:0045892,RBBP8
GO:0003677,ZNF350
GO:0005634,ZNF350
GO:0045892,ZNF350
GO:0006281,BRCA1
GO:0005634,BRIP1
GO:0006281,BRIP1
GO:0000278,CCNB1
GO:0005634,CCNB1
GO:0006468,CCNB1
GO:0000278,CDK1
GO:0005634,CDK1
GO:0006468,CDK1
GO:0000278,RALBP1
GO:0005634,RALBP1
GO:0006468,RALBP1
GO:0005634,BLM
GO:0006281,BLM
GO:0006974,BLM
GO:0051276,BLM
GO:0005634,FANCA
GO:0006281,FANCA
GO:0051276,FANCA
GO:0005634,FANCC
GO:0006281,FANCC
GO:0051276,FANCC
GO:0005634,FANCE
GO:0006281,FANCE
GO:0006974,FANCE
GO:0051276,FANCE
GO:0005634,FANCF
GO:0006281,FANCF
GO:0051276,FANCF
GO:0005634,FANCG
GO:0006281,FANCG
GO:0051276,FANCG
GO:0005634,FANCL
GO:0006281,FANCL
GO:0006974,FANCL
GO:0051276,FANCL
GO:0005634,MLH1
GO:0006281,MLH1
GO:0006974,MLH1
GO:0051276,MLH1
GO:0005634,RMI1
GO:0006281,RMI1
GO:0006974,RMI1
GO:0051276,RMI1
GO:0005634,RPA1
GO:0006281,RPA1
GO:0006974,RPA1
GO:0051276,RPA1
GO:0005634,RPA2
GO:0006281,RPA2
GO:0006974,RPA2
GO:0051276,RPA2
GO:0005634,RPA3
GO:0006281,RPA3
GO:0006974,RPA3
GO:0051276,RPA3
GO:0005634,TOP3A
GO:0006281,TOP3A
GO:0006974,TOP3A
GO:0051276,TOP3A
GO:0005634,FAAP100
GO:0006974,FAAP100
GO:0016567,FAAP100
GO:0016579,FAAP100
GO:0016579,FANCA
GO:0005634,FANCB
GO:0006974,FANCB
GO:0016567,FANCB
GO:0016579,FANCB
GO:0016579,FANCC
GO:0016567,FANCE
GO:0016579,FANCE
GO:0016579,FANCF
GO:0016579,FANCG
GO:0016567,FANCL
GO:0016579,FANCL
GO:0016567,RMI1
GO:0016579,RMI1
GO:0000278,AP2A1
GO:0005634,AP2A1
GO:0006897,AP2A1
GO:0006897,CCNB1
GO:0000278,EPN1
GO:0005634,EPN1
GO:0006897,EPN1
GO:0000278,NUMB
GO:0005634,NUMB
GO:0006897,NUMB
GO:0006897,RALBP1
GO:0016567,BLM
GO:0016567,RPA1
GO:0016567,RPA2
GO:0016567,RPA3
GO:0016567,TOP3A
GO:0000165,CASP2
GO:0007249,CASP2
GO:0000165,RALBP1
GO:0007249,RALBP1
GO:0000165,TRAF2
GO:0007249,TRAF2
GO:0000280,MND1
GO:0003677,MND1
GO:0005515,MND1
GO:0005634,MND1
GO:0007059,MND1
GO:0007131,MND1
GO:0051321,MND1
GO:0000280,PSMC3IP
GO:0003677,PSMC3IP
GO:0005515,PSMC3IP
GO:0005634,PSMC3IP
GO:0007059,PSMC3IP
GO:0007131,PSMC3IP
GO:0051321,PSMC3IP
GO:0003677,MND1
GO:0005634,MND1
GO:0007059,MND1
GO:0007131,MND1
GO:0030234,MND1
GO:0051321,MND1
GO:0003677,PSMC3IP
GO:0005634,PSMC3IP
GO:0007059,PSMC3IP
GO:0007131,PSMC3IP
GO:0030234,PSMC3IP
GO:0051321,PSMC3IP
GO:0003677,XRCC3
GO:0005524,XRCC3
GO:0005634,XRCC3
GO:0006281,XRCC3
GO:0006310,XRCC3
GO:0006974,XRCC3
GO:0000075,ATR
GO:0003677,ATR
GO:0005634,ATR
GO:0006974,ATR
GO:0000075,ATRIP
GO:0003677,ATRIP
GO:0005634,ATRIP
GO:0006974,ATRIP
GO:0000075,RAD17
GO:0003677,RAD17
GO:0005524,RAD17
GO:0005634,RAD17
GO:0006974,RAD17
GO:0000075,RFC2
GO:0003677,RFC2
GO:0005524,RFC2
GO:0005634,RFC2
GO:0006974,RFC2
GO:0000075,RFC3
GO:0003677,RFC3
GO:0005524,RFC3
GO:0005634,RFC3
GO:0006974,RFC3
GO:0000075,RFC4
GO:0003677,RFC4
GO:0005524,RFC4
GO:0005634,RFC4
GO:0006974,RFC4
GO:0000075,RFC5
GO:0003677,RFC5
GO:0005524,RFC5
GO:0005634,RFC5
GO:0006974,RFC5
GO:0000075,HUS1
GO:0005634,HUS1
GO:0006281,HUS1
GO:0006974,HUS1
GO:0000075,RAD1
GO:0005634,RAD1
GO:0006281,RAD1
GO:0006974,RAD1
GO:0000075,RAD9A
GO:0005634,RAD9A
GO:0006281,RAD9A
GO:0006974,RAD9A
GO:0007033,DTNB
GO:0007040,DTNB
GO:0000077,HUS1
GO:0003677,HUS1
GO:0000077,RAD1
GO:0003677,RAD1
GO:0000077,RAD17
GO:0000077,RAD9A
GO:0003677,RAD9A
GO:0000077,RFC2
GO:0000077,RFC3
GO:0000077,RFC4
GO:0000077,RFC5
GO:0006260,RFC2
GO:0006260,RFC4
GO:0006260,RFC5
GO:0000075,RFC1
GO:0003677,RFC1
GO:0005524,RFC1
GO:0005634,RFC1
GO:0006260,RFC1
GO:0006281,RFC1
GO:0006281,RFC2
GO:0006260,RFC3
GO:0006281,RFC3
GO:0006281,RFC4
GO:0006281,RFC5
GO:0003677,GAPDH
GO:0005634,GAPDH
GO:0006281,GAPDH
GO:0006974,GAPDH
GO:0003677,HMGB1
GO:0005634,HMGB1
GO:0006281,HMGB1
GO:0006974,HMGB1
GO:0003677,HMGB2
GO:0005634,HMGB2
GO:0006281,HMGB2
GO:0006974,HMGB2
GO:0003677,HSPA8
GO:0005634,HSPA8
GO:0006281,HSPA8
GO:0006974,HSPA8
GO:0003677,PDIA3
GO:0005634,PDIA3
GO:0006281,PDIA3
GO:0006974,PDIA3
GO:0005694,BAZ1A
GO:0051276,BAZ1A
GO:0003677,CHD3
GO:0005694,CHD3
GO:0006265,CHD3
GO:0051276,CHD3
GO:0005694,HDAC2
GO:0005694,MBD2
GO:0005694,MBD3
GO:0003677,MTA1
GO:0005694,MTA1
GO:0006265,MTA1
GO:0051276,MTA1
GO:0005694,MTA2
GO:0006265,RAD21
GO:0005694,RBBP4
GO:0005694,RBBP7
GO:0006265,SMC1A
GO:0006265,SMC3
GO:0006265,STAG1
GO:0006265,STAG2
GO:0051276,STAG2
GO:0006473,HDAC1
GO:0006476,HDAC1
GO:0006473,HDAC2
GO:0006476,HDAC2
GO:0006473,RBBP4
GO:0006476,RBBP4
GO:0006473,RBBP7
GO:0006476,RBBP7
GO:0006265,SAP18
GO:0006473,SAP18
GO:0006476,SAP18
GO:0045892,SAP18
GO:0051276,SAP18
GO:0006265,SAP30
GO:0006473,SAP30
GO:0006476,SAP30
GO:0045892,SAP30
GO:0051276,SAP30
GO:0006473,SIN3A
GO:0006476,SIN3A
GO:0045892,SIN3A
GO:0005694,MED1
GO:0005694,MED14
GO:0005694,MED15
GO:0005694,MED17
GO:0005694,MED21
GO:0005694,MED23
GO:0005694,MED24
GO:0005694,MED25
GO:0005694,MED26
GO:0005694,MED6
GO:0005694,MED7
GO:0006260,MLH1
GO:0005634,PCNA
GO:0006260,PCNA
GO:0006281,PCNA
GO:0005634,PMS1
GO:0006260,PMS1
GO:0006281,PMS1
GO:0005634,MSH2
GO:0006260,MSH2
GO:0006281,MSH2
GO:0005634,MSH6
GO:0006260,MSH6
GO:0006281,MSH6
GO:0005694,CCNC
GO:0051090,CCNC
GO:0005694,CDK8
GO:0051090,CDK8
GO:0051090,MED1
GO:0005694,MED12
GO:0051090,MED12
GO:0005694,MED13
GO:0051090,MED13
GO:0051090,MED14
GO:0051090,MED15
GO:0051090,MED17
GO:0051090,MED21
GO:0051090,MED23
GO:0051090,MED24
GO:0051090,MED25
GO:0051090,MED6
GO:0051090,MED7
GO:0051090,MED26
GO:0003677,MLH1
GO:0003677,MSH2
GO:0006974,MSH2
GO:0003677,PCNA
GO:0006974,PCNA
GO:0003677,PMS2
GO:0005634,PMS2
GO:0006281,PMS2
GO:0006974,PMS2
GO:0003677,PCNA
GO:0003887,PCNA
GO:0005634,PCNA
GO:0006260,PCNA
GO:0006281,PCNA
GO:0003677,POLD1
GO:0003887,POLD1
GO:0005634,POLD1
GO:0006260,POLD1
GO:0006281,POLD1
GO:0003677,POLD2
GO:0003887,POLD2
GO:0005634,POLD2
GO:0006260,POLD2
GO:0006281,POLD2
GO:0003677,POLD3
GO:0003887,POLD3
GO:0005634,POLD3
GO:0006260,POLD3
GO:0006281,POLD3
GO:0003677,POLD4
GO:0003887,POLD4
GO:0005634,POLD4
GO:0006260,POLD4
GO:0006281,POLD4
GO:0043625,POLD1
GO:0043625,POLD2
GO:0043625,POLD3
GO:0043625,POLD4
GO:0005634,LIG1
GO:0006260,LIG1
GO:0006281,LIG1
GO:0005634,MSH2
GO:0006281,MSH2
GO:0005634,MSH6
GO:0006281,MSH6
GO:0005634,APEX1
GO:0006355,APEX1
GO:2001141,APEX1
GO:0005634,CITED1
GO:0006355,CITED1
GO:2001141,CITED1
GO:0005634,HIF1A
GO:0006355,HIF1A
GO:2001141,HIF1A
GO:0005634,STAT3
GO:0006355,STAT3
GO:2001141,STAT3
GO:0006355,CREBBP
GO:0006355,IRF3
GO:0005515,MED16
GO:0005515,MED20
GO:0005515,MED31
GO:0005515,THRAP3
GO:0006355,CCNC
GO:2001141,CCNC
GO:0006355,CDK8
GO:2001141,CDK8
GO:0006355,MED1
GO:2001141,MED1
GO:0006355,MED10
GO:2001141,MED10
GO:0006355,MED12
GO:2001141,MED12
GO:0006355,MED13
GO:2001141,MED13
GO:0006355,MED14
GO:2001141,MED14
GO:0006355,MED16
GO:2001141,MED16
GO:0006355,MED17
GO:2001141,MED17
GO:0006355,MED20
GO:2001141,MED20
GO:0006355,MED21
GO:2001141,MED21
GO:0006355,MED24
GO:2001141,MED24
GO:0006355,MED27
GO:2001141,MED27
GO:0006355,MED31
GO:2001141,MED31
GO:0006355,MED6
GO:2001141,MED6
GO:0006355,MED7
GO:2001141,MED7
GO:0006355,THRAP3
GO:2001141,THRAP3
GO:0005524,ACTL6A
GO:0005694,ACTL6A
GO:0003677,ACTR5
GO:0005524,ACTR5
GO:0005694,ACTR5
GO:0006265,ACTR5
GO:0051276,ACTR5
GO:0003677,ACTR8
GO:0005524,ACTR8
GO:0005694,ACTR8
GO:0006265,ACTR8
GO:0051276,ACTR8
GO:0003677,INO80
GO:0005524,INO80
GO:0005694,INO80
GO:0006265,INO80
GO:0051276,INO80
GO:0003677,INO80B
GO:0005524,INO80B
GO:0005694,INO80B
GO:0006265,INO80B
GO:0051276,INO80B
GO:0003677,INO80C
GO:0005524,INO80C
GO:0005694,INO80C
GO:0006265,INO80C
GO:0051276,INO80C
GO:0003677,INO80D
GO:0005524,INO80D
GO:0005694,INO80D
GO:0006265,INO80D
GO:0051276,INO80D
GO:0003677,INO80E
GO:0005524,INO80E
GO:0005694,INO80E
GO:0006265,INO80E
GO:0051276,INO80E
GO:0003677,MCRS1
GO:0005524,MCRS1
GO:0005694,MCRS1
GO:0006265,MCRS1
GO:0051276,MCRS1
GO:0003677,NFRKB
GO:0005524,NFRKB
GO:0005694,NFRKB
GO:0006265,NFRKB
GO:0051276,NFRKB
GO:0003677,RUVBL1
GO:0005524,RUVBL1
GO:0005694,RUVBL1
GO:0006265,RUVBL1
GO:0051276,RUVBL1
GO:0003677,RUVBL2
GO:0005524,RUVBL2
GO:0005694,RUVBL2
GO:0006265,RUVBL2
GO:0051276,RUVBL2
GO:0003677,TCF3
GO:0005524,TCF3
GO:0005694,TCF3
GO:0006265,TCF3
GO:0051276,TCF3
GO:0005634,ACTR6
GO:0006338,ACTR6
GO:0005634,EAF2
GO:0006338,EAF2
GO:0005634,H2AZ1
GO:0006338,H2AZ1
GO:0005634,RUVBL1
GO:0006338,RUVBL1
GO:0005634,RUVBL2
GO:0006338,RUVBL2
GO:0005634,SRCAP
GO:0006338,SRCAP
GO:0005634,VPS72
GO:0006338,VPS72
GO:0005634,YEATS4
GO:0006338,YEATS4
GO:0005634,ZNHIT1
GO:0006338,ZNHIT1
GO:0005737,FAU
GO:0006412,FAU
GO:0005737,RPS10
GO:0006412,RPS10
GO:0005737,RPS11
GO:0006412,RPS11
GO:0005737,RPS12
GO:0006412,RPS12
GO:0005737,RPS13
GO:0006412,RPS13
GO:0005737,RPS14
GO:0006412,RPS14
GO:0005737,RPS15
GO:0006412,RPS15
GO:0005737,RPS15A
GO:0006412,RPS15A
GO:0005737,RPS16
GO:0006412,RPS16
GO:0005737,RPS17
GO:0006412,RPS17
GO:0005737,RPS18
GO:0006412,RPS18
GO:0005737,RPS19
GO:0006412,RPS19
GO:0005737,RPS2
GO:0006412,RPS2
GO:0005737,RPS20
GO:0006412,RPS20
GO:0005737,RPS21
GO:0006412,RPS21
GO:0005737,RPS23
GO:0006412,RPS23
GO:0005737,RPS24
GO:0006412,RPS24
GO:0005737,RPS25
GO:0006412,RPS25
GO:0005737,RPS26
GO:0006412,RPS26
GO:0005737,RPS27
GO:0006412,RPS27
GO:0005737,RPS27A
GO:0006412,RPS27A
GO:0005737,RPS28
GO:0006412,RPS28
GO:0005737,RPS29
GO:0006412,RPS29
GO:0005737,RPS3
GO:0006412,RPS3
GO:0005737,RPS3A
GO:0006412,RPS3A
GO:0005737,RPS4X
GO:0006412,RPS4X
GO:0005737,RPS4Y1
GO:0006412,RPS4Y1
GO:0005737,RPS5
GO:0006412,RPS5
GO:0005737,RPS6
GO:0006412,RPS6
GO:0005737,RPS7
GO:0006412,RPS7
GO:0005737,RPS8
GO:0006412,RPS8
GO:0005737,RPS9
GO:0006412,RPS9
GO:0005737,RPSA
GO:0006412,RPSA
GO:0005737,RPL10
GO:0006412,RPL10
GO:0005737,RPL10A
GO:0006412,RPL10A
GO:0005737,RPL11
GO:0006412,RPL11
GO:0005737,RPL12
GO:0006412,RPL12
GO:0005737,RPL13
GO:0006412,RPL13
GO:0005737,RPL13A
GO:0006412,RPL13A
GO:0005737,RPL14
GO:0006412,RPL14
GO:0005737,RPL15
GO:0006412,RPL15
GO:0005737,RPL17
GO:0006412,RPL17
GO:0005737,RPL18
GO:0006412,RPL18
GO:0005737,RPL18A
GO:0006412,RPL18A
GO:0005737,RPL19
GO:0006412,RPL19
GO:0005737,RPL21
GO:0006412,RPL21
GO:0005737,RPL22
GO:0006412,RPL22
GO:0005737,RPL23
GO:0006412,RPL23
GO:0005737,RPL23A
GO:0006412,RPL23A
GO:0005737,RPL24
GO:0006412,RPL24
GO:0005737,RPL26
GO:0006412,RPL26
GO:0005737,RPL27
GO:0006412,RPL27
GO:0005737,RPL27A
GO:0006412,RPL27A
GO:0005737,RPL28
GO:0006412,RPL28
GO:0005737,RPL29
GO:0006412,RPL29
GO:0005737,RPL3
GO:0006412,RPL3
GO:0005737,RPL30
GO:0006412,RPL30
GO:0005737,RPL31
GO:0006412,RPL31
GO:0005737,RPL32
GO:0006412,RPL32
GO:0005737,RPL34
GO:0006412,RPL34
GO:0005737,RPL35
GO:0006412,RPL35
GO:0005737,RPL35A
GO:0006412,RPL35A
GO:0005737,RPL36
GO:0006412,RPL36
GO:0005737,RPL36A
GO:0006412,RPL36A
GO:0005737,RPL37
GO:0006412,RPL37
GO:0005737,RPL37A
GO:0006412,RPL37A
GO:0005737,RPL38
GO:0006412,RPL38
GO:0005737,RPL39
GO:0006412,RPL39
GO:0005737,RPL4
GO:0006412,RPL4
GO:0005737,RPL41
GO:0006412,RPL41
GO:0005737,RPL5
GO:0006412,RPL5
GO:0005737,RPL6
GO:0006412,RPL6
GO:0005737,RPL7
GO:0006412,RPL7
GO:0005737,RPL7A
GO:0006412,RPL7A
GO:0005737,RPL8
GO:0006412,RPL8
GO:0005737,RPL9
GO:0006412,RPL9
GO:0005737,RPLP0
GO:0006412,RPLP0
GO:0005737,RPLP1
GO:0006412,RPLP1
GO:0005737,RPLP2
GO:0006412,RPLP2
GO:0005737,UBA52
GO:0006412,UBA52
GO:0005886,DTNB
GO:0005886,SNTB2
GO:0005886,UTRN
GO:0003688,PCNA
GO:0006267,PCNA
GO:0006271,PCNA
GO:0003677,POLA1
GO:0003688,POLA1
GO:0005634,POLA1
GO:0006267,POLA1
GO:0006271,POLA1
GO:0003677,POLA2
GO:0003688,POLA2
GO:0005634,POLA2
GO:0006267,POLA2
GO:0006271,POLA2
GO:0003677,POLD1
GO:0003688,POLD1
GO:0005634,POLD1
GO:0006267,POLD1
GO:0006271,POLD1
GO:0003677,POLD2
GO:0003688,POLD2
GO:0005634,POLD2
GO:0006267,POLD2
GO:0006271,POLD2
GO:0003677,POLD3
GO:0003688,POLD3
GO:0005634,POLD3
GO:0006267,POLD3
GO:0006271,POLD3
GO:0003677,POLD4
GO:0003688,POLD4
GO:0005634,POLD4
GO:0006267,POLD4
GO:0006271,POLD4
GO:0003677,PRIM1
GO:0003688,PRIM1
GO:0005634,PRIM1
GO:0006267,PRIM1
GO:0006271,PRIM1
GO:0003677,PRIM2
GO:0003688,PRIM2
GO:0005634,PRIM2
GO:0006267,PRIM2
GO:0006271,PRIM2
GO:0003688,RFC1
GO:0006267,RFC1
GO:0006271,RFC1
GO:0003688,RFC2
GO:0006267,RFC2
GO:0006271,RFC2
GO:0003688,RFC3
GO:0006267,RFC3
GO:0006271,RFC3
GO:0003688,RFC4
GO:0006267,RFC4
GO:0006271,RFC4
GO:0003688,RFC5
GO:0006267,RFC5
GO:0006271,RFC5
GO:0000278,CCNB2
GO:0000278,CCND1
GO:0000278,CDKN1A
GO:0000278,PCNA
GO:0000278,CDK2
GO:0000278,CDK4
GO:0006468,CCND1
GO:0000278,CCND3
GO:0006468,CCND3
GO:0000278,CDK5
GO:0006468,CDK5
GO:0006468,CDKN1A
GO:0006468,PCNA
GO:0000075,CDKN1A
GO:0005634,CDKN1A
GO:0000075,PCNA
GO:0005759,DAP3
GO:0006412,DAP3
GO:0005759,KGD4
GO:0006412,KGD4
GO:0005759,MRPS10
GO:0006412,MRPS10
GO:0005759,MRPS11
GO:0006412,MRPS11
GO:0005759,MRPS12
GO:0006412,MRPS12
GO:0005759,MRPS14
GO:0006412,MRPS14
GO:0005759,MRPS15
GO:0006412,MRPS15
GO:0005759,MRPS16
GO:0006412,MRPS16
GO:0005759,MRPS17
GO:0006412,MRPS17
GO:0005759,MRPS18A
GO:0006412,MRPS18A
GO:0005759,MRPS18B
GO:0006412,MRPS18B
GO:0005759,MRPS18C
GO:0006412,MRPS18C
GO:0005759,MRPS2
GO:0006412,MRPS2
GO:0005759,MRPS21
GO:0006412,MRPS21
GO:0005759,MRPS22
GO:0006412,MRPS22
GO:0005759,MRPS23
GO:0006412,MRPS23
GO:0005759,MRPS24
GO:0006412,MRPS24
GO:0005759,MRPS25
GO:0006412,MRPS25
GO:0005759,MRPS26
GO:0006412,MRPS26
GO:0005759,MRPS27
GO:0006412,MRPS27
GO:0005759,MRPS28
GO:0006412,MRPS28
GO:0005759,MRPS30
GO:0006412,MRPS30
GO:0005759,MRPS31
GO:0006412,MRPS31
GO:0005759,MRPS33
GO:0006412,MRPS33
GO:0005759,MRPS34
GO:0006412,MRPS34
GO:0005759,MRPS35
GO:0006412,MRPS35
GO:0005759,MRPS5
GO:0006412,MRPS5
GO:0005759,MRPS6
GO:0006412,MRPS6
GO:0005759,MRPS7
GO:0006412,MRPS7
GO:0005759,MRPS9
GO:0006412,MRPS9
GO:0007043,DMD
GO:0007268,DMD
GO:0007043,DTNB
GO:0007268,DTNB
GO:0005886,DTNA
GO:0007268,DTNA
GO:0007268,SNTA1
GO:0006936,DTNA
GO:0006936,SNTA1
GO:0005759,LACTB
GO:0006412,LACTB
GO:0005759,MRPL1
GO:0006412,MRPL1
GO:0005759,MRPL10
GO:0006412,MRPL10
GO:0005759,MRPL11
GO:0006412,MRPL11
GO:0005759,MRPL12
GO:0006412,MRPL12
GO:0005759,MRPL13
GO:0006412,MRPL13
GO:0005759,MRPL14
GO:0006412,MRPL14
GO:0005759,MRPL15
GO:0006412,MRPL15
GO:0005759,MRPL16
GO:0006412,MRPL16
GO:0005759,MRPL17
GO:0006412,MRPL17
GO:0005759,MRPL18
GO:0006412,MRPL18
GO:0005759,MRPL19
GO:0006412,MRPL19
GO:0005759,MRPL2
GO:0006412,MRPL2
GO:0005759,MRPL20
GO:0006412,MRPL20
GO:0005759,MRPL21
GO:0006412,MRPL21
GO:0005759,MRPL22
GO:0006412,MRPL22
GO:0005759,MRPL23
GO:0006412,MRPL23
GO:0005759,MRPL24
GO:0006412,MRPL24
GO:0005759,MRPL27
GO:0006412,MRPL27
GO:0005759,MRPL28
GO:0006412,MRPL28
GO:0005759,MRPL3
GO:0006412,MRPL3
GO:0005759,MRPL30
GO:0006412,MRPL30
GO:0005759,MRPL32
GO:0006412,MRPL32
GO:0005759,MRPL33
GO:0006412,MRPL33
GO:0005759,MRPL34
GO:0006412,MRPL34
GO:0005759,MRPL35
GO:0006412,MRPL35
GO:0005759,MRPL36
GO:0006412,MRPL36
GO:0005759,MRPL37
GO:0006412,MRPL37
GO:0005759,MRPL38
GO:0006412,MRPL38
GO:0005759,MRPL39
GO:0006412,MRPL39
GO:0005759,MRPL4
GO:0006412,MRPL4
GO:0005759,MRPL40
GO:0006412,MRPL40
GO:0005759,MRPL41
GO:0006412,MRPL41
GO:0005759,MRPL42
GO:0006412,MRPL42
GO:0005759,MRPL43
GO:0006412,MRPL43
GO:0005759,MRPL44
GO:0006412,MRPL44
GO:0005759,MRPL45
GO:0006412,MRPL45
GO:0005759,MRPL46
GO:0006412,MRPL46
GO:0005759,MRPL47
GO:0006412,MRPL47
GO:0005759,MRPL48
GO:0006412,MRPL48
GO:0005759,MRPL49
GO:0006412,MRPL49
GO:0005759,MRPL50
GO:0006412,MRPL50
GO:0005759,MRPL51
GO:0006412,MRPL51
GO:0005759,MRPL52
GO:0006412,MRPL52
GO:0005759,MRPL53
GO:0006412,MRPL53
GO:0005759,MRPL54
GO:0006412,MRPL54
GO:0005759,MRPL55
GO:0006412,MRPL55
GO:0005759,MRPL9
GO:0006412,MRPL9
GO:0005634,CCND2
GO:0051726,CCND2
GO:0005634,CDK4
GO:0051726,CDK4
GO:0005634,CDKN1B
GO:0051726,CDKN1B
GO:0003677,PRKDC
GO:0005634,PRKDC
GO:0006303,PRKDC
GO:0006468,PRKDC
GO:0046777,PRKDC
GO:0005634,XRCC5
GO:0006303,XRCC5
GO:0006468,XRCC5
GO:0046777,XRCC5
GO:0005634,XRCC6
GO:0006303,XRCC6
GO:0006468,XRCC6
GO:0046777,XRCC6
GO:0006941,SGCB
GO:0007519,SGCB
GO:0014706,SGCB
GO:0006941,SGCD
GO:0007519,SGCD
GO:0014706,SGCD
GO:0006941,SGCG
GO:0007519,SGCG
GO:0014706,SGCG
GO:0006941,SGCZ
GO:0007519,SGCZ
GO:0014706,SGCZ
GO:0005886,SGCB
GO:0006939,SGCB
GO:0048745,SGCB
GO:0005886,SGCD
GO:0006939,SGCD
GO:0048745,SGCD
GO:0005886,SGCZ
GO:0006939,SGCZ
GO:0048745,SGCZ
GO:0006281,XRCC5
GO:0006974,XRCC5
GO:0006281,XRCC6
GO:0006974,XRCC6
GO:0005886,SGCA
GO:0006941,SGCA
GO:0007519,SGCA
GO:0014706,SGCA
GO:0005886,SGCE
GO:0006941,SGCE
GO:0007519,SGCE
GO:0014706,SGCE
GO:0005886,SGCG
GO:0003723,MATR3
GO:0005634,MATR3
GO:0050658,MATR3
GO:0051033,MATR3
GO:0003723,NONO
GO:0005634,NONO
GO:0050658,NONO
GO:0051033,NONO
GO:0003723,SFPQ
GO:0005634,SFPQ
GO:0050658,SFPQ
GO:0051033,SFPQ
GO:0003677,AHNAK
GO:0005634,AHNAK
GO:0006281,AHNAK
GO:0006312,AHNAK
GO:0003677,LIG4
GO:0006312,LIG4
GO:0003677,XRCC4
GO:0005634,XRCC4
GO:0006281,XRCC4
GO:0006312,XRCC4
GO:0006941,DMD
GO:0007519,DMD
GO:0014706,DMD
GO:0006941,SNTA1
GO:0007519,SNTA1
GO:0014706,SNTA1
GO:0005886,
GO:0006941,
GO:0007519,
GO:0014706,
GO:0005886,DAG1
GO:0006941,DAG1
GO:0007519,DAG1
GO:0014706,DAG1
GO:0005886,SGCA
GO:0006941,SGCA
GO:0007519,SGCA
GO:0014706,SGCA
GO:0005886,SGCB
GO:0006941,SGCB
GO:0007519,SGCB
GO:0014706,SGCB
GO:0005886,SGCD
GO:0006941,SGCD
GO:0007519,SGCD
GO:0014706,SGCD
GO:0005886,SNTA1
GO:0006941,SNTA1
GO:0007519,SNTA1
GO:0014706,SNTA1
GO:0005886,SSPN
GO:0006941,SSPN
GO:0007519,SSPN
GO:0014706,SSPN
GO:0007517,SGCA
GO:0007517,SGCB
GO:0007517,SGCD
GO:0005886,SGCG
GO:0006941,SGCG
GO:0007517,SGCG
GO:0007517,SSPN
GO:0006936,DAG1
GO:0007517,DAG1
GO:0006936,SGCA
GO:0007517,SGCA
GO:0006936,SGCB
GO:0007517,SGCB
GO:0006936,SGCD
GO:0007517,SGCD
GO:0006936,SGCG
GO:0007517,SGCG
GO:0006936,SSPN
GO:0007517,SSPN
GO:0005886,SSPN
GO:0006302,LIG4
GO:0006302,XRCC4
GO:0007517,DTNA
GO:0007517,SNTA1
GO:0005886,SNTB1
GO:0006936,SNTB1
GO:0007517,SNTB1
GO:0003677,PNKP
GO:0006281,PNKP
GO:0005694,LIG4
GO:0007049,LIG4
GO:0007049,SMC2
GO:0007049,SMC4
GO:0005694,LIG4
GO:0006281,LIG4
GO:0006312,LIG4
GO:0006468,LIG4
GO:0046777,LIG4
GO:0005694,PRKDC
GO:0006281,PRKDC
GO:0006312,PRKDC
GO:0006468,PRKDC
GO:0046777,PRKDC
GO:0005694,XRCC4
GO:0006281,XRCC4
GO:0006312,XRCC4
GO:0006468,XRCC4
GO:0046777,XRCC4
GO:0005634,NHEJ1
GO:0006281,NHEJ1
GO:0003677,DCLRE1C
GO:0004519,DCLRE1C
GO:0005634,DCLRE1C
GO:0006281,DCLRE1C
GO:0006974,DCLRE1C
GO:0033151,DCLRE1C
GO:0004519,PRKDC
GO:0006281,PRKDC
GO:0006974,PRKDC
GO:0033151,PRKDC
GO:0005634,LIG3
GO:0006281,LIG3
GO:0006974,LIG3
GO:0005634,PNKP
GO:0006974,PNKP
GO:0005634,POLB
GO:0006281,POLB
GO:0006974,POLB
GO:0006308,LIG3
GO:0006310,LIG3
GO:0005634,POLE
GO:0006281,POLE
GO:0006308,POLE
GO:0006310,POLE
GO:0005634,POLE2
GO:0006281,POLE2
GO:0006308,POLE2
GO:0006310,POLE2
GO:0005634,SMC1A
GO:0006281,SMC1A
GO:0006308,SMC1A
GO:0006310,SMC1A
GO:0006308,SMC2
GO:0006310,SMC2
GO:0003677,RAG1
GO:0005634,RAG1
GO:0006312,RAG1
GO:0003677,RAG2
GO:0005634,RAG2
GO:0006312,RAG2
GO:0003677,HMGB1
GO:0005634,HMGB1
GO:0006312,HMGB1
GO:0003677,XRCC5
GO:0005634,XRCC5
GO:0006312,XRCC5
GO:0003677,XRCC6
GO:0005634,XRCC6
GO:0006312,XRCC6
GO:0005634,ERCC1
GO:0006281,ERCC1
GO:0006308,ERCC1
GO:0006974,ERCC1
GO:0005634,ERCC4
GO:0006281,ERCC4
GO:0006308,ERCC4
GO:0006974,ERCC4
GO:0006308,MSH2
GO:0003677,MSH6
GO:0006974,MSH6
GO:0003677,PMS1
GO:0006974,PMS1
GO:0005515,ATP5F1A
GO:0006144,ATP5F1A
GO:0006163,ATP5F1A
GO:0006796,ATP5F1A
GO:0005515,ATP5F1B
GO:0005743,ATP5F1B
GO:0006144,ATP5F1B
GO:0006163,ATP5F1B
GO:0006796,ATP5F1B
GO:0005515,ATP5F1C
GO:0005743,ATP5F1C
GO:0006144,ATP5F1C
GO:0006163,ATP5F1C
GO:0006796,ATP5F1C
GO:0005515,ATP5F1D
GO:0005743,ATP5F1D
GO:0006144,ATP5F1D
GO:0006163,ATP5F1D
GO:0006796,ATP5F1D
GO:0005515,ATP5F1E
GO:0005743,ATP5F1E
GO:0006144,ATP5F1E
GO:0006163,ATP5F1E
GO:0006796,ATP5F1E
GO:0005515,ATP5IF1
GO:0005743,ATP5IF1
GO:0006144,ATP5IF1
GO:0006163,ATP5IF1
GO:0006796,ATP5IF1
GO:0005515,ATP5MC1
GO:0005743,ATP5MC1
GO:0006144,ATP5MC1
GO:0006163,ATP5MC1
GO:0006796,ATP5MC1
GO:0005515,ATP5ME
GO:0005743,ATP5ME
GO:0006144,ATP5ME
GO:0006163,ATP5ME
GO:0006796,ATP5ME
GO:0005515,ATP5MF
GO:0005743,ATP5MF
GO:0006144,ATP5MF
GO:0006163,ATP5MF
GO:0006796,ATP5MF
GO:0005515,ATP5MG
GO:0005743,ATP5MG
GO:0006144,ATP5MG
GO:0006163,ATP5MG
GO:0006796,ATP5MG
GO:0005515,ATP5PB
GO:0005743,ATP5PB
GO:0006144,ATP5PB
GO:0006163,ATP5PB
GO:0006796,ATP5PB
GO:0005515,ATP5PD
GO:0005743,ATP5PD
GO:0006144,ATP5PD
GO:0006163,ATP5PD
GO:0006796,ATP5PD
GO:0005515,ATP5PF
GO:0005743,ATP5PF
GO:0006144,ATP5PF
GO:0006163,ATP5PF
GO:0006796,ATP5PF
GO:0005515,MT-ATP6
GO:0005743,MT-ATP6
GO:0006144,MT-ATP6
GO:0006163,MT-ATP6
GO:0006796,MT-ATP6
GO:0005515,MT-ATP8
GO:0005743,MT-ATP8
GO:0006144,MT-ATP8
GO:0006163,MT-ATP8
GO:0006796,MT-ATP8
GO:0005515,ATP6AP1
GO:0005886,ATP6AP1
GO:0006145,ATP6AP1
GO:0006195,ATP6AP1
GO:0006812,ATP6AP1
GO:0008324,ATP6AP1
GO:0016192,ATP6AP1
GO:0042626,ATP6AP1
GO:0005515,ATP6AP2
GO:0005886,ATP6AP2
GO:0006145,ATP6AP2
GO:0006195,ATP6AP2
GO:0006812,ATP6AP2
GO:0008324,ATP6AP2
GO:0016192,ATP6AP2
GO:0042626,ATP6AP2
GO:0005515,ATP6V0A1
GO:0005886,ATP6V0A1
GO:0006145,ATP6V0A1
GO:0006195,ATP6V0A1
GO:0006812,ATP6V0A1
GO:0008324,ATP6V0A1
GO:0016192,ATP6V0A1
GO:0042626,ATP6V0A1
GO:0005515,ATP6V0C
GO:0005886,ATP6V0C
GO:0006145,ATP6V0C
GO:0006195,ATP6V0C
GO:0006812,ATP6V0C
GO:0008324,ATP6V0C
GO:0016192,ATP6V0C
GO:0042626,ATP6V0C
GO:0005515,ATP6V0D1
GO:0005886,ATP6V0D1
GO:0006145,ATP6V0D1
GO:0006195,ATP6V0D1
GO:0006812,ATP6V0D1
GO:0008324,ATP6V0D1
GO:0016192,ATP6V0D1
GO:0042626,ATP6V0D1
GO:0005515,ATP6V0E1
GO:0005886,ATP6V0E1
GO:0006145,ATP6V0E1
GO:0006195,ATP6V0E1
GO:0006812,ATP6V0E1
GO:0008324,ATP6V0E1
GO:0016192,ATP6V0E1
GO:0042626,ATP6V0E1
GO:0005515,ATP6V1A
GO:0005886,ATP6V1A
GO:0006145,ATP6V1A
GO:0006195,ATP6V1A
GO:0006812,ATP6V1A
GO:0008324,ATP6V1A
GO:0016192,ATP6V1A
GO:0042626,ATP6V1A
GO:0005515,ATP6V1B1
GO:0005886,ATP6V1B1
GO:0006145,ATP6V1B1
GO:0006195,ATP6V1B1
GO:0006812,ATP6V1B1
GO:0008324,ATP6V1B1
GO:0016192,ATP6V1B1
GO:0042626,ATP6V1B1
GO:0005515,ATP6V1C1
GO:0005886,ATP6V1C1
GO:0006145,ATP6V1C1
GO:0006195,ATP6V1C1
GO:0006812,ATP6V1C1
GO:0008324,ATP6V1C1
GO:0016192,ATP6V1C1
GO:0042626,ATP6V1C1
GO:0005515,ATP6V1D
GO:0005886,ATP6V1D
GO:0006145,ATP6V1D
GO:0006195,ATP6V1D
GO:0006812,ATP6V1D
GO:0008324,ATP6V1D
GO:0016192,ATP6V1D
GO:0042626,ATP6V1D
GO:0005515,ATP6V1E1
GO:0005886,ATP6V1E1
GO:0006145,ATP6V1E1
GO:0006195,ATP6V1E1
GO:0006812,ATP6V1E1
GO:0008324,ATP6V1E1
GO:0016192,ATP6V1E1
GO:0042626,ATP6V1E1
GO:0005515,ATP6V1F
GO:0005886,ATP6V1F
GO:0006145,ATP6V1F
GO:0006195,ATP6V1F
GO:0006812,ATP6V1F
GO:0008324,ATP6V1F
GO:0016192,ATP6V1F
GO:0042626,ATP6V1F
GO:0005515,ATP6V1G1
GO:0005886,ATP6V1G1
GO:0006145,ATP6V1G1
GO:0006195,ATP6V1G1
GO:0006812,ATP6V1G1
GO:0008324,ATP6V1G1
GO:0016192,ATP6V1G1
GO:0042626,ATP6V1G1
GO:0005743,MT-ND2
GO:0006119,MT-ND2
GO:0009060,MT-ND2
GO:0022904,MT-ND2
GO:1902600,MT-ND2
GO:0005743,MT-ND5
GO:0006119,MT-ND5
GO:0009060,MT-ND5
GO:0022904,MT-ND5
GO:1902600,MT-ND5
GO:0005743,MTND1
GO:0006119,MTND1
GO:0009060,MTND1
GO:0022904,MTND1
GO:1902600,MTND1
GO:0005743,MTND4
GO:0006119,MTND4
GO:0009060,MTND4
GO:0022904,MTND4
GO:1902600,MTND4
GO:0005743,NDUFA10
GO:0006119,NDUFA10
GO:0009060,NDUFA10
GO:0022904,NDUFA10
GO:1902600,NDUFA10
GO:0005743,NDUFA12
GO:0006119,NDUFA12
GO:0009060,NDUFA12
GO:0022904,NDUFA12
GO:1902600,NDUFA12
GO:0005743,NDUFA13
GO:0006119,NDUFA13
GO:0009060,NDUFA13
GO:0022904,NDUFA13
GO:1902600,NDUFA13
GO:0005743,NDUFA2
GO:0006119,NDUFA2
GO:0009060,NDUFA2
GO:0022904,NDUFA2
GO:1902600,NDUFA2
GO:0005743,NDUFA3
GO:0006119,NDUFA3
GO:0009060,NDUFA3
GO:0022904,NDUFA3
GO:1902600,NDUFA3
GO:0005743,NDUFA4
GO:0006119,NDUFA4
GO:0009060,NDUFA4
GO:0022904,NDUFA4
GO:1902600,NDUFA4
GO:0005743,NDUFA5
GO:0006119,NDUFA5
GO:0009060,NDUFA5
GO:0022904,NDUFA5
GO:1902600,NDUFA5
GO:0005743,NDUFA6
GO:0006119,NDUFA6
GO:0009060,NDUFA6
GO:0022904,NDUFA6
GO:1902600,NDUFA6
GO:0005743,NDUFA7
GO:0006119,NDUFA7
GO:0009060,NDUFA7
GO:0022904,NDUFA7
GO:1902600,NDUFA7
GO:0005743,NDUFA8
GO:0006119,NDUFA8
GO:0009060,NDUFA8
GO:0022904,NDUFA8
GO:1902600,NDUFA8
GO:0005743,NDUFA9
GO:0006119,NDUFA9
GO:0009060,NDUFA9
GO:0022904,NDUFA9
GO:1902600,NDUFA9
GO:0005743,NDUFAB1
GO:0006119,NDUFAB1
GO:0009060,NDUFAB1
GO:0022904,NDUFAB1
GO:1902600,NDUFAB1
GO:0005743,NDUFB10
GO:0006119,NDUFB10
GO:0009060,NDUFB10
GO:0022904,NDUFB10
GO:1902600,NDUFB10
GO:0005743,NDUFB11
GO:0006119,NDUFB11
GO:0009060,NDUFB11
GO:0022904,NDUFB11
GO:1902600,NDUFB11
GO:0005743,NDUFB3
GO:0006119,NDUFB3
GO:0009060,NDUFB3
GO:0022904,NDUFB3
GO:1902600,NDUFB3
GO:0005743,NDUFB4
GO:0006119,NDUFB4
GO:0009060,NDUFB4
GO:0022904,NDUFB4
GO:1902600,NDUFB4
GO:0005743,NDUFB5
GO:0006119,NDUFB5
GO:0009060,NDUFB5
GO:0022904,NDUFB5
GO:1902600,NDUFB5
GO:0005743,NDUFB6
GO:0006119,NDUFB6
GO:0009060,NDUFB6
GO:0022904,NDUFB6
GO:1902600,NDUFB6
GO:0005743,NDUFB7
GO:0006119,NDUFB7
GO:0009060,NDUFB7
GO:0022904,NDUFB7
GO:1902600,NDUFB7
GO:0005743,NDUFB8
GO:0006119,NDUFB8
GO:0009060,NDUFB8
GO:0022904,NDUFB8
GO:1902600,NDUFB8
GO:0005743,NDUFB9
GO:0006119,NDUFB9
GO:0009060,NDUFB9
GO:0022904,NDUFB9
GO:1902600,NDUFB9
GO:0005743,NDUFC2
GO:0006119,NDUFC2
GO:0009060,NDUFC2
GO:0022904,NDUFC2
GO:1902600,NDUFC2
GO:0005743,NDUFS1
GO:0006119,NDUFS1
GO:0009060,NDUFS1
GO:0022904,NDUFS1
GO:1902600,NDUFS1
GO:0005743,NDUFS2
GO:0006119,NDUFS2
GO:0009060,NDUFS2
GO:0022904,NDUFS2
GO:1902600,NDUFS2
GO:0005743,NDUFS3
GO:0006119,NDUFS3
GO:0009060,NDUFS3
GO:0022904,NDUFS3
GO:1902600,NDUFS3
GO:0005743,NDUFS4
GO:0006119,NDUFS4
GO:0009060,NDUFS4
GO:0022904,NDUFS4
GO:1902600,NDUFS4
GO:0005743,NDUFS5
GO:0006119,NDUFS5
GO:0009060,NDUFS5
GO:0022904,NDUFS5
GO:1902600,NDUFS5
GO:0005743,NDUFS6
GO:0006119,NDUFS6
GO:0009060,NDUFS6
GO:0022904,NDUFS6
GO:1902600,NDUFS6
GO:0005743,NDUFS7
GO:0006119,NDUFS7
GO:0009060,NDUFS7
GO:0022904,NDUFS7
GO:1902600,NDUFS7
GO:0005743,NDUFS8
GO:0006119,NDUFS8
GO:0009060,NDUFS8
GO:0022904,NDUFS8
GO:1902600,NDUFS8
GO:0005743,NDUFV1
GO:0006119,NDUFV1
GO:0009060,NDUFV1
GO:0022904,NDUFV1
GO:1902600,NDUFV1
GO:0005743,NDUFV2
GO:0006119,NDUFV2
GO:0009060,NDUFV2
GO:0022904,NDUFV2
GO:1902600,NDUFV2
GO:0005743,NDUFV3
GO:0006119,NDUFV3
GO:0009060,NDUFV3
GO:0022904,NDUFV3
GO:1902600,NDUFV3
GO:0005743,MT-ND3
GO:0006119,MT-ND3
GO:0009060,MT-ND3
GO:0022904,MT-ND3
GO:1902600,MT-ND3
GO:0005743,NDUFA1
GO:0006119,NDUFA1
GO:0009060,NDUFA1
GO:0022904,NDUFA1
GO:1902600,NDUFA1
GO:0005743,NDUFA11
GO:0006119,NDUFA11
GO:0009060,NDUFA11
GO:0022904,NDUFA11
GO:1902600,NDUFA11
GO:0005743,NDUFB2
GO:0006119,NDUFB2
GO:0009060,NDUFB2
GO:0022904,NDUFB2
GO:1902600,NDUFB2
GO:0005886,ADCY8
GO:0005901,ADCY8
GO:0006941,ADCY8
GO:0007186,ADCY8
GO:0055074,ADCY8
GO:0071875,ADCY8
GO:0005886,ADRB2
GO:0005901,ADRB2
GO:0006941,ADRB2
GO:0007186,ADRB2
GO:0055074,ADRB2
GO:0071875,ADRB2
GO:0005886,CACNA1C
GO:0005901,CACNA1C
GO:0006941,CACNA1C
GO:0007186,CACNA1C
GO:0055074,CACNA1C
GO:0071875,CACNA1C
GO:0005886,CAV3
GO:0005901,CAV3
GO:0006941,CAV3
GO:0007186,CAV3
GO:0055074,CAV3
GO:0071875,CAV3
GO:0005886,GNAS
GO:0005901,GNAS
GO:0006941,GNAS
GO:0007186,GNAS
GO:0055074,GNAS
GO:0071875,GNAS
GO:0005886,PPP2R1A
GO:0005901,PPP2R1A
GO:0006941,PPP2R1A
GO:0007186,PPP2R1A
GO:0055074,PPP2R1A
GO:0071875,PPP2R1A
GO:0005886,PRKAR2B
GO:0005901,PRKAR2B
GO:0006941,PRKAR2B
GO:0007186,PRKAR2B
GO:0055074,PRKAR2B
GO:0071875,PRKAR2B
GO:0005886,GNAI1
GO:0005901,GNAI1
GO:0006941,GNAI1
GO:0007186,GNAI1
GO:0055074,GNAI1
GO:0071875,GNAI1
GO:0005515,RNF123
GO:0005737,RNF123
GO:0006511,RNF123
GO:0016567,RNF123
GO:0043161,RNF123
GO:0005515,UBAC1
GO:0005737,UBAC1
GO:0006511,UBAC1
GO:0016567,UBAC1
GO:0043161,UBAC1
GO:0005524,MCM2
GO:0005694,MCM2
GO:0006260,MCM2
GO:0051276,MCM2
GO:0005524,MCM3
GO:0005694,MCM3
GO:0006260,MCM3
GO:0051276,MCM3
GO:0005524,MCM4
GO:0005694,MCM4
GO:0006260,MCM4
GO:0051276,MCM4
GO:0005524,MCM5
GO:0005694,MCM5
GO:0006260,MCM5
GO:0051276,MCM5
GO:0005524,MCM6
GO:0005694,MCM6
GO:0006260,MCM6
GO:0051276,MCM6
GO:0005524,MCM7
GO:0005694,MCM7
GO:0006260,MCM7
GO:0051276,MCM7
GO:0005737,CUL1
GO:0030878,CUL1
GO:0005515,FBXW2
GO:0005737,FBXW2
GO:0006511,FBXW2
GO:0016567,FBXW2
GO:0030878,FBXW2
GO:0043161,FBXW2
GO:0005737,SKP1
GO:0030878,SKP1
GO:0005515,CUL4A
GO:0006511,CUL4A
GO:0006974,CUL4A
GO:0016567,CUL4A
GO:0019048,CUL4A
GO:0045087,CUL4A
GO:0051607,CUL4A
GO:0005515,DDB1
GO:0006511,DDB1
GO:0006974,DDB1
GO:0016567,DDB1
GO:0019048,DDB1
GO:0045087,DDB1
GO:0051607,DDB1
GO:0006974,RBX1
GO:0019048,RBX1
GO:0045087,RBX1
GO:0051607,RBX1
GO:0005515,SUCLG1
GO:0005525,SUCLG1
GO:0005739,SUCLG1
GO:0006144,SUCLG1
GO:0006163,SUCLG1
GO:0008152,SUCLG1
GO:0005515,SUCLG2
GO:0005525,SUCLG2
GO:0005739,SUCLG2
GO:0006144,SUCLG2
GO:0006163,SUCLG2
GO:0008152,SUCLG2
GO:0005515,SUCLA2
GO:0005524,SUCLA2
GO:0005739,SUCLA2
GO:0006144,SUCLA2
GO:0006163,SUCLA2
GO:0008152,SUCLA2
GO:0005524,SUCLG1
GO:0005515,SUCLA2
GO:0005524,SUCLA2
GO:0005739,SUCLA2
GO:0006144,SUCLA2
GO:0006163,SUCLA2
GO:0008152,SUCLA2
GO:0005515,SUCLG1
GO:0005524,SUCLG1
GO:0005739,SUCLG1
GO:0006144,SUCLG1
GO:0006163,SUCLG1
GO:0008152,SUCLG1
GO:0005525,SUCLG1
GO:0005515,SUCLG2
GO:0005525,SUCLG2
GO:0005739,SUCLG2
GO:0006144,SUCLG2
GO:0006163,SUCLG2
GO:0005524,SUCLG2
GO:0005783,CES1E
GO:0005783,GUSB
GO:0005743,MT-ND4
GO:0006119,MT-ND4
GO:0009060,MT-ND4
GO:0022904,MT-ND4
GO:1902600,MT-ND4
GO:0005743,CYC1
GO:0006119,CYC1
GO:0009060,CYC1
GO:0022904,CYC1
GO:1902600,CYC1
GO:0005743,MT-CYB
GO:0006119,MT-CYB
GO:0009060,MT-CYB
GO:0022904,MT-CYB
GO:1902600,MT-CYB
GO:0005743,UQCR10
GO:0006119,UQCR10
GO:0009060,UQCR10
GO:0022904,UQCR10
GO:1902600,UQCR10
GO:0005743,UQCR11
GO:0006119,UQCR11
GO:0009060,UQCR11
GO:0022904,UQCR11
GO:1902600,UQCR11
GO:0005743,UQCRB
GO:0006119,UQCRB
GO:0009060,UQCRB
GO:0022904,UQCRB
GO:1902600,UQCRB
GO:0005743,UQCRC1
GO:0006119,UQCRC1
GO:0009060,UQCRC1
GO:0022904,UQCRC1
GO:1902600,UQCRC1
GO:0005743,UQCRC2
GO:0006119,UQCRC2
GO:0009060,UQCRC2
GO:0022904,UQCRC2
GO:1902600,UQCRC2
GO:0005743,UQCRFS1
GO:0006119,UQCRFS1
GO:0009060,UQCRFS1
GO:0022904,UQCRFS1
GO:1902600,UQCRFS1
GO:0005743,UQCRH
GO:0006119,UQCRH
GO:0009060,UQCRH
GO:0022904,UQCRH
GO:1902600,UQCRH
GO:0005743,UQCRQ
GO:0006119,UQCRQ
GO:0009060,UQCRQ
GO:0022904,UQCRQ
GO:1902600,UQCRQ
GO:0004448,IDH1
GO:0005737,IDH1
GO:0005777,IDH1
GO:0006099,IDH1
GO:0006102,IDH1
GO:0008152,IDH1
GO:0050661,IDH1
GO:0005515,GANAB
GO:0005783,GANAB
GO:0006605,GANAB
GO:0006886,GANAB
GO:0015031,GANAB
GO:0036211,GANAB
GO:0005515,PRKCSH
GO:0005783,PRKCSH
GO:0006605,PRKCSH
GO:0006886,PRKCSH
GO:0015031,PRKCSH
GO:0036211,PRKCSH
GO:0005764,GNPTAB
GO:0006605,GNPTAB
GO:0016256,GNPTAB
GO:0033299,GNPTAB
GO:0046835,GNPTAB
GO:0005764,GNPTG
GO:0006605,GNPTG
GO:0016256,GNPTG
GO:0033299,GNPTG
GO:0046835,GNPTG
GO:0005515,GUCY1A2
GO:0005737,GUCY1A2
GO:0009187,GUCY1A2
GO:0005515,GUCY1B1
GO:0005737,GUCY1B1
GO:0009187,GUCY1B1
GO:0005515,GUCY1A1
GO:0005737,GUCY1A1
GO:0009187,GUCY1A1
GO:0017109,GCLC
GO:0017109,GCLM
GO:0005783,CABP1
GO:0006457,CABP1
GO:0030968,CABP1
GO:0050821,CABP1
GO:0005783,DNAJB11
GO:0006457,DNAJB11
GO:0030968,DNAJB11
GO:0050821,DNAJB11
GO:0005783,HSP90B1
GO:0006457,HSP90B1
GO:0030968,HSP90B1
GO:0050821,HSP90B1
GO:0005783,HSPA5
GO:0006457,HSPA5
GO:0030968,HSPA5
GO:0050821,HSPA5
GO:0005783,HYOU1
GO:0006457,HYOU1
GO:0030968,HYOU1
GO:0050821,HYOU1
GO:0005783,P4HB
GO:0006457,P4HB
GO:0030968,P4HB
GO:0050821,P4HB
GO:0005783,PDIA4
GO:0006457,PDIA4
GO:0030968,PDIA4
GO:0050821,PDIA4
GO:0005783,PPIB
GO:0006457,PPIB
GO:0030968,PPIB
GO:0050821,PPIB
GO:0005783,SDF2L1
GO:0006457,SDF2L1
GO:0030968,SDF2L1
GO:0050821,SDF2L1
GO:0005783,UGGT1
GO:0006457,UGGT1
GO:0030968,UGGT1
GO:0050821,UGGT1
GO:0005634,EXO1
GO:0006298,EXO1
GO:0006308,EXO1
GO:0006974,EXO1
GO:0006298,MLH1
GO:0006308,MLH1
GO:0006298,PMS2
GO:0006308,PMS2
GO:0006936,DMD
GO:0007263,DMD
GO:0005886,NOS1
GO:0006936,NOS1
GO:0030234,CAV3
GO:0050790,CAV3
GO:0005886,PTGS2
GO:0030234,PTGS2
GO:0050790,PTGS2
GO:0000154,DKC1
GO:0005515,DKC1
GO:0005730,DKC1
GO:0009187,DKC1
GO:0000154,GAR1
GO:0005515,GAR1
GO:0005730,GAR1
GO:0009187,GAR1
GO:0000154,NHP2
GO:0005515,NHP2
GO:0005730,NHP2
GO:0009187,NHP2
GO:0000154,NOP10
GO:0005515,NOP10
GO:0005730,NOP10
GO:0009187,NOP10
GO:0018343,FNTA
GO:0018343,FNTB
GO:0042391,CAV3
GO:0043266,CAV3
GO:0065003,CAV3
GO:0005886,DLG1
GO:0042391,DLG1
GO:0043266,DLG1
GO:0065003,DLG1
GO:0005886,KCNA5
GO:0042391,KCNA5
GO:0043266,KCNA5
GO:0065003,KCNA5
GO:0005886,CAV3
GO:0065003,CAV3
GO:0065003,DAG1
GO:0005634,EXO1
GO:0006298,EXO1
GO:0006308,EXO1
GO:0006974,EXO1
GO:0005634,MLH1
GO:0006298,MLH1
GO:0006308,MLH1
GO:0006974,MLH1
GO:0005634,PMS2
GO:0006298,PMS2
GO:0006308,PMS2
GO:0006974,PMS2
GO:0006281,EXO1
GO:0006308,PCNA
GO:0006281,GPS2
GO:0006974,GPS2
GO:0007131,GPS2
GO:0006281,MSH4
GO:0006974,MSH4
GO:0007131,MSH4
GO:0006281,MSH5
GO:0006974,MSH5
GO:0007131,MSH5
GO:0005515,MEP1A
GO:0005886,MEP1A
GO:0030163,MEP1A
GO:0005515,MEP1B
GO:0005886,MEP1B
GO:0030163,MEP1B
GO:0005737,TPP2
GO:0030163,TPP2
GO:0005515,MOCS2
GO:0009110,MOCS2
GO:0032324,MOCS2
GO:0051191,MOCS2
GO:0005515,PIK3C3
GO:0005886,PIK3C3
GO:0006605,PIK3C3
GO:0007167,PIK3C3
GO:0046854,PIK3C3
GO:0090160,PIK3C3
GO:0005515,PIK3R4
GO:0005886,PIK3R4
GO:0006605,PIK3R4
GO:0007167,PIK3R4
GO:0046854,PIK3R4
GO:0090160,PIK3R4
GO:0000398,DHX15
GO:0005634,DHX15
GO:0006397,DHX15
GO:0000398,PDCD7
GO:0005634,PDCD7
GO:0006397,PDCD7
GO:0000398,PRPF8
GO:0005634,PRPF8
GO:0006397,PRPF8
GO:0000398,RNPC3
GO:0005634,RNPC3
GO:0006397,RNPC3
GO:0000398,SF3B1
GO:0005634,SF3B1
GO:0006397,SF3B1
GO:0000398,SF3B2
GO:0005634,SF3B2
GO:0006397,SF3B2
GO:0000398,SF3B3
GO:0005634,SF3B3
GO:0006397,SF3B3
GO:0000398,SF3B4
GO:0005634,SF3B4
GO:0006397,SF3B4
GO:0000398,SF3B5
GO:0005634,SF3B5
GO:0006397,SF3B5
GO:0000398,SF3B6
GO:0005634,SF3B6
GO:0006397,SF3B6
GO:0000398,SNRNP25
GO:0005634,SNRNP25
GO:0006397,SNRNP25
GO:0000398,SNRNP35
GO:0005634,SNRNP35
GO:0006397,SNRNP35
GO:0000398,SNRNP48
GO:0005634,SNRNP48
GO:0006397,SNRNP48
GO:0000398,SNRPB
GO:0005634,SNRPB
GO:0006397,SNRPB
GO:0000398,SNRPD1
GO:0005634,SNRPD1
GO:0006397,SNRPD1
GO:0000398,SNRPD2
GO:0005634,SNRPD2
GO:0006397,SNRPD2
GO:0000398,SNRPD3
GO:0005634,SNRPD3
GO:0006397,SNRPD3
GO:0000398,SNRPE
GO:0005634,SNRPE
GO:0006397,SNRPE
GO:0000398,SNRPF
GO:0005634,SNRPF
GO:0006397,SNRPF
GO:0000398,SNRPG
GO:0005634,SNRPG
GO:0006397,SNRPG
GO:0000398,YBX1
GO:0005634,YBX1
GO:0006397,YBX1
GO:0000398,ZCRB1
GO:0005634,ZCRB1
GO:0006397,ZCRB1
GO:0000398,ZMAT5
GO:0005634,ZMAT5
GO:0006397,ZMAT5
GO:0000398,ZRSR2
GO:0005634,ZRSR2
GO:0006397,ZRSR2
GO:0005737,HSPA1A
GO:0006511,HSPA1A
GO:0043161,HSPA1A
GO:0005737,NOS1
GO:0006511,NOS1
GO:0043161,NOS1
GO:0005737,STUB1
GO:0006511,STUB1
GO:0043161,STUB1
GO:0005634,ATM
GO:0006281,ATM
GO:0006974,ATM
GO:0006974,BRCA1
GO:0006974,RFC1
GO:0005886,ACTB
GO:0006605,ACTB
GO:0006886,ACTB
GO:0015031,ACTB
GO:0015267,ACTB
GO:0005886,ACTG1
GO:0006605,ACTG1
GO:0006873,ACTG1
GO:0006886,ACTG1
GO:0015031,ACTG1
GO:0015267,ACTG1
GO:0050801,ACTG1
GO:0005886,ACTN4
GO:0006605,ACTN4
GO:0006873,ACTN4
GO:0006886,ACTN4
GO:0015031,ACTN4
GO:0015267,ACTN4
GO:0050801,ACTN4
GO:0005886,AIF1L
GO:0006605,AIF1L
GO:0006873,AIF1L
GO:0006886,AIF1L
GO:0015031,AIF1L
GO:0015267,AIF1L
GO:0050801,AIF1L
GO:0005886,ANXA2
GO:0006605,ANXA2
GO:0006873,ANXA2
GO:0006886,ANXA2
GO:0015031,ANXA2
GO:0015267,ANXA2
GO:0050801,ANXA2
GO:0005886,ANXA6
GO:0006605,ANXA6
GO:0006873,ANXA6
GO:0006886,ANXA6
GO:0015031,ANXA6
GO:0015267,ANXA6
GO:0050801,ANXA6
GO:0005886,AQP2
GO:0006605,AQP2
GO:0006873,AQP2
GO:0006886,AQP2
GO:0015031,AQP2
GO:0015267,AQP2
GO:0050801,AQP2
GO:0005886,GSN
GO:0006605,GSN
GO:0006873,GSN
GO:0006886,GSN
GO:0015031,GSN
GO:0015267,GSN
GO:0050801,GSN
GO:0005886,MYH9
GO:0006605,MYH9
GO:0006873,MYH9
GO:0006886,MYH9
GO:0015031,MYH9
GO:0015267,MYH9
GO:0050801,MYH9
GO:0005886,MYL12B
GO:0006605,MYL12B
GO:0006873,MYL12B
GO:0006886,MYL12B
GO:0015031,MYL12B
GO:0015267,MYL12B
GO:0050801,MYL12B
GO:0005886,RLC-A
GO:0006605,RLC-A
GO:0006873,RLC-A
GO:0006886,RLC-A
GO:0015031,RLC-A
GO:0015267,RLC-A
GO:0050801,RLC-A
GO:0005886,SCIN
GO:0006605,SCIN
GO:0006873,SCIN
GO:0006886,SCIN
GO:0015031,SCIN
GO:0015267,SCIN
GO:0050801,SCIN
GO:0005886,SIPA1
GO:0006605,SIPA1
GO:0006873,SIPA1
GO:0006886,SIPA1
GO:0015031,SIPA1
GO:0015267,SIPA1
GO:0050801,SIPA1
GO:0005886,SPTAN1
GO:0006605,SPTAN1
GO:0006873,SPTAN1
GO:0006886,SPTAN1
GO:0015031,SPTAN1
GO:0015267,SPTAN1
GO:0050801,SPTAN1
GO:0005886,TPM3
GO:0006605,TPM3
GO:0006873,TPM3
GO:0006886,TPM3
GO:0015031,TPM3
GO:0015267,TPM3
GO:0050801,TPM3
GO:0006265,KAT2A
GO:0006281,KAT2A
GO:0006355,KAT2A
GO:0006974,KAT2A
GO:0051276,KAT2A
GO:0006265,MSH2
GO:0006355,MSH2
GO:0051276,MSH2
GO:0006265,MSH6
GO:0006355,MSH6
GO:0051276,MSH6
GO:0006265,SUPT3H
GO:0006281,SUPT3H
GO:0006355,SUPT3H
GO:0006974,SUPT3H
GO:0051276,SUPT3H
GO:0006265,TADA3
GO:0006281,TADA3
GO:0006355,TADA3
GO:0006974,TADA3
GO:0051276,TADA3
GO:0006265,TAF10
GO:0006281,TAF10
GO:0006974,TAF10
GO:0051276,TAF10
GO:0006265,TAF5L
GO:0006281,TAF5L
GO:0006355,TAF5L
GO:0006974,TAF5L
GO:0051276,TAF5L
GO:0006265,TAF9
GO:0006281,TAF9
GO:0006974,TAF9
GO:0051276,TAF9
GO:0006265,TRRAP
GO:0006281,TRRAP
GO:0006355,TRRAP
GO:0006974,TRRAP
GO:0051276,TRRAP
GO:0005524,PIK3CA
GO:0005886,PIK3CA
GO:0036312,PIK3CA
GO:0036313,PIK3CA
GO:0046854,PIK3CA
GO:0048015,PIK3CA
GO:0005524,PIK3R1
GO:0005886,PIK3R1
GO:0036312,PIK3R1
GO:0036313,PIK3R1
GO:0046854,PIK3R1
GO:0048015,PIK3R1
GO:0006091,SDHA
GO:0009313,SDHA
GO:0016139,SDHA
GO:0019751,SDHA
GO:0019752,SDHA
GO:0022904,SDHA
GO:0051536,SDHA
GO:1902600,SDHA
GO:0006091,SDHB
GO:0009313,SDHB
GO:0016139,SDHB
GO:0019751,SDHB
GO:0019752,SDHB
GO:0022904,SDHB
GO:0051536,SDHB
GO:1902600,SDHB
GO:0005743,SDHC
GO:0006091,SDHC
GO:0009313,SDHC
GO:0016139,SDHC
GO:0019751,SDHC
GO:0019752,SDHC
GO:0022904,SDHC
GO:0051536,SDHC
GO:1902600,SDHC
GO:0005743,SDHD
GO:0006091,SDHD
GO:0009313,SDHD
GO:0016139,SDHD
GO:0019751,SDHD
GO:0019752,SDHD
GO:0022904,SDHD
GO:0051536,SDHD
GO:1902600,SDHD
GO:0004402,ESR1
GO:0005102,ESR1
GO:0005634,ESR1
GO:0006265,ESR1
GO:0006355,ESR1
GO:0023052,ESR1
GO:0051276,ESR1
GO:2001141,ESR1
GO:0004402,KAT2A
GO:0005102,KAT2A
GO:0005634,KAT2A
GO:0023052,KAT2A
GO:2001141,KAT2A
GO:0004402,MED1
GO:0005102,MED1
GO:0006265,MED1
GO:0051276,MED1
GO:0004402,MED12
GO:0005102,MED12
GO:0006265,MED12
GO:0051276,MED12
GO:0004402,MED13
GO:0005102,MED13
GO:0006265,MED13
GO:0023052,MED13
GO:0051276,MED13
GO:0004402,MED14
GO:0005102,MED14
GO:0006265,MED14
GO:0051276,MED14
GO:0004402,MED16
GO:0005102,MED16
GO:0006265,MED16
GO:0051276,MED16
GO:0004402,MED17
GO:0005102,MED17
GO:0006265,MED17
GO:0051276,MED17
GO:0004402,MED23
GO:0005102,MED23
GO:0006265,MED23
GO:0006355,MED23
GO:0023052,MED23
GO:0051276,MED23
GO:2001141,MED23
GO:0004402,MED24
GO:0005102,MED24
GO:0006265,MED24
GO:0051276,MED24
GO:0004402,TRRAP
GO:0005102,TRRAP
GO:0005634,TRRAP
GO:0023052,TRRAP
GO:2001141,TRRAP
GO:0005515,ATP6V1B2
GO:0005886,ATP6V1B2
GO:0006145,ATP6V1B2
GO:0006195,ATP6V1B2
GO:0006812,ATP6V1B2
GO:0008324,ATP6V1B2
GO:0016192,ATP6V1B2
GO:0042626,ATP6V1B2
GO:0005515,ATP6V1H
GO:0005886,ATP6V1H
GO:0006145,ATP6V1H
GO:0006195,ATP6V1H
GO:0006812,ATP6V1H
GO:0008324,ATP6V1H
GO:0016192,ATP6V1H
GO:0042626,ATP6V1H
GO:0005634,BACH1
GO:0045893,BACH1
GO:0045893,ERCC3
GO:0005634,GJB6
GO:0045893,GJB6
GO:0005634,KLF10
GO:0045893,KLF10
GO:0005634,MXI1
GO:0045893,MXI1
GO:0045893,PSMC3
GO:0005634,SMAD9
GO:0045893,SMAD9
GO:0005634,TGFBI
GO:0045893,TGFBI
GO:0005515,SEC11A
GO:0005783,SEC11A
GO:0006605,SEC11A
GO:0006886,SEC11A
GO:0015031,SEC11A
GO:0005515,SEC11C
GO:0005783,SEC11C
GO:0006605,SEC11C
GO:0006886,SEC11C
GO:0015031,SEC11C
GO:0005515,SPCS1
GO:0005783,SPCS1
GO:0006605,SPCS1
GO:0006886,SPCS1
GO:0015031,SPCS1
GO:0005515,SPCS2
GO:0005783,SPCS2
GO:0006605,SPCS2
GO:0006886,SPCS2
GO:0015031,SPCS2
GO:0005515,SPCS3
GO:0005783,SPCS3
GO:0006605,SPCS3
GO:0006886,SPCS3
GO:0015031,SPCS3
GO:0005743,SDHA
GO:0006091,SDHA
GO:0009313,SDHA
GO:0016139,SDHA
GO:0019751,SDHA
GO:0019752,SDHA
GO:0022904,SDHA
GO:0051536,SDHA
GO:1902600,SDHA
GO:0005743,SDHB
GO:0006091,SDHB
GO:0009313,SDHB
GO:0016139,SDHB
GO:0019751,SDHB
GO:0019752,SDHB
GO:0022904,SDHB
GO:0051536,SDHB
GO:1902600,SDHB
GO:0005743,SDHC
GO:0006091,SDHC
GO:0009313,SDHC
GO:0016139,SDHC
GO:0019751,SDHC
GO:0019752,SDHC
GO:0022904,SDHC
GO:0051536,SDHC
GO:1902600,SDHC
GO:0005743,SDHD
GO:0006091,SDHD
GO:0009313,SDHD
GO:0016139,SDHD
GO:0019751,SDHD
GO:0019752,SDHD
GO:0022904,SDHD
GO:0051536,SDHD
GO:1902600,SDHD
GO:0005216,DMD
GO:0006812,DMD
GO:0008324,DMD
GO:0005216,KCNJ10
GO:0005886,KCNJ10
GO:0006812,KCNJ10
GO:0008324,KCNJ10
GO:0005216,SNTA1
GO:0006812,SNTA1
GO:0008324,SNTA1
GO:0005216,DAG1
GO:0006812,DAG1
GO:0008324,DAG1
GO:0005216,AQP4
GO:0006812,AQP4
GO:0008324,AQP4
GO:0005216,DTNB
GO:0006812,DTNB
GO:0008324,DTNB
GO:0007420,CSNK2A1
GO:0030182,CSNK2A1
GO:0030234,CSNK2A1
GO:0035556,CSNK2A1
GO:0050790,CSNK2A1
GO:0007420,DUSP6
GO:0030182,DUSP6
GO:0030234,DUSP6
GO:0035556,DUSP6
GO:0050790,DUSP6
GO:0007044,DAG1
GO:0007044,DMD
GO:0007044,SGCD
GO:0007044,SNTA1
GO:0007044,UTRN
GO:0007043,CRB1
GO:0009798,CRB1
GO:0030054,CRB1
GO:0051211,CRB1
GO:0007043,PALS1
GO:0009798,PALS1
GO:0030054,PALS1
GO:0051211,PALS1
GO:0007043,PATJ
GO:0009798,PATJ
GO:0030054,PATJ
GO:0051211,PATJ
GO:0007601,CRB1
GO:0009416,CRB1
GO:0009583,CRB1
GO:0007601,MPP4
GO:0009416,MPP4
GO:0009583,MPP4
GO:0007601,PALS1
GO:0009416,PALS1
GO:0009583,PALS1
GO:0004402,ATXN7
GO:0005634,ATXN7
GO:0006265,ATXN7
GO:0006352,ATXN7
GO:0045893,ATXN7
GO:0051276,ATXN7
GO:0006352,KAT2A
GO:0045893,KAT2A
GO:0004402,SF3B3
GO:0006265,SF3B3
GO:0006352,SF3B3
GO:0045893,SF3B3
GO:0051276,SF3B3
GO:0004402,SUPT3H
GO:0005634,SUPT3H
GO:0006352,SUPT3H
GO:0045893,SUPT3H
GO:0004402,TADA3
GO:0005634,TADA3
GO:0006352,TADA3
GO:0045893,TADA3
GO:0004402,TAF10
GO:0045893,TAF10
GO:0004402,TAF12
GO:0005634,TAF12
GO:0006265,TAF12
GO:0006352,TAF12
GO:0045893,TAF12
GO:0051276,TAF12
GO:0004402,TAF2
GO:0006265,TAF2
GO:0045893,TAF2
GO:0051276,TAF2
GO:0004402,TAF4
GO:0006265,TAF4
GO:0045893,TAF4
GO:0051276,TAF4
GO:0004402,TAF5
GO:0006265,TAF5
GO:0045893,TAF5
GO:0051276,TAF5
GO:0004402,TAF5L
GO:0005634,TAF5L
GO:0006352,TAF5L
GO:0045893,TAF5L
GO:0004402,TAF6
GO:0006265,TAF6
GO:0045893,TAF6
GO:0051276,TAF6
GO:0004402,TAF6L
GO:0005634,TAF6L
GO:0006265,TAF6L
GO:0006352,TAF6L
GO:0045893,TAF6L
GO:0051276,TAF6L
GO:0004402,TAF7
GO:0005634,TAF7
GO:0006265,TAF7
GO:0006352,TAF7
GO:0045893,TAF7
GO:0051276,TAF7
GO:0004402,TAF9
GO:0045893,TAF9
GO:0006352,TRRAP
GO:0045893,TRRAP
GO:0003677,TAF12
GO:0006355,TAF12
GO:0003677,TAF13
GO:0005634,TAF13
GO:0006352,TAF13
GO:0006355,TAF13
GO:0003677,TAF7
GO:0006355,TAF7
GO:0019722,HAP1
GO:0019722,HTT
GO:0019722,ITPR1
GO:0007219,APH1A
GO:0007219,NCSTN
GO:0007219,PSEN1
GO:0007219,PSENEN
GO:0005794,APH1B
GO:0005886,APH1B
GO:0007219,APH1B
GO:0016485,APH1B
GO:0023052,APH1B
GO:0051090,APH1B
GO:0051090,NCSTN
GO:0005794,PSEN2
GO:0005886,PSEN2
GO:0007219,PSEN2
GO:0016485,PSEN2
GO:0023052,PSEN2
GO:0051090,PSEN2
GO:0051090,PSENEN
GO:0051090,APH1A
GO:2001141,TAF12
GO:2001141,TAF13
GO:2001141,TAF7
GO:0004402,TAF13
GO:0006265,TAF13
GO:0045893,TAF13
GO:0051276,TAF13
GO:0005634,KAT2B
GO:0006265,KAT2B
GO:0006351,KAT2B
GO:0006355,KAT2B
GO:0006473,KAT2B
GO:0051276,KAT2B
GO:2001141,KAT2B
GO:0006351,SUPT3H
GO:0006473,SUPT3H
GO:2001141,SUPT3H
GO:0005634,TADA2A
GO:0006265,TADA2A
GO:0006351,TADA2A
GO:0006355,TADA2A
GO:0006473,TADA2A
GO:0051276,TADA2A
GO:2001141,TADA2A
GO:0006351,TADA3
GO:0006473,TADA3
GO:2001141,TADA3
GO:0006351,TAF10
GO:0006473,TAF10
GO:0006351,TAF12
GO:0006473,TAF12
GO:0006351,TAF5L
GO:0006473,TAF5L
GO:2001141,TAF5L
GO:0006351,TAF6L
GO:0006355,TAF6L
GO:0006473,TAF6L
GO:2001141,TAF6L
GO:0006351,TAF9
GO:0006473,TAF9
GO:0006351,TRRAP
GO:0006473,TRRAP
GO:0005515,P4HA1
GO:0005783,P4HA1
GO:0006479,P4HA1
GO:0018126,P4HA1
GO:0005515,P4HB
GO:0005783,P4HB
GO:0006479,P4HB
GO:0018126,P4HB
GO:0005515,P4HA2
GO:0005783,P4HA2
GO:0006479,P4HA2
GO:0018126,P4HA2
GO:0005515,P4HA3
GO:0005783,P4HA3
GO:0006479,P4HA3
GO:0018126,P4HA3
GO:0006974,SF3B3
GO:0004402,SUPT7L
GO:0005634,SUPT7L
GO:0006265,SUPT7L
GO:0006974,SUPT7L
GO:0045893,SUPT7L
GO:0051276,SUPT7L
GO:0004402,TADA1
GO:0005634,TADA1
GO:0006265,TADA1
GO:0006974,TADA1
GO:0045893,TADA1
GO:0051276,TADA1
GO:0006974,TAF12
GO:0006974,TAF6L
GO:0006974,ATXN7
GO:0007268,CAMK2A
GO:2000310,CAMK2A
GO:2000311,CAMK2A
GO:0007268,CAMK2B
GO:2000310,CAMK2B
GO:2000311,CAMK2B
GO:0007268,DLG4
GO:2000310,DLG4
GO:2000311,DLG4
GO:0007268,MPDZ
GO:2000310,MPDZ
GO:2000311,MPDZ
GO:0007268,SYNGAP1
GO:2000310,SYNGAP1
GO:2000311,SYNGAP1
GO:0005634,TAF1A
GO:0006352,TAF1A
GO:0009303,TAF1A
GO:0005634,TAF1B
GO:0006352,TAF1B
GO:0009303,TAF1B
GO:0005634,TAF1C
GO:0006352,TAF1C
GO:0009303,TAF1C
GO:0005634,TBP
GO:0006352,TBP
GO:0009303,TBP
GO:0007169,GAB2
GO:0141124,GAB2
GO:0007169,GRB2
GO:0141124,GRB2
GO:0007169,PIK3R1
GO:0141124,PIK3R1
GO:0007169,PTPN11
GO:0141124,PTPN11
GO:0007169,RET
GO:0141124,RET
GO:0007169,SHC1
GO:0141124,SHC1
GO:0003677,TAF4B
GO:0005634,TAF4B
GO:0006352,TAF4B
GO:0006355,TAF4B
GO:2001141,TAF4B
GO:0005856,ACTA2
GO:0030036,ACTA2
GO:0050896,ACTA2
GO:0005856,MYH9
GO:0030036,MYH9
GO:0050896,MYH9
GO:0005856,MYL12A
GO:0030036,MYL12A
GO:0050896,MYL12A
GO:0005856,MYL6
GO:0030036,MYL6
GO:0050896,MYL6
GO:0005856,WAS
GO:0030036,WAS
GO:0050896,WAS
GO:0005856,WIPF1
GO:0030036,WIPF1
GO:0050896,WIPF1
GO:0001568,ARHGAP22
GO:0001944,ARHGAP22
GO:0005634,ARHGAP22
GO:0005737,ARHGAP22
GO:0006355,ARHGAP22
GO:0035556,ARHGAP22
GO:2001141,ARHGAP22
GO:0001568,VEZF1
GO:0001944,VEZF1
GO:0005634,VEZF1
GO:0005737,VEZF1
GO:0006355,VEZF1
GO:0035556,VEZF1
GO:2001141,VEZF1
GO:0005634,GTF2A1
GO:0006352,GTF2A1
GO:0006355,GTF2A1
GO:2001141,GTF2A1
GO:0005634,GTF2A2
GO:0006352,GTF2A2
GO:0006355,GTF2A2
GO:2001141,GTF2A2
GO:0003677,GTF2A1
GO:0003677,GTF2A2
GO:0003677,TAF3
GO:0005634,TAF3
GO:0006352,TAF3
GO:0006355,TAF3
GO:2001141,TAF3
GO:0006352,GTF2B
GO:0006355,GTF2B
GO:2001141,GTF2B
GO:0005743,CYC1
GO:0006091,CYC1
GO:0006099,CYC1
GO:0009060,CYC1
GO:0022904,CYC1
GO:1902600,CYC1
GO:0005743,MT-CYB
GO:0006091,MT-CYB
GO:0006099,MT-CYB
GO:0009060,MT-CYB
GO:0022904,MT-CYB
GO:1902600,MT-CYB
GO:0005743,UQCR10
GO:0006091,UQCR10
GO:0006099,UQCR10
GO:0009060,UQCR10
GO:0022904,UQCR10
GO:1902600,UQCR10
GO:0005743,UQCR11
GO:0006091,UQCR11
GO:0006099,UQCR11
GO:0009060,UQCR11
GO:0022904,UQCR11
GO:1902600,UQCR11
GO:0005743,UQCRB
GO:0006091,UQCRB
GO:0006099,UQCRB
GO:0009060,UQCRB
GO:0022904,UQCRB
GO:1902600,UQCRB
GO:0005743,UQCRC1
GO:0006091,UQCRC1
GO:0006099,UQCRC1
GO:0009060,UQCRC1
GO:0022904,UQCRC1
GO:1902600,UQCRC1
GO:0005743,UQCRC2
GO:0006091,UQCRC2
GO:0006099,UQCRC2
GO:0009060,UQCRC2
GO:0022904,UQCRC2
GO:1902600,UQCRC2
GO:0005743,UQCRFS1
GO:0006091,UQCRFS1
GO:0006099,UQCRFS1
GO:0009060,UQCRFS1
GO:0022904,UQCRFS1
GO:1902600,UQCRFS1
GO:0005743,UQCRH
GO:0006091,UQCRH
GO:0006099,UQCRH
GO:0009060,UQCRH
GO:0022904,UQCRH
GO:1902600,UQCRH
GO:0005743,UQCRQ
GO:0006091,UQCRQ
GO:0006099,UQCRQ
GO:0009060,UQCRQ
GO:0022904,UQCRQ
GO:1902600,UQCRQ
GO:0003677,TAF1
GO:0005634,TAF1
GO:0006352,TAF1
GO:0006355,TAF1
GO:2001141,TAF1
GO:0003677,TAF10
GO:0005634,TAF10
GO:0006352,TAF10
GO:0006355,TAF10
GO:2001141,TAF10
GO:0003677,TAF11
GO:0005634,TAF11
GO:0006352,TAF11
GO:0006355,TAF11
GO:2001141,TAF11
GO:0003677,TAF12
GO:0005634,TAF12
GO:0006352,TAF12
GO:0006355,TAF12
GO:2001141,TAF12
GO:0003677,TAF2
GO:0005634,TAF2
GO:0006352,TAF2
GO:0006355,TAF2
GO:2001141,TAF2
GO:0003677,TAF4
GO:0005634,TAF4
GO:0006352,TAF4
GO:0006355,TAF4
GO:2001141,TAF4
GO:0003677,TAF5
GO:0005634,TAF5
GO:0006352,TAF5
GO:0006355,TAF5
GO:2001141,TAF5
GO:0003677,TAF6
GO:0005634,TAF6
GO:0006352,TAF6
GO:0006355,TAF6
GO:2001141,TAF6
GO:0003677,TAF7
GO:0005634,TAF7
GO:0006352,TAF7
GO:0006355,TAF7
GO:2001141,TAF7
GO:0003677,TAF8
GO:0005634,TAF8
GO:0006352,TAF8
GO:0006355,TAF8
GO:2001141,TAF8
GO:0003677,TAF9
GO:0005634,TAF9
GO:0006352,TAF9
GO:0006355,TAF9
GO:2001141,TAF9
GO:0003677,TBP
GO:0006355,TBP
GO:2001141,TBP
GO:0005515,TAF12
GO:0005515,TAF4
GO:0016055,FZD8
GO:0016055,RYK
GO:0016055,WNT1
GO:0016055,RYK
GO:0016055,WNT1
GO:0016055,WNT3A
GO:0016055,DVL1
GO:0003677,TAF15
GO:0005634,TAF15
GO:0006352,TAF15
GO:0006355,TAF15
GO:2001141,TAF15
GO:0003677,TAF7L
GO:0005634,TAF7L
GO:0006352,TAF7L
GO:0006355,TAF7L
GO:0007276,TAF7L
GO:2001141,TAF7L
GO:0007276,TBP
GO:0007276,TAF1
GO:0006811,AQP1
GO:0015267,AQP1
GO:0032940,AQP1
GO:0046903,AQP1
GO:0006811,CLCN2
GO:0015267,CLCN2
GO:0032940,CLCN2
GO:0046903,CLCN2
GO:0006811,GNAI3
GO:0015267,GNAI3
GO:0032940,GNAI3
GO:0046903,GNAI3
GO:0006811,KCNJ8
GO:0015267,KCNJ8
GO:0032940,KCNJ8
GO:0046903,KCNJ8
GO:0006811,PLA2G2A
GO:0015267,PLA2G2A
GO:0032940,PLA2G2A
GO:0046903,PLA2G2A
GO:0006473,ATXN7
GO:0006473,KAT2A
GO:0006473,SF3B3
GO:0006473,TAF2
GO:0006473,TAF4
GO:0006473,TAF5
GO:0006473,TAF6
GO:0006473,TAF7
GO:0005634,TAF9B
GO:0006265,TAF9B
GO:0006352,TAF9B
GO:0006473,TAF9B
GO:0045893,TAF9B
GO:0051276,TAF9B
GO:0003677,TAF9B
GO:0006355,TAF9B
GO:2001141,TAF9B
GO:0005768,AKAP2
GO:0006468,AKAP2
GO:0006470,AKAP2
GO:0006605,AKAP2
GO:0006886,AKAP2
GO:0015031,AKAP2
GO:0005768,PPP3CA
GO:0006468,PPP3CA
GO:0006470,PPP3CA
GO:0006605,PPP3CA
GO:0006886,PPP3CA
GO:0015031,PPP3CA
GO:0005768,PRKAR2A
GO:0006468,PRKAR2A
GO:0006470,PRKAR2A
GO:0006605,PRKAR2A
GO:0006886,PRKAR2A
GO:0015031,PRKAR2A
GO:0005768,PRKCZ
GO:0006468,PRKCZ
GO:0006470,PRKCZ
GO:0006605,PRKCZ
GO:0006886,PRKCZ
GO:0015031,PRKCZ
GO:0005743,MT-CYB
GO:0006091,MT-CYB
GO:0006099,MT-CYB
GO:0009060,MT-CYB
GO:0022904,MT-CYB
GO:1902600,MT-CYB
GO:0005856,AKAP5
GO:0005886,AKAP5
GO:0006468,AKAP5
GO:0006470,AKAP5
GO:0006605,AKAP5
GO:0015031,AKAP5
GO:0019722,AKAP5
GO:0048167,AKAP5
GO:0005856,PPP3CA
GO:0005886,PPP3CA
GO:0006468,PPP3CA
GO:0006470,PPP3CA
GO:0006605,PPP3CA
GO:0015031,PPP3CA
GO:0019722,PPP3CA
GO:0048167,PPP3CA
GO:0005856,PRKAR2A
GO:0005886,PRKAR2A
GO:0006468,PRKAR2A
GO:0006470,PRKAR2A
GO:0006605,PRKAR2A
GO:0015031,PRKAR2A
GO:0019722,PRKAR2A
GO:0048167,PRKAR2A
GO:0004115,AKAP12
GO:0004691,AKAP12
GO:0005886,AKAP12
GO:0006605,AKAP12
GO:0006886,AKAP12
GO:0008104,AKAP12
GO:0019933,AKAP12
GO:0030234,AKAP12
GO:0034236,AKAP12
GO:0050790,AKAP12
GO:0004115,PDE4D
GO:0004691,PDE4D
GO:0005886,PDE4D
GO:0006605,PDE4D
GO:0006886,PDE4D
GO:0008104,PDE4D
GO:0019933,PDE4D
GO:0030234,PDE4D
GO:0034236,PDE4D
GO:0050790,PDE4D
GO:0004115,PRKACA
GO:0004691,PRKACA
GO:0005886,PRKACA
GO:0006605,PRKACA
GO:0006886,PRKACA
GO:0008104,PRKACA
GO:0019933,PRKACA
GO:0030234,PRKACA
GO:0034236,PRKACA
GO:0050790,PRKACA
GO:0005739,AKAP1
GO:0007276,AKAP1
GO:0019933,AKAP1
GO:0005739,MYCBP
GO:0007276,MYCBP
GO:0019933,MYCBP
GO:0005739,PRKAR2B
GO:0007276,PRKAR2B
GO:0019933,PRKAR2B
GO:0005216,AKAP9
GO:0019933,AKAP9
GO:0050896,AKAP9
GO:0005216,KCNQ1
GO:0019933,KCNQ1
GO:0050896,KCNQ1
GO:0005216,PPP1CA
GO:0019933,PPP1CA
GO:0050896,PPP1CA
GO:0005216,PRKACA
GO:0050896,PRKACA
GO:0005216,PRKAR2A
GO:0019933,PRKAR2A
GO:0050896,PRKAR2A
GO:0001822,CDH1
GO:0002009,CDH1
GO:0005737,CDH1
GO:0005886,CDH1
GO:0007043,CDH1
GO:0030855,CDH1
GO:0045216,CDH1
GO:0001822,CTNNB1
GO:0002009,CTNNB1
GO:0005737,CTNNB1
GO:0005886,CTNNB1
GO:0007043,CTNNB1
GO:0030855,CTNNB1
GO:0045216,CTNNB1
GO:0001822,PKD1
GO:0002009,PKD1
GO:0005737,PKD1
GO:0005886,PKD1
GO:0007043,PKD1
GO:0030855,PKD1
GO:0045216,PKD1
GO:0030301,CDH1
GO:0030301,CTNNB1
GO:0030301,FLOT2
GO:0030301,PKD1
GO:0019933,GRIN1
GO:0030545,GRIN1
GO:2000310,GRIN1
GO:0019933,PRKAR2A
GO:0030545,PRKAR2A
GO:2000310,PRKAR2A
GO:0019933,PRKAR2B
GO:0030545,PRKAR2B
GO:2000310,PRKAR2B
GO:0019933,YOTIAO
GO:0030545,YOTIAO
GO:2000310,YOTIAO
GO:0006281,ACTL6A
GO:0006915,ACTL6A
GO:0003677,KAT5
GO:0006281,KAT5
GO:0006915,KAT5
GO:0006281,RUVBL1
GO:0006915,RUVBL1
GO:0006281,RUVBL2
GO:0006915,RUVBL2
GO:0003677,TRRAP
GO:0006915,TRRAP
GO:0000302,TRPC3
GO:0005216,TRPC3
GO:0005886,TRPC3
GO:0006812,TRPC3
GO:0006979,TRPC3
GO:0008324,TRPC3
GO:0000302,TRPC4
GO:0005216,TRPC4
GO:0005886,TRPC4
GO:0006812,TRPC4
GO:0006979,TRPC4
GO:0008324,TRPC4
GO:0004402,ACTL6A
GO:0003677,BRD8
GO:0004402,BRD8
GO:0005634,BRD8
GO:0006265,BRD8
GO:0006281,BRD8
GO:0051276,BRD8
GO:0003677,DMAP1
GO:0004402,DMAP1
GO:0005634,DMAP1
GO:0006265,DMAP1
GO:0006281,DMAP1
GO:0051276,DMAP1
GO:0003677,EP400
GO:0004402,EP400
GO:0005634,EP400
GO:0006265,EP400
GO:0006281,EP400
GO:0051276,EP400
GO:0003677,EPC1
GO:0004402,EPC1
GO:0005634,EPC1
GO:0006265,EPC1
GO:0006281,EPC1
GO:0051276,EPC1
GO:0003677,ING3
GO:0004402,ING3
GO:0005634,ING3
GO:0006265,ING3
GO:0006281,ING3
GO:0051276,ING3
GO:0004402,KAT5
GO:0005634,KAT5
GO:0006265,KAT5
GO:0051276,KAT5
GO:0003677,MEAF6
GO:0004402,MEAF6
GO:0005634,MEAF6
GO:0006265,MEAF6
GO:0006281,MEAF6
GO:0051276,MEAF6
GO:0003677,MORF4L1
GO:0004402,MORF4L1
GO:0005634,MORF4L1
GO:0006265,MORF4L1
GO:0006281,MORF4L1
GO:0051276,MORF4L1
GO:0003677,MORF4L2
GO:0004402,MORF4L2
GO:0005634,MORF4L2
GO:0006265,MORF4L2
GO:0006281,MORF4L2
GO:0051276,MORF4L2
GO:0003677,MRGBP
GO:0004402,MRGBP
GO:0005634,MRGBP
GO:0006265,MRGBP
GO:0006281,MRGBP
GO:0051276,MRGBP
GO:0004402,RUVBL1
GO:0004402,RUVBL2
GO:0003677,YEATS4
GO:0004402,YEATS4
GO:0006265,YEATS4
GO:0006281,YEATS4
GO:0051276,YEATS4
GO:0003677,VPS72
GO:0004402,VPS72
GO:0006265,VPS72
GO:0006281,VPS72
GO:0051276,VPS72
GO:0006950,ERCC1
GO:0006950,ERCC4
GO:0005634,XPA
GO:0006281,XPA
GO:0006950,XPA
GO:0006468,CALM1
GO:0006470,CALM1
GO:0006812,CALM1
GO:0007186,CALM1
GO:0007213,CALM1
GO:0015267,CALM1
GO:0006468,CHRM1
GO:0006470,CHRM1
GO:0006812,CHRM1
GO:0007186,CHRM1
GO:0007213,CHRM1
GO:0015267,CHRM1
GO:0006468,FKBP1A
GO:0006470,FKBP1A
GO:0006812,FKBP1A
GO:0007186,FKBP1A
GO:0007213,FKBP1A
GO:0015267,FKBP1A
GO:0006812,PPP3CA
GO:0007186,PPP3CA
GO:0007213,PPP3CA
GO:0015267,PPP3CA
GO:0006468,PRKCA
GO:0006470,PRKCA
GO:0006812,PRKCA
GO:0007186,PRKCA
GO:0007213,PRKCA
GO:0015267,PRKCA
GO:0006468,TRPC6
GO:0006470,TRPC6
GO:0006812,TRPC6
GO:0007186,TRPC6
GO:0007213,TRPC6
GO:0015267,TRPC6
GO:0003723,IMP3
GO:0005515,IMP3
GO:0005634,IMP3
GO:0065003,IMP3
GO:0003723,IMP4
GO:0005515,IMP4
GO:0005634,IMP4
GO:0065003,IMP4
GO:0003723,MPHOSPH10
GO:0005515,MPHOSPH10
GO:0005634,MPHOSPH10
GO:0065003,MPHOSPH10
GO:0009755,CCNC
GO:0023052,CCNC
GO:0009755,MED10
GO:0023052,MED10
GO:0051090,MED10
GO:0009755,MED13
GO:0051090,MED16
GO:0009755,MED21
GO:0023052,MED21
GO:0009755,MED27
GO:0023052,MED27
GO:0051090,MED27
GO:0009755,MED31
GO:0023052,MED31
GO:0051090,MED31
GO:0006355,MED4
GO:0009755,MED4
GO:0023052,MED4
GO:0051090,MED4
GO:2001141,MED4
GO:0009755,MED6
GO:0023052,MED6
GO:0006355,THRA
GO:0051090,THRA
GO:2001141,THRA
GO:0051090,THRAP3
GO:0015267,TRPC1
GO:0098771,TRPC1
GO:0015267,TRPC3
GO:0098771,TRPC3
GO:0005886,TRPC7
GO:0006812,TRPC7
GO:0008324,TRPC7
GO:0015267,TRPC7
GO:0098771,TRPC7
GO:0005515,BRD4
GO:0005634,BRD4
GO:0006355,BRD4
GO:0009299,BRD4
GO:0051090,BRD4
GO:2001141,BRD4
GO:0005515,MED14
GO:0005634,MED14
GO:0006355,MED14
GO:0009299,MED14
GO:0051090,MED14
GO:2001141,MED14
GO:0005515,MED16
GO:0005634,MED16
GO:0006355,MED16
GO:0009299,MED16
GO:0051090,MED16
GO:2001141,MED16
GO:0005515,MED17
GO:0005634,MED17
GO:0006355,MED17
GO:0009299,MED17
GO:0051090,MED17
GO:2001141,MED17
GO:0005515,MED20
GO:0005634,MED20
GO:0006355,MED20
GO:0009299,MED20
GO:0051090,MED20
GO:2001141,MED20
GO:0005515,MED21
GO:0005634,MED21
GO:0006355,MED21
GO:0009299,MED21
GO:0051090,MED21
GO:2001141,MED21
GO:0005515,MED4
GO:0005634,MED4
GO:0006355,MED4
GO:0009299,MED4
GO:0051090,MED4
GO:2001141,MED4
GO:0005515,MED6
GO:0005634,MED6
GO:0006355,MED6
GO:0009299,MED6
GO:0051090,MED6
GO:2001141,MED6
GO:0005515,MED7
GO:0005634,MED7
GO:0006355,MED7
GO:0009299,MED7
GO:0051090,MED7
GO:2001141,MED7
GO:0005743,COX4I1
GO:0009060,COX4I1
GO:0022904,COX4I1
GO:0005743,COX5A
GO:0009060,COX5A
GO:0022904,COX5A
GO:0005743,COX5B
GO:0009060,COX5B
GO:0022904,COX5B
GO:0005743,COX6A1
GO:0009060,COX6A1
GO:0022904,COX6A1
GO:0005743,COX6B1
GO:0009060,COX6B1
GO:0022904,COX6B1
GO:0005743,COX6C
GO:0009060,COX6C
GO:0022904,COX6C
GO:0005743,COX7A2
GO:0009060,COX7A2
GO:0022904,COX7A2
GO:0005743,COX7B
GO:0009060,COX7B
GO:0022904,COX7B
GO:0005743,COX7C
GO:0009060,COX7C
GO:0022904,COX7C
GO:0005743,COX8A
GO:0009060,COX8A
GO:0022904,COX8A
GO:0005743,MT-CO1
GO:0009060,MT-CO1
GO:0022904,MT-CO1
GO:0005743,MT-CO3
GO:0009060,MT-CO3
GO:0022904,MT-CO3
GO:0005743,MTCO2
GO:0009060,MTCO2
GO:0022904,MTCO2
GO:0045892,HMGB1
GO:0045892,TBP
GO:0050896,IGF1
GO:0050896,IGFALS
GO:0050896,IGFBP3
GO:0005743,COX4I1
GO:0009060,COX4I1
GO:0022904,COX4I1
GO:0005743,COX5A
GO:0009060,COX5A
GO:0022904,COX5A
GO:0005743,COX5B
GO:0009060,COX5B
GO:0022904,COX5B
GO:0005743,COX6A2
GO:0009060,COX6A2
GO:0022904,COX6A2
GO:0005743,COX6B1
GO:0009060,COX6B1
GO:0022904,COX6B1
GO:0005743,COX6C
GO:0009060,COX6C
GO:0022904,COX6C
GO:0005743,COX7A1
GO:0009060,COX7A1
GO:0022904,COX7A1
GO:0005743,COX7B
GO:0009060,COX7B
GO:0022904,COX7B
GO:0005743,COX7C
GO:0009060,COX7C
GO:0022904,COX7C
GO:0005743,COX8B
GO:0009060,COX8B
GO:0022904,COX8B
GO:0005743,MT-CO1
GO:0009060,MT-CO1
GO:0022904,MT-CO1
GO:0005743,MT-CO2
GO:0009060,MT-CO2
GO:0022904,MT-CO2
GO:0005743,MT-CO3
GO:0009060,MT-CO3
GO:0022904,MT-CO3
GO:0005743,COX6A1
GO:0009060,COX6A1
GO:0022904,COX6A1
GO:0005743,COX7A2
GO:0009060,COX7A2
GO:0022904,COX7A2
GO:0005743,COX8A
GO:0009060,COX8A
GO:0022904,COX8A
GO:0005886,GNA11
GO:0006812,GNA11
GO:0008324,GNA11
GO:0015267,GNA11
GO:0005886,ITPR1
GO:0006812,ITPR1
GO:0008324,ITPR1
GO:0015267,ITPR1
GO:0015267,ITPR3
GO:0005886,PLCB1
GO:0006812,PLCB1
GO:0008324,PLCB1
GO:0015267,PLCB1
GO:0005886,PLCB2
GO:0006812,PLCB2
GO:0008324,PLCB2
GO:0015267,PLCB2
GO:0005886,PLCB3
GO:0006812,PLCB3
GO:0008324,PLCB3
GO:0015267,PLCB3
GO:0005886,STX3
GO:0006812,STX3
GO:0008324,STX3
GO:0015267,STX3
GO:0005886,TRPC6
GO:0006812,TRPC6
GO:0008324,TRPC6
GO:0015267,TRPC6
GO:0005743,COX6C1
GO:0009060,COX6C1
GO:0022904,COX6C1
GO:0005743,MT-CO1
GO:0009060,MT-CO1
GO:0022904,MT-CO1
GO:0005743,MT-CO2
GO:0009060,MT-CO2
GO:0022904,MT-CO2
GO:0005743,MT-CO3
GO:0009060,MT-CO3
GO:0022904,MT-CO3
GO:0009755,MED23
GO:0004402,MED26
GO:0009755,MED26
GO:0004402,MED4
GO:0004402,MED6
GO:0004402,MED7
GO:0009755,MED7
GO:0004402,RXRB
GO:0005634,RXRB
GO:0009755,RXRB
GO:0045893,RXRB
GO:0051090,RXRB
GO:0004402,VDR
GO:0005634,VDR
GO:0009755,VDR
GO:0045893,VDR
GO:0051090,VDR
GO:0005886,CAV1
GO:0006605,CAV1
GO:0006886,CAV1
GO:0015031,CAV1
GO:0005886,NOS3
GO:0006605,NOS3
GO:0006886,NOS3
GO:0015031,NOS3
GO:0005886,NOSTRIN
GO:0006605,NOSTRIN
GO:0006886,NOSTRIN
GO:0015031,NOSTRIN
GO:0003677,DNTT
GO:0005634,DNTT
GO:0006338,DNTT
GO:0003677,DNTTIP2
GO:0005634,DNTTIP2
GO:0006338,DNTTIP2
GO:0003677,H2AC20
GO:0005634,H2AC20
GO:0006338,H2AC20
GO:0003677,H2BC21
GO:0005634,H2BC21
GO:0006338,H2BC21
GO:0003677,H3C1
GO:0005634,H3C1
GO:0006338,H3C1
GO:0003677,H4C1
GO:0005634,H4C1
GO:0006338,H4C1
GO:0019221,IFNAR1
GO:0035456,IFNAR1
GO:0045087,IFNAR1
GO:0046425,IFNAR1
GO:0051607,IFNAR1
GO:0060337,IFNAR1
GO:0019221,IFNAR2
GO:0035456,IFNAR2
GO:0045087,IFNAR2
GO:0046425,IFNAR2
GO:0051607,IFNAR2
GO:0060337,IFNAR2
GO:0019221,IFNB1
GO:0035456,IFNB1
GO:0045087,IFNB1
GO:0046425,IFNB1
GO:0051607,IFNB1
GO:0060337,IFNB1
GO:0005216,ITPR1
GO:0098771,ITPR1
GO:0005216,RHOA
GO:0005886,RHOA
GO:0006812,RHOA
GO:0008324,RHOA
GO:0098771,RHOA
GO:0009755,ACTL6A
GO:0006265,ARID2
GO:0009755,ARID2
GO:0045893,ARID2
GO:0051276,ARID2
GO:0006265,PBRM1
GO:0009755,PBRM1
GO:0045893,PBRM1
GO:0051276,PBRM1
GO:0003677,SMARCD2
GO:0009755,SMARCD2
GO:0045893,SMARCD2
GO:0005694,ARID1A
GO:0005694,SMARCA4
GO:0005694,SMARCB1
GO:0005694,SMARCC1
GO:0005694,SMARCC2
GO:0005694,SMARCD1
GO:0005694,SMARCD2
GO:0005694,SMARCE1
GO:0005694,ARID2
GO:0005216,CAV1
GO:0006812,CAV1
GO:0008324,CAV1
GO:0098771,CAV1
GO:0005216,GNA11
GO:0098771,GNA11
GO:0098771,ITPR3
GO:0005216,TRPM6
GO:0005886,TRPM6
GO:0006812,TRPM6
GO:0008324,TRPM6
GO:0005216,TRPM7
GO:0005886,TRPM7
GO:0006812,TRPM7
GO:0008324,TRPM7
GO:0005737,DCP1A
GO:0043488,DCP1A
GO:0005737,DCP2
GO:0043488,DCP2
GO:0005737,DDX6
GO:0043488,DDX6
GO:0005737,EDC3
GO:0043488,EDC3
GO:0005737,EDC4
GO:0043488,EDC4
GO:0000166,ABCC8
GO:0005216,ABCC8
GO:0005886,ABCC8
GO:0006812,ABCC8
GO:0008324,ABCC8
GO:0042626,ABCC8
GO:0000166,KCNJ11
GO:0005216,KCNJ11
GO:0005886,KCNJ11
GO:0006812,KCNJ11
GO:0008324,KCNJ11
GO:0042626,KCNJ11
GO:0003723,LSM1
GO:0005737,LSM1
GO:0043488,LSM1
GO:0003723,LSM2
GO:0005737,LSM2
GO:0043488,LSM2
GO:0003723,LSM3
GO:0005737,LSM3
GO:0043488,LSM3
GO:0003723,LSM4
GO:0005737,LSM4
GO:0043488,LSM4
GO:0003723,LSM5
GO:0005737,LSM5
GO:0043488,LSM5
GO:0003723,LSM6
GO:0005737,LSM6
GO:0043488,LSM6
GO:0003723,LSM7
GO:0005737,LSM7
GO:0043488,LSM7
GO:0005634,LSM2
GO:0008380,LSM2
GO:0005634,LSM3
GO:0008380,LSM3
GO:0005634,LSM4
GO:0008380,LSM4
GO:0005634,LSM5
GO:0008380,LSM5
GO:0005634,LSM6
GO:0008380,LSM6
GO:0005634,LSM7
GO:0008380,LSM7
GO:0003723,LSM8
GO:0005634,LSM8
GO:0005737,LSM8
GO:0008380,LSM8
GO:0005743,ATP5F1A
GO:0006754,ATP5F1A
GO:0009060,ATP5F1A
GO:0022904,ATP5F1A
GO:0042776,ATP5F1A
GO:1904949,ATP5F1A
GO:0005743,ATP5F1B
GO:0006754,ATP5F1B
GO:0009060,ATP5F1B
GO:0022904,ATP5F1B
GO:0042776,ATP5F1B
GO:1904949,ATP5F1B
GO:0005743,ATP5F1C
GO:0006754,ATP5F1C
GO:0009060,ATP5F1C
GO:0022904,ATP5F1C
GO:0042776,ATP5F1C
GO:1904949,ATP5F1C
GO:0005743,ATP5F1D
GO:0006754,ATP5F1D
GO:0009060,ATP5F1D
GO:0022904,ATP5F1D
GO:0042776,ATP5F1D
GO:1904949,ATP5F1D
GO:0005743,ATP5F1E
GO:0006754,ATP5F1E
GO:0009060,ATP5F1E
GO:0022904,ATP5F1E
GO:0042776,ATP5F1E
GO:1904949,ATP5F1E
GO:0005743,ATP5IF1
GO:0006754,ATP5IF1
GO:0009060,ATP5IF1
GO:0022904,ATP5IF1
GO:0042776,ATP5IF1
GO:1904949,ATP5IF1
GO:0005743,ATP5MC1
GO:0006754,ATP5MC1
GO:0009060,ATP5MC1
GO:0022904,ATP5MC1
GO:0042776,ATP5MC1
GO:1904949,ATP5MC1
GO:0005743,ATP5ME
GO:0006754,ATP5ME
GO:0009060,ATP5ME
GO:0022904,ATP5ME
GO:0042776,ATP5ME
GO:1904949,ATP5ME
GO:0005743,ATP5MF
GO:0006754,ATP5MF
GO:0009060,ATP5MF
GO:0022904,ATP5MF
GO:0042776,ATP5MF
GO:1904949,ATP5MF
GO:0005743,ATP5MG
GO:0006754,ATP5MG
GO:0009060,ATP5MG
GO:0022904,ATP5MG
GO:0042776,ATP5MG
GO:1904949,ATP5MG
GO:0005743,ATP5PB
GO:0006754,ATP5PB
GO:0009060,ATP5PB
GO:0022904,ATP5PB
GO:0042776,ATP5PB
GO:1904949,ATP5PB
GO:0005743,ATP5PD
GO:0006754,ATP5PD
GO:0009060,ATP5PD
GO:0022904,ATP5PD
GO:0042776,ATP5PD
GO:1904949,ATP5PD
GO:0005743,ATP5PF
GO:0006754,ATP5PF
GO:0009060,ATP5PF
GO:0022904,ATP5PF
GO:0042776,ATP5PF
GO:1904949,ATP5PF
GO:0005743,ATP5PO
GO:0006754,ATP5PO
GO:0009060,ATP5PO
GO:0022904,ATP5PO
GO:0042776,ATP5PO
GO:1904949,ATP5PO
GO:0005743,MT-ATP6
GO:0006754,MT-ATP6
GO:0009060,MT-ATP6
GO:0022904,MT-ATP6
GO:0042776,MT-ATP6
GO:1904949,MT-ATP6
GO:0005743,MT-ATP8
GO:0006754,MT-ATP8
GO:0009060,MT-ATP8
GO:0022904,MT-ATP8
GO:0042776,MT-ATP8
GO:1904949,MT-ATP8
GO:0006605,CLTC
GO:0006886,CLTC
GO:0006897,CLTC
GO:0015031,CLTC
GO:0006605,SCLT1
GO:0006886,SCLT1
GO:0006897,SCLT1
GO:0015031,SCLT1
GO:0006605,SCN10A
GO:0006886,SCN10A
GO:0006897,SCN10A
GO:0015031,SCN10A
GO:0005643,AAAS
GO:0007049,AAAS
GO:0015031,AAAS
GO:0005643,NUP107
GO:0007049,NUP107
GO:0015031,NUP107
GO:0005643,NUP133
GO:0007049,NUP133
GO:0015031,NUP133
GO:0005643,NUP153
GO:0007049,NUP153
GO:0015031,NUP153
GO:0005643,NUP155
GO:0007049,NUP155
GO:0015031,NUP155
GO:0005643,NUP160
GO:0007049,NUP160
GO:0015031,NUP160
GO:0005643,NUP188
GO:0007049,NUP188
GO:0015031,NUP188
GO:0005643,NUP205
GO:0007049,NUP205
GO:0015031,NUP205
GO:0005643,NUP210
GO:0007049,NUP210
GO:0015031,NUP210
GO:0005643,NUP214
GO:0007049,NUP214
GO:0015031,NUP214
GO:0005643,NUP35
GO:0007049,NUP35
GO:0015031,NUP35
GO:0005643,NUP37
GO:0007049,NUP37
GO:0015031,NUP37
GO:0005643,NUP42
GO:0007049,NUP42
GO:0015031,NUP42
GO:0005643,NUP43
GO:0007049,NUP43
GO:0015031,NUP43
GO:0005643,NUP50
GO:0007049,NUP50
GO:0015031,NUP50
GO:0005643,NUP54
GO:0007049,NUP54
GO:0015031,NUP54
GO:0005643,NUP58
GO:0007049,NUP58
GO:0015031,NUP58
GO:0005643,NUP62
GO:0007049,NUP62
GO:0015031,NUP62
GO:0005643,NUP85
GO:0007049,NUP85
GO:0015031,NUP85
GO:0005643,NUP88
GO:0007049,NUP88
GO:0015031,NUP88
GO:0005643,NUP93
GO:0007049,NUP93
GO:0015031,NUP93
GO:0005643,NUP98
GO:0007049,NUP98
GO:0015031,NUP98
GO:0005643,POM121
GO:0007049,POM121
GO:0015031,POM121
GO:0005643,RAE1
GO:0007049,RAE1
GO:0015031,RAE1
GO:0005643,RANBP2
GO:0007049,RANBP2
GO:0015031,RANBP2
GO:0005643,SEC13
GO:0007049,SEC13
GO:0015031,SEC13
GO:0005643,SEH1L
GO:0007049,SEH1L
GO:0015031,SEH1L
GO:0005643,TPR
GO:0007049,TPR
GO:0015031,TPR
GO:0006457,DLG4
GO:0050821,DLG4
GO:0006457,GRIN2B
GO:0050821,GRIN2B
GO:0006457,NOS1
GO:0050821,NOS1
GO:0006473,ARID1A
GO:0003677,CREBBP
GO:0005694,CREBBP
GO:0006265,CREBBP
GO:0006473,CREBBP
GO:0045893,CREBBP
GO:0051276,CREBBP
GO:0003677,EP300
GO:0005694,EP300
GO:0006265,EP300
GO:0006473,EP300
GO:0045893,EP300
GO:0051276,EP300
GO:0006473,SMARCA4
GO:0006473,SMARCB1
GO:0006473,SMARCC1
GO:0006473,SMARCC2
GO:0005634,CREBBP
GO:0003677,ACTB
GO:0005634,ACTB
GO:0006265,ACTB
GO:0006338,ACTB
GO:0006355,ACTB
GO:0006476,ACTB
GO:0030218,ACTB
GO:0051276,ACTB
GO:2001141,ACTB
GO:0003677,ACTL6A
GO:0005634,ACTL6A
GO:0006265,ACTL6A
GO:0006338,ACTL6A
GO:0006355,ACTL6A
GO:0006476,ACTL6A
GO:0030218,ACTL6A
GO:0051276,ACTL6A
GO:2001141,ACTL6A
GO:0003677,CHD4
GO:0005634,CHD4
GO:0006265,CHD4
GO:0006338,CHD4
GO:0006355,CHD4
GO:0006476,CHD4
GO:0030218,CHD4
GO:0051276,CHD4
GO:2001141,CHD4
GO:0003677,HDAC2
GO:0005634,HDAC2
GO:0006265,HDAC2
GO:0006338,HDAC2
GO:0006355,HDAC2
GO:0006476,HDAC2
GO:0030218,HDAC2
GO:0051276,HDAC2
GO:2001141,HDAC2
GO:0006265,HMGB1
GO:0006338,HMGB1
GO:0006355,HMGB1
GO:0006476,HMGB1
GO:0030218,HMGB1
GO:0051276,HMGB1
GO:2001141,HMGB1
GO:0003677,IKZF1
GO:0005634,IKZF1
GO:0006265,IKZF1
GO:0006338,IKZF1
GO:0006355,IKZF1
GO:0006476,IKZF1
GO:0030218,IKZF1
GO:0051276,IKZF1
GO:2001141,IKZF1
GO:0003677,RBBP7
GO:0005634,RBBP7
GO:0006265,RBBP7
GO:0006338,RBBP7
GO:0006355,RBBP7
GO:0006476,RBBP7
GO:0030218,RBBP7
GO:0051276,RBBP7
GO:2001141,RBBP7
GO:0003677,SMARCB1
GO:0005634,SMARCB1
GO:0006265,SMARCB1
GO:0006338,SMARCB1
GO:0006355,SMARCB1
GO:0006476,SMARCB1
GO:0030218,SMARCB1
GO:0051276,SMARCB1
GO:2001141,SMARCB1
GO:0003677,SMARCC1
GO:0005634,SMARCC1
GO:0006265,SMARCC1
GO:0006338,SMARCC1
GO:0006355,SMARCC1
GO:0006476,SMARCC1
GO:0030218,SMARCC1
GO:0051276,SMARCC1
GO:2001141,SMARCC1
GO:0003677,SMARCC2
GO:0005634,SMARCC2
GO:0006265,SMARCC2
GO:0006338,SMARCC2
GO:0006355,SMARCC2
GO:0006476,SMARCC2
GO:0030218,SMARCC2
GO:0051276,SMARCC2
GO:2001141,SMARCC2
GO:0003677,SMARCD1
GO:0005634,SMARCD1
GO:0006265,SMARCD1
GO:0006338,SMARCD1
GO:0006355,SMARCD1
GO:0006476,SMARCD1
GO:0030218,SMARCD1
GO:0051276,SMARCD1
GO:2001141,SMARCD1
GO:0003677,SMARCE1
GO:0005634,SMARCE1
GO:0006265,SMARCE1
GO:0006338,SMARCE1
GO:0006355,SMARCE1
GO:0006476,SMARCE1
GO:0030218,SMARCE1
GO:0051276,SMARCE1
GO:2001141,SMARCE1
GO:0005524,ATP5F1A
GO:0046034,ATP5F1A
GO:0005524,ATP5F1B
GO:0046034,ATP5F1B
GO:0005524,ATP5F1C
GO:0046034,ATP5F1C
GO:0005524,ATP5F1D
GO:0046034,ATP5F1D
GO:0005524,ATP5F1E
GO:0046034,ATP5F1E
GO:0005524,ATP5IF1
GO:0046034,ATP5IF1
GO:0005515,MAP3K8
GO:0006457,MAP3K8
GO:0035556,MAP3K8
GO:0050821,MAP3K8
GO:0005515,NFKB1
GO:0006457,NFKB1
GO:0035556,NFKB1
GO:0050821,NFKB1
GO:0005515,TNIP2
GO:0006457,TNIP2
GO:0035556,TNIP2
GO:0050821,TNIP2
GO:0005634,FHL2
GO:0006355,FHL2
GO:2001141,FHL2
GO:0005634,HIPK2
GO:0006355,HIPK2
GO:2001141,HIPK2
GO:0005886,EPOR
GO:0006812,EPOR
GO:0008324,EPOR
GO:0015267,EPOR
GO:0005886,PLCG1
GO:0006812,PLCG1
GO:0008324,PLCG1
GO:0015267,PLCG1
GO:0005886,TRPC2
GO:0006812,TRPC2
GO:0008324,TRPC2
GO:0015267,TRPC2
GO:0005886,ITPR2
GO:0006812,ITPR2
GO:0008324,ITPR2
GO:0015267,ITPR2
GO:0009117,CHD4
GO:0030217,CHD4
GO:0032774,CHD4
GO:0045892,CHD4
GO:0009117,HDAC1
GO:0030217,HDAC1
GO:0009117,HDAC2
GO:0030217,HDAC2
GO:0032774,HDAC2
GO:0045892,HDAC2
GO:0009117,IKZF1
GO:0030217,IKZF1
GO:0032774,IKZF1
GO:0045892,IKZF1
GO:0005634,IKZF2
GO:0006265,IKZF2
GO:0006476,IKZF2
GO:0009117,IKZF2
GO:0030217,IKZF2
GO:0032774,IKZF2
GO:0045892,IKZF2
GO:0051276,IKZF2
GO:0005634,IKZF3
GO:0006265,IKZF3
GO:0006476,IKZF3
GO:0009117,IKZF3
GO:0030217,IKZF3
GO:0032774,IKZF3
GO:0045892,IKZF3
GO:0051276,IKZF3
GO:0005634,RBBP4
GO:0006265,RBBP4
GO:0006476,RBBP4
GO:0009117,RBBP4
GO:0030217,RBBP4
GO:0032774,RBBP4
GO:0045892,RBBP4
GO:0051276,RBBP4
GO:0005634,SMARCA4
GO:0006265,SMARCA4
GO:0006476,SMARCA4
GO:0009117,SMARCA4
GO:0030217,SMARCA4
GO:0032774,SMARCA4
GO:0045892,SMARCA4
GO:0051276,SMARCA4
GO:0009117,SMARCC1
GO:0030217,SMARCC1
GO:0032774,SMARCC1
GO:0045892,SMARCC1
GO:0009117,SMARCD1
GO:0030217,SMARCD1
GO:0032774,SMARCD1
GO:0045892,SMARCD1
GO:0005634,SMARCD2
GO:0006265,SMARCD2
GO:0006476,SMARCD2
GO:0009117,SMARCD2
GO:0030217,SMARCD2
GO:0032774,SMARCD2
GO:0045892,SMARCD2
GO:0051276,SMARCD2
GO:0005634,SMARCD3
GO:0006265,SMARCD3
GO:0006476,SMARCD3
GO:0009117,SMARCD3
GO:0030217,SMARCD3
GO:0032774,SMARCD3
GO:0045892,SMARCD3
GO:0051276,SMARCD3
GO:0005216,AKAP6
GO:0006355,AKAP6
GO:0006812,AKAP6
GO:0007519,AKAP6
GO:0008324,AKAP6
GO:0019722,AKAP6
GO:0019933,AKAP6
GO:2001141,AKAP6
GO:0005216,PPP3CB
GO:0006355,PPP3CB
GO:0006812,PPP3CB
GO:0007519,PPP3CB
GO:0008324,PPP3CB
GO:0019722,PPP3CB
GO:0019933,PPP3CB
GO:2001141,PPP3CB
GO:0005216,RATRYR2
GO:0006355,RATRYR2
GO:0006812,RATRYR2
GO:0007519,RATRYR2
GO:0008324,RATRYR2
GO:0019722,RATRYR2
GO:0019933,RATRYR2
GO:2001141,RATRYR2
GO:0006476,BCL6
GO:0006476,CHD4
GO:0030183,CHD4
GO:0030183,HDAC1
GO:0006476,MBD3
GO:0030183,MBD3
GO:0005634,MTA3
GO:0006265,MTA3
GO:0006476,MTA3
GO:0030183,MTA3
GO:0045892,MTA3
GO:0051276,MTA3
GO:0000278,CCNB1
GO:0005220,CCNB1
GO:0006468,CCNB1
GO:0006816,CCNB1
GO:0035556,CCNB1
GO:0000278,CDK1
GO:0005220,CDK1
GO:0006468,CDK1
GO:0006816,CDK1
GO:0035556,CDK1
GO:0000278,ITPR1
GO:0005220,ITPR1
GO:0006468,ITPR1
GO:0006816,ITPR1
GO:0035556,ITPR1
GO:0009755,CHD4
GO:0023052,CHD4
GO:0009755,HDAC1
GO:0023052,HDAC1
GO:0009755,HDAC2
GO:0023052,HDAC2
GO:0009755,MBD3
GO:0023052,MBD3
GO:0004407,MTA1
GO:0005634,MTA1
GO:0006476,MTA1
GO:0009755,MTA1
GO:0023052,MTA1
GO:0045892,MTA1
GO:0009755,RBBP4
GO:0023052,RBBP4
GO:0009755,RBBP7
GO:0023052,RBBP7
GO:0006119,COX4I1
GO:1902600,COX4I1
GO:0006119,COX5A
GO:1902600,COX5A
GO:0006119,COX5B
GO:1902600,COX5B
GO:0006119,COX6A1
GO:1902600,COX6A1
GO:0006119,COX6B1
GO:1902600,COX6B1
GO:0006119,COX6C
GO:1902600,COX6C
GO:0006119,COX7A2
GO:1902600,COX7A2
GO:0006119,COX7B
GO:1902600,COX7B
GO:0006119,COX7C
GO:1902600,COX7C
GO:0006119,COX8B
GO:1902600,COX8B
GO:0006119,MT-CO1
GO:1902600,MT-CO1
GO:0006119,MT-CO2
GO:1902600,MT-CO2
GO:0006119,MT-CO3
GO:1902600,MT-CO3
GO:0001508,DPP10
GO:0005216,DPP10
GO:0005886,DPP10
GO:0006605,DPP10
GO:0006812,DPP10
GO:0015031,DPP10
GO:0019227,DPP10
GO:0019228,DPP10
GO:0001508,KCND2
GO:0005216,KCND2
GO:0005886,KCND2
GO:0006605,KCND2
GO:0006812,KCND2
GO:0015031,KCND2
GO:0019227,KCND2
GO:0019228,KCND2
GO:0001508,KCNIP3
GO:0005216,KCNIP3
GO:0005886,KCNIP3
GO:0006605,KCNIP3
GO:0006812,KCNIP3
GO:0015031,KCNIP3
GO:0019227,KCNIP3
GO:0019228,KCNIP3
GO:0005634,ARID4B
GO:0006265,ARID4B
GO:0006476,ARID4B
GO:0045892,ARID4B
GO:0051276,ARID4B
GO:0005634,SAP130
GO:0006265,SAP130
GO:0006476,SAP130
GO:0045892,SAP130
GO:0051276,SAP130
GO:0005634,SAP30
GO:0005634,SIN3A
GO:0004407,ARID4B
GO:0004407,SAP130
GO:0004407,SAP30
GO:0004407,SIN3A
GO:0004407,SUDS3
GO:0005634,SUDS3
GO:0006265,SUDS3
GO:0006476,SUDS3
GO:0045892,SUDS3
GO:0051276,SUDS3
GO:0001508,DPP6
GO:0005216,DPP6
GO:0005886,DPP6
GO:0006605,DPP6
GO:0006812,DPP6
GO:0015031,DPP6
GO:0019227,DPP6
GO:0019228,DPP6
GO:0001508,DPP10
GO:0005216,DPP10
GO:0005886,DPP10
GO:0006605,DPP10
GO:0006812,DPP10
GO:0015031,DPP10
GO:0019227,DPP10
GO:0019228,DPP10
GO:0001508,KCND2
GO:0005216,KCND2
GO:0005886,KCND2
GO:0006605,KCND2
GO:0006812,KCND2
GO:0015031,KCND2
GO:0019227,KCND2
GO:0019228,KCND2
GO:0005743,GJA1
GO:0006839,GJA1
GO:0031072,GJA1
GO:0051879,GJA1
GO:0005743,HSP90AA1
GO:0006839,HSP90AA1
GO:0031072,HSP90AA1
GO:0051879,HSP90AA1
GO:0005743,TOMM20
GO:0006839,TOMM20
GO:0031072,TOMM20
GO:0051879,TOMM20
GO:0001508,KCND3
GO:0005216,KCND3
GO:0005886,KCND3
GO:0006605,KCND3
GO:0006812,KCND3
GO:0015031,KCND3
GO:0019227,KCND3
GO:0019228,KCND3
GO:0001508,KCND1
GO:0005216,KCND1
GO:0005886,KCND1
GO:0006605,KCND1
GO:0006812,KCND1
GO:0015031,KCND1
GO:0019227,KCND1
GO:0019228,KCND1
GO:0006886,DPP6
GO:0008324,DPP6
GO:0006886,KCND2
GO:0008324,KCND2
GO:0001508,KCNIP1
GO:0005216,KCNIP1
GO:0005886,KCNIP1
GO:0006605,KCNIP1
GO:0006812,KCNIP1
GO:0006886,KCNIP1
GO:0008324,KCNIP1
GO:0015031,KCNIP1
GO:0019227,KCNIP1
GO:0019228,KCNIP1
GO:0005739,TIMM17A
GO:0005743,TIMM17A
GO:0005744,TIMM17A
GO:0006626,TIMM17A
GO:0006839,TIMM17A
GO:0015031,TIMM17A
GO:0071806,TIMM17A
GO:0005739,TIMM23
GO:0005743,TIMM23
GO:0005744,TIMM23
GO:0006626,TIMM23
GO:0006839,TIMM23
GO:0015031,TIMM23
GO:0071806,TIMM23
GO:0005739,TIMM44
GO:0005743,TIMM44
GO:0005744,TIMM44
GO:0006626,TIMM44
GO:0006839,TIMM44
GO:0015031,TIMM44
GO:0071806,TIMM44
GO:0005249,KCND2
GO:0008076,KCND2
GO:0071805,KCND2
GO:0005249,KCNIP1
GO:0008076,KCNIP1
GO:0071805,KCNIP1
GO:0001508,KCNIP2
GO:0005216,KCNIP2
GO:0005249,KCNIP2
GO:0005886,KCNIP2
GO:0006812,KCNIP2
GO:0008076,KCNIP2
GO:0008324,KCNIP2
GO:0019227,KCNIP2
GO:0019228,KCNIP2
GO:0071805,KCNIP2
GO:0008324,KCNIP3
GO:0005249,KCND3
GO:0008076,KCND3
GO:0008324,KCND3
GO:0071805,KCND3
GO:0005634,KANSL1
GO:0006265,KANSL1
GO:0006473,KANSL1
GO:0006476,KANSL1
GO:0005634,KAT8
GO:0006265,KAT8
GO:0006473,KAT8
GO:0006476,KAT8
GO:0005634,MSL2
GO:0006265,MSL2
GO:0006473,MSL2
GO:0006476,MSL2
GO:0005634,MSL3
GO:0006265,MSL3
GO:0006473,MSL3
GO:0006476,MSL3
GO:0005515,EXOC1
GO:0005886,EXOC1
GO:0006887,EXOC1
GO:0015031,EXOC1
GO:0005515,EXOC2
GO:0005886,EXOC2
GO:0006887,EXOC2
GO:0015031,EXOC2
GO:0005515,EXOC3
GO:0005886,EXOC3
GO:0006887,EXOC3
GO:0015031,EXOC3
GO:0005515,EXOC4
GO:0005886,EXOC4
GO:0006887,EXOC4
GO:0015031,EXOC4
GO:0005515,EXOC5
GO:0005886,EXOC5
GO:0006887,EXOC5
GO:0015031,EXOC5
GO:0005515,EXOC6
GO:0005886,EXOC6
GO:0006887,EXOC6
GO:0015031,EXOC6
GO:0005515,EXOC7
GO:0005886,EXOC7
GO:0006887,EXOC7
GO:0015031,EXOC7
GO:0005515,EXOC8
GO:0005886,EXOC8
GO:0006887,EXOC8
GO:0015031,EXOC8
GO:0005634,CHTF18
GO:0007049,CHTF18
GO:0007059,CHTF18
GO:0005634,CHTF8
GO:0007049,CHTF8
GO:0007059,CHTF8
GO:0005634,DSCC1
GO:0007049,DSCC1
GO:0007059,DSCC1
GO:0005515,CHTF18
GO:0005515,CHTF8
GO:0005515,DSCC1
GO:0005515,RFC3
GO:0005634,CHD3
GO:0006355,CHD3
GO:0006476,CHD3
GO:2001141,CHD3
GO:0006355,CHD4
GO:2001141,CHD4
GO:0006355,HDAC1
GO:2001141,HDAC1
GO:0006355,HDAC2
GO:2001141,HDAC2
GO:0005634,KDM1A
GO:0006265,KDM1A
GO:0006355,KDM1A
GO:0006476,KDM1A
GO:0051276,KDM1A
GO:2001141,KDM1A
GO:0006355,MTA1
GO:2001141,MTA1
GO:0001405,HSPA9
GO:0005739,HSPA9
GO:0005743,HSPA9
GO:0005744,HSPA9
GO:0006626,HSPA9
GO:0006839,HSPA9
GO:0015031,HSPA9
GO:0071806,HSPA9
GO:0001405,TIMM17A
GO:0005739,TIMM17A
GO:0005743,TIMM17A
GO:0005744,TIMM17A
GO:0006626,TIMM17A
GO:0006839,TIMM17A
GO:0015031,TIMM17A
GO:0071806,TIMM17A
GO:0001405,TIMM23
GO:0005739,TIMM23
GO:0005743,TIMM23
GO:0005744,TIMM23
GO:0006626,TIMM23
GO:0006839,TIMM23
GO:0015031,TIMM23
GO:0071806,TIMM23
GO:0001405,TIMM44
GO:0005739,TIMM44
GO:0005743,TIMM44
GO:0005744,TIMM44
GO:0006626,TIMM44
GO:0006839,TIMM44
GO:0015031,TIMM44
GO:0071806,TIMM44
GO:0006497,APBA1
GO:0006605,APBA1
GO:0006886,APBA1
GO:0015031,APBA1
GO:0006497,CASK
GO:0006605,CASK
GO:0006886,CASK
GO:0015031,CASK
GO:0006497,LIN7C
GO:0006605,LIN7C
GO:0006886,LIN7C
GO:0015031,LIN7C
GO:0005694,MRE11
GO:0005694,NBN
GO:0051276,NBN
GO:0005694,RAD50
GO:0000075,TERF2
GO:0005694,TERF2
GO:0019048,HDAC1
GO:0051607,HDAC1
GO:0019048,HDAC2
GO:0051607,HDAC2
GO:0005634,HMG20B
GO:0006265,HMG20B
GO:0006476,HMG20B
GO:0019048,HMG20B
GO:0045892,HMG20B
GO:0051276,HMG20B
GO:0051607,HMG20B
GO:0019048,KDM1A
GO:0045892,KDM1A
GO:0051607,KDM1A
GO:0005634,PHF21A
GO:0006265,PHF21A
GO:0006476,PHF21A
GO:0019048,PHF21A
GO:0045892,PHF21A
GO:0051276,PHF21A
GO:0051607,PHF21A
GO:0005634,RCOR1
GO:0006265,RCOR1
GO:0006476,RCOR1
GO:0019048,RCOR1
GO:0045892,RCOR1
GO:0051276,RCOR1
GO:0051607,RCOR1
GO:0005634,ZNF217
GO:0006265,ZNF217
GO:0006476,ZNF217
GO:0019048,ZNF217
GO:0045892,ZNF217
GO:0051276,ZNF217
GO:0051607,ZNF217
GO:0005634,CUL2
GO:0005737,CUL2
GO:0030163,CUL2
GO:0005634,ELOB
GO:0005737,ELOB
GO:0030163,ELOB
GO:0005634,ELOC
GO:0005737,ELOC
GO:0030163,ELOC
GO:0005634,VHL
GO:0005737,VHL
GO:0030163,VHL
GO:0005758,TIMM10
GO:0006839,TIMM10
GO:0042719,TIMM10
GO:0005758,TIMM9
GO:0006839,TIMM9
GO:0042719,TIMM9
GO:0032452,KDM1A
GO:0032452,RCOR1
GO:0005634,CTBP1
GO:0006265,CTBP1
GO:0032452,CTBP1
GO:0045892,CTBP1
GO:0051276,CTBP1
GO:0032452,HDAC1
GO:0005634,HMG20A
GO:0006265,HMG20A
GO:0032452,HMG20A
GO:0045892,HMG20A
GO:0051276,HMG20A
GO:0032452,HMG20B
GO:0032452,HSPA1A
GO:0005634,HSPA1B
GO:0006265,HSPA1B
GO:0032452,HSPA1B
GO:0045892,HSPA1B
GO:0051276,HSPA1B
GO:0032452,PHF21A
GO:0005634,PHF21B
GO:0006265,PHF21B
GO:0032452,PHF21B
GO:0045892,PHF21B
GO:0051276,PHF21B
GO:0005634,RCOR3
GO:0006265,RCOR3
GO:0032452,RCOR3
GO:0045892,RCOR3
GO:0051276,RCOR3
GO:0005634,RREB1
GO:0006265,RREB1
GO:0032452,RREB1
GO:0045892,RREB1
GO:0051276,RREB1
GO:0005634,ZMYM2
GO:0006265,ZMYM2
GO:0032452,ZMYM2
GO:0045892,ZMYM2
GO:0051276,ZMYM2
GO:0032452,ZNF217
GO:0000075,TRRAP
GO:0006308,TRRAP
GO:0005515,STX7
GO:0005768,STX7
GO:0005886,STX7
GO:0006906,STX7
GO:0015031,STX7
GO:0016079,STX7
GO:0031201,STX7
GO:0048489,STX7
GO:0061025,STX7
GO:0005515,STX8
GO:0005768,STX8
GO:0005886,STX8
GO:0006906,STX8
GO:0015031,STX8
GO:0016079,STX8
GO:0031201,STX8
GO:0048489,STX8
GO:0061025,STX8
GO:0005515,VAMP8
GO:0005768,VAMP8
GO:0005886,VAMP8
GO:0006906,VAMP8
GO:0015031,VAMP8
GO:0016079,VAMP8
GO:0031201,VAMP8
GO:0048489,VAMP8
GO:0061025,VAMP8
GO:0005515,VTI1B
GO:0005768,VTI1B
GO:0005886,VTI1B
GO:0006906,VTI1B
GO:0015031,VTI1B
GO:0016079,VTI1B
GO:0031201,VTI1B
GO:0048489,VTI1B
GO:0061025,VTI1B
GO:0090398,BLM
GO:0051276,TBPL1
GO:0090398,TBPL1
GO:0005216,FKBP1B
GO:0006468,FKBP1B
GO:0006470,FKBP1B
GO:0006812,FKBP1B
GO:0008324,FKBP1B
GO:0019933,FKBP1B
GO:0050896,FKBP1B
GO:0005216,PPP1CA
GO:0006468,PPP1CA
GO:0006470,PPP1CA
GO:0006812,PPP1CA
GO:0008324,PPP1CA
GO:0019933,PPP1CA
GO:0050896,PPP1CA
GO:0005216,PPP2CA
GO:0006468,PPP2CA
GO:0006470,PPP2CA
GO:0006812,PPP2CA
GO:0008324,PPP2CA
GO:0019933,PPP2CA
GO:0050896,PPP2CA
GO:0005216,PRKACA
GO:0006468,PRKACA
GO:0006470,PRKACA
GO:0006812,PRKACA
GO:0008324,PRKACA
GO:0019933,PRKACA
GO:0050896,PRKACA
GO:0005216,PRKAR2A
GO:0006812,PRKAR2A
GO:0008324,PRKAR2A
GO:0050896,PRKAR2A
GO:0006468,RATRYR2
GO:0006470,RATRYR2
GO:0050896,RATRYR2
GO:0000775,AURKA
GO:0006417,AURKA
GO:0007098,AURKA
GO:0051225,AURKA
GO:0000775,CKAP5
GO:0006417,CKAP5
GO:0007098,CKAP5
GO:0051225,CKAP5
GO:0000775,TACC1
GO:0006417,TACC1
GO:0007098,TACC1
GO:0051225,TACC1
GO:0045892,CHD3
GO:0005634,GSE1
GO:0006265,GSE1
GO:0006476,GSE1
GO:0045892,GSE1
GO:0051276,GSE1
GO:0005634,GTF2I
GO:0006265,GTF2I
GO:0006476,GTF2I
GO:0045892,GTF2I
GO:0051276,GTF2I
GO:0006476,MTA2
GO:0006476,ZMYM2
GO:0005634,ZMYM3
GO:0006265,ZMYM3
GO:0006476,ZMYM3
GO:0045892,ZMYM3
GO:0051276,ZMYM3
GO:0032774,GTF2I
GO:0032774,HDAC1
GO:0032774,HDAC2
GO:0032774,KDM1A
GO:0032774,ZMYM3
GO:0005777,AGPS
GO:0006629,AGPS
GO:0006631,AGPS
GO:0006633,AGPS
GO:0006720,AGPS
GO:0008299,AGPS
GO:0008300,AGPS
GO:0008610,AGPS
GO:0009062,AGPS
GO:0016042,AGPS
GO:0005777,GNPAT
GO:0006629,GNPAT
GO:0006631,GNPAT
GO:0006633,GNPAT
GO:0006720,GNPAT
GO:0008299,GNPAT
GO:0008300,GNPAT
GO:0008610,GNPAT
GO:0009062,GNPAT
GO:0016042,GNPAT
GO:0030182,HDAC1
GO:0030182,HDAC2
GO:0030182,HMG20B
GO:0030182,KDM1A
GO:0030182,PHF21A
GO:0030182,RCOR1
NA,IRAG1
NA,ITPR1
NA,PRKG1
GO:0000226,GID8
GO:0005515,GID8
GO:0005737,GID8
GO:0000226,MKLN1
GO:0005515,MKLN1
GO:0005737,MKLN1
GO:0000226,MPHOSPH8
GO:0005515,MPHOSPH8
GO:0005737,MPHOSPH8
GO:0000226,RANBP9
GO:0005515,RANBP9
GO:0005737,RANBP9
GO:0005515,SNAP47
GO:0005886,SNAP47
GO:0006906,SNAP47
GO:0016079,SNAP47
GO:0031201,SNAP47
GO:0048489,SNAP47
GO:0061025,SNAP47
GO:0005515,STX1A
GO:0005886,STX1A
GO:0006906,STX1A
GO:0016079,STX1A
GO:0031201,STX1A
GO:0048489,STX1A
GO:0061025,STX1A
GO:0005515,VAMP2
GO:0005886,VAMP2
GO:0006906,VAMP2
GO:0016079,VAMP2
GO:0031201,VAMP2
GO:0048489,VAMP2
GO:0061025,VAMP2
GO:0007276,RANBP9
GO:0005737,TMEM50A
GO:0007276,TMEM50A
GO:0003677,CBX4
GO:0032452,CBX4
GO:0003677,CDYL
GO:0005634,CDYL
GO:0006265,CDYL
GO:0032452,CDYL
GO:0045892,CDYL
GO:0051276,CDYL
GO:0003677,CTBP1
GO:0003677,CTBP2
GO:0005634,CTBP2
GO:0006265,CTBP2
GO:0032452,CTBP2
GO:0045892,CTBP2
GO:0051276,CTBP2
GO:0003677,EHMT1
GO:0005634,EHMT1
GO:0006265,EHMT1
GO:0032452,EHMT1
GO:0045892,EHMT1
GO:0051276,EHMT1
GO:0003677,EHMT2
GO:0005634,EHMT2
GO:0006265,EHMT2
GO:0032452,EHMT2
GO:0045892,EHMT2
GO:0051276,EHMT2
GO:0032452,HDAC2
GO:0003677,KDM1A
GO:0003677,LCOR
GO:0005634,LCOR
GO:0006265,LCOR
GO:0032452,LCOR
GO:0045892,LCOR
GO:0051276,LCOR
GO:0003677,RCOR1
GO:0003677,RCOR3
GO:0003677,RREB1
GO:0003677,ZEB1
GO:0005634,ZEB1
GO:0006265,ZEB1
GO:0032452,ZEB1
GO:0045892,ZEB1
GO:0051276,ZEB1
GO:0003677,ZEB2
GO:0005634,ZEB2
GO:0006265,ZEB2
GO:0032452,ZEB2
GO:0045892,ZEB2
GO:0051276,ZEB2
GO:0003677,ZNF217
GO:0003677,ZNF516
GO:0005634,ZNF516
GO:0006265,ZNF516
GO:0032452,ZNF516
GO:0045892,ZNF516
GO:0051276,ZNF516
GO:0005634,KHDRBS1
GO:0008380,KHDRBS1
GO:0005634,PPP1R13B
GO:0008380,PPP1R13B
GO:0004407,CHD3
GO:0004407,KDM1A
GO:0004407,RCOR1
GO:0005634,DNMT1
GO:0006355,DNMT1
GO:2001141,DNMT1
GO:0005634,GTF2F1
GO:0006355,GTF2F1
GO:2001141,GTF2F1
GO:0005634,GTF2H4
GO:0006355,GTF2H4
GO:2001141,GTF2H4
GO:0005634,HBB-BH1
GO:0006355,HBB-BH1
GO:2001141,HBB-BH1
GO:0003677,GATAD2A
GO:0004407,GATAD2A
GO:0005634,GATAD2A
GO:0006265,GATAD2A
GO:0045892,GATAD2A
GO:0051276,GATAD2A
GO:0032438,AP3B1
GO:0035654,AP3B1
GO:0060627,AP3B1
GO:0032438,AP3D1
GO:0035654,AP3D1
GO:0060627,AP3D1
GO:0032438,AP3M1
GO:0035654,AP3M1
GO:0060627,AP3M1
GO:0032438,AP3S1
GO:0035654,AP3S1
GO:0060627,AP3S1
GO:0032438,BLOC1S1
GO:0035654,BLOC1S1
GO:0060627,BLOC1S1
GO:0032438,BLOC1S2
GO:0035654,BLOC1S2
GO:0060627,BLOC1S2
GO:0032438,BLOC1S3
GO:0035654,BLOC1S3
GO:0060627,BLOC1S3
GO:0032438,BLOC1S4
GO:0035654,BLOC1S4
GO:0060627,BLOC1S4
GO:0032438,BLOC1S5
GO:0035654,BLOC1S5
GO:0060627,BLOC1S5
GO:0032438,BLOC1S6
GO:0035654,BLOC1S6
GO:0060627,BLOC1S6
GO:0032438,DTNBP1
GO:0035654,DTNBP1
GO:0060627,DTNBP1
GO:0032438,SNAPIN
GO:0035654,SNAPIN
GO:0060627,SNAPIN
GO:0005515,BET1
GO:0005886,BET1
GO:0005515,GOSR2
GO:0005886,GOSR2
GO:0005515,STX5
GO:0005886,STX5
GO:0005515,YKT6
GO:0005886,YKT6
GO:0006906,YKT6
GO:0016079,YKT6
GO:0031201,YKT6
GO:0048489,YKT6
GO:0061025,YKT6
GO:0005768,BLOC1S1
GO:0006605,BLOC1S1
GO:0006886,BLOC1S1
GO:0015031,BLOC1S1
GO:0005768,BLOC1S2
GO:0006605,BLOC1S2
GO:0006886,BLOC1S2
GO:0015031,BLOC1S2
GO:0005768,BLOC1S3
GO:0006605,BLOC1S3
GO:0006886,BLOC1S3
GO:0015031,BLOC1S3
GO:0005768,BLOC1S4
GO:0006605,BLOC1S4
GO:0006886,BLOC1S4
GO:0015031,BLOC1S4
GO:0005768,BLOC1S5
GO:0006605,BLOC1S5
GO:0006886,BLOC1S5
GO:0015031,BLOC1S5
GO:0005768,BLOC1S6
GO:0006605,BLOC1S6
GO:0006886,BLOC1S6
GO:0015031,BLOC1S6
GO:0005768,DTNBP1
GO:0006605,DTNBP1
GO:0006886,DTNBP1
GO:0015031,DTNBP1
GO:0005768,HPS3
GO:0006605,HPS3
GO:0006886,HPS3
GO:0015031,HPS3
GO:0005768,HPS5
GO:0006605,HPS5
GO:0006886,HPS5
GO:0015031,HPS5
GO:0005768,HPS6
GO:0006605,HPS6
GO:0006886,HPS6
GO:0015031,HPS6
GO:0005768,SNAPIN
GO:0006605,SNAPIN
GO:0006886,SNAPIN
GO:0015031,SNAPIN
GO:0005515,HSF1
GO:0005515,HSF2
GO:0006605,VPS26A
GO:0006886,VPS26A
GO:0015031,VPS26A
GO:0006605,VPS29
GO:0006886,VPS29
GO:0015031,VPS29
GO:0006605,VPS35
GO:0006886,VPS35
GO:0015031,VPS35
GO:0000301,SNX1
GO:0006605,SNX1
GO:0006886,SNX1
GO:0015031,SNX1
GO:0016192,SNX1
GO:0036465,SNX1
GO:0000301,SNX2
GO:0006605,SNX2
GO:0006886,SNX2
GO:0015031,SNX2
GO:0016192,SNX2
GO:0036465,SNX2
GO:0000301,VPS26A
GO:0016192,VPS26A
GO:0036465,VPS26A
GO:0000301,VPS29
GO:0016192,VPS29
GO:0036465,VPS29
GO:0000301,VPS35
GO:0016192,VPS35
GO:0036465,VPS35
GO:0005654,KPNA1
GO:0006606,KPNA1
GO:0007186,KPNA1
GO:0005654,KPNB1
GO:0006606,KPNB1
GO:0007186,KPNB1
GO:0005654,PTH1R
GO:0006606,PTH1R
GO:0007186,PTH1R
GO:0003677,HOXA9
GO:0005634,HOXA9
GO:0030218,HOXA9
GO:0003677,MEIS1
GO:0005634,MEIS1
GO:0030218,MEIS1
GO:0003677,PBX2
GO:0005634,PBX2
GO:0030218,PBX2
GO:0005515,BET1L
GO:0005768,BET1L
GO:0005794,BET1L
GO:0006891,BET1L
GO:0006906,BET1L
GO:0015031,BET1L
GO:0016079,BET1L
GO:0016192,BET1L
GO:0031201,BET1L
GO:0048489,BET1L
GO:0061025,BET1L
GO:0005515,GOSR1
GO:0005768,GOSR1
GO:0015031,GOSR1
GO:0005768,STX5
GO:0015031,STX5
GO:0005768,YKT6
GO:0005794,YKT6
GO:0006891,YKT6
GO:0015031,YKT6
GO:0016192,YKT6
GO:0005768,BET1
GO:0015031,BET1
GO:0005768,GOSR2
GO:0015031,GOSR2
GO:0005515,SEC22B
GO:0005768,SEC22B
GO:0015031,SEC22B
GO:0005216,CACNA1C
GO:0006812,CACNA1C
GO:0008324,CACNA1C
GO:0050896,CACNA1C
GO:0005216,KCNMA1
GO:0005886,KCNMA1
GO:0006812,KCNMA1
GO:0008324,KCNMA1
GO:0050896,KCNMA1
GO:0005216,CACNA1A
GO:0005886,CACNA1A
GO:0006812,CACNA1A
GO:0008324,CACNA1A
GO:0050896,CACNA1A
GO:0005216,CACNA1B
GO:0005886,CACNA1B
GO:0006812,CACNA1B
GO:0008324,CACNA1B
GO:0050896,CACNA1B
GO:0005216,ADRB2
GO:0006812,ADRB2
GO:0006939,ADRB2
GO:0007186,ADRB2
GO:0008324,ADRB2
GO:0030007,ADRB2
GO:0050896,ADRB2
GO:0071875,ADRB2
GO:0005216,AKAP5
GO:0006812,AKAP5
GO:0006939,AKAP5
GO:0007186,AKAP5
GO:0008324,AKAP5
GO:0030007,AKAP5
GO:0050896,AKAP5
GO:0071875,AKAP5
GO:0005216,KCNMA1
GO:0006812,KCNMA1
GO:0006939,KCNMA1
GO:0007186,KCNMA1
GO:0008324,KCNMA1
GO:0030007,KCNMA1
GO:0050896,KCNMA1
GO:0071875,KCNMA1
GO:0005216,ADRB2
GO:0006812,ADRB2
GO:0008324,ADRB2
GO:0050896,ADRB2
GO:0005216,AKAP5
GO:0006812,AKAP5
GO:0007186,AKAP5
GO:0008324,AKAP5
GO:0050896,AKAP5
GO:0071875,AKAP5
GO:0007186,KCNMA1
GO:0030007,ADRB2
GO:0030007,KCNMA1
GO:0071875,KCNMA1
GO:0005515,NSFL1C
GO:0005783,NSFL1C
GO:0005794,NSFL1C
GO:0006888,NSFL1C
GO:0006906,NSFL1C
GO:0015031,NSFL1C
GO:0016079,NSFL1C
GO:0016192,NSFL1C
GO:0031201,NSFL1C
GO:0048489,NSFL1C
GO:0061025,NSFL1C
GO:0005515,VCP
GO:0005783,VCP
GO:0005794,VCP
GO:0006888,VCP
GO:0006906,VCP
GO:0015031,VCP
GO:0016079,VCP
GO:0016192,VCP
GO:0031201,VCP
GO:0048489,VCP
GO:0061025,VCP
GO:0016485,APH1A
GO:0033619,APH1A
GO:0016485,NCSTN
GO:0033619,NCSTN
GO:0016485,PSEN1
GO:0033619,PSEN1
GO:0016485,PSENEN
GO:0033619,PSENEN
GO:0016485,TMED10
GO:0033619,TMED10
GO:0005783,NRSN1
GO:0005794,NRSN1
GO:0016192,NRSN1
GO:0005783,TMED10
GO:0005794,TMED10
GO:0016192,TMED10
NA,ACTB
NA,CKB
NA,DPYSL2
NA,HSP90AB1
NA,HSPA1A
NA,MT3
GO:0003688,GINS1
GO:0005634,GINS1
GO:0006267,GINS1
GO:0003688,GINS2
GO:0005634,GINS2
GO:0006267,GINS2
GO:0003688,GINS3
GO:0005634,GINS3
GO:0006267,GINS3
GO:0003688,GINS4
GO:0005634,GINS4
GO:0006267,GINS4
GO:0005634,IFRD1
GO:0006265,IFRD1
GO:0045892,IFRD1
GO:0051276,IFRD1
GO:0005634,NCOR1
GO:0006265,NCOR1
GO:0045892,NCOR1
GO:0051276,NCOR1
GO:0005634,SAP30
GO:0006265,SAP30
GO:0045892,SAP30
GO:0051276,SAP30
GO:0005886,ENTPD1
GO:0030234,ENTPD1
GO:0050790,ENTPD1
GO:0005886,RANBP1
GO:0030234,RANBP1
GO:0050790,RANBP1
GO:0005216,CFTR
GO:0005856,CFTR
GO:0005886,CFTR
GO:0006821,CFTR
GO:0005216,EZR
GO:0005856,EZR
GO:0005886,EZR
GO:0006821,EZR
GO:0005216,NHERF1
GO:0005856,NHERF1
GO:0005886,NHERF1
GO:0006821,NHERF1
GO:0006355,MSX1
GO:0042476,MSX1
GO:2001141,MSX1
GO:0006355,PAX9
GO:0042476,PAX9
GO:2001141,PAX9
GO:0003677,GATAD2B
GO:0004407,GATAD2B
GO:0005634,GATAD2B
GO:0006265,GATAD2B
GO:0045892,GATAD2B
GO:0051276,GATAD2B
GO:0007039,ATG12
GO:0007039,ATG16L1
GO:0007039,ATG5
GO:0005886,ADRB2
GO:0006821,ADRB2
GO:0023052,ADRB2
GO:0007186,CFTR
GO:0023052,CFTR
GO:0071875,CFTR
GO:0007186,NHERF1
GO:0023052,NHERF1
GO:0071875,NHERF1
GO:0005515,CD2AP
GO:0005515,FYN
GO:0007010,CD2AP
GO:0005515,SYNPO
GO:0007010,SYNPO
GO:0005634,SAP18
GO:0005634,SAP25
GO:0006265,SAP25
GO:0006476,SAP25
GO:0045892,SAP25
GO:0051276,SAP25
GO:0005515,HINT1
GO:0006355,HINT1
GO:2001141,HINT1
GO:0005515,KARS1
GO:0006355,KARS1
GO:2001141,KARS1
GO:0005515,MITF
GO:0006355,MITF
GO:2001141,MITF
GO:0005739,TOMM20
GO:0005741,TOMM20
GO:0006626,TOMM20
GO:0071806,TOMM20
GO:0005739,TOMM22
GO:0005741,TOMM22
GO:0006626,TOMM22
GO:0006839,TOMM22
GO:0071806,TOMM22
GO:0005739,TOMM70
GO:0005741,TOMM70
GO:0006626,TOMM70
GO:0006839,TOMM70
GO:0071806,TOMM70
GO:0004340,BAD
GO:0005739,BAD
GO:0006110,BAD
GO:0006915,BAD
GO:0009749,BAD
GO:0042593,BAD
GO:0004340,GCK
GO:0005739,GCK
GO:0006110,GCK
GO:0006915,GCK
GO:0009749,GCK
GO:0042593,GCK
GO:0004340,PPP1CC
GO:0005739,PPP1CC
GO:0006110,PPP1CC
GO:0006915,PPP1CC
GO:0009749,PPP1CC
GO:0042593,PPP1CC
GO:0004340,PRKACA
GO:0005739,PRKACA
GO:0006110,PRKACA
GO:0006915,PRKACA
GO:0009749,PRKACA
GO:0042593,PRKACA
GO:0004340,WASF1
GO:0005739,WASF1
GO:0006110,WASF1
GO:0006915,WASF1
GO:0009749,WASF1
GO:0042593,WASF1
GO:0005515,ARID4B
GO:0005515,HDAC1
GO:0005515,HDAC2
GO:0005515,RBBP4
GO:0005515,RBBP7
GO:0005515,SAP30
GO:0005515,SIN3A
GO:0004407,BRMS1
GO:0005634,BRMS1
GO:0006265,BRMS1
GO:0006476,BRMS1
GO:0045892,BRMS1
GO:0051276,BRMS1
GO:0004407,SIN3B
GO:0005634,SIN3B
GO:0006265,SIN3B
GO:0006476,SIN3B
GO:0045892,SIN3B
GO:0051276,SIN3B
GO:0007268,CAV1
GO:0007268,SNAP25
GO:0003723,ELAVL1
GO:0032774,ELAVL1
GO:0003723,HNRNPU
GO:0032774,HNRNPU
GO:0003723,TIA1
GO:0032774,TIA1
GO:0003723,TIAL1
GO:0032774,TIAL1
GO:0005515,NAA10
GO:0005634,NAA10
GO:0006417,NAA10
GO:0005515,NAA15
GO:0005634,NAA15
GO:0006417,NAA15
GO:0042627,BET1
GO:0042627,STX5
GO:0006888,VAMP7
GO:0006906,VAMP7
GO:0016079,VAMP7
GO:0016192,VAMP7
GO:0031201,VAMP7
GO:0042627,VAMP7
GO:0048489,VAMP7
GO:0061025,VAMP7
GO:0006888,VTI1A
GO:0006906,VTI1A
GO:0016079,VTI1A
GO:0016192,VTI1A
GO:0031201,VTI1A
GO:0042627,VTI1A
GO:0048489,VTI1A
GO:0061025,VTI1A
GO:0000278,NAPA
GO:0000776,NAPA
GO:0005783,NAPA
GO:0006888,NAPA
GO:0016192,NAPA
GO:0031201,NAPA
GO:0031577,NAPA
GO:0051726,NAPA
GO:0061025,NAPA
GO:0000278,RINT1
GO:0000776,RINT1
GO:0005783,RINT1
GO:0006888,RINT1
GO:0016192,RINT1
GO:0031201,RINT1
GO:0031577,RINT1
GO:0051726,RINT1
GO:0061025,RINT1
GO:0000278,SCFD1
GO:0000776,SCFD1
GO:0031577,SCFD1
GO:0051726,SCFD1
GO:0000278,SEC22B
GO:0000776,SEC22B
GO:0031577,SEC22B
GO:0051726,SEC22B
GO:0000278,STX18
GO:0000776,STX18
GO:0005783,STX18
GO:0006888,STX18
GO:0016192,STX18
GO:0031201,STX18
GO:0031577,STX18
GO:0051726,STX18
GO:0061025,STX18
GO:0000278,USE1
GO:0000776,USE1
GO:0005783,USE1
GO:0006888,USE1
GO:0016192,USE1
GO:0031201,USE1
GO:0031577,USE1
GO:0051726,USE1
GO:0061025,USE1
GO:0000278,ZW10
GO:0000776,ZW10
GO:0005783,ZW10
GO:0006888,ZW10
GO:0016192,ZW10
GO:0031201,ZW10
GO:0031577,ZW10
GO:0051726,ZW10
GO:0061025,ZW10
GO:0005768,HGS
GO:0006906,HGS
GO:0016079,HGS
GO:0031201,HGS
GO:0048489,HGS
GO:0061025,HGS
GO:0005768,SNAP25
GO:0006906,SNAP25
GO:0016079,SNAP25
GO:0031201,SNAP25
GO:0048489,SNAP25
GO:0061025,SNAP25
GO:0005768,STX12
GO:0006906,STX12
GO:0016079,STX12
GO:0031201,STX12
GO:0048489,STX12
GO:0061025,STX12
GO:0034058,SNAP25
GO:0034058,STX12
GO:0031201,VAMP2
GO:0034058,VAMP2
GO:0061025,VAMP2
GO:0006479,ACTL6A
GO:2001141,ACTL6A
GO:2001141,ARID1A
GO:0003677,PRMT5
GO:0005634,PRMT5
GO:0006265,PRMT5
GO:0006355,PRMT5
GO:0006479,PRMT5
GO:0051276,PRMT5
GO:2001141,PRMT5
GO:0006479,SMARCA2
GO:2001141,SMARCA2
GO:2001141,SMARCB1
GO:2001141,SMARCC1
GO:2001141,SMARCC2
GO:2001141,SMARCD1
GO:2001141,SMARCE1
GO:0005220,ACTA2
GO:0005783,ACTA2
GO:0006468,ACTA2
GO:0006470,ACTA2
GO:0006812,ACTA2
GO:0006816,ACTA2
GO:0006874,ACTA2
GO:0006939,ACTA2
GO:0008324,ACTA2
GO:0019933,ACTA2
GO:0019934,ACTA2
GO:0046777,ACTA2
GO:0098771,ACTA2
GO:0005220,CNN1
GO:0005783,CNN1
GO:0006468,CNN1
GO:0006470,CNN1
GO:0006812,CNN1
GO:0006816,CNN1
GO:0006874,CNN1
GO:0006939,CNN1
GO:0008324,CNN1
GO:0019933,CNN1
GO:0019934,CNN1
GO:0046777,CNN1
GO:0098771,CNN1
GO:0005220,IRAG1
GO:0005783,IRAG1
GO:0006468,IRAG1
GO:0006470,IRAG1
GO:0006812,IRAG1
GO:0006816,IRAG1
GO:0006874,IRAG1
GO:0006939,IRAG1
GO:0008324,IRAG1
GO:0019933,IRAG1
GO:0019934,IRAG1
GO:0046777,IRAG1
GO:0098771,IRAG1
GO:0005220,ITPR1
GO:0005783,ITPR1
GO:0006468,ITPR1
GO:0006470,ITPR1
GO:0006816,ITPR1
GO:0006874,ITPR1
GO:0006939,ITPR1
GO:0019933,ITPR1
GO:0019934,ITPR1
GO:0046777,ITPR1
GO:0005220,PLN
GO:0005783,PLN
GO:0006468,PLN
GO:0006470,PLN
GO:0006812,PLN
GO:0006816,PLN
GO:0006874,PLN
GO:0006939,PLN
GO:0008324,PLN
GO:0019933,PLN
GO:0019934,PLN
GO:0046777,PLN
GO:0098771,PLN
GO:0005220,PRKG1
GO:0005783,PRKG1
GO:0006468,PRKG1
GO:0006470,PRKG1
GO:0006812,PRKG1
GO:0006816,PRKG1
GO:0006874,PRKG1
GO:0006939,PRKG1
GO:0008324,PRKG1
GO:0019933,PRKG1
GO:0019934,PRKG1
GO:0046777,PRKG1
GO:0098771,PRKG1
GO:0005220,RHOA
GO:0005783,RHOA
GO:0006468,RHOA
GO:0006470,RHOA
GO:0006816,RHOA
GO:0006874,RHOA
GO:0006939,RHOA
GO:0019933,RHOA
GO:0019934,RHOA
GO:0046777,RHOA
GO:0045892,ACTL6A
GO:0045892,ARID1A
GO:0045892,PRMT5
GO:0003677,SIN3A
GO:0045892,SMARCA4
GO:0045892,SMARCB1
GO:0045892,SMARCC1
GO:0045892,SMARCC2
GO:0045892,SMARCD1
GO:0045892,SMARCD2
GO:0003677,SMARCD3
GO:0005634,SMARCD3
GO:0006265,SMARCD3
GO:0045892,SMARCD3
GO:0051276,SMARCD3
GO:0045892,SMARCE1
GO:0045892,SMARCA2
GO:0003677,CEACAM1
GO:0005634,CEACAM1
GO:0006355,CEACAM1
GO:2001141,CEACAM1
GO:0003677,H2BC1
GO:0005634,H2BC1
GO:0006355,H2BC1
GO:2001141,H2BC1
GO:0003677,MECP2
GO:0005634,MECP2
GO:0006355,MECP2
GO:2001141,MECP2
GO:0003677,NCL
GO:0006355,NCL
GO:2001141,NCL
GO:0003677,SPI1
GO:0005634,SPI1
GO:0006355,SPI1
GO:2001141,SPI1
GO:0003677,HDAC1
GO:0030218,HDAC1
GO:0006265,MECP2
GO:0006476,MECP2
GO:0030218,MECP2
GO:0045892,MECP2
GO:0051276,MECP2
GO:0003677,SIN3A
GO:0005634,SIN3A
GO:0006265,SIN3A
GO:0006476,SIN3A
GO:0030218,SIN3A
GO:0045892,SIN3A
GO:0051276,SIN3A
GO:0006265,SPI1
GO:0006476,SPI1
GO:0030218,SPI1
GO:0045892,SPI1
GO:0051276,SPI1
GO:0005216,ANXA2
GO:0006812,ANXA2
GO:0005216,S100A10
GO:0005886,S100A10
GO:0006605,S100A10
GO:0006812,S100A10
GO:0015031,S100A10
GO:0005216,TRPV5
GO:0005886,TRPV5
GO:0006605,TRPV5
GO:0006812,TRPV5
GO:0015031,TRPV5
GO:0005509,ANXA2
GO:0005509,S100A10
GO:0006886,S100A10
GO:0003677,SPI1
GO:0005634,SPI1
GO:0006265,SPI1
GO:0006476,SPI1
GO:0045892,SPI1
GO:0051276,SPI1
GO:0045893,MORF4L1
GO:0090398,MORF4L1
GO:0005634,MRFAP1
GO:0045893,MRFAP1
GO:0090398,MRFAP1
GO:0005634,RB1
GO:0045893,RB1
GO:0090398,RB1
GO:0045893,KAT8
GO:0090398,KAT8
GO:0006473,MORF4L1
GO:0005216,ACTB
GO:0005886,ACTB
GO:0006811,ACTB
GO:0007010,ACTB
GO:0007166,ACTB
GO:0005216,ACTN4
GO:0005886,ACTN4
GO:0006811,ACTN4
GO:0007010,ACTN4
GO:0007166,ACTN4
GO:0005216,HSP90AB1
GO:0005886,HSP90AB1
GO:0006811,HSP90AB1
GO:0007010,HSP90AB1
GO:0007166,HSP90AB1
GO:0005216,HSPA1A
GO:0005886,HSPA1A
GO:0006811,HSPA1A
GO:0007010,HSPA1A
GO:0007166,HSPA1A
GO:0005216,HSPA8
GO:0005886,HSPA8
GO:0006811,HSPA8
GO:0007010,HSPA8
GO:0007166,HSPA8
GO:0005216,ITGB2
GO:0005886,ITGB2
GO:0006811,ITGB2
GO:0007010,ITGB2
GO:0007166,ITGB2
GO:0005216,LAMA3
GO:0005886,LAMA3
GO:0006811,LAMA3
GO:0007010,LAMA3
GO:0007166,LAMA3
GO:0005216,MPP3
GO:0005886,MPP3
GO:0006811,MPP3
GO:0007010,MPP3
GO:0007166,MPP3
GO:0005216,P2RX7
GO:0005886,P2RX7
GO:0006811,P2RX7
GO:0007010,P2RX7
GO:0007166,P2RX7
GO:0005216,PI4KA
GO:0005886,PI4KA
GO:0006811,PI4KA
GO:0007010,PI4KA
GO:0007166,PI4KA
GO:0005216,PTPRB
GO:0005886,PTPRB
GO:0006811,PTPRB
GO:0007010,PTPRB
GO:0007166,PTPRB
GO:0005216,SVIL
GO:0005886,SVIL
GO:0006811,SVIL
GO:0007010,SVIL
GO:0007166,SVIL
GO:0003677,COPS2
GO:0005634,COPS2
GO:0006281,COPS2
GO:0006511,COPS2
GO:0006974,COPS2
GO:0016567,COPS2
GO:0003677,COPS3
GO:0005634,COPS3
GO:0006281,COPS3
GO:0006511,COPS3
GO:0006974,COPS3
GO:0016567,COPS3
GO:0003677,COPS4
GO:0005634,COPS4
GO:0006281,COPS4
GO:0006511,COPS4
GO:0006974,COPS4
GO:0016567,COPS4
GO:0003677,COPS5
GO:0005634,COPS5
GO:0006281,COPS5
GO:0006511,COPS5
GO:0006974,COPS5
GO:0016567,COPS5
GO:0003677,COPS6
GO:0005634,COPS6
GO:0006281,COPS6
GO:0006511,COPS6
GO:0006974,COPS6
GO:0016567,COPS6
GO:0003677,COPS7A
GO:0005634,COPS7A
GO:0006281,COPS7A
GO:0006511,COPS7A
GO:0006974,COPS7A
GO:0016567,COPS7A
GO:0003677,COPS8
GO:0005634,COPS8
GO:0006281,COPS8
GO:0006511,COPS8
GO:0006974,COPS8
GO:0016567,COPS8
GO:0003677,CUL4A
GO:0005634,CUL4A
GO:0006281,CUL4A
GO:0003677,DDB1
GO:0005634,DDB1
GO:0006281,DDB1
GO:0003677,DDB2
GO:0005634,DDB2
GO:0006281,DDB2
GO:0006511,DDB2
GO:0006974,DDB2
GO:0016567,DDB2
GO:0003677,GPS1
GO:0005634,GPS1
GO:0006281,GPS1
GO:0006511,GPS1
GO:0006974,GPS1
GO:0016567,GPS1
GO:0003677,RBX1
GO:0005634,RBX1
GO:0006281,RBX1
GO:0005515,COPS2
GO:0005515,COPS3
GO:0005515,COPS4
GO:0005515,COPS5
GO:0005515,COPS6
GO:0005515,COPS7A
GO:0005515,COPS8
GO:0005515,ERCC8
GO:0005634,ERCC8
GO:0006281,ERCC8
GO:0006511,ERCC8
GO:0006974,ERCC8
GO:0016567,ERCC8
GO:0005515,GPS1
GO:0009299,COPS2
GO:0009299,COPS3
GO:0009299,COPS4
GO:0009299,COPS5
GO:0009299,COPS6
GO:0009299,COPS7A
GO:0009299,COPS8
GO:0009299,CUL4A
GO:0009299,DDB1
GO:0009299,ERCC8
GO:0009299,GPS1
GO:0006281,POLR2A
GO:0006511,POLR2A
GO:0006974,POLR2A
GO:0009299,POLR2A
GO:0016567,POLR2A
GO:0009299,RBX1
GO:0000278,CUL1
GO:0030163,CUL1
GO:0090398,CUL1
GO:0000278,FBXO31
GO:0006511,FBXO31
GO:0016567,FBXO31
GO:0030163,FBXO31
GO:0090398,FBXO31
GO:0000278,RBX1
GO:0030163,RBX1
GO:0090398,RBX1
GO:0000278,SKP1
GO:0030163,SKP1
GO:0090398,SKP1
GO:0016079,SNAP23
GO:0031201,SNAP23
GO:0043312,SNAP23
GO:0048489,SNAP23
GO:0061025,SNAP23
GO:0070820,SNAP23
GO:0099503,SNAP23
GO:0016079,STX4
GO:0031201,STX4
GO:0043312,STX4
GO:0048489,STX4
GO:0061025,STX4
GO:0070820,STX4
GO:0099503,STX4
GO:0016079,VAMP1
GO:0031201,VAMP1
GO:0043312,VAMP1
GO:0048489,VAMP1
GO:0061025,VAMP1
GO:0070820,VAMP1
GO:0099503,VAMP1
GO:0006887,SNAP23
GO:0006887,STX4
GO:0006887,VAMP2
GO:0016079,VAMP2
GO:0043312,VAMP2
GO:0070820,VAMP2
GO:0099503,VAMP2
GO:0006906,STX4
GO:0042582,STX4
GO:0006887,VAMP1
GO:0006906,VAMP1
GO:0042582,VAMP1
GO:0006887,VAMP7
GO:0006906,VAMP7
GO:0031201,VAMP7
GO:0042582,VAMP7
GO:0061025,VAMP7
GO:0000139,STX6
GO:0006887,STX6
GO:0006906,STX6
GO:0031201,STX6
GO:0048489,STX6
GO:0061025,STX6
GO:0000139,STX7
GO:0006887,STX7
GO:0000139,VTI1B
GO:0006887,VTI1B
GO:0006887,STX8
GO:0006887,VAMP8
GO:0005635,AKAP6
GO:0005635,PPP2CA
GO:0019722,PPP2CA
GO:0005635,PRKACA
GO:0019722,PRKACA
GO:0005635,RYR2
GO:0019722,RYR2
GO:0019933,RYR2
GO:0006338,ARID4B
GO:0006338,HDAC1
GO:0006338,HDAC2
GO:0004407,ING1
GO:0005634,ING1
GO:0006265,ING1
GO:0006338,ING1
GO:0045892,ING1
GO:0051276,ING1
GO:0006338,RBBP4
GO:0006338,RBBP7
GO:0004407,SAP18
GO:0006338,SAP18
GO:0006338,SAP30
GO:0006338,SIN3A
GO:0004407,ACTL6A
GO:0051090,ACTL6A
GO:0004407,ARID1A
GO:0006338,ARID1A
GO:0051090,ARID1A
GO:0051090,ARID4B
GO:0051090,HDAC1
GO:0051090,HDAC2
GO:0051090,ING1
GO:0051090,RBBP4
GO:0051090,RBBP7
GO:0051090,SAP18
GO:0051090,SAP30
GO:0051090,SIN3A
GO:0004407,SMARCA4
GO:0051090,SMARCA4
GO:0004407,SMARCB1
GO:0051090,SMARCB1
GO:0004407,SMARCC1
GO:0051090,SMARCC1
GO:0004407,SMARCC2
GO:0051090,SMARCC2
GO:0004407,SMARCD1
GO:0051090,SMARCD1
GO:0003723,CASC3
GO:0005634,CASC3
GO:0005737,CASC3
GO:0006417,CASC3
GO:0043488,CASC3
GO:0050658,CASC3
GO:0051033,CASC3
GO:0051169,CASC3
GO:0003723,EIF4A3
GO:0005634,EIF4A3
GO:0005737,EIF4A3
GO:0006417,EIF4A3
GO:0043488,EIF4A3
GO:0050658,EIF4A3
GO:0051033,EIF4A3
GO:0051169,EIF4A3
GO:0003723,MAGOH
GO:0005634,MAGOH
GO:0005737,MAGOH
GO:0006417,MAGOH
GO:0043488,MAGOH
GO:0050658,MAGOH
GO:0051033,MAGOH
GO:0051169,MAGOH
GO:0003723,RBM8A
GO:0005634,RBM8A
GO:0005737,RBM8A
GO:0006417,RBM8A
GO:0043488,RBM8A
GO:0050658,RBM8A
GO:0051033,RBM8A
GO:0051169,RBM8A
GO:0007254,GPS2
GO:0032774,GPS2
GO:0007254,HDAC3
GO:0032774,HDAC3
GO:0007254,NCOR1
GO:0032774,NCOR1
GO:0007254,TBL1X
GO:0032774,TBL1X
GO:0007254,TBL1XR1
GO:0032774,TBL1XR1
GO:0006413,EIF3A
GO:0006413,EIF3B
GO:0006413,EIF3C
GO:0006413,EIF3D
GO:0006413,EIF3E
GO:0006413,EIF3F
GO:0006413,EIF3G
GO:0006413,EIF3H
GO:0006413,EIF3I
GO:0006413,EIF3J
GO:0006413,EIF3K
GO:0006413,EIF3L
GO:0009755,NCOR2
GO:0032774,NCOR2
GO:0009755,SIN3A
GO:0032774,SIN3A
GO:0009755,SIN3B
GO:0032774,SIN3B
GO:0005634,CEBPA
GO:0045893,CEBPA
GO:0005634,ONECUT1
GO:0045893,ONECUT1
GO:0007178,MAP3K7
GO:0007178,TRAF6
GO:0003677,MECP2
GO:0005634,MECP2
GO:0006265,MECP2
GO:0006476,MECP2
GO:0045892,MECP2
GO:0051276,MECP2
GO:0003677,
GO:0005634,
GO:0006265,
GO:0006476,
GO:0045892,
GO:0051276,
GO:0005216,TRPC1
GO:0005886,TRPC1
GO:0006812,TRPC1
GO:0009755,HDAC3
GO:0009755,TBL1X
GO:0030234,CAV1
GO:0050790,CAV1
GO:0061028,CAV1
GO:0030234,DAG1
GO:0050790,DAG1
GO:0061028,DAG1
GO:0030234,NOS3
GO:0050790,NOS3
GO:0061028,NOS3
GO:0030234,SGCE
GO:0050790,SGCE
GO:0061028,SGCE
GO:0030234,UTRN
GO:0050790,UTRN
GO:0061028,UTRN
GO:0003723,UPF3B
GO:0005634,UPF3B
GO:0005737,UPF3B
GO:0006417,UPF3B
GO:0043488,UPF3B
GO:0050658,UPF3B
GO:0051033,UPF3B
GO:0051169,UPF3B
GO:0003723,PYM1
GO:0005634,PYM1
GO:0005737,PYM1
GO:0006417,PYM1
GO:0043488,PYM1
GO:0050658,PYM1
GO:0051033,PYM1
GO:0051169,PYM1
GO:0016477,GSN
GO:0016477,PRUNE1
GO:0016477,GSK3B
GO:0048870,NME1
GO:0048870,PRUNE1
GO:0007420,ANOS1
GO:0007608,ANOS1
GO:0007420,FGFR1
GO:0007608,FGFR1
GO:0000398,ACIN1
GO:0005634,ACIN1
GO:0006397,ACIN1
GO:0006915,ACIN1
GO:0000398,RNPS1
GO:0005634,RNPS1
GO:0006397,RNPS1
GO:0006915,RNPS1
GO:0000398,SAP18
GO:0006397,SAP18
GO:0006915,SAP18
GO:0005886,AHNAK
GO:0007009,AHNAK
GO:0007517,AHNAK
GO:0005886,DYSF
GO:0007009,DYSF
GO:0007517,DYSF
GO:0000398,MAGOH
GO:0006397,MAGOH
GO:0000398,RBM8A
GO:0006397,RBM8A
GO:0007009,DYSF
GO:0007519,DYSF
GO:0014706,DYSF
GO:0007009,PARVB
GO:0007519,PARVB
GO:0014706,PARVB
GO:0005794,SNAP29
GO:0006906,SNAP29
GO:0016079,SNAP29
GO:0031201,SNAP29
GO:0048489,SNAP29
GO:0061025,SNAP29
GO:0005794,STX6
GO:0016079,STX6
GO:0099536,CASK
GO:0099536,GRIA2
GO:0099536,GRIP1
GO:0099536,PRKCE
GO:0099536,RGS4
GO:0099536,APBA1
GO:0005515,NME1
GO:0005737,NME1
GO:0005515,PRKAA1
GO:0005737,PRKAA1
GO:0006405,ALYREF
GO:0016363,ALYREF
GO:0016607,ALYREF
GO:0006405,DDX39B
GO:0016363,DDX39B
GO:0016607,DDX39B
GO:0006405,THOC1
GO:0016363,THOC1
GO:0016607,THOC1
GO:0006405,THOC2
GO:0016363,THOC2
GO:0016607,THOC2
GO:0006405,THOC3
GO:0016363,THOC3
GO:0016607,THOC3
GO:0006405,THOC5
GO:0016363,THOC5
GO:0016607,THOC5
GO:0006405,THOC6
GO:0016363,THOC6
GO:0016607,THOC6
GO:0006405,THOC7
GO:0016363,THOC7
GO:0016607,THOC7
GO:0005515,NME1
GO:0005737,NME1
GO:0005515,PRKAA1
GO:0005737,PRKAA1
GO:0003723,THOC1
GO:0003723,THOC2
GO:0003723,THOC5
GO:0003723,THOC6
GO:0003723,THOC7
GO:0007229,CALR
GO:0010001,CALR
GO:0007229,ITGAV
GO:0010001,ITGAV
GO:0007229,PLP1
GO:0010001,PLP1
GO:0003723,ALYREF
GO:0005634,ALYREF
GO:0006401,ALYREF
GO:0050658,ALYREF
GO:0051033,ALYREF
GO:0051169,ALYREF
GO:0003723,NXF1
GO:0005634,NXF1
GO:0006401,NXF1
GO:0050658,NXF1
GO:0051033,NXF1
GO:0051169,NXF1
GO:0006401,RBM8A
GO:0003723,RNPS1
GO:0006401,RNPS1
GO:0050658,RNPS1
GO:0051033,RNPS1
GO:0051169,RNPS1
GO:0003723,SRRM1
GO:0005634,SRRM1
GO:0006401,SRRM1
GO:0050658,SRRM1
GO:0051033,SRRM1
GO:0051169,SRRM1
GO:0003723,UPF2
GO:0005634,UPF2
GO:0006401,UPF2
GO:0050658,UPF2
GO:0051033,UPF2
GO:0051169,UPF2
GO:0006401,UPF3B
GO:0003677,DPF2
GO:0005634,DPF2
GO:0006265,DPF2
GO:0051276,DPF2
GO:0003677,HNRNPC
GO:0005634,HNRNPC
GO:0006265,HNRNPC
GO:0051276,HNRNPC
GO:0005216,GAPDH
GO:0005886,GAPDH
GO:0006812,GAPDH
GO:0005216,PKM
GO:0005886,PKM
GO:0006812,PKM
GO:0005216,TPI1
GO:0005886,TPI1
GO:0006812,TPI1
GO:0006355,CUL1
GO:0042594,CUL1
GO:0048015,CUL1
GO:2001141,CUL1
GO:0006355,PFDN2
GO:0042594,PFDN2
GO:0048015,PFDN2
GO:2001141,PFDN2
GO:0006355,POLR2E
GO:0042594,POLR2E
GO:0048015,POLR2E
GO:2001141,POLR2E
GO:0006355,RUVBL1
GO:0042594,RUVBL1
GO:0048015,RUVBL1
GO:2001141,RUVBL1
GO:0006355,RUVBL2
GO:0042594,RUVBL2
GO:0048015,RUVBL2
GO:2001141,RUVBL2
GO:0006355,SKP1
GO:0042594,SKP1
GO:0048015,SKP1
GO:2001141,SKP1
GO:0006355,SKP2
GO:0042594,SKP2
GO:0048015,SKP2
GO:2001141,SKP2
GO:0006355,STAP1
GO:0042594,STAP1
GO:0048015,STAP1
GO:2001141,STAP1
GO:0006355,URI1
GO:0042594,URI1
GO:0048015,URI1
GO:2001141,URI1
GO:0005515,ITCH
GO:0016579,ITCH
GO:0005515,USP9X
GO:0016579,USP9X
GO:0005515,ITCH
GO:0016579,ITCH
GO:0005515,USP9X
GO:0016579,USP9X
GO:0000184,ETF1
GO:0006449,ETF1
GO:0000184,GSPT1
GO:0006449,GSPT1
GO:0000184,SMG1
GO:0006449,SMG1
GO:0000184,UPF1
GO:0006449,UPF1
GO:0003723,DDX39B
GO:0005634,DDX39B
GO:0006401,DDX39B
GO:0050658,DDX39B
GO:0051033,DDX39B
GO:0051169,DDX39B
GO:0006401,EIF4A3
GO:0006401,MAGOH
GO:0005634,NCOA1
GO:0006355,NCOA1
GO:0032870,NCOA1
GO:2001141,NCOA1
GO:0005634,NR3C2
GO:0006355,NR3C2
GO:0032870,NR3C2
GO:2001141,NR3C2
GO:0005634,UBE2I
GO:0006355,UBE2I
GO:0032870,UBE2I
GO:2001141,UBE2I
GO:0006974,ACTL6A
GO:0006974,DMAP1
GO:0006974,EPC1
GO:0006974,KAT5
GO:0006974,MORF4L1
GO:0006974,RUVBL1
GO:0006974,RUVBL2
GO:0003723,DIS3
GO:0005634,DIS3
GO:0005737,DIS3
GO:0006401,DIS3
GO:0003723,EXOSC1
GO:0005634,EXOSC1
GO:0005737,EXOSC1
GO:0006401,EXOSC1
GO:0003723,EXOSC2
GO:0005634,EXOSC2
GO:0005737,EXOSC2
GO:0006401,EXOSC2
GO:0003723,EXOSC3
GO:0005634,EXOSC3
GO:0005737,EXOSC3
GO:0006401,EXOSC3
GO:0003723,EXOSC4
GO:0005634,EXOSC4
GO:0005737,EXOSC4
GO:0006401,EXOSC4
GO:0003723,EXOSC5
GO:0005634,EXOSC5
GO:0005737,EXOSC5
GO:0006401,EXOSC5
GO:0003723,EXOSC6
GO:0005634,EXOSC6
GO:0005737,EXOSC6
GO:0006401,EXOSC6
GO:0003723,EXOSC7
GO:0005634,EXOSC7
GO:0005737,EXOSC7
GO:0006401,EXOSC7
GO:0003723,EXOSC8
GO:0005634,EXOSC8
GO:0005737,EXOSC8
GO:0006401,EXOSC8
GO:0003723,EXOSC9
GO:0005634,EXOSC9
GO:0005737,EXOSC9
GO:0006401,EXOSC9
GO:0003723,EXOSC10
GO:0005634,EXOSC10
GO:0006401,EXOSC10
GO:0005102,CPLX1
GO:0006906,CPLX1
GO:0016079,CPLX1
GO:0030545,CPLX1
GO:0031201,CPLX1
GO:0048489,CPLX1
GO:0061025,CPLX1
GO:0005102,SNAP25
GO:0006906,SNAP25
GO:0016079,SNAP25
GO:0030545,SNAP25
GO:0031201,SNAP25
GO:0048489,SNAP25
GO:0061025,SNAP25
GO:0005102,STX1A
GO:0030545,STX1A
GO:0005102,VAMP2
GO:0030545,VAMP2
GO:0005102,CPLX2
GO:0006906,CPLX2
GO:0016079,CPLX2
GO:0030545,CPLX2
GO:0031201,CPLX2
GO:0048489,CPLX2
GO:0061025,CPLX2
GO:0005102,CPLX1
GO:0006906,CPLX1
GO:0016079,CPLX1
GO:0030545,CPLX1
GO:0031201,CPLX1
GO:0048489,CPLX1
GO:0061025,CPLX1
GO:0005102,SNAP25
GO:0030545,SNAP25
GO:0005102,STX1A
GO:0006906,STX1A
GO:0016079,STX1A
GO:0030545,STX1A
GO:0031201,STX1A
GO:0048489,STX1A
GO:0061025,STX1A
GO:0005102,VAMP2
GO:0006906,VAMP2
GO:0030545,VAMP2
GO:0048489,VAMP2
GO:0005102,CPLX2
GO:0006906,CPLX2
GO:0016079,CPLX2
GO:0030545,CPLX2
GO:0031201,CPLX2
GO:0048489,CPLX2
GO:0061025,CPLX2
GO:0005768,SNAP23
GO:0006906,SNAP23
GO:0015031,SNAP23
GO:0005768,STX11
GO:0006906,STX11
GO:0015031,STX11
GO:0016079,STX11
GO:0031201,STX11
GO:0048489,STX11
GO:0061025,STX11
GO:0005768,VAMP2
GO:0015031,VAMP2
GO:0006974,BRD8
GO:0006974,EP400
GO:0003677,EPC2
GO:0004402,EPC2
GO:0005634,EPC2
GO:0006265,EPC2
GO:0006281,EPC2
GO:0006974,EPC2
GO:0051276,EPC2
GO:0006974,ING3
GO:0006974,MEAF6
GO:0006974,MRGBP
GO:0006974,YEATS4
GO:0006265,SRCAP
GO:0006281,SRCAP
GO:0051276,SRCAP
GO:0004407,DMAP1
GO:0005634,DMAP1
GO:0006306,DMAP1
GO:0045892,DMAP1
GO:0004407,DNMT1
GO:0006306,DNMT1
GO:0045892,DNMT1
GO:0004407,HDAC2
GO:0006306,HDAC2
GO:0006906,STX2
GO:0016079,STX2
GO:0031201,STX2
GO:0048489,STX2
GO:0061025,STX2
GO:0005929,CDC42
GO:0007043,CDC42
GO:0007264,CDC42
GO:0009798,CDC42
GO:0030054,CDC42
GO:0051211,CDC42
GO:0060271,CDC42
GO:0005929,PARD3
GO:0007043,PARD3
GO:0007264,PARD3
GO:0009798,PARD3
GO:0030054,PARD3
GO:0051211,PARD3
GO:0060271,PARD3
GO:0005929,PARD6B
GO:0007043,PARD6B
GO:0007264,PARD6B
GO:0009798,PARD6B
GO:0030054,PARD6B
GO:0051211,PARD6B
GO:0060271,PARD6B
GO:0005929,PRKCI
GO:0007043,PRKCI
GO:0007264,PRKCI
GO:0009798,PRKCI
GO:0030054,PRKCI
GO:0051211,PRKCI
GO:0060271,PRKCI
GO:0006476,ACTL6A
GO:0006476,ARID1A
GO:0006479,HDAC2
GO:0006476,PRMT5
GO:0006355,SIN3A
GO:0006479,SIN3A
GO:2001141,SIN3A
GO:0006476,SMARCA4
GO:2001141,SMARCA4
GO:0006476,SMARCB1
GO:0006476,SMARCC1
GO:0006476,SMARCC2
GO:0006476,SMARCD1
GO:0006476,SMARCE1
GO:0005929,CDC42
GO:0007043,CDC42
GO:0007264,CDC42
GO:0009798,CDC42
GO:0030054,CDC42
GO:0051211,CDC42
GO:0060271,CDC42
GO:0005929,PARD3
GO:0007043,PARD3
GO:0007264,PARD3
GO:0009798,PARD3
GO:0030054,PARD3
GO:0051211,PARD3
GO:0060271,PARD3
GO:0005929,PARD6A
GO:0007043,PARD6A
GO:0007264,PARD6A
GO:0009798,PARD6A
GO:0030054,PARD6A
GO:0051211,PARD6A
GO:0060271,PARD6A
GO:0005929,PRKCZ
GO:0007043,PRKCZ
GO:0007264,PRKCZ
GO:0009798,PRKCZ
GO:0030054,PRKCZ
GO:0051211,PRKCZ
GO:0060271,PRKCZ
GO:1990927,SNAP23
GO:1990927,STX4
GO:0006476,SMARCA2
GO:0006476,SMARCD2
GO:0006479,SMARCD2
GO:2001141,SMARCD2
GO:0000287,ETF1
GO:0005525,ETF1
GO:0005737,ETF1
GO:0006415,ETF1
GO:0007264,ETF1
GO:0000287,GSPT1
GO:0005525,GSPT1
GO:0005737,GSPT1
GO:0006415,GSPT1
GO:0007264,GSPT1
GO:0005634,CTDP1
GO:0006354,CTDP1
GO:0005634,ERH
GO:0006354,ERH
GO:0006354,GTF2F1
GO:0006354,POLR2B
GO:0006354,PRMT5
GO:0005634,STK38
GO:0006354,STK38
GO:0005634,WDR77
GO:0006354,WDR77
GO:0003723,UPF1
GO:0005737,UPF1
GO:0006401,UPF1
GO:0016363,UPF1
GO:0005737,UPF2
GO:0016363,UPF2
GO:0003723,UPF3A
GO:0005737,UPF3A
GO:0006401,UPF3A
GO:0016363,UPF3A
GO:0016363,UPF3B
GO:0016363,NXF1
GO:0016363,RBM8A
GO:0016363,RNPS1
GO:0005515,MPRIP
GO:0030234,MPRIP
GO:0050790,MPRIP
GO:0065003,MPRIP
GO:0005515,PPP1R12A
GO:0030234,PPP1R12A
GO:0050790,PPP1R12A
GO:0065003,PPP1R12A
GO:0005515,RHOA
GO:0030234,RHOA
GO:0050790,RHOA
GO:0065003,RHOA
GO:0005737,CLNS1A
GO:0006479,CLNS1A
GO:0065003,CLNS1A
GO:0005737,PRMT5
GO:0065003,PRMT5
GO:0005737,SNRPD1
GO:0006479,SNRPD1
GO:0065003,SNRPD1
GO:0005737,SNRPD3
GO:0006479,SNRPD3
GO:0065003,SNRPD3
GO:0006906,STX6
GO:0016079,STX6
GO:0031201,STX6
GO:0043312,STX6
GO:0048489,STX6
GO:0061025,STX6
GO:0007043,CDH5
GO:0009798,CDH5
GO:0030054,CDH5
GO:0051211,CDH5
GO:0007043,CTNNA1
GO:0009798,CTNNA1
GO:0030054,CTNNA1
GO:0051211,CTNNA1
GO:0007043,CTNNB1
GO:0009798,CTNNB1
GO:0030054,CTNNB1
GO:0051211,CTNNB1
GO:0003723,DCP2
GO:0005634,DCP2
GO:0006401,DCP2
GO:0005737,EXOSC10
GO:0003723,PARN
GO:0005634,PARN
GO:0005737,PARN
GO:0006401,PARN
GO:0005634,UPF1
GO:0003723,XRN1
GO:0005634,XRN1
GO:0005737,XRN1
GO:0006401,XRN1
GO:0003723,XRN2
GO:0005634,XRN2
GO:0005737,XRN2
GO:0006401,XRN2
GO:0005737,DDX20
GO:0008380,DDX20
GO:0065003,DDX20
GO:0005737,GEMIN2
GO:0008380,GEMIN2
GO:0065003,GEMIN2
GO:0005737,GEMIN4
GO:0008380,GEMIN4
GO:0065003,GEMIN4
GO:0005737,SMN1
GO:0008380,SMN1
GO:0065003,SMN1
GO:0005737,SNRPB
GO:0008380,SNRPB
GO:0065003,SNRPB
GO:0006479,SNRPB
GO:0007043,CDH5
GO:0030054,CDH5
GO:0051211,CDH5
GO:0030054,CTNNB1
GO:0051211,CTNNB1
GO:0002115,ORAI1
GO:0005216,ORAI1
GO:0005886,ORAI1
GO:0006816,ORAI1
GO:0051592,ORAI1
GO:0002115,STIM1
GO:0005216,STIM1
GO:0005886,STIM1
GO:0006816,STIM1
GO:0051592,STIM1
GO:0002115,TRPC1
GO:0006816,TRPC1
GO:0051592,TRPC1
GO:0002115,ORAI1
GO:0005216,ORAI1
GO:0005886,ORAI1
GO:0006816,ORAI1
GO:0051592,ORAI1
GO:0002115,STIM1
GO:0005216,STIM1
GO:0005886,STIM1
GO:0006816,STIM1
GO:0051592,STIM1
GO:0002115,TRPC1
GO:0006816,TRPC1
GO:0051592,TRPC1
GO:0006479,DDX20
GO:0006479,GEMIN2
GO:0006479,GEMIN4
GO:0006479,SMN1
GO:0005515,CLNS1A
GO:0005515,SNRPD1
GO:0005515,SNRPD3
GO:0008380,CLNS1A
GO:0008380,PRMT5
GO:0008380,SNRPD1
GO:0005737,SNRPD2
GO:0006479,SNRPD2
GO:0008380,SNRPD2
GO:0008380,SNRPD3
GO:0005737,SNRPE
GO:0008380,SNRPE
GO:0005737,SNRPF
GO:0008380,SNRPF
GO:0005737,SNRPG
GO:0008380,SNRPG
GO:0005515,PRMT5
GO:0006468,CDK2
GO:0044843,CDK2
GO:0006468,CDKN1B
GO:0044843,CDKN1B
GO:0006468,FGF2
GO:0044843,FGF2
GO:0000278,LIN9
GO:0051726,LIN9
GO:0000278,MYBL2
GO:0051726,MYBL2
GO:0003401,DISC1
GO:0006605,DISC1
GO:0006886,DISC1
GO:0003401,GRB2
GO:0006605,GRB2
GO:0006886,GRB2
GO:0003401,KIF5A
GO:0006605,KIF5A
GO:0006886,KIF5A
GO:0030163,KLK3
GO:0030163,SCG2
GO:0030163,SERPINA5
GO:0005096,AMOT
GO:0007043,AMOT
GO:0008104,AMOT
GO:0009798,AMOT
GO:0030054,AMOT
GO:0043547,AMOT
GO:0051211,AMOT
GO:0005096,ARHGAP17
GO:0007043,ARHGAP17
GO:0008104,ARHGAP17
GO:0009798,ARHGAP17
GO:0030054,ARHGAP17
GO:0043547,ARHGAP17
GO:0051211,ARHGAP17
GO:0005096,CAPZA1
GO:0007043,CAPZA1
GO:0008104,CAPZA1
GO:0009798,CAPZA1
GO:0030054,CAPZA1
GO:0043547,CAPZA1
GO:0051211,CAPZA1
GO:0005096,CAPZB
GO:0007043,CAPZB
GO:0008104,CAPZB
GO:0009798,CAPZB
GO:0030054,CAPZB
GO:0043547,CAPZB
GO:0051211,CAPZB
GO:0005096,CD2AP
GO:0007043,CD2AP
GO:0008104,CD2AP
GO:0009798,CD2AP
GO:0030054,CD2AP
GO:0043547,CD2AP
GO:0051211,CD2AP
GO:0005096,PALS1
GO:0008104,PALS1
GO:0043547,PALS1
GO:0005096,PATJ
GO:0008104,PATJ
GO:0043547,PATJ
GO:0005096,SH3KBP1
GO:0007043,SH3KBP1
GO:0008104,SH3KBP1
GO:0009798,SH3KBP1
GO:0030054,SH3KBP1
GO:0043547,SH3KBP1
GO:0051211,SH3KBP1
GO:0005096,PARD3
GO:0008104,PARD3
GO:0043547,PARD3
GO:0005096,PRKCI
GO:0007043,PRKCI
GO:0008104,PRKCI
GO:0030054,PRKCI
GO:0043547,PRKCI
GO:0051211,PRKCI
GO:0005096,AMOTL1
GO:0007043,AMOTL1
GO:0008104,AMOTL1
GO:0009798,AMOTL1
GO:0030054,AMOTL1
GO:0043547,AMOTL1
GO:0051211,AMOTL1
GO:0005096,AMOTL2
GO:0007043,AMOTL2
GO:0008104,AMOTL2
GO:0009798,AMOTL2
GO:0030054,AMOTL2
GO:0043547,AMOTL2
GO:0051211,AMOTL2
GO:0005096,MPDZ
GO:0007043,MPDZ
GO:0008104,MPDZ
GO:0009798,MPDZ
GO:0030054,MPDZ
GO:0043547,MPDZ
GO:0051211,MPDZ
GO:0005096,MPP7
GO:0007043,MPP7
GO:0008104,MPP7
GO:0009798,MPP7
GO:0030054,MPP7
GO:0043547,MPP7
GO:0051211,MPP7
GO:0006906,STX2
GO:0016079,STX2
GO:0031201,STX2
GO:0048489,STX2
GO:0061025,STX2
GO:0006906,STX3
GO:0016079,STX3
GO:0031201,STX3
GO:0048489,STX3
GO:0061025,STX3
GO:0006906,STX4
GO:0016079,STX4
GO:0031201,STX4
GO:0048489,STX4
GO:0061025,STX4
GO:0007043,CRB3
GO:0009798,CRB3
GO:0019048,CRB3
GO:0030054,CRB3
GO:0051211,CRB3
GO:0090162,CRB3
GO:0019048,PALS1
GO:0090162,PALS1
GO:0019048,PATJ
GO:0090162,PATJ
GO:0005770,STX6
GO:0005770,STX7
GO:0005770,VAMP7
GO:0005770,VTI1B
GO:0003886,DNMT1
GO:0005634,DNMT1
GO:0006260,DNMT1
GO:0006306,DNMT1
GO:0046974,DNMT1
GO:0051276,DNMT1
GO:0003886,EHMT2
GO:0006260,EHMT2
GO:0006306,EHMT2
GO:0046974,EHMT2
GO:0003886,PCNA
GO:0006306,PCNA
GO:0046974,PCNA
GO:0051276,PCNA
GO:0005911,NGFR
GO:0007043,NGFR
GO:0007399,NGFR
GO:0022008,NGFR
GO:0030182,NGFR
GO:0042552,NGFR
GO:0045216,NGFR
GO:0048699,NGFR
GO:0005911,PARD3
GO:0007399,PARD3
GO:0022008,PARD3
GO:0030182,PARD3
GO:0042552,PARD3
GO:0045216,PARD3
GO:0048699,PARD3
GO:0000084,DNMT1
GO:0000084,EHMT2
GO:0006355,MSX1
GO:2001141,MSX1
GO:0006355,MYOCD
GO:2001141,MYOCD
GO:2001141,SRF
GO:0006355,MSX2
GO:2001141,MSX2
GO:0005515,MED11
GO:0005515,MED18
GO:0005515,MED19
GO:0005515,MED22
GO:0005515,MED29
GO:0007043,PARD6B
GO:0009798,PARD6B
GO:0030054,PARD6B
GO:0051211,PARD6B
GO:0009798,PRKCI
GO:0000278,BRCA2
GO:0003677,BRCA2
GO:0005634,BRCA2
GO:0006265,BRCA2
GO:0006281,BRCA2
GO:0006476,BRCA2
GO:0030182,BRCA2
GO:0045892,BRCA2
GO:0051276,BRCA2
GO:0006281,HDAC1
GO:0000278,HDAC2
GO:0006281,HDAC2
GO:0000278,HMG20B
GO:0003677,HMG20B
GO:0006281,HMG20B
GO:0000278,KDM1A
GO:0006281,KDM1A
GO:0000278,PHF21A
GO:0003677,PHF21A
GO:0006281,PHF21A
GO:0000278,RCOR1
GO:0006281,RCOR1
GO:0006906,SNAP29
GO:0016079,SNAP29
GO:0031201,SNAP29
GO:0048489,SNAP29
GO:0061025,SNAP29
GO:0006906,VAMP3
GO:0016079,VAMP3
GO:0031201,VAMP3
GO:0048489,VAMP3
GO:0061025,VAMP3
GO:0006906,VAMP4
GO:0016079,VAMP4
GO:0031201,VAMP4
GO:0048489,VAMP4
GO:0061025,VAMP4
GO:0006906,VAMP8
GO:0016079,VAMP8
GO:0031201,VAMP8
GO:0048489,VAMP8
GO:0061025,VAMP8
GO:0006906,STX16
GO:0016079,STX16
GO:0031201,STX16
GO:0048489,STX16
GO:0061025,STX16
GO:0006906,VTI1A
GO:0016079,VTI1A
GO:0031201,VTI1A
GO:0048489,VTI1A
GO:0061025,VTI1A
GO:0006906,VTI1B
GO:0016079,VTI1B
GO:0031201,VTI1B
GO:0048489,VTI1B
GO:0061025,VTI1B
GO:0001881,ADRB1
GO:0007186,ADRB1
GO:0010737,ADRB1
GO:0001881,AKAP5
GO:0010737,AKAP5
GO:0001881,PRKAR2A
GO:0007186,PRKAR2A
GO:0010737,PRKAR2A
GO:0001881,PRKAR2B
GO:0007186,PRKAR2B
GO:0010737,PRKAR2B
GO:0005768,STX16
GO:0006906,STX16
GO:0016050,STX16
GO:0016079,STX16
GO:0031201,STX16
GO:0036465,STX16
GO:0048489,STX16
GO:0061025,STX16
GO:0005768,STX6
GO:0016050,STX6
GO:0036465,STX6
GO:0005768,VAMP4
GO:0006906,VAMP4
GO:0016050,VAMP4
GO:0016079,VAMP4
GO:0031201,VAMP4
GO:0036465,VAMP4
GO:0048489,VAMP4
GO:0061025,VAMP4
GO:0016050,VTI1B
GO:0036465,VTI1B
GO:0007264,PRKCI
GO:0007043,RAC1
GO:0007264,RAC1
GO:0030054,RAC1
GO:0007399,CDH2
GO:0048167,CDH2
GO:0007399,CTNNB1
GO:0048167,CTNNB1
GO:0007399,GRIA1
GO:0048167,GRIA1
GO:0007399,GRIA4
GO:0048167,GRIA4
GO:0007218,GRIA2
GO:0007218,GRIA4
GO:0007218,ITGAV
GO:0007218,PLP1
GO:0032774,CHD4
GO:0032774,MBD3
GO:0032774,MTA2
GO:0032774,RBBP4
GO:0032774,RBBP7
GO:0009798,PRKCZ
GO:0022008,PRKCZ
GO:0030182,PRKCZ
GO:0048699,PRKCZ
GO:0051211,PRKCZ
GO:0009798,TIAM2
GO:0022008,TIAM2
GO:0030182,TIAM2
GO:0048699,TIAM2
GO:0051211,TIAM2
GO:0009798,TIAM1
GO:0022008,TIAM1
GO:0030182,TIAM1
GO:0048699,TIAM1
GO:0051211,TIAM1
GO:0022008,PRKCI
GO:0030182,PRKCI
GO:0048699,PRKCI
GO:0007264,
GO:0009798,
GO:0022008,
GO:0030182,
GO:0048699,
GO:0051211,
GO:0022008,CDC42
GO:0030182,CDC42
GO:0048699,CDC42
GO:0007264,PARD6A
GO:0009798,PARD6A
GO:0022008,PARD6A
GO:0030182,PARD6A
GO:0048699,PARD6A
GO:0051211,PARD6A
GO:0007264,TIAM2
GO:0006468,CCNC
GO:0036211,CCNC
GO:0006468,CDK8
GO:0036211,CDK8
GO:0009798,KIF3A
GO:0022008,KIF3A
GO:0030182,KIF3A
GO:0030705,KIF3A
GO:0048699,KIF3A
GO:0051211,KIF3A
GO:0030705,PARD3
GO:0030705,PRKCZ
GO:0030705,PRKCI
GO:0007166,RET
GO:0007166,SHC3
GO:0007166,GAB1
GO:0022008,KIF3A
GO:0030010,KIF3A
GO:0030182,KIF3A
GO:0048699,KIF3A
GO:0022008,KIF3B
GO:0030010,KIF3B
GO:0030182,KIF3B
GO:0048699,KIF3B
GO:0022008,PARD3
GO:0030010,PARD3
GO:0030182,PARD3
GO:0048699,PARD3
GO:0022008,PARD6A
GO:0030010,PARD6A
GO:0030182,PARD6A
GO:0048699,PARD6A
GO:0022008,PRKCI
GO:0030010,PRKCI
GO:0030182,PRKCI
GO:0048699,PRKCI
GO:0005794,GABARAPL2
GO:0006906,GABARAPL2
GO:0016079,GABARAPL2
GO:0031201,GABARAPL2
GO:0048489,GABARAPL2
GO:0061025,GABARAPL2
GO:0090162,PARD3
GO:0090162,PARD6A
GO:0090162,PRKCI
GO:0051090,MED18
GO:0009798,APC
GO:0022008,APC
GO:0030182,APC
GO:0030705,APC
GO:0048699,APC
GO:0051211,APC
GO:0040036,ANOS1
GO:0040036,FGFR1
GO:0007043,YWHAZ
GO:0009798,YWHAZ
GO:0030054,YWHAZ
GO:0051211,YWHAZ
GO:2001225,SNAP23
GO:2001225,STX1A
GO:0005634,CECR2
GO:0006265,CECR2
GO:0022008,CECR2
GO:0048699,CECR2
GO:0051276,CECR2
GO:0005886,PALS1
GO:0005886,PARD3
GO:0005886,PATJ
GO:0005634,RSF1
GO:0006265,RSF1
GO:0006352,RSF1
GO:0009117,RSF1
GO:0051276,RSF1
GO:0006352,SMARCA5
GO:0009117,SMARCA5
GO:0000278,DDX21
GO:0003677,DDX21
GO:0005634,DDX21
GO:0051276,DDX21
GO:0051726,DDX21
GO:0000278,DHX9
GO:0003677,DHX9
GO:0005634,DHX9
GO:0051276,DHX9
GO:0051726,DHX9
GO:0000278,HNRNPC
GO:0051726,HNRNPC
GO:0000278,PRPF8
GO:0003677,PRPF8
GO:0051276,PRPF8
GO:0051726,PRPF8
GO:0000278,SRPK1
GO:0003677,SRPK1
GO:0005634,SRPK1
GO:0051276,SRPK1
GO:0051726,SRPK1
GO:0000278,SSRP1
GO:0003677,SSRP1
GO:0005634,SSRP1
GO:0051276,SSRP1
GO:0051726,SSRP1
GO:0000278,TOP2A
GO:0003677,TOP2A
GO:0005634,TOP2A
GO:0051276,TOP2A
GO:0051726,TOP2A
GO:0006355,BAZ1A
GO:0006355,SMARCA5
GO:0005737,LLGL2
GO:0005886,LLGL2
GO:0009798,LLGL2
GO:0051211,LLGL2
GO:0005737,SCRIB
GO:0005886,SCRIB
GO:0009798,SCRIB
GO:0051211,SCRIB
GO:0000775,CENPB
GO:0006334,CENPB
GO:0007059,CENPB
GO:0007093,CENPB
GO:0000775,CENPC
GO:0006334,CENPC
GO:0007059,CENPC
GO:0007093,CENPC
GO:0000775,CENPH
GO:0006334,CENPH
GO:0007059,CENPH
GO:0007093,CENPH
GO:0000775,CENPM
GO:0006334,CENPM
GO:0007059,CENPM
GO:0007093,CENPM
GO:0000775,CENPN
GO:0006334,CENPN
GO:0007059,CENPN
GO:0007093,CENPN
GO:0000775,CENPT
GO:0006334,CENPT
GO:0007059,CENPT
GO:0007093,CENPT
GO:0000775,CENPU
GO:0006334,CENPU
GO:0007059,CENPU
GO:0007093,CENPU
GO:0005886,VANGL2
GO:0009798,VANGL2
GO:0000278,BMI1
GO:0005694,BMI1
GO:0007098,BMI1
GO:0051225,BMI1
GO:0051382,BMI1
GO:0000278,CBX3
GO:0005694,CBX3
GO:0007098,CBX3
GO:0051225,CBX3
GO:0051382,CBX3
GO:0000278,CBX8
GO:0005694,CBX8
GO:0007098,CBX8
GO:0051225,CBX8
GO:0051382,CBX8
GO:0000278,CENPA
GO:0005694,CENPA
GO:0007098,CENPA
GO:0051225,CENPA
GO:0051382,CENPA
GO:0000278,CENPB
GO:0005694,CENPB
GO:0007098,CENPB
GO:0051225,CENPB
GO:0051382,CENPB
GO:0000278,CENPC
GO:0005694,CENPC
GO:0007098,CENPC
GO:0051225,CENPC
GO:0051382,CENPC
GO:0000278,CENPH
GO:0005694,CENPH
GO:0007098,CENPH
GO:0051225,CENPH
GO:0051382,CENPH
GO:0000278,CENPI
GO:0005694,CENPI
GO:0007098,CENPI
GO:0051225,CENPI
GO:0051382,CENPI
GO:0000278,CENPK
GO:0005694,CENPK
GO:0007098,CENPK
GO:0051225,CENPK
GO:0051382,CENPK
GO:0000278,CENPL
GO:0005694,CENPL
GO:0007098,CENPL
GO:0051225,CENPL
GO:0051382,CENPL
GO:0000278,CENPM
GO:0005694,CENPM
GO:0007098,CENPM
GO:0051225,CENPM
GO:0051382,CENPM
GO:0000278,CENPO
GO:0005694,CENPO
GO:0007098,CENPO
GO:0051225,CENPO
GO:0051382,CENPO
GO:0000278,CENPU
GO:0005694,CENPU
GO:0007098,CENPU
GO:0051225,CENPU
GO:0051382,CENPU
GO:0000278,COBLL1
GO:0005694,COBLL1
GO:0007098,COBLL1
GO:0051225,COBLL1
GO:0051382,COBLL1
GO:0000278,CUL4A
GO:0005694,CUL4A
GO:0007098,CUL4A
GO:0051225,CUL4A
GO:0051382,CUL4A
GO:0000278,DDB1
GO:0005694,DDB1
GO:0007098,DDB1
GO:0051225,DDB1
GO:0051382,DDB1
GO:0000278,DHX38
GO:0005694,DHX38
GO:0007098,DHX38
GO:0051225,DHX38
GO:0051382,DHX38
GO:0000278,FBL
GO:0005694,FBL
GO:0007098,FBL
GO:0051225,FBL
GO:0051382,FBL
GO:0000278,HSPA5
GO:0005694,HSPA5
GO:0007098,HSPA5
GO:0051225,HSPA5
GO:0051382,HSPA5
GO:0000278,HSPA8
GO:0005694,HSPA8
GO:0007098,HSPA8
GO:0051225,HSPA8
GO:0051382,HSPA8
GO:0000278,KIF23
GO:0005694,KIF23
GO:0007098,KIF23
GO:0051225,KIF23
GO:0051382,KIF23
GO:0000278,NUP93
GO:0005694,NUP93
GO:0007098,NUP93
GO:0051225,NUP93
GO:0051382,NUP93
GO:0000278,PLPPR3
GO:0005694,PLPPR3
GO:0007098,PLPPR3
GO:0051225,PLPPR3
GO:0051382,PLPPR3
GO:0000278,RACGAP1
GO:0005694,RACGAP1
GO:0007098,RACGAP1
GO:0051225,RACGAP1
GO:0051382,RACGAP1
GO:0000278,RING1
GO:0005694,RING1
GO:0007098,RING1
GO:0051225,RING1
GO:0051382,RING1
GO:0000278,RNF2
GO:0005694,RNF2
GO:0007098,RNF2
GO:0051225,RNF2
GO:0051382,RNF2
GO:0000278,RSF1
GO:0005694,RSF1
GO:0007098,RSF1
GO:0051225,RSF1
GO:0051382,RSF1
GO:0000278,SHCBP1
GO:0005694,SHCBP1
GO:0007098,SHCBP1
GO:0051225,SHCBP1
GO:0051382,SHCBP1
GO:0007098,SMARCA5
GO:0051225,SMARCA5
GO:0051382,SMARCA5
GO:0000278,SRRT
GO:0005694,SRRT
GO:0007098,SRRT
GO:0051225,SRRT
GO:0051382,SRRT
GO:0005694,SSRP1
GO:0007098,SSRP1
GO:0051225,SSRP1
GO:0051382,SSRP1
GO:0000278,SUPT16H
GO:0005694,SUPT16H
GO:0007098,SUPT16H
GO:0051225,SUPT16H
GO:0051382,SUPT16H
GO:0000278,VIRMA
GO:0005694,VIRMA
GO:0007098,VIRMA
GO:0051225,VIRMA
GO:0051382,VIRMA
GO:0000278,WDR11
GO:0005694,WDR11
GO:0007098,WDR11
GO:0051225,WDR11
GO:0051382,WDR11
GO:0000278,WTAP
GO:0005694,WTAP
GO:0007098,WTAP
GO:0051225,WTAP
GO:0051382,WTAP
GO:0000278,ZC3H13
GO:0005694,ZC3H13
GO:0007098,ZC3H13
GO:0051225,ZC3H13
GO:0051382,ZC3H13
GO:0000278,ZFP91
GO:0005694,ZFP91
GO:0007098,ZFP91
GO:0051225,ZFP91
GO:0051382,ZFP91
GO:0005886,ARHGEF7
GO:0006887,ARHGEF7
GO:0007268,ARHGEF7
GO:0045197,ARHGEF7
GO:0005886,GIT1
GO:0006887,GIT1
GO:0007268,GIT1
GO:0045197,GIT1
GO:0006887,SCRIB
GO:0007268,SCRIB
GO:0045197,SCRIB
GO:0005886,ARHGEF7
GO:0006887,ARHGEF7
GO:0007268,ARHGEF7
GO:0005886,GIT1
GO:0006887,GIT1
GO:0007268,GIT1
GO:0005886,SCRIB
GO:0006887,SCRIB
GO:0007268,SCRIB
GO:0005634,CHD9
GO:0032870,CHD9
GO:0045893,CHD9
GO:0005634,PPARA
GO:0032870,PPARA
GO:0045893,PPARA
GO:0005634,RXRA
GO:0032870,RXRA
GO:0045893,RXRA
GO:0002009,APC
GO:0007043,APC
GO:0007416,APC
GO:0009798,APC
GO:0030182,APC
GO:0030855,APC
GO:0051211,APC
GO:0002009,SCRIB
GO:0007043,SCRIB
GO:0007416,SCRIB
GO:0030182,SCRIB
GO:0030855,SCRIB
GO:0000082,NEK9
GO:0005634,NEK9
GO:0006265,NEK9
GO:0006354,NEK9
GO:0006468,NEK9
GO:0051276,NEK9
GO:0000082,SSRP1
GO:0006265,SSRP1
GO:0006354,SSRP1
GO:0006468,SSRP1
GO:0000082,SUPT16H
GO:0005634,SUPT16H
GO:0006265,SUPT16H
GO:0006354,SUPT16H
GO:0006468,SUPT16H
GO:0051276,SUPT16H
GO:0002009,APC
GO:0007043,APC
GO:0007416,APC
GO:0030855,APC
GO:0002009,CTNNB1
GO:0007416,CTNNB1
GO:0030182,CTNNB1
GO:0030855,CTNNB1
GO:0002009,SCRIB
GO:0007043,SCRIB
GO:0007416,SCRIB
GO:0009798,SCRIB
GO:0030182,SCRIB
GO:0030855,SCRIB
GO:0051211,SCRIB
GO:0005634,CSNK2A1
GO:0006468,CSNK2A1
GO:0006974,CSNK2A1
GO:0009314,CSNK2A1
GO:0005634,CSNK2A2
GO:0006468,CSNK2A2
GO:0006974,CSNK2A2
GO:0009314,CSNK2A2
GO:0005634,CSNK2B
GO:0006468,CSNK2B
GO:0006974,CSNK2B
GO:0009314,CSNK2B
GO:0006974,SSRP1
GO:0009314,SSRP1
GO:0006974,SUPT16H
GO:0009314,SUPT16H
GO:0005515,CACNA1S
GO:0005515,DYSF
GO:0005515,ANXA6
GO:0035556,ANXA6
GO:0035556,FYN
GO:0005515,PTK2B
GO:0035556,PTK2B
GO:0005515,RASA1
GO:0035556,RASA1
GO:0005515,AP1B1
GO:0016192,AP1B1
GO:0005515,AP1G1
GO:0016192,AP1G1
GO:0005515,ARF1
GO:0016192,ARF1
GO:0001935,CD44
GO:0016049,CD44
GO:0016477,CD44
GO:0001935,PDPN
GO:0016049,PDPN
GO:0016477,PDPN
GO:0005764,STX7
GO:0005768,STX7
GO:0005770,STX7
GO:0005773,STX7
GO:0016192,STX7
GO:0005764,VPS11
GO:0005768,VPS11
GO:0005770,VPS11
GO:0005773,VPS11
GO:0016192,VPS11
GO:0005764,VPS18
GO:0005768,VPS18
GO:0005770,VPS18
GO:0005773,VPS18
GO:0016192,VPS18
GO:0005764,VPS16
GO:0005768,VPS16
GO:0005773,VPS16
GO:0016192,VPS16
GO:0005764,VPS33A
GO:0005768,VPS33A
GO:0005773,VPS33A
GO:0016192,VPS33A
GO:0006260,CDC7
GO:0051052,CDC7
GO:0006260,DBF4
GO:0051052,DBF4
GO:0022008,APBA1
GO:0030182,APBA1
GO:0030705,APBA1
GO:0048167,APBA1
GO:0048699,APBA1
GO:0022008,KIF17
GO:0030182,KIF17
GO:0030705,KIF17
GO:0048167,KIF17
GO:0048699,KIF17
GO:0050896,KIF17
GO:0006906,STXBP5
GO:0016079,STXBP5
GO:0031201,STXBP5
GO:0048489,STXBP5
GO:0061025,STXBP5
GO:0007416,FMR1
GO:0007416,LLGL1
GO:0015031,AP1B1
GO:0140318,AP1B1
GO:0015031,AP1G1
GO:0140318,AP1G1
GO:0015031,AP1M1
GO:0016192,AP1M1
GO:0140318,AP1M1
GO:0015031,KIF13A
GO:0016192,KIF13A
GO:0140318,KIF13A
GO:0005515,ITPR1
GO:0005783,ITPR1
GO:0006511,ITPR1
GO:0043161,ITPR1
GO:0048015,ITPR1
GO:0005515,NPLOC4
GO:0005783,NPLOC4
GO:0006511,NPLOC4
GO:0043161,NPLOC4
GO:0048015,NPLOC4
GO:0005515,UFD1
GO:0005783,UFD1
GO:0006511,UFD1
GO:0043161,UFD1
GO:0048015,UFD1
GO:0006511,VCP
GO:0043161,VCP
GO:0048015,VCP
GO:0007043,LLGL2
GO:0030054,LLGL2
GO:0005737,NPLOC4
GO:0030968,NPLOC4
GO:0005737,UFD1
GO:0030968,UFD1
GO:0005737,VCP
GO:0030968,VCP
GO:0007043,LLGL1
GO:0009798,LLGL1
GO:0030054,LLGL1
GO:0051211,LLGL1
GO:0005737,NSFL1C
GO:0006886,NSFL1C
GO:0007030,NSFL1C
GO:0006886,VCP
GO:0007030,VCP
GO:0006605,CYTH2
GO:0006886,CYTH2
GO:0007186,CYTH2
GO:0007216,CYTH2
GO:0015031,CYTH2
GO:0006605,GRM1
GO:0006886,GRM1
GO:0007186,GRM1
GO:0007216,GRM1
GO:0015031,GRM1
GO:0006605,TAMALIN
GO:0006886,TAMALIN
GO:0007186,TAMALIN
GO:0007216,TAMALIN
GO:0015031,TAMALIN
GO:0004970,GRIK1
GO:0006605,GRIK1
GO:0006886,GRIK1
GO:0007215,GRIK1
GO:0015031,GRIK1
GO:0004970,TAMALIN
GO:0007215,TAMALIN
GO:0002009,LLGL1
GO:0009798,LLGL1
GO:0030855,LLGL1
GO:0051211,LLGL1
GO:0002009,PARD6A
GO:0030855,PARD6A
GO:0002009,PRKCI
GO:0030855,PRKCI
GO:0001654,CRB1
GO:0007043,CRB1
GO:0007601,CRB1
GO:0030054,CRB1
GO:0051211,CRB1
GO:0001654,MPDZ
GO:0007043,MPDZ
GO:0007601,MPDZ
GO:0030054,MPDZ
GO:0051211,MPDZ
GO:0001654,MPP4
GO:0007043,MPP4
GO:0007601,MPP4
GO:0030054,MPP4
GO:0051211,MPP4
GO:0001654,PALS1
GO:0007043,PALS1
GO:0007601,PALS1
GO:0030054,PALS1
GO:0051211,PALS1
GO:0006898,AP2A1
GO:0006898,RAB11FIP2
GO:0006605,RAB11FIP2
GO:0006886,RAB11FIP2
GO:0015031,RAB11FIP2
GO:0006605,REPS1
GO:0006886,REPS1
GO:0006898,REPS1
GO:0015031,REPS1
GO:0005783,COL4A1
GO:0006605,COL4A1
GO:0006886,COL4A1
GO:0015031,COL4A1
GO:0065003,COL4A1
GO:0005783,SEC61A1
GO:0006605,SEC61A1
GO:0006886,SEC61A1
GO:0015031,SEC61A1
GO:0065003,SEC61A1
GO:0005783,SERPINH1
GO:0006605,SERPINH1
GO:0006886,SERPINH1
GO:0015031,SERPINH1
GO:0065003,SERPINH1
GO:0005634,AEBP2
GO:0006265,AEBP2
GO:0006479,AEBP2
GO:0032774,AEBP2
GO:0051276,AEBP2
GO:0005634,EED
GO:0006265,EED
GO:0006479,EED
GO:0032774,EED
GO:0051276,EED
GO:0005634,EZH2
GO:0006265,EZH2
GO:0006479,EZH2
GO:0032774,EZH2
GO:0051276,EZH2
GO:0006479,RBBP4
GO:0005634,SUZ12
GO:0006265,SUZ12
GO:0006479,SUZ12
GO:0032774,SUZ12
GO:0051276,SUZ12
GO:0005794,CDC42
GO:0006605,CDC42
GO:0006886,CDC42
GO:0015031,CDC42
GO:0005794,OCRL
GO:0006605,OCRL
GO:0006886,OCRL
GO:0015031,OCRL
GO:0005886,SNAP25
GO:0006906,SYT1
GO:0016079,SYT1
GO:0031201,SYT1
GO:0048489,SYT1
GO:0061025,SYT1
GO:0005768,AGAP1
GO:0016192,AGAP1
GO:0005768,AP3B1
GO:0016192,AP3B1
GO:0005768,AP3M1
GO:0016192,AP3M1
GO:0005768,AP3M2
GO:0016192,AP3M2
GO:0005768,AP3S2
GO:0016192,AP3S2
GO:0048608,LRRC49
GO:0048608,NICN1
GO:0048608,TPGS1
GO:0048608,TPGS2
GO:0048608,TTLL1
GO:0006605,DTNA
GO:0006886,DTNA
GO:0015031,DTNA
GO:0048870,DTNA
GO:0006605,DTNB
GO:0006886,DTNB
GO:0015031,DTNB
GO:0048870,DTNB
GO:0015031,KIF5A
GO:0048870,KIF5A
GO:0006605,KIF5B
GO:0006886,KIF5B
GO:0015031,KIF5B
GO:0048870,KIF5B
GO:0005886,GPAA1
GO:0006644,GPAA1
GO:0008654,GPAA1
GO:0009395,GPAA1
GO:0005886,PIGK
GO:0006644,PIGK
GO:0008654,PIGK
GO:0009395,PIGK
GO:0005886,PIGS
GO:0006644,PIGS
GO:0008654,PIGS
GO:0009395,PIGS
GO:0005886,PIGT
GO:0006644,PIGT
GO:0008654,PIGT
GO:0009395,PIGT
GO:0005886,PIGU
GO:0006644,PIGU
GO:0008654,PIGU
GO:0009395,PIGU
GO:0042054,EED
GO:0045892,EED
GO:0046976,EED
GO:0042054,EZH2
GO:0045892,EZH2
GO:0046976,EZH2
GO:0042054,RBBP4
GO:0046976,RBBP4
GO:0042054,RBBP7
GO:0046976,RBBP7
GO:0042054,SUZ12
GO:0045892,SUZ12
GO:0046976,SUZ12
GO:0000075,KIN
GO:0003677,KIN
GO:0006260,KIN
GO:0016363,KIN
GO:0016363,PCNA
GO:0000075,RPA1
GO:0003677,RPA1
GO:0006260,RPA1
GO:0016363,RPA1
GO:0005515,HNRNPA2B1
GO:0043067,HNRNPA2B1
GO:0005515,PDCD6
GO:0043067,PDCD6
GO:0005515,PTGES3
GO:0043067,PTGES3
GO:0008015,TOR1A
GO:0008015,TOR1B
GO:0005634,TOP1
GO:0006260,TOP1
GO:0005634,TOP2A
GO:0006260,TOP2A
GO:0000075,CCNA2
GO:0003677,CCNA2
GO:0005634,CCNA2
GO:0005694,CCNA2
GO:0006260,CCNA2
GO:0000075,CDK2
GO:0003677,CDK2
GO:0005634,CDK2
GO:0005694,CDK2
GO:0006260,CDK2
GO:0000075,POLA1
GO:0005694,POLA1
GO:0006260,POLA1
GO:0000075,POLA2
GO:0005694,POLA2
GO:0006260,POLA2
GO:0005694,RFC1
GO:0005694,RFC2
GO:0005694,RFC3
GO:0005694,RFC4
GO:0005694,RFC5
GO:0035173,CCNA2
GO:0035173,CDK2
GO:0000075,LIG1
GO:0003677,LIG1
GO:0005634,LIG1
GO:0005694,LIG1
GO:0006260,LIG1
GO:0035173,LIG1
GO:0000075,PARP1
GO:0003677,PARP1
GO:0005694,PARP1
GO:0006260,PARP1
GO:0035173,PARP1
GO:0035173,POLA1
GO:0035173,POLA2
GO:0000075,POLD1
GO:0005694,POLD1
GO:0006260,POLD1
GO:0035173,POLD1
GO:0000075,POLD2
GO:0005694,POLD2
GO:0006260,POLD2
GO:0035173,POLD2
GO:0000075,POLD3
GO:0005694,POLD3
GO:0006260,POLD3
GO:0035173,POLD3
GO:0000075,POLD4
GO:0005694,POLD4
GO:0006260,POLD4
GO:0035173,POLD4
GO:0000075,POLE
GO:0003677,POLE
GO:0005694,POLE
GO:0006260,POLE
GO:0035173,POLE
GO:0000075,POLE2
GO:0003677,POLE2
GO:0005694,POLE2
GO:0006260,POLE2
GO:0035173,POLE2
GO:0000075,POLE3
GO:0005694,POLE3
GO:0006260,POLE3
GO:0035173,POLE3
GO:0000075,POLE4
GO:0003677,POLE4
GO:0005634,POLE4
GO:0005694,POLE4
GO:0006260,POLE4
GO:0035173,POLE4
GO:0035173,RFC1
GO:0035173,RFC2
GO:0035173,RFC3
GO:0035173,RFC4
GO:0035173,RFC5
GO:0005694,RPA1
GO:0035173,RPA1
GO:0000075,RPA2
GO:0003677,RPA2
GO:0005694,RPA2
GO:0006260,RPA2
GO:0035173,RPA2
GO:0000075,RPA3
GO:0003677,RPA3
GO:0005694,RPA3
GO:0006260,RPA3
GO:0035173,RPA3
GO:0000075,TOP1
GO:0003677,TOP1
GO:0005634,TOP1
GO:0005694,TOP1
GO:0006260,TOP1
GO:0035173,TOP1
GO:0000075,CCNB1
GO:0003677,CCNB1
GO:0005694,CCNB1
GO:0006260,CCNB1
GO:0035173,CCNB1
GO:0000075,CDK1
GO:0003677,CDK1
GO:0005694,CDK1
GO:0006260,CDK1
GO:0035173,CDK1
GO:0008015,ACTB
GO:0009612,ACTB
GO:0050982,ACTB
GO:0008015,ACTG1
GO:0009612,ACTG1
GO:0050982,ACTG1
GO:0005886,CAV1
GO:0008015,CAV1
GO:0009612,CAV1
GO:0050982,CAV1
GO:0005886,CAV2
GO:0008015,CAV2
GO:0009612,CAV2
GO:0050982,CAV2
GO:0005886,CYB5R3
GO:0008015,CYB5R3
GO:0009612,CYB5R3
GO:0050982,CYB5R3
GO:0005886,FLOT2
GO:0008015,FLOT2
GO:0009612,FLOT2
GO:0050982,FLOT2
GO:0008353,CCNH
GO:0009299,CCNH
GO:0036211,CCNH
GO:0051090,CCNH
GO:0008353,CDK7
GO:0009299,CDK7
GO:0036211,CDK7
GO:0051090,CDK7
GO:0019209,CCNH
GO:0019209,CDK7
GO:0008353,MNAT1
GO:0019209,MNAT1
GO:0051090,MNAT1
GO:0005783,RTN1
GO:0006906,RTN1
GO:0016079,RTN1
GO:0031201,RTN1
GO:0048489,RTN1
GO:0061025,RTN1
GO:0005783,STX12
GO:0006906,STX12
GO:0016079,STX12
GO:0031201,STX12
GO:0048489,STX12
GO:0061025,STX12
GO:0005783,STX1A
GO:0005783,STX1B
GO:0006906,STX1B
GO:0016079,STX1B
GO:0031201,STX1B
GO:0048489,STX1B
GO:0061025,STX1B
GO:0005783,STX7
GO:0005783,VAMP2
GO:0006605,PCDHA4
GO:0006886,PCDHA4
GO:0007155,PCDHA4
GO:0008104,PCDHA4
GO:0015031,PCDHA4
GO:0006605,PCDHGA1
GO:0006886,PCDHGA1
GO:0007155,PCDHGA1
GO:0008104,PCDHGA1
GO:0015031,PCDHGA1
GO:0006605,PCDHGB2
GO:0006886,PCDHGB2
GO:0007155,PCDHGB2
GO:0008104,PCDHGB2
GO:0015031,PCDHGB2
GO:0006605,PCDHGA3
GO:0006886,PCDHGA3
GO:0007155,PCDHGA3
GO:0008104,PCDHGA3
GO:0015031,PCDHGA3
GO:0006605,PCDHGB4
GO:0006886,PCDHGB4
GO:0007155,PCDHGB4
GO:0008104,PCDHGB4
GO:0015031,PCDHGB4
GO:0006605,PCDHA7
GO:0006886,PCDHA7
GO:0007155,PCDHA7
GO:0008104,PCDHA7
GO:0015031,PCDHA7
GO:0016477,ARHGAP35
GO:0016477,FGR
GO:0016477,PTK2B
GO:0007043,PRKCZ
GO:0007264,PRKCZ
GO:0030054,PRKCZ
GO:0007043,TIAM1
GO:0007264,TIAM1
GO:0030054,TIAM1
GO:0006605,BAIAP2
GO:0006886,BAIAP2
GO:0007264,BAIAP2
GO:0015031,BAIAP2
GO:0015629,BAIAP2
GO:0030036,BAIAP2
GO:0006605,TIAM1
GO:0006886,TIAM1
GO:0015031,TIAM1
GO:0015629,TIAM1
GO:0030036,TIAM1
GO:0043067,CALR
GO:0043067,TNFRSF1A
GO:0043067,TRADD
GO:0005886,PPP1R9B
GO:0007264,PPP1R9B
GO:0019209,PPP1R9B
GO:0065003,PPP1R9B
GO:0005886,TIAM1
GO:0019209,TIAM1
GO:0065003,TIAM1
GO:0006906,SNAP23
GO:0016079,SNAP23
GO:0031201,SNAP23
GO:0048489,SNAP23
GO:0061025,SNAP23
GO:0006906,SYT7
GO:0016079,SYT7
GO:0031201,SYT7
GO:0048489,SYT7
GO:0061025,SYT7
GO:0045893,HNF4A
GO:0045893,SUB1
GO:0005634,GTF2H5
GO:0006281,GTF2H5
GO:0006355,GTF2H5
GO:0007049,GTF2H5
GO:0051090,ERCC2
GO:0003688,ORC1
GO:0005524,ORC1
GO:0005694,ORC1
GO:0006267,ORC1
GO:0003688,ORC2
GO:0005524,ORC2
GO:0005694,ORC2
GO:0006267,ORC2
GO:0003688,ORC3
GO:0005524,ORC3
GO:0005694,ORC3
GO:0006267,ORC3
GO:0003688,ORC4
GO:0005524,ORC4
GO:0005694,ORC4
GO:0006267,ORC4
GO:0003688,ORC5
GO:0005524,ORC5
GO:0005694,ORC5
GO:0006267,ORC5
GO:0003688,ORC6
GO:0005524,ORC6
GO:0005694,ORC6
GO:0006267,ORC6
GO:0005886,CLDN11
GO:0007399,CLDN11
GO:0007417,CLDN11
GO:0008347,CLDN11
GO:0016477,CLDN11
GO:0030182,CLDN11
GO:0042552,CLDN11
GO:0005886,ITGB1
GO:0007399,ITGB1
GO:0007417,ITGB1
GO:0008347,ITGB1
GO:0016477,ITGB1
GO:0030182,ITGB1
GO:0042552,ITGB1
GO:0005886,TSPAN3
GO:0007399,TSPAN3
GO:0007417,TSPAN3
GO:0008347,TSPAN3
GO:0016477,TSPAN3
GO:0030182,TSPAN3
GO:0042552,TSPAN3
GO:0005634,PCLAF
GO:0005739,PCLAF
GO:0006281,PCLAF
GO:0006915,PCLAF
GO:0007049,PCLAF
GO:0005739,PCNA
GO:0006915,PCNA
GO:0007049,PCNA
GO:0005739,ING1
GO:0006281,ING1
GO:0006915,ING1
GO:0007049,ING1
GO:0007043,ACTB
GO:0030054,ACTB
GO:0007043,DTNA
GO:0030054,DTNA
GO:0007043,TJP1
GO:0030054,TJP1
GO:0023052,NCOA1
GO:0045893,NCOA1
GO:0005634,SRA1
GO:0023052,SRA1
GO:0045893,SRA1
GO:0005515,CXADR
GO:0098609,CXADR
GO:0005515,LNX2
GO:0098609,LNX2
GO:0007281,CXADR
GO:0005515,JAM3
GO:0007281,JAM3
GO:0005634,RAN
GO:0005737,RAN
GO:0006611,RAN
GO:0005634,SNUPN
GO:0005737,SNUPN
GO:0006611,SNUPN
GO:0005634,XPO1
GO:0005737,XPO1
GO:0006611,XPO1
GO:0005515,IGSF5
GO:0006897,IGSF5
GO:0005515,LNX1
GO:0006897,LNX1
GO:0005515,NUMB
GO:0006897,NUMB
GO:0045892,HNF4A
GO:0045892,SUB1
GO:0005515,VDR
GO:0006355,VDR
GO:2001141,VDR
GO:0005737,RBX1
GO:0005737,SKP2
GO:0043161,SKP2
GO:0006511,FBXW11
GO:0016567,FBXW11
GO:0043161,FBXW11
GO:0006355,BCL3
GO:0023052,BCL3
GO:0032355,BCL3
GO:0032870,BCL3
GO:2001141,BCL3
GO:0032355,ESR1
GO:0032870,ESR1
GO:0006355,NCOA3
GO:0023052,NCOA3
GO:0032355,NCOA3
GO:0032870,NCOA3
GO:2001141,NCOA3
GO:0006355,RELA
GO:0023052,RELA
GO:0032355,RELA
GO:0032870,RELA
GO:2001141,RELA
GO:0005634,PML
GO:0006355,PML
GO:2001141,PML
GO:0006355,ZMYM2
GO:2001141,ZMYM2
GO:0005634,SUMO1
GO:0006355,SUMO1
GO:2001141,SUMO1
GO:0005694,CCDC85B
GO:0045892,CCDC85B
GO:0045892,MCRS1
GO:0005768,SNX1
GO:0000301,SNX6
GO:0005768,SNX6
GO:0000301,VPS26B
GO:0006915,BCL2
GO:0008303,BCL2
GO:0042981,BCL2
GO:0089720,BCL2
GO:0006915,BFAR
GO:0008303,BFAR
GO:0042981,BFAR
GO:0089720,BFAR
GO:0006915,CASP8
GO:0008303,CASP8
GO:0042981,CASP8
GO:0089720,CASP8
GO:0005886,CYTH3
GO:0007264,CYTH3
GO:0005886,TAMALIN
GO:0007264,TAMALIN
GO:0006511,IFI35
GO:0043161,IFI35
GO:0006511,NMI
GO:0043161,NMI
GO:0002009,PRKCZ
GO:0030855,PRKCZ
GO:0005886,CD8A
GO:0006955,CD8A
GO:0007169,CD8A
GO:0005886,LCK
GO:0006955,LCK
GO:0007169,LCK
GO:0000398,PRKRIP1
GO:0005634,PRKRIP1
GO:0006397,PRKRIP1
GO:0000398,SRSF7
GO:0005634,SRSF7
GO:0006397,SRSF7
GO:0000398,TOE1
GO:0005634,TOE1
GO:0006397,TOE1
GO:0005515,API5
GO:0005515,FGF2
GO:0005216,PKD2
GO:0005929,PKD2
GO:0006812,PKD2
GO:0006873,PKD2
GO:0005216,PKHD1
GO:0005929,PKHD1
GO:0006812,PKHD1
GO:0006873,PKHD1
GO:0005154,SNX2
GO:0005158,SNX2
GO:0042803,SNX2
GO:0048407,SNX2
GO:1990460,SNX2
GO:0005216,KIF3B
GO:0005929,KIF3B
GO:0006812,KIF3B
GO:0006873,KIF3B
GO:0005216,PKD2
GO:0005929,PKD2
GO:0006812,PKD2
GO:0006873,PKD2
GO:0005216,PKHD1
GO:0005929,PKHD1
GO:0006812,PKHD1
GO:0006873,PKHD1
GO:0005886,PKD2
GO:0008324,PKD2
GO:0009612,PKD2
GO:0050982,PKD2
GO:0098771,PKD2
GO:0005886,PKHD1
GO:0008324,PKHD1
GO:0009612,PKHD1
GO:0050982,PKHD1
GO:0098771,PKHD1
GO:0005216,KIF3A
GO:0005886,KIF3A
GO:0005929,KIF3A
GO:0006812,KIF3A
GO:0008324,KIF3A
GO:0009612,KIF3A
GO:0050982,KIF3A
GO:0098771,KIF3A
GO:0005886,PKD2
GO:0008324,PKD2
GO:0009612,PKD2
GO:0050982,PKD2
GO:0098771,PKD2
GO:0005886,PKHD1
GO:0008324,PKHD1
GO:0009612,PKHD1
GO:0050982,PKHD1
GO:0098771,PKHD1
GO:0005634,CCNT1
GO:0006354,CCNT1
GO:0008353,CCNT1
GO:0045893,CCNT1
GO:0005634,CDK9
GO:0006354,CDK9
GO:0008353,CDK9
GO:0045893,CDK9
GO:0005634,CCNT2
GO:0006354,CCNT2
GO:0008353,CCNT2
GO:0045893,CCNT2
GO:0005634,CCNK
GO:0006354,CCNK
GO:0008353,CCNK
GO:0045893,CCNK
GO:0009798,RAC1
GO:0022008,RAC1
GO:0030182,RAC1
GO:0048699,RAC1
GO:0051211,RAC1
GO:0003677,LIG3
GO:0006284,LIG3
GO:0003677,NEIL2
GO:0005634,NEIL2
GO:0006281,NEIL2
GO:0006284,NEIL2
GO:0006284,PNKP
GO:0003677,POLB
GO:0006284,POLB
GO:0003677,XRCC1
GO:0006284,XRCC1
GO:0003677,NEIL1
GO:0005634,NEIL1
GO:0006281,NEIL1
GO:0003677,PDXK
GO:0005634,PDXK
GO:0006281,PDXK
GO:0000910,AURKB
GO:0000917,AURKB
GO:0000910,BIRC5
GO:0000917,BIRC5
GO:0000910,EVI5
GO:0000917,EVI5
GO:0000910,INCENP
GO:0000917,INCENP
GO:0005515,
GO:0005515,PRNP
GO:0065003,LIN7A
GO:0065003,PALS2
GO:0005802,AP1G1
GO:0005802,RABEP1
GO:0016192,RABEP1
GO:0006886,LEPR
GO:0031623,LEPR
GO:0033210,LEPR
GO:1990460,LEPR
GO:0031623,SNX1
GO:0033210,SNX1
GO:1990460,SNX1
GO:0005524,PCNA
GO:0005524,XRCC5
GO:0005524,XRCC6
GO:0005158,INSR
GO:0005158,SNX1
GO:0005515,AFG3L2
GO:0005739,AFG3L2
GO:0005515,ATP5MG
GO:0005739,ATP5MG
GO:0005515,FXN
GO:0005739,FXN
GO:0005515,HSPA9
GO:0005739,HSPA9
GO:0005515,HSPD1
GO:0005739,HSPD1
GO:0005515,LYRM4
GO:0005739,LYRM4
GO:0005515,SDHA
GO:0005739,SDHA
GO:0005154,EGFR
GO:0007173,EGFR
GO:0005154,SNX1
GO:0007173,SNX1
GO:0005017,PDGFRB
GO:0005161,PDGFRB
GO:0005017,SNX1
GO:0005161,SNX1
GO:0006413,EIF3M
GO:0006260,PRIM1
GO:0006260,PRIM2
GO:0006260,TOP2A
GO:0003887,POLA1
GO:0006270,POLA1
GO:0003887,POLA2
GO:0006270,POLA2
GO:0003887,PRIM1
GO:0006270,PRIM1
GO:0003887,PRIM2
GO:0006270,PRIM2
GO:0001836,BAD
GO:0008637,BAD
GO:0051402,BAD
GO:0001836,OLFM1
GO:0005739,OLFM1
GO:0008637,OLFM1
GO:0051402,OLFM1
GO:0001836,WASF1
GO:0008637,WASF1
GO:0051402,WASF1
GO:0004998,SNX1
GO:1990459,SNX1
GO:0004998,TFRC
GO:1990459,TFRC
GO:0003677,GTF3C1
GO:0005634,GTF3C1
GO:0006355,GTF3C1
GO:2001141,GTF3C1
GO:0003677,GTF3C2
GO:0005634,GTF3C2
GO:0006355,GTF3C2
GO:2001141,GTF3C2
GO:0003677,GTF3C3
GO:0005634,GTF3C3
GO:0006355,GTF3C3
GO:2001141,GTF3C3
GO:0003677,GTF3C4
GO:0005634,GTF3C4
GO:0006355,GTF3C4
GO:2001141,GTF3C4
GO:0003677,GTF3C5
GO:0005634,GTF3C5
GO:0006355,GTF3C5
GO:2001141,GTF3C5
GO:0003677,SUB1
GO:0005634,SUB1
GO:0006355,SUB1
GO:2001141,SUB1
GO:0006355,TOP1
GO:2001141,TOP1
GO:0031175,ACTN1
GO:0031175,PSD
GO:0003677,GTF3A
GO:0005634,GTF3A
GO:0006355,GTF3A
GO:2001141,GTF3A
GO:0003677,BDP1
GO:0005634,BDP1
GO:0006355,BDP1
GO:2001141,BDP1
GO:0003677,BRF1
GO:0005634,BRF1
GO:0006355,BRF1
GO:2001141,BRF1
GO:0006468,CDK5
GO:0007399,CDK5
GO:0097449,CDK5
GO:0006468,CDK5R1
GO:0007399,CDK5R1
GO:0097449,CDK5R1
GO:0000278,AURKB
GO:0000775,AURKB
GO:0000278,BIRC5
GO:0000775,BIRC5
GO:0000278,XPO1
GO:0000775,XPO1
GO:0007059,AURKB
GO:0051225,AURKB
GO:0007059,BIRC5
GO:0051225,BIRC5
GO:0000278,CDCA8
GO:0000775,CDCA8
GO:0007059,CDCA8
GO:0051225,CDCA8
GO:0000278,INCENP
GO:0000775,INCENP
GO:0007059,INCENP
GO:0051225,INCENP
GO:0005515,OXSR1
GO:0006970,OXSR1
GO:0007588,OXSR1
GO:0043575,OXSR1
GO:0005515,WNK1
GO:0006970,WNK1
GO:0007588,WNK1
GO:0043575,WNK1
GO:0000278,RAD21
GO:0005694,RAD21
GO:0007059,RAD21
GO:0000278,SMC1A
GO:0005694,SMC1A
GO:0007059,SMC1A
GO:0000278,SMC3
GO:0005694,SMC3
GO:0007059,SMC3
GO:0006970,STK39
GO:0007588,STK39
GO:0043575,STK39
GO:0006906,CPLX3
GO:0016079,CPLX3
GO:0031201,CPLX3
GO:0048489,CPLX3
GO:0061025,CPLX3
GO:0006909,FYB1
GO:0007155,FYB1
GO:0023052,FYB1
GO:0006909,SIRPA
GO:0007155,SIRPA
GO:0023052,SIRPA
GO:0006909,SKAP2
GO:0007155,SKAP2
GO:0023052,SKAP2
GO:0006909,PTK2B
GO:0007155,PTK2B
GO:0023052,PTK2B
GO:0005198,CTTN
GO:0005737,CTTN
GO:0030048,CTTN
GO:0005198,HIP1R
GO:0005737,HIP1R
GO:0030048,HIP1R
GO:0005515,PPP2R1A
GO:0005515,RFC2
GO:0005515,RFC4
GO:0006265,ATR
GO:0006473,ATR
GO:0006476,ATR
GO:0051276,ATR
GO:0000075,CHD4
GO:0006473,CHD4
GO:0006974,CHD4
GO:0000075,HDAC2
GO:0006974,HDAC2
GO:0030198,ITGA3
GO:1905048,ITGA3
GO:0030198,RABIF
GO:1905048,RABIF
GO:0030198,ITGA7
GO:1905048,ITGA7
GO:0006906,CPLX4
GO:0016079,CPLX4
GO:0031201,CPLX4
GO:0048489,CPLX4
GO:0061025,CPLX4
GO:0005634,CAPRIN1
GO:0031123,CAPRIN1
GO:0031124,CAPRIN1
GO:0005634,CLP1
GO:0031123,CLP1
GO:0031124,CLP1
GO:0005634,CPSF3
GO:0031123,CPSF3
GO:0031124,CPSF3
GO:0005634,CPSF6
GO:0031123,CPSF6
GO:0031124,CPSF6
GO:0005634,CPSF7
GO:0031123,CPSF7
GO:0031124,CPSF7
GO:0005634,DHX16
GO:0031123,DHX16
GO:0031124,DHX16
GO:0031123,ERCC3
GO:0031124,ERCC3
GO:0031123,GTF2H4
GO:0031124,GTF2H4
GO:0031123,MRE11
GO:0031124,MRE11
GO:0005634,NUDT21
GO:0031123,NUDT21
GO:0031124,NUDT21
GO:0005634,PCF11
GO:0031123,PCF11
GO:0031124,PCF11
GO:0005634,PTBP1
GO:0031123,PTBP1
GO:0031124,PTBP1
GO:0031123,SFPQ
GO:0031124,SFPQ
GO:0005634,TJP1
GO:0031123,TJP1
GO:0031124,TJP1
GO:0005634,U2AF1
GO:0031123,U2AF1
GO:0031124,U2AF1
GO:0005634,U2AF2
GO:0031123,U2AF2
GO:0031124,U2AF2
GO:0003723,DDX20
GO:0005634,DDX20
GO:0032774,DDX20
GO:0003723,GEMIN2
GO:0005634,GEMIN2
GO:0032774,GEMIN2
GO:0003723,SMN1
GO:0005634,SMN1
GO:0032774,SMN1
GO:0003723,SNRPB
GO:0032774,SNRPB
GO:0003723,SNRPD1
GO:0032774,SNRPD1
GO:0003723,SNRPD2
GO:0032774,SNRPD2
GO:0065003,SNRPD2
GO:0003723,SNRPD3
GO:0032774,SNRPD3
GO:0003723,SNRPE
GO:0032774,SNRPE
GO:0065003,SNRPE
GO:0003723,SNRPF
GO:0032774,SNRPF
GO:0065003,SNRPF
GO:0003723,SNRPG
GO:0032774,SNRPG
GO:0065003,SNRPG
GO:0003723,GEMIN4
GO:0005634,GEMIN4
GO:0032774,GEMIN4
GO:0003723,GEMIN5
GO:0005634,GEMIN5
GO:0005737,GEMIN5
GO:0008380,GEMIN5
GO:0032774,GEMIN5
GO:0065003,GEMIN5
GO:0003723,GEMIN6
GO:0005634,GEMIN6
GO:0005737,GEMIN6
GO:0008380,GEMIN6
GO:0032774,GEMIN6
GO:0065003,GEMIN6
GO:0003723,GEMIN7
GO:0005634,GEMIN7
GO:0005737,GEMIN7
GO:0008380,GEMIN7
GO:0032774,GEMIN7
GO:0065003,GEMIN7
GO:0003723,GEMIN8
GO:0005634,GEMIN8
GO:0005737,GEMIN8
GO:0008380,GEMIN8
GO:0032774,GEMIN8
GO:0065003,GEMIN8
GO:0003723,STRAP
GO:0005634,STRAP
GO:0005737,STRAP
GO:0008380,STRAP
GO:0032774,STRAP
GO:0065003,STRAP
GO:0003723,CPSF1
GO:0005515,CPSF1
GO:0005634,CPSF1
GO:0031124,CPSF1
GO:0003723,CPSF2
GO:0005515,CPSF2
GO:0005634,CPSF2
GO:0031124,CPSF2
GO:0003723,CPSF3
GO:0005515,CPSF3
GO:0003723,CPSF4
GO:0005515,CPSF4
GO:0005634,CPSF4
GO:0031124,CPSF4
GO:0003723,FIP1L1
GO:0005515,FIP1L1
GO:0005634,FIP1L1
GO:0031124,FIP1L1
GO:0003723,CPSF6
GO:0003723,NUDT21
GO:0003723,CSTF1
GO:0005634,CSTF1
GO:0031123,CSTF1
GO:0031124,CSTF1
GO:0003723,CSTF2
GO:0005634,CSTF2
GO:0031123,CSTF2
GO:0031124,CSTF2
GO:0003723,CSTF3
GO:0005634,CSTF3
GO:0031123,CSTF3
GO:0031124,CSTF3
GO:0006378,CPSF1
GO:0006378,CPSF2
GO:0006378,CPSF3
GO:0006378,CSTF1
GO:0006378,CSTF2
GO:0006378,CSTF3
GO:0003723,SYMPK
GO:0005634,SYMPK
GO:0006378,SYMPK
GO:0031124,SYMPK
GO:0003723,DDX5
GO:0005634,DDX5
GO:0031123,DDX5
GO:0031124,DDX5
GO:0031123,NONO
GO:0031124,NONO
GO:0003723,SNRPA
GO:0005634,SNRPA
GO:0031123,SNRPA
GO:0031124,SNRPA
GO:0005634,ASF1A
GO:0065003,ASF1A
GO:0005634,ASF1B
GO:0065003,ASF1B
GO:0005634,CHAF1A
GO:0065003,CHAF1A
GO:0005634,CHAF1B
GO:0065003,CHAF1B
GO:0065003,H3C1
GO:0065003,H4C1
GO:0005634,HAT1
GO:0065003,HAT1
GO:0005634,IPO4
GO:0065003,IPO4
GO:0005634,NASP
GO:0065003,NASP
GO:0065003,RBBP4
GO:0005634,H3-3A
GO:0065003,H3-3A
GO:0005634,HIRA
GO:0065003,HIRA
GO:0005634,SYCE1
GO:0051321,SYCE1
GO:0005634,SYCE2
GO:0051321,SYCE2
GO:0005634,SYCP1
GO:0051321,SYCP1
GO:0005634,FANCM
GO:0006974,FANCM
GO:0016567,FANCM
GO:0005634,INTS1
GO:0006396,INTS1
GO:0005634,INTS10
GO:0006396,INTS10
GO:0005634,INTS11
GO:0006396,INTS11
GO:0005634,INTS12
GO:0006396,INTS12
GO:0005634,INTS2
GO:0006396,INTS2
GO:0005634,INTS3
GO:0006396,INTS3
GO:0005634,INTS4
GO:0006396,INTS4
GO:0005634,INTS5
GO:0006396,INTS5
GO:0005634,INTS6
GO:0006396,INTS6
GO:0005634,INTS7
GO:0006396,INTS7
GO:0005634,INTS8
GO:0006396,INTS8
GO:0005634,INTS9
GO:0006396,INTS9
GO:0005634,LENG8
GO:0005634,SAC3D1
GO:0005634,SEM1
GO:0006351,INTS1
GO:0006351,INTS10
GO:0006351,INTS11
GO:0006351,INTS12
GO:0006351,INTS2
GO:0006351,INTS3
GO:0006351,INTS4
GO:0006351,INTS5
GO:0006351,INTS6
GO:0006351,INTS7
GO:0006351,INTS8
GO:0006351,INTS9
GO:0006396,POLR2A
GO:0006396,POLR2B
GO:0005911,CDH1
GO:0098609,CDH1
GO:0005911,CTNNA1
GO:0007043,CTNNA1
GO:0045216,CTNNA1
GO:0098609,CTNNA1
GO:0005911,CTNNB1
GO:0098609,CTNNB1
GO:0005911,PSEN1
GO:0007043,PSEN1
GO:0045216,PSEN1
GO:0098609,PSEN1
GO:0005509,CDH1
GO:0005911,CDH1
GO:0007043,CDH1
GO:0045216,CDH1
GO:0098609,CDH1
GO:0005509,CDH2
GO:0005911,CDH2
GO:0007043,CDH2
GO:0045216,CDH2
GO:0098609,CDH2
GO:0005509,CTNNB1
GO:0005911,CTNNB1
GO:0045216,CTNNB1
GO:0098609,CTNNB1
GO:0005509,PSEN1
GO:0005911,PSEN1
GO:0007043,PSEN1
GO:0045216,PSEN1
GO:0098609,PSEN1
GO:0000278,EP300
GO:0051726,EP300
GO:0000278,ING1
GO:0005694,ING1
GO:0006473,ING1
GO:0051726,ING1
GO:0051726,HDAC1
GO:0006476,ING1
GO:0006281,EP300
GO:0005694,PCNA
GO:0006265,PCNA
GO:0006473,PCNA
GO:0051726,PCNA
GO:0003677,HDAC7
GO:0005634,HDAC7
GO:0006265,HDAC7
GO:0006473,HDAC7
GO:0006476,HDAC7
GO:0045892,HDAC7
GO:0051276,HDAC7
GO:0003677,NCOR2
GO:0005634,NCOR2
GO:0006265,NCOR2
GO:0006473,NCOR2
GO:0006476,NCOR2
GO:0045892,NCOR2
GO:0051276,NCOR2
GO:0006473,SIN3A
GO:0000786,CUL4A
GO:0009314,CUL4A
GO:0000786,CUL4B
GO:0006511,CUL4B
GO:0006974,CUL4B
GO:0009314,CUL4B
GO:0016567,CUL4B
GO:0000786,DDB1
GO:0009314,DDB1
GO:0000786,DDB2
GO:0009314,DDB2
GO:0000786,RBX1
GO:0009314,RBX1
GO:0006974,ING1
GO:0008219,ING1
GO:0009314,ING1
GO:0008219,PCNA
GO:0009314,PCNA
GO:0007178,ACVR1B
GO:0032924,ACVR1B
GO:0007178,ACVR2A
GO:0032924,ACVR2A
GO:0007178,MAGI2
GO:0032924,MAGI2
GO:0007178,SMAD3
GO:0032924,SMAD3
GO:0005634,RNF20
GO:0006355,RNF20
GO:0006511,RNF20
GO:0016567,RNF20
GO:2001141,RNF20
GO:0005634,RNF40
GO:0006355,RNF40
GO:0006511,RNF40
GO:0016567,RNF40
GO:2001141,RNF40
GO:0005634,UBE2E1
GO:0006355,UBE2E1
GO:0006511,UBE2E1
GO:0016567,UBE2E1
GO:2001141,UBE2E1
GO:0005515,ACTB
GO:0005515,ACTL6A
GO:0005515,EP400
GO:0005515,RUVBL1
GO:0005515,RUVBL2
GO:0005515,TRRAP
GO:0005634,CDC73
GO:0006351,CDC73
GO:0005634,CTR9
GO:0006351,CTR9
GO:0005634,LEO1
GO:0006351,LEO1
GO:0005634,PAF1
GO:0006351,PAF1
GO:0005634,SKIC8
GO:0006351,SKIC8
GO:0005634,SKIC2
GO:0005737,SKIC2
GO:0006355,SKIC2
GO:0043488,SKIC2
GO:2001141,SKIC2
GO:0005634,SKIC3
GO:0005737,SKIC3
GO:0006355,SKIC3
GO:0043488,SKIC3
GO:2001141,SKIC3
GO:0005737,SKIC8
GO:0006355,SKIC8
GO:0043488,SKIC8
GO:2001141,SKIC8
GO:0006473,ACTL6A
GO:0003677,MYC
GO:0005634,MYC
GO:0006355,MYC
GO:0006473,MYC
GO:0051276,MYC
GO:0006473,RUVBL1
GO:0006473,RUVBL2
GO:0003723,NCBP1
GO:0005634,NCBP1
GO:0050658,NCBP1
GO:0051033,NCBP1
GO:0051169,NCBP1
GO:0003723,NCBP2
GO:0005634,NCBP2
GO:0050658,NCBP2
GO:0051033,NCBP2
GO:0051169,NCBP2
GO:0005737,NCBP1
GO:0005737,NCBP2
GO:0003723,PHAX
GO:0005634,PHAX
GO:0005737,PHAX
GO:0050658,PHAX
GO:0051033,PHAX
GO:0051169,PHAX
GO:0051168,NCBP1
GO:0051168,NCBP2
GO:0051168,PHAX
GO:0050658,RAN
GO:0051168,RAN
GO:0050658,XPO1
GO:0051168,XPO1
GO:0005634,SIRT1
GO:0006265,SIRT1
GO:0045892,SIRT1
GO:0051276,SIRT1
GO:0005634,BCOR
GO:0006351,BCOR
GO:0006511,BCOR
GO:0016567,BCOR
GO:0032452,BCOR
GO:0006351,HSPA8
GO:0006511,HSPA8
GO:0016567,HSPA8
GO:0032452,HSPA8
GO:0005634,KDM2B
GO:0006351,KDM2B
GO:0006511,KDM2B
GO:0016567,KDM2B
GO:0032452,KDM2B
GO:0005634,PCGF1
GO:0006351,PCGF1
GO:0006511,PCGF1
GO:0016567,PCGF1
GO:0032452,PCGF1
GO:0006351,RING1
GO:0006511,RING1
GO:0016567,RING1
GO:0032452,RING1
GO:0006351,RNF2
GO:0006511,RNF2
GO:0016567,RNF2
GO:0032452,RNF2
GO:0005634,RYBP
GO:0006351,RYBP
GO:0006511,RYBP
GO:0016567,RYBP
GO:0032452,RYBP
GO:0005634,SKP1
GO:0006351,SKP1
GO:0032452,SKP1
GO:0010468,CENPB
GO:0071514,CENPB
GO:0010468,CENPC
GO:0071514,CENPC
GO:0010468,CENPH
GO:0071514,CENPH
GO:0000775,CENPK
GO:0007059,CENPK
GO:0007093,CENPK
GO:0010468,CENPK
GO:0071514,CENPK
GO:0000775,CENPL
GO:0007059,CENPL
GO:0007093,CENPL
GO:0010468,CENPL
GO:0071514,CENPL
GO:0010468,CENPM
GO:0071514,CENPM
GO:0007098,CENPN
GO:0010468,CENPN
GO:0051225,CENPN
GO:0051382,CENPN
GO:0071514,CENPN
GO:0000775,CENPO
GO:0007059,CENPO
GO:0007093,CENPO
GO:0010468,CENPO
GO:0071514,CENPO
GO:0000775,CENPP
GO:0007059,CENPP
GO:0007093,CENPP
GO:0007098,CENPP
GO:0010468,CENPP
GO:0051225,CENPP
GO:0051382,CENPP
GO:0071514,CENPP
GO:0000775,CENPQ
GO:0007059,CENPQ
GO:0007093,CENPQ
GO:0007098,CENPQ
GO:0010468,CENPQ
GO:0051225,CENPQ
GO:0051382,CENPQ
GO:0071514,CENPQ
GO:0000775,CENPS
GO:0007059,CENPS
GO:0007093,CENPS
GO:0007098,CENPS
GO:0010468,CENPS
GO:0051225,CENPS
GO:0051382,CENPS
GO:0071514,CENPS
GO:0007098,CENPT
GO:0010468,CENPT
GO:0051225,CENPT
GO:0051382,CENPT
GO:0071514,CENPT
GO:0010468,CENPU
GO:0071514,CENPU
GO:0000775,ITGB3BP
GO:0007059,ITGB3BP
GO:0007093,ITGB3BP
GO:0007098,ITGB3BP
GO:0010468,ITGB3BP
GO:0051225,ITGB3BP
GO:0051382,ITGB3BP
GO:0071514,ITGB3BP
GO:0000165,MED16
GO:0045893,MED16
GO:0000165,MED23
GO:0005515,MED23
GO:0005634,MED23
GO:0045893,MED23
GO:0000165,MED24
GO:0005515,MED24
GO:0005634,MED24
GO:0045893,MED24
GO:0000398,ALYREF
GO:0005681,ALYREF
GO:0000398,AQR
GO:0005681,AQR
GO:0000398,CACTIN
GO:0005681,CACTIN
GO:0000398,CDC40
GO:0005681,CDC40
GO:0000398,CDC5L
GO:0005681,CDC5L
GO:0000398,CRNKL1
GO:0005681,CRNKL1
GO:0000398,CWC15
GO:0005681,CWC15
GO:0000398,CWC22
GO:0005681,CWC22
GO:0000398,CWC27
GO:0005681,CWC27
GO:0000398,DDX23
GO:0005681,DDX23
GO:0000398,DDX41
GO:0005681,DDX41
GO:0000398,DDX5
GO:0005681,DDX5
GO:0000398,DHX35
GO:0005681,DHX35
GO:0000398,DHX38
GO:0005681,DHX38
GO:0000398,DHX8
GO:0005681,DHX8
GO:0000398,EFTUD2
GO:0005681,EFTUD2
GO:0000398,EIF4A3
GO:0005681,EIF4A3
GO:0000398,ESS2
GO:0005681,ESS2
GO:0000398,FRG1
GO:0005681,FRG1
GO:0000398,GPATCH1
GO:0005681,GPATCH1
GO:0000398,HNRNPA1
GO:0005681,HNRNPA1
GO:0000398,HNRNPA2B1
GO:0005681,HNRNPA2B1
GO:0000398,HNRNPA3
GO:0005681,HNRNPA3
GO:0000398,HNRNPC
GO:0005681,HNRNPC
GO:0000398,HNRNPF
GO:0005681,HNRNPF
GO:0000398,HNRNPH1
GO:0005681,HNRNPH1
GO:0000398,HNRNPK
GO:0005681,HNRNPK
GO:0000398,HNRNPM
GO:0005681,HNRNPM
GO:0000398,HNRNPR
GO:0005681,HNRNPR
GO:0000398,HNRNPU
GO:0005681,HNRNPU
GO:0000398,ISY1
GO:0005681,ISY1
GO:0000398,LSM2
GO:0005681,LSM2
GO:0000398,LSM3
GO:0005681,LSM3
GO:0005681,MAGOH
GO:0000398,MTREX
GO:0005681,MTREX
GO:0000398,PABPC1
GO:0005681,PABPC1
GO:0000398,PLRG1
GO:0005681,PLRG1
GO:0000398,PNN
GO:0005681,PNN
GO:0000398,PPIE
GO:0005681,PPIE
GO:0000398,PPIL1
GO:0005681,PPIL1
GO:0000398,PPIL3
GO:0005681,PPIL3
GO:0000398,PPWD1
GO:0005681,PPWD1
GO:0000398,PRP4K
GO:0005681,PRP4K
GO:0000398,PRPF19
GO:0005681,PRPF19
GO:0000398,PRPF6
GO:0005681,PRPF6
GO:0005681,PRPF8
GO:0000398,RALY
GO:0005681,RALY
GO:0000398,RBM22
GO:0005681,RBM22
GO:0005681,RBM8A
GO:0000398,RBMX
GO:0005681,RBMX
GO:0000398,SART1
GO:0005681,SART1
GO:0000398,SF3A1
GO:0005681,SF3A1
GO:0000398,SF3A2
GO:0005681,SF3A2
GO:0000398,SF3A3
GO:0005681,SF3A3
GO:0005681,SF3B1
GO:0005681,SF3B2
GO:0005681,SF3B3
GO:0000398,SLU7
GO:0005681,SLU7
GO:0000398,SNRNP200
GO:0005681,SNRNP200
GO:0000398,SNRNP40
GO:0005681,SNRNP40
GO:0000398,SNRPA1
GO:0005681,SNRPA1
GO:0005681,SNRPB
GO:0000398,SNRPB2
GO:0005681,SNRPB2
GO:0005681,SNRPD1
GO:0005681,SNRPD2
GO:0005681,SNRPD3
GO:0005681,SNRPE
GO:0005681,SNRPF
GO:0005681,SNRPG
GO:0000398,SNW1
GO:0005681,SNW1
GO:0000398,SRRM1
GO:0005681,SRRM1
GO:0000398,SRRM2
GO:0005681,SRRM2
GO:0000398,SRSF1
GO:0005681,SRSF1
GO:0000398,SYF2
GO:0005681,SYF2
GO:0000398,SYNCRIP
GO:0005681,SYNCRIP
GO:0000398,TFIP11
GO:0005681,TFIP11
GO:0000398,U2AF1
GO:0005681,U2AF1
GO:0000398,WDR83
GO:0005681,WDR83
GO:0000398,XAB2
GO:0005681,XAB2
GO:0000398,ZCCHC8
GO:0005681,ZCCHC8
GO:0003723,BCAS2
GO:0005634,BCAS2
GO:0008380,BCAS2
GO:0003723,CDC5L
GO:0005634,CDC5L
GO:0008380,CDC5L
GO:0003723,GCN1
GO:0005634,GCN1
GO:0008380,GCN1
GO:0003723,HSPA8
GO:0008380,HSPA8
GO:0003723,PLRG1
GO:0005634,PLRG1
GO:0008380,PLRG1
GO:0003723,PRPF19
GO:0005634,PRPF19
GO:0008380,PRPF19
GO:0003723,BZW1
GO:0005634,BZW1
GO:0008380,BZW1
GO:0003723,CWC15
GO:0005634,CWC15
GO:0008380,CWC15
GO:0003723,DYNC1H1
GO:0005634,DYNC1H1
GO:0008380,DYNC1H1
GO:0003723,ILF2
GO:0005634,ILF2
GO:0008380,ILF2
GO:0003723,PPM1D
GO:0005634,PPM1D
GO:0008380,PPM1D
GO:0003723,PPP1CA
GO:0005634,PPP1CA
GO:0008380,PPP1CA
GO:0003723,PRKDC
GO:0008380,PRKDC
GO:0003723,RBMX
GO:0005634,RBMX
GO:0008380,RBMX
GO:0003723,SCAF8
GO:0005634,SCAF8
GO:0008380,SCAF8
GO:0003723,SF3B1
GO:0008380,SF3B1
GO:0003723,SF3B2
GO:0008380,SF3B2
GO:0003723,SF3B4
GO:0008380,SF3B4
GO:0003723,SFI1
GO:0005634,SFI1
GO:0008380,SFI1
GO:0008380,SFPQ
GO:0008380,SNRPA
GO:0003723,SNRPA1
GO:0005634,SNRPA1
GO:0008380,SNRPA1
GO:0008380,SRRM1
GO:0003723,SRSF1
GO:0005634,SRSF1
GO:0008380,SRSF1
GO:0003723,SRSF2
GO:0005634,SRSF2
GO:0008380,SRSF2
GO:0003723,TCF4
GO:0005634,TCF4
GO:0008380,TCF4
GO:0003723,TOP2A
GO:0008380,TOP2A
GO:0005634,CCNC
GO:0045893,CCNC
GO:0005634,CDK8
GO:0045893,CDK8
GO:0005634,MED1
GO:0045893,MED1
GO:0005634,MED12
GO:0045893,MED12
GO:0045893,MED6
GO:0005634,THRAP3
GO:0045893,THRAP3
GO:0007173,ERBB2
GO:0007173,PIK3C2A
GO:0007173,PIK3C2B
GO:0005737,CHMP1A
GO:0006605,CHMP1A
GO:0006886,CHMP1A
GO:0015031,CHMP1A
GO:0016192,CHMP1A
GO:0005737,CHMP1B
GO:0006605,CHMP1B
GO:0006886,CHMP1B
GO:0015031,CHMP1B
GO:0016192,CHMP1B
GO:0005737,CHMP2A
GO:0006605,CHMP2A
GO:0006886,CHMP2A
GO:0015031,CHMP2A
GO:0016192,CHMP2A
GO:0005737,CHMP2B
GO:0006605,CHMP2B
GO:0006886,CHMP2B
GO:0015031,CHMP2B
GO:0016192,CHMP2B
GO:0005737,CHMP3
GO:0006605,CHMP3
GO:0006886,CHMP3
GO:0015031,CHMP3
GO:0016192,CHMP3
GO:0005737,CHMP4A
GO:0006605,CHMP4A
GO:0006886,CHMP4A
GO:0015031,CHMP4A
GO:0016192,CHMP4A
GO:0005737,CHMP4B
GO:0006605,CHMP4B
GO:0006886,CHMP4B
GO:0015031,CHMP4B
GO:0016192,CHMP4B
GO:0005737,CHMP4C
GO:0006605,CHMP4C
GO:0006886,CHMP4C
GO:0015031,CHMP4C
GO:0016192,CHMP4C
GO:0005737,CHMP5
GO:0006605,CHMP5
GO:0006886,CHMP5
GO:0015031,CHMP5
GO:0016192,CHMP5
GO:0005737,CHMP6
GO:0006605,CHMP6
GO:0006886,CHMP6
GO:0015031,CHMP6
GO:0016192,CHMP6
GO:0005737,SNF8
GO:0006605,SNF8
GO:0006886,SNF8
GO:0015031,SNF8
GO:0016192,SNF8
GO:0005737,VPS25
GO:0006605,VPS25
GO:0006886,VPS25
GO:0015031,VPS25
GO:0016192,VPS25
GO:0005737,VPS36
GO:0006605,VPS36
GO:0006886,VPS36
GO:0015031,VPS36
GO:0016192,VPS36
GO:0006974,LIG4
GO:0006974,XRCC4
GO:0000339,NCBP1
GO:0000339,NECAB3
GO:0005634,NECAB3
GO:0003677,CDK9
GO:0006355,CDK9
GO:2001141,CDK9
GO:0003677,HTATSF1
GO:0005634,HTATSF1
GO:0006355,HTATSF1
GO:2001141,HTATSF1
GO:0003677,NCL
GO:2001141,NCL
GO:0006355,POLR2A
GO:2001141,POLR2A
GO:0003677,SUPT5H
GO:0005634,SUPT5H
GO:0006355,SUPT5H
GO:2001141,SUPT5H
GO:0005737,TSG101
GO:0005783,TSG101
GO:0006605,TSG101
GO:0006886,TSG101
GO:0015031,TSG101
GO:0016192,TSG101
GO:0005737,VPS28
GO:0005783,VPS28
GO:0006605,VPS28
GO:0006886,VPS28
GO:0015031,VPS28
GO:0016192,VPS28
GO:0005737,VPS37C
GO:0005783,VPS37C
GO:0006605,VPS37C
GO:0006886,VPS37C
GO:0015031,VPS37C
GO:0016192,VPS37C
GO:0000723,MRE11
GO:0000723,PARP1
GO:0000723,RAD50
GO:0006974,TERF2
GO:0006974,TERF2IP
GO:0000723,XRCC5
GO:0000723,XRCC6
GO:0003677,E2F6
GO:0005634,E2F6
GO:0045892,E2F6
GO:0046974,E2F6
GO:0046974,EHMT1
GO:0003677,GJB3
GO:0005634,GJB3
GO:0045892,GJB3
GO:0046974,GJB3
GO:0003677,L3MBTL2
GO:0005634,L3MBTL2
GO:0045892,L3MBTL2
GO:0046974,L3MBTL2
GO:0003677,MAX
GO:0005634,MAX
GO:0045892,MAX
GO:0046974,MAX
GO:0003677,MGA
GO:0005634,MGA
GO:0045892,MGA
GO:0046974,MGA
GO:0003677,PCGF6
GO:0005634,PCGF6
GO:0045892,PCGF6
GO:0046974,PCGF6
GO:0003677,RING1
GO:0046974,RING1
GO:0003677,RNF2
GO:0046974,RNF2
GO:0003677,TFDP1
GO:0005634,TFDP1
GO:0045892,TFDP1
GO:0046974,TFDP1
GO:0003677,YAF2
GO:0005634,YAF2
GO:0045892,YAF2
GO:0046974,YAF2
GO:0003723,PRPF8
GO:0008380,PRPF8
GO:0005783,DAD1
GO:0006487,DAD1
GO:0005783,DDOST
GO:0006487,DDOST
GO:0005783,MAGT1
GO:0006487,MAGT1
GO:0005783,RPN1
GO:0006487,RPN1
GO:0005783,RPN2
GO:0006487,RPN2
GO:0005783,STT3A
GO:0006487,STT3A
GO:0005783,STT3B
GO:0006487,STT3B
GO:0005783,TUSC3
GO:0006487,TUSC3
GO:0005634,TNKS
GO:0051276,TNKS
GO:0005783,KRTCAP2
GO:0006487,KRTCAP2
GO:0005783,OSTC
GO:0006487,OSTC
GO:0003677,TNKS
GO:0005783,SEC61A1
GO:0006487,SEC61A1
GO:0005783,SEC61B
GO:0006487,SEC61B
GO:0005783,SEC61G
GO:0006487,SEC61G
GO:0005783,SSR1
GO:0006487,SSR1
GO:0005783,SSR3
GO:0006487,SSR3
GO:0015031,SEC61A1
GO:0015267,SEC61A1
GO:0015031,SEC61B
GO:0015267,SEC61B
GO:0015031,SEC61G
GO:0015267,SEC61G
GO:0005783,SEC62
GO:0015031,SEC62
GO:0015267,SEC62
GO:0005783,SEC63
GO:0015031,SEC63
GO:0015267,SEC63
GO:0005634,AHR
GO:0006511,AHR
GO:0016567,AHR
GO:0023052,AHR
GO:0043161,AHR
GO:0005634,ARNT
GO:0006511,ARNT
GO:0016567,ARNT
GO:0023052,ARNT
GO:0043161,ARNT
GO:0005634,CUL4B
GO:0023052,CUL4B
GO:0043161,CUL4B
GO:0023052,DDB1
GO:0043161,DDB1
GO:0023052,RBX1
GO:0005634,TBL3
GO:0006511,TBL3
GO:0016567,TBL3
GO:0023052,TBL3
GO:0043161,TBL3
GO:0005634,COP1
GO:0006511,COP1
GO:0016567,COP1
GO:0023052,COP1
GO:0043161,COP1
GO:0023052,CUL4A
GO:0043161,CUL4A
GO:0005634,DET1
GO:0006511,DET1
GO:0016567,DET1
GO:0023052,DET1
GO:0043161,DET1
GO:0007219,CUL1
GO:0023052,CUL1
GO:0006511,FBXW7
GO:0007219,FBXW7
GO:0016567,FBXW7
GO:0023052,FBXW7
GO:0043161,FBXW7
GO:0007219,RBX1
GO:0007219,SKP1
GO:0023052,SKP1
GO:0005515,HSPB2
GO:0005515,HSPB3
GO:0004386,TERF2
GO:0032204,TERF2
GO:0090398,TERF2
GO:0004386,WRN
GO:0005634,WRN
GO:0032204,WRN
GO:0090398,WRN
GO:0032204,BLM
GO:0005634,TNKS2
GO:0051276,TNKS2
GO:0051276,XRCC5
GO:0051276,XRCC6
GO:0006355,TERF2
GO:2001141,TERF2
GO:0006470,GRB2
GO:0008286,GRB2
GO:0006470,IRS1
GO:0008286,IRS1
GO:0006470,PTPN1
GO:0008286,PTPN1
GO:0000075,CALM1
GO:0005634,CALM1
GO:0006265,CALM1
GO:0006354,CALM1
GO:0051276,CALM1
GO:0000075,CALR
GO:0005634,CALR
GO:0006265,CALR
GO:0006354,CALR
GO:0051276,CALR
GO:0000075,EIF3L
GO:0005634,EIF3L
GO:0006265,EIF3L
GO:0006354,EIF3L
GO:0051276,EIF3L
GO:0000075,H2AX
GO:0005634,H2AX
GO:0006265,H2AX
GO:0006354,H2AX
GO:0051276,H2AX
GO:0000075,H2BC26
GO:0005634,H2BC26
GO:0006265,H2BC26
GO:0006354,H2BC26
GO:0051276,H2BC26
GO:0000075,H4C1
GO:0006265,H4C1
GO:0006354,H4C1
GO:0051276,H4C1
GO:0000075,HNRNPR
GO:0005634,HNRNPR
GO:0006265,HNRNPR
GO:0006354,HNRNPR
GO:0051276,HNRNPR
GO:0000075,HSPA5
GO:0005634,HSPA5
GO:0006265,HSPA5
GO:0006354,HSPA5
GO:0051276,HSPA5
GO:0000075,NPM1
GO:0006265,NPM1
GO:0006354,NPM1
GO:0051276,NPM1
GO:0000075,PABPC1
GO:0005634,PABPC1
GO:0006265,PABPC1
GO:0006354,PABPC1
GO:0051276,PABPC1
GO:0000075,SSB
GO:0005634,SSB
GO:0006265,SSB
GO:0006354,SSB
GO:0051276,SSB
GO:0000075,SSRP1
GO:0000075,SUPT16H
GO:0006511,BMI1
GO:0009048,BMI1
GO:0016567,BMI1
GO:0005634,CUL3
GO:0006511,CUL3
GO:0009048,CUL3
GO:0016567,CUL3
GO:0005634,SPOP
GO:0006511,SPOP
GO:0009048,SPOP
GO:0016567,SPOP
GO:0005634,MACROH2A1
GO:0006511,MACROH2A1
GO:0009048,MACROH2A1
GO:0016567,MACROH2A1
GO:0006281,CALR
GO:0006974,CALR
GO:0000075,DHX30
GO:0005634,DHX30
GO:0006265,DHX30
GO:0006281,DHX30
GO:0006354,DHX30
GO:0006974,DHX30
GO:0051276,DHX30
GO:0006281,H2AX
GO:0006974,H2AX
GO:0006281,H2BC26
GO:0006974,H2BC26
GO:0006281,H4C1
GO:0006974,H4C1
GO:0006281,HSPA5
GO:0006974,HSPA5
GO:0006281,NPM1
GO:0006974,NPM1
GO:0006265,PARP1
GO:0006354,PARP1
GO:0051276,PARP1
GO:0000075,YBX3
GO:0005634,YBX3
GO:0006265,YBX3
GO:0006281,YBX3
GO:0006354,YBX3
GO:0006974,YBX3
GO:0051276,YBX3
GO:0000075,H2BC14
GO:0005634,H2BC14
GO:0006265,H2BC14
GO:0006281,H2BC14
GO:0006354,H2BC14
GO:0006974,H2BC14
GO:0051276,H2BC14
GO:0000075,H2BC3
GO:0005634,H2BC3
GO:0006265,H2BC3
GO:0006281,H2BC3
GO:0006354,H2BC3
GO:0006974,H2BC3
GO:0051276,H2BC3
GO:0000075,PTCD3
GO:0005634,PTCD3
GO:0006265,PTCD3
GO:0006281,PTCD3
GO:0006354,PTCD3
GO:0006974,PTCD3
GO:0051276,PTCD3
GO:0005737,AMPH
GO:0006897,AMPH
GO:0005737,AP2A2
GO:0005737,AP2M1
GO:0005737,EPN1
GO:0006897,EPN1
GO:0005737,SNAP91
GO:0006897,SNAP91
GO:0003723,G3BP2
GO:0005886,G3BP2
GO:0006417,G3BP2
GO:0007268,G3BP2
GO:0003723,PABPC1
GO:0005886,PABPC1
GO:0006417,PABPC1
GO:0007268,PABPC1
GO:0003723,RACK1
GO:0005886,RACK1
GO:0006417,RACK1
GO:0007268,RACK1
GO:0003723,RIMBP2
GO:0005886,RIMBP2
GO:0006417,RIMBP2
GO:0007268,RIMBP2
GO:0000154,C1QBP
GO:0005634,C1QBP
GO:0006364,C1QBP
GO:0042254,C1QBP
GO:0000154,FBL
GO:0005634,FBL
GO:0006364,FBL
GO:0042254,FBL
GO:0000154,PRMT1
GO:0005634,PRMT1
GO:0006364,PRMT1
GO:0042254,PRMT1
GO:0000154,PRMT5
GO:0006364,PRMT5
GO:0042254,PRMT5
GO:0000154,TUBA1A
GO:0005634,TUBA1A
GO:0006364,TUBA1A
GO:0042254,TUBA1A
GO:0000154,TUBB1
GO:0005634,TUBB1
GO:0006364,TUBB1
GO:0042254,TUBB1
GO:0007399,RCOR1
GO:0022008,RCOR1
GO:0048699,RCOR1
GO:0005634,REST
GO:0007399,REST
GO:0022008,REST
GO:0030182,REST
GO:0045892,REST
GO:0048699,REST
GO:0007399,SIN3A
GO:0022008,SIN3A
GO:0030182,SIN3A
GO:0048699,SIN3A
GO:0023052,ACTL6A
GO:0023052,ARID2
GO:0005694,PBRM1
GO:0023052,PBRM1
GO:0005694,ARID1B
GO:0003677,MLLT1
GO:0005694,MLLT1
GO:0006265,MLLT1
GO:0045893,MLLT1
GO:0051276,MLLT1
GO:0006955,C5
GO:0006955,C6
GO:0006955,C8A
GO:0006955,C9
GO:0006955,CARD6
GO:0006955,VTN
GO:0006355,ESR1
GO:0032355,ESR1
GO:0032870,ESR1
GO:2001141,ESR1
GO:0006355,POU1F1
GO:0032355,POU1F1
GO:0032870,POU1F1
GO:2001141,POU1F1
GO:0006355,CUL3
GO:0043067,CUL3
GO:0043161,CUL3
GO:2001141,CUL3
GO:0005634,DAXX
GO:0006355,DAXX
GO:0006511,DAXX
GO:0016567,DAXX
GO:0043067,DAXX
GO:0043161,DAXX
GO:2001141,DAXX
GO:0006355,SPOP
GO:0043067,SPOP
GO:0043161,SPOP
GO:2001141,SPOP
GO:0006906,RAB3A
GO:0016079,RAB3A
GO:0031201,RAB3A
GO:0048489,RAB3A
GO:0061025,RAB3A
GO:0006906,STX1B
GO:0016079,STX1B
GO:0031201,STX1B
GO:0048489,STX1B
GO:0061025,STX1B
GO:0006906,SYT1
GO:0016079,SYT1
GO:0031201,SYT1
GO:0048489,SYT1
GO:0061025,SYT1
GO:0000226,PPP4C
GO:0005813,PPP4C
GO:0006470,PPP4C
GO:0000226,PPP4R2
GO:0005813,PPP4R2
GO:0006470,PPP4R2
GO:0005737,APAF1
GO:0006915,APAF1
GO:0005737,CYCS
GO:0006915,CYCS
GO:0005634,E2F1
GO:0006355,E2F1
GO:0006974,E2F1
GO:0051726,E2F1
GO:0006355,RB1
GO:0006974,RB1
GO:0051726,RB1
GO:0005694,SMARCA2
GO:0005634,ASH2L
GO:0006265,ASH2L
GO:0006479,ASH2L
GO:0010468,ASH2L
GO:0030154,ASH2L
GO:0045893,ASH2L
GO:0051276,ASH2L
GO:0071514,ASH2L
GO:0005634,DPY30
GO:0006265,DPY30
GO:0006479,DPY30
GO:0010468,DPY30
GO:0030154,DPY30
GO:0045893,DPY30
GO:0051276,DPY30
GO:0071514,DPY30
GO:0005634,KMT2B
GO:0006265,KMT2B
GO:0006479,KMT2B
GO:0010468,KMT2B
GO:0030154,KMT2B
GO:0045893,KMT2B
GO:0051276,KMT2B
GO:0071514,KMT2B
GO:0005634,MEN1
GO:0006265,MEN1
GO:0006479,MEN1
GO:0010468,MEN1
GO:0030154,MEN1
GO:0045893,MEN1
GO:0051276,MEN1
GO:0071514,MEN1
GO:0006265,POLR2B
GO:0006479,POLR2B
GO:0010468,POLR2B
GO:0030154,POLR2B
GO:0045893,POLR2B
GO:0051276,POLR2B
GO:0071514,POLR2B
GO:0005634,RBBP5
GO:0006265,RBBP5
GO:0006479,RBBP5
GO:0010468,RBBP5
GO:0030154,RBBP5
GO:0045893,RBBP5
GO:0051276,RBBP5
GO:0071514,RBBP5
GO:0005634,WDR5
GO:0006265,WDR5
GO:0006479,WDR5
GO:0010468,WDR5
GO:0030154,WDR5
GO:0045893,WDR5
GO:0051276,WDR5
GO:0071514,WDR5
GO:0006511,CACYBP
GO:0016567,CACYBP
GO:0023052,CACYBP
GO:0043161,CACYBP
GO:0006511,SIAH1
GO:0016567,SIAH1
GO:0023052,SIAH1
GO:0043161,SIAH1
GO:0006511,TBL1X
GO:0016567,TBL1X
GO:0023052,TBL1X
GO:0043161,TBL1X
GO:0006355,ASH2L
GO:0005634,HCFC1
GO:0006265,HCFC1
GO:0006355,HCFC1
GO:0006479,HCFC1
GO:0010468,HCFC1
GO:0051276,HCFC1
GO:0071514,HCFC1
GO:0005634,KMT2A
GO:0006265,KMT2A
GO:0006355,KMT2A
GO:0006479,KMT2A
GO:0010468,KMT2A
GO:0051276,KMT2A
GO:0071514,KMT2A
GO:0006355,MEN1
GO:0006355,RBBP5
GO:0005634,SERPIND1
GO:0006265,SERPIND1
GO:0006355,SERPIND1
GO:0006479,SERPIND1
GO:0010468,SERPIND1
GO:0051276,SERPIND1
GO:0071514,SERPIND1
GO:0006355,WDR5
GO:0006479,CHD3
GO:0006265,CPSF2
GO:0006355,CPSF2
GO:0006476,CPSF2
GO:0006479,CPSF2
GO:0051276,CPSF2
GO:2001141,CPSF2
GO:0005634,EFTUD2
GO:0006265,EFTUD2
GO:0006355,EFTUD2
GO:0006476,EFTUD2
GO:0006479,EFTUD2
GO:0051276,EFTUD2
GO:2001141,EFTUD2
GO:0006479,HDAC1
GO:0006479,KDM1A
GO:0006476,KMT2A
GO:2001141,KMT2A
GO:0006355,MBD3
GO:0006479,MBD3
GO:2001141,MBD3
GO:0006355,MTA2
GO:0006479,MTA2
GO:2001141,MTA2
GO:0006265,RAN
GO:0006355,RAN
GO:0006476,RAN
GO:0006479,RAN
GO:0051276,RAN
GO:2001141,RAN
GO:0006476,RBBP5
GO:2001141,RBBP5
GO:0006479,RBBP7
GO:0006355,SAP18
GO:0006479,SAP18
GO:2001141,SAP18
GO:0006355,SAP30
GO:0006479,SAP30
GO:2001141,SAP30
GO:0006476,SMARCA5
GO:2001141,SMARCA5
GO:0006265,SYMPK
GO:0006355,SYMPK
GO:0006476,SYMPK
GO:0006479,SYMPK
GO:0051276,SYMPK
GO:2001141,SYMPK
GO:0006265,TAF1
GO:0006476,TAF1
GO:0006479,TAF1
GO:0051276,TAF1
GO:0006476,TAF12
GO:0006479,TAF12
GO:0006476,TAF6
GO:0006479,TAF6
GO:0006476,TAF9
GO:0006479,TAF9
GO:0006265,TBP
GO:0006476,TBP
GO:0006479,TBP
GO:0051276,TBP
GO:0006476,WDR5
GO:2001141,WDR5
GO:0001570,FBXW8
GO:0043161,FBXW8
GO:0001570,GLMN
GO:0006511,GLMN
GO:0016567,GLMN
GO:0043161,GLMN
GO:0001570,RBX1
GO:0001570,SKP1
GO:0000084,CHAF1A
GO:0006260,CHAF1A
GO:0006265,CHAF1A
GO:0051276,CHAF1A
GO:0000084,CHAF1B
GO:0006260,CHAF1B
GO:0006265,CHAF1B
GO:0051276,CHAF1B
GO:0000084,RBBP4
GO:0006260,RBBP4
GO:0000338,CUL1
GO:0005634,CUL1
GO:0016925,CUL1
GO:0016926,CUL1
GO:0036211,CUL1
GO:0045116,CUL1
GO:0051090,CUL1
GO:0000338,FBXO11
GO:0005634,FBXO11
GO:0016925,FBXO11
GO:0016926,FBXO11
GO:0036211,FBXO11
GO:0045116,FBXO11
GO:0051090,FBXO11
GO:0000338,RBX1
GO:0016925,RBX1
GO:0016926,RBX1
GO:0036211,RBX1
GO:0045116,RBX1
GO:0051090,RBX1
GO:0000338,SKP1
GO:0016925,SKP1
GO:0016926,SKP1
GO:0036211,SKP1
GO:0045116,SKP1
GO:0051090,SKP1
GO:0003723,SNRNP70
GO:0005634,SNRNP70
GO:0008380,SNRNP70
GO:0003723,SRRM2
GO:0005634,SRRM2
GO:0008380,SRRM2
GO:0003723,TRA2B
GO:0005634,TRA2B
GO:0008380,TRA2B
GO:0003723,HNRNPF
GO:0005634,HNRNPF
GO:0008380,HNRNPF
GO:0003723,HNRNPH1
GO:0005634,HNRNPH1
GO:0008380,HNRNPH1
GO:0043484,HNRNPF
GO:0048024,HNRNPF
GO:0043484,HNRNPH1
GO:0048024,HNRNPH1
GO:0003723,PTBP1
GO:0043484,PTBP1
GO:0048024,PTBP1
GO:0003723,PTBP2
GO:0005634,PTBP2
GO:0043484,PTBP2
GO:0048024,PTBP2
GO:0005634,IPO13
GO:0050658,IPO13
GO:0051033,IPO13
GO:0051169,IPO13
GO:0006401,DCP1A
GO:0000165,ARRB2
GO:0007254,ARRB2
GO:0000165,MAP2K4
GO:0007254,MAP2K4
GO:0000165,MAP3K5
GO:0007254,MAP3K5
GO:0000165,MAPK10
GO:0007254,MAPK10
GO:0007254,MAP3K11
GO:0007254,SH3RF1
GO:0005886,CALCRL
GO:0007186,CALCRL
GO:0005886,RAMP1
GO:0007186,RAMP1
GO:0005125,HNRNPD
GO:0005737,HNRNPD
GO:0032604,HNRNPD
GO:0005125,PIN1
GO:0005737,PIN1
GO:0032604,PIN1
GO:0005737,CSDE1
GO:0006401,CSDE1
GO:0006401,HNRNPD
GO:0005737,PABPC1
GO:0006401,PABPC1
GO:0005737,PAIP1
GO:0006401,PAIP1
GO:0005737,SYNCRIP
GO:0006401,SYNCRIP
GO:0006401,
GO:0006401,EIF4G1
GO:0006401,HSPA8
GO:0045893,ATF7
GO:0003723,DDX1
GO:0005634,DDX1
GO:0006396,DDX1
GO:0003723,DDX17
GO:0005634,DDX17
GO:0006396,DDX17
GO:0003723,DDX3X
GO:0005634,DDX3X
GO:0006396,DDX3X
GO:0006396,DDX5
GO:0003723,DGCR8
GO:0005634,DGCR8
GO:0006396,DGCR8
GO:0003723,DHX15
GO:0006396,DHX15
GO:0003723,DROSHA
GO:0005634,DROSHA
GO:0006396,DROSHA
GO:0003723,EWSR1
GO:0005634,EWSR1
GO:0006396,EWSR1
GO:0003723,FUS
GO:0005634,FUS
GO:0006396,FUS
GO:0003723,HNRNPDL
GO:0005634,HNRNPDL
GO:0006396,HNRNPDL
GO:0006396,HNRNPH1
GO:0003723,HNRNPM
GO:0005634,HNRNPM
GO:0006396,HNRNPM
GO:0003723,HNRNPU
GO:0005634,HNRNPU
GO:0006396,HNRNPU
GO:0003723,HNRNPUL1
GO:0005634,HNRNPUL1
GO:0006396,HNRNPUL1
GO:0006396,ILF2
GO:0003723,ILF3
GO:0005634,ILF3
GO:0006396,ILF3
GO:0003723,RALY
GO:0005634,RALY
GO:0006396,RALY
GO:0003723,SRPK1
GO:0006396,SRPK1
GO:0003723,TAF15
GO:0006396,TAF15
GO:0003723,TARDBP
GO:0005634,TARDBP
GO:0006396,TARDBP
GO:0005634,ABCF2
GO:0008380,ABCF2
GO:0045893,ABCF2
GO:0045893,CDC5L
GO:0008380,DDB1
GO:0045893,DDB1
GO:0005634,DDX23
GO:0008380,DDX23
GO:0045893,DDX23
GO:0005634,EEF1A1
GO:0008380,EEF1A1
GO:0045893,EEF1A1
GO:0005634,EEF1G
GO:0008380,EEF1G
GO:0045893,EEF1G
GO:0008380,EFTUD2
GO:0045893,EFTUD2
GO:0008380,HNRNPU
GO:0045893,HNRNPU
GO:0008380,HSPA5
GO:0045893,HSPA5
GO:0008380,MATR3
GO:0045893,MATR3
GO:0008380,MSH2
GO:0045893,MSH2
GO:0005634,PFKL
GO:0008380,PFKL
GO:0045893,PFKL
GO:0045893,PRPF8
GO:0045893,SFPQ
GO:0005634,SNRNP200
GO:0008380,SNRNP200
GO:0045893,SNRNP200
GO:0005634,SNW1
GO:0008380,SNW1
GO:0045893,SNW1
GO:0005634,TUBB
GO:0008380,TUBB
GO:0045893,TUBB
GO:0005634,UBR5
GO:0008380,UBR5
GO:0045893,UBR5
GO:0000302,FOXO3
GO:0005634,FOXO3
GO:0006355,FOXO3
GO:0006979,FOXO3
GO:2001141,FOXO3
GO:0000302,KAT2B
GO:0006979,KAT2B
GO:0007114,SEPTIN11
GO:0030037,SEPTIN11
GO:0051726,SEPTIN11
GO:0007114,SEPTIN2
GO:0030037,SEPTIN2
GO:0051726,SEPTIN2
GO:0007114,SEPTIN7
GO:0030037,SEPTIN7
GO:0051726,SEPTIN7
GO:0007114,SEPTIN8
GO:0030037,SEPTIN8
GO:0051726,SEPTIN8
GO:0007114,SEPTIN9
GO:0030037,SEPTIN9
GO:0051726,SEPTIN9
GO:0000278,NUP107
GO:0005643,NUP107
GO:0006810,NUP107
GO:0000278,NUP133
GO:0005643,NUP133
GO:0006810,NUP133
GO:0000278,NUP160
GO:0005643,NUP160
GO:0006810,NUP160
GO:0000278,NUP98
GO:0005643,NUP98
GO:0006810,NUP98
GO:0006605,GLE1
GO:0006886,GLE1
GO:0015031,GLE1
GO:0006605,NUP155
GO:0006886,NUP155
GO:0015031,NUP155
GO:0006605,NUP42
GO:0006886,NUP42
GO:0015031,NUP42
GO:0000278,ING4
GO:0001525,ING4
GO:0051726,ING4
GO:0000278,JADE1
GO:0001525,JADE1
GO:0051726,JADE1
GO:0000278,KAT7
GO:0001525,KAT7
GO:0051726,KAT7
GO:0000278,MEAF6
GO:0001525,MEAF6
GO:0051726,MEAF6
GO:0006355,GATA1
GO:0030218,GATA1
GO:2001141,GATA1
GO:0006355,LMO2
GO:0030218,LMO2
GO:2001141,LMO2
GO:0006355,TAL1
GO:0030218,TAL1
GO:2001141,TAL1
GO:0030218,TCF3
GO:2001141,TCF3
GO:0030218,LDB1
GO:0045892,LDB1
GO:0030218,LMO2
GO:0045892,LMO2
GO:0030218,RB1
GO:0045892,RB1
GO:0005634,TAL1
GO:0030218,TAL1
GO:0045892,TAL1
GO:0005634,TCF3
GO:0030218,TCF3
GO:0045892,TCF3
GO:0003677,GATA1
GO:0005634,GATA1
GO:0030097,GATA1
GO:0003677,LDB1
GO:0005634,LDB1
GO:0006355,LDB1
GO:0030097,LDB1
GO:2001141,LDB1
GO:0003677,LMO2
GO:0005634,LMO2
GO:0030097,LMO2
GO:0003677,TAL1
GO:0005634,TAL1
GO:0030097,TAL1
GO:0003677,TCF3
GO:0005634,TCF3
GO:0030097,TCF3
GO:0005739,DLAT
GO:0008152,DLAT
GO:0045254,DLAT
GO:0005739,DLD
GO:0008152,DLD
GO:0045254,DLD
GO:0005739,PDHA1
GO:0008152,PDHA1
GO:0045254,PDHA1
GO:0005739,PDHB
GO:0008152,PDHB
GO:0045254,PDHB
GO:0005739,PDHX
GO:0008152,PDHX
GO:0045254,PDHX
GO:0005634,ASCC1
GO:0023052,ASCC1
GO:0045893,ASCC1
GO:0005634,ASCC2
GO:0023052,ASCC2
GO:0045893,ASCC2
GO:0005634,ASCC3
GO:0023052,ASCC3
GO:0045893,ASCC3
GO:0005634,TRIP4
GO:0023052,TRIP4
GO:0045893,TRIP4
GO:0005764,CTSA
GO:0005976,CTSA
GO:0005764,GALNS
GO:0005976,GALNS
GO:0005764,GLB1
GO:0005976,GLB1
GO:0005764,NEU1
GO:0005976,NEU1
GO:0005634,ELP1
GO:0006354,ELP1
GO:0006473,ELP1
GO:0006476,ELP1
GO:0005634,ELP2
GO:0006354,ELP2
GO:0006473,ELP2
GO:0006476,ELP2
GO:0005634,ELP3
GO:0006354,ELP3
GO:0006473,ELP3
GO:0006476,ELP3
GO:0005634,ELP4
GO:0006354,ELP4
GO:0006473,ELP4
GO:0006476,ELP4
GO:0006402,AGO4
GO:0061157,AGO4
GO:0006402,ZFP36
GO:0061157,ZFP36
GO:0006402,AGO2
GO:0061157,AGO2
GO:0045893,TFAP2A
GO:0001649,RB1
GO:0001649,RUNX2
GO:0018126,ASH2L
GO:0005634,KMT2D
GO:0006479,KMT2D
GO:0018126,KMT2D
GO:0045893,KMT2D
GO:0018126,RBBP5
GO:0018126,WDR5
GO:0003677,ASH2L
GO:0003677,KMT2C
GO:0005634,KMT2C
GO:0006265,KMT2C
GO:0045893,KMT2C
GO:0051276,KMT2C
GO:0003677,KMT2D
GO:0006265,KMT2D
GO:0051276,KMT2D
GO:0003677,NCOA6
GO:0005634,NCOA6
GO:0006265,NCOA6
GO:0045893,NCOA6
GO:0051276,NCOA6
GO:0003677,RBBP5
GO:0003677,TUBA4A
GO:0005634,TUBA4A
GO:0006265,TUBA4A
GO:0045893,TUBA4A
GO:0051276,TUBA4A
GO:0003677,TUBB
GO:0006265,TUBB
GO:0051276,TUBB
GO:0005634,SETD1A
GO:0005634,SF3A1
GO:0006265,SF3A1
GO:0006476,SF3A1
GO:0032774,SF3A1
GO:0045892,SF3A1
GO:0051276,SF3A1
GO:0006476,SF3B3
GO:0032774,SF3B3
GO:0045892,SF3B3
GO:0032774,SMARCA4
GO:0032774,SMARCB1
GO:0032774,SMARCC1
GO:0032774,SMARCC2
GO:0006476,SRCAP
GO:0032774,SRCAP
GO:0045892,SRCAP
GO:0005634,TRIM28
GO:0006265,TRIM28
GO:0006476,TRIM28
GO:0032774,TRIM28
GO:0045892,TRIM28
GO:0051276,TRIM28
GO:0005886,DRP2
GO:0005886,PRX
GO:0001516,PTGS2
GO:0006629,PTGS2
GO:0006631,PTGS2
GO:0006720,PTGS2
GO:0006954,PTGS2
GO:0042175,PTGS2
GO:0019722,
GO:0030314,
GO:0005886,SLC8A1
GO:0019722,SLC8A1
GO:0030314,SLC8A1
GO:0019722,SPTAN1
GO:0030314,SPTAN1
GO:0005886,SPTBN2
GO:0019722,SPTBN2
GO:0030314,SPTBN2
GO:0002009,CASK
GO:0009798,CASK
GO:0030855,CASK
GO:0051211,CASK
GO:0002009,DLG1
GO:0006605,DLG1
GO:0006886,DLG1
GO:0009798,DLG1
GO:0015031,DLG1
GO:0030855,DLG1
GO:0051211,DLG1
GO:0002009,LIN7A
GO:0006605,LIN7A
GO:0006886,LIN7A
GO:0009798,LIN7A
GO:0015031,LIN7A
GO:0030855,LIN7A
GO:0051211,LIN7A
GO:0006605,DLG1
GO:0006886,DLG1
GO:0009798,DLG1
GO:0015031,DLG1
GO:0051211,DLG1
GO:0006605,DLG3
GO:0006886,DLG3
GO:0009798,DLG3
GO:0015031,DLG3
GO:0051211,DLG3
GO:0006605,LIN7A
GO:0006886,LIN7A
GO:0009798,LIN7A
GO:0015031,LIN7A
GO:0051211,LIN7A
GO:0005634,MCM2
GO:0005634,MCM6
GO:0005634,MCM7
GO:0006355,AFF1
GO:0016607,AFF1
GO:2001141,AFF1
GO:0006355,CBX8
GO:0016607,CBX8
GO:2001141,CBX8
GO:0006355,MLLT1
GO:0016607,MLLT1
GO:2001141,MLLT1
GO:0051052,HDAC2
GO:0006473,SMARCA5
GO:0051052,SMARCA5
GO:0006304,BMI1
GO:0009307,BMI1
GO:0006304,PHC2
GO:0009307,PHC2
GO:0016567,PHC2
GO:0006304,RING1
GO:0009307,RING1
GO:0006304,RNF2
GO:0009307,RNF2
GO:0000775,CBX5
GO:0007059,CBX5
GO:0000775,DSN1
GO:0007059,DSN1
GO:0000775,MIS12
GO:0007059,MIS12
GO:0000775,NSL1
GO:0007059,NSL1
GO:0000775,PMF1
GO:0007059,PMF1
GO:0000775,ZWINT
GO:0007059,ZWINT
GO:0003677,E2F5
GO:0030216,E2F5
GO:0051726,E2F5
GO:0030216,HDAC1
GO:0051726,HDAC1
GO:0003677,RBL2
GO:0030216,RBL2
GO:0051726,RBL2
GO:0003677,E2F5
GO:0003700,E2F5
GO:0007049,E2F5
GO:0008134,E2F5
GO:0035189,E2F5
GO:0003677,RBL2
GO:0003700,RBL2
GO:0007049,RBL2
GO:0008134,RBL2
GO:0035189,RBL2
GO:0003700,TFDP1
GO:0007049,TFDP1
GO:0008134,TFDP1
GO:0035189,TFDP1
GO:0003677,E2F4
GO:0005634,E2F4
GO:0007179,E2F4
GO:0045892,E2F4
GO:0005634,E2F5
GO:0007179,E2F5
GO:0045892,E2F5
GO:0003677,RBL1
GO:0005634,RBL1
GO:0007179,RBL1
GO:0045892,RBL1
GO:0003677,SMAD3
GO:0005634,SMAD3
GO:0007179,SMAD3
GO:0045892,SMAD3
GO:0003677,SMAD4
GO:0005634,SMAD4
GO:0007179,SMAD4
GO:0045892,SMAD4
GO:0007179,TFDP1
GO:0000084,CCNA2
GO:0001889,CCNA2
GO:0000084,CDK2
GO:0001889,CDK2
GO:0000084,E2F1
GO:0001889,E2F1
GO:0000084,RBL1
GO:0001889,RBL1
GO:0000084,TFDP1
GO:0001889,TFDP1
GO:0008134,DNMT1
GO:0042826,DNMT1
GO:0045892,DNMT1
GO:0003886,E2F1
GO:0008134,E2F1
GO:0042826,E2F1
GO:0045892,E2F1
GO:0003886,HDAC1
GO:0008134,HDAC1
GO:0042826,HDAC1
GO:0003886,RB1
GO:0008134,RB1
GO:0042826,RB1
GO:0003886,DAXX
GO:0042177,DAXX
GO:0045892,DAXX
GO:0070513,DAXX
GO:0003886,DMAP1
GO:0042177,DMAP1
GO:0045892,DMAP1
GO:0070513,DMAP1
GO:0042177,DNMT1
GO:0070513,DNMT1
GO:0006355,DMAP1
GO:0008277,DMAP1
GO:2001141,DMAP1
GO:0006355,DNMT1
GO:0008277,DNMT1
GO:2001141,DNMT1
GO:0003886,RGS6
GO:0006355,RGS6
GO:0008277,RGS6
GO:2001141,RGS6
GO:0006473,GSE1
GO:0006479,GSE1
GO:0018126,GSE1
GO:0018126,HDAC1
GO:0018126,HDAC2
GO:0006473,HMG20B
GO:0006479,HMG20B
GO:0018126,HMG20B
GO:0006473,KDM1A
GO:0018126,KDM1A
GO:0006473,PHF21A
GO:0006479,PHF21A
GO:0018126,PHF21A
GO:0006473,RCOR1
GO:0006479,RCOR1
GO:0018126,RCOR1
GO:0006473,ZMYM2
GO:0006479,ZMYM2
GO:0018126,ZMYM2
GO:0006473,ZNF217
GO:0006479,ZNF217
GO:0018126,ZNF217
GO:0006473,ZNF516
GO:0006476,ZNF516
GO:0006479,ZNF516
GO:0018126,ZNF516
GO:0036211,CHD4
GO:0051090,CHD4
GO:0036211,HDAC1
GO:0006473,MBD3
GO:0036211,MBD3
GO:0051090,MBD3
GO:0006473,MTA2
GO:0036211,MTA2
GO:0051090,MTA2
GO:0036211,RBBP4
GO:0045892,RCOR1
GO:0032774,SAP30
GO:0045892,ZBTB17
GO:0005515,IL4
GO:0023052,IL4
GO:0005515,IL4R
GO:0023052,IL4R
GO:0004913,IL2RG
GO:0006955,IL2RG
GO:0019221,IL2RG
GO:0035771,IL2RG
GO:0042098,IL2RG
GO:0042100,IL2RG
GO:0046425,IL2RG
GO:0050727,IL2RG
GO:0070670,IL2RG
GO:0004913,IL4
GO:0006955,IL4
GO:0019221,IL4
GO:0035771,IL4
GO:0042098,IL4
GO:0042100,IL4
GO:0046425,IL4
GO:0050727,IL4
GO:0070670,IL4
GO:0004913,IL4R
GO:0006955,IL4R
GO:0019221,IL4R
GO:0035771,IL4R
GO:0042098,IL4R
GO:0042100,IL4R
GO:0046425,IL4R
GO:0050727,IL4R
GO:0070670,IL4R
GO:0070103,IL6ST
GO:0070103,PRKCD
GO:0070103,STAT3
GO:0005634,MAP3K7
GO:0007165,MAP3K7
GO:0005634,NLK
GO:0007165,NLK
GO:0007165,STAT3
GO:0007167,EP300
GO:0048708,EP300
GO:0007167,SMAD1
GO:0045893,SMAD1
GO:0048708,SMAD1
GO:0007167,STAT3
GO:0045893,STAT3
GO:0048708,STAT3
GO:0003677,STAT3
GO:0007420,CREBBP
GO:0007420,STAT3
GO:0030036,CCDC88A
GO:0048870,CCDC88A
GO:0005096,PLXNB1
GO:0005102,PLXNB1
GO:0007155,PLXNB1
GO:0007166,PLXNB1
GO:0043547,PLXNB1
GO:0005096,RND1
GO:0005102,RND1
GO:0007155,RND1
GO:0007166,RND1
GO:0043547,RND1
GO:0005096,RRAS
GO:0005102,RRAS
GO:0007155,RRAS
GO:0007166,RRAS
GO:0043547,RRAS
GO:0004674,GNG2
GO:0007186,GNG2
GO:0004674,RACK1
GO:0007186,RACK1
GO:0004674,RAF1
GO:0007186,RAF1
GO:0030234,PPP2CA
GO:0050790,PPP2CA
GO:0030234,PPP2R1A
GO:0050790,PPP2R1A
GO:0030234,PPP2R3A
GO:0050790,PPP2R3A
GO:0005634,KPNA2
GO:0006810,KPNA2
GO:0015031,KPNA2
GO:0140318,KPNA2
GO:0005634,KPNB1
GO:0006810,KPNB1
GO:0015031,KPNB1
GO:0140318,KPNB1
GO:0005634,EIF1AX
GO:0005737,EIF1AX
GO:0015031,EIF1AX
GO:0051169,EIF1AX
GO:0140318,EIF1AX
GO:0005737,IPO13
GO:0015031,IPO13
GO:0140318,IPO13
GO:0015031,RAN
GO:0051169,RAN
GO:0140318,RAN
GO:0005737,NXF1
GO:0006405,NXF1
GO:0003723,RAN
GO:0006405,RAN
GO:0003723,TNPO2
GO:0005634,TNPO2
GO:0005737,TNPO2
GO:0006405,TNPO2
GO:0005737,KPNB1
GO:0015031,KPNB1
GO:0051169,KPNB1
GO:0140318,KPNB1
GO:0005737,RANBP1
GO:0015031,RANBP1
GO:0051169,RANBP1
GO:0140318,RANBP1
GO:0009303,NMI
GO:0009303,RPA2
GO:0009303,RRN3
GO:0009303,NMI
GO:0009303,POLR1B
GO:0009303,RRN3
GO:0065003,NMI
GO:0003723,HDLBP
GO:0005694,HDLBP
GO:0006468,HDLBP
GO:0007059,HDLBP
GO:0005694,PRKDC
GO:0007059,PRKDC
GO:0003723,XRCC5
GO:0005694,XRCC5
GO:0007059,XRCC5
GO:0003723,XRCC6
GO:0005694,XRCC6
GO:0007059,XRCC6
GO:0006355,JUNB
GO:2001141,JUNB
GO:0006355,SUMO1
GO:2001141,SUMO1
GO:0006468,ABL1
GO:0007399,ABL1
GO:0031175,ABL1
GO:0006468,CABLES1
GO:0007399,CABLES1
GO:0031175,CABLES1
GO:0031175,CDK5
GO:0000278,ACTN1
GO:0007420,ACTN1
GO:0016477,ACTN1
GO:0022008,ACTN1
GO:0030182,ACTN1
GO:0035556,ACTN1
GO:0048699,ACTN1
GO:0051726,ACTN1
GO:0000278,CAMK2A
GO:0007420,CAMK2A
GO:0016477,CAMK2A
GO:0022008,CAMK2A
GO:0030182,CAMK2A
GO:0035556,CAMK2A
GO:0048699,CAMK2A
GO:0051726,CAMK2A
GO:0000278,CDK5
GO:0007420,CDK5
GO:0016477,CDK5
GO:0022008,CDK5
GO:0030182,CDK5
GO:0035556,CDK5
GO:0048699,CDK5
GO:0051726,CDK5
GO:0000278,CDK5R1
GO:0007420,CDK5R1
GO:0016477,CDK5R1
GO:0022008,CDK5R1
GO:0030182,CDK5R1
GO:0035556,CDK5R1
GO:0048699,CDK5R1
GO:0051726,CDK5R1
GO:0005216,KCNJ6
GO:0006812,KCNJ6
GO:0008324,KCNJ6
GO:0005834,GNAS
GO:0007186,GNAS
GO:0005834,GNB1
GO:0005834,GNG2
GO:0005834,MCF2
GO:0007186,MCF2
GO:0005834,BTK
GO:0007186,BTK
GO:0030154,BTK
GO:0030154,GNB1
GO:0030154,GNG2
GO:0007186,CACNA1A
GO:0007186,PTH1R
GO:0042826,GNB1
GO:0045892,GNB1
GO:0042826,GNG2
GO:0045892,GNG2
GO:0007186,HDAC5
GO:0042826,HDAC5
GO:0007186,HDAC4
GO:0000082,CCND1
GO:0007519,CCND1
GO:0035556,CCND1
GO:0000082,CDK4
GO:0007519,CDK4
GO:0035556,CDK4
GO:0000082,CDK6
GO:0000278,CDK6
GO:0007519,CDK6
GO:0035556,CDK6
GO:0051726,CCND1
GO:0035556,CDKN1A
GO:0051726,CDKN1A
GO:0000278,CCND2
GO:0035556,CCND2
GO:0000278,CDKN2A
GO:0035556,CDKN2A
GO:0051726,CDKN2A
GO:0051726,CCNA2
GO:0051726,CDK2
GO:0000082,CCNE1
GO:0005634,CCNE1
GO:0000082,CDK2
GO:0000082,CDKN1B
GO:0000082,CCNA2
GO:0000082,E2F4
GO:0000082,RBL1
GO:0006892,SCAMP1
GO:0015031,SCAMP1
GO:0016192,SCAMP1
GO:0140318,SCAMP1
GO:0006892,SCAMP2
GO:0015031,SCAMP2
GO:0016192,SCAMP2
GO:0140318,SCAMP2
GO:0035556,ABL2
GO:0035556,HRAS
GO:0035556,RIN1
GO:0030183,IGHM
GO:0030183,IGLL1
GO:0030183,VPREB1
GO:0001530,TICAM1
GO:0002221,TICAM1
GO:0002224,TICAM1
GO:0002756,TICAM1
GO:0032481,TICAM1
GO:0032496,TICAM1
GO:0032728,TICAM1
GO:0034142,TICAM1
GO:0035667,TICAM1
GO:0035669,TICAM1
GO:0042742,TICAM1
GO:0045087,TICAM1
GO:0001530,TICAM2
GO:0002221,TICAM2
GO:0002224,TICAM2
GO:0002756,TICAM2
GO:0032481,TICAM2
GO:0032496,TICAM2
GO:0032728,TICAM2
GO:0034142,TICAM2
GO:0035667,TICAM2
GO:0035669,TICAM2
GO:0042742,TICAM2
GO:0045087,TICAM2
GO:0001530,TLR4
GO:0002221,TLR4
GO:0002224,TLR4
GO:0002756,TLR4
GO:0032481,TLR4
GO:0032496,TLR4
GO:0032728,TLR4
GO:0034142,TLR4
GO:0035667,TLR4
GO:0035669,TLR4
GO:0042742,TLR4
GO:0045087,TLR4
GO:0016055,LEF1
GO:0016055,PAX3
GO:0016055,TLE4
GO:0001501,HIVEP1
GO:0032774,HIVEP1
GO:0001501,SPEN
GO:0032774,SPEN
GO:0003682,CTCF
GO:0005634,CTCF
GO:0006338,CTCF
GO:0006355,CTCF
GO:0003682,H2AC18
GO:0005634,H2AC18
GO:0006338,H2AC18
GO:0006355,H2AC18
GO:0003682,H2AZ1
GO:0006355,H2AZ1
GO:0003682,KPNA1
GO:0005634,KPNA1
GO:0006338,KPNA1
GO:0006355,KPNA1
GO:0003682,KPNA3
GO:0005634,KPNA3
GO:0006338,KPNA3
GO:0006355,KPNA3
GO:0003682,LMNA
GO:0005634,LMNA
GO:0006338,LMNA
GO:0006355,LMNA
GO:0003682,NPM1
GO:0006338,NPM1
GO:0006355,NPM1
GO:0003682,PARP1
GO:0006338,PARP1
GO:0006355,PARP1
GO:0003682,TOP2A
GO:0006338,TOP2A
GO:0006355,TOP2A
GO:0030182,ACTB
GO:0045892,ACTB
GO:0051090,ACTB
GO:0003677,HSPA4
GO:0005515,HSPA4
GO:0005634,HSPA4
GO:0030182,HSPA4
GO:0045892,HSPA4
GO:0051090,HSPA4
GO:0003677,MYH10
GO:0005515,MYH10
GO:0005634,MYH10
GO:0030182,MYH10
GO:0045892,MYH10
GO:0051090,MYH10
GO:0005515,NCL
GO:0030182,NCL
GO:0045892,NCL
GO:0051090,NCL
GO:0003677,NONO
GO:0005515,NONO
GO:0030182,NONO
GO:0045892,NONO
GO:0051090,NONO
GO:0003677,NPM1
GO:0030182,NPM1
GO:0045892,NPM1
GO:0051090,NPM1
GO:0005515,PARP1
GO:0030182,PARP1
GO:0045892,PARP1
GO:0051090,PARP1
GO:0005515,RAD50
GO:0030182,RAD50
GO:0045892,RAD50
GO:0051090,RAD50
GO:0003677,TLE1
GO:0005515,TLE1
GO:0005634,TLE1
GO:0030182,TLE1
GO:0045892,TLE1
GO:0051090,TLE1
GO:0003677,TOP2B
GO:0005515,TOP2B
GO:0005634,TOP2B
GO:0030182,TOP2B
GO:0045892,TOP2B
GO:0051090,TOP2B
GO:0001817,NFATC2
GO:0001817,NFATC2IP
GO:0001817,PRMT1
GO:0006479,PRMT1
GO:0018126,PRMT1
GO:0008380,SF3A1
GO:0005634,SF3A2
GO:0008380,SF3A2
GO:0005634,SF3A3
GO:0008380,SF3A3
GO:0005634,DDX42
GO:0008380,DDX42
GO:0005634,PHF5A
GO:0008380,PHF5A
GO:0008380,SF3B3
GO:0008380,SF3B5
GO:0008380,SF3B6
GO:0000387,SNRPE
GO:0000387,SNRPF
GO:0000387,SNRPG
GO:0005737,SNRPA
GO:0032774,SNRPA
GO:0065003,SNRPA
GO:0003723,SNRPN
GO:0005634,SNRPN
GO:0005737,SNRPN
GO:0008380,SNRPN
GO:0032774,SNRPN
GO:0065003,SNRPN
GO:0003723,LGALS1
GO:0005634,LGALS1
GO:0008380,LGALS1
GO:0032774,LGALS1
GO:0065003,LGALS1
GO:0003723,LGALS3
GO:0005634,LGALS3
GO:0008380,LGALS3
GO:0032774,LGALS3
GO:0065003,LGALS3
GO:0003723,DHX9
GO:0005737,DHX9
GO:0008380,DHX9
GO:0032774,DHX9
GO:0065003,DHX9
GO:0003723,GTF2B
GO:0005737,GTF2B
GO:0008380,GTF2B
GO:0032774,GTF2B
GO:0065003,GTF2B
GO:0003723,POLR2A
GO:0005737,POLR2A
GO:0008380,POLR2A
GO:0032774,POLR2A
GO:0065003,POLR2A
GO:0003723,SNRPB2
GO:0005634,SNRPB2
GO:0005737,SNRPB2
GO:0008380,SNRPB2
GO:0032774,SNRPB2
GO:0065003,SNRPB2
GO:0003723,TBP
GO:0005737,TBP
GO:0008380,TBP
GO:0032774,TBP
GO:0065003,TBP
GO:0006470,DDX20
GO:0006470,GEMIN4
GO:0005634,PPP4C
GO:0005634,PPP4R2
GO:0006811,DDX20
GO:0050658,DDX20
GO:0051033,DDX20
GO:0051169,DDX20
GO:0006811,GEMIN2
GO:0050658,GEMIN2
GO:0051033,GEMIN2
GO:0051169,GEMIN2
GO:0006811,GEMIN4
GO:0050658,GEMIN4
GO:0051033,GEMIN4
GO:0051169,GEMIN4
GO:0006811,GEMIN5
GO:0050658,GEMIN5
GO:0051033,GEMIN5
GO:0051169,GEMIN5
GO:0006811,GEMIN6
GO:0050658,GEMIN6
GO:0051033,GEMIN6
GO:0051169,GEMIN6
GO:0006811,GEMIN7
GO:0050658,GEMIN7
GO:0051033,GEMIN7
GO:0051169,GEMIN7
GO:0006811,SMN1
GO:0050658,SMN1
GO:0051033,SMN1
GO:0051169,SMN1
GO:0006811,SNRPA
GO:0050658,SNRPA
GO:0051033,SNRPA
GO:0051169,SNRPA
GO:0006811,SNRPB
GO:0050658,SNRPB
GO:0051033,SNRPB
GO:0051169,SNRPB
GO:0006811,STRAP
GO:0050658,STRAP
GO:0051033,STRAP
GO:0051169,STRAP
GO:0008380,NONO
GO:0008380,TOP1
GO:0001817,CPSF6
GO:0006351,CPSF6
GO:0006396,CPSF6
GO:0001817,ITCH
GO:0006351,ITCH
GO:0006396,ITCH
GO:0001817,NUDT21
GO:0006351,NUDT21
GO:0006396,NUDT21
GO:0001817,POLR2A
GO:0001817,UBAP2L
GO:0006351,UBAP2L
GO:0006396,UBAP2L
GO:0001817,EWSR1
GO:0006351,EWSR1
GO:0006955,HCST
GO:0006955,KLRK1
GO:0006955,MICB
GO:0006955,ULBP3
GO:0006955,MICA
GO:0006955,ULBP2
GO:0005737,SMAD7
GO:0006511,SMAD7
GO:0007179,SMAD7
GO:0016567,SMAD7
GO:0005737,SMURF2
GO:0006511,SMURF2
GO:0007179,SMURF2
GO:0016567,SMURF2
GO:0005737,TGFBR1
GO:0006511,TGFBR1
GO:0007179,TGFBR1
GO:0016567,TGFBR1
GO:0005737,TGFBR2
GO:0006511,TGFBR2
GO:0007179,TGFBR2
GO:0016567,TGFBR2
GO:0005737,STRAP
GO:0007179,STRAP
GO:0005737,TGFBR1
GO:0007179,TGFBR1
GO:0005737,TGFBR2
GO:0007179,TGFBR2
GO:0007179,PARD6A
GO:0007043,TGFBR1
GO:0030054,TGFBR1
GO:0007043,TGFBR2
GO:0030054,TGFBR2
GO:0005515,TGFBR1
GO:0005886,TGFBR1
GO:0005515,TGFBR2
GO:0005886,TGFBR2
GO:0043161,SMAD7
GO:0005737,SMURF1
GO:0006511,SMURF1
GO:0007179,SMURF1
GO:0016567,SMURF1
GO:0043161,SMURF1
GO:0043161,TGFBR1
GO:0006511,RNF11
GO:0043161,RNF11
GO:0043161,SMURF2
GO:0006511,STAMBP
GO:0043161,STAMBP
GO:0005216,CNTNAP1
GO:0006812,CNTNAP1
GO:0007417,CNTNAP1
GO:0008324,CNTNAP1
GO:0022008,CNTNAP1
GO:0048699,CNTNAP1
GO:0005216,KCNA1
GO:0006812,KCNA1
GO:0007417,KCNA1
GO:0008324,KCNA1
GO:0022008,KCNA1
GO:0048699,KCNA1
GO:0005216,KCNA2
GO:0006812,KCNA2
GO:0007417,KCNA2
GO:0008324,KCNA2
GO:0022008,KCNA2
GO:0048699,KCNA2
GO:0005216,RTN4
GO:0006812,RTN4
GO:0007417,RTN4
GO:0008324,RTN4
GO:0022008,RTN4
GO:0048699,RTN4
GO:0007517,NBR1
GO:0007517,SQSTM1
GO:0007517,TRIM55
GO:0007399,LINGO1
GO:0007399,RTN4R
GO:0007399,TNFRSF19
GO:0022008,LINGO1
GO:0031175,LINGO1
GO:0048699,LINGO1
GO:0022008,NGFR
GO:0031175,NGFR
GO:0048699,NGFR
GO:0022008,RTN4R
GO:0031175,RTN4R
GO:0048699,RTN4R
GO:0005515,NGFR
GO:0005737,NGFR
GO:0005515,SORT1
GO:0005737,SORT1
GO:0006915,NGF
GO:0006915,NGFR
GO:0006915,SORT1
GO:0001837,PARD6A
GO:0005737,PARD6A
GO:0007043,PARD6A
GO:0016567,PARD6A
GO:0001837,SMURF1
GO:0002009,SMURF1
GO:0005737,SMURF1
GO:0007043,SMURF1
GO:0016567,SMURF1
GO:0030855,SMURF1
GO:0016477,GIT1
GO:0016477,ITGA4
GO:0016477,PXN
GO:0007254,AXIN1
GO:0007254,DIXDC1
GO:0007254,MAP3K4
GO:0000075,MAD1L1
GO:0005813,MAD1L1
GO:0016055,CTNNB1
GO:0023052,CTNNB1
GO:0016055,JUN
GO:0023052,JUN
GO:0016055,TCF4
GO:0023052,TCF4
GO:0005737,ANAPC10
GO:0007179,ANAPC10
GO:0043161,ANAPC10
GO:0006511,CDH1
GO:0007179,CDH1
GO:0043161,CDH1
GO:0005737,NEDD9
GO:0006511,NEDD9
GO:0007179,NEDD9
GO:0043161,NEDD9
GO:0005737,SMAD3
GO:0006511,SMAD3
GO:0043161,SMAD3
GO:0005737,PML
GO:0007179,PML
GO:0005737,SMAD2
GO:0007179,SMAD2
GO:0005737,ZFYVE9
GO:0007179,ZFYVE9
GO:0005737,AXIN1
GO:0007179,AXIN1
GO:0001649,HDAC4
GO:0003677,HDAC4
GO:0005634,HDAC4
GO:0006265,HDAC4
GO:0006476,HDAC4
GO:0007179,HDAC4
GO:0045892,HDAC4
GO:0051276,HDAC4
GO:0001649,HDAC5
GO:0003677,HDAC5
GO:0005634,HDAC5
GO:0006265,HDAC5
GO:0006476,HDAC5
GO:0007179,HDAC5
GO:0045892,HDAC5
GO:0051276,HDAC5
GO:0003677,RUNX2
GO:0005634,RUNX2
GO:0006265,RUNX2
GO:0006476,RUNX2
GO:0007179,RUNX2
GO:0045892,RUNX2
GO:0051276,RUNX2
GO:0001649,SMAD3
GO:0003677,SMAD3
GO:0005634,SMAD3
GO:0006265,SMAD3
GO:0006476,SMAD3
GO:0007179,SMAD3
GO:0045892,SMAD3
GO:0051276,SMAD3
GO:0007179,EP300
GO:0003677,PIAS3
GO:0005634,PIAS3
GO:0006265,PIAS3
GO:0006473,PIAS3
GO:0007179,PIAS3
GO:0045893,PIAS3
GO:0051276,PIAS3
GO:0006265,SMAD3
GO:0006473,SMAD3
GO:0045893,SMAD3
GO:0051276,SMAD3
GO:0065003,CDH1
GO:0065003,ITGAE
GO:0065003,ITGB7
GO:0007043,SDCBP
GO:0000226,APC
GO:0015630,APC
GO:0016477,APC
GO:0000226,DIAPH3
GO:0015630,DIAPH3
GO:0016477,DIAPH3
GO:0000226,MAPRE1
GO:0015630,MAPRE1
GO:0016477,MAPRE1
GO:0005856,APC
GO:0007010,APC
GO:0016477,APC
GO:0005856,IQGAP1
GO:0007010,IQGAP1
GO:0016477,IQGAP1
GO:0005856,CLIP1
GO:0007010,CLIP1
GO:0016477,CLIP1
GO:0016055,AXIN1
GO:0016055,CTNNB1
GO:0016055,GSK3B
GO:0006468,BUB1
GO:0006468,BUB3
GO:0006605,VPS37B
GO:0006886,VPS37B
GO:0015031,VPS37B
GO:0007268,ERC2
GO:0007268,RIMS1
GO:0007268,UNC13B
GO:0016081,SNAP25
GO:0016081,STX1A
GO:0016081,STX1B
GO:0016081,SYT1
GO:0006906,UNC13A
GO:0016079,UNC13A
GO:0016081,UNC13A
GO:0031201,UNC13A
GO:0048489,UNC13A
GO:0061025,UNC13A
GO:0016081,VAMP2
GO:0007032,HGS
GO:0007032,SNAP25
GO:0007032,STX12
GO:0007032,VAMP2
GO:0006906,NAPA
GO:0016079,NAPA
GO:0048489,NAPA
GO:0006906,NSF
GO:0016079,NSF
GO:0031201,NSF
GO:0048489,NSF
GO:0061025,NSF
GO:0006906,VAMP3
GO:0016079,VAMP3
GO:0031201,VAMP3
GO:0048489,VAMP3
GO:0061025,VAMP3
GO:0006906,NAPB
GO:0016079,NAPB
GO:0048489,NAPB
GO:0006355,ELK1
GO:2001141,ELK1
GO:0006355,ELK4
GO:2001141,ELK4
GO:0006355,SRF
GO:2001141,SRF
GO:0000902,MLST8
GO:0016049,MLST8
GO:0030036,MLST8
GO:0000902,MTOR
GO:0016049,MTOR
GO:0030036,MTOR
GO:0000902,RICTOR
GO:0016049,RICTOR
GO:0030036,RICTOR
GO:0030182,NTF4
GO:0001508,DLG4
GO:0007169,DLG4
GO:0007416,DLG4
GO:0007417,DLG4
GO:0019227,DLG4
GO:0019228,DLG4
GO:0019933,DLG4
GO:0030182,DLG4
GO:0001508,GRIN1
GO:0007169,GRIN1
GO:0007416,GRIN1
GO:0007417,GRIN1
GO:0019227,GRIN1
GO:0019228,GRIN1
GO:0030182,GRIN1
GO:0001508,NTRK2
GO:0007169,NTRK2
GO:0007416,NTRK2
GO:0007417,NTRK2
GO:0019227,NTRK2
GO:0019228,NTRK2
GO:0019933,NTRK2
GO:0030182,NTRK2
GO:0001508,PLCG1
GO:0007169,PLCG1
GO:0007416,PLCG1
GO:0007417,PLCG1
GO:0019227,PLCG1
GO:0019228,PLCG1
GO:0019933,PLCG1
GO:0030182,PLCG1
GO:0001508,SHC1
GO:0007416,SHC1
GO:0007417,SHC1
GO:0019227,SHC1
GO:0019228,SHC1
GO:0019933,SHC1
GO:0030182,SHC1
GO:0005794,DRD1
GO:0005886,DRD1
GO:0006605,DRD1
GO:0006886,DRD1
GO:0007186,DRD1
GO:0007212,DRD1
GO:0015031,DRD1
GO:0050896,DRD1
GO:0005794,GRIN1
GO:0005886,GRIN1
GO:0006605,GRIN1
GO:0006886,GRIN1
GO:0007186,GRIN1
GO:0007212,GRIN1
GO:0015031,GRIN1
GO:0050896,GRIN1
GO:0005216,CAMK2A
GO:0005886,CAMK2A
GO:0006605,CAMK2A
GO:0006886,CAMK2A
GO:0007215,CAMK2A
GO:0007264,CAMK2A
GO:0050896,CAMK2A
GO:0005216,DLG4
GO:0005886,DLG4
GO:0006605,DLG4
GO:0006886,DLG4
GO:0007215,DLG4
GO:0007264,DLG4
GO:0050896,DLG4
GO:0005216,GRIN1
GO:0007215,GRIN1
GO:0007264,GRIN1
GO:0005216,GRIN2B
GO:0005886,GRIN2B
GO:0006605,GRIN2B
GO:0006886,GRIN2B
GO:0007215,GRIN2B
GO:0007264,GRIN2B
GO:0050896,GRIN2B
GO:2000310,GRIN2B
GO:0005216,SYNGAP1
GO:0005886,SYNGAP1
GO:0006605,SYNGAP1
GO:0006886,SYNGAP1
GO:0007215,SYNGAP1
GO:0007264,SYNGAP1
GO:0050896,SYNGAP1
GO:0005216,GRIN2A
GO:0005886,GRIN2A
GO:0006605,GRIN2A
GO:0006886,GRIN2A
GO:0007215,GRIN2A
GO:0007264,GRIN2A
GO:0050896,GRIN2A
GO:2000310,GRIN2A
GO:0000902,APC
GO:0016049,APC
GO:0000902,DLG4
GO:0016049,DLG4
GO:0016477,DLG4
GO:0005216,GRID2
GO:0007186,GRID2
GO:0007216,GRID2
GO:0007268,GRID2
GO:0007416,GRID2
GO:0005216,GRM1
GO:0007268,GRM1
GO:0007416,GRM1
GO:0005216,HOMER1
GO:0007186,HOMER1
GO:0007216,HOMER1
GO:0007268,HOMER1
GO:0007416,HOMER1
GO:0005216,SHANK1
GO:0007186,SHANK1
GO:0007216,SHANK1
GO:0007268,SHANK1
GO:0007416,SHANK1
GO:0005216,SHANK2
GO:0007186,SHANK2
GO:0007216,SHANK2
GO:0007268,SHANK2
GO:0007416,SHANK2
GO:0030705,DLG1
GO:0015031,DLG4
GO:0030705,DLG4
GO:0006605,KIF1B
GO:0006886,KIF1B
GO:0015031,KIF1B
GO:0030705,KIF1B
GO:0050896,KIF1B
GO:0006605,MAGI2
GO:0006886,MAGI2
GO:0015031,MAGI2
GO:0030705,MAGI2
GO:0050896,MAGI2
GO:0019722,ACTN2
GO:0045202,ACTN2
GO:0019722,CAMK2A
GO:0045202,CAMK2A
GO:0019722,GRIN2B
GO:0045202,GRIN2B
GO:0019722,LRRC7
GO:0045202,LRRC7
GO:0007507,FOXH1
GO:0048738,FOXH1
GO:0007507,NKX2-5
GO:0048738,NKX2-5
GO:0005216,PACS1
GO:0051726,NEK11
GO:0051726,NEK2
GO:0030545,OR5AK22
GO:0030545,RTP1
GO:0030545,REEP1
GO:0051896,PIK3CG
GO:0051896,PIK3R6
GO:0045087,IRAK1
GO:0045087,IRAK2
GO:0045087,IRAK3
GO:0003677,MAML2
GO:0005634,MAML2
GO:0006355,MAML2
GO:0007219,MAML2
GO:2001141,MAML2
GO:0003677,NOTCH1
GO:0005634,NOTCH1
GO:0006355,NOTCH1
GO:0007219,NOTCH1
GO:2001141,NOTCH1
GO:0003677,RBPJ
GO:0005634,RBPJ
GO:0006355,RBPJ
GO:0007219,RBPJ
GO:2001141,RBPJ
GO:0007169,TYROBP
GO:0007178,BMP4
GO:0007178,TWSG1
GO:0023052,BGN
GO:0023052,BMP4
GO:0009755,PSMC3IP
GO:0007186,MTNR1A
GO:0008502,MTNR1A
GO:0007186,MTNR1B
GO:0008502,MTNR1B
GO:0005509,S100A6
GO:0008270,S100A6
GO:0005777,PEX14
GO:0007031,PEX14
GO:0065003,PEX14
GO:0045893,AIRE
GO:0023052,ENG
GO:0007517,MYOM1
GO:0043067,BCL2
GO:0003677,BANF1
GO:0009607,BANF1
GO:0005783,PGRMC1
GO:0042632,PGRMC1
GO:0005783,SCAP
GO:0042632,SCAP
GO:0030545,PRMT2
GO:0005125,LEPR
GO:0006865,SLC1A2
GO:0015171,SLC1A2
GO:0000902,SGK3
GO:0016049,SGK3
GO:0023052,ADIPOQ
GO:0006954,NOD1
GO:0007249,NOD1
GO:0001516,PTGS1
GO:0005737,PTGS1
GO:0006643,PTGS1
GO:0042175,PTGS1
GO:0065003,C1D
GO:0007167,PTPRA
GO:0004857,PTPRA
GO:0005737,PTPRA
GO:0030182,PRNP
GO:0030182,PRNP
GO:0043066,BIRC6
GO:0005886,AXL
GO:0007169,AXL
GO:0045893,STAT5B
GO:0032420,WHRN
GO:0032426,WHRN
GO:0060088,WHRN
GO:0060122,WHRN
GO:0030217,IL12A
GO:0023052,IL12A
GO:0023052,IL12B
GO:0023052,IL12RB1
GO:0030217,IL12B
GO:0030217,IL12RB1
GO:0030217,IL12RB2
GO:0023052,IL12RB2
GO:0004713,JAK2
GO:0030217,JAK2
GO:0046425,JAK2
GO:0097677,JAK2
GO:0140537,JAK2
GO:1990782,JAK2
GO:0004713,STAT5A
GO:0030217,STAT5A
GO:0046425,STAT5A
GO:0097677,STAT5A
GO:0140537,STAT5A
GO:1990782,STAT5A
GO:0045893,STAT5A
GO:0007186,AGTR1A
GO:0009612,AGTR1A
GO:0030234,AGTR1A
GO:0038166,AGTR1A
GO:0050790,AGTR1A
GO:0007186,JAK2
GO:0009612,JAK2
GO:0030234,JAK2
GO:0038166,JAK2
GO:0050790,JAK2
GO:0001787,IL12A
GO:0005886,IL12A
GO:0006955,IL12A
GO:0016517,IL12A
GO:0019221,IL12A
GO:0032609,IL12A
GO:0035722,IL12A
GO:0042098,IL12A
GO:0070671,IL12A
GO:0001787,IL12B
GO:0005886,IL12B
GO:0006955,IL12B
GO:0016517,IL12B
GO:0019221,IL12B
GO:0032609,IL12B
GO:0035722,IL12B
GO:0042098,IL12B
GO:0070671,IL12B
GO:0001787,IL12RB1
GO:0005886,IL12RB1
GO:0006955,IL12RB1
GO:0016517,IL12RB1
GO:0019221,IL12RB1
GO:0032609,IL12RB1
GO:0035722,IL12RB1
GO:0042098,IL12RB1
GO:0070671,IL12RB1
GO:0001787,IL12RB2
GO:0005886,IL12RB2
GO:0006955,IL12RB2
GO:0016517,IL12RB2
GO:0019221,IL12RB2
GO:0032609,IL12RB2
GO:0035722,IL12RB2
GO:0042098,IL12RB2
GO:0070671,IL12RB2
GO:0004713,IL12RB2
GO:0005143,IL12RB2
GO:1990782,IL12RB2
GO:0004713,JAK2
GO:0005143,JAK2
GO:0023052,JAK2
GO:1990782,JAK2
GO:0005096,ARHGAP8
GO:0043547,ARHGAP8
GO:0005096,BNIP2
GO:0043547,BNIP2
GO:0043067,APAF1
GO:0008047,MALT1
GO:0043085,MALT1
GO:0051259,MALT1
GO:0008047,BCL10
GO:0043085,BCL10
GO:0043122,BCL10
GO:0043122,CASP8
GO:0043122,FADD
GO:0043122,MALT1
GO:0043122,CHUK
GO:0043122,IKBKB
GO:0023052,SRC
GO:0032813,SRC
GO:0023052,TNFRSF11A
GO:0032813,TNFRSF11A
GO:0023052,TRAF6
GO:0032813,TRAF6
GO:0008047,TRAF6
GO:0043085,TRAF6
GO:0023052,B-RAF
GO:0023052,MAP3K11
GO:0006355,NFKB1
GO:2001141,NFKB1
GO:0006355,NFKB2
GO:2001141,NFKB2
GO:0006355,REL
GO:2001141,REL
GO:0006355,RELB
GO:2001141,RELB
GO:0030234,CHUK
GO:0050790,CHUK
GO:0030234,IKBKB
GO:0050790,IKBKB
GO:0030234,MAP3K14
GO:0050790,MAP3K14
GO:0006468,CHUK
GO:0006954,CHUK
GO:0007249,CHUK
GO:0008384,CHUK
GO:0019048,CHUK
GO:0034612,CHUK
GO:0045087,CHUK
GO:0051090,CHUK
GO:0051607,CHUK
GO:0070555,CHUK
GO:0006468,IKBKB
GO:0006954,IKBKB
GO:0007249,IKBKB
GO:0008384,IKBKB
GO:0019048,IKBKB
GO:0034612,IKBKB
GO:0045087,IKBKB
GO:0051090,IKBKB
GO:0051607,IKBKB
GO:0070555,IKBKB
GO:0023052,CHUK
GO:0007249,ELP1
GO:0023052,ELP1
GO:0023052,IKBKB
GO:0007249,MAP3K14
GO:0023052,MAP3K14
GO:0007249,NFKBIA
GO:0023052,NFKBIA
GO:0007249,RELA
GO:0030234,CDC37
GO:0050790,CDC37
GO:0030234,HSP90AA1
GO:0050790,HSP90AA1
GO:0030234,HSP90AB1
GO:0050790,HSP90AB1
GO:0030234,MAP3K11
GO:0050790,MAP3K11
GO:0007249,ERC1
GO:0007249,IKBKG
GO:0007517,CHUK
GO:0007517,IKBKB
GO:0007517,IKBKG
GO:0001558,CHUK
GO:0003677,CHUK
GO:0006355,CHUK
GO:0030520,CHUK
GO:0032355,CHUK
GO:0071391,CHUK
GO:0001558,ESR1
GO:0003677,ESR1
GO:0006468,ESR1
GO:0030520,ESR1
GO:0071391,ESR1
GO:0001558,NCOA3
GO:0003677,NCOA3
GO:0006468,NCOA3
GO:0030520,NCOA3
GO:0071391,NCOA3
GO:0006511,DNAJB2
GO:0006605,DNAJB2
GO:0006886,DNAJB2
GO:0015031,DNAJB2
GO:0043161,DNAJB2
GO:0006605,HSPA8
GO:0006886,HSPA8
GO:0015031,HSPA8
GO:0043161,HSPA8
GO:0006605,PSMA3
GO:0006886,PSMA3
GO:0015031,PSMA3
GO:0023052,MAP2K5
GO:0035556,MAP2K5
GO:0023052,MAP3K3
GO:0035556,MAP3K3
GO:0023052,MAP2K5
GO:0035556,MAP2K5
GO:0023052,PRKCI
GO:0035556,PRKCI
GO:0023052,SQSTM1
GO:0035556,SQSTM1
GO:0009408,HSF1
GO:0009408,YWHAE
GO:0006605,AHR
GO:0006886,AHR
GO:0015031,AHR
GO:2001141,AHR
GO:0006355,AIP
GO:0006605,AIP
GO:0006886,AIP
GO:0015031,AIP
GO:2001141,AIP
GO:0006355,HSP90AB1
GO:0006605,HSP90AB1
GO:0006886,HSP90AB1
GO:0015031,HSP90AB1
GO:2001141,HSP90AB1
GO:2001141,ARNT
GO:0006355,SIM2
GO:2001141,SIM2
GO:0008152,ARNT
GO:0008152,SIM1
GO:0045893,ARNT
GO:0045893,HLF
GO:0007155,CD63
GO:0023052,CD63
GO:0007155,ITGAM
GO:0023052,ITGAM
GO:0007155,ITGB2
GO:0023052,ITGB2
GO:0005634,AKT1
GO:0008361,AKT1
GO:0008361,YBX1
GO:0033574,AKT1
GO:0045892,AKT1
GO:0071383,AKT1
GO:0005634,APPL1
GO:0033574,APPL1
GO:0045892,APPL1
GO:0071383,APPL1
GO:0005634,AR
GO:0033574,AR
GO:0045892,AR
GO:0071383,AR
GO:0016567,NAE1
GO:0016567,UBA3
GO:0007519,CUL5
GO:0014706,CUL5
GO:0007519,ELOB
GO:0014706,ELOB
GO:0007519,ELOC
GO:0014706,ELOC
GO:0006511,NEURL2
GO:0007519,NEURL2
GO:0014706,NEURL2
GO:0016567,NEURL2
GO:0043161,NEURL2
GO:0007519,RBX1
GO:0014706,RBX1
GO:0006511,CDC34
GO:0016567,CDC34
GO:0043161,CDC34
GO:0005634,CHEK1
GO:0006511,CHEK1
GO:0006974,CHEK1
GO:0016567,CHEK1
GO:0043161,CHEK1
GO:0006511,CDT1
GO:0006974,CDT1
GO:0016567,CDT1
GO:0043161,CDT1
GO:0001889,COPS2
GO:0008180,COPS2
GO:0001889,COPS5
GO:0008180,COPS5
GO:0001889,COPS8
GO:0005634,COPS8
GO:0001889,GFER
GO:0005634,GFER
GO:0008180,GFER
GO:0001889,GPS1
GO:0008180,GPS1
GO:0010387,COPS2
GO:0008180,COPS3
GO:0010387,COPS3
GO:0008180,COPS4
GO:0010387,COPS4
GO:0010387,COPS5
GO:0008180,COPS6
GO:0010387,COPS6
GO:0008180,COPS7A
GO:0010387,COPS7A
GO:0008180,COPS8
GO:0010387,COPS8
GO:0010387,GPS1
GO:0006605,COPS2
GO:0006886,COPS2
GO:0015031,COPS2
GO:0006605,COPS3
GO:0006886,COPS3
GO:0015031,COPS3
GO:0006605,COPS4
GO:0006886,COPS4
GO:0015031,COPS4
GO:0006605,COPS5
GO:0006886,COPS5
GO:0015031,COPS5
GO:0006605,COPS6
GO:0006886,COPS6
GO:0015031,COPS6
GO:0006605,COPS7A
GO:0006886,COPS7A
GO:0015031,COPS7A
GO:0006605,COPS8
GO:0006886,COPS8
GO:0015031,COPS8
GO:0006605,GPS1
GO:0006886,GPS1
GO:0015031,GPS1
GO:0006605,TP53
GO:0006886,TP53
GO:0015031,TP53
GO:0003677,CORO2A
GO:0003677,GPS2
GO:0003677,HDAC3
GO:0003677,KDM4A
GO:0005634,KDM4A
GO:0006265,KDM4A
GO:0006473,KDM4A
GO:0006476,KDM4A
GO:0045892,KDM4A
GO:0051276,KDM4A
GO:0003677,KIF11
GO:0005634,KIF11
GO:0006265,KIF11
GO:0006473,KIF11
GO:0006476,KIF11
GO:0045892,KIF11
GO:0051276,KIF11
GO:0003677,NCOR1
GO:0003677,TBL1X
GO:0003677,TBL1XR1
GO:0003677,TRIM33
GO:0005634,TRIM33
GO:0006265,TRIM33
GO:0006473,TRIM33
GO:0006476,TRIM33
GO:0045892,TRIM33
GO:0051276,TRIM33
GO:0003677,ZBTB33
GO:0005634,ZBTB33
GO:0006265,ZBTB33
GO:0006473,ZBTB33
GO:0006476,ZBTB33
GO:0045892,ZBTB33
GO:0051276,ZBTB33
GO:0030154,GATA1
GO:0045892,GATA1
GO:0005634,GFI1B
GO:0030154,GFI1B
GO:0045892,GFI1B
GO:0045893,GATA1
GO:0030154,LDB1
GO:0045893,LDB1
GO:0030154,TAL1
GO:0045893,TAL1
GO:0005737,BTRC
GO:0006511,BTRC
GO:0005737,NEDD8
GO:0006511,NEDD8
GO:0016567,NEDD8
GO:0043161,NEDD8
GO:0005634,BTRC
GO:0023052,BTRC
GO:0016567,SMAD3
GO:0023052,SMAD3
GO:0006511,CUL1
GO:0043161,CUL1
GO:0006511,FBXO15
GO:0043161,FBXO15
GO:0006511,SKP1
GO:0043161,SKP1
GO:0032508,CUL1
GO:0006511,FBH1
GO:0032508,FBH1
GO:0032508,RBX1
GO:0032508,SKP1
GO:0000278,ZC3HC1
GO:0005634,ZC3HC1
GO:0006511,ZC3HC1
GO:0016567,ZC3HC1
GO:0043161,ZC3HC1
GO:0016567,CUL1
GO:0006511,FBXO32
GO:0016567,FBXO32
GO:0043161,FBXO32
GO:0016567,SKP1
GO:0005737,CUL1
GO:0030968,CUL1
GO:0005737,FBXO2
GO:0006511,FBXO2
GO:0016567,FBXO2
GO:0030968,FBXO2
GO:0043161,FBXO2
GO:0005737,RBX1
GO:0030968,RBX1
GO:0005737,SKP1
GO:0030968,SKP1
GO:0006281,LIG1
GO:0006974,LIG1
GO:0000077,FEN1
GO:0005634,FEN1
GO:0006281,FEN1
GO:0006308,FEN1
GO:0006974,FEN1
GO:0140612,FEN1
GO:0006308,HUS1
GO:0140612,HUS1
GO:0006308,RAD1
GO:0140612,RAD1
GO:0006308,RAD9A
GO:0140612,RAD9A
GO:0000075,POLB
GO:0003677,CHTF18
GO:0006260,CHTF18
GO:0016887,CHTF18
GO:0007059,RFC2
GO:0016887,RFC2
GO:0007059,RFC3
GO:0016887,RFC3
GO:0007059,RFC4
GO:0016887,RFC4
GO:0007059,RFC5
GO:0016887,RFC5
GO:0000082,BRD4
GO:0000278,BRD4
GO:0005634,BRD4
GO:0051726,BRD4
GO:0000082,RFC1
GO:0000278,RFC1
GO:0051726,RFC1
GO:0000082,RFC2
GO:0000278,RFC2
GO:0051726,RFC2
GO:0000082,RFC3
GO:0000278,RFC3
GO:0051726,RFC3
GO:0000082,RFC4
GO:0000278,RFC4
GO:0051726,RFC4
GO:0000082,RFC5
GO:0000278,RFC5
GO:0051726,RFC5
GO:0000082,CDC6
GO:0005634,CDC6
GO:0006260,CDC6
GO:0000082,MCM8
GO:0005634,MCM8
GO:0006260,MCM8
GO:0000082,ORC2
GO:0005634,ORC2
GO:0006260,ORC2
GO:0005634,ORC1
GO:0005634,ORC5
GO:0006260,BRCA1
GO:0005634,GMNN
GO:0006260,GMNN
GO:0006260,ORC1
GO:0003723,BARD1
GO:0031123,BARD1
GO:0031124,BARD1
GO:0003723,BRCA1
GO:0031123,BRCA1
GO:0031124,BRCA1
GO:0006355,BARD1
GO:0016567,BARD1
GO:2001141,BARD1
GO:0016567,BRCA1
GO:2001141,BRCA1
GO:0003677,LDB1
GO:0003677,LMO4
GO:0005634,LMO4
GO:0006355,LMO4
GO:2001141,LMO4
GO:0006355,RBBP8
GO:2001141,RBBP8
GO:0000075,ATM
GO:0003677,ATM
GO:0000075,FANCD2
GO:0003677,FANCD2
GO:0005634,FANCD2
GO:0006281,FANCD2
GO:0006974,FANCD2
GO:0000075,MDC1
GO:0003677,MDC1
GO:0005634,MDC1
GO:0006281,MDC1
GO:0006974,MDC1
GO:0000278,TERF1
GO:0051726,TERF1
GO:0006310,ERCC1
GO:0006310,ERCC4
GO:0005634,RAD52
GO:0006281,RAD52
GO:0006308,RAD52
GO:0006310,RAD52
GO:0000278,BLM
GO:0000279,BLM
GO:0005634,BLM
GO:0051276,BLM
GO:0000278,MSH4
GO:0000279,MSH4
GO:0005634,MSH4
GO:0051276,MSH4
GO:0000278,RPA1
GO:0000279,RPA1
GO:0005634,RPA1
GO:0051276,RPA1
GO:0000278,RPA2
GO:0000279,RPA2
GO:0005634,RPA2
GO:0051276,RPA2
GO:0000278,RPA3
GO:0000279,RPA3
GO:0005634,RPA3
GO:0051276,RPA3
GO:0005634,RAD51
GO:0006281,RAD51
GO:0006974,RAD51
GO:0006281,TP53
GO:0006974,TP53
GO:0006312,H4C1
GO:0030183,H4C1
GO:0006312,MSH2
GO:0030183,MSH2
GO:0006312,MSH6
GO:0030183,MSH6
GO:0006511,MSH2
GO:0043161,MSH2
GO:0006511,MSH6
GO:0043161,MSH6
GO:0006281,PRKCZ
GO:0006511,PRKCZ
GO:0043161,PRKCZ
GO:0006260,CDK4
GO:0007049,CDK4
GO:0005634,CDK5
GO:0006260,CDK5
GO:0007049,CDK5
GO:0006260,CDKN1A
GO:0007049,CDKN1A
GO:0006260,DHX9
GO:0007049,DHX9
GO:0007049,RPA1
GO:0007049,TOP1
GO:0006479,CHAF1A
GO:0010468,CHAF1A
GO:0071514,CHAF1A
GO:0000084,MBD1
GO:0005634,MBD1
GO:0006260,MBD1
GO:0006265,MBD1
GO:0006479,MBD1
GO:0010468,MBD1
GO:0051276,MBD1
GO:0071514,MBD1
GO:0000084,SETDB1
GO:0005634,SETDB1
GO:0006260,SETDB1
GO:0006265,SETDB1
GO:0006479,SETDB1
GO:0010468,SETDB1
GO:0051276,SETDB1
GO:0071514,SETDB1
GO:0006260,ASF1A
GO:0006265,ASF1A
GO:0051276,ASF1A
GO:0006260,ASF1B
GO:0006265,ASF1B
GO:0051276,ASF1B
GO:0006260,H3C1
GO:0006265,H3C1
GO:0051276,H3C1
GO:0006260,HIRA
GO:0006265,HIRA
GO:0051276,HIRA
GO:0006260,CHEK2
GO:0006265,CHEK2
GO:0051276,CHEK2
GO:0006260,NASP
GO:0006265,NASP
GO:0051276,NASP
GO:0006260,ST13
GO:0006265,ST13
GO:0051276,ST13
GO:0005634,ATF7IP2
GO:0006265,ATF7IP2
GO:0010468,ATF7IP2
GO:0045892,ATF7IP2
GO:0051276,ATF7IP2
GO:0071514,ATF7IP2
GO:0005634,SP1
GO:0006265,SP1
GO:0010468,SP1
GO:0045892,SP1
GO:0051276,SP1
GO:0071514,SP1
GO:0005634,ATF7IP
GO:0006265,ATF7IP
GO:0006479,ATF7IP
GO:0010468,ATF7IP
GO:0045892,ATF7IP
GO:0051276,ATF7IP
GO:0071514,ATF7IP
GO:0045892,MBD1
GO:0045892,SETDB1
GO:0005737,DCTN1
GO:0030705,DCTN1
GO:0005737,HAP1
GO:0030705,HAP1
GO:0005737,HTT
GO:0030705,HTT
GO:0000902,HTT
GO:0016192,HTT
GO:0000902,OPTN
GO:0016192,OPTN
GO:0000902,RAB8A
GO:0016192,RAB8A
GO:0065003,CALM1
GO:0065003,HTT
GO:0065003,TGM2
GO:0030705,ACTR1A
GO:0030705,CAPZA1
GO:0030705,CAPZB
GO:0030705,DCTN1
GO:0030705,DCTN2
GO:0030705,DCTN3
GO:0030705,DCTN4
GO:0030705,DCTN6
GO:0005737,ACTB
GO:0007015,ACTB
GO:0030036,ACTB
GO:0051216,ACTB
GO:0005737,ACTG1
GO:0007015,ACTG1
GO:0030036,ACTG1
GO:0051216,ACTG1
GO:0005737,CCN2
GO:0007015,CCN2
GO:0030036,CCN2
GO:0051216,CCN2
GO:0015629,ACTB
GO:0048870,ACTB
GO:0015629,CAP1
GO:0030036,CAP1
GO:0048870,CAP1
GO:0015629,CFL1
GO:0030036,CFL1
GO:0048870,CFL1
GO:0005886,APBB1IP
GO:0007155,APBB1IP
GO:0030036,APBB1IP
GO:0005886,RAP1A
GO:0007155,RAP1A
GO:0030036,RAP1A
GO:0005509,CHRNA4
GO:0007268,CHRNA4
GO:0051592,CHRNA4
GO:1903048,CHRNA4
GO:0005509,CHRNB2
GO:0007268,CHRNB2
GO:0051592,CHRNB2
GO:1903048,CHRNB2
GO:0005509,VSNL1
GO:0007268,VSNL1
GO:0051592,VSNL1
GO:1903048,VSNL1
GO:0004970,GRIK2
GO:0005216,GRIK2
GO:0005886,GRIK2
GO:0006812,GRIK2
GO:0007268,GRIK2
GO:0008324,GRIK2
GO:0019722,PPP3CB
GO:0019722,RCAN1
GO:0065003,PICK1
GO:0005886,GRIA2
GO:0006605,GRIA2
GO:0006886,GRIA2
GO:0007268,GRIA2
GO:0015031,GRIA2
GO:0005886,PICK1
GO:0006605,PICK1
GO:0006886,PICK1
GO:0007268,PICK1
GO:0015031,PICK1
GO:0005886,PRKCA
GO:0006605,PRKCA
GO:0006886,PRKCA
GO:0007268,PRKCA
GO:0015031,PRKCA
GO:0005509,AP2B1
GO:0005886,AP2B1
GO:0006897,AP2B1
GO:0007268,AP2B1
GO:0005509,GRIA2
GO:0006897,GRIA2
GO:0005509,HPCA
GO:0005886,HPCA
GO:0006897,HPCA
GO:0007268,HPCA
GO:0007416,GRIA2
GO:0005886,GRIA3
GO:0006605,GRIA3
GO:0006886,GRIA3
GO:0007416,GRIA3
GO:0015031,GRIA3
GO:0005886,GRIP1
GO:0006605,GRIP1
GO:0006886,GRIP1
GO:0007416,GRIP1
GO:0015031,GRIP1
GO:0005886,PPFIA4
GO:0006605,PPFIA4
GO:0006886,PPFIA4
GO:0007416,PPFIA4
GO:0015031,PPFIA4
GO:0005886,PTPRF
GO:0006605,PTPRF
GO:0006886,PTPRF
GO:0007416,PTPRF
GO:0015031,PTPRF
GO:0005886,GRIA2
GO:0006605,GRIA2
GO:0006886,GRIA2
GO:0006897,GRIA2
GO:0015031,GRIA2
GO:0005886,GRIP1
GO:0006605,GRIP1
GO:0006886,GRIP1
GO:0006897,GRIP1
GO:0015031,GRIP1
GO:0005886,PICK1
GO:0006605,PICK1
GO:0006886,PICK1
GO:0006897,PICK1
GO:0015031,PICK1
GO:0006897,GRIP1
GO:0005886,NSG1
GO:0006605,NSG1
GO:0006886,NSG1
GO:0006897,NSG1
GO:0015031,NSG1
GO:0006605,CDH2
GO:0006886,CDH2
GO:0007416,CDH2
GO:0015031,CDH2
GO:0006605,CTNNB1
GO:0006886,CTNNB1
GO:0015031,CTNNB1
GO:0006605,PPFIA3
GO:0006886,PPFIA3
GO:0007416,PPFIA3
GO:0015031,PPFIA3
GO:0005216,GRIA1
GO:0005886,GRIA1
GO:0006812,GRIA1
GO:0007215,GRIA1
GO:0007268,GRIA1
GO:0008324,GRIA1
GO:0005216,GRIA2
GO:0006812,GRIA2
GO:0007215,GRIA2
GO:0008324,GRIA2
GO:0005216,GRIA3
GO:0006812,GRIA3
GO:0007215,GRIA3
GO:0007268,GRIA3
GO:0008324,GRIA3
GO:0005216,GRIA4
GO:0005886,GRIA4
GO:0006812,GRIA4
GO:0007215,GRIA4
GO:0007268,GRIA4
GO:0008324,GRIA4
GO:0007611,GRIA1
GO:0005216,DRD2
GO:0006605,DRD2
GO:0006812,DRD2
GO:0006886,DRD2
GO:0007186,DRD2
GO:0007212,DRD2
GO:0007268,DRD2
GO:0008324,DRD2
GO:0015031,DRD2
GO:0006605,GRIA1
GO:0006886,GRIA1
GO:0007186,GRIA1
GO:0007212,GRIA1
GO:0015031,GRIA1
GO:0007186,GRIA2
GO:0007212,GRIA2
NA,PRKAR2A
GO:0030036,WASL
GO:0030036,WASL
GO:0007155,ITGA6
GO:0007155,ITGB4
GO:0007155,LAMA5
GO:0007155,LAMB1
GO:0007155,LAMC1
GO:0007155,LAMB2
GO:0005515,CD151
GO:0007160,CD151
GO:0005515,ITGA6
GO:0007160,ITGA6
GO:0005515,ITGB4
GO:0007160,ITGB4
GO:0005515,FYN
GO:0006921,FYN
GO:0006921,ITGA6
GO:0006921,ITGB4
GO:0048870,ITGA6
GO:0048870,ITGB4
GO:0016049,ITGAV
GO:1901392,ITGAV
GO:0016049,ITGB8
GO:1901392,ITGB8
GO:0016049,MMP14
GO:1901392,MMP14
GO:0016049,TGFB1
GO:1901392,TGFB1
GO:0016477,ITGAV
GO:0016477,ITGB5
GO:0016477,PLAUR
GO:0005515,ICAM4
GO:0007155,ICAM4
GO:0005515,ITGAV
GO:0007155,ITGAV
GO:0005515,ITGB5
GO:0007155,ITGB5
GO:0005515,ADAM9
GO:0007155,ADAM9
GO:0005515,SPP1
GO:0007155,SPP1
GO:0007155,CCN1
GO:0010761,CCN1
GO:0016477,CCN1
GO:0010761,ITGAV
GO:0010761,ITGB5
GO:0008305,ITGAV
GO:0008305,ITGB5
GO:0007229,FN1
GO:0035556,FN1
GO:0007229,FYN
GO:0035556,FYN
GO:0007229,ITGB6
GO:0035556,ITGB6
GO:0005515,ITGB6
GO:0007155,ITGB6
GO:0036366,ITGAV
GO:0036366,ITGB6
GO:0036366,TGFB3
GO:0008305,ITGB6
GO:0005515,CD47
GO:0006954,CD47
GO:0005515,FCER2
GO:0006954,FCER2
GO:0006954,ITGAV
GO:0005515,ITGB3
GO:0006954,ITGB3
GO:0005886,CD47
GO:0007155,CD47
GO:0005886,ITGAV
GO:0005886,ITGB3
GO:0007155,ITGB3
GO:0000902,ITGAV
GO:0000902,ITGB3
GO:0016049,ITGB3
GO:0016477,ITGB3
GO:0000902,SPP1
GO:0016049,SPP1
GO:0016477,SPP1
GO:0005515,ADAM15
GO:0005886,ADAM15
GO:0007155,ADAM15
GO:0031012,ADAM15
GO:0031012,ITGAV
GO:0031012,ITGB3
GO:0005515,GSN
GO:0005515,ITGAV
GO:0005515,ITGB3
GO:0001568,F11R
GO:0001944,F11R
GO:0001568,ITGAV
GO:0001944,ITGAV
GO:0001568,ITGB3
GO:0001944,ITGB3
GO:0005178,ITGAV
GO:1990782,ITGAV
GO:0005178,ITGB3
GO:1990782,ITGB3
GO:0005178,PTK2B
GO:0005515,PTK2B
GO:0007155,PTK2B
GO:1990782,PTK2B
GO:0005178,PXN
GO:0005515,PXN
GO:0007155,PXN
GO:1990782,PXN
GO:0005515,ADAM23
GO:0007155,ADAM23
GO:0006417,COL4A3
GO:0006417,ITGAV
GO:0006417,ITGB3
GO:0001568,PLPP3
GO:0001944,PLPP3
GO:0005886,PLPP3
GO:0007155,PLPP3
GO:0005515,EGFR
GO:0007229,EGFR
GO:0007173,ITGAV
GO:0007229,ITGAV
GO:0007173,ITGB3
GO:0007229,ITGB3
GO:0005886,CD9
GO:0007155,CD9
GO:0007229,CD9
GO:0005886,ITGA2B
GO:0007155,ITGA2B
GO:0007229,ITGA2B
GO:0005515,LAMA4
GO:0007155,LAMA4
GO:0031012,LAMA4
GO:0005515,FN1
GO:0007155,FN1
GO:0005515,TGM2
GO:0007155,TGM2
GO:0005886,FN1
GO:0005515,ITGA2B
GO:0005886,TGM2
GO:0007229,TGM2
GO:0005178,CD47
GO:1990782,CD47
GO:0005178,ITGA2B
GO:1990782,ITGA2B
GO:0005178,SRC
GO:1990782,SRC
GO:0005515,TLN1
GO:0005509,CIB1
GO:0007155,CIB1
GO:0005509,ITGA2B
GO:0005509,ITGB3
GO:0008305,ITGA2B
GO:0008305,ITGB3
GO:0007155,F11R
GO:0005515,ITGA5
GO:0005886,ITGA5
GO:0007155,ITGA5
GO:0005515,ITGB1
GO:0005886,ITGB1
GO:0007155,ITGB1
GO:0008305,ITGA5
GO:0008305,ITGB1
GO:0001568,ITGA5
GO:0001944,ITGA5
GO:0005886,ITGA5
GO:0007155,ITGA5
GO:0001568,ITGB1
GO:0001944,ITGB1
GO:0007155,ITGB1
GO:0001568,PLPP3
GO:0001944,PLPP3
GO:0005886,PLPP3
GO:0007155,PLPP3
GO:0043067,FN1
GO:0043067,ITGA5
GO:0043067,ITGB1
GO:0043067,SFRP2
GO:0098609,ITGB1
GO:0098609,SLC3A2
GO:0098609,SLC7A8
GO:0007155,CD151
GO:0005515,ITGA7
GO:0007155,ITGA7
GO:0007519,CD9
GO:0007519,ITGA7
GO:0007519,ITGB1
GO:0007155,NMRK2
GO:0007160,BSG
GO:1904464,BSG
GO:0007160,ITGA3
GO:1904464,ITGA3
GO:0007160,ITGB1
GO:1904464,ITGB1
GO:0048870,CD63
GO:0007155,ITGA3
GO:0048870,ITGA3
GO:0048870,ITGB1
GO:0007155,THBS1
GO:0005515,ITGA3
GO:0005886,ITGA3
GO:0007155,ITGA3
GO:0005515,ITGB1
GO:0005515,TGM2
GO:0005886,TGM2
GO:0007155,TGM2
GO:0008305,ITGA3
GO:0016477,CD151
GO:0016477,ITGA6
GO:0016477,ITGB1
GO:0008305,ITGA6
GO:0033623,ITGB1
GO:0033623,PRKD1
GO:0033623,RAP1A
GO:0033623,ITGB1
GO:0033623,PKD1
GO:0033623,RAP1A
GO:0007155,EMILIN1
GO:0048870,EMILIN1
GO:0007155,ITGA4
GO:0048870,ITGA4
GO:0008305,ITGA4
GO:0007155,CD81
GO:0005515,CD53
GO:0005515,ITGA4
GO:0007155,VCAM1
GO:0007155,JAM2
GO:0005515,CD63
GO:0016477,I79_001229
GO:0016477,ITGA4
GO:0098609,ADAM2
GO:0098609,ITGA4
GO:0098609,ITGB1
GO:0007155,THBS2
GO:0006935,CD47
GO:0006935,ITGA2
GO:0006935,ITGB1
GO:0007155,CHAD
GO:0007155,ITGA2
GO:0005515,COL6A3
GO:0005886,COL6A3
GO:0007155,COL6A3
GO:0031012,COL6A3
GO:0005515,ITGA2
GO:0005886,ITGA2
GO:0031012,ITGA2
GO:0031012,ITGB1
GO:0008305,ITGA2
GO:0007155,
GO:0005515,ITGA1
GO:0005886,ITGA1
GO:0007155,ITGA1
GO:0031012,ITGA1
GO:0007169,ITGA1
GO:0007169,ITGB1
GO:0007169,PTPN2
GO:0001568,CCN1
GO:0001944,CCN1
GO:0001568,ITGA6
GO:0001944,ITGA6
GO:0001568,ITGB1
GO:0001944,ITGB1
GO:0005515,ITGA8
GO:0007155,ITGA8
GO:0008305,ITGA8
GO:0005515,ITGA9
GO:0005515,ADAM2
GO:0007155,ITGA9
GO:0016477,ITGA9
GO:0072672,ITGA9
GO:0072672,ITGB1
GO:0016477,VCAM1
GO:0072672,VCAM1
GO:0005515,TNC
GO:0008305,ITGA9
GO:0016049,ITGA9
GO:0016049,ITGB1
GO:0098609,ADAM15
GO:0098609,ITGA9
GO:0030154,ITGA9
GO:0030154,ITGB1
GO:0007155,VEGFD
GO:0016477,VEGFD
GO:0030154,VEGFD
GO:0005886,ADAM12
GO:0098609,ADAM12
GO:0005886,ITGA9
GO:0016567,CBLB
GO:1905146,CBLB
GO:0016567,EGFR
GO:1905146,EGFR
GO:0016567,SH3KBP1
GO:1905146,SH3KBP1
GO:0006897,CBL
GO:0006900,CBL
GO:0007173,CBL
GO:0016050,CBL
GO:0006897,EGFR
GO:0006900,EGFR
GO:0016050,EGFR
GO:0006897,SH3GL2
GO:0006900,SH3GL2
GO:0007173,SH3GL2
GO:0016050,SH3GL2
GO:0006897,SH3KBP1
GO:0006900,SH3KBP1
GO:0007173,SH3KBP1
GO:0016050,SH3KBP1
GO:0007169,CBL
GO:0006897,MET
GO:0006900,MET
GO:0007169,MET
GO:0016050,MET
GO:0006897,SH3GL3
GO:0006900,SH3GL3
GO:0007169,SH3GL3
GO:0016050,SH3GL3
GO:0007169,SH3KBP1
NA,CAV1
GO:0006355,BCAR1
GO:0006468,BCAR1
GO:0030520,BCAR1
GO:0070372,BCAR1
GO:0071391,BCAR1
GO:0070372,ESR1
GO:0006355,PIK3R1
GO:0006468,PIK3R1
GO:0030520,PIK3R1
GO:0070372,PIK3R1
GO:0071391,PIK3R1
GO:0006355,SRC
GO:0006468,SRC
GO:0030520,SRC
GO:0070372,SRC
GO:0071391,SRC
GO:0004713,CDCP1
GO:0005080,CDCP1
GO:0006468,CDCP1
GO:1990782,CDCP1
GO:0004713,PRKCD
GO:0005080,PRKCD
GO:0006468,PRKCD
GO:1990782,PRKCD
GO:0004713,SRC
GO:0005080,SRC
GO:0007229,CBL
GO:0016477,CBL
GO:0007229,CRKL
GO:0016477,CRKL
GO:0007229,RAPGEF1
GO:0016477,RAPGEF1
GO:0035556,CRK
GO:0035556,CRKL
GO:0035556,PDGFRA
GO:0035556,RAPGEF1
GO:0007267,BCAR1
GO:0007267,CBL
GO:0007267,CRK
GO:0007267,GRB2
GO:0007267,PIK3R1
GO:0007267,SH3KBP1
GO:0007267,SOS1
GO:0006605,GIPC1
GO:0006886,GIPC1
GO:0006897,GIPC1
GO:0007186,GIPC1
GO:0015031,GIPC1
GO:0006605,LHCGR
GO:0006886,LHCGR
GO:0006897,LHCGR
GO:0007186,LHCGR
GO:0015031,LHCGR
GO:0000301,GIPC1
GO:0000301,NTRK1
GO:0000301,RGS19
GO:0006915,CD247
GO:0006915,NCR3
GO:0045121,CRKL
GO:0035556,WAS
GO:0045121,WAS
GO:0035556,WIPF1
GO:0045121,WIPF1
GO:0035556,ZAP70
GO:0045121,ZAP70
GO:0000226,ERBB2
GO:0048870,ERBB2
GO:0000226,MEMO1
GO:0048870,MEMO1
GO:0000226,SHC1
GO:0048870,SHC1
GO:0048015,CBL
GO:0050896,CBL
GO:0007169,GRB2
GO:0048015,GRB2
GO:0050896,GRB2
GO:0007169,LAT
GO:0048015,LAT
GO:0050896,LAT
GO:0007169,LCP2
GO:0048015,LCP2
GO:0050896,LCP2
GO:0007169,PIK3R1
GO:0050896,PIK3R1
GO:0007169,PLCG1
GO:0048015,PLCG1
GO:0050896,PLCG1
GO:0007169,VAV1
GO:0048015,VAV1
GO:0050896,VAV1
GO:0006955,CBL
GO:0006955,GRB2
GO:0006955,LCP2
GO:0006955,SHC1
GO:0007169,SHC1
GO:0007596,GRB2
GO:0007596,LCP2
GO:0007169,LYN
GO:0007596,LYN
GO:0048015,LYN
GO:0007169,PLCG2
GO:0007596,PLCG2
GO:0048015,PLCG2
GO:0002009,PLCG2
GO:0005794,PLCG2
GO:0019722,PLCG2
GO:0030855,PLCG2
GO:0002009,PLD1
GO:0005794,PLD1
GO:0019722,PLD1
GO:0030855,PLD1
GO:0048015,PLD1
GO:0002009,PRKCA
GO:0005794,PRKCA
GO:0019722,PRKCA
GO:0030855,PRKCA
GO:0048015,PRKCA
GO:0005886,GRB2
GO:0019724,GRB2
GO:0023052,GRB2
GO:0030183,GRB2
GO:0005886,LAT2
GO:0019724,LAT2
GO:0023052,LAT2
GO:0030183,LAT2
GO:0007169,HGF
GO:0005768,CBL
GO:0035556,CBL
GO:0005768,EGFR
GO:0035556,EGFR
GO:0005768,GRB2
GO:0035556,GRB2
GO:0035556,GRB2
GO:0035556,SOS1
GO:0007169,SOS1
GO:0048015,SOS1
GO:0050896,SOS1
GO:0007173,EGFR
GO:0007173,GRB2
GO:0007173,SOS1
GO:0008543,FRS2
GO:0008543,GRB2
GO:0008543,PTPN11
GO:0007169,PDGFRA
GO:0007169,PTPN11
GO:0023052,CSF2RB
GO:0023052,SHC1
GO:0007169,SOS1
GO:0007169,CAMLG
GO:0030217,CAMLG
GO:0007169,LCK
GO:0030217,LCK
GO:0007169,CAMLG
GO:0030217,CAMLG
GO:0030217,LCK
GO:0005911,CD2AP
GO:0098609,CD2AP
GO:0005911,CTNND1
GO:0098609,CTNND1
GO:0005911,NPHS1
GO:0098609,NPHS1
GO:0005911,TJP1
GO:0098609,TJP1
GO:0005911,CASK
GO:0045216,CASK
GO:0005911,CD2AP
GO:0007043,CD2AP
GO:0045216,CD2AP
GO:0098609,CD2AP
GO:0005911,NPHS1
GO:0045216,NPHS1
GO:0005911,CDH3
GO:0098609,CDH3
GO:0001649,CBL
GO:0006511,CBL
GO:0008543,CBL
GO:0023052,CBL
GO:0043161,CBL
GO:0001649,FGFR2
GO:0006511,FGFR2
GO:0008543,FGFR2
GO:0023052,FGFR2
GO:0043161,FGFR2
GO:0001649,FYN
GO:0006511,FYN
GO:0008543,FYN
GO:0023052,FYN
GO:0043161,FYN
GO:0001649,LYN
GO:0006511,LYN
GO:0008543,LYN
GO:0023052,LYN
GO:0043161,LYN
GO:0007596,FYN
GO:0007596,RASA1
GO:0023052,RASA1
GO:0007596,YES1
GO:0023052,YES1
GO:0023052,LCK
GO:0023052,MS4A1
GO:0007155,FYN
GO:0023052,FYN
GO:0031175,FYN
GO:0007155,NCAM1
GO:0023052,NCAM1
GO:0031175,NCAM1
GO:0007155,PTK2
GO:0023052,PTK2
GO:0031175,PTK2
GO:0005125,FYN
GO:0016064,FYN
GO:0005125,SH2D1A
GO:0016064,SH2D1A
GO:0023052,SH2D1A
GO:0005125,SLAMF1
GO:0016064,SLAMF1
GO:0023052,SLAMF1
GO:0005125,INPP5D
GO:0016064,INPP5D
GO:0023052,INPP5D
GO:0005768,EEA1
GO:0006897,EEA1
GO:0005768,RAB5A
GO:0007032,EEA1
GO:0007032,RAB5A
GO:0006897,VPS11
GO:0007032,VPS11
GO:0006897,VPS16
GO:0007032,VPS16
GO:0006897,VPS18
GO:0007032,VPS18
GO:0005768,VPS39
GO:0006897,VPS39
GO:0007032,VPS39
GO:0030183,CD19
GO:0048015,CD19
GO:0050776,CD19
GO:0030183,PIK3R1
GO:0050776,PIK3R1
GO:0030183,VAV1
GO:0050776,VAV1
GO:0008286,INSR
GO:0042593,INSR
GO:0043491,INSR
GO:0042593,IRS1
GO:0043491,IRS1
GO:0008286,KHDRBS1
GO:0042593,KHDRBS1
GO:0043491,KHDRBS1
GO:0008286,PIK3R1
GO:0042593,PIK3R1
GO:0043491,PIK3R1
GO:0008286,RASA1
GO:0042593,RASA1
GO:0043491,RASA1
GO:0000226,BIRC5
GO:0000279,BIRC5
GO:0007098,BIRC5
GO:0015630,BIRC5
GO:0043066,BIRC5
GO:0000278,AURKA
GO:0007186,AURKA
GO:0051726,AURKA
GO:0007186,BIRC5
GO:0051726,BIRC5
GO:0000278,RASA1
GO:0007186,RASA1
GO:0051726,RASA1
GO:0005856,CSK
GO:0005886,CSK
GO:0023052,CSK
GO:0005856,KHDRBS1
GO:0005886,KHDRBS1
GO:0023052,KHDRBS1
GO:0005886,MUC1
GO:0023052,MUC1
GO:0007018,KIF5A
GO:0015630,KIF5A
GO:0050896,KIF5A
GO:0007018,KIF5B
GO:0015630,KIF5B
GO:0050896,KIF5B
GO:0007018,KLC1
GO:0015630,KLC1
GO:0050896,KLC1
GO:0007018,KLC2
GO:0015630,KLC2
GO:0050896,KLC2
GO:0000398,PPARGC1A
GO:0003676,PPARGC1A
GO:0005634,PPARGC1A
GO:0006355,PPARGC1A
GO:0006397,PPARGC1A
GO:2001141,PPARGC1A
GO:0000398,SRSF4
GO:0003676,SRSF4
GO:0005634,SRSF4
GO:0006355,SRSF4
GO:0006397,SRSF4
GO:2001141,SRSF4
GO:0000398,SRSF5
GO:0003676,SRSF5
GO:0005634,SRSF5
GO:0006355,SRSF5
GO:0006397,SRSF5
GO:2001141,SRSF5
GO:0000398,SRSF6
GO:0003676,SRSF6
GO:0005634,SRSF6
GO:0006355,SRSF6
GO:0006397,SRSF6
GO:2001141,SRSF6
GO:0006473,FHL2
GO:0006476,FHL2
GO:0045892,FHL2
GO:0005634,FOXO1
GO:0006473,FOXO1
GO:0006476,FOXO1
GO:0045892,FOXO1
GO:0006473,SIRT1
GO:0006476,SIRT1
GO:0005634,HNF4A
GO:0006110,HNF4A
GO:0006111,HNF4A
GO:0006355,HNF4A
GO:0042593,HNF4A
GO:0042594,HNF4A
GO:2001141,HNF4A
GO:0005634,PPARGC1A
GO:0006110,PPARGC1A
GO:0006111,PPARGC1A
GO:0006355,PPARGC1A
GO:0042593,PPARGC1A
GO:0042594,PPARGC1A
GO:2001141,PPARGC1A
GO:0005634,SIRT1
GO:0006110,SIRT1
GO:0006111,SIRT1
GO:0006355,SIRT1
GO:0042593,SIRT1
GO:0042594,SIRT1
GO:2001141,SIRT1
GO:0031507,SIRT1
GO:0043066,FOXO3
GO:0000302,SIRT1
GO:0006355,SIRT1
GO:0006979,SIRT1
GO:0043066,SIRT1
GO:2001141,SIRT1
GO:0003723,NELFA
GO:0005634,NELFA
GO:0006354,NELFA
GO:0032021,NELFA
GO:0045892,NELFA
GO:0051090,NELFA
GO:0003723,NELFB
GO:0005634,NELFB
GO:0006354,NELFB
GO:0032021,NELFB
GO:0045892,NELFB
GO:0051090,NELFB
GO:0003723,NELFCD
GO:0005634,NELFCD
GO:0006354,NELFCD
GO:0032021,NELFCD
GO:0045892,NELFCD
GO:0051090,NELFCD
GO:0003723,NELFE
GO:0005634,NELFE
GO:0006354,NELFE
GO:0032021,NELFE
GO:0045892,NELFE
GO:0051090,NELFE
GO:0000398,CCNT1
GO:0003676,CCNT1
GO:0006355,CCNT1
GO:0006397,CCNT1
GO:0006468,CCNT1
GO:0000398,CDK9
GO:0003676,CDK9
GO:0006397,CDK9
GO:0006468,CDK9
GO:0000398,CPSF2
GO:0003676,CPSF2
GO:0006397,CPSF2
GO:0006468,CPSF2
GO:0000398,NCL
GO:0003676,NCL
GO:0006397,NCL
GO:0006468,NCL
GO:0000398,POLR2A
GO:0003676,POLR2A
GO:0006397,POLR2A
GO:0006468,POLR2A
GO:0006468,PPARGC1A
GO:0006354,BRD4
GO:0008353,BRD4
GO:0045893,BRD4
GO:0006354,MED1
GO:0008353,MED1
GO:0006354,MED12
GO:0008353,MED12
GO:0006354,MED14
GO:0008353,MED14
GO:0006354,MED17
GO:0008353,MED17
GO:0006354,MED24
GO:0008353,MED24
GO:0006511,CCNT1
GO:0043161,CCNT1
GO:2001141,CCNT1
GO:0006511,CDK9
GO:0043161,CDK9
GO:0005634,SKP2
GO:0006354,SKP2
GO:0008083,CCNT1
GO:0045892,CCNT1
GO:0008083,GRN
GO:0045892,GRN
GO:0006354,BRD4
GO:0008353,BRD4
GO:0045893,BRD4
GO:0005634,CCNT1
GO:0006354,CCNT1
GO:0008353,CCNT1
GO:0045893,CCNT1
GO:0005634,CDK9
GO:0006354,CDK9
GO:0008353,CDK9
GO:0045893,CDK9
GO:0000226,TUBA1A
GO:0000226,TUBB2A
GO:0032526,CDK8
GO:0048385,CDK8
GO:0032526,MED6
GO:0048385,MED6
GO:0032526,PARP1
GO:0048385,PARP1
GO:0007049,CCNC
GO:0007049,CDK3
GO:0006355,CCND1
GO:2001141,CCND1
GO:0006355,NEUROD1
GO:2001141,NEUROD1
GO:0003677,CDK7
GO:0045892,CDK7
GO:0045892,CREBBP
GO:0045892,EP300
GO:0045892,POLR2A
GO:0003677,RBPJ
GO:0005634,RBPJ
GO:0045892,RBPJ
GO:0003677,SUPT6H
GO:0005634,SUPT6H
GO:0045892,SUPT6H
GO:0003677,CCNT1
GO:0007219,CCNT1
GO:0007219,CDK7
GO:0045893,CDK7
GO:0003677,CDK8
GO:0007219,CDK8
GO:0007219,CDK9
GO:0007219,EP300
GO:0003677,INPP5K
GO:0005634,INPP5K
GO:0007219,INPP5K
GO:0045893,INPP5K
GO:0003677,MAML1
GO:0005634,MAML1
GO:0007219,MAML1
GO:0045893,MAML1
GO:0003677,MED1
GO:0007219,MED1
GO:0045893,NOTCH1
GO:0007219,POLR2A
GO:0045893,POLR2A
GO:0007219,RBPJ
GO:0045893,RBPJ
GO:0003677,SUPT16H
GO:0007219,SUPT16H
GO:0045893,SUPT16H
GO:0007219,SUPT6H
GO:0045893,SUPT6H
GO:0006351,CREBBP
GO:0007519,CREBBP
GO:0007519,KAT2B
GO:0006351,MYOD1
GO:0007519,MYOD1
GO:0005634,SMAD1
GO:0006265,SMAD1
GO:0006473,SMAD1
GO:0007179,SMAD1
GO:0051276,SMAD1
GO:0003677,DNMT3A
GO:0003886,DNMT3A
GO:0006355,DNMT3A
GO:2001141,DNMT3A
GO:0003886,MYC
GO:2001141,MYC
GO:0003677,ZBTB17
GO:0003886,ZBTB17
GO:0006355,ZBTB17
GO:2001141,ZBTB17
GO:0003886,DNMT3B
GO:0006306,DNMT3B
GO:0003886,DNMT3L
GO:0006306,DNMT3L
GO:0003886,DNMT3A
GO:0006306,DNMT3A
GO:0006338,KAT2A
GO:0006351,KAT2A
GO:0004402,MAX
GO:0006338,MAX
GO:0006351,MAX
GO:0004402,MYC
GO:0006338,MYC
GO:0006351,MYC
GO:0006338,TRRAP
GO:0006468,CCNH
GO:0032355,CCNH
GO:0032870,CCNH
GO:0033146,CCNH
GO:2001141,CCNH
GO:0006468,CDK7
GO:0032355,CDK7
GO:0032870,CDK7
GO:0033146,CDK7
GO:2001141,CDK7
GO:0033146,ESR1
GO:0006468,HDAC2
GO:0032355,HDAC2
GO:0032870,HDAC2
GO:0033146,HDAC2
GO:0006468,MNAT1
GO:0032355,MNAT1
GO:0032870,MNAT1
GO:0033146,MNAT1
GO:2001141,MNAT1
GO:0006468,MTA1
GO:0032355,MTA1
GO:0032870,MTA1
GO:0033146,MTA1
GO:0030234,ESR1
GO:0050790,ESR1
GO:0000302,TP53
GO:0006979,TP53
GO:0003677,SP1
GO:0006355,SP1
GO:2001141,SP1
GO:0003677,TP53
GO:0005737,BBC3
GO:0006915,BBC3
GO:0005737,BCL2L1
GO:0006915,BCL2L1
GO:0005737,TP53
GO:0006915,TP53
GO:0003677,CTDP1
GO:0006351,CTDP1
GO:0003677,RPAP1
GO:0005634,RPAP1
GO:0006351,RPAP1
GO:0006351,BRCA1
GO:0045216,CLDN1
GO:1905050,CLDN1
GO:0045216,MMP14
GO:1905050,MMP14
GO:0003677,FOSL1
GO:0005634,FOSL1
GO:0006355,FOSL1
GO:2001141,FOSL1
GO:0003677,JUNB
GO:0005634,JUNB
GO:0003677,ATF2
GO:0005634,ATF2
GO:0006355,ATF2
GO:0006950,ATF2
GO:0007049,ATF2
GO:2001141,ATF2
GO:0003677,JUN
GO:0005634,JUN
GO:0006355,JUN
GO:0006950,JUN
GO:0007049,JUN
GO:2001141,JUN
GO:0003677,MYC
GO:0005634,MYC
GO:0006355,MYC
GO:0006950,MYC
GO:0007049,MYC
GO:2001141,MYC
GO:0003677,FOS
GO:0005634,FOS
GO:0007179,FOS
GO:0045893,FOS
GO:0003677,JUN
GO:0005634,JUN
GO:0007179,JUN
GO:0045893,JUN
GO:0045893,SMAD4
GO:0006955,FOS
GO:0006955,JUN
GO:0003677,NFATC2
GO:0006955,NFATC2
GO:0045893,NFATC2
GO:0003677,ERG
GO:0005634,ERG
GO:0006355,ERG
GO:2001141,ERG
GO:0006355,FOS
GO:2001141,FOS
GO:0006355,JUN
GO:2001141,JUN
GO:0003677,ETS2
GO:0005634,ETS2
GO:0006355,ETS2
GO:2001141,ETS2
GO:0005634,GRIP1
GO:0006355,GRIP1
GO:0023052,GRIP1
GO:0032355,GRIP1
GO:0032870,GRIP1
GO:2001141,GRIP1
GO:0032355,JUN
GO:0032870,JUN
GO:0016567,SMAD4
GO:0007179,TRIM33
GO:0016567,TRIM33
GO:0003677,CTCF
GO:0007179,CTCF
GO:2001141,CTCF
GO:0006355,SMAD3
GO:2001141,SMAD3
GO:0006355,SMAD4
GO:2001141,SMAD4
GO:0007179,SP1
GO:0003677,FOXG1
GO:0005634,FOXG1
GO:0006355,FOXG1
GO:0007179,FOXG1
GO:2001141,FOXG1
GO:0003677,FOXO3
GO:0007179,FOXO3
GO:0006898,LRP1
GO:0030198,LRP1
GO:0030234,LRP1
GO:0050790,LRP1
GO:0006898,MMP9
GO:0030198,MMP9
GO:0030234,MMP9
GO:0050790,MMP9
GO:0006898,TIMP1
GO:0030198,TIMP1
GO:0030234,TIMP1
GO:0050790,TIMP1
GO:0006898,A2M
GO:0006898,ANXA6
GO:0005886,APH1A
GO:0006511,APH1A
GO:0007219,APH1A
GO:0043161,APH1A
GO:0005886,NCSTN
GO:0006511,NCSTN
GO:0007219,NCSTN
GO:0043161,NCSTN
GO:0005886,PSEN1
GO:0006511,PSEN1
GO:0007219,PSEN1
GO:0043161,PSEN1
GO:0006974,CUL1
GO:0031461,COPS8
GO:0031461,CUL1
GO:0031461,CUL2
GO:0031461,CUL3
GO:0031461,GPS1
GO:0031461,RBX1
GO:0031461,SKP1
GO:0031461,SKP2
GO:0002221,RIGI
GO:0005737,RIGI
GO:0016567,RIGI
GO:0019048,RIGI
GO:0032481,RIGI
GO:0035556,RIGI
GO:0039529,RIGI
GO:0045087,RIGI
GO:0051607,RIGI
GO:0002221,TRIM25
GO:0005737,TRIM25
GO:0016567,TRIM25
GO:0019048,TRIM25
GO:0032481,TRIM25
GO:0035556,TRIM25
GO:0039529,TRIM25
GO:0045087,TRIM25
GO:0051607,TRIM25
GO:0007094,CDC20
GO:0031145,CDC20
GO:0051726,CDC20
GO:0007094,MAD2L1
GO:0031145,MAD2L1
GO:0051726,MAD2L1
GO:0030234,CSNK2A1
GO:0032785,CSNK2A1
GO:0030234,CSNK2A2
GO:0032785,CSNK2A2
GO:0030234,CSNK2B
GO:0032785,CSNK2B
GO:0006468,HMGB1
GO:0030234,HMGB1
GO:0032785,HMGB1
GO:0000902,ASH2L
GO:0000910,ASH2L
GO:0000917,ASH2L
GO:0004407,ASH2L
GO:0016049,ASH2L
GO:0042054,ASH2L
GO:2001141,ASH2L
GO:0000902,HCFC1
GO:0000910,HCFC1
GO:0000917,HCFC1
GO:0004407,HCFC1
GO:0016049,HCFC1
GO:0042054,HCFC1
GO:2001141,HCFC1
GO:0000902,HDAC1
GO:0000910,HDAC1
GO:0000917,HDAC1
GO:0016049,HDAC1
GO:0042054,HDAC1
GO:0000902,HDAC2
GO:0000910,HDAC2
GO:0000917,HDAC2
GO:0016049,HDAC2
GO:0042054,HDAC2
GO:0000902,HSP90AA1
GO:0000910,HSP90AA1
GO:0000917,HSP90AA1
GO:0004407,HSP90AA1
GO:0005634,HSP90AA1
GO:0006265,HSP90AA1
GO:0006355,HSP90AA1
GO:0016049,HSP90AA1
GO:0042054,HSP90AA1
GO:0051276,HSP90AA1
GO:2001141,HSP90AA1
GO:0000902,HSPA4
GO:0000910,HSPA4
GO:0000917,HSPA4
GO:0004407,HSPA4
GO:0006265,HSPA4
GO:0006355,HSPA4
GO:0016049,HSPA4
GO:0042054,HSPA4
GO:0051276,HSPA4
GO:2001141,HSPA4
GO:0000902,HSPA5
GO:0000910,HSPA5
GO:0000917,HSPA5
GO:0004407,HSPA5
GO:0006355,HSPA5
GO:0016049,HSPA5
GO:0042054,HSPA5
GO:2001141,HSPA5
GO:0000902,HSPA8
GO:0000910,HSPA8
GO:0000917,HSPA8
GO:0004407,HSPA8
GO:0006265,HSPA8
GO:0006355,HSPA8
GO:0016049,HSPA8
GO:0042054,HSPA8
GO:0051276,HSPA8
GO:2001141,HSPA8
GO:0000902,OGT
GO:0000910,OGT
GO:0000917,OGT
GO:0004407,OGT
GO:0005634,OGT
GO:0006265,OGT
GO:0006355,OGT
GO:0016049,OGT
GO:0042054,OGT
GO:0051276,OGT
GO:2001141,OGT
GO:0000902,RBBP4
GO:0000910,RBBP4
GO:0000917,RBBP4
GO:0016049,RBBP4
GO:0000902,RBBP7
GO:0000910,RBBP7
GO:0000917,RBBP7
GO:0016049,RBBP7
GO:0000902,SAP30
GO:0000910,SAP30
GO:0000917,SAP30
GO:0016049,SAP30
GO:0042054,SAP30
GO:0000902,SETD1A
GO:0000910,SETD1A
GO:0000917,SETD1A
GO:0004407,SETD1A
GO:0006265,SETD1A
GO:0006355,SETD1A
GO:0016049,SETD1A
GO:0042054,SETD1A
GO:0051276,SETD1A
GO:2001141,SETD1A
GO:0000902,SIN3A
GO:0000910,SIN3A
GO:0000917,SIN3A
GO:0016049,SIN3A
GO:0042054,SIN3A
GO:0000902,SIN3B
GO:0000910,SIN3B
GO:0000917,SIN3B
GO:0006355,SIN3B
GO:0016049,SIN3B
GO:0042054,SIN3B
GO:2001141,SIN3B
GO:0000902,SP1
GO:0000910,SP1
GO:0000917,SP1
GO:0004407,SP1
GO:0016049,SP1
GO:0042054,SP1
GO:0000902,SUDS3
GO:0000910,SUDS3
GO:0000917,SUDS3
GO:0006355,SUDS3
GO:0016049,SUDS3
GO:0042054,SUDS3
GO:2001141,SUDS3
GO:0000902,WDR5
GO:0000910,WDR5
GO:0000917,WDR5
GO:0004407,WDR5
GO:0016049,WDR5
GO:0042054,WDR5
GO:0006468,ATM
GO:0009314,ATM
GO:0046777,ATM
GO:0006468,NBN
GO:0009314,NBN
GO:0046777,NBN
GO:0006511,NFKBIA
GO:0016567,NFKBIA
GO:0043161,NFKBIA
GO:0043122,CUL1
GO:0005737,FBXW11
GO:0043122,FBXW11
GO:0005737,NFKBIA
GO:0043122,NFKBIA
GO:0043122,SKP1
GO:0005178,ITGB5
GO:0007229,ITGB5
GO:0048041,ITGB5
GO:0005178,PTK2
GO:0007229,PTK2
GO:0048041,PTK2
GO:0007229,PXN
GO:0048041,PXN
GO:0005634,CHUK
GO:0006473,CHUK
GO:0006476,CHUK
GO:0045893,CHUK
GO:0006476,CREBBP
GO:0006954,CREBBP
GO:0007249,CREBBP
GO:0023052,CREBBP
GO:0005634,IKBKB
GO:0006473,IKBKB
GO:0006476,IKBKB
GO:0045893,IKBKB
GO:0005634,IKBKG
GO:0006473,IKBKG
GO:0006476,IKBKG
GO:0006954,IKBKG
GO:0023052,IKBKG
GO:0045893,IKBKG
GO:0005634,NCOA2
GO:0006473,NCOA2
GO:0006476,NCOA2
GO:0006954,NCOA2
GO:0007249,NCOA2
GO:0023052,NCOA2
GO:0045893,NCOA2
GO:0005634,NCOA3
GO:0006473,NCOA3
GO:0006476,NCOA3
GO:0006954,NCOA3
GO:0007249,NCOA3
GO:0045893,NCOA3
GO:0005634,RO60
GO:0006473,RO60
GO:0006476,RO60
GO:0006954,RO60
GO:0007249,RO60
GO:0023052,RO60
GO:0045893,RO60
GO:0007249,NCOA1
GO:0007155,ILK
GO:0043067,ILK
GO:0007155,LIMS1
GO:0043067,LIMS1
GO:0007155,PARVA
GO:0043067,PARVA
GO:0003677,CXXC1
GO:0005634,CXXC1
GO:0006265,CXXC1
GO:0006479,CXXC1
GO:0010468,CXXC1
GO:0051276,CXXC1
GO:0071514,CXXC1
GO:0003677,SETD1B
GO:0005634,SETD1B
GO:0006265,SETD1B
GO:0006479,SETD1B
GO:0010468,SETD1B
GO:0051276,SETD1B
GO:0071514,SETD1B
GO:0003677,WDR5
GO:0003677,WDR82
GO:0005634,WDR82
GO:0006265,WDR82
GO:0006479,WDR82
GO:0010468,WDR82
GO:0051276,WDR82
GO:0071514,WDR82
GO:0042800,ASH2L
GO:0042800,CXXC1
GO:0042800,RBBP5
GO:0003677,SETD1A
GO:0042800,SETD1A
GO:0042800,WDR5
GO:0042800,WDR82
GO:0005509,SSR1
GO:0006605,SSR1
GO:0006621,SSR1
GO:0006886,SSR1
GO:0015031,SSR1
GO:0140318,SSR1
GO:0005509,SSR2
GO:0005783,SSR2
GO:0006605,SSR2
GO:0006621,SSR2
GO:0006886,SSR2
GO:0015031,SSR2
GO:0140318,SSR2
GO:0005509,SSR3
GO:0006605,SSR3
GO:0006621,SSR3
GO:0006886,SSR3
GO:0015031,SSR3
GO:0140318,SSR3
GO:0005509,SSR4
GO:0005783,SSR4
GO:0006605,SSR4
GO:0006621,SSR4
GO:0006886,SSR4
GO:0015031,SSR4
GO:0140318,SSR4
GO:0006511,APH1A
GO:0043161,APH1A
GO:0006511,NCSTN
GO:0043161,NCSTN
GO:0006511,PSEN1
GO:0043161,PSEN1
GO:0006511,PSEN2
GO:0043161,PSEN2
GO:0022008,TNFRSF19
GO:0031175,TNFRSF19
GO:0048699,TNFRSF19
GO:0006355,GATA2
GO:0030218,GATA2
GO:2001141,GATA2
GO:0008047,TRAF2
GO:0043085,TRAF2
GO:0006511,BCL10
GO:0016567,BCL10
GO:0006511,CARD11
GO:0008047,CARD11
GO:0016567,CARD11
GO:0043085,CARD11
GO:0006511,MALT1
GO:0016567,MALT1
GO:0006511,TRAF6
GO:0016567,TRAF6
GO:0004972,GRIN1
GO:0005783,GRIN1
GO:0016595,GRIN1
GO:0065003,GRIN1
GO:0004972,GRIN3A
GO:0005783,GRIN3A
GO:0005886,GRIN3A
GO:0006605,GRIN3A
GO:0006886,GRIN3A
GO:0016595,GRIN3A
GO:0065003,GRIN3A
GO:0051090,GATA1
GO:0005634,ZFPM1
GO:0006355,ZFPM1
GO:0051090,ZFPM1
GO:2001141,ZFPM1
GO:0032774,ATF7IP
GO:0032774,SETDB1
GO:0006265,GATA1
GO:0051276,GATA1
GO:0005634,GATAD2B
GO:0006265,GATAD2B
GO:0045892,GATAD2B
GO:0051276,GATAD2B
GO:0005634,MBD2
GO:0006265,MBD2
GO:0045892,MBD2
GO:0051276,MBD2
GO:0005634,MBD3
GO:0006265,MBD3
GO:0045892,MBD3
GO:0051276,MBD3
GO:0005634,MTA1
GO:0006265,MTA1
GO:0045892,MTA1
GO:0051276,MTA1
GO:0005634,MTA2
GO:0006265,MTA2
GO:0045892,MTA2
GO:0051276,MTA2
GO:0005634,MTA3
GO:0006265,MTA3
GO:0045892,MTA3
GO:0051276,MTA3
GO:0045892,RBBP7
GO:0006265,ZFPM1
GO:0045892,ZFPM1
GO:0051276,ZFPM1
GO:0005886,BCL10
GO:0007249,BCL10
GO:0005886,CARD11
GO:0007249,CARD11
GO:0005886,MALT1
GO:0007249,MALT1
GO:0005886,FYB1
GO:0007249,FYB1
GO:0005634,FOSB
GO:0006355,FOSB
GO:0006915,FOSB
GO:0007167,FOSB
GO:2001141,FOSB
GO:0005634,JUND
GO:0006355,JUND
GO:0006915,JUND
GO:0007167,JUND
GO:2001141,JUND
GO:0006915,SMAD3
GO:0007167,SMAD3
GO:0006915,SMAD4
GO:0007167,SMAD4
GO:0005634,CHERP
GO:0008380,CHERP
GO:0005634,DDX46
GO:0008380,DDX46
GO:0008380,DHX15
GO:0005634,DNAJC8
GO:0008380,DNAJC8
GO:0008380,HMG20B
GO:0005634,HSPD1
GO:0008380,HSPD1
GO:0005634,PUF60
GO:0008380,PUF60
GO:0005634,RBM17
GO:0008380,RBM17
GO:0005634,SMNDC1
GO:0008380,SMNDC1
GO:0005634,TRAP1
GO:0008380,TRAP1
GO:0008380,U2AF1
GO:0008380,U2AF2
GO:0005634,U2SURP
GO:0008380,U2SURP
GO:0016567,UBE2N
GO:0019209,UBE2N
GO:0023052,UBE2N
GO:0036211,UBE2N
GO:0016567,UBE2V2
GO:0019209,UBE2V2
GO:0023052,UBE2V2
GO:0036211,UBE2V2
GO:0003723,LSM10
GO:0005634,LSM10
GO:0005737,LSM10
GO:0008380,LSM10
GO:0032774,LSM10
GO:0065003,LSM10
GO:0003723,LSM11
GO:0005634,LSM11
GO:0005737,LSM11
GO:0008380,LSM11
GO:0032774,LSM11
GO:0065003,LSM11
GO:0006468,MAP3K7
GO:0007249,MAP3K7
GO:0007254,MAP3K7
GO:0006468,TAB1
GO:0007249,TAB1
GO:0007254,TAB1
GO:0006468,TAB2
GO:0007249,TAB2
GO:0007254,TAB2
GO:0003677,FOXO1
GO:0006355,FOXO1
GO:0007179,FOXO1
GO:2001141,FOXO1
GO:0003677,FOXO4
GO:0005634,FOXO4
GO:0006355,FOXO4
GO:0007179,FOXO4
GO:2001141,FOXO4
GO:0005634,CBX5
GO:0006479,CBX5
GO:0010468,CBX5
GO:0045892,CBX5
GO:0071514,CBX5
GO:0005634,SUV39H1
GO:0006479,SUV39H1
GO:0010468,SUV39H1
GO:0045892,SUV39H1
GO:0071514,SUV39H1
GO:0018126,PRMT5
GO:0006974,TINF2
GO:0043122,IKBKB
GO:0043122,IKBKG
GO:0051259,IKBKG
GO:0048870,CD9
GO:0005634,DMC1
GO:0006281,DMC1
GO:0007131,DMC1
GO:0005634,RAD51
GO:0006281,RAD51
GO:0007131,RAD51
GO:0005634,CRY1
GO:0006511,CRY1
GO:0007624,CRY1
GO:0016567,CRY1
GO:0043161,CRY1
GO:0048511,CRY1
GO:0007624,CUL1
GO:0048511,CUL1
GO:0005634,FBXL3
GO:0006511,FBXL3
GO:0007624,FBXL3
GO:0016567,FBXL3
GO:0043161,FBXL3
GO:0048511,FBXL3
GO:0007624,SKP1
GO:0048511,SKP1
GO:0005634,CRY2
GO:0006511,CRY2
GO:0007624,CRY2
GO:0016567,CRY2
GO:0043161,CRY2
GO:0048511,CRY2
GO:0003677,H2AX
GO:0000075,TP53BP1
GO:0003677,TP53BP1
GO:0005634,TP53BP1
GO:0006281,TP53BP1
GO:0006974,TP53BP1
GO:0000075,SMC1A
GO:0030509,ECSIT
GO:0030509,SMAD4
GO:0030509,SMAD1
GO:0003677,ECSIT
GO:0005634,ECSIT
GO:0006355,ECSIT
GO:0060395,ECSIT
GO:2001141,ECSIT
GO:0003677,SMAD1
GO:0005634,SMAD1
GO:0006355,SMAD1
GO:0060395,SMAD1
GO:2001141,SMAD1
GO:0003677,SMAD4
GO:0005634,SMAD4
GO:0006355,SMAD4
GO:0060395,SMAD4
GO:2001141,SMAD4
GO:0005794,GOLGA2
GO:0006888,GOLGA2
GO:0006900,GOLGA2
GO:0006906,GOLGA2
GO:0016050,GOLGA2
GO:0016192,GOLGA2
GO:0005794,RAB1A
GO:0006888,RAB1A
GO:0006900,RAB1A
GO:0006906,RAB1A
GO:0016050,RAB1A
GO:0016192,RAB1A
GO:0005794,USO1
GO:0006888,USO1
GO:0006900,USO1
GO:0006906,USO1
GO:0016050,USO1
GO:0016192,USO1
GO:0005794,GORASP1
GO:0006888,GORASP1
GO:0006900,GORASP1
GO:0006906,GORASP1
GO:0016050,GORASP1
GO:0016192,GORASP1
GO:0006974,BARD1
GO:0006974,CSTF2
GO:0003677,FOS
GO:0005634,FOS
GO:0045893,FOS
GO:0071385,FOS
GO:0045893,JUN
GO:0071385,JUN
GO:0003677,NR3C1
GO:0005634,NR3C1
GO:0045893,NR3C1
GO:0071385,NR3C1
GO:0003677,POU2F1
GO:0005634,POU2F1
GO:0045893,POU2F1
GO:0071385,POU2F1
GO:0003677,STAT3
GO:0005634,STAT3
GO:0045893,STAT3
GO:0071385,STAT3
GO:0000075,ABRAXAS1
GO:0005634,ABRAXAS1
GO:0006281,ABRAXAS1
GO:0009314,ABRAXAS1
GO:0006281,BARD1
GO:0009314,BARD1
GO:0009314,BRCA1
GO:0000075,UIMC1
GO:0005634,UIMC1
GO:0006281,UIMC1
GO:0009314,UIMC1
GO:0006310,BARD1
GO:0006310,BRCA1
GO:0000075,RBBP8
GO:0006310,RBBP8
GO:0006310,UIMC1
GO:0006310,BACH1
GO:0003677,ETS1
GO:0005634,ETS1
GO:0006355,ETS1
GO:2001141,ETS1
GO:0005634,MCM4
GO:0000082,BRD4
GO:0000278,BRD4
GO:0051726,BRD4
GO:0000082,RFC1
GO:0000278,RFC1
GO:0005634,RFC1
GO:0051726,RFC1
GO:0000082,RFC2
GO:0000278,RFC2
GO:0005634,RFC2
GO:0051726,RFC2
GO:0000082,RFC3
GO:0000278,RFC3
GO:0005634,RFC3
GO:0051726,RFC3
GO:0000082,RFC4
GO:0000278,RFC4
GO:0005634,RFC4
GO:0051726,RFC4
GO:0000082,RFC5
GO:0000278,RFC5
GO:0005634,RFC5
GO:0051726,RFC5
GO:0003677,FOSB
GO:0005634,FOSB
GO:0006355,FOSB
GO:2001141,FOSB
GO:0008237,CLDN1
GO:0008237,MMP2
GO:0003677,POU5F1
GO:0005634,POU5F1
GO:0006355,POU5F1
GO:0009792,POU5F1
GO:2001141,POU5F1
GO:0003677,SOX2
GO:0005634,SOX2
GO:0006355,SOX2
GO:0009792,SOX2
GO:2001141,SOX2
GO:0003677,POU2F1
GO:0005634,POU2F1
GO:0006355,POU2F1
GO:0009792,POU2F1
GO:2001141,POU2F1
GO:0001654,PAX6
GO:0003677,PAX6
GO:0005634,PAX6
GO:0006355,PAX6
GO:0032504,PAX6
GO:2001141,PAX6
GO:0001654,SOX2
GO:0032504,SOX2
GO:0051276,CHTF18
GO:0003677,CHTF8
GO:0006260,CHTF8
GO:0051276,CHTF8
GO:0003677,DSCC1
GO:0006260,DSCC1
GO:0051276,DSCC1
GO:0051276,RFC2
GO:0051276,RFC3
GO:0051276,RFC4
GO:0051276,RFC5
GO:0000075,APEX1
GO:0006281,APEX1
GO:0006284,APEX1
GO:0006974,APEX1
GO:0006284,HUS1
GO:0006284,RAD1
GO:0006284,RAD9A
GO:0004713,ABL1
GO:0009314,ABL1
GO:1990782,ABL1
GO:0004713,BRCA1
GO:1990782,BRCA1
GO:0007049,BRCA1
GO:0007179,BRCA1
GO:0006281,SMAD3
GO:0007049,SMAD3
GO:0006476,BRCA1
GO:0000075,BACH1
GO:0006260,BACH1
GO:0006281,BACH1
GO:0006974,BACH1
GO:0006260,BARD1
GO:0006260,MRE11
GO:0006260,NBN
GO:0006260,RAD50
GO:0006260,RBBP8
GO:0006281,RBBP8
GO:0006974,RBBP8
GO:0000075,TOPBP1
GO:0005634,TOPBP1
GO:0006260,TOPBP1
GO:0006281,TOPBP1
GO:0006974,TOPBP1
GO:0000075,MLH1
GO:0000075,MSH6
GO:0000075,BRCA2
GO:0006260,BRCA2
GO:0006974,BRCA2
GO:0006281,CTBP1
GO:0006355,CTBP1
GO:0006974,CTBP1
GO:2001141,CTBP1
GO:0005634,VCP
GO:0006281,VCP
GO:0006974,SIRT1
GO:0006473,TP53
GO:0006476,TP53
GO:0005634,UBE2D3
GO:0006974,UBE2D3
GO:0016567,UBE2D3
GO:0005634,UBE2L3
GO:0006974,UBE2L3
GO:0000075,RAD51
GO:0006310,RAD51
GO:0003677,MED21
GO:0006351,MED21
GO:0016477,VTN
GO:0006355,ARID1B
GO:0007179,ARID1B
GO:2001141,ARID1B
GO:0007179,CREBBP
GO:2001141,CREBBP
GO:0007179,NCOA3
GO:0005634,SMAD2
GO:0006355,SMAD2
GO:2001141,SMAD2
GO:0007179,SMARCA4
GO:0007179,SMARCC1
GO:0007179,SMARCC2
GO:0006355,TRIM33
GO:2001141,TRIM33
GO:0030097,SMAD2
GO:0030097,SMAD3
GO:0030097,TRIM33
GO:0005634,SMAD2
GO:0006355,SMAD2
GO:0007179,SMAD2
GO:0030097,SMAD2
GO:2001141,SMAD2
GO:0006355,SMAD3
GO:0030097,SMAD3
GO:2001141,SMAD3
GO:0005634,TRIM33
GO:0006355,TRIM33
GO:0007179,TRIM33
GO:0030097,TRIM33
GO:2001141,TRIM33
GO:0007179,SMAD4
GO:0016363,SRRM1
GO:0016363,SRRM2
GO:0006897,ACTB
GO:0030036,ACTB
GO:0065003,ACTB
GO:0006897,CYFIP1
GO:0065003,CYFIP1
GO:0006897,DNM1
GO:0030036,DNM1
GO:0065003,DNM1
GO:0006897,HSPA8
GO:0030036,HSPA8
GO:0065003,HSPA8
GO:0006897,NCKAP1
GO:0065003,NCKAP1
GO:0006897,PFN2
GO:0030036,PFN2
GO:0065003,PFN2
GO:0006897,ROCK2
GO:0030036,ROCK2
GO:0065003,ROCK2
GO:0006897,SYN1
GO:0030036,SYN1
GO:0065003,SYN1
GO:0006897,SYN2
GO:0030036,SYN2
GO:0065003,SYN2
GO:0006897,ACTG1
GO:0030036,ACTG1
GO:0065003,ACTG1
GO:0030036,CLTC
GO:0065003,CLTC
GO:0006897,PFN1
GO:0030036,PFN1
GO:0065003,PFN1
GO:0006897,TUBB2B
GO:0030036,TUBB2B
GO:0065003,TUBB2B
GO:0006897,VCP
GO:0030036,VCP
GO:0065003,VCP
GO:0003677,CLNS1A
GO:0005634,CLNS1A
GO:0030521,CLNS1A
GO:0030850,CLNS1A
GO:0045893,CLNS1A
GO:0030521,PRMT5
GO:0030850,PRMT5
GO:0045893,PRMT5
GO:0003677,WDR77
GO:0030521,WDR77
GO:0030850,WDR77
GO:0045893,WDR77
GO:0005634,ATRX
GO:0006265,ATRX
GO:0006355,ATRX
GO:0051276,ATRX
GO:0006265,DAXX
GO:0051276,DAXX
GO:0005634,AXIN1
GO:0006355,AXIN1
GO:0006468,AXIN1
GO:0006915,AXIN1
GO:0009314,AXIN1
GO:2001141,AXIN1
GO:0006468,DAXX
GO:0006915,DAXX
GO:0009314,DAXX
GO:0006468,HIPK2
GO:0006915,HIPK2
GO:0009314,HIPK2
GO:0006468,TP53
GO:0006915,TP53
GO:0009314,TP53
GO:0005783,BAK1
GO:0006950,BAK1
GO:0097193,BAK1
GO:0005783,BAX
GO:0006950,BAX
GO:0097193,BAX
GO:0005783,ERN1
GO:0006950,ERN1
GO:0097193,ERN1
GO:0005515,THBS1
GO:0000278,JADE2
GO:0001525,JADE2
GO:0051726,JADE2
GO:0000278,JADE3
GO:0001525,JADE3
GO:0051726,JADE3
GO:0005515,CCN3
GO:0007155,CCN3
GO:0000278,ARID4A
GO:0001525,ARID4A
GO:0005634,ARID4A
GO:0006265,ARID4A
GO:0006473,ARID4A
GO:0006476,ARID4A
GO:0006915,ARID4A
GO:0051276,ARID4A
GO:0051726,ARID4A
GO:0000278,ARID4B
GO:0001525,ARID4B
GO:0006473,ARID4B
GO:0006915,ARID4B
GO:0051726,ARID4B
GO:0000278,BRMS1
GO:0001525,BRMS1
GO:0006473,BRMS1
GO:0006915,BRMS1
GO:0051726,BRMS1
GO:0000278,BRMS1L
GO:0001525,BRMS1L
GO:0005634,BRMS1L
GO:0006265,BRMS1L
GO:0006473,BRMS1L
GO:0006476,BRMS1L
GO:0006915,BRMS1L
GO:0051276,BRMS1L
GO:0051726,BRMS1L
GO:0001525,HDAC1
GO:0006915,HDAC1
GO:0001525,HDAC2
GO:0006915,HDAC2
GO:0051726,HDAC2
GO:0000278,ING2
GO:0001525,ING2
GO:0005634,ING2
GO:0006265,ING2
GO:0006473,ING2
GO:0006476,ING2
GO:0006915,ING2
GO:0051276,ING2
GO:0051726,ING2
GO:0000278,RBBP4
GO:0001525,RBBP4
GO:0006915,RBBP4
GO:0051726,RBBP4
GO:0000278,RBBP7
GO:0001525,RBBP7
GO:0006915,RBBP7
GO:0051726,RBBP7
GO:0000278,SAP130
GO:0001525,SAP130
GO:0006473,SAP130
GO:0006915,SAP130
GO:0051726,SAP130
GO:0000278,SAP30
GO:0001525,SAP30
GO:0006915,SAP30
GO:0051726,SAP30
GO:0001525,SIN3A
GO:0006915,SIN3A
GO:0051726,SIN3A
GO:0000278,SUDS3
GO:0001525,SUDS3
GO:0006473,SUDS3
GO:0006915,SUDS3
GO:0051726,SUDS3
GO:0000278,ACTL6A
GO:0051726,ACTL6A
GO:0000278,SMARCB1
GO:0051726,SMARCB1
GO:0000278,SMARCC1
GO:0051726,SMARCC1
GO:0000278,SMARCC2
GO:0051726,SMARCC2
GO:0006469,COL18A1
GO:0019210,COL18A1
GO:0006469,ITGA5
GO:0019210,ITGA5
GO:0006469,ITGB1
GO:0019210,ITGB1
GO:0036312,PIK3R2
GO:0036313,PIK3R2
GO:0046854,PIK3R2
GO:0048015,PIK3R2
GO:0016573,ACTL6A
GO:0000278,BRD8
GO:0006915,BRD8
GO:0016573,BRD8
GO:0051726,BRD8
GO:0000278,DMAP1
GO:0006915,DMAP1
GO:0016573,DMAP1
GO:0051726,DMAP1
GO:0000278,EP400
GO:0006915,EP400
GO:0016573,EP400
GO:0051726,EP400
GO:0000278,EPC1
GO:0006915,EPC1
GO:0016573,EPC1
GO:0051726,EPC1
GO:0000278,ING3
GO:0006915,ING3
GO:0016573,ING3
GO:0051726,ING3
GO:0000278,KAT5
GO:0016573,KAT5
GO:0051726,KAT5
GO:0000278,MORF4L1
GO:0006915,MORF4L1
GO:0016573,MORF4L1
GO:0051726,MORF4L1
GO:0000278,RUVBL1
GO:0016573,RUVBL1
GO:0051726,RUVBL1
GO:0000278,TRRAP
GO:0016573,TRRAP
GO:0051726,TRRAP
GO:0000278,EPC2
GO:0006915,EPC2
GO:0016573,EPC2
GO:0051726,EPC2
GO:0006915,MEAF6
GO:0016573,MEAF6
GO:0000278,RUVBL2
GO:0016573,RUVBL2
GO:0051726,RUVBL2
GO:0000278,YEATS4
GO:0006915,YEATS4
GO:0016573,YEATS4
GO:0051726,YEATS4
GO:0000278,ING5
GO:0006915,ING5
GO:0051726,ING5
GO:0006915,JADE1
GO:0006915,KAT7
GO:0000278,BRPF1
GO:0006915,BRPF1
GO:0051726,BRPF1
GO:0000278,KAT6A
GO:0006915,KAT6A
GO:0051726,KAT6A
GO:0000278,KAT6B
GO:0006915,KAT6B
GO:0051726,KAT6B
GO:0005515,SUPT4H1
GO:0005634,SUPT4H1
GO:0006354,SUPT4H1
GO:0045892,SUPT4H1
GO:0051098,SUPT4H1
GO:0005515,SUPT5H
GO:0006354,SUPT5H
GO:0045892,SUPT5H
GO:0051098,SUPT5H
GO:0002178,SPTLC1
GO:0005783,SPTLC1
GO:0016409,SPTLC1
GO:0030148,SPTLC1
GO:0002178,SPTLC3
GO:0005783,SPTLC3
GO:0016409,SPTLC3
GO:0030148,SPTLC3
GO:0003677,TEAD2
GO:0005634,TEAD2
GO:0045893,TEAD2
GO:0003677,YAP1
GO:0005634,YAP1
GO:0045893,YAP1
GO:0002221,TEAD1
GO:0003677,TEAD1
GO:0005634,TEAD1
GO:0007507,TEAD1
GO:0034121,TEAD1
GO:0035329,TEAD1
GO:0045087,TEAD1
GO:0045893,TEAD1
GO:0002221,YAP1
GO:0007507,YAP1
GO:0034121,YAP1
GO:0035329,YAP1
GO:0045087,YAP1
GO:0003677,TEAD3
GO:0005634,TEAD3
GO:0045893,TEAD3
GO:0003677,TEAD4
GO:0005634,TEAD4
GO:0045893,TEAD4
GO:0006355,MPDZ
GO:2001141,MPDZ
GO:0006355,TEAD2
GO:2001141,TEAD2
GO:0006355,YAP1
GO:2001141,YAP1
GO:0006355,YWHAQ
GO:2001141,YWHAQ
GO:0005886,GP1BA
GO:0007155,GP1BA
GO:0005634,HEXIM1
GO:0006354,HEXIM1
GO:0006355,HEXIM1
GO:2001141,HEXIM1
GO:0000087,CUL1
GO:0006468,CUL1
GO:0000087,FBXW11
GO:0006468,FBXW11
GO:0000087,SKP1
GO:0006468,SKP1
GO:0000087,BTRC
GO:0006468,BTRC
GO:0000087,RBX1
GO:0006468,RBX1
GO:0031012,ITGA5
GO:0005911,
GO:0007043,
GO:0045216,
GO:0098609,
GO:0005911,CTNND1
GO:0007043,CTNND1
GO:0045216,CTNND1
GO:0098609,CTNND1
GO:0065003,MT-ND1
GO:0065003,NDUFA6
GO:0065003,NDUFA9
GO:0005743,NDUFAF1
GO:0006119,NDUFAF1
GO:0009060,NDUFAF1
GO:0022904,NDUFAF1
GO:0065003,NDUFAF1
GO:1902600,NDUFAF1
GO:0065003,NDUFB6
GO:0065003,NDUFS3
GO:0065003,NDUFS7
GO:0005886,SPP1
GO:0065003,MT-ND2
GO:0065003,MT-ND3
GO:0007173,SHC
GO:0004713,BCR/ABL FUSION
GO:0007265,BCR/ABL FUSION
GO:0070851,BCR/ABL FUSION
GO:1990782,BCR/ABL FUSION
GO:0004713,GRB2
GO:0007265,GRB2
GO:0070851,GRB2
GO:1990782,GRB2
GO:0004713,SOS1
GO:0007265,SOS1
GO:0070851,SOS1
GO:1990782,SOS1
GO:0005515,ITGA1
GO:0007155,ITGA1
GO:0023052,GRB2
GO:0023052,SHC1
GO:0005515,PTK2
GO:0007155,PTK2
GO:0065003,NDUFS2
GO:0005886,BLNK
GO:0019724,BLNK
GO:0023052,BLNK
GO:0030183,BLNK
GO:0019724,PLCG1
GO:0023052,PLCG1
GO:0030183,PLCG1
GO:0005886,PLCG2
GO:0019724,PLCG2
GO:0023052,PLCG2
GO:0030183,PLCG2
GO:0065003,NDUFA2
GO:0065003,NDUFS4
GO:0065003,NDUFS5
GO:0065003,NDUFV2
GO:0003677,SPEN
GO:0005634,SPEN
GO:0007219,SPEN
GO:0045892,SPEN
GO:0007169,FCGR1A
GO:0007596,FCGR1A
GO:0048015,FCGR1A
GO:0007596,LAT
GO:0007169,SYK
GO:0007596,SYK
GO:0048015,SYK
GO:0006355,NCOR2
GO:0006605,NCOR2
GO:0006886,NCOR2
GO:0007219,NCOR2
GO:0015031,NCOR2
GO:2001141,NCOR2
GO:0006355,RBPJ
GO:0006605,RBPJ
GO:0006886,RBPJ
GO:0015031,RBPJ
GO:2001141,RBPJ
GO:0006355,SNW1
GO:0006605,SNW1
GO:0006886,SNW1
GO:0007219,SNW1
GO:0015031,SNW1
GO:2001141,SNW1
GO:0065003,MT-ND4
GO:0065003,MT-ND5
GO:0065003,NDUFA4
GO:0065003,NDUFAB1
GO:0065003,NDUFB1
GO:0065003,NDUFB10
GO:0065003,NDUFB11
GO:0065003,NDUFB2
GO:0065003,NDUFB3
GO:0065003,NDUFB4
GO:0065003,NDUFB5
GO:0065003,NDUFB7
GO:0065003,NDUFB8
GO:0065003,NDUFB9
GO:0065003,NDUFC2
GO:0007268,CASKIN1
GO:0065003,CASKIN1
GO:0007268,LIN7B
GO:0065003,LIN7B
GO:0007268,LIN7C
GO:0065003,LIN7C
GO:0045892,XRCC5
GO:0045892,XRCC6
GO:0003677,YY1
GO:0065003,MT-ND4L
GO:0065003,MT-ND6
GO:0065003,NDUFA1
GO:0065003,NDUFA10
GO:0065003,NDUFA3
GO:0065003,NDUFA8
GO:0065003,NDUFC1
GO:0065003,NDUFA11
GO:0065003,NDUFA12
GO:0065003,NDUFA13
GO:0065003,NDUFA5
GO:0065003,NDUFA7
GO:0065003,NDUFS1
GO:0065003,NDUFS6
GO:0065003,NDUFS8
GO:0065003,NDUFV1
GO:0065003,NDUFV3
GO:0007219,CTBP1
GO:0007219,CTBP2
GO:0007219,RBBP8
GO:0003677,PTF1A
GO:0005634,PTF1A
GO:0006355,PTF1A
GO:0031016,PTF1A
GO:0003677,RBPJL
GO:0005634,RBPJL
GO:0006355,RBPJL
GO:0031016,RBPJL
GO:0003677,TCF12
GO:0005634,TCF12
GO:0006355,TCF12
GO:0031016,TCF12
GO:0003677,TCF4
GO:0005634,TCF4
GO:0006355,TCF4
GO:0031016,TCF4
GO:0031016,TCF3
GO:0022008,PTF1A
GO:0048699,PTF1A
GO:0022008,RBPJ
GO:0031016,RBPJ
GO:0048699,RBPJ
GO:0022008,TCF12
GO:0048699,TCF12
GO:0005739,ECSIT
GO:0034985,ECSIT
GO:0065003,ECSIT
GO:0005739,GAPDH
GO:0034985,GAPDH
GO:0065003,GAPDH
GO:0005739,MT-CO2
GO:0034985,MT-CO2
GO:0065003,MT-CO2
GO:0005739,NDUFAF1
GO:0034985,NDUFAF1
GO:0005739,TRAF6
GO:0034985,TRAF6
GO:0065003,TRAF6
GO:0003677,PTF1A
GO:0005634,PTF1A
GO:0006355,PTF1A
GO:0031016,PTF1A
GO:2001141,PTF1A
GO:0003677,TCF12
GO:0005634,TCF12
GO:0006355,TCF12
GO:0031016,TCF12
GO:2001141,TCF12
GO:0005739,NDUFS3
GO:0005739,TOMM20
GO:0065003,TOMM20
GO:0005739,MT-ND1
GO:0034985,MT-ND1
GO:0005739,NDUFA1
GO:0034985,NDUFA1
GO:0005634,MEIS2
GO:0031016,MEIS2
GO:0045893,MEIS2
GO:0005634,PBX1
GO:0031016,PBX1
GO:0045893,PBX1
GO:0005634,PDX1
GO:0031016,PDX1
GO:0045893,PDX1
GO:0034985,NDUFS3
GO:0007219,LCK
GO:0043066,LCK
GO:0045893,LCK
GO:0030217,NOTCH1
GO:0043066,NOTCH1
GO:0007219,PIK3R1
GO:0030217,PIK3R1
GO:0043066,PIK3R1
GO:0045893,PIK3R1
GO:0003677,FHL1
GO:0005515,FHL1
GO:0005634,FHL1
GO:0007219,FHL1
GO:0045892,FHL1
GO:0005515,RBPJ
GO:0005515,RING1
GO:0007219,RING1
GO:0007219,YY1
GO:0045893,YY1
GO:0003677,MAML1
GO:0005634,MAML1
GO:0007219,MAML1
GO:0045893,MAML1
GO:0003677,NOTCH2
GO:0005634,NOTCH2
GO:0007219,NOTCH2
GO:0045893,NOTCH2
GO:0045893,RBPJ
GO:0003677,NOTCH3
GO:0005634,NOTCH3
GO:0007219,NOTCH3
GO:0045893,NOTCH3
GO:0003677,NOTCH4
GO:0005634,NOTCH4
GO:0007219,NOTCH4
GO:0045893,NOTCH4
GO:0005634,EP300
GO:0006476,EP300
GO:0007219,EP300
GO:0051090,EP300
GO:0003677,KAT2B
GO:0005634,KAT2B
GO:0006476,KAT2B
GO:0007219,KAT2B
GO:0045893,KAT2B
GO:0051090,KAT2B
GO:0003677,NOTCH1
GO:0005634,NOTCH1
GO:0006476,NOTCH1
GO:0007219,NOTCH1
GO:0045893,NOTCH1
GO:0051090,NOTCH1
GO:0006476,SMAD1
GO:0007219,SMAD1
GO:0045893,SMAD1
GO:0051090,SMAD1
GO:0050896,LCK
GO:0006476,SMAD1
GO:0003677,OAZ1
GO:0005634,OAZ1
GO:0006355,OAZ1
GO:0010498,OAZ1
GO:0030509,OAZ1
GO:0060395,OAZ1
GO:0003677,PSMB4
GO:0006355,PSMB4
GO:0010498,PSMB4
GO:0030509,PSMB4
GO:0060395,PSMB4
GO:0003677,SMAD1
GO:0006355,SMAD1
GO:0010498,SMAD1
GO:0030509,SMAD1
GO:0060395,SMAD1
GO:0023052,ITK
GO:0048015,ITK
GO:0023052,LCP2
GO:0023052,PLCG1
GO:0023052,VAV1
GO:0006909,BCAR1
GO:0007229,BCAR1
GO:0043067,BCAR1
GO:0006909,CRK
GO:0007229,CRK
GO:0043067,CRK
GO:0006909,DOCK1
GO:0007229,DOCK1
GO:0043067,DOCK1
GO:0050896,ITK
GO:0005515,ADAM1A
GO:0005515,ADAM3
GO:0000278,GNAI1
GO:0007098,GNAI1
GO:0051225,GNAI1
GO:0051726,GNAI1
GO:0000278,GPSM2
GO:0007098,GPSM2
GO:0051225,GPSM2
GO:0051726,GPSM2
GO:0000278,NUMA1
GO:0007098,NUMA1
GO:0051225,NUMA1
GO:0051726,NUMA1
GO:0001525,ITGA9
GO:0001525,ITGB1
GO:0001525,THBS1
GO:0010507,MLST8
GO:0019725,MLST8
GO:0033554,MLST8
GO:0071900,MLST8
GO:0010507,MTOR
GO:0019725,MTOR
GO:0033554,MTOR
GO:0071900,MTOR
GO:0000902,RPTOR
GO:0010507,RPTOR
GO:0016049,RPTOR
GO:0019725,RPTOR
GO:0033554,RPTOR
GO:0071900,RPTOR
GO:0007155,VEGFC
GO:0016477,VEGFC
GO:0030154,VEGFC
GO:0001525,ITGA9
GO:0001525,ITGB1
GO:0001525,VEGFA
GO:0007254,DIXDC1
GO:0007254,DVL2
GO:0007254,RAC1
GO:0005737,E2F4
GO:0005737,E2F5
GO:0005737,RBL1
GO:0005737,TFDP1
GO:0007254,AXIN1
GO:0007254,MAP3K1
GO:0007254,MAP3K4
GO:0005634,NKX3-2
GO:0006355,NKX3-2
GO:0007178,NKX3-2
GO:2001141,NKX3-2
GO:0007178,SMAD1
GO:0007178,SMAD4
GO:0007178,HDAC1
GO:0006265,NKX3-2
GO:0006476,NKX3-2
GO:0045892,NKX3-2
GO:0051276,NKX3-2
GO:0006265,SMAD1
GO:0045892,SMAD1
GO:0051276,SMAD1
GO:0006265,SMAD4
GO:0006476,SMAD4
GO:0045892,SMAD4
GO:0051276,SMAD4
GO:0007178,RBBP4
GO:0007178,RBBP7
GO:0007178,SIN3A
GO:0001503,ADAM8
GO:0005515,ADAM8
GO:0007155,ADAM8
GO:0030316,ADAM8
GO:0001503,ITGA9
GO:0030316,ITGA9
GO:0001503,ITGB1
GO:0030316,ITGB1
GO:0005515,SMAD7
GO:0005634,SMAD7
GO:0005515,SMURF2
GO:0005634,SMURF2
GO:0016055,GSK3A
GO:0005515,SMURF1
GO:0005634,SMURF1
GO:0043161,TGFBR2
GO:0016055,AXIN1
GO:0016055,GSK3B
GO:0016055,PPP2R5A
GO:0045893,SMAD2
GO:0045893,SMAD3
GO:0060395,SMAD2
GO:0045893,SMAD4
GO:0060395,SMAD3
GO:0016055,APC
GO:0005783,TGFBR1
GO:0005783,TGFBR2
GO:0005737,APC
GO:0030036,APC
GO:0005737,IQGAP1
GO:0030036,IQGAP1
GO:0005737,TUBA1A
GO:0030036,TUBA1A
GO:0005737,TUBG1
GO:0030036,TUBG1
GO:0005856,RAC1
GO:0007010,RAC1
GO:0016477,RAC1
GO:0005856,CDC42
GO:0007010,CDC42
GO:0016477,CDC42
GO:0000226,DIAPH1
GO:0015630,DIAPH1
GO:0016477,DIAPH1
GO:0000278,SS18L1
GO:0000279,SS18L1
GO:0003677,SS18L1
GO:0005694,SS18L1
GO:0007059,SS18L1
GO:0051276,SS18L1
GO:0000278,STAG3
GO:0000279,STAG3
GO:0003677,STAG3
GO:0005694,STAG3
GO:0007059,STAG3
GO:0051276,STAG3
GO:0000278,SYCP1
GO:0000279,SYCP1
GO:0003677,SYCP1
GO:0005694,SYCP1
GO:0007059,SYCP1
GO:0051276,SYCP1
GO:0000278,CCNE1
GO:0006468,CCNE1
GO:0006511,CCNE1
GO:0016567,CCNE1
GO:0006511,CDK2
GO:0016567,CDK2
GO:0000278,CDKN1B
GO:0006511,CDKN1B
GO:0016567,CDKN1B
GO:0000278,CKS1B
GO:0006468,CKS1B
GO:0006511,CKS1B
GO:0016567,CKS1B
GO:0000278,SKP2
GO:0006468,SKP2
GO:0000278,SYCP3
GO:0000279,SYCP3
GO:0003677,SYCP3
GO:0005694,SYCP3
GO:0007059,SYCP3
GO:0000278,SYCP2
GO:0000279,SYCP2
GO:0003677,SYCP2
GO:0005694,SYCP2
GO:0007059,SYCP2
GO:0051276,SYCP2
GO:0000278,SMC4
GO:0000279,SMC4
GO:0003677,SMC4
GO:0005694,SMC4
GO:0007059,SMC4
GO:0051276,SMC4
GO:0000278,REC8
GO:0000279,REC8
GO:0003677,REC8
GO:0005694,REC8
GO:0007059,REC8
GO:0000278,SMC1B
GO:0000279,SMC1B
GO:0003677,SMC1B
GO:0005694,SMC1B
GO:0007059,SMC1B
GO:0000279,SMC3
GO:0003677,SMC3
GO:0005515,TGFB3
GO:0005886,TGFB3
GO:0007179,TGFB3
GO:0065003,TGFB3
GO:0005515,TGFBR2
GO:0005886,TGFBR2
GO:0065003,TGFBR2
GO:0005515,TGFB1
GO:0005886,TGFB1
GO:0007179,TGFB1
GO:0065003,TGFB1
GO:0005886,TGFBR1
GO:0003723,DDX17
GO:0005634,DDX17
GO:0006396,DDX17
GO:0003723,DDX5
GO:0005634,DDX5
GO:0006396,DDX5
GO:0003723,DGCR8
GO:0005634,DGCR8
GO:0006396,DGCR8
GO:0003723,DHX15
GO:0005634,DHX15
GO:0006396,DHX15
GO:0003723,DROSHA
GO:0005634,DROSHA
GO:0006396,DROSHA
GO:0003723,HNRNPH1
GO:0005634,HNRNPH1
GO:0006396,HNRNPH1
GO:0003723,HNRNPM
GO:0005634,HNRNPM
GO:0006396,HNRNPM
GO:0003723,TARDBP
GO:0005634,TARDBP
GO:0006396,TARDBP
GO:0003723,AGO2
GO:0005737,AGO2
GO:0006396,AGO2
GO:0032774,AGO2
GO:0003723,DICER1
GO:0005737,DICER1
GO:0006396,DICER1
GO:0032774,DICER1
GO:0003723,HSP90AB1
GO:0005737,HSP90AB1
GO:0006396,HSP90AB1
GO:0032774,HSP90AB1
GO:0003723,TARBP2
GO:0005737,TARBP2
GO:0006396,TARBP2
GO:0032774,TARBP2
GO:0065003,PSMG3
GO:0065003,PSMG4
GO:0006457,PSMG1
GO:0050821,PSMG1
GO:0065003,PSMG1
GO:0006457,PSMG2
GO:0050821,PSMG2
GO:0065003,PSMG2
GO:0051726,CKS1B
GO:0051726,CUL1
GO:0051726,RBX1
GO:0051726,SKP1
GO:0051726,SKP2
GO:0005886,CUL1
GO:0007268,CUL1
GO:0005886,FBXL20
GO:0006511,FBXL20
GO:0007268,FBXL20
GO:0016567,FBXL20
GO:0005886,SKP1
GO:0007268,SKP1
GO:0003677,FOXH1
GO:0005634,FOXH1
GO:0007179,FOXH1
GO:0045893,FOXH1
GO:0003677,SMAD2
GO:0045893,SMAD2
GO:0004812,AIMP1
GO:0005634,AIMP1
GO:0005737,AIMP1
GO:0004812,AIMP2
GO:0005634,AIMP2
GO:0005737,AIMP2
GO:0004812,DARS1
GO:0005634,DARS1
GO:0005737,DARS1
GO:0004812,EEF1E1
GO:0005634,EEF1E1
GO:0005737,EEF1E1
GO:0004812,EPRS1
GO:0005634,EPRS1
GO:0005737,EPRS1
GO:0004812,IARS1
GO:0005634,IARS1
GO:0005737,IARS1
GO:0004812,KARS1
GO:0005634,KARS1
GO:0005737,KARS1
GO:0004812,LARS1
GO:0005634,LARS1
GO:0005737,LARS1
GO:0004812,MARS1
GO:0005634,MARS1
GO:0005737,MARS1
GO:0004812,QARS1
GO:0005634,QARS1
GO:0005737,QARS1
GO:0004812,RARS1
GO:0005634,RARS1
GO:0005737,RARS1
GO:0001503,BMP2
GO:0007179,BMP2
GO:0030316,BMP2
GO:0030509,BMP2
GO:0051216,BMP2
GO:0001503,BMP4
GO:0007179,BMP4
GO:0030316,BMP4
GO:0030509,BMP4
GO:0051216,BMP4
GO:0001503,BMPR1A
GO:0007179,BMPR1A
GO:0030316,BMPR1A
GO:0030509,BMPR1A
GO:0051216,BMPR1A
GO:0003677,SKI
GO:0005634,SKI
GO:0006265,SKI
GO:0006476,SKI
GO:0045892,SKI
GO:0051276,SKI
GO:0003677,NFKB1
GO:0005634,NFKB1
GO:0007249,NFKB1
GO:0030183,NFKB1
GO:0007249,POU2F1
GO:0030183,POU2F1
GO:0003677,POU2F2
GO:0005634,POU2F2
GO:0006355,POU2F2
GO:0007249,POU2F2
GO:0030183,POU2F2
GO:2001141,POU2F2
GO:0003677,RELA
GO:0005634,RELA
GO:0030183,RELA
GO:0006355,YY1
GO:0007249,YY1
GO:0030183,YY1
GO:2001141,YY1
GO:0003677,RELB
GO:0005634,RELB
GO:0007249,RELB
GO:0030183,RELB
GO:0043066,RELB
GO:0043066,YY1
GO:0005634,BOP1
GO:0042254,BOP1
GO:0005634,CDK11B
GO:0042254,CDK11B
GO:0005634,CEBPZ
GO:0042254,CEBPZ
GO:0005634,DDX18
GO:0042254,DDX18
GO:0005634,DDX21
GO:0042254,DDX21
GO:0005634,DDX24
GO:0042254,DDX24
GO:0005634,DDX27
GO:0042254,DDX27
GO:0042254,DDX5
GO:0005634,DDX56
GO:0042254,DDX56
GO:0042254,DHX15
GO:0005634,EBNA1BP2
GO:0042254,EBNA1BP2
GO:0005634,EEF1G
GO:0042254,EEF1G
GO:0005634,FBL
GO:0042254,FBL
GO:0005634,FN1
GO:0042254,FN1
GO:0005634,FTSJ3
GO:0042254,FTSJ3
GO:0005634,GAS8
GO:0042254,GAS8
GO:0005634,GNL2
GO:0042254,GNL2
GO:0005634,GTPBP4
GO:0042254,GTPBP4
GO:0042254,MND1
GO:0005634,MRTO4
GO:0042254,MRTO4
GO:0005634,MYBBP1A
GO:0042254,MYBBP1A
GO:0042254,NCL
GO:0005634,NIFK
GO:0042254,NIFK
GO:0005634,NOP2
GO:0042254,NOP2
GO:0005634,NOP56
GO:0042254,NOP56
GO:0005634,NOP58
GO:0042254,NOP58
GO:0005634,PES1
GO:0042254,PES1
GO:0005634,PIN4
GO:0042254,PIN4
GO:0005634,RBM28
GO:0042254,RBM28
GO:0005634,RPF2
GO:0042254,RPF2
GO:0005634,RPL10
GO:0042254,RPL10
GO:0005634,RPL10A
GO:0042254,RPL10A
GO:0005634,RPL13
GO:0042254,RPL13
GO:0005634,RPL13A
GO:0042254,RPL13A
GO:0005634,RPL14
GO:0042254,RPL14
GO:0005634,RPL15
GO:0042254,RPL15
GO:0005634,RPL18
GO:0042254,RPL18
GO:0005634,RPL18A
GO:0042254,RPL18A
GO:0005634,RPL19
GO:0042254,RPL19
GO:0005634,RPL21
GO:0042254,RPL21
GO:0005634,RPL26
GO:0042254,RPL26
GO:0005634,RPL3
GO:0042254,RPL3
GO:0005634,RPL4
GO:0042254,RPL4
GO:0005634,RPL5
GO:0042254,RPL5
GO:0005634,RPL6
GO:0042254,RPL6
GO:0005634,RPL7
GO:0042254,RPL7
GO:0005634,RPL7A
GO:0042254,RPL7A
GO:0005634,RPL8
GO:0042254,RPL8
GO:0005634,RPLP0
GO:0042254,RPLP0
GO:0005634,RPS3
GO:0042254,RPS3
GO:0005634,RPS3A
GO:0042254,RPS3A
GO:0005634,RPS4X
GO:0042254,RPS4X
GO:0005634,RPS6
GO:0042254,RPS6
GO:0005634,RPS8
GO:0042254,RPS8
GO:0005634,RPS9
GO:0042254,RPS9
GO:0005634,RRP1
GO:0042254,RRP1
GO:0005634,RRS1
GO:0042254,RRS1
GO:0005634,RSL1D1
GO:0042254,RSL1D1
GO:0005634,TPX2
GO:0042254,TPX2
GO:0005634,TUBA1B
GO:0042254,TUBA1B
GO:0005634,TUBB5
GO:0042254,TUBB5
GO:0005634,WDR12
GO:0042254,WDR12
GO:0003677,MAX
GO:0005634,MAX
GO:0045892,MAX
GO:0003677,MXD1
GO:0005634,MXD1
GO:0045892,MXD1
GO:0003677,SIN3B
GO:0003677,MXD1
GO:0005634,MXD1
GO:0045892,MXD1
GO:0045893,MAX
GO:0045893,MYC
GO:0006265,MXD1
GO:0006355,MXD1
GO:0006476,MXD1
GO:0051276,MXD1
GO:2001141,MXD1
GO:0005634,ACTA2
GO:0042254,ACTA2
GO:0005634,ACTG2
GO:0042254,ACTG2
GO:0005634,BRIX1
GO:0042254,BRIX1
GO:0042254,DDX21
GO:0042254,DHX9
GO:0005634,EBNA1BP2
GO:0042254,EBNA1BP2
GO:0042254,EEF1A1
GO:0005634,EEF2
GO:0042254,EEF2
GO:0005634,GNL3
GO:0042254,GNL3
GO:0005634,H1-10
GO:0042254,H1-10
GO:0005634,H1-3
GO:0042254,H1-3
GO:0042254,H2BC14
GO:0005634,HNRNPA1
GO:0042254,HNRNPA1
GO:0042254,HNRNPM
GO:0042254,HNRNPU
GO:0005634,IGF2BP1
GO:0042254,IGF2BP1
GO:0042254,ILF2
GO:0042254,ILF3
GO:0005634,LUC7L2
GO:0042254,LUC7L2
GO:0005634,LYAR
GO:0042254,LYAR
GO:0005634,MYBBP1A
GO:0042254,MYBBP1A
GO:0005634,NAP1L1
GO:0042254,NAP1L1
GO:0042254,NCL
GO:0005634,NOLC1
GO:0042254,NOLC1
GO:0005634,NOP56
GO:0042254,NOP56
GO:0005634,NOP58
GO:0042254,NOP58
GO:0042254,NPM1
GO:0005634,PWP1
GO:0042254,PWP1
GO:0005634,RPL11
GO:0042254,RPL11
GO:0005634,RPL12
GO:0042254,RPL12
GO:0005634,RPL13
GO:0042254,RPL13
GO:0005634,RPL13A
GO:0042254,RPL13A
GO:0005634,RPL14
GO:0042254,RPL14
GO:0005634,RPL15
GO:0042254,RPL15
GO:0005634,RPL17
GO:0042254,RPL17
GO:0005634,RPL18
GO:0042254,RPL18
GO:0005634,RPL18A
GO:0042254,RPL18A
GO:0005634,RPL19
GO:0042254,RPL19
GO:0005634,RPL21
GO:0042254,RPL21
GO:0005634,RPL22
GO:0042254,RPL22
GO:0005634,RPL23
GO:0042254,RPL23
GO:0005634,RPL23A
GO:0042254,RPL23A
GO:0005634,RPL24
GO:0042254,RPL24
GO:0005634,RPL26
GO:0042254,RPL26
GO:0005634,RPL27
GO:0042254,RPL27
GO:0005634,RPL27A
GO:0042254,RPL27A
GO:0005634,RPL28
GO:0042254,RPL28
GO:0005634,RPL29
GO:0042254,RPL29
GO:0005634,RPL3
GO:0042254,RPL3
GO:0005634,RPL30
GO:0042254,RPL30
GO:0005634,RPL31
GO:0042254,RPL31
GO:0005634,RPL32
GO:0042254,RPL32
GO:0005634,RPL35
GO:0042254,RPL35
GO:0005634,RPL35A
GO:0042254,RPL35A
GO:0005634,RPL36
GO:0042254,RPL36
GO:0005634,RPL36A
GO:0042254,RPL36A
GO:0005634,RPL37A
GO:0042254,RPL37A
GO:0005634,RPL39
GO:0042254,RPL39
GO:0005634,RPL4
GO:0042254,RPL4
GO:0005634,RPL5
GO:0042254,RPL5
GO:0005634,RPL6
GO:0042254,RPL6
GO:0005634,RPL7
GO:0042254,RPL7
GO:0005634,RPL7A
GO:0042254,RPL7A
GO:0005634,RPL8
GO:0042254,RPL8
GO:0005634,RPL9
GO:0042254,RPL9
GO:0005634,RPLP0
GO:0042254,RPLP0
GO:0005634,RPLP1
GO:0042254,RPLP1
GO:0005634,RPLP2
GO:0042254,RPLP2
GO:0005634,RPS11
GO:0042254,RPS11
GO:0005634,RPS12
GO:0042254,RPS12
GO:0005634,RPS13
GO:0042254,RPS13
GO:0005634,RPS14
GO:0042254,RPS14
GO:0005634,RPS15
GO:0042254,RPS15
GO:0005634,RPS15A
GO:0042254,RPS15A
GO:0005634,RPS16
GO:0042254,RPS16
GO:0005634,RPS17
GO:0042254,RPS17
GO:0005634,RPS18
GO:0042254,RPS18
GO:0005634,RPS2
GO:0042254,RPS2
GO:0005634,RPS23
GO:0042254,RPS23
GO:0005634,RPS24
GO:0042254,RPS24
GO:0005634,RPS29
GO:0042254,RPS29
GO:0005634,RPS3A
GO:0042254,RPS3A
GO:0005634,RPS6
GO:0042254,RPS6
GO:0005634,RPS7
GO:0042254,RPS7
GO:0005634,RPS8
GO:0042254,RPS8
GO:0005634,SCYL2
GO:0042254,SCYL2
GO:0005634,SLC25A5
GO:0042254,SLC25A5
GO:0005634,SNU13
GO:0042254,SNU13
GO:0005634,SRP14
GO:0042254,SRP14
GO:0042254,SRPK1
GO:0005634,TCOF1
GO:0042254,TCOF1
GO:0042254,TOP1
GO:0005634,TUFM
GO:0042254,TUFM
GO:0042254,U2AF1
GO:0042254,U2AF2
GO:0042254,YBX1
GO:0007155,ITGA10
GO:0008305,ITGA10
GO:0051211,ITGA10
GO:0051211,ITGB1
GO:0005515,ITGA11
GO:0007155,ITGA11
GO:0008305,ITGA11
GO:0016477,ITGA11
GO:0007229,COL1A1
GO:0007229,ITGA11
GO:0007229,ITGB1
GO:0003677,CCNC
GO:0006265,CCNC
GO:0006351,CCNC
GO:0006265,CDK8
GO:0006351,CDK8
GO:0006265,GTF2F1
GO:0006265,MED21
GO:0006265,POLR2A
GO:0006351,SMARCA2
GO:0006351,SMARCB1
GO:0003677,KAT2B
GO:0003677,DRAP1
GO:0005634,DRAP1
GO:0006265,DRAP1
GO:0006351,DRAP1
GO:0006265,GTF2B
GO:0006265,GTF2E1
GO:0006265,GTF2H1
GO:0003677,PCSK4
GO:0005634,PCSK4
GO:0006265,PCSK4
GO:0006351,PCSK4
GO:0006351,SMARCC1
GO:0006351,SMARCC2
GO:0006351,SMARCD1
GO:0006351,ACTL6A
GO:0006351,SMARCE1
GO:0006265,ERCC3
GO:0006265,GTF2H3
GO:0006351,SMARCA4
GO:0003677,CCNH
GO:0006265,CCNH
GO:0006351,CCNH
GO:0015031,ADAM1A
GO:0140318,ADAM1A
GO:0005096,AMOT
GO:0007043,AMOT
GO:0008104,AMOT
GO:0009798,AMOT
GO:0030054,AMOT
GO:0043547,AMOT
GO:0051211,AMOT
GO:0005096,ARHGAP17
GO:0007043,ARHGAP17
GO:0008104,ARHGAP17
GO:0009798,ARHGAP17
GO:0030054,ARHGAP17
GO:0043547,ARHGAP17
GO:0051211,ARHGAP17
GO:0005096,PARD3
GO:0008104,PARD3
GO:0043547,PARD3
GO:0006281,CHTF18
GO:0006310,CHTF18
GO:0006281,CHTF8
GO:0006310,CHTF8
GO:0006281,DSCC1
GO:0006310,DSCC1
GO:0003677,POLH
GO:0005634,POLH
GO:0006260,POLH
GO:0006281,POLH
GO:0006310,POLH
GO:0006310,RFC2
GO:0006310,RFC3
GO:0006310,RFC4
GO:0006310,RFC5
GO:0000226,ARMC8
GO:0005634,ARMC8
GO:0005737,ARMC8
GO:0007059,ARMC8
GO:0016477,ARMC8
GO:0000226,MAEA
GO:0005634,MAEA
GO:0005737,MAEA
GO:0007059,MAEA
GO:0016477,MAEA
GO:0005634,MKLN1
GO:0007059,MKLN1
GO:0016477,MKLN1
GO:0005634,RANBP9
GO:0007059,RANBP9
GO:0016477,RANBP9
GO:0000226,RMND5A
GO:0005634,RMND5A
GO:0005737,RMND5A
GO:0007059,RMND5A
GO:0016477,RMND5A
GO:0005515,CCT2
GO:0005515,CCT3
GO:0005515,CCT4
GO:0005515,CCT5
GO:0005515,CCT6B
GO:0005524,CCT6B
GO:0005737,CCT6B
GO:0006457,CCT6B
GO:0050821,CCT6B
GO:0005515,CCT7
GO:0005515,CCT8
GO:0005515,TCP1
GO:0016272,CCT6B
GO:0036211,ASH2L
GO:0005634,KDM6A
GO:0006479,KDM6A
GO:0018126,KDM6A
GO:0036211,KDM6A
GO:0045893,KDM6A
GO:0006479,KMT2C
GO:0018126,KMT2C
GO:0036211,KMT2C
GO:0036211,KMT2D
GO:0005634,N4BP2
GO:0006479,N4BP2
GO:0018126,N4BP2
GO:0036211,N4BP2
GO:0045893,N4BP2
GO:0006479,NCOA6
GO:0018126,NCOA6
GO:0036211,NCOA6
GO:0005634,PAXIP1
GO:0006479,PAXIP1
GO:0018126,PAXIP1
GO:0036211,PAXIP1
GO:0045893,PAXIP1
GO:0005634,PPP6R3
GO:0006479,PPP6R3
GO:0018126,PPP6R3
GO:0036211,PPP6R3
GO:0045893,PPP6R3
GO:0005634,PROSER1
GO:0006479,PROSER1
GO:0018126,PROSER1
GO:0036211,PROSER1
GO:0045893,PROSER1
GO:0036211,RBBP5
GO:0036211,WDR5
GO:0005634,ZNF281
GO:0006479,ZNF281
GO:0018126,ZNF281
GO:0036211,ZNF281
GO:0045893,ZNF281
GO:0045892,ELK1
GO:0048745,ELK1
GO:0045892,SRF
GO:0048745,SRF
GO:0045893,MYOCD
GO:0048745,MYOCD
GO:0045893,SRF
GO:0005730,DGCR8
GO:0003723,NCL
GO:0005730,NCL
GO:0006396,NCL
GO:0005730,ILF3
GO:0005737,ILF3
GO:0006405,ILF3
GO:0005634,XPO5
GO:0005737,XPO5
GO:0006405,XPO5
GO:0006396,DHX9
GO:0006396,HNRNPR
GO:0006396,HSPA5
GO:0005634,CCND1
GO:0097128,CCND1
GO:0006468,CDK4
GO:0097128,CDK4
GO:0006468,CCND2
GO:0097129,CCND2
GO:0097129,CDK4
GO:0005634,CCND3
GO:0097130,CCND3
GO:0097130,CDK4
GO:0097131,CCND1
GO:0005634,CDK6
GO:0006468,CDK6
GO:0097131,CDK6
GO:0097132,CCND2
GO:0097132,CDK6
GO:0097133,CCND3
GO:0097133,CDK6
GO:0001508,KCNIP4
GO:0005216,KCNIP4
GO:0005249,KCNIP4
GO:0005886,KCNIP4
GO:0006812,KCNIP4
GO:0008076,KCNIP4
GO:0008324,KCNIP4
GO:0019227,KCNIP4
GO:0019228,KCNIP4
GO:0071805,KCNIP4
GO:0015459,KCND3
GO:0015459,KCNIP1
GO:0001540,APP
GO:0005739,APP
GO:0005741,APP
GO:0006605,APP
GO:0006886,APP
GO:0015031,APP
GO:0001540,TOMM40
GO:0005739,TOMM40
GO:0005741,TOMM40
GO:0006605,TOMM40
GO:0006886,TOMM40
GO:0015031,TOMM40
GO:0005743,APP
GO:0001540,TIMM23
GO:0006605,TIMM23
GO:0006886,TIMM23
GO:0005741,MTX1
GO:0015031,MTX1
GO:0005741,MTX2
GO:0015031,MTX2
GO:0005886,ITGAV
GO:0007155,ITGAV
GO:0005886,ITGB3
GO:0007155,ITGB3
GO:0007010,GRB2
GO:0007010,ITGA6
GO:0023052,ITGA6
GO:0007010,ITGB4
GO:0023052,ITGB4
GO:0007010,SHC1
GO:0005634,COIL
GO:0015030,COIL
GO:0016791,COIL
GO:0030532,COIL
GO:0051030,COIL
GO:0005634,TIMM50
GO:0015030,TIMM50
GO:0016791,TIMM50
GO:0030532,TIMM50
GO:0051030,TIMM50
GO:0045893,PPARGC1A
GO:0005634,YY1
GO:0045893,YY1
GO:0005634,MTOR
GO:0045893,MTOR
GO:0003723,ADAR
GO:0005634,ADAR
GO:0006265,ADAR
GO:0007059,ADAR
GO:0016556,ADAR
GO:0051276,ADAR
GO:0006265,DHX9
GO:0007059,DHX9
GO:0016556,DHX9
GO:0005634,HDLBP
GO:0006265,HDLBP
GO:0016556,HDLBP
GO:0051276,HDLBP
GO:0006265,PRKDC
GO:0016556,PRKDC
GO:0051276,PRKDC
GO:0006265,XRCC5
GO:0016556,XRCC5
GO:0006265,XRCC6
GO:0016556,XRCC6
GO:0048870,ITGAV
GO:0048870,ITGB3
GO:0005886,SLC3A2
GO:0007155,SLC3A2
GO:0048870,SLC3A2
GO:0005886,NRP1
GO:0007155,NRP1
GO:0005886,ITGA7
GO:0007155,ITGA7
GO:0005886,LAMA2
GO:0007155,LAMA2
GO:0007229,ITGA7
GO:0007229,ITGB1
GO:0005886,PTK2
GO:0007229,PTK2
GO:0005886,GNA12
GO:0007186,GNA12
GO:0016477,GNA12
GO:0007186,ITGAV
GO:0005886,P2RY2
GO:0007186,P2RY2
GO:0016477,P2RY2
GO:0007155,ICAM4
GO:0007155,ITGAX
GO:0007155,ITGB2
GO:0005886,MLPH
GO:0050931,MLPH
GO:0070285,MLPH
GO:0005886,MYO5A
GO:0050931,MYO5A
GO:0070285,MYO5A
GO:0005886,RAB27A
GO:0050931,RAB27A
GO:0070285,RAB27A
GO:0005515,VTN
GO:0007155,VTN
GO:0000387,GEMIN2
GO:0034718,GEMIN2
GO:0000387,SMN1
GO:0034718,SMN1
GO:0000387,SNRPB
GO:0034718,SNRPB
GO:0000387,SNRPD1
GO:0034718,SNRPD1
GO:0000387,SNRPD2
GO:0034718,SNRPD2
GO:0000387,SNRPD3
GO:0034718,SNRPD3
GO:0034718,SNRPE
GO:0022008,CASK
GO:0030182,CASK
GO:0030705,CASK
GO:0048699,CASK
GO:0022008,GRIN2B
GO:0030182,GRIN2B
GO:0030705,GRIN2B
GO:0048699,GRIN2B
GO:0022008,LIN7A
GO:0030182,LIN7A
GO:0030705,LIN7A
GO:0048699,LIN7A
GO:0050896,LIN7A
GO:0003677,POU2AF1
GO:0005634,POU2AF1
GO:0045892,POU2AF1
GO:0045892,POU2F1
GO:0045892,POU2F2
GO:0003677,TLE4
GO:0005634,TLE4
GO:0045892,TLE4
GO:0005515,TLE2
GO:0005634,TLE2
GO:0045892,TLE2
GO:0003677,HES1
GO:0005634,HES1
GO:0007219,HES1
GO:0022008,HES1
GO:0045892,HES1
GO:0048699,HES1
GO:0003677,TLE2
GO:0005634,TLE2
GO:0007219,TLE2
GO:0022008,TLE2
GO:0045892,TLE2
GO:0048699,TLE2
GO:0045892,H3C1
GO:0006265,TLE1
GO:0051276,TLE1
GO:0051090,PSEN1
GO:0045893,DHX9
GO:0003677,SND1
GO:0005634,SND1
GO:0006265,SND1
GO:0045893,SND1
GO:0051276,SND1
GO:0003677,STAT6
GO:0005634,STAT6
GO:0006265,STAT6
GO:0045893,STAT6
GO:0051276,STAT6
GO:0005515,TLE3
GO:0005634,TLE3
GO:0045892,TLE3
GO:0051090,TLE3
GO:0051098,TLE3
GO:0005515,TLE5
GO:0005634,TLE5
GO:0045892,TLE5
GO:0051090,TLE5
GO:0051098,TLE5
GO:0007219,TLE1
GO:0022008,TLE1
GO:0048699,TLE1
GO:0006355,POU2AF1
GO:0005524,ATP1A1
GO:0005886,ATP1A1
GO:0005890,ATP1A1
GO:0006812,ATP1A1
GO:0008324,ATP1A1
GO:0042626,ATP1A1
GO:0005524,ATP1B1
GO:0005886,ATP1B1
GO:0005890,ATP1B1
GO:0006812,ATP1B1
GO:0008324,ATP1B1
GO:0042626,ATP1B1
GO:0005524,FXYD2
GO:0005886,FXYD2
GO:0005890,FXYD2
GO:0006812,FXYD2
GO:0008324,FXYD2
GO:0042626,FXYD2
GO:0003677,TLE1
GO:0005634,TLE1
GO:0007219,TLE1
GO:0022008,TLE1
GO:0045892,TLE1
GO:0048699,TLE1
GO:0008593,CREBBP
GO:0030182,CREBBP
GO:0008593,H3C1
GO:0030182,H3C1
GO:0045893,H3C1
GO:0008593,H4C1
GO:0030182,H4C1
GO:0045893,H4C1
GO:0003677,HES1
GO:0005634,HES1
GO:0008593,HES1
GO:0030182,HES1
GO:0045893,HES1
GO:0008593,KAT2B
GO:0030182,KAT2B
GO:0045893,KAT2B
GO:0008593,NONO
GO:0045893,NONO
GO:0008593,PARP1
GO:0045893,PARP1
GO:0008593,POLR2A
GO:0030182,POLR2A
GO:0003677,SRC
GO:0005634,SRC
GO:0008593,SRC
GO:0030182,SRC
GO:0045893,SRC
GO:0007254,AKT2
GO:0005886,ARRB2
GO:0007186,ARRB2
GO:0005886,RAMP2
GO:0007186,RAMP2
GO:0005886,RAMP3
GO:0007186,RAMP3
GO:0003677,CAMK2D
GO:0005515,CAMK2D
GO:0005634,CAMK2D
GO:0008593,CAMK2D
GO:0030182,CAMK2D
GO:0045893,CAMK2D
GO:0005515,CREBBP
GO:0005515,HES1
GO:0005515,KAT2B
GO:0005515,POLR2A
GO:0005515,SRC
GO:0007169,ABI1
GO:0007169,EPS8
GO:0007264,EPS8
GO:0007264,SOS1
GO:0007264,GRB2
GO:0006955,SOS1
GO:0007264,SOS1
GO:0005737,ARCN1
GO:0006900,ARCN1
GO:0015031,ARCN1
GO:0016050,ARCN1
GO:0030133,ARCN1
GO:0005737,COPA
GO:0006900,COPA
GO:0015031,COPA
GO:0016050,COPA
GO:0030133,COPA
GO:0005737,COPB1
GO:0006900,COPB1
GO:0015031,COPB1
GO:0016050,COPB1
GO:0030133,COPB1
GO:0005737,COPB2
GO:0006900,COPB2
GO:0015031,COPB2
GO:0016050,COPB2
GO:0030133,COPB2
GO:0005737,COPE
GO:0006900,COPE
GO:0015031,COPE
GO:0016050,COPE
GO:0030133,COPE
GO:0005737,COPG1
GO:0006900,COPG1
GO:0015031,COPG1
GO:0016050,COPG1
GO:0030133,COPG1
GO:0005737,COPZ1
GO:0006900,COPZ1
GO:0015031,COPZ1
GO:0016050,COPZ1
GO:0030133,COPZ1
GO:0005794,ARCN1
GO:0005794,ARF1
GO:0006900,ARF1
GO:0015031,ARF1
GO:0016050,ARF1
GO:0030133,ARF1
GO:0005794,COPA
GO:0005794,COPB1
GO:0005794,COPB2
GO:0005794,COPE
GO:0005794,COPG1
GO:0005794,COPZ1
GO:0005794,
GO:0006900,
GO:0015031,
GO:0016050,
GO:0030133,
GO:0006265,HIPK2
GO:0006476,HIPK2
GO:0045892,HIPK2
GO:0051276,HIPK2
GO:0005634,NKX3-1
GO:0006265,NKX3-1
GO:0006476,NKX3-1
GO:0045892,NKX3-1
GO:0051276,NKX3-1
GO:0006476,TLE1
GO:0005524,PRDX1
GO:0005737,PRDX1
GO:0007165,PRDX1
GO:0005524,SRXN1
GO:0005737,SRXN1
GO:0007165,SRXN1
GO:0005515,NOTCH1
GO:0005525,ARHGEF25
GO:0005525,GNAQ
GO:0005525,RHOA
GO:0005886,DLL1
GO:0007219,DLL1
GO:0005886,NOTCH2
GO:0007219,NOTCH2
GO:0006351,CTNNB1
GO:0006351,TCF7L2
GO:0016055,TCF7L2
GO:0006265,RBPJ
GO:0006476,RBPJ
GO:0051276,RBPJ
GO:0004925,PRLR
GO:0005148,PRLR
GO:0009986,PRLR
GO:0010533,PRLR
GO:0046983,PRLR
GO:0007155,PFN1
GO:0030036,PFN1
GO:0007155,VASP
GO:0030036,VASP
GO:0042803,PRLR
GO:0007596,F10
GO:0007596,F3
GO:0007596,F7
GO:0007596,TFPI
GO:0005509,CHRNA4
GO:0051592,CHRNA4
GO:1903048,CHRNA4
GO:0005509,CHRNB2
GO:0051592,CHRNB2
GO:1903048,CHRNB2
GO:0005509,VSNL1
GO:0051592,VSNL1
GO:1903048,VSNL1
GO:0003677,HESX1
GO:0005634,HESX1
GO:0007219,HESX1
GO:0021983,HESX1
GO:0045892,HESX1
GO:0021983,TLE1
GO:0006468,APC
GO:0030877,APC
GO:0030877,AXIN1
GO:0006468,CTNNB1
GO:0030877,CTNNB1
GO:0006468,GSK3B
GO:0030877,GSK3B
GO:0007219,HDAC1
GO:0021983,HDAC1
GO:0007219,HDAC2
GO:0021983,HDAC2
GO:0006265,HESX1
GO:0006476,HESX1
GO:0051276,HESX1
GO:0003677,NCOR2
GO:0021983,NCOR2
GO:0007219,SIN3A
GO:0021983,SIN3A
GO:0003677,SIN3B
GO:0007219,SIN3B
GO:0021983,SIN3B
GO:0005515,AXIN1
GO:0019209,AXIN1
GO:0051090,AXIN1
GO:0005515,DAXX
GO:0019209,DAXX
GO:0051090,DAXX
GO:0005515,AXIN1
GO:0006915,AXIN1
GO:0019209,AXIN1
GO:0051090,AXIN1
GO:0005515,DAXX
GO:0006915,DAXX
GO:0019209,DAXX
GO:0051090,DAXX
GO:0004970,GRIK5
GO:0005216,GRIK5
GO:0005886,GRIK5
GO:0006812,GRIK5
GO:0007268,GRIK5
GO:0008324,GRIK5
GO:0005515,MDM2
GO:0007219,MDM2
GO:0023052,MDM2
GO:0005515,NUMB
GO:0007219,NUMB
GO:0023052,NUMB
GO:0005515,TP53
GO:0007219,TP53
GO:0023052,TP53
GO:0050853,BLNK
GO:0050853,SH3KBP1
GO:0005634,USP1
GO:0006974,USP1
GO:0016579,USP1
GO:0005634,WDR48
GO:0006974,WDR48
GO:0016579,WDR48
GO:0000902,ARHGEF1
GO:0016049,ARHGEF1
GO:0000902,GNA14
GO:0016049,GNA14
GO:0008543,SOS1
GO:0019722,CREB1
GO:0022008,CREB1
GO:0045893,CREB1
GO:0048699,CREB1
GO:0019722,LMO4
GO:0022008,LMO4
GO:0045893,LMO4
GO:0048699,LMO4
GO:0005515,FHL2
GO:0005515,FHL3
GO:0006355,FHL3
GO:0005515,FHL5
GO:0006355,FHL5
GO:2001141,FHL5
GO:0003677,CREB1
GO:0003677,FHL2
GO:0045893,FHL2
GO:0003677,FHL3
GO:0045893,FHL3
GO:0003677,FHL5
GO:0045893,FHL5
GO:0007186,GNB1
GO:0045892,GNB1
GO:0007186,GNG2
GO:0045892,GNG2
GO:0007186,HDAC4
GO:0042826,GNB1
GO:0042826,GNG2
GO:0007186,HDAC5
GO:0042826,HDAC5
GO:0006355,FHL4
GO:0006355,SKI
GO:0007179,SKI
GO:2001141,SKI
GO:0003677,SKIL
GO:0005634,SKIL
GO:0006355,SKIL
GO:0007179,SKIL
GO:2001141,SKIL
GO:0060395,SKI
GO:0045892,SMAD2
GO:0060395,SMAD2
GO:0060395,SMAD3
GO:0007179,NCOR1
GO:0002009,APBA1
GO:0009798,APBA1
GO:0030855,APBA1
GO:0051211,APBA1
GO:0006605,CASK
GO:0009798,CASK
GO:0015031,CASK
GO:0051211,CASK
GO:0005634,ASH2L
GO:0006479,ASH2L
GO:0007519,ASH2L
GO:0018126,ASH2L
GO:0045893,ASH2L
GO:0005634,KMT2B
GO:0006479,KMT2B
GO:0007519,KMT2B
GO:0018126,KMT2B
GO:0045893,KMT2B
GO:0005634,PAX7
GO:0006479,PAX7
GO:0007519,PAX7
GO:0018126,PAX7
GO:0045893,PAX7
GO:0005634,WDR5
GO:0006479,WDR5
GO:0007519,WDR5
GO:0018126,WDR5
GO:0045893,WDR5
GO:0006955,ULBP1
GO:0005834,GNB1
GO:0005834,GNG2
GO:0005834,MCF2L
GO:0007186,MCF2L
GO:0005834,KALRN
GO:0007186,KALRN
GO:0003677,NOTCH2
GO:0005634,NOTCH2
GO:0006355,NOTCH2
GO:2001141,NOTCH2
GO:0006355,NOTCH3
GO:2001141,NOTCH3
GO:0003677,NOTCH4
GO:0005634,NOTCH4
GO:0006355,NOTCH4
GO:0007219,NOTCH4
GO:2001141,NOTCH4
GO:0003677,MAML3
GO:0005634,MAML3
GO:0006355,MAML3
GO:0007219,MAML3
GO:2001141,MAML3
GO:0003677,MAML3
GO:0005634,MAML3
GO:0006355,MAML3
GO:0007219,MAML3
GO:2001141,MAML3
GO:0006468,GNB1
GO:0006468,GNGT1
GO:0007186,GNGT1
GO:0006468,NME2
GO:0007186,NME2
GO:0007165,CD44
GO:0009987,CD44
GO:0007165,CD74
GO:0009987,CD74
GO:0005138,CDK9
GO:0005737,CDK9
GO:0070691,CDK9
GO:0005138,IL6ST
GO:0005634,IL6ST
GO:0005737,IL6ST
GO:0070691,IL6ST
GO:0005138,CDK9
GO:0005737,CDK9
GO:0070691,CDK9
GO:0005138,IL6ST
GO:0005634,IL6ST
GO:0005737,IL6ST
GO:0070691,IL6ST
GO:0016192,EPS15
GO:0006605,STON2
GO:0006886,STON2
GO:0015031,STON2
GO:0016192,STON2
GO:0006605,AP2B1
GO:0006886,AP2B1
GO:0015031,AP2B1
GO:0006605,HPCA
GO:0006886,HPCA
GO:0015031,HPCA
GO:0045892,FOXH1
GO:0071559,FOXH1
GO:0071559,SMAD2
GO:0071559,SMAD4
GO:0003677,TGIF1
GO:0005634,TGIF1
GO:0007179,TGIF1
GO:0045892,TGIF1
GO:0071559,TGIF1
GO:0006265,FOXH1
GO:0051276,FOXH1
GO:0007179,HDAC1
GO:0071559,HDAC1
GO:0006265,SMAD2
GO:0051276,SMAD2
GO:0006265,SMAD4
GO:0051276,SMAD4
GO:0006265,TGIF1
GO:0051276,TGIF1
GO:0021510,PTF1A
GO:2001141,PTF1A
GO:0021510,RBPJ
GO:0021510,TCF12
GO:2001141,TCF12
GO:0005886,STX12
GO:0006605,STX12
GO:0006886,STX12
GO:0006897,STX12
GO:0015031,STX12
GO:0006892,SCAMP3
GO:0015031,SCAMP3
GO:0016192,SCAMP3
GO:0140318,SCAMP3
GO:0003677,HEY2
GO:0005634,HEY2
GO:0006265,HEY2
GO:0045892,HEY2
GO:0051276,HEY2
GO:0006265,RB1
GO:0051276,RB1
GO:0051726,SMARCA4
GO:0007611,GRIA2
GO:0005216,NSF
GO:0006605,NSF
GO:0006812,NSF
GO:0006886,NSF
GO:0007186,NSF
GO:0007212,NSF
GO:0007268,NSF
GO:0008324,NSF
GO:0015031,NSF
GO:0006605,CSPG4
GO:0006886,CSPG4
GO:0007268,CSPG4
GO:0007268,GRIP1
GO:0017069,DDX20
GO:0034716,DDX20
GO:0017069,GEMIN4
GO:0034716,GEMIN4
GO:0017069,GEMIN5
GO:0034716,GEMIN5
GO:0034717,GEMIN6
GO:0034717,GEMIN7
GO:0034717,STRAP
GO:0032797,GEMIN2
GO:0032797,GEMIN5
GO:0034718,GEMIN5
GO:0032797,SMN1
GO:0043067,NAIP
GO:0051262,NAIP
GO:0006457,PDCL
GO:0050821,PDCL
GO:0042254,NPM1
GO:0042254,NPM3
GO:0042254,NPM3
GO:0003677,KLF5
GO:0005634,KLF5
GO:0045893,KLF5
GO:0003677,PIAS1
GO:0005634,PIAS1
GO:0045893,PIAS1
GO:0005739,BAX
GO:0006915,BAX
GO:0005737,COG5
GO:0005737,COG6
GO:0005737,COG7
GO:0005737,COG8
GO:0000301,COG1
GO:0015031,COG1
GO:0000301,COG8
GO:0015031,COG8
GO:0001503,LIMD1
GO:0030316,LIMD1
GO:0001503,PRKCZ
GO:0030316,PRKCZ
GO:0001503,SQSTM1
GO:0030316,SQSTM1
GO:0001503,TRAF6
GO:0030316,TRAF6
GO:0000301,COG2
GO:0015031,COG2
GO:0000301,COG3
GO:0015031,COG3
GO:0000301,COG4
GO:0015031,COG4
GO:0000301,COG5
GO:0015031,COG5
GO:0000301,COG6
GO:0015031,COG6
GO:0000301,COG7
GO:0015031,COG7
GO:0002573,PRKCI
GO:0002573,SQSTM1
GO:0002573,TRAF6
GO:0000082,CSNK2B
GO:0005634,CSNK2B
GO:0006468,CSNK2B
GO:0000082,FGF2
GO:0005634,FGF2
GO:0006468,FGF2
GO:0005634,RPS6KA3
GO:0006468,RPS6KA3
GO:0001568,AMOT
GO:0001944,AMOT
GO:0045765,AMOT
GO:0048870,AMOT
GO:0001568,PLG
GO:0001944,PLG
GO:0007043,PLG
GO:0045765,PLG
GO:0048870,PLG
GO:0006281,DHX9
GO:0006974,DHX9
GO:0005768,RIN1
GO:0006605,RIN1
GO:0006886,RIN1
GO:0015031,RIN1
GO:0005768,STAM2
GO:0006605,EGFR
GO:0006886,EGFR
GO:0015031,EGFR
GO:0006897,RIN1
GO:0007173,RIN1
GO:0006897,STAM2
GO:0007173,STAM2
GO:0007178,BMP2
GO:0001503,CHRDL2
GO:0007178,CHRDL2
GO:0030316,CHRDL2
GO:0001503,TWSG1
GO:0030316,TWSG1
GO:0060395,SMAD4
GO:0016192,RAB27A
GO:0016192,SYTL5
GO:0006605,DNAJC14
GO:0006886,DNAJC14
GO:0015031,DNAJC14
GO:1902605,DNAJC14
GO:0006605,PDCL
GO:0006886,PDCL
GO:0015031,PDCL
GO:1902605,PDCL
GO:0045893,E2F1
GO:0045893,SP1
GO:0045893,E2F2
GO:0045893,SP1
GO:0045893,E2F3
GO:0019209,AKT1
GO:0019209,TCL1A
GO:0019209,AKT2
GO:0000082,HDAC1
GO:0000082,RB1
GO:0006476,RB1
GO:0007155,CDH2
GO:0030036,CDH2
GO:0007155,CTNNB1
GO:0030036,CTNNB1
GO:0007155,CTNND1
GO:0030036,CTNND1
GO:0007155,XIRP1
GO:0030036,XIRP1
GO:0005319,ABCG5
GO:0006810,ABCG5
GO:0006869,ABCG5
GO:0005319,ABCG8
GO:0006810,ABCG8
GO:0006869,ABCG8
GO:0005783,ABCG1
GO:0005783,ABCG5
GO:0005783,ABCG2
GO:0005783,ABCG4
GO:0005783,ABCG8
GO:0000082,E2F1
GO:0003677,E2F1
GO:0006915,E2F1
GO:0045893,E2F1
GO:0000082,GABPB2
GO:0003677,GABPB2
GO:0005634,GABPB2
GO:0006915,GABPB2
GO:0045893,GABPB2
GO:0000082,TFDP1
GO:0006915,TFDP1
GO:0045893,TFDP1
GO:0006355,GATA4
GO:0008134,GATA4
GO:2001141,GATA4
GO:0006355,MYOCD
GO:0008134,MYOCD
GO:2001141,MYOCD
GO:0008134,SRF
GO:0006605,RAB11A
GO:0006886,RAB11A
GO:0015031,RAB11A
GO:0030545,RAB11A
GO:0006605,RAB11FIP1
GO:0006886,RAB11FIP1
GO:0015031,RAB11FIP1
GO:0030545,RAB11FIP1
GO:0003677,MLX
GO:0005634,MLX
GO:0005737,MLX
GO:0045893,MLX
GO:0003677,MLXIP
GO:0005634,MLXIP
GO:0005737,MLXIP
GO:0045893,MLXIP
GO:0045892,MLX
GO:0006476,SMAD3
GO:0016567,SMAD2
GO:0005634,SMUF2
GO:0006355,SMUF2
GO:0007179,SMUF2
GO:0016567,SMUF2
GO:2001141,SMUF2
GO:0006511,SKIL
GO:0016567,SKIL
GO:0045892,SKIL
GO:0045892,SMURF2
GO:0000902,MAPKAP1
GO:0016049,MAPKAP1
GO:0030036,MAPKAP1
GO:0051896,MAPKAP1
GO:0051896,MLST8
GO:0051896,MTOR
GO:0051896,RICTOR
GO:0005515,CLPP
GO:0005739,CLPP
GO:0005515,CLPP
GO:0005739,CLPP
GO:0030163,CLPP
GO:0005515,CLPX
GO:0005739,CLPX
GO:0030163,CLPX
GO:0005515,CLPX
GO:0005739,CLPX
GO:0030163,CLPP
GO:0030163,CLPX
GO:0007229,ACTN1
GO:0015629,ACTN1
GO:0007229,PARVB
GO:0015629,PARVB
GO:0030163,BACE1
GO:0030163,PAWR
GO:0006355,ARNT
GO:0007249,ARNT
GO:2001141,ARNT
GO:0006355,EPAS1
GO:0007249,EPAS1
GO:2001141,EPAS1
GO:0006355,IKBKG
GO:2001141,IKBKG
GO:0016055,DVL1
GO:0016055,FRAT1
GO:0001525,KDR
GO:0001568,KDR
GO:0001944,KDR
GO:0007155,KDR
GO:0038084,KDR
GO:0048010,KDR
GO:0001525,NRP1
GO:0001568,NRP1
GO:0001944,NRP1
GO:0038084,NRP1
GO:0048010,NRP1
GO:0001568,VEGFA
GO:0001944,VEGFA
GO:0007155,VEGFA
GO:0038084,VEGFA
GO:0048010,VEGFA
GO:0051276,CUL1
GO:0051276,RBX1
GO:0051276,SKP1
GO:0003677,WRN
GO:0006281,WRN
GO:0006974,WRN
GO:0003677,HOXC8
GO:0045892,HOXC8
GO:0003677,SMAD6
GO:0045892,SMAD6
GO:0008013,CTNNAL1
GO:0023052,CTNNAL1
GO:0098609,CTNNAL1
GO:0008013,CTNNB1
GO:0008013,CTNNA1
GO:0023052,CTNNA1
GO:0006629,PRKAA2
GO:0006631,PRKAA2
GO:0006633,PRKAA2
GO:0006720,PRKAA2
GO:0008299,PRKAA2
GO:0008300,PRKAA2
GO:0008610,PRKAA2
GO:0009062,PRKAA2
GO:0016042,PRKAA2
GO:0006629,PRKAB2
GO:0006631,PRKAB2
GO:0006633,PRKAB2
GO:0006720,PRKAB2
GO:0008299,PRKAB2
GO:0008300,PRKAB2
GO:0008610,PRKAB2
GO:0009062,PRKAB2
GO:0016042,PRKAB2
GO:0006629,PRKAG1
GO:0006631,PRKAG1
GO:0006633,PRKAG1
GO:0006720,PRKAG1
GO:0008299,PRKAG1
GO:0008300,PRKAG1
GO:0008610,PRKAG1
GO:0009062,PRKAG1
GO:0016042,PRKAG1
GO:0009299,AXIN1
GO:0030111,AXIN1
GO:0033596,AXIN1
GO:1904713,AXIN1
GO:0009299,GSK3B
GO:0030111,GSK3B
GO:0033596,GSK3B
GO:1904713,GSK3B
GO:0009299,TSC1
GO:0030111,TSC1
GO:0033596,TSC1
GO:1904713,TSC1
GO:0009299,TSC2
GO:0030111,TSC2
GO:0033596,TSC2
GO:1904713,TSC2
GO:0043067,CALM1
GO:0043067,FKBP8
GO:0043067,HSP90AA1
GO:0000266,DNM1L
GO:0007005,DNM1L
GO:0000266,FIS1
GO:0007005,FIS1
GO:0006355,HNRNPU
GO:0071385,HNRNPU
GO:2001141,HNRNPU
GO:0005634,NR3C1
GO:0006355,NR3C1
GO:0071385,NR3C1
GO:2001141,NR3C1
GO:0003677,NFYA
GO:0005634,NFYA
GO:0006355,NFYA
GO:2001141,NFYA
GO:0003677,NFYB
GO:0005634,NFYB
GO:0006355,NFYB
GO:2001141,NFYB
GO:0003677,NFYC
GO:0005634,NFYC
GO:0006355,NFYC
GO:2001141,NFYC
GO:0003677,C1QBP
GO:0045892,C1QBP
GO:0045892,NFYA
GO:0045892,NFYB
GO:0045892,NFYC
GO:0006468,ADRB1
GO:0006605,ADRB1
GO:0001881,DLG1
GO:0006468,DLG1
GO:0007186,DLG1
GO:0005783,DERL1
GO:0030968,DERL1
GO:0005783,SVIP
GO:0030968,SVIP
GO:0005783,VCP
GO:0030968,VCP
GO:0005783,AMFR
GO:0006511,AMFR
GO:0030968,AMFR
GO:0043161,AMFR
GO:0006511,DERL1
GO:0043161,DERL1
GO:0006511,VCP
GO:0043161,VCP
GO:0030970,DERL1
GO:0036503,DERL1
GO:0030970,SELENOS
GO:0036503,SELENOS
GO:0030970,VCP
GO:0036503,VCP
GO:0005783,DERL2
GO:0030968,DERL2
GO:0036503,DERL2
GO:0005783,SELENOS
GO:0030968,SELENOS
GO:0005783,SEL1L
GO:0030968,SEL1L
GO:0036503,SEL1L
GO:0005783,SYVN1
GO:0030968,SYVN1
GO:0036503,SYVN1
GO:0000301,VCP
GO:0000278,CDK5R2
GO:0007420,CDK5R2
GO:0016477,CDK5R2
GO:0022008,CDK5R2
GO:0030182,CDK5R2
GO:0035556,CDK5R2
GO:0048699,CDK5R2
GO:0051726,CDK5R2
GO:0000082,CCND3
GO:0007519,CCND3
GO:0035556,CCND3
GO:0000082,CDKN1A
GO:0007519,CDKN1A
GO:0006260,CCND2
GO:0006260,SERTAD1
GO:0035556,SERTAD1
GO:0045893,SERTAD1
GO:0045893,TFDP1
GO:0045893,SERTAD2
GO:0006351,DNMT1
GO:0016278,DNMT1
GO:0030284,DNMT1
GO:0003886,E2F4
GO:0006351,E2F4
GO:0016278,E2F4
GO:0030284,E2F4
GO:0042826,E2F4
GO:0003886,E2F5
GO:0006351,E2F5
GO:0016278,E2F5
GO:0030284,E2F5
GO:0042826,E2F5
GO:0006351,HDAC1
GO:0016278,HDAC1
GO:0030284,HDAC1
GO:0003886,RBL2
GO:0006351,RBL2
GO:0016278,RBL2
GO:0030284,RBL2
GO:0042826,RBL2
GO:0003886,SUV39H1
GO:0006351,SUV39H1
GO:0016278,SUV39H1
GO:0030284,SUV39H1
GO:0042826,SUV39H1
GO:0006351,EP300
GO:0016278,EP300
GO:0030284,EP300
GO:0042826,EP300
GO:0000278,CDK4
GO:0005515,CDK4
GO:0006469,CDK4
GO:0019210,CDK4
GO:0051726,CDK4
GO:0000278,CDKN2D
GO:0005515,CDKN2D
GO:0006469,CDKN2D
GO:0019210,CDKN2D
GO:0051726,CDKN2D
GO:0000278,CDK6
GO:0005515,CDK6
GO:0006469,CDK6
GO:0019210,CDK6
GO:0051726,CDK6
GO:0000278,CDKN2C
GO:0005515,CDKN2C
GO:0006469,CDKN2C
GO:0019210,CDKN2C
GO:0051726,CDKN2C
GO:0003723,HNRNPF
GO:0005634,HNRNPF
GO:0043484,HNRNPF
GO:0048024,HNRNPF
GO:0043484,HNRNPH1
GO:0048024,HNRNPH1
GO:0003723,PTBP1
GO:0005634,PTBP1
GO:0043484,PTBP1
GO:0048024,PTBP1
GO:0003723,PTBP2
GO:0005634,PTBP2
GO:0043484,PTBP2
GO:0048024,PTBP2
GO:0000084,CCNA2
GO:0006355,CCNA2
GO:2001141,CCNA2
GO:0000084,E2F1
GO:2001141,E2F1
GO:0000084,RBL1
GO:0006355,RBL1
GO:2001141,RBL1
GO:0000278,CCND2
GO:0035556,CCND2
GO:0051726,CCND2
GO:0035556,CDK4
GO:0035556,CDKN2D
GO:0006906,NAPG
GO:0016079,NAPG
GO:0048489,NAPG
GO:0005634,SET
GO:0006355,SET
GO:0006338,MECP2
GO:0031507,MECP2
GO:0006338,SMARCA2
GO:0031507,SMARCA2
GO:0045892,SMARCA2
GO:0031507,SMARCE1
GO:0045892,SMARCE1
GO:0000082,RBL2
GO:0005634,RBL2
GO:0006355,ELK3
GO:2001141,ELK3
GO:0006605,FURIN
GO:0006886,FURIN
GO:0015031,FURIN
GO:0016192,FURIN
GO:0006605,PACS1
GO:0006886,PACS1
GO:0015031,PACS1
GO:0016192,PACS1
GO:0007169,C3G
GO:0007169,CRKL
GO:0007169,CBL
GO:0007169,EGFR
GO:0007169,NTRK1
GO:0006898,CBLB
GO:0007169,CBLB
GO:0006898,EGFR
GO:0006898,SH3KBP1
GO:0007169,SH3KBP1
GO:0006898,PDGFRB
GO:0007169,PDGFRB
GO:0045892,SMARCB1
GO:0006338,SIN3A
GO:0000075,PRKDC
GO:0000075,XRCC5
GO:0000075,XRCC6
GO:0001822,ACTN1
GO:0002009,ACTN1
GO:0007155,ACTN1
GO:0008013,ACTN1
GO:0017166,ACTN1
GO:0030855,ACTN1
GO:0045295,ACTN1
GO:0045296,ACTN1
GO:0051393,ACTN1
GO:1990147,ACTN1
GO:1990782,ACTN1
GO:0001822,BCAR1
GO:0002009,BCAR1
GO:0007155,BCAR1
GO:0008013,BCAR1
GO:0017166,BCAR1
GO:0030855,BCAR1
GO:0045295,BCAR1
GO:0045296,BCAR1
GO:0051393,BCAR1
GO:1990147,BCAR1
GO:1990782,BCAR1
GO:0007155,CDH1
GO:0008013,CDH1
GO:0017166,CDH1
GO:0045295,CDH1
GO:0045296,CDH1
GO:0051393,CDH1
GO:1990147,CDH1
GO:1990782,CDH1
GO:0007155,CTNNB1
GO:0017166,CTNNB1
GO:0045295,CTNNB1
GO:0045296,CTNNB1
GO:0051393,CTNNB1
GO:1990147,CTNNB1
GO:1990782,CTNNB1
GO:0001822,JUP
GO:0002009,JUP
GO:0007155,JUP
GO:0008013,JUP
GO:0017166,JUP
GO:0030855,JUP
GO:0045295,JUP
GO:0045296,JUP
GO:0051393,JUP
GO:1990147,JUP
GO:1990782,JUP
GO:0007155,PKD1
GO:0008013,PKD1
GO:0017166,PKD1
GO:0045295,PKD1
GO:0045296,PKD1
GO:0051393,PKD1
GO:1990147,PKD1
GO:1990782,PKD1
GO:0001822,PTK2
GO:0002009,PTK2
GO:0008013,PTK2
GO:0017166,PTK2
GO:0030855,PTK2
GO:0045295,PTK2
GO:0045296,PTK2
GO:0051393,PTK2
GO:1990147,PTK2
GO:1990782,PTK2
GO:0001822,PXN
GO:0002009,PXN
GO:0008013,PXN
GO:0017166,PXN
GO:0030855,PXN
GO:0045295,PXN
GO:0045296,PXN
GO:0051393,PXN
GO:1990147,PXN
GO:0001822,SRC
GO:0002009,SRC
GO:0007155,SRC
GO:0008013,SRC
GO:0017166,SRC
GO:0030855,SRC
GO:0045295,SRC
GO:0045296,SRC
GO:0051393,SRC
GO:1990147,SRC
GO:0001822,TLN1
GO:0002009,TLN1
GO:0007155,TLN1
GO:0008013,TLN1
GO:0017166,TLN1
GO:0030855,TLN1
GO:0045295,TLN1
GO:0045296,TLN1
GO:0051393,TLN1
GO:1990147,TLN1
GO:1990782,TLN1
GO:0001822,VCL
GO:0002009,VCL
GO:0007155,VCL
GO:0008013,VCL
GO:0017166,VCL
GO:0030855,VCL
GO:0045295,VCL
GO:0045296,VCL
GO:0051393,VCL
GO:1990147,VCL
GO:1990782,VCL
GO:0007259,JAK2
GO:0007259,PTAFR
GO:0007259,TYK2
GO:0006281,NCOA6
GO:0006974,NCOA6
GO:0005634,NUMA1
GO:0006281,NUMA1
GO:0006974,NUMA1
GO:0045893,NUMA1
GO:0045893,PRKDC
GO:0006281,TOP1
GO:0006974,TOP1
GO:0045893,TOP1
GO:0045893,XRCC5
GO:0045893,XRCC6
GO:0003677,EIF2S1
GO:0005634,EIF2S1
GO:0006281,EIF2S1
GO:0006468,EIF2S1
GO:0046777,EIF2S1
GO:0003677,EIF2S2
GO:0005634,EIF2S2
GO:0006281,EIF2S2
GO:0006468,EIF2S2
GO:0046777,EIF2S2
GO:0003677,EIF2S3
GO:0005634,EIF2S3
GO:0006281,EIF2S3
GO:0006468,EIF2S3
GO:0046777,EIF2S3
GO:0003677,ILF2
GO:0006281,ILF2
GO:0006468,ILF2
GO:0046777,ILF2
GO:0003677,ILF3
GO:0006281,ILF3
GO:0006468,ILF3
GO:0046777,ILF3
GO:0006338,MECP2
GO:0006338,SMARCA2
GO:0051325,HDAC2
GO:0051325,MECP2
GO:0051325,SIN3A
GO:0051325,SMARCA2
GO:0023052,CABIN1
GO:0023052,CALM1
GO:0023052,YWHAQ
GO:0022008,EFNB1
GO:0031175,EFNB1
GO:0022008,EPHA2
GO:0031175,EPHA2
GO:0022008,TIAM1
GO:0031175,TIAM1
GO:0005737,EED
GO:0018126,EED
GO:0005737,EZH2
GO:0006479,EZH2
GO:0018126,EZH2
GO:0005737,SUZ12
GO:0018126,SUZ12
GO:0022008,EFNB1
GO:0031175,EFNB1
GO:0022008,EPHA2
GO:0031175,EPHA2
GO:0031175,TIAM1
GO:0005125,CHUK
GO:0005125,IKBKG
GO:0005125,KPNA3
GO:0007249,KPNA3
GO:0005125,NFKB1
GO:0005125,NFKB2
GO:0007249,NFKB2
GO:0005125,NFKBIA
GO:0005125,NFKBIB
GO:0007249,NFKBIB
GO:0005125,NFKBIE
GO:0007249,NFKBIE
GO:0005125,REL
GO:0007249,REL
GO:0005125,RELA
GO:0005125,RELB
GO:0005125,TNIP2
GO:0007249,TNIP2
GO:0005125,FBXW7
GO:0007249,FBXW7
GO:0005125,IKBKB
GO:0005125,MAP3K14
GO:0005125,SEC16A
GO:0007249,SEC16A
GO:0005125,USP2
GO:0007249,USP2
GO:0003677,DPY30
GO:0006355,DPY30
GO:2001141,DPY30
GO:0003677,KDM6A
GO:0006265,KDM6A
GO:0006355,KDM6A
GO:0051276,KDM6A
GO:2001141,KDM6A
GO:0003677,KMT2B
GO:0006355,KMT2B
GO:2001141,KMT2B
GO:0006355,KMT2C
GO:2001141,KMT2C
GO:0006355,NCOA6
GO:2001141,NCOA6
GO:0003677,PAGR1
GO:0005634,PAGR1
GO:0006265,PAGR1
GO:0006355,PAGR1
GO:0006479,PAGR1
GO:0051276,PAGR1
GO:2001141,PAGR1
GO:0003677,PAXIP1
GO:0006265,PAXIP1
GO:0006355,PAXIP1
GO:0051276,PAXIP1
GO:2001141,PAXIP1
GO:0005125,ANKRD28
GO:0007249,ANKRD28
GO:0005125,BTRC
GO:0007249,BTRC
GO:0005125,CUL1
GO:0007249,CUL1
GO:0005125,IKBKE
GO:0007249,IKBKE
GO:0005125,PPP6C
GO:0007249,PPP6C
GO:0005125,PPP6R1
GO:0007249,PPP6R1
GO:0005125,PPP6R2
GO:0007249,PPP6R2
GO:0005125,SKP1
GO:0007249,SKP1
GO:0003677,BLM
GO:0006281,PAXIP1
GO:0006974,PAXIP1
GO:0032870,CREBBP
GO:0005634,RARA
GO:0023052,RARA
GO:0032870,RARA
GO:0045893,RARA
GO:0005634,RXRA
GO:0023052,RXRA
GO:0032870,RXRA
GO:0045893,RXRA
GO:0035556,CDC37
GO:0035556,HSP90AA1
GO:0035556,HSP90AB1
GO:0035556,HSPA4
GO:0035556,MAP3K3
GO:0035556,MARK2
GO:0035556,PDRG1
GO:0035556,PFDN2
GO:0035556,TRAF7
GO:0035556,YWHAB
GO:0035556,YWHAE
GO:0035556,YWHAG
GO:0035556,YWHAH
GO:0035556,YWHAQ
GO:0035556,YWHAZ
GO:0001864,NPTX1
GO:0007268,NPTX1
GO:0050808,NPTX1
GO:0001864,NPTX2
GO:0007268,NPTX2
GO:0050808,NPTX2
GO:0001864,NPTXR
GO:0007268,NPTXR
GO:0050808,NPTXR
GO:0001864,RCN2
GO:0007268,RCN2
GO:0050808,RCN2
GO:0006511,UBE3A
GO:0043161,UBE3A
GO:0006511,UBQLN1
GO:0043161,UBQLN1
GO:0006511,UBQLN2
GO:0043161,UBQLN2
GO:0023052,TANK
GO:0023052,TRAF2
GO:0023052,TRAF3
GO:0006468,PIN1
GO:0007178,PIN1
GO:0006468,PPP2CB
GO:0007178,PPP2CB
GO:0006468,PPP2R1A
GO:0007178,PPP2R1A
GO:0006468,PPP2R2A
GO:0007178,PPP2R2A
GO:0006468,RAF1
GO:0007178,RAF1
GO:0035556,AZI2
GO:0035556,TANK
GO:0035556,TBK1
GO:0035556,TBKBP1
GO:0035556,TRAF2
GO:0000425,PEX1
GO:0005777,PEX1
GO:0007031,PEX1
GO:0030242,PEX1
GO:0000425,PEX26
GO:0005777,PEX26
GO:0007031,PEX26
GO:0030242,PEX26
GO:0000425,PEX6
GO:0005777,PEX6
GO:0007031,PEX6
GO:0030242,PEX6
GO:0035556,CS
GO:0035556,TAB1
GO:0035556,TAB2
GO:0006950,CALR
GO:0009408,CALR
GO:0042803,CALR
GO:0035556,AKAP8L
GO:0035556,CHUK
GO:0035556,IQGAP2
GO:0035556,RELA
GO:0000165,LAMTOR2
GO:0005770,LAMTOR2
GO:0031434,LAMTOR2
GO:0000165,LAMTOR3
GO:0005770,LAMTOR3
GO:0031434,LAMTOR3
GO:0000165,MAP2K1
GO:0005770,MAP2K1
GO:0031434,MAP2K1
GO:0005770,MAPK1
GO:0031434,MAPK1
GO:0000165,LAMTOR2
GO:0005886,LAMTOR2
GO:0031434,LAMTOR2
GO:0000165,LAMTOR3
GO:0005886,LAMTOR3
GO:0031434,LAMTOR3
GO:0000165,MAPK1
GO:0005886,MAPK1
GO:0031434,MAPK1
GO:0000165,MAPK3
GO:0005886,MAPK3
GO:0031434,MAPK3
GO:0007249,MAP3K8
GO:0007249,PAPOLA
GO:0007249,COPB2
GO:0007249,SPAG9
GO:0007249,TNIP1
GO:0005125,DDX3X
GO:0007249,DDX3X
GO:0005125,GLG1
GO:0007249,GLG1
GO:0005125,GTF2I
GO:0007249,GTF2I
GO:0005125,MAP3K8
GO:0005125,RPL30
GO:0007249,RPL30
GO:0005125,RPL6
GO:0007249,RPL6
GO:0005125,RPS13
GO:0007249,RPS13
GO:0005125,FBXW11
GO:0007249,FBXW11
GO:0005125,IQGAP2
GO:0007249,IQGAP2
GO:0005125,KPNA2
GO:0007249,KPNA2
GO:0005125,LRPPRC
GO:0007249,LRPPRC
GO:0005125,MCC
GO:0007249,MCC
GO:0005125,MTIF2
GO:0007249,MTIF2
GO:0005125,PDCD2
GO:0007249,PDCD2
GO:0005125,POLR1A
GO:0007249,POLR1A
GO:0005125,POLR1B
GO:0007249,POLR1B
GO:0005125,POLR1D
GO:0007249,POLR1D
GO:0005125,POLR1E
GO:0007249,POLR1E
GO:0005125,POLR1G
GO:0007249,POLR1G
GO:0005125,POLR2H
GO:0007249,POLR2H
GO:0005125,POLR2L
GO:0007249,POLR2L
GO:0005125,RASAL2
GO:0007249,RASAL2
GO:0007249,CCAR2
GO:0007249,CDC37
GO:0007249,HSP90AA1
GO:0007249,HSP90AB1
GO:0008408,PARP1
GO:1905777,PARP1
GO:0008408,WRN
GO:1905777,WRN
GO:0008408,XRCC5
GO:1905777,XRCC5
GO:0008408,XRCC6
GO:1905777,XRCC6
GO:0005634,CDKN2A
GO:0006355,CDKN2A
GO:2001141,CDKN2A
GO:0006355,MAX
GO:2001141,MAX
GO:0005634,SMC3
GO:0006281,TDP1
GO:0005783,DPM1
GO:0006486,DPM1
GO:0042125,DPM1
GO:0005783,DPM2
GO:0006486,DPM2
GO:0042125,DPM2
GO:0005783,DPM3
GO:0006486,DPM3
GO:0042125,DPM3
GO:0005912,CDC42
GO:0005912,CDH2
GO:0005912,CTNNB1
GO:0005912,IQGAP1
GO:0002159,ACTB
GO:0005912,ACTB
GO:0002159,IQGAP1
GO:0002159,VIM
GO:0005912,VIM
GO:0003677,ORC2
GO:0003677,ORC3
GO:0003677,ORC4
GO:0003677,ORC6
GO:0003688,XRCC5
GO:0006267,XRCC5
GO:0003688,XRCC6
GO:0006267,XRCC6
GO:0015630,DCTN1
GO:0016192,DCTN1
GO:0015630,HAP1
GO:0016192,HAP1
GO:0015630,HTT
GO:0016192,HTT
GO:0003723,EIF4A1
GO:0006413,EIF4A1
GO:0003723,EIF4E
GO:0006413,EIF4E
GO:0003723,EIF4G1
GO:0006413,EIF4G1
GO:0003723,MKNK1
GO:0006413,MKNK1
GO:0006351,HDAC6
GO:0006351,SUMO1
GO:0006351,TCF4
GO:0005125,CDC37
GO:0005125,FBL
GO:0007249,FBL
GO:0005125,HSP90AA1
GO:0005125,HSP90AB1
GO:0005125,RPL4
GO:0007249,RPL4
GO:0005125,RPL8
GO:0007249,RPL8
GO:0005125,RPS11
GO:0007249,RPS11
GO:0006511,USP33
GO:0043161,USP33
GO:0043161,VHL
GO:0005125,FKBP5
GO:0007249,FKBP5
GO:0005125,MAP3K7
GO:0005125,TAB1
GO:0005125,TAB2
GO:0005125,TAB3
GO:0007249,TAB3
GO:0005125,KTN1
GO:0007249,KTN1
GO:0007420,CDH2
GO:0007420,CTNNB1
GO:0007420,CTNND1
GO:0007420,KIF3B
GO:0007420,KIFAP3
GO:0000302,HIF1A
GO:0006511,HIF1A
GO:0006979,HIF1A
GO:0043161,HIF1A
GO:0000302,PSMC3
GO:0006979,PSMC3
GO:0000302,VHL
GO:0006979,VHL
GO:0005911,ARHGAP10
GO:0007043,ARHGAP10
GO:0000302,EGLN1
GO:0006355,EGLN1
GO:0006979,EGLN1
GO:0010468,EGLN1
GO:1900037,EGLN1
GO:1902071,EGLN1
GO:0010468,HIF1A
GO:1900037,HIF1A
GO:1902071,HIF1A
GO:0000302,OS9
GO:0006355,OS9
GO:0006979,OS9
GO:0010468,OS9
GO:1900037,OS9
GO:1902071,OS9
GO:0000302,EGLN3
GO:0006355,EGLN3
GO:0006979,EGLN3
GO:0010468,EGLN3
GO:1900037,EGLN3
GO:0006605,IGF2R
GO:0006886,IGF2R
GO:0015031,IGF2R
GO:0016192,IGF2R
GO:0006605,PLIN3
GO:0006886,PLIN3
GO:0015031,PLIN3
GO:0016192,PLIN3
GO:0006605,RAB9A
GO:0006886,RAB9A
GO:0015031,RAB9A
GO:0016192,RAB9A
GO:0004713,BCAR1
GO:0005925,BCAR1
GO:0007169,BCAR1
GO:2001044,BCAR1
GO:0004713,PTK2
GO:0005925,PTK2
GO:0007169,PTK2
GO:2001044,PTK2
GO:0005925,SRC
GO:0007169,SRC
GO:2001044,SRC
GO:0000398,CLP1
GO:0006397,CLP1
GO:0008033,CLP1
GO:0000398,TSEN15
GO:0005634,TSEN15
GO:0006397,TSEN15
GO:0008033,TSEN15
GO:0000398,TSEN2
GO:0005634,TSEN2
GO:0006397,TSEN2
GO:0008033,TSEN2
GO:0000398,TSEN34
GO:0005634,TSEN34
GO:0006397,TSEN34
GO:0008033,TSEN34
GO:0000398,TSEN54
GO:0005634,TSEN54
GO:0006397,TSEN54
GO:0008033,TSEN54
GO:0004519,CLP1
GO:0004519,TSEN2
GO:0004519,TSEN54
GO:0005125,ATG16L1
GO:0007249,ATG16L1
GO:0005125,CCAR1
GO:0007249,CCAR1
GO:0005125,TBK1
GO:0007249,TBK1
GO:0005125,TXLNA
GO:0007249,TXLNA
GO:0006915,BARD1
GO:0042325,BARD1
GO:0042325,TP53
GO:0006915,XRCC6
GO:0042325,XRCC6
GO:0035556,CD3E
GO:0035556,MINK1
GO:0035556,NCK1
GO:0045892,ETS2
GO:0045892,ETS2
GO:0016192,CAV1
GO:0019722,CAV1
GO:0030182,CAV1
GO:0016192,STRN
GO:0019722,STRN
GO:0030182,STRN
GO:0016192,STRN3
GO:0019722,STRN3
GO:0030182,STRN3
GO:0016192,STRN4
GO:0019722,STRN4
GO:0030182,STRN4
GO:0006887,RAB3A
GO:0006906,RAB3A
GO:0006887,RAPGEF4
GO:0006906,RAPGEF4
GO:0006887,RIMS2
GO:0006906,RIMS2
GO:0003677,NEUROD1
GO:0003677,NR4A1
GO:0006355,NR4A1
GO:2001141,NR4A1
GO:0003677,RBL1
GO:0006355,RBL1
GO:2001141,RBL1
GO:0005886,CANX
GO:0023052,CANX
GO:0030217,CANX
GO:0005886,CD247
GO:0023052,CD247
GO:0030217,CD247
GO:0005886,CD3E
GO:0023052,CD3E
GO:0030217,CD3E
GO:0005886,CD3G
GO:0023052,CD3G
GO:0030217,CD3G
GO:0005326,RAB3A
GO:0006836,RAB3A
GO:0016079,RAB3A
GO:0048489,RAB3A
GO:0005326,RIMS2
GO:0006836,RIMS2
GO:0016079,RIMS2
GO:0048489,RIMS2
GO:0005326,UNC13A
GO:0006836,UNC13A
GO:0008219,HTRA2
GO:0008219,LATS1
GO:0008219,XIAP
GO:0007010,ASAP1
GO:0007010,CTTN
GO:0007010,PXN
GO:0000151,CDH1
GO:0000278,CDH1
GO:0051320,CDH1
GO:0000151,CKS1B
GO:0051320,CKS1B
GO:0000151,SKP2
GO:0051320,SKP2
GO:0000278,CEBPA
GO:0051726,CEBPA
GO:0000278,SMARCA2
GO:0051726,SMARCA2
GO:0003677,LEF1
GO:0006355,LEF1
GO:2001141,LEF1
GO:0006355,TLE1
GO:2001141,TLE1
GO:0006511,MDM2
GO:0016567,MDM2
GO:0043161,MDM2
GO:0006511,TP53
GO:0016567,TP53
GO:0043161,TP53
GO:0006511,YY1
GO:0016567,YY1
GO:0043161,YY1
GO:0003677,CTNNB1
GO:0006355,CTNNB1
GO:2001141,CTNNB1
GO:0005515,DOCK1
GO:0007186,DOCK1
GO:0016477,DOCK1
GO:0005515,ELMO1
GO:0007186,ELMO1
GO:0016477,ELMO1
GO:0005515,DOCK2
GO:0007186,DOCK2
GO:0016477,DOCK2
GO:0005515,RAC1
GO:0007186,RAC1
GO:0005515,CRK
GO:0007186,CRK
GO:0016477,CRK
GO:0072583,AMPH
GO:0006897,AP2A1
GO:0072583,AP2A1
GO:0072583,AP2B1
GO:0006897,BIN1
GO:0072583,BIN1
GO:0072583,CLTC
GO:0072583,DNM1
GO:0006897,EPS15
GO:0072583,EPS15
GO:0006897,SH3GL1
GO:0072583,SH3GL1
GO:0006897,SH3GL2
GO:0072583,SH3GL2
GO:0072583,SNAP91
GO:0006897,SYNJ1
GO:0072583,SYNJ1
GO:0030234,PIK3CG
GO:0050790,PIK3CG
GO:0030234,PIK3R5
GO:0050790,PIK3R5
GO:0048870,RHOA
GO:0048870,RHPN1
GO:0048870,ROPN1
GO:0006417,AGO2
GO:0003723,FXR1
GO:0005737,FXR1
GO:0006417,FXR1
GO:0000278,CDC20
GO:0005680,CDC20
GO:0051322,CDC20
GO:0005680,CDC27
GO:0051322,CDC27
GO:0005680,CDH1
GO:0051322,CDH1
GO:0003779,GTF2F1
GO:0003779,HNRNPU
GO:0006351,HNRNPU
GO:0003779,POLR2A
GO:0023052,NOD2
GO:0045089,NOD2
GO:0023052,RIPK2
GO:0045089,RIPK2
GO:0006937,CALM1
GO:0006937,RYR1
GO:0006355,RXRB
GO:0032870,RXRB
GO:0071300,RXRB
GO:0097067,RXRB
GO:0006355,THRB
GO:0032870,THRB
GO:0071300,THRB
GO:0097067,THRB
GO:0019882,ERAP1
GO:0019882,ERAP2
GO:0005509,GCA
GO:0005509,SRI
GO:0042803,SRI
GO:0006265,TACC2
GO:0006265,TACC3
GO:0006351,EGR1
GO:0065003,ROCK1
GO:0003723,EIF6
GO:0006396,EIF6
GO:0032774,EIF6
GO:0003723,MOV10
GO:0006396,MOV10
GO:0032774,MOV10
GO:0003723,RPL7A
GO:0006396,RPL7A
GO:0032774,RPL7A
GO:0005249,KCNA2
GO:0006812,KCNA2
GO:0008076,KCNA2
GO:0008324,KCNA2
GO:0015267,KCNA2
GO:0071805,KCNA2
GO:0005249,KCNAB2
GO:0006812,KCNAB2
GO:0008076,KCNAB2
GO:0008324,KCNAB2
GO:0015267,KCNAB2
GO:0071805,KCNAB2
GO:0006417,DICER1
GO:0006417,EIF6
GO:0006417,MOV10
GO:0003723,RPL10A
GO:0006417,RPL10A
GO:0032774,RPL10A
GO:0003723,RPL11
GO:0006417,RPL11
GO:0032774,RPL11
GO:0003723,RPL12
GO:0006417,RPL12
GO:0032774,RPL12
GO:0003723,RPL13
GO:0006417,RPL13
GO:0032774,RPL13
GO:0003723,RPL14
GO:0006417,RPL14
GO:0032774,RPL14
GO:0003723,RPL15
GO:0006417,RPL15
GO:0032774,RPL15
GO:0003723,RPL18A
GO:0006417,RPL18A
GO:0032774,RPL18A
GO:0003723,RPL19
GO:0006417,RPL19
GO:0032774,RPL19
GO:0003723,RPL21
GO:0006417,RPL21
GO:0032774,RPL21
GO:0003723,RPL27
GO:0006417,RPL27
GO:0032774,RPL27
GO:0003723,RPL28
GO:0006417,RPL28
GO:0032774,RPL28
GO:0003723,RPL30
GO:0006417,RPL30
GO:0032774,RPL30
GO:0003723,RPL32
GO:0006417,RPL32
GO:0032774,RPL32
GO:0003723,RPL34
GO:0006417,RPL34
GO:0032774,RPL34
GO:0003723,RPL35A
GO:0006417,RPL35A
GO:0032774,RPL35A
GO:0003723,RPL36
GO:0006417,RPL36
GO:0032774,RPL36
GO:0003723,RPL37A
GO:0006417,RPL37A
GO:0032774,RPL37A
GO:0003723,RPL7
GO:0006417,RPL7
GO:0032774,RPL7
GO:0006417,RPL7A
GO:0003723,RPLP1
GO:0006417,RPLP1
GO:0032774,RPLP1
GO:0003723,RPLP2
GO:0006417,RPLP2
GO:0032774,RPLP2
GO:0003723,RSL24D1
GO:0006417,RSL24D1
GO:0032774,RSL24D1
GO:0045893,HIF1A
GO:0006355,DDIT3
GO:2001141,DDIT3
GO:0006355,TRIB3
GO:2001141,TRIB3
GO:0006310,RAG1
GO:0006310,RAG2
GO:0006417,EPRS1
GO:0010629,EPRS1
GO:0006417,GAPDH
GO:0010629,GAPDH
GO:0006417,RPL13A
GO:0010629,RPL13A
GO:0006417,SYNCRIP
GO:0010629,SYNCRIP
GO:0005634,BAP18
GO:0006265,BAP18
GO:0006479,BAP18
GO:0018126,BAP18
GO:0045893,BAP18
GO:0005634,CHD8
GO:0006265,CHD8
GO:0006479,CHD8
GO:0018126,CHD8
GO:0045893,CHD8
GO:0006265,E2F6
GO:0006479,E2F6
GO:0018126,E2F6
GO:0045893,E2F6
GO:0018126,HCFC1
GO:0045893,HCFC1
GO:0006479,HSPA4
GO:0018126,HSPA4
GO:0045893,HSPA4
GO:0005634,INO80C
GO:0006479,INO80C
GO:0018126,INO80C
GO:0045893,INO80C
GO:0006479,KANSL1
GO:0018126,KANSL1
GO:0045893,KANSL1
GO:0006479,KAT8
GO:0018126,KAT8
GO:0018126,KMT2A
GO:0045893,KMT2A
GO:0005634,LAS1L
GO:0006265,LAS1L
GO:0006479,LAS1L
GO:0018126,LAS1L
GO:0045893,LAS1L
GO:0005634,MCRS1
GO:0006479,MCRS1
GO:0018126,MCRS1
GO:0045893,MCRS1
GO:0005634,MGAM
GO:0006265,MGAM
GO:0006479,MGAM
GO:0018126,MGAM
GO:0045893,MGAM
GO:0005634,PELP1
GO:0006265,PELP1
GO:0006479,PELP1
GO:0018126,PELP1
GO:0045893,PELP1
GO:0005634,PHF20
GO:0006265,PHF20
GO:0006479,PHF20
GO:0018126,PHF20
GO:0045893,PHF20
GO:0005634,PRPF31
GO:0006265,PRPF31
GO:0006479,PRPF31
GO:0018126,PRPF31
GO:0045893,PRPF31
GO:0045893,RNF2
GO:0006479,RUVBL1
GO:0018126,RUVBL1
GO:0045893,RUVBL1
GO:0005634,SENP3
GO:0006265,SENP3
GO:0006479,SENP3
GO:0018126,SENP3
GO:0045893,SENP3
GO:0018126,TAF1
GO:0045893,TAF1
GO:0006479,TAF4
GO:0018126,TAF4
GO:0018126,TAF6
GO:0006479,TAF7
GO:0018126,TAF7
GO:0018126,TAF9
GO:0005634,TEX10
GO:0006265,TEX10
GO:0006479,TEX10
GO:0018126,TEX10
GO:0045893,TEX10
GO:0016485,ELANE
GO:1904090,ELANE
GO:0016485,SERPINA1
GO:1904090,SERPINA1
GO:0016485,CTSG
GO:0016485,SERPINA3
GO:0000075,BABAM2
GO:0005634,BABAM2
GO:0006281,BABAM2
GO:0006511,BABAM2
GO:0006974,BABAM2
GO:0016567,BABAM2
GO:0006511,BRCA1
GO:0006511,BRCA2
GO:0016567,BRCA2
GO:0000075,BRCC3
GO:0005634,BRCC3
GO:0006281,BRCC3
GO:0006511,BRCC3
GO:0006974,BRCC3
GO:0016567,BRCC3
GO:0006511,RAD51
GO:0016567,RAD51
GO:0048870,KIF5B
GO:0048870,PLEKHM2
GO:0019209,CDK16
GO:0019209,CDK5
GO:0019209,CDK5R1
GO:0003677,MYOD1
GO:0006355,MYOD1
GO:0007519,MYOD1
GO:2001141,MYOD1
GO:0007519,TCF3
GO:0045893,MYOD1
GO:0007169,NGF
GO:0007399,NGF
GO:0022008,NGF
GO:0048699,NGF
GO:0007169,NTRK1
GO:0007399,NTRK1
GO:0022008,NTRK1
GO:0048699,NTRK1
GO:0007169,NGFR
GO:0007399,NGFR
GO:0007169,NTF3
GO:0007399,NTF3
GO:0022008,NTF3
GO:0048699,NTF3
GO:0000902,GRIN1
GO:0004972,GRIN1
GO:0016049,GRIN1
GO:0030182,GRIN1
GO:0000902,TIAM1
GO:0004972,TIAM1
GO:0016049,TIAM1
GO:0030182,TIAM1
GO:0003376,HTR1D
GO:0007186,HTR1D
GO:0007210,HTR1D
GO:0003376,S1PR1
GO:0007186,S1PR1
GO:0007210,S1PR1
GO:0007186,HTR1A
GO:0007210,HTR1A
GO:0007186,HTR1B
GO:0007210,HTR1B
GO:0007186,GABBR2
GO:0007210,GABBR2
GO:0007186,GPR26
GO:0007210,GPR26
GO:0003376,HTR1A
GO:0003376,S1PR3
GO:0007186,S1PR3
GO:0007210,S1PR3
GO:0006457,BAG5
GO:0030234,BAG5
GO:0050790,BAG5
GO:0050821,BAG5
GO:0006457,HSPA1A
GO:0030234,HSPA1A
GO:0050790,HSPA1A
GO:0050821,HSPA1A
GO:0006457,HSPA4
GO:0030234,HSPA4
GO:0050790,HSPA4
GO:0050821,HSPA4
GO:0006457,PRKN
GO:0030234,PRKN
GO:0050790,PRKN
GO:0050821,PRKN
GO:0030506,ANKRD11
GO:0045892,ANKRD11
GO:0030506,HDAC3
GO:0000278,CDCA5
GO:0005634,CDCA5
GO:0007059,CDCA5
GO:0000278,PDS5A
GO:0005634,PDS5A
GO:0007059,PDS5A
GO:0000278,PDS5B
GO:0005634,PDS5B
GO:0007059,PDS5B
GO:0005634,RAD21
GO:0000278,CCND1
GO:0051726,CCND1
GO:0000080,CCND1
GO:0000080,CDK4
GO:0000080,CDKN1A
GO:0000080,HSPA1B
GO:0003677,DACH1
GO:0005634,DACH1
GO:0006355,DACH1
GO:0048513,DACH1
GO:0003677,EYA1
GO:0005634,EYA1
GO:0006355,EYA1
GO:0048513,EYA1
GO:0003677,SIX1
GO:0005634,SIX1
GO:0006355,SIX1
GO:0048513,SIX1
GO:0006355,IKZF4
GO:2001141,IKZF4
GO:0006355,NRG1
GO:2001141,NRG1
GO:0007186,RAPGEF1
GO:0023052,EPO
GO:0023052,EPOR
GO:0004972,GRIN2A
GO:0007268,GRIN2A
GO:1900271,GRIN2A
GO:0004972,LRP8
GO:0007268,LRP8
GO:1900271,LRP8
GO:0004972,GRIN2B
GO:0007268,GRIN2B
GO:1900271,GRIN2B
GO:0005681,DEK
GO:0005681,RNPS1
GO:0051090,MED11
GO:0005515,MED13L
GO:0051090,MED13L
GO:0051090,MED19
GO:0051090,MED20
GO:0051090,MED22
GO:0051090,MED29
GO:0005515,MED30
GO:0051090,MED30
GO:0051090,MED8
GO:0005515,OPA1
GO:0005634,OPA1
GO:0045893,OPA1
GO:0051090,OPA1
GO:0006355,FOXO4
GO:0048745,FOXO4
GO:2001141,FOXO4
GO:0016055,APC
GO:0016055,AXIN2
GO:0001819,NFKB1
GO:0006954,NFKB1
GO:0019048,NFKB1
GO:0035525,NFKB1
GO:0045087,NFKB1
GO:0045893,NFKB1
GO:0051607,NFKB1
GO:0001819,RELA
GO:0006954,RELA
GO:0019048,RELA
GO:0035525,RELA
GO:0045087,RELA
GO:0045893,RELA
GO:0051607,RELA
GO:0007249,NCOA1
GO:0007249,NFKB1
GO:0045893,NFKB1
GO:0007249,RELA
GO:0045893,RELA
GO:0005737,NFKBIE
GO:0006355,NFKBIE
GO:2001141,NFKBIE
GO:0005737,REL
GO:0005737,RELA
GO:0005737,NFKBIB
GO:0006355,NFKBIB
GO:2001141,NFKBIB
GO:0006355,NFKBIA
GO:2001141,NFKBIA
GO:0023052,REL
GO:0007249,COMMD1
GO:0005737,NFKB1
GO:0045892,NFKB1
GO:0045892,NFKBIA
GO:0045892,RELA
GO:0016477,ILK
GO:0050896,ILK
GO:0016477,LIMS1
GO:0050896,LIMS1
GO:0016477,TMSB4X
GO:0050896,TMSB4X
GO:0016226,CIAO1
GO:0051604,CIAO1
GO:0097361,CIAO1
GO:0016226,CIAO2B
GO:0051604,CIAO2B
GO:0097361,CIAO2B
GO:0016226,MMS19
GO:0051604,MMS19
GO:0097361,MMS19
GO:0006457,ERP29
GO:0050821,ERP29
GO:0006457,GRP94
GO:0050821,GRP94
GO:0006457,PADI2
GO:0050821,PADI2
GO:0006457,TG
GO:0050821,TG
GO:0007264,ARHGEF6
GO:0030036,ARHGEF6
GO:0007264,ILK
GO:0030036,ILK
GO:0007264,PARVB
GO:0030036,PARVB
GO:0003677,EED
GO:0003677,EZH2
GO:0005216,DYNLT1
GO:0006812,DYNLT1
GO:0008324,DYNLT1
GO:0003677,BMI1
GO:0003677,PHC1
GO:0003677,PHC2
GO:0005634,BMI1
GO:0042054,BMI1
GO:0045892,BMI1
GO:0005634,CBX2
GO:0042054,CBX2
GO:0045892,CBX2
GO:0005634,PCGF2
GO:0042054,PCGF2
GO:0045892,PCGF2
GO:0005634,PHC1
GO:0042054,PHC1
GO:0045892,PHC1
GO:0005509,BCL2
GO:0030234,BCL2
GO:0043067,BCL2
GO:0050790,BCL2
GO:0005509,CALM1
GO:0006915,CALM1
GO:0030234,CALM1
GO:0050790,CALM1
GO:0005509,FKBP8
GO:0006915,FKBP8
GO:0030234,FKBP8
GO:0050790,FKBP8
GO:0005783,BIRC2
GO:0006915,BIRC2
GO:0016567,BIRC2
GO:0005783,TRAF2
GO:0006915,TRAF2
GO:0016567,TRAF2
GO:0023052,LTBR
GO:0042803,LTBR
GO:0023052,BIRC2
GO:0006915,TNFRSF1A
GO:0023052,TNFRSF1A
GO:0006915,TRADD
GO:0023052,TRADD
GO:0023052,CDK5
GO:0023052,CDK5R1
GO:0023052,CDK5
GO:0023052,CDK5R1
GO:0006355,PARD3
GO:0141124,PARD3
GO:2001141,PARD3
GO:0006355,PARD6A
GO:0141124,PARD6A
GO:2001141,PARD6A
GO:0006355,PLCB1
GO:0009798,PLCB1
GO:0051211,PLCB1
GO:0141124,PLCB1
GO:2001141,PLCB1
GO:0006355,PLCB3
GO:0009798,PLCB3
GO:0051211,PLCB3
GO:0141124,PLCB3
GO:2001141,PLCB3
GO:0006915,FADD
GO:0005737,CCNB2
GO:0007049,CCNB2
GO:0005737,CDK1
GO:0007049,CDK1
GO:0005737,CCNB1
GO:0007049,CCNB1
GO:0007049,GADD45A
GO:0007049,GADD45B
GO:0007049,GADD45G
GO:0007049,CCNF
GO:0007049,PTCH1
GO:0007049,CCNA2
GO:0007049,CDK2
NA,CDC42
NA,PARD6B
GO:0007049,CCNE1
GO:0006468,IL6ST
GO:0019221,IL6ST
GO:0045893,IL6ST
GO:0006468,JAK1
GO:0019221,JAK1
GO:0045893,JAK1
GO:0006468,LMO4
GO:0019221,LMO4
GO:0006468,PTPN11
GO:0019221,PTPN11
GO:0045893,PTPN11
GO:0006468,SOCS3
GO:0019221,SOCS3
GO:0045893,SOCS3
GO:0007259,ISL1
GO:0007399,ISL1
GO:0007259,JAK1
GO:0007399,JAK1
GO:0007259,STAT3
GO:0007399,STAT3
GO:0005634,STAT1
GO:0006355,STAT1
GO:2001141,STAT1
GO:0000301,VPS26A
GO:0006605,VPS26A
GO:0006886,VPS26A
GO:0015031,VPS26A
GO:0000301,VPS29
GO:0006605,VPS29
GO:0006886,VPS29
GO:0015031,VPS29
GO:0000301,VPS35
GO:0006605,VPS35
GO:0006886,VPS35
GO:0015031,VPS35
GO:0045892,NR0B2
GO:0045892,NR5A2
GO:0000301,PIGR
GO:0005768,PIGR
GO:0006605,PIGR
GO:0006886,PIGR
GO:0015031,PIGR
GO:0005768,VPS26A
GO:0005768,VPS29
GO:0005768,VPS35
GO:0030182,EPHB1
GO:0030182,SDC2
GO:0030182,EPHB2
GO:0007399,CNTF
GO:0023052,CNTF
GO:0007399,CNTFR
GO:0023052,CNTFR
GO:0007399,IL6ST
GO:0023052,IL6ST
GO:0007399,LIFR
GO:0023052,LIFR
GO:0007399,LIF
GO:0023052,LIF
GO:0007624,CRY1
GO:0045892,CRY1
GO:0048511,CRY1
GO:0007624,CRY2
GO:0045892,CRY2
GO:0048511,CRY2
GO:0007624,NONO
GO:0045892,NONO
GO:0048511,NONO
GO:0007624,PER1
GO:0045892,PER1
GO:0048511,PER1
GO:0007624,WDR5
GO:0045892,WDR5
GO:0048511,WDR5
GO:0007624,PER2
GO:0045892,PER2
GO:0048511,PER2
GO:0000086,LIN37
GO:0005634,LIN37
GO:0045893,LIN37
GO:0000086,LIN52
GO:0005634,LIN52
GO:0045893,LIN52
GO:0000086,LIN54
GO:0005634,LIN54
GO:0045893,LIN54
GO:0000086,LIN9
GO:0005634,LIN9
GO:0045893,LIN9
GO:0000086,MYBL2
GO:0005634,MYBL2
GO:0045893,MYBL2
GO:0000086,RBBP4
GO:0045893,RBBP4
GO:0000086,RBL1
GO:0045893,RBL1
GO:0005267,KCNAB2
GO:0006468,KCNAB2
GO:0005267,PRKCZ
GO:0005267,SQSTM1
GO:0006468,SQSTM1
GO:0000086,E2F4
GO:0045893,E2F4
GO:0000086,RBL2
GO:0045893,RBL2
GO:0030545,GABRR3
GO:0050896,GABRR3
GO:0030545,PRKCZ
GO:0050896,PRKCZ
GO:0030545,SQSTM1
GO:0050896,SQSTM1
GO:0005634,CNN3
GO:0005634,EMD
GO:0005634,LMO7
GO:0005634,MYH9
GO:0005634,MYO1E
GO:0005634,SIKE1
GO:0005634,SPTAN1
GO:0005634,NMI
GO:0006997,ACTB
GO:0006997,EMD
GO:0006997,LMNA
GO:0005634,LMNB1
GO:0006997,LMNB1
GO:0006997,NMI
GO:0006997,SPTAN1
GO:2001141,ACTB
GO:0005634,BANF1
GO:0006265,BANF1
GO:0006355,BANF1
GO:0051276,BANF1
GO:2001141,BANF1
GO:0006265,EMD
GO:0006355,EMD
GO:0051276,EMD
GO:2001141,EMD
GO:0005634,H1-1
GO:0006265,H1-1
GO:0006355,H1-1
GO:0051276,H1-1
GO:2001141,H1-1
GO:0006355,H3C1
GO:2001141,H3C1
GO:0006355,HDAC3
GO:2001141,HDAC3
GO:0006265,LMO7
GO:0006355,LMO7
GO:0051276,LMO7
GO:2001141,LMO7
GO:0006265,RBL1
GO:0051276,RBL1
GO:0000301,DNAJC5
GO:0005886,DNAJC5
GO:0016079,DNAJC5
GO:0030133,DNAJC5
GO:0036465,DNAJC5
GO:0048489,DNAJC5
GO:0000301,GDI1
GO:0005886,GDI1
GO:0016079,GDI1
GO:0030133,GDI1
GO:0036465,GDI1
GO:0048489,GDI1
GO:0000301,HSP90AA1
GO:0005886,HSP90AA1
GO:0016079,HSP90AA1
GO:0030133,HSP90AA1
GO:0036465,HSP90AA1
GO:0048489,HSP90AA1
GO:0000301,HSPA8
GO:0005886,HSPA8
GO:0016079,HSPA8
GO:0030133,HSPA8
GO:0036465,HSPA8
GO:0048489,HSPA8
GO:0005634,BANF2
GO:0006260,BANF2
GO:0006396,BANF2
GO:0006260,C1QBP
GO:0006396,C1QBP
GO:0006260,EMD
GO:0006396,EMD
GO:0006260,H1-1
GO:0006396,H1-1
GO:0006396,H3C1
GO:0006260,HNRNPU
GO:0006260,LMNA
GO:0006396,LMNA
GO:0006260,LMNB1
GO:0006396,LMNB1
GO:0006396,MCM2
GO:0006396,MCM4
GO:0006396,MCM6
GO:0006260,NMI
GO:0006396,NMI
GO:0006260,RB1
GO:0006396,RB1
GO:0006260,RBL2
GO:0006396,RBL2
GO:0006260,SAP130
GO:0006396,SAP130
GO:0005737,GDI1
GO:0006906,GDI1
GO:0000301,RAB3A
GO:0005737,RAB3A
GO:0036465,RAB3A
GO:0006396,ACTB
GO:0035556,ACTB
GO:0006396,BANF1
GO:0035556,BANF1
GO:0005634,BCCIP
GO:0006396,BCCIP
GO:0035556,BCCIP
GO:0005634,CDC37
GO:0006396,CDC37
GO:0035556,EMD
GO:0005634,G3BP1
GO:0006396,G3BP1
GO:0035556,G3BP1
GO:0005634,HNRNPK
GO:0006396,HNRNPK
GO:0035556,HNRNPK
GO:0035556,LMNB1
GO:0006396,LSM2
GO:0035556,LSM2
GO:0006396,LSM8
GO:0035556,LSM8
GO:0035556,SAP130
GO:0006396,SNRPD1
GO:0035556,SNRPD1
GO:0006396,SSB
GO:0035556,SSB
GO:0005634,YWHAB
GO:0006396,YWHAB
GO:0005634,YWHAE
GO:0006396,YWHAE
GO:0005634,ZRANB2
GO:0006396,ZRANB2
GO:0035556,ZRANB2
GO:0006265,BANF2
GO:0051276,BANF2
GO:0006265,LMNB1
GO:0051276,LMNB1
GO:0006265,MED4
GO:0051276,MED4
GO:0006265,NMI
GO:0051276,NMI
GO:0006265,RBL2
GO:0051276,RBL2
GO:0006265,SPTAN1
GO:0051276,SPTAN1
GO:0005634,TBL1Y
GO:0006265,TBL1Y
GO:0051276,TBL1Y
GO:0005634,API5
GO:0006396,API5
GO:0035556,API5
GO:0035556,C1QBP
GO:0005634,CKB
GO:0006396,CKB
GO:0035556,CKB
GO:0005634,DDX39A
GO:0006396,DDX39A
GO:0035556,DDX39A
GO:0035556,H1-1
GO:0005634,HDGF
GO:0006396,HDGF
GO:0035556,HDGF
GO:0005634,HNRNPL
GO:0006396,HNRNPL
GO:0035556,HNRNPL
GO:0035556,HNRNPU
GO:0035556,ILF3
GO:0005634,IQGAP1
GO:0006396,IQGAP1
GO:0035556,IQGAP1
GO:0005634,LEMD3
GO:0006396,LEMD3
GO:0035556,LEMD3
GO:0035556,NMI
GO:0005634,PDCD4
GO:0006396,PDCD4
GO:0035556,PDCD4
GO:0035556,RBL2
GO:0006396,THRA
GO:0035556,THRA
GO:0005634,YWHAQ
GO:0006396,YWHAQ
GO:0006457,HSPA8
GO:0050821,HSPA8
GO:0006457,HSPB1
GO:0050821,HSPB1
GO:0006457,HSPH1
GO:0050821,HSPH1
GO:0006457,CDKN1A
GO:0006974,CDKN1A
GO:0050821,CDKN1A
GO:0006457,FKBPL
GO:0006974,FKBPL
GO:0050821,FKBPL
GO:0006457,HSP90AA1
GO:0006974,HSP90AA1
GO:0050821,HSP90AA1
GO:0006915,AKT1
GO:0006915,HSP90AA1
GO:0006915,MAP3K5
GO:0001568,PLXND1
GO:0001944,PLXND1
GO:0005886,PLXND1
GO:0007420,PLXND1
GO:0030182,PLXND1
GO:0001568,SEMA3E
GO:0001944,SEMA3E
GO:0005886,SEMA3E
GO:0007420,SEMA3E
GO:0030182,SEMA3E
GO:0001568,NRP1
GO:0001944,NRP1
GO:0005886,NRP1
GO:0007420,NRP1
GO:0030182,NRP1
GO:0002140,CDH23
GO:0005216,CDH23
GO:0002140,MYO1C
GO:0005216,MYO1C
GO:0007605,MYO1C
GO:0006955,MAP3K5
GO:0006955,TRAF6
GO:0005886,DLG4
GO:0023052,DLG4
GO:0005886,FYN
GO:0005886,GRIN2A
GO:0023052,GRIN2A
GO:0000280,ESPL1
GO:0007059,ESPL1
GO:0000280,PTTG1
GO:0007059,PTTG1
GO:0000280,CDK1
GO:0007059,CDK1
GO:0065003,SHARPIN
GO:0035556,SHANK1
GO:0035556,SHARPIN
GO:0007399,FARP2
GO:0023052,FARP2
GO:0007399,NRP1
GO:0023052,NRP1
GO:0007399,PLXNA1
GO:0023052,PLXNA1
GO:0007399,PLXNA2
GO:0023052,PLXNA2
GO:0007399,PLXNA3
GO:0023052,PLXNA3
GO:0007399,PLXNA4
GO:0023052,PLXNA4
GO:0001525,PLXND1
GO:0001568,PLXND1
GO:0001944,PLXND1
GO:0001525,SEMA4A
GO:0001568,SEMA4A
GO:0001944,SEMA4A
GO:0007155,ACTN4
GO:0099560,ACTN4
GO:0007155,CAMK2A
GO:0099560,CAMK2A
GO:0007155,LRRC7
GO:0099560,LRRC7
GO:0030851,CEBPE
GO:0030851,E2F1
GO:0030851,RB1
GO:0007507,NRP1
GO:0048738,NRP1
GO:0007507,PLXND1
GO:0048738,PLXND1
GO:0001525,SEMA3C
GO:0001568,SEMA3C
GO:0001944,SEMA3C
GO:0007507,SEMA3C
GO:0048738,SEMA3C
GO:0023052,PLXNC1
GO:0031175,PLXNC1
GO:0023052,SEMA7A
GO:0031175,SEMA7A
GO:0023052,PLXNB1
GO:0031175,PLXNB1
GO:0023052,SEMA4D
GO:0031175,SEMA4D
GO:2001141,RB1
GO:0006355,TRIM27
GO:0051726,TRIM27
GO:2001141,TRIM27
GO:0031175,NRP1
GO:0031175,PLXNA3
GO:0007399,PLXNB1
GO:0007399,NRP2
GO:0031175,NRP2
GO:0031175,PLXNA1
GO:0006109,RETN
GO:0042445,RETN
GO:0043609,RETN
GO:0043610,RETN
GO:0000150,RAD51
GO:0005524,RAD51
GO:0008094,RAD51
GO:0032508,RAD51
GO:0032993,RAD51
GO:0000150,RAD51D
GO:0008094,RAD51D
GO:0032508,RAD51D
GO:0032993,RAD51D
GO:0000150,XRCC2
GO:0008094,XRCC2
GO:0032508,XRCC2
GO:0032993,XRCC2
GO:0030970,NPLOC4
GO:0030970,UFD1
GO:0003143,NRP1
GO:0003143,PLXNA1
GO:0007507,PLXNA1
GO:0048738,PLXNA1
GO:0003143,SEMA6D
GO:0007399,SEMA6D
GO:0007507,SEMA6D
GO:0048738,SEMA6D
GO:0030183,TNFSF13B
GO:0003677,BAZ2A
GO:0003886,BAZ2A
GO:0016575,BAZ2A
GO:0032259,BAZ2A
GO:0042826,BAZ2A
GO:0003677,DNMT1
GO:0016575,DNMT1
GO:0032259,DNMT1
GO:0003677,DNMT3B
GO:0003886,DNMT3B
GO:0016575,DNMT3B
GO:0032259,DNMT3B
GO:0042826,DNMT3B
GO:0016575,HDAC1
GO:0032259,HDAC1
GO:0003886,SMARCA5
GO:0016575,SMARCA5
GO:0032259,SMARCA5
GO:0042826,SMARCA5
GO:0001525,NRP2
GO:0038084,NRP2
GO:0007169,FLT1
GO:0016525,FLT1
GO:0038084,FLT1
GO:0048010,FLT1
GO:0007169,VEGFA
GO:0016525,VEGFA
GO:0001525,FLT1
GO:0001568,FLT1
GO:0001944,FLT1
GO:0001568,NRP2
GO:0001944,NRP2
GO:0007169,NRP2
GO:0048010,NRP2
GO:0005737,BLNK
GO:0005783,BLNK
GO:0007166,BLNK
GO:0031965,BLNK
GO:0005737,BTK
GO:0005783,BTK
GO:0007166,BTK
GO:0031965,BTK
GO:0005737,CMTM3
GO:0005783,CMTM3
GO:0007166,CMTM3
GO:0031965,CMTM3
GO:0005737,MAPK1
GO:0005783,MAPK1
GO:0007166,MAPK1
GO:0031965,MAPK1
GO:0006974,CCNA2
GO:0007049,CCNA2
GO:0071173,CCNA2
GO:0006974,CDK1
GO:0007049,CDK1
GO:0071173,CDK1
GO:0006974,CCNB1
GO:0007049,CCNB1
GO:0071173,CCNB1
GO:0001649,ABL1
GO:0030036,ABL1
GO:0001649,DOK1
GO:0030036,DOK1
GO:0001649,NCK1
GO:0030036,NCK1
GO:0006468,DOK1
GO:0007169,DOK1
GO:0007254,DOK1
GO:0033622,DOK1
GO:0048013,DOK1
GO:0006468,MAP4K4
GO:0007169,MAP4K4
GO:0007254,MAP4K4
GO:0033622,MAP4K4
GO:0048013,MAP4K4
GO:0006468,NCK1
GO:0007169,NCK1
GO:0007254,NCK1
GO:0033622,NCK1
GO:0048013,NCK1
GO:0006468,RASA1
GO:0007169,RASA1
GO:0007254,RASA1
GO:0033622,RASA1
GO:0048013,RASA1
GO:0006605,CBL
GO:0006886,CBL
GO:0015031,CBL
GO:0030036,CBL
GO:0030182,CBL
GO:0006605,PTK2B
GO:0006886,PTK2B
GO:0015031,PTK2B
GO:0030036,PTK2B
GO:0030182,PTK2B
GO:0006605,SORBS2
GO:0006886,SORBS2
GO:0015031,SORBS2
GO:0030036,SORBS2
GO:0030182,SORBS2
GO:0001525,ITGB5
GO:0007044,ITGB5
GO:0007169,ITGB5
GO:0035924,ITGB5
GO:0001525,PTK2
GO:0007044,PTK2
GO:0035924,PTK2
GO:0007155,CBL
GO:0015629,CBL
GO:0007155,OSTF1
GO:0015629,OSTF1
GO:0015629,SRC
GO:0006808,CAV1
GO:0007263,CAV1
GO:0051171,CAV1
GO:0006808,NOS3
GO:0007263,NOS3
GO:0051171,NOS3
GO:0001525,HSP90AA1
GO:0006808,HSP90AA1
GO:0006809,HSP90AA1
GO:0007169,HSP90AA1
GO:0007263,HSP90AA1
GO:0035924,HSP90AA1
GO:0051171,HSP90AA1
GO:0001525,NOS3
GO:0006809,NOS3
GO:0007169,NOS3
GO:0035924,NOS3
GO:0001525,AKT1
GO:0006808,AKT1
GO:0006809,AKT1
GO:0007169,AKT1
GO:0007263,AKT1
GO:0035924,AKT1
GO:0051171,AKT1
GO:0006808,CALM1
GO:0007263,CALM1
GO:0019722,CALM1
GO:0051171,CALM1
GO:0006808,NOS3
GO:0007263,NOS3
GO:0019722,NOS3
GO:0051171,NOS3
GO:0005737,CBL
GO:0050853,CBL
GO:0005737,SH3KBP1
GO:0005515,CBL
GO:0006897,CBL
GO:0030139,CBL
GO:2000058,CBL
GO:0006897,CD2AP
GO:0030139,CD2AP
GO:2000058,CD2AP
GO:0016567,CBL
GO:0035924,CBL
GO:0038084,CBL
GO:0045765,CBL
GO:0048010,CBL
GO:0007169,CD2AP
GO:0016567,CD2AP
GO:0035924,CD2AP
GO:0038084,CD2AP
GO:0045765,CD2AP
GO:0048010,CD2AP
GO:0006897,FLT1
GO:0007169,FLT1
GO:0016567,FLT1
GO:0030139,FLT1
GO:0035924,FLT1
GO:0038084,FLT1
GO:0045765,FLT1
GO:0048010,FLT1
GO:0006915,CDKN2A
GO:0007049,CDKN2A
GO:0008219,CDKN2A
GO:0008283,CDKN2A
GO:0016049,CDKN2A
GO:0006915,MDM2
GO:0007049,MDM2
GO:0008219,MDM2
GO:0008283,MDM2
GO:0016049,MDM2
GO:0006915,RPL11
GO:0007049,RPL11
GO:0008219,RPL11
GO:0008283,RPL11
GO:0016049,RPL11
GO:0007049,TP53
GO:0008219,TP53
GO:0008283,TP53
GO:0016049,TP53
GO:0003677,TAF1A
GO:0006351,TAF1A
GO:0003677,TAF1B
GO:0006351,TAF1B
GO:0003677,TAF1C
GO:0006351,TAF1C
GO:0007169,KDR
GO:0010468,KDR
GO:0035924,KDR
GO:0045893,KDR
GO:0001525,STAT3
GO:0007169,STAT3
GO:0010468,STAT3
GO:0035924,STAT3
GO:0019048,KDR
GO:0019048,VEGFA
GO:0006898,NRP1
GO:0007169,NRP1
GO:0030133,NRP1
GO:1901490,NRP1
GO:0001525,VEGFC
GO:0006898,VEGFC
GO:0007169,VEGFC
GO:0030133,VEGFC
GO:0038084,VEGFC
GO:1901490,VEGFC
GO:0001946,NRP2
GO:0006898,NRP2
GO:0030133,NRP2
GO:0001946,VEGFC
GO:0001525,VEGFD
GO:0006898,VEGFD
GO:0007169,VEGFD
GO:0030133,VEGFD
GO:0038084,VEGFD
GO:0008083,SMAD3
GO:0008083,TGFBR1
GO:0008083,TGFBR2
GO:0003676,ACTB
GO:0006352,ACTB
GO:0006352,POLR2A
GO:0003676,TBP
GO:0000165,BIRC2
GO:0019724,BIRC2
GO:0030183,BIRC2
GO:0000165,BIRC3
GO:0019724,BIRC3
GO:0030183,BIRC3
GO:0000165,CD40
GO:0019724,CD40
GO:0030183,CD40
GO:0000165,IKBKG
GO:0019724,IKBKG
GO:0030183,IKBKG
GO:0000165,MAP2K4
GO:0019724,MAP2K4
GO:0030183,MAP2K4
GO:0000165,MAP2K7
GO:0019724,MAP2K7
GO:0030183,MAP2K7
GO:0000165,MAP3K1
GO:0019724,MAP3K1
GO:0030183,MAP3K1
GO:0019724,TRAF2
GO:0030183,TRAF2
GO:0000165,UBE2N
GO:0019724,UBE2N
GO:0030183,UBE2N
GO:0001525,FLT4
GO:0001946,FLT4
GO:0002040,FLT4
GO:0006898,FLT4
GO:0007169,FLT4
GO:0030133,FLT4
GO:0030334,FLT4
GO:0035924,FLT4
GO:0048010,FLT4
GO:0002040,NRP2
GO:0030334,NRP2
GO:0035924,NRP2
GO:0005886,CD40
GO:0005886,IKBKG
GO:0005886,MAP3K1
GO:0005886,TRAF2
GO:0005886,UBE2N
GO:0005737,IKBKG
GO:0005737,MAP3K1
GO:0005737,TRAF2
GO:0005737,UBE2N
GO:0071526,NRP1
GO:0071526,PLXNA1
GO:0071526,SEMA3A
GO:0007186,GRM2
GO:0007210,GRM2
GO:0007215,GRM2
GO:0097332,GRM2
GO:0007186,HTR2A
GO:0007210,HTR2A
GO:0007215,HTR2A
GO:0097332,HTR2A
GO:0006919,BCL2L1
GO:0008219,BCL2L1
GO:0089720,BCL2L1
GO:0006919,CASP8
GO:0008219,CASP8
GO:0006919,CFLAR
GO:0008219,CFLAR
GO:0089720,CFLAR
GO:0016925,SAE1
GO:0016926,SAE1
GO:0016925,SUMO1
GO:0016926,SUMO1
GO:0016925,UBA2
GO:0016926,UBA2
GO:0000301,PLXNA1
GO:0000301,RANBP9
GO:0023052,RANBP9
GO:0031175,RANBP9
GO:0000301,PLXNA2
GO:0031175,PLXNA2
GO:0000301,PLXNA3
GO:0000301,PLXNA4
GO:0031175,PLXNA4
GO:0007399,CRMP1
GO:0023052,CRMP1
GO:0031175,CRMP1
GO:0007399,MICAL1
GO:0023052,MICAL1
GO:0031175,MICAL1
GO:0003677,CBFB
GO:0006355,CBFB
GO:2001141,CBFB
GO:0003677,RUNX1
GO:0006355,RUNX1
GO:2001141,RUNX1
GO:0001525,CDH5
GO:0001568,CDH5
GO:0001944,CDH5
GO:0007169,CDH5
GO:0035924,CDH5
GO:0038085,CDH5
GO:0048010,CDH5
GO:0001525,CTNNB1
GO:0001568,CTNNB1
GO:0001944,CTNNB1
GO:0007169,CTNNB1
GO:0035924,CTNNB1
GO:0038085,CTNNB1
GO:0048010,CTNNB1
GO:0007043,KDR
GO:0038085,KDR
GO:0001525,TJP1
GO:0001568,TJP1
GO:0001944,TJP1
GO:0007169,TJP1
GO:0035924,TJP1
GO:0038085,TJP1
GO:0048010,TJP1
GO:0001525,PLXNA1
GO:0007169,PLXNA1
GO:0001525,PLXNB1
GO:0007169,PLXNB1
GO:0008219,FADD
GO:0089720,FADD
GO:0097190,CASP8
GO:0097190,CFLAR
GO:0097190,FADD
GO:0097190,FAS
GO:0005886,CASP8
GO:0097191,CASP8
GO:0005886,FADD
GO:0097191,FADD
GO:0005886,FAS
GO:0006915,FAS
GO:0097191,FAS
GO:0000302,KEAP1
GO:0005741,KEAP1
GO:0006355,KEAP1
GO:2001141,KEAP1
GO:0000302,NFE2L2
GO:0005741,NFE2L2
GO:0006355,NFE2L2
GO:2001141,NFE2L2
GO:0000302,PGAM5
GO:0005741,PGAM5
GO:0006355,PGAM5
GO:2001141,PGAM5
GO:0000302,CUL3
GO:0005737,CUL3
GO:0031463,CUL3
GO:0043161,CUL3
GO:0050727,CUL3
GO:0000302,KEAP1
GO:0005737,KEAP1
GO:0031463,KEAP1
GO:0043161,KEAP1
GO:0050727,KEAP1
GO:0000302,NFE2L2
GO:0005737,NFE2L2
GO:0031463,NFE2L2
GO:0043161,NFE2L2
GO:0050727,NFE2L2
GO:0097190,CD95
GO:0005216,GABRA1
GO:0006821,GABRA1
GO:0005216,GABRB2
GO:0006821,GABRB2
GO:0005216,GABRG2
GO:0006821,GABRG2
GO:0005739,BCL2
GO:0005739,TP53
GO:0005739,BCL2L1
GO:0006915,BCL2L1
GO:0005739,BAK1
GO:0006915,BAK1
GO:0005739,BID
GO:0006915,BID
GO:0005739,TP53
GO:0005737,CASP9
GO:0006915,CASP9
GO:0005741,BCL2
GO:0005741,BID
GO:0043067,BID
GO:0005741,BCL2L11
GO:0043067,BCL2L11
GO:0005741,BCL2L1
GO:0043067,BCL2L1
GO:0005741,BAD
GO:0043067,BAD
GO:0005741,MCL1
GO:0043067,MCL1
GO:0005741,BAK1
GO:0043067,BAK1
GO:0005741,MCL1
GO:0043067,MCL1
NA,PARK7
NA,SNCA
GO:0005741,PINK1
GO:0016192,PINK1
GO:0005741,RHOT2
GO:0016192,RHOT2
GO:0005741,TRAK1
GO:0016192,TRAK1
GO:0005737,PARK7
GO:0006511,PARK7
GO:0043161,PARK7
GO:0005737,PINK1
GO:0006511,PINK1
GO:0043161,PINK1
GO:0005737,PRKN
GO:0006511,PRKN
GO:0043161,PRKN
GO:0005634,AIFM1
GO:0006915,AIFM1
GO:0005634,PPIA
GO:0006915,PPIA
GO:0008385,CHUK
GO:0008385,IKBKB
GO:0008384,IKBKG
GO:0008385,IKBKG
GO:0019048,IKBKG
GO:0045087,IKBKG
GO:0051090,IKBKG
GO:0051607,IKBKG
GO:0035556,LRRK2
GO:0003677,RELA
GO:0003677,NFKB1
GO:0097193,AK2
GO:0097193,CASP10
GO:0097193,FADD
GO:0006915,CASP10
GO:0005634,APBB1
GO:0045892,APBB1
GO:0005634,TSHZ3
GO:0045892,TSHZ3
GO:0023052,APH1A
GO:0023052,NCSTN
GO:0023052,PSEN1
GO:0005886,PSENEN
GO:0007219,PSENEN
GO:0023052,PSENEN
GO:0023052,BRAF
GO:0031434,BRAF
GO:0071889,BRAF
GO:0120283,BRAF
GO:0023052,MAP2K1
GO:0071889,MAP2K1
GO:0120283,MAP2K1
GO:0023052,MAP2K2
GO:0031434,MAP2K2
GO:0071889,MAP2K2
GO:0120283,MAP2K2
GO:0023052,YWHAE
GO:0031434,YWHAE
GO:0071889,YWHAE
GO:0120283,YWHAE
GO:0023052,RAF1
GO:0031434,RAF1
GO:0071889,RAF1
GO:0120283,RAF1
GO:0006470,EIF4A1
GO:0006470,PPME1
GO:0006470,PPP2CA
GO:0006470,PPP2R1A
GO:0006470,PPP2R1B
GO:0023052,KSR1
GO:0031434,KSR1
GO:0071889,KSR1
GO:0120283,KSR1
GO:0000165,KSR1
GO:0005886,KSR1
GO:0006470,KSR1
GO:0046578,KSR1
GO:0000165,PPP2CA
GO:0005886,PPP2CA
GO:0046578,PPP2CA
GO:0000165,PPP2R1A
GO:0006470,PPP2R1A
GO:0046578,PPP2R1A
GO:0000165,PPP2R2B
GO:0005886,PPP2R2B
GO:0006470,PPP2R2B
GO:0046578,PPP2R2B
GO:0005737,KSR1
GO:0005737,PPP2CA
GO:0005737,PPP2R1A
GO:0000165,RAF1
GO:0005886,RAF1
GO:0006470,RAF1
GO:0005737,RAF1
GO:0006468,KSR1
GO:0000165,MAP2K1
GO:0005737,MAP2K1
GO:0006468,MAP2K1
GO:0046578,MAP2K1
GO:0000165,YWHAZ
GO:0005737,YWHAZ
GO:0006468,YWHAZ
GO:0046578,YWHAZ
GO:0007601,DCTN1
GO:0015630,DCTN1
GO:0007601,DCTN2
GO:0015630,DCTN2
GO:0007601,HSPA1A
GO:0015630,HSPA1A
GO:0007601,LCA5
GO:0015630,LCA5
GO:0007601,NCL
GO:0015630,NCL
GO:0007601,NPM1
GO:0015630,NPM1
GO:0007601,YWHAE
GO:0015630,YWHAE
GO:0005886,MAP2K1
GO:0006468,MAPK1
GO:0046578,MAPK1
GO:0005886,YWHAZ
GO:0000165,CSNK2A1
GO:0005886,CSNK2A1
GO:0006468,CSNK2A1
GO:0000165,CSNK2A2
GO:0005886,CSNK2A2
GO:0006468,CSNK2A2
GO:0000165,CSNK2B
GO:0005886,CSNK2B
GO:0000165,BRAP
GO:0000165,KSR1
GO:0000165,BRAF
GO:0000165,RAF1
GO:0000165,YWHAZ
GO:0071889,YWHAZ
GO:0120283,YWHAZ
GO:0005886,HRAS
GO:0023052,HRAS
GO:0005886,RAF1
GO:0004674,BRAF
GO:0042127,BRAF
GO:0043408,BRAF
GO:0042127,RAF1
GO:0043408,RAF1
GO:0023052,CNKSR1
GO:0120283,CNKSR1
GO:1990782,CNKSR1
GO:1990782,RAF1
GO:0120283,SRC
GO:0022008,KSR1
GO:0048699,KSR1
GO:0022008,MAP2K1
GO:0048699,MAP2K1
GO:0022008,MAPK1
GO:0048699,MAPK1
GO:0022008,YWHAZ
GO:0048699,YWHAZ
GO:0000165,BRAF
GO:0000165,LAMTOR1
GO:0005768,LAMTOR1
GO:0007032,LAMTOR1
GO:0007034,LAMTOR1
GO:0005768,LAMTOR2
GO:0007032,LAMTOR2
GO:0007034,LAMTOR2
GO:0005768,LAMTOR3
GO:0007032,LAMTOR3
GO:0007034,LAMTOR3
GO:0005768,LAMTOR3
GO:0007179,ALB
GO:0070765,APH1A
GO:0070765,NCSTN
GO:0070765,PSEN1
GO:0070765,PSENEN
GO:0005794,TMED10
GO:0005886,TMED10
GO:0007219,TMED10
GO:0016485,TMED10
GO:0051090,TMED10
GO:0070765,TMED10
GO:0006511,HSP90AB1
GO:0043161,HSP90AB1
GO:0006511,LRRK2
GO:0043161,LRRK2
GO:0006915,LRRK2
GO:0005516,PPP3CA
GO:0005955,PPP3CA
GO:0016791,PPP3CA
GO:0042110,PPP3CA
GO:0005516,PPP3R1
GO:0005955,PPP3R1
GO:0016791,PPP3R1
GO:0019722,PPP3R1
GO:0042110,PPP3R1
GO:0007249,UBE2N
GO:0070534,UBE2N
GO:0007249,UBE2V1
GO:0016567,UBE2V1
GO:0070534,UBE2V1
GO:0007034,EGFR
GO:0007034,EPS15
GO:0007173,EPS15
GO:0007034,PRKN
GO:0007173,PRKN
GO:0031072,HSPA8
GO:0031625,HSPA8
GO:0048156,HSPA8
GO:0006511,MAPT
GO:0016567,MAPT
GO:0031072,MAPT
GO:0031625,MAPT
GO:0043161,MAPT
GO:0048156,MAPT
GO:0016567,STUB1
GO:0031072,STUB1
GO:0031625,STUB1
GO:0048156,STUB1
GO:0006511,UBE2D2
GO:0016567,UBE2D2
GO:0031072,UBE2D2
GO:0031625,UBE2D2
GO:0043161,UBE2D2
GO:0048156,UBE2D2
GO:0030705,DYNC1H1
GO:0030705,DYNC1I1
GO:0030705,DYNC1LI1
GO:0030705,DYNLL1
GO:0000902,DISC1
GO:0016049,DISC1
GO:0000902,FEZ1
GO:0016049,FEZ1
GO:0000902,ACTG1
GO:0016049,ACTG1
GO:0006198,DISC1
GO:0019933,DISC1
GO:0006198,PDE4B
GO:0019933,PDE4B
GO:0034452,DCTN1
GO:0030705,DCTN2
GO:0034452,DCTN2
GO:0034452,DYNC1I1
GO:0005794,NCSTN
GO:0016504,NCSTN
GO:0005794,PSEN1
GO:0016504,PSEN1
GO:0006457,BAG3
GO:0006950,BAG3
GO:0050821,BAG3
GO:0006457,HSPA8
GO:0006950,HSPA8
GO:0050821,HSPA8
GO:0006457,HSPB8
GO:0006950,HSPB8
GO:0050821,HSPB8
GO:0006457,STUB1
GO:0006950,STUB1
GO:0050821,STUB1
GO:0006468,CAB39
GO:0006468,STK11
GO:0006468,STRADA
GO:0016322,APP
GO:0070997,APP
GO:0001540,TNFRSF21
GO:0016322,TNFRSF21
GO:0070997,TNFRSF21
GO:0022008,DISC1
GO:0048699,DISC1
GO:0022008,ZNF365
GO:0048699,ZNF365
NA,DISC1
NA,IMMT
GO:0006195,XDH
GO:0009114,XDH
GO:0009115,XDH
GO:0030151,XDH
GO:0070403,XDH
GO:0045893,ESR1
GO:0032355,SP1
GO:0032870,SP1
GO:0005634,CEBPB
GO:0032355,CEBPB
GO:0032870,CEBPB
GO:0045893,CEBPB
GO:0043484,SRSF6
GO:0048024,SRSF6
GO:0043484,SRSF9
GO:0048024,SRSF9
GO:0043484,TRA2B
GO:0048024,TRA2B
GO:0006661,FIG4
GO:0006897,FIG4
GO:0048015,FIG4
GO:0006661,PIKFYVE
GO:0006897,PIKFYVE
GO:0048015,PIKFYVE
GO:0006661,VAC14
GO:0006897,VAC14
GO:0048015,VAC14
GO:0000723,CTC1
GO:0003697,CTC1
GO:0000723,STN1
GO:0003697,STN1
GO:0000723,TEN1
GO:0003697,TEN1
GO:0007010,ABL1
GO:0061028,ABL1
GO:0004713,CTTN
GO:0061028,CTTN
GO:1990782,CTTN
GO:0004713,MYLK
GO:0007010,MYLK
GO:0061028,MYLK
GO:1990782,MYLK
GO:0001666,ERBB2
GO:0001666,MCL1
GO:0048240,ACE
GO:0060046,ACE
GO:0048240,HSPA2
GO:0060046,HSPA2
GO:0048240,PDIA6
GO:0060046,PDIA6
GO:0007283,BAG6
GO:1903332,BAG6
GO:0007283,HSPA2
GO:1903332,HSPA2
GO:0032456,ACAP1
GO:0032456,CLTC
GO:0032456,SLC2A4
GO:0001881,ACTN4
GO:0004998,ACTN4
GO:0032456,ACTN4
GO:0001881,HGS
GO:0004998,HGS
GO:0032456,HGS
GO:0001881,MYO5B
GO:0004998,MYO5B
GO:0032456,MYO5B
GO:0001881,TRIM3
GO:0004998,TRIM3
GO:0032456,TRIM3
GO:0006354,AFF1
GO:0006354,AFF4
GO:0006354,EAF1
GO:0006354,ELL
GO:0006354,ELL2
GO:0006354,ELL3
GO:0006354,MLLT1
GO:0006354,MLLT3
GO:0006954,ZC3H12A
GO:0006954,ZC3H12D
GO:0006825,ATP7A
GO:0055070,ATP7A
GO:0006825,PAM
GO:0055070,PAM
GO:0006355,AR
GO:0032355,AR
GO:0032870,AR
GO:0005634,ESR2
GO:0006355,ESR2
GO:0032355,ESR2
GO:0032870,ESR2
GO:0033574,ESR2
GO:0008610,AGPAT2
GO:1904177,AGPAT2
GO:0008610,BSCL2
GO:1904177,BSCL2
GO:0008610,LPIN1
GO:1904177,LPIN1
NA,BSCL2
NA,LPIN1
GO:0007049,LMNA
GO:0008283,LMNA
GO:0007049,NFYA
GO:0008283,NFYA
GO:0006355,ATF3
GO:0007286,1700013H16RIK
GO:0060631,1700013H16RIK
GO:0007286,TRIM27
GO:0060631,TRIM27
GO:0060312,HERC2
GO:0060312,SIRT1
GO:0060312,STK11
GO:0005912,PDZD11
GO:0005912,PLEKHA7
GO:0031396,CRYAB
GO:1905150,CRYAB
GO:0031396,SCN5A
GO:1905150,SCN5A
GO:0019218,MEF2A
GO:0019218,NR2F2
GO:0007340,BOVINE PROACROSINE
GO:0043159,BOVINE PROACROSINE
GO:0051336,BOVINE PROACROSINE
GO:0007340,ZP3
GO:0043159,ZP3
GO:0051336,ZP3
GO:0007340,MFGE8
GO:0043159,MFGE8
GO:0051336,MFGE8
GO:0007340,SPACA3
GO:0043159,SPACA3
GO:0051336,SPACA3
GO:0060046,IZUMO1
GO:0060046,ZP3
GO:0007565,AGT
GO:0008217,AGT
GO:0007565,PRG2
GO:0008217,PRG2
GO:0007565,PAPPA
GO:0048870,GSN
GO:0048870,TCP1
GO:0001541,KGF
GO:0001541,KITLG
GO:0007565,C3
GO:0008217,C3
GO:0051924,STIM1
GO:0051924,TRPV4
GO:0006906,AKTIP
GO:0016192,AKTIP
GO:0016197,AKTIP
GO:0006906,FHIP1B
GO:0016192,FHIP1B
GO:0016197,FHIP1B
GO:0006906,HOOK1
GO:0016192,HOOK1
GO:0016197,HOOK1
GO:0006906,HOOK2
GO:0016192,HOOK2
GO:0016197,HOOK2
GO:0006906,HOOK3
GO:0016192,HOOK3
GO:0016197,HOOK3
GO:0007186,DRD3
GO:0007212,DRD3
GO:0051584,DRD3
GO:0007186,SLC6A3
GO:0007212,SLC6A3
GO:0051584,SLC6A3
GO:0050804,PPP2CA
GO:0050804,SYN1
GO:0019432,DGAT2
GO:0019432,MGAT2
GO:0006457,BAG1
GO:0016197,VPS16
GO:0016197,VPS18
GO:0016197,VPS39
GO:0016197,VPS41
GO:0005654,DAXX
GO:0006281,DAXX
GO:0061136,DAXX
GO:0005654,MDM2
GO:0006281,MDM2
GO:0061136,MDM2
GO:0005654,USP7
GO:0006281,USP7
GO:0061136,USP7
GO:0048251,DCN
GO:0048251,ELN
GO:0048251,MFAP2
GO:0003743,CTIF
GO:0048471,CTIF
GO:0070992,CTIF
GO:0003743,EIF3B
GO:0048471,EIF3B
GO:0070992,EIF3B
GO:0003743,EIF4A3
GO:0048471,EIF4A3
GO:0070992,EIF4A3
GO:0003743,NCBP1
GO:0048471,NCBP1
GO:0070992,NCBP1
GO:0003743,NCBP2
GO:0048471,NCBP2
GO:0070992,NCBP2
GO:0003743,UPF3B
GO:0048471,UPF3B
GO:0070992,UPF3B
GO:0051329,ACTB
GO:0051640,ACTB
GO:0070631,ACTB
GO:0070840,ACTB
GO:0051329,ACTR10
GO:0051640,ACTR10
GO:0070631,ACTR10
GO:0070840,ACTR10
GO:0051329,ACTR1A
GO:0051640,ACTR1A
GO:0070631,ACTR1A
GO:0070840,ACTR1A
GO:0051329,ACTR1B
GO:0051640,ACTR1B
GO:0070631,ACTR1B
GO:0070840,ACTR1B
GO:0051329,CAPZA1
GO:0051640,CAPZA1
GO:0070631,CAPZA1
GO:0070840,CAPZA1
GO:0051329,CAPZA2
GO:0051640,CAPZA2
GO:0070631,CAPZA2
GO:0070840,CAPZA2
GO:0051329,CAPZB
GO:0051640,CAPZB
GO:0070631,CAPZB
GO:0070840,CAPZB
GO:0051329,DCTN1
GO:0051640,DCTN1
GO:0070631,DCTN1
GO:0070840,DCTN1
GO:0051329,DCTN2
GO:0051640,DCTN2
GO:0070631,DCTN2
GO:0070840,DCTN2
GO:0051329,DCTN3
GO:0051640,DCTN3
GO:0070631,DCTN3
GO:0070840,DCTN3
GO:0051329,DCTN4
GO:0051640,DCTN4
GO:0070631,DCTN4
GO:0070840,DCTN4
GO:0051329,DCTN5
GO:0051640,DCTN5
GO:0070631,DCTN5
GO:0070840,DCTN5
GO:0051329,DCTN6
GO:0051640,DCTN6
GO:0070631,DCTN6
GO:0070840,DCTN6
GO:0030968,CANX
GO:0036503,CANX
GO:0030968,DDOST
GO:0036503,DDOST
GO:0030968,RPN1
GO:0036503,RPN1
GO:0030968,RPN2
GO:0036503,RPN2
GO:0030968,SELENOK
GO:0036503,SELENOK
GO:0030968,STT3A
GO:0036503,STT3A
GO:0007007,CHCHD3
GO:0042407,CHCHD3
GO:0061617,CHCHD3
GO:0007007,IMMT
GO:0042407,IMMT
GO:0061617,IMMT
GO:0007007,MICOS10
GO:0042407,MICOS10
GO:0061617,MICOS10
GO:0003700,RFX5
GO:0003700,RFXANK
GO:0003700,RFXAP
GO:0007155,RS1
GO:0007601,RS1
GO:0010842,RS1
GO:0016062,RS1
GO:0006826,FTH1
GO:0006879,FTH1
GO:0006955,FTH1
GO:0006826,FTL
GO:0006879,FTL
GO:0006955,FTL
GO:0016197,MAGEL2
GO:0016197,TRIM27
GO:0016197,USP7
GO:0004896,CSF2
GO:0004901,CSF2
GO:0034097,CSF2
GO:0038158,CSF2
GO:0046427,CSF2
GO:0097012,CSF2
GO:0004896,CSF2RA
GO:0004901,CSF2RA
GO:0034097,CSF2RA
GO:0038158,CSF2RA
GO:0046427,CSF2RA
GO:0097012,CSF2RA
GO:0004896,CSF2RB
GO:0004901,CSF2RB
GO:0034097,CSF2RB
GO:0038158,CSF2RB
GO:0046427,CSF2RB
GO:0097012,CSF2RB
GO:0006879,STEAP1
GO:0006897,STEAP1
GO:0006879,STEAP2
GO:0006897,STEAP2
GO:0006275,CDT1
GO:0006275,GMNN
GO:0005634,CSE1L
GO:0005737,CSE1L
GO:0006611,CSE1L
GO:0006913,CSE1L
GO:0015031,CSE1L
GO:0055085,CSE1L
GO:0005634,KPNA2
GO:0005737,KPNA2
GO:0006611,KPNA2
GO:0006913,KPNA2
GO:0015031,KPNA2
GO:0055085,KPNA2
GO:0006913,RAN
GO:0055085,RAN
GO:0006606,KPNA2
GO:0005634,KPNB1
GO:0006606,KPNB1
GO:0006611,KPNB1
GO:0006913,KPNB1
GO:0055085,KPNB1
GO:0003677,CENPT
GO:0003677,CENPW
GO:0007059,CENPW
GO:0051382,CENPW
GO:0003677,CENPS
GO:0003677,CENPX
GO:0007059,CENPX
GO:0051382,CENPX
GO:0006325,BANF1
GO:0006325,BANF2
GO:0005634,TMPO
GO:0006325,TMPO
GO:0006325,ASF1A
GO:0017038,ASF1A
GO:0006260,CDAN1
GO:0006325,CDAN1
GO:0017038,CDAN1
GO:0006325,H3C1
GO:0017038,H3C1
GO:0006260,H4C1
GO:0006325,H4C1
GO:0017038,H4C1
GO:0006260,IPO4
GO:0006325,IPO4
GO:0017038,IPO4
GO:0004679,PRKAA2
GO:0043501,PRKAA2
GO:0004679,PRKAB2
GO:0043501,PRKAB2
GO:0004679,PRKAG3
GO:0043501,PRKAG3
GO:0004679,PRKAA1
GO:0004679,PRKAG1
GO:0043501,PRKAG1
GO:0007186,GNAI1
GO:0006915,TNFRSF10B
GO:0006915,TNFSF10
GO:0005925,LPP
GO:0005925,PPP2CA
GO:0005925,PPP2R3A
GO:0006406,THOC1
GO:0006406,THOC2
GO:0006406,THOC3
GO:0006406,THOC5
GO:0006406,THOC6
GO:0006406,THOC7
GO:0005929,BBIP1
GO:0007601,BBIP1
GO:0042073,BBIP1
GO:0044782,BBIP1
GO:0060170,BBIP1
GO:0060271,BBIP1
GO:0097733,BBIP1
GO:0005929,BBS1
GO:0007601,BBS1
GO:0042073,BBS1
GO:0044782,BBS1
GO:0060170,BBS1
GO:0060271,BBS1
GO:0097733,BBS1
GO:0005929,BBS2
GO:0007601,BBS2
GO:0042073,BBS2
GO:0044782,BBS2
GO:0060170,BBS2
GO:0060271,BBS2
GO:0097733,BBS2
GO:0005929,BBS4
GO:0007601,BBS4
GO:0042073,BBS4
GO:0044782,BBS4
GO:0060170,BBS4
GO:0060271,BBS4
GO:0097733,BBS4
GO:0005929,BBS5
GO:0007601,BBS5
GO:0042073,BBS5
GO:0044782,BBS5
GO:0060170,BBS5
GO:0060271,BBS5
GO:0097733,BBS5
GO:0005929,BBS7
GO:0007601,BBS7
GO:0042073,BBS7
GO:0044782,BBS7
GO:0060170,BBS7
GO:0060271,BBS7
GO:0097733,BBS7
GO:0005929,BBS9
GO:0007601,BBS9
GO:0042073,BBS9
GO:0044782,BBS9
GO:0060170,BBS9
GO:0060271,BBS9
GO:0097733,BBS9
GO:0005929,TTC8
GO:0007601,TTC8
GO:0042073,TTC8
GO:0044782,TTC8
GO:0060170,TTC8
GO:0060271,TTC8
GO:0097733,TTC8
GO:0023052,BCAR1
GO:0023052,CDC42
GO:0023052,CRK
GO:0023052,TNK2
GO:0006887,EXOC1
GO:0060271,EXOC1
GO:0099022,EXOC1
GO:0006887,EXOC2
GO:0060271,EXOC2
GO:0099022,EXOC2
GO:0006887,EXOC3
GO:0060271,EXOC3
GO:0099022,EXOC3
GO:0006887,EXOC4
GO:0060271,EXOC4
GO:0099022,EXOC4
GO:0006887,EXOC5
GO:0060271,EXOC5
GO:0099022,EXOC5
GO:0006887,EXOC6
GO:0060271,EXOC6
GO:0099022,EXOC6
GO:0006887,EXOC7
GO:0060271,EXOC7
GO:0099022,EXOC7
GO:0006887,EXOC8
GO:0060271,EXOC8
GO:0099022,EXOC8
GO:0045765,ANG
GO:0045765,RNH1
NA,MOB4
NA,PPP2CA
NA,PPP2R1A
NA,STRIP1
NA,STRN
GO:0005929,CLUAP1
GO:0035720,CLUAP1
GO:0042073,CLUAP1
GO:0060271,CLUAP1
GO:0005929,IFT172
GO:0035720,IFT172
GO:0042073,IFT172
GO:0060271,IFT172
GO:0005929,IFT20
GO:0035720,IFT20
GO:0042073,IFT20
GO:0060271,IFT20
GO:0005929,IFT22
GO:0035720,IFT22
GO:0042073,IFT22
GO:0060271,IFT22
GO:0005929,IFT25
GO:0035720,IFT25
GO:0042073,IFT25
GO:0060271,IFT25
GO:0005929,IFT27
GO:0035720,IFT27
GO:0042073,IFT27
GO:0060271,IFT27
GO:0005929,IFT46
GO:0035720,IFT46
GO:0042073,IFT46
GO:0060271,IFT46
GO:0005929,IFT52
GO:0035720,IFT52
GO:0042073,IFT52
GO:0060271,IFT52
GO:0005929,IFT56
GO:0035720,IFT56
GO:0042073,IFT56
GO:0060271,IFT56
GO:0005929,IFT57
GO:0035720,IFT57
GO:0042073,IFT57
GO:0060271,IFT57
GO:0005929,IFT70B
GO:0035720,IFT70B
GO:0042073,IFT70B
GO:0060271,IFT70B
GO:0005929,IFT74
GO:0035720,IFT74
GO:0042073,IFT74
GO:0060271,IFT74
GO:0005929,IFT80
GO:0035720,IFT80
GO:0042073,IFT80
GO:0060271,IFT80
GO:0005929,IFT81
GO:0035720,IFT81
GO:0042073,IFT81
GO:0060271,IFT81
GO:0005929,IFT88
GO:0035720,IFT88
GO:0042073,IFT88
GO:0060271,IFT88
GO:0005929,TRAF3IP1
GO:0035720,TRAF3IP1
GO:0042073,TRAF3IP1
GO:0060271,TRAF3IP1
GO:0005739,CASP10
GO:0070266,CASP10
GO:0005739,DNM1L
GO:0070266,DNM1L
GO:0005739,FADD
GO:0070266,FADD
GO:0005154,CDCP1
GO:0007173,CDCP1
GO:0004713,EGFR
GO:1990782,EGFR
GO:0005154,SRC
GO:0007173,SRC
GO:0035357,MAPK1
GO:0070372,MAPK1
GO:0035357,PPARG
GO:0070372,PPARG
GO:0032434,RBCK1
GO:0039535,RBCK1
GO:0043067,RBCK1
GO:0043122,RBCK1
GO:0045087,RBCK1
GO:0050727,RBCK1
GO:0097039,RBCK1
GO:0032434,RNF31
GO:0039535,RNF31
GO:0043067,RNF31
GO:0043122,RNF31
GO:0045087,RNF31
GO:0050727,RNF31
GO:0097039,RNF31
GO:0032434,SHARPIN
GO:0039535,SHARPIN
GO:0043067,SHARPIN
GO:0043122,SHARPIN
GO:0045087,SHARPIN
GO:0050727,SHARPIN
GO:0097039,SHARPIN
GO:0006468,GRM5
GO:0007186,GRM5
GO:0007216,GRM5
GO:0019903,GRM5
GO:0035254,GRM5
GO:0007186,PPP2CA
GO:0007216,PPP2CA
GO:0019903,PPP2CA
GO:0035254,PPP2CA
GO:0006470,PPP2R3B
GO:0070765,LRP4
GO:0070765,PSEN1
GO:0019722,PPP2CA
GO:0019722,PPP2R1A
GO:0006470,STRN
GO:0019722,STRN
GO:0006470,STRN3
GO:0019722,STRN3
GO:0050821,AURKA
GO:0050821,AURKB
GO:0050821,INCENP
GO:0000132,GNAI1
GO:0008356,GNAI1
GO:0000132,GPSM2
GO:0008356,GPSM2
GO:0000132,SAPCD2
GO:0008356,SAPCD2
GO:0050821,FIG4
GO:0050821,PIKFYVE
GO:0050821,SNCAIP
GO:0050821,MDM2
GO:0050821,TFIP11
GO:0050821,USP7
GO:0005654,TFIP11
GO:0005654,TP53
GO:0050821,TP53
GO:0006418,AIMP1
GO:0017101,AIMP1
GO:0006418,QARS1
GO:0017101,QARS1
GO:0006418,RARS1
GO:0017101,RARS1
GO:0001558,HSP90AB1
GO:0001558,KRAS
GO:0001558,MAPK12
GO:0008201,IGF2
GO:0045667,IGF2
GO:0008201,IGFBP2
GO:0045667,IGFBP2
GO:1904925,CHDH
GO:1904925,MAP1LC3A
GO:1904925,SQSTM1
GO:0042981,ADAM12
GO:0042981,ITGAV
GO:0042981,ITGB3
GO:0042981,MMP14
GO:0003682,BAZ1B
GO:0005634,BAZ1B
GO:0006383,BAZ1B
GO:0003682,DDX21
GO:0006383,DDX21
GO:0003682,DEK
GO:0005634,DEK
GO:0006383,DEK
GO:0003682,ERCC6
GO:0005634,ERCC6
GO:0006383,ERCC6
GO:0003682,MYBBP1A
GO:0006383,MYBBP1A
GO:0003682,MYO1C
GO:0005634,MYO1C
GO:0006383,MYO1C
GO:0003682,SF3B1
GO:0006383,SF3B1
GO:0003682,SMARCA5
GO:0006383,SMARCA5
GO:2000311,AP2A1
GO:2000311,AP3D1
GO:2000311,CACNG2
GO:2000311,AP2M1
GO:2000311,GRIA1
GO:2000311,AP3M2
GO:2000311,GRIA2
GO:0010827,AXIN1
GO:0010827,KIF3A
GO:0010827,TNKS2
GO:0031548,DOCK3
GO:0051386,DOCK3
GO:0031548,ELMO1
GO:0051386,ELMO1
GO:0031548,RHOG
GO:0051386,RHOG
GO:0001778,AHNAK
GO:0001778,ANXA2
GO:0001778,S100A10
GO:0010564,KDM5B
GO:0010564,MYC
GO:0010564,TFAP2C
GO:0030111,KREMEN1
GO:0030111,TFAP2A
GO:0030111,DKK1
GO:0030111,KREMEN2
GO:0030111,LRP6
GO:0030111,AR
GO:0051090,AR
GO:0030111,CTNNB1
GO:0051090,CTNNB1
GO:0030111,CTNNBIP1
GO:0051090,CTNNBIP1
GO:0007189,ADRB2
GO:0007189,GNAS
GO:0071875,GNAS
GO:0007189,GNB1
GO:0071875,GNB1
GO:0007189,GNG2
GO:0071875,GNG2
GO:0004731,PNP
GO:0042129,PNP
GO:0042278,PNP
GO:1901379,GNAI1
GO:1901379,GNB1
GO:1901379,GNG2
GO:1901379,MTNR1A
GO:0007186,RGS20
GO:1901379,RGS20
NA,GOLGA2
NA,GORASP1
GO:0000910,DOCK8
GO:0001771,DOCK8
GO:0015629,DOCK8
GO:0042608,DOCK8
GO:0072678,DOCK8
GO:0000910,WAS
GO:0001771,WAS
GO:0015629,WAS
GO:0042608,WAS
GO:0072678,WAS
GO:0000910,WIPF1
GO:0001771,WIPF1
GO:0015629,WIPF1
GO:0042608,WIPF1
GO:0072678,WIPF1
GO:0000910,DOCK8
GO:0001771,DOCK8
GO:0015629,DOCK8
GO:0042608,DOCK8
GO:0072678,DOCK8
GO:0000910,WAS
GO:0001771,WAS
GO:0015629,WAS
GO:0042608,WAS
GO:0072678,WAS
GO:0000910,WIPF1
GO:0001771,WIPF1
GO:0015629,WIPF1
GO:0042608,WIPF1
GO:0072678,WIPF1
GO:0005096,DEPDC5
GO:1903832,DEPDC5
GO:1904262,DEPDC5
GO:0005096,NPRL2
GO:1903832,NPRL2
GO:1904262,NPRL2
GO:0005096,NPRL3
GO:1903832,NPRL3
GO:1904262,NPRL3
GO:1903432,MIOS
GO:1903432,SEC13
GO:1903432,SEH1L
GO:1903432,WDR24
GO:1903432,WDR59
GO:1903432,DEPDC5
GO:1903832,MIOS
GO:1903432,NPRL2
GO:1903432,NPRL3
GO:1903832,SEC13
GO:1903832,SEH1L
GO:1903832,WDR24
GO:1903832,WDR59
GO:0006396,SSU72
GO:0006396,SYMPK
GO:0007265,DGKZ
GO:0007265,HRAS
GO:0007265,RASGRP1
GO:0003700,HDAC10
GO:0048021,HDAC10
GO:0003700,PAX3
GO:0048021,PAX3
GO:0003700,TRIM28
GO:0048021,TRIM28
GO:0001525,CCM2
GO:0090049,CCM2
GO:1903587,CCM2
GO:0001525,KRIT1
GO:0090049,KRIT1
GO:1903587,KRIT1
GO:0001525,PDCD10
GO:0090049,PDCD10
GO:1903587,PDCD10
GO:0007155,CCM2
GO:0007155,ITGB1BP1
GO:0007155,KRIT1
GO:1900744,CCM2
GO:1900744,KRIT1
GO:1900744,MAP3K3
GO:0001944,CCM2
GO:0060914,CCM2
GO:0001944,HEG1
GO:0060914,HEG1
GO:0001944,KRIT1
GO:0060914,KRIT1
GO:0016197,DYNC1LI1
GO:0016197,IKBKG
GO:0016197,RAB11A
GO:0010594,GIPC1
GO:0043087,GIPC1
GO:0010594,RHOG
GO:0043087,RHOG
GO:0010594,SDC4
GO:0043087,SDC4
GO:0006914,ATG13
GO:1905037,ATG13
GO:0006914,RB1CC1
GO:1905037,RB1CC1
GO:0006914,ULK1
GO:1905037,ULK1
GO:0006914,ULK2
GO:1905037,ULK2
GO:0006914,ATG101
GO:0006511,KLHL3
GO:0031461,KLHL3
GO:0006511,WNK1
GO:0031461,WNK1
GO:0003677,MAZ
GO:0006355,MAZ
GO:0005929,DYNC2H1
GO:0007224,DYNC2H1
GO:0035721,DYNC2H1
GO:0042073,DYNC2H1
GO:0005929,DYNC2I1
GO:0007224,DYNC2I1
GO:0035721,DYNC2I1
GO:0042073,DYNC2I1
GO:0005929,DYNC2I2
GO:0007224,DYNC2I2
GO:0035721,DYNC2I2
GO:0042073,DYNC2I2
GO:0005929,DYNC2LI1
GO:0007224,DYNC2LI1
GO:0035721,DYNC2LI1
GO:0042073,DYNC2LI1
GO:0005929,DYNLL1
GO:0007224,DYNLL1
GO:0035721,DYNLL1
GO:0042073,DYNLL1
GO:0005929,DYNLL2
GO:0007224,DYNLL2
GO:0035721,DYNLL2
GO:0042073,DYNLL2
GO:0005929,DYNLRB1
GO:0007224,DYNLRB1
GO:0035721,DYNLRB1
GO:0042073,DYNLRB1
GO:0005929,DYNLRB2
GO:0007224,DYNLRB2
GO:0035721,DYNLRB2
GO:0042073,DYNLRB2
GO:0005929,DYNLT1
GO:0007224,DYNLT1
GO:0035721,DYNLT1
GO:0042073,DYNLT1
GO:0005929,DYNLT2B
GO:0007224,DYNLT2B
GO:0035721,DYNLT2B
GO:0042073,DYNLT2B
GO:0005929,DYNLT3
GO:0007224,DYNLT3
GO:0035721,DYNLT3
GO:0042073,DYNLT3
GO:0005929,NUDCD3
GO:0007224,NUDCD3
GO:0035721,NUDCD3
GO:0042073,NUDCD3
GO:0045892,AJUBA
GO:0045892,GFI1
GO:0005783,DHDDS
GO:0006486,DHDDS
GO:0042632,DHDDS
GO:0043048,DHDDS
GO:0005783,NUS1
GO:0006486,NUS1
GO:0042632,NUS1
GO:0043048,NUS1
GO:0007160,FRAS1
GO:0007160,FREM1
GO:0007160,FREM2
GO:0050999,ATP2B1
GO:0050999,NOS1
GO:0050999,SNTA1
GO:0050999,ATP2B4
GO:0005875,MAPT
GO:0071889,MAPT
GO:0120283,MAPT
GO:0005875,SGK1
GO:0048156,SGK1
GO:0071889,SGK1
GO:0120283,SGK1
GO:0005875,YWHAQ
GO:0048156,YWHAQ
GO:0071889,YWHAQ
GO:0120283,YWHAQ
GO:0003720,DKC1
GO:0005697,DKC1
GO:0003720,GAR1
GO:0005697,GAR1
GO:0003720,NHP2
GO:0005697,NHP2
GO:0003720,NOP10
GO:0005697,NOP10
GO:0003720,SMG6
GO:0005697,SMG6
GO:0003720,TERT
GO:0005697,TERT
GO:0003720,WRAP53
GO:0005697,WRAP53
GO:0034451,BBS4
GO:0005929,CEP131
GO:0034451,CEP131
GO:0042073,CEP131
GO:0060271,CEP131
GO:0005929,PCM1
GO:0034451,PCM1
GO:0042073,PCM1
GO:0060271,PCM1
GO:0005929,BBS10
GO:0042073,BBS10
GO:0051131,BBS10
GO:0005929,BBS12
GO:0042073,BBS12
GO:0051131,BBS12
GO:0051131,BBS7
GO:0005929,CCT2
GO:0042073,CCT2
GO:0051131,CCT2
GO:0005929,CCT3
GO:0042073,CCT3
GO:0051131,CCT3
GO:0005929,CCT4
GO:0042073,CCT4
GO:0051131,CCT4
GO:0005929,CCT5
GO:0042073,CCT5
GO:0051131,CCT5
GO:0005929,CCT8
GO:0042073,CCT8
GO:0051131,CCT8
GO:0005929,MKKS
GO:0042073,MKKS
GO:0051131,MKKS
GO:0005929,TCP1
GO:0042073,TCP1
GO:0051131,TCP1
GO:0006605,CSF3R
GO:0030851,CSF3R
GO:0030852,CSF3R
GO:0031146,CSF3R
GO:0043161,CSF3R
GO:0006605,FBXW7
GO:0030851,FBXW7
GO:0030852,FBXW7
GO:0031146,FBXW7
GO:0006605,GSK3B
GO:0030851,GSK3B
GO:0030852,GSK3B
GO:0031146,GSK3B
GO:0043161,GSK3B
GO:0001401,APOO
GO:0005739,APOO
GO:0005741,APOO
GO:0005743,APOO
GO:0006626,APOO
GO:0006839,APOO
GO:0042407,APOO
GO:0044284,APOO
GO:0061617,APOO
GO:0001401,APOOL
GO:0005739,APOOL
GO:0005741,APOOL
GO:0005743,APOOL
GO:0006626,APOOL
GO:0006839,APOOL
GO:0042407,APOOL
GO:0044284,APOOL
GO:0061617,APOOL
GO:0001401,CHCHD3
GO:0005739,CHCHD3
GO:0005741,CHCHD3
GO:0005743,CHCHD3
GO:0006626,CHCHD3
GO:0006839,CHCHD3
GO:0044284,CHCHD3
GO:0001401,CHCHD6
GO:0005739,CHCHD6
GO:0005741,CHCHD6
GO:0005743,CHCHD6
GO:0006626,CHCHD6
GO:0006839,CHCHD6
GO:0042407,CHCHD6
GO:0044284,CHCHD6
GO:0061617,CHCHD6
GO:0001401,DNAJC11
GO:0005739,DNAJC11
GO:0005741,DNAJC11
GO:0005743,DNAJC11
GO:0006626,DNAJC11
GO:0006839,DNAJC11
GO:0042407,DNAJC11
GO:0044284,DNAJC11
GO:0061617,DNAJC11
GO:0001401,IMMT
GO:0005739,IMMT
GO:0005741,IMMT
GO:0005743,IMMT
GO:0006626,IMMT
GO:0006839,IMMT
GO:0044284,IMMT
GO:0001401,MICOS10
GO:0005739,MICOS10
GO:0005741,MICOS10
GO:0005743,MICOS10
GO:0006626,MICOS10
GO:0006839,MICOS10
GO:0044284,MICOS10
GO:0001401,MICOS13
GO:0005739,MICOS13
GO:0005741,MICOS13
GO:0005743,MICOS13
GO:0006626,MICOS13
GO:0006839,MICOS13
GO:0042407,MICOS13
GO:0044284,MICOS13
GO:0061617,MICOS13
GO:0001401,MTX1
GO:0005739,MTX1
GO:0005741,MTX1
GO:0005743,MTX1
GO:0006626,MTX1
GO:0006839,MTX1
GO:0042407,MTX1
GO:0044284,MTX1
GO:0061617,MTX1
GO:0001401,MTX2
GO:0005739,MTX2
GO:0005741,MTX2
GO:0005743,MTX2
GO:0006626,MTX2
GO:0006839,MTX2
GO:0042407,MTX2
GO:0044284,MTX2
GO:0061617,MTX2
GO:0001401,MTX3
GO:0005739,MTX3
GO:0005741,MTX3
GO:0005743,MTX3
GO:0006626,MTX3
GO:0006839,MTX3
GO:0042407,MTX3
GO:0044284,MTX3
GO:0061617,MTX3
GO:0001401,SAMM50
GO:0005739,SAMM50
GO:0005741,SAMM50
GO:0005743,SAMM50
GO:0006626,SAMM50
GO:0006839,SAMM50
GO:0042407,SAMM50
GO:0044284,SAMM50
GO:0061617,SAMM50
GO:0007186,LPAR2
GO:0019216,LPAR2
GO:0007186,NHERF2
GO:0019216,NHERF2
GO:0007186,PLCB3
GO:0019216,PLCB3
GO:0005886,ESR1
GO:0043405,ESR1
GO:0001558,IGF1R
GO:0005886,IGF1R
GO:0032355,IGF1R
GO:0032870,IGF1R
GO:0043405,IGF1R
GO:0001558,SHC1
GO:0005886,SHC1
GO:0032355,SHC1
GO:0032870,SHC1
GO:0043405,SHC1
GO:0055038,AP1G1
GO:0055038,AP1S1
GO:0055038,RABEP1
GO:0016192,MYO5B
GO:0016192,RAB11A
GO:0016192,RAB11FIP2
NA,EPB41
NA,GYPC
NA,MPP1
GO:0001822,ANKS6
GO:0005929,ANKS6
GO:0001822,INVS
GO:0005929,INVS
GO:0001822,NEK8
GO:0005929,NEK8
GO:0001822,NPHP3
GO:0005929,NPHP3
GO:1903329,FXN
GO:0005739,ISCU
GO:1903329,ISCU
GO:0005739,LYRM4
GO:1903329,LYRM4
GO:0005739,NFS1
GO:1903329,NFS1
NA,ADGRV1
NA,PDZD7
NA,USH2A
NA,WHRN
GO:0030054,DLG1
GO:0097025,DLG1
GO:0030054,LIN7A
GO:0097025,LIN7A
GO:0097025,MPP7
GO:0006325,MCM2
GO:0097025,LIN7C
GO:0005911,DLG5
GO:0005911,SORBS3
GO:0014069,BEGAIN
GO:0097060,BEGAIN
GO:0014069,DLG4
GO:0097060,DLG4
GO:0014069,DLGAP1
GO:0097060,DLGAP1
GO:0000151,CUL3
GO:0016874,CUL3
GO:0050801,CUL3
GO:0000151,KLHL3
GO:0016567,KLHL3
GO:0016874,KLHL3
GO:0050801,KLHL3
GO:0000151,WNK4
GO:0006511,WNK4
GO:0016567,WNK4
GO:0016874,WNK4
GO:0031461,WNK4
GO:0050801,WNK4
GO:0000209,ASB9
GO:0031461,ASB9
GO:0031466,ASB9
GO:0000209,CUL5
GO:0031461,CUL5
GO:0031466,CUL5
GO:0000209,ELOB
GO:0031461,ELOB
GO:0031466,ELOB
GO:0000209,ELOC
GO:0031461,ELOC
GO:0031466,ELOC
GO:0005912,CDH2
GO:0071896,CDH2
GO:0005912,CTNNB1
GO:0071896,CTNNB1
GO:0005912,DLL1
GO:0071896,DLL1
GO:0010880,ASPH
GO:0016529,ASPH
GO:0010880,CASQ2
GO:0016529,CASQ2
GO:0010880,RYR1
GO:0016529,RYR1
GO:0010880,TRDN
GO:0016529,TRDN
GO:0033210,LEP
GO:0033210,LEPR
GO:0004553,HEXA
GO:0004563,HEXA
GO:0005975,HEXA
GO:0006687,HEXA
GO:0030203,HEXA
GO:0004553,HEXB
GO:0004563,HEXB
GO:0005975,HEXB
GO:0006687,HEXB
GO:0030203,HEXB
GO:1904331,MAD2L2
GO:1904331,POLK
GO:1904331,REV1
GO:1904331,REV3L
GO:0090279,CD22
GO:0090279,GRB2
GO:0090279,INPP5D
GO:0090279,SHC1
GO:0007263,ARRB2
GO:0007263,NFKBIA
GO:0007263,NOS2
GO:0007263,RELA
GO:2000434,NEDD8
GO:2000434,NPLOC4
GO:2000434,NUB1
GO:2000434,UFD1
GO:0030336,LRP1
GO:0030336,PLAU
GO:0030336,PLAUR
GO:0030336,SERPINE1
GO:0016477,AKT1
GO:0016477,CTTN
GO:0016477,GNA13
GO:0016477,HAX1
GO:0007249,SIVA1
GO:0007249,XIAP
GO:0004672,PRKACA
GO:0004691,PRKACA
GO:0004672,PRKAR1B
GO:0004691,PRKAR1B
GO:0005743,HAX1
GO:0051592,HAX1
GO:0055074,HAX1
GO:0005743,UCP3
GO:0051592,UCP3
GO:0055074,UCP3
GO:0003779,ADD2
GO:0016020,ADD2
GO:0030507,ADD2
GO:0003779,DMTN
GO:0016020,DMTN
GO:0030507,DMTN
GO:0003779,SLC2A1
GO:0016020,SLC2A1
GO:0030507,SLC2A1
GO:0007601,ARL3
GO:0060271,ARL3
GO:0007601,PDE6D
GO:0060271,PDE6D
GO:0007601,RPGR
GO:0060271,RPGR
GO:0006915,HAX1
GO:0008637,HAX1
GO:0006915,PHB1
GO:0008637,PHB1
GO:0006915,PHB2
GO:0008637,PHB2
GO:0006915,SLC25A5
GO:0008637,SLC25A5
GO:0006915,VDAC2
GO:0008637,VDAC2
GO:0006468,DCAF1
GO:0006511,DCAF1
GO:0044772,DCAF1
GO:0006468,DDB1
GO:0044772,DDB1
GO:0006468,DYRK2
GO:0006511,DYRK2
GO:0044772,DYRK2
GO:0006468,UBR5
GO:0006511,UBR5
GO:0044772,UBR5
GO:0001666,BTRC
GO:0032006,BTRC
GO:0001666,CUL4A
GO:0006468,CUL4A
GO:0032006,CUL4A
GO:0001666,DDB1
GO:0032006,DDB1
GO:0001666,DDIT4
GO:0006468,DDIT4
GO:0006511,DDIT4
GO:0032006,DDIT4
GO:1902915,HAX1
GO:0006915,XIAP
GO:1902915,XIAP
GO:0043197,DDN
GO:0043197,MAGI2
GO:0043197,SH3KBP1
GO:0035556,DDR1
GO:0035556,PRKCZ
GO:0035556,WWC1
GO:0006955,CD19
GO:0006955,CR2
GO:0007249,CYLD
GO:1902528,CYLD
GO:0007249,SPATA2
GO:1902528,SPATA2
GO:0030193,GP1BA
GO:0030193,VWF
GO:0003700,ELK1
GO:0003700,ELK4
GO:0003700,SRF
GO:0006355,EWS-FLI1
GO:0006355,FLI1
NA,CDK1
NA,CDKN1A
NA,TP53
GO:0000394,C2ORF49
GO:0072669,C2ORF49
GO:0000394,DDX1
GO:0072669,DDX1
GO:0000394,FAM98B
GO:0072669,FAM98B
GO:0000394,RTCB
GO:0072669,RTCB
GO:0000394,RTRAF
GO:0072669,RTRAF
GO:0006338,BAZ1B
GO:0006351,BAZ1B
GO:0006338,DDX21
GO:0006351,DDX21
GO:0006338,DEK
GO:0006351,DEK
GO:0006338,ERCC6
GO:0006351,ERCC6
GO:0006338,MYBBP1A
GO:0006351,MYBBP1A
GO:0006338,MYO1C
GO:0006351,MYO1C
GO:0006338,SF3B1
GO:0006351,SF3B1
GO:0006338,SMARCA5
GO:0006351,SMARCA5
GO:0005634,SPEF2
GO:0006338,SPEF2
GO:0006351,SPEF2
GO:0007062,DDX11
GO:0007062,RAD21
GO:0007062,SMC1A
GO:0007062,SMC3
GO:0004386,CHTF18
GO:0007062,CHTF18
GO:0004386,DDX11
GO:0004386,DSCC1
GO:0007062,DSCC1
GO:0004386,ESCO1
GO:0007062,ESCO1
GO:0004386,PCNA
GO:0007062,PCNA
GO:0004386,WDHD1
GO:0007062,WDHD1
GO:0003677,HOXA9
GO:0003700,HOXA9
GO:0006355,HOXA9
GO:0003677,MEIS1
GO:0003700,MEIS1
GO:0006355,MEIS1
GO:0003677,PBX3
GO:0003700,PBX3
GO:0006355,PBX3
GO:0005730,BOP1
GO:0006364,BOP1
GO:0005730,DDX27
GO:0006364,DDX27
GO:0005730,PES1
GO:0006364,PES1
GO:0005730,WDR12
GO:0006364,WDR12
GO:0043316,KLC1
GO:0043316,RAB27A
GO:0043316,SYTL3
GO:0061668,DDX28
GO:0061668,DHX30
GO:0061668,FASTKD2
GO:0061668,FASTKD5
GO:0061668,GRSF1
GO:0005634,DEAF1
GO:0014069,CABP1
GO:1901385,CABP1
GO:0014069,CACNA1C
GO:1901385,CACNA1C
GO:1990513,BMAL1
GO:1990513,CLOCK
GO:1990513,EP300
GO:0090069,AATF
GO:0090069,NGDN
GO:0090069,NOL10
GO:0090069,MCRS1
GO:0090069,RINT1
GO:0007411,DPYSL2
GO:0007411,RAB27B
GO:0007411,SYTL1
GO:0002221,CASP1
GO:0032496,CASP1
GO:0032731,CASP1
GO:0043331,CASP1
GO:0045087,CASP1
GO:0050729,CASP1
GO:0051607,CASP1
GO:0061702,CASP1
GO:0072558,CASP1
GO:0140447,CASP1
GO:0140639,CASP1
GO:0002221,CASP5
GO:0032496,CASP5
GO:0032731,CASP5
GO:0043331,CASP5
GO:0045087,CASP5
GO:0050729,CASP5
GO:0051607,CASP5
GO:0061702,CASP5
GO:0072558,CASP5
GO:0140447,CASP5
GO:0140639,CASP5
GO:0002221,NLRP1
GO:0032496,NLRP1
GO:0032731,NLRP1
GO:0043331,NLRP1
GO:0045087,NLRP1
GO:0050729,NLRP1
GO:0051607,NLRP1
GO:0061702,NLRP1
GO:0072558,NLRP1
GO:0140447,NLRP1
GO:0140639,NLRP1
GO:0002221,PYCARD
GO:0032496,PYCARD
GO:0032731,PYCARD
GO:0043331,PYCARD
GO:0045087,PYCARD
GO:0050729,PYCARD
GO:0051607,PYCARD
GO:0061702,PYCARD
GO:0072558,PYCARD
GO:0140447,PYCARD
GO:0140639,PYCARD
GO:0097107,DLG4
GO:0097107,DLGAP1
GO:0097107,SHANK1
GO:0070376,MAP2K5
GO:0070376,MAP3K2
GO:0070376,MAPK7
NA,DLG4
NA,DLGAP1
NA,SHANK3
NA,DLG4
NA,DLGAP1
NA,SHANK2
GO:0002221,CARD8
GO:0006952,CARD8
GO:0032692,CARD8
GO:0032731,CARD8
GO:0045087,CARD8
GO:0050727,CARD8
GO:0061702,CARD8
GO:0072559,CARD8
GO:0140447,CARD8
GO:0006952,CASP1
GO:0032692,CASP1
GO:0050727,CASP1
GO:0072559,CASP1
GO:0002221,NLRP3
GO:0006952,NLRP3
GO:0032692,NLRP3
GO:0032731,NLRP3
GO:0045087,NLRP3
GO:0050727,NLRP3
GO:0061702,NLRP3
GO:0072559,NLRP3
GO:0140447,NLRP3
GO:0006952,PYCARD
GO:0032692,PYCARD
GO:0050727,PYCARD
GO:0072559,PYCARD
GO:0050729,CARD8
GO:0002221,NLRP2
GO:0006952,NLRP2
GO:0032731,NLRP2
GO:0045087,NLRP2
GO:0050729,NLRP2
GO:0061702,NLRP2
GO:0140447,NLRP2
GO:0007601,GNB1
GO:0007601,GNGT1
GO:0007601,PDC
NA,DMD
NA,SNTA1
NA,SNTB1
NA,UTRN
GO:0043066,BAX
GO:0043066,DNAJA1
GO:0043066,HSPA1B
GO:0043066,DNAJA2
GO:0043022,DNAJC2
GO:0043022,HSPA14
GO:0006357,ELP1
GO:0006357,ELP2
GO:0006357,ELP3
GO:0006357,ELP4
GO:0006357,ELP5
GO:0006357,ELP6
GO:0035725,SCN2A
GO:0035725,SCN2B
GO:0034332,AFDN
GO:0098609,AFDN
GO:0034332,CTNNB1
NA,AKAP7
NA,PRKACA
NA,PRKACB
GO:0003886,CTNNB1
GO:0006306,CTNNB1
GO:0008013,DNMT1
GO:0030111,DNMT1
GO:0030334,AMOT
GO:0030334,CDH11
GO:0030334,CTNNB1
GO:0030334,CTNND1
GO:0045454,AXIN1
GO:0045454,BTRC
GO:0045454,GSK3B
GO:0045454,NFE2L2
GO:0030111,BCL9
GO:0045595,ASH2L
GO:0045595,KMT2D
GO:0045595,PAXIP1
GO:0045595,PITX2
GO:0045595,RBBP5
NA,ARHGEF7
NA,GIT1
NA,PAK1
NA,PXN
GO:0030178,JADE1
GO:0097546,JADE1
GO:0030178,NPHP4
GO:0097546,NPHP4
GO:0035330,AXIN1
GO:0035330,CTNNB1
GO:0030111,SETD7
GO:0035330,SETD7
GO:0030111,YAP1
GO:0035330,YAP1
GO:0006954,BIRC3
GO:0010803,BIRC3
GO:0016567,BIRC3
GO:0042981,BIRC3
GO:0046328,BIRC3
GO:0051092,BIRC3
GO:0010803,CHUK
GO:0016567,CHUK
GO:0042981,CHUK
GO:0046328,CHUK
GO:0051092,CHUK
GO:0010803,IKBKB
GO:0016567,IKBKB
GO:0042981,IKBKB
GO:0046328,IKBKB
GO:0051092,IKBKB
GO:0010803,IKBKG
GO:0016567,IKBKG
GO:0042981,IKBKG
GO:0046328,IKBKG
GO:0051092,IKBKG
GO:0006954,MAP3K7
GO:0010803,MAP3K7
GO:0016567,MAP3K7
GO:0042981,MAP3K7
GO:0046328,MAP3K7
GO:0051092,MAP3K7
GO:0006954,RBCK1
GO:0010803,RBCK1
GO:0016567,RBCK1
GO:0042981,RBCK1
GO:0046328,RBCK1
GO:0051092,RBCK1
GO:0006954,RIPK1
GO:0010803,RIPK1
GO:0016567,RIPK1
GO:0042981,RIPK1
GO:0046328,RIPK1
GO:0051092,RIPK1
GO:0006954,RNF31
GO:0010803,RNF31
GO:0016567,RNF31
GO:0042981,RNF31
GO:0046328,RNF31
GO:0051092,RNF31
GO:0006954,TAB1
GO:0010803,TAB1
GO:0016567,TAB1
GO:0042981,TAB1
GO:0046328,TAB1
GO:0051092,TAB1
GO:0006954,TAB2
GO:0010803,TAB2
GO:0016567,TAB2
GO:0042981,TAB2
GO:0046328,TAB2
GO:0051092,TAB2
GO:0006954,TNF
GO:0010803,TNF
GO:0016567,TNF
GO:0042981,TNF
GO:0046328,TNF
GO:0051092,TNF
GO:0006954,TNFRSF1A
GO:0010803,TNFRSF1A
GO:0016567,TNFRSF1A
GO:0042981,TNFRSF1A
GO:0046328,TNFRSF1A
GO:0051092,TNFRSF1A
GO:0006954,TNIP1
GO:0010803,TNIP1
GO:0016567,TNIP1
GO:0042981,TNIP1
GO:0046328,TNIP1
GO:0051092,TNIP1
GO:0006954,TRADD
GO:0010803,TRADD
GO:0016567,TRADD
GO:0042981,TRADD
GO:0046328,TRADD
GO:0051092,TRADD
GO:0006954,TRAF2
GO:0010803,TRAF2
GO:0042981,TRAF2
GO:0046328,TRAF2
GO:0051092,TRAF2
GO:0090309,DNMT1
GO:0003677,SETDB1
GO:0006306,SETDB1
GO:0090309,SETDB1
GO:0003677,TRIM28
GO:0006306,TRIM28
GO:0090309,TRIM28
GO:0003677,ZNF304
GO:0005634,ZNF304
GO:0006306,ZNF304
GO:0090309,ZNF304
GO:0008089,DPYSL2
GO:0031547,DPYSL2
GO:0008089,KIF5A
GO:0031547,KIF5A
GO:0008089,KIF5B
GO:0031547,KIF5B
GO:0008089,KLC1
GO:0031547,KLC1
GO:0008089,NTRK2
GO:0031547,NTRK2
GO:0008089,RAB27B
GO:0031547,RAB27B
GO:0008089,SYTL1
GO:0031547,SYTL1
GO:0005886,RIPK1
GO:0033209,RIPK1
GO:0005886,TNF
GO:0033209,TNF
GO:0005886,TNFRSF1A
GO:0033209,TNFRSF1A
GO:0005886,TRADD
GO:0033209,TRADD
GO:0005886,TRAF2
GO:0033209,TRAF2
GO:0007186,GABBR1
GO:0007214,GABBR1
GO:0016917,GABBR1
GO:1902710,GABBR1
GO:0007186,GABBR2
GO:0007214,GABBR2
GO:0016917,GABBR2
GO:1902710,GABBR2
GO:0003401,DPYSL2
GO:0007409,DPYSL2
GO:0003401,KLC1
GO:0007409,KLC1
GO:0003401,TUBA1A
GO:0007409,TUBA1A
GO:0003401,TUBA1B
GO:0007409,TUBA1B
GO:0030111,LGR5
GO:0030111,RSPO2
GO:0030111,ZNRF3
GO:0007155,PKP1
GO:0036305,PKP1
GO:0042481,PKP1
GO:0007155,TJP1
GO:0036305,TJP1
GO:0042481,TJP1
NA,AXIN1
NA,FOXM1
NA,GSK3B
GO:0051091,CTNNB1
GO:0051091,EP300
GO:0051091,SOX4
GO:0007186,GRM1
GO:0007216,GRM1
GO:0008066,GRM1
GO:0008066,GRM2
GO:0007186,GRM4
GO:0007216,GRM4
GO:0008066,GRM4
GO:0007186,GRM7
GO:0007216,GRM7
GO:0008066,GRM7
GO:0042127,CTNNB1
GO:0042127,HMMR
GO:0007186,GRM8
GO:0007216,GRM8
GO:0008066,GRM8
NA,CTNNB1
NA,PDPK1
GO:0061635,CDH1
GO:0061635,CTNNB1
GO:0061635,PDLIM1
GO:0060828,CTNNB1
GO:0060828,OVOL2
GO:0060828,TCF4
GO:0042583,ANXA7
GO:0042584,ANXA7
GO:0048306,ANXA7
GO:0042583,SRI
GO:0042584,SRI
GO:0048306,SRI
GO:0050727,AKT1
GO:0050727,CTNNB1
GO:0050727,PIK3CA
GO:0050727,PIK3R1
GO:0050727,YWHAZ
GO:0007186,GRM3
GO:0007216,GRM3
GO:0008066,GRM3
GO:1902712,GABBR1
GO:1902712,GABBR2
GO:0007186,KCTD12
GO:0007214,KCTD12
GO:1902712,KCTD12
GO:0007186,KCTD12B
GO:0007214,KCTD12B
GO:1902712,KCTD12B
GO:0007186,KCTD16
GO:0007214,KCTD16
GO:1902712,KCTD16
GO:0007186,KCTD8
GO:0007214,KCTD8
GO:1902712,KCTD8
NA,DNTTIP1
NA,HDAC1
NA,HDAC2
NA,MIDEAS
GO:0005516,FKBP1A
GO:0005955,FKBP1A
GO:0016791,FKBP1A
GO:0019722,FKBP1A
GO:0042110,FKBP1A
GO:0005737,PDCD6
GO:0051592,PDCD6
GO:0005737,PEF1
GO:0051592,PEF1
GO:0005262,CACNG8
GO:0038023,CACNG8
GO:0055085,CACNG8
GO:0005262,DLG4
GO:0038023,DLG4
GO:0055085,DLG4
GO:0008066,CACNG8
GO:0005262,GRIA1
GO:0008066,GRIA1
GO:0038023,GRIA1
GO:0055085,GRIA1
GO:0005262,GRIA2
GO:0008066,GRIA2
GO:0038023,GRIA2
GO:0055085,GRIA2
GO:0005102,CACNG8
GO:0005102,PPP3CA
GO:0005262,PPP3CA
GO:0038023,PPP3CA
GO:0055085,PPP3CA
GO:0005262,CACNG2
GO:0008066,CACNG2
GO:0038023,CACNG2
GO:0055085,CACNG2
GO:0007160,BCAR1
GO:0051301,BCAR1
GO:0098609,BCAR1
GO:0007160,NPHP1
GO:0051301,NPHP1
GO:0098609,NPHP1
GO:0007160,NPHP4
GO:0051301,NPHP4
GO:0098609,NPHP4
GO:0007160,BCAR1
GO:0016310,BCAR1
GO:0007160,NPHP1
GO:0016310,NPHP1
GO:0007160,PTK2B
GO:0016310,PTK2B
GO:0007160,TNS2
GO:0016310,TNS2
GO:0005102,TUBA1A
GO:0005262,TUBA1A
GO:0038023,TUBA1A
GO:0055085,TUBA1A
GO:0008066,PPP3CA
GO:0005262,PPP3R1
GO:0008066,PPP3R1
GO:0038023,PPP3R1
GO:0055085,PPP3R1
GO:0006338,HDAC1
GO:0007283,HDAC1
GO:0005634,HSPA2
GO:0006338,HSPA2
GO:0007283,HSPA2
GO:0005634,INPP5D
GO:0006338,INPP5D
GO:0007283,INPP5D
GO:0005634,KCTD19
GO:0006338,KCTD19
GO:0007283,KCTD19
GO:0033263,TGFBRAP1
GO:0034058,TGFBRAP1
GO:0099022,TGFBRAP1
GO:0033263,VPS11
GO:0034058,VPS11
GO:0099022,VPS11
GO:0033263,VPS16
GO:0034058,VPS16
GO:0099022,VPS16
GO:0033263,VPS18
GO:0034058,VPS18
GO:0099022,VPS18
GO:0033263,VPS33A
GO:0034058,VPS33A
GO:0099022,VPS33A
GO:0033263,VPS8
GO:0034058,VPS8
GO:0099022,VPS8
GO:0019048,VPS11
GO:0035542,VPS11
GO:0051607,VPS11
GO:0061909,VPS11
GO:0019048,VPS16
GO:0035542,VPS16
GO:0051607,VPS16
GO:0061909,VPS16
GO:0019048,VPS18
GO:0035542,VPS18
GO:0051607,VPS18
GO:0061909,VPS18
GO:0019048,VPS33A
GO:0035542,VPS33A
GO:0051607,VPS33A
GO:0061909,VPS33A
GO:0019048,VPS39
GO:0034058,VPS39
GO:0035542,VPS39
GO:0051607,VPS39
GO:0061909,VPS39
GO:0099022,VPS39
GO:0019048,VPS41
GO:0034058,VPS41
GO:0035542,VPS41
GO:0051607,VPS41
GO:0061909,VPS41
GO:0099022,VPS41
GO:0034058,VIPAS39
GO:0099022,VIPAS39
GO:0034058,VPS33B
GO:0099022,VPS33B
GO:0002029,GNB1
GO:0002029,GNG2
GO:0002029,KCTD12
GO:0007186,KCTD8
GO:0007186,KCTD16
GO:0006355,CNOT1
GO:0035195,CNOT1
GO:1901873,CNOT1
GO:0006355,CNOT2
GO:0035195,CNOT2
GO:1901873,CNOT2
GO:0006355,CNOT3
GO:0035195,CNOT3
GO:1901873,CNOT3
GO:0017148,CNOT1
GO:1901834,CNOT1
GO:0017148,DDX6
GO:1901834,DDX6
GO:0017148,EIF4ENIF1
GO:1901834,EIF4ENIF1
GO:0039585,DNAJB1
GO:0039585,DNAJC3
GO:0039585,HSPA8
GO:0005802,DNAJC5
GO:0016020,DNAJC5
GO:0005802,HSPA8
GO:0016020,HSPA8
GO:0005802,SGTA
GO:0016020,SGTA
GO:0007268,DNAJC5B
GO:0016020,DNAJC5B
GO:0031982,DNAJC5B
GO:0007268,HSPA8
GO:0031982,HSPA8
GO:0007268,SGTA
GO:0031982,SGTA
GO:0009408,
GO:0061077,
GO:0009408,DNAJC7
GO:0061077,DNAJC7
GO:0009408,HSP90AA1
GO:0061077,HSP90AA1
GO:0014704,ANK3
GO:0014704,GJA1
GO:0014704,PKP2
GO:0030426,WASL
GO:0030426,WIPF3
GO:0042026,HSP90AA1
GO:0042026,NMNAT2
GO:0061077,NMNAT2
GO:0060271,SAV1
GO:0060271,STK4
GO:0060271,STK3
GO:0005739,COA3
GO:0005743,COA3
GO:0005739,MT-CO1
GO:0005739,SURF1
GO:0005743,SURF1
GO:0007186,OPRM1
GO:0038003,OPRM1
GO:0007186,RGS4
GO:0038003,RGS4
GO:0090102,VANGL1
GO:0090102,VANGL2
GO:0051896,GAB2
GO:0051896,PIK3R1
GO:0051896,PTPN11
GO:1902003,BACE1
GO:1902003,UBB
GO:0033617,MT-CO1
GO:1903607,MT-CO1
GO:0005739,SMIM20
GO:0033617,SMIM20
GO:1903607,SMIM20
GO:0006355,MAGEA1
GO:0006355,NSMCE4A
GO:0006355,TRIM31
GO:0061523,AURKA
GO:0061523,HDAC6
GO:0035791,PDGFB
GO:0035791,PDGFRB
NA,BLOC1S1
NA,BLOC1S4
NA,BLOC1S6
NA,BLOC1S2
NA,DTNBP1
NA,SNAPIN
GO:0002376,C1QA
GO:0006955,C1QA
GO:0006956,C1QA
GO:0006958,C1QA
GO:0045087,C1QA
GO:0002376,C1QB
GO:0006955,C1QB
GO:0006956,C1QB
GO:0006958,C1QB
GO:0045087,C1QB
GO:0002376,C1QC
GO:0006955,C1QC
GO:0006956,C1QC
GO:0006958,C1QC
GO:0045087,C1QC
GO:0030672,BCL2L1
GO:0048167,BCL2L1
GO:0048488,BCL2L1
GO:0030672,DNM1L
GO:0048167,DNM1L
GO:0048488,DNM1L
GO:0005905,BCL2L1
GO:0008021,BCL2L1
GO:0005905,CLTA
GO:0008021,CLTA
GO:0005905,DNM1L
GO:0008021,DNM1L
GO:0005905,MFF
GO:0008021,MFF
GO:0000118,DNTTIP1
GO:0004407,DNTTIP1
GO:0000118,HDAC1
GO:0000118,HDAC2
GO:0000118,ZNF541
GO:0004407,ZNF541
GO:0017053,DNMT3A
GO:0003886,SETDB1
GO:0006355,SETDB1
GO:0017053,SETDB1
GO:0006355,DNMT3B
GO:0006355,CREB1
GO:0006355,FOXO1
GO:0006355,ATF4
GO:0006355,ATF4
GO:0006355,CREB1
GO:0007224,GLI2
GO:0007224,MYCBP
GO:0007224,SUFU
GO:0098796,ATL1
GO:0007029,ATL1
GO:0008017,ATL1
GO:0007029,REEP1
GO:0008017,REEP1
GO:0007029,SPAST
GO:0008017,SPAST
GO:0007029,ATL2
GO:0008017,ATL2
GO:0007029,ATL3
GO:0008017,ATL3
GO:0030049,TCAP
GO:0045214,TCAP
GO:0055003,TCAP
GO:0055013,TCAP
GO:0030049,TTN
GO:0045214,TTN
GO:0055003,TTN
GO:0055013,TTN
GO:0043505,MIS18A
GO:0043505,MIS18BP1
GO:0043505,OIP5
GO:0000086,HAUS1
GO:0000278,HAUS1
GO:0007098,HAUS1
GO:0000086,HAUS2
GO:0000278,HAUS2
GO:0007098,HAUS2
GO:0000086,HAUS3
GO:0000278,HAUS3
GO:0007098,HAUS3
GO:0000086,HAUS4
GO:0000278,HAUS4
GO:0007098,HAUS4
GO:0000086,HAUS5
GO:0000278,HAUS5
GO:0007098,HAUS5
GO:0000086,HAUS6
GO:0000278,HAUS6
GO:0007098,HAUS6
GO:0000086,HAUS7
GO:0000278,HAUS7
GO:0007098,HAUS7
GO:0000086,HAUS8
GO:0000278,HAUS8
GO:0007098,HAUS8
GO:0005889,ATP4A
GO:0008900,ATP4A
GO:0071805,ATP4A
GO:0005889,ATP4B
GO:0008900,ATP4B
GO:0071805,ATP4B
GO:0006814,SCNN1A
GO:0006814,SCNN1B
GO:0006814,SCNN1G
GO:0006814,SCNN1D
GO:0007271,CHRNA2
GO:0007274,CHRNA2
GO:0035094,CHRNA2
GO:0007271,CHRNB4
GO:0007274,CHRNB4
GO:0035094,CHRNB4
GO:0032053,CEP20
GO:0034451,CEP20
GO:0060271,CEP20
GO:0032053,KIAA0753
GO:0034451,KIAA0753
GO:0060271,KIAA0753
GO:0032053,OFD1
GO:0034451,OFD1
GO:0060271,OFD1
GO:0005634,BANP
GO:0006355,BANP
GO:0006355,RBL2
GO:0005739,TIMM50
GO:0005743,TIMM50
GO:0005744,TIMM50
GO:0006626,TIMM50
GO:0006839,TIMM50
GO:0071806,TIMM50
GO:0004402,ANP32A
GO:0006338,ANP32A
GO:0006355,ANP32A
GO:0048387,ANP32A
GO:0004402,SET
GO:0006338,SET
GO:0048387,SET
GO:0005743,HSD3B2
GO:0050810,HSD3B2
GO:0050810,TIMM23
GO:0050810,TIMM50
GO:0005743,TOMM22
GO:0050810,TOMM22
GO:1905097,APC
GO:1905097,ARHGEF4
NA,APC
NA,ARHGEF4
GO:0060765,AR
GO:0005634,EFCAB6
GO:0006355,EFCAB6
GO:0032870,EFCAB6
GO:0033574,EFCAB6
GO:0060765,EFCAB6
GO:0005634,PARK7
GO:0006355,PARK7
GO:0032870,PARK7
GO:0033574,PARK7
GO:0060765,PARK7
GO:0005758,TIMM13
GO:0006626,TIMM13
GO:0071806,TIMM13
GO:0005758,TIMM8A
GO:0006626,TIMM8A
GO:0071806,TIMM8A
GO:0006355,ARID2
GO:0006355,NKX2-5
GO:0006355,SRFBP1
GO:0000226,ARL2
GO:0000226,TBCD
GO:0006950,TIMM17A
GO:0098800,TIMM17A
GO:0006950,TIMM23
GO:0098800,TIMM23
GO:0140938,ASH2L
GO:0140938,KMT2A
GO:0140938,RBBP5
GO:0140938,WDR5
GO:0005739,TIMM17B
GO:0005743,TIMM17B
GO:0005744,TIMM17B
GO:0006626,TIMM17B
GO:0006839,TIMM17B
GO:0006950,TIMM17B
GO:0030150,TIMM17B
GO:0045039,TIMM17B
GO:0071806,TIMM17B
GO:0098800,TIMM17B
GO:0030150,TIMM23
GO:0045039,TIMM23
GO:0032456,VPS50
GO:0032456,VPS51
GO:0032456,VPS52
GO:0032456,VPS53
GO:0006325,ASH2L
GO:0006325,DPY30
GO:0140938,DPY30
GO:0006325,HCFC1
GO:0140938,HCFC1
GO:0005634,HCFC2
GO:0006325,HCFC2
GO:0006355,HCFC2
GO:0140938,HCFC2
GO:0006325,KMT2D
GO:0006355,KMT2D
GO:0140938,KMT2D
GO:0006325,MEN1
GO:0140938,MEN1
GO:0006325,OGT
GO:0140938,OGT
GO:0005634,PSIP1
GO:0006325,PSIP1
GO:0006355,PSIP1
GO:0140938,PSIP1
GO:0006325,RBBP5
GO:0006325,WDR5
GO:0006325,KDM6A
GO:0140938,KDM6A
GO:0006325,KMT2C
GO:0140938,KMT2C
GO:0006325,NCOA6
GO:0140938,NCOA6
GO:0006325,PAGR1
GO:0140938,PAGR1
GO:0006325,PAXIP1
GO:0140938,PAXIP1
GO:0006325,KMT2A
GO:0000938,VPS51
GO:0005802,VPS51
GO:0042147,VPS51
GO:0000938,VPS52
GO:0005802,VPS52
GO:0042147,VPS52
GO:0000938,VPS53
GO:0005802,VPS53
GO:0042147,VPS53
GO:0000938,VPS54
GO:0005802,VPS54
GO:0042147,VPS54
GO:0007155,NINJ1
GO:0006888,TRAPPC1
GO:0016192,TRAPPC1
GO:0030137,TRAPPC1
GO:0060271,TRAPPC1
GO:0006888,TRAPPC10
GO:0016192,TRAPPC10
GO:0030137,TRAPPC10
GO:0060271,TRAPPC10
GO:0006888,TRAPPC11
GO:0016192,TRAPPC11
GO:0030137,TRAPPC11
GO:0060271,TRAPPC11
GO:0006888,TRAPPC12
GO:0016192,TRAPPC12
GO:0030137,TRAPPC12
GO:0060271,TRAPPC12
GO:0006888,TRAPPC2
GO:0016192,TRAPPC2
GO:0030137,TRAPPC2
GO:0060271,TRAPPC2
GO:0006888,TRAPPC2L
GO:0016192,TRAPPC2L
GO:0030137,TRAPPC2L
GO:0060271,TRAPPC2L
GO:0006888,TRAPPC3
GO:0016192,TRAPPC3
GO:0030137,TRAPPC3
GO:0060271,TRAPPC3
GO:0006888,TRAPPC3L
GO:0016192,TRAPPC3L
GO:0030137,TRAPPC3L
GO:0060271,TRAPPC3L
GO:0006888,TRAPPC4
GO:0016192,TRAPPC4
GO:0030137,TRAPPC4
GO:0060271,TRAPPC4
GO:0006888,TRAPPC5
GO:0016192,TRAPPC5
GO:0030137,TRAPPC5
GO:0060271,TRAPPC5
GO:0006888,TRAPPC6A
GO:0016192,TRAPPC6A
GO:0030137,TRAPPC6A
GO:0060271,TRAPPC6A
GO:0006888,TRAPPC6B
GO:0016192,TRAPPC6B
GO:0030137,TRAPPC6B
GO:0060271,TRAPPC6B
GO:0006888,TRAPPC8
GO:0016192,TRAPPC8
GO:0030137,TRAPPC8
GO:0060271,TRAPPC8
GO:0006888,TRAPPC9
GO:0016192,TRAPPC9
GO:0030137,TRAPPC9
GO:0060271,TRAPPC9
GO:0006325,CXXC1
GO:0006355,CXXC1
GO:0140938,CXXC1
GO:0006325,SETD1A
GO:0140938,SETD1A
GO:0006325,WDR82
GO:0006355,WDR82
GO:0140938,WDR82
GO:0005634,BOD1
GO:0006325,BOD1
GO:0006355,BOD1
GO:0042800,BOD1
GO:0140938,BOD1
GO:0005634,BOD1L1
GO:0006325,BOD1L1
GO:0006355,BOD1L1
GO:0042800,BOD1L1
GO:0140938,BOD1L1
GO:0042800,DPY30
GO:0042800,HCFC1
GO:0042800,HCFC2
GO:0042800,OGT
GO:0006325,SETD1B
GO:0006355,SETD1B
GO:0042800,SETD1B
GO:0140938,SETD1B
GO:0005921,GJA1
GO:0016567,GJA1
GO:1903596,GJA1
GO:0005921,TRIM21
GO:0016567,TRIM21
GO:1903596,TRIM21
GO:0000045,BCL2
GO:0000045,BECN1
GO:0000045,PIK3C3
GO:0000045,PIK3R4
GO:0000045,UVRAG
GO:0005739,MCU
GO:0006851,MCU
GO:0051560,MCU
GO:0005739,MCUB
GO:0006851,MCUB
GO:0051560,MCUB
GO:0005739,MICU1
GO:0006851,MICU1
GO:0051560,MICU1
GO:0005739,MICU2
GO:0006851,MICU2
GO:0051560,MICU2
GO:0005739,SMDT1
GO:0006851,SMDT1
GO:0051560,SMDT1
GO:0006897,AMN
GO:0015889,AMN
GO:0006897,CUBN
GO:0015889,CUBN
GO:0000266,DNM1L
GO:0000266,MFF
GO:0001881,ERLIN1
GO:0005789,ERLIN1
GO:0001881,ERLIN2
GO:0005789,ERLIN2
GO:0001881,RNF170
GO:0005789,RNF170
NA,KDM1A
NA,ZEB2
GO:0000266,MIEF1
GO:0015889,CBLIF
GO:0007160,CDH2
GO:0031175,CDH2
GO:0007160,CTTN
GO:0031175,CTTN
GO:0007160,FGFR4
GO:0031175,FGFR4
GO:0007160,FRS2
GO:0031175,FRS2
GO:0007160,GAP43
GO:0031175,GAP43
GO:0007160,NCAM1
GO:0007160,PLCG1
GO:0031175,PLCG1
GO:0007160,SRC
GO:0031175,SRC
GO:0016197,WASHC1
GO:0099050,WASHC1
GO:0016197,WASHC2C
GO:0099050,WASHC2C
GO:0016197,WASHC3
GO:0099050,WASHC3
GO:0016197,WASHC4
GO:0099050,WASHC4
GO:0016197,WASHC5
GO:0099050,WASHC5
NA,COPS2
NA,CUL4B
NA,DDB1
NA,DTL
NA,GPS1
GO:0051693,CAPZA1
GO:0051693,CAPZB
GO:0005769,CAPZA1
GO:0016197,CAPZA1
GO:0034314,CAPZA1
GO:0099050,CAPZA1
GO:0005769,CAPZB
GO:0016197,CAPZB
GO:0034314,CAPZB
GO:0099050,CAPZB
GO:0005769,WASHC1
GO:0034314,WASHC1
GO:0051693,WASHC1
GO:0005769,WASHC2C
GO:0034314,WASHC2C
GO:0051693,WASHC2C
GO:0005769,WASHC3
GO:0034314,WASHC3
GO:0051693,WASHC3
GO:0005769,WASHC4
GO:0034314,WASHC4
GO:0051693,WASHC4
GO:0005769,WASHC5
GO:0034314,WASHC5
GO:0051693,WASHC5
GO:0032364,ELOB
GO:0097411,ELOB
GO:0032364,ELOC
GO:0097411,ELOC
GO:0032364,HIF1A
GO:0097411,HIF1A
GO:0032364,VHL
GO:0097411,VHL
GO:0030163,CUL4A
GO:0030163,DDB1
GO:0006974,DTL
GO:0030163,DTL
GO:0010498,CUL4B
GO:0010498,DDB1
GO:0010498,TLE2
GO:0010498,CUL4A
GO:0010498,EED
GO:0010498,WDR5
NA,WDR26
NA,CUL4A
NA,RBBP5
NA,WDR5B
NA,SNRNP40
NA,SKIC8
NA,GRWD1
GO:0005741,TOMM20
GO:0006626,TOMM20
GO:0006839,TOMM20
GO:0071806,TOMM20
GO:0098799,TOMM20
GO:0005739,TOMM22
GO:0005741,TOMM22
GO:0006626,TOMM22
GO:0006839,TOMM22
GO:0071806,TOMM22
GO:0098799,TOMM22
GO:0005742,TOMM20
GO:0045041,TOMM20
GO:0070096,TOMM20
GO:0005742,TOMM22
GO:0045041,TOMM22
GO:0065003,TOMM22
GO:0070096,TOMM22
GO:0005742,TOMM40
GO:0006626,TOMM40
GO:0006839,TOMM40
GO:0045041,TOMM40
GO:0065003,TOMM40
GO:0070096,TOMM40
GO:0005739,TOMM5
GO:0005741,TOMM5
GO:0005742,TOMM5
GO:0006626,TOMM5
GO:0006839,TOMM5
GO:0045041,TOMM5
GO:0065003,TOMM5
GO:0070096,TOMM5
GO:0005739,TOMM6
GO:0005741,TOMM6
GO:0005742,TOMM6
GO:0006626,TOMM6
GO:0006839,TOMM6
GO:0045041,TOMM6
GO:0065003,TOMM6
GO:0070096,TOMM6
GO:0005739,TOMM7
GO:0005741,TOMM7
GO:0005742,TOMM7
GO:0006626,TOMM7
GO:0006839,TOMM7
GO:0045041,TOMM7
GO:0065003,TOMM7
GO:0070096,TOMM7
GO:0005739,TOMM70
GO:0005741,TOMM70
GO:0005742,TOMM70
GO:0006626,TOMM70
GO:0006839,TOMM70
GO:0045041,TOMM70
GO:0065003,TOMM70
GO:0070096,TOMM70
GO:0071806,TOMM40
GO:0098799,TOMM40
GO:0071806,TOMM7
GO:0098799,TOMM7
GO:0007169,ABI1
GO:0007169,EPS8
GO:0007264,EPS8
GO:0030036,EPS8
GO:0030036,SOS1
GO:0007169,EPS8L1
GO:0007264,EPS8L1
GO:0030036,EPS8L1
GO:0032355,EP300
GO:0032870,EP300
GO:0032355,NCOA1
GO:0007169,EPS8L2
GO:0007264,EPS8L2
GO:0030036,EPS8L2
NA,ABI1
NA,EPS8L3
NA,SOS1
GO:0038129,ERBB3
GO:0038131,ERBB3
GO:0043125,ERBB3
GO:1901184,ERBB3
GO:0038129,L1CAM
GO:0038131,L1CAM
GO:0043125,L1CAM
GO:1901184,L1CAM
GO:0005176,ERBB2
GO:0038128,ERBB2
GO:0038131,ERBB2
GO:1901184,ERBB2
GO:0005176,L1CAM
GO:0038128,L1CAM
GO:0003697,ATP2A2
GO:0006816,ATP2A2
GO:0035198,ATP2A2
GO:1901897,ATP2A2
GO:0003697,PLN
GO:0035198,PLN
GO:1901897,PLN
GO:0007155,L1CAM
GO:0007158,L1CAM
GO:0007158,NCAM1
GO:0002347,KPNA2
GO:0016477,KPNA2
GO:0002347,MAPK3
GO:0005737,MAPK3
GO:0016477,MAPK3
GO:0002347,VIM
GO:0005737,VIM
GO:0016477,VIM
GO:0030018,ATP2A2
GO:0030018,ILK
GO:1901897,ILK
GO:0030018,PLN
GO:0098632,ITGA5
GO:0098743,ITGA5
GO:0098632,L1CAM
GO:0098743,L1CAM
NA,CDC37
NA,HSP90AA1
NA,ILK
GO:0007179,LEMD3
GO:0051924,ATP2A1
GO:0051924,SLN
GO:1901894,ATP2A1
GO:1901894,PLN
GO:1901894,SLN
GO:1901894,ATP2A2
NA,ATP2A2
NA,CALM1
NA,CAMK2A
NA,KPNA1
GO:0005814,CEP164
GO:0006974,CEP164
GO:0060271,CEP164
GO:0005814,TTBK2
GO:0006974,TTBK2
GO:0060271,TTBK2
GO:0006974,CCDC92
GO:0060271,CCDC92
GO:0007605,USH1C
GO:0043583,USH1C
GO:0007605,USH1G
GO:0043583,USH1G
NA,AKT1
NA,FANCD2
NA,FANCI
NA,PHLPP1
NA,PHLPP2
NA,USP1
NA,WDR48
GO:0007605,CDH23
GO:0043583,CDH23
GO:0034976,UBQLN1
GO:0036503,UBQLN1
GO:0034976,UBXN4
GO:0036503,UBXN4
GO:0034976,VCP
GO:0007224,DZIP1
GO:0060271,DZIP1
GO:0007224,GLI3
GO:0060271,GLI3
GO:0005783,ATL1
GO:0016192,ATL1
GO:0071787,ATL1
GO:0071788,ATL1
GO:0005783,ZFYVE27
GO:0016192,ZFYVE27
GO:0071787,ZFYVE27
GO:0071788,ZFYVE27
GO:0005783,KIF5A
GO:0016192,KIF5A
GO:0071787,KIF5A
GO:0071788,KIF5A
GO:0001764,ADGRL3
GO:0007186,ADGRL3
GO:0007416,ADGRL3
GO:0098609,ADGRL3
GO:0001764,FLRT3
GO:0007186,FLRT3
GO:0007416,FLRT3
GO:0098609,FLRT3
GO:0001764,UNC5B
GO:0007186,UNC5B
GO:0007416,UNC5B
GO:0098609,UNC5B
GO:0001764,UNC5D
GO:0007186,UNC5D
GO:0007416,UNC5D
GO:0098609,UNC5D
GO:0007605,MYO7A
GO:0060171,MYO7A
GO:0007605,PDZD7
GO:0060171,PDZD7
GO:0007224,CEP164
GO:0042073,CEP164
GO:0042073,DZIP1
GO:0031929,HERC1
GO:0031929,TSC2
GO:0005814,DZIP1
GO:0035720,DZIP1
GO:0005814,IFT88
GO:0005783,REEP1
GO:0016192,REEP1
GO:0071787,REEP1
GO:0071788,REEP1
GO:1904862,IGSF9B
GO:1904862,MAGI2
GO:0005783,REEP5
GO:0016192,REEP5
GO:0071787,REEP5
GO:0071788,REEP5
GO:0003097,ANKS3
GO:0005929,ANKS3
GO:0044782,ANKS3
GO:1904117,ANKS3
GO:0003097,ANKS6
GO:0005929,ANKS6
GO:0044782,ANKS6
GO:1904117,ANKS6
GO:0005783,VAPA
GO:0016192,VAPA
GO:0071787,VAPA
GO:0071788,VAPA
GO:0005783,PLP1
GO:0016192,PLP1
GO:0071787,PLP1
GO:0071788,PLP1
GO:0005783,ZFYVE27
GO:0016192,ZFYVE27
GO:0071787,ZFYVE27
GO:0071788,ZFYVE27
GO:0045454,GPX1
GO:0045454,SELENBP1
GO:0016192,RTN1
GO:0071787,RTN1
GO:0071788,RTN1
GO:0005783,RTN3
GO:0016192,RTN3
GO:0071787,RTN3
GO:0071788,RTN3
GO:0005783,RTN4
GO:0016192,RTN4
GO:0071787,RTN4
GO:0071788,RTN4
GO:0005783,KIF5A
GO:0016192,KIF5A
GO:0071787,KIF5A
GO:0071788,KIF5A
GO:0007254,DCDC2
GO:0060271,DCDC2
GO:0007254,MAPK8IP1
GO:0060271,MAPK8IP1
GO:1904862,NLGN2
GO:0005783,KIF5B
GO:0016192,KIF5B
GO:0071787,KIF5B
GO:0071788,KIF5B
GO:0005783,KIF5C
GO:0016192,KIF5C
GO:0071787,KIF5C
GO:0071788,KIF5C
GO:0044322,SELENOF
GO:0071218,SELENOF
GO:0044322,UGGT1
GO:0071218,UGGT1
GO:0010498,TLE1
GO:0005783,KIF5B
GO:0016192,KIF5B
GO:0071787,KIF5B
GO:0071788,KIF5B
GO:0010498,TLE3
GO:0005783,KIF5C
GO:0016192,KIF5C
GO:0071787,KIF5C
GO:0071788,KIF5C
GO:0016055,DCDC2
GO:0060271,DCDC2
GO:0060271,DVL1
GO:0016055,DVL2
GO:0060271,DVL2
GO:0016055,DVL3
GO:0060271,DVL3
GO:0005929,DCDC2
GO:0007224,DCDC2
GO:0030178,DCDC2
GO:0005929,KIF3A
GO:0007224,KIF3A
GO:0030178,KIF3A
GO:0060271,KIF3A
GO:0005783,RAB11B
GO:0016192,RAB11B
GO:0071787,RAB11B
GO:0071788,RAB11B
GO:0015908,ANXA2
GO:0015908,CD36
GO:0015908,PHB1
GO:0005783,RAB11A
GO:0005783,SURF4
GO:0016192,SURF4
GO:0005929,NEK8
GO:0060271,NEK8
GO:0060271,PKD2
GO:0005783,RTN3
GO:0016192,RTN3
GO:0005783,VAPB
GO:0016192,VAPB
GO:0005225,LRRC8A
GO:0006884,LRRC8A
GO:0005225,LRRC8B
GO:0006884,LRRC8B
GO:0005225,LRRC8C
GO:0006884,LRRC8C
GO:0005225,LRRC8D
GO:0006884,LRRC8D
GO:0005225,LRRC8E
GO:0006884,LRRC8E
GO:0000226,CCDC8
GO:0005737,CCDC8
GO:0005813,CCDC8
GO:0000226,CUL7
GO:0005737,CUL7
GO:0005813,CUL7
GO:0000226,OBSL1
GO:0005737,OBSL1
GO:0005813,OBSL1
GO:0005783,SPAST
GO:0016192,SPAST
GO:0071787,SPAST
GO:0001822,ANKS3
GO:0001822,BICC1
GO:0005929,BICC1
GO:0005249,KCNE1
GO:0008076,KCNE1
GO:0071805,KCNE1
GO:0086008,KCNE1
GO:0005249,KCNH2
GO:0008076,KCNH2
GO:0071805,KCNH2
GO:0086008,KCNH2
GO:0001822,ANKS6
GO:0001822,NPHP1
GO:0005929,NPHP1
GO:0001822,NEK8
GO:0001822,HIF1AN
GO:0005929,HIF1AN
GO:0000226,CUL9
GO:0000226,FBXW8
GO:0000226,RBX1
GO:0000226,TP53
GO:0005249,KCNE2
GO:0008076,KCNE2
GO:0071805,KCNE2
GO:0086008,KCNE2
GO:0000981,USF1
GO:0006357,USF1
GO:0000981,USF2
GO:0006357,USF2
GO:0018344,FNTA
GO:0048814,FNTA
GO:0018344,PGGT1B
GO:0048814,PGGT1B
GO:0010996,CHRNA10
GO:0022848,CHRNA10
GO:0010996,CHRNA9
GO:0022848,CHRNA9
GO:0005929,IFT122
GO:0007224,IFT122
GO:0035721,IFT122
GO:0042073,IFT122
GO:0060271,IFT122
GO:0005929,IFT140
GO:0007224,IFT140
GO:0035721,IFT140
GO:0042073,IFT140
GO:0060271,IFT140
GO:0005929,TTC21B
GO:0007224,TTC21B
GO:0035721,TTC21B
GO:0042073,TTC21B
GO:0060271,TTC21B
GO:0005929,WDR19
GO:0007224,WDR19
GO:0035721,WDR19
GO:0042073,WDR19
GO:0060271,WDR19
GO:0005929,WDR35
GO:0007224,WDR35
GO:0035721,WDR35
GO:0042073,WDR35
GO:0060271,WDR35
GO:0034405,CDH5
GO:1900746,CDH5
GO:1901342,CDH5
GO:0034405,FLT4
GO:1900746,FLT4
GO:1901342,FLT4
GO:0034405,KDR
GO:1900746,KDR
GO:1901342,KDR
GO:0046324,CBL
GO:0046324,FLOT1
GO:0046324,SORBS1
NA,E2F1
NA,TFDP1
GO:0003677,CCNA1
GO:0006355,CCNA1
GO:0006355,CDK2
GO:0006355,TFDP1
GO:0003713,CREBBP
GO:0003713,FOXO3
NA,PTGES3
GO:0004713,ABI1
GO:0006940,ABI1
GO:1990782,ABI1
GO:0006940,ABL1
GO:0006940,BCAR1
GO:0035720,KIF3A
GO:0042073,KIF3A
GO:0035720,KIF3B
GO:0042073,KIF3B
GO:0060271,KIF3B
GO:0005929,KIFAP3
GO:0035720,KIFAP3
GO:0042073,KIFAP3
GO:0060271,KIFAP3
GO:0060271,CCP110
GO:0060271,CEP290
GO:0060271,CCP110
GO:0060271,CEP290
GO:0060271,RAB8A
GO:0035869,B9D1
GO:0060271,B9D1
GO:0035869,CC2D2A
GO:0060271,CC2D2A
GO:0035869,CEP290
GO:0035869,MKS1
GO:0060271,MKS1
GO:0035869,TCTN1
GO:0060271,TCTN1
GO:0035869,TCTN2
GO:0060271,TCTN2
GO:0035869,TCTN3
GO:0060271,TCTN3
GO:0035869,TMEM216
GO:0060271,TMEM216
GO:0035869,TMEM67
GO:0060271,TMEM67
GO:0005813,CEP290
GO:0005813,IQCB1
GO:0060271,IQCB1
GO:0005929,CC2D2A
GO:0036064,CC2D2A
GO:0060271,CC2D2A
GO:0005929,CEP290
GO:0036064,CEP290
GO:0005634,CTNND1
GO:0006355,CTNND1
GO:0005634,GLIS2
GO:0006355,GLIS2
GO:0006915,NPHP1
GO:0060271,NPHP1
GO:0006915,PKD1
GO:0060271,PKD1
GO:0005929,PKD1
GO:0042073,PKD1
GO:0005764,AP5B1
GO:0005768,AP5B1
GO:0005794,AP5B1
GO:0006605,AP5B1
GO:0006886,AP5B1
GO:0030133,AP5B1
GO:0044599,AP5B1
GO:0005764,AP5M1
GO:0005768,AP5M1
GO:0005794,AP5M1
GO:0006605,AP5M1
GO:0006886,AP5M1
GO:0030133,AP5M1
GO:0044599,AP5M1
GO:0005764,AP5S1
GO:0005768,AP5S1
GO:0005794,AP5S1
GO:0006605,AP5S1
GO:0006886,AP5S1
GO:0030133,AP5S1
GO:0044599,AP5S1
GO:0005764,AP5Z1
GO:0005768,AP5Z1
GO:0005794,AP5Z1
GO:0006605,AP5Z1
GO:0006886,AP5Z1
GO:0030133,AP5Z1
GO:0044599,AP5Z1
GO:0005764,SPG11
GO:0005768,SPG11
GO:0005794,SPG11
GO:0006605,SPG11
GO:0006886,SPG11
GO:0030133,SPG11
GO:0044599,SPG11
GO:0005764,ZFYVE26
GO:0005768,ZFYVE26
GO:0005794,ZFYVE26
GO:0006605,ZFYVE26
GO:0006886,ZFYVE26
GO:0030133,ZFYVE26
GO:0044599,ZFYVE26
NA,ANKRA2
NA,CCDC8
NA,CUL7
NA,OBSL1
GO:0007224,GLI3
GO:0007224,KIF7
GO:0007224,GLI1
GO:0005794,CUL7
GO:0007030,CUL7
GO:0048813,CUL7
GO:0005794,OBSL1
GO:0007030,OBSL1
GO:0048813,OBSL1
GO:0005783,ATL2
GO:0016192,ATL2
GO:0071787,ATL2
GO:0071788,ATL2
GO:0005794,FBXW8
GO:0007030,FBXW8
GO:0048813,FBXW8
GO:0007030,GORASP1
GO:0048813,GORASP1
GO:0055074,NECTIN1
GO:0055074,PDZD11
GO:0055074,NECTIN3
GO:0005783,ATL3
GO:0016192,ATL3
GO:0071787,ATL3
GO:0071788,ATL3
GO:0051302,GAP43
GO:0051302,GNAI1
GO:0005874,RTN2
GO:0007029,RTN2
GO:0005874,SPAST
NA,CADM1
NA,EPB41L3
NA,MPP3
GO:0035329,NF2
GO:0035329,WWC1
NA,ANK3
NA,RHBG
NA,SLC4A1
GO:0000139,MGAT1
GO:1990569,MGAT1
GO:0000139,SLC35A3
GO:1990569,SLC35A3
GO:0072334,MGAT1
GO:0000139,SLC35A2
GO:0072334,SLC35A2
GO:0007098,NEK2
GO:0035329,NEK2
GO:0051225,NEK2
GO:0051299,NEK2
GO:0007098,SAV1
GO:0035329,SAV1
GO:0051225,SAV1
GO:0051299,SAV1
GO:0007098,STK3
GO:0035329,STK3
GO:0051225,STK3
GO:0051299,STK3
GO:0000139,MGAT2
GO:1990569,MGAT2
GO:0072334,MGAT2
GO:0000139,MGAT4B
GO:1990569,MGAT4B
GO:0072334,MGAT4B
GO:0015031,AP5B1
GO:0015031,AP5M1
GO:0015031,AP5S1
GO:0015031,AP5Z1
GO:0035329,AMOT
GO:0035329,LATS2
GO:0000139,MGAT5
GO:1990569,MGAT5
GO:1990569,SLC35A2
GO:0097106,DLG4
GO:0014069,VANGL2
GO:0097106,VANGL2
GO:0001558,CD44
GO:0001558,EZR
GO:0001558,MSN
GO:0001558,NF2
GO:0001890,CUL1
GO:0001890,CUL7
GO:0016567,CUL7
GO:0001890,FBXW8
GO:0016567,FBXW8
GO:0001890,RBX1
GO:0001890,SKP1
GO:0016579,USP12
GO:0016579,WDR20
GO:0016579,USP46
GO:0005634,USP12
GO:0005634,USP46
GO:0031941,CCDC22
GO:0035459,CCDC22
GO:0055070,CCDC22
GO:0071203,CCDC22
GO:0031941,CCDC93
GO:0035459,CCDC93
GO:0055070,CCDC93
GO:0071203,CCDC93
GO:0031941,COMMD1
GO:0035459,COMMD1
GO:0055070,COMMD1
GO:0071203,COMMD1
GO:0031941,COMMD10
GO:0035459,COMMD10
GO:0055070,COMMD10
GO:0071203,COMMD10
GO:0031941,COMMD2
GO:0035459,COMMD2
GO:0055070,COMMD2
GO:0071203,COMMD2
GO:0031941,COMMD3
GO:0035459,COMMD3
GO:0055070,COMMD3
GO:0071203,COMMD3
GO:0031941,COMMD4
GO:0035459,COMMD4
GO:0055070,COMMD4
GO:0071203,COMMD4
GO:0031941,COMMD5
GO:0035459,COMMD5
GO:0055070,COMMD5
GO:0071203,COMMD5
GO:0031941,COMMD6
GO:0035459,COMMD6
GO:0055070,COMMD6
GO:0071203,COMMD6
GO:0031941,COMMD7
GO:0035459,COMMD7
GO:0055070,COMMD7
GO:0071203,COMMD7
GO:0031941,COMMD8
GO:0035459,COMMD8
GO:0055070,COMMD8
GO:0071203,COMMD8
GO:0031941,COMMD9
GO:0035459,COMMD9
GO:0055070,COMMD9
GO:0071203,COMMD9
GO:0031941,VPS35L
GO:0035459,VPS35L
GO:0055070,VPS35L
GO:0071203,VPS35L
GO:0031941,WASHC1
GO:0035459,WASHC1
GO:0055070,WASHC1
GO:0071203,WASHC1
GO:0031941,WASHC2C
GO:0035459,WASHC2C
GO:0055070,WASHC2C
GO:0071203,WASHC2C
GO:0005977,CALM1
GO:0005977,PHKA1
GO:0005977,PHKB
GO:0005977,PHKG1
GO:0004402,ATXN7L3
GO:0005634,ATXN7L3
GO:0009299,ATXN7L3
GO:0010564,ATXN7L3
GO:0140934,ATXN7L3
GO:1902562,ATXN7L3
GO:0009299,KAT2A
GO:0010564,KAT2A
GO:0140934,KAT2A
GO:1902562,KAT2A
GO:0004402,TADA2B
GO:0005634,TADA2B
GO:0009299,TADA2B
GO:0010564,TADA2B
GO:0140934,TADA2B
GO:1902562,TADA2B
GO:0009299,TADA3
GO:0010564,TADA3
GO:0140934,TADA3
GO:1902562,TADA3
GO:0009299,TAF10
GO:0010564,TAF10
GO:0140934,TAF10
GO:1902562,TAF10
GO:0004402,TAF9B
GO:0009299,TAF9B
GO:0010564,TAF9B
GO:0140934,TAF9B
GO:1902562,TAF9B
GO:0009299,TRRAP
GO:0010564,TRRAP
GO:0140934,TRRAP
GO:1902562,TRRAP
GO:0004402,USP22
GO:0005634,USP22
GO:0009299,USP22
GO:0010564,USP22
GO:0140934,USP22
GO:1902562,USP22
GO:0030163,CCND1
GO:0030163,OAZ1
GO:0030163,ODC1
GO:0004402,ADA
GO:0005634,ADA
GO:0036408,ADA
GO:0004402,ATXN7L1
GO:0005634,ATXN7L1
GO:0036408,ATXN7L1
GO:0004402,ATXN7L2
GO:0005634,ATXN7L2
GO:0036408,ATXN7L2
GO:0036408,ATXN7L3
GO:0036408,KAT2A
GO:0004402,SGF29
GO:0005634,SGF29
GO:0036408,SGF29
GO:0004402,SUPT20H
GO:0005634,SUPT20H
GO:0036408,SUPT20H
GO:0036408,SUPT3H
GO:0036408,SUPT7L
GO:0036408,TADA2B
GO:0036408,TADA3
GO:0036408,TAF10
GO:0036408,TAF12
GO:0036408,TAF5L
GO:0036408,TAF6L
GO:0036408,TAF9
GO:0036408,TAF9B
GO:0036408,TRRAP
GO:0036408,USP22
GO:0016567,CCDC22
GO:0016567,COMMD1
GO:0005769,CCDC22
GO:0005769,CCDC93
GO:0005769,COMMD1
GO:0005769,COMMD10
GO:0005769,COMMD2
GO:0005769,COMMD3
GO:0005769,COMMD4
GO:0005769,COMMD5
GO:0005769,COMMD6
GO:0005769,COMMD7
GO:0005769,COMMD8
GO:0005769,COMMD9
GO:0005769,VPS35L
GO:0006351,SMAD2
GO:0006351,SMAD4
GO:0006351,WWTR1
GO:0006351,MED15
GO:0005249,KCND3
GO:0008076,KCND3
GO:0071805,KCND3
GO:1901379,KCND3
GO:0005249,KCNIP4
GO:0008076,KCNIP4
GO:0071805,KCNIP4
GO:1901379,KCNIP4
GO:0006351,SMAD3
GO:0006351,YAP1
GO:0006351,TBX5
GO:1901379,ABCC9
GO:1901379,KCNJ11
GO:0060071,FZD4
GO:0060271,FZD4
GO:0060071,NHERF1
GO:0060271,NHERF1
GO:0060071,VANGL2
GO:0060271,VANGL2
GO:0005634,DR1
GO:0036408,DR1
GO:0005634,KAT14
GO:0036408,KAT14
GO:0005634,MBIP
GO:0036408,MBIP
GO:0036408,TADA2A
GO:0036408,WDR5
GO:0005634,YEATS2
GO:0036408,YEATS2
GO:0005634,ZZZ3
GO:0036408,ZZZ3
GO:0008384,CCDC22
GO:0008384,COMMD8
GO:0016567,COMMD8
GO:0008384,CUL1
GO:0031461,CCDC22
GO:0031461,COMMD8
GO:0035329,LATS1
GO:0035329,NPHP4
GO:0005634,NEK8
GO:0035329,NEK8
GO:0005634,WWTR1
GO:0035329,WWTR1
GO:0071805,ABCC9
GO:0071805,KCNJ11
GO:0071805,KCNJ8
GO:0035725,AHCYL1
GO:0042045,AHCYL1
GO:0051668,AHCYL1
GO:1902600,AHCYL1
GO:0035725,EZR
GO:0042045,EZR
GO:0051668,EZR
GO:1902600,EZR
GO:0035725,NHERF1
GO:0042045,NHERF1
GO:0051668,NHERF1
GO:1902600,NHERF1
GO:0035725,SLC9A3
GO:0042045,SLC9A3
GO:0051668,SLC9A3
GO:1902600,SLC9A3
GO:0004402,ENY2
GO:0005634,ENY2
GO:0004402,SAP130
GO:0004402,DR1
GO:0004402,KAT14
GO:0004402,MAP3K7
GO:0004402,MBIP
GO:0004402,POLE3
GO:0004402,POLE4
GO:0004402,TADA2A
GO:0004402,UBAP2L
GO:0005634,UBAP2L
GO:0004402,WDR5
GO:0004402,YEATS2
GO:0004402,ZZZ3
GO:0005929,GLIS3
GO:0006351,GLIS3
GO:0005929,WWTR1
GO:0006351,WWTR1
GO:0005634,GLIS3
GO:0006351,GLIS3
GO:0005634,SUFU
GO:0006351,SUFU
GO:0035869,AHI1
GO:0060271,AHI1
GO:0035869,B9D2
GO:0060271,B9D2
GO:0035869,KCTD10
GO:0060271,KCTD10
GO:0035869,TMEM17
GO:0060271,TMEM17
GO:0035869,TMEM231
GO:0060271,TMEM231
GO:0071805,ABCC8
GO:0005769,AP3B1
GO:0071203,AP3B1
GO:0005769,ARHGEF1
GO:0071203,ARHGEF1
GO:0005769,ARHGEF2
GO:0071203,ARHGEF2
GO:0071203,CAPZA1
GO:0071203,CAPZB
GO:0005769,CLTC
GO:0071203,CLTC
GO:0005769,DNM2
GO:0071203,DNM2
GO:0005769,DOCK7
GO:0071203,DOCK7
GO:0005769,FKBP15
GO:0071203,FKBP15
GO:0005769,NEDD4
GO:0071203,NEDD4
GO:0005769,PI4K2A
GO:0071203,PI4K2A
GO:0005769,WASHC2A
GO:0071203,WASHC2A
GO:0071203,WASHC4
GO:0071203,WASHC5
GO:0071805,ABCC8
GO:0071805,ANK2
GO:0005634,FOXO1
GO:0006351,FOXO1
GO:0006351,YAP1
GO:0016209,PI4K2A
GO:0052742,PI4K2A
GO:0016209,PRDX1
GO:0052742,PRDX1
GO:0006351,YWHAQ
GO:0035329,YWHAQ
GO:0001738,NPHP1
GO:0035869,NPHP1
GO:0044291,NPHP1
GO:0001738,NPHP4
GO:0035869,NPHP4
GO:0044291,NPHP4
GO:0001738,RPGRIP1L
GO:0035869,RPGRIP1L
GO:0044291,RPGRIP1L
GO:0005813,CEP290
GO:0005813,IQCB1
GO:0060271,IQCB1
GO:0005634,CTBP1
GO:0017053,CTBP1
GO:0005634,GLIS2
GO:0017053,GLIS2
GO:0005634,HDAC3
GO:0017053,HDAC3
GO:0060070,CTNNB1
GO:0060070,GLIS2
GO:0001736,DVL2
GO:0060271,DVL2
GO:0097546,DVL2
GO:0001736,INVS
GO:0060271,INVS
GO:0097546,INVS
GO:0001736,NPHP4
GO:0060271,NPHP4
GO:0001736,RPGRIP1L
GO:0060271,RPGRIP1L
GO:0097546,RPGRIP1L
GO:0060271,MKS1
GO:0060271,TMEM67
GO:0030036,SYNE2
GO:0060271,SYNE2
GO:0030036,TMEM67
GO:0002947,TNF
GO:0002947,TNFRSF1B
GO:0033209,TNFRSF1B
GO:0002947,XPNPEP3
GO:0033209,XPNPEP3
GO:0007165,IL13RA1
GO:0019973,IL13RA1
GO:0007165,TRAF3IP1
GO:0019973,TRAF3IP1
GO:0032456,ACTN4
GO:0032456,ALMS1
GO:0005829,ARL6
GO:0005829,SEC61B
GO:0006351,GLIS2
GO:0005634,TRIM32
GO:0006351,TRIM32
GO:0016567,DTNBP1
GO:0016567,TRIM32
GO:0031625,NEDD4
GO:0052742,NEDD4
GO:0031625,PI4K2A
GO:0030133,CLTC
GO:0030276,CLTC
GO:0052742,CLTC
GO:0030133,PI4K2A
GO:0030276,PI4K2A
GO:0052742,BLOC1S6
GO:0031082,PI4K2A
GO:0052742,DVL1
GO:0007186,CXCR2
GO:0019722,CXCR2
GO:0030593,CXCR2
GO:0070098,CXCR2
GO:1990266,CXCR2
GO:0007186,NHERF1
GO:0019722,NHERF1
GO:0030593,NHERF1
GO:0070098,NHERF1
GO:1990266,NHERF1
GO:0007186,PLCB2
GO:0019722,PLCB2
GO:0030593,PLCB2
GO:0070098,PLCB2
GO:1990266,PLCB2
GO:0060271,BBS12
GO:0060271,MKKS
GO:0001736,FUZ
GO:0042073,FUZ
GO:0060271,FUZ
GO:0001736,INTU
GO:0042073,INTU
GO:0060271,INTU
GO:0001736,WDPCP
GO:0042073,WDPCP
GO:0060271,WDPCP
GO:0006508,CAPN8
GO:0006508,CAPN9
GO:0005249,KCNQ1
GO:0008076,KCNQ1
GO:0071805,KCNQ1
GO:0005249,KCNE1
GO:0008076,KCNE1
GO:0071805,KCNE1
GO:0052742,PIP5K1B
GO:0007186,CXCR2
GO:0008283,CXCR2
GO:0070098,CXCR2
GO:0008283,NHERF1
GO:0070098,NHERF1
GO:0008283,PLCB3
GO:0070098,PLCB3
GO:0000226,TUBB
GO:0005249,KCNE3
GO:0008076,KCNE3
GO:0034765,KCNE3
GO:0071805,KCNE3
GO:0034765,KCNQ1
GO:0006508,CAPN1
GO:0006508,HSP90AB1
GO:0005249,KCNE4
GO:0008076,KCNE4
GO:0071805,KCNE4
GO:0000087,KCNE5
GO:0005249,KCNE5
GO:0008076,KCNE5
GO:0071805,KCNE5
GO:0000087,KCNQ1
GO:0006508,CAPNS1
GO:0006508,CAPN2
GO:0005249,KCNQ2
GO:0008076,KCNQ2
GO:0071805,KCNQ2
GO:0005249,KCNQ3
GO:0008076,KCNQ3
GO:0071805,KCNQ3
GO:0046785,ARL2
GO:0046785,TBCD
GO:0046785,TUBB
GO:0000226,TBCB
GO:0000226,TBCE
GO:0030010,DLG5
GO:0035330,DLG5
GO:0030010,STK3
GO:0035330,STK3
GO:0030010,STK4
GO:0035330,STK4
GO:0007268,KCNQ3
GO:0005249,KCNQ5
GO:0007268,KCNQ5
GO:0071805,KCNQ5
GO:0043266,CALM1
GO:0043266,KCNQ4
GO:0031005,FILIP1
GO:0031005,FLNA
GO:0043266,CALM1
GO:0043266,KCNQ2
GO:0043266,KCNQ3
GO:0046847,FILIP1
GO:0051017,FILIP1
GO:0046847,RHOD
GO:0051017,RHOD
GO:0070098,GNAI2
GO:0070098,GPSM1
GO:0070098,GRK6
GO:0031532,RHOD
GO:0031532,WHAMM
GO:0031532,ACTR3
GO:0005085,GRIP1
GO:0005085,GRIPAP1
GO:0005085,GRIA2
GO:0008039,GRIA2
GO:2000311,GRIA2
GO:0005085,GRIP1
GO:0008039,GRIP1
GO:2000311,GRIP1
GO:0005085,GRIPAP1
GO:0008039,GRIPAP1
GO:2000311,GRIPAP1
GO:0000785,HUS1
GO:0000785,RAD1
GO:0000785,RAD9A
GO:0000077,RHNO1
GO:0000785,RHNO1
GO:0005634,RHNO1
GO:0006281,RHNO1
GO:0007186,IQGAP1
GO:0070098,IQGAP1
GO:0007186,YWHAG
GO:0070098,YWHAG
GO:0030036,CXCR2
GO:0007186,VASP
GO:0070098,VASP
GO:0000077,TOPBP1
GO:0000785,TOPBP1
GO:0000077,RAD9B
GO:0005634,RAD9B
GO:0006281,RAD9B
GO:0000077,HUS1B
GO:0005634,HUS1B
GO:0006281,HUS1B
GO:1901379,KCNH2
GO:1901379,SIGMAR1
GO:0003682,CUL2
GO:0003682,PRAME
GO:0005634,PRAME
GO:0016567,PRAME
GO:0006338,PCNA
GO:0003682,ELOB
GO:0003682,ELOC
GO:0005929,AURKA
GO:0048015,AURKA
GO:0005929,INPP5E
GO:0048015,INPP5E
GO:0061523,INPP5E
GO:0006886,INPP5E
GO:0044782,INPP5E
GO:0061512,INPP5E
GO:0006886,PDE6D
GO:0044782,PDE6D
GO:0061512,PDE6D
GO:0006886,RPGR
GO:0044782,RPGR
GO:0061512,RPGR
GO:0000184,EIF4A3
GO:0000184,MAGOH
GO:0000184,RBM8A
GO:0000184,UPF2
GO:0000184,UPF3B
GO:0060271,AHI1
GO:0007420,AHI1
GO:0007420,HAP1
GO:0060271,HAP1
GO:0005272,FGF12
GO:0034706,FGF12
GO:0043194,FGF12
GO:0099610,FGF12
GO:0005272,SCN2A
GO:0034706,SCN2A
GO:0043194,SCN2A
GO:0099610,SCN2A
GO:0005272,SCN11A
GO:0005372,AQP1
GO:0006833,AQP1
NA,KCNMA1
NA,LRRC26
GO:0005546,ITGB1BP1
GO:0005886,ITGB1BP1
GO:0005546,KRIT1
GO:0005886,KRIT1
GO:0005546,RAP1A
GO:0006897,STX7
GO:0005768,UNC13D
GO:0006897,UNC13D
GO:0006897,VAMP8
GO:0032418,MIOS
GO:1904262,MIOS
GO:0032418,NPRL2
GO:0032418,NPRL3
GO:0032418,SEC13
GO:1904262,SEC13
GO:0032418,SEH1L
GO:1904262,SEH1L
GO:0032418,SZT2
GO:1904262,SZT2
GO:0032418,WDR24
GO:1904262,WDR24
GO:0032418,WDR59
GO:1904262,WDR59
GO:0010506,ITFG2
GO:0032418,ITFG2
GO:1904262,ITFG2
GO:0010506,KICS2
GO:0032418,KICS2
GO:1904262,KICS2
GO:0010506,KPTN
GO:0032418,KPTN
GO:1904262,KPTN
GO:0010506,SZT2
GO:0006468,DCAF7
GO:0070873,DCAF7
GO:0006468,DYRK1A
GO:0070873,DYRK1A
GO:0007186,AURKB
GO:0051726,AURKB
GO:0070874,DCAF7
GO:0006468,DYRK1B
GO:0070874,DYRK1B
GO:0004920,IL10
GO:0006955,IL10
GO:0019221,IL10
GO:0042100,IL10
GO:0042110,IL10
GO:0050728,IL10
GO:0070662,IL10
GO:0004920,IL10RA
GO:0006955,IL10RA
GO:0019221,IL10RA
GO:0042100,IL10RA
GO:0042110,IL10RA
GO:0050728,IL10RA
GO:0070662,IL10RA
GO:0004920,IL10RB
GO:0006955,IL10RB
GO:0019221,IL10RB
GO:0042100,IL10RB
GO:0042110,IL10RB
GO:0050728,IL10RB
GO:0070662,IL10RB
GO:0005886,DVL1
GO:0005886,VANGL1
GO:0005886,DVL2
GO:0005886,DVL3
GO:0005886,VANGL2
GO:0000288,CNOT1
GO:0000289,CNOT1
GO:0003723,CNOT1
GO:0030014,CNOT1
GO:0043928,CNOT1
GO:0000288,CNOT10
GO:0000289,CNOT10
GO:0003723,CNOT10
GO:0006355,CNOT10
GO:0030014,CNOT10
GO:0043928,CNOT10
GO:0000288,CNOT11
GO:0000289,CNOT11
GO:0003723,CNOT11
GO:0006355,CNOT11
GO:0030014,CNOT11
GO:0043928,CNOT11
GO:0000288,CNOT2
GO:0000289,CNOT2
GO:0003723,CNOT2
GO:0030014,CNOT2
GO:0043928,CNOT2
GO:0000288,CNOT3
GO:0000289,CNOT3
GO:0003723,CNOT3
GO:0030014,CNOT3
GO:0043928,CNOT3
GO:0000288,CNOT6
GO:0000289,CNOT6
GO:0003723,CNOT6
GO:0006355,CNOT6
GO:0030014,CNOT6
GO:0043928,CNOT6
GO:0000288,CNOT7
GO:0000289,CNOT7
GO:0003723,CNOT7
GO:0006355,CNOT7
GO:0030014,CNOT7
GO:0043928,CNOT7
GO:0000288,CNOT9
GO:0000289,CNOT9
GO:0003723,CNOT9
GO:0006355,CNOT9
GO:0030014,CNOT9
GO:0043928,CNOT9
GO:0009410,AHRR
GO:0009410,ARNT
GO:0046146,GCH1
GO:0046146,GCHFR
GO:0045892,TBX18
GO:0045892,TBX20
GO:0007507,TBX20
GO:0007507,TLE1
GO:0007507,TLE3
GO:0045892,TLE3
GO:0007507,TBX20
GO:0045892,TBX20
GO:0007507,TLE1
GO:0007507,TLE3
NA,ACTN1
NA,FHL1
NA,GSN
NA,PDLIM1
GO:0030036,ACTN1
GO:0030036,PDLIM1
GO:0031175,PDLIM1
GO:0030018,FLNC
GO:0045214,FLNC
GO:0030018,IGFN1
GO:0045214,IGFN1
GO:0030018,KY
GO:0045214,KY
GO:0007163,NOS1AP
GO:0016477,NOS1AP
GO:0030027,NOS1AP
GO:0007163,SCRIB
GO:0016477,SCRIB
GO:0030027,SCRIB
GO:0007163,VANGL1
GO:0016477,VANGL1
GO:0030027,VANGL1
GO:0007163,ARHGEF7
GO:0016477,ARHGEF7
GO:0007163,GIT1
GO:0007163,PAK1
GO:0016477,PAK1
GO:0031252,ARHGEF7
GO:0031252,GIT1
GO:0031252,PAK1
GO:0007163,PAK2
GO:0016477,PAK2
GO:0031252,PAK2
GO:0031252,SCRIB
GO:1905146,KCMF1
GO:1905146,UBE2A
GO:1905146,UBR4
GO:0005741,ACSL1
GO:0015908,ACSL1
GO:0005741,CPT1A
GO:0015908,CPT1A
GO:0005741,VDAC1
GO:0015908,VDAC1
GO:0005741,PPIF
GO:0005743,PPIF
GO:0051882,PPIF
GO:0005741,SPG7
GO:0005743,SPG7
GO:0051882,SPG7
GO:0005741,VDAC1
GO:0005743,VDAC1
GO:0051882,VDAC1
GO:0030036,CLIC5
GO:0098846,CLIC5
GO:0030036,EZR
GO:0098846,EZR
GO:0030036,PODXL
GO:0098846,PODXL
GO:0030036,NHERF2
GO:0098846,NHERF2
GO:0030036,SCHIP1
GO:0098846,SCHIP1
GO:0003094,EZR
GO:0030036,EZR
GO:0098846,EZR
GO:0003094,NHERF2
GO:0030036,NHERF2
GO:0098846,NHERF2
GO:0003094,PODXL
GO:0030036,PODXL
GO:0098846,PODXL
GO:0002028,ACTN4
GO:0006885,ACTN4
GO:0002028,NHERF2
GO:0006885,NHERF2
GO:0002028,SLC9A3
GO:0006885,SLC9A3
GO:0030036,ACTN4
GO:0030036,NHERF1
GO:0051898,EGFR
GO:0051898,NHERF1
GO:0051898,PTEN
GO:0007249,NHERF1
GO:0007249,PRKCZ
GO:0006817,EZR
GO:0071374,EZR
GO:0006817,NHERF1
GO:0071374,NHERF1
GO:0006817,SLC34A1
GO:0071374,SLC34A1
GO:0004991,ARRB2
GO:0005886,ARRB2
GO:0007186,ARRB2
GO:0007188,ARRB2
GO:0046849,ARRB2
GO:0055074,ARRB2
GO:0004991,NHERF1
GO:0007188,NHERF1
GO:0046849,NHERF1
GO:0055074,NHERF1
GO:0004991,PTH1R
GO:0005886,PTH1R
GO:0007188,PTH1R
GO:0046849,PTH1R
GO:0055074,PTH1R
GO:0032528,EZR
GO:0032528,NHERF1
GO:0032528,PDZK1
GO:0043066,LPAR2
GO:0043066,NHERF2
GO:0007186,TRIP6
GO:0043066,TRIP6
GO:0042981,LPAR2
GO:0007186,SIVA1
GO:0042981,SIVA1
GO:0007186,S1PR4
GO:0007186,ITGB4
GO:0045121,ITGB4
GO:0061028,ITGB4
GO:0007186,MET
GO:0045121,MET
GO:0061028,MET
GO:0045121,S1PR1
GO:0061028,S1PR1
GO:0007186,KDR
GO:0016477,KDR
GO:0070371,KDR
GO:0007186,MAPK1
GO:0016477,MAPK1
GO:0035924,MAPK1
GO:0048010,MAPK1
GO:0070371,MAPK1
GO:0007186,MAPK3
GO:0035924,MAPK3
GO:0048010,MAPK3
GO:0070371,MAPK3
GO:0007186,PRKCA
GO:0016477,PRKCA
GO:0035924,PRKCA
GO:0048010,PRKCA
GO:0070371,PRKCA
GO:0016477,S1PR1
GO:0035924,S1PR1
GO:0048010,S1PR1
GO:0070371,S1PR1
GO:0007186,S1PR2
GO:0016477,S1PR2
GO:0035924,S1PR2
GO:0048010,S1PR2
GO:0070371,S1PR2
GO:0016477,S1PR3
GO:0035924,S1PR3
GO:0048010,S1PR3
GO:0070371,S1PR3
GO:0007186,S1PR5
GO:0016477,S1PR5
GO:0035924,S1PR5
GO:0048010,S1PR5
GO:0070371,S1PR5
GO:0007186,PDGFRB
GO:0070371,PDGFRB
GO:0043124,ARRB2
GO:0050728,ARRB2
GO:0043124,S1PR1
GO:0050728,S1PR1
GO:0007186,CXCR4
GO:0016477,CXCR4
GO:0070098,CXCR4
GO:0007186,GNAI2
GO:0016477,GNAI2
GO:0070098,GNAI2
GO:0016477,GNB1
GO:0070098,GNB1
GO:0007186,IGF1R
GO:0016477,IGF1R
GO:0070098,IGF1R
GO:0007186,ADRA1A
GO:0008217,ADRA1A
GO:0070098,ADRA1A
GO:0071875,ADRA1A
GO:0008217,CXCR4
GO:0071875,CXCR4
GO:0007186,ADRA1B
GO:0008217,ADRA1B
GO:0070098,ADRA1B
GO:0071875,ADRA1B
GO:0007186,AKT1
GO:0043491,AKT1
GO:0043491,ARRB2
GO:0043491,PPP2CA
GO:0007186,PPP2R2A
GO:0043491,PPP2R2A
GO:0007186,ADCY2
GO:0009725,ADCY2
GO:0043949,ADCY2
GO:0009725,AKAP5
GO:0043949,AKAP5
GO:0009725,ARRB2
GO:0043949,ARRB2
GO:0007186,PDE4D
GO:0009725,PDE4D
GO:0043949,PDE4D
GO:0007186,PRKACA
GO:0009725,PRKACA
GO:0043949,PRKACA
GO:0007186,RXFP1
GO:0009725,RXFP1
GO:0043949,RXFP1
GO:0000045,ARRB1
GO:0010506,ARRB1
GO:0000045,BECN1
GO:0010506,BECN1
GO:0000045,PIK3C3
GO:0010506,PIK3C3
GO:0032868,AKT1
GO:0032868,ARRB2
GO:0032868,SRC
GO:0043491,SRC
GO:0008286,AKT1
GO:0042593,AKT1
GO:0008286,ARRB2
GO:0042593,ARRB2
GO:0008286,INSR
GO:0032868,INSR
GO:0042593,INSR
GO:0043491,INSR
GO:0008286,SRC
GO:0042593,SRC
GO:0007186,CUL3
GO:0031396,CUL3
GO:0007186,DRD4
GO:0031396,DRD4
GO:0007186,KLHL12
GO:0031396,KLHL12
GO:0000045,ATG13
GO:0010506,ATG13
GO:0000045,ATG14
GO:0010506,ATG14
GO:0010506,PIK3C3
GO:0000045,ULK1
GO:0010506,ULK1
GO:0006897,AMN
GO:0006897,CUBN
GO:0006897,LRP2
GO:0001848,APOA1
GO:0034185,APOA1
GO:0097006,APOA1
GO:0001848,APOL1
GO:0034185,APOL1
GO:0097006,APOL1
GO:0001848,C3
GO:0034185,C3
GO:0097006,C3
GO:0001848,HPR
GO:0034185,HPR
GO:0097006,HPR
GO:0097006,FN1
GO:0097006,IGHM
GO:0006776,RBP4
GO:0016918,RBP4
GO:0071938,RBP4
GO:0006776,TTR
GO:0016918,TTR
GO:0071938,TTR
GO:0050544,AZGP1
GO:0050544,PIP
GO:0006952,CP
GO:0006979,CP
GO:0006952,LTF
GO:0006979,LTF
GO:0006952,MPO
GO:0006979,MPO
GO:0060586,CP
GO:0060586,LTF
GO:0005509,S100A8
GO:0006954,S100A8
GO:0045087,S100A8
GO:0005509,S100A9
GO:0006954,S100A9
GO:0045087,S100A9
GO:0005509,NOS2
GO:0018119,NOS2
GO:0018119,S100A8
GO:0018119,S100A9
GO:0008543,FGF21
GO:0070374,FGF21
GO:0008543,FGFR1
GO:0070374,FGFR1
GO:0008543,KLB
GO:0070374,KLB
GO:0019722,KDR
GO:0035924,KDR
GO:0048010,KDR
GO:0055074,KDR
GO:0019722,KL
GO:0035924,KL
GO:0048010,KL
GO:0055074,KL
GO:0019722,TRPC1
GO:0035924,TRPC1
GO:0048010,TRPC1
GO:0055074,TRPC1
GO:0055062,FGF23
GO:0055062,FGFR1
GO:0055062,KL
NA,FGFR1
NA,KL
GO:0001934,FGF19
GO:0008543,FGF19
GO:0070374,FGF19
GO:0001934,FGFR4
GO:0008543,FGFR4
GO:0070374,FGFR4
GO:0001934,KLB
GO:0048255,DHX9
GO:0005737,ELAVL1
GO:0048255,ELAVL1
GO:0005737,HNRNPU
GO:0048255,HNRNPU
GO:0005737,IGF2BP1
GO:0048255,IGF2BP1
GO:0048255,RPL26
GO:0048255,RPS6
GO:0005737,STAU1
GO:0048255,STAU1
GO:0048255,SYNCRIP
GO:0005737,YBX1
GO:0048255,YBX1
GO:0044341,NHERF1
GO:0044341,SLC34A1
GO:0006351,DYRK1B
GO:0006351,HNF1A
GO:0006351,PCBD2
GO:0023052,EPHA1
GO:0036312,EPHA1
GO:0038023,EPHA1
GO:0046875,EPHA1
GO:0072678,EPHA1
GO:1990782,EPHA1
GO:0036312,LCK
GO:0038023,LCK
GO:0046875,LCK
GO:0072678,LCK
GO:1990782,LCK
GO:0023052,PIK3R1
GO:0038023,PIK3R1
GO:0046875,PIK3R1
GO:0072678,PIK3R1
GO:1990782,PIK3R1
GO:0023052,PTK2B
GO:0036312,PTK2B
GO:0038023,PTK2B
GO:0046875,PTK2B
GO:0072678,PTK2B
GO:0006355,ATF3
GO:0006351,CCAR2
GO:0048384,CCAR2
GO:0006351,EMSY
GO:0048384,EMSY
GO:0006351,ZNF335
GO:0048384,ZNF335
GO:0140938,ZNF335
GO:0043065,CCAR2
GO:0090311,CCAR2
GO:0043065,SIRT1
GO:0090311,SIRT1
GO:0000381,CCAR2
GO:0006368,CCAR2
GO:0000381,ZNF326
GO:0006368,ZNF326
GO:0042981,IRF2BP1
GO:0045892,IRF2BP1
GO:0042981,IRF2BP2
GO:0045892,IRF2BP2
GO:0042981,IRF2BPL
GO:0045892,IRF2BPL
GO:0140945,ASH2L
GO:0140945,DPY30
GO:0140945,RBBP5
GO:0140945,WDR5
GO:0140946,ASH2L
GO:0140946,DPY30
GO:0140945,KMT2A
GO:0140946,KMT2A
GO:0140946,RBBP5
GO:0140946,WDR5
GO:0006351,CBFB
GO:0042692,CBFB
GO:0006351,COPRS
GO:0042692,COPRS
GO:0006351,PRMT5
GO:0042692,PRMT5
GO:0006351,RUNX1
GO:0042692,RUNX1
GO:0005634,COPRS
GO:0006355,COPRS
GO:0044020,COPRS
GO:0044020,PRMT5
GO:0006351,LAS1L
GO:0016926,LAS1L
GO:0006351,PELP1
GO:0016926,PELP1
GO:0006351,SENP3
GO:0016926,SENP3
GO:0006351,TEX10
GO:0016926,TEX10
GO:0006351,WDR18
GO:0016926,WDR18
GO:0005730,LAS1L
GO:0006364,LAS1L
GO:0042254,LAS1L
GO:0005730,NOL9
GO:0006364,NOL9
GO:0042254,NOL9
GO:0005730,PELP1
GO:0006364,PELP1
GO:0042254,PELP1
GO:0005730,SENP3
GO:0006364,SENP3
GO:0042254,SENP3
GO:0005730,TEX10
GO:0006364,TEX10
GO:0042254,TEX10
GO:0005730,WDR18
GO:0006364,WDR18
GO:0042254,WDR18
GO:0042254,BOP1
GO:0042254,PES1
GO:0042254,WDR12
GO:0002056,CHTOP
GO:0006355,CHTOP
GO:0044020,CHTOP
GO:0002056,ERH
GO:0006355,ERH
GO:0044020,ERH
GO:0002056,PRMT1
GO:0006355,PRMT1
GO:0044020,PRMT1
GO:0002056,PRMT5
GO:0002056,WDR77
GO:0006355,WDR77
GO:0044020,WDR77
GO:0005789,AUP1
GO:0034976,AUP1
GO:0005789,BSG
GO:0034976,BSG
GO:0005789,DERL2
GO:0034976,DERL2
GO:0005789,ERLEC1
GO:0034976,ERLEC1
GO:0034976,ERLIN2
GO:0005789,FAF2
GO:0034976,FAF2
GO:0005789,FAM8A1
GO:0034976,FAM8A1
GO:0005789,HSP90B1
GO:0034976,HSP90B1
GO:0005789,HSPA5
GO:0034976,HSPA5
GO:0005789,OS9
GO:0034976,OS9
GO:0005789,SEL1L
GO:0034976,SEL1L
GO:0005789,SYVN1
GO:0034976,SYVN1
GO:0005789,UBE2J1
GO:0034976,UBE2J1
GO:0046605,HERC2
GO:0046605,MAPK6
GO:0046605,NEURL4
GO:0046605,UBE3A
GO:0004494,MMAA
GO:0004494,MMUT
GO:1904294,BAG6
GO:1904294,GET4
GO:1904294,UBL4A
GO:0005634,CBX3
GO:0045893,CBX3
GO:0071385,CBX3
GO:0045893,EHMT2
GO:0071385,EHMT2
GO:0045893,NR3C1
GO:0045893,EHMT1
GO:0071385,EHMT1
GO:0010629,DNMT3A
GO:0044027,DNMT3A
GO:0045822,DNMT3A
GO:0046974,DNMT3A
GO:0010629,EHMT2
GO:0044027,EHMT2
GO:0045822,EHMT2
GO:0046974,EHMT2
GO:0010629,SMARCA4
GO:0044027,SMARCA4
GO:0045822,SMARCA4
GO:0046974,SMARCA4
GO:0036503,AMFR
GO:0005783,ERLIN2
GO:0036503,ERLIN2
GO:0005783,TMUB1
GO:0036503,TMUB1
GO:0036503,AMFR
GO:0036503,NGLY1
GO:0036503,VCP
GO:0036503,UBXN1
GO:0036503,RAD23B
GO:0016567,AMFR
GO:0045087,AMFR
GO:0016567,INSIG1
GO:0036503,INSIG1
GO:0045087,INSIG1
GO:0016567,STING1
GO:0036503,STING1
GO:0045087,STING1
GO:0015420,MMACHC
GO:0015889,MMACHC
GO:0031419,MMACHC
GO:0015420,MMADHC
GO:0015889,MMADHC
GO:0031419,MMADHC
GO:0005789,AMFR
GO:0030163,AMFR
GO:0005789,BAG6
GO:0030163,BAG6
GO:0036503,BAG6
GO:0030163,FAF2
GO:0036503,FAF2
GO:0036503,HSP90B1
GO:0036503,OS9
GO:0000151,CRBN
GO:0048731,CRBN
GO:0061630,CRBN
GO:0000151,CUL4A
GO:0048731,CUL4A
GO:0061630,CUL4A
GO:0000151,DDB1
GO:0048731,DDB1
GO:0061630,DDB1
GO:0000151,RBX1
GO:0048731,RBX1
GO:0061630,RBX1
GO:0005783,CNPY3
GO:0051085,CNPY3
GO:0051085,HSP90B1
GO:0005783,TLR9
GO:0051085,TLR9
GO:0003723,EXD1
GO:0034587,EXD1
GO:0003723,PIWIL2
GO:0034587,PIWIL2
GO:0003723,TDRD12
GO:0034587,TDRD12
GO:0035330,DAG1
GO:0005886,LATS2
GO:0035330,LATS2
GO:0035330,SGCD
GO:0005886,YAP1
GO:0035330,YAP1
GO:0034587,TDRD1
GO:0005794,EXT1
GO:0015012,EXT1
GO:0005794,EXT2
GO:0015012,EXT2
GO:0005737,AHNAK
GO:0007010,AHNAK
GO:0061024,AHNAK
GO:0070309,AHNAK
GO:0005737,ANK2
GO:0005886,ANK2
GO:0007010,ANK2
GO:0061024,ANK2
GO:0070309,ANK2
GO:0005737,BFSP1
GO:0005886,BFSP1
GO:0007010,BFSP1
GO:0061024,BFSP1
GO:0070309,BFSP1
GO:0005737,BFSP2
GO:0005886,BFSP2
GO:0007010,BFSP2
GO:0061024,BFSP2
GO:0070309,BFSP2
GO:0005737,EZR
GO:0005886,EZR
GO:0007010,EZR
GO:0061024,EZR
GO:0070309,EZR
GO:0005737,NRCAM
GO:0005886,NRCAM
GO:0007010,NRCAM
GO:0061024,NRCAM
GO:0070309,NRCAM
GO:0005737,PLEC
GO:0005886,PLEC
GO:0007010,PLEC
GO:0061024,PLEC
GO:0070309,PLEC
GO:0005737,PRX
GO:0007010,PRX
GO:0061024,PRX
GO:0070309,PRX
GO:0005737,SPTBN2
GO:0007010,SPTBN2
GO:0061024,SPTBN2
GO:0070309,SPTBN2
GO:0005737,VIM
GO:0005886,VIM
GO:0007010,VIM
GO:0061024,VIM
GO:0070309,VIM
GO:0005886,AHNAK
GO:0005886,PPL
GO:0005886,PRX
GO:0006513,FAAP100
GO:0005634,FAAP24
GO:0006513,FAAP24
GO:0006974,FAAP24
GO:0006513,FANCA
GO:0006513,FANCB
GO:0006513,FANCC
GO:0006513,FANCE
GO:0006513,FANCF
GO:0006513,FANCG
GO:0006513,FANCL
GO:0006513,FANCM
GO:0005737,FAAP100
GO:0005737,FANCB
GO:0005737,FANCL
GO:0030970,AUP1
GO:0036503,AUP1
GO:0030970,FAF2
GO:0030970,OS9
GO:0036503,OS9
GO:0030970,SEL1L
GO:0030970,UBE2J1
GO:0036503,UBE2J1
GO:0005770,AXIN1
GO:0042149,AXIN1
GO:0005770,LAMTOR1
GO:0042149,LAMTOR1
GO:0005770,LAMTOR2
GO:0042149,LAMTOR2
GO:0005770,LAMTOR3
GO:0042149,LAMTOR3
GO:0005770,LAMTOR4
GO:0042149,LAMTOR4
GO:0005770,LAMTOR5
GO:0042149,LAMTOR5
GO:0005770,PRKAA1
GO:0042149,PRKAA1
GO:0005770,PRKAB1
GO:0042149,PRKAB1
GO:0005770,PRKAG1
GO:0042149,PRKAG1
GO:0005770,STK11
GO:0042149,STK11
GO:0005768,ATP6V0C
GO:0097009,ATP6V0C
GO:0005768,ATP6V0D1
GO:0097009,ATP6V0D1
GO:0005768,ATP6V1A
GO:0097009,ATP6V1A
GO:0005768,ATP6V1B2
GO:0097009,ATP6V1B2
GO:0005768,AXIN1
GO:0097009,AXIN1
GO:0005768,LAMTOR1
GO:0097009,LAMTOR1
GO:0005768,LAMTOR2
GO:0097009,LAMTOR2
GO:0097009,LAMTOR3
GO:0005768,LAMTOR4
GO:0097009,LAMTOR4
GO:0005768,LAMTOR5
GO:0097009,LAMTOR5
GO:0005768,PRKAA1
GO:0097009,PRKAA1
GO:0005768,PRKAB1
GO:0097009,PRKAB1
GO:0005768,PRKAG1
GO:0097009,PRKAG1
GO:0005768,STK11
GO:0097009,STK11
GO:0005764,TBC1D7
GO:0008286,TBC1D7
GO:0009594,TBC1D7
GO:0043491,TBC1D7
GO:1904263,TBC1D7
GO:0005764,TSC1
GO:0008286,TSC1
GO:0009594,TSC1
GO:0043491,TSC1
GO:1904263,TSC1
GO:0005764,TSC2
GO:0008286,TSC2
GO:0009594,TSC2
GO:0043491,TSC2
GO:1904263,TSC2
GO:0005886,GSPT2
GO:0006661,GSPT2
GO:0042552,GSPT2
GO:0005886,HYCC1
GO:0006661,HYCC1
GO:0042552,HYCC1
GO:0006661,PI4KA
GO:0042552,PI4KA
GO:0005886,TTC7B
GO:0006661,TTC7B
GO:0042552,TTC7B
GO:0003682,MPHOSPH8
GO:0005634,MPHOSPH8
GO:0010629,MPHOSPH8
GO:0003682,PPHLN1
GO:0005634,PPHLN1
GO:0010629,PPHLN1
GO:0003682,TASOR
GO:0005634,TASOR
GO:0010629,TASOR
NA,ROR1
NA,ROR2
GO:0005813,TUBG1
GO:0007020,TUBG1
GO:0060271,TUBG1
GO:0005813,TUBGCP2
GO:0007020,TUBGCP2
GO:0060271,TUBGCP2
GO:0005813,TUBGCP3
GO:0007020,TUBGCP3
GO:0060271,TUBGCP3
GO:0005813,TUBGCP4
GO:0007020,TUBGCP4
GO:0060271,TUBGCP4
GO:0005813,TUBGCP5
GO:0007020,TUBGCP5
GO:0060271,TUBGCP5
GO:0005813,TUBGCP6
GO:0007020,TUBGCP6
GO:0060271,TUBGCP6
GO:0007059,CIAO1
GO:0051225,CIAO1
GO:0072686,CIAO1
GO:0007059,CIAO2B
GO:0051225,CIAO2B
GO:0072686,CIAO2B
GO:0007059,ERCC2
GO:0051225,ERCC2
GO:0072686,ERCC2
GO:0007059,MMS19
GO:0051225,MMS19
GO:0072686,MMS19
GO:0007059,SLC25A5
GO:0051225,SLC25A5
GO:0072686,SLC25A5
GO:0005737,CIAO1
GO:0006260,CIAO1
GO:0006281,CIAO1
GO:0005737,CIAO2B
GO:0006260,CIAO2B
GO:0006281,CIAO2B
GO:0005737,CIAO3
GO:0006260,CIAO3
GO:0006281,CIAO3
GO:0005737,MMS19
GO:0006260,MMS19
GO:0006281,MMS19
GO:0043065,CUL1
GO:0006511,FBXO10
GO:0043065,FBXO10
GO:0043065,SKP1
GO:0006516,CUL1
GO:0036503,CUL1
GO:0006511,FBXO6
GO:0006516,FBXO6
GO:0036503,FBXO6
GO:0006516,RBX1
GO:0036503,RBX1
GO:0006516,SKP1
GO:0036503,SKP1
GO:0006511,FBXO17
GO:0006516,FBXO17
GO:0036503,FBXO17
GO:0006511,FBXO27
GO:0006516,FBXO27
GO:0036503,FBXO27
GO:0006511,FBXO44
GO:0070498,IRAK1
GO:0070498,IRAK4
GO:0070498,PELI1
GO:0070498,TRAF6
GO:0006511,CDX2
GO:0031146,CDX2
GO:0006511,GSK3B
GO:0005634,CTNNB1
GO:0030177,CTNNB1
GO:0005634,FERMT2
GO:0030177,FERMT2
GO:0005634,TCF7L2
GO:0030177,TCF7L2
GO:0006355,CTNNB1
GO:1901186,CTNNB1
GO:0005737,FERMT2
GO:0006355,FERMT2
GO:1901186,FERMT2
GO:0006355,YBX1
GO:1901186,YBX1
GO:0008543,FGF1
GO:0070374,FGF1
GO:0008543,ITGB3
GO:0070374,ITGB3
GO:0005634,PHF19
GO:0005886,FRS2
GO:0043410,FRS2
GO:2000573,FRS2
GO:0031175,GRB2
GO:0043410,GRB2
GO:2000573,GRB2
GO:0005886,SOS1
GO:0031175,SOS1
GO:0043410,SOS1
GO:2000573,SOS1
GO:0006511,CBL
GO:0006511,FRS2
GO:0006511,GRB2
GO:0050436,ELN
GO:0050436,FBLN2
GO:0050436,FBN1
GO:0050436,FBLN5
GO:0051321,CDK1
GO:0051321,HSPA2
GO:0051321,NASP
GO:0022604,CTTN
GO:0022604,FER
GO:0022604,PTK2
GO:0023052,BCAR1
GO:0023052,C3G
GO:0023052,CRK
GO:0006915,ILK
GO:0007160,ILK
GO:0008360,ILK
GO:0016477,ILK
GO:0006915,LIMS1
GO:0007160,LIMS1
GO:0008360,LIMS1
GO:0016477,LIMS1
GO:0006915,PARVA
GO:0007160,PARVA
GO:0008360,PARVA
GO:0016477,PARVA
GO:0007160,LIMS2
GO:0008360,LIMS2
GO:0016477,LIMS2
GO:0010715,BCAR1
GO:0010715,MMP14
GO:0010715,PTK2
GO:0044319,CYTH2
GO:0044319,SRC
GO:0045010,ABI2
GO:0045010,BRK1
GO:0045010,CYFIP1
GO:0045010,NCKAP1
GO:0045010,WASF1
GO:0005925,PDE4D
GO:0030010,PDE4D
GO:0034446,PDE4D
GO:0005925,PTK2
GO:0030010,PTK2
GO:0034446,PTK2
GO:0005925,RACK1
GO:0030010,RACK1
GO:0034446,RACK1
GO:0005925,MAPK1
GO:0042060,MAPK1
GO:0051019,MAPK1
GO:0000165,PTK2
GO:0016477,PTK2
GO:0042060,PTK2
GO:0051019,PTK2
GO:0000165,PXN
GO:0005925,PXN
GO:0042060,PXN
GO:0051019,PXN
GO:1903689,PTK2
GO:1903689,RASA1
GO:1903689,RASGRF1
GO:2001212,PXN
GO:2001212,ROBO4
GO:0050852,ARHGEF7
GO:0050863,ARHGEF7
GO:0050852,GIT2
GO:0050863,GIT2
GO:0050852,PAK1
GO:0050863,PAK1
GO:1904179,AKT1
GO:1904179,FOXO1
GO:1904179,WDFY2
GO:0036465,PRKCZ
GO:0036465,VAMP2
GO:0036465,WDFY2
GO:0006338,FOXP3
GO:0045892,FOXP3
GO:0006338,TRIM28
GO:0006338,ZFP90
GO:0045892,ZFP90
GO:0017053,AJUBA
GO:0017053,PRMT5
GO:0017053,SNAI1
GO:1901222,PRKCZ
GO:1901222,SQSTM1
GO:1901222,TRAF6
GO:2000145,ITGA4
GO:2000145,PXN
GO:2000145,YWHAZ
GO:0035025,ARHGEF2
GO:0043114,ARHGEF2
GO:0035025,MAPK1
GO:0043114,MAPK1
GO:0035025,MAPK3
GO:0043114,MAPK3
GO:0035025,PXN
GO:0043114,PXN
GO:0007186,CAV1
GO:0016477,CAV1
GO:0032274,CAV1
GO:0070371,CAV1
GO:0097210,CAV1
GO:0007186,GNRHR
GO:0016477,GNRHR
GO:0032274,GNRHR
GO:0070371,GNRHR
GO:0097210,GNRHR
GO:0007186,KSR1
GO:0016477,KSR1
GO:0032274,KSR1
GO:0070371,KSR1
GO:0097210,KSR1
GO:0007186,MAPK1
GO:0016477,MAPK1
GO:0032274,MAPK1
GO:0070371,MAPK1
GO:0097210,MAPK1
GO:0007186,MAPK3
GO:0016477,MAPK3
GO:0032274,MAPK3
GO:0070371,MAPK3
GO:0097210,MAPK3
GO:0016477,PRKCA
GO:0032274,PRKCA
GO:0070371,PRKCA
GO:0097210,PRKCA
GO:0007186,PRKCD
GO:0016477,PRKCD
GO:0032274,PRKCD
GO:0070371,PRKCD
GO:0097210,PRKCD
GO:0007186,PRKCE
GO:0016477,PRKCE
GO:0032274,PRKCE
GO:0070371,PRKCE
GO:0097210,PRKCE
GO:0007186,PTK2
GO:0016477,PTK2
GO:0032274,PTK2
GO:0070371,PTK2
GO:0097210,PTK2
GO:0007186,PXN
GO:0016477,PXN
GO:0032274,PXN
GO:0070371,PXN
GO:0097210,PXN
GO:0007186,SRC
GO:0016477,SRC
GO:0032274,SRC
GO:0070371,SRC
GO:0097210,SRC
GO:0007186,TUBA1A
GO:0016477,TUBA1A
GO:0032274,TUBA1A
GO:0070371,TUBA1A
GO:0097210,TUBA1A
GO:0007186,TUBA1B
GO:0016477,TUBA1B
GO:0032274,TUBA1B
GO:0070371,TUBA1B
GO:0097210,TUBA1B
GO:0007186,VCL
GO:0016477,VCL
GO:0032274,VCL
GO:0070371,VCL
GO:0097210,VCL
GO:0005886,FZD4
GO:0007166,FZD4
GO:0005886,LRP5
GO:0007166,LRP5
GO:0005886,NDP
GO:0007166,NDP
GO:0005886,TSPAN12
GO:0007166,TSPAN12
GO:0005886,LRP6
GO:0007166,LRP6
GO:0007186,LRP6
GO:0060070,LRP6
GO:0005886,PTH
GO:0007166,PTH
GO:0007186,PTH
GO:0060070,PTH
GO:0007166,PTH1R
GO:0060070,PTH1R
GO:0005886,LRP6
GO:0007166,LRP6
GO:0005886,PTH
GO:0007166,PTH
GO:0005886,PTH1R
GO:0007166,PTH1R
GO:0005886,FZD5
GO:0030177,FZD5
GO:0005886,LGR5
GO:0030177,LGR5
GO:0030177,LRP6
GO:0005886,AXIN1
GO:0030178,AXIN1
GO:1903010,AXIN1
GO:0005886,CTNNB1
GO:0030178,CTNNB1
GO:1903010,CTNNB1
GO:0005886,LRP5
GO:0030178,LRP5
GO:1903010,LRP5
GO:0035567,FZD8
GO:0035567,ROR2
GO:0035567,WNT5A
GO:0014896,FZD7
GO:0035567,FZD7
GO:0098724,FZD7
GO:0014896,GNAS
GO:0035567,GNAS
GO:0098724,GNAS
GO:0014896,PIK3R1
GO:0035567,PIK3R1
GO:0098724,PIK3R1
GO:0035825,BARD1
GO:0042148,BARD1
GO:0035825,BRCA1
GO:0042148,BRCA1
GO:0035825,RAD51
GO:0042148,RAD51
GO:0004448,IDH2
GO:0005739,IDH2
GO:0006099,IDH2
GO:0006102,IDH2
GO:0005739,IDH3A
GO:0006099,IDH3A
GO:0006102,IDH3A
GO:0046872,IDH3A
GO:0051287,IDH3A
GO:0005739,IDH3B
GO:0006099,IDH3B
GO:0006102,IDH3B
GO:0046872,IDH3B
GO:0051287,IDH3B
GO:0005739,IDH3G
GO:0006099,IDH3G
GO:0006102,IDH3G
GO:0046872,IDH3G
GO:0051287,IDH3G
GO:0006357,GPS2
GO:0010874,GPS2
GO:0006357,NR1H3
GO:0010874,NR1H3
GO:0006357,RXRA
GO:0010874,RXRA
GO:0045765,CSPG4
GO:0045765,ITGA3
GO:0045765,ITGB1
GO:0045765,LGALS3
GO:0007399,GDNF
GO:0007399,GFRA1
GO:0007399,RET
GO:0007399,ARTN
GO:0007399,GFRA3
GO:0007399,RET
GO:0006275,MCIDAS
GO:2000539,CHM
GO:2000539,RAB3A
GO:2000539,RABGGTA
GO:0000381,DHX15
GO:0000381,GCFC2
GO:0000381,TFIP11
GO:0060586,BOLA2
GO:0060586,GLRX3
GO:0005739,GATB
GO:0006424,GATB
GO:0070681,GATB
GO:0005739,GATC
GO:0006424,GATC
GO:0070681,GATC
GO:0005739,QRSL1
GO:0006424,QRSL1
GO:0070681,QRSL1
GO:0060236,BICD2
GO:0060236,DCTN1
GO:0060236,DYNC1I1
GO:0005634,GID8
GO:0060070,GID8
GO:0005234,GRIN1
GO:0022849,GRIN1
GO:0048167,GRIN1
GO:0005234,GRIN2A
GO:0016595,GRIN2A
GO:0022849,GRIN2A
GO:0048167,GRIN2A
GO:0060070,AXIN1
GO:0005737,GSK3B
GO:0060070,GSK3B
GO:0005739,FKBP5
GO:0043069,FKBP5
GO:0071385,FKBP5
GO:0005739,HSP90AA1
GO:0043069,HSP90AA1
GO:0071385,HSP90AA1
GO:0005739,HSPA1A
GO:0043069,HSPA1A
GO:0071385,HSPA1A
GO:0005739,NR3C1
GO:0043069,NR3C1
GO:0005234,GRIN2B
GO:0022849,GRIN2B
GO:0048167,GRIN2B
GO:0006874,GRIN1
GO:0006874,GRIN2A
GO:0004972,GRIN3B
GO:0005234,GRIN3B
GO:0006874,GRIN3B
GO:0016595,GRIN3B
GO:0048167,GRIN3B
GO:0004971,CACNG2
GO:0016020,CACNG2
GO:0048167,CACNG2
GO:0050808,CACNG2
GO:0099536,CACNG2
GO:0004971,CACNG3
GO:0016020,CACNG3
GO:0048167,CACNG3
GO:0050808,CACNG3
GO:0099536,CACNG3
GO:0004971,CACNG4
GO:0016020,CACNG4
GO:0048167,CACNG4
GO:0050808,CACNG4
GO:0099536,CACNG4
GO:0004971,CACNG7
GO:0016020,CACNG7
GO:0048167,CACNG7
GO:0050808,CACNG7
GO:0099536,CACNG7
GO:0004971,CACNG8
GO:0016020,CACNG8
GO:0048167,CACNG8
GO:0050808,CACNG8
GO:0099536,CACNG8
GO:0004971,CNIH2
GO:0016020,CNIH2
GO:0048167,CNIH2
GO:0050808,CNIH2
GO:0099536,CNIH2
GO:0004971,CNIH3
GO:0016020,CNIH3
GO:0048167,CNIH3
GO:0050808,CNIH3
GO:0099536,CNIH3
GO:0004971,CPT1C
GO:0016020,CPT1C
GO:0048167,CPT1C
GO:0050808,CPT1C
GO:0099536,CPT1C
GO:0004971,DLG4
GO:0016020,DLG4
GO:0048167,DLG4
GO:0050808,DLG4
GO:0099536,DLG4
GO:0004971,FRRS1L
GO:0016020,FRRS1L
GO:0048167,FRRS1L
GO:0050808,FRRS1L
GO:0099536,FRRS1L
GO:0004971,GRIA1
GO:0016020,GRIA1
GO:0050808,GRIA1
GO:0099536,GRIA1
GO:0004971,GRIA2
GO:0016020,GRIA2
GO:0048167,GRIA2
GO:0050808,GRIA2
GO:0004971,GRIA3
GO:0016020,GRIA3
GO:0048167,GRIA3
GO:0050808,GRIA3
GO:0099536,GRIA3
GO:0004971,GRIA4
GO:0016020,GRIA4
GO:0050808,GRIA4
GO:0099536,GRIA4
GO:0004971,GSG1L
GO:0016020,GSG1L
GO:0048167,GSG1L
GO:0050808,GSG1L
GO:0099536,GSG1L
GO:0004971,NRN1
GO:0016020,NRN1
GO:0048167,NRN1
GO:0050808,NRN1
GO:0099536,NRN1
GO:0004971,OLFM1
GO:0016020,OLFM1
GO:0048167,OLFM1
GO:0050808,OLFM1
GO:0099536,OLFM1
GO:0004971,OLFM2
GO:0016020,OLFM2
GO:0048167,OLFM2
GO:0050808,OLFM2
GO:0099536,OLFM2
GO:0004971,OLFM3
GO:0016020,OLFM3
GO:0048167,OLFM3
GO:0050808,OLFM3
GO:0099536,OLFM3
GO:0004971,PRRT1
GO:0016020,PRRT1
GO:0048167,PRRT1
GO:0050808,PRRT1
GO:0099536,PRRT1
GO:0004971,PRRT2
GO:0016020,PRRT2
GO:0048167,PRRT2
GO:0050808,PRRT2
GO:0099536,PRRT2
GO:0004971,SHISA9
GO:0016020,SHISA9
GO:0048167,SHISA9
GO:0050808,SHISA9
GO:0099536,SHISA9
GO:0004971,VWC2
GO:0016020,VWC2
GO:0048167,VWC2
GO:0050808,VWC2
GO:0099536,VWC2
GO:0004971,VWC2L
GO:0016020,VWC2L
GO:0048167,VWC2L
GO:0050808,VWC2L
GO:0099536,VWC2L
GO:0002178,SPTLC2
GO:0005783,SPTLC2
GO:0016409,SPTLC2
GO:0030148,SPTLC2
GO:0002178,SPTSSB
GO:0005783,SPTSSB
GO:0016409,SPTSSB
GO:0030148,SPTSSB
GO:0004971,LRRTM4
GO:0016020,LRRTM4
GO:0048167,LRRTM4
GO:0050808,LRRTM4
GO:0099536,LRRTM4
GO:0002178,SPTSSA
GO:0005783,SPTSSA
GO:0016409,SPTSSA
GO:0030148,SPTSSA
GO:0043506,FBXW7
GO:0043506,JUN
GO:0043506,PRR7
GO:0043506,FBXW7
GO:0043506,JUN
GO:0043506,PRR7
GO:0004971,ABHD6
GO:0016020,ABHD6
GO:0048167,ABHD6
GO:0050808,ABHD6
GO:0099536,ABHD6
GO:0016049,IGF1
GO:0048009,IGF1
GO:0016049,IGF1R
GO:0048009,IGF1R
GO:0048009,ITGAV
GO:0048009,ITGB3
GO:0090155,ORMDL3
GO:0090155,SPTLC1
GO:0007601,ADGRV1
GO:1990075,ADGRV1
GO:0007601,PDZD7
GO:1990075,PDZD7
GO:0007601,USH2A
GO:1990075,USH2A
GO:0007601,WHRN
GO:1990075,WHRN
GO:0008283,ACTB
GO:0043066,ACTB
GO:0008283,MARCKSL1
GO:0043066,MARCKSL1
GO:0008283,PTMA
GO:0043066,PTMA
GO:0008283,SET
GO:0043066,SET
GO:0004306,ANP32A
GO:0004306,C1QBP
GO:0004306,PSMA1
GO:0004306,PTMA
GO:0004306,SLC25A3
GO:0008283,ANP32A
GO:0043066,ANP32A
GO:0008283,ANP32B
GO:0043066,ANP32B
GO:0008283,RAB11A
GO:0043066,RAB11A
GO:0051893,PTK2
GO:0017166,THSD1
GO:0051893,THSD1
GO:1990147,THSD1
GO:0051893,TLN1
GO:0051893,VCL
GO:0051896,ABI3
GO:0051896,CYFIP1
GO:0051896,WASF2
GO:0032012,DAG1
GO:0042461,DAG1
GO:0032012,IQSEC1
GO:0042461,IQSEC1
GO:0008543,ITGAV
GO:0061880,MAPK8IP1
GO:0061880,MAPK8IP2
GO:1901385,CACNA1B
GO:1901385,CACNA2D1
GO:1901385,CACNB1
GO:1901385,SIGMAR1
GO:0002221,CASP1
GO:0005739,CASP1
GO:0032688,CASP1
GO:0045088,CASP1
GO:0050727,CASP1
GO:1900226,CASP1
GO:0002221,NLRP3
GO:0005739,NLRP3
GO:0032688,NLRP3
GO:0045088,NLRP3
GO:0050727,NLRP3
GO:1900226,NLRP3
GO:0002221,PYCARD
GO:0005739,PYCARD
GO:0032688,PYCARD
GO:0045088,PYCARD
GO:0050727,PYCARD
GO:1900226,PYCARD
GO:0002221,TXNIP
GO:0005739,TXNIP
GO:0032688,TXNIP
GO:0045088,TXNIP
GO:0050727,TXNIP
GO:1900226,TXNIP
GO:0032368,ADIPOQ
GO:0032368,COLGALT1
GO:0032368,PLOD3
GO:0030334,EGFR
GO:0030334,ST3GAL6
GO:0001514,SEPHS1
GO:0016259,SEPHS1
GO:0001514,SEPHS2
GO:0016259,SEPHS2
GO:0001514,SEPSECS
GO:0016259,SEPSECS
GO:0001514,TRNAU1AP
GO:0016259,TRNAU1AP
GO:0030199,FKBP10
GO:0030199,PLOD2
GO:0043278,AQP4
GO:0043278,SLC1A2
GO:0007283,CAPZA3
GO:0007283,CAPZB
GO:0010817,CACNA1D
GO:0010817,KCNN4
GO:0004115,DISC1
GO:0004115,HTT
GO:0004115,PDE4B
GO:0043666,GRIN3A
GO:0048167,GRIN3A
GO:0043666,PPP2CA
GO:0048167,PPP2CA
GO:0043666,PPP2R1A
GO:0048167,PPP2R1A
GO:0043666,PPP2R2A
GO:0048167,PPP2R2A
GO:0005634,BMAL1
GO:0007623,BMAL1
GO:0070888,BMAL1
GO:0005634,CLOCK
GO:0007623,CLOCK
GO:0070888,CLOCK
GO:0005634,CRY1
GO:0007623,CRY1
GO:0070888,CRY1
GO:1990513,CRY1
GO:0045088,GRB2
GO:0045088,PLD2
GO:0045088,WAS
GO:0005634,CRY2
GO:0007623,CRY2
GO:0070888,CRY2
GO:1990513,CRY2
GO:0005634,PER2
GO:0007623,PER2
GO:0007229,FERMT3
GO:0034687,FERMT3
GO:0097110,FERMT3
GO:0007229,RACK1
GO:0034687,RACK1
GO:0097110,RACK1
GO:0005080,ITGB1
GO:2001044,ITGB1
GO:0005080,RACK1
GO:2001044,RACK1
GO:0005080,ITGB2
GO:2001044,ITGB2
NA,GNAI1
NA,GNB1
NA,GNGT1
NA,GNB2
NA,GNB3
NA,GNB4
NA,GNB5
NA,GNG2
NA,GNG3
GO:0007160,IGF1
GO:0007160,IGF1R
GO:0048009,ITGA6
GO:0048009,ITGB4
GO:0000956,DCP1A
GO:0071385,DCP1A
GO:0090025,DCP1A
GO:0000956,NR3C1
GO:0090025,NR3C1
GO:0000956,PNRC2
GO:0071385,PNRC2
GO:0090025,PNRC2
GO:0000956,UPF1
GO:0071385,UPF1
GO:0090025,UPF1
NA,GNG4
NA,GNG5
GO:0008283,BLVRA
GO:0070372,BLVRA
GO:0008283,MAPK1
GO:0070372,MAPK1
GO:0008283,PRKCD
GO:0070372,PRKCD
GO:0007186,PDZK1
GO:0031882,PDZK1
GO:0038170,PDZK1
GO:0031882,PLCB3
GO:0038170,PLCB3
GO:0007186,SSTR5
GO:0031882,SSTR5
GO:0038170,SSTR5
GO:0031878,PDZK1
GO:0031878,PLCB3
GO:0007186,SSTR1
GO:0031878,SSTR1
GO:0038170,SSTR1
GO:0031879,PDZK1
GO:0031879,PLCB3
GO:0007186,SSTR2
GO:0031879,SSTR2
GO:0038170,SSTR2
GO:0031880,PDZK1
GO:0031880,PLCB3
GO:0007186,SSTR3
GO:0031880,SSTR3
GO:0038170,SSTR3
GO:0031881,PDZK1
GO:0031881,PLCB3
GO:0007186,SSTR4
GO:0031881,SSTR4
GO:0038170,SSTR4
GO:0042509,IFNAR1
GO:0042509,IFNAR2
GO:0019221,IFNW1
GO:0042509,IFNW1
GO:0045087,IFNW1
GO:0051607,IFNW1
GO:0060337,IFNW1
GO:0005125,IFNA2
GO:0005126,IFNA2
GO:0005132,IFNA2
GO:0005125,IFNAR2
GO:0005126,IFNAR2
GO:0005132,IFNAR2
GO:0019221,IFNA2
GO:0035455,IFNA2
GO:0042509,IFNA2
GO:0045087,IFNA2
GO:0046425,IFNA2
GO:0051607,IFNA2
GO:0060337,IFNA2
GO:0035455,IFNAR1
GO:0035455,IFNAR2
GO:0002221,TLR1
GO:0002224,TLR1
GO:0038123,TLR1
GO:0042742,TLR1
GO:0045087,TLR1
GO:0051092,TLR1
GO:0070339,TLR1
GO:0071723,TLR1
GO:0002221,TLR2
GO:0002224,TLR2
GO:0038123,TLR2
GO:0042742,TLR2
GO:0045087,TLR2
GO:0051092,TLR2
GO:0070339,TLR2
GO:0071723,TLR2
GO:0003714,PIAS1
GO:0032183,PIAS1
GO:0061665,PIAS1
GO:0003714,SUMO1
GO:0032183,SUMO1
GO:0061665,SUMO1
GO:0003714,UBE2I
GO:0032183,UBE2I
GO:0061665,UBE2I
GO:0000209,OTUB1
GO:0004842,OTUB1
GO:0006282,OTUB1
GO:0006302,OTUB1
GO:0016567,OTUB1
GO:0016579,OTUB1
GO:0031625,OTUB1
GO:0000209,UBE2N
GO:0004842,UBE2N
GO:0006282,UBE2N
GO:0006302,UBE2N
GO:0016579,UBE2N
GO:0031625,UBE2N
GO:0000209,UBE2V2
GO:0004842,UBE2V2
GO:0006282,UBE2V2
GO:0006302,UBE2V2
GO:0016579,UBE2V2
GO:0031625,UBE2V2
GO:0000139,GOLGA2
GO:0044770,GOLGA2
GO:0048278,GOLGA2
GO:0090168,GOLGA2
GO:0000139,GORASP1
GO:0044770,GORASP1
GO:0048278,GORASP1
GO:0090168,GORASP1
GO:0000139,USO1
GO:0044770,USO1
GO:0048278,USO1
GO:0090168,USO1
GO:0032964,CTNNA1
GO:0060828,CTNNA1
GO:1904864,CTNNA1
GO:0032964,CTNNB1
GO:1904864,CTNNB1
GO:0032964,GLI3
GO:0060828,GLI3
GO:1904864,GLI3
GO:0000139,BLZF1
GO:0016192,BLZF1
GO:0060627,BLZF1
GO:0090168,BLZF1
GO:0000139,GORASP2
GO:0016192,GORASP2
GO:0060627,GORASP2
GO:0090168,GORASP2
GO:0000139,RAB2A
GO:0016192,RAB2A
GO:0060627,RAB2A
GO:0090168,RAB2A
GO:0004658,PCCA
GO:0005739,PCCA
GO:0009374,PCCA
GO:0004658,PCCB
GO:0005739,PCCB
GO:0009374,PCCB
GO:0003924,HEG1
GO:0005886,HEG1
GO:0003924,KRIT1
GO:0003924,RAP1B
GO:0005886,RAP1B
GO:0006970,NFAT5
GO:0006970,WWTR1
GO:0000139,C9ORF72
GO:0006914,C9ORF72
GO:0000139,SMCR8
GO:0006914,SMCR8
GO:0000139,WDR41
GO:0006914,WDR41
GO:0000139,ATG101
GO:0000139,ATG13
GO:0000139,RB1CC1
GO:0000139,ULK1
NA,GNG7
NA,GNG8
NA,GNG10
NA,GNG11
NA,GNG12
NA,GNG13
NA,GNAS
GO:0003713,ASAH1
GO:0004879,ASAH1
GO:0003713,NR5A1
GO:0004879,NR5A1
GO:0003713,PSAP
GO:0004879,PSAP
GO:0003341,DNAAF2
GO:0060271,DNAAF2
GO:0003341,DNAAF5
GO:0060271,DNAAF5
GO:0003341,SPAG1
GO:0060271,SPAG1
GO:0006338,AURKB
GO:0035173,AURKB
GO:0006338,VRK1
GO:0035173,VRK1
GO:0001010,SOX2
GO:0008283,SOX2
GO:0001010,VRK1
GO:0008283,VRK1
GO:0006974,VRK1
NA,NBN
NA,RNF8
NA,VRK1
NA,PRRX1
NA,UCHL1
NA,PRRX2
GO:0005159,IGF2R
GO:0030377,IGF2R
GO:0031639,IGF2R
GO:0036364,IGF2R
GO:0005159,PLAUR
GO:0030377,PLAUR
GO:0031639,PLAUR
GO:0036364,PLAUR
GO:0005159,PLG
GO:0030377,PLG
GO:0031639,PLG
GO:0036364,PLG
GO:0005159,PLAU
GO:0030377,PLAU
GO:0031639,PLAU
GO:0036364,PLAU
GO:0005159,TGFB1
GO:0030377,TGFB1
GO:0031639,TGFB1
GO:0036364,TGFB1
GO:0006402,NUFIP2
GO:0031295,NUFIP2
GO:0006402,RC3H1
GO:0031295,RC3H1
GO:0016579,ABRAXAS2
GO:0016579,SHMT1
GO:0035457,ABRAXAS2
GO:0016579,SHMT2
GO:0035457,SHMT2
GO:0005978,GYG1
GO:0005978,GYS1
GO:0016477,GRB7
GO:0023052,GRB7
GO:0070851,GRB7
GO:0023052,PTK2
GO:0070851,PTK2
GO:0006950,ELAVL1
GO:0034063,ELAVL1
GO:0035617,ELAVL1
GO:0006950,GRB7
GO:0034063,GRB7
GO:0035617,GRB7
GO:0006950,TIA1
GO:0034063,TIA1
GO:0035617,TIA1
GO:0007420,DMBX1
GO:0045892,DMBX1
GO:0007420,OTX2
GO:0045892,OTX2
GO:0001405,GRPEL1
GO:0005739,GRPEL1
GO:0006626,GRPEL1
GO:0006839,GRPEL1
GO:0030150,GRPEL1
GO:0031072,GRPEL1
GO:0001405,GRPEL2
GO:0005739,GRPEL2
GO:0006626,GRPEL2
GO:0006839,GRPEL2
GO:0030150,GRPEL2
GO:0031072,GRPEL2
GO:0001405,HSPA9
GO:0006626,HSPA9
GO:0006839,HSPA9
GO:0030150,HSPA9
GO:0031072,HSPA9
GO:0001405,TIMM44
GO:0030150,TIMM44
GO:0031072,TIMM44
GO:0060828,GSK3B
GO:0006468,GSKIP
GO:0016055,GSKIP
GO:0060828,GSKIP
GO:0016055,PRKAR2A
GO:0060828,PRKAR2A
GO:0006468,PRKAR2B
GO:0006468,DNM1L
GO:0006979,DNM1L
GO:0070125,DNM1L
GO:0006979,GSK3B
GO:0070125,GSK3B
GO:0006979,GSKIP
GO:0070125,GSKIP
GO:0006979,PRKAR2A
GO:0070125,PRKAR2A
GO:0005768,CCDC22
GO:0005768,CCDC93
GO:0005768,VPS35L
GO:0005768,WASHC1
GO:0005768,WASHC2C
GO:0022008,HRAS
GO:0022008,RGS14
GO:0022008,BRAF
GO:0022008,MAPK3
GO:0005783,SEC23A
GO:0048208,SEC23A
GO:0097020,SEC23A
GO:0005783,SEC24B
GO:0048208,SEC24B
GO:0097020,SEC24B
GO:0006629,SCAP
GO:0048208,SCAP
GO:0051169,SCAP
GO:0097020,SCAP
GO:0006629,SEC23A
GO:0051169,SEC23A
GO:0006629,SEC24B
GO:0051169,SEC24B
GO:0005783,SREBF1
GO:0006629,SREBF1
GO:0048208,SREBF1
GO:0051169,SREBF1
GO:0097020,SREBF1
GO:0005783,PREB
GO:0048208,PREB
GO:0097020,PREB
GO:0005783,SAR1B
GO:0048208,SAR1B
GO:0097020,SAR1B
GO:0005783,SEC23IP
GO:0048208,SEC23IP
GO:0097020,SEC23IP
GO:0006417,TSC1
GO:0042325,TSC1
GO:0006417,TSC2
GO:0042325,TSC2
GO:0030111,DVL1
GO:0033596,DVL1
GO:1904666,MDM2
GO:1904666,TP53
NA,MDM2
GO:0008030,NPTX1
GO:0008030,NPTXR
GO:0008030,NPTX2
GO:0004357,GCLC
GO:0004357,GCLM
GO:0004485,MCCC1
GO:0005739,MCCC1
GO:0009374,MCCC1
GO:0004485,MCCC2
GO:0005739,MCCC2
GO:0009374,MCCC2
GO:0004478,MAT2A
GO:0006556,MAT2A
GO:0048269,MAT2A
GO:0004478,MAT2B
GO:0006556,MAT2B
GO:0048269,MAT2B
GO:0000288,TNKS1BP1
GO:0000289,TNKS1BP1
GO:0003723,TNKS1BP1
GO:0006355,TNKS1BP1
GO:0030014,TNKS1BP1
GO:0043928,TNKS1BP1
GO:0004478,MAT1A
GO:0006556,MAT1A
GO:0048269,MAT1A
GO:0019079,CNOT1
GO:0019079,CNOT10
GO:0019079,CNOT11
GO:0019079,CNOT2
GO:0019079,CNOT3
GO:0000288,CNOT6L
GO:0000289,CNOT6L
GO:0003723,CNOT6L
GO:0006355,CNOT6L
GO:0019079,CNOT6L
GO:0030014,CNOT6L
GO:0043928,CNOT6L
GO:0019079,CNOT7
GO:0019079,CNOT9
GO:0019079,TNKS1BP1
GO:0000288,CNOT8
GO:0000289,CNOT8
GO:0003723,CNOT8
GO:0006355,CNOT8
GO:0030014,CNOT8
GO:0043928,CNOT8
GO:0019079,CNOT8
GO:0006355,DTNBP1
GO:0006355,PRKDC
GO:0005783,SELENOK
GO:0006955,SELENOK
GO:0018345,SELENOK
GO:0005783,ZDHHC6
GO:0006955,ZDHHC6
GO:0018345,ZDHHC6
GO:0043995,KAT8
GO:0046972,KAT8
GO:0043995,MSL1
GO:0046972,MSL1
GO:0043995,MSL2
GO:0046972,MSL2
GO:0043995,MSL3
GO:0046972,MSL3
GO:0043995,HCFC1
GO:0046972,HCFC1
GO:0043995,KANSL1
GO:0046972,KANSL1
GO:0043995,KANSL2
GO:0046972,KANSL2
GO:0043995,KANSL3
GO:0046972,KANSL3
GO:0043995,MCRS1
GO:0046972,MCRS1
GO:0043995,OGT
GO:0046972,OGT
GO:0043995,PHF20
GO:0046972,PHF20
GO:0043995,WDR5
GO:0046972,WDR5
GO:0004386,ERCC2
GO:0016226,ERCC2
GO:0004386,MMS19
GO:0030163,CIAO2B
GO:0030163,MMS19
GO:0001558,HCFC1
GO:0003677,HCFC1
GO:0001558,THAP11
GO:0003677,THAP11
GO:0005634,THAP11
GO:0030334,CHD4
GO:0030334,HDAC2
GO:0030334,MTA2
GO:0030334,RBBP7
GO:0030334,TWIST1
GO:0051090,TWIST1
GO:0003713,ATXN1
GO:0003713,RORA
GO:0003713,YAP1
GO:0032868,INSR
GO:0008286,IQGAP1
GO:0032868,IQGAP1
GO:0042593,IQGAP1
GO:0032868,IRS1
GO:0015844,DDC
GO:0042053,DDC
GO:0015844,SLC18A2
GO:0042053,SLC18A2
GO:0015844,TH
GO:0042053,TH
GO:0015844,SLC18A1
GO:0005634,CREB3L3
GO:0006355,CREB3L3
GO:0055088,CREB3L3
GO:1901983,CREB3L3
GO:0006355,PPARA
GO:0055088,PPARA
GO:1901983,PPARA
GO:0055088,SIRT1
GO:1901983,SIRT1
NA,KIF15
NA,MYH10
GO:0010827,CD2AP
GO:0010827,NPHS1
GO:0010827,SEPTIN7
NA,DLC1
NA,MYO5A
NA,DYNLL2
GO:0007186,DISC1
GO:0007212,DISC1
GO:0007186,DRD2
GO:0007212,DRD2
NA,ATXN1
NA,CIC
NA,DYNC1I1
NA,SNCA
GO:0006355,CEBPA
GO:0006355,NFYA
GO:0004972,CHRNA7
GO:0007271,CHRNA7
GO:0035249,CHRNA7
GO:0007271,GRIN1
GO:0035249,GRIN1
GO:0004972,GRIN2A
GO:0007271,GRIN2A
GO:0035249,GRIN2A
NA,TUBB3
GO:0007601,RPGRIP1
GO:0032391,RPGRIP1
GO:0051223,RPGRIP1
GO:0097730,RPGRIP1
GO:1903546,RPGRIP1
GO:1903621,RPGRIP1
GO:0007601,SPATA7
GO:0032391,SPATA7
GO:0051223,SPATA7
GO:0097730,SPATA7
GO:1903546,SPATA7
GO:1903621,SPATA7
GO:0043405,AURKA
GO:0043405,HRAS
GO:0043405,RAF1
GO:0071900,APBA1
GO:0071900,CASK
GO:0071900,NRXN1
GO:0071900,PPFIA1
GO:0060260,HDAC1
GO:0060260,INO80
GO:0060260,KDM1A
GO:0060260,PHB2
GO:0060260,RBP1
GO:0060260,TAF5
GO:0015935,ABCB1
GO:0043008,ABCB1
GO:1990782,ABCB1
GO:0015935,ANXA2
GO:0043008,ANXA2
GO:1990782,ANXA2
GO:0015935,RACK1
GO:0043008,RACK1
GO:1990782,RACK1
GO:0015935,SRC
GO:0043008,SRC
GO:0032870,MDM2
GO:0005634,MDM4
GO:0006355,MDM4
GO:0032870,MDM4
GO:0016049,IGBP1
GO:2000224,IGBP1
GO:0016049,MID1
GO:2000224,MID1
GO:0016049,PPP2CA
GO:2000224,PPP2CA
GO:0000278,BRD1
GO:0006915,BRD1
GO:0051726,BRD1
GO:0000278,BRPF3
GO:0006915,BRPF3
GO:0051726,BRPF3
GO:0006915,JADE2
GO:0006915,JADE3
GO:0001932,ABCB1
GO:0001932,PPP2R3C
GO:0001932,TFPI2
GO:0004860,ABL1
GO:0004860,ABL2
GO:0004860,CRK
GO:0004860,UNC119
GO:0004459,LDHA
GO:0019752,LDHA
GO:0004459,LDHB
GO:0019752,LDHB
GO:0006355,THAP11
GO:0003677,ZNF143
GO:0006355,ZNF143
GO:0030218,ANKRD54
GO:0038162,ANKRD54
GO:0030218,HCLS1
GO:0038162,HCLS1
GO:0030218,LYN
GO:0038162,LYN
GO:0005739,HADHA
GO:0006635,HADHA
GO:0005739,HADHB
GO:0006635,HADHB
GO:0005524,ABCG5
GO:0015918,ABCG5
GO:0005524,ABCG8
GO:0015918,ABCG8
GO:0036035,CLEC5A
GO:0036035,HCST
GO:0036035,TYROBP
GO:0005886,AQP4
GO:0009992,AQP4
GO:0009992,ATP1B1
GO:0005886,KCNJ10
GO:0009992,KCNJ10
GO:0005886,MLC1
GO:0009992,MLC1
GO:0005886,SNTG1
GO:0009992,SNTG1
GO:0005886,TRPV4
GO:0009992,TRPV4
GO:0006954,AKT1
GO:0008283,AKT1
GO:0043491,AKT1
GO:0006954,NQO2
GO:0008283,NQO2
GO:0043491,NQO2
GO:0005634,DLD
GO:0005634,DLST
GO:0005634,OGDH
GO:0005886,HEPACAM
GO:0009992,HEPACAM
GO:0005737,CLTC
GO:0055085,CLTC
GO:0005737,HERC1
GO:0055085,HERC1
GO:0055085,HSPA1A
NA,DAG1
NA,DTNA
NA,DTNB
NA,NOS1
GO:0009299,BMAL1
GO:0009299,NPAS2
GO:0009299,CLOCK
GO:0003677,BMAL1
GO:0003677,HIF1A
GO:0003677,EPAS1
GO:0005783,BCL2
GO:0006914,BCL2
GO:0005783,CISD2
GO:0006914,CISD2
GO:0016607,DAG1
GO:0030182,DAG1
GO:0016607,DMD
GO:0030182,DMD
GO:0016607,DTNA
GO:0030182,DTNA
GO:0016607,DTNB
GO:0030182,DTNB
GO:0016607,NOS1
GO:0030182,NOS1
GO:0016607,SNTA1
GO:0030182,SNTA1
GO:0004180,CPN1
GO:0010815,CPN1
GO:0004180,CPN2
GO:0010815,CPN2
GO:1904863,CTNNB1
GO:1904863,GSK3B
GO:0005737,PHF19
GO:1904863,PHF19
GO:0031396,BTRC
GO:0031396,CTNNB1
GO:0031396,PHF19
NA,BIN1
NA,DNM1
NA,EHBP1
GO:0051223,BIN1
GO:0051223,EHBP1
GO:0051223,RAB8A
GO:0032201,FEN1
GO:0032201,WRN
GO:0035094,ETS1
GO:0006355,PRRX1
GO:0035094,PRRX1
GO:0001932,GSK3B
GO:0001932,HSP90AA1
GO:0001932,PKM
GO:0045088,HEXIM1
GO:0045088,MATR3
GO:0045088,NONO
GO:0045088,PRKDC
GO:0005634,PSPC1
GO:0045088,PSPC1
GO:0005634,RBM14
GO:0045088,RBM14
GO:0045088,SFPQ
GO:0045088,XRCC5
GO:0045088,XRCC6
GO:0005769,DTX3L
GO:0016197,DTX3L
GO:0016567,DTX3L
GO:0005769,ITCH
GO:0016197,ITCH
GO:0016567,ITCH
GO:0005769,HGS
GO:0008333,HGS
GO:0070371,HGS
GO:0005769,LITAF
GO:0008333,LITAF
GO:0070371,LITAF
GO:0005769,STAM
GO:0008333,STAM
GO:0070371,STAM
GO:0060828,ANGPTL4
GO:0060828,LRP6
GO:0060828,SDC1
GO:0060828,SDC2
GO:0060828,SDC4
GO:0003743,EIF2B2
GO:0006446,EIF2B2
GO:0003743,EIF2B3
GO:0006446,EIF2B3
GO:0003743,EIF2B4
GO:0006446,EIF2B4
GO:0003743,EIF2B5
GO:0006446,EIF2B5
GO:0003743,EIF2B1
GO:0006446,EIF2B1
GO:0001228,IRF4
GO:0001228,SPI1
GO:0003713,JUND
GO:0003713,TAP1
GO:0006282,ERCC1
GO:0006282,RPA1
GO:0006282,XPA
GO:0006417,EIF3B
GO:0006417,RGP1
GO:0046902,ACTB
GO:0046902,ANP32A
GO:0008283,C1QBP
GO:0043066,C1QBP
GO:0046902,C1QBP
GO:0008283,PSMA1
GO:0043066,PSMA1
GO:0046902,PSMA1
GO:0046902,PTMA
GO:0008283,SLC25A3
GO:0043066,SLC25A3
GO:0046902,SLC25A3
GO:0046902,ANP32B
GO:0008283,PSMA3
GO:0043066,PSMA3
GO:0046902,PSMA3
GO:0008283,SLC25A5
GO:0043066,SLC25A5
GO:0046902,SLC25A5
GO:0043297,PARD3B
GO:0043297,PARD6A
GO:0043297,PRKCI
GO:0042054,HIC1
GO:0045892,HIC1
GO:0042054,PHF19
GO:0045892,PHF19
GO:0004129,COX4I1
GO:0004129,COX5A
GO:0004129,COX5B
GO:0004129,COX6A1
GO:0004129,COX6B1
GO:0004129,COX6C
GO:0004129,COX7A2
GO:0004129,COX7B
GO:0004129,COX7C
GO:0004129,COX8A
GO:0004129,HIGD1A
GO:0005743,HIGD1A
GO:0022904,HIGD1A
GO:0004129,MT-CO1
GO:0004129,MT-CO2
GO:0004129,MT-CO3
GO:0004129,NDUFA4
GO:0004129,PET100
GO:0005743,PET100
GO:0022904,PET100
GO:0004129,PET117
GO:0005743,PET117
GO:0022904,PET117
GO:0004129,PNKD
GO:0005743,PNKD
GO:0022904,PNKD
GO:0050773,ARHGAP32
GO:0050773,GPHN
GO:0050773,NLGN2
GO:0004962,EDN1
GO:0007186,EDN1
GO:0086100,EDN1
GO:0004962,EDNRA
GO:0007186,EDNRA
GO:0086100,EDNRA
GO:0007623,BMAL1
GO:0007623,CLOCK
GO:0007623,CRY1
GO:0009299,CTNNB1
GO:0070341,CTNNB1
GO:0009299,ESR1
GO:0070341,ESR1
GO:0005783,ESYT1
GO:0005783,ESYT2
GO:0005783,ESYT3
GO:0001764,AP1G1
GO:0001764,AP2A2
GO:0001764,DCX
GO:0001228,NFKB1
GO:0001228,STAT3
GO:0001228,RELA
GO:0060300,RELA
GO:0060300,STAT3
GO:0001558,CTNNB1
GO:2001023,CTNNB1
GO:0001558,DDX5
GO:2001023,DDX5
GO:0001558,HDGF
GO:2001023,HDGF
GO:0038094,CLEC4E
GO:0050776,CLEC4E
GO:0038094,FCER1G
GO:0050776,FCER1G
GO:0050776,MS4A2
GO:0043296,ECT2
GO:0043296,PARD3
GO:0043296,PARD6A
GO:0043296,PRKCZ
GO:2000810,FNBP1L
GO:2000810,TJP1
GO:0042981,HINT1
GO:0045893,HINT1
GO:0042981,KAT5
GO:0045893,KAT5
NA,CDC34
NA,HINT1
NA,RBX1
GO:0045892,HINT1
GO:0046328,DAB2IP
GO:0046328,HIPK1
GO:0046328,MAP3K5
GO:1900024,CADM1
GO:1900024,DLG1
GO:1900024,MPP3
GO:1900024,PIK3R1
GO:0036060,CD2AP
GO:0036060,CGN
GO:0036060,F11R
GO:0036060,KIRREL1
GO:0036060,NPHS1
GO:0036060,NPHS2
GO:0036060,OCLN
GO:0036060,TJP1
NA,RAC1
NA,RHOA
NA,VANGL2
GO:0005814,DNAAF11
GO:0006355,DNAAF11
GO:0060271,DNAAF11
GO:0070286,DNAAF11
GO:1905503,DNAAF11
GO:0005814,ZMYND10
GO:0006355,ZMYND10
GO:0060271,ZMYND10
GO:0070286,ZMYND10
GO:1905503,ZMYND10
GO:0016197,MICALL1
GO:0016197,RAB13
GO:0051823,ADGRV1
GO:0051823,CDH23
GO:0051823,PCDH15
NA,ADGRV1
NA,CDH23
NA,CLRN1
GO:0010975,FRMD7
GO:1905214,HNRNPD
GO:1905214,ZFP36
NA,HNRNPD
NA,ZFP36L1
NA,ZFP36L3
NA,ZFP36L2
NA,CTNNAL1
NA,DTNA
GO:0006695,DHCR24
GO:0060556,DHCR24
GO:0006695,DHCR7
GO:0060556,DHCR7
GO:0051966,DISC1
GO:0051966,KALRN
GO:0051966,RAC1
NA,NLGN1
NA,NRXN1
GO:0051646,DISC1
GO:0051646,TRAK1
GO:0051646,RHOT1
GO:0007283,PAFAH1B1
GO:0007420,PAFAH1B1
GO:0016042,PAFAH1B1
GO:0047179,PAFAH1B1
GO:0007283,PAFAH1B2
GO:0007420,PAFAH1B2
GO:0016042,PAFAH1B2
GO:0047179,PAFAH1B2
GO:0007283,PAFAH1B3
GO:0007420,PAFAH1B3
GO:0016042,PAFAH1B3
GO:0047179,PAFAH1B3
GO:0003872,PFKL
GO:0006002,PFKL
GO:0030388,PFKL
GO:0061621,PFKL
GO:0003872,PFKM
GO:0006002,PFKM
GO:0030388,PFKM
GO:0061621,PFKM
GO:0003872,PFKP
GO:0006002,PFKP
GO:0030388,PFKP
GO:0061621,PFKP
NA,MTREX
NA,RBM7
NA,ZCCHC8
GO:0034976,DAB2IP
GO:0034976,ERN1
GO:0034976,TRAF2
GO:0008283,ERBB2
GO:0043408,ERBB2
GO:0070372,ERBB2
GO:0008283,GDF15
GO:0043408,GDF15
GO:0070372,GDF15
GO:2001032,LIG3
GO:2001032,PARP1
GO:0006631,SCAP
GO:0016125,SCAP
GO:0006631,SREBF1
GO:0016125,SREBF1
GO:0045893,ASXL1
GO:0140938,ASXL1
GO:0045893,OGT
GO:0031638,SCAP
GO:0006631,SREBF2
GO:0016125,SREBF2
GO:0031638,SREBF2
NA,IL15
NA,MFGE8
NA,G3BP2
NA,TRIM25
GO:0010039,NDFIP1
GO:0016567,NDFIP1
GO:0030001,NDFIP1
GO:0032025,NDFIP1
GO:0010039,NEDD4L
GO:0016567,NEDD4L
GO:0030001,NEDD4L
GO:0032025,NEDD4L
GO:0010039,SLC11A2
GO:0016567,SLC11A2
GO:0030001,SLC11A2
GO:0032025,SLC11A2
GO:0006897,TF
GO:0008199,TF
GO:0034755,TF
GO:0006897,TFRC
GO:0008199,TFRC
GO:0034755,TFRC
GO:0010692,KDM1A
GO:0070170,KDM1A
GO:0010692,PLOD2
GO:0070170,PLOD2
NA,ARAF
NA,PIK3R1
GO:0051769,IRF1
GO:0051769,IRF8
GO:0045664,EYA1
GO:0072006,EYA1
GO:0045664,SIX1
GO:0072006,SIX1
GO:0045664,SIX2
GO:0072006,SIX2
GO:0045199,LIN7B
GO:0045199,PALS1
GO:0045199,PATJ
GO:0033043,KATNA1
GO:0033043,KATNAL1
GO:0033043,KATNB1
GO:0033043,KATNBL1
NA,ASH2L
NA,KDM6B
NA,WDR5
GO:0031463,CUL3
GO:0031463,KEAP1
GO:0043161,KEAP1
GO:0031463,RBX1
GO:0001555,KHDC3
GO:0010070,KHDC3
GO:0001555,NLRP5
GO:0010070,NLRP5
GO:0001555,OOEP
GO:0010070,OOEP
GO:0001555,TLE6
GO:0010070,TLE6
NA,CUL3
NA,KCTD11
NA,KCTD6
GO:0045892,BRD7
GO:0045892,PHF10
NA,BRD7
NA,PRMT7
NA,SMARCA2
NA,SMARCA4
NA,SUZ12
NA,SMARCD1
NA,WDR77
NA,EZH2
NA,PAG1
NA,PHF10
NA,PRMT5
NA,SMARCE1
NA,KDM8
NA,RCCD1
GO:0009790,KHDC3L
GO:0009790,NLRP5
GO:0009790,OOEP
GO:0009790,TLE6
GO:0051252,FYN
GO:0051252,KHDRBS1
GO:0051252,PLCG1
NA,ILF2
NA,ILF3
NA,KHDRBS1
NA,NCOA5
NA,PPP1CA
NA,RBMX
NA,YLPM1
GO:0070054,HNRNPH1
GO:0005634,KHSRP
GO:0070054,KHSRP
GO:0070054,PTBP1
GO:0070054,PTBP2
GO:0006334,CABIN1
GO:0006334,HIRA
GO:0006334,PHB1
GO:0006334,UBN1
GO:2000772,CABIN1
GO:2000772,HIRA
GO:0006334,OGT
GO:2000772,OGT
GO:2000772,UBN1
GO:0051607,DTX3L
GO:0016567,PARP9
GO:0051607,PARP9
GO:0006355,DTX3L
GO:0006355,PARP9
GO:0016567,STAT1
GO:0051607,STAT1
GO:0070977,HIVEP3
GO:0070977,RUNX2
GO:0070977,WWP1
GO:0005634,CENPA
GO:0051276,CENPA
GO:0005634,CENPB
GO:0051276,CENPB
GO:0005634,CENPC
GO:0051276,CENPC
GO:0005634,CENPH
GO:0051276,CENPH
GO:0005634,CENPI
GO:0051276,CENPI
GO:0005634,CENPL
GO:0051276,CENPL
GO:0005634,CENPN
GO:0051276,CENPN
GO:0005634,CENPT
GO:0051276,CENPT
GO:0005634,H2AC1
GO:0051276,H2AC1
GO:0005634,HJURP
GO:0051276,HJURP
GO:0005249,KCNA1
GO:0005267,KCNA1
GO:0008076,KCNA1
GO:0034705,KCNA1
GO:0071805,KCNA1
GO:0005249,KCNA2
GO:0005267,KCNA2
GO:0008076,KCNA2
GO:0034705,KCNA2
GO:0071805,KCNA2
GO:0005249,KCNAB2
GO:0005267,KCNAB2
GO:0008076,KCNAB2
GO:0034705,KCNAB2
GO:0071805,KCNAB2
GO:0005249,KCNA1
GO:0005267,KCNA1
GO:0008076,KCNA1
GO:0034705,KCNA1
GO:0071805,KCNA1
GO:0005267,KCNA2
GO:0034705,KCNA2
GO:0034705,KCNAB2
GO:0005267,LGI1
GO:0008076,LGI1
GO:0034705,LGI1
GO:0071805,LGI1
GO:0005267,KCNA5
GO:0008076,KCNA5
GO:0034705,KCNA5
GO:0071805,KCNA5
GO:0005267,KCNAB1
GO:0008076,KCNAB1
GO:0034705,KCNAB1
GO:0071805,KCNAB1
GO:0007049,CENPH
GO:0006334,CENPI
GO:0007049,CENPI
GO:0007059,CENPI
GO:0006334,CENPK
GO:0007049,CENPK
GO:0051276,CENPK
GO:0006334,CENPL
GO:0007049,CENPL
GO:0007049,CENPM
GO:0051276,CENPM
GO:0007049,CENPN
GO:0006334,CENPO
GO:0007049,CENPO
GO:0051276,CENPO
GO:0006334,CENPP
GO:0007049,CENPP
GO:0051276,CENPP
GO:0006334,CENPQ
GO:0007049,CENPQ
GO:0051276,CENPQ
GO:0007049,CENPU
GO:0051276,CENPU
GO:0006334,ITGB3BP
GO:0007049,ITGB3BP
GO:0051276,ITGB3BP
GO:0035249,ADAM22
GO:0035249,LGI1
GO:0005249,KCNA4
GO:0005267,KCNA4
GO:0008076,KCNA4
GO:0034705,KCNA4
GO:0071805,KCNA4
GO:0005249,KCNA6
GO:0005267,KCNA6
GO:0008076,KCNA6
GO:0034705,KCNA6
GO:0071805,KCNA6
GO:0005249,KCNA3
GO:0005267,KCNA3
GO:0008076,KCNA3
GO:0034705,KCNA3
GO:0071805,KCNA3
GO:0005249,KCNA4
GO:0005267,KCNA4
GO:0008076,KCNA4
GO:0034705,KCNA4
GO:0071805,KCNA4
GO:0005249,KCNA6
GO:0005267,KCNA6
GO:0008076,KCNA6
GO:0034705,KCNA6
GO:0071805,KCNA6
GO:0008283,PKM
GO:0046890,PKM
GO:0008283,SREBF1
GO:0046890,SREBF1
GO:0035590,CHRNA4
GO:0095500,CHRNA4
GO:0035590,CHRNB2
GO:0095500,CHRNB2
GO:0035590,P2RX2
GO:0095500,P2RX2
GO:0003260,STING1
GO:0003260,TBK1
NA,APPL1
NA,HDAC3
NA,TDRD3
NA,TOP3B
NA,ARHGEF18
NA,ARRB1
NA,ENAH
GO:0005886,ADAM22
GO:0034705,ADAM22
GO:0005886,KCNA1
GO:0006355,CAPG
GO:0007049,CENPO
GO:0051382,CENPO
GO:0007049,CENPP
GO:0051382,CENPP
GO:0007049,CENPQ
GO:0051382,CENPQ
GO:0007049,CENPU
GO:0051382,CENPU
GO:0007049,ITGB3BP
GO:0051382,ITGB3BP
GO:0006325,CENPA
GO:0006334,CENPA
GO:0006334,H4C1
GO:0006325,HJURP
GO:0006334,HJURP
GO:2000311,CTTN
GO:0006355,HMGA1
GO:0006355,NFKB1
GO:2000035,GJB2
GO:2000035,NANOG
GO:2000035,PTK2
GO:1902822,CFTR
GO:1902822,GOPC
GO:1902822,STX6
GO:0033554,HK1
GO:0033554,VDAC1
GO:0004806,CLPS
GO:0016042,CLPS
GO:0004806,PNLIP
GO:0016042,PNLIP
GO:0007283,TP53
GO:0007283,TSPY1
GO:0007283,USP7
GO:0042981,TSPY1
GO:0051726,TSPY1
GO:0042981,TSPYL5
GO:0051726,TSPYL5
GO:0042981,USP7
GO:0051726,USP7
GO:0000910,CEP55
GO:0000910,PPP1R13L
GO:0016311,PPP1CA
GO:0016311,PPP1R13L
NA,ISLR2
NA,ROCK1
GO:0032371,OSBP
GO:0032371,RAB11A
GO:0032371,RELCH
GO:0034705,GIT1
GO:0006355,ATF2
GO:0033554,ATF2
GO:0006355,HK1
GO:0006355,VDAC1
GO:0030678,HSD17B10
GO:0030678,PRORP
GO:0030678,TRMT10C
GO:0000049,HSD17B10
GO:0008033,HSD17B10
GO:0098798,HSD17B10
GO:0000049,TRMT10C
GO:0008033,TRMT10C
GO:0098798,TRMT10C
GO:0031929,FLCN
GO:0031929,FNIP2
GO:0034705,DLG1
GO:0005886,DLG2
GO:0034705,DLG2
GO:0034705,DLG4
GO:0005886,CNTN1
GO:0034705,CNTN1
GO:0031175,KIDINS220
GO:0031902,KIDINS220
GO:0031175,MAGI2
GO:0031902,MAGI2
GO:0031175,NTRK1
GO:0031902,NTRK1
GO:0031175,RAPGEF2
GO:0031902,RAPGEF2
NA,KIDINS220
NA,NGFR
NA,NTRK1
GO:0006352,KAT2B
GO:0006354,KAT2B
GO:0140950,KAT2B
GO:0004402,KIF11
GO:0006352,KIF11
GO:0006354,KIF11
GO:0140950,KIF11
GO:0004402,MYSM1
GO:0006352,MYSM1
GO:0006354,MYSM1
GO:0140950,MYSM1
GO:0000915,ECT2
GO:0051233,ECT2
GO:0000915,KIF23
GO:0051233,KIF23
GO:0000915,RACGAP1
GO:0051233,RACGAP1
GO:0000910,KIF23
GO:0001578,KIF23
GO:0000910,RACGAP1
GO:0001578,RACGAP1
GO:0010719,HOOK1
GO:0010719,PTPN11
GO:0060271,HOOK2
GO:0071539,HOOK2
GO:0071539,PCM1
GO:0060271,RAB8A
GO:0071539,RAB8A
GO:0004532,DIS3L
GO:0005737,DIS3L
GO:0006401,DIS3L
GO:0004532,EXOSC1
GO:0004532,EXOSC10
GO:0004532,EXOSC2
GO:0004532,EXOSC3
GO:0004532,EXOSC4
GO:0004532,EXOSC5
GO:0004532,EXOSC6
GO:0004532,EXOSC7
GO:0004532,EXOSC8
GO:0004532,EXOSC9
GO:0004532,MPHOSPH6
GO:0005737,MPHOSPH6
GO:0006401,MPHOSPH6
GO:0010631,HOOK2
GO:0051642,HOOK2
GO:0010631,PARD3
GO:0051642,PARD3
GO:0010631,PARD6A
GO:0051642,PARD6A
GO:0010631,PRKCI
GO:0051642,PRKCI
GO:0007286,HOOK2
GO:1905198,HOOK2
GO:0007286,KLC3
GO:1905198,KLC3
GO:0007286,LRGUK
GO:1905198,LRGUK
GO:0007286,RIMBP3
GO:1905198,RIMBP3
GO:0005794,HOOK3
GO:0034341,HOOK3
GO:0046907,HOOK3
GO:0005794,IIGP1
GO:0034341,IIGP1
GO:0046907,IIGP1
GO:0005249,KCNA3
GO:0005886,KCNA3
GO:0008076,KCNA3
GO:0034705,KCNA3
GO:0071805,KCNA3
GO:0005249,KCNA5
GO:0005249,KCNAB1
GO:0005886,KCNAB1
GO:0005249,KCNAB3
GO:0005886,KCNAB3
GO:0008076,KCNAB3
GO:0034705,KCNAB3
GO:0071805,KCNAB3
GO:0005886,STXBP1
GO:0034705,STXBP1
GO:0005886,STX1B
GO:0034705,STX1B
NA,CD6
NA,LCP2
NA,ZAP70
GO:0034705,SYT1
GO:0005227,CATSPER1
GO:0030317,CATSPER1
GO:0060296,CATSPER1
GO:0005227,CATSPER2
GO:0030317,CATSPER2
GO:0060296,CATSPER2
GO:0005227,CATSPER3
GO:0030317,CATSPER3
GO:0060296,CATSPER3
GO:0005227,CATSPER4
GO:0030317,CATSPER4
GO:0060296,CATSPER4
GO:0005227,CATSPERB
GO:0030317,CATSPERB
GO:0060296,CATSPERB
GO:0005227,CATSPERD
GO:0030317,CATSPERD
GO:0060296,CATSPERD
GO:0005227,CATSPERG2
GO:0030317,CATSPERG2
GO:0060296,CATSPERG2
GO:0003094,IGSF5
GO:0036057,IGSF5
GO:0003094,MAGI1
GO:0036057,MAGI1
GO:0003094,NPHS1
GO:0036057,NPHS1
GO:0007283,CATSPER1
GO:0097228,CATSPER1
GO:0007283,CATSPERE
GO:0030317,CATSPERE
GO:0097228,CATSPERE
GO:0007283,CATSPERZ
GO:0030317,CATSPERZ
GO:0097228,CATSPERZ
GO:0016934,GLRA1
GO:0016934,GLRB
GO:0016934,GLRA1
GO:0016934,GLRB
GO:0016934,GLRA2
GO:0004890,GABRA1
GO:1902476,GABRA1
GO:0004890,GABRB2
GO:1902476,GABRB2
GO:0004890,GABRD
GO:1902476,GABRD
GO:0004890,GABRA4
GO:0004890,GABRB3
GO:0004890,GABRD
GO:0005267,CNTNAP2
GO:0044224,CNTNAP2
GO:0044224,KCNAB2
GO:0044224,KCNA2
GO:0004890,GABRA1
GO:0004890,GABRA2
GO:0004890,GABRG2
GO:0004890,GABRA3
GO:0004890,GABRA5
GO:0004890,GABRB2
GO:0004890,GABRB1
GO:0004890,GABRG1
GO:0004890,GABRQ
GO:0006979,VDAC1
GO:0006979,WDR26
GO:0006888,MIA2
GO:0016192,MIA2
GO:0006888,MIA3
GO:0016192,MIA3
GO:0006888,PREB
GO:0016192,PREB
GO:0051988,DYNLL1
GO:0051988,KNSTRN
GO:0051988,PLK1
GO:0051988,SGO2
GO:0051988,SPAG5
NA,H1-3
NA,NCOR1
NA,NCOR2
GO:0006979,NOS1
GO:0006979,XDH
GO:0043462,TOR1A
GO:0043462,TOR1AIP1
GO:0016192,ARF1
GO:0051223,ARF1
GO:0016192,ARFIP2
GO:0051223,ARFIP2
GO:0016192,ARL1
GO:0051223,ARL1
GO:0016192,PKD2
GO:0051223,PKD2
NA,ABCA1
NA,APOA1
GO:0050501,HAS1
GO:0050501,HAS2
GO:0050501,HAS3
GO:0042325,DTNBP1
GO:0042325,HDAC3
GO:0003713,EGLN2
GO:0010468,EGLN2
GO:0071456,EGLN2
GO:1900037,EGLN2
GO:0003713,NFE2L1
GO:0010468,NFE2L1
GO:0071456,NFE2L1
GO:1900037,NFE2L1
GO:0003713,PPARGC1A
GO:0010468,PPARGC1A
GO:0071456,PPARGC1A
GO:1900037,PPARGC1A
GO:0045807,KDR
GO:0045807,VEGFA
NA,BCL2
NA,BECN1
GO:0060159,DRD2
GO:0007212,GNAI2
GO:0060159,GNAI2
GO:0004941,ADRB2
GO:0004941,GNAS
GO:0045602,FLT1
GO:0045602,VEGFA
NA,NRP1
NA,VEGFA
GO:0001525,VEGFB
GO:0038084,VEGFB
GO:0008039,NRP1
GO:0038084,NRP1
GO:0007420,VEGFA
GO:0008039,VEGFA
GO:0055024,HDAC2
GO:0006338,HOPX
GO:0045892,HOPX
GO:0055024,HOPX
GO:0005249,KCNB1
GO:0005267,KCNB1
GO:0008076,KCNB1
GO:0034705,KCNB1
GO:0071805,KCNB1
GO:0005267,KCNE1
GO:0034705,KCNE1
GO:0005249,KCNE2
GO:0005267,KCNE2
GO:0008076,KCNE2
GO:0034705,KCNE2
GO:0071805,KCNE2
GO:0005249,KCNH2
GO:0005267,KCNH2
GO:0008076,KCNH2
GO:0034705,KCNH2
GO:0071805,KCNH2
GO:0048870,CD44
GO:0070371,CD44
GO:0048870,HMMR
GO:0070371,HMMR
GO:0048870,MAPK1
GO:0048870,MAPK3
GO:0007601,GNB5
GO:0097470,GNB5
GO:0007186,GRM6
GO:0007601,GRM6
GO:0097470,GRM6
GO:0007186,RGS11
GO:0007601,RGS11
GO:0097470,RGS11
GO:0007186,RGS9
GO:0007601,RGS9
GO:0097470,RGS9
GO:0005249,KCNB1
GO:0005267,KCNB1
GO:0008076,KCNB1
GO:0034705,KCNB1
GO:0071805,KCNB1
GO:0005267,KCNE2
GO:0034705,KCNE2
GO:0005267,KCNE1
GO:0034705,KCNE1
NA,IL1RAP
NA,IL1RL1
NA,KIT
NA,MYD88
GO:0008063,IL1RAP
GO:0008063,IL1RL1
GO:0008063,KIT
GO:0005794,PAQR3
GO:0042632,PAQR3
GO:0005794,SCAP
GO:0005794,SREBF2
GO:0042632,SREBF2
GO:0031461,KLHL7
GO:0043161,KLHL7
GO:0031461,KLHL8
GO:0043161,KLHL8
GO:0005783,INSIG1
GO:0016125,INSIG1
GO:0005783,PAQR3
GO:0016125,PAQR3
GO:0030127,CUL3
GO:0051592,CUL3
GO:0030127,KLHL12
GO:0031461,KLHL12
GO:0043161,KLHL12
GO:0051592,KLHL12
GO:0030127,PDCD6
GO:0031461,PDCD6
GO:0043161,PDCD6
GO:0030127,PEF1
GO:0031461,PEF1
GO:0043161,PEF1
GO:1902410,CUL3
GO:0031461,KLHL13
GO:0043161,KLHL13
GO:1902410,KLHL13
GO:0031461,KLHL9
GO:0043161,KLHL9
GO:1902410,KLHL9
GO:1902410,RBX1
GO:1904093,CUL3
GO:0031461,KLHL20
GO:0043161,KLHL20
GO:1904093,KLHL20
GO:1904093,RBX1
GO:0031461,KLHL24
GO:0043161,KLHL24
GO:0006417,CUL3
GO:0006417,KLHL25
GO:0031461,KLHL25
GO:0043161,KLHL25
NA,EPM2A
GO:0008219,APP
GO:0008308,APP
GO:0045121,APP
GO:0001540,VDAC1
GO:0005739,VDAC1
GO:0008219,VDAC1
GO:0008308,VDAC1
GO:0045121,VDAC1
GO:0031461,CUL3
GO:0031461,ENC1
GO:0031461,RBX1
GO:0031461,GAN
GO:0031461,KLHL41
GO:1901990,CUL3
GO:0031461,KLHL42
GO:1901990,KLHL42
GO:0007165,CTNNB1
GO:0005634,EPCAM
GO:0006355,EPCAM
GO:0007165,EPCAM
GO:0007165,FHL2
GO:0005634,LEF1
GO:0006355,LEF1
GO:0007165,LEF1
GO:0006898,CD44
GO:0007155,CD44
GO:0045121,CD44
GO:0007155,LRP1
GO:0045121,LRP1
NA,CUBN
NA,LRP1
NA,PID1
NA,LRP1
NA,PDGFRB
NA,MMP2
NA,TIMP2
NA,APBB1
NA,APP
NA,LRP2
GO:0005634,KMT2E
GO:0006355,KMT2E
GO:0007049,KMT2E
GO:0030097,KMT2E
GO:0007049,OGT
GO:0030097,OGT
GO:0005634,USP7
GO:0006355,USP7
GO:0007049,USP7
GO:0030097,USP7
GO:0007093,KNTC1
GO:0007093,ZW10
GO:0007093,ZWILCH
GO:0007093,KNL1
GO:0007093,MIS12
GO:0007093,NDC80
GO:0007093,SPC24
GO:0007093,ZWINT
NA,DKK1
NA,KREMEN1
NA,LRP6
GO:0099078,BLOC1S1
GO:0099078,BLOC1S2
GO:0099078,BORCS5
GO:0099078,BORCS6
GO:0099078,BORCS7
GO:0099078,BORCS8
GO:0099078,KXD1
GO:0099078,SNAPIN
GO:0001867,MASP1
GO:0001867,MBL2
GO:0001867,MASP2
NA,MAPK6
NA,MAPKAPK5
NA,SEPTIN7
GO:0005249,CALM1
GO:0015267,CALM1
GO:0034705,CALM1
GO:0086008,CALM1
GO:0015267,KCNE1
GO:0015267,KCNQ1
GO:0034705,KCNQ1
GO:0086008,KCNQ1
GO:0010968,AKAP9
GO:0010968,CDK5RAP2
GO:0010968,MAPRE1
GO:0010968,MAPRE3
GO:0010968,PDE4DIP
GO:0010968,PRKACA
GO:0010968,PRKAR2A
GO:0010968,PRKAR2B
GO:0006355,MAML1
GO:0006355,NOTCH1
GO:0000723,LAGE3
GO:0006412,LAGE3
GO:0000723,OSGEP
GO:0006412,OSGEP
GO:0000723,TP53RK
GO:0006412,TP53RK
GO:0000723,TPRKB
GO:0006412,TPRKB
NA,CUL2
NA,ELOB
NA,ELOC
NA,LAGE3
NA,OSGEP
NA,PRAME
GO:0016055,DIAPH1
GO:0048041,DIAPH1
GO:0016055,DVL2
GO:0048041,DVL2
GO:0016055,IQGAP1
GO:0048041,IQGAP1
GO:0016055,LGR4
GO:0048041,LGR4
GO:0016055,MAP2K1
GO:0048041,MAP2K1
GO:0016055,MAP2K2
GO:0048041,MAP2K2
GO:0016055,PTK2
GO:0016055,PXN
GO:0016055,RSPO3
GO:0048041,RSPO3
GO:0016055,WASL
GO:0048041,WASL
GO:0005634,GON4L
GO:0006355,GON4L
GO:0006355,HDAC1
GO:0006355,SIN3A
GO:0006355,YY1
GO:0030010,GPSM2
GO:0030010,INSC
GO:0016055,MACF1
GO:0030036,WASF3
GO:0030036,RAC1
GO:0051607,LARP1
GO:0051607,PABPC1
GO:0051607,SHFL
GO:0016055,LGR5
GO:0016055,RNF43
GO:0016055,RSPO1
GO:0045892,CDK9
GO:0045892,HEXIM1
GO:0045892,LARP7
GO:0030073,SUMO1
GO:0042593,SUMO1
GO:0045920,SUMO1
GO:0046676,SUMO1
GO:0030073,SYT7
GO:0042593,SYT7
GO:0045920,SYT7
GO:0046676,SYT7
GO:0007179,LATS2
GO:0035330,LATS2
GO:0007179,SIAH2
GO:0035330,SIAH2
GO:0007179,ZYX
GO:0035330,ZYX
GO:0030018,LDB3
GO:0045214,LDB3
GO:0030018,MYOZ2
GO:0045214,MYOZ2
GO:0030018,PDLIM5
GO:0045214,PDLIM5
GO:0048666,ISL1
GO:0048666,LDB1
GO:0048666,LHX3
GO:0007605,LHFPL5
GO:0050910,LHFPL5
GO:0007605,PCDH15
GO:0050910,PCDH15
GO:0007605,TMIE
GO:0050910,TMIE
GO:0005634,C1D
GO:0007000,C1D
GO:0010629,C1D
GO:0005634,EED
GO:0007000,EED
GO:0010629,EED
GO:0005634,EXOSC10
GO:0007000,EXOSC10
GO:0010629,EXOSC10
GO:0005634,EXOSC5
GO:0007000,EXOSC5
GO:0010629,EXOSC5
GO:0005634,EZH2
GO:0007000,EZH2
GO:0010629,EZH2
GO:0005634,SUZ12
GO:0007000,SUZ12
GO:0010629,SUZ12
GO:0034205,APP
GO:0042987,APP
GO:0001540,PSEN1
GO:0034205,PSEN1
GO:0042987,PSEN1
GO:0001540,PSEN2
GO:0034205,PSEN2
GO:0042987,PSEN2
GO:1902071,ELOB
GO:2000058,ELOB
GO:1902071,ELOC
GO:2000058,ELOC
GO:1902071,VHL
GO:2000058,VHL
GO:0001221,APBB1
GO:0001540,APBB1
GO:0003677,APBB1
GO:0009299,APBB1
GO:0016573,APBB1
GO:0001221,APP
GO:0003677,APP
GO:0009299,APP
GO:0016573,APP
GO:0001221,KAT5
GO:0001540,KAT5
GO:0009299,KAT5
GO:0006302,MAD2L2
GO:0006302,SHLD1
GO:0006302,SHLD2
GO:0006302,SHLD3
GO:0001055,APP
GO:0010467,APP
GO:0016592,APP
GO:0036033,APP
GO:0001055,MED12
GO:0001540,MED12
GO:0009299,MED12
GO:0010467,MED12
GO:0016592,MED12
GO:0036033,MED12
GO:0001055,MED23
GO:0001540,MED23
GO:0009299,MED23
GO:0010467,MED23
GO:0016592,MED23
GO:0036033,MED23
GO:0001055,MED4
GO:0001540,MED4
GO:0009299,MED4
GO:0010467,MED4
GO:0016592,MED4
GO:0036033,MED4
GO:0006954,MAP2K4
GO:0046328,MAP2K4
GO:0006954,MAP3K3
GO:0046328,MAP3K3
GO:0006954,NBR1
GO:0046328,NBR1
GO:0009299,CCNC
GO:0016592,CCNC
GO:0009299,CDK8
GO:0016592,CDK8
GO:0009299,EP300
GO:0016592,EP300
GO:0016592,ESR1
GO:0009299,MED1
GO:0016592,MED1
GO:0009299,MED10
GO:0016592,MED10
GO:0009299,MED13
GO:0016592,MED13
GO:0009299,MED14
GO:0016592,MED14
GO:0009299,MED16
GO:0016592,MED16
GO:0009299,MED17
GO:0016592,MED17
GO:0009299,MED20
GO:0016592,MED20
GO:0009299,MED21
GO:0016592,MED21
GO:0009299,MED24
GO:0016592,MED24
GO:0009299,MED6
GO:0016592,MED6
GO:0009299,MED7
GO:0016592,MED7
GO:0009299,NCOA1
GO:0016592,NCOA1
GO:0032355,CCNC
GO:0032355,CDK8
GO:0009299,ESR2
GO:0016592,ESR2
GO:0032355,MED1
GO:0032355,MED10
GO:0032355,MED12
GO:0032355,MED13
GO:0032355,MED14
GO:0032355,MED16
GO:0032355,MED17
GO:0032355,MED20
GO:0032355,MED21
GO:0032355,MED23
GO:0032355,MED24
GO:0032355,MED6
GO:0032355,MED7
GO:0035173,CCNC
GO:0035173,CDK8
GO:0035173,MED12
GO:0035173,MED13
GO:0032355,FOXO1
GO:0032870,FOXO1
GO:0005737,APP
GO:0006979,APP
GO:0010941,APP
GO:0001540,FOXO3
GO:0005737,FOXO3
GO:0010941,FOXO3
GO:0006915,APP
GO:0001540,FOXO1
GO:0005737,FOXO1
GO:0006915,FOXO1
GO:0010941,FOXO1
GO:0001540,FOXO4
GO:0005737,FOXO4
GO:0010941,FOXO4
GO:0043066,CASP2
GO:1904171,CASP2
GO:0043066,SPTAN1
GO:1904171,SPTAN1
GO:0043066,RHOB
GO:0043066,TP53
GO:0031490,MEIOB
GO:0031490,RPA2
GO:0031490,SPATA22
GO:0000165,AKAP13
GO:0000165,MAP2K3
GO:0000165,MAP3K20
GO:0000165,MAPK14
GO:0000165,PKN1
GO:0010564,ALYREF
GO:0031297,ALYREF
GO:0010564,CDC5L
GO:0031297,CDC5L
GO:0010564,PRPF19
GO:0031297,PRPF19
GO:0010564,RBMX
GO:0031297,RBMX
GO:0010564,TOP1
GO:0031297,TOP1
GO:0000394,ZBTB8OS
GO:0072669,ZBTB8OS
GO:0030178,CTNNB1
GO:0045892,CTNNB1
GO:0005634,RUNX3
GO:0030178,RUNX3
GO:0045892,RUNX3
GO:0030178,TCF4
GO:0045892,TCF4
GO:0008308,CAV1
GO:0008308,ESR1
GO:0005886,VDAC1
GO:0005886,ESR1
GO:0005886,VDAC1
GO:0001055,APLP1
GO:0009299,APLP1
GO:0010467,APLP1
GO:0016592,APLP1
GO:0036033,APLP1
GO:0016592,APLP2
GO:1901983,CREB1
GO:1901983,CREBBP
GO:1901983,RBBP4
GO:0005813,AJUBA
GO:0007051,AJUBA
GO:0005813,LATS2
GO:0007051,LATS2
GO:0099536,ADAM22
GO:0099536,LGI1
GO:0001973,ADA
GO:0007186,ADA
GO:0043063,ADA
GO:0098609,ADA
GO:0001973,ADORA2A
GO:0007186,ADORA2A
GO:0043063,ADORA2A
GO:0098609,ADORA2A
GO:0001973,DPP4
GO:0007186,DPP4
GO:0043063,DPP4
GO:0098609,DPP4
GO:0009083,BCKDHA
GO:0009083,BCKDHB
GO:0009083,DBT
GO:0007601,ISL1
GO:0007601,LHX3
GO:0007601,TGFB1I1
GO:0007601,ISL1
GO:0007601,LHX3
GO:0007601,TGFB1I1
GO:0021522,ISL1
GO:0045944,ISL1
GO:0021522,LHX3
GO:0045944,LHX3
GO:0021522,STAT3
GO:0045944,STAT3
GO:0032364,EGLN1
GO:0061136,EGLN1
GO:0032364,LIMD1
GO:0061136,LIMD1
GO:1900037,LIMD1
GO:1902071,LIMD1
GO:0061136,VHL
GO:1900037,VHL
GO:0016477,CDC42BPA
GO:0016477,FAM89B
GO:0016477,LIMK1
GO:0016477,NISCH
GO:0030036,LIMK1
GO:0030036,SSH1
GO:0030036,YWHAZ
GO:0007596,LMAN1
GO:0016192,LMAN1
GO:0007596,MCFD2
GO:0016192,MCFD2
GO:0033622,PRDM4
GO:0035329,PRDM4
GO:0033622,YAP1
GO:0035329,YAP1
GO:0006470,HSF1
GO:0006470,IER5
GO:0006470,PPP2R2A
GO:0005634,HSF1
GO:0006281,HSF1
GO:0045893,HSF1
GO:0005634,ZC3HAV1
GO:0006281,ZC3HAV1
GO:0045893,ZC3HAV1
GO:0032435,HSPA8
GO:0032435,HSPBP1
GO:0032435,STUB1
GO:0043161,BAG1
GO:0005737,IFIT1
GO:0006915,IFIT1
GO:0005737,IFIT2
GO:0006915,IFIT2
GO:0005737,IFIT3
GO:0006915,IFIT3
GO:0017148,CSDE1
GO:0017148,IGF2BP1
GO:0017148,PABPC1
GO:0003677,ANP32E
GO:0006338,ANP32E
GO:0006338,BRD8
GO:0006338,DMAP1
GO:0006338,EP400
GO:0006338,EPC1
GO:0006338,EPC2
GO:0003677,H2AZ1
GO:0003677,H2BC4
GO:0006338,H2BC4
GO:0006338,ING3
GO:0003677,IPO9
GO:0006338,IPO9
GO:0006338,KAT5
GO:0006338,MORF4L1
GO:0006338,MORF4L2
GO:0006338,MRGBP
GO:0006338,PRKDC
GO:0003677,SRCAP
GO:0006338,XRCC5
GO:0006338,XRCC6
GO:0003677,ZNHIT1
GO:0005737,EGFR
GO:0005886,EGFR
GO:0043086,EGFR
GO:0005737,INPPL1
GO:0005886,INPPL1
GO:0043086,INPPL1
GO:0005737,SHC1
GO:0043086,SHC1
GO:0002221,TLR7
GO:0002224,TLR7
GO:0002250,TLR7
GO:0003727,TLR7
GO:0005768,TLR7
GO:0005783,TLR7
GO:0006886,TLR7
GO:0034154,TLR7
GO:0045087,TLR7
GO:0002221,UNC93B1
GO:0002224,UNC93B1
GO:0002250,UNC93B1
GO:0003727,UNC93B1
GO:0005768,UNC93B1
GO:0005783,UNC93B1
GO:0006886,UNC93B1
GO:0034154,UNC93B1
GO:0045087,UNC93B1
GO:0002221,SDCBP
GO:0002224,SDCBP
GO:0002250,SDCBP
GO:0003727,SDCBP
GO:0005771,SDCBP
GO:0034154,SDCBP
GO:0045087,SDCBP
GO:0005771,TLR7
GO:0005771,UNC93B1
GO:0017148,INSIG1
GO:0055088,INSIG1
GO:0016567,RNF139
GO:0017148,RNF139
GO:0055088,RNF139
GO:0016020,SAR1B
GO:0045540,SAR1B
GO:0016020,SCAP
GO:0045540,SCAP
GO:0016020,SEC23A
GO:0045540,SEC23A
GO:0016020,SEC24C
GO:0045540,SEC24C
GO:0045540,INSIG1
GO:0045540,SREBF2
GO:0010498,AMFR
GO:0016020,AMFR
GO:0045541,AMFR
GO:0010498,INSIG1
GO:0016020,INSIG1
GO:0045541,INSIG1
GO:0010498,INSIG2
GO:0016020,INSIG2
GO:0045541,INSIG2
GO:0016020,VCP
GO:0045541,VCP
GO:0007186,HTR3A
GO:0007210,HTR3A
GO:0099644,HTR3A
GO:0007186,HTR3B
GO:0007210,HTR3B
GO:0099644,HTR3B
GO:0007186,HTR3C
GO:0007210,HTR3C
GO:0099644,HTR3C
GO:0007186,HTR3D
GO:0007210,HTR3D
GO:0099644,HTR3D
GO:0007186,HTR3E
GO:0007210,HTR3E
GO:0099644,HTR3E
GO:0007368,CDH2
GO:0016020,CDH2
GO:0007368,CTNNA1
GO:0016020,CTNNA1
GO:0007368,CTNNB1
GO:0016020,CTNNB1
GO:0007368,INVS
GO:0016020,INVS
GO:0007368,JUP
GO:0016020,JUP
GO:0005634,CTNNB1
GO:0005634,INVS
GO:0001055,APBB1
GO:0010467,APBB1
GO:0016592,APBB1
GO:0036033,APBB1
GO:0001055,KAT5
GO:0010467,KAT5
GO:0016592,KAT5
GO:0036033,KAT5
GO:0005634,EPM2A
GO:0010628,EPM2A
GO:1900036,EPM2A
GO:0005634,NHLRC1
GO:0010628,NHLRC1
GO:1900036,NHLRC1
GO:0005634,STUB1
GO:0010628,STUB1
GO:1900036,STUB1
GO:0007155,ADGRA2
GO:0007186,ADGRA2
GO:0007155,DOCK1
GO:0007155,ELMO2
GO:0007186,ELMO2
GO:0007155,GNB1
GO:0007155,GNG2
GO:0007155,ITSN1
GO:0007186,ITSN1
GO:0005929,EFCAB7
GO:0008589,EFCAB7
GO:0005929,EVC
GO:0008589,EVC
GO:0005929,EVC2
GO:0008589,EVC2
GO:0005929,IQCE
GO:0008589,IQCE
GO:0007224,EVC
GO:0007224,EVC2
GO:0007186,EVC
GO:0007186,EVC2
GO:0005929,SMO
GO:0007186,SMO
GO:0007224,SMO
GO:0019722,CAMK4
GO:0030097,CAMK4
GO:0019722,HSPA1L
GO:0030097,HSPA1L
GO:0019722,HSPA8
GO:0030097,HSPA8
GO:0019722,IQCG
GO:0030097,IQCG
NA,IRAK1
NA,IRAK4
NA,MYD88
NA,PELI1
NA,TRAF6
GO:0002221,IRAK2
GO:0002224,IRAK2
GO:0002755,IRAK2
GO:0006952,IRAK2
GO:0006954,IRAK2
GO:0051092,IRAK2
GO:0002221,IRAK4
GO:0002224,IRAK4
GO:0002755,IRAK4
GO:0006952,IRAK4
GO:0006954,IRAK4
GO:0045087,IRAK4
GO:0051092,IRAK4
GO:0002221,MYD88
GO:0002224,MYD88
GO:0002755,MYD88
GO:0006952,MYD88
GO:0006954,MYD88
GO:0045087,MYD88
GO:0051092,MYD88
GO:0006355,ISL1
GO:0021884,ISL1
GO:0021884,LDB1
GO:0006355,LHX8
GO:0021884,LHX8
GO:0010468,ISL1
GO:0010468,POU4F2
NA,CAPN7
NA,CHMP1B
NA,IST1
GO:0035061,ISY1
GO:0035825,ISY1
GO:0035061,PRPF19
GO:0035825,PRPF19
GO:0035061,XAB2
GO:0035825,XAB2
GO:0005634,AQR
GO:0006283,AQR
GO:0009299,AQR
GO:0005634,ISY1
GO:0006283,ISY1
GO:0009299,ISY1
GO:0005634,PPIE
GO:0006283,PPIE
GO:0009299,PPIE
GO:0006283,PRPF19
GO:0009299,PRPF19
GO:0005634,XAB2
GO:0006283,XAB2
GO:0009299,XAB2
GO:0000398,ZNF830
GO:0005634,ZNF830
GO:0006283,ZNF830
GO:0009299,ZNF830
GO:0002221,ITCH
GO:0039536,ITCH
GO:0043161,ITCH
GO:0045087,ITCH
GO:0051607,ITCH
GO:0002221,MAVS
GO:0039536,MAVS
GO:0043161,MAVS
GO:0045087,MAVS
GO:0051607,MAVS
GO:0002221,PCBP2
GO:0039536,PCBP2
GO:0043161,PCBP2
GO:0045087,PCBP2
GO:0051607,PCBP2
GO:0006954,ITCH
GO:0006954,NDFIP1
GO:0006954,ITCH
GO:0006954,NDFIP1
GO:0006954,UBE2L3
GO:0042119,CD177
GO:0045121,CD177
GO:0042119,ITGAM
GO:0045121,ITGAM
GO:0042119,ITGB2
GO:0045121,ITGB2
GO:0009566,IZUMO1
GO:0016020,IZUMO1
GO:0009566,IZUMO1R
GO:0016020,IZUMO1R
GO:0005737,HYPK
GO:0005737,NAA10
GO:0005737,NAA15
GO:0001771,EZR
GO:0045121,EZR
GO:0001771,MSN
GO:0045121,MSN
GO:0001771,NHERF1
GO:0045121,NHERF1
GO:0001771,PAG1
GO:0045121,PAG1
GO:0001771,RDX
GO:0045121,RDX
GO:0034088,MAU2
GO:0034088,NIPBL
GO:0006355,TANK
GO:0006954,TANK
GO:0019048,TANK
GO:0043123,TANK
GO:0045087,TANK
GO:0051092,TANK
GO:0051607,TANK
GO:0006355,TBK1
GO:0006954,TBK1
GO:0019048,TBK1
GO:0043123,TBK1
GO:0045087,TBK1
GO:0051092,TBK1
GO:0051607,TBK1
GO:0006355,TRAF2
GO:0019048,TRAF2
GO:0043123,TRAF2
GO:0045087,TRAF2
GO:0051607,TRAF2
GO:0016239,ATG14
GO:0016239,BECN1
GO:0016239,NRBF2
GO:0016239,PIK3C3
GO:0016239,PIK3R4
GO:0001675,EIF4G3
GO:0006417,EIF4G3
GO:0001675,ELAVL1
GO:0006417,ELAVL1
GO:0001675,ELF3
GO:0006417,ELF3
GO:0001675,PIWIL1
GO:0006417,PIWIL1
NA,MAP3K5
NA,TXN
NA,AKAP1
NA,CFAP91
NA,MYCBP
NA,PRKAR2B
GO:0030334,CAMSAP3
GO:0051893,CAMSAP3
GO:0030334,MACF1
GO:0051893,MACF1
GO:0019985,MAD2L2
GO:0019985,POLD2
GO:0019985,POLD3
GO:0019985,REV3L
GO:0030163,ANKS1A
GO:0030163,EPHA8
GO:0030163,RINL
GO:0007155,IGSF5
GO:0016020,IGSF5
GO:0007155,MAGI1
GO:0016020,MAGI1
GO:0042438,TYR
GO:0042438,TYRP1
GO:0048471,GPR143
GO:0048471,TYR
GO:0070197,MAJIN
GO:0070197,TERB1
GO:0070197,TERB2
GO:0042116,BCL10
GO:0043123,BCL10
GO:1903557,BCL10
GO:0042116,CARD9
GO:0043123,CARD9
GO:1903557,CARD9
GO:0042116,MALT1
GO:0043123,MALT1
GO:1903557,MALT1
GO:0046330,BCL10
GO:0051092,BCL10
GO:0046330,CARD14
GO:0051092,CARD14
GO:0046330,MALT1
GO:0051092,MALT1
GO:0005788,DNAJB11
GO:0051082,DNAJB11
GO:0005788,SDF2
GO:0051082,SDF2
GO:0005783,DNAJB11
GO:0005783,SDF2L1
GO:0051082,SDF2L1
GO:0005739,MAP3K5
GO:0007165,MAP3K5
GO:0005739,TXN2
GO:0007165,TXN2
GO:0007165,TXNIP
GO:0023052,TXN
GO:0023052,TXNIP
GO:0007254,ERN1
GO:0034976,ERN1
GO:0043068,ERN1
GO:0034976,MAP3K5
GO:0043068,MAP3K5
GO:0007254,TRAF2
GO:0034976,TRAF2
GO:0043068,TRAF2
GO:0002862,ITCH
GO:0002862,NDFIP1
GO:0002862,UBE2L3
GO:0006511,CYLD
GO:0050728,CYLD
GO:0070536,CYLD
GO:0070936,CYLD
GO:0006511,ITCH
GO:0050728,ITCH
GO:0070536,ITCH
GO:0070936,ITCH
GO:0043124,ITCH
GO:0050728,ITCH
GO:0043124,RNF11
GO:0050728,RNF11
GO:0043124,TAX1BP1
GO:0050728,TAX1BP1
GO:0043124,TNFAIP3
GO:0050728,TNFAIP3
GO:0045580,MAP2K7
GO:0045580,MAP3K7
GO:0045580,MAPK8
GO:0045580,MAPK8IP1
GO:0045580,MAPK9
GO:0045580,RAC2
GO:0045580,SH3RF1
GO:0046328,MAP2K7
GO:0045580,MAP3K11
GO:0046328,MAP3K11
GO:0046328,MAPK8
GO:0046328,MAPK8IP1
GO:0045580,RAC1
GO:0046328,RAC1
GO:0046328,SH3RF1
GO:0070050,ARHGEF28
GO:1904093,ARHGEF28
GO:0070050,MAPK8
GO:1904093,MAPK8
GO:0070050,MAPK8IP1
GO:1904093,MAPK8IP1
GO:0007165,AKT1
GO:0007165,HSPB1
GO:0007165,MAPK14
GO:0007165,MAPKAPK2
GO:0007165,MAPKAPK3
GO:0005741,CYB5A
GO:0098754,CYB5A
GO:0005741,CYB5R3
GO:0098754,CYB5R3
GO:0005741,MTARC2
GO:0098754,MTARC2
GO:0006260,DONSON
GO:0006260,TICRR
GO:0000725,MCM8
GO:0000725,MCM9
GO:0005634,MCM9
GO:0003677,MCM8
GO:0003677,MCM9
GO:0000725,MRE11
GO:0000725,NBN
GO:0000725,RAD50
GO:0000725,MCPH1
GO:0005634,MCPH1
GO:0030261,MCPH1
GO:1901990,MCPH1
GO:0000725,NCAPD3
GO:1901990,NCAPD3
GO:0000725,NCAPG2
GO:1901990,NCAPG2
GO:0000725,NCAPH2
GO:1901990,NCAPH2
GO:0000725,SMC2
GO:1901990,SMC2
GO:0000725,SMC4
GO:1901990,SMC4
GO:0000725,TERF2
GO:0030261,TERF2
GO:1901990,TERF2
GO:0000725,TERF2IP
GO:0030261,TERF2IP
GO:1901990,TERF2IP
GO:0000278,MCRS1
GO:0005813,MCRS1
GO:0000278,NDE1
GO:0005813,NDE1
GO:0006974,MDM2
GO:0006974,RASSF1
GO:0006974,TP53
GO:0031647,MDM2
GO:0031647,MDM4
GO:0031647,TP53
GO:0009411,MDM2
GO:0009411,TP53
GO:0005634,WWOX
GO:0009411,WWOX
GO:0042138,IHO1
GO:0042138,MEI4
GO:0042138,REC114
GO:0006355,HOXD4
GO:0006355,MEIS1
GO:0006355,PBX1
GO:0006355,HOXD9
GO:0006355,HOXD10
GO:0005634,PBX1
GO:0006351,PBX1
GO:0005634,PKNOX1
GO:0006351,PKNOX1
GO:0005634,PBX2
GO:0006351,PBX2
GO:0005634,PKNOX1
GO:0006351,PKNOX1
GO:0006351,HOXB1
GO:0006351,PBX1
GO:0005634,HOXB8
GO:0006355,HOXB8
GO:0006355,MEIS2
GO:0006355,PBX2
GO:0005634,PBX3
GO:0022008,MEIS2
GO:0005634,PAX6
GO:0006355,PAX6
GO:0022008,PAX6
NA,HOXA9
NA,PBX1
GO:0001503,HOXA10
GO:0006355,HOXA10
GO:0001503,PBX1
GO:0006355,PBX1
GO:0001822,EYA1
GO:0001822,PAX2
GO:0001822,TLX1
GO:0001973,ADORA1
GO:0007186,ADORA1
GO:0007212,ADORA1
GO:0043949,ADORA1
GO:0060159,ADORA1
GO:0001973,DRD1
GO:0007186,DRD1
GO:0007212,DRD1
GO:0043949,DRD1
GO:0060159,DRD1
GO:0007186,GABBR1
GO:0007214,GABBR1
GO:0007214,GABBR2
GO:0007216,GABBR1
GO:0007269,GABBR1
GO:0007216,GABBR2
GO:0007269,GABBR2
GO:0007214,GRM1
GO:0007269,GRM1
GO:0007216,GABBR1
GO:0007269,GABBR1
GO:0007216,GABBR2
GO:0007269,GABBR2
GO:0007214,GRM1
GO:0007269,GRM1
GO:0007186,CNR1
GO:0007212,CNR1
GO:0038171,CNR1
GO:0070371,CNR1
GO:0038171,DRD2
GO:0070371,DRD2
GO:0007212,ADORA2A
GO:0019933,ADORA2A
GO:0001973,DRD2
GO:0019933,DRD2
GO:0005886,MC4R
GO:0007186,MC4R
GO:0005886,NPBWR1
GO:0007186,NPBWR1
GO:0005886,GHSR
GO:0007186,GHSR
GO:0005886,MC3R
GO:0007186,MC3R
GO:0038171,ADORA2A
GO:0001973,CNR1
GO:0043949,ADORA2A
GO:0043949,CNR1
GO:0001973,ADORA2A
GO:0007186,ADORA2A
GO:0038171,ADORA2A
GO:0001973,CNR1
GO:0007186,CNR1
GO:0038171,CNR1
GO:0023041,ADORA2A
GO:0055074,ADORA2A
GO:0070371,ADORA2A
GO:0001973,GRM5
GO:0007186,GRM5
GO:0019933,GRM5
GO:0023041,GRM5
GO:0055074,GRM5
GO:0070371,GRM5
GO:0007186,PTGER3
GO:0023041,ADORA2A
GO:0001973,GRM5
GO:0023041,GRM5
GO:0007186,TBXA2R
GO:0007186,PTGIR
GO:0007186,IFT122
GO:0007186,IFT140
GO:0007186,WDR19
GO:0005929,TULP3
GO:0035721,TULP3
GO:0042073,TULP3
GO:0007186,IFT43
GO:0035721,IFT43
GO:0042073,IFT43
GO:0007186,TTC21B
GO:0007186,WDR35
GO:0006955,MC1R
GO:0007186,MC1R
GO:0023041,MC1R
GO:0006955,MC3R
GO:0023041,MC3R
GO:0019933,GHSR
GO:0042924,GHSR
GO:0007186,NTSR1
GO:0019933,NTSR1
GO:0042924,NTSR1
GO:0019933,DRD1
GO:0097009,DRD1
GO:0007212,GHSR
GO:0097009,GHSR
GO:0070527,GNB1
GO:0007186,PPP1CA
GO:0070527,PPP1CA
GO:0007186,PPP1CB
GO:0070527,PPP1CB
GO:0007186,PPP1CC
GO:0070527,PPP1CC
GO:0007186,CRHR2
GO:0007212,CRHR2
GO:0019933,CRHR2
GO:0043435,CRHR2
GO:0043435,DRD1
GO:0019722,HTR2A
GO:0007186,HTR2C
GO:0019722,HTR2C
GO:0007186,MC2R
GO:0007186,MRAP
GO:0005886,VIPR1
GO:0007186,VIPR1
GO:0005886,VIPR2
GO:0007186,VIPR2
GO:0007186,SCTR
GO:0019722,DRD2
GO:0023041,DRD2
GO:0007186,GHSR
GO:0007212,GHSR
GO:0019722,GHSR
GO:0023041,GHSR
GO:0019722,DRD2
GO:0023041,DRD2
GO:0019722,GHSR
GO:0023041,GHSR
GO:0007186,CNR2
GO:0038171,CNR2
GO:0007186,SQSTM1
GO:0038171,SQSTM1
GO:0006096,MYC
GO:0006096,YAP1
GO:0002027,DRD1
GO:0008217,DRD1
GO:0002027,DRD2
GO:0008217,DRD2
GO:0007165,RAMP2
GO:0007165,VIPR1
GO:0005886,PTH2R
GO:0007186,PTH2R
GO:0001965,GCGR
GO:0005886,GCGR
GO:0007186,GCGR
GO:0019933,GCGR
GO:1990763,GCGR
GO:0001965,RAMP2
GO:0019933,RAMP2
GO:1990763,RAMP2
GO:0005886,CRHR1
GO:0007186,CRHR1
GO:0043435,CRHR1
GO:0043435,RAMP2
GO:0030073,GHSR
GO:0042593,GHSR
GO:0019933,SSTR5
GO:0030073,SSTR5
GO:0042593,SSTR5
GO:0097009,MC3R
GO:0097009,HTR2C
GO:0007416,SEPTIN3
GO:0048666,SEPTIN3
GO:0007416,SEPTIN5
GO:0048666,SEPTIN5
GO:0007186,AGTR1
GO:0008217,AGTR1
GO:0110062,AGTR1
GO:0007186,MAS1
GO:0008217,MAS1
GO:0110062,MAS1
NA,TNF
NA,TNFRSF1A
NA,TNFRSF1B
NA,SELP
NA,SELPLG
GO:0050903,ITGA4
GO:0050903,VCAM1
NA,AKT1
NA,PPP2CA
GO:0016049,CCND3
GO:0032870,CCND3
GO:0045893,CCND3
GO:0005634,CRABP2
GO:0016049,CRABP2
GO:0032870,CRABP2
GO:0045893,CRABP2
GO:0016049,RARA
GO:0006352,EP300
GO:0006352,ESR1
GO:0004402,NCOA2
GO:0006352,NCOA2
GO:0032355,NCOA2
GO:0061077,CCDC47
GO:0072546,CCDC47
GO:0061077,WDR83OS
GO:0072546,WDR83OS
GO:0006325,ADNP
GO:0006355,ADNP
GO:0006325,CBX3
GO:0006355,CBX3
GO:0006325,CHD4
GO:0006355,CBX1
GO:0005634,ATXN3
GO:0006281,ATXN3
GO:0010212,ATXN3
GO:0005634,NPLOC4
GO:0006281,NPLOC4
GO:0010212,NPLOC4
GO:0005634,RNF8
GO:0006281,RNF8
GO:0010212,RNF8
GO:0005634,UFD1
GO:0006281,UFD1
GO:0010212,UFD1
GO:0010212,VCP
GO:0005634,HNF1A
GO:0006355,HNF1A
GO:0005634,KDM6A
GO:0006355,KDM6A
GO:0035825,MMS22L
GO:0035825,TONSL
GO:0045663,MYOD1
GO:0045893,MYOD1
GO:0045663,TEAD4
GO:0045893,TEAD4
GO:0045663,VGLL4
GO:0045893,VGLL4
GO:0005634,MAD2L2
GO:0006281,MAD2L2
GO:0005634,RIF1
GO:0006281,RIF1
GO:0005634,SHLD2
GO:0006281,SHLD2
GO:0016082,STX1A
GO:0016082,STXBP1
GO:0005886,ADCY6
GO:0050891,ADCY6
GO:0005886,CFTR
GO:0050891,CFTR
GO:0005759,ALAS1
GO:0042541,ALAS1
GO:0005759,CLPP
GO:0042541,CLPP
GO:0005759,CLPX
GO:0042541,CLPX
GO:0004713,AXL
GO:0007010,AXL
GO:0004713,DOCK1
GO:0005886,DOCK1
GO:0007010,DOCK1
GO:0004713,ELMO2
GO:0005886,ELMO2
GO:0007010,ELMO2
GO:0004713,MET
GO:0005886,MET
GO:0007010,MET
NA,FOXK1
NA,PLK1
NA,SPAG9
NA,FOXK2
GO:0004930,MC1R
GO:0004930,ADRB2
GO:0004930,PTGER1
GO:0007186,PTGER1
GO:0071875,PTGER1
GO:0004930,CALCR
GO:0005886,CALCR
GO:0007186,CALCR
GO:0019722,CALCR
GO:0004930,PTGER2
GO:0005886,PTGER2
GO:0007186,PTGER2
GO:0019722,PTGER2
GO:0004930,PTGIR
GO:0005886,PTGIR
GO:0004930,TBXA2R
GO:0005886,TBXA2R
GO:0004930,ADORA2A
GO:0005886,ADORA2A
GO:0001973,GAS2L2
GO:0004930,GAS2L2
GO:0005886,GAS2L2
GO:0007186,GAS2L2
GO:0019933,GAS2L2
GO:0005886,GNAZ
GO:0007186,GNAZ
GO:0005886,RGS17
GO:0007186,RGS17
GO:0019933,ARRB2
GO:0005886,GNB1
GO:0019933,GNB1
GO:0005886,GNG2
GO:0019933,GNG2
GO:0019933,PTH1R
NA,MAP2K5
NA,PRKCD
NA,SQSTM1
GO:0005634,ELL
GO:0006357,ELL
GO:0016073,ELL
GO:0005634,ICE1
GO:0006357,ICE1
GO:0016073,ICE1
GO:0005634,ICE2
GO:0006357,ICE2
GO:0016073,ICE2
GO:0005634,LARP7
GO:0006357,LARP7
GO:0016073,LARP7
GO:0005634,MEPCE
GO:0006357,MEPCE
GO:0016073,MEPCE
GO:0005634,ZC3H8
GO:0006357,ZC3H8
GO:0016073,ZC3H8
GO:0005634,METTL14
GO:0044771,METTL14
GO:0060612,METTL14
GO:0005634,METTL3
GO:0044771,METTL3
GO:0060612,METTL3
GO:0005634,WTAP
GO:0044771,WTAP
GO:0060612,WTAP
GO:0036396,CBLL1
GO:0036396,METTL14
GO:0036396,METTL3
GO:0036396,VIRMA
GO:0036396,WTAP
GO:0036396,ZC3H13
GO:0005911,MICALL2
GO:0007043,MICALL2
GO:0005911,RAB8A
GO:0007043,RAB8A
GO:0005911,RAB13
GO:0007043,RAB13
GO:0005634,MIER1
GO:0005634,MIER2
GO:0140993,CDYL
GO:0140993,EHMT1
GO:0140993,EHMT2
GO:0140993,HDAC1
GO:0140993,HDAC2
GO:0045892,MIER1
GO:0140993,MIER1
GO:0140993,REST
GO:0140993,SETDB1
GO:0005634,WIZ
GO:0045892,WIZ
GO:0140993,WIZ
GO:0044843,CDYL
GO:0044843,CHAF1A
GO:0140993,CHAF1A
GO:0044843,CHAF1B
GO:0140993,CHAF1B
GO:0044843,EHMT2
GO:0044843,EZH2
GO:0140993,EZH2
GO:0044843,MCM2
GO:0140993,MCM2
GO:0044843,MCM3
GO:0140993,MCM3
GO:0044843,MCM4
GO:0140993,MCM4
GO:0044843,MCM5
GO:0140993,MCM5
GO:0044843,MCM6
GO:0140993,MCM6
GO:0044843,MCM7
GO:0140993,MCM7
GO:0044843,RBBP4
GO:0140993,RBBP4
GO:0044843,SETDB1
GO:0030318,MITF
GO:0045892,MITF
GO:0070662,MITF
GO:0030318,PIAS3
GO:0045892,PIAS3
GO:0070662,PIAS3
GO:0006355,
GO:0007224,
GO:0006355,GLI1
GO:0007224,GLI1
GO:0007224,SRF
GO:0045893,MRTFA
GO:0005911,CLCN2
GO:0016020,CLCN2
GO:0005911,HEPACAM
GO:0016020,HEPACAM
GO:0005911,MLC1
GO:0016020,MLC1
GO:0031966,MLKL
GO:0097300,MLKL
GO:0031966,PGAM5
GO:0097300,PGAM5
GO:0031966,RIPK1
GO:0097300,RIPK1
GO:0031966,RIPK3
GO:0097300,RIPK3
GO:0006355,BMI1
GO:0006355,MLLT3
GO:0006355,RING1
GO:0005634,DOT1L
GO:0043433,DOT1L
GO:0140938,DOT1L
GO:0005634,MLLT3
GO:0043433,MLLT3
GO:0140938,MLLT3
GO:0035330,MOB4
GO:0035330,STK26
GO:0016301,MOB1A
GO:0016301,STK3
GO:0016301,STK38
NA,MOB4
NA,PPP2R1A
NA,STRN3
GO:0016236,CCZ1
GO:0016236,MON1A
GO:0016236,MON1B
GO:0016236,RMC1
GO:0061355,ATP9A
GO:0061355,DOP1B
GO:0061355,MON2
GO:0098796,ATP5F1A
GO:0098796,ATP5F1B
GO:0098796,ATP5F1C
GO:0098796,ATP5F1D
GO:0098796,ATP5F1E
GO:0098796,ATP5MC1
GO:0098796,ATP5ME
GO:0098796,ATP5MF
GO:0098796,ATP5MG
GO:0042776,ATP5MJ
GO:0098796,ATP5MJ
GO:0042776,ATP5MK
GO:0098796,ATP5MK
GO:0098796,ATP5PB
GO:0098796,ATP5PD
GO:0098796,ATP5PF
GO:0098796,ATP5PO
GO:0098796,MT-ATP6
GO:0098796,MT-ATP8
GO:0005743,MPC1
GO:0006848,MPC1
GO:0005743,MPC2
GO:0006848,MPC2
GO:0016020,LIN7C
GO:0016020,MPP4
GO:0043409,AMOT
GO:0070160,AMOT
GO:0043409,NF2
GO:0070160,NF2
GO:0043409,PALS1
GO:0070160,PALS1
GO:0043409,PATJ
GO:0070160,PATJ
GO:0043408,MRAS
GO:0043408,PPP1CA
GO:0043408,SHOC2
GO:0016020,MRAS
GO:0016310,MRAS
GO:0016020,PPP1CB
GO:0016310,PPP1CB
GO:0016020,SHOC2
GO:0016310,SHOC2
GO:0043408,SCRIB
GO:0009986,MRC2
GO:0048771,MRC2
GO:0009986,PLAU
GO:0048771,PLAU
GO:0009986,PLAUR
GO:0048771,PLAUR
GO:0045739,MRE11
GO:1990391,MRE11
GO:0005634,MRNIP
GO:0006974,MRNIP
GO:0045739,MRNIP
GO:1990391,MRNIP
GO:0045739,NBN
GO:1990391,NBN
GO:0045739,RAD50
GO:1990391,RAD50
GO:0005794,GOLGA2
GO:0016477,GOLGA2
GO:0030011,GOLGA2
GO:0051683,GOLGA2
GO:0005794,PDCD10
GO:0016477,PDCD10
GO:0030011,PDCD10
GO:0051683,PDCD10
GO:0005794,STK26
GO:0016477,STK26
GO:0030011,STK26
GO:0051683,STK26
GO:0005634,MTREX
GO:0006401,MTREX
GO:0005634,ZFC3H1
GO:0006401,ZFC3H1
GO:0005634,MUC1
GO:0045893,MUC1
GO:0005737,MUC1
GO:0005856,MUC1
GO:0005886,MUC1
GO:0016477,MUC1
GO:0005856,SH3KBP1
GO:0005886,SH3KBP1
GO:0016477,SH3KBP1
GO:0023052,MUC1
GO:0023052,SOS1
GO:0004519,EME1
GO:0006260,EME1
GO:0004519,MUS81
GO:0006260,MUS81
GO:0051960,LRP4
GO:0051960,MUSK
NA,DOK7
NA,MUSK
GO:0051726,E2F4
GO:0051726,LIN37
GO:0051726,LIN52
GO:0051726,LIN54
GO:0051726,RBL2
GO:0051726,TFDP1
GO:0010498,FBXO45
GO:0010498,MYCBP2
GO:0010498,SKP1
GO:0005886,MYD88
GO:0034142,MYD88
GO:0043410,MYD88
GO:0002221,TIRAP
GO:0002224,TIRAP
GO:0002755,TIRAP
GO:0005886,TIRAP
GO:0006952,TIRAP
GO:0034142,TIRAP
GO:0043410,TIRAP
GO:0045087,TIRAP
GO:0051092,TIRAP
GO:0002755,TLR4
GO:0005886,TLR4
GO:0006952,TLR4
GO:0043410,TLR4
GO:0051092,TLR4
GO:0006355,EYA3
GO:0042692,EYA3
GO:0042692,SIX1
GO:0006355,SKI
GO:0042692,SKI
GO:0032402,MYO7A
GO:0033162,MYO7A
GO:0032402,MYRIP
GO:0033162,MYRIP
GO:0032402,RAB27A
GO:0033162,RAB27A
GO:0005783,MZB1
GO:0006457,MZB1
NA,ANAPC1
NA,ANAPC16
NA,ANAPC2
NA,ANAPC4
NA,ANAPC5
NA,ANAPC7
NA,CDC16
NA,CDC23
NA,CDC27
GO:0006474,NAA10
GO:0006474,NAA16
GO:0006474,NAA15
GO:0005737,NAA50
GO:0006474,NAA50
GO:0005737,NAA30
GO:0006474,NAA30
GO:0051726,NAA30
GO:0005737,NAA35
GO:0006474,NAA35
GO:0051726,NAA35
GO:0005737,NAA38
GO:0006474,NAA38
GO:0051726,NAA38
GO:0005737,NAA20
GO:0006474,NAA20
GO:0051726,NAA20
GO:0005737,NAA25
GO:0006474,NAA25
GO:0051726,NAA25
GO:0016020,ANO1
GO:1902476,ANO1
GO:0016020,KCNE1
GO:1902476,KCNE1
GO:0016020,KCNE5
GO:1902476,KCNE5
GO:0000724,INIP
GO:0005634,INIP
GO:0007165,INIP
GO:0010212,INIP
GO:0000724,INTS3
GO:0007165,INTS3
GO:0010212,INTS3
GO:0000724,NABP1
GO:0005634,NABP1
GO:0007165,NABP1
GO:0010212,NABP1
GO:0000724,NABP2
GO:0005634,NABP2
GO:0007165,NABP2
GO:0010212,NABP2
GO:0005829,BTF3
GO:0006412,BTF3
GO:0005829,NACA
GO:0006412,NACA
GO:0005886,NALCN
GO:0022840,NALCN
GO:0035725,NALCN
GO:0005886,UNC79
GO:0022840,UNC79
GO:0035725,UNC79
GO:0005886,UNC80
GO:0022840,UNC80
GO:0035725,UNC80
GO:0006890,NBAS
GO:0016020,NBAS
GO:0016192,NBAS
GO:0006890,RINT1
GO:0016020,RINT1
GO:0006890,ZW10
GO:0016020,ZW10
GO:0051028,NCBP1
GO:0051607,NCBP1
GO:0000339,NCBP3
GO:0051028,NCBP3
GO:0051607,NCBP3
GO:0000139,NCLN
GO:0038092,NCLN
GO:0061077,NCLN
GO:0000139,NOMO1
GO:0038092,NOMO1
GO:0061077,NOMO1
GO:0000139,TMEM147
GO:0038092,TMEM147
GO:0061077,TMEM147
NA,NDFIP1
NA,NDFIP2
GO:0036064,CFAP410
GO:0060271,CFAP410
GO:0036064,NEK1
GO:0060271,NEK1
GO:0036064,SPATA7
GO:0060271,SPATA7
GO:0006954,MMP9
GO:0008063,MMP9
GO:0006954,NEU1
GO:0008063,NEU1
GO:0006954,TLR7
GO:0008063,TLR7
GO:0005739,FASTKD2
GO:0006119,FASTKD2
GO:0019843,FASTKD2
GO:0070129,FASTKD2
GO:0005739,NGRN
GO:0006119,NGRN
GO:0019843,NGRN
GO:0070129,NGRN
GO:0005739,RCC1L
GO:0006119,RCC1L
GO:0019843,RCC1L
GO:0070129,RCC1L
GO:0005739,RPUSD3
GO:0006119,RPUSD3
GO:0019843,RPUSD3
GO:0070129,RPUSD3
GO:0005739,RPUSD4
GO:0006119,RPUSD4
GO:0019843,RPUSD4
GO:0070129,RPUSD4
GO:0005739,TRUB2
GO:0006119,TRUB2
GO:0019843,TRUB2
GO:0070129,TRUB2
GO:0005634,NFE4
GO:0006355,NFE4
GO:0005634,TFCP2
GO:0006355,TFCP2
GO:0005737,LYRM4
GO:0006777,LYRM4
GO:0016226,LYRM4
GO:0005737,NFS1
GO:0006777,NFS1
GO:0016226,NFS1
GO:0005737,EPM2A
GO:0005980,EPM2A
GO:0031398,EPM2A
GO:1901800,EPM2A
GO:0005737,NHLRC1
GO:0005980,NHLRC1
GO:0031398,NHLRC1
GO:1901800,NHLRC1
GO:0005730,DKC1
GO:0015030,DKC1
GO:0031118,DKC1
GO:0005730,GAR1
GO:0015030,GAR1
GO:0031118,GAR1
GO:0005730,NHP2
GO:0015030,NHP2
GO:0031118,NHP2
GO:0005730,NOP10
GO:0015030,NOP10
GO:0031118,NOP10
GO:0090307,AUNIP
GO:0090307,AURKA
GO:0090307,NIN
GO:0005829,NISCH
GO:0006468,NISCH
GO:0030010,NISCH
GO:0005829,STK11
GO:0030010,STK11
GO:0030334,ITGA5
GO:0032587,ITGA5
GO:0030334,NISCH
GO:0032587,NISCH
GO:0030334,PAK1
GO:0032587,PAK1
GO:0042742,CASP1
GO:0042981,CASP1
GO:0002221,CASP8
GO:0032731,CASP8
GO:0042742,CASP8
GO:0045087,CASP8
GO:0050727,CASP8
GO:0061702,CASP8
GO:0140447,CASP8
GO:0002221,NLRC4
GO:0032731,NLRC4
GO:0042742,NLRC4
GO:0042981,NLRC4
GO:0045087,NLRC4
GO:0050727,NLRC4
GO:0061702,NLRC4
GO:0140447,NLRC4
GO:0042742,NLRP3
GO:0042981,NLRP3
GO:0042742,PYCARD
GO:0042981,PYCARD
GO:0006954,DHX9
GO:0032741,DHX9
GO:0045087,DHX9
GO:0051607,DHX9
GO:0070269,DHX9
GO:0006954,NLRP9
GO:0032741,NLRP9
GO:0045087,NLRP9
GO:0051607,NLRP9
GO:0070269,NLRP9
GO:0006954,PYCARD
GO:0032741,PYCARD
GO:0070269,PYCARD
GO:0000055,NMD3
GO:0005634,NMD3
GO:0005737,NMD3
GO:0000055,RAN
GO:0000055,XPO1
GO:0005911,BSG
GO:0031991,BSG
GO:0005911,JUP
GO:0031991,JUP
GO:0005911,NME1
GO:0031991,NME1
GO:0042981,MIF
GO:0051726,MIF
GO:0042981,NME1
GO:0051726,NME1
GO:0006304,ANP32A
GO:0006915,ANP32A
GO:0006304,APEX1
GO:0006915,APEX1
GO:0006304,HMGB2
GO:0006915,HMGB2
GO:0006304,NME1
GO:0006915,NME1
GO:0006304,SET
GO:0006915,SET
GO:0042742,NLRP1
GO:0002221,NOD2
GO:0032731,NOD2
GO:0042742,NOD2
GO:0045087,NOD2
GO:0050729,NOD2
GO:0061702,NOD2
GO:0140447,NOD2
GO:1903409,NOX1
GO:1903409,NOXA1
GO:1903409,NOXO1
GO:1903409,RAC1
GO:0009617,CASP1
GO:0010033,CASP1
GO:0032741,CASP1
GO:0044403,CASP1
GO:0002221,NLRP6
GO:0009617,NLRP6
GO:0010033,NLRP6
GO:0032741,NLRP6
GO:0044403,NLRP6
GO:0045087,NLRP6
GO:0050727,NLRP6
GO:0061702,NLRP6
GO:0009617,PYCARD
GO:0010033,PYCARD
GO:0044403,PYCARD
GO:0002221,NLRP7
GO:0032731,NLRP7
GO:0032741,NLRP7
GO:0042742,NLRP7
GO:0045087,NLRP7
GO:0050727,NLRP7
GO:0061702,NLRP7
GO:0140447,NLRP7
GO:0002221,AIM2
GO:0032731,AIM2
GO:0042742,AIM2
GO:0045087,AIM2
GO:0051607,AIM2
GO:0061702,AIM2
GO:0140447,AIM2
GO:0140639,AIM2
GO:1990784,AIM2
GO:1990784,CASP1
GO:1990784,PYCARD
NA,HRAS
NA,IRAK2
GO:0002158,CSF1
GO:0030225,CSF1
GO:0030316,CSF1
GO:0061517,CSF1
GO:0002158,CSF1R
GO:0030225,CSF1R
GO:0030316,CSF1R
GO:0061517,CSF1R
GO:0005829,AIM2
GO:0042981,AIM2
GO:0050727,AIM2
GO:0005829,CASP8
GO:1990784,CASP8
GO:0005829,PYCARD
GO:0032732,PYCARD
GO:0039529,PYCARD
GO:0140632,PYCARD
GO:0032732,RIGI
GO:0050729,RIGI
GO:0140632,RIGI
GO:0006355,CEBPB
GO:0045444,CEBPB
GO:0005634,MECOM
GO:0006355,MECOM
GO:0045444,MECOM
GO:0045892,MECOM
GO:0046974,MECOM
GO:0046974,SUV39H1
GO:0005634,CASP1
GO:0002221,IFI16
GO:0005634,IFI16
GO:0032731,IFI16
GO:0045087,IFI16
GO:0050729,IFI16
GO:0051607,IFI16
GO:0061702,IFI16
GO:0140447,IFI16
GO:0005634,PYCARD
GO:0005737,NCF1
GO:0005737,NCF2
GO:0005737,NCF4
GO:0042554,CYBA
GO:0043020,CYBA
GO:0042554,CYBB
GO:0043020,CYBB
GO:0042554,NCF1
GO:0043020,NCF1
GO:0042554,NCF2
GO:0043020,NCF2
GO:0051726,CASP1
GO:0002221,NEK7
GO:0006952,NEK7
GO:0032496,NEK7
GO:0032731,NEK7
GO:0045087,NEK7
GO:0050727,NEK7
GO:0051726,NEK7
GO:0061702,NEK7
GO:0072559,NEK7
GO:0140447,NEK7
GO:0032496,NLRP3
GO:0051726,NLRP3
GO:0051726,PYCARD
GO:0045824,DPP9
GO:0050727,DPP9
GO:0045824,NLRP1
GO:0050727,NLRP1
GO:0002221,BCL10
GO:0002223,BCL10
GO:0032731,BCL10
GO:0045087,BCL10
GO:0050727,BCL10
GO:0050832,BCL10
GO:0061702,BCL10
GO:0140447,BCL10
GO:0002221,CARD9
GO:0002223,CARD9
GO:0032731,CARD9
GO:0045087,CARD9
GO:0050727,CARD9
GO:0050832,CARD9
GO:0061702,CARD9
GO:0140447,CARD9
GO:0002223,CASP8
GO:0050832,CASP8
GO:0002221,MALT1
GO:0002223,MALT1
GO:0032731,MALT1
GO:0045087,MALT1
GO:0050727,MALT1
GO:0050832,MALT1
GO:0061702,MALT1
GO:0140447,MALT1
GO:0002223,PYCARD
GO:0050832,PYCARD
GO:0032481,IQGAP1
GO:0051607,IQGAP1
GO:0005737,NLRC3
GO:0032481,NLRC3
GO:0051607,NLRC3
GO:0002221,NAIP
GO:0032731,NAIP
GO:0042742,NAIP
GO:0045087,NAIP
GO:0050727,NAIP
GO:0061702,NAIP
GO:0140639,NAIP
GO:0140639,NLRC4
GO:0005634,IRF4
GO:0045582,IRF4
GO:0045893,IRF4
GO:0005634,NLRP3
GO:0045582,NLRP3
GO:0045893,NLRP3
GO:0009615,DHX15
GO:0045089,DHX15
GO:0003723,NLRP6
GO:0009615,NLRP6
GO:0045089,NLRP6
GO:0051092,CASP1
GO:0070269,CASP1
GO:0002221,NLRP12
GO:0006952,NLRP12
GO:0032731,NLRP12
GO:0045087,NLRP12
GO:0050729,NLRP12
GO:0051092,NLRP12
GO:0061702,NLRP12
GO:0070269,NLRP12
GO:0140447,NLRP12
GO:0051092,PYCARD
GO:0007283,BAG2
GO:0010498,BAG2
GO:0010498,HSPA2
GO:0007283,NLRP14
GO:0010498,NLRP14
GO:0043020,NCF4
GO:0043020,RAC1
GO:0007601,CRX
GO:0045893,CRX
GO:0060221,CRX
GO:0007601,NR1D1
GO:0045893,NR1D1
GO:0060221,NR1D1
GO:0007601,NR2E3
GO:0045893,NR2E3
GO:0060221,NR2E3
GO:0007601,NRL
GO:0045893,NRL
GO:0060221,NRL
GO:0006355,NONO
GO:0006694,NONO
GO:0006355,NR5A1
GO:0006694,NR5A1
GO:0006355,SFPQ
GO:0006694,SFPQ
GO:0006355,ILF3
GO:0006695,ILF3
GO:0006699,ILF3
GO:0006355,NR5A2
GO:0006695,NR5A2
GO:0006699,NR5A2
GO:0006355,PPARA
GO:0006695,PPARA
GO:0006699,PPARA
GO:0006695,PRMT1
GO:0006699,PRMT1
GO:0006351,NONO
GO:0042572,NONO
GO:0006351,NR5A1
GO:0042572,NR5A1
GO:0006351,SFPQ
GO:0042572,SFPQ
GO:0006351,NR5A2
GO:0042572,NR5A2
GO:0006351,ILF3
GO:0005634,NR5A2
GO:0006351,NR5A2
GO:0005634,SERBP1
GO:0006351,SERBP1
GO:0005634,IGFBP3
GO:0006303,IGFBP3
GO:0006303,NONO
GO:0006303,SFPQ
GO:0006865,CLTRN
GO:0006865,SLC6A19
GO:0006865,SLC6A18
GO:0006865,SLC6A20A
GO:0046718,ACE2
GO:0046718,TMPRSS2
GO:0006865,ACE2
GO:0006865,SLC6A19
GO:0002035,AGTR2
GO:0007186,AGTR2
GO:0008217,AGTR2
GO:0038166,AGTR2
GO:0002035,MAS1
GO:0038166,MAS1
GO:0038166,AGTR1
GO:0110062,AGTR2
GO:0007186,BDKRB2
GO:0008217,BDKRB2
GO:0008283,BDKRB2
GO:0050482,BDKRB2
GO:0008283,MAS1
GO:0050482,MAS1
GO:0005634,NONO
GO:0006355,NONO
GO:0005634,PSPC1
GO:0006355,PSPC1
GO:0005634,SFPQ
GO:0006355,SFPQ
GO:0002576,RAB8A
GO:0002576,SYTL4
GO:0006355,LMX1B
GO:0071542,LMX1B
GO:0071542,PSPC1
GO:0071542,SFPQ
GO:0007229,ERBB3
GO:0007229,ITGA6
GO:0007229,ITGB4
GO:0007229,NRG1
GO:0001764,GTF2I
GO:0003677,GTF2I
GO:0006355,GTF2I
GO:0006357,GTF2I
GO:0009790,GTF2I
GO:0001764,PARP1
GO:0006357,PARP1
GO:0009790,PARP1
GO:0001764,SFPQ
GO:0003677,SFPQ
GO:0006357,SFPQ
GO:0009790,SFPQ
GO:0002003,ATP6AP2
GO:0002016,ATP6AP2
GO:0002018,ATP6AP2
GO:0008217,ATP6AP2
GO:0070371,ATP6AP2
GO:0002003,REN
GO:0002016,REN
GO:0002018,REN
GO:0008217,REN
GO:0070371,REN
GO:0006397,BCAS2
GO:0006397,CDC5L
GO:0006397,PLRG1
GO:0006397,PRPF19
GO:0036297,BCAS2
GO:0036297,CDC5L
GO:0036297,PLRG1
GO:0036297,PRPF19
GO:0036297,WRN
GO:0000398,BCAS2
GO:0000398,CTNNBL1
GO:0005634,CTNNBL1
GO:0000398,HSPA8
GO:0016567,INSIG2
GO:0017148,INSIG2
GO:0055088,INSIG2
GO:0032438,MAPRE1
GO:0032438,MLPH
GO:0032438,MYO5A
GO:0016192,EXPH5
GO:0016477,EXPH5
GO:0031256,EXPH5
GO:0016192,HDAC6
GO:0016477,HDAC6
GO:0031256,HDAC6
GO:0016192,TM4SF5
GO:0016477,TM4SF5
GO:0031256,TM4SF5
GO:0016477,EGFR
GO:0016477,ITGA5
GO:0005886,TM4SF5
GO:0005765,MTOR
GO:0031929,MTOR
GO:0005765,SLC38A9
GO:0031929,SLC38A9
GO:0005765,TM4SF5
GO:0031929,TM4SF5
GO:0016477,ITGA3
GO:0001837,HDAC1
GO:0007224,HDAC1
GO:0010468,HDAC1
GO:0016055,HDAC1
GO:0001837,HDAC2
GO:0007224,HDAC2
GO:0010468,HDAC2
GO:0016055,HDAC2
GO:0001837,KDM1A
GO:0007224,KDM1A
GO:0010468,KDM1A
GO:0016055,KDM1A
GO:0001837,MBD2
GO:0006355,MBD2
GO:0007224,MBD2
GO:0010468,MBD2
GO:0016055,MBD2
GO:0001837,MBD3
GO:0007224,MBD3
GO:0010468,MBD3
GO:0016055,MBD3
GO:0001837,MTA3
GO:0006355,MTA3
GO:0007224,MTA3
GO:0010468,MTA3
GO:0016055,MTA3
GO:0001837,RBBP4
GO:0007224,RBBP4
GO:0010468,RBBP4
GO:0016055,RBBP4
GO:0001837,RBBP7
GO:0007224,RBBP7
GO:0010468,RBBP7
GO:0016055,RBBP7
GO:0001837,SIX3
GO:0005634,SIX3
GO:0006355,SIX3
GO:0007224,SIX3
GO:0010468,SIX3
GO:0016055,SIX3
NA,CDK2AP1
NA,CHD3
NA,CHD4
NA,GATAD2A
NA,GATAD2B
NA,MBD3
NA,MTA2
NA,RBBP4
NA,RBBP7
NA,ZMYND8
NA,ZNF598
GO:0010996,MYO7A
GO:0060088,MYO7A
GO:1990435,MYO7A
GO:0010996,USH1C
GO:0060088,USH1C
GO:1990435,USH1C
GO:0010996,USH1G
GO:0060088,USH1G
GO:1990435,USH1G
GO:0007601,USH1G
GO:0032391,USH1G
GO:0050953,USH1G
GO:0007601,USH2A
GO:0007605,USH2A
GO:0032391,USH2A
GO:0050953,USH2A
GO:0007601,WHRN
GO:0007605,WHRN
GO:0032391,WHRN
GO:0050953,WHRN
GO:0010468,NFKB2
GO:0010468,RELA
GO:0005634,CEBPB
GO:0045893,CEBPB
GO:0005634,HMGA1
GO:0045893,HMGA1
GO:0005634,SP1
GO:0005634,IRF8
GO:0010628,IRF8
GO:0010628,SPI1
GO:0010628,STAT1
GO:0045893,IRF1
GO:0045893,STAT1
GO:0006914,BECN1
GO:0042594,BECN1
GO:0000045,SH3GLB1
GO:0006914,SH3GLB1
GO:0042594,SH3GLB1
GO:0006914,UVRAG
GO:0042594,UVRAG
GO:0006351,SP1
GO:0006351,SP3
GO:0005634,NRIP1
GO:0005737,NRIP1
GO:0045893,NRIP1
GO:0005634,YWHAH
GO:0005737,YWHAH
GO:0045893,YWHAH
GO:0006915,CFLAR
GO:0006915,RIPK1
GO:0002221,MEFV
GO:0032731,MEFV
GO:0042742,MEFV
GO:0045087,MEFV
GO:0050729,MEFV
GO:0061702,MEFV
GO:0140447,MEFV
GO:0032496,CASP8
GO:0032612,CASP8
GO:0032732,CASP8
GO:0045087,CASP8
GO:0140447,CASP8
GO:0032496,FADD
GO:0032612,FADD
GO:0032732,FADD
GO:0045087,FADD
GO:0140447,FADD
GO:0032496,RIPK1
GO:0032612,RIPK1
GO:0032732,RIPK1
GO:0045087,RIPK1
GO:0140447,RIPK1
GO:0032496,RIPK3
GO:0032612,RIPK3
GO:0032732,RIPK3
GO:0045087,RIPK3
GO:0140447,RIPK3
GO:0045048,EMC1
GO:0045048,EMC10
GO:0045048,EMC2
GO:0045048,EMC3
GO:0045048,EMC4
GO:0045048,EMC6
GO:0045048,EMC7
GO:0045048,EMC8
GO:0045048,MMGT1
GO:0045048,EMC9
GO:0005634,NSMCE1
GO:0006281,NSMCE1
GO:0005634,NSMCE2
GO:0006281,NSMCE2
GO:0005634,NSMCE3
GO:0006281,NSMCE3
GO:0005634,NSMCE4A
GO:0006281,NSMCE4A
GO:0005634,SMC5
GO:0006281,SMC5
GO:0005634,SMC6
GO:0006281,SMC6
GO:0005634,EID3
GO:0006281,EID3
GO:0005829,NUBP1
GO:0016049,NUBP1
GO:0060586,NUBP1
GO:0005829,NUBP2
GO:0016049,NUBP2
GO:0060586,NUBP2
GO:0000910,DCTN1
GO:0000910,DYNC1I1
GO:0000910,NUDC
GO:0000910,PLK1
GO:0000184,ALYREF
GO:0005654,ALYREF
GO:0051168,ALYREF
GO:0000184,NXF1
GO:0005654,NXF1
GO:0051168,NXF1
GO:0005654,RBM8A
GO:0051168,RBM8A
GO:0000184,UPF3A
GO:0005654,UPF3A
GO:0051168,UPF3A
GO:0005654,UPF3B
GO:0051168,UPF3B
GO:0005634,NXT1
GO:0006405,NXT1
GO:0002667,OTUB1
GO:0002667,RNF128
GO:0002667,USP8
GO:0048741,ELAVL1
GO:0061157,ELAVL1
GO:0048741,KHSRP
GO:0061157,KHSRP
GO:0000165,GIT1
GO:0007265,GIT1
GO:0000165,MAT2B
GO:0007265,MAT2B
GO:0005783,P3H3
GO:0032964,P3H3
GO:0005783,P3H4
GO:0032964,P3H4
GO:0005783,PLOD1
GO:0032964,PLOD1
GO:0005783,CRTAP
GO:0032964,CRTAP
GO:0005783,P3H1
GO:0032964,P3H1
GO:0032964,PPIB
GO:0070603,ACTB
GO:0070603,ACTL6A
GO:0070603,ARID1A
GO:0006338,ARID1B
GO:0070603,ARID1B
GO:0006338,BCL7A
GO:0006355,BCL7A
GO:0070603,BCL7A
GO:0006338,BCL7C
GO:0006355,BCL7C
GO:0070603,BCL7C
GO:0006338,DPF2
GO:0006355,DPF2
GO:0070603,DPF2
GO:0070603,SMARCA4
GO:0070603,SMARCB1
GO:0070603,SMARCC1
GO:0070603,SMARCC2
GO:0070603,SMARCD1
GO:0006338,SMARCD2
GO:0070603,SMARCD2
GO:0070603,SMARCE1
GO:0071565,ACTB
GO:0071565,ACTL6A
GO:0071565,ARID2
GO:0071565,BCL7A
GO:0071565,BCL7C
GO:0006338,BRD7
GO:0006355,BRD7
GO:0071565,BRD7
GO:0071565,PBRM1
GO:0006338,PHF10
GO:0006355,PHF10
GO:0071565,PHF10
GO:0071565,SMARCA4
GO:0071565,SMARCB1
GO:0071565,SMARCC1
GO:0071565,SMARCC2
GO:0071565,SMARCD1
GO:0071565,SMARCE1
GO:0071565,ARID1A
GO:0071565,ARID1B
GO:0071565,DPF2
GO:0071565,SMARCA2
GO:0071565,SMARCD2
GO:0010468,CUL4A
GO:0060612,CUL4A
GO:0141053,CUL4A
GO:0010468,CUL4B
GO:0060612,CUL4B
GO:0141053,CUL4B
GO:0010468,DDB1
GO:0060612,DDB1
GO:0141053,DDB1
GO:0010468,RBX1
GO:0060612,RBX1
GO:0141053,RBX1
GO:0010468,WDTC1
GO:0060612,WDTC1
GO:0141053,WDTC1
GO:0006338,BICRAL
GO:0006355,BICRAL
GO:0071565,BICRAL
GO:0006338,BRD9
GO:0006355,BRD9
GO:0071565,BRD9
GO:0006338,SS18
GO:0006355,SS18
GO:0071565,SS18
GO:0006954,TNFRSF1B
GO:0042116,TNFRSF1B
GO:0006954,YWHAE
GO:0042116,YWHAE
GO:0007411,NRP1
GO:0071526,NRP1
GO:0007411,PLXNA4
GO:0071526,PLXNA4
GO:0007411,SEMA3A
GO:0071526,SEMA3A
NA,KLK6
NA,SERPINA3
GO:0071228,KLK3
GO:0071228,SERPINA1
GO:0071228,KLK2
GO:0071228,SERPINA3
GO:0005634,FANCI
GO:0006281,FANCI
GO:0000725,BRCA2
GO:0000725,FANCD2
GO:0000725,FANCG
GO:0000725,XRCC3
GO:0002141,ADGRV1
GO:0007605,ADGRV1
GO:0060122,ADGRV1
GO:0002141,USH2A
GO:0007605,USH2A
GO:0060122,USH2A
GO:0002141,VEZT
GO:0007605,VEZT
GO:0060122,VEZT
GO:0002141,WHRN
GO:0007605,WHRN
GO:0042127,NPM1
GO:0042981,NPM1
GO:0042127,PA2G4
GO:0042981,PA2G4
NA,PTGDS
NA,TTR
GO:0006383,CRCP
GO:0006384,CRCP
GO:0006386,CRCP
GO:0006383,POLR1C
GO:0006384,POLR1C
GO:0006386,POLR1C
GO:0006383,POLR1D
GO:0006384,POLR1D
GO:0006386,POLR1D
GO:0006383,POLR2H
GO:0006384,POLR2H
GO:0006386,POLR2H
GO:0006383,POLR2K
GO:0006384,POLR2K
GO:0006386,POLR2K
GO:0006383,POLR2L
GO:0006384,POLR2L
GO:0006386,POLR2L
GO:0006383,POLR3A
GO:0006384,POLR3A
GO:0006386,POLR3A
GO:0006383,POLR3B
GO:0006384,POLR3B
GO:0006386,POLR3B
GO:0006383,POLR3C
GO:0006384,POLR3C
GO:0006386,POLR3C
GO:0006383,POLR3D
GO:0006384,POLR3D
GO:0006386,POLR3D
GO:0006383,POLR3E
GO:0006384,POLR3E
GO:0006386,POLR3E
GO:0006383,POLR3F
GO:0006384,POLR3F
GO:0006386,POLR3F
GO:0006383,POLR3G
GO:0006384,POLR3G
GO:0006386,POLR3G
GO:0006383,POLR3H
GO:0006384,POLR3H
GO:0006386,POLR3H
GO:0006383,POLR3K
GO:0006384,POLR3K
GO:0006386,POLR3K
GO:0097332,GRIN2A
GO:0004972,RIC3
GO:0097332,RIC3
GO:0035869,B9D1
GO:0060271,B9D1
GO:0035869,B9D2
GO:0060271,B9D2
GO:0035869,MKS1
GO:0005634,PA2G4
GO:0045892,PA2G4
GO:0010498,HSPA8
GO:0010498,PA2G4
GO:0010498,STUB1
GO:0003729,ILF3
GO:0010468,ILF3
GO:0003729,PA2G4
GO:0010468,PA2G4
GO:0007288,MEIG1
GO:1905198,MEIG1
GO:0007288,PACRG
GO:1905198,PACRG
GO:0043001,CSNK2A1
GO:0043001,CSNK2B
GO:0043001,GGA3
GO:0043001,PACS1
GO:0005764,BAX
GO:0005764,BCL2L11
GO:0006915,BCL2L11
GO:0005764,PACS2
GO:0006915,PACS2
GO:0005764,TNFRSF10B
GO:0005764,TNFSF10
GO:0032391,ADGRV1
GO:0032420,ADGRV1
GO:0032391,USH2A
GO:0032420,USH2A
GO:0032391,WHRN
GO:0003677,TSN
GO:0005634,TSN
GO:0005737,TSN
GO:0009749,TSN
GO:0003677,TSNAX
GO:0005634,TSNAX
GO:0005737,TSNAX
GO:0009749,TSNAX
GO:0003677,TSN
GO:0005634,TSN
GO:0005737,TSN
GO:0009749,TSN
GO:0003677,TSNAX
GO:0005634,TSNAX
GO:0005737,TSNAX
GO:0009749,TSNAX
GO:0015925,CTSA
GO:0065003,CTSA
GO:0015925,GLB1
GO:0065003,GLB1
GO:0015925,NEU1
GO:0042981,CTBP1
GO:0042981,EP300
GO:0042981,FOXO3
GO:0007059,ANAPC1
GO:0010458,ANAPC1
GO:0007059,ANAPC2
GO:0010458,ANAPC2
GO:0007059,ANAPC5
GO:0010458,ANAPC5
GO:0007059,ANAPC7
GO:0010458,ANAPC7
GO:0007059,CDC16
GO:0010458,CDC16
GO:0007059,CDC23
GO:0010458,CDC23
GO:0007059,CDC27
GO:0010458,CDC27
GO:0031145,ANAPC1
GO:0000278,ANAPC11
GO:0005634,ANAPC11
GO:0007059,ANAPC11
GO:0010458,ANAPC11
GO:0016567,ANAPC11
GO:0031145,ANAPC11
GO:0031145,ANAPC2
GO:0007059,ANAPC4
GO:0010458,ANAPC4
GO:0031145,ANAPC4
GO:0031145,ANAPC5
GO:0031145,ANAPC7
GO:0031145,CDC16
GO:0031145,CDC23
GO:0000278,CDC26
GO:0005634,CDC26
GO:0007059,CDC26
GO:0010458,CDC26
GO:0016567,CDC26
GO:0031145,CDC26
GO:0031145,CDC27
GO:0000278,CDK2AP1
GO:0005634,CDK2AP1
GO:0007059,CDK2AP1
GO:0010458,CDK2AP1
GO:0016567,CDK2AP1
GO:0031145,CDK2AP1
GO:0005737,TUBGCP4
GO:0005737,TUBGCP5
GO:0005737,TUBGCP6
GO:0000132,AURKA
GO:0071228,AURKA
GO:0000132,TPX2
GO:0071228,TPX2
GO:0000132,NUMA1
GO:0071228,NUMA1
GO:0006355,CTBP2
GO:0030278,CTBP2
GO:0030278,EP300
GO:0006355,RUNX2
GO:0030278,RUNX2
GO:0035720,IFT122
GO:0035720,IFT140
GO:0005929,IFT43
GO:0035720,IFT43
GO:0035720,TTC21B
GO:0035720,TULP3
GO:0035720,WDR19
GO:0035720,WDR35
GO:0006511,ARMC8
GO:0043130,ARMC8
GO:0006511,GID4
GO:0043130,GID4
GO:0006511,GID8
GO:0043130,GID8
GO:0006511,HTRA2
GO:0043130,HTRA2
GO:0006511,MAEA
GO:0043130,MAEA
GO:0006511,MKLN1
GO:0043130,MKLN1
GO:0006511,PGAM5
GO:0043130,PGAM5
GO:0006511,RANBP10
GO:0043130,RANBP10
GO:0006511,RANBP9
GO:0043130,RANBP9
GO:0006511,RMND5A
GO:0043130,RMND5A
GO:0006511,WDR26
GO:0043130,WDR26
GO:0006511,YPEL5
GO:0043130,YPEL5
GO:0060271,DYNLL1
GO:0060271,DYNLL2
GO:0002140,PCDH15
GO:0005634,RAD18
GO:0006281,RAD18
GO:0006281,SETD1A
GO:0006897,PACSIN1
GO:0048471,PACSIN1
GO:0060292,PACSIN1
GO:0048471,PICK1
GO:0060292,PICK1
GO:0060292,PACSIN2
NA,PACSIN3
NA,PICK1
GO:0007186,ADGRV1
GO:0097546,ADGRV1
GO:0007186,USH1C
GO:0097546,USH1C
GO:0007186,USH1G
GO:0097546,USH1G
GO:0007186,USH2A
GO:0097546,USH2A
GO:0006886,EHD1
GO:0031623,EHD1
GO:0006886,PACSIN1
GO:0031623,PACSIN1
GO:0006886,PACSIN2
GO:0031623,PACSIN2
GO:0006886,EHD2
GO:0031623,EHD2
GO:0006955,CD4
GO:0042110,CD4
GO:0042110,LCK
GO:0006955,MYH9
GO:0042110,MYH9
GO:0006955,PTPRC
GO:0042110,PTPRC
GO:0006955,PTPRCAP
GO:0042110,PTPRCAP
GO:0006955,TFRC
GO:0042110,TFRC
GO:0006955,TUBA1C
GO:0042110,TUBA1C
GO:0006955,TUBB
GO:0042110,TUBB
GO:0006955,VIM
GO:0042110,VIM
GO:0001867,MASP1
GO:0045087,MASP1
GO:0001867,MASP2
GO:0045087,MASP2
GO:0001867,MBL2
GO:0045087,MBL2
GO:0006886,EHD3
GO:0031623,EHD3
GO:0006886,EHD4
GO:0031623,EHD4
GO:0007605,ESPN
GO:0032426,ESPN
GO:0051017,ESPN
GO:0007605,MYO3B
GO:0032426,MYO3B
GO:0051017,MYO3B
GO:0006950,FHL1
GO:0006950,TTN
GO:0007186,FHL1
GO:0006950,MAP2K2
GO:0007186,MAP2K2
GO:0006950,MAPK1
GO:0006950,RAF1
GO:0007186,RAF1
GO:0007186,TTN
GO:0006357,CRY1
GO:0006357,CRY2
GO:0006357,DDX5
GO:0007623,DDX5
GO:0005634,DHX9
GO:0006357,DHX9
GO:0007623,DHX9
GO:0005634,PER1
GO:0006357,PER1
GO:0007623,PER1
GO:0006357,PER2
NA,COBL
NA,PACSIN2
NA,PACSIN3
GO:0016020,COBL
GO:0022008,COBL
GO:0016020,PACSIN1
GO:0022008,PACSIN1
NA,PACSIN1
NA,WASL
GO:0032218,SLC52A3
GO:0032218,TMEM237
GO:0007601,EMB
GO:0015727,EMB
GO:0042622,EMB
GO:0007601,SLC16A1
GO:0015727,SLC16A1
GO:0042622,SLC16A1
GO:0010468,PER2
GO:0007623,PPARA
GO:0010468,PPARA
GO:0010468,BMAL1
GO:0005634,NR1D1
GO:0007623,NR1D1
GO:0010468,NR1D1
GO:0005634,RORA
GO:0007623,RORA
GO:0010468,RORA
GO:0005634,NR4A2
GO:0007623,NR4A2
GO:0010468,NR4A2
GO:0010468,CRY1
GO:0005634,ESR1
GO:0007623,ESR1
GO:0010468,ESR1
GO:0007623,HNF4A
GO:0010468,HNF4A
GO:0042770,TIMELESS
GO:0042770,TIPIN
GO:0005634,THRA
GO:0007623,THRA
GO:0010468,THRA
GO:0006974,CRY1
GO:0006974,TIMELESS
GO:0007623,TIMELESS
GO:0007623,CRY2
GO:0007623,TIMELESS
GO:0007623,ATR
GO:0007623,ATRIP
GO:0005814,KIAA0753
GO:1905353,KIAA0753
GO:0005814,OFD1
GO:1905353,OFD1
GO:0005814,PIBF1
GO:0060271,PIBF1
GO:1905353,PIBF1
GO:0034451,MAP1LC3A
GO:0060271,MAP1LC3A
GO:0008219,LYN
GO:0045121,LYN
GO:0008219,PAG1
GO:0008219,STAT3
GO:0045121,STAT3
GO:0008283,LYN
GO:0008283,PAG1
GO:0002870,CSK
GO:0002870,FYN
GO:0002870,PAG1
GO:0002870,KHDRBS1
GO:0002870,RASA1
GO:0042110,CSK
GO:0045121,CSK
GO:0042110,PAG1
NA,FYN
GO:0042110,MSN
GO:2000520,MSN
GO:0042110,NHERF1
GO:2000520,NHERF1
GO:2000520,PAG1
GO:0006281,PAGR1
GO:0010212,PAGR1
GO:0010212,PAXIP1
GO:0000724,BRCA1
GO:0000724,BRCA2
GO:0000724,PALB2
GO:0006281,PALB2
GO:0006281,RAD51AP1
GO:0004535,PABPC1
GO:0004535,PAN2
GO:0005737,PAN2
GO:0004535,PAN3
GO:0005737,PAN3
NA,AHCYL1
NA,CPSF1
NA,CPSF2
NA,CPSF3
NA,CPSF4
NA,FIP1L1
GO:0180011,AHCYL1
GO:0180011,FIP1L1
GO:0180011,PAPOLA
GO:0003924,ARL3
GO:0007601,ARL3
GO:0009881,ARL3
GO:0097733,ARL3
GO:0003924,RP2
GO:0007601,RP2
GO:0009881,RP2
GO:0097733,RP2
GO:0003924,UNC119
GO:0007601,UNC119
GO:0009881,UNC119
GO:0097733,UNC119
GO:0005739,PARL
GO:0034982,PARL
GO:0035694,PARL
GO:0005739,STOML2
GO:0034982,STOML2
GO:0035694,STOML2
GO:0005739,YME1L1
GO:0034982,YME1L1
GO:0035694,YME1L1
GO:0000910,KIF14
GO:0000910,KIF20A
GO:0000910,KIF4A
GO:0000910,PRC1
NA,AHCYL1
NA,NHERF1
NA,SLC9A3
GO:0000289,AGO2
GO:0005634,AGO2
GO:0000289,PARN
GO:0008219,CABLES1
GO:0051726,CABLES1
GO:0008219,TP53
GO:0051726,TP53
GO:0008219,TP73
GO:0051726,TP73
GO:0003341,ODAD1
GO:0031514,ODAD1
GO:0003341,ODAD2
GO:0031514,ODAD2
GO:0003341,ODAD3
GO:0031514,ODAD3
GO:0003341,ODAD4
GO:0031514,ODAD4
GO:0007259,IL12B
GO:0038155,IL12B
GO:0061485,IL12B
GO:0006955,IL23A
GO:0007259,IL23A
GO:0019221,IL23A
GO:0032609,IL23A
GO:0038155,IL23A
GO:0061485,IL23A
GO:0030101,IL12A
GO:0030101,IL12B
GO:0001787,IL15
GO:0001866,IL15
GO:0006955,IL15
GO:0019221,IL15
GO:0031347,IL15
GO:0035723,IL15
GO:0061485,IL15
GO:0070672,IL15
GO:0001787,IL15RA
GO:0001866,IL15RA
GO:0006955,IL15RA
GO:0019221,IL15RA
GO:0031347,IL15RA
GO:0035723,IL15RA
GO:0061485,IL15RA
GO:0070672,IL15RA
GO:0032609,IL15
GO:0032649,IL15
GO:0042010,IL15
GO:0042129,IL15
GO:1900424,IL15
GO:0006955,IL2RB
GO:0019221,IL2RB
GO:0031347,IL2RB
GO:0032609,IL2RB
GO:0032649,IL2RB
GO:0035723,IL2RB
GO:0042010,IL2RB
GO:0042129,IL2RB
GO:0070672,IL2RB
GO:1900424,IL2RB
GO:0031347,IL2RG
GO:0032609,IL2RG
GO:0032649,IL2RG
GO:0035723,IL2RG
GO:0042010,IL2RG
GO:0042129,IL2RG
GO:0070672,IL2RG
GO:1900424,IL2RG
GO:0004911,IL2
GO:0006953,IL2
GO:0006955,IL2
GO:0019221,IL2
GO:0038110,IL2
GO:0045619,IL2
GO:0050727,IL2
GO:0070669,IL2
GO:0004911,IL2RA
GO:0006953,IL2RA
GO:0006955,IL2RA
GO:0019221,IL2RA
GO:0038110,IL2RA
GO:0045619,IL2RA
GO:0050727,IL2RA
GO:0070669,IL2RA
GO:0004911,IL2RB
GO:0006953,IL2RB
GO:0038110,IL2RB
GO:0045619,IL2RB
GO:0050727,IL2RB
GO:0070669,IL2RB
GO:0004911,IL2RG
GO:0006953,IL2RG
GO:0038110,IL2RG
GO:0045619,IL2RG
GO:0070669,IL2RG
GO:0019976,IL2
GO:0042098,IL2
GO:0019976,IL2RB
GO:0042098,IL2RB
GO:0019976,IL2RG
GO:0016226,FXN
GO:0005739,ISCU
GO:0016226,ISCU
GO:0005739,NFS1
GO:0030168,GP1BB
GO:0030168,GP5
GO:0030168,GP9
GO:0030168,H671_8G19420
GO:0004912,CSF2RB
GO:0006955,CSF2RB
GO:0019221,CSF2RB
GO:0036015,CSF2RB
GO:0038156,CSF2RB
GO:0004912,IL3
GO:0006955,IL3
GO:0019221,IL3
GO:0036015,IL3
GO:0038156,IL3
GO:0004912,IL3RA
GO:0006955,IL3RA
GO:0019221,IL3RA
GO:0036015,IL3RA
GO:0038156,IL3RA
GO:0004914,CSF2RB
GO:0030222,CSF2RB
GO:0038043,CSF2RB
GO:0004914,IL5
GO:0006955,IL5
GO:0019221,IL5
GO:0030222,IL5
GO:0034097,IL5
GO:0038043,IL5
GO:0004914,IL5RA
GO:0006955,IL5RA
GO:0019221,IL5RA
GO:0030222,IL5RA
GO:0034097,IL5RA
GO:0038043,IL5RA
GO:0006955,IL20
GO:0019221,IL20
GO:0034097,IL20
GO:0006955,IL20RA
GO:0019221,IL20RA
GO:0034097,IL20RA
GO:0006955,IL20RB
GO:0019221,IL20RB
GO:0034097,IL20RB
GO:0097696,IL10RB
GO:0006955,IL22
GO:0019221,IL22
GO:0097696,IL22
GO:0006955,IL22RA1
GO:0019221,IL22RA1
GO:0097696,IL22RA1
GO:0002250,IL18
GO:0019221,IL18
GO:0035655,IL18
GO:0045087,IL18
GO:0050727,IL18
GO:0002250,IL18R1
GO:0019221,IL18R1
GO:0035655,IL18R1
GO:0045087,IL18R1
GO:0050727,IL18R1
GO:0002250,IL18RAP
GO:0019221,IL18RAP
GO:0035655,IL18RAP
GO:0045087,IL18RAP
GO:0050727,IL18RAP
GO:0006413,EIF1
GO:0006413,EIF1A
GO:0006413,EIF3B
GO:0030198,MMP14
GO:0030198,TIMP2
GO:0030198,MMP2
GO:0000785,NIPBL
GO:0000785,RAD21
GO:0000785,SMC1A
GO:0007029,EMC2
GO:0007029,EMC8
GO:0007029,WNK1
GO:0007029,MMGT1
GO:0006955,IL19
GO:0019221,IL19
GO:0034097,IL19
GO:0006351,CDK7
GO:0006351,MNAT1
GO:0015079,FLNA
GO:0098782,FLNA
GO:0015079,HCN1
GO:0098782,HCN1
GO:0015079,PCDH15
GO:0098782,PCDH15
GO:0007596,F2
GO:0007596,SERPINC1
GO:0007596,VTN
GO:0016055,CSNK1E
GO:0008286,IGF1
GO:0008286,IGFBP5
GO:0008286,IGFALS
GO:0008286,IGF2
GO:0006953,IL6
GO:0006955,IL6
GO:0019221,IL6
GO:0031347,IL6
GO:0070102,IL6
GO:0070741,IL6
GO:0006953,IL6R
GO:0006955,IL6R
GO:0019221,IL6R
GO:0031347,IL6R
GO:0070102,IL6R
GO:0070741,IL6R
GO:0006953,IL6ST
GO:0006955,IL6ST
GO:0031347,IL6ST
GO:0070102,IL6ST
GO:0070741,IL6ST
GO:0015079,FSCN2
GO:0015079,HCN2
GO:0051028,CETN2
GO:0051028,ENY2
GO:0051028,MCM3AP
GO:0051028,PCID2
GO:0051028,SEM1
GO:0051018,CETN3
GO:0051018,ENY2
GO:0051018,MCM3AP
GO:0051018,PCID2
GO:0051018,SEM1
GO:0050910,TMC1
GO:0050910,TMC2
GO:0016567,PCGF2
GO:0016567,PCGF3
GO:0016567,PCGF5
GO:0016567,PCGF6
GO:1903939,PDCD4
GO:1903939,RICTOR
GO:0015031,MVB12B
GO:0015031,PDCD6
GO:0015031,PDCD6IP
GO:0015031,VPS37A
GO:0010756,PLAT
GO:0010756,PLG
GO:0010756,THBS1
GO:0010756,HRG
GO:0010755,PLG
GO:0010755,THBS1
GO:0010757,HRG
GO:0051918,HRG
GO:0010757,PLG
GO:0051918,PLG
GO:0001540,APP
GO:0042987,APP
GO:0001540,BACE1
GO:0042987,BACE1
GO:0019221,CNTFR
GO:0019221,SORL1
GO:0019221,CLCF1
GO:0048666,CLCF1
GO:0019221,CRLF1
GO:0048666,CRLF1
GO:0048666,CNTFR
GO:0006955,EBI3
GO:0019221,EBI3
GO:0035397,EBI3
GO:0042110,EBI3
GO:0070106,EBI3
GO:0006955,IL27
GO:0019221,IL27
GO:0035397,IL27
GO:0042110,IL27
GO:0070106,IL27
GO:0004674,MAP2K1
GO:0009411,MAP2K1
GO:1902749,MAP2K1
GO:0004674,NEK10
GO:0009411,NEK10
GO:0031434,NEK10
GO:0120283,NEK10
GO:1902749,NEK10
GO:0009411,RAF1
GO:1902749,RAF1
GO:0006955,CRLF1
GO:0030101,CRLF1
GO:0097696,CRLF1
GO:0030101,IL27
GO:0097696,IL27
GO:0070527,SPARC
GO:0070527,THBS1
GO:0007049,CDC25C
GO:0007346,GMNN
GO:0007346,MCIDAS
GO:0007015,ACTA1
GO:0007015,GSN
GO:0048015,INSR
GO:0008286,IRS1
GO:0032868,IRS1
GO:0042593,IRS1
GO:0048015,IRS1
GO:0008286,PIK3R1
GO:0032868,PIK3R1
GO:0042593,PIK3R1
GO:0006289,ERCC1
GO:0006289,ERCC2
GO:0006974,ERCC2
GO:0006289,ERCC3
GO:0006974,ERCC3
GO:0006289,ERCC5
GO:0006974,ERCC5
GO:0006289,GTF2H1
GO:0006974,GTF2H1
GO:0006289,LIG1
GO:0006289,PCNA
GO:0006289,RFC1
GO:0006289,RPA2
GO:0006289,XPA
GO:0006974,XPA
GO:0006289,RPA1
GO:0004000,ADA
GO:0006154,ADA
GO:0004000,DPP4
GO:0006154,DPP4
GO:0030168,GP1BA
GO:0030168,GP1BB
GO:0030168,GP9
GO:0030168,GP5
GO:0000278,RAN
GO:0000278,RCC1
GO:0007186,CXCL12
GO:0038146,CXCL12
GO:0070098,CXCL12
GO:0038146,CXCR4
GO:0006289,RAD23B
GO:0006974,RAD23B
GO:0006289,XPC
GO:0006974,XPC
GO:0006915,CASP3
GO:0006915,CASP7
GO:0006511,DNMT1
GO:0006511,HDAC1
GO:0006306,KAT5
GO:0006511,KAT5
GO:0006511,PCNA
GO:0006306,UHRF1
GO:0006511,UHRF1
GO:0006306,USP7
GO:0006511,USP7
GO:0015031,VPS37D
GO:0075502,CD63
GO:0075502,SDCBP
GO:0044458,CFAP298
GO:0060271,CFAP298
GO:0070286,CFAP298
GO:0044458,DNAAF11
GO:0060271,DNAAF11
GO:0070286,DNAAF11
GO:0044458,DNAAF4
GO:0060271,DNAAF4
GO:0070286,DNAAF4
GO:0044458,HSPA8
GO:0060271,HSPA8
GO:0070286,HSPA8
GO:0044458,IQUB
GO:0060271,IQUB
GO:0070286,IQUB
GO:0044458,RUVBL2
GO:0060271,RUVBL2
GO:0070286,RUVBL2
GO:0044458,ZMYND10
GO:0060271,ZMYND10
GO:0070286,ZMYND10
GO:0007259,STAT1
GO:0007259,STAT3
GO:0075733,CD63
GO:0075733,PDCD6IP
GO:0075733,SDCBP
GO:0019221,TYK2
GO:0045087,TYK2
GO:0046425,TYK2
GO:0051607,TYK2
GO:0060337,TYK2
GO:0035331,CTTNBP2NL
GO:1903358,CTTNBP2NL
GO:0035331,GOLGA2
GO:1903358,GOLGA2
GO:0035331,MOB4
GO:1903358,MOB4
GO:0035331,PDCD10
GO:1903358,PDCD10
GO:0035331,PPP2CA
GO:1903358,PPP2CA
GO:0035331,PPP2R1A
GO:1903358,PPP2R1A
GO:0035331,STK26
GO:1903358,STK26
GO:0035331,STRIP1
GO:1903358,STRIP1
GO:0035331,STRN
GO:1903358,STRN
GO:0035331,STRN3
GO:1903358,STRN3
GO:0035331,STRN4
GO:1903358,STRN4
GO:0010669,ACTB
GO:0031032,ACTB
GO:0045198,ACTB
GO:0010669,ACTG1
GO:0031032,ACTG1
GO:0045198,ACTG1
GO:0010669,CDC42
GO:0031032,CDC42
GO:0045198,CDC42
GO:0010669,MYH10
GO:0031032,MYH10
GO:0045198,MYH10
GO:0010669,MYO1A
GO:0031032,MYO1A
GO:0045198,MYO1A
GO:0010669,MYO5A
GO:0031032,MYO5A
GO:0045198,MYO5A
GO:0010669,PARD3
GO:0031032,PARD3
GO:0045198,PARD3
GO:0010669,PARD6A
GO:0031032,PARD6A
GO:0045198,PARD6A
GO:0010669,PDCD6IP
GO:0031032,PDCD6IP
GO:0045198,PDCD6IP
GO:0010669,RAC1
GO:0031032,RAC1
GO:0045198,RAC1
GO:0010669,TJP1
GO:0031032,TJP1
GO:0045198,TJP1
GO:1903551,PDCD6IP
GO:1903551,SDC1
GO:1903551,SDCBP
GO:0006977,IKBKG
GO:0043122,IKBKG
GO:0006977,PIDD1
GO:0043122,PIDD1
GO:0006977,RIPK1
GO:0043122,RIPK1
GO:0004115,AKAP9
GO:0004691,AKAP9
GO:0005813,AKAP9
GO:0043949,AKAP9
GO:0005813,PDE4D
GO:0005813,PRKACA
GO:1903358,AKAP9
GO:1903358,CAMSAP2
GO:1903358,PDE4DIP
GO:0006298,MSH2
GO:0006298,MSH6
GO:0005634,MSH3
GO:0006281,MSH3
GO:0006298,MSH3
GO:0006974,MSH3
GO:0007224,EMX1
GO:0060271,EMX1
GO:0007224,WDR11
GO:0060271,WDR11
GO:0007259,IL6ST
GO:0006955,JAK2
GO:0019221,JAK2
GO:0070102,JAK2
GO:0006955,SOCS3
GO:0007259,SOCS3
GO:0070102,SOCS3
GO:0007186,GNB2
GO:0007186,GNG3
GO:0007186,GNG8
GO:0007186,GNB4
GO:0007186,GNG7
GO:0007186,GNG12
GO:0007186,GNGT2
GO:0008277,GNB5
GO:0008277,PDCL
GO:0000827,GNB1
GO:0000827,PDCL
NA,CCT5
GO:0008277,CCT5
GO:0008277,GNB1
GO:0008277,GNB2
GO:0008277,GNB4
GO:0007186,GNG4
GO:1902605,CCT5
GO:1902605,GNB5
GO:0005249,AKAP9
GO:0005249,PDE4D
GO:0005634,DNAAF4
GO:0006355,DNAAF4
GO:0007420,DNAAF4
GO:0032355,DNAAF4
GO:0032870,DNAAF4
GO:0007420,ESR1
GO:0007420,ESR2
GO:0009790,CCNQ
GO:0097472,CCNQ
GO:0009790,CDK10
GO:0097472,CDK10
GO:0042073,KIF17
GO:0060271,KIF17
GO:0042073,RAB23
GO:0060271,RAB23
GO:0042073,TNPO1
GO:0060271,TNPO1
GO:0007224,MEGF8
GO:0007507,MEGF8
GO:0016567,MEGF8
GO:0007224,MGRN1
GO:0007507,MGRN1
GO:0016567,MGRN1
GO:0043067,PAWR
GO:0043122,PAWR
GO:0043067,PRKCZ
GO:0043122,PRKCZ
GO:0043067,SQSTM1
GO:0043122,SQSTM1
GO:0006303,DCLRE1C
GO:0006303,LIG4
GO:0006303,NHEJ1
GO:0005634,PAXX
GO:0006303,PAXX
GO:0006303,XRCC4
NA,EGFR
NA,GRB2
NA,TNK2
GO:0045859,GRB2
GO:0045859,PDGFRA
GO:0045859,TNK2
GO:0045859,AXL
GO:0016477,SPDL1
GO:0016579,SPDL1
GO:0016477,USP45
GO:0016579,USP45
GO:0045859,ALK
GO:0045859,LTK
GO:0045859,EGFR
GO:0045859,ERRFI1
GO:0005737,HOXA9
GO:0005737,MEIS1
GO:0003677,PBX1
GO:0005737,PBX1
GO:0030218,PBX1
GO:0006417,CNBP
GO:0006417,PCBP2
GO:0003677,PBX3
GO:0005634,PBX3
GO:0030218,PBX3
GO:0035330,LATS1
GO:0035330,PCBP2
GO:0035330,SAV1
NA,LATS1
NA,PCBP1
NA,SAV1
NA,STK3
NA,STK4
GO:0032956,PDLIM4
GO:0032956,PTPN13
GO:0032956,TRIP6
GO:0035014,PDPK1
GO:0035014,PRG2
GO:0035014,PRKCD
GO:0035014,PRKCZ
NA,PEAK1
NA,PPP1CA
NA,SHC1
NA,PPP1CC
GO:0070372,BDKRB2
GO:0070372,GNAQ
GO:0007186,PECAM1
GO:0070372,PECAM1
GO:0007169,PECAM1
GO:0034405,PECAM1
GO:0048010,PECAM1
GO:1901342,PECAM1
GO:0008592,PELI1
GO:0008592,SMAD6
GO:0042752,BMAL1
GO:0042752,CDK9
GO:0042752,DDX5
GO:0042752,DHX9
GO:0042752,NCBP1
GO:0042752,PER2
GO:0042752,PER3
GO:0042752,POLR2A
NA,CBX3
NA,CRY1
NA,CSNK1E
NA,HDAC1
NA,PER2
NA,SUV39H1
NA,SUV39H2
NA,TRIM28
GO:0007043,CLDN1
GO:0061028,CLDN1
GO:0007043,ESAM
GO:0061028,ESAM
GO:0007043,OCLN
GO:0061028,OCLN
GO:0007043,PECAM1
GO:0061028,PECAM1
GO:0032355,PELP1
GO:0032870,PELP1
GO:0032355,SRC
GO:0032870,SRC
GO:0042752,SFPQ
GO:0042752,SIN3A
GO:0000398,PPIH
GO:0000398,PRPF3
GO:0000398,PRPF4
GO:0010498,XAF1
GO:0010498,XIAP
GO:0007179,PPM1A
GO:0007179,PTEN
GO:0010498,BIRC5
GO:0042981,BIRC5
GO:0042981,XIAP
GO:0000398,PRPF18
GO:0005634,PPM1A
GO:0071305,PPM1A
GO:0005634,VDR
GO:0071305,VDR
NA,PPP1R10
NA,TOX4
NA,WDR82
GO:1902275,PPP1CB
GO:1902275,PPP1R10
GO:1902275,TOX4
GO:1902275,WDR82
GO:1902275,PPP1CC
GO:0070262,EIF2S1
GO:0070262,NCK1
GO:0070262,PPP1CA
GO:0070262,PPP1R15B
GO:0006289,RPA3
GO:0005634,CETN2
GO:0006289,CETN2
GO:0005634,RAD23B
GO:0005634,XPC
GO:0005634,RAD23A
GO:0006289,RAD23A
GO:0005634,RANBP3
GO:0005737,RANBP3
GO:0006611,RANBP3
GO:0005634,XPO4
GO:0005737,XPO4
GO:0006611,XPO4
GO:0005770,DCTN1
GO:0043231,DCTN1
GO:0005770,OSBPL1A
GO:0043231,OSBPL1A
GO:0005770,RAB7A
GO:0043231,RAB7A
GO:0005770,RILP
GO:0043231,RILP
GO:0006611,XPO5
GO:0036503,DNAJB12
GO:0046718,DNAJB12
GO:1903513,DNAJB12
GO:0036503,DNAJB14
GO:0046718,DNAJB14
GO:1903513,DNAJB14
GO:0036503,HSPA8
GO:0046718,HSPA8
GO:1903513,HSPA8
GO:0036503,SGTA
GO:0046718,SGTA
GO:1903513,SGTA
GO:0005789,DNAJB12
GO:0005789,DNAJB14
GO:0005634,XPO6
GO:0005737,XPO6
GO:0006611,XPO6
GO:0005634,XPO7
GO:0005737,XPO7
GO:0006611,XPO7
GO:0005634,XPOT
GO:0005737,XPOT
GO:0006405,XPOT
GO:0005737,IPO4
GO:0006606,IPO4
GO:0006606,RAN
GO:0005634,IPO5
GO:0005737,IPO5
GO:0006610,IPO5
GO:0006610,RAN
GO:0005634,IPO7
GO:0005737,IPO7
GO:0006610,IPO7
GO:0005634,IPO11
GO:0005737,IPO11
GO:0006606,IPO11
GO:0006606,IPO13
GO:0006611,IPO13
GO:0006468,PPP3CB
GO:0006468,PPP3R1
GO:0019048,DNAJB14
GO:0030163,DNAJB14
GO:0045087,DNAJB14
GO:0019048,HSPA8
GO:0030163,HSPA8
GO:0045087,HSPA8
GO:0019048,HSPH1
GO:0030163,HSPH1
GO:0036503,HSPH1
GO:0045087,HSPH1
GO:0046718,HSPH1
GO:1903513,HSPH1
GO:0019048,SGTA
GO:0030163,SGTA
GO:0045087,SGTA
NA,PPP3CC
NA,PPP3R1
NA,PPP3CC
NA,PPP3R2
GO:0006355,CCNK
GO:0046718,CCNK
GO:0006355,CDK13
GO:0046718,CDK13
GO:0006974,CCNK
GO:0042772,CCNK
GO:0006355,CDK12
GO:0006974,CDK12
GO:0042772,CDK12
GO:0042073,RAB8A
GO:0005634,IPO9
GO:0005737,IPO9
GO:0006610,IPO9
GO:0005634,IPO8
GO:0005737,IPO8
GO:0006606,IPO8
GO:0006606,IPO7
GO:1901222,PTPN2
GO:1901222,RELA
GO:0055037,ASAP1
GO:0055037,RAB11A
GO:0055037,RAB11FIP3
GO:0042073,ARF4
GO:0042073,ASAP1
GO:0051607,CASP8
GO:0002221,FADD
GO:0042742,FADD
GO:0042981,FADD
GO:0045087,FADD
GO:0050727,FADD
GO:0051607,FADD
GO:0061702,FADD
GO:1990784,FADD
GO:0042981,MEFV
GO:0050727,MEFV
GO:0051607,MEFV
GO:1990784,MEFV
GO:0002221,RIPK1
GO:0042742,RIPK1
GO:0045087,RIPK1
GO:0050727,RIPK1
GO:0051607,RIPK1
GO:0061702,RIPK1
GO:1990784,RIPK1
GO:0002221,RIPK3
GO:0042742,RIPK3
GO:0042981,RIPK3
GO:0045087,RIPK3
GO:0050727,RIPK3
GO:0051607,RIPK3
GO:0061702,RIPK3
GO:1990784,RIPK3
GO:0002221,ZBP1
GO:0042742,ZBP1
GO:0042981,ZBP1
GO:0045087,ZBP1
GO:0050727,ZBP1
GO:0051607,ZBP1
GO:0061702,ZBP1
GO:1990784,ZBP1
GO:0004383,GUCY2D
GO:0007601,GUCY2D
GO:0004383,RD3
GO:0007601,RD3
GO:0002221,RIPK3
GO:0032481,RIPK3
GO:0051092,RIPK3
GO:0051607,RIPK3
GO:0097300,RIPK3
GO:1990784,RIPK3
GO:0002221,ZBP1
GO:0032481,ZBP1
GO:0045087,ZBP1
GO:0051092,ZBP1
GO:0051607,ZBP1
GO:0097300,ZBP1
GO:1990784,ZBP1
GO:0001523,MYO7A
GO:0007601,MYO7A
GO:0036372,MYO7A
GO:0044782,MYO7A
GO:0001523,RPE65
GO:0007601,RPE65
GO:0036372,RPE65
GO:0044782,RPE65
GO:0005886,BIRC2
GO:0033209,BIRC2
GO:0043066,BIRC2
GO:0043069,BIRC2
GO:0050727,BIRC2
GO:0051092,BIRC2
GO:0043066,RIPK1
GO:0043069,RIPK1
GO:0043066,TNFRSF1A
GO:0043069,TNFRSF1A
GO:0050727,TNFRSF1A
GO:0043066,TRADD
GO:0043069,TRADD
GO:0050727,TRADD
GO:0043066,TRAF2
GO:0043069,TRAF2
GO:0050727,TRAF2
GO:0001523,RDH5
GO:0007601,RDH5
GO:0001523,RGR
GO:0007601,RGR
GO:0001523,RPE65
GO:0007601,RPE65
GO:0005737,BIRC2
GO:0005737,CASP8
GO:0033209,CASP8
GO:0005737,FADD
GO:0033209,FADD
GO:0005737,RIPK1
GO:0005737,TRADD
GO:0005737,TRAF2
GO:0033209,RIPK1
GO:0050691,RIPK1
GO:0097300,RIPK1
GO:0033209,RIPK3
GO:0050691,RIPK3
GO:0005634,TNPO3
GO:0005737,TNPO3
GO:0006606,TNPO3
GO:0002221,CASP8
GO:0012501,CASP8
GO:0032651,CASP8
GO:0035666,CASP8
GO:0042742,CASP8
GO:0002221,FADD
GO:0012501,FADD
GO:0032651,FADD
GO:0035666,FADD
GO:0042742,FADD
GO:0002221,RIPK1
GO:0012501,RIPK1
GO:0032651,RIPK1
GO:0035666,RIPK1
GO:0042742,RIPK1
GO:0012501,ZBP1
GO:0032496,ZBP1
GO:0032651,ZBP1
GO:0035666,ZBP1
GO:0042742,ZBP1
GO:0005634,TNPO1
GO:0005737,TNPO1
GO:0006606,TNPO1
GO:0043067,CASP8
GO:0043067,FADD
GO:0043067,NLRP3
GO:0051607,NLRP3
GO:0043067,PYCARD
GO:0043067,RIPK1
GO:0043067,RIPK3
GO:0043067,ZBP1
GO:0002016,FOXM1
GO:0005634,FOXM1
GO:0006338,FOXM1
GO:0006355,FOXM1
GO:0006950,FOXM1
GO:0014898,FOXM1
GO:0002016,SMARCA4
GO:0006338,SMARCA4
GO:0006355,SMARCA4
GO:0006950,SMARCA4
GO:0014898,SMARCA4
GO:0032481,RIPK3
GO:0051092,RIPK3
GO:0032481,ZBP1
GO:0051092,ZBP1
GO:0097300,ZBP1
GO:0030163,CASP8
GO:0097300,CASP8
GO:0030163,CFLAR
GO:0097300,CFLAR
GO:0006915,CASP8
GO:0034612,CASP8
GO:0006915,CFLAR
GO:0034612,CFLAR
GO:0006915,FADD
GO:0034612,FADD
GO:0006915,RIPK1
GO:0034612,RIPK1
GO:0006915,RIPK3
GO:0034612,RIPK3
GO:0006913,RANBP1
GO:0000278,RANBP1
GO:0007601,AIPL1
GO:0061077,AIPL1
GO:0007601,HSP90AA1
GO:0061077,HSPA1A
GO:0007601,HSPA8
GO:0061077,HSPA8
GO:0001816,CASP8
GO:0007249,CASP8
GO:0001816,FADD
GO:0007249,FADD
GO:0001816,RIPK1
GO:0007249,RIPK1
GO:0048167,GRIN1
GO:0004972,GRIN2B
GO:0048167,GRIN2B
GO:0004972,PRR7
GO:0048167,PRR7
GO:0043666,PPP6C
GO:0043666,PPP6R1
GO:0043666,PPP6R3
GO:0007346,ANKRD28
GO:0007346,ANKRD44
GO:0007346,ANKRD52
GO:0007346,IGBP1
GO:0007346,PPP6C
GO:0007346,PPP6R1
GO:0007346,PPP6R2
GO:0007346,PPP6R3
GO:0005765,LAMTOR1
GO:0043408,LAMTOR1
GO:0071230,LAMTOR1
GO:1904263,LAMTOR1
GO:0005765,LAMTOR2
GO:0043408,LAMTOR2
GO:0071230,LAMTOR2
GO:1904263,LAMTOR2
GO:0005765,LAMTOR3
GO:0043408,LAMTOR3
GO:0071230,LAMTOR3
GO:1904263,LAMTOR3
GO:0005765,RRAGB
GO:0071230,RRAGB
GO:1904263,RRAGB
GO:0005765,RRAGD
GO:0071230,RRAGD
GO:1904263,RRAGD
NA,BMI1
NA,RNF2
NA,UBE2D3
GO:0000724,RAD51
GO:0000724,RAD51C
GO:0000724,XRCC3
GO:0001558,AKT1S1
GO:0005764,AKT1S1
GO:0006468,AKT1S1
GO:0031931,AKT1S1
GO:0032869,AKT1S1
GO:0038202,AKT1S1
GO:0042127,AKT1S1
GO:0051726,AKT1S1
GO:0071230,AKT1S1
GO:0001558,MLST8
GO:0005764,MLST8
GO:0006468,MLST8
GO:0031931,MLST8
GO:0032869,MLST8
GO:0038202,MLST8
GO:0042127,MLST8
GO:0051726,MLST8
GO:0071230,MLST8
GO:0001558,MTOR
GO:0005764,MTOR
GO:0006468,MTOR
GO:0031931,MTOR
GO:0032869,MTOR
GO:0038202,MTOR
GO:0042127,MTOR
GO:0051726,MTOR
GO:0071230,MTOR
GO:0001558,RPTOR
GO:0005764,RPTOR
GO:0006468,RPTOR
GO:0031931,RPTOR
GO:0032869,RPTOR
GO:0038202,RPTOR
GO:0042127,RPTOR
GO:0051726,RPTOR
GO:0071230,RPTOR
GO:0000724,NHEJ1
GO:0000724,XRCC4
GO:0007035,ATP6AP1
GO:0016471,ATP6AP1
GO:0016887,ATP6AP1
GO:0030665,ATP6AP1
GO:0030672,ATP6AP1
GO:0045851,ATP6AP1
GO:0046928,ATP6AP1
GO:0071230,ATP6AP1
GO:1902600,ATP6AP1
GO:0007035,ATP6AP2
GO:0016471,ATP6AP2
GO:0016887,ATP6AP2
GO:0030665,ATP6AP2
GO:0030672,ATP6AP2
GO:0045851,ATP6AP2
GO:0046928,ATP6AP2
GO:0071230,ATP6AP2
GO:1902600,ATP6AP2
GO:0007035,ATP6V0A1
GO:0016471,ATP6V0A1
GO:0016887,ATP6V0A1
GO:0030665,ATP6V0A1
GO:0030672,ATP6V0A1
GO:0045851,ATP6V0A1
GO:0046928,ATP6V0A1
GO:0071230,ATP6V0A1
GO:1902600,ATP6V0A1
GO:0007035,ATP6V0A4
GO:0016471,ATP6V0A4
GO:0016887,ATP6V0A4
GO:0030665,ATP6V0A4
GO:0030672,ATP6V0A4
GO:0045851,ATP6V0A4
GO:0046928,ATP6V0A4
GO:0071230,ATP6V0A4
GO:1902600,ATP6V0A4
GO:0007035,ATP6V0C
GO:0016471,ATP6V0C
GO:0016887,ATP6V0C
GO:0030665,ATP6V0C
GO:0030672,ATP6V0C
GO:0045851,ATP6V0C
GO:0046928,ATP6V0C
GO:0071230,ATP6V0C
GO:1902600,ATP6V0C
GO:0007035,ATP6V0D1
GO:0016471,ATP6V0D1
GO:0016887,ATP6V0D1
GO:0030665,ATP6V0D1
GO:0030672,ATP6V0D1
GO:0045851,ATP6V0D1
GO:0046928,ATP6V0D1
GO:0071230,ATP6V0D1
GO:1902600,ATP6V0D1
GO:0007035,ATP6V0E2
GO:0016471,ATP6V0E2
GO:0016887,ATP6V0E2
GO:0030665,ATP6V0E2
GO:0030672,ATP6V0E2
GO:0045851,ATP6V0E2
GO:0046928,ATP6V0E2
GO:0071230,ATP6V0E2
GO:1902600,ATP6V0E2
GO:0007035,ATP6V1B2
GO:0016471,ATP6V1B2
GO:0016887,ATP6V1B2
GO:0030665,ATP6V1B2
GO:0030672,ATP6V1B2
GO:0045851,ATP6V1B2
GO:0046928,ATP6V1B2
GO:0071230,ATP6V1B2
GO:1902600,ATP6V1B2
GO:0007035,ATP6V1C1
GO:0016471,ATP6V1C1
GO:0016887,ATP6V1C1
GO:0030665,ATP6V1C1
GO:0030672,ATP6V1C1
GO:0045851,ATP6V1C1
GO:0046928,ATP6V1C1
GO:0071230,ATP6V1C1
GO:1902600,ATP6V1C1
GO:0007035,ATP6V1D
GO:0016471,ATP6V1D
GO:0016887,ATP6V1D
GO:0030665,ATP6V1D
GO:0030672,ATP6V1D
GO:0045851,ATP6V1D
GO:0046928,ATP6V1D
GO:0071230,ATP6V1D
GO:1902600,ATP6V1D
GO:0007035,ATP6V1E1
GO:0016471,ATP6V1E1
GO:0016887,ATP6V1E1
GO:0030665,ATP6V1E1
GO:0030672,ATP6V1E1
GO:0045851,ATP6V1E1
GO:0046928,ATP6V1E1
GO:0071230,ATP6V1E1
GO:1902600,ATP6V1E1
GO:0007035,ATP6V1F
GO:0016471,ATP6V1F
GO:0016887,ATP6V1F
GO:0030665,ATP6V1F
GO:0030672,ATP6V1F
GO:0045851,ATP6V1F
GO:0046928,ATP6V1F
GO:0071230,ATP6V1F
GO:1902600,ATP6V1F
GO:0007035,ATP6V1G2
GO:0016471,ATP6V1G2
GO:0016887,ATP6V1G2
GO:0030665,ATP6V1G2
GO:0030672,ATP6V1G2
GO:0045851,ATP6V1G2
GO:0046928,ATP6V1G2
GO:0071230,ATP6V1G2
GO:1902600,ATP6V1G2
GO:0007035,RNASEK
GO:0016471,RNASEK
GO:0016887,RNASEK
GO:0030665,RNASEK
GO:0030672,RNASEK
GO:0045851,RNASEK
GO:0046928,RNASEK
GO:0071230,RNASEK
GO:1902600,RNASEK
GO:0004722,PPP4C
GO:0004722,PPP4R1
GO:0016791,PPP4C
GO:0016791,PPP4R2
GO:0006470,PPP4R3B
GO:0016791,PPP4R3B
GO:0006470,PPP4R3A
GO:0016791,PPP4R3A
GO:0005829,PPP4C
GO:0004722,PPP4R4
GO:0005829,PPP4R4
NA,HSPA1A
NA,PPP5C
NA,TSC1
NA,TSC2
GO:0002221,PPP6C
GO:0005739,PPP6C
GO:0039535,PPP6C
GO:0045087,PPP6C
GO:0002221,TRIM14
GO:0005739,TRIM14
GO:0039535,TRIM14
GO:0045087,TRIM14
GO:0002221,WRNIP1
GO:0005739,WRNIP1
GO:0039535,WRNIP1
GO:0045087,WRNIP1
NA,ANKRD28
NA,PPP6C
NA,PPP6R1
NA,ANKRD44
NA,PPP6R3
NA,ANKRD52
GO:0005085,LAMTOR1
GO:0006622,LAMTOR1
GO:0005085,LAMTOR2
GO:0006622,LAMTOR2
GO:0005085,LAMTOR3
GO:0006622,LAMTOR3
GO:0005085,LAMTOR4
GO:0005765,LAMTOR4
GO:0006622,LAMTOR4
GO:0071230,LAMTOR4
GO:1904263,LAMTOR4
GO:0005085,LAMTOR5
GO:0005765,LAMTOR5
GO:0006622,LAMTOR5
GO:0071230,LAMTOR5
GO:1904263,LAMTOR5
GO:0005765,RRAGA
GO:0071230,RRAGA
GO:1904263,RRAGA
GO:0005765,RRAGC
GO:0071230,RRAGC
GO:1904263,RRAGC
GO:0006351,CRX
GO:0006351,NR2E3
GO:0006468,MAPKAP1
GO:0007010,MAPKAP1
GO:0030307,MAPKAP1
GO:0031932,MAPKAP1
GO:0038203,MAPKAP1
GO:0051897,MAPKAP1
GO:0007010,MLST8
GO:0030307,MLST8
GO:0031932,MLST8
GO:0038203,MLST8
GO:0051897,MLST8
GO:0007010,MTOR
GO:0030307,MTOR
GO:0031932,MTOR
GO:0038203,MTOR
GO:0051897,MTOR
GO:0006468,PRR5
GO:0007010,PRR5
GO:0030307,PRR5
GO:0031932,PRR5
GO:0038203,PRR5
GO:0051897,PRR5
GO:0006468,RICTOR
GO:0007010,RICTOR
GO:0030307,RICTOR
GO:0031932,RICTOR
GO:0038203,RICTOR
GO:0051897,RICTOR
GO:0006468,PRR5L
GO:0007010,PRR5L
GO:0030307,PRR5L
GO:0031932,PRR5L
GO:0038203,PRR5L
GO:0051897,PRR5L
NA,IL15RA
NA,TGFBR2
GO:0050776,KLRC1
GO:0050776,KLRD1
GO:0009314,DLD
GO:0009314,NFE2L1
GO:0009314,RAN
GO:0005634,DTX3L
GO:0032870,DTX3L
GO:0005634,PARP9
GO:0032870,PARP9
GO:0031625,DNMT1
GO:0140993,DNMT1
GO:0141119,DNMT1
GO:0003886,UHRF1
GO:0031625,UHRF1
GO:0140993,UHRF1
GO:0141119,UHRF1
GO:0003886,USP7
GO:0031625,USP7
GO:0140993,USP7
GO:0141119,USP7
NA,ALDOB
GO:0016492,GNAI1
GO:0016492,GNB1
GO:0016492,GNGT1
GO:0007186,NTS
GO:0016492,NTS
GO:0016492,NTSR1
GO:1903900,CAV1
GO:1903900,OCLN
GO:1903900,PDCD6IP
GO:0051169,GSK3B
GO:0006468,SRPK1
GO:0051169,SRPK1
GO:0006468,WNK1
GO:0051169,WNK1
GO:0006950,KEAP1
GO:0050727,KEAP1
GO:0006950,NFE2L2
GO:0050727,NFE2L2
GO:0007186,ADCYAP1
GO:0007190,ADCYAP1
GO:0007190,GNAS
GO:0007190,GNB1
GO:0007190,GNG2
GO:0007190,VIPR1
GO:0006974,TELO2
GO:0010212,TELO2
GO:0072423,TELO2
GO:1901976,TELO2
GO:0006974,TTI1
GO:0010212,TTI1
GO:0072423,TTI1
GO:1901976,TTI1
GO:0006974,TTI2
GO:0010212,TTI2
GO:0072423,TTI2
GO:1901976,TTI2
GO:1905323,DKC1
GO:1905323,RUVBL1
GO:1905323,RUVBL2
GO:0016887,RUVBL1
GO:0016887,RUVBL2
GO:0016887,TERT
GO:1905323,TERT
GO:0004674,SMG1
GO:0005737,SMG1
GO:2000622,SMG1
GO:0004674,SMG8
GO:0005737,SMG8
GO:2000622,SMG8
GO:0004674,SMG9
GO:0005737,SMG9
GO:2000622,SMG9
GO:0004799,DHFR
GO:0005634,DHFR
GO:0005829,DHFR
GO:0006231,DHFR
GO:0009165,DHFR
GO:0004799,SHMT1
GO:0005634,SHMT1
GO:0005829,SHMT1
GO:0006231,SHMT1
GO:0009165,SHMT1
GO:0004799,TYMS
GO:0005634,TYMS
GO:0005829,TYMS
GO:0006231,TYMS
GO:0009165,TYMS
GO:0005730,NOL11
GO:0007059,NOL11
GO:0005730,UTP4
GO:0007059,UTP4
GO:0005730,WDR43
GO:0007059,WDR43
GO:0048471,AP1G1
GO:0006886,LZTFL1
GO:0048471,LZTFL1
GO:0006886,TFRC
GO:0048471,TFRC
GO:0001666,EGLN3
GO:1902071,EGLN3
GO:0001666,PKM
GO:1900037,PKM
GO:1902071,PKM
GO:0003924,GPN1
GO:0005525,GPN1
GO:0003924,GPN3
GO:0005525,GPN3
GO:0016477,ANXA2
GO:0016477,MMP2
GO:0016477,WFDC2
GO:0017015,SKIL
GO:0017015,SMAD3
GO:0017015,SMAD4
GO:0008333,RAB24
GO:0008333,RAB27A
GO:0008333,RILP
NA,CTNND1
NA,RHOH
GO:0006914,AP2A1
GO:0030119,AP2A1
GO:0038024,AP2A1
GO:0072583,AP2A1
GO:0006914,AP2B1
GO:0030119,AP2B1
GO:0038024,AP2B1
GO:0072583,AP2B1
GO:0006914,AP2M1
GO:0030119,AP2M1
GO:0038024,AP2M1
GO:0072583,AP2M1
GO:0006914,PICALM
GO:0030119,PICALM
GO:0038024,PICALM
GO:0072583,PICALM
GO:0097428,LTO1
GO:0097428,YAE1
GO:0022411,DNAJB1
GO:0022411,HSPA4
GO:0022411,HSPA8
GO:0008285,MDM2
GO:0008285,RSL1D1
GO:0008285,TP53
GO:0030532,SMN1
GO:0051030,SMN1
GO:0003700,RBL1
GO:0007049,RBL1
GO:0008134,RBL1
GO:0035189,RBL1
GO:0005634,PURA
GO:0045892,PURA
GO:0005634,PURB
GO:0045892,PURB
GO:0005634,YBX1
GO:0005391,ATP1A2
GO:0005890,ATP1A2
GO:0005391,FXYD1
GO:0005890,FXYD1
GO:0005634,ERI1
GO:0008334,ERI1
GO:0031124,ERI1
GO:0005634,HNRNPAB
GO:0008334,HNRNPAB
GO:0031124,HNRNPAB
GO:0005634,HNRNPR
GO:0008334,HNRNPR
GO:0031124,HNRNPR
GO:0005634,LSM10
GO:0008334,LSM10
GO:0031124,LSM10
GO:0005634,LSM11
GO:0008334,LSM11
GO:0031124,LSM11
GO:0005634,SLBP
GO:0008334,SLBP
GO:0031124,SLBP
GO:0005634,SNRPB
GO:0008334,SNRPB
GO:0031124,SNRPB
GO:0005634,SNRPD3
GO:0008334,SNRPD3
GO:0031124,SNRPD3
GO:0005634,SYNCRIP
GO:0008334,SYNCRIP
GO:0031124,SYNCRIP
GO:0048255,PABPC1
GO:0048255,YBX2
GO:0005737,YBX2
GO:0005737,YBX3
GO:0048255,YBX3
GO:0008494,PAIP1
GO:0008494,YBX2
GO:0008494,PAIP1
GO:0008494,YBX2
GO:0071013,AQR
GO:0071013,BCAS2
GO:0000398,BUD31
GO:0071013,BUD31
GO:0000398,CASC3
GO:0071013,CASC3
GO:0071013,CDC40
GO:0071013,CDC5L
GO:0071013,CRNKL1
GO:0071013,CWC15
GO:0071013,CWC22
GO:0000398,CWC25
GO:0071013,CWC25
GO:0071013,DHX38
GO:0071013,EFTUD2
GO:0071013,EIF4A3
GO:0071013,ISY1
GO:0071013,MAGOH
GO:0071013,PLRG1
GO:0071013,PPIE
GO:0000398,PPIG
GO:0071013,PPIG
GO:0071013,PPIL1
GO:0071013,PPWD1
GO:0071013,PRPF19
GO:0071013,PRPF8
GO:0071013,RBM22
GO:0071013,RBM8A
GO:0071013,SNRNP200
GO:0071013,SNRPA1
GO:0071013,SNRPB
GO:0071013,SNRPB2
GO:0071013,SNRPD1
GO:0071013,SNRPD2
GO:0071013,SNRPD3
GO:0071013,SNRPE
GO:0071013,SNRPF
GO:0071013,SNRPG
GO:0071013,SNW1
GO:0071013,SRRM2
GO:0071013,SYF2
GO:0071013,XAB2
GO:0000398,YJU2
GO:0071013,YJU2
GO:0000398,LSM4
GO:0005681,LSM4
GO:0000398,LSM5
GO:0005681,LSM5
GO:0000398,LSM6
GO:0005681,LSM6
GO:0000398,LSM7
GO:0005681,LSM7
GO:0000398,LSM8
GO:0005681,LSM8
GO:0000398,PHF5A
GO:0005681,PHF5A
GO:0005681,PRPF3
GO:0000398,PRPF31
GO:0005681,PRPF31
GO:0005681,PRPF4
GO:0005681,SF3B4
GO:0005681,SF3B5
GO:0005681,SF3B6
GO:0000398,SNU13
GO:0005681,SNU13
GO:0000398,TXNL4A
GO:0005681,TXNL4A
GO:0000398,USP39
GO:0005681,USP39
GO:0000398,MFAP1
GO:0005681,MFAP1
GO:0005681,PPIH
GO:0000398,PRPF38A
GO:0005681,PRPF38A
GO:0000398,SMU1
GO:0005681,SMU1
GO:0000398,UBL5
GO:0005681,UBL5
GO:0000398,WBP4
GO:0005681,WBP4
GO:0000398,ZMAT2
GO:0005681,ZMAT2
GO:0005681,ACIN1
GO:0000398,AGGF1
GO:0005681,AGGF1
GO:0005681,BCAS2
GO:0000398,BUB3
GO:0005681,BUB3
GO:0000398,CCAR1
GO:0005681,CCAR1
GO:0000398,CCAR2
GO:0005681,CCAR2
GO:0000398,CD2BP2
GO:0005681,CD2BP2
GO:0000398,CDK11A
GO:0005681,CDK11A
GO:0000398,CFAP20
GO:0005681,CFAP20
GO:0000398,CHERP
GO:0005681,CHERP
GO:0000398,CIRBP
GO:0005681,CIRBP
GO:0005681,CTNNBL1
GO:0000398,DDX17
GO:0005681,DDX17
GO:0000398,DDX42
GO:0005681,DDX42
GO:0000398,DDX46
GO:0005681,DDX46
GO:0005681,DHX15
GO:0000398,DHX9
GO:0005681,DHX9
GO:0000398,DNAJC8
GO:0005681,DNAJC8
GO:0000398,ELAVL1
GO:0005681,ELAVL1
GO:0000398,FUS
GO:0005681,FUS
GO:0000398,HNRNPAB
GO:0005681,HNRNPAB
GO:0000398,HNRNPUL1
GO:0005681,HNRNPUL1
GO:0005681,HSPA8
GO:0000398,HTATSF1
GO:0005681,HTATSF1
GO:0000398,ILF2
GO:0005681,ILF2
GO:0000398,ILF3
GO:0005681,ILF3
GO:0000398,NCBP1
GO:0005681,NCBP1
GO:0000398,NCBP2
GO:0005681,NCBP2
GO:0000398,NRIP2
GO:0005681,NRIP2
GO:0000398,PCBP1
GO:0005681,PCBP1
GO:0000398,PPP1CA
GO:0005681,PPP1CA
GO:0000398,PPP1R8
GO:0005681,PPP1R8
GO:0000398,PQBP1
GO:0005681,PQBP1
GO:0000398,PRCC
GO:0005681,PRCC
GO:0000398,PRPF40A
GO:0005681,PRPF40A
GO:0000398,PUF60
GO:0005681,PUF60
GO:0000398,RBM10
GO:0005681,RBM10
GO:0000398,RBM17
GO:0005681,RBM17
GO:0000398,RBM25
GO:0005681,RBM25
GO:0000398,RBM39
GO:0005681,RBM39
GO:0000398,RBM5
GO:0005681,RBM5
GO:0000398,SAP30BP
GO:0005681,SAP30BP
GO:0000398,SEC31B
GO:0005681,SEC31B
GO:0000398,SF1
GO:0005681,SF1
GO:0000398,SMNDC1
GO:0005681,SMNDC1
GO:0000398,SNRNP70
GO:0005681,SNRNP70
GO:0000398,SNRPA
GO:0005681,SNRPA
GO:0000398,SNRPC
GO:0005681,SNRPC
GO:0000398,SRRT
GO:0005681,SRRT
GO:0000398,SRSF2
GO:0005681,SRSF2
GO:0000398,SRSF3
GO:0005681,SRSF3
GO:0005681,SRSF4
GO:0005681,SRSF5
GO:0005681,SRSF6
GO:0005681,SRSF7
GO:0000398,SRSF9
GO:0005681,SRSF9
GO:0000398,SUGP1
GO:0005681,SUGP1
GO:0000398,TCERG1
GO:0005681,TCERG1
GO:0000398,TRA2B
GO:0005681,TRA2B
GO:0000398,TRIR
GO:0005681,TRIR
GO:0000398,U2AF2
GO:0005681,U2AF2
GO:0000398,U2SURP
GO:0005681,U2SURP
GO:0000398,WBP11
GO:0005681,WBP11
GO:0005681,YBX1
GO:0000398,ZC3H18
GO:0005681,ZC3H18
GO:0000398,ZNF207
GO:0005681,ZNF207
GO:0005743,GJA1
GO:0006839,GJA1
GO:0031072,GJA1
GO:0051879,GJA1
GO:0005743,HSP90AA1
GO:0006839,HSP90AA1
GO:0031072,HSP90AA1
GO:0051879,HSP90AA1
GO:0005743,TOMM20
GO:0031072,TOMM20
GO:0051879,TOMM20
GO:0006355,PCGF1
GO:0035102,PCGF1
GO:0035102,RING1
GO:0006355,RNF2
GO:0035102,RNF2
GO:0006355,RYBP
GO:0035102,RYBP
GO:0006355,YAF2
GO:0035102,YAF2
GO:0006355,BCOR
GO:0035102,BCOR
GO:0006355,BCORL1
GO:0035102,BCORL1
GO:0006355,KDM2B
GO:0035102,KDM2B
GO:0035102,SKP1
GO:0035102,USP7
GO:0006355,PCGF2
GO:0035102,PCGF2
GO:0006355,CBX2
GO:0035102,CBX2
GO:0006355,CBX4
GO:0035102,CBX4
GO:0035102,CBX8
GO:0006355,PHC1
GO:0035102,PHC1
GO:0006355,PHC2
GO:0035102,PHC2
GO:0006355,PHC3
GO:0035102,PHC3
GO:0006355,SCMH1
GO:0035102,SCMH1
GO:0006355,SCML1
GO:0035102,SCML1
GO:0006355,AUTS2
GO:0035102,AUTS2
GO:0006355,CSNK2A1
GO:0035102,CSNK2A1
GO:0006355,CSNK2A2
GO:0035102,CSNK2A2
GO:0006355,CSNK2B
GO:0035102,CSNK2B
GO:0006355,FBRS
GO:0035102,FBRS
GO:0006355,FBRSL1
GO:0035102,FBRSL1
GO:0006355,PCGF3
GO:0035102,PCGF3
GO:0035102,BMI1
GO:0006355,CBX6
GO:0035102,CBX6
GO:0006355,PCGF5
GO:0035102,PCGF5
GO:0006355,CBX3
GO:0035102,CBX3
GO:0006355,E2F6
GO:0035102,E2F6
GO:0035102,HDAC1
GO:0035102,HDAC2
GO:0006355,L3MBTL2
GO:0035102,L3MBTL2
GO:0006355,MAX
GO:0035102,MAX
GO:0006355,MGA
GO:0035102,MGA
GO:0006355,PCGF6
GO:0035102,PCGF6
GO:0035102,TFDP1
GO:0035102,WDR5
GO:0000398,ACTBL2
GO:0005681,ACTBL2
GO:0000398,ACTL6A
GO:0005681,ACTL6A
GO:0000398,ARID1A
GO:0005681,ARID1A
GO:0000398,ARID1B
GO:0005681,ARID1B
GO:0000398,ARID2
GO:0005681,ARID2
GO:0000398,CHD4
GO:0005681,CHD4
GO:0000398,CHD8
GO:0005681,CHD8
GO:0000398,CPSF1
GO:0005681,CPSF1
GO:0000398,CPSF6
GO:0005681,CPSF6
GO:0000398,CPSF7
GO:0005681,CPSF7
GO:0000398,DDX20
GO:0005681,DDX20
GO:0000398,DDX39A
GO:0005681,DDX39A
GO:0000398,DDX39B
GO:0005681,DDX39B
GO:0000398,GEMIN2
GO:0005681,GEMIN2
GO:0000398,GEMIN4
GO:0005681,GEMIN4
GO:0000398,GEMIN5
GO:0005681,GEMIN5
GO:0000398,GEMIN6
GO:0005681,GEMIN6
GO:0000398,GEMIN8
GO:0005681,GEMIN8
GO:0000398,HNRNPA0
GO:0005681,HNRNPA0
GO:0000398,HNRNPD
GO:0005681,HNRNPD
GO:0000398,HNRNPL
GO:0005681,HNRNPL
GO:0000398,KHSRP
GO:0005681,KHSRP
GO:0000398,LUC7L2
GO:0005681,LUC7L2
GO:0000398,LUC7L3
GO:0005681,LUC7L3
GO:0000398,NUDT21
GO:0005681,NUDT21
GO:0000398,PBRM1
GO:0005681,PBRM1
GO:0000398,PCBP2
GO:0005681,PCBP2
GO:0000398,RBM42
GO:0005681,RBM42
GO:0000398,RBM7
GO:0005681,RBM7
GO:0000398,RBMXL2
GO:0005681,RBMXL2
GO:0000398,RUVBL1
GO:0005681,RUVBL1
GO:0000398,RUVBL2
GO:0005681,RUVBL2
GO:0000398,SART3
GO:0005681,SART3
GO:0000398,SCAF4
GO:0005681,SCAF4
GO:0000398,SFSWAP
GO:0005681,SFSWAP
GO:0000398,SMARCA1
GO:0005681,SMARCA1
GO:0000398,SMARCA2
GO:0005681,SMARCA2
GO:0000398,SMARCA4
GO:0005681,SMARCA4
GO:0000398,SMARCB1
GO:0005681,SMARCB1
GO:0000398,SMARCC1
GO:0005681,SMARCC1
GO:0000398,SMARCC2
GO:0005681,SMARCC2
GO:0000398,SMARCD1
GO:0005681,SMARCD1
GO:0000398,SMARCE1
GO:0005681,SMARCE1
GO:0000398,SMN1
GO:0005681,SMN1
GO:0000398,SREK1
GO:0005681,SREK1
GO:0000398,SRSF11
GO:0005681,SRSF11
GO:0000398,SRSF8
GO:0005681,SRSF8
GO:0000398,STRAP
GO:0005681,STRAP
GO:0005770,VAMP8
GO:0005886,GPR158
GO:0007186,GPR158
GO:0005886,RGS7
GO:0007186,RGS6
GO:0005886,RGS7BP
GO:0007186,RGS7BP
GO:1990603,GNB5
GO:0005886,GPR179
GO:0007186,GPR179
GO:1990603,GPR179
GO:0005886,RGS6
GO:1990603,RGS6
GO:1990603,RGS7
GO:1990603,RGS9
GO:0005886,RGS11
GO:0007186,RGS11
GO:1990603,RGS11
GO:0007186,RGS7BP
GO:0008047,MAP3K7
GO:0043085,MAP3K7
GO:0008047,TAB2
GO:0043085,TAB2
GO:0043008,CASP9
GO:0089720,CASP9
GO:0043008,NAIP
GO:0089720,NAIP
GO:0000151,ARMC8
GO:0001558,ARMC8
GO:0010499,ARMC8
GO:0016567,ARMC8
GO:0061630,ARMC8
GO:0000151,GID4
GO:0001558,GID4
GO:0010499,GID4
GO:0016567,GID4
GO:0061630,GID4
GO:0000151,GID8
GO:0001558,GID8
GO:0010499,GID8
GO:0016567,GID8
GO:0061630,GID8
GO:0000151,MAEA
GO:0001558,MAEA
GO:0010499,MAEA
GO:0016567,MAEA
GO:0061630,MAEA
GO:0000151,MKLN1
GO:0001558,MKLN1
GO:0010499,MKLN1
GO:0016567,MKLN1
GO:0061630,MKLN1
GO:0000151,RANBP10
GO:0001558,RANBP10
GO:0010499,RANBP10
GO:0016567,RANBP10
GO:0061630,RANBP10
GO:0000151,RANBP9
GO:0001558,RANBP9
GO:0010499,RANBP9
GO:0016567,RANBP9
GO:0061630,RANBP9
GO:0000151,RMND5A
GO:0001558,RMND5A
GO:0010499,RMND5A
GO:0016567,RMND5A
GO:0061630,RMND5A
GO:0000151,WDR26
GO:0001558,WDR26
GO:0010499,WDR26
GO:0016567,WDR26
GO:0061630,WDR26
GO:0000151,YPEL5
GO:0001558,YPEL5
GO:0010499,YPEL5
GO:0016567,YPEL5
GO:0061630,YPEL5
GO:0000151,RMND5B
GO:0010499,RMND5B
GO:0016567,RMND5B
GO:0061630,RMND5B
GO:0005216,CACNA1A
GO:0006812,CACNA1A
GO:0008324,CACNA1A
GO:0005216,CACNA1B
GO:0006812,CACNA1B
GO:0008324,CACNA1B
GO:0005216,DYNLT1
GO:0006812,DYNLT1
GO:0008324,DYNLT1
GO:0090331,CSK
GO:0090331,HSP90AA1
GO:0090331,HSPA8
GO:0006355,CSNK1A1
GO:0031959,CSNK1A1
GO:0071383,CSNK1A1
GO:0006355,CSNK1E
GO:0031959,CSNK1E
GO:0071383,CSNK1E
GO:0031959,NR3C2
GO:0071383,NR3C2
GO:0000151,MAGEA3
GO:0006511,MAGEA3
GO:0000151,MAGEC2
GO:0006511,MAGEC2
GO:0000151,TRIM28
GO:0006511,TRIM28
GO:0032456,CA9
GO:0032456,MYCBPAP
GO:0060491,CDC42
GO:0060491,FCHSD2
GO:0060491,WASL
GO:1901019,CACNA1C
GO:1901019,GJA1
GO:0140938,DOT1L
GO:0140938,MLLT10
GO:0005739,MTERF4
GO:0042255,MTERF4
GO:0005739,NSUN4
GO:0042255,NSUN4
GO:0006879,HFE
GO:0006879,HJV
GO:0006879,TFR2
GO:0006355,MED25
GO:0006355,SOX9
GO:0001530,LY96
GO:0002224,LY96
GO:0032496,LY96
GO:0034142,LY96
GO:0042742,LY96
GO:0045087,LY96
GO:0045893,LY96
GO:0051092,LY96
GO:0045893,TLR4
GO:0000151,MAGEA2
GO:0005634,MAGEA2
GO:0006511,MAGEA2
GO:0016567,SMC3
GO:0016579,SMC3
GO:0016567,STAG2
GO:0016579,STAG2
GO:0016567,USP13
GO:0016579,USP13
GO:0001530,CD14
GO:0002221,CD14
GO:0002224,CD14
GO:0031663,CD14
GO:0032496,CD14
GO:0034142,CD14
GO:0042742,CD14
GO:0045087,CD14
GO:0045893,CD14
GO:0051092,CD14
GO:0002221,LY96
GO:0031663,LY96
GO:0031663,TLR4
GO:1903426,DUOX1
GO:1903426,DUOXA1
GO:0030182,DUOXA1
GO:0030182,LMNA
GO:0000151,MAGEA6
GO:0006511,MAGEA6
GO:0005634,MAGEC2
GO:0000151,MAGED1
GO:0000151,PJA1
GO:0000151,MAGEF1
GO:0000151,NSMCE1
GO:0000151,NSMCE3
GO:0000151,MAGEL2
GO:0000151,TRIM27
GO:0001540,CD36
GO:0002221,CD36
GO:0002224,CD36
GO:0002755,CD36
GO:0006952,CD36
GO:0030169,CD36
GO:0032732,CD36
GO:0035666,CD36
GO:0045087,CD36
GO:0050729,CD36
GO:0051092,CD36
GO:0140052,CD36
GO:0001540,TLR4
GO:0030169,TLR4
GO:0032732,TLR4
GO:0035666,TLR4
GO:0050729,TLR4
GO:0140052,TLR4
GO:0001540,TLR6
GO:0002221,TLR6
GO:0002224,TLR6
GO:0002755,TLR6
GO:0006952,TLR6
GO:0030169,TLR6
GO:0032732,TLR6
GO:0035666,TLR6
GO:0045087,TLR6
GO:0050729,TLR6
GO:0051092,TLR6
GO:0140052,TLR6
GO:0002221,CEACAM1
GO:0009617,CEACAM1
GO:0032496,CEACAM1
GO:0032691,CEACAM1
GO:0034121,CEACAM1
GO:0035821,CEACAM1
GO:0045087,CEACAM1
GO:0050728,CEACAM1
GO:0002221,SYK
GO:0009617,SYK
GO:0032496,SYK
GO:0032691,SYK
GO:0034121,SYK
GO:0035821,SYK
GO:0045087,SYK
GO:0050728,SYK
GO:0002221,TLR4
GO:0009617,TLR4
GO:0032496,TLR4
GO:0032691,TLR4
GO:0034121,TLR4
GO:0035821,TLR4
GO:0045087,TLR4
GO:0050728,TLR4
GO:0000165,MAPK14
GO:0001816,MAPK14
GO:0006954,MAPK14
GO:0006955,MAPK14
GO:0000165,PRKCD
GO:0001816,PRKCD
GO:0006954,PRKCD
GO:0006955,PRKCD
GO:0000165,TIRAP
GO:0001816,TIRAP
GO:0006954,TIRAP
GO:0006955,TIRAP
GO:0002221,MAP3K7
GO:0002224,MAP3K7
GO:0031347,MAP3K7
GO:0034138,MAP3K7
GO:0043331,MAP3K7
GO:0043410,MAP3K7
GO:0045087,MAP3K7
GO:0002221,TAB2
GO:0002224,TAB2
GO:0031347,TAB2
GO:0034138,TAB2
GO:0043331,TAB2
GO:0043410,TAB2
GO:0045087,TAB2
GO:0002221,TLR3
GO:0002224,TLR3
GO:0031347,TLR3
GO:0034138,TLR3
GO:0043331,TLR3
GO:0043410,TLR3
GO:0045087,TLR3
GO:0051092,TLR3
GO:0002221,TRAF6
GO:0002224,TRAF6
GO:0031347,TRAF6
GO:0034138,TRAF6
GO:0043331,TRAF6
GO:0043410,TRAF6
GO:0045087,TRAF6
GO:0051092,TRAF6
GO:0000932,CNOT1
GO:0006402,CNOT1
GO:0000932,CNOT3
GO:0006402,CNOT3
GO:0000932,CNOT6L
GO:0006402,CNOT6L
GO:0000932,CNOT7
GO:0006402,CNOT7
GO:0000932,CNOT9
GO:0006402,CNOT9
GO:0000932,NANOS2
GO:0006402,NANOS2
GO:0006952,IRAK1
GO:0006955,IRAK1
GO:0006952,TOLLIP
GO:0006955,TOLLIP
GO:0045087,TOLLIP
GO:0070498,TOLLIP
GO:0006952,IL1R1
GO:0006955,IL1R1
GO:0019221,IL1R1
GO:0045087,IL1R1
GO:0050727,IL1R1
GO:0051092,IL1R1
GO:0070498,IL1R1
GO:0070555,IL1R1
GO:0006952,IL1RAP
GO:0006955,IL1RAP
GO:0019221,IL1RAP
GO:0045087,IL1RAP
GO:0050727,IL1RAP
GO:0051092,IL1RAP
GO:0070498,IL1RAP
GO:0070555,IL1RAP
GO:0019221,IRAK1
GO:0050727,IRAK1
GO:0051092,IRAK1
GO:0070555,IRAK1
GO:0006955,MYD88
GO:0019221,MYD88
GO:0050727,MYD88
GO:0070498,MYD88
GO:0070555,MYD88
GO:0019221,TOLLIP
GO:0050727,TOLLIP
GO:0051092,TOLLIP
GO:0070555,TOLLIP
GO:0002250,IL1A
GO:0004908,IL1A
GO:0006952,IL1A
GO:0019221,IL1A
GO:0034097,IL1A
GO:0045087,IL1A
GO:0050727,IL1A
GO:0051092,IL1A
GO:0070498,IL1A
GO:0070555,IL1A
GO:0002250,IL1R1
GO:0004908,IL1R1
GO:0006952,IL1R1
GO:0019221,IL1R1
GO:0034097,IL1R1
GO:0045087,IL1R1
GO:0050727,IL1R1
GO:0051092,IL1R1
GO:0070498,IL1R1
GO:0070555,IL1R1
GO:0002250,IL1RAP
GO:0004908,IL1RAP
GO:0006952,IL1RAP
GO:0019221,IL1RAP
GO:0034097,IL1RAP
GO:0045087,IL1RAP
GO:0050727,IL1RAP
GO:0051092,IL1RAP
GO:0070498,IL1RAP
GO:0070555,IL1RAP
GO:0000288,TOB1
GO:0006355,TOB1
GO:0045893,AR
GO:2000825,AR
GO:0005634,MAGEA11
GO:0032870,MAGEA11
GO:0033574,MAGEA11
GO:0045893,MAGEA11
GO:2000825,MAGEA11
GO:0006355,MAGED1
GO:0045595,MAGED1
GO:0045595,MSX2
GO:0006355,NDN
GO:0045595,NDN
GO:0007601,CALM
GO:0032391,CALM
GO:0007601,IQCB1
GO:0032391,IQCB1
GO:0032391,RPGR
GO:0007165,CBL
GO:0016567,CBL
GO:0034334,CBL
GO:0007165,EGFR
GO:0034334,EGFR
GO:0007165,VAV2
GO:0016567,VAV2
GO:0034334,VAV2
GO:0016579,ASXL1
GO:0016579,BAP1
GO:0016579,ASXL2
GO:0090398,ASXL2
GO:0090398,BAP1
GO:0016567,KBTBD6
GO:0016567,KBTBD7
GO:0035459,AP3D1
GO:0097443,AP3D1
GO:1903232,AP3D1
GO:0035459,AP3S1
GO:0097443,AP3S1
GO:1903232,AP3S1
GO:0035459,KIF3A
GO:0097443,KIF3A
GO:1903232,KIF3A
GO:0035459,RAB4A
GO:0097443,RAB4A
GO:1903232,RAB4A
GO:0035459,RBSN
GO:0097443,RBSN
GO:1903232,RBSN
GO:0016020,MAGED1
GO:0006355,ROR2
GO:0016020,ROR2
GO:0009790,SBNO1
GO:0009790,TEAD4
GO:0009790,YAP1
GO:0009790,NOTCH1
GO:0009790,RBPJ
GO:0003682,SMC5
GO:0051321,SMC5
GO:0003682,SMC6
GO:0051321,SMC6
GO:0010468,EP300
GO:0010659,EP300
GO:0010468,TP53
GO:0010659,TP53
GO:0006406,ALYREF
GO:0006406,DDX39B
GO:0006406,SARNP
GO:0006406,DDX39A
GO:0006974,TANK
GO:0016579,TANK
GO:0006974,USP10
GO:0016579,USP10
GO:0006974,ZC3H12A
GO:0016579,ZC3H12A
GO:0007269,SEPTIN11
GO:0061564,SEPTIN11
GO:0098793,SEPTIN11
GO:0007269,SEPTIN2
GO:0061564,SEPTIN2
GO:0098793,SEPTIN2
GO:0007269,SEPTIN3
GO:0061564,SEPTIN3
GO:0098793,SEPTIN3
GO:0007269,SEPTIN5
GO:0061564,SEPTIN5
GO:0098793,SEPTIN5
GO:0007269,SEPTIN6
GO:0061564,SEPTIN6
GO:0098793,SEPTIN6
GO:0007269,SEPTIN7
GO:0061564,SEPTIN7
GO:0098793,SEPTIN7
GO:0140955,HNRNPL
GO:0140955,SETD2
GO:0003677,ZBTB32
GO:0010468,ZBTB32
GO:0003677,ZNF503
GO:0010468,ZNF503
GO:0008286,AKT2
GO:0042593,AKT2
GO:0044381,AKT2
GO:0046323,AKT2
GO:0046324,AKT2
GO:0008286,APPL1
GO:0042593,APPL1
GO:0044381,APPL1
GO:0046323,APPL1
GO:0046324,APPL1
GO:0016579,BABAM1
GO:0016579,BABAM2
GO:0016579,BRCC3
GO:0006974,TANK
GO:0016579,TANK
GO:0006974,USP10
GO:0016579,USP10
GO:0006974,ZC3H12A
GO:0016579,ZC3H12A
GO:0033148,ESR1
GO:0072331,ESR1
GO:0032355,MAGEA2
GO:0032870,MAGEA2
GO:0033148,MAGEA2
GO:0045893,MAGEA2
GO:0072331,MAGEA2
GO:0032355,TP53
GO:0032870,TP53
GO:0033148,TP53
GO:0045893,TP53
GO:0072331,TP53
GO:0060271,DAAM1
GO:0060271,INTU
GO:0010499,E2F1
GO:1902498,E2F1
GO:0010499,MAGEA11
GO:1902498,MAGEA11
GO:0010499,SKP2
GO:1902498,SKP2
GO:0005783,DNAJB9
GO:0036503,DNAJB9
GO:0005783,DNAJC10
GO:0036503,DNAJC10
GO:0005783,TMEM67
GO:0036503,TMEM67
GO:0009301,ELL
GO:0009301,ICE1
GO:0009301,ICE2
GO:0009301,ZC3H8
GO:0060271,C2CD3
GO:0097539,C2CD3
GO:0060271,CBY1
GO:0097539,CBY1
GO:0097539,CCP110
GO:0060271,CEP162
GO:0097539,CEP162
GO:0097539,CEP164
GO:0097539,CEP290
GO:0060271,CEP83
GO:0097539,CEP83
GO:0060271,CEP89
GO:0097539,CEP89
GO:0060271,CEP97
GO:0097539,CEP97
GO:0060271,FBF1
GO:0097539,FBF1
GO:0060271,ODF2
GO:0097539,ODF2
GO:0060271,SCLT1
GO:0097539,SCLT1
GO:0005634,CBLL1
GO:0006397,CBLL1
GO:0080009,CBLL1
GO:2000648,CBLL1
GO:0005634,VIRMA
GO:0006397,VIRMA
GO:0080009,VIRMA
GO:2000648,VIRMA
GO:0005634,WTAP
GO:0006397,WTAP
GO:0080009,WTAP
GO:2000648,WTAP
GO:0005634,ZC3H13
GO:0006397,ZC3H13
GO:0080009,ZC3H13
GO:2000648,ZC3H13
GO:0005737,CBLL1
GO:2000738,CBLL1
GO:0005737,METTL14
GO:2000738,METTL14
GO:0005737,METTL3
GO:2000738,METTL3
GO:0005737,VIRMA
GO:2000738,VIRMA
GO:0005737,WTAP
GO:2000738,WTAP
GO:0009303,NMNAT1
GO:0009303,RRP8
GO:0009303,SIRT1
GO:0001510,METTL14
GO:0001510,METTL3
GO:0001787,IL15
GO:0001866,IL15
GO:0006955,IL15
GO:0019221,IL15
GO:0031347,IL15
GO:0035723,IL15
GO:0042010,IL15
GO:0042098,IL15
GO:0070672,IL15
GO:0001787,IL15RA
GO:0001866,IL15RA
GO:0006955,IL15RA
GO:0019221,IL15RA
GO:0031347,IL15RA
GO:0035723,IL15RA
GO:0042010,IL15RA
GO:0042098,IL15RA
GO:0070672,IL15RA
GO:0001787,IL2RB
GO:0001866,IL2RB
GO:0006955,IL2RB
GO:0019221,IL2RB
GO:0031347,IL2RB
GO:0035723,IL2RB
GO:0042010,IL2RB
GO:0042098,IL2RB
GO:0070672,IL2RB
GO:0001787,IL2RG
GO:0001866,IL2RG
GO:0006955,IL2RG
GO:0019221,IL2RG
GO:0031347,IL2RG
GO:0035723,IL2RG
GO:0042010,IL2RG
GO:0042098,IL2RG
GO:0070672,IL2RG
NA,DRG1
NA,ZC3H15
NA,DRG2
NA,RWDD1
GO:0010467,DRG1
GO:0010467,ZC3H15
NA,DRG2
NA,RWDD1
GO:0001535,RSPH1
GO:0003341,RSPH1
GO:0031514,RSPH1
GO:0001535,RSPH3B
GO:0003341,RSPH3B
GO:0031514,RSPH3B
GO:0001535,RSPH4A
GO:0003341,RSPH4A
GO:0031514,RSPH4A
GO:0001535,RSPH9
GO:0003341,RSPH9
GO:0031514,RSPH9
GO:0030317,RSPH1
GO:0036126,RSPH1
GO:0030317,RSPH3B
GO:0036126,RSPH3B
GO:0001535,RSPH6A
GO:0030317,RSPH6A
GO:0036126,RSPH6A
GO:0030317,RSPH9
GO:0036126,RSPH9
GO:0004917,IL2RG
GO:0038111,IL2RG
GO:0098760,IL2RG
GO:0004917,IL7
GO:0006955,IL7
GO:0019221,IL7
GO:0038111,IL7
GO:0042098,IL7
GO:0098760,IL7
GO:0004917,IL7R
GO:0006955,IL7R
GO:0019221,IL7R
GO:0038111,IL7R
GO:0042098,IL7R
GO:0098760,IL7R
GO:0006955,CRLF2
GO:0019221,CRLF2
GO:0006955,IL7R
GO:0019221,IL7R
GO:0006955,TSLP
GO:0019221,TSLP
GO:0006888,TFG
GO:0016192,TFG
GO:0045087,TFG
GO:0051607,TFG
GO:0006888,TRAF3
GO:0016192,TRAF3
GO:0045087,TRAF3
GO:0051607,TRAF3
GO:0032479,MAVS
GO:0032479,TBK1
GO:0032479,TFG
GO:0032479,TRAF3
GO:0043161,BIRC2
GO:1901223,BIRC2
GO:0043161,BIRC3
GO:1901223,BIRC3
GO:0043161,MAP3K14
GO:1901223,MAP3K14
GO:0043161,TRAF2
GO:1901223,TRAF2
GO:0043161,TRAF3
GO:1901223,TRAF3
GO:0005634,EYA4
GO:0006351,EYA4
GO:0006351,SIX3
GO:0005634,GLI2
GO:0006351,GLI2
GO:0005634,ZIC2
GO:0006351,ZIC2
GO:0007224,ZIC2
GO:0016055,ZIC2
NA,ZER1
GO:0007224,GPR37L1
GO:0021549,GPR37L1
GO:0007224,PTCH1
GO:0021549,PTCH1
GO:0005783,BAG6
GO:0045047,BAG6
GO:0045047,DERL1
GO:0005783,FAF2
GO:0045047,FAF2
GO:0005783,NPLOC4
GO:0045047,NPLOC4
GO:0005783,UFD1
GO:0045047,UFD1
GO:0045047,VCP
GO:0005783,ZFAND2B
GO:0045047,ZFAND2B
GO:0004919,IL2RG
GO:0038113,IL2RG
GO:0071104,IL2RG
GO:0004919,IL9
GO:0006955,IL9
GO:0019221,IL9
GO:0038113,IL9
GO:0042098,IL9
GO:0071104,IL9
GO:0004919,IL9R
GO:0006955,IL9R
GO:0019221,IL9R
GO:0038113,IL9R
GO:0042098,IL9R
GO:0071104,IL9R
GO:0001532,IL21
GO:0001787,IL21
GO:0001817,IL21
GO:0006955,IL21
GO:0019221,IL21
GO:0038114,IL21
GO:0098756,IL21
GO:0001532,IL21R
GO:0001787,IL21R
GO:0001817,IL21R
GO:0006955,IL21R
GO:0019221,IL21R
GO:0038114,IL21R
GO:0098756,IL21R
GO:0001532,IL2RG
GO:0001787,IL2RG
GO:0001817,IL2RG
GO:0038114,IL2RG
GO:0098756,IL2RG
GO:0007224,BOC
GO:0035230,BOC
GO:0007224,DISP1
GO:0035230,DISP1
GO:0007224,SHH
GO:0035230,SHH
GO:0007224,CDON
GO:0035230,CDON
GO:0007224,CDON
GO:0007224,PTCH1
GO:0005737,STAU2
GO:0005737,ZER1
GO:0007224,BOC
GO:0007224,GAS1
GO:0002250,IL1B
GO:0004908,IL1B
GO:0006952,IL1B
GO:0019221,IL1B
GO:0034097,IL1B
GO:0045087,IL1B
GO:0050727,IL1B
GO:0051092,IL1B
GO:0070498,IL1B
GO:0070555,IL1B
GO:0006955,IL11
GO:0019221,IL11
GO:0030219,IL11
GO:0038154,IL11
GO:0050727,IL11
GO:0006955,IL11RA
GO:0019221,IL11RA
GO:0030219,IL11RA
GO:0038154,IL11RA
GO:0050727,IL11RA
GO:0030219,IL6ST
GO:0038154,IL6ST
GO:0050727,IL6ST
GO:0005813,CEP78
GO:0060271,CEP78
GO:0061630,CEP78
GO:0005813,DCAF1
GO:0060271,DCAF1
GO:0061630,DCAF1
GO:0005813,DYRK2
GO:0060271,DYRK2
GO:0061630,DYRK2
GO:0005813,UBR5
GO:0060271,UBR5
GO:0061630,UBR5
GO:0000242,CEP19
GO:0060271,CEP19
GO:0000242,CEP350
GO:0060271,CEP350
GO:0000242,CEP43
GO:0060271,CEP43
GO:0000242,RABL2B
GO:0060271,RABL2B
GO:0007224,CUL2
GO:0007224,ZYG11B
GO:0006094,PROM1
GO:0010737,PROM1
GO:0042593,PROM1
GO:0060271,PROM1
GO:0006094,RDX
GO:0010737,RDX
GO:0042593,RDX
GO:0060271,RDX
GO:0007601,CDHR1
GO:0008594,CDHR1
GO:0035845,CDHR1
GO:0007601,PROM1
GO:0008594,PROM1
GO:0035845,PROM1
GO:0140949,ATRX
GO:0140949,SETDB1
GO:0006355,TRIM28
GO:0140949,TRIM28
GO:0006355,ZNF274
GO:0140949,ZNF274
GO:0005929,PDE6D
GO:0007601,PDE6D
GO:0005929,RPGR
GO:0007601,INPP5E
GO:0005929,RPGRIP1L
GO:0007601,RPGRIP1L
GO:0005245,CACNA1F
GO:0007601,CACNA1F
GO:0070588,CACNA1F
GO:0005245,CACNA2D4
GO:0007601,CACNA2D4
GO:0070588,CACNA2D4
GO:0005245,CACNB2
GO:0007601,CACNB2
GO:0070588,CACNB2
GO:0015889,ABCD4
GO:0015889,LMBRD1
GO:0001750,PRCD
GO:0007601,PRCD
GO:0001750,RHO
GO:0007601,RHO
GO:0007165,CNGA3
GO:0007601,CNGA3
GO:0035845,CNGA3
GO:0043855,CNGA3
GO:0007165,CNGB3
GO:0007601,CNGB3
GO:0035845,CNGB3
GO:0043855,CNGB3
GO:0034097,IL12B
GO:0042020,IL12B
GO:0050727,IL12B
GO:0034097,IL12RB1
GO:0038155,IL12RB1
GO:0042020,IL12RB1
GO:0050727,IL12RB1
GO:0061485,IL12RB1
GO:0034097,IL23A
GO:0042020,IL23A
GO:0050727,IL23A
GO:0006955,IL23R
GO:0019221,IL23R
GO:0032609,IL23R
GO:0034097,IL23R
GO:0038155,IL23R
GO:0042020,IL23R
GO:0050727,IL23R
GO:0061485,IL23R
GO:0000502,PSMA1
GO:0033077,PSMA1
GO:0000502,PSMA2
GO:0033077,PSMA2
GO:0000502,PSMA3
GO:0033077,PSMA3
GO:0000502,PSMA4
GO:0033077,PSMA4
GO:0000502,PSMA5
GO:0033077,PSMA5
GO:0000502,PSMA6
GO:0033077,PSMA6
GO:0000502,PSMA7
GO:0033077,PSMA7
GO:0000502,PSMB10
GO:0033077,PSMB10
GO:0000502,PSMB11
GO:0033077,PSMB11
GO:0000502,PSMB3
GO:0033077,PSMB3
GO:0000502,PSMB4
GO:0033077,PSMB4
GO:0000502,PSMB6
GO:0033077,PSMB6
GO:0000502,PSMB7
GO:0033077,PSMB7
GO:0000502,PSMB9
GO:0033077,PSMB9
GO:0002221,TBK1
GO:0032481,TBK1
GO:0039529,TBK1
GO:0002221,TRAF3
GO:0019048,TRAF3
GO:0032481,TRAF3
GO:0039529,TRAF3
GO:0001228,HOXB1
GO:0009790,HOXB1
GO:0001228,PBX1
GO:0009790,PBX1
GO:0001228,PKNOX1
GO:0009790,PKNOX1
GO:0003714,PBX1
GO:0003714,PBXIP1
GO:0006357,PBX2
GO:0006357,TLX1
GO:1902893,HOXB7
GO:1902893,PBX2
GO:0005813,PLK4
GO:0007283,PLK4
GO:0008283,PLK4
GO:0005813,TENT5C
GO:0007283,TENT5C
GO:0008283,TENT5C
GO:0005814,PLK4
GO:0007099,PLK4
GO:0005814,STIL
GO:0007099,STIL
GO:0002221,STING1
GO:0019048,STING1
GO:0032481,STING1
GO:0039529,STING1
GO:0051607,STING1
GO:0005929,ADCY6
GO:0019933,ADCY6
GO:0045761,ADCY6
GO:0046058,ADCY6
GO:0005929,AKAP5
GO:0019933,AKAP5
GO:0045761,AKAP5
GO:0046058,AKAP5
GO:0005929,PDE4C
GO:0019933,PDE4C
GO:0045761,PDE4C
GO:0046058,PDE4C
GO:0019933,PKD2
GO:0045761,PKD2
GO:0046058,PKD2
GO:0005929,PRKAR2A
GO:0045761,PRKAR2A
GO:0046058,PRKAR2A
GO:0007283,
GO:0010499,
GO:1990111,
GO:2000779,
GO:0007283,PSMA1
GO:0010499,PSMA1
GO:1990111,PSMA1
GO:2000779,PSMA1
GO:0007283,PSMA3
GO:0010499,PSMA3
GO:1990111,PSMA3
GO:2000779,PSMA3
GO:0007283,PSMA5
GO:0010499,PSMA5
GO:1990111,PSMA5
GO:2000779,PSMA5
GO:0007283,PSMA6
GO:0010499,PSMA6
GO:1990111,PSMA6
GO:2000779,PSMA6
GO:0007283,PSMA7
GO:0010499,PSMA7
GO:1990111,PSMA7
GO:2000779,PSMA7
GO:0007283,PSMA8
GO:0010499,PSMA8
GO:1990111,PSMA8
GO:2000779,PSMA8
GO:0007283,PSMB10
GO:0010499,PSMB10
GO:1990111,PSMB10
GO:2000779,PSMB10
GO:0007283,PSMB3
GO:0010499,PSMB3
GO:1990111,PSMB3
GO:2000779,PSMB3
GO:0007283,PSMB4
GO:0010499,PSMB4
GO:1990111,PSMB4
GO:2000779,PSMB4
GO:0007283,PSMB6
GO:0010499,PSMB6
GO:1990111,PSMB6
GO:2000779,PSMB6
GO:0007283,PSMB7
GO:0010499,PSMB7
GO:1990111,PSMB7
GO:2000779,PSMB7
GO:0007283,PSMB8
GO:0010499,PSMB8
GO:1990111,PSMB8
GO:2000779,PSMB8
GO:0007283,PSMB9
GO:0010499,PSMB9
GO:1990111,PSMB9
GO:2000779,PSMB9
GO:0007283,PSME4
GO:0010499,PSME4
GO:1990111,PSME4
GO:2000779,PSME4
GO:0005929,ADCY5
GO:0019933,ADCY5
GO:0045761,ADCY5
GO:0046058,ADCY5
GO:0002221,ANKRD1
GO:0019221,ANKRD1
GO:0032481,ANKRD1
GO:0045087,ANKRD1
GO:0051607,ANKRD1
GO:0002221,IRF3
GO:0019221,IRF3
GO:0032481,IRF3
GO:0045087,IRF3
GO:0051607,IRF3
GO:1901222,ANKRD1
GO:0019221,NFKB1
GO:1901222,NFKB1
GO:0005634,IRF9
GO:0006954,IRF9
GO:0007259,IRF9
GO:0019048,IRF9
GO:0035455,IRF9
GO:0045087,IRF9
GO:0045893,IRF9
GO:0051607,IRF9
GO:0071357,IRF9
GO:0006954,STAT1
GO:0019048,STAT1
GO:0035455,STAT1
GO:0045087,STAT1
GO:0071357,STAT1
GO:0005634,STAT2
GO:0006954,STAT2
GO:0007259,STAT2
GO:0019048,STAT2
GO:0035455,STAT2
GO:0045087,STAT2
GO:0045893,STAT2
GO:0051607,STAT2
GO:0071357,STAT2
GO:0002221,IKBKE
GO:0002224,IKBKE
GO:0032479,IKBKE
GO:0032481,IKBKE
GO:0032496,IKBKE
GO:0045087,IKBKE
GO:0002221,TANK
GO:0002224,TANK
GO:0032479,TANK
GO:0032481,TANK
GO:0032496,TANK
GO:0045087,TANK
GO:0002221,TBK1
GO:0002224,TBK1
GO:0032479,TBK1
GO:0032481,TBK1
GO:0032496,TBK1
GO:0045087,TBK1
GO:0032496,TANK
GO:0042742,TANK
GO:0032496,TBK1
GO:0042742,TBK1
GO:0032496,TRAF3
GO:0042742,TRAF3
GO:0002221,IKBKE
GO:0019048,IKBKE
GO:0032481,IKBKE
GO:0039529,IKBKE
GO:0045087,IKBKE
GO:0051607,IKBKE
GO:0002221,TANK
GO:0032481,TANK
GO:0039529,TANK
GO:0007224,CEP128
GO:0060271,CEP128
GO:0007224,CEP170
GO:0060271,CEP170
GO:0007224,CNTRL
GO:0060271,CNTRL
GO:0007224,DCTN1
GO:0060271,DCTN1
GO:0007224,KIF2A
GO:0060271,KIF2A
GO:0007224,NIN
GO:0060271,NIN
GO:0007224,ODF2
GO:0032606,IRF3
GO:0060338,IRF3
GO:0032606,TANK
GO:0060338,TANK
GO:0032606,TBK1
GO:0060338,TBK1
GO:0051607,MAVS
GO:0060338,MAVS
GO:0051607,TANK
GO:0060338,TANK
GO:0051607,TBK1
GO:0060338,TBK1
GO:0051607,TRAF3
GO:0060338,TRAF3
GO:0007155,ITGB7
GO:0008305,ITGB7
GO:0043331,IKBKE
GO:0043331,TANK
GO:0043331,TBK1
GO:0043331,TRAF3
GO:0008305,ITGB4
GO:0002221,MAP3K14
GO:0032481,MAP3K14
GO:0039529,MAP3K14
GO:0043331,MAP3K14
GO:0045087,MAP3K14
GO:0051092,MAP3K14
GO:0051607,MAP3K14
GO:0032481,MAVS
GO:0039529,MAVS
GO:0043331,MAVS
GO:0051092,MAVS
GO:0043331,RIGI
GO:0051092,RIGI
GO:0019048,MAVS
GO:0005737,BRCA1
GO:0032481,BRCA1
GO:0032728,BRCA1
GO:0045087,BRCA1
GO:0045893,BRCA1
GO:0051607,BRCA1
GO:1990784,BRCA1
GO:0005737,H2BC26
GO:0032481,H2BC26
GO:0032728,H2BC26
GO:0045087,H2BC26
GO:0045893,H2BC26
GO:0051607,H2BC26
GO:1990784,H2BC26
GO:0005737,IFI16
GO:0032481,IFI16
GO:0032728,IFI16
GO:0045893,IFI16
GO:1990784,IFI16
GO:0060338,BRCA1
GO:0060338,IFI16
GO:0005813,CALM1
GO:0007098,CALM1
GO:0005813,CCP110
GO:0007098,CCP110
GO:0005813,CETN2
GO:0007098,CETN2
GO:0005739,AGK
GO:0005743,AGK
GO:0006626,AGK
GO:0006839,AGK
GO:0042721,AGK
GO:0071806,AGK
GO:0005739,TIMM22
GO:0005743,TIMM22
GO:0006626,TIMM22
GO:0006839,TIMM22
GO:0042721,TIMM22
GO:0071806,TIMM22
GO:0005739,TIMM29
GO:0005743,TIMM29
GO:0006626,TIMM29
GO:0006839,TIMM29
GO:0042721,TIMM29
GO:0071806,TIMM29
GO:0005758,TIMM10B
GO:0006839,TIMM10B
GO:0042719,TIMM10B
GO:0005758,AGK
GO:0015031,AGK
GO:0042719,AGK
GO:0005739,TIMM10
GO:0005743,TIMM10
GO:0006626,TIMM10
GO:0015031,TIMM10
GO:0042721,TIMM10
GO:0005739,TIMM10B
GO:0005743,TIMM10B
GO:0006626,TIMM10B
GO:0015031,TIMM10B
GO:0042721,TIMM10B
GO:0005758,TIMM22
GO:0015031,TIMM22
GO:0042719,TIMM22
GO:0005758,TIMM29
GO:0015031,TIMM29
GO:0042719,TIMM29
GO:0005739,TIMM9
GO:0005743,TIMM9
GO:0006626,TIMM9
GO:0015031,TIMM9
GO:0042721,TIMM9
GO:0036064,IFT20
GO:0060271,IFT20
GO:0036064,IFT57
GO:0060271,IFT57
GO:0036064,IFT88
GO:0060271,IFT88
GO:0036064,PCNT
GO:0060271,PCNT
GO:0036064,PKD2
GO:0001405,DNAJC19
GO:0005739,DNAJC19
GO:0005743,DNAJC19
GO:0006626,DNAJC19
GO:0006839,DNAJC19
GO:0030150,DNAJC19
GO:0001405,PAM16
GO:0005739,PAM16
GO:0005743,PAM16
GO:0006626,PAM16
GO:0006839,PAM16
GO:0030150,PAM16
GO:0036064,IFT20
GO:0036064,IFT57
GO:0036064,IFT88
GO:0036064,PCNT
GO:0060271,PCNT
GO:0036064,PKD2
GO:0060271,PKD2
GO:0010803,BIRC2
GO:0034612,BIRC2
GO:0034612,BIRC3
GO:0043069,BIRC3
GO:0050727,BIRC3
GO:0043069,CHUK
GO:0050727,CHUK
GO:0010803,CYLD
GO:0016567,CYLD
GO:0034612,CYLD
GO:0043069,CYLD
GO:0050727,CYLD
GO:0010803,HTRA2
GO:0016567,HTRA2
GO:0034612,HTRA2
GO:0043069,HTRA2
GO:0050727,HTRA2
GO:0043069,IKBKB
GO:0050727,IKBKB
GO:0010803,IKBKE
GO:0016567,IKBKE
GO:0034612,IKBKE
GO:0043069,IKBKE
GO:0050727,IKBKE
GO:0034612,IKBKG
GO:0043069,IKBKG
GO:0050727,IKBKG
GO:0034612,MAP3K7
GO:0043069,MAP3K7
GO:0050727,MAP3K7
GO:0034612,RBCK1
GO:0043069,RBCK1
GO:0034612,RIPK1
GO:0034612,RNF31
GO:0043069,RNF31
GO:0010803,SHARPIN
GO:0016567,SHARPIN
GO:0034612,SHARPIN
GO:0043069,SHARPIN
GO:0010803,SPATA2
GO:0016567,SPATA2
GO:0034612,SPATA2
GO:0043069,SPATA2
GO:0050727,SPATA2
GO:0034612,TAB2
GO:0043069,TAB2
GO:0050727,TAB2
GO:0010803,TANK
GO:0016567,TANK
GO:0034612,TANK
GO:0043069,TANK
GO:0050727,TANK
GO:0010803,TBK1
GO:0016567,TBK1
GO:0034612,TBK1
GO:0043069,TBK1
GO:0050727,TBK1
GO:0034612,TNF
GO:0043069,TNF
GO:0050727,TNF
GO:0010803,TNFAIP3
GO:0016567,TNFAIP3
GO:0034612,TNFAIP3
GO:0043069,TNFAIP3
GO:0050727,TNFAIP3
GO:0034612,TNFRSF1A
GO:0034612,TNIP1
GO:0043069,TNIP1
GO:0050727,TNIP1
GO:0010803,TNIP2
GO:0016567,TNIP2
GO:0034612,TNIP2
GO:0043069,TNIP2
GO:0050727,TNIP2
GO:0034612,TRADD
GO:0034612,TRAF2
GO:0032434,CYLD
GO:0043067,CYLD
GO:0043122,CYLD
GO:0070432,CYLD
GO:0097039,CYLD
GO:0070432,RBCK1
GO:0070432,RNF31
GO:0070432,SHARPIN
GO:0032434,SPATA2
GO:0043067,SPATA2
GO:0043122,SPATA2
GO:0070432,SPATA2
GO:0097039,SPATA2
GO:0001405,COA3
GO:0005744,COA3
GO:0006626,COA3
GO:0006839,COA3
GO:0031072,COA3
GO:0005743,HSPA9
GO:0005744,HSPA9
GO:0001405,ROMO1
GO:0005739,ROMO1
GO:0005743,ROMO1
GO:0005744,ROMO1
GO:0006626,ROMO1
GO:0006839,ROMO1
GO:0031072,ROMO1
GO:0001405,TIMM17A
GO:0031072,TIMM17A
GO:0001405,TIMM21
GO:0005739,TIMM21
GO:0005743,TIMM21
GO:0005744,TIMM21
GO:0006626,TIMM21
GO:0006839,TIMM21
GO:0031072,TIMM21
GO:0001405,TIMM23
GO:0031072,TIMM23
GO:0001405,TIMM50
GO:0031072,TIMM50
GO:0002221,IKBKG
GO:0009615,IKBKG
GO:0032481,IKBKG
GO:0039529,IKBKG
GO:0009615,MAVS
GO:0009615,TBK1
GO:0019048,IRF3
GO:0039529,IRF3
GO:0015031,ROMO1
GO:0015031,TIMM21
GO:0015031,TIMM50
GO:0070555,MAP3K7
GO:0034612,TAB1
GO:0050727,TAB1
GO:0070555,TAB1
GO:0034612,TAB3
GO:0050727,TAB3
GO:0070555,TAB3
GO:0032728,MAVS
GO:0002221,TRADD
GO:0032481,TRADD
GO:0032728,TRADD
GO:0039529,TRADD
GO:0045087,TRADD
GO:0051607,TRADD
GO:0005739,CMC1
GO:0022904,CMC1
GO:0032543,CMC1
GO:0033108,CMC1
GO:0033617,CMC1
GO:0098798,CMC1
GO:0005739,COA1
GO:0022904,COA1
GO:0032543,COA1
GO:0033108,COA1
GO:0033617,COA1
GO:0098798,COA1
GO:0022904,COA3
GO:0032543,COA3
GO:0033108,COA3
GO:0033617,COA3
GO:0098798,COA3
GO:0005739,COX14
GO:0022904,COX14
GO:0032543,COX14
GO:0033108,COX14
GO:0033617,COX14
GO:0098798,COX14
GO:0005739,COX15
GO:0022904,COX15
GO:0032543,COX15
GO:0033108,COX15
GO:0033617,COX15
GO:0098798,COX15
GO:0005739,COX16
GO:0022904,COX16
GO:0032543,COX16
GO:0033108,COX16
GO:0033617,COX16
GO:0098798,COX16
GO:0005739,COX4I1
GO:0032543,COX4I1
GO:0033108,COX4I1
GO:0033617,COX4I1
GO:0098798,COX4I1
GO:0005739,COX5A
GO:0032543,COX5A
GO:0033108,COX5A
GO:0033617,COX5A
GO:0098798,COX5A
GO:0005739,COX6C
GO:0032543,COX6C
GO:0033108,COX6C
GO:0033617,COX6C
GO:0098798,COX6C
GO:0032543,MT-CO1
GO:0033108,MT-CO1
GO:0098798,MT-CO1
GO:0032543,MT-CO2
GO:0033108,MT-CO2
GO:0033617,MT-CO2
GO:0098798,MT-CO2
GO:0005739,MT-CO3
GO:0032543,MT-CO3
GO:0033108,MT-CO3
GO:0033617,MT-CO3
GO:0098798,MT-CO3
GO:0022904,SURF1
GO:0032543,SURF1
GO:0033108,SURF1
GO:0033617,SURF1
GO:0098798,SURF1
GO:0022904,TIMM21
GO:0032543,TIMM21
GO:0033108,TIMM21
GO:0033617,TIMM21
GO:0098798,TIMM21
GO:0032481,FADD
GO:0032728,FADD
GO:0039529,FADD
GO:0043331,FADD
GO:0051092,FADD
GO:0032481,RIPK1
GO:0032728,RIPK1
GO:0039529,RIPK1
GO:0043331,RIPK1
GO:0003341,DNAH5
GO:0031514,DNAH5
GO:0036157,DNAH5
GO:0003341,DNAH9
GO:0031514,DNAH9
GO:0036157,DNAH9
GO:0003341,DNAI1
GO:0031514,DNAI1
GO:0036157,DNAI1
GO:0003341,DNAI2
GO:0031514,DNAI2
GO:0036157,DNAI2
GO:0007613,APP
GO:0048169,APP
GO:0106003,APP
GO:1900272,APP
GO:0002221,IRF7
GO:0002224,IRF7
GO:0002755,IRF7
GO:0005737,IRF7
GO:0032481,IRF7
GO:0045087,IRF7
GO:0045893,IRF7
GO:0051607,IRF7
GO:0005737,MYD88
GO:0032481,MYD88
GO:0045893,MYD88
GO:0051607,MYD88
GO:0034142,IRAK4
GO:0000776,NDC80
GO:0051315,NDC80
GO:0007059,ZW10
GO:0051315,ZW10
GO:0000776,ZWINT
GO:0051315,ZWINT
GO:0006890,ZWILCH
GO:0046907,RAB3IP
GO:0060271,RAB3IP
GO:0046907,TRAPPC1
GO:0046907,TRAPPC10
GO:0046907,TRAPPC14
GO:0060271,TRAPPC14
GO:0046907,TRAPPC2
GO:0046907,TRAPPC2L
GO:0046907,TRAPPC3
GO:0046907,TRAPPC4
GO:0046907,TRAPPC5
GO:0046907,TRAPPC6A
GO:0046907,TRAPPC6B
GO:0046907,TRAPPC9
GO:0008308,MTX1
GO:0017038,MTX1
GO:0008308,MTX2
GO:0017038,MTX2
GO:0002221,DDX3X
GO:0032481,DDX3X
GO:0032648,DDX3X
GO:0039529,DDX3X
GO:0045087,DDX3X
GO:0051607,DDX3X
GO:0032648,IKBKE
GO:0032648,IRF3
GO:0006612,RIGI
GO:0006612,TRIM25
GO:0002221,YWHAE
GO:0006612,YWHAE
GO:0016567,YWHAE
GO:0032481,YWHAE
GO:0039529,YWHAE
GO:0045087,YWHAE
GO:0051607,YWHAE
GO:0002221,CYLD
GO:0032480,CYLD
GO:0032688,CYLD
GO:0039536,CYLD
GO:0045087,CYLD
GO:0051607,CYLD
GO:1903003,CYLD
GO:0032480,RIGI
GO:0032688,RIGI
GO:0039536,RIGI
GO:1903003,RIGI
GO:0002221,SDC4
GO:0032480,SDC4
GO:0032688,SDC4
GO:0039536,SDC4
GO:0045087,SDC4
GO:0051607,SDC4
GO:1903003,SDC4
GO:0097196,SWSAP1
GO:0097196,ZSWIM7
GO:0006611,ILF3
GO:0005634,ZNF346
GO:0005737,ZNF346
GO:0006405,ZNF346
GO:0006611,ZNF346
GO:0017038,CHCHD3
GO:0017038,CHCHD6
GO:0017038,DNAJC11
GO:0017038,IMMT
GO:0017038,SAMM50
GO:0032728,RIGI
GO:0032728,STING1
GO:0032727,IRF7
GO:0032727,MYD88
GO:0032481,TRAF6
GO:0032727,TRAF6
GO:0051607,TRAF6
GO:0005739,AIFM1
GO:0005758,AIFM1
GO:0006457,AIFM1
GO:0006626,AIFM1
GO:0006839,AIFM1
GO:0033108,AIFM1
GO:0045041,AIFM1
GO:0005739,CHCHD4
GO:0005758,CHCHD4
GO:0006457,CHCHD4
GO:0006626,CHCHD4
GO:0006839,CHCHD4
GO:0033108,CHCHD4
GO:0045041,CHCHD4
GO:0002221,CTBP2
GO:0031334,CTBP2
GO:0045088,CTBP2
GO:0050729,CTBP2
GO:1902894,CTBP2
GO:1904784,CTBP2
GO:0002221,FOXP3
GO:0031334,FOXP3
GO:0045088,FOXP3
GO:0050729,FOXP3
GO:1902894,FOXP3
GO:1904784,FOXP3
GO:0002221,HDAC1
GO:0031334,HDAC1
GO:0045088,HDAC1
GO:0050729,HDAC1
GO:1902894,HDAC1
GO:1904784,HDAC1
GO:0004407,HDAC1
GO:0004407,HSPA2
GO:0004407,KCTD19
GO:0004407,ZNF541
GO:0005634,ZNF541
GO:0007283,ZNF541
GO:0006457,DMXL1
GO:0006457,ROGDI
GO:0006457,WDR7
GO:0006457,DMXL2
GO:0009790,EIF4E2
GO:0017148,EIF4E2
GO:0009790,GIGYF2
GO:0017148,GIGYF2
GO:0009790,ZNF598
GO:0017148,ZNF598
GO:0006404,KPNB1
GO:0006404,SMN1
GO:0006404,SNUPN
GO:0005634,ZPR1
GO:0005737,ZPR1
GO:0006404,ZPR1
GO:0032731,CASP1
GO:0042742,CASP1
GO:0045087,CASP1
GO:0061702,CASP1
GO:0140639,CASP1
GO:0002221,NAIP1
GO:0032731,NAIP1
GO:0042742,NAIP1
GO:0045087,NAIP1
GO:0050727,NAIP1
GO:0061702,NAIP1
GO:0140639,NAIP1
GO:0002221,NLRC4
GO:0032731,NLRC4
GO:0042742,NLRC4
GO:0045087,NLRC4
GO:0050727,NLRC4
GO:0061702,NLRC4
GO:0140639,NLRC4
GO:0005739,GFER
GO:0005758,GFER
GO:0006457,GFER
GO:0006626,GFER
GO:0006839,GFER
GO:0045041,GFER
GO:0006355,DYRK1B
GO:0030334,DYRK1B
GO:0006355,RANBP9
GO:0030334,RANBP9
GO:0000910,ENTR1
GO:0000910,GIT1
GO:0000910,PTPN13
GO:0030316,EFNB1
GO:0030316,NHERF1
GO:0030316,PTPN13
GO:0030316,WWTR1
GO:0031175,CNTN1
GO:0031175,NRCAM
GO:0031175,PTPRB
GO:0019221,IFNL1
GO:0038196,IFNL1
GO:0045087,IFNL1
GO:0046425,IFNL1
GO:0051607,IFNL1
GO:0019221,IFNLR1
GO:0038196,IFNLR1
GO:0045087,IFNLR1
GO:0046425,IFNLR1
GO:0051607,IFNLR1
GO:0038196,IL10RB
GO:0045087,IL10RB
GO:0046425,IL10RB
GO:0051607,IL10RB
GO:0005634,PUS1
GO:0006355,PUS1
GO:0006400,PUS1
GO:0032870,PUS1
GO:0071300,PUS1
GO:0005634,RARG
GO:0006355,RARG
GO:0006400,RARG
GO:0032870,RARG
GO:0071300,RARG
GO:0001530,CXCR4
GO:0007165,CXCR4
GO:0001530,GDF5
GO:0007165,GDF5
GO:0007186,GDF5
GO:0070098,GDF5
GO:0001530,HSP90AA1
GO:0007165,HSP90AA1
GO:0007186,HSP90AA1
GO:0070098,HSP90AA1
GO:0001530,HSPA8
GO:0007165,HSPA8
GO:0007186,HSPA8
GO:0070098,HSPA8
GO:0006955,CD274
GO:0016192,CD274
GO:0055037,CD274
GO:0099022,CD274
GO:0006955,RAB11A
GO:0099022,RAB11A
GO:0006955,TRAPPC4
GO:0055037,TRAPPC4
GO:0099022,TRAPPC4
GO:0032731,CASP8
GO:0043065,CASP8
GO:0050727,CASP8
GO:0061702,CASP8
GO:0043065,NLRC4
GO:0140447,NLRC4
GO:0032731,PYCARD
GO:0042742,PYCARD
GO:0043065,PYCARD
GO:0045087,PYCARD
GO:0061702,PYCARD
GO:0140447,PYCARD
GO:0002221,NAIP5
GO:0032731,NAIP5
GO:0042742,NAIP5
GO:0045087,NAIP5
GO:0050727,NAIP5
GO:0061702,NAIP5
GO:0016567,CASP8
GO:0043065,CASP8
GO:0016567,NLRC4
GO:0043065,NLRC4
GO:0016567,PSMC5
GO:0043065,PSMC5
GO:0000302,CASP1
GO:0019048,CASP1
GO:0050832,CASP1
GO:0000302,NLRP3
GO:0019048,NLRP3
GO:0032741,NLRP3
GO:0043331,NLRP3
GO:0050729,NLRP3
GO:0050832,NLRP3
GO:0000302,PYCARD
GO:0019048,PYCARD
GO:0006914,TRAPPC1
GO:0006915,TRAPPC1
GO:0034976,TRAPPC1
GO:0006914,TRAPPC11
GO:0006915,TRAPPC11
GO:0034976,TRAPPC11
GO:0006914,TRAPPC12
GO:0006915,TRAPPC12
GO:0034976,TRAPPC12
GO:0006914,TRAPPC13
GO:0006915,TRAPPC13
GO:0034976,TRAPPC13
GO:0006914,TRAPPC2
GO:0006915,TRAPPC2
GO:0034976,TRAPPC2
GO:0006914,TRAPPC2L
GO:0006915,TRAPPC2L
GO:0034976,TRAPPC2L
GO:0006914,TRAPPC3
GO:0006915,TRAPPC3
GO:0034976,TRAPPC3
GO:0006914,TRAPPC4
GO:0006915,TRAPPC4
GO:0034976,TRAPPC4
GO:0006914,TRAPPC5
GO:0006915,TRAPPC5
GO:0034976,TRAPPC5
GO:0006914,TRAPPC6A
GO:0006915,TRAPPC6A
GO:0034976,TRAPPC6A
GO:0006914,TRAPPC6B
GO:0006915,TRAPPC6B
GO:0034976,TRAPPC6B
GO:0006914,TRAPPC8
GO:0006915,TRAPPC8
GO:0034976,TRAPPC8
GO:0038124,CD36
GO:0042498,CD36
GO:0042742,CD36
GO:0045893,CD36
GO:0070391,CD36
GO:0070891,CD36
GO:0071724,CD36
GO:0038124,TLR2
GO:0042498,TLR2
GO:0045893,TLR2
GO:0070391,TLR2
GO:0070891,TLR2
GO:0071724,TLR2
GO:0038124,TLR6
GO:0042498,TLR6
GO:0042742,TLR6
GO:0045893,TLR6
GO:0070391,TLR6
GO:0070891,TLR6
GO:0071724,TLR6
GO:0032494,TLR2
GO:0035355,TLR2
GO:0042834,TLR2
GO:0032494,TLR6
GO:0035355,TLR6
GO:0042834,TLR6
GO:0006914,C17ORF75
GO:0009407,C17ORF75
GO:0006914,WDR11
GO:0009407,WDR11
GO:0001530,CD180
GO:0002221,CD180
GO:0032496,CD180
GO:0034121,CD180
GO:0034135,CD180
GO:0034143,CD180
GO:0042742,CD180
GO:0045087,CD180
GO:0001530,LY86
GO:0002221,LY86
GO:0032496,LY86
GO:0034121,LY86
GO:0034135,LY86
GO:0034143,LY86
GO:0042742,LY86
GO:0045087,LY86
GO:0001530,CD180
GO:0002221,CD180
GO:0032496,CD180
GO:0034121,CD180
GO:0034135,CD180
GO:0034143,CD180
GO:0042742,CD180
GO:0045087,CD180
GO:0001530,LY86
GO:0002221,LY86
GO:0032496,LY86
GO:0034121,LY86
GO:0034135,LY86
GO:0034143,LY86
GO:0042742,LY86
GO:0045087,LY86
GO:0006952,TICAM1
GO:0034138,TICAM1
GO:0043331,TICAM1
GO:0002756,TLR3
GO:0006952,TLR3
GO:0032481,TLR3
GO:0032728,TLR3
GO:0006955,IRAK2
GO:0019221,IRAK2
GO:0050727,IRAK2
GO:0070498,IRAK2
GO:0010629,LAS1L
GO:0005634,MDN1
GO:0006364,MDN1
GO:0010629,MDN1
GO:0005634,NOL9
GO:0010629,NOL9
GO:0010629,PELP1
GO:0010629,SENP3
GO:0010629,TEX10
GO:0005634,WDR18
GO:0010629,WDR18
GO:0002756,TIRAP
GO:0006954,TIRAP
GO:0032496,TIRAP
GO:0034134,TIRAP
GO:0002756,TRAF6
GO:0006954,TRAF6
GO:0032496,TRAF6
GO:0034134,TRAF6
GO:0034142,TRAF6
GO:0002221,RAB11A
GO:0002224,RAB11A
GO:0002756,RAB11A
GO:0032481,RAB11A
GO:0032728,RAB11A
GO:0034142,RAB11A
GO:0035669,RAB11A
GO:0042742,RAB11A
GO:0045087,RAB11A
GO:0050766,RAB11A
GO:0002221,RAB11FIP2
GO:0002224,RAB11FIP2
GO:0002756,RAB11FIP2
GO:0032481,RAB11FIP2
GO:0032728,RAB11FIP2
GO:0034142,RAB11FIP2
GO:0035669,RAB11FIP2
GO:0042742,RAB11FIP2
GO:0045087,RAB11FIP2
GO:0050766,RAB11FIP2
GO:0050766,TICAM1
GO:0050766,TICAM2
GO:0034127,RAB11A
GO:0034143,RAB11A
GO:0060627,RAB11A
GO:2001135,RAB11A
GO:0002221,RAB11FIP1
GO:0016192,RAB11FIP1
GO:0032481,RAB11FIP1
GO:0032728,RAB11FIP1
GO:0034127,RAB11FIP1
GO:0034143,RAB11FIP1
GO:0042742,RAB11FIP1
GO:0045087,RAB11FIP1
GO:0060627,RAB11FIP1
GO:2001135,RAB11FIP1
GO:0002221,SLAMF1
GO:0016192,SLAMF1
GO:0032481,SLAMF1
GO:0032728,SLAMF1
GO:0034127,SLAMF1
GO:0034143,SLAMF1
GO:0042742,SLAMF1
GO:0045087,SLAMF1
GO:0060627,SLAMF1
GO:2001135,SLAMF1
GO:0007265,CD44
GO:0016049,CD44
GO:0016477,CD44
GO:0007265,ERBB2
GO:0016049,ERBB2
GO:0016477,ERBB2
GO:0016049,GRB2
GO:0016477,GRB2
GO:0007265,VAV2
GO:0016049,VAV2
GO:0016477,VAV2
GO:0034127,RAB11FIP2
GO:0034143,RAB11FIP2
GO:0060627,RAB11FIP2
GO:2001135,RAB11FIP2
GO:0002221,RAB11FIP5
GO:0016192,RAB11FIP5
GO:0032481,RAB11FIP5
GO:0032728,RAB11FIP5
GO:0034127,RAB11FIP5
GO:0034143,RAB11FIP5
GO:0042742,RAB11FIP5
GO:0045087,RAB11FIP5
GO:0060627,RAB11FIP5
GO:2001135,RAB11FIP5
GO:0002221,BECN1
GO:0032930,BECN1
GO:0042742,BECN1
GO:0045087,BECN1
GO:0050766,BECN1
GO:0051897,BECN1
GO:0090382,BECN1
GO:0002221,PIK3C3
GO:0032930,PIK3C3
GO:0042742,PIK3C3
GO:0045087,PIK3C3
GO:0050766,PIK3C3
GO:0051897,PIK3C3
GO:0090382,PIK3C3
GO:0002221,PIK3R4
GO:0032930,PIK3R4
GO:0042742,PIK3R4
GO:0045087,PIK3R4
GO:0050766,PIK3R4
GO:0051897,PIK3R4
GO:0090382,PIK3R4
GO:0032930,SLAMF1
GO:0050766,SLAMF1
GO:0051897,SLAMF1
GO:0090382,SLAMF1
GO:0002221,BECN1
GO:0032930,BECN1
GO:0042742,BECN1
GO:0045087,BECN1
GO:0050766,BECN1
GO:0051897,BECN1
GO:0090382,BECN1
GO:0002221,PIK3C3
GO:0032930,PIK3C3
GO:0042742,PIK3C3
GO:0045087,PIK3C3
GO:0050766,PIK3C3
GO:0051897,PIK3C3
GO:0090382,PIK3C3
GO:0002221,PIK3R4
GO:0032930,PIK3R4
GO:0042742,PIK3R4
GO:0045087,PIK3R4
GO:0050766,PIK3R4
GO:0051897,PIK3R4
GO:0090382,PIK3R4
GO:0002221,SLAMF1
GO:0032930,SLAMF1
GO:0042742,SLAMF1
GO:0045087,SLAMF1
GO:0050766,SLAMF1
GO:0051897,SLAMF1
GO:0090382,SLAMF1
GO:0002221,UVRAG
GO:0032930,UVRAG
GO:0042742,UVRAG
GO:0045087,UVRAG
GO:0050766,UVRAG
GO:0051897,UVRAG
GO:0090382,UVRAG
GO:0002221,DDX1
GO:0002756,DDX1
GO:0005737,DDX1
GO:0032481,DDX1
GO:0035666,DDX1
GO:0043331,DDX1
GO:0045087,DDX1
GO:0051092,DDX1
GO:0051607,DDX1
GO:0002221,DDX21
GO:0002756,DDX21
GO:0005737,DDX21
GO:0032481,DDX21
GO:0035666,DDX21
GO:0043331,DDX21
GO:0045087,DDX21
GO:0051092,DDX21
GO:0051607,DDX21
GO:0002221,DHX36
GO:0002756,DHX36
GO:0005737,DHX36
GO:0032481,DHX36
GO:0035666,DHX36
GO:0043331,DHX36
GO:0045087,DHX36
GO:0051092,DHX36
GO:0051607,DHX36
GO:0002221,TICAM1
GO:0002756,TICAM1
GO:0005737,TICAM1
GO:0032481,TICAM1
GO:0035666,TICAM1
GO:0043331,TICAM1
GO:0045087,TICAM1
GO:0051092,TICAM1
GO:0051607,TICAM1
GO:0099022,TRAPPC1
GO:0099022,TRAPPC10
GO:0099022,TRAPPC2
GO:0099022,TRAPPC2L
GO:0099022,TRAPPC3
GO:0099022,TRAPPC5
GO:0099022,TRAPPC6A
GO:0099022,TRAPPC6B
GO:0099022,TRAPPC9
GO:0002221,TICAM2
GO:0002224,TICAM2
GO:0002756,TICAM2
GO:0009893,TICAM2
GO:0042742,TICAM2
GO:0045087,TICAM2
GO:0045893,TICAM2
GO:0097009,TICAM2
GO:0002221,TLR2
GO:0002224,TLR2
GO:0002756,TLR2
GO:0009893,TLR2
GO:0042742,TLR2
GO:0045087,TLR2
GO:0045893,TLR2
GO:0097009,TLR2
GO:0002224,TLR4
GO:0002756,TLR4
GO:0009893,TLR4
GO:0042742,TLR4
GO:0045893,TLR4
GO:0097009,TLR4
GO:0002224,BECN1
GO:0002755,BECN1
GO:0006952,BECN1
GO:0010508,BECN1
GO:0032496,BECN1
GO:0034142,BECN1
GO:0002221,MYD88
GO:0002224,MYD88
GO:0002755,MYD88
GO:0006952,MYD88
GO:0010508,MYD88
GO:0032496,MYD88
GO:0034142,MYD88
GO:0045087,MYD88
GO:0002224,TICAM1
GO:0002755,TICAM1
GO:0006952,TICAM1
GO:0010508,TICAM1
GO:0032496,TICAM1
GO:0034142,TICAM1
GO:0004672,CDC37
GO:0048240,CDC37
GO:0004672,HSP90AA1
GO:0048240,HSP90AA1
GO:0004672,MAPK1
GO:0048240,MAPK1
GO:0004672,MAPK11
GO:0048240,MAPK11
GO:0004672,MAPK3
GO:0048240,MAPK3
GO:0015125,ABCB11
GO:0015432,ABCB11
GO:0015721,ABCB11
GO:0015125,CHMP5
GO:0015432,CHMP5
GO:0015721,CHMP5
GO:0046579,PTPN6
GO:0060218,PTPN6
GO:0046579,VAV1
GO:0060218,VAV1
GO:0046579,PTPN6
GO:0060218,PTPN6
GO:0046579,VAV1
GO:0060218,VAV1
GO:0045931,GRB2
GO:0045931,PTPN6
GO:0045931,SOS1
GO:0006351,NACC1
GO:0006351,ZBTB17
GO:0005856,GRB2
GO:0007166,GRB2
GO:0005856,MED28
GO:0007166,MED28
GO:0005856,NF2
GO:0007166,NF2
GO:0005794,GOLGA7
GO:0016746,GOLGA7
GO:0018345,GOLGA7
GO:0005794,ZDHHC9
GO:0016746,ZDHHC9
GO:0018345,ZDHHC9
GO:0005886,GOLGA7
GO:0043543,GOLGA7
GO:0005886,ZDHHC5
GO:0016746,ZDHHC5
GO:0043543,ZDHHC5
GO:0002159,GOLGA7B
GO:0005886,GOLGA7B
GO:0007155,GOLGA7B
GO:0016409,GOLGA7B
GO:0018345,GOLGA7B
GO:0002159,ZDHHC5
GO:0007155,ZDHHC5
GO:0016409,ZDHHC5
GO:0018345,ZDHHC5
GO:0002159,ZDHHC5
GO:0005886,ZDHHC5
GO:0007155,ZDHHC5
GO:0016409,ZDHHC5
GO:0018345,ZDHHC5
GO:0050852,GRB2
GO:0050852,PLCG1
GO:0050852,SOS1
GO:0050852,ZAP70
GO:0001819,MYD88
GO:0032496,MYD88
GO:0032653,MYD88
GO:0032655,MYD88
GO:0042742,MYD88
GO:0001819,SYK
GO:0002221,SYK
GO:0002224,SYK
GO:0002755,SYK
GO:0032496,SYK
GO:0032653,SYK
GO:0032655,SYK
GO:0034142,SYK
GO:0042742,SYK
GO:0045087,SYK
GO:0051092,SYK
GO:0001819,TLR4
GO:0032653,TLR4
GO:0032655,TLR4
GO:0001819,IRAK1
GO:0002221,IRAK1
GO:0002224,IRAK1
GO:0002755,IRAK1
GO:0032496,IRAK1
GO:0032653,IRAK1
GO:0032655,IRAK1
GO:0034142,IRAK1
GO:0042742,IRAK1
GO:0016192,KALRN
GO:0055037,KALRN
GO:0055037,TRAPPC10
GO:0055037,TRAPPC9
GO:1905146,ATG2B
GO:1905146,TRAPPC11
GO:1905146,WDR45
GO:0016042,COPG1
GO:0055088,COPG1
GO:0016042,RAB18
GO:0055088,RAB18
GO:0016042,TRAPPC10
GO:0055088,TRAPPC10
GO:0016042,TRAPPC2
GO:0055088,TRAPPC2
GO:0016042,TRAPPC3
GO:0055088,TRAPPC3
GO:0016042,TRAPPC6B
GO:0055088,TRAPPC6B
GO:0016042,TRAPPC9
GO:0055088,TRAPPC9
GO:0005741,TIMM23
GO:0005743,TOMM40
GO:0005634,NUP50
GO:0006606,NUP50
GO:0005634,KPNA4
GO:0005737,KPNA4
GO:0006606,KPNA4
GO:0005737,KPNA3
GO:0006606,KPNA3
GO:0005737,KPNA1
GO:0006606,KPNA1
GO:0005634,KPNA6
GO:0005737,KPNA6
GO:0006606,KPNA6
GO:0006611,KPNA4
GO:0006611,KPNA3
GO:0006611,KPNA1
GO:0006611,KPNA6
GO:0005635,AAAS
GO:0051169,AAAS
GO:0005635,AHCTF1
GO:0051169,AHCTF1
GO:0005635,GLE1
GO:0051169,GLE1
GO:0005635,NDC1
GO:0051169,NDC1
GO:0005635,NUP107
GO:0005635,NUP133
GO:0005635,NUP153
GO:0051169,NUP153
GO:0005635,NUP155
GO:0051169,NUP155
GO:0005635,NUP160
GO:0005635,NUP188
GO:0051169,NUP188
GO:0005635,NUP205
GO:0051169,NUP205
GO:0005635,NUP210
GO:0051169,NUP210
GO:0005635,NUP214
GO:0051169,NUP214
GO:0005635,NUP35
GO:0051169,NUP35
GO:0005635,NUP37
GO:0005635,NUP42
GO:0051169,NUP42
GO:0005635,NUP43
GO:0005635,NUP50
GO:0051169,NUP50
GO:0005635,NUP54
GO:0051169,NUP54
GO:0005635,NUP58
GO:0051169,NUP58
GO:0005635,NUP62
GO:0051169,NUP62
GO:0005635,NUP85
GO:0005635,NUP88
GO:0051169,NUP88
GO:0005635,NUP93
GO:0051169,NUP93
GO:0005635,NUP98
GO:0005635,POM121
GO:0051169,POM121
GO:0005635,RAE1
GO:0051169,RAE1
GO:0005635,RANBP2
GO:0051169,RANBP2
GO:0005635,SEC13
GO:0005635,SEH1L
GO:0005635,TPR
GO:0051169,TPR
GO:0002224,CASP8
GO:0034138,CASP8
GO:0002221,CFLAR
GO:0002224,CFLAR
GO:0034138,CFLAR
GO:0042981,CFLAR
GO:0045087,CFLAR
GO:0051607,CFLAR
GO:0002224,FADD
GO:0034138,FADD
GO:0002224,RIPK1
GO:0034138,RIPK1
GO:0042981,TICAM1
GO:0051607,TICAM1
GO:0042981,TLR3
GO:0051607,TLR3
GO:0002221,CASP10
GO:0002224,CASP10
GO:0006952,CASP10
GO:0034138,CASP10
GO:0043065,CASP10
GO:0043331,CASP10
GO:0045087,CASP10
GO:0006952,CASP8
GO:0043331,CASP8
GO:0006952,CFLAR
GO:0043065,CFLAR
GO:0043331,CFLAR
GO:0006952,FADD
GO:0043065,FADD
GO:0006952,RIPK1
GO:0043065,RIPK1
GO:0043065,TICAM1
GO:0043065,TLR3
GO:0006915,TICAM1
GO:0006915,TLR3
GO:0034982,PMPCA
GO:0034982,PMPCB
GO:0043331,IKBKG
GO:0002221,TRAF2
GO:0032481,TRAF2
GO:0039529,TRAF2
GO:0043331,TRAF2
GO:0005249,HCN2
GO:0008076,HCN2
GO:0005249,HCN4
GO:0008076,HCN4
GO:0005248,HCN1
GO:0005249,HCN1
GO:0005248,HCN3
GO:0005249,HCN3
GO:0005248,HCN4
GO:0008076,HCN3
GO:0032420,MYO15A
GO:0032426,MYO15A
GO:0060088,MYO15A
GO:0060122,MYO15A
GO:0032420,MYO7A
GO:0032426,MYO7A
GO:0060122,MYO7A
GO:0032420,LRRC4C
GO:0032426,LRRC4C
GO:0000423,PRKN
GO:0005741,PRKN
GO:0000423,TOMM40
GO:0000423,TOMM70
GO:0002221,TRIM31
GO:0019048,TRIM31
GO:0032481,TRIM31
GO:0039529,TRIM31
GO:0045087,TRIM31
GO:0051607,TRIM31
GO:0005739,MAVS
GO:0032481,PPP6C
GO:0039529,PPP6C
GO:0043331,PPP6C
GO:0051607,PPP6C
GO:0005739,RIGI
GO:0032481,TRIM14
GO:0039529,TRIM14
GO:0043331,TRIM14
GO:0051607,TRIM14
GO:0032481,WRNIP1
GO:0039529,WRNIP1
GO:0043331,WRNIP1
GO:0051607,WRNIP1
GO:0007601,GUCA1A
GO:1903546,GUCA1A
GO:1903546,GUCY2D
GO:1903546,RD3
GO:0006955,RIPK1
GO:0019048,RIPK1
GO:0032088,RIPK1
GO:0060544,RIPK1
GO:0006955,RIPK3
GO:0019048,RIPK3
GO:0032088,RIPK3
GO:0034612,RIPK3
GO:0060544,RIPK3
GO:0034612,CASP8
GO:0097300,CASP8
GO:0034612,FADD
GO:0097300,FADD
GO:0043408,HRAS
GO:0007265,PPP1CC
GO:0043408,PPP1CC
GO:0007265,SHOC2
GO:0007265,KRAS
GO:0043408,KRAS
GO:0007265,MRAS
GO:0007265,NRAS
GO:0043408,NRAS
GO:0002756,RIPK1
GO:0035666,RIPK1
GO:0035666,TICAM1
GO:0051092,TICAM1
GO:0035666,TLR3
GO:0002221,OPTN
GO:0032496,OPTN
GO:0032728,OPTN
GO:0034121,OPTN
GO:0039535,OPTN
GO:0042742,OPTN
GO:0043331,OPTN
GO:0045087,OPTN
GO:0051607,OPTN
GO:0032728,TBK1
GO:0034121,TBK1
GO:0039535,TBK1
GO:0042742,TBK1
GO:0043331,TBK1
GO:0002221,OPTN
GO:0032496,OPTN
GO:0032728,OPTN
GO:0042742,OPTN
GO:0043331,OPTN
GO:0045087,OPTN
GO:0051607,OPTN
GO:0032728,TBK1
GO:0002537,TLR4
GO:0002221,TLR5
GO:0002224,TLR5
GO:0002537,TLR5
GO:0032728,TLR5
GO:0042742,TLR5
GO:0045087,TLR5
GO:0045893,ALYREF
GO:0005634,MYCN
GO:0045893,MYCN
GO:0045892,MYCN
GO:0002221,DOCK8
GO:0002224,DOCK8
GO:0002755,DOCK8
GO:0034162,DOCK8
GO:0045087,DOCK8
GO:0050871,DOCK8
GO:0034162,MYD88
GO:0050871,MYD88
GO:0002221,PTK2B
GO:0002224,PTK2B
GO:0002755,PTK2B
GO:0034162,PTK2B
GO:0045087,PTK2B
GO:0050871,PTK2B
GO:0031966,IKBKE
GO:0031966,MAVS
GO:0001917,MAP1B
GO:0007601,MAP1B
GO:0001917,TULP1
GO:0007601,TULP1
GO:0001917,KIF3A
GO:0007601,KIF3A
GO:0007601,CTBP2
GO:0019048,TRAF6
GO:0039529,TRAF6
GO:0001819,ECSIT
GO:0002221,ECSIT
GO:0002224,ECSIT
GO:0032496,ECSIT
GO:0034142,ECSIT
GO:0045087,ECSIT
GO:0051092,ECSIT
GO:0001819,MAP3K7
GO:0032496,MAP3K7
GO:0034142,MAP3K7
GO:0001819,TRAF6
GO:0019048,DDX3X
GO:0032728,DDX3X
GO:0039535,DDX3X
GO:0032728,IKBKE
GO:0039535,IKBKE
GO:0015031,TIMM17B
GO:0002221,IFNAR1
GO:0009615,IFNAR1
GO:0019048,IFNAR1
GO:0060338,IFNAR1
GO:0002221,IFNAR2
GO:0009615,IFNAR2
GO:0019048,IFNAR2
GO:0060338,IFNAR2
GO:0002221,RACK1
GO:0009615,RACK1
GO:0019048,RACK1
GO:0019221,RACK1
GO:0045087,RACK1
GO:0046425,RACK1
GO:0051607,RACK1
GO:0060338,RACK1
GO:0002221,STAT1
GO:0009615,STAT1
GO:0019221,STAT1
GO:0046425,STAT1
GO:0060338,STAT1
GO:0002224,AZI2
GO:0032496,AZI2
GO:0032608,AZI2
GO:0034142,AZI2
GO:0034612,AZI2
GO:0051092,AZI2
GO:0002224,TBK1
GO:0032608,TBK1
GO:0034142,TBK1
GO:0050727,TNFRSF1B
GO:0033209,TRAF3
GO:0050727,TRAF3
GO:0005267,KCNQ1
GO:0002221,AZI2
GO:0009615,AZI2
GO:0009617,AZI2
GO:0032481,AZI2
GO:0039529,AZI2
GO:0045087,AZI2
GO:0051607,AZI2
GO:0002221,DDX3X
GO:0009615,DDX3X
GO:0009617,DDX3X
GO:0032481,DDX3X
GO:0039529,DDX3X
GO:0045087,DDX3X
GO:0051607,DDX3X
GO:0009615,TANK
GO:0009617,TANK
GO:0039529,TANK
GO:0009615,TBK1
GO:0009617,TBK1
GO:0039529,TBK1
GO:0002221,TBKBP1
GO:0009615,TBKBP1
GO:0009617,TBKBP1
GO:0032481,TBKBP1
GO:0039529,TBKBP1
GO:0045087,TBKBP1
GO:0051607,TBKBP1
GO:0002221,HSP90AA1
GO:0002224,HSP90AA1
GO:0009615,HSP90AA1
GO:0032481,HSP90AA1
GO:0045087,HSP90AA1
GO:0051607,HSP90AA1
GO:0002224,IRF3
GO:0009615,IRF3
GO:0005741,BAX
GO:0016032,BAX
GO:0140374,BAX
GO:0005741,HSP90AA1
GO:0016032,HSP90AA1
GO:0140374,HSP90AA1
GO:0005741,IRF3
GO:0006915,IRF3
GO:0016032,IRF3
GO:0140374,IRF3
GO:0006915,TOMM70
GO:0016032,TOMM70
GO:0140374,TOMM70
GO:0045087,BAX
GO:0032728,HSP90AA1
GO:0039535,HSP90AA1
GO:0039535,RIGI
GO:0019048,IRAK2
GO:0034143,IRAK2
GO:0051607,IRAK2
GO:0002221,MAL
GO:0019048,MAL
GO:0034143,MAL
GO:0045087,MAL
GO:0051092,MAL
GO:0051607,MAL
GO:0005741,MAVS
GO:0006915,MAVS
GO:0016032,MAVS
GO:0140374,MAVS
GO:0005741,TBK1
GO:0006915,TBK1
GO:0016032,TBK1
GO:0140374,TBK1
GO:0006457,PIH1D1
GO:0009615,PIH1D1
GO:0019048,PIH1D1
GO:0045069,PIH1D1
GO:0065003,PIH1D1
GO:0097255,PIH1D1
GO:0006457,RPAP3
GO:0009615,RPAP3
GO:0019048,RPAP3
GO:0045069,RPAP3
GO:0065003,RPAP3
GO:0097255,RPAP3
GO:0006457,RUVBL1
GO:0009615,RUVBL1
GO:0019048,RUVBL1
GO:0045069,RUVBL1
GO:0065003,RUVBL1
GO:0097255,RUVBL1
GO:0006457,RUVBL2
GO:0009615,RUVBL2
GO:0019048,RUVBL2
GO:0045069,RUVBL2
GO:0065003,RUVBL2
GO:0097255,RUVBL2
GO:0072657,EFNB1
GO:0072657,TUBB4B
GO:0019048,HSP90AA1
GO:0002221,TOMM70
GO:0019048,TOMM70
GO:0032481,TOMM70
GO:0045087,TOMM70
GO:0051607,TOMM70
GO:0005741,CHUK
GO:0016032,CHUK
GO:0140374,CHUK
GO:0005741,IKBKB
GO:0016032,IKBKB
GO:0140374,IKBKB
GO:0005737,PEX19
GO:0005778,PEX19
GO:0036105,PEX19
GO:0005737,PEX3
GO:0005778,PEX3
GO:0036105,PEX3
GO:0030520,CTNNB1
GO:0032355,CTNNB1
GO:0032870,CTNNB1
GO:0071392,CTNNB1
GO:0030520,ESR1
GO:0071392,ESR1
GO:0030520,GSK3B
GO:0032355,GSK3B
GO:0032870,GSK3B
GO:0071392,GSK3B
GO:0008013,CTNNB1
GO:0036312,CTNNB1
GO:0048156,CTNNB1
GO:0008013,GSK3B
GO:0036312,GSK3B
GO:0048156,GSK3B
GO:0008013,MAPT
GO:0030520,MAPT
GO:0036312,MAPT
GO:0048156,MAPT
GO:0008013,PIK3R1
GO:0030520,PIK3R1
GO:0036312,PIK3R1
GO:0048156,PIK3R1
GO:0071514,PRKAR1B
GO:0071514,ZFP57
GO:0071514,MSH2
GO:0071514,MSH6
GO:0030488,FTO
GO:0035552,FTO
GO:0030488,TRMT10A
GO:0035552,TRMT10A
GO:0006851,UCP2
GO:0034755,HEPH
GO:0034755,SLC40A1
GO:0005634,ZBTB17
GO:0005634,AURKA
GO:0006626,AURKA
GO:0006626,MYCN
GO:0006355,MYCN
GO:0005764,MAP2K1
GO:0012501,MAP2K1
GO:0005764,WWOX
GO:0012501,WWOX
GO:0005634,HYAL2
GO:0008219,HYAL2
GO:0008219,WWOX
NA,HYAL2
NA,SMAD3
NA,WWOX
GO:0045893,HYAL2
GO:0008219,SMAD4
GO:0045893,WWOX
NA,SMAD4
GO:0006915,NFKB1
GO:0006915,RELA
GO:0005634,UXT
GO:0006355,UXT
GO:0006915,UXT
GO:0005634,BCLAF1
GO:0006355,BCLAF1
GO:0044030,BCLAF1
GO:0005634,TET2
GO:0006355,TET2
GO:0044030,TET2
GO:0060047,TNNC1
GO:0060047,TNNI3
GO:0060047,TNNT2
GO:0008016,TNNC1
GO:0008016,TNNI3
GO:0008016,TNNT2
GO:0002090,APP
GO:0001540,EGFBP2
GO:0002090,EGFBP2
GO:0006954,CRLF2
GO:0007259,CRLF2
GO:0006954,IL7R
GO:0007259,IL7R
GO:0006954,TSLP
GO:0007259,TSLP
GO:0006897,CLEC4M
GO:0006897,VWF
GO:0007596,F8
GO:1900046,F8
GO:0007596,VWF
GO:1900046,VWF
GO:0015031,SNX4
GO:0031623,SNX2
GO:0033210,SNX2
GO:0006886,SNX4
GO:0031623,SNX4
GO:0033210,SNX4
GO:1990460,SNX4
GO:0005158,SNX4
GO:0007173,SNX2
GO:0005154,SNX4
GO:0007173,SNX4
GO:0005017,SNX2
GO:0005161,SNX2
GO:0005017,SNX4
GO:0005161,SNX4
GO:0005052,PEX5
GO:0005053,PEX5
GO:0016558,PEX5
GO:0062137,PEX5
GO:0005052,PEX7
GO:0005053,PEX7
GO:0016558,PEX7
GO:0062137,PEX7
GO:0016558,PEX12
GO:0071535,PEX12
GO:0071535,PEX5
GO:0016558,PEX10
GO:0071535,PEX10
GO:0005778,PEX14
GO:0062137,PEX14
GO:0005778,PEX5
GO:0062137,PEX5
GO:0005778,PEX12
GO:0005778,PEX2
GO:0006355,NOD2
GO:0006355,YBX1
GO:0045089,YBX1
GO:0061077,RAB5IF
GO:0061077,TMCO1
GO:0003990,ACHE
GO:0005886,ACHE
GO:0051262,ACHE
GO:0003990,PRIMA1
GO:0005886,PRIMA1
GO:0051262,PRIMA1
GO:0004104,BCHE
GO:0005126,BCHE
GO:0005886,BCHE
GO:0051262,BCHE
GO:0004104,PRIMA1
GO:0005126,PRIMA1
GO:0003990,COLQ
GO:0051262,COLQ
GO:0045089,NOD2
GO:0045089,RIPK2
GO:0042803,ACHE
GO:0005634,KEAP1
GO:0006979,KEAP1
GO:0045089,KEAP1
GO:0005634,SQSTM1
GO:0006979,SQSTM1
GO:0045089,SQSTM1
GO:0006954,KEAP1
GO:0045088,KEAP1
GO:0006954,SQSTM1
GO:0045088,SQSTM1
GO:0001540,ACHE
GO:0003990,ACHE
GO:0003990,APP
GO:0035249,ACHE
GO:0060076,ACHE
GO:0003990,NRXN1
GO:0035249,NRXN1
GO:0060076,NRXN1
GO:0035249,ACHE
GO:0060076,ACHE
GO:0003990,NRXN1
GO:0035249,NRXN1
GO:0060076,NRXN1
GO:0004104,APOA1
GO:0004104,BCHE
GO:0004104,APOB
GO:0004104,CLU
GO:0004104,KRT1
GO:0004104,KRT10
GO:0004104,ALB
GO:0004104,KRT9
GO:0004104,KRT2
GO:0004104,KRT14
GO:0004104,AHSG
GO:0004104,KRT6B
GO:0004104,TF
GO:0004104,KRT6A
GO:0004104,KRT5
GO:0004104,C1S
GO:0004104,KRT16
GO:0004104,
GO:0004104,VTN
GO:0004104,HBB
GO:0004104,THBS1
GO:0006355,PTGES3
GO:0004104,IGHM
GO:0004104,LGALS3BP
GO:0004104,A2M
GO:0004104,HPR
GO:0004104,HP
GO:0051262,BCHE
GO:0051262,ACHE
GO:0006355,AHR
GO:0016567,KDM6A
GO:0032436,KDM6A
GO:0016567,RNF114
GO:0032436,RNF114
GO:0005604,COLQ
GO:0031594,COLQ
GO:0005604,HSPG2
GO:0031594,HSPG2
GO:0005604,MUSK
GO:0031594,MUSK
GO:0051259,ACHE
GO:0003990,COLQ
GO:0051259,COLQ
GO:0051262,COLQ
GO:0042803,ACHE
GO:0000502,PSMA1
GO:0010498,PSMA1
GO:0000502,PSMA2
GO:0010498,PSMA2
GO:0000502,PSMA3
GO:0010498,PSMA3
GO:0000502,PSMA4
GO:0010498,PSMA4
GO:0000502,PSMA5
GO:0010498,PSMA5
GO:0000502,PSMA6
GO:0010498,PSMA6
GO:0000502,PSMA7
GO:0010498,PSMA7
GO:0000502,PSMB1
GO:0010498,PSMB1
GO:0000502,PSMB2
GO:0010498,PSMB2
GO:0000502,PSMB3
GO:0010498,PSMB3
GO:0000502,PSMB4
GO:0000502,PSMB5
GO:0010498,PSMB5
GO:0000502,PSMB6
GO:0010498,PSMB6
GO:0000502,PSMB7
GO:0010498,PSMB7
GO:0004104,APP
GO:0001540,BCHE
GO:0004104,COLQ
GO:0002685,ITGA4
GO:2000401,ITGA4
GO:0002685,ITGB7
GO:2000401,ITGB7
GO:0002685,MADCAM1
GO:2000401,MADCAM1
GO:0007155,ICAM1
GO:0007229,ICAM1
GO:0008305,ICAM1
GO:0007155,ITGAL
GO:0007229,ITGAL
GO:0008305,ITGAL
GO:0007229,ITGB2
GO:0008305,ITGB2
GO:0005737,EGLN1
GO:0061136,SH3KBP1
GO:1900037,SH3KBP1
GO:1902071,SH3KBP1
GO:0001516,PTGS2
GO:0007567,PTGS2
GO:0031965,PTGS2
GO:0050891,PTGS2
GO:0055078,PTGS2
GO:0005783,GRIN2A
GO:0008073,OAZ1
GO:0010967,OAZ1
GO:0045732,OAZ1
GO:1903267,OAZ1
GO:0008073,ODC1
GO:0010967,ODC1
GO:0045732,ODC1
GO:1903267,ODC1
GO:0003050,NPR1
GO:0004383,NPR1
GO:0007168,NPR1
GO:0016941,NPR1
GO:0017046,NPR1
GO:1990620,NPR1
GO:0004586,ODC1
GO:0006596,ODC1
GO:0042127,ODC1
GO:0008305,VCAM1
GO:0031295,BCL10
GO:0045121,BCL10
GO:0031295,CARD11
GO:0045121,CARD11
GO:0031295,DPP4
GO:0045121,DPP4
GO:0031295,IKBKB
GO:0045121,IKBKB
GO:0010967,AZIN1
GO:0042979,AZIN1
GO:1903268,AZIN1
GO:0042979,OAZ1
GO:1903268,OAZ1
GO:0001525,DPP4
GO:0006508,DPP4
GO:0030027,DPP4
GO:0001525,FAP
GO:0006508,FAP
GO:0030027,FAP
GO:0005737,AZIN2
GO:0010967,AZIN2
GO:0042979,AZIN2
GO:1903268,AZIN2
GO:0005737,OAZ1
GO:0006355,RXRA
GO:0071300,RXRA
GO:0097067,RXRA
GO:0071300,THRA
GO:0002154,RXRA
GO:0002154,THRB
GO:0006355,RARA
GO:0071300,RARA
GO:0005634,RARB
GO:0006355,RARB
GO:0071300,RARB
GO:0006355,RARG
GO:0032870,RARG
GO:0071300,RARG
GO:0031639,PLAT
GO:0051919,PLAT
GO:0051919,PLG
GO:0009755,RARG
GO:0006355,RXRG
GO:0009755,RXRG
GO:0071300,RXRG
GO:0032870,HDAC3
GO:0071300,HDAC3
GO:0097704,HDAC3
GO:0097704,RARA
GO:0006355,HDAC5
GO:0032870,HDAC5
GO:0071300,HDAC5
GO:0097704,HDAC5
GO:0006355,HDAC7
GO:0032870,HDAC7
GO:0071300,HDAC7
GO:0097704,HDAC7
GO:0032870,NCOR1
GO:0071300,NCOR1
GO:0005634,RARA
GO:0032870,RARA
GO:0045892,RARA
GO:0071300,RARA
GO:0002154,NCOR1
GO:0006355,NCOR1
GO:0097067,NCOR1
GO:0002154,THRB
GO:0005634,THRB
GO:0006355,THRB
GO:0032870,THRB
GO:0097067,THRB
GO:0032870,NCOR2
GO:0071300,NCOR2
GO:0045892,RARA
GO:0097067,NCOR2
GO:0005634,THRB
GO:0045892,THRB
GO:0032870,THRA
GO:0045892,THRA
GO:0045892,RXRA
GO:0009755,RXRA
GO:0009755,THRB
GO:0031639,FGA
GO:0072378,FGA
GO:0031639,FGB
GO:0072378,FGB
GO:0031639,FGG
GO:0072378,FGG
GO:0006355,NCOA2
GO:0009755,NCOA2
GO:0071300,NCOA2
GO:0009755,RARA
GO:0032870,NCOA2
GO:0097067,NCOA2
GO:0071305,NCOA2
GO:0006355,VDR
GO:0071305,VDR
GO:0033574,NCOA2
GO:0071383,NCOA2
GO:0010757,PLAU
GO:0051918,PLAU
GO:0010757,SERPINE1
GO:0051918,SERPINE1
GO:0005634,NR1H3
GO:0006355,NR1H3
GO:0032570,NR1H3
GO:0032870,NR1H3
GO:0071300,NR1H3
GO:0032570,RXRA
GO:0005634,NR1H2
GO:0006355,NR1H2
GO:0032870,NR1H2
GO:0071300,NR1H2
GO:0031639,VTN
GO:0048771,VTN
GO:0032570,PPARA
GO:0032870,PPARA
GO:0032570,NR1H2
GO:0006355,PPARD
GO:0032570,PPARD
GO:0032870,PPARD
GO:0005634,PPARG
GO:0006355,PPARG
GO:0032870,PPARG
GO:0001558,PIK3R1
GO:0005634,PIK3R1
GO:0030334,PIK3R1
GO:0032870,PIK3R1
GO:0043491,PIK3R1
GO:0071300,PIK3R1
GO:0001558,RARA
GO:0030334,RARA
GO:0043491,RARA
GO:0005634,PTK2
GO:0006355,PTK2
GO:0032870,PTK2
GO:0043491,PTK2
GO:0071300,PTK2
GO:0071300,ESR1
GO:0032870,FOS
GO:0071300,FOS
GO:0071391,FOS
GO:0005634,FOXA1
GO:0006355,FOXA1
GO:0032870,FOXA1
GO:0071300,FOXA1
GO:0071391,FOXA1
GO:0005634,GATA3
GO:0006355,GATA3
GO:0032870,GATA3
GO:0071300,GATA3
GO:0071391,GATA3
GO:0032870,PRKDC
GO:0071300,PRKDC
GO:0071391,PRKDC
GO:0071391,RARA
GO:0032870,STAT1
GO:0071300,STAT1
GO:0071391,STAT1
GO:0005634,TFAP2C
GO:0006355,TFAP2C
GO:0032870,TFAP2C
GO:0071300,TFAP2C
GO:0071391,TFAP2C
GO:0032870,XRCC5
GO:0071300,XRCC5
GO:0071391,XRCC5
GO:0032870,XRCC6
GO:0071300,XRCC6
GO:0071391,XRCC6
GO:0005634,RARG
GO:0071391,RARG
GO:0005886,GNAQ
GO:0032870,GNAQ
GO:0071300,GNAQ
GO:1900744,GNAQ
GO:0005886,RARA
GO:1900744,RARA
GO:0006355,NR3C1
GO:0032870,NR3C1
GO:0043065,NR3C1
GO:0071300,NR3C1
GO:0006355,RARA
GO:0043065,RARA
GO:0071385,RARA
GO:0006355,RXRA
GO:0043065,RXRA
GO:0071300,RXRA
GO:0071385,RXRA
GO:0010755,SERPINE1
GO:0051917,SERPINE1
GO:0010755,VTN
GO:0051917,VTN
GO:0005634,NR4A1
GO:0005737,NR4A1
GO:0005739,NR4A1
GO:0006355,NR4A1
GO:0006915,NR4A1
GO:0032870,NR4A1
GO:0071300,NR4A1
GO:0005737,RXRA
GO:0005739,RXRA
GO:0006915,RXRA
GO:0051917,PLAU
GO:0010757,SERPINB2
GO:0051917,SERPINB2
GO:0017146,ACTN2
GO:0017146,AKAP9
GO:0017146,APPL1
GO:0017146,ARC
GO:0017146,CAMK2A
GO:0017146,CAMK2B
GO:0017146,CDH2
GO:0017146,CLTC
GO:0017146,CTNNB1
GO:0017146,CTTN
GO:0017146,DLG2
GO:0017146,DLG3
GO:0017146,DLG4
GO:0017146,DLGAP1
GO:0017146,DUSP4
GO:0017146,FUS
GO:0017146,GRIK2
GO:0017146,GRIK3
GO:0017146,GRIN1
GO:0017146,GRIN2A
GO:0017146,GRIN2B
GO:0017146,GRM1
GO:0017146,HOMER1
GO:0017146,HRAS
GO:0017146,HSPA8
GO:0017146,INA
GO:0017146,KLC2
GO:0017146,L1CAM
GO:0017146,MAP2
GO:0017146,MAP2K1
GO:0017146,MAP2K2
GO:0017146,MAPK1
GO:0017146,MAPK3
GO:0017146,NF1
GO:0017146,NSF
GO:0017146,PIK3CA
GO:0017146,PLA2G4A
GO:0017146,PPP2R1A
GO:0017146,PPP3CA
GO:0017146,PRKACA
GO:0017146,PRKAR2B
GO:0017146,PRKCB
GO:0017146,PRKCE
GO:0017146,PRKCG
GO:0017146,PTK2B
GO:0017146,PTPN11
GO:0017146,RAC1
GO:0017146,RAF1
GO:0017146,RALA
GO:0017146,RAP2A
GO:0017146,RPS6KA3
GO:0017146,SHANK2
GO:0017146,SLMAP
GO:0017146,SRC
GO:0017146,SYNGAP1
GO:0005737,RARG
GO:0005737,SRC
GO:0071300,SRC
GO:0005634,PPARA
GO:0071300,PPARA
GO:0071300,PPARG
GO:0005634,NR1H4
GO:0006355,NR1H4
GO:0032870,NR1H4
GO:0071300,NR1H4
GO:0010756,PLAU
GO:0071300,NCOA1
GO:0008201,HRG
GO:0030193,HRG
GO:0008201,THBS1
GO:0030193,THBS1
GO:0006355,NCOR1
GO:0032870,NCOR1
GO:0071300,NCOR1
GO:0005634,NR1I3
GO:0006355,NR1I3
GO:0032870,NR1I3
GO:0071300,NR1I3
GO:0071300,EP300
GO:0005634,NR1I2
GO:0006355,NR1I2
GO:0032870,NR1I2
GO:0071300,NR1I2
GO:0071305,RXRA
GO:0032870,VDR
GO:0071300,VDR
GO:0005783,GRIN1
GO:0005783,GRIN2A
GO:0005634,NR4A2
GO:0006355,NR4A2
GO:0032870,NR4A2
GO:0071300,NR4A2
GO:0005634,RXRG
GO:0006355,RXRG
GO:0032870,RXRG
GO:0071300,RXRG
GO:0016595,GRIN1
GO:0016595,GRIN2B
GO:0004972,GRIN2C
GO:0016595,GRIN2C
GO:0004972,GRIN2D
GO:0016595,GRIN2D
GO:0051262,GRIN1
GO:0098989,GRIN1
GO:0016595,GRIN2A
GO:0051262,GRIN2A
GO:0098989,GRIN2A
GO:0005634,AJUBA
GO:0006355,AJUBA
GO:0032870,AJUBA
GO:0071300,AJUBA
GO:0097067,AJUBA
GO:0006355,THRA
GO:0032870,THRA
GO:0097067,THRA
GO:0005634,WTIP
GO:0006355,WTIP
GO:0005634,LIMD1
GO:0006355,LIMD1
GO:0005634,CNOT7
GO:0006355,CNOT7
GO:0007283,CNOT7
GO:0032870,CNOT7
GO:0071300,CNOT7
GO:0005634,RXRB
GO:0006355,RXRB
GO:0007283,RXRB
GO:0032870,RXRB
GO:0071300,RXRB
GO:0006813,KCNA1
GO:0006813,KCNA4
GO:0006813,KCNA2
GO:0005249,KCNA5
GO:0006813,KCNA5
GO:0008076,KCNA5
GO:0071805,KCNA5
GO:0004972,CAMK2A
GO:0046777,CAMK2A
GO:0099004,CAMK2A
GO:2000310,CAMK2A
GO:0046777,GRIN2B
GO:0099004,GRIN2B
GO:2000310,GRIN2B
GO:0071305,RXRB
GO:0005634,NR1H2
GO:0006355,NR1H2
GO:0007283,NR1H2
GO:0032870,NR1H2
GO:0070371,GRIN2B
GO:0004972,RASGRF1
GO:0070371,RASGRF1
GO:0004972,DRD1
GO:0007212,GRIN1
GO:0007212,GRIN2A
GO:0006813,KCNA3
GO:0004972,DRD2
GO:0098926,DRD2
GO:0007186,GRIN2B
GO:0007212,GRIN2B
GO:0098926,GRIN2B
GO:0004972,CAMK2A
GO:0004972,DAPK1
GO:0031295,IGF2R
GO:0008285,DPP4
GO:0008285,GPC3
GO:0005249,KCNA7
GO:0006813,KCNA7
GO:0008076,KCNA7
GO:0071805,KCNA7
GO:0071300,PPARA
GO:0005634,PPARG
GO:0006355,PPARG
GO:0032870,PPARG
GO:0071300,PPARG
GO:0005634,PPARD
GO:0006355,PPARD
GO:0032870,PPARD
GO:0071300,PPARD
GO:0005249,KCNA10
GO:0006813,KCNA10
GO:0008076,KCNA10
GO:0071805,KCNA10
GO:0005249,POMP
GO:0006813,POMP
GO:0008076,POMP
GO:0071805,POMP
GO:0098989,GRIN1
GO:0098989,GRIN3A
GO:0045893,NR4A2
GO:0098989,GRIN2B
GO:0004972,CNR2
GO:0007186,CNR2
GO:0031717,CNR2
GO:0038171,CNR2
GO:0031717,GRIN1
GO:0038171,GRIN1
GO:0031717,GRIN2B
GO:0038171,GRIN2B
GO:0042110,CAV1
GO:0042110,DPP4
GO:0051262,GRIN2C
GO:0098989,GRIN2C
GO:0051262,GRIN2D
GO:0098989,GRIN2D
GO:0003887,POLD1
GO:0006281,POLD1
GO:0043625,POLD1
GO:0003887,POLD2
GO:0006281,POLD2
GO:0043625,POLD2
GO:0003887,POLD3
GO:0006281,POLD3
GO:0043625,POLD3
GO:0003887,POLD4
GO:0006281,POLD4
GO:0043625,POLD4
GO:0006974,POLD1
GO:0034061,POLD1
GO:0006974,POLD2
GO:0034061,POLD2
GO:0006974,POLD3
GO:0034061,POLD3
GO:0001696,GLP1R
GO:0007186,GLP1R
GO:0016020,GLP1R
GO:0019722,GLP1R
GO:0019933,GLP1R
GO:0030073,GLP1R
GO:0035773,GLP1R
GO:0042593,GLP1R
GO:0044508,GLP1R
GO:0070091,GLP1R
GO:0070371,GLP1R
GO:0004930,SCTR
GO:0007586,SCTR
GO:0008217,SCTR
GO:0015055,SCTR
GO:0016020,SCTR
GO:0016042,SCTR
GO:0019722,SCTR
GO:0019933,SCTR
GO:0022008,SCTR
GO:0030157,SCTR
GO:0035176,SCTR
GO:0050891,SCTR
GO:0004930,GLP1R
GO:0005249,KCNB2
GO:0008076,KCNB2
GO:0034705,KCNB2
GO:0071805,KCNB2
GO:0005249,KCNG4
GO:0008076,KCNG4
GO:0071805,KCNG4
GO:0005634,GRIN1
GO:0019722,GRIN1
GO:0004972,GRIN3B
GO:0005634,GRIN3B
GO:0019722,GRIN3B
GO:0005249,KCNC1
GO:0008076,KCNC1
GO:0071805,KCNC1
GO:0005249,KCNC2
GO:0008076,KCNC2
GO:0071805,KCNC2
GO:0005249,KCNC3
GO:0008076,KCNC3
GO:0071805,KCNC3
GO:0005249,KCNG3
GO:0008076,KCNG3
GO:0071805,KCNG3
GO:0005249,KCNC1
GO:0008076,KCNC1
GO:0071805,KCNC1
GO:0005249,KCNH1
GO:0008076,KCNH1
GO:0071805,KCNH1
GO:0005249,KCNV2
GO:0008076,KCNV2
GO:0071805,KCNV2
GO:0005249,KCNB2
GO:0008076,KCNB2
GO:0071805,KCNB2
GO:0004972,ACTN2
GO:0043197,ACTN2
GO:0051393,ACTN2
GO:0043197,GRIN1
GO:0051393,GRIN1
GO:0043197,GRIN2B
GO:0051393,GRIN2B
GO:0043197,DLG4
GO:0051393,DLG4
GO:0004972,DLG4
GO:0043197,GRIN2A
GO:0030507,GRIN2B
GO:0004972,SPTA1
GO:0030507,SPTA1
GO:0030507,GRIN1
GO:0030507,GRIN2A
GO:0007186,CAV1
GO:0031623,CAV1
GO:0045121,CAV1
GO:0070371,CAV1
GO:0072657,CAV1
GO:0031623,GLP1R
GO:0045121,GLP1R
GO:0072657,GLP1R
GO:0007186,ADCY3
GO:0019933,ADCY3
GO:0007186,GCG
GO:0019933,GCG
GO:0007186,GLP1R
GO:0019933,GLP1R
GO:0004972,APP
GO:0005783,APP
GO:0005783,GRIN2B
GO:0004972,APP
GO:0005783,APP
GO:0005783,GRIN2B
GO:0005634,NR1I3
GO:0045893,NR1I3
GO:0071300,NR1I3
GO:0045893,RXRB
GO:0008408,POLE
GO:0008622,POLE
GO:0034061,POLE
GO:0045004,POLE
GO:0008408,POLE2
GO:0008622,POLE2
GO:0034061,POLE2
GO:0045004,POLE2
GO:0006281,POLE3
GO:0008408,POLE3
GO:0008622,POLE3
GO:0034061,POLE3
GO:0045004,POLE3
GO:0006281,POLE4
GO:0008408,POLE4
GO:0008622,POLE4
GO:0034061,POLE4
GO:0045004,POLE4
GO:0007186,GLP2R
GO:0007186,GHRHR
GO:0007186,ARRB1
GO:0019933,ARRB1
GO:0030073,ARRB1
GO:0042593,ARRB1
GO:0043434,ARRB1
GO:0070371,ARRB1
GO:0030073,GCG
GO:0042593,GCG
GO:0043434,GCG
GO:0070371,GCG
GO:0030073,GLP1R
GO:0042593,GLP1R
GO:0043434,GLP1R
GO:0070371,GLP1R
GO:0007186,GIPR
GO:0019933,GIPR
GO:0030073,GIPR
GO:0038192,GIPR
GO:0042593,GIPR
GO:0019933,ADRB2
GO:0038192,ADRB2
GO:0071875,GIPR
GO:2000310,APP
GO:2000310,GRIN1
GO:2000310,GRIN2A
GO:0004972,NETO1
GO:2000310,NETO1
GO:0007186,OPRD1
GO:0038003,OPRD1
GO:0007186,OPRK1
GO:0038003,OPRK1
GO:0050848,OPRD1
GO:0050848,OPRM1
GO:0005249,KCNC4
GO:0008076,KCNC4
GO:0071805,KCNC4
GO:0005249,KCNE3
GO:0008076,KCNE3
GO:0071805,KCNE3
GO:0002034,AGTR1
GO:0002034,BDKRB2
GO:0038166,BDKRB2
GO:0038192,GLP1R
GO:0051170,APBB1
GO:1902003,APBB1
GO:0051170,APP
GO:1902003,APP
GO:0001540,APBB2
GO:0016485,APBB2
GO:0051643,APBB2
GO:0051645,APBB2
GO:1902003,APBB2
GO:1902946,APBB2
GO:0051643,APP
GO:0051645,APP
GO:1902946,APP
GO:0006974,TDP1
GO:0006813,KCNC1
GO:0001540,NCSTN
GO:0034205,NCSTN
GO:0070836,CAV1
GO:0070836,CAVIN1
GO:0045859,CAV1
GO:0045859,GRK2
GO:0006282,PARP1
GO:0010569,PARP1
GO:0003677,TIMELESS
GO:0005634,TIMELESS
GO:0006282,TIMELESS
GO:0006974,TIMELESS
GO:0010569,TIMELESS
GO:0006355,PARP1
GO:0044344,PARP1
GO:2000736,PARP1
GO:0006355,SOX2
GO:0044344,SOX2
GO:2000736,SOX2
GO:0008286,CAV1
GO:0042593,CAV1
GO:0015277,GRIK2
GO:0032983,GRIK2
GO:2000312,GRIK2
GO:0004970,GRIK3
GO:0015277,GRIK3
GO:0032983,GRIK3
GO:2000312,GRIK3
GO:0004970,NETO1
GO:0015277,NETO1
GO:0032983,NETO1
GO:2000312,NETO1
GO:0004970,NETO2
GO:0015277,NETO2
GO:0032983,NETO2
GO:2000312,NETO2
GO:0015277,GRIK5
GO:0032983,GRIK5
GO:2000312,GRIK5
GO:1903516,PARP1
GO:1905051,PARP1
GO:0003677,PARP2
GO:0006281,PARP2
GO:0006974,PARP2
GO:1903516,PARP2
GO:1905051,PARP2
GO:0006284,PARP1
GO:0005634,PARP2
GO:0006284,PARP2
GO:0009411,COPS4
GO:0070914,COPS4
GO:0009411,COPS7A
GO:0070914,COPS7A
GO:0009411,CUL4A
GO:0070914,CUL4A
GO:0006281,CUL4B
GO:0009411,CUL4B
GO:0070914,CUL4B
GO:0009411,DDB1
GO:0070914,DDB1
GO:0009411,DDB2
GO:0070914,DDB2
GO:0009411,GPS1
GO:0070914,GPS1
GO:0009411,PARP1
GO:0070914,PARP1
GO:0005249,KCNAB1
GO:0006813,KCNAB1
GO:0008076,KCNAB1
GO:0071805,KCNAB1
GO:0005634,OGG1
GO:0006281,OGG1
GO:0006284,OGG1
GO:0090036,KCNA5
GO:0090036,KCNAB1
GO:0090036,PRKCB
GO:0090036,PRKCQ
GO:0090036,RACK1
GO:0005634,ATM
GO:0006974,ATM
GO:0016925,ATM
GO:0043123,ATM
GO:0005634,IKBKG
GO:0006974,IKBKG
GO:0016925,IKBKG
GO:0043123,IKBKG
GO:0006974,PARP1
GO:0016925,PARP1
GO:0043123,PARP1
GO:0005634,PIAS4
GO:0006974,PIAS4
GO:0016925,PIAS4
GO:0043123,PIAS4
GO:0043123,PARP1
GO:0005634,TSG101
GO:0006974,TSG101
GO:0043123,TSG101
GO:0004970,GRIK2
GO:0015277,GRIK2
GO:0035254,GRIK2
GO:0004970,GRIK5
GO:0015277,GRIK5
GO:0035254,GRIK5
GO:0032983,GRIK2
GO:0032983,GRIK5
GO:0042803,GRIK2
GO:0051262,GRIK2
GO:0032570,NCOA2
GO:0005634,PGR
GO:0032570,PGR
GO:0032870,PGR
GO:0045893,PGR
GO:0004970,GRIK1
GO:0015277,GRIK1
GO:0032983,GRIK1
GO:0004970,GRIK3
GO:0015277,GRIK3
GO:0032983,GRIK3
GO:0035255,GRIK2
GO:0035255,GRIK3
GO:0071300,CRABP2
GO:0000166,ABCC8
GO:0005216,ABCC8
GO:0005886,ABCC8
GO:0006812,ABCC8
GO:0008324,ABCC8
GO:0042626,ABCC8
GO:0000166,KCNJ11
GO:0005216,KCNJ11
GO:0005886,KCNJ11
GO:0006812,KCNJ11
GO:0008324,KCNJ11
GO:0042626,KCNJ11
GO:0034097,IL1RAP
GO:0006955,IL1RL2
GO:0019221,IL1RL2
GO:0034097,IL1RL2
GO:0050727,IL1RL2
GO:0051092,IL1RL2
GO:0006955,IL36A
GO:0019221,IL36A
GO:0034097,IL36A
GO:0050727,IL36A
GO:0051092,IL36A
GO:0004383,GUCY1A1
GO:0005737,GUCY1A1
GO:0016567,GUCY1A1
GO:0032984,GUCY1A1
GO:0038060,GUCY1A1
GO:0043244,GUCY1A1
GO:0071731,GUCY1A1
GO:0004383,STUB1
GO:0005737,STUB1
GO:0016567,STUB1
GO:0032984,STUB1
GO:0038060,STUB1
GO:0043244,STUB1
GO:0071731,STUB1
GO:0005634,AR
GO:0033574,AR
GO:0045893,AR
GO:0071383,AR
GO:0005634,NCOA1
GO:0033574,NCOA1
GO:0071383,NCOA1
GO:0033574,SMARCC1
GO:0045893,SMARCC1
GO:0071383,SMARCC1
GO:0005634,NCOA2
GO:0033574,NCOA2
GO:0045893,NCOA2
GO:0071383,NCOA2
GO:0006955,IL36G
GO:0019221,IL36G
GO:0034097,IL36G
GO:0050727,IL36G
GO:0051092,IL36G
GO:0006955,IL1RAP
GO:0006955,IL1RL1
GO:0019221,IL1RL1
GO:0034097,IL1RL1
GO:0050727,IL1RL1
GO:0051092,IL1RL1
GO:0006955,IL33
GO:0019221,IL33
GO:0034097,IL33
GO:0050727,IL33
GO:0051092,IL33
GO:0006955,IL1RL1
GO:0019221,IL1RL1
GO:0034097,IL1RL1
GO:0050727,IL1RL1
GO:0051092,IL1RL1
GO:0006955,IL33
GO:0019221,IL33
GO:0034097,IL33
GO:0050727,IL33
GO:0051092,IL33
GO:0033574,KAT5
GO:0071383,KAT5
GO:0033574,HDAC1
GO:0045893,HDAC1
GO:0071383,HDAC1
GO:0004908,IL1B
GO:0006952,IL1B
GO:0006955,IL1B
GO:0019221,IL1B
GO:0034097,IL1B
GO:0050727,IL1B
GO:0051092,IL1B
GO:0070498,IL1B
GO:0070555,IL1B
GO:0004908,IL1R1
GO:0034097,IL1R1
GO:0004908,IL1RAP
GO:0005634,KAT7
GO:0006355,KAT7
GO:0033574,KAT7
GO:0004383,AGAP1
GO:0005829,AGAP1
GO:0006182,AGAP1
GO:0038060,AGAP1
GO:0046039,AGAP1
GO:0071731,AGAP1
GO:0004383,GUCY1A1
GO:0005829,GUCY1A1
GO:0006182,GUCY1A1
GO:0038060,GUCY1A1
GO:0046039,GUCY1A1
GO:0071731,GUCY1A1
GO:0004383,GUCY1B1
GO:0005829,GUCY1B1
GO:0006182,GUCY1B1
GO:0038060,GUCY1B1
GO:0046039,GUCY1B1
GO:0071731,GUCY1B1
GO:0033574,SIRT1
GO:0071383,SIRT1
GO:0033574,CLNS1A
GO:0071383,CLNS1A
GO:0033574,PRMT5
GO:0071383,PRMT5
GO:0033574,WDR77
GO:0071383,WDR77
GO:0005634,EHMT2
GO:0006355,EHMT2
GO:0033574,EHMT2
GO:0071383,EHMT2
GO:0005634,NSD1
GO:0033574,NSD1
GO:0045893,NSD1
GO:0071383,NSD1
GO:0032453,AR
GO:0032453,KDM1A
GO:0033574,KDM1A
GO:0045893,KDM1A
GO:0071383,KDM1A
GO:0032453,AR
GO:0005634,KDM1A
GO:0032453,KDM1A
GO:0033574,KDM1A
GO:0045893,KDM1A
GO:0071383,KDM1A
GO:0005634,KDM3A
GO:0032453,KDM3A
GO:0033574,KDM3A
GO:0045893,KDM3A
GO:0071383,KDM3A
GO:0032454,AR
GO:0032454,KDM1A
GO:0005634,KDM4C
GO:0032453,KDM4C
GO:0032454,KDM4C
GO:0033574,KDM4C
GO:0045893,KDM4C
GO:0071383,KDM4C
GO:0005634,UBE3A
GO:0033574,UBE3A
GO:0045893,UBE3A
GO:0071383,UBE3A
GO:0033574,MDM2
GO:0045892,MDM2
GO:0071383,MDM2
GO:0005634,RCHY1
GO:0033574,RCHY1
GO:0045893,RCHY1
GO:0071383,RCHY1
GO:0048545,AR
GO:0005634,RNF4
GO:0045893,RNF4
GO:0048545,RNF4
GO:0071383,RNF4
GO:0005634,RNF14
GO:0033574,RNF14
GO:0045893,RNF14
GO:0071383,RNF14
GO:0004383,DLG4
GO:0038060,DLG4
GO:0071731,DLG4
GO:0004383,GUCY1A2
GO:0016020,GUCY1A2
GO:0038060,GUCY1A2
GO:0071731,GUCY1A2
GO:0005634,USP10
GO:0033574,USP10
GO:0045893,USP10
GO:0071383,USP10
GO:0005634,SUMO3
GO:0006355,SUMO3
GO:0033574,SUMO3
GO:0071383,SUMO3
GO:0005634,UBE2I
GO:0033574,UBE2I
GO:0045893,UBE2I
GO:0071383,UBE2I
GO:0006355,AR
GO:0006355,PIAS1
GO:0033574,PIAS1
GO:0071383,PIAS1
GO:0005634,PIAS2
GO:0006355,PIAS2
GO:0033574,PIAS2
GO:0071383,PIAS2
GO:0004383,DLG2
GO:0038060,DLG2
GO:0071731,DLG2
GO:0005634,PIAS3
GO:0006355,PIAS3
GO:0033574,PIAS3
GO:0071383,PIAS3
GO:0005634,ZMIZ1
GO:0033574,ZMIZ1
GO:0045893,ZMIZ1
GO:0071383,ZMIZ1
GO:0004383,DLG1
GO:0038060,DLG1
GO:0071731,DLG1
GO:0005634,SENP1
GO:0045893,SENP1
GO:0048545,SENP1
GO:0071383,SENP1
GO:0004383,DLG3
GO:0038060,DLG3
GO:0071731,DLG3
GO:0004383,GUCY1B1
GO:0038060,GUCY1B1
GO:0071731,GUCY1B1
GO:0005634,PRPF6
GO:0033574,PRPF6
GO:0045893,PRPF6
GO:0071383,PRPF6
GO:0033574,NONO
GO:0071383,NONO
GO:0005737,AR
GO:0005737,XRCC5
GO:0033574,XRCC5
GO:0071383,XRCC5
GO:0005737,XRCC6
GO:0033574,XRCC6
GO:0071383,XRCC6
GO:0033574,RAD9A
GO:0045892,RAD9A
GO:0071383,RAD9A
GO:0004383,GUCY2C
GO:0005524,GUCY2C
GO:0042803,GUCY2C
GO:0043068,AR
GO:0033574,BRCA1
GO:0043068,BRCA1
GO:0071383,BRCA1
GO:0033574,BRCA2
GO:0043068,BRCA2
GO:0045893,BRCA2
GO:0071383,BRCA2
GO:0005634,BAG1
GO:0033574,BAG1
GO:0045893,BAG1
GO:0071383,BAG1
GO:0033574,HSPA1A
GO:0045893,HSPA1A
GO:0071383,HSPA1A
GO:0006952,IL17A
GO:0006955,IL17A
GO:0019221,IL17A
GO:0034097,IL17A
GO:0050727,IL17A
GO:0050832,IL17A
GO:0097396,IL17A
GO:0097400,IL17A
GO:0098542,IL17A
GO:0006952,IL17RA
GO:0006955,IL17RA
GO:0019221,IL17RA
GO:0034097,IL17RA
GO:0050727,IL17RA
GO:0050832,IL17RA
GO:0097396,IL17RA
GO:0097400,IL17RA
GO:0098542,IL17RA
GO:0006952,IL17RC
GO:0006955,IL17RC
GO:0019221,IL17RC
GO:0034097,IL17RC
GO:0050727,IL17RC
GO:0050832,IL17RC
GO:0097396,IL17RC
GO:0097400,IL17RC
GO:0098542,IL17RC
GO:0008076,KCNV1
GO:0071805,KCNV1
GO:0005634,SVIL
GO:0033574,SVIL
GO:0045893,SVIL
GO:0071383,SVIL
GO:0005634,GSN
GO:0033574,GSN
GO:0045893,GSN
GO:0071383,GSN
GO:0005634,FLNA
GO:0006355,FLNA
GO:0033574,FLNA
GO:0071383,FLNA
GO:0005737,APPBP2
GO:0006355,APPBP2
GO:0033574,APPBP2
GO:0071383,APPBP2
GO:0005634,HIP1
GO:0006355,HIP1
GO:0033574,HIP1
GO:0071383,HIP1
GO:0005634,GAK
GO:0033574,GAK
GO:0045893,GAK
GO:0071383,GAK
GO:0006952,IL17F
GO:0006955,IL17F
GO:0019221,IL17F
GO:0034097,IL17F
GO:0050727,IL17F
GO:0050832,IL17F
GO:0097396,IL17F
GO:0097400,IL17F
GO:0098542,IL17F
GO:0001959,IL17A
GO:0030367,IL17A
GO:1903881,IL17A
GO:0001959,IL17F
GO:0030367,IL17F
GO:1903881,IL17F
GO:0005251,KCNB1
GO:0005251,KCNS3
GO:0071805,KCNS3
GO:0005634,CAV1
GO:0033574,CAV1
GO:0045893,CAV1
GO:0071383,CAV1
GO:0005634,TGFB1I1
GO:0033574,TGFB1I1
GO:0045893,TGFB1I1
GO:0071383,TGFB1I1
GO:0033574,FHL2
GO:0071383,FHL2
GO:0033574,PELP1
GO:0071383,PELP1
GO:0005634,SORBS3
GO:0033574,SORBS3
GO:0045893,SORBS3
GO:0071383,SORBS3
GO:0005634,TNK2
GO:0033574,TNK2
GO:0045893,TNK2
GO:0071383,TNK2
GO:0005634,PKN1
GO:0033574,PKN1
GO:0045893,PKN1
GO:0071383,PKN1
GO:0033574,RANBP9
GO:0045893,RANBP9
GO:0071383,RANBP9
GO:0005634,PAK6
GO:0006355,PAK6
GO:0033574,PAK6
GO:0071383,PAK6
GO:0005634,RACK1
GO:0006355,RACK1
GO:0033574,RACK1
GO:0071383,RACK1
GO:0033574,SRC
GO:0071383,SRC
GO:0033574,STAT3
GO:0071383,STAT3
GO:0033574,SMAD3
GO:0071383,SMAD3
GO:0005634,HEY1
GO:0006355,HEY1
GO:0033574,HEY1
GO:0071383,HEY1
GO:0005634,RNASEL
GO:0006355,RNASEL
GO:0033574,RNASEL
GO:0071383,RNASEL
GO:0033574,CTNNB1
GO:0071383,CTNNB1
GO:0005634,GSK3B
GO:0006355,GSK3B
GO:0033574,GSK3B
GO:0071383,GSK3B
GO:0006355,TCF4
GO:0033574,TCF4
GO:0071383,TCF4
GO:0033574,CCNE1
GO:0045893,CCNE1
GO:0071383,CCNE1
GO:0005634,CDC25B
GO:0045893,CDC25B
GO:0071383,CDC25B
GO:0033574,CDK6
GO:0045893,CDK6
GO:0071383,CDK6
GO:0006355,CCND1
GO:0033574,CCND1
GO:0071383,CCND1
GO:0033574,RB1
GO:0071383,RB1
GO:0005634,ANP32A
GO:0032870,ANP32A
GO:0045893,ANP32A
GO:0005634,RBAK
GO:0032870,RBAK
GO:0045893,RBAK
GO:0070207,GUCY2C
GO:0005634,PAWR
GO:0032870,PAWR
GO:0045893,PAWR
GO:0032870,CASP8
GO:0004528,APOA1
GO:0030100,APOA1
GO:0048101,APOA1
GO:0140761,APOA1
GO:0004528,PDE1A
GO:0030100,PDE1A
GO:0034185,PDE1A
GO:0048101,PDE1A
GO:0140761,PDE1A
GO:0033574,TRIP4
GO:0071383,TRIP4
GO:0033574,MED1
GO:0071383,MED1
GO:0033574,NRIP1
GO:0071383,NRIP1
GO:0005634,ARID5A
GO:0006355,ARID5A
GO:0033574,ARID5A
GO:0071383,ARID5A
GO:0005634,PLAGL1
GO:0006355,PLAGL1
GO:0033574,PLAGL1
GO:0071383,PLAGL1
GO:0004115,AKAP6
GO:0019933,AKAP6
GO:0005634,NCOA4
GO:0033574,NCOA4
GO:0045893,NCOA4
GO:0071383,NCOA4
GO:0019933,PDE4D
GO:0006355,COPS2
GO:0032870,COPS2
GO:0005634,TLE5
GO:0006355,TLE5
GO:0071383,TLE5
GO:0005634,PATZ1
GO:0006355,PATZ1
GO:0033574,PATZ1
GO:0071383,PATZ1
GO:0006355,RNF4
GO:0033574,RNF4
GO:0004115,NGFR
GO:0006198,NGFR
GO:0032813,NGFR
GO:0043949,NGFR
GO:0004115,PDE4A
GO:0006198,PDE4A
GO:0032813,PDE4A
GO:0043949,PDE4A
GO:0006355,TGIF1
GO:0033574,TGIF1
GO:0071383,TGIF1
GO:0033574,UXT
GO:0045893,UXT
GO:0071383,UXT
GO:0005634,TMF1
GO:0033574,TMF1
GO:0045893,TMF1
GO:0071383,TMF1
GO:0043949,PDE4B
GO:0005634,SART3
GO:0006355,SART3
GO:0071383,SART3
GO:0005634,MAK
GO:0033574,MAK
GO:0045893,MAK
GO:0071383,MAK
GO:0033574,NCOA3
GO:0071383,NCOA3
GO:0043949,PDE4C
GO:0005634,CTDSP2
GO:0006355,CTDSP2
GO:0033574,CTDSP2
GO:0071383,CTDSP2
GO:0005249,KCNS3
GO:0071805,KCNS3
GO:0005634,CTDSP1
GO:0006355,CTDSP1
GO:0033574,CTDSP1
GO:0071383,CTDSP1
GO:0000139,PDE7A
GO:0005813,PDE7A
GO:0043949,PDE7A
GO:0000139,PRKACA
GO:0005813,PRKACA
GO:0043949,PRKACA
GO:0042803,PDE10A
GO:0043949,PDE10A
GO:0046058,PDE10A
GO:0046068,PDE10A
GO:0000729,LIG3
GO:0006303,LIG3
GO:0000729,XRCC1
GO:0006303,XRCC1
GO:0005634,CTDSPL
GO:0006355,CTDSPL
GO:0033574,CTDSPL
GO:0071383,CTDSPL
GO:0005634,PPP2CA
GO:0005737,PPP2CA
GO:0006355,PPP2CA
GO:0071383,PPP2CA
GO:0005634,PPP2R1A
GO:0005737,PPP2R1A
GO:0006355,PPP2R1A
GO:0071383,PPP2R1A
GO:0010468,PARP1
GO:0042127,PARP1
GO:0070212,PARP1
GO:0071559,PARP1
GO:0010468,SMAD3
GO:0042127,SMAD3
GO:0070212,SMAD3
GO:0071559,SMAD3
GO:0005634,LATS2
GO:0006355,LATS2
GO:0071383,LATS2
GO:0010468,SMAD2
GO:0042127,SMAD2
GO:0070212,SMAD2
GO:0010468,SMAD4
GO:0042127,SMAD4
GO:0070212,SMAD4
GO:0006355,PARP2
GO:0010468,PARP2
GO:0042127,PARP2
GO:0070212,PARP2
GO:0071559,PARP2
GO:0043949,DLG4
GO:0046058,DLG4
GO:0046068,DLG4
GO:0043949,GRIN2A
GO:0046058,GRIN2A
GO:0046068,GRIN2A
GO:0043949,GRIN2B
GO:0046058,GRIN2B
GO:0046068,GRIN2B
GO:0043949,PDE10A
GO:0046058,PDE10A
GO:0046068,PDE10A
GO:0005634,PARG
GO:0006355,PARG
GO:0010468,PARG
GO:0042127,PARG
GO:0051725,PARG
GO:0071559,PARG
GO:0051725,SMAD2
GO:0051725,SMAD3
GO:0005634,PARP2
GO:0006355,PARP2
GO:0010468,PARP2
GO:0045598,PARP2
GO:1904177,PARP2
GO:0010468,PPARG
GO:0045598,PPARG
GO:1904177,PPARG
GO:0010468,RXRA
GO:0045598,RXRA
GO:1904177,RXRA
GO:0043949,AKAP5
GO:0046068,AKAP5
GO:0097060,AKAP5
GO:0099536,AKAP5
GO:0097060,PDE10A
GO:0099536,PDE10A
GO:0043949,PRKAR2A
GO:0046068,PRKAR2A
GO:0000723,PARP2
GO:0003677,PARP2
GO:0000723,PARP2
GO:0099536,GRIN2A
GO:0099536,GRIN2B
GO:0099536,PRKAR2A
GO:0045893,PARP1
GO:0045995,PARP1
GO:0045893,PARP2
GO:0045995,PARP2
GO:0005634,TTF1
GO:0045893,TTF1
GO:0045995,TTF1
GO:0045893,XRCC5
GO:0045995,XRCC5
GO:0045893,XRCC6
GO:0045995,XRCC6
GO:0006355,LIG3
GO:0010468,LIG3
GO:0006355,LIG4
GO:0010468,LIG4
GO:0006303,PARP1
GO:0005634,PARP3
GO:0006303,PARP3
GO:0006355,PARP3
GO:0006974,PARP3
GO:0010468,PARP3
GO:0010468,PRKDC
GO:0010468,XRCC5
GO:0010468,XRCC6
GO:0043949,CSN1S1
GO:0047555,CSN1S1
GO:0047555,PDE10A
GO:2000819,PARP1
GO:0006282,XPC
GO:2000819,XPC
GO:0009411,RBX1
GO:0070914,RBX1
GO:0009411,XPC
GO:0070914,XPC
GO:0000785,HPF1
GO:0003682,HPF1
GO:0005634,HPF1
GO:0006974,HPF1
GO:0010835,HPF1
GO:0000785,PARP1
GO:0010835,PARP1
GO:0005245,CACNA1C
GO:0070588,CACNA1C
GO:0005245,CACNB3
GO:0070588,CACNB3
GO:0005891,CACNB1
GO:0070588,CACNB1
GO:0005891,CACNB3
GO:0007186,GCG
GO:0007586,GCG
GO:0050892,GCG
GO:0060576,GCG
GO:0007586,GLP2R
GO:0050892,GLP2R
GO:0060576,GLP2R
GO:0007586,GNAS
GO:0050892,GNAS
GO:0060576,GNAS
GO:0007586,GNB1
GO:0050892,GNB1
GO:0060576,GNB1
GO:0007586,GNG2
GO:0050892,GNG2
GO:0060576,GNG2
GO:0045893,PARK7
GO:0071383,PARK7
GO:0005634,DDC
GO:0045893,DDC
GO:0071383,DDC
GO:0016477,AR
GO:0016477,PIK3R1
GO:0016477,SRC
GO:0007186,GLP2R
GO:0042593,GLP2R
GO:0043491,GLP2R
GO:0045721,GLP2R
GO:0120061,GLP2R
GO:0007186,PIK3R1
GO:0045721,PIK3R1
GO:0120061,PIK3R1
GO:0004177,METAP2
GO:0043949,METAP2
GO:0004177,PDE4A
GO:0004114,PDE1A
GO:0071889,PDE1A
GO:0004114,YWHAZ
GO:0005634,RUNX2
GO:0033574,RUNX2
GO:0045893,RUNX2
GO:0071383,RUNX2
GO:0033574,JUN
GO:0071383,JUN
GO:0004114,PDE1A
GO:0071889,PDE1A
GO:0004114,YWHAZ
GO:0071889,YWHAZ
GO:0071383,FOS
GO:0005634,ATF2
GO:0033574,ATF2
GO:0045892,ATF2
GO:0071383,ATF2
GO:0045892,JUN
GO:0004114,PDE5A
GO:0004118,PDE5A
GO:0030553,PDE5A
GO:0042803,PDE5A
GO:0005634,POU3F3
GO:0006355,POU3F3
GO:0033574,POU3F3
GO:0071383,POU3F3
GO:0033574,POU2F1
GO:0071383,POU2F1
GO:2000779,HPF1
GO:0000785,PARP2
GO:0003682,PARP2
GO:0010835,PARP2
GO:2000779,PARP2
GO:0003677,CTCF
GO:0005634,CTCF
GO:0044030,CTCF
GO:0003677,DNMT1
GO:0044030,DNMT1
GO:0003677,PARP1
GO:0044030,PARP1
GO:0005634,MTHFD2
GO:0006303,MTHFD2
GO:0006974,MTHFD2
GO:0006355,EZH2
GO:0003677,PARP3
GO:0003677,SUZ12
GO:0006355,SUZ12
GO:0004114,PDE2A
GO:0030553,PDE2A
GO:0042803,PDE2A
GO:0006355,CEBPA
GO:0033574,CEBPA
GO:0071383,CEBPA
GO:0005634,NR0B1
GO:0006355,NR0B1
GO:0071383,NR0B1
GO:0042593,GLP2R
GO:0043491,GLP2R
GO:0045721,GLP2R
GO:0120061,GLP2R
GO:0007186,PIK3R1
GO:0045721,PIK3R1
GO:0120061,PIK3R1
GO:0005634,EGR1
GO:0033574,EGR1
GO:0045893,EGR1
GO:0071383,EGR1
GO:0043627,AR
GO:0033574,ESR1
GO:0043627,ESR1
GO:0071383,ESR1
GO:0071383,FOXO1
GO:0033574,FOXA1
GO:0045893,FOXA1
GO:0071383,FOXA1
GO:0043949,NHLH2
GO:0005634,GATA2
GO:0033574,GATA2
GO:0045893,GATA2
GO:0071383,GATA2
GO:0006355,FOXH1
GO:0033574,FOXH1
GO:0071383,FOXH1
GO:0004114,IRAG1
GO:0004692,IRAG1
GO:0070679,IRAG1
GO:0004114,ITPR1
GO:0004692,ITPR1
GO:0070679,ITPR1
GO:0004692,PDE5A
GO:0005220,PDE5A
GO:0019934,PDE5A
GO:0070679,PDE5A
GO:0004114,PRKG1
GO:0004692,PRKG1
GO:0070679,PRKG1
GO:0004114,PDE1C
GO:0048101,PDE1C
GO:0140761,PDE1C
GO:0007601,PDE6C
GO:0007602,PDE6C
GO:0009881,PDE6C
GO:0047555,PDE6C
GO:0007601,PDE6G
GO:0007602,PDE6G
GO:0009881,PDE6G
GO:0047555,PDE6G
GO:0071385,AR
GO:0033574,NR3C1
GO:0001558,AR
GO:0001558,HOXB13
GO:0005634,HOXB13
GO:0006355,HOXB13
GO:0071383,HOXB13
GO:0005634,NF1
GO:0033574,NF1
GO:0045893,NF1
GO:0071383,NF1
GO:0007601,PDE6H
GO:0007602,PDE6H
GO:0009881,PDE6H
GO:0047555,PDE6H
GO:0033574,SP1
GO:0071383,SP1
GO:0033574,HDAC1
GO:0071383,HDAC1
GO:0005634,TCF21
GO:0006355,TCF21
GO:0033574,TCF21
GO:0071383,TCF21
GO:0005634,SPDEF
GO:0033574,SPDEF
GO:0045893,SPDEF
GO:0071383,SPDEF
GO:0007601,AIPL1
GO:0007602,AIPL1
GO:0009881,AIPL1
GO:0047555,AIPL1
GO:0007601,PDE6A
GO:0007602,PDE6A
GO:0009881,PDE6A
GO:0047555,PDE6A
GO:0071300,AR
GO:0033574,RXRA
GO:0071383,RXRA
GO:0005634,SOX9
GO:0033574,SOX9
GO:0071383,SOX9
GO:0005634,SRY
GO:0006355,SRY
GO:0033574,SRY
GO:0071383,SRY
GO:0007602,AIPL1
GO:0009881,AIPL1
GO:0047555,AIPL1
GO:0007601,PDE6A
GO:0007602,PDE6A
GO:0009881,PDE6A
GO:0047555,PDE6A
GO:0007601,PDE6B
GO:0007602,PDE6B
GO:0009881,PDE6B
GO:0047555,PDE6B
GO:0007601,PDE6G
GO:0007602,PDE6G
GO:0009881,PDE6G
GO:0047555,PDE6G
GO:0005634,NR2C1
GO:0006355,NR2C1
GO:0033574,NR2C1
GO:0071383,NR2C1
GO:0005634,NR2C2
GO:0006355,NR2C2
GO:0033574,NR2C2
GO:0071383,NR2C2
GO:0005634,TRAM1
GO:0033574,TRAM1
GO:0045893,TRAM1
GO:0071383,TRAM1
GO:0007601,PDE6C
GO:0007602,PDE6C
GO:0009881,PDE6C
GO:0047555,PDE6C
GO:0007601,PDE6H
GO:0007602,PDE6H
GO:0009881,PDE6H
GO:0047555,PDE6H
GO:0005634,CCAR2
GO:0045893,CCAR2
GO:0071383,CCAR2
GO:0004879,AR
GO:0004879,SETD7
GO:0005634,SETD7
GO:0005737,SETD7
GO:0032870,SETD7
GO:0045893,SETD7
GO:0071383,SFPQ
GO:0047555,FBXL20
GO:0047555,PDE6D
GO:0047555,FBXL2
GO:0051641,FBXL2
GO:0051641,PDE6D
GO:0007602,PDE6D
GO:0009881,PDE6D
GO:0060341,PDE6D
GO:0007602,UBL3
GO:0009881,UBL3
GO:0047555,UBL3
GO:0060341,UBL3
GO:0061512,UBL3
GO:0007602,FAM219A
GO:0009881,FAM219A
GO:0047555,FAM219A
GO:0060341,FAM219A
GO:0061512,FAM219A
GO:0007602,NIM1K
GO:0009881,NIM1K
GO:0047555,NIM1K
GO:0060341,NIM1K
GO:0061512,NIM1K
GO:0034765,KCNQ5
GO:0010468,SLPI
GO:0015631,SLPI
GO:0030162,SLPI
GO:1902571,SLPI
GO:0010468,TUBB1
GO:0030162,TUBB1
GO:1902571,TUBB1
GO:0010468,SLPI
GO:0015631,SLPI
GO:0030162,SLPI
GO:1902571,SLPI
GO:0010468,TUBB1
GO:0015631,TUBB1
GO:0030162,TUBB1
GO:1902571,TUBB1
GO:0008017,KIF21A
GO:0015631,KIF21A
GO:0019894,KIF21A
GO:1902667,KIF21A
GO:0008017,TUBB3
GO:0015631,TUBB3
GO:0019894,TUBB3
GO:1902667,TUBB3
GO:0002347,MYH9
GO:0002834,MYH9
GO:0017022,MYH9
GO:0048487,MYH9
GO:0002347,TUBB4A
GO:0002834,TUBB4A
GO:0017022,TUBB4A
GO:0048487,TUBB4A
GO:0005525,GBP1
GO:0015631,GBP1
GO:0005525,TUBB3
GO:0015631,TUBB3
GO:1902259,KCNB1
GO:0005249,KCNS2
GO:0071805,KCNS2
GO:1902259,KCNS2
GO:0005249,KCNS1
GO:0071805,KCNS1
GO:1902259,KCNS1
GO:1902259,KCNB2
GO:0005249,KCNQ4
GO:0034765,KCNQ4
GO:0071805,KCNQ4
GO:0001666,GBP1
GO:0005856,GBP1
GO:0001666,PIM1
GO:0005525,PIM1
GO:0005856,PIM1
GO:0015631,PIM1
GO:0001666,TUBB3
GO:0005856,TUBB3
GO:0007346,RUVBL1
GO:0043014,RUVBL1
GO:0007346,TUBB4A
GO:0043014,TUBB4A
GO:0043014,TINF2
GO:0010988,LRP5
GO:0034143,LRP5
GO:0042632,LRP5
GO:0140354,LRP5
GO:0010988,PCSK9
GO:0034143,PCSK9
GO:0042632,PCSK9
GO:0140354,PCSK9
GO:0001558,PIK3CA
GO:0016567,PIK3CA
GO:0038008,PIK3CA
GO:0043548,PIK3CA
GO:0001558,TRAF6
GO:0036313,TRAF6
GO:0038008,TRAF6
GO:0043548,TRAF6
GO:0035014,PIK3CA
GO:0016567,PIK3R1
GO:0035014,PIK3R1
GO:0038008,PIK3R1
GO:0043548,PIK3R1
GO:0035014,TRAF6
GO:0001558,PIK3CB
GO:0016567,PIK3CB
GO:0035014,PIK3CB
GO:0036312,PIK3CB
GO:0036313,PIK3CB
GO:0038008,PIK3CB
GO:0043548,PIK3CB
GO:0035014,PIK3CA
GO:0036312,PIK3CA
GO:0036313,PIK3CA
GO:0043548,PIK3CA
GO:0035014,PIK3R1
GO:0036313,PIK3R1
GO:0043548,PIK3R1
GO:0035014,PIK3CB
GO:0036312,PIK3CB
GO:0036313,PIK3CB
GO:0043548,PIK3CB
GO:0035014,PIK3CD
GO:0036312,PIK3CD
GO:0036313,PIK3CD
GO:0043548,PIK3CD
GO:0035014,PIK3R2
GO:0036312,PIK3R2
GO:0036313,PIK3R2
GO:0043548,PIK3R2
GO:0035014,PIK3R3
GO:0036312,PIK3R3
GO:0036313,PIK3R3
GO:0043548,PIK3R3
GO:0005249,KCNQ4
GO:0034765,KCNQ4
GO:0071805,KCNQ4
GO:0005249,KCNQ5
GO:0034765,KCNQ5
GO:0071805,KCNQ5
GO:0005768,LDLR
GO:0010988,LDLR
GO:0030169,LDLR
GO:0042632,LDLR
GO:0061136,LDLR
GO:0090117,LDLR
GO:0005768,PCSK9
GO:0030169,PCSK9
GO:0061136,PCSK9
GO:0090117,PCSK9
GO:0036313,NEDD9
GO:0043548,NEDD9
GO:0051896,NEDD9
GO:0051896,PIK3CA
GO:0036313,SQSTM1
GO:0043548,SQSTM1
GO:0005783,ANXA2
GO:0010989,ANXA2
GO:0042632,ANXA2
GO:0043254,ANXA2
GO:1990667,ANXA2
GO:0005783,PCSK9
GO:0010989,PCSK9
GO:0043254,PCSK9
GO:1990667,PCSK9
GO:0010543,CD36
GO:0071404,CD36
GO:0010543,PCSK9
GO:0071404,PCSK9
GO:0010988,GPC3
GO:0042632,GPC3
GO:0043254,GPC3
GO:0007155,EPHA8
GO:0014065,EPHA8
GO:0033627,EPHA8
GO:0007155,PIK3CG
GO:0014065,PIK3CG
GO:0033627,PIK3CG
GO:0005783,HSP90B1
GO:0010988,HSP90B1
GO:0042632,HSP90B1
GO:0043254,HSP90B1
GO:0009986,CD81
GO:0042176,CD81
GO:0051607,CD81
GO:0009986,PCSK9
GO:0042176,PCSK9
GO:0051607,PCSK9
GO:0010988,CAP1
GO:0030169,CAP1
GO:0042632,CAP1
GO:1905146,CAP1
GO:1905146,LDLR
GO:1905146,PCSK9
GO:0035014,PIK3CG
GO:0036312,PIK3CG
GO:0036313,PIK3CG
GO:0014065,PIK3R5
GO:0035014,PIK3R5
GO:0036312,PIK3R5
GO:0036313,PIK3R5
GO:0003924,ERAS
GO:0036313,ERAS
GO:0043548,ERAS
GO:0003924,PIK3CD
GO:0035014,JAK2
GO:0036312,JAK2
GO:0036313,JAK2
GO:0043548,JAK2
GO:0005886,ADCYAP1R1
GO:0007186,ADCYAP1R1
GO:0030182,ADCYAP1R1
GO:0038192,ADCYAP1R1
GO:0005886,GIPR
GO:0030182,GIPR
GO:0006090,MPC1
GO:0006850,MPC1
GO:0006090,MPC2
GO:0006850,MPC2
GO:0008611,ACBD5
GO:0044375,ACBD5
GO:0055088,ACBD5
GO:0062095,ACBD5
GO:0008611,VAPA
GO:0044375,VAPA
GO:0055088,VAPA
GO:0062095,VAPA
GO:0008611,VAPB
GO:0044375,VAPB
GO:0055088,VAPB
GO:0062095,VAPB
GO:0043627,PIAS2
GO:0045893,PIAS2
GO:0032870,SVIL
GO:0043627,SVIL
GO:0032870,SORBS3
GO:0043627,SORBS3
GO:0032870,TCF4
GO:0043627,TCF4
GO:0032870,CDC25B
GO:0043627,CDC25B
GO:0032355,ANP32A
GO:0043627,RBAK
GO:0032870,TRIP4
GO:0043627,TRIP4
GO:0005634,PNRC1
GO:0032355,PNRC1
GO:0032870,PNRC1
GO:0032355,ARID5A
GO:0032870,ARID5A
GO:0032355,PLAGL1
GO:0032870,PLAGL1
GO:0032355,UXT
GO:0036313,ANXA1
GO:0043548,ANXA1
GO:0050728,ANXA1
GO:0051896,ANXA1
GO:0050728,PIK3CA
GO:0051898,PIK3CA
GO:0036313,SCGB2A1
GO:0043548,SCGB2A1
GO:0051898,SCGB2A1
GO:0032355,BRCA1
GO:0032870,BRCA1
GO:0036313,ZG16B
GO:0043548,ZG16B
GO:0051896,ZG16B
GO:0032355,CITED1
GO:0032870,CITED1
GO:0045893,CITED1
GO:0032355,CCND1
GO:0032870,CCND1
GO:0045893,CCND1
GO:0036313,BPIFA1
GO:0043548,BPIFA1
GO:0051898,BPIFA1
GO:0032355,UBE3A
GO:0032870,UBE3A
GO:0036313,APOA1
GO:0043548,APOA1
GO:0051896,APOA1
GO:0005634,ERBB4
GO:0032355,ERBB4
GO:0032870,ERBB4
GO:0045893,ERBB4
GO:0032870,MED1
GO:0005634,CALCOCO1
GO:0032870,CALCOCO1
GO:0043627,CALCOCO1
GO:0045893,CALCOCO1
GO:0043627,NCOA2
GO:0036313,BPIFB1
GO:0043548,BPIFB1
GO:0051898,BPIFB1
GO:0004972,DLG3
GO:0043197,DLG3
GO:0097119,DLG3
GO:1900271,DLG3
GO:0097119,DLG4
GO:1900271,DLG4
GO:0004972,PTK2B
GO:0043197,PTK2B
GO:0097119,PTK2B
GO:1900271,PTK2B
GO:0033762,GCG
GO:0042593,GCG
GO:0033762,GCGR
GO:0042593,GCGR
GO:0005634,NR0B2
GO:0006355,NR0B2
GO:0032870,NR0B2
GO:0043627,NR0B2
GO:0005634,PHB2
GO:0006355,PHB2
GO:0032870,PHB2
GO:0043627,PHB2
GO:0005634,AJUBA
GO:0032355,AJUBA
GO:0032870,AJUBA
GO:0045893,AJUBA
GO:0032355,CCAR2
GO:0032870,CCAR2
GO:0032355,CREBBP
GO:0032355,PPARGC1A
GO:0032870,PPARGC1A
GO:0005634,RBM23
GO:0032355,RBM23
GO:0032870,RBM23
GO:0045893,RBM23
GO:0005634,RBM39
GO:0032355,RBM39
GO:0032870,RBM39
GO:0045893,RBM39
GO:0043197,DLG3
GO:0097119,DLG3
GO:1900271,DLG3
GO:0043197,DLG4
GO:0097119,DLG4
GO:1900271,DLG4
GO:0043197,PTK2B
GO:0097119,PTK2B
GO:1900271,PTK2B
GO:0097119,GRIN2A
GO:0097119,GRIN2B
GO:0004972,SRC
GO:0043197,SRC
GO:0097119,SRC
GO:1900271,SRC
GO:0005634,CCDC62
GO:0032355,CCDC62
GO:0032870,CCDC62
GO:0045893,CCDC62
GO:0032355,DNTTIP2
GO:0032870,DNTTIP2
GO:0045893,DNTTIP2
GO:0004713,ASAP1
GO:0034067,ASAP1
GO:0072659,ASAP1
GO:1990782,ASAP1
GO:0004713,PTK2B
GO:0034067,PTK2B
GO:0072659,PTK2B
GO:0005634,NCOA5
GO:0032355,NCOA5
GO:0032870,NCOA5
GO:0045893,NCOA5
GO:0032355,NCOA6
GO:0032870,NCOA6
GO:0005634,NCOA7
GO:0032355,NCOA7
GO:0032870,NCOA7
GO:0045893,NCOA7
GO:0004713,ASAP2
GO:0034067,ASAP2
GO:0072659,ASAP2
GO:1990782,ASAP2
GO:0005634,PRMT2
GO:0032355,PRMT2
GO:0032870,PRMT2
GO:0045893,PRMT2
GO:0005634,TXNRD1
GO:0032355,TXNRD1
GO:0032870,TXNRD1
GO:0045893,TXNRD1
GO:0032355,SETD7
GO:0004713,GRIN2A
GO:1990782,GRIN2A
GO:0004713,PTK2B
GO:1990782,PTK2B
GO:0004713,SRC
GO:1990782,SRC
GO:1903413,ESR1
GO:0032355,NR1H4
GO:1903413,NR1H4
GO:0032355,CTBP1
GO:0032870,CTBP1
GO:0006355,LCOR
GO:0032355,LCOR
GO:0032870,LCOR
GO:0032355,RBBP8
GO:0032870,RBBP8
GO:0032355,NCOR2
GO:0045893,NCOR2
GO:0005634,ASXL1
GO:0045893,ESR1
GO:0005634,HELZ2
GO:0032355,HELZ2
GO:0032870,HELZ2
GO:0045893,HELZ2
GO:0005634,TACC1
GO:0045892,ESR1
GO:0043627,ESR2
GO:0045893,ESR2
GO:0032870,PIAS2
GO:0032355,PSMC3IP
GO:0032870,PSMC3IP
GO:0045893,PSMC3IP
GO:0006355,CCAR2
GO:0001558,CCDC62
GO:0001558,ESR2
GO:0005634,ESR2
GO:0032355,ESR2
GO:0005634,NCOA6
GO:0032355,NCOA6
GO:0032355,NCOA2
GO:1903413,PPARGC1A
GO:1903413,NCOA1
GO:0042054,NR1H4
GO:0045893,NR1H4
GO:0042054,PRMT1
GO:0045893,PRMT1
GO:1903413,PRMT1
GO:1903413,RELA
GO:0140938,NR1H4
GO:0006355,SETD7
GO:0140938,SETD7
GO:1903413,SETD7
GO:0005634,NR1H4
GO:0045893,NR1H4
GO:1903413,NR1H4
GO:0045893,SMARCA4
GO:1903413,SMARCA4
GO:0045892,NR1H4
GO:0005634,SREBF2
GO:0045892,SREBF2
GO:1903413,SREBF2
GO:1903413,MED1
GO:1903413,RXRA
GO:0005634,SAFB
GO:0032870,SAFB
GO:0045892,SAFB
GO:0071385,PIAS2
GO:0071385,PRPF6
GO:0071385,SVIL
GO:0071385,SORBS3
GO:0032870,NR3C1
GO:0071385,RBAK
GO:0071385,MED14
GO:0006355,TSG101
GO:0071385,TSG101
GO:0071385,NRIP1
GO:0045893,PSMC3IP
GO:0071385,PSMC3IP
GO:0071385,UXT
GO:0071385,CTDSPL
GO:0045893,RUNX2
GO:0071385,RUNX2
GO:0005634,UBE3A
GO:0045893,UBE3A
GO:0071385,UBE3A
GO:0071385,NCOA6
GO:0071385,JUN
GO:0045893,PPARGC1A
GO:0071385,PPARGC1A
GO:0071385,NCOR2
GO:0071385,NR4A2
GO:0071385,NR4A1
GO:0005634,NR4A3
GO:0006355,NR4A3
GO:0071385,NR4A3
GO:0005634,ZNF264
GO:0006355,ZNF264
GO:0071385,ZNF264
GO:0006355,BAG1
GO:0071385,BAG1
GO:0005634,BMAL1
GO:0006355,BMAL1
GO:0071385,BMAL1
GO:0005634,CLOCK
GO:0006355,CLOCK
GO:0071385,CLOCK
GO:0007623,NR3C1
GO:0006355,CRY1
GO:0032922,CRY1
GO:0071385,CRY1
GO:0032922,NR3C1
GO:0006355,CRY2
GO:0032922,CRY2
GO:0071385,CRY2
GO:0071385,NCOA2
GO:0008283,MCM3AP
GO:0008283,NR3C1
GO:0016363,NR3C1
GO:0016363,TGFB1I1
GO:0071385,TGFB1I1
GO:1903487,NR3C1
GO:0005634,STAT5A
GO:1903487,STAT5A
GO:0005634,STAT5B
GO:1903487,STAT5B
GO:0071385,YWHAH
GO:0006355,ELL
GO:0071385,ELL
GO:0071385,DAXX
GO:0045892,NR3C1
GO:0005634,CASP8AP2
GO:0045893,CASP8AP2
GO:0071385,CASP8AP2
GO:0035014,PIK3CD
GO:0036312,PIK3CD
GO:0036313,PIK3CD
GO:0043548,PIK3CD
GO:0035014,PIK3R2
GO:0043548,PIK3R2
GO:0016791,PPP2CA
GO:0019902,PPP2CA
GO:0016791,SET
GO:0019902,SET
GO:0004939,ADRB1
GO:0031697,ADRB1
GO:0036313,ADRB1
GO:0004939,PIK3CG
GO:0031697,PIK3CG
GO:0036313,PIK3CG
GO:0045859,GRK2
GO:0045859,PIK3CG
GO:0004713,PITPNM3
GO:0005509,PITPNM3
GO:0008526,PITPNM3
GO:1990782,PITPNM3
GO:0005509,PTK2B
GO:0008526,PTK2B
GO:0005634,NR3C2
GO:0051385,NR3C2
GO:0051385,PLAGL1
GO:0004713,PITPNM1
GO:0005509,PITPNM1
GO:0008526,PITPNM1
GO:1990782,PITPNM1
GO:0004713,PITPNM2
GO:0005509,PITPNM2
GO:0008526,PITPNM2
GO:1990782,PITPNM2
GO:0045893,ELL
GO:0071383,ELL
GO:0045893,NR3C2
GO:0005634,PIAS1
GO:0006355,PIAS1
GO:0071383,PIAS1
GO:0032870,DAXX
GO:0051385,DAXX
GO:0045892,NR3C2
GO:0051385,NR3C2
GO:0032870,CASP8AP2
GO:0051385,CASP8AP2
GO:0005634,FAF1
GO:0032870,FAF1
GO:0045893,FAF1
GO:0051385,FAF1
GO:0005737,NFYC
GO:0051385,NFYC
GO:0005737,NR3C2
GO:0005634,TESMIN
GO:0045893,TESMIN
GO:0051385,TESMIN
GO:0032870,PPARGC1A
GO:0051385,PPARGC1A
GO:0004713,PTPN11
GO:1990782,PTPN11
GO:0071389,NCOA1
GO:0071389,NR3C2
GO:0045892,GEMIN4
GO:0071389,GEMIN4
GO:0071389,NCOR1
GO:0071389,XRCC6
GO:0006355,EEF1A1
GO:0071389,EEF1A1
GO:0004713,GRB2
GO:1990782,GRB2
GO:0004713,PTPN6
GO:1990782,PTPN6
GO:0004713,SYK
GO:1990782,SYK
GO:0061099,PTK2B
GO:0004713,PTPN6
GO:0061099,PTPN6
GO:1990782,PTPN6
GO:0006355,SSRP1
GO:0071389,SSRP1
GO:0045893,NR3C2
GO:0071383,NR3C2
GO:0005634,TRIM24
GO:0045893,TRIM24
GO:0071389,TRIM24
GO:0071389,NRIP1
GO:0071393,PGR
GO:0071393,PIAS2
GO:0071393,CDC25B
GO:0010988,CAP1
GO:0030169,CAP1
GO:0042632,CAP1
GO:1905146,CAP1
GO:0010988,LDLR
GO:0030169,LDLR
GO:0042632,LDLR
GO:1905146,LDLR
GO:0010988,PCSK9
GO:0030169,PCSK9
GO:0042632,PCSK9
GO:1905146,PCSK9
GO:0071393,ANP32A
GO:0071393,NR0B1
GO:0006355,PGR
GO:0071393,NCOR2
GO:0005925,PTK2B
GO:0004713,TGFB1I1
GO:0005925,TGFB1I1
GO:1990782,TGFB1I1
GO:0003677,HINFP
GO:0005634,HINFP
GO:0006325,HINFP
GO:0006355,HINFP
GO:0010468,HINFP
GO:0010485,HINFP
GO:2000677,HINFP
GO:0003677,NPAT
GO:0005634,NPAT
GO:0006325,NPAT
GO:0006355,NPAT
GO:0010468,NPAT
GO:0010485,NPAT
GO:2000677,NPAT
GO:0006325,TRRAP
GO:0010468,TRRAP
GO:0010485,TRRAP
GO:2000677,TRRAP
GO:0071393,UBE3A
GO:0071393,RBM23
GO:0005634,RBM39
GO:0045893,RBM39
GO:0071393,RBM39
GO:1902806,HINFP
GO:1903463,HINFP
GO:1902806,NPAT
GO:1903463,NPAT
GO:0030334,GSTP1
GO:0042127,GSTP1
GO:0042981,GSTP1
GO:0046329,GSTP1
GO:0051726,GSTP1
GO:0030334,PCSK9
GO:0042127,PCSK9
GO:0042981,PCSK9
GO:0046329,PCSK9
GO:0051726,PCSK9
GO:0033762,GNAS
GO:0042593,GNAS
GO:0033762,GNB1
GO:0042593,GNB1
GO:0033762,GNG2
GO:0042593,GNG2
GO:0005249,KCNMA1
GO:0015269,KCNMA1
GO:0071805,KCNMA1
GO:0071393,PRMT2
GO:0045893,COPS5
GO:0071393,COPS5
GO:0071393,NCOA1
GO:0015271,GNAQ
GO:0071805,GNAQ
GO:0015271,KCNK9
GO:0071805,KCNK9
GO:0045893,KAT7
GO:0071393,KAT7
GO:0071393,CTBP1
GO:0071393,LCOR
GO:0045892,PGR
GO:0071393,RBBP8
GO:0007186,YWHAB
GO:0033762,YWHAB
GO:0042593,YWHAB
GO:0060070,GCGR
GO:0007186,LRP5
GO:0033762,LRP5
GO:0042593,LRP5
GO:0060070,LRP5
GO:0071393,NCOA3
GO:0071393,NONO
GO:0071393,SIN3A
GO:0005925,PTK2B
GO:0060766,PTK2B
GO:0004713,TGFB1I1
GO:0005925,TGFB1I1
GO:0060766,TGFB1I1
GO:1990782,TGFB1I1
GO:0004713,PXN
GO:0051726,PGR
GO:0005634,TRERF1
GO:0045893,TRERF1
GO:0051726,TRERF1
GO:0071393,TRERF1
GO:0046785,APP
GO:0048167,APP
GO:0001540,TPPP
GO:0046785,TPPP
GO:0048167,TPPP
GO:0032570,NCOA1
GO:0015631,APP
GO:0001540,SNCA
GO:0015631,SNCA
GO:0001540,TUBB5
GO:0015631,TUBB5
GO:0000118,HDAC11
GO:0004407,HDAC11
GO:0005634,HDAC11
GO:0042826,HDAC11
GO:0000118,HDAC6
GO:0004407,HDAC6
GO:0005634,HDAC6
GO:0042826,HDAC6
GO:0015271,KCNK3
GO:0071805,KCNK3
GO:0005634,KDM6B
GO:0032870,KDM6B
GO:0045893,KDM6B
GO:0032870,SIRT1
GO:0045893,SIRT1
GO:0006289,HDAC6
GO:0006605,HDAC6
GO:0006605,RAD23B
GO:0042826,RAD23B
GO:0032870,NRIP1
GO:0045892,NRIP1
GO:0045892,PPARA
GO:0001959,CHIC2
GO:0016567,CHIC2
GO:1905165,CHIC2
GO:0001959,STUB1
GO:1905165,STUB1
GO:0001959,CSF2RB
GO:0016567,CSF2RB
GO:1905165,CSF2RB
GO:0008283,CSF2RB
GO:0019221,CSF2RB
GO:0036017,CSF2RB
GO:0038162,CSF2RB
GO:0046427,CSF2RB
GO:0050727,CSF2RB
GO:0008283,EPOR
GO:0019221,EPOR
GO:0036017,EPOR
GO:0038162,EPOR
GO:0046427,EPOR
GO:0050727,EPOR
GO:0001935,CSF2RB
GO:0043542,CSF2RB
GO:0045766,CSF2RB
GO:0050999,CSF2RB
GO:0001935,EPOR
GO:0043542,EPOR
GO:0045766,EPOR
GO:0050999,EPOR
GO:0001935,NOS3
GO:0036017,NOS3
GO:0043542,NOS3
GO:0045766,NOS3
GO:0050999,NOS3
GO:0006111,PPARA
GO:0031998,PPARA
GO:0042593,PPARA
GO:0045893,PPARA
GO:0005634,SIRT6
GO:0006111,SIRT6
GO:0031998,SIRT6
GO:0032870,SIRT6
GO:0042593,SIRT6
GO:0045893,SIRT6
GO:0001935,CSF2RB
GO:0036017,CSF2RB
GO:0043542,CSF2RB
GO:0045765,CSF2RB
GO:0050999,CSF2RB
GO:0051001,CSF2RB
GO:0001935,NOS3
GO:0036017,NOS3
GO:0043542,NOS3
GO:0045765,NOS3
GO:0050999,NOS3
GO:0051001,NOS3
GO:0001935,PRKAB2
GO:0036017,PRKAB2
GO:0043542,PRKAB2
GO:0045765,PRKAB2
GO:0050999,PRKAB2
GO:0051001,PRKAB2
GO:0001935,PRKAG1
GO:0036017,PRKAG1
GO:0043542,PRKAG1
GO:0045765,PRKAG1
GO:0050999,PRKAG1
GO:0051001,PRKAG1
GO:0001935,PRKAG3
GO:0036017,PRKAG3
GO:0043542,PRKAG3
GO:0045765,PRKAG3
GO:0050999,PRKAG3
GO:0051001,PRKAG3
GO:0005634,ASXL1
GO:0005634,ASXL2
GO:0006298,HDAC6
GO:0042826,MSH2
GO:0019221,CSF3
GO:0030852,CSF3
GO:0034097,CSF3
GO:0036230,CSF3
GO:0046425,CSF3
GO:0051916,CSF3
GO:1990638,CSF3
GO:0019221,CSF3R
GO:0034097,CSF3R
GO:0036230,CSF3R
GO:0046425,CSF3R
GO:0051916,CSF3R
GO:1990638,CSF3R
GO:0006355,HELZ2
GO:0005634,LRP1
GO:0032870,LRP1
GO:0045893,LRP1
GO:0000118,HDAC6
GO:0004407,HDAC6
GO:0042826,HDAC6
GO:0000118,HDAC9
GO:0004407,HDAC9
GO:0042826,HDAC9
GO:0004713,CSF3R
GO:0004896,CSF3R
GO:0038158,CSF3R
GO:0004713,LYN
GO:0004896,LYN
GO:0019221,LYN
GO:0034097,LYN
GO:0038158,LYN
GO:0051916,LYN
GO:0004713,SYK
GO:0004896,SYK
GO:0019221,SYK
GO:0034097,SYK
GO:0038158,SYK
GO:0051916,SYK
GO:0004713,CSF3R
GO:0004896,CSF3R
GO:0019221,CSF3R
GO:0034097,CSF3R
GO:0051916,CSF3R
GO:0004713,LYN
GO:0004896,LYN
GO:0019221,LYN
GO:0034097,LYN
GO:0051916,LYN
GO:0004896,SYK
GO:0019221,SYK
GO:0034097,SYK
GO:0051916,SYK
GO:0070509,NHERF1
GO:0071107,NHERF1
GO:0007186,PLCB1
GO:0070509,PLCB1
GO:0071107,PLCB1
GO:0070509,PTH1R
GO:0071107,PTH1R
GO:0070509,PLCB3
GO:0071107,PLCB3
GO:0005737,CSF3R
GO:0005886,CSF3R
GO:1903426,CSF3R
GO:1904892,CSF3R
GO:2000377,CSF3R
GO:0005737,FTH1
GO:0005886,FTH1
GO:0034097,FTH1
GO:1903426,FTH1
GO:1904892,FTH1
GO:1990638,FTH1
GO:2000377,FTH1
GO:0006606,HDAC4
GO:0042826,HDAC4
GO:0051147,HDAC4
GO:0006606,NCOR2
GO:0042826,NCOR2
GO:0051147,NCOR2
GO:0016607,HDAC5
GO:0016607,NCOR2
GO:0043627,PPARG
GO:0045893,PPARG
GO:0045893,AJUBA
GO:0005634,CREBBP
GO:0045893,PPARG
GO:0071300,PPARGC1A
GO:0030852,CSF3R
GO:0071345,CSF3R
GO:1990638,CSF3R
GO:0030852,HCK
GO:0034097,HCK
GO:0071345,HCK
GO:1990638,HCK
GO:0042826,CCAR2
GO:0042981,CCAR2
GO:0046811,CCAR2
GO:0042826,HDAC3
GO:0042981,HDAC3
GO:0046811,HDAC3
GO:0010468,BHLHE40
GO:0042826,BHLHE40
GO:0010468,HDAC8
GO:0042826,HDAC8
GO:0004146,DHFR
GO:0005739,DHFR
GO:0046654,DHFR
GO:0005634,ACTN4
GO:0032870,ACTN4
GO:0045893,ACTN4
GO:0005634,WTIP
GO:0032870,ASXL1
GO:0045892,ASXL1
GO:0045892,PPARG
GO:0032870,ASXL2
GO:0045893,ASXL2
GO:0004407,ETV6
GO:0010468,ETV6
GO:0042826,ETV6
GO:0004407,HDAC9
GO:0010468,HDAC9
GO:0042826,HDAC9
GO:0005634,HELZ2
GO:0032870,HELZ2
GO:0045893,HELZ2
GO:0005634,LRP1
GO:0032870,LRP1
GO:0045893,LRP1
GO:0071300,MED1
GO:0005737,DHFR
GO:0004146,TYMS
GO:0005737,TYMS
GO:0005737,MAP2K1
GO:0005737,PPARG
GO:0032870,NCOA1
GO:0000118,HDAC3
GO:0004407,HDAC3
GO:0000118,HDAC9
GO:0000118,HDAC4
GO:0004146,DHFR
GO:0006979,DHFR
GO:0046654,DHFR
GO:0004146,HSPA2
GO:0006979,HSPA2
GO:0046654,HSPA2
GO:1904177,NCOA2
GO:1904177,PPARG
GO:0004900,EPOR
GO:0005783,EPOR
GO:0019221,EPOR
GO:0036017,EPOR
GO:0038162,EPOR
GO:0045646,EPOR
GO:0004900,JAK2
GO:0005783,JAK2
GO:0036017,JAK2
GO:0038162,JAK2
GO:0045646,JAK2
GO:0004407,ZBTB16
GO:0010468,ZBTB16
GO:0042826,ZBTB16
GO:1904177,NCOA3
GO:0032870,NCOA4
GO:0010724,EPOR
GO:0046427,EPOR
GO:0001501,PTH1R
GO:0001501,YWHAH
GO:0004991,YWHAH
GO:0007186,YWHAH
GO:0046849,YWHAH
GO:0055074,YWHAH
GO:0071107,YWHAH
GO:0010468,SIN3A
GO:0042826,SIN3A
GO:0010468,SIN3B
GO:0042826,SIN3B
GO:0045892,PPARG
GO:0055062,PTH
GO:0055074,PTH
GO:0060348,PTH
GO:0055062,PTH1R
GO:0060348,PTH1R
GO:0007186,PTHLH
GO:0055062,PTHLH
GO:0055074,PTHLH
GO:0060348,PTHLH
GO:0005634,PDPK1
GO:0032870,PDPK1
GO:0045893,PDPK1
GO:1904177,PDPK1
GO:0010485,HDAC3
GO:1904177,HDAC3
GO:0010485,PPARG
GO:0010485,RB1
GO:0032870,RB1
GO:1904177,RB1
GO:0090398,PPARG
GO:0032870,SIRT1
GO:0090398,SIRT1
GO:0032870,TGFB1I1
GO:0005634,WWTR1
GO:0032870,WWTR1
GO:0045892,WWTR1
GO:0004407,NCOR1
GO:0010468,NCOR1
GO:0042826,NCOR1
GO:0010468,BCL6
GO:0042826,BCL6
GO:0004703,GRK2
GO:0042826,GRK2
GO:0150065,GRK2
GO:0004703,HDAC6
GO:0150065,HDAC6
GO:0010506,HDAC6
GO:0004407,MYH10
GO:0010506,MYH10
GO:0042826,MYH10
GO:0019722,PTH
GO:0019933,PTH
GO:0019722,PTH2R
GO:0019933,PTH2R
GO:0019233,GNAS
GO:0030216,GNAS
GO:0042060,GNAS
GO:0042711,GNAS
GO:0051924,GNAS
GO:0019233,GNB1
GO:0030216,GNB1
GO:0042060,GNB1
GO:0042711,GNB1
GO:0051924,GNB1
GO:0019233,GNG2
GO:0030216,GNG2
GO:0042060,GNG2
GO:0042711,GNG2
GO:0051924,GNG2
GO:0007186,PTH2
GO:0019233,PTH2
GO:0030216,PTH2
GO:0042060,PTH2
GO:0042711,PTH2
GO:0051924,PTH2
GO:0019233,PTH2R
GO:0030216,PTH2R
GO:0042060,PTH2R
GO:0042711,PTH2R
GO:0051924,PTH2R
GO:0032870,KAT2B
GO:0071300,KAT2B
GO:0005634,NRIP1
GO:0032870,NRIP1
GO:0071300,NRIP1
GO:0071300,TRIP4
GO:0007186,PLCB1
GO:0005634,NR0B2
GO:0006355,NR0B2
GO:0032870,NR0B2
GO:0071300,NR0B2
GO:0071300,NCOA7
GO:0071300,NCOA6
GO:0007186,TGFBR2
GO:0046849,TGFBR2
GO:0007186,EZR
GO:0004407,ACTG1
GO:0010506,ACTG1
GO:0042826,ACTG1
GO:0071300,PRMT2
GO:0071300,BMAL1
GO:0005634,NPAS2
GO:0006355,NPAS2
GO:0071300,NPAS2
GO:0071300,CLOCK
GO:0004407,DDX3X
GO:0042826,DDX3X
GO:1902280,DDX3X
GO:1902280,HDAC6
GO:0071300,ACTN4
GO:0071300,ASXL1
GO:0045893,FOXO1
GO:0071300,FOXO1
GO:0045647,EPOR
GO:0046426,EPOR
GO:0045647,JAK2
GO:0046426,JAK2
GO:0045647,SOCS3
GO:0046426,SOCS3
GO:0004617,HDAC6
GO:0004407,PHGDH
GO:0004617,PHGDH
GO:0042826,PHGDH
GO:0010724,JAK2
GO:0046427,JAK2
GO:0004900,MST1R
GO:0010724,MST1R
GO:0019221,MST1R
GO:0036017,MST1R
GO:0038162,MST1R
GO:0045646,MST1R
GO:0046427,MST1R
GO:0030218,EPOR
GO:0042509,EPOR
GO:0042541,EPOR
GO:0046425,EPOR
GO:0036017,LYN
GO:0042509,LYN
GO:0042541,LYN
GO:0046425,LYN
GO:0061136,EPOR
GO:0036017,VCP
GO:0061136,VCP
GO:0000122,HDAC10
GO:0004407,HDAC10
GO:0010468,HDAC10
GO:0042826,HDAC10
GO:0000122,MMP2
GO:0004407,MMP2
GO:0010468,MMP2
GO:0042826,MMP2
GO:0000122,MMP9
GO:0004407,MMP9
GO:0010468,MMP9
GO:0042826,MMP9
GO:0014032,DGCR8
GO:0045995,DGCR8
GO:0051593,DGCR8
GO:1903798,DGCR8
GO:0014032,DROSHA
GO:0045995,DROSHA
GO:0051593,DROSHA
GO:1903798,DROSHA
GO:0014032,FOLR1
GO:0045995,FOLR1
GO:0051593,FOLR1
GO:1903798,FOLR1
GO:0014013,FOLR1
GO:0046425,FOLR1
GO:0048710,FOLR1
GO:0014013,IL6ST
GO:0046425,IL6ST
GO:0048710,IL6ST
GO:0051593,IL6ST
GO:0002024,GNAS
GO:0060259,GNAS
GO:0002024,GNB1
GO:0060259,GNB1
GO:0002024,GNG2
GO:0060259,GNG2
GO:0002024,SCT
GO:0007186,SCT
GO:0042593,SCT
GO:0060259,SCT
GO:0002024,SCTR
GO:0042593,SCTR
GO:0060259,SCTR
GO:0005634,PPARD
GO:0071300,PPARD
GO:0002018,AGTR1A
GO:0003051,AGTR1A
GO:0019933,AGTR1A
GO:0035932,AGTR1A
GO:0043949,AGTR1A
GO:0002018,SCTR
GO:0003051,SCTR
GO:0007186,SCTR
GO:0019933,SCTR
GO:0035932,SCTR
GO:0043949,SCTR
GO:0000118,HDAC10
GO:0008134,HDAC4
GO:0004407,MEF2A
GO:0008134,MEF2A
GO:0042826,MEF2A
GO:0004407,MEF2C
GO:0008134,MEF2C
GO:0042826,MEF2C
GO:0004407,MEF2D
GO:0008134,MEF2D
GO:0042826,MEF2D
GO:0008134,HDAC5
GO:0005634,CHAF1B
GO:0042127,CHAF1B
GO:0045685,CHAF1B
GO:0051593,CHAF1B
GO:0005634,FOLR1
GO:0042127,FOLR1
GO:0045685,FOLR1
GO:0042127,HDAC2
GO:0045685,HDAC2
GO:0051593,HDAC2
GO:0042127,PCNA
GO:0045685,PCNA
GO:0051593,PCNA
GO:0071305,NCOA1
GO:0006171,CALCR
GO:0007186,CALCR
GO:0035483,CALCR
GO:0070091,CALCR
GO:0150059,CALCR
GO:0006171,RAMP1
GO:0035483,RAMP1
GO:0070091,RAMP1
GO:0150059,RAMP1
GO:0150060,CALCR
GO:0006171,RAMP2
GO:0035483,RAMP2
GO:0070091,RAMP2
GO:0150060,RAMP2
GO:0071305,NCOA3
GO:0150061,CALCR
GO:0006171,RAMP3
GO:0035483,RAMP3
GO:0070091,RAMP3
GO:0150061,RAMP3
GO:0030334,FOLR1
GO:0033142,FOLR1
GO:0042127,FOLR1
GO:0051593,FOLR1
GO:0030334,PGR
GO:0033142,PGR
GO:0042127,PGR
GO:0051593,PGR
GO:0030334,SRC
GO:0033142,SRC
GO:0042127,SRC
GO:0051593,SRC
GO:0042826,HDAC2
GO:0140536,HDAC10
GO:0004407,NCOR2
GO:0140536,NCOR2
GO:0005634,HDAC9
GO:0006338,HDAC9
GO:0042826,SMARCA4
GO:0005634,CREB1
GO:0032792,CREB1
GO:0042826,CREB1
GO:0005634,HDAC8
GO:0032792,HDAC8
GO:0042826,HDAC8
GO:0032792,PPP1CA
GO:0042826,PPP1CA
GO:0071300,PPARGC1A
GO:0042752,BMAL1
GO:0042752,NPAS2
GO:0042752,RXRA
GO:0003779,ACTA2
GO:0005737,ACTA2
GO:0042826,ACTA2
GO:0003779,HDAC8
GO:0005737,HDAC8
GO:0006939,HDAC8
GO:0003779,ACTA2
GO:0005737,ACTA2
GO:0006939,ACTA2
GO:0042826,ACTA2
GO:0003779,HDAC8
GO:0005737,HDAC8
GO:0006939,HDAC8
GO:0005634,IFNAR1
GO:0060337,STAT1
GO:0005634,TYK2
GO:0035455,TYK2
GO:0042752,CLOCK
GO:0071300,NRIP1
GO:0071300,HELZ2
GO:0071300,NCOA4
GO:0006473,CFL1
GO:0007010,CFL1
GO:0019213,CFL1
GO:0031072,CFL1
GO:0042826,CFL1
GO:0070472,CFL1
GO:0006473,HDAC8
GO:0007010,HDAC8
GO:0015629,HDAC8
GO:0019213,HDAC8
GO:0031072,HDAC8
GO:0070472,HDAC8
GO:0006473,HSPB6
GO:0007010,HSPB6
GO:0015629,HSPB6
GO:0019213,HSPB6
GO:0031072,HSPB6
GO:0042826,HSPB6
GO:0070472,HSPB6
GO:0051972,HDAC8
GO:2000396,HDAC8
GO:0042826,SMG5
GO:0051972,SMG5
GO:2000396,SMG5
GO:0019221,IFNG
GO:0034341,IFNG
GO:0045087,IFNG
GO:0046425,IFNG
GO:0051607,IFNG
GO:0060333,IFNG
GO:0019221,IFNGR1
GO:0034341,IFNGR1
GO:0045087,IFNGR1
GO:0046425,IFNGR1
GO:0051607,IFNGR1
GO:0060333,IFNGR1
GO:0019221,IFNGR2
GO:0034341,IFNGR2
GO:0045087,IFNGR2
GO:0046425,IFNGR2
GO:0051607,IFNGR2
GO:0060333,IFNGR2
GO:0034341,JAK1
GO:0045087,JAK1
GO:0046425,JAK1
GO:0051607,JAK1
GO:0060333,JAK1
GO:0034341,JAK2
GO:0045087,JAK2
GO:0046425,JAK2
GO:0051607,JAK2
GO:0060333,JAK2
GO:0005634,RXRG
GO:0045893,RXRG
GO:0051170,IFNG
GO:0019221,KPNA1
GO:0034341,KPNA1
GO:0045087,KPNA1
GO:0046425,KPNA1
GO:0051170,KPNA1
GO:0051607,KPNA1
GO:0060333,KPNA1
GO:0034341,STAT1
GO:0051170,STAT1
GO:0060333,STAT1
GO:0060090,HDAC8
GO:0042826,STIP1
GO:0060090,STIP1
GO:0044255,AJUBA
GO:0044255,CREBBP
GO:0044255,NR1H3
GO:0045893,NR1H3
GO:0044255,RXRG
GO:0045893,RXRG
GO:0031072,HSPA1A
GO:0042826,HSPA1A
GO:0051972,HSPA1A
GO:2000396,HSPA1A
GO:0031072,SMG5
GO:0005737,RXRG
GO:0032870,RXRG
GO:0048709,RXRG
GO:0005737,VDR
GO:0032870,VDR
GO:0045893,VDR
GO:0048709,VDR
GO:0071300,VDR
GO:0007186,ADM2
GO:0042311,ADM2
GO:1990410,ADM2
GO:0042311,CALCRL
GO:1990410,CALCRL
GO:0042311,RAMP1
GO:1990410,RAMP1
GO:0042311,RAMP2
GO:1990410,RAMP2
GO:0042311,RAMP3
GO:1990410,RAMP3
GO:0006954,CALCRL
GO:0007186,CALCRL
GO:0019933,CALCRL
GO:0042311,CALCRL
GO:0097009,CALCRL
GO:0006954,CRCP
GO:0007186,CRCP
GO:0019933,CRCP
GO:0042311,CRCP
GO:0097009,CRCP
GO:0006954,RAMP1
GO:0007186,RAMP1
GO:0019933,RAMP1
GO:0042311,RAMP1
GO:0097009,RAMP1
GO:1990410,CALCRL
GO:1990410,CRCP
GO:0007186,RAMP2
GO:0019933,RAMP2
GO:0042311,RAMP2
GO:1990410,RAMP2
GO:0042826,HSP90AA1
GO:0051972,HSP90AA1
GO:0060090,HSP90AA1
GO:2000396,HSP90AA1
GO:0060090,HSPA1A
GO:0060090,SMG5
GO:0042826,CTNNB1
GO:0045861,CTNNB1
GO:0071889,CTNNB1
GO:1901550,CTNNB1
GO:0005737,HDAC7
GO:0008013,HDAC7
GO:0042826,HDAC7
GO:0045861,HDAC7
GO:0071889,HDAC7
GO:1901550,HDAC7
GO:0005737,YWHAE
GO:0008013,YWHAE
GO:0042826,YWHAE
GO:0045861,YWHAE
GO:1901550,YWHAE
GO:0008013,YWHAH
GO:0042826,YWHAH
GO:0045861,YWHAH
GO:0071889,YWHAH
GO:1901550,YWHAH
GO:0005737,YWHAZ
GO:0008013,YWHAZ
GO:0042826,YWHAZ
GO:0045861,YWHAZ
GO:1901550,YWHAZ
GO:0097066,NR0B2
GO:0097066,THRA
GO:0097066,NCOA6
GO:0042826,HDAC4
GO:0042826,KCNIP3
GO:0045892,KCNIP3
GO:0045893,TACC1
GO:0097067,TACC1
GO:0045893,THRA
GO:0097067,ANP32A
GO:0045893,THRB
GO:0097067,TRIP4
GO:0097067,PLAGL1
GO:0097067,PSMC3IP
GO:0017053,HDAC11
GO:0097110,HDAC11
GO:0017053,STAT3
GO:0042826,STAT3
GO:0097110,STAT3
GO:0005737,HDAC3
GO:0005737,STAT3
GO:0097067,NR0B2
GO:0097067,NCOA6
GO:0097067,NCOA7
GO:0097067,HELZ2
GO:0045893,THRB
GO:0097067,FOXO1
GO:0007186,GPRASP1
GO:0038003,GPRASP1
GO:0007186,OPRD1
GO:0038003,OPRD1
GO:0007186,OPRM1
GO:0038003,OPRM1
GO:0007186,OPRK1
GO:0038003,OPRK1
GO:1990172,GPRASP1
GO:0007186,OPRL1
GO:0038003,OPRL1
GO:1990172,OPRL1
GO:0007186,CHRM2
GO:0007213,CHRM2
GO:0007213,GPRASP1
GO:0071875,ADRB1
GO:0071875,GPRASP1
GO:0007186,CHRM1
GO:0007213,CHRM1
GO:0007186,HTR7
GO:0007186,GPRASP2
GO:0007213,GPRASP2
GO:0071875,GPRASP2
GO:0071420,GPRASP2
GO:0007186,HRH2
GO:0071420,HRH2
GO:0071305,MED1
GO:0071305,MED12
GO:0071305,MED13
GO:0071305,MED14
GO:0071305,MED16
GO:0071305,MED17
GO:0071305,MED23
GO:0071305,MED24
GO:0071305,MED25
GO:0071305,MED4
GO:0071305,MED6
GO:0071305,MED7
GO:0071305,RXRB
GO:0050777,HDAC8
GO:0042826,TOB1
GO:0050777,TOB1
GO:0071305,NCOA6
GO:0006355,DNMT3A
GO:0006355,SP1
GO:0006355,HDAC11
GO:0033280,HDAC11
GO:0033280,VDR
GO:0042826,VDR
GO:0007186,CALCA
GO:0007190,CALCA
GO:0007202,CALCA
GO:0019722,CALCA
GO:0007190,CALCR
GO:0007202,CALCR
GO:0019722,CALCR
GO:0045892,HDAC9
GO:0045892,MEF2C
GO:0008134,HDAC11
GO:0006355,SPI1
GO:0008134,SPI1
GO:0042826,SPI1
GO:0006417,HDAC6
GO:0043023,HDAC6
GO:1903935,HDAC6
GO:0006417,RPL36A
GO:0042826,RPL36A
GO:0043023,RPL36A
GO:1903935,RPL36A
GO:0043024,HDAC6
GO:0006417,RPS6
GO:0042826,RPS6
GO:0043024,RPS6
GO:1903935,RPS6
GO:0001959,IL13
GO:0035962,IL13
GO:0001959,IL13RA2
GO:0035962,IL13RA2
GO:0001817,IL13
GO:0006955,IL13
GO:0016515,IL13
GO:0019221,IL13
GO:0045630,IL13
GO:0046425,IL13
GO:0050727,IL13
GO:0001817,IL13RA1
GO:0006955,IL13RA1
GO:0016515,IL13RA1
GO:0019221,IL13RA1
GO:0035962,IL13RA1
GO:0045630,IL13RA1
GO:0046425,IL13RA1
GO:0050727,IL13RA1
GO:0001817,IL4R
GO:0016515,IL4R
GO:0035962,IL4R
GO:0045630,IL4R
GO:0006473,HDAC6
GO:0016004,HDAC6
GO:0031396,HDAC6
GO:0032431,HDAC6
GO:0006473,PLAA
GO:0016004,PLAA
GO:0031396,PLAA
GO:0032431,PLAA
GO:0042826,PLAA
GO:0006473,VCP
GO:0016004,VCP
GO:0031396,VCP
GO:0032431,VCP
GO:0042826,VCP
GO:0004407,CCNA2
GO:0030332,CCNA2
GO:0042826,CCNA2
GO:0051726,CCNA2
GO:0030332,HDAC3
GO:0051726,HDAC3
GO:0031625,HDAC6
GO:0031625,TRIM21
GO:0042826,TRIM21
GO:0004913,IL13RA1
GO:0070670,IL13RA1
GO:0001817,IL4
GO:0045630,IL4
GO:0010508,HDAC10
GO:0031072,HDAC10
GO:0004407,HSPA1A
GO:0010508,HSPA1A
GO:0010508,HSPA8
GO:0042826,HSPA8
GO:0005634,AKAP13
GO:0032797,HDAC11
GO:0043484,HDAC11
GO:0042826,SMN1
GO:0043484,SMN1
GO:0045893,AKAP13
GO:0071391,AKAP13
GO:0042826,DICER1
GO:0060699,DICER1
GO:0060699,HDAC11
GO:0032797,DDX20
GO:0042826,DDX20
GO:0043484,DDX20
GO:0006874,RAMP3
GO:0070371,RAMP3
GO:0006171,SCTR
GO:0006874,SCTR
GO:0070371,SCTR
GO:0006886,CASR
GO:0007186,CASR
GO:0055074,CASR
GO:0006886,RAMP1
GO:0055074,RAMP1
GO:0006486,CASR
GO:0006486,RAMP3
GO:0006886,RAMP3
GO:0055074,RAMP3
GO:0006886,GPER1
GO:0007186,GPER1
GO:0032355,GPER1
GO:0032355,RAMP3
GO:0010498,CASR
GO:0016567,CASR
GO:0007186,RNF19A
GO:0010498,RNF19A
GO:0016567,RNF19A
GO:0055074,RNF19A
GO:0032797,GEMIN4
GO:0042826,GEMIN4
GO:0043484,GEMIN4
GO:0071300,NCOA3
GO:0097067,NCOA3
GO:0042826,GEMIN2
GO:0043484,GEMIN2
GO:0097067,NRIP1
GO:0006935,ARRB1
GO:0007186,ARRB1
GO:0055074,ARRB1
GO:0097178,ARRB1
GO:0006935,CASR
GO:0097178,CASR
GO:0097067,PPARG
GO:0006935,CYTH2
GO:0097178,CYTH2
GO:0035898,CASR
GO:0035898,GNAQ
GO:0055074,GNAQ
GO:0035898,GNB1
GO:0055074,GNB1
GO:0035898,GNG2
GO:0055074,GNG2
GO:0006915,CASR
GO:0007186,CASR
GO:0055074,CASR
GO:0006915,PRKCE
GO:0055074,PRKCE
GO:0007214,CASR
GO:0055074,GABBR1
GO:0007216,CASR
GO:0035556,CASR
GO:0035556,GRM1
GO:0055074,GRM1
GO:0007216,GRM5
GO:0035556,GRM5
GO:0036313,MUC5B
GO:0043548,MUC5B
GO:0035585,CASR
GO:0035585,GABBR1
GO:0035585,GABBR2
GO:0005262,TRPC1
GO:0006809,TRPC1
GO:0042311,TRPC1
GO:0070588,TRPC1
GO:0005262,TRPV4
GO:0006809,TRPV4
GO:0042311,TRPV4
GO:0070588,TRPV4
GO:0005886,CASR
GO:0007202,CASR
GO:0097067,PIK3R1
GO:0035556,CRKL
GO:0036312,CRKL
GO:0036313,CRKL
GO:0043548,CRKL
GO:0050852,CRKL
GO:0035556,PIK3CD
GO:0050852,PIK3CD
GO:0035556,PIK3R1
GO:0050852,PIK3R1
GO:0035556,PIK3R2
GO:0050852,PIK3R2
GO:0035556,AKT2
GO:0036312,AKT2
GO:0036313,AKT2
GO:0043548,AKT2
GO:0050852,AKT2
GO:0097067,COPS2
GO:0032649,IL15RA
GO:0042010,IL15RA
GO:0042129,IL15RA
GO:0097067,TXNRD1
GO:0019221,CHI3L1
GO:0030111,CHI3L1
GO:0035962,CHI3L1
GO:0042981,CHI3L1
GO:0050727,CHI3L1
GO:0071634,CHI3L1
GO:0140639,CHI3L1
GO:1900424,CHI3L1
GO:1902882,CHI3L1
GO:0019221,IL13
GO:0030111,IL13
GO:0035962,IL13
GO:0042981,IL13
GO:0050727,IL13
GO:0071634,IL13
GO:0140639,IL13
GO:1900424,IL13
GO:1902882,IL13
GO:0019221,IL13RA2
GO:0030111,IL13RA2
GO:0035962,IL13RA2
GO:0042981,IL13RA2
GO:0050727,IL13RA2
GO:0071634,IL13RA2
GO:0140639,IL13RA2
GO:1900424,IL13RA2
GO:1902882,IL13RA2
GO:0001959,IL13
GO:0035772,IL13
GO:0050776,IL13
GO:2001233,IL13
GO:0001959,IL13RA2
GO:0035772,IL13RA2
GO:0050776,IL13RA2
GO:2001233,IL13RA2
GO:0001959,TMEM219
GO:0019221,TMEM219
GO:0035772,TMEM219
GO:0035962,TMEM219
GO:0050727,TMEM219
GO:0050776,TMEM219
GO:2001233,TMEM219
GO:0035772,IL13
GO:0050776,IL13
GO:2001233,IL13
GO:0035772,IL13RA2
GO:0050727,IL13RA2
GO:0050776,IL13RA2
GO:2001233,IL13RA2
GO:0001959,TMEM219
GO:0035772,TMEM219
GO:0035962,TMEM219
GO:0050727,TMEM219
GO:0050776,TMEM219
GO:2001233,TMEM219
GO:0097066,NCOA1
GO:0097066,THRB
GO:0097066,RXRB
GO:0003677,NCOA2
GO:0097066,NCOA2
GO:0003677,RXRA
GO:0097066,RXRA
GO:0003677,THRB
GO:0033574,THRB
GO:0035556,SH3KBP1
GO:0036312,SH3KBP1
GO:0036313,SH3KBP1
GO:0043548,SH3KBP1
GO:0050852,SH3KBP1
GO:0005634,NFKBIB
GO:0045893,NFKBIB
GO:0097067,NFKBIB
GO:0002828,IL17RA
GO:0045507,IL17RA
GO:0002828,IL17RB
GO:0006955,IL17RB
GO:0019221,IL17RB
GO:0034097,IL17RB
GO:0045507,IL17RB
GO:0002828,IL25
GO:0006955,IL25
GO:0019221,IL25
GO:0034097,IL25
GO:0045507,IL25
GO:0001965,RAMP1
GO:0019933,RAMP1
GO:1990763,RAMP1
GO:0001965,RAMP3
GO:0019933,RAMP3
GO:1990763,RAMP3
GO:0001965,GHRHR
GO:0019933,GHRHR
GO:1990763,GHRHR
GO:0001965,GIPR
GO:1990763,GIPR
GO:0038192,RAMP1
GO:0038192,RAMP2
GO:0038192,RAMP3
GO:0001965,GLP1R
GO:1990763,GLP1R
GO:0001965,GLP2R
GO:0019933,GLP2R
GO:1990763,GLP2R
GO:0001965,SCTR
GO:1990763,SCTR
GO:0097067,PPARGC1A
GO:0036312,JAML
GO:0036313,JAML
GO:0043548,JAML
GO:0050852,JAML
GO:0090665,JAML
GO:0090665,PIK3CD
GO:0090665,PIK3R1
GO:0090665,PIK3R2
GO:0043495,PIK3CD
GO:0043495,PIK3R1
GO:0036312,TRAT1
GO:0036313,TRAT1
GO:0043495,TRAT1
GO:0043548,TRAT1
GO:0050852,TRAT1
GO:0043495,PIK3R2
GO:0006955,IL17C
GO:0009617,IL17C
GO:0019221,IL17C
GO:0030368,IL17C
GO:0032680,IL17C
GO:0042742,IL17C
GO:0097396,IL17C
GO:0009617,IL17RA
GO:0030368,IL17RA
GO:0032680,IL17RA
GO:0042742,IL17RA
GO:0006955,IL17RE
GO:0009617,IL17RE
GO:0019221,IL17RE
GO:0030368,IL17RE
GO:0032680,IL17RE
GO:0042742,IL17RE
GO:0097396,IL17RE
GO:0097067,FOS
GO:0097067,JUN
GO:0006171,GHRHR
GO:0030252,GHRHR
GO:0006171,PICK1
GO:0007186,PICK1
GO:0030252,PICK1
GO:0007186,GHRH
GO:0019933,GHRH
GO:0030252,GHRH
GO:0019933,GNAS
GO:0030252,GNAS
GO:0019933,GNB1
GO:0030252,GNB1
GO:0030252,GNG2
GO:0055074,GNAS
GO:0071107,GNAS
GO:0055074,GNB1
GO:0071107,GNB1
GO:0071107,GNG2
GO:0071107,PTH
GO:0007218,CALCA
GO:0007218,CALCRL
GO:0007218,GNAS
GO:0007218,GNB1
GO:0007218,GNG2
GO:0007218,RAMP1
GO:0036312,PIDD1
GO:0036313,PIDD1
GO:0043495,PIDD1
GO:0043548,PIDD1
GO:0050852,PIDD1
GO:0001525,ADM
GO:0001666,ADM
GO:0001944,ADM
GO:0006979,ADM
GO:0007186,ADM
GO:0007566,ADM
GO:0042311,ADM
GO:0001525,CALCRL
GO:0001666,CALCRL
GO:0001944,CALCRL
GO:0006979,CALCRL
GO:0007566,CALCRL
GO:0001525,GNAS
GO:0001666,GNAS
GO:0001944,GNAS
GO:0006979,GNAS
GO:0007566,GNAS
GO:0042311,GNAS
GO:0001525,GNB1
GO:0001666,GNB1
GO:0001944,GNB1
GO:0006979,GNB1
GO:0007566,GNB1
GO:0042311,GNB1
GO:0001525,GNG2
GO:0001666,GNG2
GO:0001944,GNG2
GO:0006979,GNG2
GO:0007566,GNG2
GO:0042311,GNG2
GO:0001525,RAMP2
GO:0001666,RAMP2
GO:0001944,RAMP2
GO:0006979,RAMP2
GO:0007566,RAMP2
GO:0001525,RAMP3
GO:0001666,RAMP3
GO:0001944,RAMP3
GO:0006979,RAMP3
GO:0007566,RAMP3
GO:0035556,PIK3AP1
GO:0036312,PIK3AP1
GO:0036313,PIK3AP1
GO:0043548,PIK3AP1
GO:0050852,PIK3AP1
GO:0051896,PIK3AP1
GO:0051896,PIK3CD
GO:0051896,PIK3R2
GO:0036312,IRS2
GO:0036313,IRS2
GO:0043548,IRS2
GO:0050852,IRS2
GO:0036312,CBL
GO:0036313,CBL
GO:0043548,CBL
GO:0050852,CBL
GO:0006955,IL17RA
GO:0019221,IL17RA
GO:0019975,IL17RA
GO:0032747,IL17RA
GO:0038173,IL17RA
GO:0038174,IL17RA
GO:0050727,IL17RA
GO:0006955,IL17RD
GO:0019221,IL17RD
GO:0019975,IL17RD
GO:0032747,IL17RD
GO:0038173,IL17RD
GO:0038174,IL17RD
GO:0050727,IL17RD
GO:0071305,ACTN4
GO:0006955,IL17A
GO:0019221,IL17A
GO:0019975,IL17A
GO:0032747,IL17A
GO:0038173,IL17A
GO:0038174,IL17A
GO:0050727,IL17A
GO:0071391,ACTN4
GO:0019975,IL17A
GO:0032747,IL17A
GO:0038173,IL17A
GO:0038174,IL17A
GO:0019975,IL17RA
GO:0032747,IL17RA
GO:0038173,IL17RA
GO:0038174,IL17RA
GO:0006955,IL17RD
GO:0019221,IL17RD
GO:0019975,IL17RD
GO:0032747,IL17RD
GO:0038173,IL17RD
GO:0038174,IL17RD
GO:0050727,IL17RD
GO:0036312,IQGAP3
GO:0036313,IQGAP3
GO:0043548,IQGAP3
GO:0050852,IQGAP3
GO:0032870,EGR1
GO:0043065,EGR1
GO:0043065,EP300
GO:0043065,VDR
GO:0006954,GHRHR
GO:0060397,GHRHR
GO:1990782,GHRHR
GO:0006954,JAK2
GO:0007186,JAK2
GO:0060397,JAK2
GO:0002031,GHRH
GO:0055074,GHRH
GO:0002031,GHSR
GO:0055074,GHSR
GO:0005249,KCNH3
GO:0071805,KCNH3
GO:0005249,KCNH8
GO:0071805,KCNH8
GO:0036312,ICOS
GO:0036313,ICOS
GO:0043548,ICOS
GO:0050852,ICOS
GO:0003334,CTNNB1
GO:0045893,CTNNB1
GO:0071305,CTNNB1
GO:0003334,LEF1
GO:0005634,LEF1
GO:0045893,LEF1
GO:0071305,LEF1
GO:0003334,VDR
GO:0004713,GSN
GO:0030036,GSN
GO:1990782,GSN
GO:0004896,GHR
GO:0007259,GHR
GO:0010628,GHR
GO:0019221,GHR
GO:0060396,GHR
GO:0004896,JAK1
GO:0007259,JAK1
GO:0010628,JAK1
GO:0060396,JAK1
GO:0004896,JAK2
GO:0010628,JAK2
GO:0060396,JAK2
GO:0004896,TYK2
GO:0010628,TYK2
GO:0060396,TYK2
GO:0007179,MSTN
GO:0008083,MSTN
GO:0048632,MSTN
GO:0004115,PDE8A
GO:0007155,PDE8A
GO:0043949,PDE8A
GO:0004115,PDE8B
GO:0007155,PDE8B
GO:0043949,PDE8B
GO:0007179,MSTN
GO:0008083,MSTN
GO:0048632,MSTN
GO:0043949,UNC119
GO:0019221,GH1
GO:0060396,GH1
GO:0007259,EPHA4
GO:0019221,EPHA4
GO:0060396,EPHA4
GO:0007259,JAK2
GO:0019221,JAK2
GO:0060396,JAK2
GO:0007259,STAT5B
GO:0019221,STAT5B
GO:0060396,STAT5B
GO:0005249,KCNH4
GO:0071805,KCNH4
GO:0007259,GH1
GO:0007259,IGF1R
GO:0019221,IGF1R
GO:0060396,IGF1R
GO:0042391,KCNE1
GO:0042391,KCNE3
GO:0005249,KCNH8
GO:0042391,KCNH8
GO:0005249,KCNH5
GO:0008282,KCNH5
GO:0071805,KCNH5
GO:0070026,GUCY1A1
GO:0004383,GUCY1B2
GO:0070026,GUCY1B2
GO:0071305,LCOR
GO:0070026,GUCY1B1
GO:0017015,FSTL3
GO:0019221,FSTL3
GO:0051147,FSTL3
GO:0017015,MSTN
GO:0019221,MSTN
GO:0051147,MSTN
GO:0017015,WFIKKN2
GO:0019221,WFIKKN2
GO:0071305,SNW1
GO:0004119,PDE3A
GO:0006470,PDE3A
GO:0043067,PDE3A
GO:1902374,PDE3A
GO:0004119,SLFN12
GO:0006470,SLFN12
GO:0043067,SLFN12
GO:1902374,SLFN12
GO:0071300,SNW1
GO:0004674,ACVR1B
GO:0007179,ACVR1B
GO:0019221,ACVR1B
GO:0032924,ACVR1B
GO:0060390,ACVR1B
GO:1901861,ACVR1B
GO:1904178,ACVR1B
GO:0004674,ACVR2B
GO:0007179,ACVR2B
GO:0019221,ACVR2B
GO:0032924,ACVR2B
GO:0060390,ACVR2B
GO:1901861,ACVR2B
GO:1904178,ACVR2B
GO:0004674,MSTN
GO:0019221,MSTN
GO:0032924,MSTN
GO:0060390,MSTN
GO:1901861,MSTN
GO:1904178,MSTN
GO:0071300,NCOA2
GO:0071305,NCOA2
GO:0004674,TGFBR1
GO:0019221,TGFBR1
GO:0032924,TGFBR1
GO:0060390,TGFBR1
GO:1904178,TGFBR1
GO:0005242,KCNH6
GO:0005249,KCNH6
GO:0071805,KCNH6
GO:0005242,KCNH7
GO:0005249,KCNH7
GO:0071805,KCNH7
GO:0005737,SQSTM1
GO:0006355,SQSTM1
GO:0032870,SQSTM1
GO:0005737,VDR
GO:0005249,KCNG2
GO:0071805,KCNG2
GO:0071305,NCOR1
GO:0071305,NCOR2
GO:0005251,KCNG1
GO:0071805,KCNG1
GO:0017015,FSTL3
GO:0019221,FSTL3
GO:0051147,FSTL3
GO:0017015,MSTN
GO:0051147,MSTN
GO:0017015,FST
GO:0019221,FST
GO:0051147,FST
GO:0017015,SGTA
GO:0019221,SGTA
GO:0051147,SGTA
GO:0005975,ADAM17
GO:0006629,ADAM17
GO:0045927,ADAM17
GO:0051045,ADAM17
GO:0060396,ADAM17
GO:0005975,GH1
GO:0006629,GH1
GO:0045927,GH1
GO:0051045,GH1
GO:0005975,GHR
GO:0006629,GHR
GO:0045927,GHR
GO:0051045,GHR
GO:0005249,KCNF1
GO:0071805,KCNF1
GO:2000396,GHR
GO:0045927,SGTA
GO:0060396,SGTA
GO:2000396,SGTA
GO:0017015,LTBP4
GO:0019221,LTBP4
GO:0051147,LTBP4
GO:0017015,GDF11
GO:0019221,GDF11
GO:0051147,GDF11
GO:0017015,LTBP4
GO:0019221,LTBP4
GO:0051147,LTBP4
GO:0005251,KCNF1
GO:0005251,KCNH1
GO:0019221,GRB10
GO:0060396,GRB10
GO:0005249,KCNK10
GO:0015271,KCNK10
GO:0071805,KCNK10
GO:0019221,GRB10
GO:0060396,GRB10
GO:0071805,AKAP5
GO:1901979,AKAP5
GO:0071805,KCNK10
GO:1901979,KCNK10
GO:0005634,GHR
GO:0006355,GHR
GO:0005634,HMGN1
GO:0006355,HMGN1
GO:0019221,HMGN1
GO:0060396,HMGN1
GO:0004119,AKT2
GO:0043422,AKT2
GO:0004119,PDE3B
GO:0008286,PDE3B
GO:0043422,PDE3B
GO:0009448,ABAT
GO:0005737,ACLY
GO:0006085,ACLY
GO:0006101,ACLY
GO:0006107,ACLY
GO:0006695,ACLY
GO:0004119,AKT3
GO:0097009,AKT3
GO:0120283,AKT3
GO:0004119,PDE3B
GO:0097009,PDE3B
GO:0120283,PDE3B
GO:0004024,ADH1A
GO:0004024,ADH1B
GO:0004024,ADH1C
GO:0031625,PDE3A
GO:0004119,TRIM13
GO:0031625,TRIM13
GO:0005739,ALDH2
GO:0046185,ALDH2
GO:0005759,ALDH5A1
GO:0006105,ALDH5A1
GO:0005737,ALOX5
GO:0061614,ALOX5
GO:0061614,DICER1
GO:1900745,ALOX5
GO:1903409,ALOX5
GO:1900745,CD40
GO:1903409,CD40
GO:1900745,PIK3R1
GO:1903409,PIK3R1
GO:0005245,CACNA1B
GO:0098703,CACNA1B
GO:0005245,CACNA2D1
GO:0098703,CACNA2D1
GO:0005245,CACNB3
GO:0098703,CACNB3
GO:0007165,CD38
GO:0019674,CD38
GO:0044853,CD38
GO:0007165,CD19
GO:0044853,CD19
GO:0019882,CD38
GO:0061097,CD38
GO:0007165,CD9
GO:0019882,CD9
GO:0044853,CD9
GO:0061097,CD9
GO:0007165,HLA-DRA
GO:0019882,HLA-DRA
GO:0044853,HLA-DRA
GO:0061097,HLA-DRA
GO:0007165,HLA-DRB1
GO:0019882,HLA-DRB1
GO:0044853,HLA-DRB1
GO:0061097,HLA-DRB1
GO:1901385,CACNA1G
GO:1901385,SPTAN1
GO:0007179,ACVR1B
GO:0009948,ACVR1B
GO:0019221,ACVR1B
GO:0045995,ACVR1B
GO:0060390,ACVR1B
GO:0007179,ACVR2A
GO:0009948,ACVR2A
GO:0019221,ACVR2A
GO:0045995,ACVR2A
GO:0060390,ACVR2A
GO:0007179,GDF11
GO:0009948,GDF11
GO:0019221,GDF11
GO:0032924,GDF11
GO:0045995,GDF11
GO:0060390,GDF11
NA,CD38
NA,CD44
NA,ITGA4
NA,MMP9
GO:0005886,CD38
GO:1904092,CD38
GO:0005886,LRRK2
GO:0007165,LRRK2
GO:1904092,LRRK2
GO:0007155,CD38
GO:0044853,ITGA4
GO:0044853,ITGB1
GO:0002250,CD79A
GO:0004888,CD79A
GO:0005886,CD79A
GO:0002250,CD79B
GO:0004888,CD79B
GO:0005886,CD79B
GO:0007179,FST
GO:0060390,FST
GO:0007179,GDF11
GO:0060390,GDF11
GO:0005886,CD3D
GO:0023052,CD3D
GO:0042130,CD3D
GO:0005886,CD3E
GO:0023052,CD3E
GO:0042130,CD3E
GO:0005886,CD3G
GO:0023052,CD3G
GO:0042130,CD3G
GO:0005886,LAG3
GO:0023052,LAG3
GO:0042130,LAG3
GO:0005886,TRA
GO:0023052,TRA
GO:0042130,TRA
GO:0005886,TRB
GO:0023052,TRB
GO:0042130,TRB
GO:0006897,NECTIN1
GO:0006897,NECTIN4
GO:0005886,NECTIN4
GO:0098609,NECTIN4
GO:0005886,AFDN
GO:0005912,AFDN
GO:0005912,NECTIN4
GO:0060390,MSTN
GO:0005886,CLDN1
GO:0022407,CLDN1
GO:0005886,TACSTD2
GO:0022407,TACSTD2
GO:0005886,CLDN7
GO:0022407,CLDN7
GO:0004119,GRIN2A
GO:0097009,GRIN2A
GO:0004972,PDE3B
GO:0007179,ACVR2B
GO:0009948,ACVR2B
GO:0019221,ACVR2B
GO:0032924,ACVR2B
GO:0045995,ACVR2B
GO:0060390,ACVR2B
GO:0009948,ACVR1B
GO:0045995,ACVR1B
GO:0009948,ACVR2B
GO:0045995,ACVR2B
GO:0009948,GDF11
GO:0032924,GDF11
GO:0045995,GDF11
GO:0010498,GHR
GO:0010498,LYN
GO:0060396,LYN
GO:0009948,TGFBR1
GO:0045995,TGFBR1
GO:0007179,ACVR1C
GO:0009948,ACVR1C
GO:0019221,ACVR1C
GO:0032924,ACVR1C
GO:0045995,ACVR1C
GO:0060390,ACVR1C
GO:0047555,PDE5A
GO:0001558,NRG1
GO:0005886,NRG1
GO:1905578,NRG1
GO:0001558,TACSTD2
GO:1905578,TACSTD2
GO:0022407,ITGA5
GO:0022407,ITGB1
GO:0005886,TLN1
GO:0022407,TLN1
GO:0038161,GHR
GO:0007259,PRLR
GO:0019221,PRLR
GO:0038161,PRLR
GO:0060396,PRLR
GO:0004115,PDE7A
GO:0005080,PDE7A
GO:0004115,PRKCA
GO:0005080,PRKCA
GO:0016567,GHR
GO:0016567,SOCS2
GO:0019221,SOCS2
GO:0060396,SOCS2
GO:0010498,CUL5
GO:0140852,CUL5
GO:0010498,ELOB
GO:0140852,ELOB
GO:0010498,ELOC
GO:0140852,ELOC
GO:0010498,RNF7
GO:0140852,RNF7
GO:0010498,SOCS2
GO:0140852,SOCS2
GO:0046982,PDE7A
GO:0004115,THBS3
GO:0046982,THBS3
GO:0030478,PDE7A
GO:0004115,TMOD1
GO:0030478,TMOD1
GO:0004115,CBFA2T3
GO:0004691,CBFA2T3
GO:0006605,CBFA2T3
GO:0010737,CBFA2T3
GO:0050727,CBFA2T3
GO:0050794,CBFA2T3
GO:0051018,CBFA2T3
GO:0004691,PDE4A
GO:0006605,PDE4A
GO:0010737,PDE4A
GO:0050727,PDE4A
GO:0050794,PDE4A
GO:0051018,PDE4A
GO:0004115,PRKAR2A
GO:0004691,PRKAR2A
GO:0050727,PRKAR2A
GO:0050794,PRKAR2A
GO:0051018,PRKAR2A
GO:0004115,AKAP1
GO:0004691,AKAP1
GO:0006605,AKAP1
GO:0010737,AKAP1
GO:0050727,AKAP1
GO:0050794,AKAP1
GO:0051018,AKAP1
GO:0004115,AKAP8
GO:0004691,AKAP8
GO:0006605,AKAP8
GO:0010737,AKAP8
GO:0050727,AKAP8
GO:0050794,AKAP8
GO:0051018,AKAP8
GO:0004691,PDE7A
GO:0006605,PDE7A
GO:0010737,PDE7A
GO:0050727,PDE7A
GO:0050794,PDE7A
GO:0051018,PDE7A
GO:0042742,CRBN
GO:2000377,CRBN
GO:0042742,TRAF6
GO:2000377,TRAF6
GO:0042742,ECSIT
GO:0072593,ECSIT
GO:0072593,TRAF6
GO:0072593,CRBN
GO:0004115,PDE7B
GO:0071889,PDE7B
GO:0004115,YWHAQ
GO:0009755,GHSR
GO:0030252,GHSR
GO:0004115,RUFY3
GO:0000492,PDE7B
GO:0000492,ZNHIT6
GO:0004115,ZNHIT6
GO:0007186,OXTR
GO:0019722,OXTR
GO:0005783,MTTP
GO:0006629,MTTP
GO:0034197,MTTP
GO:0006629,P4HB
GO:0034197,P4HB
GO:0007186,GHRL
GO:0032098,GHSR
GO:0042594,GHSR
GO:0007186,MRAP2
GO:0032098,MRAP2
GO:0042594,MRAP2
GO:0097009,MRAP2
GO:0006171,GHSR
GO:0070509,GHSR
GO:0006171,HCRTR1
GO:0007186,HCRTR1
GO:0070509,HCRTR1
GO:0070371,ADRB2
GO:0070371,OXTR
GO:0071875,OXTR
GO:0055074,HTR2A
GO:0055074,OXTR
GO:0032958,HTR2C
GO:0055074,HTR2C
GO:0032958,OXTR
GO:0004383,CDC37
GO:0007168,CDC37
GO:0031072,CDC37
GO:1990565,CDC37
GO:0007168,GUCY2C
GO:0031072,GUCY2C
GO:1990565,GUCY2C
GO:0004383,HSP90AA1
GO:0007168,HSP90AA1
GO:1990565,HSP90AA1
GO:0047555,PDE9A
GO:0047555,UNC119
GO:0005886,CA12
GO:0006730,CA12
GO:0017162,AIPL1
GO:0017162,PDE5A
GO:0047555,MSH5
GO:0060631,MSH5
GO:0060631,PDE5A
GO:0007010,TOMM40
GO:0017038,TOMM40
GO:0048487,TOMM40
GO:0007010,TUBB6
GO:0017038,TUBB6
GO:0048487,TUBB6
GO:0005602,C1QA
GO:0005602,C1QB
GO:0005602,C1QC
GO:0005602,C1R
GO:0006956,C1R
GO:0005602,C1S
GO:0006956,C1S
GO:0005813,TUBB6
GO:0043015,TUBB6
GO:0007010,TUBG1
GO:0043015,TUBG1
GO:0048487,TUBG1
GO:0008655,CDA
GO:0009972,CDA
GO:0007186,MRAP2
GO:0097009,MRAP2
GO:0007186,PROKR1
GO:0097009,PROKR1
GO:0007186,MC4R
GO:0032259,COMT
GO:0042424,COMT
GO:0001516,OXTR
GO:0007200,OXTR
GO:0007595,OXTR
GO:0043405,OXTR
GO:0070471,OXTR
GO:0070528,OXTR
GO:0007186,AVPR1A
GO:0007200,AVPR1A
GO:0007186,AVPR2
GO:0004990,DRD2
GO:0004990,OXTR
GO:0007186,OXTR
GO:0007212,OXTR
GO:0014047,ADORA2A
GO:0055074,ADORA2A
GO:0001973,OXTR
GO:0014047,OXTR
GO:0055074,OXTR
GO:0007186,DRD3
GO:0007212,DRD3
GO:0002029,GRK2
GO:0002031,GRK2
GO:0007186,GRK2
GO:0002029,OXTR
GO:0002031,OXTR
GO:0002029,ARRB2
GO:0002031,ARRB2
GO:0000050,CPS1
GO:0005739,CPS1
GO:0070409,CPS1
GO:0002221,TLR7
GO:0002224,TLR7
GO:0003727,TLR7
GO:0005768,TLR7
GO:0006952,TLR7
GO:0006955,TLR7
GO:0034154,TLR7
GO:0002221,TLR9
GO:0002224,TLR9
GO:0003697,TLR9
GO:0005768,TLR9
GO:0006952,TLR9
GO:0006955,TLR9
GO:0034162,TLR9
GO:0006694,GNRHR
GO:0007281,GNRHR
GO:0019722,GNRHR
GO:0019933,GNRHR
GO:0006694,SET
GO:0007186,SET
GO:0007281,SET
GO:0019722,SET
GO:0019933,SET
GO:0007186,SET
GO:0007213,SET
GO:0007186,CHRM3
GO:0007213,CHRM3
GO:0007186,GNRHR
GO:0007218,GNRHR
GO:0032274,GNRHR
GO:0007186,KISS1R
GO:0007218,KISS1R
GO:0032274,KISS1R
GO:0004505,PAH
GO:0006559,PAH
GO:0006571,PAH
GO:0001541,GNRHR
GO:0007283,GNRHR
GO:0007186,TRHR
GO:0070459,TRHR
GO:0070460,TRHR
GO:0031647,DNAJC12
GO:2000058,DNAJC12
GO:0031647,PAH
GO:2000058,PAH
GO:0004970,DLG4
GO:0015277,DLG4
GO:0035254,DLG4
GO:0005743,CYP11A1
GO:0008203,CYP11A1
GO:0005743,FDX1
GO:0008203,FDX1
GO:0005743,FDXR
GO:0008203,FDXR
GO:0016020,SMIM30
GO:0030334,SMIM30
GO:0042127,SMIM30
GO:0043408,SMIM30
GO:0016020,YES1
GO:0030334,YES1
GO:0042127,YES1
GO:0043408,YES1
GO:0004970,DLG4
GO:0015277,DLG4
GO:0035254,DLG4
GO:0035254,GRIK5
GO:0004970,DLG3
GO:0015277,DLG3
GO:0035254,DLG3
GO:0035254,GRIK2
GO:0004970,DLG1
GO:0015277,DLG1
GO:0035254,DLG1
GO:0016020,SRC
GO:0043408,SRC
GO:0004713,SCRIB
GO:0042127,SCRIB
GO:0050730,SCRIB
GO:0004713,YES1
GO:0050730,YES1
GO:0031966,CYP11A1
GO:0010468,CTNNB1
GO:0010468,TBX5
GO:0042127,TBX5
GO:0010468,YAP1
GO:0042127,YAP1
GO:0010468,YES1
GO:0008203,CYP11B1
GO:0031966,CYP11B1
GO:0032342,CYP11B1
GO:0010468,YAP1
GO:0018108,YAP1
GO:0042127,YAP1
GO:0010468,YES1
GO:0018108,YES1
GO:0035330,YES1
GO:0042127,YES1
GO:0016020,OCLN
GO:0070160,OCLN
GO:0070830,OCLN
GO:0070160,YES1
GO:0070830,YES1
GO:0035254,GRIK1
GO:0004970,GRIK4
GO:0015277,GRIK4
GO:0032983,GRIK4
GO:0035254,GRIK4
GO:0004970,GRIK4
GO:0015277,GRIK4
GO:0032983,GRIK4
GO:0035254,GRIK4
GO:0005789,CYP19A1
GO:0006703,CYP19A1
GO:0010828,ARRB1
GO:0035014,ARRB1
GO:0086100,ARRB1
GO:0007186,EDNRA
GO:0010828,EDNRA
GO:0035014,EDNRA
GO:0086100,EDNRA
GO:0010828,GNAQ
GO:0035014,GNAQ
GO:0086100,GNAQ
GO:0007186,YES1
GO:0010828,YES1
GO:0035014,YES1
GO:0086100,YES1
GO:0005245,CACNA1G
GO:0070588,CACNA1G
GO:0005245,CACNA1S
GO:0070588,CACNA1S
GO:0070588,CACNA2D1
GO:0005245,CACNB1
GO:0070588,CACNB1
GO:0010468,TEAD2
GO:0035330,TEAD2
GO:0042127,TEAD2
GO:2000035,TEAD2
GO:2000035,YAP1
GO:2000035,YES1
GO:1901019,CACNA1H
GO:1901019,CAV3
GO:0006171,ADRB2
GO:0031623,ADRB2
GO:0038003,ADRB2
GO:0006171,OPRD1
GO:0031623,OPRD1
GO:0071875,OPRD1
GO:0006171,OPRK1
GO:0031623,OPRK1
GO:0071875,OPRK1
GO:0007210,DRD2
GO:0007268,DRD2
GO:0007212,HTR2A
GO:0007268,HTR2A
GO:0000165,GALR1
GO:0007186,GALR1
GO:0019933,GALR1
GO:0000165,HTR1A
GO:0019933,HTR1A
GO:1903294,ADORA1
GO:1903294,ADORA2A
GO:0005245,CACNA1I
GO:0006816,CACNA1I
GO:0007283,CACNA1I
GO:0005245,CATSPER1
GO:0006816,CATSPER1
GO:0007283,CATSPER1
GO:0005245,CATSPER2
GO:0006816,CATSPER2
GO:0007283,CATSPER2
GO:0001973,ADORA1
GO:0007186,ADORA1
GO:0007216,ADORA1
GO:0061535,ADORA1
GO:0001973,GRM1
GO:0061535,GRM1
GO:0001973,P2RY1
GO:0007186,P2RY1
GO:0007212,ADORA2A
GO:0007216,ADORA2A
GO:0001973,DRD2
GO:0007216,DRD2
GO:0007212,GRM5
GO:0005245,CACNA2D2
GO:0006816,CACNA2D2
GO:0002090,ADRB2
GO:0038166,ADRB2
GO:0002090,AGTR1
GO:0007186,AGTR1
GO:0038166,AGTR1
GO:0070371,AGTR1
GO:0071875,AGTR1
GO:0006809,AGTR1A
GO:0008217,AGTR1A
GO:0060183,AGTR1A
GO:0006809,APLNR
GO:0007186,APLNR
GO:0008217,APLNR
GO:0038166,APLNR
GO:0060183,APLNR
GO:0038003,CNR1
GO:0038171,OPRD1
GO:0038171,OPRK1
GO:0038171,OPRM1
GO:0038171,HCRTR1
GO:0015277,GRIK1
GO:0032983,GRIK1
GO:0035255,GRIK1
GO:0035255,GRIK2
GO:0016020,CYP2D6
GO:0042178,CYP2D6
GO:0007186,CCR5
GO:0038003,CCR5
GO:0070098,CCR5
GO:0070098,OPRM1
GO:0038003,CXCR4
GO:0070098,OPRD1
GO:0071420,DRD2
GO:0007186,HRH3
GO:0007212,HRH3
GO:0071420,HRH3
GO:0007193,DRD2
GO:0007194,DRD2
GO:0038169,DRD2
GO:0007193,SSTR2
GO:0007194,SSTR2
GO:0007212,SSTR2
GO:0038169,SSTR2
GO:0005886,DRD2
GO:0038170,DRD2
GO:0005886,SSTR5
GO:0007194,SSTR5
GO:0007212,SSTR5
GO:0007186,EDNRB
GO:0086100,EDNRB
GO:0007186,TACR1
GO:0038003,TACR1
GO:0007186,TAS1R1
GO:0050917,TAS1R1
GO:0007186,TAS1R3
GO:0050917,TAS1R3
GO:0007186,TAS1R2
GO:0050916,TAS1R2
GO:0050916,TAS1R3
GO:0006171,ADRB1
GO:0007186,ADRB1
GO:0060048,ADRB1
GO:0071875,ADRB1
GO:0006171,ADRB2
GO:0060048,ADRB2
GO:0005247,CLCN2
GO:1902476,CLCN2
GO:0016020,CYP2E1
GO:0042178,CYP2E1
GO:0016020,CYP3A4
GO:0007186,P2RY12
GO:0030168,P2RY12
GO:0045121,P2RY12
GO:1902941,CLCN2
GO:1902941,HSPA8
GO:1902305,CLCN2
GO:1902305,SCNN1G
GO:0005783,ATP2A1
GO:0016529,ATP2A1
GO:0030899,ATP2A1
GO:0042981,ATP2A1
GO:0005783,BCL2
GO:0016529,BCL2
GO:0030899,BCL2
GO:0042981,BCL2
GO:0001959,PTPN6
GO:0032647,PTPN6
GO:0046425,PTPN6
GO:0001959,TYK2
GO:0032647,TYK2
GO:0010468,PTAFR
GO:0042509,PTAFR
GO:0046425,PTAFR
GO:0010468,TYK2
GO:0042509,TYK2
GO:0030099,BAX
GO:0042981,BAX
GO:0030099,BCL2
GO:0030099,MCL1
GO:0042981,MCL1
GO:0042981,BAX
GO:0007193,ADORA1
GO:0071313,ADORA1
GO:0001973,P2RY1
GO:0007186,P2RY1
GO:0035725,HCN1
GO:0071805,HCN1
GO:0001973,GNAI2
GO:0001973,GNB1
GO:0001973,GNG2
GO:0035725,HCN4
GO:0071805,HCN4
GO:0042981,BCL2L11
GO:0010468,ESR1
GO:0040029,ESR1
GO:0050730,ESR1
GO:0010468,KDM3A
GO:0033146,KDM3A
GO:0040029,KDM3A
GO:0050730,KDM3A
GO:0010468,TNK2
GO:0033146,TNK2
GO:0040029,TNK2
GO:0050730,TNK2
GO:0042058,EGFR
GO:0070849,EGFR
GO:0042058,TNK2
GO:0070849,TNK2
GO:0001973,ADORA3
GO:0007186,ADORA3
GO:0043949,ADORA3
GO:0070371,ADORA3
GO:0001973,ADORA2B
GO:0007186,ADORA2B
GO:0019933,ADORA2B
GO:0005789,CYP3A4
GO:0042178,CYP3A4
GO:0005789,CYP3A5
GO:0042178,CYP3A5
GO:0005789,CYP2E1
GO:0005789,CYP2C9
GO:0042178,CYP2C9
GO:0000165,ADORA2A
GO:0008543,ADORA2A
GO:0070371,ADORA2A
GO:0000165,FGFR1
GO:0001973,FGFR1
GO:0007186,FGFR1
GO:0008543,FGFR1
GO:0070371,FGFR1
GO:0006282,BCL2
GO:0042981,PARP1
GO:0032148,AKT1
GO:0042127,AKT1
GO:0050730,AKT1
GO:0072657,AKT1
GO:0032148,TNK2
GO:0042127,TNK2
GO:0050730,TNK2
GO:0072657,TNK2
GO:0007259,STAM2
GO:0019221,STAM2
GO:1990782,STAM2
GO:0007259,JAK3
GO:0019221,JAK3
GO:1990782,JAK3
GO:0007165,JAK2
GO:0007165,STAM
GO:0007259,STAM
GO:1990782,STAM
GO:0007165,JAK3
GO:0007259,JAK3
GO:1990782,JAK3
GO:0032148,AKT1
GO:0042127,AKT1
GO:0050730,AKT1
GO:0072657,AKT1
GO:0032148,TNK2
GO:0042127,TNK2
GO:0072657,TNK2
GO:0030334,DOK2
GO:0043434,DOK2
GO:0045765,DOK2
GO:0048014,DOK2
GO:0050730,DOK2
GO:0030334,NCK1
GO:0043434,NCK1
GO:0045765,NCK1
GO:0048014,NCK1
GO:0050730,NCK1
GO:0030334,PAK1
GO:0043434,PAK1
GO:0045765,PAK1
GO:0048014,PAK1
GO:0050730,PAK1
GO:0030334,TEK
GO:0043434,TEK
GO:0045765,TEK
GO:0048014,TEK
GO:0050730,TEK
GO:0030334,DOK2
GO:0043434,DOK2
GO:0045765,DOK2
GO:0048014,DOK2
GO:0050730,DOK2
GO:0030334,NCK1
GO:0043434,NCK1
GO:0045765,NCK1
GO:0048014,NCK1
GO:0050730,NCK1
GO:0043434,PAK1
GO:0045765,PAK1
GO:0048014,PAK1
GO:0050730,PAK1
GO:0030334,TEK
GO:0043434,TEK
GO:0045765,TEK
GO:0048014,TEK
GO:0050730,TEK
GO:0042416,DDC
GO:0042427,DDC
GO:0043434,CYP1B1
GO:0048014,CYP1B1
GO:1901342,CYP1B1
GO:1901342,TEK
GO:0005134,IL2RB
GO:0006468,IL2RB
GO:0042976,IL2RB
GO:1990782,IL2RB
GO:0005134,JAK1
GO:0006468,JAK1
GO:0042976,JAK1
GO:1990782,JAK1
GO:0005126,IL2RG
GO:0006468,IL2RG
GO:0042976,IL2RG
GO:1990782,IL2RG
GO:0005126,JAK1
GO:0005134,JAK3
GO:0006468,JAK3
GO:0042976,JAK3
GO:0005126,JAK3
GO:0008283,DDC
GO:0008283,PIK3CA
GO:0008283,PIK3R1
GO:0016020,DGAT1
GO:0019432,DGAT1
GO:0005911,ITGAV
GO:0043434,ITGAV
GO:0048014,ITGAV
GO:1901490,ITGAV
GO:0005911,ITGB3
GO:0043434,ITGB3
GO:0048014,ITGB3
GO:1901490,ITGB3
GO:0005911,TEK
GO:1901490,TEK
GO:0051893,ITGAV
GO:0051893,ITGB3
GO:0005911,PTK2
GO:0043434,PTK2
GO:0048014,PTK2
GO:1901490,PTK2
GO:0051893,TEK
GO:0010533,JAK3
GO:0140537,JAK3
GO:0007259,STAT5A
GO:0010533,STAT5A
GO:0019221,STAT5A
GO:0140537,STAT5A
GO:1990782,STAT5A
GO:0005911,ANGPT2
GO:0043434,ANGPT2
GO:0045765,ANGPT2
GO:0048014,ANGPT2
GO:1901490,ANGPT2
GO:1901016,HCN1
GO:1901016,KCNE2
GO:1901016,HCN2
GO:0010533,STAT5B
GO:0140537,STAT5B
GO:1990782,STAT5B
GO:1901016,HCN3
GO:0043434,ANGPT2
GO:0048014,ANGPT2
GO:1901490,ANGPT2
GO:0043434,TIE1
GO:0048014,TIE1
GO:1901490,TIE1
GO:1901016,HCN4
GO:0070588,TRPM8
GO:1903169,TCAF1
GO:1903169,TRPM8
GO:0043434,ANGPT1
GO:0045765,ANGPT1
GO:0048014,ANGPT1
GO:0098609,ANGPT1
GO:0043434,PTPRB
GO:0045765,PTPRB
GO:0048014,PTPRB
GO:0098609,PTPRB
GO:0098609,TEK
GO:1903169,TCAF2
GO:0006163,ADA
GO:0006171,ADA
GO:0006163,ADORA2B
GO:0006171,ADORA2B
GO:0001973,DCC
GO:0006171,DCC
GO:0007186,DCC
GO:0005245,TRPV1
GO:0097603,TRPV1
GO:0001525,ANGPT1
GO:0001568,ANGPT1
GO:0001525,TEK
GO:0001568,TEK
GO:0001568,CBL
GO:0043434,CBL
GO:0045765,CBL
GO:0048014,CBL
GO:0005134,JAK3
GO:0006468,JAK3
GO:0042976,JAK3
GO:0005126,JAK3
GO:0005134,JAK1
GO:0042976,JAK1
GO:1990782,JAK1
GO:0005126,JAK1
GO:0001973,ADORA2B
GO:0007186,ADORA2B
GO:0071456,ADORA2B
GO:0097411,ADORA2B
GO:0001973,APIP
GO:0007186,APIP
GO:0071456,APIP
GO:0097411,APIP
GO:0001973,ADORA3
GO:0007186,ADORA3
GO:0019838,TEK
GO:0005911,TIE1
GO:0019838,TIE1
GO:0043434,TIE1
GO:0048014,TIE1
GO:0001973,SNAP23
GO:0007186,SNAP23
GO:0001973,VAMP2
GO:0007186,VAMP2
GO:0010737,ADORA2B
GO:0055064,ADORA2B
GO:0001973,EZR
GO:0010737,EZR
GO:0019933,EZR
GO:0055064,EZR
GO:0001973,NHERF2
GO:0010737,NHERF2
GO:0019933,NHERF2
GO:0055064,NHERF2
GO:0001973,ACTN1
GO:0007186,ACTN1
GO:0005262,TRPV1
GO:0005262,TRPV2
GO:0070588,TRPV1
GO:0090280,TRPV1
GO:0070588,TRPV3
GO:0090280,TRPV3
GO:0005262,TRPA1
GO:0070588,TRPA1
GO:0050848,TMEM100
GO:0050848,TRPA1
GO:0050848,TRPV1
GO:0019221,PTK2B
GO:0042976,PTK2B
GO:0007186,ADRA1B
GO:0031965,ADRA1B
GO:0070371,ADRA1B
GO:0071875,ADRA1B
GO:0007186,ADRA1A
GO:0031965,ADRA1A
GO:0070371,ADRA1A
GO:0071875,ADRA1A
GO:0002221,PTPN6
GO:0009617,PTPN6
GO:0032496,PTPN6
GO:0032691,PTPN6
GO:0034121,PTPN6
GO:0035821,PTPN6
GO:0045087,PTPN6
GO:0050728,PTPN6
GO:0001932,CBL
GO:0006955,CBL
GO:0001932,SYK
GO:0006955,SYK
GO:0006468,MAPT
GO:0005875,SNCA
GO:0006468,SNCA
GO:0048156,SNCA
GO:0007186,ADRA1D
GO:0071875,ADRA1D
GO:0005901,ADRA1A
GO:0070371,ADRA1A
GO:0005901,CAVIN4
GO:0007186,CAVIN4
GO:0070371,CAVIN4
GO:0071875,CAVIN4
GO:0005901,ADRA1B
GO:0070371,ADRA1B
GO:0007186,ACKR3
GO:0071875,ACKR3
GO:0007186,ADRA2B
GO:0071875,ADRA2B
GO:0006470,EPM2A
GO:0019902,EPM2A
GO:0048156,EPM2A
GO:0097418,EPM2A
GO:0006470,MAPT
GO:0019902,MAPT
GO:0097418,MAPT
GO:0005901,ADCY5
GO:0007186,ADCY5
GO:0071875,ADCY5
GO:0005901,ADRA1A
GO:0005901,PRKACA
GO:0007186,PRKACA
GO:0071875,PRKACA
GO:0005901,PRKAR1A
GO:0007186,PRKAR1A
GO:0071875,PRKAR1A
GO:0005901,AKAP6
GO:0060048,AKAP6
GO:0071805,AKAP6
GO:0060048,CAV3
GO:0071805,CAV3
GO:0005901,KCND2
GO:0060048,KCND2
GO:0005901,KCND3
GO:0060048,KCND3
GO:0046960,AKAP5
GO:1905664,AKAP5
GO:0046960,TRPA1
GO:1905664,TRPA1
GO:0005875,STUB1
GO:0005875,FYN
GO:0006605,FYN
GO:0048156,FYN
GO:1990782,FYN
GO:0005875,MAPT
GO:0006605,MAPT
GO:1990782,MAPT
GO:0005875,FYN
GO:0006468,FYN
GO:0048156,FYN
GO:1990782,FYN
GO:1990782,MAPT
GO:0071875,GNAQ
GO:0007186,GNAO1
GO:0071875,GNAO1
GO:0070098,ACKR3
GO:0070098,AVPR1A
GO:0071875,AVPR1A
GO:0048156,LRP1
GO:0050750,LRP1
GO:0006898,MAPT
GO:0050750,MAPT
GO:0006898,LRP1
GO:0048156,LRP1
GO:0050750,LRP1
GO:0006898,MAPT
GO:0050750,MAPT
GO:0031625,PRKN
GO:0048156,PRKN
GO:0001932,CLTC
GO:0050855,CLTC
GO:0071219,CLTC
GO:2000369,CLTC
GO:0001932,SYK
GO:0050855,SYK
GO:0071219,SYK
GO:2000369,SYK
GO:0007229,CBL
GO:0030027,CBL
GO:0030032,CBL
GO:0043408,CBL
GO:0046328,CBL
GO:0070051,CBL
GO:0007155,PIK3R1
GO:0007229,PIK3R1
GO:0030027,PIK3R1
GO:0030032,PIK3R1
GO:0043408,PIK3R1
GO:0046328,PIK3R1
GO:0070051,PIK3R1
GO:0007155,SYK
GO:0007229,SYK
GO:0030027,SYK
GO:0030032,SYK
GO:0043408,SYK
GO:0046328,SYK
GO:0070051,SYK
GO:0007155,VAV1
GO:0007229,VAV1
GO:0030027,VAV1
GO:0030032,VAV1
GO:0043408,VAV1
GO:0046328,VAV1
GO:0070051,VAV1
GO:0007186,NOS1
GO:0071875,NOS1
GO:0071875,MTNR1A
GO:0071875,MTNR1B
GO:0007212,ADRA1A
GO:0035812,ADRA1A
GO:0008217,DRD1
GO:0035812,DRD1
GO:0071875,DRD1
GO:0007186,DRD5
GO:0007212,DRD5
GO:0008217,DRD5
GO:0035812,DRD5
GO:0071875,DRD5
GO:0006958,IGHG1
GO:0019731,IGHG1
GO:0006958,IGKC
GO:0019731,IGKC
GO:0018108,NCL
GO:0042981,NCL
GO:0048255,NCL
GO:0018108,SYK
GO:0042981,SYK
GO:0048255,SYK
GO:0006958,IGHG4
GO:0019731,IGHG4
GO:0055074,ADRA1D
GO:0055074,ADRB2
GO:0007186,ADRA1D
GO:0008217,ADRA1D
GO:0038166,ADRA1D
GO:0071875,ADRA1D
GO:0008217,AGTR1
GO:0023035,BLNK
GO:0030888,BLNK
GO:0032148,BLNK
GO:0043408,BLNK
GO:0050853,BLNK
GO:0050864,BLNK
GO:0023035,BTK
GO:0030888,BTK
GO:0032148,BTK
GO:0043408,BTK
GO:0050853,BTK
GO:0050864,BTK
GO:0023035,PLCG2
GO:0030888,PLCG2
GO:0032148,PLCG2
GO:0043408,PLCG2
GO:0050853,PLCG2
GO:0050864,PLCG2
GO:0023035,SYK
GO:0030888,SYK
GO:0032148,SYK
GO:0043408,SYK
GO:0050853,SYK
GO:0050864,SYK
GO:0023035,VAV2
GO:0030888,VAV2
GO:0032148,VAV2
GO:0043408,VAV2
GO:0050853,VAV2
GO:0050864,VAV2
GO:0031102,TUBB2A
GO:0031625,TUBB2A
GO:0048487,TUBB2A
GO:0031102,ZNRF1
GO:0031625,ZNRF1
GO:0048487,ZNRF1
GO:0002694,MSN
GO:0006954,MSN
GO:0010468,MSN
GO:0018108,MSN
GO:0030155,MSN
GO:0050776,MSN
GO:2000144,MSN
GO:0002694,SELPLG
GO:0006954,SELPLG
GO:0010468,SELPLG
GO:0018108,SELPLG
GO:0030155,SELPLG
GO:0050776,SELPLG
GO:2000144,SELPLG
GO:0002694,SYK
GO:0006954,SYK
GO:0010468,SYK
GO:0030155,SYK
GO:0050776,SYK
GO:2000144,SYK
GO:0001819,SCIMP
GO:0002221,SCIMP
GO:0006954,SCIMP
GO:0006955,SCIMP
GO:0032496,SCIMP
GO:0034143,SCIMP
GO:0006955,SYK
GO:0034143,SYK
GO:0006954,TLR4
GO:0006955,TLR4
GO:0034143,TLR4
GO:0016278,DNMT3A
GO:0003886,EZH2
GO:0016278,EZH2
GO:0003886,CDK1
GO:0097472,CDK1
GO:0097472,DNMT3A
GO:0001819,SCIMP
GO:0002221,SCIMP
GO:0006954,SCIMP
GO:0006955,SCIMP
GO:0032496,SCIMP
GO:0034143,SCIMP
GO:0001819,SYK
GO:0006954,SYK
GO:0034143,SYK
GO:0001819,TLR4
GO:0006954,TLR4
GO:0006955,TLR4
GO:0034143,TLR4
GO:0001934,PECAM1
GO:0007166,PECAM1
GO:0018108,PECAM1
GO:0030334,PECAM1
GO:0001934,SYK
GO:0007166,SYK
GO:0030334,SYK
GO:0008134,DNMT3A
GO:0032259,DNMT3A
GO:0003886,SPI1
GO:0032259,SPI1
GO:0008134,DNMT3A
GO:0032259,DNMT3A
GO:0003886,SPI1
GO:0008134,SPI1
GO:0032259,SPI1
GO:0008134,DNMT3B
GO:0008327,DNMT3B
GO:0017053,DNMT3B
GO:0042826,DNMT3B
GO:0003886,HDAC1
GO:0008134,HDAC1
GO:0008327,HDAC1
GO:0017053,HDAC1
GO:0042826,HDAC1
GO:0003886,MECP2
GO:0008134,MECP2
GO:0008327,MECP2
GO:0017053,MECP2
GO:0042826,MECP2
GO:0003886,SIN3A
GO:0008134,SIN3A
GO:0008327,SIN3A
GO:0017053,SIN3A
GO:0042826,SIN3A
GO:0008327,SPI1
GO:0017053,SPI1
GO:0042826,SPI1
GO:0001965,GNAT1
GO:0007602,GNAT1
GO:0009881,GNAT1
GO:0047555,GNAT1
GO:0001965,PDE6B
GO:0001965,PDE6G
GO:0001965,PDE6A
GO:0042826,ACTN4
GO:0046811,ACTN4
GO:0051393,ACTN4
GO:0046811,HDAC7
GO:0051393,HDAC7
GO:0004407,ACTN4
GO:0051393,HDAC4
GO:0030155,GRB2
GO:0042127,GRB2
GO:0070372,GRB2
GO:0030155,ROS1
GO:0042127,ROS1
GO:0070372,ROS1
GO:0030155,SOS1
GO:0042127,SOS1
GO:0070372,SOS1
GO:0051393,HDAC5
GO:0004407,ACTN1
GO:0042826,ACTN1
GO:0007283,NELL2
GO:0019901,NELL2
GO:0007283,NICOL1
GO:0019901,NICOL1
GO:0001222,CTBP1
GO:0003714,CTBP1
GO:0004407,CTBP1
GO:0042826,CTBP1
GO:0001222,HDAC5
GO:0003714,HDAC5
GO:0001222,HDAC9
GO:0003714,HDAC9
GO:0007283,ROS1
GO:0001222,HDAC4
GO:0003714,HDAC4
GO:0001222,HDAC1
GO:0003714,HDAC1
GO:0048487,RCC1
GO:0060623,RCC1
GO:0048487,TUBB2A
GO:0060623,TUBB2A
GO:0005886,SELP
GO:0006954,SELP
GO:0007159,SELP
GO:1903238,SELP
GO:0005886,SELPLG
GO:0007159,SELPLG
GO:1903238,SELPLG
GO:0046007,CD274
GO:0046007,PDCD1
GO:0001666,CD274
GO:0005634,CD274
GO:0140639,CD274
GO:0001666,STAT3
GO:0140639,STAT3
GO:0005886,CD274
GO:0042130,CD274
GO:0005886,CMTM4
GO:0042130,CMTM4
GO:0005886,CMTM6
GO:0042130,CMTM6
GO:0004672,ROCK1
GO:0005524,ROCK1
GO:0030036,ROCK1
GO:0051020,ROCK1
GO:0048487,CCT3
GO:0006457,TUBB2A
GO:0017022,TUBB2A
GO:0004672,ROCK2
GO:0030036,ROCK2
GO:0051020,ROCK2
GO:0005886,DIO1
GO:0042403,DIO1
GO:0005886,DPEP1
GO:0006954,DPEP1
GO:0016805,DPEP1
GO:1990266,DPEP1
GO:0046113,DPYD
GO:1904090,SERPINE1
GO:0030165,PDLIM5
GO:0030274,PDLIM5
GO:0043014,PDLIM5
GO:0030165,TUBB2A
GO:0030274,TUBB2A
GO:0043014,TUBB2A
GO:0005813,NPM1
GO:0010824,NPM1
GO:0005813,ROCK2
GO:0010824,ROCK2
GO:0005813,BRCA2
GO:0010824,BRCA2
GO:0005813,NPM1
GO:0010824,NPM1
GO:0005813,ROCK2
GO:0010824,ROCK2
GO:0016407,EP300
GO:0005634,ROCK2
GO:0016407,ROCK2
GO:0051726,ROCK2
GO:0005615,F2
GO:0006508,F2
GO:0009611,F2
NA,AMBP
NA,F2
GO:0004674,NEK9
GO:0048487,NEK9
GO:0120283,NEK9
GO:0004674,TUBB4B
GO:0048487,TUBB4B
GO:0120283,TUBB4B
GO:0048487,DLGAP4
GO:0008233,F2
GO:0007596,SERPINA5
GO:0008233,SERPINA5
GO:0008233,SERPIND1
GO:0007010,CAPZA2
GO:0008154,CAPZA2
GO:0008290,CAPZA2
GO:0048487,CAPZA2
GO:0008154,TUBB6
GO:0008290,TUBB6
GO:0007010,PPP6R1
GO:0019903,PPP6R1
GO:0048487,PPP6R1
GO:0019903,TUBB6
GO:0032956,CORO1B
GO:2000145,CORO1B
GO:2000298,CORO1B
GO:0032956,ROCK2
GO:2000145,ROCK2
GO:2000298,ROCK2
GO:0008233,F10
GO:0006950,RHOA
GO:0042981,RHOA
GO:0062028,RHOA
GO:0006950,ROCK1
GO:0042981,ROCK1
GO:0062028,ROCK1
GO:0048487,TUBB2B
GO:0060623,TUBB2B
GO:0007596,F5
GO:0005886,F10
GO:0005886,F3
GO:0005886,F7
GO:0006457,TUBB2B
GO:0017022,TUBB2B
GO:0030165,TUBB2B
GO:0030274,TUBB2B
GO:0043014,TUBB2B
GO:0030971,GDF15
GO:0032095,GDF15
GO:0160144,GDF15
GO:0030971,GFRAL
GO:0032095,GFRAL
GO:0160144,GFRAL
GO:0002023,GDF15
GO:0002023,GFRAL
GO:0002023,RET
GO:0032095,RET
GO:0160144,RET
GO:0004114,PDE1B
GO:0048101,PDE1B
GO:0140761,PDE1B
GO:0006094,FOXO1
GO:0032868,FOXO1
GO:0042593,FOXO1
GO:0006094,PPARGC1A
GO:0032868,PPARGC1A
GO:0006111,NCOR1
GO:0010039,NCOR1
GO:0032922,NCOR1
GO:0042593,NCOR1
GO:0006111,NR1D1
GO:0010039,NR1D1
GO:0032922,NR1D1
GO:0042593,NR1D1
GO:0006094,ALDOB
GO:0006098,ALDOB
GO:0006099,ALDOB
GO:0042593,ALDOB
GO:0061621,ALDOB
GO:0006094,G6PD
GO:0006098,G6PD
GO:0006099,G6PD
GO:0042593,G6PD
GO:0061621,G6PD
GO:0006094,TP53
GO:0006098,TP53
GO:0006099,TP53
GO:0042593,TP53
GO:0061621,TP53
GO:0042593,ELAPOR1
GO:0044342,ELAPOR1
GO:0046627,ELAPOR1
GO:0072583,ELAPOR1
GO:0042593,IGF1R
GO:0044342,IGF1R
GO:0046627,IGF1R
GO:0072583,IGF1R
GO:0044342,INSR
GO:0046627,INSR
GO:0072583,INSR
GO:0004114,GSPT2
GO:0018444,GSPT2
GO:0048101,GSPT2
GO:0140761,GSPT2
GO:0018444,PDE1C
GO:0004713,INS
GO:0008286,INS
GO:0042593,INS
GO:0004713,INSR
GO:0001820,ADRA1B
GO:0007212,ADRA1B
GO:0030187,ADRA1B
GO:0042427,ADRA1B
GO:0042752,ADRA1B
GO:0001820,DRD4
GO:0007212,DRD4
GO:0030187,DRD4
GO:0042427,DRD4
GO:0042752,DRD4
GO:0071875,DRD4
GO:0001820,ADRB1
GO:0007212,ADRB1
GO:0030187,ADRB1
GO:0042427,ADRB1
GO:0042752,ADRB1
GO:0072659,ADRA1B
GO:0071875,EZR
GO:0072659,EZR
GO:0004114,NUFIP1
GO:0004114,PDE2A
GO:0006622,GDNF
GO:0030971,GDNF
GO:0031547,GDNF
GO:0006622,GFRA1
GO:0030971,GFRA1
GO:0031547,GFRA1
GO:0006622,SORL1
GO:0030971,SORL1
GO:0031547,SORL1
GO:0004114,AIP
GO:0017162,AIP
GO:0034751,AIP
GO:0051170,AIP
GO:0017162,PDE2A
GO:0034751,PDE2A
GO:0051170,PDE2A
GO:0006622,RET
GO:0031547,RET
GO:1990790,GRB2
GO:0043410,RET
GO:1990790,RET
GO:0043410,SHC1
GO:1990790,SHC1
GO:0030168,PDE3A
GO:0097009,PDE3A
GO:0030168,PDE3B
GO:0008283,ADRA1B
GO:0042310,ADRA1B
GO:0007186,EIF3F
GO:0008217,EIF3F
GO:0008283,EIF3F
GO:0042310,EIF3F
GO:0071875,EIF3F
GO:0043066,AIP
GO:0043066,RET
GO:0005096,ADRA1A
GO:0005886,ADRA1A
GO:0005096,RGS2
GO:0005886,RGS2
GO:0007186,RGS2
GO:0071875,RGS2
GO:0031623,ADRA1B
GO:0007186,AP2M1
GO:0031623,AP2M1
GO:0071875,AP2M1
GO:0005737,FDPS
GO:0006695,FDPS
GO:0033384,FDPS
GO:0045337,FDPS
GO:0007186,C1QBP
GO:0071875,C1QBP
GO:0004114,AIP
GO:0017162,AIP
GO:0034751,AIP
GO:0051170,AIP
GO:0004114,PDE3A
GO:0017162,PDE3A
GO:0034751,PDE3A
GO:0051170,PDE3A
GO:0006897,ADRA1B
GO:0007186,EEA1
GO:0031623,EEA1
GO:0071875,EEA1
GO:0007186,RAB5A
GO:0031623,RAB5A
GO:0071875,RAB5A
GO:0006897,RAB4A
GO:0007186,RAB4A
GO:0031623,RAB4A
GO:0071875,RAB4A
GO:0006897,RAB11A
GO:0007186,RAB11A
GO:0031623,RAB11A
GO:0071875,RAB11A
GO:0006897,RAB9A
GO:0007186,RAB9A
GO:0031623,RAB9A
GO:0071875,RAB9A
GO:0006897,RAB7A
GO:0007186,RAB7A
GO:0031623,RAB7A
GO:0071875,RAB7A
GO:0050776,FKBP1A
GO:0050776,GLMN
GO:0006874,ADRA1D
GO:0008217,ADRA1D
GO:0071882,ADRA1D
GO:0006874,SNTB1
GO:0007186,SNTB1
GO:0008217,SNTB1
GO:0071875,SNTB1
GO:0071882,SNTB1
GO:0006874,SNTB2
GO:0007186,SNTB2
GO:0008217,SNTB2
GO:0071875,SNTB2
GO:0071882,SNTB2
GO:0006874,ADRA1D
GO:0071882,ADRA1D
GO:0006874,SNTA1
GO:0007186,SNTA1
GO:0008217,SNTA1
GO:0071875,SNTA1
GO:0071882,SNTA1
GO:0006874,UTRN
GO:0007186,UTRN
GO:0008217,UTRN
GO:0071875,UTRN
GO:0071882,UTRN
GO:0004115,CACNA1C
GO:0005245,CACNA1C
GO:1990454,CACNA1C
GO:0005245,PDE8B
GO:1990454,PDE8B
GO:0005737,FKBP1A
GO:0006816,FKBP1A
GO:0005737,ITPR1
GO:0005737,PPP3CA
GO:0006816,PPP3CA
GO:0005737,PPP3R1
GO:0006816,PPP3R1
GO:0005737,RYR1
GO:0004713,GDNF
GO:0007399,GDNF
GO:0035860,GDNF
GO:0038023,GDNF
GO:0004713,GFRA1
GO:0007399,GFRA1
GO:0035860,GFRA1
GO:0038023,GFRA1
GO:0004713,RET
GO:0035860,RET
GO:0038023,RET
GO:0004713,GFRA2
GO:0007399,GFRA2
GO:0016167,GFRA2
GO:0038023,GFRA2
GO:0004713,NRTN
GO:0007399,NRTN
GO:0016167,NRTN
GO:0038023,NRTN
GO:0016167,RET
NA,FKBP1A
NA,MTOR
GO:0006936,FKBP1A
GO:0006816,RYR1
GO:0006936,RYR1
GO:0006816,RYR3
GO:0032925,ACVR1B
GO:0032925,FKBP1A
GO:0032925,SMAD7
GO:0032925,SMURF1
GO:0051018,AKAP12
GO:0051018,PDE8A
GO:0016167,ARTN
GO:0038023,ARTN
GO:0016167,GFRA3
GO:0038023,GFRA3
GO:0004115,AKAP12
GO:0051018,AKAP12
GO:0004115,PDE8A
GO:0051018,PDE8A
GO:0004713,GFRA4
GO:0007399,GFRA4
GO:0016167,GFRA4
GO:0038023,GFRA4
GO:0004713,PSPN
GO:0007399,PSPN
GO:0016167,PSPN
GO:0038023,PSPN
GO:0070098,ADRA1D
GO:0005025,FKBP1A
GO:0005025,TGFBR1
GO:0007186,CTNNAL1
GO:0008217,CTNNAL1
GO:0071875,CTNNAL1
GO:0007186,SNTA1
GO:0008217,SNTA1
GO:0071875,SNTA1
GO:0004691,PDE8A
GO:0034237,PDE8A
GO:0004115,PRKAR1A
GO:0004691,PRKAR1A
GO:0034237,PRKAR1A
GO:0018344,FNTA
GO:0018344,PGGT1B
GO:0007186,ADRA2A
GO:0048243,ADRA2A
GO:0071875,ADRA2A
GO:0007186,ADRA2C
GO:0048243,ADRA2C
GO:0071875,ADRA2C
GO:0005886,FOLH1
GO:0006508,FOLH1
GO:0035609,FOLH1
GO:0007186,ADRA2B
GO:0070372,ADRA2B
GO:0071875,ADRA2B
GO:0008508,SLC10A1
GO:0015721,SLC10A1
GO:0038183,SLC10A1
GO:0120188,SLC10A1
GO:0007186,ADRA2A
GO:0008217,ADRA2A
GO:0038003,ADRA2A
GO:0071875,ADRA2A
GO:0008217,OPRM1
GO:0071875,OPRM1
GO:0008508,SLC10A4
GO:0015721,SLC10A4
GO:0038183,SLC10A4
GO:0120188,SLC10A4
GO:0008508,SLC10A6
GO:0015721,SLC10A6
GO:0038183,SLC10A6
GO:0120188,SLC10A6
GO:0031175,ADRA2A
GO:0038003,ADRA2A
GO:0031175,OPRD1
GO:0071875,OPRD1
GO:0008508,SLC10A2
GO:0015721,SLC10A2
GO:0006164,GART
GO:0030073,ADRA2A
GO:0042593,ADRA2A
GO:0007186,TAAR1
GO:0030073,TAAR1
GO:0042593,TAAR1
GO:0071875,TAAR1
GO:0001594,TAAR1
GO:0043408,MAP2K1
GO:0043001,ADRA2B
GO:0007186,RAB26
GO:0043001,RAB26
GO:0071875,RAB26
GO:0019233,ADRA2A
GO:0031623,ADRA2A
GO:0007186,APP
GO:0008217,APP
GO:0019233,APP
GO:0031623,APP
GO:0071875,APP
GO:0007186,PPP1R9B
GO:0071875,PPP1R9B
GO:0007041,GBA1
GO:0046513,GBA1
GO:0007041,IGF2R
GO:0046513,IGF2R
GO:0007041,SCARB2
GO:0046513,SCARB2
GO:0006665,GBA1
GO:0016020,GBA1
GO:0006665,PSAP
GO:0016020,PSAP
GO:0046513,PSAP
GO:0005764,GBA1
GO:0005764,GRN
GO:0046513,GRN
GO:0006950,GBA1
GO:0006950,GRN
GO:0006950,HSPA1A
GO:0006950,SCARB2
GO:0005802,GBA1
GO:0006678,GBA1
GO:0006686,GBA1
GO:0005802,SGMS1
GO:0006678,SGMS1
GO:0006686,SGMS1
GO:0004557,GLA
GO:0004674,HRAS
GO:0043408,HRAS
GO:0004674,MAP2K1
GO:0043408,MAP2K1
GO:0004674,RAF1
GO:0043408,RAF1
GO:0005739,GSR
GO:0006749,GSR
GO:0034599,GSR
GO:0045454,GSR
GO:0004674,PAK1
GO:0043408,PAK1
GO:0005829,ARAF
GO:0010468,ARAF
GO:0042127,ARAF
GO:0005829,MITF
GO:0010468,MITF
GO:0042127,MITF
GO:0005829,BRAF
GO:0010468,BRAF
GO:0005829,RAF1
GO:0010468,RAF1
GO:0008217,ADRA2A
GO:0008217,ADRB1
GO:0001659,ADRA2A
GO:0031623,ADRA2A
GO:0045761,ADRA2A
GO:0001659,APLP1
GO:0007186,APLP1
GO:0008217,APLP1
GO:0031623,APLP1
GO:0045761,APLP1
GO:0071875,APLP1
GO:0001659,ADRA2B
GO:0008217,ADRA2B
GO:0045761,ADRA2B
GO:0001659,ADRA2C
GO:0008217,ADRA2C
GO:0045761,ADRA2C
GO:0031623,SSTR1
GO:0031623,SSTR5
GO:0005886,CD247
GO:0050852,CD247
GO:0050852,CD3D
GO:0050852,CD3E
GO:0050852,CD3G
GO:0050852,TRA
GO:0050852,TRB
GO:0002090,SSTR2
GO:0007186,SSTR2
GO:0007194,SSTR2
GO:0038169,SSTR2
GO:0002090,SSTR3
GO:0007186,SSTR3
GO:0007194,SSTR3
GO:0038169,SSTR3
GO:0008511,SLC12A2
GO:0034220,SLC12A2
GO:0035725,SLC12A2
GO:1902476,SLC12A2
GO:1990573,SLC12A2
GO:0002090,OPRM1
GO:0038169,OPRM1
GO:0038003,SSTR2
GO:0002090,OPRD1
GO:0045761,OPRD1
GO:0072659,ADRA2B
GO:0007186,RAB8A
GO:0071875,RAB8A
GO:0072659,RAB8A
GO:0072659,ADRB2
GO:0070372,ADRA2B
GO:0007186,ARF1
GO:0070372,ARF1
GO:0071875,ARF1
GO:0019722,ADRA2B
GO:0007186,PPP1R9B
GO:0019722,PPP1R9B
GO:0071875,PPP1R9B
GO:0008511,SLC12A1
GO:0034220,SLC12A1
GO:0035725,SLC12A1
GO:1902476,SLC12A1
GO:1990573,SLC12A1
GO:0006886,ADRA2B
GO:0006886,GGA1
GO:0007186,GGA1
GO:0071875,GGA1
GO:0006886,GGA2
GO:0007186,GGA2
GO:0071875,GGA2
GO:0008511,SLC12A3
GO:0034220,SLC12A3
GO:0035725,SLC12A3
GO:1902476,SLC12A3
GO:1990573,SLC12A3
GO:0006886,GGA3
GO:0007186,GGA3
GO:0071875,GGA3
GO:0006886,ADRA2A
GO:0006886,ODR4
GO:0007186,ODR4
GO:0071875,ODR4
GO:0006886,ADRA2C
GO:0006886,HSP90AB1
GO:0007186,HSP90AB1
GO:0071875,HSP90AB1
GO:0006820,SLC22A6
GO:0008514,SLC22A6
GO:0015347,SLC22A6
GO:0015711,SLC22A6
GO:0006820,SLC22A8
GO:0008514,SLC22A8
GO:0015347,SLC22A8
GO:0015711,SLC22A8
GO:0006956,C3
GO:0006956,CFB
GO:0006956,CFP
GO:0097110,PDE4D
GO:0004115,RACK1
GO:0019933,RACK1
GO:0004115,PDE4D
GO:0097110,PDE4D
GO:0004115,RACK1
GO:0019933,RACK1
GO:0097110,RACK1
GO:0016020,ADRA2C
GO:0031623,ADRA2C
GO:0070371,ADRA2C
GO:0006886,ADRB2
GO:0016020,ADRB2
GO:0038085,FLT1
GO:0045765,FLT1
GO:2001212,FLT1
GO:0045765,KDR
GO:2001212,KDR
GO:0032892,PDZK1
GO:0044070,PDZK1
GO:0032892,SLC22A12
GO:0044070,SLC22A12
GO:0005789,HMGCR
GO:0006695,HMGCR
GO:0008299,HMGCR
GO:0032892,SLC22A11
GO:0044070,SLC22A11
GO:0035924,SHC2
GO:0048010,SHC2
GO:0017154,KDR
GO:0031175,KDR
GO:0061564,KDR
GO:0017154,NRP1
GO:0061564,NRP1
GO:0017154,PLXND1
GO:0031175,PLXND1
GO:0048010,PLXND1
GO:0061564,PLXND1
GO:0005337,SLC29A1
GO:0015211,SLC29A1
GO:0015389,SLC29A1
GO:0015858,SLC29A1
GO:1901642,SLC29A1
GO:0004714,KDR
GO:0032308,KDR
GO:0051770,KDR
GO:0004714,SRC
GO:0032308,SRC
GO:0035924,SRC
GO:0038084,SRC
GO:0038085,SRC
GO:0045765,SRC
GO:0048010,SRC
GO:0051770,SRC
GO:0004703,ADRB1
GO:0031623,ADRB1
GO:0008217,GRK2
GO:0031623,GRK2
GO:0071875,GRK2
GO:0019933,ADRB1
GO:0071880,ADRB1
GO:0007186,RAPGEF2
GO:0019933,RAPGEF2
GO:0071875,RAPGEF2
GO:0071880,RAPGEF2
GO:0032239,SLC29A1
GO:0032242,SLC29A1
GO:0032239,SLC29A2
GO:0032242,SLC29A2
GO:0007613,ADRB1
GO:0008016,ADRB1
GO:0048167,ADRB1
GO:0051668,ADRB1
GO:2000009,ADRB1
GO:0007186,GOPC
GO:0007613,GOPC
GO:0008016,GOPC
GO:0048167,GOPC
GO:0051668,GOPC
GO:0071875,GOPC
GO:2000009,GOPC
GO:0015185,SLC6A1
GO:0051936,SLC6A1
GO:0051939,SLC6A1
GO:0008504,SLC6A2
GO:0015874,SLC6A2
GO:0051620,SLC6A2
GO:0005326,SLC6A4
GO:0005335,SLC6A4
GO:0008504,SLC6A4
GO:0015844,SLC6A4
GO:0090181,HMGCR
GO:0005789,INSIG1
GO:0090181,INSIG1
GO:0038085,FLT1
GO:0038084,PTK7
GO:0038085,PTK7
GO:0045765,PTK7
GO:0048010,PTK7
GO:0038084,ECSCR
GO:0038085,ECSCR
GO:0045765,ECSCR
GO:0048010,ECSCR
GO:0006281,HDAC10
GO:0006298,HDAC10
GO:0004407,MSH2
GO:0004402,FOXP3
GO:0004407,FOXP3
GO:0017053,FOXP3
GO:0035035,FOXP3
GO:0042826,FOXP3
GO:0045066,FOXP3
GO:0004402,HDAC7
GO:0017053,HDAC7
GO:0035035,HDAC7
GO:0045066,HDAC7
GO:0004407,KAT5
GO:0017053,KAT5
GO:0035035,KAT5
GO:0042826,KAT5
GO:0045066,KAT5
GO:0006559,HPD
GO:0006572,HPD
GO:0004402,HDAC9
GO:0017053,HDAC9
GO:0035035,HDAC9
GO:0045066,HDAC9
GO:0001570,ANG
GO:0004540,ANG
GO:0048487,ANG
GO:0001570,TUBB8
GO:0004540,TUBB8
GO:0048487,TUBB8
GO:0001570,TUBB3
GO:0004540,TUBB3
GO:0048487,TUBB3
GO:0001570,TUBB
GO:0004540,TUBB
GO:0048487,TUBB
GO:0070372,ADRB1
GO:0070372,ADRB2
GO:0001570,TUBB6
GO:0004540,TUBB6
GO:0001570,TUBB4B
GO:0004540,TUBB4B
GO:0007186,CCKBR
GO:0038188,CCKBR
GO:0007186,CCKAR
GO:0038188,CCKAR
GO:0008202,HSD11B1
GO:0016020,HSD11B1
GO:0038009,ADRB1
GO:0007186,MAGI2
GO:0038009,MAGI2
GO:0048167,MAGI2
GO:0071875,MAGI2
GO:0070372,GIPC1
GO:0071875,GIPC1
GO:0072659,ADRB1
GO:0007186,GOLGA3
GO:0071875,GOLGA3
GO:0072659,GOLGA3
GO:0048487,TRAF3IP1
GO:0007165,TUBB
GO:0019973,TUBB
GO:0007165,TUBB2A
GO:0019973,TUBB2A
GO:0007165,TUBB2B
GO:0019973,TUBB2B
GO:0002031,ADRB1
GO:0106070,ADRB1
GO:0002031,SH3GL2
GO:0007186,SH3GL2
GO:0071875,SH3GL2
GO:0106070,SH3GL2
GO:0099622,ADRB1
GO:1901379,ADRB1
GO:0007186,YWHAE
GO:0071875,YWHAE
GO:0099622,YWHAE
GO:1901379,YWHAE
GO:0099622,KCNH2
GO:0071805,YWHAE
GO:0007186,PDE4D
GO:0071875,PDE4D
GO:0007186,ADRB3
GO:0071875,ADRB3
GO:0097009,ADRB3
GO:1990845,ADRB3
GO:0007186,ARRDC3
GO:0071875,ARRDC3
GO:0097009,ARRDC3
GO:1990845,ARRDC3
GO:0097009,ADRB2
GO:1990845,ADRB2
GO:0007186,ARRDC4
GO:0071875,ARRDC4
GO:0042803,GRIK1
GO:0006811,SLC9A3
GO:0015385,SLC9A3
GO:0015386,SLC9A3
GO:0071805,SLC9A3
GO:0032415,CHP1
GO:0032415,SLC9A3
GO:2000649,NEDD4
GO:2000649,SCN3A
GO:0002028,SCN1B
GO:0017080,SCN1B
GO:0035725,SCN1B
GO:0002028,SCN3A
GO:0017080,SCN3A
GO:0035725,SCN3A
GO:0005248,SCN3A
GO:0002028,SCN3B
GO:0005248,SCN3B
GO:0017080,SCN3B
GO:0035725,SCN3B
GO:0002028,SCN1B
GO:0005248,SCN1B
GO:0017080,SCN1B
GO:0035725,SCN1B
GO:0002028,SCN4A
GO:0005248,SCN4A
GO:0017080,SCN4A
GO:0035725,SCN4A
GO:0005248,SCN5A
GO:0035725,SCN5A
GO:1902305,SCN5A
GO:0002028,SCN3B
GO:0017080,SCN3B
GO:0035725,SCN3B
GO:0002028,SCN7A
GO:0017080,SCN7A
GO:0035725,SCN7A
GO:0002028,FGF13
GO:0017080,FGF13
GO:0002028,SCN8A
GO:0017080,SCN8A
GO:0005248,SCN1B
GO:0002028,SCN8A
GO:0005248,SCN8A
GO:0017080,SCN8A
GO:0035725,SCN8A
GO:0051567,DNMT1
GO:0051567,EHMT2
GO:0006260,HDAC1
GO:0051567,HDAC1
GO:0005634,UHRF1
GO:0006260,UHRF1
GO:0051567,UHRF1
GO:0002028,SCN2A
GO:0005248,SCN2A
GO:0017080,SCN2A
GO:0035725,SCN2A
GO:0006306,DNMT3A
GO:0009008,DNMT3A
GO:0046983,DNMT3A
GO:0140020,DNMT3A
GO:0009008,DNMT3L
GO:0046983,DNMT3L
GO:0140020,DNMT3L
GO:0002028,SCN2B
GO:0005248,SCN2B
GO:0017080,SCN2B
GO:0002028,SCN9A
GO:0005248,SCN9A
GO:0017080,SCN9A
GO:0035725,SCN9A
GO:0005219,RYR2
GO:0006816,RYR2
GO:0006874,RYR2
GO:0019722,RYR2
GO:0005219,RYR3
GO:0006874,RYR3
GO:0070588,RYR3
GO:0001614,P2RX3
GO:0004931,P2RX3
GO:0070588,P2RX3
GO:0001614,P2RX2
GO:0004931,P2RX2
GO:0070588,P2RX2
GO:0001614,P2RX3
GO:0004931,P2RX3
GO:0070588,P2RX3
GO:0007186,ADRB3
GO:0070371,ADRB3
GO:0071875,ADRB3
GO:0071875,SRC
GO:0016042,ADRB3
GO:0060085,ADRB3
GO:0016042,GNAS
GO:0060085,GNAS
GO:0017080,ATP1A3
GO:1902305,ATP1A3
GO:0017080,ATP1B1
GO:1902305,ATP1B1
GO:0017080,FXYD6
GO:1902305,FXYD6
GO:0007283,ATP1A4
GO:0030317,ATP1A4
GO:0035725,ATP1A4
GO:0007283,ATP1B1
GO:0030317,ATP1B1
GO:0035725,ATP1B1
GO:0006886,CNIH4
GO:0007186,CNIH4
GO:0071875,CNIH4
GO:0006886,CCR5
GO:0070098,CNIH4
GO:0006886,PTAFR
GO:0007186,PTAFR
GO:0006886,CXCR4
GO:0006886,AVPR2
GO:0007283,ATP1B3
GO:0030317,ATP1B3
GO:0035725,ATP1B3
GO:0006886,CALCRL
GO:0007214,CNIH4
GO:0006886,GABBR1
GO:0001881,ADRB2
GO:0016579,ADRB2
GO:0001881,USP20
GO:0007186,USP20
GO:0016579,USP20
GO:0071875,USP20
GO:0001881,USP33
GO:0007186,USP33
GO:0016579,USP33
GO:0071875,USP33
GO:0006897,ADRB2
GO:0016567,ADRB2
GO:1905167,ADRB2
GO:0006897,MARCHF2
GO:0007186,MARCHF2
GO:0016567,MARCHF2
GO:0031623,MARCHF2
GO:0071875,MARCHF2
GO:1905167,MARCHF2
GO:0071805,ADRB2
GO:1990573,ADRB2
GO:0007186,KCNJ3
GO:0071805,KCNJ3
GO:0071875,KCNJ3
GO:1990573,KCNJ3
GO:0007186,KCNJ6
GO:0071805,KCNJ6
GO:0071875,KCNJ6
GO:1990573,KCNJ6
GO:0007186,KCNJ5
GO:0071805,KCNJ5
GO:0071875,KCNJ5
GO:1990573,KCNJ5
GO:0071805,DRD2
GO:1990573,DRD2
GO:0007212,KCNJ6
GO:0038160,ADRB2
GO:0070098,ADRB2
GO:0070371,ADRB2
GO:0007186,CXCR4
GO:0038160,CXCR4
GO:0055074,CXCR4
GO:0060048,CXCR4
GO:0070098,CXCR4
GO:0070371,CXCR4
GO:0071875,CXCR4
GO:0001895,ATP1A3
GO:0007601,ATP1A3
GO:0045494,ATP1A3
GO:0060342,ATP1A3
GO:0001895,ATP1B2
GO:0007601,ATP1B2
GO:0045494,ATP1B2
GO:0060342,ATP1B2
GO:0001895,RS1
GO:0045494,RS1
GO:0060342,RS1
GO:0001895,SARM1
GO:0007601,SARM1
GO:0045494,SARM1
GO:0060342,SARM1
GO:0045761,ADRB2
GO:0005886,EIF2S2
GO:0007186,EIF2S2
GO:0045761,EIF2S2
GO:0071875,EIF2S2
GO:0050848,CACNA1C
GO:0050848,CALM2
GO:0002003,ACE2
GO:0003081,ACE2
GO:0007186,ACE2
GO:0008217,ACE2
GO:0031623,ACE2
GO:0038166,ACE2
GO:0002003,AGTR1
GO:0003081,AGTR1
GO:0031623,AGTR1
GO:0046425,AGTR1
GO:0007186,TYK2
GO:0038166,TYK2
GO:0046425,TYK2
GO:0030036,AGTR1
GO:0007186,FLNA
GO:0030036,FLNA
GO:0038166,FLNA
GO:0035377,AGTR1
GO:0007186,AQP1
GO:0008217,AQP1
GO:0035377,AQP1
GO:0038166,AQP1
GO:0006886,AGTR1
GO:0009992,AGTR1
GO:0010498,AGTR1
GO:0006886,CD74
GO:0007186,CD74
GO:0008217,CD74
GO:0009992,CD74
GO:0010498,CD74
GO:0038166,CD74
GO:0007186,UTS2R
GO:0008217,UTS2R
GO:0038166,UTS2R
GO:1901379,CALM3
GO:1901379,KCNQ2
GO:1901379,CALM2
GO:0007186,AGTR2
GO:0031547,AGTR2
GO:0038166,AGTR2
GO:0007186,NTRK2
GO:0038166,NTRK2
GO:0071875,AGTR1
GO:0095500,CHRNA1
GO:0095500,CHRNA7
GO:0095500,CHRNB1
GO:0095500,CHRND
GO:0095500,CHRNE
GO:0071379,AGTR1
GO:0007186,PTGFR
GO:0008217,PTGFR
GO:0038166,PTGFR
GO:0071379,PTGFR
GO:0007186,AGTRAP
GO:0038166,AGTRAP
GO:0001881,AGTR1
GO:0006508,AGTR1
GO:0001881,THOP1
GO:0006508,THOP1
GO:0007186,THOP1
GO:0038166,THOP1
GO:0001881,BDKRB2
GO:0006508,BDKRB2
GO:0006886,AGTR1
GO:0006906,AGTR1
GO:0016192,AGTR1
GO:0031623,AGTR1
GO:0006886,RAB5A
GO:0006906,RAB5A
GO:0007186,RAB5A
GO:0016192,RAB5A
GO:0031623,RAB5A
GO:0038166,RAB5A
GO:0006886,CAV3
GO:0038166,CAV3
GO:0006886,ARRB1
GO:0031623,ARRB1
GO:0038166,ARRB1
GO:0005737,ABL1
GO:0042098,ABL1
GO:0004713,BCR
GO:0005737,BCR
GO:0042098,BCR
GO:1990782,BCR
GO:0004713,SHC1
GO:0042098,SHC1
GO:1990782,SHC1
GO:1901201,FLT1
GO:0007169,VEGFB
GO:0048010,VEGFB
GO:1901201,VEGFB
GO:0001946,KDR
GO:0048010,VEGFC
GO:0038084,FLT4
GO:0030334,VEGFC
GO:0005412,HSPA1A
GO:0035623,HSPA1A
GO:0005412,SLC5A1
GO:0035623,SLC5A1
GO:0008285,AGTR2
GO:0070373,AGTR2
GO:0007186,MTUS1
GO:0008285,MTUS1
GO:0038166,MTUS1
GO:0070373,MTUS1
GO:0010827,EGFR
GO:0055056,EGFR
GO:0010827,SLC5A1
GO:0055056,SLC5A1
GO:0008217,AGTR2
GO:0045428,AGTR2
GO:0007186,BDKRB2
GO:0008217,BDKRB2
GO:0038166,BDKRB2
GO:0045428,BDKRB2
GO:0005412,PDZK1IP1
GO:0035623,PDZK1IP1
GO:0005412,SLC5A2
GO:0035623,SLC5A2
GO:0005643,ABL1
GO:0004713,NUP155
GO:0005643,NUP155
GO:0042098,NUP155
GO:1990782,NUP155
GO:0004713,NUP214
GO:0005643,NUP214
GO:0042098,NUP214
GO:1990782,NUP214
GO:0007212,AGTR2
GO:0035810,AGTR2
GO:0035812,AGTR2
GO:0070371,AGTR2
GO:0008217,DRD3
GO:0035810,DRD3
GO:0035812,DRD3
GO:0038166,DRD3
GO:0070371,DRD3
GO:0004713,SMC4
GO:0005643,SMC4
GO:0042098,SMC4
GO:1990782,SMC4
GO:0004713,MAD2L1
GO:0005643,MAD2L1
GO:0042098,MAD2L1
GO:1990782,MAD2L1
GO:0007212,AGTR2
GO:0038166,DRD1
GO:0001946,VEGFD
GO:0048010,VEGFD
GO:0005634,ABL1
GO:0005634,NUP214
GO:0004713,STAT1
GO:0005643,STAT1
GO:0042098,STAT1
GO:1990782,STAT1
GO:0005737,GRB2
GO:0042098,GRB2
GO:0004713,CBL
GO:0042098,CBL
GO:1990782,CBL
GO:0003779,ABL1
GO:0016477,ABL1
GO:0003779,CFL1
GO:0016477,CFL1
GO:1990782,CFL1
GO:0051493,ABL1
GO:0003779,ARHGDIB
GO:0051493,ARHGDIB
GO:1990782,ARHGDIB
GO:0005523,ABL1
GO:0003779,TPM3
GO:0005523,TPM3
GO:0051493,TPM3
GO:1990782,TPM3
GO:0051493,PREX2
GO:1990782,PREX2
GO:0032308,FLT1
GO:0050727,FLT1
GO:0050727,KDR
GO:0032308,VEGFA
GO:0050727,VEGFA
GO:0031434,ABL1
GO:0031434,BCR
GO:0004713,MAP2K1
GO:1990782,MAP2K1
GO:0004713,MAP2K2
GO:1990782,MAP2K2
GO:0001525,FLT1
GO:0001525,KDR
GO:0007169,KDR
GO:0038084,KDR
GO:0001525,PGF
GO:0007169,PGF
GO:0038084,PGF
GO:0048010,PGF
GO:0001525,PGF
GO:0038084,PGF
GO:0001525,VEGFA
GO:0038084,VEGFA
GO:0005172,PGF
GO:0045765,PGF
GO:0005172,VEGFA
GO:0045765,VEGFA
GO:0015269,KCNK18
GO:0022841,KCNK18
GO:0071805,KCNK18
GO:1901379,KCNK18
GO:1901379,YWHAH
GO:0015269,CALM
GO:0033173,CALM
GO:0033192,CALM
GO:0033173,KCNK18
GO:0033192,KCNK18
GO:0015269,PPP3CA
GO:0033173,PPP3CA
GO:0033192,PPP3CA
GO:0031434,BCR/ABL FUSION
GO:0022841,KCNK10
GO:0038084,DNM2
GO:0045765,DNM2
GO:0048010,DNM2
GO:0007169,SH2D2A
GO:0035924,SH2D2A
GO:0038084,SH2D2A
GO:0045765,SH2D2A
GO:0048010,SH2D2A
GO:0005833,HBA1
GO:0015670,HBA1
GO:0015671,HBA1
GO:0005833,HBB
GO:0015670,HBB
GO:0015671,HBB
GO:0030334,FLT1
GO:0030334,RACK1
GO:0038084,RACK1
GO:0048010,RACK1
GO:0038084,MMP14
GO:0045765,MMP14
GO:0048010,MMP14
GO:0035924,FLT1
GO:0001525,FYN
GO:0007169,FYN
GO:0035924,FYN
GO:0038084,FYN
GO:0038085,FYN
GO:0048010,FYN
GO:0005833,HBE1
GO:0015670,HBE1
GO:0015671,HBE1
GO:0005833,HBG1
GO:0015670,HBG1
GO:0015671,HBG1
GO:0005833,HBG2
GO:0015670,HBG2
GO:0015671,HBG2
GO:0001525,YES1
GO:0007169,YES1
GO:0035924,YES1
GO:0038084,YES1
GO:0038085,YES1
GO:0048010,YES1
GO:0010594,KDR
GO:0060627,KDR
GO:0010594,NRP1
GO:0060627,NRP1
GO:0001525,RFTN1
GO:0010594,RFTN1
GO:0038084,RFTN1
GO:0048010,RFTN1
GO:0060627,RFTN1
GO:0010594,VEGFA
GO:0060627,VEGFA
GO:0035924,NRP1
GO:0045765,NRP1
GO:0035924,RFTN1
GO:0045765,RFTN1
GO:0000165,KSR2
GO:0031434,KSR2
GO:0015670,HBD
GO:0015671,HBD
GO:0005254,GABRA5
GO:0030594,GABRA5
GO:0005254,GABRB3
GO:0030594,GABRB3
GO:0004890,GABRP
GO:0005254,GABRP
GO:0030594,GABRP
GO:0004890,GABRG3
GO:0005254,GABRG3
GO:0030594,GABRG3
GO:0004890,GABRA3
GO:0007214,GABRA3
GO:1902476,GABRA3
GO:0004890,GABRB1
GO:0007214,GABRB1
GO:1902476,GABRB1
GO:0004890,GABRE
GO:0007214,GABRE
GO:1902476,GABRE
GO:0070848,FLT1
GO:1900746,FLT1
GO:0070848,PGF
GO:1900746,PGF
GO:0016525,AGTR2
GO:0007186,TIMP3
GO:0016525,TIMP3
GO:0004890,GABRA6
GO:0005254,GABRA6
GO:0007214,GABRA6
GO:0051932,GABRA6
GO:0007214,GABRB3
GO:0051932,GABRB3
GO:0005254,GABRD
GO:0007214,GABRD
GO:0051932,GABRD
GO:0017015,AGTR2
GO:0030198,AGTR2
GO:0017015,RXFP1
GO:0030198,RXFP1
GO:0038166,RXFP1
GO:0008016,APLNR
GO:0038003,APLNR
GO:0008016,OPRK1
GO:0008217,OPRK1
GO:0060183,OPRK1
GO:0006171,APLNR
GO:0007186,APLNR
GO:0008217,APLNR
GO:0038003,APLNR
GO:0060183,APLNR
GO:0006171,OPRL1
GO:0008217,OPRL1
GO:0060183,OPRL1
GO:0001817,ADIPOR1
GO:0007186,ADIPOR1
GO:0033211,ADIPOR1
GO:0038166,ADIPOR1
GO:0042981,ADIPOR1
GO:0001817,AGTR1
GO:0033211,AGTR1
GO:0042981,AGTR1
GO:0007169,FGFR1
GO:0035924,FGFR1
GO:0038084,FGFR1
GO:0045765,FGFR1
GO:0007169,FGFR1
GO:0035924,FGFR1
GO:0038084,FGFR1
GO:0045765,FGFR1
GO:0048010,FGFR1
GO:0070269,APLNR
GO:0090140,APLNR
GO:0007186,ZBP1
GO:0060183,ZBP1
GO:0070269,ZBP1
GO:0090140,ZBP1
GO:0035924,VEGFB
GO:0045765,VEGFB
GO:0008283,APLNR
GO:0070372,APLNR
GO:0060183,BDKRB2
GO:0031623,APLNR
GO:0031623,HCRTR1
GO:0060183,HCRTR1
GO:0016492,APLNR
GO:0055074,APLNR
GO:0008283,NTSR1
GO:0055074,NTSR1
GO:0060183,NTSR1
GO:0070528,APLNR
GO:0007186,BDKRB1
GO:0008283,BDKRB1
GO:0055074,BDKRB1
GO:0060183,BDKRB1
GO:0070528,BDKRB1
GO:0038188,HCRTR1
GO:0004890,GABRQ
GO:0007214,GABRQ
GO:1902476,GABRQ
GO:0007169,ITGA5
GO:0033623,ITGA5
GO:0035924,ITGA5
GO:0038084,ITGA5
GO:0045765,ITGA5
GO:0048010,ITGA5
GO:0007169,ITGB3
GO:0033623,ITGB3
GO:0035924,ITGB3
GO:0038084,ITGB3
GO:0045765,ITGB3
GO:0048010,ITGB3
GO:0033623,KDR
GO:0033623,VEGFA
GO:0035924,VEGFA
GO:0005980,AVPR1A
GO:0008217,AVPR1A
GO:0042310,AVPR1A
GO:0042593,AVPR1A
GO:0007186,AVPR1B
GO:0043435,AVPR1B
GO:0050432,AVPR1B
GO:0050432,CRHR1
GO:0007189,CRHR1
GO:0007200,AVPR1B
GO:0051459,AVPR1B
GO:0007189,ARRB2
GO:0038003,ARRB2
GO:0070372,ARRB2
GO:0007186,AVPR1B
GO:0007189,AVPR1B
GO:0038003,AVPR1B
GO:0070372,AVPR1B
GO:0007189,OPRM1
GO:0070372,OPRM1
GO:0070295,AVPR2
GO:0006936,CHRNA1
GO:0022848,CHRNA1
GO:0042166,CHRNA1
GO:0050881,CHRNA1
GO:0006936,CHRNB1
GO:0022848,CHRNB1
GO:0042166,CHRNB1
GO:0050881,CHRNB1
GO:0006936,CHRND
GO:0022848,CHRND
GO:0042166,CHRND
GO:0050881,CHRND
GO:0006936,CHRNG
GO:0022848,CHRNG
GO:0042166,CHRNG
GO:0050881,CHRNG
GO:0095500,CHRNG
GO:0006936,CHRNE
GO:0022848,CHRNE
GO:0042166,CHRNE
GO:0050881,CHRNE
GO:0007200,BDKRB2
GO:0055074,BDKRB2
GO:0007200,P2RY2
GO:0055074,P2RY2
GO:0010737,BDKRB2
GO:0008283,OPRK1
GO:0010737,OPRK1
GO:0030334,ITGB1
GO:0035924,ITGB1
GO:0038084,ITGB1
GO:0048010,ITGB1
GO:0007169,KCNH2
GO:0030334,KCNH2
GO:0035924,KCNH2
GO:0038084,KCNH2
GO:0045765,KCNH2
GO:0048010,KCNH2
GO:0007212,BDKRB2
GO:0045428,BDKRB2
GO:0140582,BDKRB2
GO:0007200,DRD2
GO:0045428,DRD2
GO:0055074,DRD2
GO:0140582,DRD2
GO:0070371,BDKRB2
GO:0007186,TBXA2R
GO:0008217,TBXA2R
GO:0070371,TBXA2R
GO:0002883,CACNA2D1
GO:0035255,CACNA2D1
GO:0051930,CACNA2D1
GO:0099177,CACNA2D1
GO:0002883,GRIN1
GO:0035255,GRIN1
GO:0051930,GRIN1
GO:0099177,GRIN1
GO:0070555,FLT4
GO:0007169,IL1B
GO:0030334,IL1B
GO:0048010,IL1B
GO:0032431,BDKRB2
GO:0042311,BDKRB2
GO:0043405,BDKRB2
GO:0003081,ACE
GO:0007186,ACE
GO:0008217,ACE
GO:0003081,BDKRB2
GO:0030553,PDE2A
GO:0042803,PDE2A
GO:0016525,CD36
GO:0030334,CD36
GO:0035924,CD36
GO:0038084,CD36
GO:0038085,CD36
GO:0048010,CD36
GO:0070053,CD36
GO:0016525,KDR
GO:0030334,KDR
GO:0070053,KDR
GO:0016525,PTPN6
GO:0030334,PTPN6
GO:0035924,PTPN6
GO:0038084,PTPN6
GO:0038085,PTPN6
GO:0048010,PTPN6
GO:0070053,PTPN6
GO:0016525,THBS1
GO:0030334,THBS1
GO:0035924,THBS1
GO:0038084,THBS1
GO:0038085,THBS1
GO:0048010,THBS1
GO:0070053,THBS1
GO:0002254,BDKRB1
GO:0006954,BDKRB1
GO:0008217,BDKRB1
GO:0031623,BDKRB1
GO:0002254,BDKRB2
GO:0006954,BDKRB2
GO:0031623,BDKRB2
GO:0006954,CPM
GO:0007186,CPM
GO:0007169,PTPN6
GO:0045765,PTPN6
GO:0002031,ARRB1
GO:0038178,ARRB1
GO:0072583,ARRB1
GO:0002031,C5AR1
GO:0007186,C5AR1
GO:0038178,C5AR1
GO:0072583,C5AR1
GO:0002031,ARRB2
GO:0038178,ARRB2
GO:0072583,ARRB2
GO:0004104,ACHE
GO:0001618,C5AR1
GO:0070098,C5AR1
GO:0001618,CCR5
GO:0038178,CCR5
GO:0006954,C5AR1
GO:0045087,C5AR1
GO:0006954,C5AR2
GO:0007186,C5AR2
GO:0038178,C5AR2
GO:0045087,C5AR2
GO:0007186,DAB2
GO:0030334,DAB2
GO:0030947,DAB2
GO:0035924,DAB2
GO:0038085,DAB2
GO:0045765,DAB2
GO:0007186,EFNB2
GO:0030334,EFNB2
GO:0030947,EFNB2
GO:0035924,EFNB2
GO:0038085,EFNB2
GO:0045765,EFNB2
GO:0007186,F2RL2
GO:0030334,F2RL2
GO:0030947,F2RL2
GO:0035924,F2RL2
GO:0038085,F2RL2
GO:0045765,F2RL2
GO:0030334,GNAI1
GO:0030947,GNAI1
GO:0035924,GNAI1
GO:0038085,GNAI1
GO:0045765,GNAI1
GO:0007186,GNAI3
GO:0030334,GNAI3
GO:0030947,GNAI3
GO:0035924,GNAI3
GO:0038085,GNAI3
GO:0045765,GNAI3
GO:0030947,KDR
GO:0007186,DAB2
GO:0030334,DAB2
GO:0030947,DAB2
GO:0035924,DAB2
GO:0038085,DAB2
GO:0045765,DAB2
GO:0007186,EFNB2
GO:0030334,EFNB2
GO:0030947,EFNB2
GO:0035924,EFNB2
GO:0038085,EFNB2
GO:0045765,EFNB2
GO:0007186,F2RL2
GO:0030334,F2RL2
GO:0030947,F2RL2
GO:0035924,F2RL2
GO:0038085,F2RL2
GO:0045765,F2RL2
GO:0030334,GNAI1
GO:0030947,GNAI1
GO:0035924,GNAI1
GO:0038085,GNAI1
GO:0045765,GNAI1
GO:0007186,GNAI3
GO:0030334,GNAI3
GO:0030947,GNAI3
GO:0035924,GNAI3
GO:0038085,GNAI3
GO:0045765,GNAI3
GO:0007186,KDR
GO:0030334,KDR
GO:0030947,KDR
GO:0038085,KDR
GO:0045765,KDR
GO:0006898,EFNB2
GO:0006898,KDR
GO:0006898,SDCBP
GO:0030947,SDCBP
GO:0035924,SDCBP
GO:0038085,SDCBP
GO:0045765,SDCBP
GO:0004104,APOE
GO:0034185,APOE
GO:0034185,BCHE
GO:0016492,DRD2
GO:0007212,NTSR1
GO:0030947,CCN2
GO:0038084,CCN2
GO:0045765,CCN2
GO:0048010,CCN2
GO:0030947,VEGFA
GO:0016492,DRD3
GO:0010468,MMP14
GO:0030947,MMP14
GO:0010468,SRC
GO:0030947,SRC
GO:0003779,TPM2
GO:0005523,TPM2
GO:1990782,TPM2
GO:0003779,TPM1
GO:0005523,TPM1
GO:1990782,TPM1
GO:0017166,ABL1
GO:0003779,VCL
GO:0071889,ABL1
GO:0003779,YWHAE
GO:1990782,YWHAE
GO:0017022,ABL1
GO:0003779,MYBPC1
GO:0017022,MYBPC1
GO:1990782,MYBPC1
GO:0051393,ABL1
GO:0003779,ACTN2
GO:0051393,ACTN2
GO:1990782,ACTN2
GO:0001540,APOE
GO:0034185,APP
GO:0046983,APOE
GO:0046983,APP
GO:0070206,APOE
GO:0070206,APP
GO:0002027,DRD1
GO:0005886,DRD1
GO:0031547,DRD1
GO:0042220,DRD1
GO:0043491,DRD1
GO:0055074,DRD1
GO:0002027,DRD2
GO:0008217,DRD2
GO:0031547,DRD2
GO:0042220,DRD2
GO:0043491,DRD2
GO:0030139,FLT4
GO:0030139,NRP2
GO:0030139,VEGFD
GO:0035924,VEGFD
GO:0070372,CNR2
GO:0106070,CNR2
GO:0007186,GPR55
GO:0038171,GPR55
GO:0070372,GPR55
GO:0106070,GPR55
GO:0034405,SHC1
GO:0071880,ADRA1A
GO:0008217,CXCR2
GO:0071880,CXCR2
GO:0001618,CD4
GO:0007186,CD4
GO:0070098,CD4
GO:0001618,CXCR4
GO:0006935,CCR2
GO:0006954,CCR2
GO:0006955,CCR2
GO:0007186,CCR2
GO:0050848,CCR2
GO:0070098,CCR2
GO:0006935,CXCR4
GO:0006954,CXCR4
GO:0006955,CXCR4
GO:0050848,CXCR4
GO:0006935,CCR5
GO:0006954,CCR5
GO:0030316,CCR5
GO:0034405,ITGA5
GO:0043254,ITGA5
GO:0050730,ITGA5
GO:0034405,ITGB3
GO:0043254,ITGB3
GO:0050730,ITGB3
GO:0043254,SHC1
GO:0050730,SHC1
GO:0004114,CALM1
GO:0004119,CALM1
GO:0005516,CALM1
GO:0004119,PDE1A
GO:0005516,PDE1A
GO:0004114,PDE3A
GO:0005516,PDE3A
GO:0034405,CTNNB1
GO:1901342,CTNNB1
GO:0070098,OPRM1
GO:0070098,OPRK1
GO:0006954,AGTR1
GO:0070098,AGTR1
GO:0008217,CCR2
GO:0038166,CCR2
GO:0006935,ACKR3
GO:0007186,CXCR3
GO:0070098,CXCR3
GO:0006954,F2R
GO:0007186,F2R
GO:0070493,F2R
GO:0006954,F2RL2
GO:0070493,F2RL2
GO:0007596,F2R
GO:0070527,F2R
GO:0006954,F2RL3
GO:0007186,F2RL3
GO:0007596,F2RL3
GO:0070493,F2RL3
GO:0070527,F2RL3
GO:0030168,F2RL3
GO:0031623,F2R
GO:0070371,F2R
GO:0007186,F2RL1
GO:0007596,F2RL1
GO:0031623,F2RL1
GO:0070371,F2RL1
GO:0070493,F2RL1
GO:0038171,AGTR1A
GO:0008217,CNR1
GO:0038166,CNR1
GO:0045765,FLT4
GO:1901490,FLT4
GO:1901490,ITGB1
GO:1901490,SRC
GO:0004115,NGFR
GO:0005165,NGFR
GO:0006198,NGFR
GO:0032813,NGFR
GO:0043949,NGFR
GO:0004115,PDE4A
GO:0005165,PDE4A
GO:0006198,PDE4A
GO:0032813,PDE4A
GO:0043949,PDE4A
GO:0042632,ABCA1
GO:0120020,ABCA1
GO:0042632,ABCA8
GO:0120020,ABCA8
GO:0055097,ABCA1
GO:0055097,CAV1
GO:0042632,ABCA12
GO:0042632,NR1H2
GO:0007186,FNDC1
GO:0035148,FNDC1
GO:0035924,FNDC1
GO:0048010,FNDC1
GO:0035148,GNB1
GO:0035924,GNB1
GO:0048010,GNB1
GO:0035148,GNG2
GO:0035924,GNG2
GO:0048010,GNG2
GO:0035148,KDR
GO:0005886,EDNRA
GO:0008217,EDNRA
GO:0005886,EDNRB
GO:0008217,EDNRB
GO:0086100,DRD3
GO:0007186,EDNRB
GO:0007212,EDNRB
GO:0008217,EDNRB
GO:0086100,EDNRB
GO:0086100,AGTR1
GO:0038166,EDNRB
GO:0038166,ADRA2C
GO:0006468,PTK2B
GO:0004713,ROS1
GO:0006468,ROS1
GO:1990782,ROS1
GO:0008502,HTR2C
GO:0098664,HTR2C
GO:0098664,MTNR1B
GO:0007186,GPR50
GO:0008502,GPR50
GO:0000165,DRD2
GO:0000165,DRD4
GO:0046928,CHRNA3
GO:0046928,P2RX2
GO:0014046,CHRNA3
GO:0014046,CHRNB2
GO:0005901,CAV1
GO:0007169,CAV1
GO:0045765,CAV1
GO:0048010,CAV1
GO:0005901,FLT4
GO:0045765,NRP2
GO:1901490,NRP2
GO:0035924,VEGFC
GO:0045765,VEGFC
GO:0030947,FLT1
GO:0030947,NRP1
GO:0038085,NRP1
GO:0098664,HTR2A
GO:0060158,DRD2
GO:0007200,DRD5
GO:0019722,DRD5
GO:0055074,DRD5
GO:0060158,DRD5
GO:0004629,NTSR1
GO:0045761,NTSR1
GO:0004629,NTSR2
GO:0007186,NTSR2
GO:0016492,NTSR2
GO:0045761,NTSR2
GO:0007186,SORT1
GO:0007186,NTSR1
GO:0038003,NTSR1
GO:0007186,CCKAR
GO:0038188,CCKAR
GO:0030947,FLT4
GO:0038085,FLT4
GO:0030947,ITGA5
GO:0038085,ITGA5
GO:1901490,ITGA5
GO:0030947,ITGB1
GO:0038085,ITGB1
GO:0006915,CCL22
GO:0006954,CCL22
GO:0007186,CCL22
GO:0070098,CCL22
GO:0006915,CCR4
GO:0006954,CCR4
GO:0007186,CCR4
GO:0070098,CCR4
GO:0007169,SCUBE2
GO:0030947,SCUBE2
GO:0038084,SCUBE2
GO:0045765,SCUBE2
GO:0006935,CXCR2
GO:0005886,CHRM1
GO:0008277,CHRM1
GO:0007213,RGS2
GO:0008277,RGS2
GO:0007186,BACE1
GO:0007213,BACE1
GO:0010498,BACE1
GO:0010498,CHRM1
GO:0016477,FLT1
GO:0042117,FLT1
GO:0016477,PGF
GO:0042117,PGF
GO:0016477,VEGFA
GO:0042117,VEGFA
GO:0007186,CHRM3
GO:0007213,CHRM3
GO:0008217,CHRM3
GO:0019722,CHRM3
GO:0095500,CHRNA4
GO:0095500,CHRNB2
GO:0005886,CHRM3
GO:0038003,CHRM3
GO:0005886,OPRM1
GO:0007213,OPRM1
GO:0095500,CHRNA3
GO:0095500,CHRNA5
GO:0007212,CHRM1
GO:0007213,DRD2
GO:0007213,RACK1
GO:0095500,CHRNB4
GO:1902476,GLRA1
GO:0007186,CHRM5
GO:0007213,CHRM5
GO:0019722,CHRM5
GO:0070372,CHRM3
GO:0070372,CHRM5
GO:0007213,PLCB3
GO:0007186,CHRM4
GO:0007213,CHRM4
GO:0007186,EEF1A2
GO:0007213,EEF1A2
GO:0007186,CHRM4
GO:0007213,CHRM4
GO:0007186,NGF
GO:0007213,NGF
GO:0007186,CAMK2A
GO:0007213,CAMK2A
GO:0001666,HIF1A
GO:0001666,VHL
GO:0010468,VHL
GO:0010977,CNR1
GO:0010977,CNR2
GO:0032225,SLC6A3
GO:0032225,SNCA
GO:0007186,UCN
GO:0043435,GNAS
GO:0043435,GNB1
GO:0043435,GNG2
GO:0043435,UCN
GO:0007186,CMKLR1
GO:0070098,CMKLR1
GO:0007186,CCR7
GO:0070098,CCR7
GO:0055074,CMKLR1
GO:0006935,CNR2
GO:0070098,CNR2
GO:0038171,CXCR4
GO:0070372,CXCR4
GO:0007186,CXCR1
GO:0070098,CXCR1
GO:0007186,CXCR5
GO:0016477,CXCR5
GO:0070098,CXCR5
GO:0007186,GPR183
GO:0016477,GPR183
GO:0070098,GPR183
GO:0007186,CYSLTR1
GO:0007186,CYSLTR2
GO:0032364,CUL2
GO:0061136,CUL2
GO:1900037,CUL2
GO:1902071,CUL2
GO:0061136,ELOB
GO:1900037,ELOB
GO:0030193,AGTR1
GO:0070493,AGTR1
GO:0008217,F2R
GO:0030193,F2R
GO:0038166,F2R
GO:0005886,TSHR
GO:0007186,TSHR
GO:0038194,TSHR
GO:0042700,LHCGR
GO:0038194,LHCGR
GO:0042700,TSHR
GO:0007186,FSHR
GO:0042699,FSHR
GO:0007186,YWHAQ
GO:0042699,YWHAQ
GO:0005886,FSHR
GO:0043949,FSHR
GO:0005886,GPER1
GO:0042699,GPER1
GO:0043949,GPER1
GO:0038054,GPER1
GO:0042700,FSHR
GO:0007186,LHCGR
GO:0042699,LHCGR
GO:0042700,LHCGR
GO:0004963,FSHR
GO:0019953,FSHR
GO:0050848,FSHR
GO:0004963,LHCGR
GO:0019953,LHCGR
GO:0050848,LHCGR
GO:0032364,EGLN3
GO:0042981,EGLN3
GO:0001666,PRPF19
GO:0032364,PRPF19
GO:0042981,PRPF19
GO:1900037,PRPF19
GO:0007186,DRD5
GO:0007212,DRD5
GO:0007186,GABRG2
GO:0007212,GABRG2
GO:0007186,CADM1
GO:0007186,MPDZ
GO:0007186,CACNA1D
GO:0051924,CACNA1D
GO:0051924,GABBR2
GO:0070372,CNR1
GO:0008283,GPR55
GO:0043949,GPR55
GO:0008283,LPAR2
GO:0043949,LPAR2
GO:0061136,HIF1A
GO:0032364,PLD1
GO:0061136,PLD1
GO:1900037,PLD1
GO:1902071,PLD1
GO:1900037,ARNT
GO:1902071,ARNT
GO:0005886,GPR55
GO:0030334,GPR55
GO:0042127,GPR55
GO:0055074,GPR55
GO:0030334,RGS2
GO:0038171,RGS2
GO:0042127,RGS2
GO:0055074,RGS2
GO:0070372,RGS2
GO:0032364,RHOBTB3
GO:0061136,RHOBTB3
GO:1900037,RHOBTB3
GO:1902071,RHOBTB3
GO:0030334,GNA12
GO:0038171,GNA12
GO:0042127,GNA12
GO:0055074,GNA12
GO:0070372,GNA12
GO:0030334,GNAQ
GO:0038171,GNAQ
GO:0042127,GNAQ
GO:0003376,GPR55
GO:0048015,GPR55
GO:0003376,S1PR5
GO:0042127,S1PR5
GO:0048015,S1PR5
GO:0070372,S1PR5
GO:0042127,CNR2
GO:0070915,CNR2
GO:0007186,LPAR5
GO:0038171,LPAR5
GO:0042127,LPAR5
GO:0070915,LPAR5
GO:0007186,GPRC5D
GO:0007186,HCAR2
GO:0070553,HCAR2
GO:0007186,HCAR3
GO:0070553,HCAR3
GO:0016499,HCRTR1
GO:0007186,HCRTR2
GO:0016499,HCRTR2
GO:0016499,CNR1
GO:0038171,HCRTR2
GO:0007186,HRH4
GO:0071420,HRH4
GO:0007186,TSPAN4
GO:0071420,TSPAN4
GO:0071420,ADORA2A
GO:0001973,HRH3
GO:0007186,HRH3
GO:0071420,HRH3
GO:0043408,DRD1
GO:0071420,DRD1
GO:1903350,DRD1
GO:0043408,HRH3
GO:1903350,HRH3
GO:0007215,DRD1
GO:0070372,DRD1
GO:0007186,GRIN1
GO:0007215,GRIN1
GO:0070372,GRIN1
GO:0071420,GRIN1
GO:0007186,GRIN2B
GO:0007212,GRIN2B
GO:0007215,GRIN2B
GO:0070372,GRIN2B
GO:0071420,GRIN2B
GO:0007215,HRH3
GO:0070372,HRH3
GO:0007186,HTR4
GO:0007186,L1CAM
GO:0007186,HTR4
GO:0007210,HTR4
GO:0007210,ADRB2
GO:0004977,MC3R
GO:0042438,MC1R
GO:0007186,NF1
GO:0042438,NF1
GO:0001919,SCRIB
GO:0007186,SCRIB
GO:0038194,SCRIB
GO:0001919,TSHR
GO:0007186,ATP1A1
GO:0007189,ATP1A1
GO:0038194,ATP1A1
GO:0007189,TSHR
GO:0070372,ADORA1
GO:0001973,TBXA2R
GO:0043949,TBXA2R
GO:0070372,TBXA2R
GO:0007186,RPGRIP1L
GO:0038193,RPGRIP1L
GO:0070372,RPGRIP1L
GO:0038193,TBXA2R
GO:0007186,TAC1
GO:0007217,TAC1
GO:0007186,TACR2
GO:0007217,TACR2
GO:0032364,AKAP6
GO:0061136,AKAP6
GO:1900037,AKAP6
GO:1902071,AKAP6
GO:0006970,KPNB1
GO:0007217,KPNB1
GO:0006606,TACR3
GO:0006970,TACR3
GO:0007186,TACR3
GO:0007217,TACR3
GO:0006970,H4C2
GO:0007186,H4C2
GO:0007217,H4C2
GO:0006970,H3-3B
GO:0007186,H3-3B
GO:0007217,H3-3B
GO:0007217,TACR1
GO:0055074,TACR1
GO:0070372,TACR1
GO:0055074,TACR2
GO:0070372,TACR2
GO:0014061,PICK1
GO:0014061,SLC6A2
GO:0007186,TACR3
GO:0007217,TACR3
GO:0014061,SNCA
GO:0015874,STX1A
GO:0001594,DRD2
GO:0007212,TAAR1
GO:0007186,PPP1R1B
GO:0038170,PPP1R1B
GO:0007186,SSTR1
GO:0038170,SSTR1
GO:0038170,SSTR2
GO:0038170,SSTR3
GO:0007186,SSTR4
GO:0038170,SSTR4
GO:0007186,SSTR5
GO:0038170,SSTR5
GO:0038170,ADRB1
GO:0043949,ADRB1
GO:0051896,ADRB1
GO:0043949,SSTR5
GO:0051896,SSTR5
GO:0070372,SSTR5
GO:0071875,SSTR5
GO:0038170,ADRB2
GO:0043949,ADRB2
GO:0038009,SSTR2
GO:0043949,SSTR4
GO:0070372,SSTR4
GO:0007186,EGFR
GO:0038170,EGFR
GO:0007173,SSTR5
GO:0007173,SSTR1
GO:0007186,SMO
GO:0007224,SMO
GO:0007186,GAS8
GO:0007224,GAS8
GO:0061512,GAS8
GO:0061512,SMO
GO:0043949,EGLN1
GO:0061136,EGLN1
GO:0043949,PDE4D
GO:0061136,PDE4D
GO:0007224,PRKACA
GO:0007224,ARRB2
GO:0002031,SMO
GO:0007186,DLG5
GO:0007224,DLG5
GO:0008589,DLG5
GO:0036064,DLG5
GO:0008589,KIF7
GO:0036064,KIF7
GO:0007186,KIF7
GO:0036064,SMO
