Term,Overlap,Adjusted.P.value,Odds.Ratio,Combined.Score,Genes,ko_symbol,type,gene_number,db
Retrograde Axonal Transport (GO:0008090),5/15,0.018292451610299312,23.291666666666668,266.6667124210192,DST;KIF5B;MAP1A;KIF1A;SOD1,Cd2bp2,deg,425,GO_Biological_Process_2023
RNA Binding (GO:0003723),191/1411,2.107375750796972e-9,1.831314946698916,48.62927175174762,EIF4A2;TFRC;FMR1;NUDT1;PPAN;APEH;RPL10A;VIRMA;EDC3;TIAL1;EIF4ENIF1;PPP1CC;ENDOV;HMGN5;FBRSL1;HMGN2;CAST;DDX17;RARS2;MBNL1;TYW5;ACTN1;DDX11;METTL3;CIRBP;ALG13;CSNK1E;THOC2;GTPBP1;GTPBP4;JMJD6;SRRM1;FAM133B;ILF3;ZC3H11A;RPP21;GEMIN5;SRFBP1;DUS3L;ANKRD17;UTP25;MACF1;AARS2;YTHDC1;ZCCHC9;NOLC1;GIGYF2;RCC1L;MTDH;DHX30;HNRNPDL;DHX33;PCBP3;DHX34;ERI3;SERPINH1;SAFB2;KHDC4;UTP20;LTA4H;RBM12;LYAR;ZC3H14;MARK2;SRPK2;CPSF4;TIA1;CHTOP;ZRANB2;RBPMS;HMGA1;KNOP1;LARP7;PRRC2C;HELZ;LSM5;PUM1;ANKHD1;PRRC2B;LSM2;PUM2;SRPK1;SETX;MOV10;HNRNPM;LSM7;TBL2;LSM6;CNOT1;GOLGB1;RNPS1;HNRNPC;ALDH18A1;FARSA;LSM14A;EIF4G3;DZIP3;SUGP2;RPS24;EIF4G1;TOP2A;RBM25;TUT7;RBM26;CELF1;FASTKD3;KRI1;ZCCHC17;TENT4B;MTO1;YBX3;METTL14;ZC3H7B;LRRFIP1;RBM7;PSTK;DSP;TOP3B;ZC3H10;PABPC4;PRPF40B;DARS2;PRPF40A;TFB2M;TRNAU1AP;PPRC1;DDX50;PTBP2;REXO4;GNL3;PTBP3;DUS2;DALRD3;PKM;SARS2;SLTM;HNRNPH1;ESRP1;RPUSD3;TUT1;RBMS1;EIF4E2;LUC7L2;RBM47;STAU1;ROCK2;POLDIP3;SRF;SRRT;AKAP8;RBM4B;MTIF2;MTHFSD;GANAB;BCLAF1;UNK;U2AF2;IGF2BP1;FLNB;RALY;ASCC3;HEATR6;EXOSC2;SMNDC1;ABCF1;PTCD3;RBM39;TRMT10B;YTHDF2;MYEF2;YTHDF3;KRR1;YLPM1;HUWE1;RSRC2;TRMT1;RRP1B;APTX;CDK11B;KTN1;NAP1L4;SEC23IP;TNIP1;CCDC9;SERBP1;HNRNPA2B1;ZYX;ACIN1;TARDBP;R3HDM1;R3HDM2,Cd2bp2,rmats,1655,GO_Molecular_Function_2023
GTPase Binding (GO:0051020),47/225,9.214773456280584e-7,2.9831495611828496,59.0085181394594,USP6NL;NCKAP1;BECN1;RABGAP1;GARRE1;USP33;MYCBP2;DOCK7;ARHGAP1;GCC2;AMBRA1;YBX3;FGD1;RASIP1;STRN3;AKAP13;AP3M1;GOLGA4;KIF3A;DENND10;ARFIP2;ERC1;DNM1L;HACE1;ANKRD27;PLEKHG2;SPHK2;ARHGEF16;HPS4;TSC2;MYO9B;OCRL;GAPVD1;CYRIB;RABGGTA;LSM2;RRAGB;ATG16L1;RAB34;SGSM2;PEX5;RAB3GAP2;TRIP11;RIN3;ARHGEF2;EXOC5;PICALM,Cd2bp2,rmats,1655,GO_Molecular_Function_2023
Ubiquitin-Like Protein Transferase Activity (GO:0019787),48/240,1.8513582712118886e-6,2.824051026757934,52.746066958442505,RNF13;RNF14;FBXO25;UBE3A;KLHL13;RMND5B;RNF214;SHARPIN;ARIH2;MARCHF8;TRIM68;BTRC;UBE2F;ATG3;HACE1;UBE2B;FBXW11;FANCL;SMURF1;NSMCE2;HUWE1;WWP1;TRAF2;FBXW2;CHFR;PML;RNF146;UBE2W;TRAF7;ITCH;ATG16L1;TTC3;MDM2;RNF181;ERCC8;BIRC6;TRIM37;RBCK1;BCOR;FBXL5;CBLL1;RNF141;UBE2K;TRIM11;DZIP3;BIRC2;TRIM33;FBXL6,Cd2bp2,rmats,1655,GO_Molecular_Function_2023
Small GTPase Binding (GO:0031267),42/199,2.3307441542640226e-6,3.0164783743548638,54.777733518318286,USP6NL;NCKAP1;RABGAP1;GARRE1;USP33;MYCBP2;DOCK7;ARHGAP1;GCC2;YBX3;FGD1;STRN3;AKAP13;AP3M1;GOLGA4;KIF3A;DENND10;ARFIP2;ERC1;DNM1L;HACE1;ANKRD27;PLEKHG2;SPHK2;ARHGEF16;HPS4;TSC2;MYO9B;OCRL;GAPVD1;CYRIB;RABGGTA;LSM2;RAB34;SGSM2;PEX5;RAB3GAP2;TRIP11;RIN3;ARHGEF2;EXOC5;PICALM,Cd2bp2,rmats,1655,GO_Molecular_Function_2023
mRNA Binding (GO:0003729),49/282,7.540735132091582e-5,2.3717069572793013,34.294022732056185,RBM25;CELF1;FMR1;YBX3;EDC3;TIAL1;EIF4ENIF1;METTL14;DDX17;PABPC4;METTL3;CIRBP;THOC2;PTBP2;GNL3;PTBP3;PKM;ESRP1;TUT1;GEMIN5;RBMS1;LUC7L2;RBM47;YTHDC1;POLDIP3;TYMS;CRYZ;UNK;DHX33;PCBP3;IGF2BP1;CHTOP;TIA1;MYEF2;YTHDF2;YTHDF3;RBPMS;LARP7;PUM1;PUM2;HNRNPM;HNRNPA2B1;SERBP1;RNPS1;HNRNPC;TARDBP;EIF4G3;LSM14A;EIF4G1,Cd2bp2,rmats,1655,GO_Molecular_Function_2023
GTPase Regulator Activity (GO:0030695),63/424,4.5944325850568764e-4,1.9714082879772825,24.583865901625376,USP6NL;DENND1C;DOCK6;GPSM2;FAM13B;ITSN1;DOCK7;ARHGAP1;RCBTB2;AKAP13;SYDE1;HERC2;SIPA1L1;DENND10;SIRPA;DNM1L;TBC1D22A;TBC1D22B;GARNL3;RALGPS2;PLEKHG2;RALGAPA1;STARD8;ARHGEF16;ARHGEF19;TSC2;OCRL;GAPVD1;TIAM1;RP2;SPATA13;PREB;RIN3;DENND6B;ARHGEF2;DEPDC5;LLGL1;TBC1D9B;RABGAP1;NPRL3;MYCBP2;ARHGAP19;AGAP1;ARHGAP17;ASAP1;FGD1;RCC1L;RIC8A;RACGAP1;CHN1;TBC1D14;BRD8;TBC1D17;ANKRD27;HPS4;MYO9B;CCDC88A;SGSM2;RAB3GAP2;RGS12;RGL2;NUCB2;MON1A,Cd2bp2,rmats,1655,GO_Molecular_Function_2023
mRNA 3'-UTR Binding (GO:0003730),22/93,5.389088785069545e-4,3.4674624600018973,42.15228880379583,DDX17;RBM47;TIA1;CELF1;FMR1;PABPC4;CIRBP;PUM1;YBX3;CRYZ;PUM2;TIAL1;ILF3;HNRNPA2B1;SERBP1;IGF2BP1;GEMIN5;RBMS1;TUT1;RNPS1;HNRNPC;TARDBP,Cd2bp2,rmats,1655,GO_Molecular_Function_2023
Protein Serine/Threonine Kinase Activity (GO:0004674),53/342,5.878307028188555e-4,2.066983744367983,24.671723842842415,ARAF;ILK;IKBKB;RPS6KA6;STK11;CHEK2;STK16;TLK2;TLK1;CHUK;DAPK2;MINK1;CSNK1D;VRK1;CSNK1E;PRKAB1;MELK;SIK2;CSNK1G2;CAMK1G;ROCK2;PRKCZ;MAPK7;IRAK1;STK38;PHKG2;MAP4K5;MARK3;CAMK2G;MARK2;BRD4;MAP4K4;PAK4;MAP2K6;PLK4;SRPK2;NEK9;LIMK2;MOK;CDC7;CLK4;CDK11B;SRPK1;HIPK2;CLK2;CLK1;BCKDK;CDK8;STK25;STK26;RPS6KB2;CDK12;MAP3K12,Cd2bp2,rmats,1655,GO_Molecular_Function_2023
Nuclear Receptor Binding (GO:0016922),24/115,0.001538754895056637,2.9517116850041436,31.982788890323455,NCOA2;TCF7L2;KDM4C;RNF14;WBP2;BUD31;NCOA3;HMGA1;ARID1A;ISL1;HIF1A;FOXP1;DCAF1;MED12;MED22;MED14;NCOR1;CNOT1;NSD1;TADA3;TRIM68;MMS19;BRD8;GAS2L1,Cd2bp2,rmats,1655,GO_Molecular_Function_2023
Protein-Lysine N-methyltransferase Activity (GO:0016279),15/54,0.001538754895056637,4.293151969981238,46.15424366924801,SETD5;SUV39H2;KMT2D;SETD3;SETDB1;KMT5C;EHMT2;SETD6;EHMT1;CAMKMT;METTL22;NSD1;NSD2;KMT5B;EZH2,Cd2bp2,rmats,1655,GO_Molecular_Function_2023
Microtubule Binding (GO:0008017),39/239,0.0021262099567902933,2.189526608910891,22.622163838882766,CEP57;MACF1;TUBGCP2;FMR1;CAMSAP1;UXT;RACGAP1;HAUS8;KIF3A;GAS2L1;DNM1L;DLGAP5;CLASP1;NDEL1;MAP4K4;ENKD1;CLASP2;FBXW11;MACO1;HAUS6;CGN;TERF1;EML1;EML2;EML3;EML4;CAMSAP3;CCDC88A;CLIP1;PSRC1;HOOK2;KIFC1;ALMS1;TUBGCP5;ARHGEF2;TUBGCP4;GAPDH;CCDC61;MDM1,Cd2bp2,rmats,1655,GO_Molecular_Function_2023
N6-methyladenosine-containing RNA Binding (GO:1990247),6/10,0.002985935456906442,16.68374772589448,165.2592800546811,YTHDF2;YTHDF3;YTHDC1;HNRNPA2B1;IGF2BP1;HNRNPC,Cd2bp2,rmats,1655,GO_Molecular_Function_2023
Ubiquitin-Protein Transferase Activity (GO:0004842),57/412,0.004726502073902967,1.8075939995416805,16.930088229408295,RNF10;RNF13;RNF14;FBXO25;UBE3A;HERC2;TRIM68;ARIH2;TRIM26;BTRC;RNF111;RNF44;FBXW11;FBXO17;TRAF2;FBXW2;TRAF7;BIRC6;RBCK1;CBLL1;BIRC2;TRIM11;PELI2;MYCBP2;KLHL13;UBE2J2;RNFT1;RMND5B;RNF214;SHARPIN;MARCHF8;RFFL;HACE1;UBE2B;FANCL;SMURF1;HUWE1;WWP1;CHFR;RNF146;UBE2W;ITCH;NEURL4;TRIM39;TTC3;MDM2;RNF181;ERCC8;TRIM37;BCOR;FBXL5;RNF141;RNF185;UBE2K;DZIP3;TRIM33;FBXL6,Cd2bp2,rmats,1655,GO_Molecular_Function_2023
Histone H4 Acetyltransferase Activity (GO:0010485),8/20,0.005643368758133587,7.420765027322404,67.63794557994814,ING4;BRD1;NAA40;BRPF3;JADE1;MSL3;KAT7;BRCA2,Cd2bp2,rmats,1655,GO_Molecular_Function_2023
Cadherin Binding (GO:0045296),46/319,0.0073134530354667,1.8925412685512126,16.62873647621786,MACF1;SRC;CTNND1;ARHGAP1;ASAP1;CLINT1;GIGYF2;SLC9A3R2;LDHA;BAIAP2L1;CALD1;STK38;ARFIP2;SNX9;FLNB;ERC1;LRRFIP1;PDLIM5;SPTAN1;EPS15;MARK2;PAK4;CAST;SH3GLB2;SEPTIN2;ARHGEF16;CSNK1D;SCRIB;PTPN11;ANK3;CGN;EPS15L1;CIP2A;GAPVD1;HCFC1;KTN1;EPN2;PPFIBP1;DLG1;PKM;ABI1;SERBP1;PKP4;TLN1;DBN1;PICALM,Cd2bp2,rmats,1655,GO_Molecular_Function_2023
Methylation-Dependent Protein Binding (GO:0140034),15/68,0.01470931120749228,3.1566958122411415,24.986711111746672,KDM5A;CBX5;FMR1;ZMYND8;NCAPG2;CBX1;MSL3;CDYL;LRWD1;JMJD7;ING4;PHF20L1;ZZZ3;MTF2;BPTF,Cd2bp2,rmats,1655,GO_Molecular_Function_2023
Histone H3K9 Methyltransferase Activity (GO:0046974),5/9,0.01470931120749228,13.89469696969697,109.94891497078497,SETD5;SUV39H2;SETDB1;EHMT2;EHMT1,Cd2bp2,rmats,1655,GO_Molecular_Function_2023
Histone Deacetylase Activity (GO:0004407),7/18,0.01470931120749228,7.079545454545454,55.966443109206544,HDAC5;HDAC3;HDAC10;MIER1;SUDS3;SIRT2;SIRT3,Cd2bp2,rmats,1655,GO_Molecular_Function_2023
Histone H3 Methyltransferase Activity (GO:0140938),10/36,0.019022177030019963,4.283142389525368,32.52695580613701,KMT2D;SETD5;SUV39H2;SETD3;SETDB1;EHMT2;NSD1;NSD2;EHMT1;EZH2,Cd2bp2,rmats,1655,GO_Molecular_Function_2023
GTPase Activator Activity (GO:0005096),32/211,0.021179355715727648,2.0009569147416504,14.814880662838775,USP6NL;TBC1D9B;RABGAP1;FAM13B;NPRL3;ARHGAP1;ARHGAP19;AGAP1;ARHGAP17;ASAP1;SYDE1;SIPA1L1;RACGAP1;CHN1;TBC1D14;BRD8;TBC1D17;DNM1L;TBC1D22A;TBC1D22B;GARNL3;RALGAPA1;STARD8;TSC2;MYO9B;OCRL;RP2;SGSM2;PREB;RGS12;DEPDC5;LLGL1,Cd2bp2,rmats,1655,GO_Molecular_Function_2023
Nuclear Receptor Coactivator Activity (GO:0030374),12/50,0.021179355715727648,3.5186597046481083,25.99119739819133,MED12;PSMC3IP;NCOA2;MED22;MED14;CNOT6;BUD31;NCOA3;HMGA1;BRD8;PPRC1;ATXN7L3,Cd2bp2,rmats,1655,GO_Molecular_Function_2023
Tubulin Binding (GO:0015631),44/322,0.022159852834951487,1.7750001116425296,12.948448622981887,CEP57;RABGAP1;GPAA1;TUBGCP2;FMR1;BRCA2;CAMSAP1;UXT;RACGAP1;HAUS8;KIF3A;GAS2L1;DNM1L;DLGAP5;CLASP1;NDEL1;MAP4K4;ENKD1;CLASP2;MACO1;HAUS6;CGN;TERF1;EML1;EML2;EML3;EML4;NISCH;CCDC88A;CLIP1;TTLL4;PSRC1;HOOK2;IFT81;KIFC1;CENPJ;ALMS1;TUBGCP5;ARHGEF2;B9D2;TUBGCP4;GAPDH;CCDC61;MDM1,Cd2bp2,rmats,1655,GO_Molecular_Function_2023
DNA Binding (GO:0003677),96/846,0.028510704853006424,1.4446183450930083,10.110090711184865,TOP2A;KDM5A;DCLRE1A;MPG;FMR1;HP1BP3;CHD6;PRDM2;SMC5;RBPJ;BRCA2;ENDOV;ZMYM4;RUVBL2;SPATA24;SNAPC4;SMARCAD1;TRIM26;LRRFIP1;POLE;KDM6A;POLG;JMJD4;RFC1;KDM2B;PARP2;DDX11;ATRX;DNMT3A;RFX3;MSL3;TERF1;ARID1A;REXO4;SIRT3;DDB1;TOX3;ILF3;MAU2;SLTM;IRF3;MSH3;MTF2;TIMELESS;RBMS1;KMT2D;GTF3C4;TSG101;KDM3B;MYRF;WBP2;SRRT;PDS5B;HIF1A;PSMC3IP;TFPT;BCLAF1;NTHL1;HSF1;ZSCAN10;IGF2BP1;SAFB2;PMS2;CAMTA1;PATZ1;LYAR;PMS1;BPTF;CTC1;TCF7L2;POU2F1;ATAD5;CENPX;NR1H2;NFYC;CBX1;HUWE1;HMGA1;APTX;USF1;FANCG;NR2F6;SETX;DRAP1;RAD52;CAMSAP3;RAD50;TFAP4;TDP2;ERCC2;TCF4;QRICH1;CRLF3;TARDBP;RAD18;EZH2,Cd2bp2,rmats,1655,GO_Molecular_Function_2023
"Catalytic Activity, Acting On A tRNA (GO:0140101)",10/39,0.029972971094613703,3.839429829158369,26.514622493111514,DTWD2;DUS2;AARS2;TYW5;MRPL58;TARS2;DUS3L;OSGEP;ANKZF1;TRIT1,Cd2bp2,rmats,1655,GO_Molecular_Function_2023
Histone H4K20 Methyltransferase Activity (GO:0042799),4/7,0.03730113397486165,14.812840702604483,98.0627130157306,KMT5C;NSD1;NSD2;KMT5B,Cd2bp2,rmats,1655,GO_Molecular_Function_2023
Guanyl-Nucleotide Exchange Factor Activity (GO:0005085),30/203,0.03730113397486165,1.9392085371276122,12.812553611788868,DENND1C;DOCK6;ITSN1;MYCBP2;DOCK7;FGD1;RCBTB2;RCC1L;RIC8A;AKAP13;HERC2;DENND10;RALGPS2;ANKRD27;PLEKHG2;ARHGEF16;HPS4;ARHGEF19;GAPVD1;TIAM1;CCDC88A;SPATA13;RAB3GAP2;PREB;RIN3;DENND6B;ARHGEF2;RGL2;MON1A;NUCB2,Cd2bp2,rmats,1655,GO_Molecular_Function_2023
Protein Kinase Binding (GO:0019901),62/511,0.03891911142133946,1.5512633920395047,10.090968570123607,TOP2A;ATF2;USP37;TFRC;RNF13;ILK;FOXM1;IKBKB;UXT;PPP1CC;CHEK2;SUFU;TRIM68;SIRPA;SPG11;DSP;FBXW5;PPP1R12A;BORA;DUSP1;ADAM10;VRK1;TRAF2;ACSL3;CDC25C;ATG13;PRKAB1;LIME1;TIRAP;PICK1;ANKRA2;CACUL1;LLGL1;BECN1;HDAC5;HIF1A;MAPK7;RACGAP1;IRAK1;PRKAR2B;PDCD10;STK38;HSF1;TBC1D14;RFFL;PDLIM5;MAP2K6;NEK9;TCF7L2;STK11IP;TPRKB;NBEAL1;PTPN11;PTK2;USF1;CCDC88A;MAVS;TBL2;TNIP1;CENPJ;MAP3K12;RAD9A,Cd2bp2,rmats,1655,GO_Molecular_Function_2023
2-Oxoglutarate-Dependent Dioxygenase Activity (GO:0016706),10/41,0.03891911142133946,3.5913324835768212,23.30966886417338,KDM5A;JMJD4;KDM4B;EGLN2;KDM4C;KDM2B;TYW5;JMJD7;KDM6A;JMJD6,Cd2bp2,rmats,1655,GO_Molecular_Function_2023
Ubiquitin Protein Ligase Binding (GO:0031625),37/271,0.04293886152287289,1.7699042819561979,11.222021474757907,BECN1;TSG101;FAF2;ARRB2;AMBRA1;UBE2J2;HIF1A;BAG6;HERC2;ERBB3;PRKAR2B;CBS;CHEK2;DBT;MFN2;SNX9;APBB1;PATZ1;DNM1L;RFFL;SLF1;CHKB;UBE2B;FANCL;TRAF2;ERLIN2;SCAMP3;PML;UBE2W;JKAMP;MDM2;TMBIM6;TRIM37;ANKRA2;EIF4E2;UBE2K;RAD18,Cd2bp2,rmats,1655,GO_Molecular_Function_2023
Methylated Histone Binding (GO:0035064),14/71,0.04293886152287289,2.7372269796978737,17.285148086980083,KDM5A;CBX5;FMR1;ZMYND8;NCAPG2;CBX1;MSL3;CDYL;LRWD1;JMJD7;ING4;ZZZ3;MTF2;BPTF,Cd2bp2,rmats,1655,GO_Molecular_Function_2023
Microtubule Minus-End Binding (GO:0051011),5/12,0.04293886152287289,7.938528138528138,49.90237797073143,CAMSAP3;MACF1;TUBGCP2;TUBGCP5;TUBGCP4,Cd2bp2,rmats,1655,GO_Molecular_Function_2023
Histone Demethylase Activity (GO:0032452),8/29,0.04293886152287289,4.2383554514702055,26.526644710207705,KDM5A;KDM5C;KDM4B;KDM3B;KDM4C;KDM2B;KDM6A;JMJD6,Cd2bp2,rmats,1655,GO_Molecular_Function_2023
Ubiquitin Binding (GO:0043130),15/80,0.04649542163313076,2.572232645403377,15.815021151852772,TOP2A;USPL1;TSG101;USP16;USP33;FAF2;SIRT2;RNFT1;SHARPIN;MDM2;PLAA;MARCHF7;RBCK1;RNF185;BIRC2,Cd2bp2,rmats,1655,GO_Molecular_Function_2023
Kinase Binding (GO:0019900),56/460,0.04827930331036149,1.5552665960779943,9.457360544670658,ATF2;USP37;TFRC;ILK;FOXM1;IKBKB;UXT;EIF4ENIF1;PPP1CC;CHEK2;SUFU;TRIM68;SPG11;TNS2;PARP6;FBXW5;PPP1R12A;BORA;STRADA;ADAM10;VRK1;TRAF2;ACSL3;CDC25C;ATG13;PRKAB1;LIME1;TIAM1;ANKRA2;CACUL1;LLGL1;LRRC14;BECN1;CAB39;HIF1A;RACGAP1;IRAK1;PDCD10;HSF1;TBC1D14;RFFL;MAP2K6;NEK9;TCF7L2;STK11IP;TPRKB;NBEAL1;PTPN11;PTK2;USF1;MAVS;TBL2;DLG3;CENPJ;MAP3K12;RAD9A,Cd2bp2,rmats,1655,GO_Molecular_Function_2023
Histone H3K14 Acetyltransferase Activity (GO:0036408),4/8,0.04970131003820343,11.109024833434281,66.59498919862575,ING4;BRPF3;JADE1;KAT7,Cd2bp2,rmats,1655,GO_Molecular_Function_2023
Histone H4K16 Acetyltransferase Activity (GO:0046972),4/8,0.04970131003820343,11.109024833434281,66.59498919862575,ING4;JADE1;MSL3;KAT7,Cd2bp2,rmats,1655,GO_Molecular_Function_2023
DNA Repair (GO:0006281),64/291,1.1381840053177032e-9,3.2106590762466185,92.52303628717688,MUS81;SMARCAL1;DCLRE1A;MPG;FMR1;NUDT1;BRCA2;ENDOV;CHEK2;UIMC1;POLI;KMT5B;POLE;SLC30A9;PARP2;KMT5C;USP3;ACTR5;ATRX;RECQL;CSNK1E;REXO4;DDB1;FANCD2;MSH3;TIMELESS;RNASEH2A;TEX264;ABRAXAS1;FAAP24;PDS5B;PRIMPOL;MTA1;NTHL1;NSD2;PMS2;ASCC3;PMS1;MUTYH;ZRANB3;UVRAG;CENPX;FANCM;UBE2B;MGMT;FANCL;XRCC3;HUWE1;FANCA;FANCC;FANCE;APTX;FANCG;TICRR;SETX;RAD52;RAD50;TDP2;ERCC2;PWWP3A;ERCC8;MMS19;RAD18;RAD9A,Cd2bp2,rmats,1655,GO_Biological_Process_2023
DNA Metabolic Process (GO:0006259),59/288,1.0419956296720211e-7,2.9244618095456985,69.03905055115682,TOP2A;MUS81;SMARCAL1;FMR1;NUDT1;ENDOV;RUVBL2;SMARCAD1;POLI;KMT5B;NFRKB;POLE;POLG;TOP3B;PARP2;KMT5C;USP3;ACTR5;ATRX;RECQL;REV1;CSNK1E;TERF1;TERF2;REXO4;DDB1;MSH3;TIMELESS;RBMS1;INO80E;RNASEH2A;PDS5B;TYMS;ORC5;TFPT;NTHL1;CBS;NT5M;MUTYH;CTC1;ZRANB3;UVRAG;TCF7L2;UBE2B;MGMT;FANCL;XRCC3;FANCA;DONSON;FANCC;LRWD1;FANCG;TICRR;RAD52;RAD50;PWWP3A;MMS19;RAD18;RAD9A,Cd2bp2,rmats,1655,GO_Biological_Process_2023
Chromatin Organization (GO:0006325),53/268,2.452331392293138e-6,2.7897976366750865,55.91727066674617,KDM5A;SUV39H2;KDM5C;HDAC10;CHD6;EHMT1;ING4;M1AP;RUVBL2;SMARCAD1;KAT7;HMGN2;NFRKB;KDM6A;PBRM1;KDM2B;DDX11;ACTR5;ATRX;ARID1A;ARID1B;HCFC1;MTF2;WAC;HDAC5;INO80E;HDAC3;IWS1;CECR2;TFPT;HIRIP3;MTA1;MIER1;PCGF1;BRD9;SUDS3;MTA3;BPTF;CHTOP;KDM4B;PHC1;CBX5;KDM4C;PCGF2;CBX1;LRWD1;NAP1L4;TADA2A;ZZZ3;PWWP3A;HNRNPC;BCOR;EZH2,Cd2bp2,rmats,1655,GO_Biological_Process_2023
DNA Damage Response (GO:0006974),66/384,8.591018376775475e-6,2.3545958654428443,43.56502959323561,TOP2A;MUS81;ATF2;SMARCAL1;FMR1;NUDT1;SMC5;ENDOV;STK11;HERC2;CHEK2;TLK2;POLI;KMT5B;TRAPPC13;PARP2;KMT5C;DDX11;USP3;METTL3;ATRX;RECQL;PPP4R3A;VRK1;CSNK1E;SIRT7;SPIDR;REXO4;FOXP1;DDB1;IRF3;MSH3;WAC;TIMELESS;USP16;STXBP4;BRAT1;HTRA2;PDS5B;BCLAF1;APBB1;MAP2K6;MUTYH;ZRANB3;UVRAG;SLF1;CBX5;UBE2B;MGMT;FANCL;XRCC3;CBX1;FANCA;FANCC;USP28;FANCG;PML;TICRR;SETX;RAD50;PWWP3A;ERCC8;MMS19;NRDE2;RAD18;RAD9A,Cd2bp2,rmats,1655,GO_Biological_Process_2023
Chromatin Remodeling (GO:0006338),46/228,8.864217694189772e-6,2.853106495741673,52.06256615827558,KDM5A;SUV39H2;HDAC5;INO80E;KDM5C;USP15;HP1BP3;CHD6;IWS1;PRIMPOL;CECR2;TFPT;MTA1;RUVBL2;MIER1;PCGF1;SMARCAD1;BRD9;SUDS3;NFRKB;MTA3;BPTF;KDM6A;SRPK2;PBRM1;CHTOP;KDM4B;PHC1;KDM4C;SETDB1;KDM2B;PARP2;PCGF2;USP3;ACTR5;ATRX;SIRT7;ARID1A;ARID1B;SIRT2;HCFC1;TADA2A;MTF2;WAC;HNRNPC;BCOR,Cd2bp2,rmats,1655,GO_Biological_Process_2023
Histone Modification (GO:0016570),23/81,5.943902219301387e-5,4.443468982420554,71.81724445299372,HDAC5;HDAC3;UBE2B;USP3;JADE1;MSL3;SIRT2;ING4;PHF20L1;MTA1;MRGBP;TADA2A;RUVBL2;MIER1;TADA3;KAT7;BRD8;DMAP1;SUDS3;TBL1X;ATXN7L3;MTA3;KAT14,Cd2bp2,rmats,1655,GO_Biological_Process_2023
Regulation Of RNA Splicing (GO:0043484),26/102,8.341636001898124e-5,3.836661174113922,60.118113882136385,YTHDC1;CELF1;U2AF2;CCNL2;RBM12;ATXN7L3;SRPK2;ZC3H10;RBM39;MBNL1;TIA1;LARP7;RRP1B;CLK4;PTBP2;JMJD6;SRRM1;CLK2;SRPK1;PTBP3;CLK1;SETX;HNRNPH1;ESRP1;TADA3;TMBIM6,Cd2bp2,rmats,1655,GO_Biological_Process_2023
Protein Transport (GO:0015031),52/313,4.613315956449865e-4,2.247624783989789,31.07471426346377,TFRC;PDCD6;ARHGAP1;GCC2;MIA3;RAB22A;AP4M1;GOLGA4;HERC2;DENND10;ARFIP2;TLK1;ARFIP1;TMED1;RAB8B;ANK3;FAM91A1;SCAMP3;PREPL;RAB34;RABL3;PICK1;PREB;ARHGEF2;SLU7;PHAF1;MACF1;RAB5C;STX16;STXBP2;SEL1L;ARFRP1;KIF3A;SNX9;STX3;RAB6A;SEC31A;CTSA;ACD;SYNRG;ASPSCR1;MCOLN1;SEC23IP;IFT22;RAB13;CHMP2A;RAB3GAP2;COPG2;VIPAS39;COPG1;VPS45;MON1A,Cd2bp2,rmats,1655,GO_Biological_Process_2023
Vesicle-Mediated Transport (GO:0016192),63/411,5.121018220133044e-4,2.0465311471148846,27.68081390700076,USP6NL;DENND1C;ITSN1;ARHGAP1;MIA3;PIK3C2A;CLINT1;RAB22A;AP4M1;GOLGA4;CPNE1;VPS39;WASHC3;AKTIP;TSC2;SCRIB;CSNK1D;EPS15L1;CSNK1E;RBSN;EPN1;EPN2;BIN3;RABEP1;BIN1;RAB34;DNAJC5;KXD1;RIN3;EXOC5;CHMP7;CSNK1G2;BECN1;RAB5C;TSG101;STX16;GOSR2;STXBP2;AP3M1;CECR2;HMGXB4;AP5M1;SNX9;STX3;ATP9B;EPS15;AP1M2;VPS16;UVRAG;RAB4A;EXOC6B;AP4B1;BLTP1;HOOK2;ALMS1;RAB13;OCIAD1;CHMP2A;SPIRE1;VIPAS39;VPS45;OSBPL1A;PICALM,Cd2bp2,rmats,1655,GO_Biological_Process_2023
Histone H4 Acetylation (GO:0043967),14/39,5.121018220133044e-4,6.251797684338817,84.30705011853058,NAA40;JADE1;MSL3;HCFC1;MSL1;ING4;MRGBP;KANSL1;RUVBL2;KANSL3;KAT7;BRD8;DMAP1;OGT,Cd2bp2,rmats,1655,GO_Biological_Process_2023
Regulation Of Organelle Organization (GO:0033043),24/100,5.121018220133044e-4,3.537190616025041,47.407971821492545,USP6NL;SLC30A9;INO80E;ACTR5;SIRT7;MFF;RBSN;PTK2;PARL;CAMSAP3;SYDE1;CLN3;TFPT;MAVS;RHOT1;PDCD10;TMEM33;RUVBL2;AKAP9;PREB;NF2;DNM1L;NFRKB;MARK2,Cd2bp2,rmats,1655,GO_Biological_Process_2023
Protein Autoubiquitination (GO:0051865),19/71,0.0010166241680696706,4.085562817378221,51.600610606183274,RNF10;RNF13;UBE2B;UBE3A;TRAF2;BRCA2;RNFT1;RNF146;ITCH;TRIM68;MDM2;MARCHF7;ERCC8;RNF181;TRIM37;RNF141;RNF185;TRIM11;RAD18,Cd2bp2,rmats,1655,GO_Biological_Process_2023
Protein Modification Process (GO:0036211),94/711,0.0010323327021472082,1.7302128357647977,21.687546740559085,SETD3;PTPRS;GPAA1;GMFG;PDCD6;ARAF;JADE1;ILK;PLOD2;NAGPA;CDC14B;DCAF1;IKBKB;ING4;PPP1CC;STK11;PPP4R1;PPP4R2;CHEK2;TLK2;TLK1;KAT7;BTRC;ILKAP;DSP;JMJD4;PPP1R12A;TBP;CHUK;STRADA;FBXW11;DAPK2;STRADB;MINK1;PPP2R5B;ALG3;ADAM10;VRK1;CSNK1D;PPP4R3A;CSNK1E;PPP2R5C;JMJD7;ATG13;PRKAB1;RABGGTA;FBXW2;ILF3;MELK;CREB1;PIGK;PICK1;ATG4B;BIRC6;SIK2;CSNK1G2;BECN1;PPM1M;ROCK2;FUT10;PRKCZ;PORCN;IRAK1;STK38;RCE1;MAP4K5;MARK3;MARK2;ST3GAL3;MAP4K4;PAK4;B3GALNT2;PLK4;SRPK2;UBE2F;UVRAG;LIMK2;PTPN11;PTPN13;CDK11B;PTK2;HIPK2;SRPK1;CLK2;SSH1;BCKDK;CDK8;STK25;ATG16L1;STK26;COQ8B;MAN2B1;TAF2;MAP3K12,Cd2bp2,rmats,1655,GO_Biological_Process_2023
protein-DNA Complex Organization (GO:0071824),17/60,0.0012183918845621933,4.417383649941789,54.310818740845384,SUV39H2;HDAC5;HDAC3;CBX5;HDAC10;ATRX;CBX1;EHMT1;LRWD1;M1AP;HIRIP3;ZZZ3;MTF2;PWWP3A;TCF4;HMGN2;EZH2,Cd2bp2,rmats,1655,GO_Biological_Process_2023
Golgi Vesicle Transport (GO:0048193),36/197,0.0012616062123812202,2.511419133810841,30.61657648225217,PDCD6;GOSR2;GCC2;MIA3;AP4M1;GOLGA4;TRAPPC11;TBC1D14;TMED1;TRAPPC13;RAB6A;ATP9B;SEC31A;RAB8B;UVRAG;SEC16A;COG2;TRAPPC8;RBSN;SCAMP3;TAPBP;RINT1;RP2;SGSM2;RAB13;PICK1;TRIP11;SPIRE1;PREB;HYOU1;COPG2;EXOC5;COPG1;ERGIC2;SEC24C;COPE,Cd2bp2,rmats,1655,GO_Biological_Process_2023
Spindle Assembly (GO:0051225),20/81,0.0015395882168134389,3.666516268110493,43.53561017887042,HDAC3;ABRAXAS1;TUBGCP2;SPICE1;CSNK1D;HAUS6;HAUS5;WRAP73;STAG1;NCOR1;STAG2;HAUS8;KIFC1;CHEK2;TUBGCP5;TUBGCP4;LSM14A;CLASP1;CCDC61;CLASP2,Cd2bp2,rmats,1655,GO_Biological_Process_2023
Regulation Of Embryonic Development (GO:0045995),17/62,0.0015395882168134389,4.22059422059422,49.83193161335073,UTP25;INO80E;ACTR5;EHMT1;TLE6;BAG6;TFPT;RPS6KA6;TADA2A;ZZZ3;RACGAP1;RUVBL2;TADA3;NFRKB;CLASP1;KAT14;CLASP2,Cd2bp2,rmats,1655,GO_Biological_Process_2023
Regulation Of DNA Replication (GO:0006275),19/75,0.0015395882168134389,3.7929073524275236,44.5792031351095,ANKRD17;CTC1;USP37;INO80E;ESCO1;ATAD5;BRPF3;EHMT2;ACTR5;JADE1;TERF1;GTPBP4;WAPL;ORC5;TFPT;CCDC88A;RUVBL2;KAT7;NFRKB,Cd2bp2,rmats,1655,GO_Biological_Process_2023
Protein Ubiquitination (GO:0016567),63/434,0.0015395882168134389,1.9172039442495497,22.44186511044287,RNF10;RNF13;RNF14;FBXO25;UBE3A;ARRB2;BRCA2;HERC2;TRIM68;ARIH2;TRIM26;BTRC;RNF111;ATG3;RNF44;FBXW5;FBXW11;TRAF2;DDB1;TRAF7;BIRC6;RBCK1;CBLL1;BIRC2;TRIM11;ANAPC16;UBA6;PELI2;MYCBP2;AMBRA1;KLHL13;UBE2J2;RNFT1;TNKS2;ZSWIM8;MARCHF8;MARCHF7;HACE1;UBE2B;FANCL;SMURF1;FANCA;HUWE1;WWP1;FANCC;FANCE;FANCG;CHFR;RNF146;UBE2W;ITCH;TRIM39;MDM2;RNF181;ERCC8;TRIM37;FBXL5;RNF141;RNF185;UBE2K;DZIP3;RAD18;TRIM33,Cd2bp2,rmats,1655,GO_Biological_Process_2023
Regulation Of DNA Metabolic Process (GO:0051052),26/124,0.0015395882168134389,2.971786873128625,34.78219532563113,ANKRD17;INO80E;USP37;EHMT2;JADE1;SMC5;ORC5;ING4;TFPT;RUVBL2;UIMC1;SMARCAD1;KAT7;ATXN7L3;NFRKB;SLF1;ESCO1;ACTR5;NSMCE2;THOC1;YLPM1;SIRT7;TERF2;CCDC88A;TADA3;TAF2,Cd2bp2,rmats,1655,GO_Biological_Process_2023
Mitotic Sister Chromatid Segregation (GO:0000070),24/111,0.001865461320023466,3.0880991141461767,35.399966038376924,BECN1;ABRAXAS1;NCAPG2;MIS12;SPICE1;WAPL;EML3;EML4;WRAP73;STAG1;STAG2;PSRC1;ESPL1;KIFC1;CENPI;CHEK2;CHMP2A;LSM14A;CHMP7;CEP55;DLGAP5;CLASP1;CCDC61;CLASP2,Cd2bp2,rmats,1655,GO_Biological_Process_2023
Regulation Of mRNA Processing (GO:0050684),12/35,0.002311192325617848,5.818201063801635,65.17884222908496,SRPK2;RBM39;TIA1;SLTM;YTHDC1;SAFB2;LARP7;CDK11B;IWS1;JMJD6;SRPK1;SRRM1,Cd2bp2,rmats,1655,GO_Biological_Process_2023
RNA Processing (GO:0006396),33/183,0.0026663665263152374,2.4678791615289764,27.184112316111076,TUT7;PDCD7;CELF1;GEMIN2;FASTKD3;RNPC3;TENT4B;M1AP;RSRC1;U2AF2;EXOSC2;DDX17;SRPK2;RBM39;MBNL1;RBPMS;PABPC4;METTL3;THOC1;LSM5;SRRM1;SRPK1;SETX;LSM6;HNRNPH1;HNRNPA2B1;RBMS1;RNPS1;CDK12;HNRNPC;NRDE2;TARDBP;SLU7,Cd2bp2,rmats,1655,GO_Biological_Process_2023
Negative Regulation Of Translation (GO:0017148),23/107,0.002729511948602659,3.06374737394958,33.53682265348972,TIA1;YTHDF2;YTHDF3;CELF1;ROCK2;FMR1;METTL3;TSC1;CNOT10;PUM1;TYMS;GIGYF2;EIF4ENIF1;ILF3;METTL14;UNK;CNOT1;SERBP1;IGF2BP1;EIF4E2;LSM14A;GAPDH;EIF4G1,Cd2bp2,rmats,1655,GO_Biological_Process_2023
Proteasome-Mediated Ubiquitin-Dependent Protein Catabolic Process (GO:0043161),49/319,0.002729511948602659,2.042514182925142,22.280528644940755,RNF10;FAF2;ZFAND2B;ARRB2;CDC27;BTRC;FBXW5;FBXW11;FBXO17;ARMC8;PPP2R5C;SIRT2;DDB1;PLAA;RBCK1;BIRC2;ANAPC16;PSMD13;SEL1L;AMBRA1;UBE2J2;BAG6;RMND5B;AMN1;SHARPIN;MTA1;ZSWIM8;TBL1X;ASCC3;RFFL;ANKZF1;KLHDC10;UBE2B;RHBDD2;SMURF1;WWP1;ERLIN2;PML;FBXL12;SPSB3;UBE2W;ITCH;JKAMP;MDM2;ERCC8;FBXL5;RNF185;UBE2K;FBXL6,Cd2bp2,rmats,1655,GO_Biological_Process_2023
DNA-templated DNA Replication Maintenance Of Fidelity (GO:0045005),13/43,0.00391422294882629,4.833434835566383,50.66091563892226,MUS81;ZRANB3;SMARCAL1;CENPX;FANCM;DDX11;ATRX;DONSON;THOC1;PRIMPOL;CAMSAP3;TIMELESS;POLE,Cd2bp2,rmats,1655,GO_Biological_Process_2023
Protein Localization (GO:0008104),52/351,0.00391422294882629,1.9578507689386748,20.500515923376334,CCDC120;PDCD6;ITSN1;RAB22A;AP4M1;HERC2;SH3PXD2B;ARFIP2;TLK1;ARFIP1;TMED1;USP4;AKTIP;TSC2;ANK3;FAM91A1;ATG13;BIN3;RRAGB;PEX5;RABL3;PICK1;ATG4B;ARHGEF2;SLU7;RAB5C;STX16;STXBP2;ARFRP1;KIF3A;NPHP1;MFN2;SNX9;DMD;STX3;RAB6A;SEC31A;CTSA;ACD;STK11IP;SMURF1;SYNRG;ASPSCR1;NBEAL1;AP4B1;SEC23IP;IFT22;HOOK2;CROCC;RAB3GAP2;VIPAS39;VPS45,Cd2bp2,rmats,1655,GO_Biological_Process_2023
Organelle Organization (GO:0006996),59/418,0.0048443130995996396,1.8520779665040037,18.930778765841534,USP6NL;ABCD4;PI4K2B;FAF2;MIA3;GABPB1;SMPD4;ZMYM4;TRAPPC11;TMED1;DNM1L;CEP55;COG2;CSNK1D;PRPF40A;PEX1;CFAP410;GAK;TMEM135;HAX1;BIN1;RAB34;PEX6;CHMP7;TAFAZZIN;TOR1AIP2;FGD1;CAMSAP1;CECR2;RHOT1;KIF3A;MICAL1;DYM;PACSIN3;EPS15;CLASP1;SEC31A;PAK4;CLASP2;CENPT;HACE1;YTHDF2;YTHDF3;ATP8B2;MTX1;NAA10;MTX2;SEC16A;TRAPPC8;TOR1B;MCOLN1;FANCG;TJAP1;FMNL3;SEC23IP;ADCK1;GOLGB1;CHMP2A;TRIP11,Cd2bp2,rmats,1655,GO_Biological_Process_2023
Regulation Of Cilium Assembly (GO:1902017),17/71,0.006563539401369203,3.515432098765432,34.74145677547407,USP6NL;ATG3;TBC1D19;RABGAP1;TBC1D9B;LIMK2;CEP120;DYNLT2B;TCHP;CCDC88A;ODF2L;CROCC;TBC1D14;ENTR1;TBC1D17;TBC1D22A;TBC1D22B,Cd2bp2,rmats,1655,GO_Biological_Process_2023
Mitotic Recombination (GO:0006312),7/14,0.0066448224568506084,11.12742718446602,109.45323611220071,RAD52;RAD50;MSH3;NSMCE2;XRCC3;SMC5;RAD54B,Cd2bp2,rmats,1655,GO_Biological_Process_2023
Positive Regulation Of Telomere Maintenance (GO:0032206),14/52,0.006783758217290567,4.110106161198242,40.050540018196706,INO80E;ACTR5;ATRX;TERF1;TERF2;PML;GNL3;TFPT;RAD50;TNKS2;TNIP1;RUVBL2;HNRNPA2B1;NFRKB,Cd2bp2,rmats,1655,GO_Biological_Process_2023
Regulation Of Cell Cycle (GO:0051726),45/298,0.006783758217290567,1.9987233938084599,19.427697198741853,ANKRD17;CDC123;INO80E;ANAPC16;JADE1;HTRA2;FOXM1;ING4;TFPT;STK11;RUVBL2;CDC27;KAT7;E4F1;RPRD1B;CCNL2;BRD8;DMAP1;NFRKB;KAT14;DLGAP5;MAP2K6;SRPK2;NEK9;ZBTB17;ACTR5;METTL3;TSC2;TSC1;PUM1;CDK11B;SIRT2;HCFC1;GADD45G;HIPK2;TADA2A;ZZZ3;MRGBP;BIN1;TADA3;MDM2;NF2;TARDBP;FGFR2;BIRC2,Cd2bp2,rmats,1655,GO_Biological_Process_2023
Intracellular Protein Transport (GO:0006886),48/325,0.006783758217290567,1.948299295276307,18.9006934885061,RPAIN;RAB5C;TSG101;NUP188;STX16;FUT10;PDCD6;STXBP2;RAB22A;AP4M1;ARFRP1;EIF4ENIF1;HERC2;ARFIP2;TLK1;ARFIP1;HOMER3;SNX9;TMED1;STX3;RAB6A;TNPO2;AP1M2;SEC31A;CTSA;ACD;STRADA;SMURF1;SYNRG;STRADB;SEC16A;RANBP17;ASPSCR1;HPS4;TSC2;FAM91A1;AP4B1;CAMSAP3;SEC23IP;IFT22;RABL3;PICK1;RAB3GAP2;PREB;VIPAS39;ARHGEF2;VPS45;SLU7,Cd2bp2,rmats,1655,GO_Biological_Process_2023
Protein Deacetylation (GO:0006476),12/40,0.006783758217290567,4.7779323537083735,46.30050890724119,HDAC5;HDAC3;MTA1;HDAC10;MIER1;MSL3;SUDS3;TBL1X;SIRT7;MTA3;SIRT2;SIRT3,Cd2bp2,rmats,1655,GO_Biological_Process_2023
Regulation Of Multicellular Organismal Development (GO:2000026),15/59,0.007094039482982298,3.8042544345898004,36.58467595007177,BRD1;INO80E;BRPF3;ACTR5;EHMT1;BLTP1;BAG6;TFPT;TADA2A;ZZZ3;RACGAP1;RUVBL2;TADA3;NFRKB;KAT14,Cd2bp2,rmats,1655,GO_Biological_Process_2023
Golgi To Plasma Membrane Transport (GO:0006893),13/47,0.007952045056562012,4.263864010890592,40.28087428040155,MACF1;SEC16A;EXOC6B;GCC2;ANK3;ARFRP1;GOLGA4;PREPL;RABEP1;RAB34;EXOC5;PHAF1;LLGL1,Cd2bp2,rmats,1655,GO_Biological_Process_2023
Protein Monoubiquitination (GO:0006513),13/47,0.007952045056562012,4.263864010890592,40.28087428040155,RNF10;FANCL;FANCA;HUWE1;FANCC;FANCE;FANCG;UBE2W;ITCH;WAC;MARCHF7;TRIM37;RAD18,Cd2bp2,rmats,1655,GO_Biological_Process_2023
Regulation Of mRNA Stability (GO:0043488),17/74,0.008748414748830853,3.3298631193368036,31.050719794530973,YTHDF2;YTHDF3;CELF1;ROCK2;FASTKD3;FMR1;METTL3;CIRBP;PUM1;GIGYF2;PUM2;EIF4ENIF1;METTL14;SERBP1;IGF2BP1;NRDE2;ZC3H14,Cd2bp2,rmats,1655,GO_Biological_Process_2023
Positive Regulation Of DNA Repair (GO:0045739),19/89,0.00921878191787874,3.032003143555711,27.876813972573597,PBRM1;INO80E;SLF1;TMEM161A;HDAC10;MGMT;ACTR5;DDX11;FOXM1;ARID1A;ARID1B;SPIDR;TFPT;FAM168A;RUVBL2;UIMC1;TIMELESS;SPIRE1;NFRKB,Cd2bp2,rmats,1655,GO_Biological_Process_2023
Negative Regulation Of RNA Metabolic Process (GO:0051253),6/11,0.00921878191787874,13.346270466949667,122.64926237124145,ZC3H10;SHQ1;TMBIM6;NRDE2;PTBP2;PTBP3,Cd2bp2,rmats,1655,GO_Biological_Process_2023
Interstrand Cross-Link Repair (GO:0036297),11/36,0.00921878191787874,4.9031630170316305,44.97977157837704,DCLRE1A;CENPX;FANCM;FANCL;FANCD2;XRCC3;FANCA;FAAP24;FANCC;FANCE;FANCG,Cd2bp2,rmats,1655,GO_Biological_Process_2023
Protein Phosphorylation (GO:0006468),66/500,0.00921878191787874,1.7141552087653307,15.723037091797131,ATF2;GMFG;ILK;IKBKB;STK11;PPP4R1;CHEK2;STK16;TLK2;TLK1;ERC1;EPHB4;TBP;CHUK;STRADA;DAPK2;STRADB;MINK1;ADAM10;VRK1;CSNK1D;CSNK1E;ATG13;PRKAB1;ILF3;MELK;CREB1;PICK1;BIRC6;SIK2;CSNK1G2;CAMK1G;BECN1;USP15;CAB39;ROCK2;SRC;PRKCZ;IRAK1;STK38;MAP4K5;MARK3;MARK2;MAP4K4;PAK4;PLK4;SRPK2;UVRAG;LIMK2;CDC7;CLK4;CDK11B;PTK2;HIPK2;SRPK1;CLK2;BCKDK;CLK1;CDK8;STK25;STK26;COQ8B;CDK12;FGFR2;TAF2;MAP3K12,Cd2bp2,rmats,1655,GO_Biological_Process_2023
"mRNA Splicing, Via Spliceosome (GO:0000398)",34/211,0.01130289739921047,2.152929244345926,19.25821741602232,YTHDC1;GEMIN2;PPWD1;RBM4B;WDR83;RNPC3;CWC27;U2AF1L4;METTL14;RSRC1;U2AF2;RALY;DDX17;SRPK2;BUD31;METTL3;PRPF40B;PRPF40A;LSM5;DNAJC17;SRRM1;SRPK1;LSM2;HNRNPM;LSM7;LSM6;HNRNPH1;HNRNPA2B1;GEMIN5;RNPS1;HNRNPC;GEMIN8;PPIL3;SLU7,Cd2bp2,rmats,1655,GO_Biological_Process_2023
mRNA Destabilization (GO:0061157),12/43,0.011400564601563246,4.31484499244105,38.46050002762823,MOV10;METTL14;TUT7;YTHDF2;YTHDF3;CELF1;ROCK2;CNOT1;METTL3;PUM1;TARDBP;GIGYF2,Cd2bp2,rmats,1655,GO_Biological_Process_2023
Positive Regulation Of Double-Strand Break Repair (GO:2000781),18/84,0.012072302660770114,3.0453157105570057,26.901728721321575,PBRM1;SLF1;KMT5C;MGMT;DDX11;FOXM1;ARID1A;ARID1B;SPIDR;MRGBP;RUVBL2;TIMELESS;SPIRE1;KMT5B;MMS19;TRAPPC13;BRD8;DMAP1,Cd2bp2,rmats,1655,GO_Biological_Process_2023
Establishment Or Maintenance Of Apical/Basal Cell Polarity (GO:0035088),9/26,0.01230632570471895,5.894932456579229,51.83194607241418,PATJ;DLG1;DLG3;DLG5;SCRIB;PRKCZ;MARK2;LLGL1;PALS1,Cd2bp2,rmats,1655,GO_Biological_Process_2023
Mitotic Spindle Assembly (GO:0090307),12/44,0.013579929008667078,4.179777845404748,36.24971671968111,WRAP73;STAG1;STAG2;RACGAP1;ABRAXAS1;KIFC1;CHEK2;SPICE1;LSM14A;CLASP1;CCDC61;CLASP2,Cd2bp2,rmats,1655,GO_Biological_Process_2023
Endocytosis (GO:0006897),31/189,0.013988214796705825,2.1972508885701814,18.914313102247675,DENND1C;LMBR1L;PIK3C2A;CLINT1;RABEPK;RAB22A;AP3M1;CLN3;SNX9;ATP9B;EPS15;TSC2;CSNK1D;CSNK1E;EPS15L1;HSPG2;BLTP1;EPN1;JMJD6;EPN2;GAK;DAB2;BIN3;HOOK2;BIN1;RAB34;OCIAD1;RIN3;PI4KB;CSNK1G2;PICALM,Cd2bp2,rmats,1655,GO_Biological_Process_2023
Positive Regulation Of Translation (GO:0045727),21/108,0.013988214796705825,2.697125733338961,23.19891428601666,JMJD4;CDC123;USP16;YTHDF2;YTHDF3;POLDIP3;FMR1;FASTKD3;METTL3;RMND1;CIRBP;MPV17L2;YBX3;RCC1L;METTL14;PKM;RPUSD3;RPS6KB2;IGF2BP1;EIF4G3;OGT,Cd2bp2,rmats,1655,GO_Biological_Process_2023
Regulation Of Chromatin Organization (GO:1902275),9/27,0.015742401533195442,5.567132442284326,47.11465100494549,SETD5;KANSL1;KANSL3;TLK2;TLK1;MSL3;OGT;HCFC1;MSL1,Cd2bp2,rmats,1655,GO_Biological_Process_2023
Positive Regulation Of mRNA Catabolic Process (GO:0061014),12/45,0.015792823152111852,4.0528965860676145,34.206452115152246,EIF4ENIF1;MOV10;METTL14;YTHDF2;YTHDF3;CELF1;ROCK2;CNOT1;METTL3;PUM1;GTPBP1;GIGYF2,Cd2bp2,rmats,1655,GO_Biological_Process_2023
Internal Peptidyl-Lysine Acetylation (GO:0018393),11/39,0.016463902747647415,4.377107229753215,36.67564344209441,BAG6;ATAT1;PHF20L1;MRGBP;TADA2A;RUVBL2;TADA3;KAT7;BRD8;DMAP1;KAT14,Cd2bp2,rmats,1655,GO_Biological_Process_2023
Replication Fork Processing (GO:0031297),12/46,0.019027935373181728,3.9334789302209017,32.31424671735374,MUS81;ZRANB3;SMARCAL1;RAD50;CENPX;FANCM;DDX11;ATRX;DONSON;THOC1;BRCA2;PRIMPOL,Cd2bp2,rmats,1655,GO_Biological_Process_2023
Non-Membrane-Bounded Organelle Assembly (GO:0140694),24/135,0.019204581485345932,2.4172204086367177,19.788766613173376,CENPT;TIA1;HDAC3;YTHDF2;YTHDF3;TUBGCP2;FMR1;MIS12;CIRBP;PRRC2C;CSNK1D;HAUS6;HAUS5;ZFYVE1;EDC3;EIF4ENIF1;NCOR1;HAUS8;SH3PXD2B;TUBGCP5;TUBGCP4;LSM14A;DLGAP5;CCDC61,Cd2bp2,rmats,1655,GO_Biological_Process_2023
Protein-Containing Complex Assembly (GO:0065003),46/328,0.019204581485345932,1.8312285944752258,14.91125439299762,KMT2D;BECN1;CDC123;GPAA1;TUBGCP2;SRC;PDCD6;MIS12;OMA1;HIGD1A;PIK3C2A;SLC9A3R2;ZNHIT6;SH3PXD2B;HSF1;TRAPPC11;SNX9;DMD;DNM1L;EPS15;DLGAP5;CENPT;CARD10;UVRAG;DNAAF3;FANCA;CSNK1D;ANO6;FANCC;TRAPPC8;TRAF2;PML;TAPBP;GAK;FKBP1A;TIAM1;TFAP4;SHQ1;CHMP2A;MDM2;GEMIN5;PREB;TCF4;TUBGCP4;LLGL1;PICALM,Cd2bp2,rmats,1655,GO_Biological_Process_2023
Establishment Or Maintenance Of Epithelial Cell Apical/Basal Polarity (GO:0045197),11/40,0.019204581485345932,4.225941773638728,34.375329856228845,CAMSAP3;PATJ;DLG1;DLG3;DLG5;SCRIB;SYNE4;PRKCZ;MARK2;LLGL1;PALS1,Cd2bp2,rmats,1655,GO_Biological_Process_2023
Proteasomal Protein Catabolic Process (GO:0010498),34/220,0.019204581485345932,2.0477403434757515,16.65464555209326,PSMD13;ZFAND2B;SEL1L;ARRB2;AMBRA1;BAG6;RMND5B;SHARPIN;MTA1;ZSWIM8;TBL1X;BTRC;SOCS6;RFFL;FBXW5;UBE2B;FBXW11;SMURF1;WWP1;ARMC8;PPP2R5C;SIRT2;PML;DDB1;SPSB3;UBE2W;ITCH;MDM2;PLAA;ERCC8;RBCK1;RNF185;UBE2K;BIRC2,Cd2bp2,rmats,1655,GO_Biological_Process_2023
tRNA Modification (GO:0006400),15/67,0.01978074800882615,3.217577392120075,26.01807180828452,PUS3;AARS2;ANKRD16;OSGEPL1;TYW5;TPRKB;TRMT1;MTO1;OSGEP;TRIT1;DTWD2;DUS2;CTU2;PUSL1;DUS3L,Cd2bp2,rmats,1655,GO_Biological_Process_2023
Microtubule Nucleation (GO:0007020),8/23,0.02161033854186365,5.935640558591378,47.37040737944908,TUBGCP2;CENPJ;TUBGCP5;CSNK1D;TUBGCP4;CLASP1;CLASP2;NDEL1,Cd2bp2,rmats,1655,GO_Biological_Process_2023
Phosphatidylethanolamine Biosynthetic Process (GO:0006646),5/9,0.02273771711925686,13.89469696969697,109.94891497078497,SLC27A1;CHKB;PCYT2;CHKA;SELENOI,Cd2bp2,rmats,1655,GO_Biological_Process_2023
Endosomal Transport (GO:0016197),29/180,0.024106570457011724,2.1489618207440353,16.843614657454633,DENND1C;TMEM87B;STX16;ITSN1;ARHGAP1;GCC2;ARFRP1;AP5M1;DENND10;SNX9;ERC1;ENTR1;RAB6A;TBC1D17;EPS15;VPS39;PLEKHJ1;WASHC3;VPS16;ANKRD27;EPS15L1;PHETA1;RBSN;BLTP1;PREPL;ALMS1;RAB13;CHMP2A;PICALM,Cd2bp2,rmats,1655,GO_Biological_Process_2023
Histone Deacetylation (GO:0016575),10/36,0.030267293633533424,4.283142389525368,32.52695580613701,HDAC5;HDAC3;MTA1;MIER1;MSL3;SUDS3;TBL1X;SIRT7;MTA3;SIRT2,Cd2bp2,rmats,1655,GO_Biological_Process_2023
RNA Destabilization (GO:0050779),7/19,0.03159168344405793,6.489229368932039,48.7964446432853,METTL14;YTHDF2;YTHDF3;ROCK2;METTL3;PUM1;GIGYF2,Cd2bp2,rmats,1655,GO_Biological_Process_2023
Cortical Actin Cytoskeleton Organization (GO:0030866),7/19,0.03159168344405793,6.489229368932039,48.7964446432853,FMNL3;IKBKB;NCKAP1;DLG1;ROCK2;RAB13;LLGL1,Cd2bp2,rmats,1655,GO_Biological_Process_2023
Positive Regulation Of DNA-templated Transcription (GO:0045893),135/1243,0.0334837156506549,1.3816947320919628,10.286261701748778,ATF2;CRTC2;CRTC1;UBP1;PRDM2;RBPJ;GABPB1;HMGN5;RUVBL2;CHEK2;KAT7;BTRC;ATXN7L3;NFRKB;RNF111;GTF2I;DDX17;FBXW11;THOC1;PTOV1;MRTFA;RFX3;ISL1;GTF2F2;HCFC1;JMJD6;THAP3;ILF3;KMT2D;INO80E;STXBP2;HIF1A;BCL2L12;DHX33;TASP1;E4F1;RPRD1B;DMAP1;LYAR;BPTF;ZBTB17;POU2F1;HMGA1;RFXANK;SETX;MLLT10;DAB2;MAVS;MRGBP;TADA3;TCF4;MMS19;CDK12;OGT;FGFR2;PICALM;MAP3K12;KDM5A;RNF10;SETD3;RNF14;CHD6;ILK;FOXM1;BRCA2;CDC73;IKBKB;MED12;EDRF1;MED14;SIN3A;GABPA;NCOA2;PPP1R12A;CHUK;ACTR6;ACTR5;NCOA3;ATRX;TFE3;MSL3;SIRT7;PPRC1;ARID1A;ZFX;ARID1B;SIRT2;ZFP90;MSL1;GNL3;MED22;TOX3;HAX1;CREB1;PSRC1;IRF3;TFDP2;WAC;ARHGEF2;HDAC5;GTF2A2;HDAC3;USP16;MYRF;WBP2;SRF;TFPT;BCLAF1;MTA1;MAPK7;NSD1;HSF1;BRD8;APBB1;TBL1X;MTA3;E2F8;BRD4;TCF7L2;PCGF5;NR1H2;NFYC;ATAD2;RRP1B;USF1;VEGFA;HIPK2;TFAP4;TNIP1;KANSL1;KANSL3;QRICH1;CRLF3;TAF2;SSBP4,Cd2bp2,rmats,1655,GO_Biological_Process_2023
Ubiquitin-Dependent Protein Catabolic Process (GO:0006511),49/367,0.0334837156506549,1.7296047839469912,12.852119771852587,RNF13;RNF14;USP33;ZFAND2B;OTUD7B;ARRB2;ARIH2;BTRC;RNF111;UBL7;FBXW5;FBXW11;ARMC8;PPP2R5C;SIRT2;DDB1;PLAA;RBCK1;CHMP7;BIRC2;TSG101;PSMD13;UBA6;AMBRA1;BAG6;RMND5B;SHARPIN;MTA1;ZSWIM8;TBL1X;RFFL;HACE1;NDFIP1;UBE2B;SMURF1;WWP1;USP28;CHFR;PML;RNF146;SPSB3;UBE2W;ITCH;TTC3;CHMP2A;MDM2;ERCC8;RNF185;UBE2K,Cd2bp2,rmats,1655,GO_Biological_Process_2023
Histone H2A-K119 Monoubiquitination (GO:0036353),4/6,0.03402833390392756,22.22047244094488,164.42030378230768,PCGF5;PCGF2;PCGF1;TRIM37,Cd2bp2,rmats,1655,GO_Biological_Process_2023
"Regulation Of mRNA Splicing, Via Spliceosome (GO:0048024)",18/94,0.03427504195431444,2.643169469183037,19.49986989586248,DDX17;SRPK2;RBM39;RBM25;RBM47;TIA1;CELF1;SFSWAP;YTHDC1;FMR1;CIRBP;LARP7;JMJD6;SRRM1;SRPK1;U2AF2;RNPS1;RBM7,Cd2bp2,rmats,1655,GO_Biological_Process_2023
Regulation Of Intracellular Estrogen Receptor Signaling Pathway (GO:0033146),8/25,0.0346571887336692,5.236758455659131,38.43306209292448,KMT2D;WBP2;CNOT1;UBA5;CNOT2;UFSP2;ISL1;STRN3,Cd2bp2,rmats,1655,GO_Biological_Process_2023
Plasma Membrane Bounded Cell Projection Assembly (GO:0120031),39/275,0.0346571887336692,1.8518496182245343,13.587728132429518,DYNLT2B;ASAP1;FGD1;CDC14B;NUDCD3;ABLIM1;TBC1D31;ARL13B;KIF3A;WDR90;TCTN2;ARFIP2;IFT57;BBS5;RAB8B;MAP4K4;PLK4;IQCB1;SEPTIN2;MINK1;RFX3;SEPTIN6;IFT122;CPLANE1;ANO6;OCRL;BBIP1;ATAT1;FMNL3;CCDC88A;IFT22;IFT81;TMEM237;RP2;CENPJ;STK26;SPATA13;B9D2;CEP20,Cd2bp2,rmats,1655,GO_Biological_Process_2023
Organelle Assembly (GO:0070925),44/322,0.035651898664352887,1.7750001116425296,12.948448622981887,BECN1;TSG101;FMR1;DYNLT2B;ASAP1;AMBRA1;CDC14B;AP4M1;AP3M1;NUDCD3;ABLIM1;TBC1D31;ARL13B;KIF3A;WDR90;TCTN2;IFT57;BBS5;RAB8B;PLK4;IQCB1;ATG3;YTHDF2;YTHDF3;SEPTIN2;HPS4;RFX3;SEPTIN6;IFT122;CPLANE1;OCRL;BBIP1;ATG13;ATAT1;IFT22;IFT81;ATG16L1;TMEM237;RP2;CENPJ;CHMP2A;B9D2;CEP20;CHMP7,Cd2bp2,rmats,1655,GO_Biological_Process_2023
Endomembrane System Organization (GO:0010256),30/196,0.039174005613417016,2.021760889712697,14.518746875352528,USP6NL;PI4K2B;TOR1AIP2;MIA3;RAB22A;SMPD4;DYM;TRAPPC11;TMED1;DNM1L;CLASP1;SEC31A;PLEKHJ1;CLASP2;HACE1;ATP8B2;SEC16A;AKTIP;COG2;CSNK1D;TRAPPC8;ANK3;TOR1B;PHETA1;TJAP1;GAK;SEC23IP;HOOK2;GOLGB1;TRIP11,Cd2bp2,rmats,1655,GO_Biological_Process_2023
Phosphorylation (GO:0016310),55/429,0.039174005613417016,1.6517463235294119,11.847827075529569,PANK2;GMFG;ILK;IKBKB;STK11;PPP4R1;CHEK2;TLK2;TLK1;TBP;CHUK;SPHK2;STRADA;DAPK2;STRADB;MINK1;ADAM10;VRK1;CSNK1D;CSNK1E;ATG13;PRKAB1;ILF3;MELK;CREB1;PICK1;BIRC6;SIK2;CSNK1G2;BECN1;ROCK2;PRKCZ;IRAK1;STK38;MAP4K5;MARK3;MARK2;MAP4K4;PAK4;PLK4;SRPK2;UVRAG;LIMK2;CDK11B;PTK2;HIPK2;SRPK1;CLK2;BCKDK;CDK8;STK25;STK26;COQ8B;TAF2;MAP3K12,Cd2bp2,rmats,1655,GO_Biological_Process_2023
Regulation Of Cellular Component Organization (GO:0051128),25/153,0.039213051576161145,2.182826878834356,15.62534650217932,SETD5;TFRC;ROCK2;HJURP;JADE1;ING4;STK11;TLK2;PACSIN3;TLK1;KAT7;CCNL2;PAK4;RAB4A;EGLN2;TSC2;TRAF2;PTPN11;CDK11B;BLTP1;HCFC1;CAMSAP3;ITCH;ANKRA2;PICALM,Cd2bp2,rmats,1655,GO_Biological_Process_2023
Regulation Of Telomere Maintenance (GO:0032204),10/38,0.03954551353673913,3.976769431176726,28.3387371155061,SLF1;RAD50;ATRX;NSMCE2;YLPM1;SMC5;TERF1;TERF2;PML;GNL3,Cd2bp2,rmats,1655,GO_Biological_Process_2023
Histone H4-K5 Acetylation (GO:0043981),6/15,0.03954551353673913,7.4129775621588845,52.61154282934576,ING4;KANSL1;KANSL3;JADE1;KAT7;OGT,Cd2bp2,rmats,1655,GO_Biological_Process_2023
Histone H4-K8 Acetylation (GO:0043982),6/15,0.03954551353673913,7.4129775621588845,52.61154282934576,ING4;KANSL1;KANSL3;JADE1;KAT7;OGT,Cd2bp2,rmats,1655,GO_Biological_Process_2023
Regulation Of mRNA Metabolic Process (GO:1903311),6/15,0.03954551353673913,7.4129775621588845,52.61154282934576,SRPK2;SLTM;SAFB2;CDK11B;IWS1;SRPK1,Cd2bp2,rmats,1655,GO_Biological_Process_2023
"RNA Splicing, Via Transesterification Reactions With Bulged Adenosine As Nucleophile (GO:0000377)",28/180,0.040875533999088075,2.0598291980720087,14.520204972207399,YTHDC1;PPWD1;RBM4B;WDR83;CWC27;RNPC3;U2AF1L4;METTL14;RSRC1;U2AF2;RALY;BUD31;METTL3;PRPF40B;PRPF40A;LSM5;SRRM1;LSM2;HNRNPM;LSM7;LSM6;HNRNPH1;HNRNPA2B1;GEMIN5;RNPS1;HNRNPC;PPIL3;SLU7,Cd2bp2,rmats,1655,GO_Biological_Process_2023
Mitotic Nuclear Division (GO:0140014),11/45,0.040875533999088075,3.603495777873193,25.364373022057325,ESPL1;CENPI;KIFC1;MIS12;NCAPG2;CHMP2A;CHMP7;CLASP1;WAPL;CLASP2;NDEL1,Cd2bp2,rmats,1655,GO_Biological_Process_2023
Golgi Organization (GO:0007030),22/130,0.04485971024592685,2.274920051711234,15.772915285594992,USP6NL;PI4K2B;HACE1;ATP8B2;SEC16A;COG2;GCC2;CSNK1D;VRK1;TRAPPC8;TJAP1;GAK;SEC23IP;PDCD10;STK25;GOLGB1;TRAPPC11;DYM;TRIP11;TMED1;CLASP1;CLASP2,Cd2bp2,rmats,1655,GO_Biological_Process_2023
Organelle Transport Along Microtubule (GO:0072384),10/39,0.045548978697215796,3.839429829158369,26.514622493111514,UXT;CLN3;RHOT1;FBXW11;KXD1;COPG2;COPG1;RAB6A;BORCS7;NDEL1,Cd2bp2,rmats,1655,GO_Biological_Process_2023
Regulation Of Type I Interferon-Mediated Signaling Pathway (GO:0060338),9/33,0.049430447469411484,4.173982381530984,28.419695186346726,RBM47;MAVS;YTHDF2;YTHDF3;METTL3;IGF2BP1;PTPN11;RNF185;UBE2K,Cd2bp2,rmats,1655,GO_Biological_Process_2023
Epigenetic Regulation Of Gene Expression (GO:0040029),16/83,0.049430447469411484,2.6631455292178523,18.052866430098558,ATF2;SUV39H2;HDAC5;SPHK2;WBP2;USP21;DNMT3A;SIRT7;ARID1B;SIRT2;ZDBF2;MTA1;MTF2;KAT7;TRIM37;EZH2,Cd2bp2,rmats,1655,GO_Biological_Process_2023
Regulation Of Cell Division (GO:0051302),16/83,0.049430447469411484,2.6631455292178523,18.052866430098558,BECN1;UVRAG;NCOA3;PRPF40A;KLHL13;SIRT2;TLE6;TADA2A;ZZZ3;CSPP1;TADA3;CDK2AP2;BIRC6;ENTR1;KAT14;FGFR2,Cd2bp2,rmats,1655,GO_Biological_Process_2023
Cortical Cytoskeleton Organization (GO:0030865),8/27,0.049430447469411484,4.685009427028409,31.713544125057318,IKBKB;FMNL3;NCKAP1;DLG1;ROCK2;EPB41L3;RAB13;LLGL1,Cd2bp2,rmats,1655,GO_Biological_Process_2023
Post-Transcriptional Gene Silencing (GO:0016441),5/11,0.049430447469411484,9.262121212121212,62.56380751326851,MOV10;CELF1;HELZ;PUM1;GIGYF2,Cd2bp2,rmats,1655,GO_Biological_Process_2023
Regulation Of RNA Metabolic Process (GO:0051252),17/91,0.049430447469411484,2.5625103125103124,17.305859737709664,ZC3H10;MBNL1;YTHDF2;CELF1;RRP1B;CLK4;PTBP2;PTBP3;CLK2;CLK1;PCBP3;HNRNPH1;ESRP1;TADA3;CCNL2;RBM12;ATXN7L3,Cd2bp2,rmats,1655,GO_Biological_Process_2023
Intracellular Membrane-Bounded Organelle (GO:0043231),587/5175,3.965781377230081e-17,1.6480378303276093,71.88010680758198,ATF2;TFRC;EHMT2;ITSN1;EHMT1;DCAF8;SMC5;RBPJ;GABPB1;ALKBH6;DCAF1;PPP4R2;BBX;NFRKB;RNF111;DDX17;HES6;MBNL1;DDX11;DAPK2;RFX3;MRTFA;ARMC8;RFX1;ISL1;PRKAB1;GTPBP4;SCAMP3;HCFC1;EML3;MED7;NISCH;BIN1;SRFBP1;SDR39U1;COPS7B;RNPC3;HIF1A;MTDH;LDHA;NTHL1;ZSCAN10;LTA4H;PUSL1;KAT14;LHPP;CTC1;PHC2;PHC1;HACE1;TIPARP;FUCA1;LARP7;TMEM192;CDC7;NR2F6;SETX;MOV10;HNRNPM;MLLT10;FIBP;TADA2A;TDP2;GTF2IRD1;MMS19;HNRNPC;CDK12;PKIG;RAD18;EZH2;CEP57;DENND1C;PHF3;SETD5;SETD6;NCAPG2;TDRP;MED15;CLINT1;MED12;ING4;MED14;DLGAP5;BRD1;WDR37;DUSP1;SPHK2;SIRT7;TERF1;TERF2;RBSN;SIRT2;GNL3;SIRT3;DDB1;NCOR2;MED22;AFTPH;NCOR1;KIFC1;MED20;MTF2;ERGIC2;MYRF;CIPC;WDR24;BCLAF1;BTAF1;NSD1;NSD2;PCGF1;PMS2;BRD9;BRD8;PMS1;NKTR;BRD4;SLF1;TRMT10B;EGLN2;YTHDF2;ATAD5;PCGF5;MGMT;SEPTIN2;NR1H2;PCGF2;ATAD2;YLPM1;TRMT1;RRP1B;HIPK2;RNF146;SRRD;SERBP1;PWWP3A;ZYX;CRLF3;PDCD6;FMR1;CTNND1;FBXO25;UBP1;RPL10A;VIRMA;CDC14B;EDC4;PPP1CC;EIF4ENIF1;STK11;HMGN5;RUVBL2;SMARCAD1;KMT5B;CLCC1;HMGN2;NEPRO;GTF2I;TLE3;TLE1;KMT5C;RALGAPA1;USP4;USP3;IPMK;THOC1;VRK1;CDC25C;GTF2F2;TLE6;THOC7;THOC6;FOXP1;ILF3;CLIP1;MSH3;PKP4;CSNK1G2;IPPK;ANKRD17;KMT2D;ANKRD16;ANKRD11;GPATCH2L;ORC5;BCL2L12;BAG6;STK38;SAFB2;KHDC4;IP6K1;AP1M2;OSBPL9;CHTOP;TIA1;ANKRD27;FANCL;BRPF3;FANCA;RFXANK;FANCC;FANCE;LSM5;LSM2;DRAP1;CDK8;DAB2;LSM7;CNOT6;DAB1;LSM6;P4HA1;P4HA2;CNOT2;TADA3;PIR;MDM2;NF2;OSBPL1A;OGT;MDM1;RAD9A;EIF4G1;RNF10;RNF13;CELF1;RNF14;FHL1;UFSP2;ARRB2;PIK3C2A;FOXM1;CDC73;RESF1;METTL14;SIN3A;PPP6R3;TRIM68;TLK2;TLK1;DNM1L;TNPO2;ILKAP;DSP;RFC1;ACTR6;ACTR5;ATRX;DNMT3A;MSL3;PTBP2;REXO4;MSL1;PTBP3;TRAF7;ASPM;METTL22;NPEPL1;PKM;ESPL1;TFDP2;SLC25A19;DNAJC5;ESRP1;LANCL2;TMBIM6;BIRC6;DNAJC8;GAPDH;BIRC2;HDAC5;GTF2A2;HDAC3;PPM1M;WBP2;SRF;LENG8;AMBRA1;PRIMPOL;CECR2;NFS1;GANAB;HIRIP3;U2AF2;IGF2BP1;ASCC3;DRAM2;POLR2I;E2F6;SMOX;TPRKB;DONSON;PTPN11;EXOG;MCOLN1;PTPN13;PML;RAD52;RAD50;TRIM39;DOLPP1;BCOR;TRIM33;PANK4;SMARCAL1;PANK2;HDAC10;SLC35B1;ZMYND8;ECI2;NUDT1;PPAN;TIAL1;UXT;HERC2;CHEK2;CDC27;SPATA24;CPNE1;KAT7;CCNL2;ATXN7L3;JMJD4;ESCO1;METTL3;NSMCE2;CIRBP;RECQL;CSNK1D;CSNK1E;JMJD7;JMJD8;SRRM1;JMJD6;RRAGB;AKAP9;NSMF;PREB;SIK2;ANKRA2;CBLL1;TEX264;MYCBP2;STXBP2;UBE2J2;OSGEP;GMCL1;DHX30;RAB11FIP1;RACGAP1;PCBP3;DHX33;ZNHIT6;NEU1;MIER1;DPH3;PATZ1;LYAR;ATP6V0A1;SEC31A;CTSA;SRPK2;SETDB1;STK11IP;XRCC3;MEMO1;PTK2;WAPL;SRPK1;GADD45G;STAG1;STAG2;GOLGB1;RNPS1;RPS24;CC2D1B;TOP2A;RPAIN;SLC35F6;SUV39H2;TECR;OTUD7B;ZBTB8OS;MIA3;BRCA2;ZMYM2;RSRC1;SUFU;UIMC1;ARIH2;CTSH;SPTAN1;GABPA;TOP3B;NCOA2;GRIPAP1;PBRM1;STRADA;PARP2;PABPC4;STRADB;NCOA3;TFE3;PRMT3;PPRC1;GAK;TOX3;SLTM;HNRNPH1;WAC;SLU7;SLC66A1;STX16;MIS12;AKAP8;FAAP24;TYMS;RAD54B;HSF1;MARCHF7;APBB1;TBL1X;EPS15;APBB3;EXOSC2;MYEF2;NFYC;MOK;HUWE1;APTX;SEC23IP;ITCH;TFAP4;TTC3;HNRNPA2B1;TARDBP;CRTC2;CRTC1;GEMIN2;JADE1;PRDM2;PUS3;SLC30A9;BORA;KDM2B;FBXW11;ANGEL1;ADAM10;TSC2;TSC1;OCRL;CDYL;CFAP410;MAU2;CCNE2;FANCD2;TIMELESS;PLAA;GEMIN5;WDFY2;GEMIN8;ISCU;YTHDC1;PSMD13;UBA5;ARHGAP19;HTRA2;PDS5B;IRAK1;TBC1D14;CAMTA1;RPRD1B;SUDS3;DMAP1;PRODH;ZC3H14;BPTF;UBE2F;CPSF4;CBX5;POU2F1;UBE2B;PHF12;CBX1;HMGA1;ASPSCR1;MACO1;CLK4;BLTP1;AZIN1;CLK2;CLK1;UBE2W;DLG1;HOOK2;TCF4;MAN2B1;UBE2K;FGFR2;PICALM;MUS81;KDM5A;KDM5C;USP37;EDA;RBM26;NAA40;HP1BP3;CHD6;RABEPK;YBX3;SENP6;SNAPC4;RBM7;POLE;KDM6A;POLG;SUN1;USP48;TBP;AKTIP;BUD31;DCXR;PPP2R5B;PPP2R5C;TRNAU1AP;ARID1A;TTI2;EPN2;RABEP1;CREB1;IRF3;RBMS1;ITGB3BP;VAC14;LAMA5;RBM47;USP15;MVK;USP16;ABRAXAS1;POLDIP3;BRAT1;DCTN4;USP11;WIZ;IWS1;RMND5B;CLN3;TFPT;MTA1;MAPK7;TNKS2;CBS;RALY;MTA3;SMNDC1;S100PBP;MUTYH;TCF7L2;KDM4B;KDM4C;NAA10;B3GAT3;LIMK2;SWT1;DTNBP1;LRWD1;USP28;CDK11B;USF1;CHFR;TICRR;NAP1L4;FMNL3;CLCN4;KANSL1;KANSL3;ERCC2;CDK2AP2;ERCC8;ACIN1;QRICH1;RGS12;NRDE2;TAF2;SSBP4,Cd2bp2,rmats,1655,GO_Cellular_Component_2023
Nucleus (GO:0005634),513/4487,4.092788067063507e-15,1.6244651090230104,62.19382862319556,ATF2;EHMT2;EHMT1;DCAF8;SMC5;RBPJ;GABPB1;ALKBH6;DCAF1;PPP4R2;BBX;NFRKB;RNF111;DDX17;HES6;MBNL1;DDX11;DAPK2;RFX3;MRTFA;ARMC8;ISL1;PRKAB1;GTPBP4;HCFC1;EML3;MED7;BIN1;SRFBP1;SDR39U1;COPS7B;RNPC3;HIF1A;MTDH;LDHA;NTHL1;ZSCAN10;LTA4H;KAT14;LHPP;CTC1;PHC2;PHC1;HACE1;TIPARP;LARP7;TMEM192;CDC7;NR2F6;SETX;MOV10;HNRNPM;MLLT10;FIBP;TADA2A;TDP2;GTF2IRD1;MMS19;HNRNPC;CDK12;PKIG;RAD18;EZH2;CEP57;PHF3;SETD5;SETD6;NCAPG2;TDRP;MED15;MED12;ING4;MED14;DLGAP5;BRD1;WDR37;DUSP1;SPHK2;SIRT7;TERF1;TERF2;SIRT2;GNL3;SIRT3;DDB1;NCOR2;MED22;NCOR1;KIFC1;MED20;MTF2;ERGIC2;MYRF;CIPC;BCLAF1;NSD1;NSD2;PCGF1;PMS2;BRD9;BRD8;PMS1;NKTR;BRD4;SLF1;TRMT10B;EGLN2;YTHDF2;ATAD5;PCGF5;MGMT;SEPTIN2;NR1H2;PCGF2;ATAD2;YLPM1;TRMT1;RRP1B;HIPK2;RNF146;SRRD;SERBP1;PWWP3A;ZYX;CRLF3;PDCD6;FMR1;CTNND1;FBXO25;UBP1;RPL10A;VIRMA;CDC14B;EDC4;PPP1CC;EIF4ENIF1;STK11;HMGN5;RUVBL2;SMARCAD1;KMT5B;HMGN2;NEPRO;GTF2I;TLE3;TLE1;KMT5C;RALGAPA1;USP4;USP3;IPMK;THOC1;VRK1;CDC25C;GTF2F2;TLE6;THOC7;THOC6;FOXP1;ILF3;CLIP1;MSH3;PKP4;CSNK1G2;IPPK;ANKRD17;KMT2D;ANKRD16;ANKRD11;GPATCH2L;ORC5;BCL2L12;BAG6;STK38;SAFB2;KHDC4;IP6K1;CHTOP;TIA1;FANCL;BRPF3;FANCA;RFXANK;FANCC;FANCE;LSM5;LSM2;DRAP1;CDK8;LSM7;CNOT6;LSM6;CNOT2;TADA3;PIR;MDM2;NF2;OGT;MDM1;RAD9A;EIF4G1;RNF10;CELF1;RNF14;FHL1;UFSP2;ARRB2;FOXM1;CDC73;RESF1;METTL14;SIN3A;PPP6R3;TRIM68;TLK2;TLK1;TNPO2;ILKAP;DSP;RFC1;ACTR6;ACTR5;ATRX;DNMT3A;MSL3;PTBP2;REXO4;MSL1;PTBP3;ASPM;METTL22;NPEPL1;PKM;ESPL1;TFDP2;SLC25A19;ESRP1;LANCL2;TMBIM6;BIRC6;DNAJC8;GAPDH;BIRC2;HDAC5;GTF2A2;HDAC3;PPM1M;WBP2;SRF;LENG8;AMBRA1;PRIMPOL;CECR2;NFS1;HIRIP3;HAUS8;U2AF2;IGF2BP1;ASCC3;POLR2I;E2F6;TPRKB;DONSON;PTPN11;EXOG;PTPN13;PML;RAD52;RAD50;TRIM39;BCOR;TRIM33;PANK4;SMARCAL1;PANK2;HDAC10;ZMYND8;NUDT1;PPAN;TIAL1;UXT;HERC2;CHEK2;CDC27;SPATA24;CPNE1;KAT7;CCNL2;ATXN7L3;JMJD4;ESCO1;METTL3;NSMCE2;CIRBP;RECQL;CSNK1D;CSNK1E;JMJD7;JMJD8;SRRM1;JMJD6;RRAGB;NSMF;PREB;SIK2;ANKRA2;CBLL1;TEX264;MYCBP2;STXBP2;UBE2J2;OSGEP;GMCL1;DHX30;RACGAP1;PCBP3;DHX33;ZNHIT6;MIER1;DPH3;PATZ1;LYAR;SRPK2;SETDB1;XRCC3;MEMO1;PTK2;WAPL;SRPK1;GADD45G;STAG1;STAG2;RNPS1;RPS24;CC2D1B;TOP2A;RPAIN;SUV39H2;TECR;OTUD7B;ZBTB8OS;BRCA2;ZMYM2;RSRC1;SUFU;UIMC1;ARIH2;GABPA;TOP3B;NCOA2;PBRM1;STRADA;PARP2;PABPC4;STRADB;NCOA3;TFE3;PRMT3;PPRC1;TOX3;SLTM;HNRNPH1;WAC;SLU7;MIS12;AKAP8;TYMS;RAD54B;HSF1;MARCHF7;APBB1;TBL1X;APBB3;EXOSC2;MYEF2;NFYC;MOK;HUWE1;APTX;TFAP4;TTC3;HNRNPA2B1;TARDBP;CRTC2;CRTC1;GEMIN2;JADE1;PRDM2;PUS3;SLC30A9;BORA;KDM2B;FBXW11;ANGEL1;ADAM10;TSC2;TSC1;OCRL;CDYL;MAU2;CCNE2;FANCD2;TIMELESS;PLAA;GEMIN5;GEMIN8;ISCU;YTHDC1;PSMD13;HTRA2;PDS5B;IRAK1;CAMTA1;RPRD1B;SUDS3;DMAP1;ZC3H14;BPTF;UBE2F;CBX5;POU2F1;UBE2B;PHF12;CBX1;HMGA1;ASPSCR1;MACO1;CLK4;BLTP1;AZIN1;CLK2;CLK1;UBE2W;DLG1;TCF4;UBE2K;FGFR2;PICALM;MUS81;KDM5A;KDM5C;USP37;RBM26;NAA40;HP1BP3;CHD6;YBX3;SENP6;SNAPC4;RBM7;POLE;KDM6A;USP48;TBP;AKTIP;BUD31;DCXR;PPP2R5B;PPP2R5C;TRNAU1AP;ARID1A;TTI2;CREB1;IRF3;RBMS1;ITGB3BP;LAMA5;RBM47;USP15;USP16;ABRAXAS1;POLDIP3;BRAT1;DCTN4;USP11;WIZ;IWS1;RMND5B;CLN3;TFPT;MTA1;MAPK7;TNKS2;CBS;RALY;MTA3;SMNDC1;S100PBP;MUTYH;TCF7L2;KDM4B;KDM4C;NAA10;LIMK2;SWT1;DTNBP1;LRWD1;USP28;CDK11B;USF1;CHFR;TICRR;NAP1L4;KANSL1;ERCC2;CDK2AP2;ERCC8;ACIN1;QRICH1;RGS12;NRDE2;TAF2;SSBP4,Cd2bp2,rmats,1655,GO_Cellular_Component_2023
Mitotic Spindle (GO:0072686),35/143,4.3913788064023085e-7,3.6482338820301785,70.73620827975269,HDAC3;EPB41;CDC14B;TAF1D;RACGAP1;HAUS8;CDC27;TBL1X;KAT14;DLGAP5;CLASP1;CLASP2;IQCB1;LIMK2;CDC7;HAUS6;HAUS5;EML1;EML2;WAPL;SIRT2;EML3;EML4;ATAT1;WRAP73;TADA2A;ZZZ3;NCOR1;ESPL1;TFDP2;KIFC1;TADA3;PKP4;LSM14A;MAD1L1,Cd2bp2,rmats,1655,GO_Cellular_Component_2023
Spindle (GO:0005819),40/210,4.468878033096865e-5,2.647969404480058,38.33946841686664,HDAC3;EPB41;CDC14B;TAF1D;RACGAP1;KIF3A;CSPP1;CDC27;TBL1X;KAT14;DLGAP5;CLASP1;CLASP2;IQCB1;LIMK2;CBX1;SPICE1;CSNK1D;CDC7;EML1;EML2;WAPL;SIRT2;EML3;EML4;ATAT1;WRAP73;TADA2A;ZZZ3;NCOR1;PSRC1;ESPL1;TFDP2;KIFC1;TADA3;ERCC2;MMS19;PKP4;LSM14A;MAD1L1,Cd2bp2,rmats,1655,GO_Cellular_Component_2023
trans-Golgi Network (GO:0005802),41/241,4.7979056842555745e-4,2.3046623296158613,27.2236115173237,USP6NL;PI4K2B;STX16;GCC2;PCSK7;PIK3C2A;ATP2C1;RABEPK;TEPSIN;AP4M1;ARFRP1;CLN3;GOLGA4;SMPD4;ARFIP2;ARFIP1;SNX9;RAB6A;ATP9B;AP1M2;PLEKHJ1;CLASP2;ATP8B2;GPR108;COG2;OCRL;FAM91A1;PHETA1;AP4B1;SCAMP3;TJAP1;PREPL;HOOK2;SLC9A8;RAB13;PICK1;RELCH;BIRC6;LGR5;PHAF1;LLGL1,Cd2bp2,rmats,1655,GO_Cellular_Component_2023
Intracellular Non-Membrane-Bounded Organelle (GO:0043232),141/1195,4.7979056842555745e-4,1.5278219226498286,17.75737008495887,TMEM179B;GEMIN2;FMR1;ZMYND8;FBXO25;HJURP;RBPJ;ZFYVE1;CDC14B;UXT;PPP1CC;ENDOV;RPS6KA6;CSPP1;CDC27;ARFIP2;KAT7;TRAPPC13;NEPRO;SLC30A9;ESCO1;SLC30A5;DDX11;SPICE1;RECQL;CSNK1D;VRK1;TSC1;ACSL3;CDYL;GTPBP4;EML3;JMJD6;SELENOO;ILF3;PREPL;SHQ1;BIN1;FANCD2;AKAP9;PKP4;WDFY3;MAD1L1;LLGL1;IPPK;UTP25;MACF1;INO80E;TSG101;RAB5C;EPB41;ZCCHC9;HTRA2;NOLC1;PDS5B;SYCE2;DHX33;RACGAP1;IRAK1;CALD1;EPB41L3;CAMTA1;UTP20;LYAR;ZC3H14;PLK4;SRPK2;CBX5;ATP8B2;CBX1;FANCE;PTK2;WAPL;FANCG;ABTB1;CDK8;STAG1;LSM6;STAG2;ZZZ3;MDM2;MMS19;NF2;EIF4G3;TOP2A;EDA;HP1BP3;FAF2;FOXM1;KRI1;TENT4B;EPB41L4A;SH3PXD2B;TRIM68;LRRFIP1;RBM7;SPG11;PPP1R12A;ACTR6;PARP2;SIRT7;TERF1;ZFX;DDX50;SIRT2;REXO4;GNL3;METTL22;TRAF7;PSRC1;SAPCD2;TUT1;ARHGEF2;LDAH;ERGIC2;GAPDH;DBN1;ROCK2;CIPC;AKAP8;ASAP1;AMBRA1;TAF1D;HIRIP3;TAF1C;EXOSC2;E2F8;NAA10;IDH3G;KRR1;MTX2;LRWD1;RRP1B;APTX;NLE1;PML;TTC3;ERCC2;RGS12;TARDBP;NRDE2,Cd2bp2,rmats,1655,GO_Cellular_Component_2023
Cytoplasmic Stress Granule (GO:0010494),19/76,4.7979056842555745e-4,3.726161369193154,43.020677398102286,MBNL1;TIA1;YTHDF2;STAU1;RBPMS;YTHDF3;CELF1;FMR1;PABPC4;CIRBP;ZFAND1;PUM1;GIGYF2;HIPK2;PUM2;TIAL1;IGF2BP1;LSM14A;EIF4G1,Cd2bp2,rmats,1655,GO_Cellular_Component_2023
H4 Histone Acetyltransferase Complex (GO:1902562),7/15,0.00403788582528713,9.735967839805825,90.36844805994643,PHF20L1;KANSL1;KANSL3;MSL3;OGT;HCFC1;MSL1,Cd2bp2,rmats,1655,GO_Cellular_Component_2023
Histone Acetyltransferase Complex (GO:0000123),9/27,0.008140518198645115,5.567132442284326,47.11465100494549,ING4;TADA2A;KANSL1;BRPF3;KANSL3;JADE1;KAT7;OGT;HCFC1,Cd2bp2,rmats,1655,GO_Cellular_Component_2023
Nuclear Chromosome (GO:0000228),19/95,0.008699619738947943,2.7917176039119806,23.14673268625084,TOP2A;PBRM1;INO80E;ACTR6;ACTR5;PHF12;NCAPG2;SPIDR;PSMC3IP;SETX;TFPT;RAD50;RUVBL2;RGS12;BRD8;DMAP1;SUDS3;NFRKB;BRD4,Cd2bp2,rmats,1655,GO_Cellular_Component_2023
INO80-type Complex (GO:0097346),8/25,0.020493153926933964,5.236758455659131,38.43306209292448,TFPT;INO80E;ACTR6;RUVBL2;ACTR5;BRD8;DMAP1;NFRKB,Cd2bp2,rmats,1655,GO_Cellular_Component_2023
Microbody Membrane (GO:0031903),12/53,0.02671107296154037,3.2606623814260054,22.27271845810972,ABCD4;PECR;ACBD5;MAVS;SLC25A17;PEX6;PEX5;FAR1;TRIM37;PEX1;DECR2;RAB8B,Cd2bp2,rmats,1655,GO_Cellular_Component_2023
Peroxisomal Membrane (GO:0005778),12/53,0.02671107296154037,3.2606623814260054,22.27271845810972,ABCD4;PECR;ACBD5;MAVS;SLC25A17;PEX6;PEX5;FAR1;TRIM37;PEX1;DECR2;RAB8B,Cd2bp2,rmats,1655,GO_Cellular_Component_2023
P-body (GO:0000932),16/83,0.02671107296154037,2.6631455292178523,18.052866430098558,YTHDF2;GARRE1;YTHDF3;PUM1;EDC3;LSM2;EDC4;PAN2;EIF4ENIF1;MOV10;LSM6;CNOT1;CNOT2;IGF2BP1;EIF4E2;LSM14A,Cd2bp2,rmats,1655,GO_Cellular_Component_2023
Nuclear Lumen (GO:0031981),89/780,0.02671107296154037,1.4519889918362896,9.801367544669176,TOP2A;TMEM179B;GEMIN2;FMR1;ZMYND8;FBXO25;HJURP;RBPJ;KRI1;TENT4B;CDC14B;PPP1CC;ENDOV;RPS6KA6;TRIM68;ARFIP2;KAT7;RBM7;NEPRO;SPG11;PBRM1;PPP1R12A;ACTR6;PARP2;SLC30A5;DDX11;VRK1;SIRT7;TERF1;ZFX;DDX50;SPIDR;SIRT2;GTPBP4;REXO4;GNL3;JMJD6;METTL22;TRAF7;ILF3;SHQ1;SAPCD2;FANCD2;TUT1;WDFY3;ERGIC2;IPPK;UTP25;INO80E;TSG101;CIPC;ZCCHC9;AKAP8;NOLC1;TAF1D;HIRIP3;DHX33;TAF1C;CAMTA1;UTP20;LYAR;EXOSC2;ZC3H14;E2F8;PLK4;SRPK2;CBX5;NAA10;ATP8B2;IDH3G;KRR1;MTX2;LRWD1;RRP1B;APTX;NLE1;FANCG;PML;SETX;ABTB1;CDK8;LSM6;STAG2;ZZZ3;TTC3;MDM2;RGS12;NF2;NRDE2,Cd2bp2,rmats,1655,GO_Cellular_Component_2023
Clathrin Coat (GO:0030118),6/16,0.02671107296154037,6.671315949060037,44.69390172751532,EPS15L1;CLINT1;EPS15;EPN1;EPN2;PICALM,Cd2bp2,rmats,1655,GO_Cellular_Component_2023
U6 snRNP (GO:0005688),4/7,0.02721454135009022,14.812840702604483,98.0627130157306,LSM7;LSM6;LSM5;LSM2,Cd2bp2,rmats,1655,GO_Cellular_Component_2023
Chromosome (GO:0005694),25/164,0.040912691205881695,2.0088714304629915,12.365142007302543,TOP2A;FMR1;HP1BP3;SMC5;PDS5B;SYCE2;KAT7;TRAPPC13;PBRM1;ESCO1;KRR1;RECQL;CDYL;RRP1B;FANCE;SPIDR;ZFX;WAPL;SIRT2;GNL3;SELENOO;SETX;STAG1;STAG2;FANCD2,Cd2bp2,rmats,1655,GO_Cellular_Component_2023
Vesicle Coat (GO:0030120),9/37,0.046643663701712634,3.576918069779552,21.240810201306537,PDCD6;COPG2;COPG1;CLINT1;SEC24C;EPN1;COPE;SEC31A;EPN2,Cd2bp2,rmats,1655,GO_Cellular_Component_2023
Nucleolus (GO:0005730),86/771,0.046643663701712634,1.4131089121808023,8.3639241406891,TOP2A;TMEM179B;GEMIN2;FMR1;ZMYND8;FBXO25;HJURP;RBPJ;KRI1;TENT4B;CDC14B;PPP1CC;ENDOV;RPS6KA6;TRIM68;ARFIP2;KAT7;RBM7;NEPRO;SPG11;PPP1R12A;ACTR6;PARP2;SLC30A5;DDX11;VRK1;SIRT7;TERF1;ZFX;DDX50;SIRT2;GTPBP4;REXO4;GNL3;JMJD6;METTL22;TRAF7;ILF3;SHQ1;SAPCD2;FANCD2;TUT1;WDFY3;ERGIC2;IPPK;UTP25;INO80E;TSG101;CIPC;ZCCHC9;AKAP8;NOLC1;TAF1D;HIRIP3;DHX33;TAF1C;CAMTA1;UTP20;LYAR;EXOSC2;ZC3H14;E2F8;PLK4;SRPK2;CBX5;NAA10;ATP8B2;IDH3G;KRR1;MTX2;LRWD1;RRP1B;APTX;NLE1;FANCG;PML;ABTB1;CDK8;LSM6;STAG2;ZZZ3;TTC3;MDM2;RGS12;NF2;NRDE2,Cd2bp2,rmats,1655,GO_Cellular_Component_2023
RNA Binding (GO:0003723),186/1411,3.2316531898393345e-20,2.4810858970453853,127.4025389625509,EIF4A2;TCERG1;RTCA;FMR1;NUDT1;HNRNPR;RPL10A;GPATCH8;TIAL1;FBL;ALKBH1;LUC7L;UBAP2L;KPNA2;HMGN2;SLC16A3;SEC63;AGFG1;RARS2;AQR;RBFOX2;TYW5;SECISBP2;ACTN1;DDX11;ZCRB1;GTPBP1;JMJD6;FAM133B;ILF3;ZC3H11A;UNC50;GEMIN5;DXO;SRFBP1;PPIG;SRSF7;DUS3L;UTP25;MACF1;AARS2;DHX9;YTHDC1;MAZ;NOLC1;BAZ2A;RTF1;RTN4;RCC1L;MTDH;RAD51AP1;FXR1;DHX30;RNASEH1;HNRNPDL;PCBP2;SERPINH1;SAFB2;UTP20;MAP4;ZC3H14;RBM10;MARK2;SRPK2;UBE2I;CPSF6;RBPMS;PYM1;LSM1;LARP7;MRPL28;PRRC2C;LSM5;PUM1;SNUPN;CLK3;PRRC2B;TDRD3;PRRC2A;SRPK1;LSM7;SON;LSM6;CNOT1;FUBP1;GOLGB1;TRIP6;HNRNPD;RNPS1;HNRNPC;ALDH18A1;LSM14A;EIF4G3;SUGP2;RPS24;TOP2A;RBM28;DIDO1;RBM25;CELF1;FASTKD2;FASTKD3;AKAP8L;DDX42;NAT10;PSIP1;ZCCHC17;MRPL4;METTL14;FASTK;LRRFIP1;BUD23;RBM34;RBM7;RBM5;RBM6;PSTK;CCT3;TOP3B;UPF1;EIF5B;PABPC4;PRPF40B;DARS2;SIRT6;PRPF40A;PPHLN1;TRNAU1AP;SMC1A;PPRC1;SAFB;DDX50;GNL3;DALRD3;SARS2;PKM;SLTM;HNRNPH1;THRAP3;ESRP1;TCP1;ARHGEF1;HNRNPH3;ALDOA;FYTTD1;RNMT;POLDIP3;SRRT;WBP4;PARN;DDX20;AKAP8;DDX21;SAMHD1;MTHFSD;UNK;TCOF1;FIP1L1;IGF2BP1;FLNB;SRSF10;SRSF11;TEFM;PTCD3;PTPN1;HNRNPA3;MYEF2;YTHDF3;YLPM1;RSRC2;TRMT1;NOC3L;RRP1B;APTX;U2SURP;SCAF4;KTN1;SEC23IP;CCDC9;ZYX;TSR1;ACIN1;RPL22L1;TARDBP;R3HDM1;R3HDM2,Qk,rmats,1258,GO_Molecular_Function_2023
DNA Binding (GO:0003677),89/846,3.6971707083721157e-4,1.8087979541954025,24.745124465781128,TOP2A;APP;FBH1;MPG;MCM8;FMR1;PRDM5;CHD6;SMC6;BRCA2;AIFM1;EXO1;ZMYM4;RUVBL2;HMCES;DNMT3B;SMARCAD1;TRIM26;LRRFIP1;ZFPL1;POLE;RBM5;RBM6;JMJD4;KDM2B;MAP1S;PARP2;SECISBP2;DDX11;ATRX;DNMT3A;TINF2;SIRT6;RAD23A;SMC1A;ARID1A;SAFB;ILF3;MAU2;SLTM;MSH3;THRAP3;MTF2;TIMELESS;ZMYND11;DNMT1;KDM3A;GTF3C4;TSG101;MYRF;MAX;DHX9;SRRT;RTF1;PDS5B;SAMHD1;HIF1A;MACROH2A1;RAD51AP1;CUX1;NTHL1;RNF138;PCBP2;HSF1;ZSCAN10;IGF2BP1;SAFB2;RBBP8;PMS2;BPTF;ESRRA;TCF7L2;POU2F1;CENPX;NR1H2;APTX;PALB2;USF1;RAD52;CAMSAP3;RAD50;ERCC1;FUBP1;TCF4;QRICH1;TCF3;TARDBP;RAD18;EZH2,Qk,rmats,1258,GO_Molecular_Function_2023
Microtubule Binding (GO:0008017),35/239,4.911455726310456e-4,2.6006044281980985,33.41787467269372,CEP57;MACF1;FMR1;KATNB1;HDAC6;UXT;RACGAP1;OPA1;HAUS8;TOGARAM1;MAP4;MARK4;DLGAP5;CLASP1;CDK5RAP2;NDEL1;ENKD1;CLASP2;MAP1S;FBXW11;MACO1;CKAP5;PEX14;EML3;DNM2;CAMSAP3;CLIP1;PSRC1;HOOK2;PRC1;ARHGEF2;GAPDH;HDGFL3;CCDC61;MDM1,Qk,rmats,1258,GO_Molecular_Function_2023
mRNA Binding (GO:0003729),39/282,4.911455726310456e-4,2.435582697819504,30.93987712405117,FYTTD1;RBM25;DHX9;YTHDC1;CELF1;POLDIP3;FMR1;PARN;HNRNPR;TIAL1;FXR1;METTL14;UNK;PCBP2;IGF2BP1;LUC7L;RBM5;AQR;RBFOX2;MYEF2;CPSF6;YTHDF3;RBPMS;SECISBP2;PABPC4;LARP7;PUM1;GNL3;PKM;FUBP1;ESRP1;GEMIN5;DXO;RNPS1;HNRNPC;TARDBP;SRSF7;EIF4G3;LSM14A,Qk,rmats,1258,GO_Molecular_Function_2023
Histone H4K12 Acetyltransferase Activity (GO:0043997),6/10,9.521452186364253e-4,22.44968051118211,257.7601004647806,ING4;BRPF1;ING3;MEAF6;JADE1;KAT7,Qk,rmats,1258,GO_Molecular_Function_2023
Histone H4K5 Acetyltransferase Activity (GO:0043995),6/10,9.521452186364253e-4,22.44968051118211,257.7601004647806,ING4;BRPF1;ING3;MEAF6;JADE1;KAT7,Qk,rmats,1258,GO_Molecular_Function_2023
Histone H4K8 Acetyltransferase Activity (GO:0043996),6/10,9.521452186364253e-4,22.44968051118211,257.7601004647806,ING4;BRPF1;ING3;MEAF6;JADE1;KAT7,Qk,rmats,1258,GO_Molecular_Function_2023
Methylation-Dependent Protein Binding (GO:0140034),15/68,0.0013345381822392705,4.255301385874103,46.85311480223435,FMR1;ZMYND8;LRWD1;JMJD7;TDRD3;ING4;ING3;ZZZ3;MTF2;SPIN1;NCAPD3;ZMYND11;HDGFL2;MPHOSPH8;BPTF,Qk,rmats,1258,GO_Molecular_Function_2023
Single-Stranded DNA Binding (GO:0003697),18/96,0.0018428066099470993,3.4734491315136475,36.61259572978463,FBH1;MCM8;DHX9;DDX11;RAD23A;SMC6;RTF1;BRCA2;SAMHD1;RAD51AP1;RAD52;MSH3;RNF138;HMCES;ERCC1;FUBP1;PCBP2;PMS2,Qk,rmats,1258,GO_Molecular_Function_2023
Methylated Histone Binding (GO:0035064),15/71,0.0018428066099470993,4.0266923342144585,42.13804652981365,FMR1;ZMYND8;LRWD1;JMJD7;TDRD3;ING4;ING3;ZZZ3;MTF2;SPIN1;NCAPD3;ZMYND11;HDGFL2;MPHOSPH8;BPTF,Qk,rmats,1258,GO_Molecular_Function_2023
Tubulin Binding (GO:0015631),39/322,0.003909125580938722,2.0868086857964445,20.069560744672934,CEP57;GPAA1;FMR1;KATNB1;BRCA2;HDAC6;UXT;RACGAP1;OPA1;HAUS8;TOGARAM1;TRAPPC14;MAP4;MARK4;DLGAP5;CLASP1;CDK5RAP2;APPL1;NDEL1;ENKD1;CLASP2;MAP1S;MACO1;CKAP5;PEX14;EML3;DNM2;NISCH;CLIP1;TTLL4;PSRC1;HOOK2;PRC1;ARHGEF2;ALDOA;GAPDH;HDGFL3;CCDC61;MDM1,Qk,rmats,1258,GO_Molecular_Function_2023
DNA-methyltransferase Activity (GO:0009008),4/5,0.003983893114798216,59.7799043062201,568.5899016561314,N6AMT1;DNMT3A;DNMT3B;METTL4,Qk,rmats,1258,GO_Molecular_Function_2023
Protein Serine/Threonine Kinase Activity (GO:0004674),40/342,0.005786804210814628,2.005241466305636,18.163527805812617,GSK3A;PRKAA1;ARAF;ILK;STK19;STK11;TBK1;MAPK7;IRAK1;FASTK;STK38;MAP4K5;MARK4;MAP3K7;MARK3;CAMK2G;MARK2;BRD4;PAK4;MAP2K6;PLK4;SRPK2;BRD2;NEK9;RIOK3;LIMK2;CDC7;VRK1;PRKAB1;CLK4;CLK3;SRPK1;CLK2;MAPK13;CDK2;RPS6KB2;CDK10;ULK1;CSNK1G2;CILK1,Qk,rmats,1258,GO_Molecular_Function_2023
Histone H4 Acetyltransferase Activity (GO:0010485),7/20,0.006624279129169321,8.061427780852242,71.33360662122195,ING4;BRPF1;ING3;MEAF6;JADE1;KAT7;BRCA2,Qk,rmats,1258,GO_Molecular_Function_2023
Nuclear Thyroid Hormone Receptor Binding (GO:0046966),8/27,0.0077978817006842316,6.306694736842105,54.342596729312696,MED12;MED22;NCOR1;THRAP3;NCOA3;TRIP6;BRD8;HMGN3,Qk,rmats,1258,GO_Molecular_Function_2023
Methyltransferase Activity (GO:0008168),9/37,0.013792989590137984,4.816024247969804,38.001042388202215,N6AMT1;DNMT1;NDUFAF7;DNMT3B;METTL4;EHMT1;BUD23;COMT;EEF1AKMT2,Qk,rmats,1258,GO_Molecular_Function_2023
Acetylation-Dependent Protein Binding (GO:0140033),7/23,0.013792989590137984,6.5488609112709835,51.500389964884,BRD2;ZZZ3;ZMYND8;BAZ2A;BRD9;MLLT3;BRD4,Qk,rmats,1258,GO_Molecular_Function_2023
Lysine-Acetylated Histone Binding (GO:0070577),7/23,0.013792989590137984,6.5488609112709835,51.500389964884,BRD2;ZZZ3;ZMYND8;BAZ2A;BRD9;MLLT3;BRD4,Qk,rmats,1258,GO_Molecular_Function_2023
Protein-Lysine N-methyltransferase Activity (GO:0016279),11/54,0.01510094538644867,3.8359784412823332,29.51115140649981,N6AMT1;SETD5;SUV39H2;METTL22;SETDB1;SETD6;KMT2B;NSD2;EHMT1;EEF1AKMT2;EZH2,Qk,rmats,1258,GO_Molecular_Function_2023
Armadillo Repeat Domain Binding (GO:0070016),4/7,0.01510094538644867,19.924508240297715,152.7824274471493,TCF7L2;CNOT1;STRN4;STRN3,Qk,rmats,1258,GO_Molecular_Function_2023
Cadherin Binding (GO:0045296),36/319,0.015218868983211802,1.9215559269690539,14.62591584103164,MACF1;SRC;CTNND1;ARHGAP1;CLINT1;RTN4;SLC9A3R2;MPRIP;CDH2;STK38;FLNB;LRRFIP1;EPS15;MARK2;PAK4;PTPN1;DBNL;IST1;CEMIP2;SCRIB;GAPVD1;CKAP5;KTN1;EPN2;TJP1;ANLN;DLG1;MYO1B;PKM;CTTN;ABI1;NUMB;ALDOA;CC2D1A;VCL;PICALM,Qk,rmats,1258,GO_Molecular_Function_2023
mRNA 3'-UTR Binding (GO:0003730),15/93,0.01953225712525037,2.887554922953153,21.123749278167153,CPSF1;CELF1;FMR1;PABPC4;SECISBP2;PARN;PUM1;TIAL1;FXR1;ILF3;IGF2BP1;GEMIN5;RNPS1;HNRNPC;TARDBP,Qk,rmats,1258,GO_Molecular_Function_2023
DNA Replication Origin Binding (GO:0003688),5/13,0.022683631573409326,9.344573024740622,66.39430371489838,ORC1;DHX9;DDX11;ORC3;KAT7,Qk,rmats,1258,GO_Molecular_Function_2023
Nuclear Receptor Binding (GO:0016922),17/115,0.022683631573409326,2.606094492591557,18.448171190398963,TCF7L2;KDM3A;RNF14;NCOA3;BAZ2A;ARID1A;ISL1;HIF1A;MED12;MED22;NCOR1;CNOT1;THRAP3;TADA3;TRIP6;BRD8;HMGN3,Qk,rmats,1258,GO_Molecular_Function_2023
Histone H3K14 Acetyltransferase Activity (GO:0036408),4/8,0.022957371512636302,14.942583732057416,104.98718912434414,ING4;MEAF6;JADE1;KAT7,Qk,rmats,1258,GO_Molecular_Function_2023
Single-Stranded RNA Binding (GO:0003727),9/43,0.028976991481662107,3.964866010455423,26.641350369255004,FXR1;AQR;ILF3;DHX9;FMR1;DDX11;HNRNPC;RBM7;JMJD6,Qk,rmats,1258,GO_Molecular_Function_2023
MAP Kinase Kinase Activity (GO:0004708),5/14,0.028976991481662107,8.305843752771127,55.7838390352583,MAP2K3;MAP2K4;MAP2K7;MAP2K5;MAP2K6,Qk,rmats,1258,GO_Molecular_Function_2023
Kinase Binding (GO:0019900),46/460,0.02956603398073714,1.6802346901356802,11.189899410478441,ATF2;DGKD;CAB39;MAPKAP1;PARN;ILK;FOXM1;HIF1A;MACROH2A1;UXT;RACGAP1;IRAK1;RNF138;PDCD10;ORC3;SUFU;HSF1;PIP5K1A;MAP2K7;RFFL;SPG11;CDK5RAP2;MAP2K6;MAP2K3;NSF;NEK9;PTPN1;PARP6;TCF7L2;PPP1R12A;STRADA;VRK1;RAD23A;CDC25C;PRKAB1;LIME1;CDC25A;PTK2;USF1;TPX2;DLG3;PRC1;TRIP6;TAX1BP1;TELO2;RAD9A,Qk,rmats,1258,GO_Molecular_Function_2023
Ubiquitin Binding (GO:0043130),13/80,0.030832170576646858,2.91044776119403,19.15860537597037,TOP2A;USPL1;TSG101;USP16;FAF2;RAD23A;RNFT1;NSFL1C;NBR1;MDM2;UBAP1;MARK4;MAP3K7,Qk,rmats,1258,GO_Molecular_Function_2023
Histone H3K9 Methyltransferase Activity (GO:0046974),4/9,0.032723690662106744,11.953429027113238,77.56888614213702,SETD5;SUV39H2;SETDB1;EHMT1,Qk,rmats,1258,GO_Molecular_Function_2023
Damaged DNA Binding (GO:0003684),9/45,0.03530963797051406,3.744195356285028,23.889507563584203,MPG;NTHL1;PARP2;ERCC1;RBBP8;SIRT6;SMC6;APTX;RAD18,Qk,rmats,1258,GO_Molecular_Function_2023
ADP-D-ribose Modification-Dependent Protein Binding (GO:0160002),3/5,0.0455247218558754,22.39840637450199,136.5085069036077,PARP2;CHD1L;MACROH2A1,Qk,rmats,1258,GO_Molecular_Function_2023
N6-methyladenosine-containing RNA Binding (GO:1990247),4/10,0.045953227740763804,9.96065922381712,60.05598919557505,YTHDF3;YTHDC1;IGF2BP1;HNRNPC,Qk,rmats,1258,GO_Molecular_Function_2023
Ribosome Binding (GO:0043022),13/85,0.045953227740763804,2.707608210620259,16.30210783877259,PTCD3;USP16;CPSF6;YTHDF3;DHX9;FMR1;PYM1;BAG6;NCLN;TTC5;GEMIN5;MRRF;NOMO1,Qk,rmats,1258,GO_Molecular_Function_2023
Tau Protein Binding (GO:0048156),8/39,0.045953227740763804,3.862916129032258,23.05161111056781,GSK3A;PRKAA1;BIN1;MARK4;MARK3;HDAC6;MARK2;PICALM,Qk,rmats,1258,GO_Molecular_Function_2023
"Catalytic Activity, Acting On A tRNA (GO:0140101)",8/39,0.045953227740763804,3.862916129032258,23.05161111056781,QTRT1;AARS2;TYW5;ALKBH1;TARS2;FTSJ1;DUS3L;TRIT1,Qk,rmats,1258,GO_Molecular_Function_2023
DNA Metabolic Process (GO:0006259),53/288,4.39075515295598e-9,3.4638333186192285,94.74932045976342,TOP2A;TRRAP;FBH1;MCM8;FMR1;NUDT1;EXO1;ALKBH1;RUVBL2;SMARCAD1;TOPBP1;KPNA2;NFRKB;POLE;TOP3B;UPF1;PARP2;USP3;ACTR5;ATRX;REV1;CHD1L;SMC1A;TERF2;MSH3;TIMELESS;INO80E;PDS5B;PDS5A;SAMHD1;MACROH2A1;RAD51AP1;ORC6;ORC1;NTHL1;ORC3;RBBP8;MUTYH;TCF7L2;XRCC3;DONSON;NOC3L;LRWD1;TICRR;RAD52;POLA2;RAD50;ERCC1;POLE2;CDK2;PWWP3A;RAD18;RAD9A,Qk,rmats,1258,GO_Biological_Process_2023
DNA Repair (GO:0006281),48/291,8.865440291057353e-7,3.0199367411488622,63.426686597458335,TRRAP;TEX264;FBH1;MPG;FMR1;NUDT1;CIB1;PDS5B;BRCA2;PDS5A;MACROH2A1;RAD51AP1;NTHL1;EXO1;ALKBH1;NSD2;RBBP8;PMS2;TOPBP1;POLE;MUTYH;FANCI;UPF1;SLC30A9;CENPX;FANCM;PARP2;USP3;ACTR5;XRCC3;ATRX;APEX2;SIRT6;RAD23A;CHD1L;FANCE;SMC1A;APTX;TICRR;RAD52;RAD50;MSH3;ERCC1;POLE2;PWWP3A;TIMELESS;RAD18;RAD9A,Qk,rmats,1258,GO_Biological_Process_2023
RNA Processing (GO:0006396),36/183,8.865440291057353e-7,3.7265773739937873,78.06229157211577,TCERG1;PDCD7;CELF1;FASTKD2;FASTKD3;AKAP8L;WBP4;DDX20;HNRNPR;NOL9;RNPC3;FASTK;RBM5;RBM6;SRPK2;CPSF6;RNGTT;RBPMS;PABPC4;THOC1;LSM1;ZCRB1;LSM5;SRPK1;LSM6;SON;HNRNPH1;HNRNPD;RNPS1;SNRNP48;PPIG;HNRNPC;HNRNPH3;TARDBP;SRSF7;SLU7,Qk,rmats,1258,GO_Biological_Process_2023
Chromatin Organization (GO:0006325),44/268,3.7026558109660383e-6,2.9962638267827724,57.61903024526237,SUV39H2;INO80E;KDM5C;HDAC3;CHD6;EHMT1;PSIP1;DDX21;BAZ2A;MACROH2A1;ING4;CECR2;HIRIP3;RUVBL2;SMARCAD1;KAT7;BRD9;SUDS3;HMGN2;NFRKB;HMGN3;BPTF;BRD2;PBRM1;PHC1;BRPF1;KDM2B;DDX11;ACTR5;ATRX;CHD1L;LRWD1;ARID1A;SAFB;GATAD2A;CDAN1;ZZZ3;NASP;MTF2;PWWP3A;HNRNPC;HDGFL2;HDGFL3;EZH2,Qk,rmats,1258,GO_Biological_Process_2023
DNA Damage Response (GO:0006974),55/384,5.916322922924451e-6,2.5587374016832287,47.435113198668105,TOP2A;ATF2;TRRAP;FBH1;MCM8;FMR1;NUDT1;CIB1;SMC6;STK11;EXO1;ALKBH1;HMCES;TRAPPC13;TOPBP1;UPF1;PARP2;DDX11;USP3;ATRX;PPP4R3A;VRK1;SIRT7;CHD1L;PPP4R3B;SMC1A;MSH3;TIMELESS;FLYWCH1;HDGFL2;USP16;BRAT1;HTRA2;PDS5B;PDS5A;SAMHD1;MACROH2A1;RAD51AP1;UBR5;RBBP8;APBB1;BID;MAP2K6;MUTYH;XRCC3;USP28;FBXO31;TICRR;RAD50;TTC5;ERCC1;POLE2;PWWP3A;RAD18;RAD9A,Qk,rmats,1258,GO_Biological_Process_2023
Regulation Of Cell Cycle (GO:0051726),46/298,8.065039644871292e-6,2.784784430824035,50.2551646142049,INTS13;INO80E;MEAF6;UHRF2;TRRAP;CTBP1;JADE1;HTRA2;FOXM1;ANAPC10;ING4;STK11;ING3;RUVBL2;KAT7;E4F1;RPRD1B;CCNL2;BRD8;MARK4;NFRKB;HRAS;KAT14;DLGAP5;MAP2K6;PHACTR4;SRPK2;NEK9;ACTR5;TSC2;TSC1;RAD23A;PUM1;RNF167;MORF4L1;ZZZ3;MRGBP;SON;BIN1;TADA3;MDM2;CDK10;ANAPC5;NF2;TARDBP;SMIM22,Qk,rmats,1258,GO_Biological_Process_2023
Regulation Of Translation (GO:0006417),33/202,1.9879033261378343e-4,2.9605554884675764,43.48308930151876,EIF4A2;APP;CYFIP1;DHX9;POLDIP3;FMR1;NOLC1;NAT10;FXR1;METTL14;TCOF1;ALKBH1;MTG2;TRIM3;IGF2BP1;UPF1;EIF5B;EIF2B2;YTHDF3;PYM1;TSC1;CNOT10;MIF4GD;ILF3;CNOT1;HNRNPD;GEMIN5;PLXNB2;DUS3L;EIF4G3;LSM14A;GAPDH;METAP1,Qk,rmats,1258,GO_Biological_Process_2023
Regulation Of DNA Metabolic Process (GO:0051052),24/124,2.878787413949972e-4,3.625672609400324,51.363852663665504,UPF1;INO80E;ESCO1;MEAF6;TRRAP;ACTR5;JADE1;THOC1;YLPM1;BAZ2A;SMC6;SIRT7;TERF2;ING4;RUVBL2;ORC3;TADA3;HNRNPD;USP1;SMARCAD1;KAT7;KPNA2;NFRKB;MPHOSPH8,Qk,rmats,1258,GO_Biological_Process_2023
Regulation Of mRNA Processing (GO:0050684),12/35,2.878787413949972e-4,7.8382301626073,110.20166119026663,SRPK2;SON;SLTM;DHX9;YTHDC1;PAPOLA;SAFB2;LARP7;SAFB;SRSF10;JMJD6;SRPK1,Qk,rmats,1258,GO_Biological_Process_2023
Chromatin Remodeling (GO:0006338),35/228,2.878787413949972e-4,2.7504564923593136,38.397783376189345,SUV39H2;INO80E;KDM5C;CHD6;PSIP1;DDX21;BAZ2A;MACROH2A1;HDAC6;CECR2;RUVBL2;UBR5;SMARCAD1;BRD9;SUDS3;NFRKB;BPTF;SRPK2;PBRM1;PHC1;BRPF1;SETDB1;KDM2B;PARP2;USP3;ACTR5;ATRX;SIRT7;CHD1L;ARID1A;GATAD2A;MTF2;HNRNPC;HDGFL2;HDGFL3,Qk,rmats,1258,GO_Biological_Process_2023
Histone Modification (GO:0016570),18/81,6.554325947657634e-4,4.303917050691244,56.13360838817616,HDAC3;MEAF6;TRRAP;USP3;JADE1;SIRT6;HDAC6;GATAD2A;ING4;MORF4L1;ING3;MRGBP;RUVBL2;TADA3;KAT7;BRD8;SUDS3;KAT14,Qk,rmats,1258,GO_Biological_Process_2023
Histone H4 Acetylation (GO:0043967),12/39,7.166347024363822e-4,6.675584091314429,85.11181448419767,ING4;MORF4L1;ING3;MRGBP;MEAF6;PHF20;TRRAP;KANSL2;RUVBL2;JADE1;KAT7;BRD8,Qk,rmats,1258,GO_Biological_Process_2023
Internal Peptidyl-Lysine Acetylation (GO:0018393),12/39,7.166347024363822e-4,6.675584091314429,85.11181448419767,BAG6;ATAT1;MORF4L1;ING3;MRGBP;MEAF6;TRRAP;RUVBL2;TADA3;KAT7;BRD8;KAT14,Qk,rmats,1258,GO_Biological_Process_2023
protein-DNA Complex Organization (GO:0071824),15/60,7.166347024363822e-4,5.0139447573075895,63.460281810386164,SUV39H2;HDAC3;ATRX;EHMT1;LRWD1;SAFB;HIRIP3;CDAN1;ZZZ3;MTF2;PWWP3A;TCF4;HMGN2;HMGN3;EZH2,Qk,rmats,1258,GO_Biological_Process_2023
"mRNA Splicing, Via Spliceosome (GO:0000398)",32/211,7.166347024363822e-4,2.7067904891230055,34.18321824788112,TSSC4;DHX9;YTHDC1;WBP4;DDX20;HNRNPR;RNPC3;U2AF1L4;METTL14;SRSF10;RBM10;RBM5;RBM6;SRPK2;AQR;HNRNPA3;PRPF40B;PRPF40A;LSM5;WDR77;SRPK1;LSM7;LSM6;HNRNPH1;RSRP1;GEMIN5;RNPS1;HNRNPC;HNRNPH3;GEMIN8;SLU7;SRSF7,Qk,rmats,1258,GO_Biological_Process_2023
Regulation Of Organelle Organization (GO:0033043),20/100,7.166347024363822e-4,3.768578352180937,47.4029965040358,SLC30A9;INO80E;SAR1A;ACTR5;SIRT7;MFF;PTK2;PARL;CAMSAP3;TJP1;SYDE1;CLN3;PDCD10;TMEM33;RUVBL2;AKAP9;NF2;NFRKB;MARK2;ATG5,Qk,rmats,1258,GO_Biological_Process_2023
mRNA Processing (GO:0006397),32/214,8.706593319610526e-4,2.661742824874962,32.80111794699484,TCERG1;RNMT;YTHDC1;CELF1;WBP4;HNRNPR;RNPC3;U2AF1L4;METTL14;PAPOLA;RPRD1B;SRSF10;RBM10;RBM5;RBM6;AQR;HNRNPA3;CPSF6;RNGTT;PRPF40B;PRPF40A;LSM5;LSM7;LSM6;SON;HNRNPH1;GEMIN5;RNPS1;HNRNPC;HNRNPH3;SLU7;SRSF7,Qk,rmats,1258,GO_Biological_Process_2023
Regulation Of RNA Splicing (GO:0043484),20/102,8.760297216519521e-4,3.676267780448402,45.070548834756636,SRPK2;TRRAP;YTHDC1;CELF1;LARP7;RRP1B;CLK4;CLK3;JMJD6;CLK2;SRPK1;SON;HNRNPH1;FASTK;ESRP1;TADA3;METTL4;CCNL2;HNRNPH3;SRSF10,Qk,rmats,1258,GO_Biological_Process_2023
"Regulation Of mRNA Splicing, Via Spliceosome (GO:0048024)",19/94,8.939647255812476e-4,3.8167662093085823,46.50932702122264,SRPK2;RBM25;RBFOX2;CELF1;SFSWAP;YTHDC1;FMR1;LARP7;JMJD6;WDR77;SRPK1;FXR1;SON;THRAP3;RNPS1;RBM7;SRSF7;SRSF10;RBM5,Qk,rmats,1258,GO_Biological_Process_2023
Intracellular Protein Transport (GO:0006886),42/325,0.0012263471804656969,2.2528768365259437,26.624745884117964,RPAIN;VPS29;RAB5C;TSG101;SAR1A;STX16;PDCD6;VPS26C;KATNB1;HDAC6;ARFRP1;GGA1;IPO9;XPO4;XPO6;RAB23;FAM53C;FAM53A;TMED1;RAB28;KPNA2;RAB6A;SEC31A;APPL1;NUP214;CTSA;NSF;RANBP3;STRADA;STRADB;ASPSCR1;TSC2;TIMM21;BCS1L;CAMSAP3;SEC23IP;IFT22;CTTN;RABL3;UBAP1;ARHGEF2;SLU7,Qk,rmats,1258,GO_Biological_Process_2023
Regulation Of Microtubule Depolymerization (GO:0031114),9/24,0.0012853395201781915,8.996156925540433,105.28801302636987,TPX2;MAP1S;CKAP2;KATNB1;CIB1;ARHGEF2;CLASP1;HDGFL3;CLASP2,Qk,rmats,1258,GO_Biological_Process_2023
Positive Regulation Of Nucleic Acid-Templated Transcription (GO:1903508),62/557,0.0012853395201781915,1.9109388196344719,22.25742331670718,TRRAP;PHF20;RNF14;ILK;FOXM1;BRCA2;MED12;EDRF1;PPP3CB;ING3;RUVBL2;SPIN1;BTRC;NFRKB;RNF111;CDK5RAP2;MAP2K3;FBXW11;ACTR5;TFE3;HNF1B;ARID1A;JMJD6;DNM2;MED22;MORF4L1;ILF3;ELF2;PSRC1;THRAP3;DXO;INO80E;PRKAA1;KDM3A;USP16;MEAF6;MYRF;MAX;KMT2B;MAZ;MLLT3;HIF1A;RXRB;NPAT;DEAF1;OTX2;BRD8;APBB1;MAP2K7;BRD4;BRPF1;NR1H2;SMAD5;GATAD2A;MRGBP;KANSL2;TADA3;HNRNPD;TCF4;QRICH1;TCF3;PICALM,Qk,rmats,1258,GO_Biological_Process_2023
Mitotic Recombination (GO:0006312),7/14,0.0012853395201781915,14.976019184652278,174.19154483720072,RAD52;RAD50;MSH3;ERCC1;XRCC3;SMC6;RAD54B,Qk,rmats,1258,GO_Biological_Process_2023
Positive Regulation Of DNA-templated Transcription (GO:0045893),116/1243,0.0014494241364509466,1.5876348254980055,18.2080470665341,ATF2;APP;TCERG1;PRDM4;TRRAP;PRDM5;UBP1;GABPB1;TBK1;RUVBL2;KAT7;BTRC;NFRKB;RNF111;CDK5RAP2;GTF2I;MAP2K3;FBXW11;THOC1;HNF1B;ISL1;JMJD6;MORF4L1;ILF3;ZSCAN21;DXO;INO80E;MEAF6;MAX;DHX9;KMT2B;MAZ;HIF1A;BCL2L12;NPAT;DEAF1;E4F1;OTX2;RPRD1B;MAP2K7;MAP2K5;BPTF;ESRRA;BRPF1;POU2F1;RFXANK;SMAD5;MLLT10;DAB2;MRGBP;TADA3;HNRNPD;TCF4;TCF3;PICALM;PHF20;RNF14;AKAP8L;CHD6;ILK;FOXM1;BRCA2;MED12;EDRF1;PPP3CB;ING3;NCK2;SPIN1;HRAS;GABPA;PPP1R12A;ACTR6;ACTR5;NCOA3;ATRX;TFE3;CKAP2;PEX2;SIRT7;PPRC1;ARID1A;SREBF2;GNL3;DNM2;SENP1;MED22;HAX1;ELF2;PSRC1;TFDP2;THRAP3;ARHGEF2;PRKAA1;GTF2A2;KDM3A;HDAC3;USP16;MYRF;DDX21;MLLT3;RXRB;MAPK7;HSF1;APBB2;BRD8;APBB1;BRD4;TCF7L2;PCGF5;NR1H2;RRP1B;USF1;GATAD2A;VEGFA;KANSL2;QRICH1,Qk,rmats,1258,GO_Biological_Process_2023
Positive Regulation Of Translation (GO:0045727),20/108,0.001552811948433676,3.4245116757233074,38.89881857334757,JMJD4;USP16;YTHDF3;DHX9;FASTKD2;POLDIP3;FMR1;FASTKD3;RMND1;PYM1;NAT10;RCC1L;FXR1;METTL14;PKM;RPS6KB2;HNRNPD;IGF2BP1;PLXNB2;EIF4G3,Qk,rmats,1258,GO_Biological_Process_2023
Protein Modification Process (GO:0036211),74/711,0.0016928935363639042,1.7763932496075354,19.931222357476173,APP;GSK3A;GPAA1;GMFG;PDCD6;ARAF;JADE1;ILK;STK19;ING4;DUSP12;STK11;PPP3CB;TBK1;FASTK;KAT7;BTRC;SBF1;ILKAP;EPHB3;PDK1;BRD2;JMJD4;EPHA7;PPP1R12A;TBP;STRADA;FBXW11;STRADB;PPP2R5B;ALG3;SIRT6;VRK1;PPP4R3A;WIPI2;PPP4R3B;RABGGTB;JMJD7;PRKAB1;ILF3;BIRC6;ULK1;ALG10B;CSNK1G2;CILK1;PRKAA1;MEAF6;CTBP1;MAPK9;PORCN;IRAK1;STK38;MAP4K5;MARK4;ATG7;MARK3;MARK2;ATG5;PAK4;PLK4;SRPK2;PTPN1;UBE2I;TAF13;LIMK2;PTK2;CLK3;SRPK1;CLK2;CDK2;MGAT4B;CDK10;MAN2B1;METAP1,Qk,rmats,1258,GO_Biological_Process_2023
Positive Regulation Of Telomere Maintenance (GO:0032206),13/52,0.0016928935363639042,5.0074966532797855,55.84484466273496,INO80E;ACTR5;ATRX;TINF2;SIRT6;TERF2;GNL3;RAD50;RUVBL2;ERCC1;HNRNPD;MAP2K7;NFRKB,Qk,rmats,1258,GO_Biological_Process_2023
Regulation Of Telomere Maintenance (GO:0032204),11/38,0.0016928935363639042,6.114378211411091,68.12840194116838,UPF1;RAD50;ERCC1;ATRX;TINF2;YLPM1;HNRNPD;SIRT6;SMC6;TERF2;GNL3,Qk,rmats,1258,GO_Biological_Process_2023
DNA Methylation (GO:0006306),8/20,0.0016928935363639042,9.989333333333333,110.78415887510762,N6AMT1;ATRX;DNMT3A;DNMT3B;METTL4;EHMT1;BAZ2A;GATAD2A,Qk,rmats,1258,GO_Biological_Process_2023
Negative Regulation Of Microtubule Depolymerization (GO:0007026),8/20,0.0016928935363639042,9.989333333333333,110.78415887510762,TPX2;CKAP2;KATNB1;CIB1;ARHGEF2;CLASP1;HDGFL3;CLASP2,Qk,rmats,1258,GO_Biological_Process_2023
RNA Metabolic Process (GO:0016070),20/111,0.0018635647733570954,3.311083101066946,36.21349434711239,RBFOX2;RNGTT;RBPMS;DHX9;FASTKD2;PABPC4;THOC1;DDX20;PARN;NOL9;RNASEH1;HNRNPH1;ALKBH1;PCBP2;PAPOLA;HNRNPD;HNRNPH3;TENT2;RBM5;RBM6,Qk,rmats,1258,GO_Biological_Process_2023
Regulation Of Macromolecule Biosynthetic Process (GO:0010556),13/53,0.0018635647733570954,4.882048192771085,53.35910234180051,CYFIP1;MEAF6;JADE1;NOLC1;TSC1;ING4;TCOF1;RABL3;GEMIN5;KAT7;ULK1;DUS3L;METAP1,Qk,rmats,1258,GO_Biological_Process_2023
Protein Localization (GO:0008104),43/351,0.0022051300842247145,2.1181711292822403,22.72922173822289,CUTA;VPS29;RAB5C;SAR1A;STX16;PDCD6;ITSN1;VPS26C;DDX42;HDAC6;ARFRP1;GGA1;RAB23;NPHP1;TMED1;RAB28;RAB6A;SEC31A;JAM3;CTSA;NSF;USP9X;IST1;USP4;AKTIP;ASPSCR1;TSC2;TIMM21;WIPI2;PEX14;SEC23IP;IFT22;CDAN1;CTTN;HOOK2;RRAGB;UNC50;PEX5;RABL3;ULK1;ARHGEF2;SLU7;VCL,Qk,rmats,1258,GO_Biological_Process_2023
Regulation Of Embryonic Development (GO:0045995),14/62,0.0023230962397049605,4.382971596998928,46.672601962749496,UTP25;INO80E;ACTR5;EHMT1;BAG6;ZZZ3;RACGAP1;RUVBL2;TADA3;OTX2;NFRKB;CLASP1;KAT14;CLASP2,Qk,rmats,1258,GO_Biological_Process_2023
Regulation Of Microtubule-Based Process (GO:0032886),11/41,0.003037565314923978,5.502058273188987,56.95443356381796,CAMSAP3;MACF1;PATJ;PRKAA1;MEMO1;CCNL2;MARK4;HDAC6;CLASP1;MARK2;CLASP2,Qk,rmats,1258,GO_Biological_Process_2023
RNA Splicing (GO:0008380),18/98,0.0032621982232761454,3.38625,34.715705891461695,SRPK2;TCERG1;PDCD7;WBP4;LSM1;ZCRB1;RNPC3;SRPK1;LSM6;RNPS1;SNRNP48;PPIG;HNRNPC;HNRNPH3;TARDBP;SRSF7;SLU7;SRSF10,Qk,rmats,1258,GO_Biological_Process_2023
Establishment Of Spindle Orientation (GO:0051294),10/35,0.0036236067313693654,5.999038461538461,60.70723553994051,NSFL1C;HDAC3;SAPCD2;FBXW11;MAP4;CLASP1;CDK5RAP2;ENKD1;NDEL1;LLGL2,Qk,rmats,1258,GO_Biological_Process_2023
Negative Regulation Of Protein Depolymerization (GO:1901880),8/23,0.00425388315261676,7.990186666666666,79.11156941601558,TPX2;CKAP2;KATNB1;CIB1;ARHGEF2;CLASP1;HDGFL3;CLASP2,Qk,rmats,1258,GO_Biological_Process_2023
DNA-templated DNA Replication Maintenance Of Fidelity (GO:0045005),11/43,0.00425388315261676,5.157628307939054,50.898022747314464,CAMSAP3;CENPX;FANCM;FBH1;MCM8;DDX11;ATRX;DONSON;THOC1;TIMELESS;POLE,Qk,rmats,1258,GO_Biological_Process_2023
Intracellular Steroid Hormone Receptor Signaling Pathway (GO:0030518),11/43,0.00425388315261676,5.157628307939054,50.898022747314464,KDM3A;RBFOX2;RNF14;SRC;UBR5;NCOA4;TADA3;UBE3A;ZDHHC7;ARID1A;SAFB,Qk,rmats,1258,GO_Biological_Process_2023
Positive Regulation Of Double-Strand Break Repair Via Homologous Recombination (GO:1905168),10/36,0.00425388315261676,5.767998027613412,56.82476188890605,RAD51AP1;MORF4L1;ING3;MRGBP;MEAF6;TRRAP;RUVBL2;TIMELESS;BRD8;HDGFL2,Qk,rmats,1258,GO_Biological_Process_2023
Regulation Of DNA Repair (GO:0006282),21/129,0.00425388315261676,2.9290847031348246,28.799874479908073,INO80E;PBRM1;TMEM161A;MEAF6;TRRAP;DHX9;ACTR5;PPP4R3B;SIRT7;ARID1A;RAD52;MORF4L1;MRGBP;ING3;RUVBL2;UBR5;TADA3;USP1;KAT7;BRD8;NFRKB,Qk,rmats,1258,GO_Biological_Process_2023
Positive Regulation Of DNA Recombination (GO:0045911),12/51,0.0045183956537441635,4.618594888257809,45.02448763262178,RAD51AP1;MORF4L1;ING3;MRGBP;MEAF6;TRRAP;HMCES;RUVBL2;TIMELESS;TRAPPC13;BRD8;HDGFL2,Qk,rmats,1258,GO_Biological_Process_2023
Positive Regulation Of Double-Strand Break Repair (GO:2000781),16/84,0.004527979778796967,3.537747466136213,34.398992339523225,PBRM1;MEAF6;TRRAP;DDX11;SIRT6;FOXM1;ARID1A;RAD51AP1;MORF4L1;ING3;MRGBP;RUVBL2;TIMELESS;TRAPPC13;BRD8;HDGFL2,Qk,rmats,1258,GO_Biological_Process_2023
Microtubule Anchoring (GO:0034453),5/9,0.007145636184021885,18.693136472466083,172.2813993614479,CAMSAP3;GCC2;CLASP1;PEX14;CLASP2,Qk,rmats,1258,GO_Biological_Process_2023
Positive Regulation Of miRNA-mediated Gene Silencing (GO:2000637),5/9,0.007145636184021885,18.693136472466083,172.2813993614479,FXR1;TIAL1;DHX9;FMR1;PUM1,Qk,rmats,1258,GO_Biological_Process_2023
Replication Fork Processing (GO:0031297),11/46,0.007145636184021885,4.71478978118914,43.38187759120423,RAD50;CENPX;FANCM;FBH1;DDX11;ATRX;RBBP8;DONSON;THOC1;BRCA2;SAMHD1,Qk,rmats,1258,GO_Biological_Process_2023
Regulation Of Double-Strand Break Repair (GO:2000779),16/88,0.007421391247725817,3.340490248702809,30.539812540438884,PBRM1;MEAF6;TRRAP;DDX11;SIRT6;PPP4R3B;FOXM1;ARID1A;RAD51AP1;MORF4L1;ING3;MRGBP;RUVBL2;UBR5;TIMELESS;BRD8,Qk,rmats,1258,GO_Biological_Process_2023
Establishment Or Maintenance Of Apical/Basal Cell Polarity (GO:0035088),8/26,0.009155847233599695,6.657422222222222,59.32874367509524,PATJ;DLG1;DLG3;DLG5;SCRIB;MARK2;LLGL2;PALS1,Qk,rmats,1258,GO_Biological_Process_2023
Establishment Or Maintenance Of Epithelial Cell Apical/Basal Polarity (GO:0045197),10/40,0.00928363712718719,4.997863247863248,44.36905912547366,CAMSAP3;PATJ;DLG1;DLG3;DLG5;SCRIB;SYNE4;MARK2;LLGL2;PALS1,Qk,rmats,1258,GO_Biological_Process_2023
Stress-Activated Protein Kinase Signaling Cascade (GO:0031098),7/20,0.009368008656172433,8.061427780852242,71.33360662122195,MAP2K3;PDCD10;KAT7;MAP2K7;MAP3K7;MAPK13;MAP2K6,Qk,rmats,1258,GO_Biological_Process_2023
Phosphorylation (GO:0016310),47/429,0.009684704170054207,1.8653615851206868,16.407889525217865,APP;PRKAA1;PANK2;GSK3A;DGKD;CTBP1;GMFG;MAPKAP1;ILK;STK19;MAPK9;STK11;PPP3CB;TBK1;IRAK1;FASTK;STK38;MAP4K5;MARK4;MARK3;MARK2;EPHB3;PDK1;PAK4;PLK4;SRPK2;BRD2;EPHA7;TBP;SPHK2;STRADA;TAF13;STRADB;LIMK2;VRK1;PRKAB1;PTK2;CLK3;SRPK1;CLK2;ILF3;CDK2;CDK10;BIRC6;ULK1;CSNK1G2;CILK1,Qk,rmats,1258,GO_Biological_Process_2023
Protein Transport (GO:0015031),37/313,0.010458241557688736,2.0274483970136146,17.639206207113478,VPS29;MACF1;RAMP2;RAB5C;SAR1A;STX16;PDCD6;VPS26C;ARHGAP1;MIA2;GCC2;HDAC6;SCAMP5;ARFRP1;GGA1;RAB23;TMED1;RAB28;RAB6A;SEC31A;CTSA;NDC1;NSF;ASPSCR1;TIMM21;MCOLN1;DNM2;CENPF;SEC23IP;IFT22;CTTN;RAB13;RABL3;CHMP2A;COPG2;ARHGEF2;SLU7,Qk,rmats,1258,GO_Biological_Process_2023
DNA Alkylation (GO:0006305),6/15,0.010632488981415824,9.974973375931842,85.62929117222667,ATRX;DNMT3A;DNMT3B;EHMT1;BAZ2A;GATAD2A,Qk,rmats,1258,GO_Biological_Process_2023
Histone H4-K5 Acetylation (GO:0043981),6/15,0.010632488981415824,9.974973375931842,85.62929117222667,ING4;MEAF6;PHF20;KANSL2;JADE1;KAT7,Qk,rmats,1258,GO_Biological_Process_2023
Histone H4-K8 Acetylation (GO:0043982),6/15,0.010632488981415824,9.974973375931842,85.62929117222667,ING4;MEAF6;PHF20;KANSL2;JADE1;KAT7,Qk,rmats,1258,GO_Biological_Process_2023
Regulation Of mRNA Metabolic Process (GO:1903311),6/15,0.010632488981415824,9.974973375931842,85.62929117222667,SRPK2;SLTM;DHX9;SAFB2;SAFB;SRPK1,Qk,rmats,1258,GO_Biological_Process_2023
Establishment Of Mitotic Spindle Localization (GO:0040001),9/34,0.010632488981415824,5.394811849479583,46.30638493167477,NSFL1C;HDAC3;SAPCD2;FBXW11;CLASP1;CDK5RAP2;CLASP2;ENKD1;NDEL1,Qk,rmats,1258,GO_Biological_Process_2023
Positive Regulation Of Post-Transcriptional Gene Silencing By RNA (GO:1900370),5/10,0.010632488981415824,14.953711093375897,128.24946129527098,FXR1;TIAL1;DHX9;FMR1;PUM1,Qk,rmats,1258,GO_Biological_Process_2023
DNA Replication Initiation (GO:0006270),7/21,0.011113007306074077,7.4852118305355715,63.61600668369802,POLA2;ORC6;ORC1;ORC3;LRWD1;NOC3L;TOPBP1,Qk,rmats,1258,GO_Biological_Process_2023
Histone H2A Acetylation (GO:0043968),7/21,0.011113007306074077,7.4852118305355715,63.61600668369802,MORF4L1;ING3;MRGBP;MEAF6;TRRAP;RUVBL2;BRD8,Qk,rmats,1258,GO_Biological_Process_2023
Regulation Of Cellular Component Organization (GO:0051128),22/153,0.012559252494351008,2.528730946910744,21.121874822009367,SETD5;PTPN1;MEAF6;PRDM5;HJURP;JADE1;TSC2;MLLT3;NUBP1;CAMSAP3;ING4;TJP1;STK11;NCLN;METTL4;PACSIN3;KAT7;CCNL2;MARK4;EBAG9;PICALM;PAK4,Qk,rmats,1258,GO_Biological_Process_2023
tRNA Modification (GO:0006400),13/67,0.012559252494351008,3.6136248698497693,30.15313281744542,AARS2;ANKRD16;OSGEPL1;TYW5;TRMT1;FTSJ1;TRIT1;GTPBP3;QTRT1;CTU2;ALKBH1;DUS3L;TRMT61A,Qk,rmats,1258,GO_Biological_Process_2023
Mitotic Spindle Organization (GO:0007052),15/85,0.012752415673765992,3.2189403516837145,26.759946908002245,INTS13;MAP1S;SMC1A;CKAP5;WRAP73;TPX2;STAG1;PRC1;NUF2;MAP4;LSM14A;DLGAP5;CLASP1;CCDC61;CLASP2,Qk,rmats,1258,GO_Biological_Process_2023
Regulation Of Multicellular Organismal Development (GO:2000026),12/59,0.013224871150636617,3.830811789214849,31.647851568650278,BAG6;INO80E;BRPF1;ZZZ3;MEAF6;RACGAP1;RUVBL2;ACTR5;TADA3;EHMT1;NFRKB;KAT14,Qk,rmats,1258,GO_Biological_Process_2023
Regulation Of Gene Expression (GO:0010468),100/1127,0.014336583526701939,1.4895742415910318,12.162988548897431,ATF2;APP;TRRAP;JADE1;UXT;FGF8;RUVBL2;CPNE1;KAT7;CCNL2;ZFPL1;TLE1;PRKAB1;DMTF1;ZSCAN21;DNMT1;MEAF6;YTHDC1;MAZ;BAZ2A;CIAO3;HIF1A;MACROH2A1;NPAT;HNRNPDL;PDCD10;PCBP2;UBR5;KAT14;CD276;BPTF;ESRRA;SRPK2;BRPF1;SETDB1;PUM1;CLK4;SMAD5;CLK3;CLK2;SON;ZZZ3;FUBP1;CDK2;TADA3;MDM2;HNRNPD;GTF2IRD1;TCF3;EZH2;PICALM;GSK3A;CELF1;PHF20;RNF14;CHD6;BRCA2;ATRAID;ROBO1;ING4;ING3;FASTK;SUFU;SPIN1;DNMT3B;CTSH;FLOT2;HRAS;TGIF2;ACTR6;ACTR5;ATRX;TERF2;TAPBP;DNM2;SLC7A5;RBL1;HNRNPH1;ESRP1;MTF2;HNRNPH3;PRKAA1;RAMP2;SRRT;HDAC6;MAPK9;ATXN1L;NSD2;IGF2BP1;METTL4;APBB2;APBB1;SRSF10;DTNBP1;RRP1B;VEGFA;KANSL2;RLIM;KRAS;TARDBP,Qk,rmats,1258,GO_Biological_Process_2023
Mitotic Spindle Assembly (GO:0090307),10/44,0.01598475431391697,4.40893665158371,35.4182100024441,TPX2;WRAP73;STAG1;RACGAP1;PRC1;SMC1A;LSM14A;CLASP1;CCDC61;CLASP2,Qk,rmats,1258,GO_Biological_Process_2023
Membrane Organization (GO:0061024),23/167,0.01598475431391697,2.4052744039586145,19.306509775304704,MTCH1;TSG101;HACE1;DBNL;SAR1A;SNAP23;TOR1AIP2;OCRL;TOR1B;ATP2C1;DNM2;NSFL1C;CLN3;RABEP1;OPA1;BIN1;TMEM33;CHMP2A;UBAP1;MITD1;PIP5K1C;CHMP7;PICALM,Qk,rmats,1258,GO_Biological_Process_2023
Negative Regulation Of Gene Expression (GO:0010629),38/336,0.01619869349166971,1.9278028385961052,15.42019606950542,APP;SUV39H2;DNMT1;PRKAA1;CELF1;FMR1;HIF1A;MACROH2A1;ROBO1;FXR1;PDCD10;TRIM3;CPNE1;IGF2BP1;FLOT2;HRAS;SETDB1;SIRT6;TSC1;CNOT10;PPHLN1;PUM1;LSM5;TERF2;SMAD5;VEGFA;SLC7A5;ILF3;LSM6;RBL1;CNOT1;DXO;TARDBP;MPHOSPH8;LSM14A;GAPDH;EZH2;PICALM,Qk,rmats,1258,GO_Biological_Process_2023
Double-Strand Break Repair (GO:0006302),23/168,0.01694299976951099,2.3885578668155802,18.96403181640496,KDM2A;FBH1;MCM8;PARP2;ZMYND8;ACTR5;XRCC3;CIB1;SIRT6;SMC6;BRCA2;SAMHD1;PALB2;RAD54B;RAD51AP1;RAD52;MORF4L1;RAD50;RNF138;ERCC1;NSD2;RBBP8;SMARCAD1,Qk,rmats,1258,GO_Biological_Process_2023
"RNA Splicing, Via Transesterification Reactions With Bulged Adenosine As Nucleophile (GO:0000377)",24/180,0.0186993620586676,2.3171674354818603,18.135804015705162,AQR;HNRNPA3;YTHDC1;WBP4;PRPF40B;HNRNPR;PRPF40A;RNPC3;LSM5;U2AF1L4;LSM7;METTL14;LSM6;HNRNPH1;GEMIN5;RNPS1;HNRNPC;HNRNPH3;SRSF7;SLU7;SRSF10;RBM10;RBM5;RBM6,Qk,rmats,1258,GO_Biological_Process_2023
Protein Lipidation (GO:0006497),12/62,0.01935201415320435,3.600385232744783,28.005306547954422,DPM1;PORCN;PGAP2;ZDHHC20;SLC30A5;PIGP;ZDHHC5;ZDHHC6;ZDHHC7;WIPI2;ATG7;ATG5,Qk,rmats,1258,GO_Biological_Process_2023
Regulation Of Double-Strand Break Repair Via Homologous Recombination (GO:0010569),13/71,0.01965022784500092,3.3636892397174907,26.06635040306776,MEAF6;FBH1;TRRAP;SIRT6;RAD51AP1;MORF4L1;ING3;MRGBP;RUVBL2;TIMELESS;TRAPPC13;BRD8;HDGFL2,Qk,rmats,1258,GO_Biological_Process_2023
Protein Phosphorylation (GO:0006468),51/500,0.02062238810314363,1.7214780890241224,13.233759005863837,ATF2;APP;GSK3A;GMFG;ILK;STK19;STK11;PPP3CB;TBK1;FASTK;MAP3K7;EPHB4;EPHB3;PDK1;BRD2;EPHA7;TBP;STRADA;STRADB;VRK1;PRKAB1;ILF3;BIRC6;ULK1;CSNK1G2;CILK1;PRKAA1;CAB39;CTBP1;SRC;MAPK9;IRAK1;STK38;MAP4K5;MARK4;MARK3;MARK2;PAK4;PLK4;SRPK2;TAF13;LIMK2;CDC7;CLK4;PTK2;CLK3;SRPK1;CLK2;MAPK13;CDK2;CDK10,Qk,rmats,1258,GO_Biological_Process_2023
Negative Regulation Of Microtubule Polymerization Or Depolymerization (GO:0031111),8/31,0.02279634824974805,5.208765217391305,39.45011271290009,TPX2;CKAP2;KATNB1;CIB1;ARHGEF2;CLASP1;HDGFL3;CLASP2,Qk,rmats,1258,GO_Biological_Process_2023
Regulation Of RNA Metabolic Process (GO:0051252),15/91,0.022998009621796447,2.9638607782529536,22.382309154922083,CELF1;TRRAP;RRP1B;CLK4;CLK3;CLK2;SON;HNRNPH1;FASTK;ESRP1;PCBP2;TADA3;METTL4;CCNL2;HNRNPH3,Qk,rmats,1258,GO_Biological_Process_2023
Double-Strand Break Repair Via Homologous Recombination (GO:0000724),17/111,0.024111317451567152,2.7175750510055376,20.35842903244722,FANCM;FBH1;MCM8;ZMYND8;XRCC3;ATRX;CDC7;SMC6;BRCA2;SAMHD1;PALB2;RAD54B;RAD51AP1;RAD52;MORF4L1;RNF138;RBBP8,Qk,rmats,1258,GO_Biological_Process_2023
Epigenetic Regulation Of Gene Expression (GO:0040029),14/83,0.026793959357777595,3.0455985833449835,22.455188576256848,N6AMT1;ATF2;SUV39H2;SPHK2;DNMT3A;SIRT6;PPHLN1;SIRT7;MACROH2A1;HDAC6;MTF2;KAT7;MPHOSPH8;EZH2,Qk,rmats,1258,GO_Biological_Process_2023
Positive Regulation Of Protein Kinase Activity (GO:0045860),20/145,0.032143672562646,2.4060743134087237,17.27132740636709,MAP2K3;PTPN1;CAB39;CAB39L;STRADA;SRC;STRADB;DUSP19;CIB1;PTK2;VEGFA;TPX2;STK11;DLG3;PDCD10;ORC3;ECT2;TELO2;MARK2;EZH2,Qk,rmats,1258,GO_Biological_Process_2023
Positive Regulation Of Chromosome Organization (GO:2001252),8/33,0.03331620096267146,4.791552,34.11918348777958,RAD50;DDX11;ATRX;TINF2;SIRT6;NCAPD3;TERF2;GNL3,Qk,rmats,1258,GO_Biological_Process_2023
Mitotic Sister Chromatid Cohesion (GO:0007064),6/19,0.03331620096267146,6.904276234947162,49.102777964183346,MAU2;STAG1;ESCO1;PDS5B;PDS5A;SMC1A,Qk,rmats,1258,GO_Biological_Process_2023
Positive Regulation Of Heterochromatin Formation (GO:0031453),5/13,0.03331620096267146,9.344573024740622,66.39430371489838,SETDB1;CDK2;PPHLN1;MPHOSPH8;RESF1,Qk,rmats,1258,GO_Biological_Process_2023
Regulation Of Mitochondrion Organization (GO:0010821),10/50,0.038067905880634904,3.746394230769231,26.060049647544407,GSK3A;SLC30A9;HAX1;HTRA2;SIRT7;MFF;CYRIB;SREBF2;HDAC6;PARL,Qk,rmats,1258,GO_Biological_Process_2023
Regulation Of Transcription Elongation By RNA Polymerase II (GO:0034243),13/77,0.038067905880634904,3.0473644578313253,21.17215490706083,INTS11;TCERG1;INTS13;INTS14;ZMYND8;LARP7;SIRT6;MED15;MED22;MED20;NELFB;EAPP;ZMYND11,Qk,rmats,1258,GO_Biological_Process_2023
DNA Recombination (GO:0006310),9/42,0.03955225345776707,4.085231821821093,28.17832832681583,RAD52;RAD50;EXO1;MSH3;ERCC1;XRCC3;RBBP8;TOPBP1;RAD54B,Qk,rmats,1258,GO_Biological_Process_2023
Organelle Organization (GO:0006996),43/418,0.04040561472853445,1.7334013717421124,11.899048174428648,PI4K2B;CUL7;SAR1A;MAPKAP1;PITPNB;FAF2;TOR1AIP2;SNX10;GABPB1;CECR2;OPA1;ZMYM4;TRAPPC12;PACSIN3;TMED1;MARK4;EPS15;CLASP1;CEP78;SEC31A;PAK4;CLASP2;HACE1;YTHDF3;PRPF40A;PEX2;WDR73;TOR1B;MCOLN1;BCS1L;PEX14;TJAP1;GAK;NSFL1C;SEC23IP;TMEM135;HAX1;BIN1;PEX3;GOLGB1;CHMP2A;CHMP7;BRWD3,Qk,rmats,1258,GO_Biological_Process_2023
RNA Modification (GO:0009451),10/51,0.041861225472570915,3.654823327079425,24.83410683099967,QTRT1;AARS2;ANKRD16;ALKBH1;PARN;NAT10;TRMT1;FTSJ1;TRIT1;JMJD6,Qk,rmats,1258,GO_Biological_Process_2023
"Negative Regulation Of Gene Expression, Epigenetic (GO:0045814)",10/51,0.041861225472570915,3.654823327079425,24.83410683099967,SUV39H2;DNMT1;UHRF2;CTBP1;SIRT6;BAZ2A;PPHLN1;MACROH2A1;MPHOSPH8;EZH2,Qk,rmats,1258,GO_Biological_Process_2023
Regulation Of Telomere Maintenance Via Telomerase (GO:0032210),10/51,0.041861225472570915,3.654823327079425,24.83410683099967,CCT3;CCT2;SRC;TINF2;TCP1;PARN;NAT10;HNRNPC;MAP2K7;TERF2,Qk,rmats,1258,GO_Biological_Process_2023
Organelle Assembly (GO:0070925),35/322,0.042498036578914905,1.8402369224019304,12.455854378739325,TSG101;TMEM41B;FMR1;SNX10;AMBRA1;HDAC6;FXR1;AP3M1;ABLIM1;AP1G1;RAB23;TOGARAM1;TRAPPC14;ATG7;ATG5;PLK4;IQCB1;YTHDF3;IST1;VTA1;SEPTIN6;OCRL;BBIP1;WIPI2;ATAT1;IFT20;NSFL1C;IFT22;RP2;TMEM216;CHMP2A;UBAP1;ULK1;CHMP7;CILK1,Qk,rmats,1258,GO_Biological_Process_2023
Regulation Of Chromosome Organization (GO:0033044),9/43,0.043810683580835744,3.964866010455423,26.641350369255004,UPF1;INO80E;RUVBL2;ACTR5;YLPM1;HNRNPD;SMC6;NFRKB;TERF2,Qk,rmats,1258,GO_Biological_Process_2023
Centromere Complex Assembly (GO:0034508),5/14,0.043810683580835744,8.305843752771127,55.7838390352583,CENPF;MIS18A;NASP;HJURP;DLGAP5,Qk,rmats,1258,GO_Biological_Process_2023
Regulation Of Cellular Biosynthetic Process (GO:0031326),12/70,0.046338949988782054,3.1024519842807328,20.623971874361583,ING4;APP;CYFIP1;MEAF6;TCOF1;JADE1;GEMIN5;NOLC1;KAT7;TSC1;DUS3L;METAP1,Qk,rmats,1258,GO_Biological_Process_2023
Regulation Of Cell Cycle Process (GO:0010564),18/130,0.046338949988782054,2.414602534562212,16.029591103781186,CUL7;PBRM1;PRPF40A;CDC25C;PUM1;ARID1A;USP19;RACGAP1;BIN1;PRC1;E4F1;RPRD1B;BIRC6;CCNL2;CEP85;ENTR1;ECT2;MARK4,Qk,rmats,1258,GO_Biological_Process_2023
Intracellular Membrane-Bounded Organelle (GO:0043231),519/5175,2.388373595846754e-32,2.124700068356514,167.0380664932094,ATF2;VPS29;TRRAP;ITSN1;EHMT1;DCAF8;HNRNPR;SMC6;GABPB1;ALKBH6;GPATCH8;TBK1;ALKBH1;NFRKB;RNF111;RBFOX2;MAP1S;DDX11;ISL1;PRKAB1;EML3;WDR77;NISCH;BIN1;SRFBP1;RABL6;MEAF6;CTBP1;VPS26C;BAZ2A;RNPC3;HIF1A;MTDH;PRDX5;NTHL1;ZSCAN10;PIP5K1A;KAT14;HACE1;PHC1;LARP7;CDC7;MLLT10;FIBP;TRIP6;HNRNPD;CDK10;GTF2IRD1;CDIN1;HNRNPC;PKIG;RAD18;EZH2;PSME3IP1;PHF3;CEP57;DENND1B;SETD5;TCF25;SETD6;SNX10;ECSIT;MED15;CLINT1;MED12;ING4;ING3;AIFM1;SPIN1;NELFB;DLGAP5;APPL1;UPF1;BRD2;SPHK2;SIRT6;SIRT7;TERF2;GNL3;MED22;SLC7A5;AFTPH;NCOR1;MED20;MTF2;MYRF;SGMS1;RNMT;CIPC;GPS1;DLST;WDR24;ECPAS;GGA1;RNF138;NSD2;USP1;PMS2;BRD9;BRD8;SRSF10;SRSF11;NKTR;BRD4;USP9X;PCGF5;NR1H2;YLPM1;APEX2;TRMT1;RRP1B;SCAF4;GATAD2A;CENPF;SRRD;PWWP3A;RLIM;ZYX;UBAP1;MITD1;EEF1AKMT2;N6AMT1;DGKD;PDCD6;FMR1;CTNND1;UBP1;STK19;RPL10A;EDC4;STK11;RUVBL2;MPC2;PAPOLA;SMARCAD1;KPNA2;HMGN2;MAP3K7;HMGN3;GTF2I;TLE1;IST1;USP4;USP3;IPMK;THOC1;VRK1;CHD1L;CDC25C;FOXP4;CDC25A;PIAS2;THOC7;CLIP1;ILF3;DMTF1;MSH3;ANAPC5;SRSF7;CSNK1G2;DNMT1;ANKRD16;MAX;ANKRD11;KMT2B;MAZ;MACROH2A1;BCL2L12;RAD51AP1;BAG6;NPAT;ORC1;STK38;UBR5;SAFB2;MAP2K7;ESRRA;OSBPL9;BRPF1;LSM1;RFXANK;FANCE;LSM5;PALB2;NSFL1C;LSM7;DAB2;LSM6;P4HA1;TADA3;CDK2;MDM2;NF2;NIT1;MDM1;RAD9A;DIDO1;RNF13;CELF1;RNF14;MCM8;CDCA7L;AKAP8L;UFSP2;FOXM1;ATRAID;RESF1;DUSP12;METTL14;EXO1;AP1G1;DNMT3B;ILKAP;EIF5B;ACTR6;CEMIP2;ACTR5;ATRX;DNMT3A;RAD23A;SMC1A;TRAF7;METTL22;PKM;TFDP2;ESRP1;BIRC6;SLC25A10;GAPDH;PRKAA1;GTF2A2;HDAC3;TSSC4;UHRF2;WBP4;LENG8;KATNB1;AMBRA1;MLLT3;HDAC6;ZNRF1;CECR2;NFS1;HIRIP3;ATXN1L;IGF2BP1;RBBP8;HNRNPA3;CIZ1;RNGTT;PPIL2;DONSON;MCOLN1;RAD52;RAD50;PRC1;TRMT61A;PANK4;TCERG1;PANK2;RTCA;ZMYND8;ECI2;NUDT1;UXT;TIAL1;FAM53C;CPNE1;FAM53A;UBAP2L;KAT7;CCNL2;ZFPL1;AGFG1;JMJD4;AQR;ESCO1;SLC35C2;HNF1B;KNL1;JMJD7;JMJD8;JMJD6;CYP39A1;RRAGB;AKAP9;DXO;TELO2;LLGL2;DHX9;TEX264;UBE2J2;FXR1;DHX30;RAB11FIP1;RACGAP1;PCBP2;DPH3;RBM10;SEC31A;DECR1;CTSA;SRPK2;SETDB1;XRCC3;MEMO1;NTAN1;PTK2;SRPK1;TPX2;STAG1;CDAN1;FUBP1;GOLGB1;RNPS1;CUTC;RPS24;CC2D1A;INTS11;TOP2A;RPAIN;SUV39H2;INTS13;INTS14;FBH1;NAT10;ZBTB8OS;BRCA2;N4BP2L2;ZMYM2;XPO4;SUFU;XPO6;CTSH;CTSF;ACADS;CTSC;GABPA;TOP3B;GRIPAP1;PBRM1;DBNL;PARP2;STRADA;NCOA3;PABPC4;STRADB;NCOA4;TFE3;PPRC1;SREBF2;GAK;CTTN;SLTM;HNRNPH1;G2E3;HNRNPH3;ALDOA;SLU7;STX16;SLC66A1;ZDHHC20;AKAP8;NOL9;RAD54B;RXRB;NT5C;CUX1;HSF1;METTL4;APBB2;APBB1;EPS15;GINS1;RANBP3;MYEF2;APTX;PEX14;NUDT9;SEC23IP;MIS18A;TTC3;NBR1;TARDBP;MPHOSPH8;PRDM4;PRDM5;JADE1;CIB1;COMT;FBL;TRAPPC12;TRAPPC14;SLC30A9;KDM2B;FBXW11;TSC2;TSC1;OCRL;DPM1;MAU2;TIMELESS;GEMIN5;PPIG;GEMIN8;HDGFL2;ISCU;HDGFL3;YTHDC1;PSMD13;UBA5;ARHGAP19;HTRA2;PDS5B;PDS5A;IRAK1;DEAF1;OTX2;RPRD1B;SUDS3;ECT2;ZC3H14;BPTF;UBE2I;CPSF6;POU2F1;CPSF1;VTA1;ASPSCR1;MACO1;CLK4;SMAD5;CLK3;AZIN1;TDRD3;CLK2;IFT20;UBE2W;DLG1;HOOK2;APPBP2;NASP;RSRP1;TCF4;MAN2B1;TCF3;BRWD3;PICALM;GSK3A;KDM5C;DDX42;CHD6;PSIP1;RABEPK;SENP6;FLOT2;BUD23;TOPBP1;GUSB;RBM7;POLE;RBM5;RBM6;SUN1;TGIF2;TBP;AKTIP;PPP2R5B;PEX2;TRNAU1AP;ARID1A;SAFB;EPN2;SENP1;LMBRD1;TRAPPC6A;ELF2;RABEP1;THRAP3;ZMYND11;EAPP;ITGB3BP;CILK1;VAC14;KDM3A;PDXK;USP16;POLDIP3;BRAT1;USP11;PARN;DDX20;WIZ;SAMHD1;UACA;PSMB10;CLN3;MAPK9;MAPK7;MCRIP2;S100PBP;MUTYH;REPS1;TCF7L2;TAF13;LIMK2;SGTA;DTNBP1;LRWD1;USP28;USF1;U2SURP;MAPK13;TICRR;CLCN4;POLE2;ACIN1;QRICH1;RGS12,Qk,rmats,1258,GO_Cellular_Component_2023
Nucleus (GO:0005634),453/4487,1.2797188787330946e-27,2.0517292455125222,137.53796720976953,ATF2;TRRAP;EHMT1;DCAF8;HNRNPR;SMC6;GABPB1;ALKBH6;GPATCH8;ALKBH1;NFRKB;RNF111;RBFOX2;MAP1S;DDX11;ISL1;PRKAB1;EML3;WDR77;BIN1;SRFBP1;RABL6;MEAF6;CTBP1;VPS26C;BAZ2A;RNPC3;HIF1A;MTDH;PRDX5;NTHL1;ZSCAN10;PIP5K1A;KAT14;HACE1;PHC1;LARP7;CDC7;MLLT10;FIBP;TRIP6;HNRNPD;CDK10;GTF2IRD1;CDIN1;HNRNPC;PKIG;RAD18;EZH2;PSME3IP1;PHF3;CEP57;SETD5;TCF25;SETD6;SNX10;ECSIT;MED15;MED12;ING4;ING3;AIFM1;SPIN1;NELFB;DLGAP5;APPL1;UPF1;BRD2;SPHK2;SIRT6;SIRT7;TERF2;GNL3;MED22;NCOR1;MED20;MTF2;MYRF;SGMS1;RNMT;CIPC;GPS1;DLST;ECPAS;RNF138;NSD2;USP1;PMS2;BRD9;BRD8;SRSF10;SRSF11;NKTR;BRD4;USP9X;PCGF5;NR1H2;YLPM1;APEX2;TRMT1;RRP1B;SCAF4;GATAD2A;CENPF;SRRD;PWWP3A;RLIM;ZYX;EEF1AKMT2;N6AMT1;DGKD;PDCD6;FMR1;CTNND1;UBP1;STK19;RPL10A;EDC4;STK11;RUVBL2;MPC2;PAPOLA;SMARCAD1;KPNA2;HMGN2;MAP3K7;HMGN3;GTF2I;TLE1;USP4;USP3;IPMK;THOC1;VRK1;CHD1L;CDC25C;FOXP4;CDC25A;PIAS2;THOC7;CLIP1;ILF3;DMTF1;MSH3;ANAPC5;SRSF7;CSNK1G2;DNMT1;ANKRD16;MAX;ANKRD11;KMT2B;MAZ;MACROH2A1;BCL2L12;RAD51AP1;BAG6;NPAT;ORC1;STK38;UBR5;SAFB2;MAP2K7;ESRRA;BRPF1;LSM1;RFXANK;FANCE;LSM5;PALB2;NSFL1C;LSM7;LSM6;TADA3;CDK2;MDM2;NF2;NIT1;MDM1;RAD9A;DIDO1;CELF1;RNF14;MCM8;CDCA7L;AKAP8L;UFSP2;FOXM1;RESF1;DUSP12;METTL14;EXO1;DNMT3B;ILKAP;EIF5B;ACTR6;ACTR5;ATRX;DNMT3A;RAD23A;SMC1A;METTL22;PKM;TFDP2;ESRP1;BIRC6;SLC25A10;GAPDH;PRKAA1;GTF2A2;HDAC3;TSSC4;UHRF2;WBP4;LENG8;KATNB1;AMBRA1;MLLT3;HDAC6;CECR2;NFS1;HIRIP3;HAUS8;ATXN1L;IGF2BP1;RBBP8;HNRNPA3;CIZ1;RNGTT;PPIL2;DONSON;RAD52;RAD50;PRC1;TRMT61A;PANK4;TCERG1;PANK2;RTCA;ZMYND8;NUDT1;UXT;TIAL1;FAM53C;CPNE1;FAM53A;UBAP2L;KAT7;CCNL2;ZFPL1;JMJD4;AQR;ESCO1;HNF1B;KNL1;JMJD7;JMJD8;JMJD6;RRAGB;DXO;TELO2;DHX9;TEX264;UBE2J2;FXR1;DHX30;RACGAP1;PCBP2;DPH3;RBM10;DECR1;SRPK2;SETDB1;XRCC3;MEMO1;NTAN1;PTK2;SRPK1;TPX2;STAG1;CDAN1;FUBP1;RNPS1;CUTC;RPS24;CC2D1A;INTS11;TOP2A;RPAIN;SUV39H2;INTS13;INTS14;FBH1;NAT10;ZBTB8OS;BRCA2;N4BP2L2;ZMYM2;XPO4;SUFU;XPO6;ACADS;GABPA;TOP3B;PBRM1;PARP2;STRADA;NCOA3;PABPC4;STRADB;NCOA4;TFE3;PPRC1;SREBF2;SLTM;HNRNPH1;G2E3;HNRNPH3;ALDOA;SLU7;AKAP8;NOL9;RAD54B;RXRB;NT5C;CUX1;HSF1;METTL4;APBB2;APBB1;GINS1;RANBP3;MYEF2;APTX;PEX14;NUDT9;MIS18A;TTC3;TARDBP;MPHOSPH8;PRDM4;PRDM5;JADE1;CIB1;FBL;TRAPPC12;SLC30A9;KDM2B;FBXW11;TSC2;TSC1;OCRL;DPM1;MAU2;TIMELESS;GEMIN5;PPIG;GEMIN8;HDGFL2;ISCU;HDGFL3;YTHDC1;PSMD13;HTRA2;PDS5B;PDS5A;IRAK1;DEAF1;OTX2;RPRD1B;SUDS3;ECT2;ZC3H14;BPTF;UBE2I;CPSF6;POU2F1;CPSF1;ASPSCR1;MACO1;CLK4;SMAD5;CLK3;AZIN1;TDRD3;CLK2;UBE2W;DLG1;APPBP2;NASP;RSRP1;TCF4;TCF3;BRWD3;PICALM;GSK3A;KDM5C;DDX42;CHD6;PSIP1;SENP6;BUD23;TOPBP1;RBM7;POLE;RBM5;RBM6;TGIF2;TBP;AKTIP;PPP2R5B;TRNAU1AP;ARID1A;SAFB;SENP1;ELF2;THRAP3;ZMYND11;EAPP;ITGB3BP;CILK1;KDM3A;PDXK;USP16;POLDIP3;BRAT1;USP11;PARN;DDX20;WIZ;SAMHD1;UACA;PSMB10;CLN3;MAPK9;MAPK7;MCRIP2;S100PBP;MUTYH;TCF7L2;TAF13;LIMK2;SGTA;DTNBP1;LRWD1;USP28;USF1;U2SURP;MAPK13;TICRR;ACIN1;QRICH1;RGS12,Qk,rmats,1258,GO_Cellular_Component_2023
Intracellular Non-Membrane-Bounded Organelle (GO:0043232),125/1195,1.0653787553957329e-6,1.822141201507865,33.63436301380427,TMEM179B;FMR1;ZMYND8;PRDM5;HJURP;HNRNPR;UXT;FBL;KAT7;TRAPPC13;CDK5RAP2;SLC30A9;ESCO1;MAP1S;SLC30A5;DDX11;VRK1;TSC1;MIF4GD;EML3;JMJD6;ILF3;BIN1;WDR82;AKAP9;ANAPC5;VCL;UTP25;MACF1;INO80E;TSG101;RAB5C;MEAF6;DHX9;EPB41;HTRA2;NOLC1;BAZ2A;PDS5B;PDS5A;MACROH2A1;RAD51AP1;FXR1;SYCE2;RACGAP1;IRAK1;EPB41L3;UTP20;ZC3H14;PLK4;SRPK2;SURF2;PYM1;FANCE;PTK2;TPX2;SMTN;STAG1;LSM6;ZZZ3;TRIP6;MDM2;CEP85;NF2;EIF4G3;CUTC;TOP2A;RBM28;CDCA7L;FAF2;NAT10;FOXM1;EPB41L4A;XPO6;SPIN1;BUD23;LRRFIP1;TOPBP1;RBM34;RBM7;SPG11;CCT3;PPP1R12A;DBNL;ACTR6;CEMIP2;PARP2;SIRT6;SIRT7;SMC1A;DDX50;CKAP5;GNL3;METTL22;TRAF7;PSRC1;CTTN;SAPCD2;ARHGEF2;LDAH;GAPDH;SLC29A2;CIPC;DDX20;PARN;AKAP8;KATNB1;DDX21;NOL9;AMBRA1;HIRIP3;TCOF1;ATXN1L;TAF13;NOC3L;LRWD1;RRP1B;APTX;CENPF;PRC1;TTC3;TSR1;RGS12;TARDBP;MPHOSPH8,Qk,rmats,1258,GO_Cellular_Component_2023
Mitotic Spindle (GO:0072686),27/143,2.0353271354062233e-5,3.52182133953332,53.606028291765384,HDAC3;EPB41;RACGAP1;HAUS8;TRAPPC14;MAP4;ECT2;KAT14;DLGAP5;CLASP1;CLASP2;IQCB1;MAP1S;LIMK2;CKAP2;HAUS3;CDC7;HAUS5;EML3;ATAT1;TPX2;WRAP73;ZZZ3;NCOR1;TFDP2;TADA3;LSM14A,Qk,rmats,1258,GO_Cellular_Component_2023
Spindle (GO:0005819),30/210,0.0012618029607007932,2.519272529858849,27.05482967054213,HDAC3;EPB41;KATNB1;RACGAP1;TRAPPC14;MAP4;ECT2;KAT14;DLGAP5;CLASP1;CLASP2;IQCB1;MAP1S;LIMK2;CKAP2;HAUS3;CDC7;EML3;ATAT1;TPX2;WRAP73;CENPF;ZZZ3;NCOR1;PSRC1;TFDP2;PRC1;TADA3;ANAPC5;LSM14A,Qk,rmats,1258,GO_Cellular_Component_2023
Nuclear Chromosome (GO:0000228),18/95,0.0012618029607007932,3.5187473816506074,37.61044511785491,TOP2A;GINS1;PBRM1;INO80E;TRRAP;ACTR6;ACTR5;SMC1A;MACROH2A1;RAD50;ING3;RUVBL2;RGS12;BRD8;SUDS3;NCAPD3;NFRKB;BRD4,Qk,rmats,1258,GO_Cellular_Component_2023
Nuclear Lumen (GO:0031981),78/780,0.0015220333031543982,1.6986817325800376,17.576146004773516,TOP2A;RBM28;TMEM179B;CDCA7L;FMR1;ZMYND8;PRDM5;HJURP;NAT10;HNRNPR;FBL;XPO6;SPIN1;KAT7;BUD23;RBM34;RBM7;SPG11;PBRM1;PPP1R12A;ACTR6;MAP1S;CEMIP2;PARP2;SLC30A5;DDX11;SIRT6;VRK1;SIRT7;DDX50;MIF4GD;CKAP5;GNL3;JMJD6;METTL22;TRAF7;ILF3;SAPCD2;WDR82;SLC29A2;UTP25;INO80E;TSG101;MEAF6;DHX9;CIPC;PARN;AKAP8;DDX21;NOLC1;BAZ2A;NOL9;MACROH2A1;FXR1;HIRIP3;TCOF1;ATXN1L;UTP20;ZC3H14;PLK4;SRPK2;SURF2;TAF13;PYM1;NOC3L;LRWD1;RRP1B;APTX;LSM6;ZZZ3;TTC3;MDM2;TSR1;RGS12;CEP85;NF2;MPHOSPH8;CUTC,Qk,rmats,1258,GO_Cellular_Component_2023
Nucleolus (GO:0005730),77/771,0.0015621200039484678,1.6955493683612042,17.273247825832637,TOP2A;RBM28;TMEM179B;CDCA7L;FMR1;ZMYND8;PRDM5;HJURP;NAT10;HNRNPR;FBL;XPO6;SPIN1;KAT7;BUD23;RBM34;RBM7;SPG11;PPP1R12A;ACTR6;MAP1S;CEMIP2;PARP2;SLC30A5;DDX11;SIRT6;VRK1;SIRT7;DDX50;MIF4GD;CKAP5;GNL3;JMJD6;METTL22;TRAF7;ILF3;SAPCD2;WDR82;SLC29A2;UTP25;INO80E;TSG101;MEAF6;DHX9;CIPC;PARN;AKAP8;DDX21;NOLC1;BAZ2A;NOL9;MACROH2A1;FXR1;HIRIP3;TCOF1;ATXN1L;UTP20;ZC3H14;PLK4;SRPK2;SURF2;TAF13;PYM1;NOC3L;LRWD1;RRP1B;APTX;LSM6;ZZZ3;TTC3;MDM2;TSR1;RGS12;CEP85;NF2;MPHOSPH8;CUTC,Qk,rmats,1258,GO_Cellular_Component_2023
Cytoskeleton (GO:0005856),62/599,0.002865294142272605,1.7574254342532214,16.630507496533156,FOXM1;ING4;UXT;EPB41L4A;SIPA1L1;MPRIP;CFL2;LRRFIP1;TOPBP1;CDK5RAP2;NDC1;IQCB1;CCT3;SLC30A9;PPP1R12A;CKAP2;CKAP5;EML3;NISCH;CLIP1;ILF3;HAX1;PSRC1;CTTN;BIN1;MAP7D1;AKAP9;TLN2;ARHGEF2;ALDOA;GAPDH;VCL;MACF1;TMEM63B;DHX9;EPB41;DDX20;KATNB1;HTRA2;NOL9;AMBRA1;ABLIM1;EPB41L3;FLNB;MARK4;PDLIM7;ENKD1;ESRRA;DTNBP1;SEPTIN6;PTK2;CLK3;ANLN;TPX2;MYO1B;SMTN;PRC1;KANSL2;TRIP6;ZYX;HNRNPC;NF2,Qk,rmats,1258,GO_Cellular_Component_2023
INO80-type Complex (GO:0097346),8/25,0.0032783511930812234,7.049411764705883,65.01647476146806,INO80E;ING3;TRRAP;ACTR6;RUVBL2;ACTR5;BRD8;NFRKB,Qk,rmats,1258,GO_Cellular_Component_2023
Coated Vesicle (GO:0030135),14/79,0.011271907787297331,3.2337125896611427,25.522663148648896,OCRL;ECPAS;TEPSIN;LMBRD1;DAB2;SEC23IP;HAX1;AP1G1;VPS41;NUMB;TMED1;CTSC;SEC31A;PICALM,Qk,rmats,1258,GO_Cellular_Component_2023
Protein Kinase Complex (GO:1902911),6/17,0.011471306779556123,8.16047051989544,63.554843977222355,STK11;TBK1;CAB39;CAB39L;STRADA;STRADB,Qk,rmats,1258,GO_Cellular_Component_2023
Heterochromatin (GO:0000792),10/49,0.019466866736945566,3.8426610782380015,27.36756636320638,UHRF2;ATRX;SMARCAD1;SIRT6;BAZ2A;FLYWCH1;LRWD1;NCAPD3;MACROH2A1;MPHOSPH8,Qk,rmats,1258,GO_Cellular_Component_2023
Mitotic Spindle Microtubule (GO:1990498),5/13,0.019466866736945566,9.344573024740622,66.39430371489838,HAUS8;MAP1S;HAUS3;HAUS5;EML3,Qk,rmats,1258,GO_Cellular_Component_2023
Microtubule Cytoskeleton (GO:0015630),37/342,0.020373090310167496,1.8317933432687532,12.805380558583844,CEP57;MACF1;KATNB1;HDAC6;RACGAP1;OPA1;TOGARAM1;MAP4;MARK4;CLASP1;CDK5RAP2;ENKD1;CLASP2;CCT3;ESRRA;IQCB1;CCT2;MAP1S;CKAP2;DTNBP1;SEPTIN6;TUBE1;CKAP5;EML3;DNM2;NISCH;TPX2;CENPF;CLIP1;DLG1;PSRC1;PRC1;MAP7D1;TCP1;ANAPC5;ARHGEF2;GAPDH,Qk,rmats,1258,GO_Cellular_Component_2023
Histone Acetyltransferase Complex (GO:0000123),7/27,0.023151117907083962,5.237969624300559,35.6090712936563,ING4;BRPF1;MEAF6;PHF20;KANSL2;JADE1;KAT7,Qk,rmats,1258,GO_Cellular_Component_2023
Microtubule (GO:0005874),23/185,0.026846122420488647,2.1359524166541712,14.074977015590028,CEP57;CCT3;MACF1;CCT2;MAP1S;KATNB1;TUBE1;HDAC6;EML3;DNM2;CLIP1;DLG1;PSRC1;OPA1;HAUS8;PRC1;TCP1;TOGARAM1;MAP4;ARHGEF2;CLASP1;CDK5RAP2;CLASP2,Qk,rmats,1258,GO_Cellular_Component_2023
Pericentric Heterochromatin (GO:0005721),6/21,0.026984553867576457,5.9830670926517575,39.05299781509549,UHRF2;SIRT6;LRWD1;FLYWCH1;NCAPD3;MACROH2A1,Qk,rmats,1258,GO_Cellular_Component_2023
H4/H2A Histone Acetyltransferase Complex (GO:0043189),7/29,0.029152220485205695,4.761281883584042,30.208557069455562,MORF4L1;ING3;MRGBP;MEAF6;TRRAP;RUVBL2;BRD8,Qk,rmats,1258,GO_Cellular_Component_2023
NuA4 Histone Acetyltransferase Complex (GO:0035267),7/29,0.029152220485205695,4.761281883584042,30.208557069455562,MORF4L1;ING3;MRGBP;MEAF6;TRRAP;RUVBL2;BRD8,Qk,rmats,1258,GO_Cellular_Component_2023
Sex Chromosome (GO:0000803),3/5,0.035651971472565255,22.39840637450199,136.5085069036077,PCGF5;SMC6;MACROH2A1,Qk,rmats,1258,GO_Cellular_Component_2023
Golgi Stack (GO:0005795),7/31,0.03999704211323991,4.36404209965361,25.892046334023664,NSF;CLN3;STX16;GOLGB1;MGAT4B;OCRL;VRK1,Qk,rmats,1258,GO_Cellular_Component_2023
Adherens Junction (GO:0005912),19/150,0.040223591872928344,2.178616096457991,12.81667288946524,CTNND1;SNAP23;SCRIB;VEGFA;CAMSAP3;TJP1;ILF3;DLG1;CDH2;DLG3;DLG5;ZYX;FLOT2;NF2;VCL;PDLIM7;LLGL2;PALS1;PAK4,Qk,rmats,1258,GO_Cellular_Component_2023
Spindle Microtubule (GO:0005876),11/68,0.045185410020667484,2.8916416944526513,16.55193683233263,PSRC1;HAUS8;MAP1S;PRC1;CHMP2A;HAUS3;HAUS5;CHMP7;CLASP1;EML3;CLASP2,Qk,rmats,1258,GO_Cellular_Component_2023
Chromosome (GO:0005694),20/164,0.04540599398257041,2.086474600610303,11.847775405166091,TOP2A;PBRM1;ESCO1;FMR1;DDX21;SMC6;PDS5B;RRP1B;PDS5A;FANCE;SMC1A;MACROH2A1;GNL3;RAD51AP1;SYCE2;STAG1;KAT7;TRAPPC13;TOPBP1;RBM34,Qk,rmats,1258,GO_Cellular_Component_2023
Cell-Substrate Junction (GO:0030055),25/395,0.015556786657673316,2.470099409754582,22.81739303679121,YWHAE;ARF1;TRIOBP;HSP90B1;ICAM1;RPS4X;CSRP1;FLNA;RPL38;PRSS8;SCARF2;KLF11;NPM1;DST;HSPA5;CASK;ENAH;CTNNB1;MYH9;CALR;PABPC1;PFN1;ARHGEF7;CD44;FERMT3,Rbm24,deg,547,GO_Cellular_Component_2023
Focal Adhesion (GO:0005925),24/387,0.015556786657673316,2.413286348624433,20.790734640611806,YWHAE;KLF11;ARF1;NPM1;DST;HSPA5;CASK;TRIOBP;HSP90B1;ICAM1;ENAH;RPS4X;CSRP1;FLNA;CTNNB1;MYH9;RPL38;PRSS8;CALR;PABPC1;PFN1;ARHGEF7;SCARF2;CD44,Rbm24,deg,547,GO_Cellular_Component_2023
Cortical Granule (GO:0060473),3/5,0.015556786657673316,53.63327205882353,458.0876525990483,HEXB;MYH9;CALR,Rbm24,deg,547,GO_Cellular_Component_2023
Actin Cytoskeleton (GO:0015629),21/327,0.0169433598572024,2.49811749794975,20.404744785920915,DHX9;TPM3;MYO5A;CASK;NPM3;SPTB;TRIOBP;ACACA;LIMD2;SLC9A3R1;ACTA1;SAMD14;OPHN1;BIN2;DNAJA3;FSCN1;FLNA;MYH9;TEK;WASF2;FERMT3,Rbm24,deg,547,GO_Cellular_Component_2023
GTPase Binding (GO:0051020),41/225,2.2652318531076186e-5,2.915625387092778,50.17347666766806,USP6NL;BECN1;GARRE1;DENND5B;ARHGAP1;GCC2;CIB1;STK19;ENO1;AMBRA1;C9ORF72;RASIP1;STRN3;AKAP13;GGA1;AP3M1;GOLGA4;KIF3A;AP1G1;ANKFY1;KNTC1;ERC1;DNM1L;RAB11FIP3;EVI5;HACE1;ANKRD27;PLEKHG2;SPHK2;ARHGEF16;TSC2;GAPVD1;LSM2;IFT20;ABI2;SGSM2;PEX5;RAB3GAP2;PKN1;DOCK1;PICALM,Rbm24,rmats,1445,GO_Molecular_Function_2023
Small GTPase Binding (GO:0031267),37/199,3.057770481293308e-5,2.9835727062289563,48.379593173637744,USP6NL;GARRE1;DENND5B;ARHGAP1;GCC2;CIB1;STK19;C9ORF72;STRN3;AKAP13;GGA1;AP3M1;GOLGA4;KIF3A;AP1G1;ANKFY1;KNTC1;ERC1;DNM1L;RAB11FIP3;EVI5;HACE1;ANKRD27;PLEKHG2;SPHK2;ARHGEF16;TSC2;GAPVD1;LSM2;IFT20;ABI2;SGSM2;PEX5;RAB3GAP2;PKN1;DOCK1;PICALM,Rbm24,rmats,1445,GO_Molecular_Function_2023
Nuclear Receptor Binding (GO:0016922),26/115,3.181470809382028e-5,3.8016644099737906,59.95300685660851,KDM3A;RNF14;WBP2;BAZ2A;HIF1A;MED14;BRD8;HMGN3;SMARCE1;MED1;TCF7L2;KDM4C;NCOA3;GTF2H1;ISL1;SMARCA4;ASXL1;MED22;NCOR1;CNOT1;TADA3;MMS19;TRIP12;PKN1;TACC2;TAF1,Rbm24,rmats,1445,GO_Molecular_Function_2023
Ubiquitin-Like Protein Transferase Activity (GO:0019787),41/240,3.5656283305540145e-5,2.6936534524474225,41.397469453005236,RNF31;MARCHF2;CUL5;RNF13;RNF14;MGRN1;CUL3;FBXO25;UBE2D1;KLHL13;ZNRF1;RNF115;SHARPIN;ARIH2;MARCHF8;ARIH1;BTRC;TRIM21;TRIM23;UBE2F;PIAS3;HACE1;FBXW11;SMURF1;RNF25;HUWE1;TRAF2;CHFR;RNF146;UBE2W;ITCH;TTC3;RLIM;MDM2;RNF181;ERCC8;MDM4;BIRC6;BCOR;TRIM11;BIRC2,Rbm24,rmats,1445,GO_Molecular_Function_2023
Ubiquitin-Protein Transferase Activity (GO:0004842),59/412,4.6213747878007705e-5,2.194993234653291,32.67472510863777,RNF10;RNF13;RNF14;FBXO25;UBE2D1;RNF115;HERC2;TRIM24;ARIH2;TRIM26;ARIH1;BTRC;TRIM21;RNF111;TRIM23;RNF44;RING1;FBXW11;FBXO17;MSL2;TRAF2;BIRC6;BIRC2;TRIM11;RNF31;MARCHF2;CUL5;MGRN1;CUL3;UBR1;KLHL13;UBE2J1;ZNRF1;SHARPIN;RNF215;RNF138;MARCHF8;HACE1;RNF25;SMURF1;SYVN1;HUWE1;PEX10;CHFR;BSPRY;RNF146;UBE2W;ITCH;NEURL4;TTC3;RLIM;MDM2;RNF181;ERCC8;MDM4;TRIP12;BCOR;RNF185;TAF1,Rbm24,rmats,1445,GO_Molecular_Function_2023
Protein Serine/Threonine Kinase Activity (GO:0004674),50/342,1.6193039738483588e-4,2.2417390877399717,30.15097511730913,GSK3A;STK19;IKBKB;RPS6KA6;STK11;AKT2;CHEK2;STK16;TLK2;TLK1;MAP3K7;CHUK;PRKCD;MINK1;VRK1;PASK;PRKAB1;CIT;MELK;PRKD3;SIK3;MAPKAPK5;SIK2;CSNK1G2;CAMK1G;MAPK7;IRAK1;PHKG2;MARK4;MARK3;CAMK2G;MARK2;MAP2K6;SRPK2;NEK9;CDC7;CLK4;CDK11B;CLK3;ACVR2A;MAPK12;SRPK1;CLK2;MAPK13;CLK1;BCKDK;CDK8;RPS6KB2;PKN1;TAF1,Rbm24,rmats,1445,GO_Molecular_Function_2023
Histone H4 Acetyltransferase Activity (GO:0010485),9/20,4.0742790017487504e-4,10.56571283869334,130.72921137031392,ING4;BRD1;BRPF1;NAA40;ING3;MEAF6;KAT5;BRPF3;BRCA2,Rbm24,rmats,1445,GO_Molecular_Function_2023
Ubiquitin-Like Protein Ligase Activity (GO:0061659),45/319,9.244764948124172e-4,2.1445385818561,24.266950882791647,RNF31;RNF10;MARCHF2;RNF13;RNF14;MGRN1;CUL3;UBE2D1;UBR1;ZNRF1;RNF115;HERC2;ZMIZ1;RNF215;RNF138;TRIM24;ARIH2;MARCHF8;TRIM26;ARIH1;TRIM21;RNF111;TRIM23;PIAS3;RNF44;HACE1;RING1;SMURF1;RNF25;FBXO17;HUWE1;SYVN1;MSL2;PEX10;BSPRY;RNF146;ITCH;NEURL4;RLIM;MDM2;RNF181;TRIP12;RNF185;TRIM11;BIRC2,Rbm24,rmats,1445,GO_Molecular_Function_2023
Ubiquitin Binding (GO:0043130),18/80,9.244764948124172e-4,3.7623934715283585,42.52365633703027,TOP2A;RNF31;USPL1;TSG101;FAF2;RAD23A;SIRT2;UEVLD;SHARPIN;MDM2;UBXN7;PLAA;MARCHF7;IKBKG;MARK4;MAP3K7;RNF185;BIRC2,Rbm24,rmats,1445,GO_Molecular_Function_2023
Ubiquitin Protein Ligase Activity (GO:0061630),44/311,9.485265410884086e-4,2.151144046387412,24.030958903572685,RNF31;RNF10;MARCHF2;RNF13;RNF14;MGRN1;CUL3;UBE2D1;UBR1;ZNRF1;RNF115;HERC2;RNF215;RNF138;TRIM24;ARIH2;MARCHF8;TRIM26;ARIH1;TRIM21;RNF111;TRIM23;RNF44;HACE1;RING1;SMURF1;RNF25;FBXO17;HUWE1;SYVN1;MSL2;PEX10;BSPRY;RNF146;ITCH;UBOX5;NEURL4;RLIM;MDM2;RNF181;TRIP12;RNF185;TRIM11;BIRC2,Rbm24,rmats,1445,GO_Molecular_Function_2023
Methylation-Dependent Protein Binding (GO:0140034),16/68,0.001255160151637211,3.9840663185659686,43.011290499843014,KMT2E;MORC3;FMR1;NCAPG2;LRWD1;JMJD7;ING1;ING4;PHF20L1;ING3;ZZZ3;MTF2;TRIM24;NCAPD3;ZMYND11;BPTF,Rbm24,rmats,1445,GO_Molecular_Function_2023
DNA Binding (GO:0003677),93/846,0.0017164678268995325,1.6262229189749877,16.90590472691458,TOP2A;SMARCB1;CCNT1;MPG;OGG1;FMR1;PRDM5;HP1BP3;CHD6;PRDM2;NUCKS1;RBPJ;BRCA2;ENDOV;ZMYM4;RUVBL2;SNAPC4;MLX;SMARCAD1;TRIM26;YAF2;RBM5;KDM6A;POLG;RBM6;SREBF1;JMJD4;MORC3;RFC1;KDM2B;MAP1S;PARP2;SECISBP2;DDX11;ATRX;TOP3A;DNTTIP1;RFX3;RAD23A;SIRT3;MMS22L;TOX3;ILF3;IRF3;MSH3;MTF2;TIMELESS;ZMYND11;KDM3A;GTF3C4;TSG101;CBFB;WBP2;PNKP;PDS5B;HIF1A;DEDD2;RAD51AP1;SBNO1;TFPT;CUX1;RNF138;PCBP2;SAFB2;RBBP8;PMS2;CAMTA1;CLSPN;LYAR;BPTF;TCF7L2;POU2F1;ATAD5;STAT3;HUWE1;SMARCA1;APTX;PALB2;USF1;FANCG;KLF2;NR2F6;SMARCA4;RAD52;CAMSAP3;POLA1;FUBP3;POLR3C;ERCC1;TCF4;TCF3;TARDBP;TAF1,Rbm24,rmats,1445,GO_Molecular_Function_2023
Methylated Histone Binding (GO:0035064),16/71,0.0018829757396984826,3.766142884407405,38.501966656178944,KMT2E;MORC3;FMR1;NCAPG2;LRWD1;JMJD7;ING1;ING4;ING3;ZZZ3;MTF2;TRIM24;NCAPD3;ZMYND11;BPTF;TAF1,Rbm24,rmats,1445,GO_Molecular_Function_2023
RNA Binding (GO:0003723),141/1411,0.0020139859439514568,1.471658977827158,14.836989503382878,DBR1;FMR1;NUCKS1;ENO1;MKI67;VIRMA;ENDOV;PSMD4;RBMX2;NUSAP1;UBAP2L;HMGN2;CAST;RARS2;RBFOX2;TYW5;SECISBP2;ACTN1;DDX11;PUS1;CIRBP;ALG13;TRNT1;GTPBP1;SRRM1;ILF3;ZC3H11A;PPIE;DXO;DUS3L;AARS2;CSTF2;BAZ2A;GIGYF2;MTDH;RAD51AP1;FXR1;DHX30;PCBP3;ERI3;PCBP2;SERPINH1;SAFB2;UTP20;MAP4;RBM12;LYAR;RBM10;MARK2;SRPK2;TIA1;CPSF7;CCDC137;LARP7;PRRC2C;UPF3B;HELZ;TDRD7;LSM5;PUM1;CLK3;PRRC2A;LSM2;SRPK1;GNL3L;FUBP3;CNOT1;GOLGB1;RNPS1;NOL11;HNRNPC;LSM14A;EIF4G3;EIF4G1;TOP2A;DIDO1;RBM25;TUT7;CELF1;FASTKD2;AKAP8L;DDX42;ZCCHC17;TENT4B;SMG5;SMG6;ZC3H7B;RBM5;NELFE;RBM6;TOP3B;UPF1;ZC3H10;PABPC4;RBM18;PRPF40B;PRPF40A;TRNAU1AP;PPRC1;DDX50;PTBP2;UCHL5;DALRD3;PKM;SARS2;RPUSD3;SNRPA1;EIF4E2;ALDOA;FYTTD1;RBM47;RPL12;AKAP8;MTHFSD;UNK;FIP1L1;U2AF2;SRSF11;PTCD3;PTPN1;RBM39;TAF15;YTHDF3;KRR1;STAT3;HUWE1;ADAT1;RSRC2;TRMT1;RRP1B;APTX;CDK11B;SCAF4;KTN1;SEC23IP;CCDC9;ZYX;RPL22L1;TARDBP;R3HDM1;R3HDM2,Rbm24,rmats,1445,GO_Molecular_Function_2023
Histone Acetyltransferase Activity (GO:0004402),9/27,0.0033391396258798745,6.454387186629527,61.363291934884714,ATF2;KAT2A;NAA40;ING3;SRCAP;KAT5;NCOA3;BRCA2;TAF1,Rbm24,rmats,1445,GO_Molecular_Function_2023
RNA Polymerase II-specific DNA-binding Transcription Factor Binding (GO:0061629),33/228,0.004320135073582041,2.2004794072782743,20.21164540606525,ATF2;HDAC5;SMARCB1;SETD6;BAZ2A;RBPJ;HIF1A;MTDH;MTA1;CPNE1;MLX;RBBP8;UBXN7;E4F1;GTF2I;SMARCE1;HES6;MED1;TCF7L2;TBP;RNF25;NCOA3;STAT3;SMARCA1;ISL1;SMARCA4;MAD2L2;NCOR1;CREB1;TADA3;TACC2;TCF3;TAF1,Rbm24,rmats,1445,GO_Molecular_Function_2023
GTPase Activator Activity (GO:0005096),31/211,0.00492661411384172,2.238036303630363,20.126929235504573,USP6NL;TBC1D9B;FAM13B;NPRL2;NPRL3;ARHGAP1;AGAP1;ARHGAP17;ASAP1;SYDE1;ARHGAP21;RACGAP1;SH3BP1;CHN1;TBC1D14;BRD8;ECT2;DNM1L;EVI5;TBC1D22B;RANBP3;GRTP1;RALGAPA1;STARD8;TSC2;RP2;SGSM2;RGS12;DEPDC5;DOCK1;LLGL1,Rbm24,rmats,1445,GO_Molecular_Function_2023
Histone H4K12 Acetyltransferase Activity (GO:0043997),5/10,0.012204483330046869,12.881944444444445,102.06943943681276,ING4;BRPF1;ING3;MEAF6;BRPF3,Rbm24,rmats,1445,GO_Molecular_Function_2023
Histone H4K5 Acetyltransferase Activity (GO:0043995),5/10,0.012204483330046869,12.881944444444445,102.06943943681276,ING4;BRPF1;ING3;MEAF6;BRPF3,Rbm24,rmats,1445,GO_Molecular_Function_2023
Histone H4K8 Acetyltransferase Activity (GO:0043996),5/10,0.012204483330046869,12.881944444444445,102.06943943681276,ING4;BRPF1;ING3;MEAF6;BRPF3,Rbm24,rmats,1445,GO_Molecular_Function_2023
Nuclear Thyroid Hormone Receptor Binding (GO:0046966),8/27,0.01497082185494169,5.4311980368457675,41.6592433870106,MED1;MED22;NCOR1;NCOA3;GTF2H1;TRIP12;BRD8;HMGN3,Rbm24,rmats,1445,GO_Molecular_Function_2023
2-Oxoglutarate-Dependent Dioxygenase Activity (GO:0016706),10/41,0.01627385182216539,4.164100258514106,31.3989120467077,JMJD4;KDM3A;KDM4B;KDM2A;KDM4C;KDM2B;TYW5;JARID2;JMJD7;KDM6A,Rbm24,rmats,1445,GO_Molecular_Function_2023
Nuclear Receptor Coactivator Activity (GO:0030374),11/50,0.021403311935115524,3.6418839180345457,26.30148717551681,MED1;MED22;MED14;ENY2;CNOT6;ZMIZ1;NCOA3;BRD8;PKN1;PPRC1;ATXN7L3,Rbm24,rmats,1445,GO_Molecular_Function_2023
Histone Demethylase Activity (GO:0032452),8/29,0.02212246701686002,4.913410875832588,35.0854938436949,KDM3A;KDM5C;KDM4B;KDM2A;KDM4C;KDM2B;JARID2;KDM6A,Rbm24,rmats,1445,GO_Molecular_Function_2023
Cadherin Binding (GO:0045296),39/319,0.02212246701686002,1.810417090022353,12.727269649482807,SRC;CTNND1;ARHGAP1;ASAP1;ENO1;CLINT1;GIGYF2;SLC9A3R2;LIMA1;ARVCF;MPRIP;ERC1;PDLIM5;EPS15;MARK2;CAST;PTPN1;DBNL;ARHGEF16;SCRIB;PTPN11;ANK3;CGN;EPS15L1;GAPVD1;PRDX6;HCFC1;KTN1;EPN2;ANLN;DLG1;PKM;PI4KA;NUMB;ESYT2;PKP4;ALDOA;PHLDB2;PICALM,Rbm24,rmats,1445,GO_Molecular_Function_2023
Acetylation-Dependent Protein Binding (GO:0140033),7/23,0.02212246701686002,5.640342489568845,39.64345641781485,ZZZ3;TRIM24;BAZ2A;BRD9;MLLT3;SMARCA4;TAF1,Rbm24,rmats,1445,GO_Molecular_Function_2023
Lysine-Acetylated Histone Binding (GO:0070577),7/23,0.02212246701686002,5.640342489568845,39.64345641781485,ZZZ3;TRIM24;BAZ2A;BRD9;MLLT3;SMARCA4;TAF1,Rbm24,rmats,1445,GO_Molecular_Function_2023
Microtubule Binding (GO:0008017),31/239,0.025809101314154374,1.93381092916984,13.16331232848484,CEP57;TUBGCP2;FMR1;RACGAP1;KIF3A;NUSAP1;TOGARAM1;MAP4;MARK4;DNM1L;CLASP1;ENKD1;CLASP2;DST;MAP1S;FBXW11;KIF23;MACO1;CGN;EML4;CAMSAP3;PSRC1;HOOK2;PRC1;REEP3;ALMS1;TUBGCP5;TUBGCP4;GAPDH;CCDC61;MDM1,Rbm24,rmats,1445,GO_Molecular_Function_2023
Ubiquitin Protein Ligase Binding (GO:0031625),34/271,0.025809101314154374,1.8624370901326825,12.562062897681649,RNF31;BECN1;TSG101;CUL5;CUL3;FAF2;UBE2D1;AMBRA1;HIF1A;SMG5;UBE2J1;BAG6;HERC2;PRKAR2B;CBS;CHEK2;PCBP2;DBT;UBXN7;ARIH1;IKBKG;DNM1L;CCT2;SLF2;ARRDC1;TRAF2;PRDX6;SCAMP3;UBE2W;UBOX5;ABI2;MDM2;SPOPL;EIF4E2,Rbm24,rmats,1445,GO_Molecular_Function_2023
DNA-binding Transcription Factor Binding (GO:0140297),35/282,0.025809101314154374,1.839894334855141,12.349571667229744,ATF2;HDAC5;CCNT1;PRDM5;NUCKS1;RBPJ;HIF1A;MTDH;MTA1;KAT5;MLX;RBBP8;UBXN7;E4F1;LYAR;GTF2I;HES6;MED1;TCF7L2;RBFOX2;TLE1;TBP;STAT3;SMARCA1;ISL1;SIRT2;USF1;HCFC1;MAD2L2;KAT2A;NCOR1;CREB1;TCF3;BCOR;TAF1,Rbm24,rmats,1445,GO_Molecular_Function_2023
mRNA Binding (GO:0003729),35/282,0.025809101314154374,1.839894334855141,12.349571667229744,FYTTD1;RBM25;RBM47;CELF1;FMR1;CSTF2;TYMS;FXR1;UNK;PCBP3;PCBP2;RBM5;NELFE;CPSF7;TIA1;RBFOX2;YTHDF3;SECISBP2;PABPC4;CIRBP;LARP7;UPF3B;TDRD7;PUM1;PTBP2;PKM;FUBP3;PPIE;DXO;RNPS1;HNRNPC;TARDBP;EIF4G3;LSM14A;EIF4G1,Rbm24,rmats,1445,GO_Molecular_Function_2023
Histone Deacetylase Activity (GO:0004407),6/18,0.025809101314154374,6.443015983321751,43.197344296006456,HDAC5;HDAC10;MIER3;MIER1;SIRT2;SIRT3,Rbm24,rmats,1445,GO_Molecular_Function_2023
GTPase Regulator Activity (GO:0030695),48/424,0.026991849006617566,1.6612193301756042,11.003496899402753,USP6NL;DENND1C;TBC1D9B;FAM13B;DENND5B;NPRL2;ITSN1;NPRL3;ARHGAP1;AGAP1;ARHGAP17;ASAP1;RASGRP2;C9ORF72;RCBTB2;GNA13;AKAP13;SYDE1;ARHGAP21;HERC2;SH3BP1;RACGAP1;CHN1;TBC1D14;BRD8;DNM1L;SBF1;ECT2;EVI5;TBC1D22B;ANKRD27;PLEKHG2;RANBP3;GRTP1;RALGAPA1;STARD8;ARHGEF16;TSC2;GAPVD1;RP2;SGSM2;RAB3GAP2;DENND6B;RGS12;DEPDC5;RGL2;DOCK1;LLGL1,Rbm24,rmats,1445,GO_Molecular_Function_2023
Single-Stranded DNA Binding (GO:0003697),16/96,0.026991849006617566,2.5857242827151854,17.063427084860127,DDX11;TOP3A;NUCKS1;RAD23A;BRCA2;RAD51AP1;RAD52;MMS22L;POLA1;FUBP3;MSH3;RNF138;POLR3C;ERCC1;PCBP2;PMS2,Rbm24,rmats,1445,GO_Molecular_Function_2023
"Catalytic Activity, Acting On A tRNA (GO:0140101)",9/39,0.02882112682239851,3.870125348189415,25.09107242559222,MTFMT;AARS2;TYW5;TARS2;TRNT1;FTSJ1;DUS3L;ANKZF1;TRIT1,Rbm24,rmats,1445,GO_Molecular_Function_2023
Histone H3 Acetyltransferase Activity (GO:0010484),5/13,0.02882112682239851,8.049913194444445,52.134117808359775,ING4;BRD1;KAT2A;MEAF6;BRPF3,Rbm24,rmats,1445,GO_Molecular_Function_2023
Ubiquitin-Like Protein Ligase Binding (GO:0044389),35/289,0.03383077682741088,1.7885044954487073,11.247362018071284,RNF31;BECN1;TSG101;CUL5;CUL3;FAF2;UBE2D1;AMBRA1;HIF1A;SMG5;UBE2J1;BAG6;HERC2;PRKAR2B;CBS;CHEK2;PCBP2;DBT;UBXN7;ARIH1;IKBKG;DNM1L;CCT2;SLF2;ARRDC1;TRAF2;PRDX6;SCAMP3;UBE2W;ITCH;UBOX5;ABI2;MDM2;SPOPL;EIF4E2,Rbm24,rmats,1445,GO_Molecular_Function_2023
1-Phosphatidylinositol Binding (GO:0005545),5/14,0.038044101959748736,7.155092592592593,43.6135951502862,SCARB1;ZFYVE9;WDFY3;ZFYVE1;PICALM,Rbm24,rmats,1445,GO_Molecular_Function_2023
Tau-Protein Kinase Activity (GO:0050321),6/20,0.038044101959748736,5.521989476819219,33.647469086774464,GSK3A;PHKG2;SIK3;MARK4;MARK3;MARK2,Rbm24,rmats,1445,GO_Molecular_Function_2023
DNA-directed DNA Polymerase Activity (GO:0003887),6/20,0.038044101959748736,5.521989476819219,33.647469086774464,POLA1;POLE2;REV1;POLI;PRIMPOL;POLG,Rbm24,rmats,1445,GO_Molecular_Function_2023
Chromatin DNA Binding (GO:0031490),14/83,0.03879975183472155,2.6210919697384014,15.854983942567157,SMARCE1;KDM3A;SMARCB1;SMARCC2;WBP2;ATRX;STAT3;ZFX;SMARCA4;TOX3;SBNO1;RUVBL2;HNRNPC;KDM6A,Rbm24,rmats,1445,GO_Molecular_Function_2023
Ubiquitin-Like Protein Conjugating Enzyme Binding (GO:0044390),8/34,0.03893485082026506,3.967453562443124,23.889728090615737,ZMYM2;RNF14;DCUN1D1;ARIH2;DCUN1D2;MARCHF7;ARIH1;RNF185,Rbm24,rmats,1445,GO_Molecular_Function_2023
Core Promoter Sequence-Specific DNA Binding (GO:0001046),8/35,0.04549305696353591,3.820304647026985,22.258149159757046,SMARCB1;POU2F1;TBP;TAF1C;RUVBL2;BAZ2A;SMARCA4;TAF1,Rbm24,rmats,1445,GO_Molecular_Function_2023
DNA Polymerase Activity (GO:0034061),6/21,0.04549305696353591,5.153578874218207,29.98989189855389,POLA1;POLE2;REV1;POLI;PRIMPOL;POLG,Rbm24,rmats,1445,GO_Molecular_Function_2023
Ubiquitin Conjugating Enzyme Binding (GO:0031624),7/28,0.046598169320256976,4.296244784422809,24.79755308654098,ZMYM2;RNF14;DCUN1D1;ARIH2;DCUN1D2;MARCHF7;ARIH1,Rbm24,rmats,1445,GO_Molecular_Function_2023
Protein Kinase Binding (GO:0019901),54/511,0.046598169320256976,1.5373792448170247,8.841134022881587,TOP2A;ATF2;GSK3A;RNF13;FOXM1;IKBKB;RPTOR;CHEK2;SUFU;ITGAV;TRIM21;APPL1;FBXW5;PPP1R12A;BORA;PRKCD;VRK1;TRAF2;CDC25C;ATG13;PRKAB1;LIME1;TIRAP;CIT;MAPKAPK5;LLGL1;BECN1;HDAC5;HIF1A;MAPK7;RACGAP1;IRAK1;PRKAR2B;RNF138;PDCD10;TBC1D14;PDLIM5;MAP2K6;NEK9;PTPN1;TCF7L2;STK11IP;STAT3;TPRKB;PTPN11;PTK2;USF1;MAD2L2;POLA1;MAVS;PRC1;PKN1;TCF3;RAD9A,Rbm24,rmats,1445,GO_Molecular_Function_2023
1-Acylglycerophosphocholine O-acyltransferase Activity (GO:0047184),3/5,0.048309328472872955,19.299237170596395,109.8746700743738,TAFAZZIN;MBOAT2;PRDX6,Rbm24,rmats,1445,GO_Molecular_Function_2023
Tubulin Binding (GO:0015631),37/322,0.048906472647315555,1.6845843301435406,9.534536106024182,CEP57;TUBGCP2;FMR1;BRCA2;RACGAP1;KIF3A;DAG1;NUSAP1;TOGARAM1;TRAPPC14;MAP4;MARK4;DNM1L;CLASP1;APPL1;ENKD1;CLASP2;DST;MAP1S;KIF23;MACO1;CGN;EML4;NISCH;TTLL4;PSRC1;HOOK2;IFT81;PRC1;REEP3;ALMS1;TUBGCP5;TUBGCP4;ALDOA;GAPDH;CCDC61;MDM1,Rbm24,rmats,1445,GO_Molecular_Function_2023
Chromatin Remodeling (GO:0006338),49/228,1.2535854181577603e-8,3.603367962734709,94.93227638771889,KDM5C;SMARCB1;HP1BP3;CHD6;HPF1;KAT5;RUVBL2;SMARCAD1;JARID2;ARID2;KDM6A;PBRM1;SMARCC2;RING1;KDM2B;PARP2;ACTR5;ATRX;SIRT2;UCHL5;HCFC1;KAT2A;MTF2;HDAC5;INO80E;USP15;PAXIP1;BAZ2A;BAZ2B;PRIMPOL;CECR2;TFPT;MTA1;MIER1;BRD9;MTA3;BPTF;SRPK2;SMARCE1;KDM4B;BRPF1;KDM4C;PCGF2;SMARCA1;SMARCA4;GATAD2A;TRIP12;HNRNPC;BCOR,Rbm24,rmats,1445,GO_Biological_Process_2023
Chromatin Organization (GO:0006325),51/268,2.5820358511778634e-7,3.0917163088681576,69.95665683693444,KDM5C;SMARCB1;HDAC10;CHD6;EHMT1;NUCKS1;ING4;M1AP;RUVBL2;SMARCAD1;JARID2;ARID2;HMGN2;HMGN3;KDM6A;PBRM1;SMARCC2;RING1;KDM2B;DDX11;ACTR5;ATRX;UCHL5;HCFC1;KAT2A;MTF2;HDAC5;INO80E;PAXIP1;BAZ2A;BAZ2B;CECR2;TFPT;MTA1;MIER1;BRD9;MTA3;BPTF;SMARCE1;KDM4B;BRPF1;KDM4C;PCGF2;LRWD1;SMARCA1;SMARCA4;GATAD2A;ZZZ3;PWWP3A;HNRNPC;BCOR,Rbm24,rmats,1445,GO_Biological_Process_2023
Protein Ubiquitination (GO:0016567),67/434,3.08622537576356e-6,2.4095972918141446,47.56715161156543,RNF10;RNF13;RNF14;FBXO25;UBE2D1;BRCA2;DDA1;ANKRD9;RNF115;HERC2;RUSC1;TRIM24;ARIH2;TRIM26;ARIH1;BTRC;TRIM21;RNF111;TRIM23;RNF44;FBXW5;ARRDC1;FBXW11;MSL2;TRAF2;BIRC6;BIRC2;TRIM11;RNF31;MARCHF2;CBFB;CUL5;MGRN1;CUL3;KLHL12;UBR1;AMBRA1;KLHL13;UBE2J1;TNKS2;RNF138;ZSWIM8;MARCHF8;MARCHF7;HACE1;RNF25;SMURF1;SYVN1;FANCA;HUWE1;PEX10;FANCE;FANCG;CHFR;BSPRY;RNF146;UBE2W;UBOX5;ITCH;RLIM;MDM2;RNF181;ERCC8;MDM4;TRIP12;RNF185;TAF1,Rbm24,rmats,1445,GO_Biological_Process_2023
DNA Repair (GO:0006281),50/291,7.234448746711773e-6,2.7237168904950995,50.66418064740213,MPG;OGG1;FMR1;CIB1;NUCKS1;BRCA2;ENDOV;HPF1;KAT5;EME2;CHEK2;POLI;KMT5B;UPF1;SLC30A9;PARP2;ACTR5;ATRX;RAD23A;INIP;MSH3;TIMELESS;PNKP;PDS5B;PRIMPOL;RAD51AP1;MTA1;NSD2;EP400;RBBP8;PMS2;MUTYH;UVRAG;FANCM;XRCC3;HUWE1;FANCA;GTF2H1;FANCE;APTX;FANCG;MAD2L2;RAD52;POLA1;ERCC1;POLE2;PWWP3A;ERCC8;MMS19;RAD9A,Rbm24,rmats,1445,GO_Biological_Process_2023
Positive Regulation Of Double-Strand Break Repair (GO:2000781),23/84,1.1462319658503594e-5,4.9037605773443085,87.86442479385033,SMARCE1;PBRM1;SMARCB1;SMARCC2;SLF2;MEAF6;DDX11;PNKP;FOXM1;SMARCA4;RAD51AP1;MAD2L2;ING3;MRGBP;KAT5;RUVBL2;TIMELESS;EP400;SPIRE1;KMT5B;MMS19;BRD8;ARID2,Rbm24,rmats,1445,GO_Biological_Process_2023
DNA Metabolic Process (GO:0006259),48/288,2.555310196006401e-5,2.622047244094488,44.401089484121115,TOP2A;INO80E;SMARCB1;OGG1;FMR1;PNKP;PDS5B;TYMS;RAD51AP1;TFPT;ENDOV;HPF1;CBS;RUVBL2;EP400;RBBP8;SMARCAD1;POLI;KMT5B;POLG;MUTYH;TOP3B;UPF1;UVRAG;TCF7L2;PARP2;ACTR5;XRCC3;TOP3A;ATRX;REV1;FANCA;LTO1;GTF2H1;LRWD1;TERF2;UCHL5;INIP;FANCG;RAD52;POLA1;MSH3;ERCC1;POLE2;PWWP3A;TIMELESS;MMS19;RAD9A,Rbm24,rmats,1445,GO_Biological_Process_2023
Mitotic Sister Chromatid Segregation (GO:0000070),26/111,2.9524162161743036e-5,3.9814285122082658,65.81132333622506,BECN1;CUL3;AKAP8L;NCAPG2;MIS12;CHEK2;NUSAP1;KNTC1;KMT5A;PIBF1;CEP55;CLASP1;DIS3L2;CLASP2;SPICE1;KIF23;WAPL;EML4;WRAP73;STAG1;PSRC1;PRC1;NCAPD3;LSM14A;CHMP7;CCDC61,Rbm24,rmats,1445,GO_Biological_Process_2023
DNA Damage Response (GO:0006974),58/384,2.9524162161743036e-5,2.3382814124141347,38.58542314171117,TOP2A;ATF2;OGG1;FMR1;CIB1;RPTOR;ENDOV;STK11;HPF1;HERC2;KAT5;CHEK2;TLK2;POLI;KMT5B;IKBKG;UPF1;PARP2;DDX11;PRKCD;ATRX;PPP4R3A;VRK1;ZDHHC16;INIP;IRF3;MSH3;TIMELESS;FLYWCH1;BRAT1;PNKP;HTRA2;PDS5B;RAD51AP1;BCL2L11;EP400;RBBP8;BID;MAP2K6;MUTYH;UVRAG;SLF2;XRCC3;FANCA;GTF2H1;USP28;FANCG;MAPK12;MAD2L2;POLA1;ERCC1;POLE2;PWWP3A;ERCC8;MMS19;TRIP12;RAD9A;TAF1,Rbm24,rmats,1445,GO_Biological_Process_2023
Ubiquitin-Dependent Protein Catabolic Process (GO:0006511),56/367,3.1023217987785616e-5,2.365077932029103,38.63190797865081,GSK3A;RNF13;RNF14;UBE2D1;ANKRD9;RNF115;KAT5;PSMD4;ARIH2;UBXN7;ARIH1;BTRC;RNF111;UBL7;FBXW5;ARRDC1;FBXW11;RAD23A;ARMC8;SIRT2;PLAA;SPOPL;CHMP7;BIRC2;WDR26;TSG101;CUL3;AMBRA1;BAG6;ZNRF1;SHARPIN;MTA1;RNF215;PCBP2;ZSWIM8;TBL1X;ZRANB1;HACE1;SMURF1;RNF25;SYVN1;PEX10;NTAN1;USP28;CHFR;RNF146;SPSB3;UBE2W;ITCH;TTC3;RLIM;MDM2;ERCC8;TRIP12;RNF185;TAF1,Rbm24,rmats,1445,GO_Biological_Process_2023
Regulation Of DNA Repair (GO:0006282),28/129,4.127862693729752e-5,3.610416652109812,57.56208967229128,ENY2;INO80E;SMARCB1;TMEM161A;MEAF6;TFPT;ING3;KAT5;PPP4R2;RUVBL2;EP400;USP1;BRD8;ARID2;ATXN7L3;SMARCE1;PBRM1;SMARCC2;EYA2;ACTR5;UCHL5;SMARCA4;RAD52;KAT2A;MRGBP;TADA3;TRIP12;TAF2,Rbm24,rmats,1445,GO_Biological_Process_2023
Protein Phosphorylation (GO:0006468),69/500,4.748353802637792e-5,2.1086642745373116,33.12287453818982,ATF2;GSK3A;CCNT1;STK19;IKBKB;STK11;PPP4R1;AKT2;CHEK2;STK16;TLK2;TLK1;ERC1;MAP3K7;PDK1;EPHA7;MORC3;TBP;CHUK;STRADA;STRADB;PRKCD;MINK1;VRK1;PASK;ATG13;PRKAB1;ILF3;MELK;CREB1;KIT;SIK3;MAPKAPK5;BIRC6;SIK2;CSNK1G2;CAMK1G;BECN1;USP15;SRC;IRAK1;CLSPN;MARK4;MARK3;MARK2;SRPK2;UVRAG;RYK;CDC7;CLK4;CDK11B;PTK2;CLK3;ACVR2A;MAPK12;SRPK1;CLK2;MAPK13;BCKDK;CLK1;CDK8;ABI2;TAF8;COQ8B;PKN1;FGFR3;FGFR2;TAF2;TAF1,Rbm24,rmats,1445,GO_Biological_Process_2023
Regulation Of Double-Strand Break Repair (GO:2000779),22/88,5.712751226164391e-5,4.3309908643710475,66.85349786595343,SMARCE1;PBRM1;SMARCB1;SMARCC2;SLF2;MEAF6;DDX11;FOXM1;SMARCA4;RAD51AP1;ING3;MRGBP;KAT5;PPP4R2;RUVBL2;FIGNL1;TIMELESS;EP400;SPIRE1;TRIP12;BRD8;ARID2,Rbm24,rmats,1445,GO_Biological_Process_2023
Histone H4 Acetylation (GO:0043967),14/39,7.152123716485311e-5,7.251432564640112,109.72377010238299,NAA40;MEAF6;PHF20;MSL2;HCFC1;ING4;ING3;MRGBP;KAT5;KANSL1;KANSL2;RUVBL2;EP400;BRD8,Rbm24,rmats,1445,GO_Biological_Process_2023
Proteasome-Mediated Ubiquitin-Dependent Protein Catabolic Process (GO:0043161),49/319,1.0411253198467243e-4,2.3770694046482013,34.89950865261535,RNF10;GSK3A;FAF2;ANKRD9;KAT5;PSMD4;CDC27;UBXN7;BTRC;FBXW5;FBXW11;FBXO17;RAD23A;ARMC8;SIRT2;PLAA;SPOPL;BIRC2;WDR26;CUL5;CUL3;DERL2;UBR1;AMBRA1;USP19;UBE2J1;ECPAS;BAG6;AMN1;ZNRF1;SHARPIN;MTA1;PCBP2;ZSWIM8;TBL1X;ANKZF1;KLHDC10;SMURF1;SYVN1;PEX10;FBXL12;SPSB3;UBE2W;ITCH;MDM2;ERCC8;TRIP12;RNF185;TAF1,Rbm24,rmats,1445,GO_Biological_Process_2023
Regulation Of Multicellular Organismal Development (GO:2000026),17/59,1.2588580331795784e-4,5.247448979591836,75.68312572019343,BRD1;INO80E;BRPF1;MEAF6;BRPF3;ACTR5;EHMT1;UCHL5;BLTP1;BAG6;TFPT;KAT2A;ZZZ3;RACGAP1;RUVBL2;TADA3;TRIP12,Rbm24,rmats,1445,GO_Biological_Process_2023
Regulation Of Cell Cycle (GO:0051726),46/298,1.7719122778086713e-4,2.3881514006603357,33.47340177114082,INO80E;MEAF6;HTRA2;FOXM1;ING4;TFPT;STK11;ING3;KAT5;AKT2;FIGNL1;RUVBL2;CDC27;EP400;E4F1;RPRD1B;BRD8;MARK4;TRIM21;MAP2K6;PHACTR4;SRPK2;NEK9;ACTR5;STAT3;TSC2;TSC1;RAD23A;PUM1;CDK11B;SIRT2;UCHL5;MAPK12;HCFC1;KAT2A;ZZZ3;MRGBP;BIN1;TADA3;MDM2;NF2;TARDBP;FGFR2;BIRC2;CDKN3;SMIM22,Rbm24,rmats,1445,GO_Biological_Process_2023
Positive Regulation Of Nucleic Acid-Templated Transcription (GO:1903508),72/557,2.015791168545692e-4,1.9537922075971799,26.944365504305374,RNF10;SETD3;PHF20;RNF14;FOXM1;BRCA2;ING1;IKBKB;EDRF1;MED14;ING3;KAT5;ZMIZ1;RUVBL2;CHEK2;BTRC;YAF2;ATXN7L3;RNF111;MED1;SMARCC2;CHUK;FBXW11;ACTR5;TFE3;MSL2;RFX3;UCHL5;HCFC1;MED22;KAT2A;ILF3;CREB1;ELF2;PSRC1;DXO;KMT2E;ENY2;INO80E;KDM3A;MEAF6;WBP2;ZBTB48;MLLT3;HIF1A;TFPT;MTA1;EP400;TASP1;BRD8;TBL1X;MTA3;BRPF1;TAF15;STAT3;GTF2H1;SMARCA1;KLF2;GATAD2A;SMARCA4;MAD2L2;MRGBP;FUBP3;KANSL1;KANSL2;TADA3;MMS19;TCF4;NAA16;TCF3;TAF2;PICALM,Rbm24,rmats,1445,GO_Biological_Process_2023
Positive Regulation Of DNA Repair (GO:0045739),21/89,2.015791168545692e-4,4.009284120951752,55.20669299016602,SMARCE1;PBRM1;INO80E;SMARCB1;SMARCC2;TMEM161A;SLF2;HDAC10;EYA2;ACTR5;DDX11;FOXM1;UCHL5;SMARCA4;TFPT;FAM168A;RUVBL2;TIMELESS;USP1;SPIRE1;ARID2,Rbm24,rmats,1445,GO_Biological_Process_2023
Regulation Of Embryonic Development (GO:0045995),17/62,2.0646721393006455e-4,4.896825396825397,66.84243076881363,INO80E;ACTR5;EHMT1;UCHL5;BAG6;TFPT;RPS6KA6;KAT2A;ZZZ3;RACGAP1;RUVBL2;TADA3;DAG1;TRIP12;PHLDB2;CLASP1;CLASP2,Rbm24,rmats,1445,GO_Biological_Process_2023
Regulation Of Chromatin Organization (GO:1902275),11/27,2.0646721393006455e-4,8.88811889818689,121.23743591482906,SETD5;KANSL1;PHF20;KANSL2;TLK2;MSL2;RLIM;TLK1;MKI67;MLLT3;HCFC1,Rbm24,rmats,1445,GO_Biological_Process_2023
Regulation Of Cell Cycle Process (GO:0010564),26/130,2.886543036813523e-4,3.2507047216349543,43.093015250940226,BECN1;SMARCB1;KLHL13;MKI67;USP19;RACGAP1;E4F1;RPRD1B;ENTR1;ARID2;ECT2;MARK4;RAB11FIP3;SMARCE1;UVRAG;PBRM1;BORA;SMARCC2;PRPF40A;CDC25C;PUM1;SMARCA4;DBF4;BIN1;PRC1;BIRC6,Rbm24,rmats,1445,GO_Biological_Process_2023
Protein Polyubiquitination (GO:0000209),37/226,3.5537298730730163e-4,2.5535939754689756,33.111838072156246,RNF31;CBFB;RNF14;CUL3;UBE2D1;UBE2J1;DDA1;ZNRF1;RNF115;SHARPIN;TNKS2;RUSC1;CDC27;ARIH2;MARCHF8;ARIH1;BTRC;TRIM21;HACE1;FBXW11;SMURF1;RNF25;HUWE1;SYVN1;PEX10;TRAF2;RNF146;UBE2W;ITCH;UBOX5;TTC3;MDM2;ERCC8;TRIP12;RNF185;BIRC2;TAF1,Rbm24,rmats,1445,GO_Biological_Process_2023
Regulation Of DNA Metabolic Process (GO:0051052),25/124,3.5537298730730163e-4,3.282116944088775,42.52837461656003,PIF1;ENY2;INO80E;MEAF6;NUCKS1;BAZ2A;SMG5;SMG6;ING4;TFPT;RUVBL2;USP1;SMARCAD1;MPV17;ATXN7L3;UPF1;SLF2;ESCO1;ACTR5;THOC1;TERF2;UCHL5;KAT2A;TADA3;TAF2,Rbm24,rmats,1445,GO_Biological_Process_2023
Histone Modification (GO:0016570),19/81,5.35880643029816e-4,3.9742003347961816,49.694600171565845,HDAC5;ENY2;MEAF6;SIRT2;GATAD2A;ING4;PHF20L1;ING3;MTA1;MRGBP;KAT5;RUVBL2;MIER1;TADA3;EP400;BRD8;TBL1X;ATXN7L3;MTA3,Rbm24,rmats,1445,GO_Biological_Process_2023
Phosphorylation (GO:0016310),57/429,8.149389048116815e-4,2.0072801431625917,24.176240181264195,PANK2;GSK3A;DGKD;CCNT1;STK19;IKBKB;RPTOR;STK11;PPP4R1;CHEK2;TLK2;TLK1;PDK1;EPHA7;MORC3;TBP;CHUK;SPHK2;STRADA;STRADB;PRKCD;MINK1;VRK1;PASK;ATG13;PRKAB1;ILF3;MELK;CREB1;SIK3;BIRC6;SIK2;DGKK;CSNK1G2;BECN1;IRAK1;MARK4;MARK3;MARK2;SRPK2;UVRAG;RYK;STAT3;CDK11B;PTK2;CLK3;ACVR2A;SRPK1;CLK2;BCKDK;CDK8;PI4KA;TAF8;COQ8B;PKN1;TAF2;TAF1,Rbm24,rmats,1445,GO_Biological_Process_2023
Vesicle-Mediated Transport (GO:0016192),55/411,9.190558710911441e-4,2.0227649341201195,24.040204374058764,USP6NL;DENND1C;ZFYVE9;ITSN1;ARHGAP1;CLINT1;GOLGA4;AP1G1;CPNE1;ANKFY1;TRIM23;RAB2B;STX8;AKTIP;TSC2;SCRIB;EPS15L1;EPN1;EPN2;BIN3;BIN1;DNAJC5;KXD1;TBC1D23;CHMP7;CSNK1G2;BECN1;TSG101;MGRN1;STX16;GOSR2;C9ORF72;AP3M1;CECR2;HMGXB4;AP5M1;FHIP1B;ATP6V1H;STX3;RAB11FIP3;EPS15;AP1M2;UVRAG;RAB4A;EXOC6B;BLTP1;UEVLD;NECAP2;HOOK2;ALMS1;RAB13;SPIRE1;VPS45;OSBPL1A;PICALM,Rbm24,rmats,1445,GO_Biological_Process_2023
Proteasomal Protein Catabolic Process (GO:0010498),35/220,0.0010694016852189298,2.464826528656316,28.827564917725134,GSK3A;WDR26;CUL3;AMBRA1;ANKRD9;BAG6;ZNRF1;SHARPIN;MTA1;KAT5;PSMD4;PCBP2;ZSWIM8;UBXN7;TBL1X;BTRC;TRIM21;FBXW5;FBXW11;SMURF1;SYVN1;PEX10;RAD23A;ARMC8;SIRT2;SPSB3;UBE2W;ITCH;MDM2;PLAA;SPOPL;ERCC8;TRIP12;RNF185;BIRC2,Rbm24,rmats,1445,GO_Biological_Process_2023
Double-Strand Break Repair (GO:0006302),29/168,0.0011678412767395893,2.7134089338698533,31.263459239274017,PNKP;CIB1;NUCKS1;BRCA2;RAD54B;RAD51AP1;HPF1;MTA1;KAT5;EME2;RNF138;CHEK2;NSD2;RBBP8;SMARCAD1;ZSWIM7;KDM2A;SLF2;PARP2;ACTR5;XRCC3;TOP3A;PALB2;INIP;MAD2L2;RAD52;POLA1;MMS22L;ERCC1,Rbm24,rmats,1445,GO_Biological_Process_2023
Positive Regulation Of DNA-templated Transcription (GO:0045893),130/1243,0.0011678412767395893,1.549240056163078,17.820822899960156,ATF2;SMARCB1;CCNT1;PRDM4;PRDM5;UBP1;PRDM2;NUCKS1;RBPJ;GABPB1;KAT5;ZMIZ1;RUVBL2;CHEK2;BTRC;ATXN7L3;RNF111;GTF2I;MED1;SMARCC2;FBXW11;THOC1;RFX3;ISL1;HCFC1;THAP3;ILF3;DXO;KMT2E;INO80E;ENY2;MEAF6;HIF1A;BCL2L12;EP400;TASP1;E4F1;RPRD1B;LYAR;MAP2K5;BPTF;BRPF1;POU2F1;RFXANK;SMARCA1;SMARCA4;MLLT10;DAB2;MAVS;MRGBP;FUBP3;TADA3;TCF4;MMS19;TCF3;FGFR2;PICALM;RNF10;SETD3;PHF20;RNF14;AKAP8L;CHD6;FOXM1;BRCA2;ING1;IKBKB;RPTOR;EDRF1;MED14;ING3;NCK2;MLX;IKBKG;YAF2;GABPA;SREBF1;PPP1R12A;CHUK;ACTR6;ACTR5;NCOA3;ATRX;TFE3;MSL2;PPRC1;ZFX;ETV4;SIRT2;UCHL5;SENP1;MED22;TOX3;KAT2A;HAX1;CREB1;ELF2;PSRC1;IRF3;TFDP2;HDAC5;KDM3A;WBP2;ZBTB48;MOSPD1;MLLT3;TFPT;MTA1;MAPK7;BRD8;TBL1X;MTA3;TCF7L2;TAF15;PCGF5;STAT3;GTF2H1;RRP1B;ACVR2A;USF1;KLF2;GATAD2A;MAD2L2;ASXL1;KANSL1;KANSL2;NAA16;AGRN;TAF2;SSBP4,Rbm24,rmats,1445,GO_Biological_Process_2023
Positive Regulation Of DNA Recombination (GO:0045911),14/51,0.0011678412767395893,4.896443613424745,56.31966507145577,PAXIP1;MEAF6;RAD51AP1;MAD2L2;ING3;MRGBP;KAT5;RUVBL2;TIMELESS;EP400;KMT5B;MMS19;BRD8;ARID2,Rbm24,rmats,1445,GO_Biological_Process_2023
Regulation Of RNA Splicing (GO:0043484),21/102,0.00117881524309425,3.3634519350811485,38.54520842351852,SRPK2;ZC3H10;RBM39;ENY2;TIA1;CELF1;LARP7;RRP1B;CLK4;PRDX6;CLK3;PTBP2;SRRM1;CLK2;SRPK1;CLK1;KAT2A;U2AF2;TADA3;RBM12;ATXN7L3,Rbm24,rmats,1445,GO_Biological_Process_2023
Internal Peptidyl-Lysine Acetylation (GO:0018393),12/39,0.0013063470873574182,5.746452663410095,65.08168574532654,BAG6;ATAT1;PHF20L1;KAT2A;ING3;MRGBP;MEAF6;KAT5;RUVBL2;TADA3;EP400;BRD8,Rbm24,rmats,1445,GO_Biological_Process_2023
Positive Regulation Of Cellular Catabolic Process (GO:0031331),26/146,0.0016733111830268795,2.8148343904157858,31.096037858757892,BECN1;GSK3A;NPRL2;NPRL3;AMBRA1;HIF1A;MTDH;RPTOR;STK11;KAT5;AKT2;PHKG2;ZSWIM8;TRIM21;TRIM23;SH3D19;UPF1;PTPN1;PRKCD;ATG13;GTPBP1;ITCH;CNOT1;PRXL2C;DXO;DEPDC5,Rbm24,rmats,1445,GO_Biological_Process_2023
Protein Modification Process (GO:0036211),82/711,0.001682982185191354,1.714552323675797,18.868933372551933,GSK3A;SETD3;CCNT1;PDCD6;STK19;CDC14B;IKBKB;ING4;STK11;PPP4R1;PPP4R2;AKT2;CHEK2;TLK2;TLK1;BTRC;SBF1;ILKAP;PDK1;JMJD4;EPHA7;MORC3;PPP1R12A;TBP;CHUK;STRADA;FBXW11;STRADB;PRKCD;MINK1;PPP2R5B;ALG3;VRK1;PPP4R3A;PASK;JMJD7;ATG13;PRKAB1;ILF3;MELK;CREB1;CTDSP1;SIK3;BIRC6;SIK2;CSNK1G2;BECN1;MEAF6;PPM1M;FUT10;PORCN;IRAK1;ST3GAL5;MARK4;ATG7;MARK3;MARK2;ST3GAL3;B3GALNT2;SRPK2;UBE2F;UVRAG;PTPN1;ICMT;RYK;PTPN11;PTPN12;PTPN13;CDK11B;PTK2;CLK3;ACVR2A;SRPK1;CLK2;BCKDK;CDK8;TAF8;COQ8B;MAN2B1;PKN1;TAF2;TAF1,Rbm24,rmats,1445,GO_Biological_Process_2023
Histone Acetylation (GO:0016573),15/60,0.001682982185191354,4.314685314685315,47.386447221970855,ENY2;NAA40;MEAF6;PHF20L1;KAT2A;ING3;MRGBP;KAT5;RUVBL2;TADA3;EP400;BRD8;ATXN7L3;MAP3K7;TAF2,Rbm24,rmats,1445,GO_Biological_Process_2023
Regulation Of Cell Division (GO:0051302),18/83,0.0020318977649018176,3.588162363214921,38.63023707653939,BECN1;UVRAG;NCOA3;CIB1;PRPF40A;KLHL13;MLLT3;SIRT2;KAT2A;ZZZ3;PRC1;CSPP1;TADA3;CDK2AP2;BIRC6;ENTR1;RAB11FIP3;FGFR2,Rbm24,rmats,1445,GO_Biological_Process_2023
Positive Regulation Of Double-Strand Break Repair Via Homologous Recombination (GO:1905168),11/36,0.0028058223571792336,5.685634588563459,59.22098519304783,RAD51AP1;ING3;MRGBP;MEAF6;KAT5;RUVBL2;EP400;TIMELESS;MMS19;BRD8;ARID2,Rbm24,rmats,1445,GO_Biological_Process_2023
"Regulation Of mRNA Splicing, Via Spliceosome (GO:0048024)",19/94,0.0031283893931081464,3.283029453015428,33.60439225874508,SRPK2;RBM39;RBM25;RBM47;TIA1;RBFOX2;CELF1;SFSWAP;FMR1;CIRBP;LARP7;PRDX6;SRRM1;SRPK1;FXR1;FAM172A;U2AF2;RNPS1;RBM5,Rbm24,rmats,1445,GO_Biological_Process_2023
Regulation Of Double-Strand Break Repair Via Homologous Recombination (GO:0010569),16/71,0.0031283893931081464,3.766142884407405,38.501966656178944,PARPBP;MEAF6;RAD51AP1;MAD2L2;ING3;MRGBP;KAT5;PPP4R2;RUVBL2;FIGNL1;TIMELESS;EP400;MMS19;KMT5A;BRD8;ARID2,Rbm24,rmats,1445,GO_Biological_Process_2023
Cytosolic Transport (GO:0016482),23/127,0.0031283893931081464,2.8695566915503625,29.314547681651728,BECN1;TMEM87B;MON2;ANKRD27;STX16;STX8;GCC2;PHETA1;BET1L;ARFRP1;GGA1;HOOK2;AP1G1;FHIP1B;VTI1A;ANKFY1;TBC1D23;CORO7;ERC1;RAB6A;EVI5;EPS15;PLEKHJ1,Rbm24,rmats,1445,GO_Biological_Process_2023
Regulation Of Cellular Component Organization (GO:0051128),26/153,0.0031283893931081464,2.6586761221443513,27.1302514668422,SETD5;MEAF6;PRDM5;FAM107A;HJURP;MKI67;RASGRP2;MLLT3;ING4;RPTOR;STK11;TLK2;TLK1;MARK4;PTPN1;RAB4A;TSC2;TRAF2;PTPN11;CDK11B;BLTP1;HCFC1;CAMSAP3;MAD2L2;ITCH;PICALM,Rbm24,rmats,1445,GO_Biological_Process_2023
Protein Modification By Small Protein Conjugation (GO:0032446),48/364,0.0031292543115134168,1.983164647572103,20.188710102267947,MARCHF2;CUL5;RNF14;MGRN1;CUL3;DCUN1D1;FBXO25;DCUN1D2;KLHL13;UBR1;ANKRD9;RNF115;HERC2;ZMIZ1;RNF138;TRIM24;ARIH2;ZSWIM8;TRIM26;ARIH1;BTRC;TRIM21;ATG7;RNF111;TRIM23;UBE2F;PIAS3;RNF44;HACE1;SLF2;FBXW5;ARRDC1;FBXW11;SMURF1;RNF25;AKTIP;SYVN1;MSL2;CHFR;BSPRY;SENP1;ITCH;RLIM;MDM2;RNF181;MDM4;BIRC6;TRIM11,Rbm24,rmats,1445,GO_Biological_Process_2023
Mitotic Spindle Assembly (GO:0090307),12/44,0.003739607050223784,4.847260990928123,48.36757506865708,WRAP73;STAG1;RACGAP1;PRC1;CHEK2;SPICE1;KIF23;PIBF1;LSM14A;CLASP1;CCDC61;CLASP2,Rbm24,rmats,1445,GO_Biological_Process_2023
Histone H2A Acetylation (GO:0043968),8/21,0.004976978065356936,7.940474278678872,76.78040986535191,NAA40;ING3;MRGBP;MEAF6;KAT5;RUVBL2;EP400;BRD8,Rbm24,rmats,1445,GO_Biological_Process_2023
Intracellular Protein Transport (GO:0006886),43/325,0.006710836641498165,1.9873812486721099,18.578289588305058,RPAIN;TSG101;STX16;FUT10;PDCD6;SNX13;PRICKLE1;TRAK2;ARFRP1;GGA1;HERC2;AKT2;XPO6;TLK1;ARFIP1;FAM53A;STX3;RAB6A;TNPO2;AP1M2;TRIM23;SEC31A;APPL1;NUP214;CTSA;ACD;RANBP3;STRADA;SMURF1;SYNRG;STRADB;STX8;SEC16A;RANBP17;STAT3;ASPSCR1;TSC2;TIMM21;CAMSAP3;SEC23IP;RAB3GAP2;VPS45;SLU7,Rbm24,rmats,1445,GO_Biological_Process_2023
Anoikis (GO:0043276),5/8,0.00685724254606072,21.47222222222222,199.78968635308695,STK11;TSC2;BMF;IKBKG;MAP3K7,Rbm24,rmats,1445,GO_Biological_Process_2023
Endosomal Transport (GO:0016197),28/180,0.007084547678343271,2.3923968354195297,22.130742805142493,DENND1C;TMEM87B;ZFYVE9;STX16;ITSN1;ARHGAP1;GCC2;ARFRP1;GGA1;AP5M1;VTI1A;ANKFY1;ERC1;ENTR1;RAB6A;EVI5;RAB11FIP3;EPS15;PLEKHJ1;ANKRD27;EPS15L1;PHETA1;BLTP1;BET1L;ALMS1;RAB13;TBC1D23;PICALM,Rbm24,rmats,1445,GO_Biological_Process_2023
Regulation Of Autophagy (GO:0010506),34/241,0.009742712720596673,2.135847738781212,19.032093120073995,BECN1;GSK3A;NPRL2;NPRL3;HTRA2;AMBRA1;C9ORF72;WDR24;RASIP1;MTDH;RPTOR;STK11;KAT5;TLK2;ATP6V1H;TBC1D14;BMF;DNM1L;DRAM2;TRIM21;TRIM23;ATP6V0A1;CTSA;SREBF1;UVRAG;STAT3;ATG13;SIRT2;RMC1;HAX1;DEPDC5;EIF4G3;GAPDH;EIF4G1,Rbm24,rmats,1445,GO_Biological_Process_2023
Protein Autoubiquitination (GO:0051865),15/71,0.009745130737631724,3.4650974025974026,30.804451530509034,RNF10;RNF13;CUL3;TRAF2;BRCA2;RNF146;RNF115;ITCH;MDM2;MARCHF7;ERCC8;RNF181;TRIM21;RNF185;TRIM11,Rbm24,rmats,1445,GO_Biological_Process_2023
Regulation Of Cytokinesis (GO:0032465),16/80,0.011440798220480816,3.2349545136459064,28.174199004605576,BECN1;UVRAG;CUL3;KIF23;PRPF40A;KLHL13;CDC14B;CIT;RACGAP1;PRC1;CSPP1;BIRC6;PKP4;ENTR1;ECT2;RAB11FIP3,Rbm24,rmats,1445,GO_Biological_Process_2023
Regulation Of Chromosome Organization (GO:0033044),11/43,0.012192012818317723,4.440224023709902,38.30095090126399,PIF1;TFPT;UPF1;INO80E;SLF2;RUVBL2;ACTR5;TERF2;SMG5;UCHL5;SMG6,Rbm24,rmats,1445,GO_Biological_Process_2023
Stress Granule Assembly (GO:0034063),8/24,0.012358615598049929,6.450591510090466,55.34716447058659,TIA1;YTHDF3;FMR1;CIRBP;PRRC2C;UBAP2L;C9ORF72;LSM14A,Rbm24,rmats,1445,GO_Biological_Process_2023
Activation Of Protein Kinase Activity (GO:0032147),16/81,0.012358615598049929,3.1850137266512353,27.256212791940868,CARD10;BORA;CAB39L;STRADA;STRADB;PRKCD;TNFRSF10B;TRAF2;TIRAP;STK11;IRAK1;CLSPN;ECT2;MAP3K7;PIBF1;MARK2,Rbm24,rmats,1445,GO_Biological_Process_2023
Microtubule Anchoring (GO:0034453),5/9,0.012358615598049929,16.10329861111111,137.76652583631756,CAMSAP3;DAG1;GCC2;CLASP1;CLASP2,Rbm24,rmats,1445,GO_Biological_Process_2023
Regulation Of Telomere Maintenance Via Telomerase (GO:0032210),12/51,0.01373387730198321,3.9757367545225186,33.52068093429891,CCT2;PIF1;GNL3L;TNKS2;SRC;PNKP;MAPKAPK5;HNRNPC;TENT4B;TERF2;SMG5;SMG6,Rbm24,rmats,1445,GO_Biological_Process_2023
Non-Motile Cilium Assembly (GO:1905515),9/31,0.015122565395896454,5.279722714611294,43.88341312003395,IFT88;C2CD3;ARL13B;TOGARAM1;IFT122;IFT57;PIBF1;TMEM80;ENKD1,Rbm24,rmats,1445,GO_Biological_Process_2023
Regulation Of RNA Metabolic Process (GO:0051252),17/91,0.015122565395896454,2.9731338481338483,24.674847853887346,MED1;ZC3H10;ENY2;CELF1;RRP1B;CLK4;PRDX6;PTBP2;CLK3;CLK2;CLK1;KAT2A;PCBP3;PCBP2;TADA3;RBM12;ATXN7L3,Rbm24,rmats,1445,GO_Biological_Process_2023
Regulation Of Hippo Signaling (GO:0035330),8/25,0.015301263509209406,6.07081747103852,50.14231024056079,FRMD6;SRC;DLG5;WWC2;CORO7;NF2;MARK3;CIT,Rbm24,rmats,1445,GO_Biological_Process_2023
Regulation Of DNA-templated Transcription (GO:0006355),178/1922,0.015301263509209406,1.354223840177259,11.168113347708937,ATF2;SMARCB1;CCNT1;PRDM4;HDAC10;PRDM5;WWC2;EHMT1;UBP1;PRDM2;ARID4B;ENO1;RBPJ;KAT5;ZMIZ1;RUVBL2;CHEK2;KMT5A;ARID2;BTRC;ATXN7L3;RNF111;HES6;PIAS3;MED1;RBFOX2;SMARCC2;TLE1;KDM2A;KDM2B;FBXW11;ZFP2;THOC1;RFX3;RFX1;FOXP4;HCFC1;MED7;ILF3;DMTF1;RFX7;TIMELESS;PPIE;DXO;KMT2E;INO80E;ENY2;MEAF6;SRCAP;CBFB;MYNN;BAZ2A;BAZ2B;HIF1A;DEDD2;MTDH;SBNO1;MIER1;SAFB2;EP400;CAMTA1;TASP1;E4F1;BPTF;BRPF1;POU2F1;BRPF3;RFXANK;SMARCA1;SMARCA4;MLLT10;ZZZ3;MRGBP;FUBP3;CNOT2;TADA3;MDM2;PHF14;MDM4;TCF4;MMS19;GTF2IRD1;TCF3;RCOR2;PICALM;SETD5;RNF10;GMEB1;KDM5C;SETD3;PHF20;RNF14;OGG1;HP1BP3;FOXM1;BRCA2;ING1;IKBKB;ING4;EDRF1;MED14;ING3;ZMYM2;SUFU;MLX;ERC1;YAF2;GABPA;SREBF1;PBRM1;BRD1;TGIF2;RING1;CHUK;ACTR6;ACTR5;ATRX;TFE3;MSL2;ZFX;ETV4;LIME1;SIRT2;UCHL5;PHF20L1;MED22;TOX3;GCFC2;KAT2A;PSRC1;ELF2;CREB1;NCOR1;IRF3;TFDP2;CTDSP1;MTF2;LANCL2;ZMYND11;HDAC5;KDM3A;WBP2;CIPC;ZBTB48;WIZ;PRICKLE1;MLLT3;TFPT;MTA1;CUX1;NSD2;RBBP8;BRD9;BRD8;TBL1X;MTA3;APBB3;HDX;SMARCE1;TCF7L2;TAF15;KDM4C;PCGF5;STAT3;GTF2H1;CDK11B;USF1;KLF2;GATAD2A;MAD2L2;KANSL1;POLR3C;KANSL2;RLIM;NAA16;PKN1;BCOR;TAF2,Rbm24,rmats,1445,GO_Biological_Process_2023
Non-Membrane-Bounded Organelle Assembly (GO:0140694),22/135,0.015301263509209406,2.5231748953662647,20.78145325907206,CENPT;TIA1;DBNL;YTHDF3;TUBGCP2;FMR1;MIS12;CIRBP;PRRC2C;ZFYVE1;C9ORF72;CENPA;HAUS2;FXR1;NCOR1;SH3PXD2B;TUBGCP5;UBAP2L;TUBGCP4;LSM14A;CCDC61;SMIM22,Rbm24,rmats,1445,GO_Biological_Process_2023
protein-DNA Complex Organization (GO:0071824),13/60,0.016263644084384025,3.5748841079282063,29.111106907367166,HDAC5;HDAC10;ATRX;EHMT1;NUCKS1;LRWD1;M1AP;ZZZ3;MTF2;PWWP3A;TCF4;HMGN2;HMGN3,Rbm24,rmats,1445,GO_Biological_Process_2023
Positive Regulation Of Cell Cycle Process (GO:0090068),20/118,0.016263644084384025,2.6433225921947727,21.52310927825176,DDX11;CUL3;XRCC3;NCAPG2;ATRX;WIZ;CDC7;KIF23;SIRT2;USP19;CDC14B;CIT;DBF4;RACGAP1;CSPP1;NUSAP1;SASS6;PKP4;NCAPD3;ECT2,Rbm24,rmats,1445,GO_Biological_Process_2023
NIK/NF-kappaB Signaling (GO:0038061),9/32,0.01760558372291386,5.049897057042509,40.637334217932086,CARD10;IRAK1;CHUK;TNFRSF10B;TRAF2;BTRC;MAP3K7;TIRAP;BIRC2,Rbm24,rmats,1445,GO_Biological_Process_2023
Regulation Of Nucleotide-Excision Repair (GO:2000819),8/26,0.018968815590227325,5.73324054743679,45.618433685261174,SMARCE1;RAD52;PBRM1;SMARCB1;SMARCC2;ERCC8;ARID2;SMARCA4,Rbm24,rmats,1445,GO_Biological_Process_2023
Negative Regulation Of TOR Signaling (GO:0032007),12/54,0.020526418550455616,3.6911574120227297,29.021399271231683,GSK3A;STK11;PDCD6;NPRL2;NPRL3;TSC2;TSC1;MAPKAPK5;UBR1;DEPDC5;ITFG2;WDR24,Rbm24,rmats,1445,GO_Biological_Process_2023
DNA Alkylation (GO:0006305),6/15,0.020630230952272042,8.592077831827659,67.25072252936562,KMT2E;MTRR;ATRX;EHMT1;BAZ2A;GATAD2A,Rbm24,rmats,1445,GO_Biological_Process_2023
Dolichol-Linked Oligosaccharide Biosynthetic Process (GO:0006488),6/15,0.020630230952272042,8.592077831827659,67.25072252936562,ALG6;PDCD6;DOLPP1;ALG14;ALG3;MPDU1,Rbm24,rmats,1445,GO_Biological_Process_2023
Protein Monoubiquitination (GO:0006513),11/47,0.021198309734583178,3.9460134821013484,30.72004087946997,RNF10;UBE2W;ITCH;MGRN1;FANCA;HUWE1;MARCHF7;KLHL12;FANCE;TRIM21;FANCG,Rbm24,rmats,1445,GO_Biological_Process_2023
Protein Quality Control For Misfolded Or Incompletely Synthesized Proteins (GO:0006515),8/27,0.023430659259746828,5.4311980368457675,41.6592433870106,BAG6;UBE2W;CUL3;PEX10;OMA1;UGGT1;RNF185;ANKZF1,Rbm24,rmats,1445,GO_Biological_Process_2023
Regulation Of DNA Strand Elongation (GO:0060382),6/16,0.029669269703638427,7.732453092425295,57.374064943841105,TFPT;INO80E;ACTR5;RUVBL2;NUCKS1;UCHL5,Rbm24,rmats,1445,GO_Biological_Process_2023
Regulation Of mRNA Processing (GO:0050684),9/35,0.03229999981565247,4.466493464752518,32.69814745592151,SRPK2;RBM39;TIA1;PAPOLA;SAFB2;LARP7;CDK11B;SRPK1;SRRM1,Rbm24,rmats,1445,GO_Biological_Process_2023
DNA-templated DNA Replication Maintenance Of Fidelity (GO:0045005),10/43,0.03728186681504717,3.9113082039911307,27.91085906929236,CAMSAP3;MMS22L;FANCM;EME2;DDX11;ATRX;THOC1;TIMELESS;NUCKS1;PRIMPOL,Rbm24,rmats,1445,GO_Biological_Process_2023
mRNA Destabilization (GO:0061157),10/43,0.03728186681504717,3.9113082039911307,27.91085906929236,FXR1;UPF1;TUT7;YTHDF3;CELF1;CNOT1;PUM1;TARDBP;GIGYF2;DIS3L2,Rbm24,rmats,1445,GO_Biological_Process_2023
Positive Regulation Of Cell Division (GO:0051781),10/43,0.03728186681504717,3.9113082039911307,27.91085906929236,RACGAP1;CUL3;CSPP1;KIF23;PKP4;ECT2;SIRT2;FGFR2;CDC14B;CIT,Rbm24,rmats,1445,GO_Biological_Process_2023
Peroxisomal Membrane Transport (GO:0015919),6/17,0.040192782168436685,7.029123760186999,49.53659835943165,ABCD4;PEX3;PEX5;PEX10;PEX26;RAB8B,Rbm24,rmats,1445,GO_Biological_Process_2023
tRNA Modification (GO:0006400),13/67,0.04045331499737273,3.110296399751707,21.845376916048956,AARS2;ANKRD16;OSGEPL1;TYW5;PUS1;TPRKB;TRMT1;FTSJ1;TRIT1;GTPBP3;CTU2;PUSL1;DUS3L,Rbm24,rmats,1445,GO_Biological_Process_2023
Regulation Of Type I Interferon Production (GO:0032479),12/59,0.04045331499737273,3.297590236225149,23.13113709604545,RAB2B;POLA1;ITCH;MAVS;IRF3;IRAK1;CUL3;PTPN11;TRIM21;GAPDH;TIRAP;MYD88,Rbm24,rmats,1445,GO_Biological_Process_2023
Double-Strand Break Repair Via Homologous Recombination (GO:0000724),18/111,0.04354111490633804,2.5040576892646427,17.34835521739118,SLF2;FANCM;XRCC3;ATRX;TOP3A;NUCKS1;CDC7;BRCA2;PALB2;INIP;RAD54B;RAD51AP1;RAD52;MMS22L;KAT5;RNF138;RBBP8;ZSWIM7,Rbm24,rmats,1445,GO_Biological_Process_2023
Oligosaccharide-Lipid Intermediate Biosynthetic Process (GO:0006490),5/12,0.043627187434886826,9.200396825396826,63.49014067512938,ALG6;PDCD6;ALG14;ALG3;MPDU1,Rbm24,rmats,1445,GO_Biological_Process_2023
Regulation Of Dosage Compensation By Inactivation Of X Chromosome (GO:1900095),5/12,0.043627187434886826,9.200396825396826,63.49014067512938,KANSL1;KANSL2;PHF20;MSL2;RLIM,Rbm24,rmats,1445,GO_Biological_Process_2023
Positive Regulation Of Telomere Maintenance (GO:0032206),11/52,0.044184250209323706,3.463856856141783,23.81167349434201,TFPT;INO80E;TNKS2;RUVBL2;ACTR5;PNKP;ERCC1;ATRX;MAPKAPK5;TERF2;UCHL5,Rbm24,rmats,1445,GO_Biological_Process_2023
Nuclear-Transcribed mRNA Catabolic Process (GO:0000956),15/85,0.044184250209323706,2.76998001998002,19.011547643699203,UPF1;TUT7;UPF3B;CNOT10;TENT4B;SMG5;SMG6;PAN2;CNOT6;CNOT1;CNOT2;DXO;RNPS1;TENT2;DIS3L2,Rbm24,rmats,1445,GO_Biological_Process_2023
Endocytosis (GO:0006897),26/189,0.04792769118236306,2.0674371046749416,13.996503094938461,DENND1C;LMBR1L;ZFYVE9;C9ORF72;CLINT1;RABEPK;AP3M1;ATP6V1H;PIP5K1A;EPS15;PDLIM7;TSC2;DNAJC13;EPS15L1;BLTP1;EPN1;EPN2;DAB2;NECAP2;BIN3;HOOK2;BIN1;PI4KB;CSNK1G2;MYD88;PICALM,Rbm24,rmats,1445,GO_Biological_Process_2023
Intracellular Membrane-Bounded Organelle (GO:0043231),538/5175,1.1751351668587171e-20,1.7803882723665336,92.0645925922682,ATF2;ZFYVE9;ITSN1;EHMT1;DCAF8;ENO1;RBPJ;GABPB1;ALKBH6;PSMD4;PPP4R2;ZMIZ1;AKT2;ANKFY1;RNF111;HES6;MED1;RBFOX2;MAP1S;DDX11;PRKCD;DNTTIP1;WDR74;RFX3;RFX1;AARSD1;ARMC8;PASK;ISL1;PRKAB1;SCAMP3;HCFC1;MED7;NISCH;BIN1;MEAF6;SRCAP;SDR39U1;BAZ2A;BAZ2B;HIF1A;C9ORF72;MTDH;PRDX5;FIGNL1;VTI1A;PIP5K1A;PUSL1;HACE1;TIPARP;LARP7;UPF3B;TMEM192;CDC7;PRDX6;NR2F6;MLLT10;FIBP;MMS19;GTF2IRD1;HNRNPC;PKIG;DENND1C;PHF3;CEP57;SETD5;GMEB1;OGG1;SETD6;NCAPG2;TDRP;MED15;CLINT1;ING1;SMG5;SMG6;ING4;MED14;ING3;IKBKG;JARID2;NELFE;APPL1;UPF1;BRD1;WDR37;RING1;SPHK2;TERF2;SIRT2;SIRT3;MED22;GCFC2;KAT2A;AFTPH;NCOR1;MTF2;WDR26;CIPC;CENPA;WDR24;ECPAS;GGA1;RNF138;NSD2;USP1;PMS2;BRD9;BRD8;SRSF11;NKTR;EVC2;CASP8AP2;SLF2;ATAD5;PCGF5;PCGF2;STAT3;TRMT1;RRP1B;SCAF4;GATAD2A;RNF146;SRRD;PWWP3A;RLIM;ZYX;PKN1;CDKN3;DGKD;CCNT1;PDCD6;FMR1;CTNND1;FBXO25;FAM107A;UBE2D1;UBP1;STK19;VIRMA;CDC14B;EDC4;STK11;RUVBL2;PAPOLA;SMARCAD1;KMT5B;KMT5A;HMGN2;MAP3K7;NEPRO;HMGN3;GTF2I;TLE3;TLE1;RALGAPA1;IPMK;THOC1;VRK1;FOXP4;CDC25C;THOC7;INIP;MOB3A;ILF3;DMTF1;MSH3;PKP4;MAPKAPK5;CSNK1G2;KMT2E;ANKRD16;CUL3;GPATCH2L;BCL2L12;RAD51AP1;BAG6;SBNO1;YBEY;SAFB2;IP6K1;AP1M2;OSBPL9;TIA1;BRPF1;ANKRD27;BRPF3;FANCA;LTO1;RFXANK;LSM5;FANCE;PALB2;LSM2;CDK8;CNOT6;DAB2;UBOX5;DAB1;P4HA2;CNOT2;TADA3;MDM2;MDM4;NF2;OSBPL1A;MYD88;MDM1;RAD9A;EIF4G1;RNF10;DIDO1;RNF13;CELF1;RNF14;AKAP8L;CEP164;UFSP2;FOXM1;RESF1;AP1G1;PPP6R3;TLK2;TLK1;DNM1L;YAF2;TNPO2;ILKAP;REXO1;DST;RFC1;ACTR6;ACTR5;ATRX;MSL2;RAD23A;PTBP2;MMS22L;PKM;TFDP2;CTDSP1;DNAJC5;LANCL2;BIRC6;SNRPA1;DNAJC8;GAPDH;BIRC2;HDAC5;TSSC4;PPM1M;MGRN1;WBP2;LENG8;AMBRA1;MLLT3;PRIMPOL;CECR2;ZNRF1;SH3BP1;U2AF2;RSBN1L;RBBP8;DRAM2;SMARCE1;SMOX;RNF25;TPRKB;PTPN11;EXOG;PTPN12;MCOLN1;PTPN13;RAD52;POLR3A;PRC1;DOLPP1;BCOR;PANK4;PANK2;SMARCB1;HDAC10;MKI67;NFU1;HERC2;KAT5;CHEK2;CDC27;CPNE1;TRIM24;DAG1;FAM53A;UBAP2L;ATXN7L3;TRIM21;JMJD4;ESCO1;CIRBP;JMJD7;JMJD8;SRRM1;AKAP9;DXO;NSMF;SIK2;PAXIP1;DCUN1D1;DCUN1D2;UBE2J1;FXR1;DHX30;RAB11FIP1;RACGAP1;PCBP3;MIER3;PCBP2;MIER1;DPH3;RAB11FIP3;LYAR;RBM10;SEC31A;ATP6V0A1;CTSA;SRPK2;ZRANB1;DDIAS;STK11IP;XRCC3;INTS2;MEMO1;SMARCA1;NTAN1;PTK2;WAPL;SMARCA4;SRPK1;POLA1;STAG1;FUBP3;GOLGB1;RNPS1;TOP2A;RPAIN;SLC35F6;TECR;ZBTB8OS;BRCA2;ZMYM2;SUFU;XPO6;MLX;ARIH2;CTSH;UBXN7;ARIH1;GABPA;TOP3B;SREBF1;GRIPAP1;PBRM1;DBNL;STRADA;PARP2;NCOA3;PABPC4;STRADB;TOP3A;TFE3;KIF23;PPRC1;UCHL5;TOX3;G2E3;ALDOA;SLU7;STX16;SLC66A1;MIS12;AKAP8;PRICKLE1;TYMS;RAD54B;ARVCF;FAM172A;CUX1;MARCHF7;TBL1X;EPS15;APBB3;RANBP3;RYK;HUWE1;APTX;MAD2L2;SEC23IP;ITCH;TTC3;TRIP12;TARDBP;SCARB1;DBR1;PRDM4;PRDM5;PRDM2;NUCKS1;ARID4B;CIB1;RBMX2;KNTC1;TRAPPC14;MORC3;SLC30A9;BORA;KDM2B;FBXW11;PUS1;TSC2;TSC1;TRNT1;CFAP410;ALDH3A2;CCNE2;TIMELESS;PLAA;PPIE;WDFY2;GEMIN8;PSEN2;HTRA2;KLHL12;PDS5B;IRAK1;CAMTA1;TBC1D14;RPRD1B;CLSPN;ECT2;PIBF1;BPTF;UBE2F;CPSF7;POU2F1;CCDC137;ASPSCR1;DNAJC13;MACO1;CLK4;BLTP1;CLK3;AZIN1;CLK2;IFT20;CLK1;UBE2W;DLG1;HOOK2;RSRP1;TCF4;MAN2B1;TCF3;FGFR2;PICALM;GSK3A;KDM5C;NAA40;HP1BP3;CHD6;DDX42;RABEPK;SENP6;HPF1;SNAPC4;RBM5;POLG;RBM6;KDM6A;SUN1;TBP;TGIF2;AKTIP;PPP2R5B;TRNAU1AP;ETV4;EPN2;SENP1;ELF2;CREB1;IRF3;RABEP2;SPOPL;ZMYND11;ITGB3BP;VAC14;RBM47;KDM3A;USP15;MVK;NAA20;PNKP;BRAT1;WIZ;MOSPD1;CLCN3;UACA;GNA13;TFPT;MTA1;MAPK7;TNKS2;CBS;FAM241B;MTA3;S100PBP;MUTYH;TCF7L2;KDM4B;TAF15;KDM4C;EYA2;SWT1;LRWD1;USP28;CDK11B;USF1;CHFR;MAPK12;MAPK13;KANSL1;POLE2;TAF8;CDK2AP2;ERCC8;NAA16;RGS12;TAF2;SSBP4;TAF1,Rbm24,rmats,1445,GO_Cellular_Component_2023
Nucleus (GO:0005634),469/4487,9.29346652017442e-18,1.7385527931684468,77.09465591831061,ATF2;EHMT1;DCAF8;ENO1;RBPJ;GABPB1;ALKBH6;PSMD4;PPP4R2;ZMIZ1;AKT2;RNF111;HES6;MED1;RBFOX2;MAP1S;DDX11;PRKCD;DNTTIP1;WDR74;RFX3;AARSD1;ARMC8;PASK;ISL1;PRKAB1;HCFC1;MED7;BIN1;MEAF6;SRCAP;SDR39U1;BAZ2A;BAZ2B;HIF1A;C9ORF72;MTDH;PRDX5;FIGNL1;PIP5K1A;HACE1;TIPARP;LARP7;UPF3B;TMEM192;CDC7;PRDX6;NR2F6;MLLT10;FIBP;MMS19;GTF2IRD1;HNRNPC;PKIG;PHF3;CEP57;SETD5;GMEB1;OGG1;SETD6;NCAPG2;TDRP;MED15;ING1;SMG5;SMG6;ING4;MED14;ING3;IKBKG;JARID2;NELFE;APPL1;UPF1;BRD1;WDR37;RING1;SPHK2;TERF2;SIRT2;SIRT3;MED22;GCFC2;KAT2A;NCOR1;MTF2;WDR26;CIPC;CENPA;ECPAS;RNF138;NSD2;USP1;PMS2;BRD9;BRD8;SRSF11;NKTR;EVC2;CASP8AP2;SLF2;ATAD5;PCGF5;PCGF2;STAT3;TRMT1;RRP1B;SCAF4;GATAD2A;RNF146;SRRD;PWWP3A;RLIM;ZYX;PKN1;CDKN3;DGKD;CCNT1;PDCD6;FMR1;CTNND1;FBXO25;FAM107A;UBE2D1;UBP1;STK19;VIRMA;CDC14B;EDC4;STK11;RUVBL2;PAPOLA;SMARCAD1;KMT5B;KMT5A;HMGN2;MAP3K7;NEPRO;HMGN3;GTF2I;TLE3;TLE1;RALGAPA1;IPMK;THOC1;VRK1;FOXP4;CDC25C;THOC7;INIP;MOB3A;ILF3;DMTF1;MSH3;PKP4;MAPKAPK5;CSNK1G2;KMT2E;ANKRD16;CUL3;GPATCH2L;BCL2L12;RAD51AP1;BAG6;SBNO1;YBEY;SAFB2;IP6K1;TIA1;BRPF1;BRPF3;FANCA;LTO1;RFXANK;LSM5;FANCE;PALB2;LSM2;CDK8;CNOT6;UBOX5;CNOT2;TADA3;MDM2;MDM4;NF2;MYD88;MDM1;RAD9A;EIF4G1;RNF10;DIDO1;CELF1;RNF14;AKAP8L;UFSP2;FOXM1;RESF1;PPP6R3;TLK2;TLK1;YAF2;TNPO2;ILKAP;REXO1;DST;RFC1;ACTR6;ACTR5;ATRX;MSL2;RAD23A;PTBP2;MMS22L;PKM;TFDP2;CTDSP1;LANCL2;BIRC6;SNRPA1;DNAJC8;GAPDH;BIRC2;HDAC5;TSSC4;PPM1M;MGRN1;WBP2;LENG8;AMBRA1;MLLT3;PRIMPOL;CECR2;SH3BP1;U2AF2;RSBN1L;RBBP8;SMARCE1;RNF25;TPRKB;PTPN11;EXOG;PTPN12;PTPN13;RAD52;POLR3A;PRC1;BCOR;PANK4;PANK2;SMARCB1;HDAC10;MKI67;NFU1;HERC2;KAT5;CHEK2;CDC27;CPNE1;TRIM24;FAM53A;UBAP2L;ATXN7L3;TRIM21;JMJD4;ESCO1;CIRBP;JMJD7;JMJD8;SRRM1;DXO;NSMF;SIK2;PAXIP1;DCUN1D1;DCUN1D2;UBE2J1;FXR1;DHX30;RACGAP1;PCBP3;MIER3;PCBP2;MIER1;DPH3;LYAR;RBM10;SRPK2;ZRANB1;DDIAS;XRCC3;INTS2;MEMO1;SMARCA1;NTAN1;PTK2;WAPL;SMARCA4;SRPK1;POLA1;STAG1;FUBP3;RNPS1;TOP2A;RPAIN;TECR;ZBTB8OS;BRCA2;ZMYM2;SUFU;XPO6;MLX;ARIH2;UBXN7;ARIH1;GABPA;TOP3B;SREBF1;PBRM1;STRADA;PARP2;NCOA3;PABPC4;STRADB;TOP3A;TFE3;KIF23;PPRC1;UCHL5;TOX3;G2E3;ALDOA;SLU7;MIS12;AKAP8;PRICKLE1;TYMS;RAD54B;ARVCF;FAM172A;CUX1;MARCHF7;TBL1X;APBB3;RANBP3;RYK;HUWE1;APTX;MAD2L2;TTC3;TRIP12;TARDBP;DBR1;PRDM4;PRDM5;PRDM2;NUCKS1;ARID4B;CIB1;RBMX2;KNTC1;MORC3;SLC30A9;BORA;KDM2B;FBXW11;PUS1;TSC2;TSC1;TRNT1;CCNE2;TIMELESS;PLAA;PPIE;GEMIN8;PSEN2;HTRA2;PDS5B;IRAK1;CAMTA1;RPRD1B;CLSPN;ECT2;PIBF1;BPTF;UBE2F;CPSF7;POU2F1;CCDC137;ASPSCR1;MACO1;CLK4;BLTP1;CLK3;AZIN1;CLK2;CLK1;UBE2W;DLG1;RSRP1;TCF4;TCF3;FGFR2;PICALM;GSK3A;KDM5C;NAA40;HP1BP3;CHD6;DDX42;SENP6;HPF1;SNAPC4;RBM5;RBM6;KDM6A;TBP;TGIF2;AKTIP;PPP2R5B;TRNAU1AP;ETV4;SENP1;ELF2;CREB1;IRF3;SPOPL;ZMYND11;ITGB3BP;RBM47;KDM3A;USP15;NAA20;PNKP;BRAT1;WIZ;MOSPD1;UACA;GNA13;TFPT;MTA1;MAPK7;TNKS2;CBS;MTA3;S100PBP;MUTYH;TCF7L2;KDM4B;TAF15;KDM4C;EYA2;SWT1;LRWD1;USP28;CDK11B;USF1;CHFR;MAPK12;MAPK13;KANSL1;TAF8;CDK2AP2;ERCC8;NAA16;RGS12;TAF2;SSBP4;TAF1,Rbm24,rmats,1445,GO_Cellular_Component_2023
INO80-type Complex (GO:0097346),11/25,5.237085013485573e-5,10.158946005180315,148.1035257501803,TFPT;INO80E;ING3;SRCAP;KAT5;ACTR6;RUVBL2;ACTR5;EP400;BRD8;UCHL5,Rbm24,rmats,1445,GO_Cellular_Component_2023
Mitotic Spindle (GO:0072686),28/143,9.347394332325926e-5,3.1684820962842504,43.44501110865961,CUL3;CDC14B;RACGAP1;CDC27;NUSAP1;TRAPPC14;MAP4;IKBKG;TBL1X;ECT2;CLASP1;CLASP2;MAP1S;CDC7;KIF23;WAPL;HAUS2;SIRT2;EML4;ATAT1;WRAP73;KAT2A;ZZZ3;NCOR1;TFDP2;TADA3;PKP4;LSM14A,Rbm24,rmats,1445,GO_Cellular_Component_2023
Spindle (GO:0005819),34/210,5.1069595768461e-4,2.516292442497262,29.66804700079147,CUL3;CDC14B;RACGAP1;KIF3A;CSPP1;CDC27;NUSAP1;TRAPPC14;MAP4;IKBKG;TBL1X;ECT2;CLASP1;CLASP2;MAP1S;SPICE1;CDC7;KIF23;WAPL;SIRT2;EML4;ATAT1;MAD2L2;WRAP73;KAT2A;ZZZ3;NCOR1;PSRC1;TFDP2;PRC1;TADA3;MMS19;PKP4;LSM14A,Rbm24,rmats,1445,GO_Cellular_Component_2023
trans-Golgi Network (GO:0005802),35/241,0.0031186774517257924,2.2110273359498724,21.498969000530355,USP6NL;PI4K2B;STX16;GCC2;PCSK7;ATP2C1;RABEPK;ECPAS;TEPSIN;ARFRP1;GGA1;GOLGA4;AP1G1;VTI1A;ARFIP1;RAB6A;AP1M2;PLEKHJ1;CLASP2;GPR108;STX8;COG2;TRAPPC9;PHETA1;SCAMP3;TJAP1;HOOK2;SLC9A8;RAB13;RELCH;BIRC6;CORO7;TBC1D23;LGR5;LLGL1,Rbm24,rmats,1445,GO_Cellular_Component_2023
Clathrin Coat (GO:0030118),7/16,0.0031186774517257924,10.031061659712563,96.74476518861152,NECAP2;EPS15L1;CLINT1;EPS15;EPN1;EPN2;PICALM,Rbm24,rmats,1445,GO_Cellular_Component_2023
Histone Acetyltransferase Complex (GO:0000123),9/27,0.0031304433992623824,6.454387186629527,61.363291934884714,ING4;KAT2A;BRPF1;MEAF6;KANSL1;PHF20;BRPF3;KANSL2;HCFC1,Rbm24,rmats,1445,GO_Cellular_Component_2023
Swr1 Complex (GO:0000812),6/12,0.0033306962367531437,12.890201528839471,120.23248170373061,ING3;KAT5;SRCAP;RUVBL2;EP400;BRD8,Rbm24,rmats,1445,GO_Cellular_Component_2023
Nuclear Chromosome (GO:0000228),18/95,0.004624028331988249,3.0270024299456675,26.922119830553395,TOP2A;SMARCE1;PBRM1;INO80E;SRCAP;ACTR6;ACTR5;NCAPG2;UCHL5;TFPT;ING3;KAT5;RUVBL2;FIGNL1;EP400;RGS12;BRD8;NCAPD3,Rbm24,rmats,1445,GO_Cellular_Component_2023
RSC-type Complex (GO:0016586),6/14,0.007806824247610339,9.666608756080612,79.99065271722672,SMARCE1;PBRM1;SMARCB1;SMARCC2;ARID2;SMARCA4,Rbm24,rmats,1445,GO_Cellular_Component_2023
Microbody Membrane (GO:0031903),12/53,0.008300277274429361,3.781389886473882,30.42733159985196,ABCD4;ALDH3A2;ACBD5;MAVS;PEX3;PEX5;PEX10;MPV17;DECR2;PEX26;RAB8B;DHRS4,Rbm24,rmats,1445,GO_Cellular_Component_2023
Peroxisomal Membrane (GO:0005778),12/53,0.008300277274429361,3.781389886473882,30.42733159985196,ABCD4;ALDH3A2;ACBD5;MAVS;PEX3;PEX5;PEX10;MPV17;DECR2;PEX26;RAB8B;DHRS4,Rbm24,rmats,1445,GO_Cellular_Component_2023
CD40 Receptor Complex (GO:0035631),5/10,0.00871748809289062,12.881944444444445,102.06943943681276,IKBKB;RNF31;CHUK;HTRA2;TRAF2,Rbm24,rmats,1445,GO_Cellular_Component_2023
H4 Histone Acetyltransferase Complex (GO:1902562),6/15,0.008959607322010971,8.592077831827659,67.25072252936562,PHF20L1;KANSL1;PHF20;KANSL2;MSL2;HCFC1,Rbm24,rmats,1445,GO_Cellular_Component_2023
Lytic Vacuole Membrane (GO:0098852),36/287,0.01765132119717154,1.8632185240584858,13.147908043594295,ABCD4;SLC35F6;SCARB1;RNF13;SLC44A2;SLC66A1;NPRL2;NPRL3;PSEN2;CLCN3;WDR24;SLC2A8;RPTOR;AP3M1;PIP4P1;AP1G1;ANXA6;ANKFY1;ATP6V1H;SLC37A3;AP1M2;TRIM23;ATP6V0A1;STK11IP;SPHK2;TMEM192;DNAJC13;MCOLN1;ITFG2;TMEM175;RMC1;DAB2;DNAJC5;SPNS1;DEPDC5;CHMP7,Rbm24,rmats,1445,GO_Cellular_Component_2023
Intracellular Non-Membrane-Bounded Organelle (GO:0043232),115/1195,0.01765132119717154,1.3990705931495404,9.826811940010241,SMARCB1;CCNT1;FMR1;PRDM5;FBXO25;HJURP;NUCKS1;RBPJ;MKI67;ZFYVE1;CDC14B;ENDOV;RPS6KA6;KAT5;RBMX2;CSPP1;CDC27;NUSAP1;NEPRO;MED1;SLC30A9;ESCO1;MAP1S;SLC30A5;DDX11;DNTTIP1;WDR74;SPICE1;VRK1;TSC1;SELENOO;ILF3;SHQ1;BIN1;AKAP9;PKP4;WDFY3;LLGL1;INO80E;TSG101;MEAF6;HTRA2;ABCB8;BAZ2A;PDS5B;DEDD2;RAD51AP1;FXR1;RACGAP1;IRAK1;EPB41L3;CAMTA1;UTP20;LYAR;SRPK2;CCDC137;UPF3B;FANCE;PTK2;WAPL;FANCG;SMARCA4;ABTB1;POLA1;CDK8;STAG1;GNL3L;ZZZ3;SASS6;MDM2;MMS19;NOL11;NF2;EIF4G3;TOP2A;HP1BP3;FAF2;FOXM1;TENT4B;SMG6;EPB41L4A;XPO6;SH3PXD2B;PPP1R12A;DBNL;ACTR6;PARP2;KIF23;URB2;ZFX;DDX50;ETV4;SIRT2;UCHL5;GCFC2;PSRC1;LDAH;GAPDH;CIPC;PNKP;AKAP8;ASAP1;AMBRA1;TAF1C;TAF15;KRR1;LRWD1;RRP1B;APTX;MAD2L2;PRC1;TTC3;RGS12;TARDBP;TAF1,Rbm24,rmats,1445,GO_Cellular_Component_2023
Clathrin Vesicle Coat (GO:0030125),5/12,0.018852807803496647,9.200396825396826,63.49014067512938,NECAP2;SYNRG;CLINT1;EPN1;EPN2,Rbm24,rmats,1445,GO_Cellular_Component_2023
Nuclear Lumen (GO:0031981),79/780,0.025094498004391844,1.4729700093779436,9.66378888911573,TOP2A;SMARCB1;CCNT1;FMR1;PRDM5;FBXO25;HJURP;NUCKS1;RBPJ;MKI67;TENT4B;SMG6;CDC14B;ENDOV;RPS6KA6;KAT5;RBMX2;XPO6;NUSAP1;NEPRO;MED1;PBRM1;PPP1R12A;ACTR6;MAP1S;PARP2;SLC30A5;DDX11;DNTTIP1;WDR74;VRK1;URB2;ZFX;DDX50;ETV4;SIRT2;UCHL5;GCFC2;ILF3;SHQ1;WDFY3;INO80E;TSG101;MEAF6;CIPC;PNKP;AKAP8;ABCB8;BAZ2A;DEDD2;FXR1;TAF1C;FIGNL1;CAMTA1;UTP20;LYAR;SMARCE1;SRPK2;TAF15;CCDC137;KRR1;UPF3B;LRWD1;RRP1B;APTX;FANCG;SMARCA4;MAD2L2;ABTB1;POLA1;CDK8;GNL3L;ZZZ3;TTC3;MDM2;RGS12;NOL11;NF2;TAF1,Rbm24,rmats,1445,GO_Cellular_Component_2023
ISWI-type Complex (GO:0031010),5/13,0.025939014140158662,8.049913194444445,52.134117808359775,CECR2;HMGXB4;BAZ2A;SMARCA1;BPTF,Rbm24,rmats,1445,GO_Cellular_Component_2023
Chromosome (GO:0005694),23/164,0.026672425255813995,2.1123081066523026,13.518107565531206,TOP2A;SMARCE1;PBRM1;ESCO1;CCDC137;KRR1;FMR1;HP1BP3;DNTTIP1;PDS5B;RRP1B;MKI67;FANCE;ETV4;ZFX;WAPL;SIRT2;SELENOO;RAD51AP1;MAD2L2;STAG1;FIGNL1;KMT5A,Rbm24,rmats,1445,GO_Cellular_Component_2023
Lysosomal Membrane (GO:0005765),41/356,0.03107156670376536,1.6909510242843575,10.430949729816318,ABCD4;SLC35F6;SCARB1;RNF13;SLC44A2;SLC66A1;NPRL2;NPRL3;PSEN2;MAGT1;CLCN3;WDR24;SLC2A8;RPTOR;AP3M1;PIP4P1;AP1G1;CPNE1;ANXA6;ANKFY1;ATP6V1H;SLC37A3;AP1M2;TRIM23;ATP6V0A1;CTSA;STK11IP;SPHK2;TMEM192;ATP11B;DNAJC13;MCOLN1;ITFG2;TMEM175;RMC1;DAB2;DNAJC5;SPNS1;KXD1;DEPDC5;CHMP7,Rbm24,rmats,1445,GO_Cellular_Component_2023
Ino80 Complex (GO:0031011),5/14,0.03107156670376536,7.155092592592593,43.6135951502862,TFPT;INO80E;ACTR5;RUVBL2;UCHL5,Rbm24,rmats,1445,GO_Cellular_Component_2023
Lysosome (GO:0005764),54/503,0.03107156670376536,1.5654629906862283,9.526782667511958,ABCD4;SLC35F6;SCARB1;RNF13;SLC44A2;USE1;SLC2A8;RPTOR;PIP4P1;AP1G1;ANXA6;ANKFY1;CTSH;ACP2;SLC37A3;TRIM23;ARSA;SPHK2;PRKCD;TSC2;ITFG2;TMEM175;DNAJC5;SPNS1;DEPDC5;CHMP7;SRC;SLC66A1;NPRL2;NPRL3;PSEN2;CLCN3;C9ORF72;WDR24;AP3M1;AP5M1;RPS6KC1;MARCHF8;GPC2;ATP6V1H;DRAM2;AP1M2;ATP6V0A1;CTSA;UVRAG;ANKRD27;STK11IP;TMEM192;DNAJC13;MCOLN1;RMC1;DAB2;MAN2B1;AGRN,Rbm24,rmats,1445,GO_Cellular_Component_2023
Peroxisome (GO:0005777),19/129,0.03107156670376536,2.234189723320158,13.567495203241847,ABCD4;ACOT8;ACBD5;MVK;PEX10;PEX26;DHRS4;ALDH3A2;TMEM135;PRDX5;MAVS;PEX3;PEX5;NUDT17;MPV17;CCDC33;DECR2;DNM1L;RAB8B,Rbm24,rmats,1445,GO_Cellular_Component_2023
bBAF Complex (GO:0140092),4/9,0.032993511487978855,10.298403886190146,61.51680245746807,SMARCE1;SMARCB1;SMARCC2;SMARCA4,Rbm24,rmats,1445,GO_Cellular_Component_2023
Cytoplasmic Stress Granule (GO:0010494),13/76,0.036587780822402646,2.6646714551742483,15.541128729857338,TIA1;YTHDF3;CELF1;FMR1;PABPC4;CIRBP;PUM1;C9ORF72;GIGYF2;RPTOR;FXR1;LSM14A;EIF4G1,Rbm24,rmats,1445,GO_Cellular_Component_2023
Protein Phosphatase 4 Complex (GO:0030289),3/5,0.040545329254018374,19.299237170596395,109.8746700743738,PPP4R1;PPP4R2;PPP4R3A,Rbm24,rmats,1445,GO_Cellular_Component_2023
Nucleolus (GO:0005730),76/771,0.040571651655042645,1.4266150264594752,8.06991549126812,TOP2A;SMARCB1;CCNT1;FMR1;PRDM5;FBXO25;HJURP;NUCKS1;RBPJ;MKI67;TENT4B;SMG6;CDC14B;ENDOV;RPS6KA6;KAT5;RBMX2;XPO6;NUSAP1;NEPRO;MED1;PPP1R12A;ACTR6;MAP1S;PARP2;SLC30A5;DDX11;DNTTIP1;WDR74;VRK1;URB2;ZFX;DDX50;ETV4;SIRT2;UCHL5;GCFC2;ILF3;SHQ1;WDFY3;INO80E;TSG101;MEAF6;CIPC;PNKP;AKAP8;ABCB8;BAZ2A;DEDD2;FXR1;TAF1C;CAMTA1;UTP20;LYAR;SRPK2;TAF15;CCDC137;KRR1;UPF3B;LRWD1;RRP1B;APTX;FANCG;SMARCA4;MAD2L2;ABTB1;POLA1;CDK8;GNL3L;ZZZ3;TTC3;MDM2;RGS12;NOL11;NF2;TAF1,Rbm24,rmats,1445,GO_Cellular_Component_2023
H4/H2A Histone Acetyltransferase Complex (GO:0043189),7/29,0.040571651655042645,4.100739663674295,22.796145962073663,ING3;MRGBP;MEAF6;KAT5;RUVBL2;EP400;BRD8,Rbm24,rmats,1445,GO_Cellular_Component_2023
NuA4 Histone Acetyltransferase Complex (GO:0035267),7/29,0.040571651655042645,4.100739663674295,22.796145962073663,ING3;MRGBP;MEAF6;KAT5;RUVBL2;EP400;BRD8,Rbm24,rmats,1445,GO_Cellular_Component_2023
SWI/SNF Complex (GO:0016514),7/29,0.040571651655042645,4.100739663674295,22.796145962073663,SMARCE1;PBRM1;SMARCB1;SMARCC2;BRD9;ARID2;SMARCA4,Rbm24,rmats,1445,GO_Cellular_Component_2023
NSL Complex (GO:0044545),4/10,0.04085932441906213,8.581540596807772,47.38036412130034,PHF20L1;KANSL1;KANSL2;PHF20,Rbm24,rmats,1445,GO_Cellular_Component_2023
Coated Vesicle (GO:0030135),13/79,0.040962298624024576,2.543137379380396,13.951023292779107,KLHL12;PHETA1;ECPAS;TEPSIN;DAB2;SEC23IP;HAX1;AP1G1;NUMB;VTI1A;AP1M2;SEC31A;PICALM,Rbm24,rmats,1445,GO_Cellular_Component_2023
Vesicle Coat (GO:0030120),8/37,0.040962298624024576,3.5564514193842536,19.417648782309556,NECAP2;PDCD6;KLHL12;CLINT1;SEC24C;EPN1;SEC31A;EPN2,Rbm24,rmats,1445,GO_Cellular_Component_2023
RNA Binding (GO:0003723),187/1411,9.80447184819847e-14,2.092270531400966,76.26036990659168,EIF4A2;FMR1;SPPL2B;PPAN;MSI1;RPL10A;YARS2;GPATCH8;TIAL1;ALKBH1;FBRSL1;UBAP2L;HMGN2;SEC63;CAST;DDX17;RARS2;RBFOX2;TYW5;DIMT1;DDX11;PUS1;ALG13;NOSIP;ACTN4;LARP4B;TRNT1;GTPBP1;JMJD6;SRRM1;FAM133B;ATXN2L;GEMIN5;SRSF4;DXO;PPIG;SREK1;DNA2;DUS3L;FKBP3;MACF1;AARS2;YTHDC1;CSTF2;ZCCHC9;NOLC1;BAZ2A;RTF1;GIGYF2;RCC1L;MTDH;RRP7A;RAD51AP1;FXR1;DHX30;RNASEH1;HNRNPDL;PCBP3;PCBP2;G3BP2;DHX37;SAFB2;KHDC4;UTP20;MAP4;RBM12;ZC3H13;N4BP1;MARK2;SRPK2;CPSF4;TIA1;UBE2I;ZRANB2;RBPMS;PRRC2C;UPF3B;HELZ;LSM5;LSM4;SNUPN;PRRC2B;MRPL22;CHERP;LSM2;SRPK1;HNRNPM;LSM7;GNL3L;SON;CNOT1;GOLGB1;HNRNPC;FARSA;LSM14A;SUGP2;EIF4G1;TOP2A;RBM25;RBM26;CELF1;FASTKD3;PINX1;DDX42;PSIP1;BRCA1;ZCCHC17;TENT4B;YBX3;RPGR;FARS2;RBM3;RBM4;SART3;MRPL9;LRRFIP1;RBM34;RBM6;CCT3;TOP3B;DDX59;NSUN5;PABPC4;RBM18;PRPF40B;DARS2;TRNAU1AP;PPRC1;SAFB;PATL1;PTBP2;UCHL5;DUS2;SUPV3L1;DALRD3;PKM;SARS2;SLTM;SYF2;NOA1;HNRNPH1;ESRP1;RPUSD3;RBMS1;HNRNPH2;EIF4E2;FYTTD1;RBM47;STAU1;ROCK2;POLDIP3;SRRT;AKAP8;MTHFSD;UNK;TCOF1;FIP1L1;PES1;TRA2A;FLNA;FLNB;RALY;SMNDC1;PTCD3;PTPN1;RBM39;TRMT10B;MYEF2;YTHDF3;KRR1;YLPM1;RSRC2;TRMT1;RRP1B;APTX;U2SURP;SCAF4;KTN1;NAP1L4;SEC23IP;ZNFX1;TNIP1;CCDC9;ZYX;ACIN1;TARDBP;TNRC6A,Rpl22l1,rmats,1452,GO_Molecular_Function_2023
Ubiquitin-Like Protein Transferase Activity (GO:0019787),43/240,9.95892372326547e-6,2.842830534670159,49.23543667672379,RNF31;CUL5;RNF13;RNF14;MGRN1;UBE3A;BRCA1;FBXO21;CBL;RMND5B;SHARPIN;MARCHF8;BTRC;ATG5;BRAP;RANBP2;UBE2F;UBE2H;AREL1;UBE2I;FBXW11;SMURF1;RNF25;NSMCE2;WWP1;CHFR;RNF146;UBE2W;TRAF7;ITCH;KCTD10;ATG16L1;TTC3;RLIM;MDM2;UBA3;MDM4;STUB1;RBCK1;BCOR;TRIM11;BIRC2;TRIM33,Rpl22l1,rmats,1452,GO_Molecular_Function_2023
GTPase Binding (GO:0051020),37/225,5.181315147666574e-4,2.5536425832644163,33.100148477008744,USP6NL;BECN1;GARRE1;MAPKAP1;DOCK7;GCC2;CIB1;STK19;AMBRA1;YBX3;GGA1;AP3M1;XPO4;KIF3A;ANKFY1;FLNA;ERC1;RAB11FIP3;GIT1;RANBP2;GIT2;RABGAP1L;PLEKHG2;SPHK2;HPS4;TSC2;BRAF;MYO9B;CYRIB;RABGGTB;LSM2;TBC1D20;RRAGB;ATG16L1;RAB3GAP2;ARHGEF2;PICALM,Rpl22l1,rmats,1452,GO_Molecular_Function_2023
Methylation-Dependent Protein Binding (GO:0140034),17/68,8.362801877043636e-4,4.296631823461092,52.399650927540506,KDM5A;KMT2E;MORC3;CBX5;FMR1;ZMYND8;LRWD1;JMJD7;ING4;PHF20L1;MBTD1;ZZZ3;MTF2;NCAPD3;ZMYND11;HDGFL2;GLYR1,Rpl22l1,rmats,1452,GO_Molecular_Function_2023
Small GTPase Binding (GO:0031267),33/199,8.926510540118923e-4,2.575231157186887,30.66364424045327,USP6NL;GARRE1;MAPKAP1;DOCK7;GCC2;CIB1;STK19;YBX3;GGA1;AP3M1;XPO4;KIF3A;ANKFY1;FLNA;ERC1;RAB11FIP3;GIT1;RANBP2;GIT2;RABGAP1L;PLEKHG2;SPHK2;HPS4;TSC2;BRAF;MYO9B;CYRIB;RABGGTB;LSM2;TBC1D20;RAB3GAP2;ARHGEF2;PICALM,Rpl22l1,rmats,1452,GO_Molecular_Function_2023
Protein Serine/Threonine Kinase Activity (GO:0004674),47/342,0.001967468267058013,2.0698256830930695,22.63253748103549,PRKAA1;ROCK2;ILK;STK19;PRKCZ;IKBKB;STK11;MAPK7;IRAK1;AKT2;RPS6KA2;PHKG2;TLK2;TLK1;MAP4K5;MAP3K7;MARK2;BRD4;MAP2K6;PLK4;SRPK2;NEK9;CHUK;RIOK3;LIMK2;PRKCD;MINK1;HUNK;BRAF;CDC7;VRK1;PRKAB1;CLK4;ACVR2B;ACVR2A;MAPK12;SRPK1;CIT;CLK2;MAPK13;CLK1;CDK5;CDK2;RPS6KB2;SGK3;CAMK1G;MAP3K12,Rpl22l1,rmats,1452,GO_Molecular_Function_2023
Microtubule Binding (GO:0008017),36/239,0.0022443459757175836,2.29752859647658,24.46568479737987,CEP57;MACF1;FMR1;CAMSAP1;HDAC6;KIF15;UXT;RACGAP1;HAUS8;KIF3A;MAP4;DLGAP5;CLASP1;CDK5RAP2;NDEL1;ENKD1;CLASP2;DST;FBXW11;MACO1;EML1;EML2;EML4;CAMSAP3;CCDC88A;KIF18B;CDK5;HOOK2;REEP4;ALMS1;TUBGCP6;ARHGEF2;TUBGCP4;GAPDH;CCDC61;MDM1,Rpl22l1,rmats,1452,GO_Molecular_Function_2023
mRNA Binding (GO:0003729),40/282,0.002832659479497462,2.1429073115913186,21.947108729949726,FYTTD1;RBM25;RBM47;YTHDC1;CELF1;POLDIP3;FMR1;CSTF2;MSI1;TYMS;YBX3;TIAL1;FXR1;RBM4;UNK;PCBP3;PCBP2;G3BP2;N4BP1;DDX17;TIA1;RBFOX2;MYEF2;YTHDF3;RBPMS;PABPC4;UPF3B;LARP4B;PTBP2;ATXN2L;HNRNPM;PKM;ESRP1;GEMIN5;RBMS1;DXO;HNRNPC;TARDBP;LSM14A;EIF4G1,Rpl22l1,rmats,1452,GO_Molecular_Function_2023
Methylated Histone Binding (GO:0035064),16/71,0.002832659479497462,3.746366168650291,38.0802395364354,KDM5A;KMT2E;MORC3;CBX5;FMR1;ZMYND8;LRWD1;JMJD7;ING4;MBTD1;ZZZ3;MTF2;NCAPD3;ZMYND11;HDGFL2;GLYR1,Rpl22l1,rmats,1452,GO_Molecular_Function_2023
Ubiquitin-Protein Transferase Activity (GO:0004842),52/412,0.004486827873688798,1.8765396825396825,18.01344819032409,RNF13;RNF14;LTN1;RNF19B;UBE3A;BRCA1;FBXO21;RPGR;TRIM6;TRIM26;BTRC;RNF111;AREL1;FBXW11;PEX2;TRAF7;KCTD10;RBCK1;BIRC2;TRIM11;RNF31;CUL5;MGRN1;UBR1;CBL;RNFT1;UBE2J1;RMND5B;SHARPIN;RNF138;VPS11;MARCHF8;RFFL;BRAP;UBE2H;RNF25;SMURF1;WWP1;CHFR;RNF146;UBE2W;ITCH;NEURL4;TTC3;RLIM;MDM2;MDM4;STUB1;TRIP12;BCOR;RNF185;TRIM33,Rpl22l1,rmats,1452,GO_Molecular_Function_2023
Tubulin Binding (GO:0015631),42/322,0.00961946909581431,1.9434042553191488,16.987950525062672,CEP57;GPAA1;FMR1;HTT;BRCA1;CAMSAP1;HDAC6;KIF15;UXT;RACGAP1;HAUS8;KIF3A;MAP4;DLGAP5;GIT1;CLASP1;CDK5RAP2;APPL1;NDEL1;ENKD1;CLASP2;DST;TBCD;MACO1;EML1;EML2;EML4;CCDC88A;RAD51D;TTLL4;KIF18B;CDK5;HOOK2;IFT81;REEP4;ALMS1;TUBGCP6;ARHGEF2;TUBGCP4;GAPDH;CCDC61;MDM1,Rpl22l1,rmats,1452,GO_Molecular_Function_2023
aminoacyl-tRNA Ligase Activity (GO:0004812),10/37,0.01160842104783972,4.757024708481019,39.982201057079365,RARS2;AARS2;SARS2;NARS2;DARS2;TARS2;FARSA;YARS2;CARS2;FARS2,Rpl22l1,rmats,1452,GO_Molecular_Function_2023
tRNA Binding (GO:0000049),12/51,0.01160842104783972,3.95491452991453,33.167260648965154,TRMT10B;DALRD3;SARS2;AARS2;TYW5;ALKBH1;PUS1;DARS2;TRNAU1AP;TRNT1;YARS2;FARS2,Rpl22l1,rmats,1452,GO_Molecular_Function_2023
"Catalytic Activity, Acting On A tRNA (GO:0140101)",10/39,0.016903009358124572,4.428475775981635,35.14647324901157,DUS2;QTRT1;AARS2;TYW5;ALKBH1;TARS2;TRNT1;QRSL1;FTSJ1;DUS3L,Rpl22l1,rmats,1452,GO_Molecular_Function_2023
poly(U) RNA Binding (GO:0008266),7/22,0.02985839964111083,5.985282583621684,43.68361150254119,HNRNPH1;FMR1;PABPC4;RBMS1;HNRNPC;PATL1;DIS3L2,Rpl22l1,rmats,1452,GO_Molecular_Function_2023
Histone H3 Methyltransferase Activity (GO:0140938),9/36,0.0335439435172534,4.278355278355279,30.22166221001162,KMT2E;METTL23;SETD5;SETD3;SETDB1;SUV39H1;NSD2;EHMT1;EZH2,Rpl22l1,rmats,1452,GO_Molecular_Function_2023
Acetylation-Dependent Protein Binding (GO:0140033),7/23,0.0335439435172534,5.610899653979239,39.27513472449243,ZZZ3;ZMYND8;BAZ2A;BRD9;PHIP;SMARCA4;BRD4,Rpl22l1,rmats,1452,GO_Molecular_Function_2023
Lysine-Acetylated Histone Binding (GO:0070577),7/23,0.0335439435172534,5.610899653979239,39.27513472449243,ZZZ3;ZMYND8;BAZ2A;BRD9;PHIP;SMARCA4;BRD4,Rpl22l1,rmats,1452,GO_Molecular_Function_2023
Polyubiquitin Modification-Dependent Protein Binding (GO:0031593),11/53,0.041660721150995,3.3635041802980736,22.43071922463336,RNF31;BAG6;ZRANB1;SHARPIN;ZFAND6;ZFAND2B;RAD23A;EPS15;UBQLN4;HDAC6;RAD18,Rpl22l1,rmats,1452,GO_Molecular_Function_2023
DNA Binding (GO:0003677),85/846,0.041660721150995,1.4533441252269805,9.566123070606015,TOP2A;KDM5A;APP;OGG1;FMR1;PRDM5;HP1BP3;CHD6;BRCA1;SMC6;RBPJ;SNAPC4;DNMT3B;EP300;TRIM26;LRRFIP1;POLE;POLG;RBM6;MORC3;KDM2B;PARP2;DDX11;ATRX;DNTTIP1;RAD23A;ACTN4;SAFB;SIRT3;SUPV3L1;MMS22L;RAD51D;MAU2;SLTM;MSH3;IRF1;MTF2;RBMS1;DNA2;ZMYND11;GLYR1;GTF3C2;BLM;KDM3A;GTF3C4;MYRF;GTF3C5;PNKP;SRRT;RTF1;HIF1A;NR2C1;RAD51AP1;SBNO1;TFPT;RNF138;PCBP2;ZSCAN10;SAFB2;PMS2;PATZ1;DEDD;TCF7L2;POU2F1;ATAD5;CENPX;NFYA;NR1H2;APTX;USF2;PALB2;USF1;FANCG;SMARCA4;CAMSAP3;RAD50;TFAP4;POLR3C;ERCC1;TAF6;TCF3;CRLF3;TARDBP;RAD18;EZH2,Rpl22l1,rmats,1452,GO_Molecular_Function_2023
Single-Stranded DNA Binding (GO:0003697),16/96,0.041660721150995,2.5721448467966574,16.844668538471915,BLM;DDX11;RECQL;RAD23A;SMC6;RTF1;RAD51AP1;MMS22L;RAD51D;MSH3;RNF138;POLR3C;ERCC1;PCBP2;RBMS1;PMS2,Rpl22l1,rmats,1452,GO_Molecular_Function_2023
Protein-Lysine N-methyltransferase Activity (GO:0016279),11/54,0.041660721150995,3.285105627551926,21.378722715313003,SETD5;SETD3;SETDB1;SETD6;SUV39H1;NSD2;EHMT1;VCPKMT;KMT5A;EEF1AKMT2;EZH2,Rpl22l1,rmats,1452,GO_Molecular_Function_2023
Protein Homodimerization Activity (GO:0042803),69/662,0.041660721150995,1.5106283356439736,9.808863428644608,CEP57;TOP2A;DGKD;HIP1;UXS1;FMR1;PDCD6;SPPL2B;YARS2;ZDHHC3;IKBKB;NADK2;TRIM6;EFEMP2;LRRFIP1;APPL1;CDADC1;TYW5;CHUK;MIGA1;DNTTIP1;TSC2;DARS2;ACTN4;TRNT1;CIP2A;QTRT1;SUPV3L1;MSH3;RABL3;TARS2;PRPS2;NAA60;BLM;GTF2A2;CANT1;TIMM9;UBA5;FXR1;NFS1;MTHFD1L;IRAK1;PDCD10;FLNA;PSMF1;RAB11FIP3;CADM1;CHKA;RBPMS;TXNRD2;HPS4;TMEM192;MYO9B;COQ9;USF2;USF1;VEGFA;GSTZ1;CCDC88A;EXT2;TFAP4;XPNPEP1;XPNPEP3;STUB1;HNRNPC;TCF3;FGFR2;MAP3K12;FGFR1,Rpl22l1,rmats,1452,GO_Molecular_Function_2023
Lysine N-methyltransferase Activity (GO:0016278),7/25,0.041660721150995,4.9869281045751634,32.188557643218736,SETD3;SETD6;EHMT1;VCPKMT;KMT5A;EEF1AKMT2;EZH2,Rpl22l1,rmats,1452,GO_Molecular_Function_2023
Poly-Pyrimidine Tract Binding (GO:0008187),7/25,0.041660721150995,4.9869281045751634,32.188557643218736,HNRNPH1;FMR1;PABPC4;RBMS1;HNRNPC;PATL1;DIS3L2,Rpl22l1,rmats,1452,GO_Molecular_Function_2023
Ubiquitin Binding (GO:0043130),14/80,0.0438917801738112,2.726303367471657,17.348006047280236,TOP2A;RNF31;FAF2;RNF19B;RAD23A;RNFT1;SHARPIN;MDM2;MARCHF7;RBCK1;MAP3K7;RNF185;BIRC2;N4BP1,Rpl22l1,rmats,1452,GO_Molecular_Function_2023
Cadherin Binding (GO:0045296),38/319,0.04393002909122191,1.747008813743601,11.049107220973873,MACF1;SRC;CTNND1;CBL;CLINT1;GIGYF2;SLC9A3R2;LIMA1;MPRIP;CALD1;COBLL1;FLNA;FLNB;ERC1;LRRFIP1;ARGLU1;EPS15;MARK2;TMPO;CAST;PTPN1;DBNL;SCRIB;EPS15L1;CIP2A;HCFC1;KTN1;EPN2;ATXN2L;ANLN;MYO1B;PKM;FMNL2;CTTN;ABI1;NUMB;PHLDB2;PICALM,Rpl22l1,rmats,1452,GO_Molecular_Function_2023
Transcription Coregulator Binding (GO:0001221),16/99,0.04708593718812907,2.478773030842031,15.415097688412931,ZBTB17;HDAC5;CCNT2;UBE2I;HDAC3;CHD6;EHMT1;HIF1A;MED6;HDAC6;SMARCA4;CIT;CNOT2;MTF2;EP300;EZH2,Rpl22l1,rmats,1452,GO_Molecular_Function_2023
DNA Metabolic Process (GO:0006259),50/288,2.4397028828366588e-5,2.743679497476594,51.57338125344221,TOP2A;MUS81;TRRAP;OGG1;FMR1;BRCA1;ALKBH1;POLI;POLE;POLG;TOP3B;PARP2;USP3;ACTR5;ATRX;RECQL;REV1;LIG3;GLRX2;UCHL5;SUPV3L1;RAD51D;MSH3;UBE2V2;RBMS1;DNA2;BLM;RNASEH2A;PRIM1;PNKP;TYMS;PDS5A;RAD51AP1;TFPT;ORC1;MUTYH;UVRAG;TCF7L2;INTS3;XRCC3;FANCA;LRWD1;FANCG;RAD50;ERCC1;POLE2;CDK2;PWWP3A;RAD18;RAD9A,Rpl22l1,rmats,1452,GO_Biological_Process_2023
Ubiquitin-Dependent Protein Catabolic Process (GO:0006511),58/367,2.7933113513132845e-5,2.455883513718061,44.12893799498751,RNF13;RNF14;ZFAND2B;RNF19B;FBXO21;RPGR;ANKRD9;NUB1;KAT5;BTRC;RNF111;AREL1;FBXW5;ARRDC1;FBXW11;VPS37C;RAD23A;VPS37A;ARMC8;PPP2R5C;PSMA3;KCTD10;RBCK1;CHMP7;BIRC2;PSMD14;AMBRA1;CBL;BAG6;RMND5B;SHARPIN;PCBP2;ZSWIM8;PSMF1;NAE1;RFFL;UBQLN4;NDFIP2;ZRANB1;UBE2H;UBE2I;SMURF1;RNF25;WWP1;USP28;CHFR;RNF146;SPSB3;COPS3;UBE2W;ITCH;TTC3;RLIM;CHMP2A;MDM2;TRIP12;STUB1;RNF185,Rpl22l1,rmats,1452,GO_Biological_Process_2023
DNA Damage Response (GO:0006974),57/384,2.240768868710165e-4,2.2768011574759135,35.24720282875059,TOP2A;MUS81;ATF2;TRRAP;OGG1;SUV39H1;FMR1;CIB1;SMC6;BRCA1;STK11;KAT5;ALKBH1;TLK2;POLI;PARP2;DDX11;USP3;PRKCD;ATRX;RECQL;VRK1;PPP4R3B;ZDHHC16;FOXP1;RAD51D;MSH3;WAC;CEP63;HDGFL2;BLM;PNKP;HTRA2;PDS5A;RAD51AP1;NAE1;BID;UBQLN4;MAP2K6;MUTYH;UVRAG;CBX5;INTS3;XRCC3;FANCA;USP28;FANCG;MAPK12;RAD50;TTC5;ERCC1;POLE2;PWWP3A;TRIP12;NRDE2;RAD18;RAD9A,Rpl22l1,rmats,1452,GO_Biological_Process_2023
Chromatin Organization (GO:0006325),44/268,2.3883119627012489e-4,2.556361607142857,38.54590366890322,KDM5A;NAA60;HDAC5;KDM5C;PAXIP1;HDAC3;SUV39H1;CHD6;EHMT1;PSIP1;BAZ2A;BAZ2B;ING4;CECR2;TFPT;SART3;BRD9;SUDS3;HMGN2;MTA3;PBRM1;KDM4B;CBX5;KDM2B;DDX11;PCGF2;ACTR5;ATRX;LRWD1;SAFB;UCHL5;HCFC1;SMARCA4;GATAD2A;NAP1L4;COPRS;ZZZ3;MTF2;WAC;PWWP3A;HNRNPC;BCOR;HDGFL2;EZH2,Rpl22l1,rmats,1452,GO_Biological_Process_2023
Non-Membrane-Bounded Organelle Assembly (GO:0140694),28/135,2.3883119627012489e-4,3.3888217998529875,50.301128043517394,HDAC3;FMR1;AUP1;ZFYVE1;CENPA;FXR1;HAUS8;SH3PXD2B;DHX37;G3BP2;UBAP2L;DLGAP5;CENPT;TIA1;DBNL;YTHDF3;PRRC2C;LSM4;PATL1;MRPL22;ATXN2L;NCOR1;TUBGCP6;TUBGCP4;CEP63;LSM14A;CCDC61;SMIM22,Rpl22l1,rmats,1452,GO_Biological_Process_2023
Chromatin Remodeling (GO:0006338),39/228,2.3883119627012489e-4,2.6810793201451375,39.15897884975183,KDM5A;HDAC5;KDM5C;USP15;PAXIP1;HP1BP3;CHD6;PSIP1;BAZ2A;BAZ2B;HDAC6;CECR2;TFPT;SART3;KAT5;BRD9;SUDS3;MTA3;SRPK2;PBRM1;KDM4B;SETDB1;KDM2B;PARP2;PCGF2;USP3;ACTR5;ATRX;UCHL5;HCFC1;SMARCA4;GATAD2A;COPRS;MTF2;WAC;TRIP12;HNRNPC;BCOR;HDGFL2,Rpl22l1,rmats,1452,GO_Biological_Process_2023
DNA Repair (GO:0006281),46/291,2.3883119627012489e-4,2.4441547885156907,35.611222203327245,MUS81;BLM;RNASEH2A;TRRAP;OGG1;FMR1;PNKP;CIB1;BRCA1;PDS5A;RAD51AP1;KAT5;ALKBH1;NSD2;PMS2;POLI;POLE;MUTYH;FANCI;UVRAG;SLC30A9;CENPX;PARP2;INTS3;USP3;ACTR5;EYA3;XRCC3;ATRX;RECQL;FANCA;LIG3;RAD23A;APTX;FANCG;RAD51D;RAD50;FANCD2;MSH3;ERCC1;POLE2;PWWP3A;UBE2V2;DNA2;RAD18;RAD9A,Rpl22l1,rmats,1452,GO_Biological_Process_2023
Histone Modification (GO:0016570),20/81,4.172153721616864e-4,4.2327594102024,58.74467650829578,HDAC5;HDAC3;TRRAP;USP3;JADE1;HDAC6;GATAD2A;ING4;PHF20L1;MBTD1;MORF4L1;MRGBP;KAT5;BRMS1L;TADA3;EP300;DMAP1;SUDS3;MTA3;KAT14,Rpl22l1,rmats,1452,GO_Biological_Process_2023
Protein Ubiquitination (GO:0016567),59/434,8.954880465963369e-4,2.0525618569035653,26.677202796495422,RNF13;RNF14;RNF19B;UBE3A;BRCA1;DDA1;RPGR;ANKRD9;NUB1;TRIM6;TRIM26;BTRC;RNF111;AREL1;FBXW5;ARRDC1;FBXW11;PEX2;TRAF7;KCTD10;UBE2V2;RBCK1;BIRC2;TRIM11;RNF31;CUL5;MGRN1;UBR1;AMBRA1;CBL;RNFT1;UBE2J1;DCAF15;RNF138;VPS11;ZSWIM8;MARCHF8;MARCHF7;NAE1;BRAP;UBE2H;RNF25;SMURF1;FANCA;WWP1;FANCG;CHFR;RNF146;UBE2W;UBOX5;ITCH;RLIM;MDM2;MDM4;STUB1;TRIP12;RNF185;RAD18;TRIM33,Rpl22l1,rmats,1452,GO_Biological_Process_2023
"Regulation Of mRNA Splicing, Via Spliceosome (GO:0048024)",21/94,0.0010357969859213238,3.7139944286493782,47.33897916160609,DDX17;SRPK2;RBM39;RBM25;RBM47;TIA1;RBFOX2;CELF1;SFSWAP;YTHDC1;FMR1;JMJD6;SRRM1;WDR77;SRPK1;RBM3;FXR1;RBM4;SON;TRA2A;SRSF4,Rpl22l1,rmats,1452,GO_Biological_Process_2023
Regulation Of mRNA Processing (GO:0050684),12/35,0.0011290189152323047,6.711956521739131,84.2283850151045,SRPK2;RBM39;TIA1;SON;SLTM;YTHDC1;PAPOLA;SAFB2;SAFB;JMJD6;SRPK1;SRRM1,Rpl22l1,rmats,1452,GO_Biological_Process_2023
Double-Strand Break Repair (GO:0006302),30/168,0.0011290189152323047,2.8144682932795204,35.11783753074552,MUS81;BLM;PSMD14;ZMYND8;PNKP;TONSL;CIB1;SMC6;BRCA1;MBTD1;RAD51AP1;KAT5;RNF138;NSD2;PARP2;INTS3;ACTR5;EYA3;NSMCE2;XRCC3;RECQL;LIG3;PALB2;MORF4L1;MMS22L;RAD51D;RAD50;ERCC1;UBE2V2;DNA2,Rpl22l1,rmats,1452,GO_Biological_Process_2023
Regulation Of Cell Cycle (GO:0051726),44/298,0.0014428507788137607,2.250738188976378,27.351635339824277,TRRAP;SUV39H1;JADE1;TXLNG;HTRA2;BRCA1;MBTD1;ING4;TFPT;STK11;KAT5;AKT2;RPS6KA2;PES1;E4F1;RPRD1B;DMAP1;KAT14;DLGAP5;MAP2K6;SRPK2;NEK9;ZBTB17;ACTR5;TSC2;RAD23A;UCHL5;MAPK12;HCFC1;MORF4L1;ZZZ3;MRGBP;SON;CDK5;IRF1;TADA3;MDM2;TAF6;NF2;TARDBP;FGFR2;BIRC2;CDKN3;SMIM22,Rpl22l1,rmats,1452,GO_Biological_Process_2023
Modification-Dependent Protein Catabolic Process (GO:0019941),32/192,0.002108031335700635,2.5898591549295773,30.29890157733161,PSMD14;RNF13;RNF14;RNF19B;FBXO21;CBL;RPGR;BAG6;NUB1;NAE1;PSMF1;BTRC;RFFL;UBQLN4;NDFIP2;UBE2H;AREL1;UBE2I;ARRDC1;SMURF1;RNF25;CHFR;RNF146;COPS3;ITCH;KCTD10;TTC3;MDM2;RLIM;STUB1;TRIP12;RNF185,Rpl22l1,rmats,1452,GO_Biological_Process_2023
Protein Modification By Small Protein Conjugation (GO:0032446),50/364,0.0023413499492900623,2.070972314346202,23.868137662434645,RNF14;SMC6;BRCA1;RPGR;ANKRD9;NUB1;ZMIZ2;TRIM26;BTRC;RNF111;AREL1;FBXW5;ARRDC1;FBXW11;AKTIP;NSMCE2;TRAF7;KCTD10;UBE2V2;TRIM11;CUL5;MGRN1;URM1;UBA5;DCUN1D1;COPS7B;UBR1;CBL;DCAF15;RNF138;VPS11;ZSWIM8;NAE1;BRAP;RANBP2;UBE2F;UBE2I;SMURF1;RNF25;WWP1;CHFR;COPS3;ITCH;COPS2;RLIM;MDM2;UBA3;MDM4;STUB1;TRIM33,Rpl22l1,rmats,1452,GO_Biological_Process_2023
Internal Peptidyl-Lysine Acetylation (GO:0018393),12/39,0.0026492501852539764,5.716358024691358,64.46085007353125,BAG6;MBTD1;ATAT1;PHF20L1;MORF4L1;MRGBP;KAT5;TRRAP;TADA3;EP300;DMAP1;KAT14,Rpl22l1,rmats,1452,GO_Biological_Process_2023
RNA Metabolic Process (GO:0016070),22/111,0.0026492501852539764,3.1908383751080382,35.79870881975463,DDX17;RBM39;RBFOX2;RNASEH2A;RBPMS;PABPC4;THOC1;NOL9;ATXN2L;RBM3;SUPV3L1;RBM4;RNASEH1;PCBP3;HNRNPH1;ALKBH1;PCBP2;PAPOLA;RBMS1;TENT2;SIDT2;RBM6,Rpl22l1,rmats,1452,GO_Biological_Process_2023
Double-Strand Break Repair Via Homologous Recombination (GO:0000724),22/111,0.0026492501852539764,3.1908383751080382,35.79870881975463,MUS81;BLM;PSMD14;ZMYND8;INTS3;NSMCE2;XRCC3;ATRX;TONSL;RECQL;LIG3;CDC7;SMC6;BRCA1;PALB2;MBTD1;RAD51AP1;MORF4L1;MMS22L;RAD51D;KAT5;RNF138,Rpl22l1,rmats,1452,GO_Biological_Process_2023
Establishment Of Mitotic Spindle Localization (GO:0040001),11/34,0.0031947441589577296,6.148357119150348,67.49617032823717,HDAC3;KAT5;ESPL1;FBXW11;HTT;CENPA;CLASP1;CDK5RAP2;CLASP2;ENKD1;NDEL1,Rpl22l1,rmats,1452,GO_Biological_Process_2023
Protein Modification Process (GO:0036211),82/711,0.0035123450958856398,1.7051257354391747,18.469665199566276,APP;PIGT;SETD3;PTPRS;GPAA1;PDCD6;JADE1;PRKAG2;ILK;STK19;IKBKB;ING4;PPP3CA;STK11;AKT2;TLK2;TLK1;BTRC;SBF1;ILKAP;MORC3;PPP1R12A;TBP;CHUK;STRADA;FBXW11;PRKCD;MINK1;PPP2R5B;ALG3;VRK1;PPP4R3B;PPP2R5C;RABGGTB;JMJD7;PRKAB1;CREB1;SDHAF2;SGK3;ALG10B;BECN1;PRKAA1;PPM1M;ROCK2;PRKCZ;PORCN;IRAK1;RCE1;MAP4K5;LCMT1;MARK2;ATG5;B3GALNT2;PLK4;SRPK2;UBE2F;UVRAG;PTPN1;UBE2I;LIMK2;BRAF;PTPN12;PTPN13;ACVR2B;PTK2;ACVR2A;SRPK1;CLK2;FAM220A;PDP1;CDK5;ATG16L1;COPS2;CDK2;MGAT4B;UBA3;TAF8;COQ8B;MAN2B1;TAF6;MAP3K12;FGFR1,Rpl22l1,rmats,1452,GO_Biological_Process_2023
Mitotic Recombination (GO:0006312),7/14,0.0037608853121356943,12.83114186851211,137.1385138532324,RAD50;RAD51D;MSH3;ERCC1;NSMCE2;XRCC3;SMC6,Rpl22l1,rmats,1452,GO_Biological_Process_2023
Establishment Of Spindle Orientation (GO:0051294),11/35,0.0037608853121356943,5.891857506361323,62.85533032218393,HDAC3;KAT5;FBXW11;HTT;MAP4;CENPA;CLASP1;LLGL1;CDK5RAP2;ENKD1;NDEL1,Rpl22l1,rmats,1452,GO_Biological_Process_2023
Organelle Organization (GO:0006996),54/418,0.004033623828695848,1.9296325991604961,20.364775564664825,USP6NL;ABCD4;PI4K2B;PITPNB;FAF2;MIA3;AUP1;SMPD4;TMED1;SH3D19;DST;PEX2;WDR73;CFAP410;HAX1;TBC1D20;NOA1;PEX6;PHIP;CHMP7;TAFAZZIN;MAPKAP1;HTT;TOR1AIP2;CAMSAP1;CECR2;RHOT2;KIF3A;VPS11;EPS15;CLASP1;CEP78;SEC31A;CLASP2;CENPT;ZRANB1;YTHDF3;ATP8B2;MTX1;NAA10;SEC16A;TRAPPC8;MCOLN1;FANCG;TJAP1;SEC23IP;FMNL2;RAB14;TMEM11;DNAJA3;GOLGB1;RANBP10;CHMP2A;CEP89,Rpl22l1,rmats,1452,GO_Biological_Process_2023
Regulation Of RNA Splicing (GO:0043484),20/102,0.005681263833951858,3.145183267475133,31.982230332513563,SRPK2;RBM39;TIA1;TRRAP;YTHDC1;CELF1;RRP1B;CLK4;PTBP2;JMJD6;SRRM1;CLK2;SRPK1;CLK1;SON;HNRNPH1;ESRP1;TADA3;HNRNPH2;RBM12,Rpl22l1,rmats,1452,GO_Biological_Process_2023
DNA Alkylation (GO:0006305),7/15,0.0057021042609030825,11.226643598615917,113.66027454522565,KMT2E;MTRR;ATRX;DNMT3B;EHMT1;BAZ2A;GATAD2A,Rpl22l1,rmats,1452,GO_Biological_Process_2023
Recombinational Repair (GO:0000725),19/95,0.006108467650010287,3.2226099092812284,32.277960989932325,BLM;PSMD14;ZMYND8;INTS3;NSMCE2;XRCC3;TONSL;RECQL;LIG3;BRCA1;SMC6;PALB2;MBTD1;RAD51AP1;MMS22L;MORF4L1;RAD51D;KAT5;RNF138,Rpl22l1,rmats,1452,GO_Biological_Process_2023
RNA Processing (GO:0006396),29/183,0.007404428065765509,2.4341568480711135,23.820538538139168,PDCD7;CELF1;FASTKD3;NOL9;RNPC3;TENT4B;RBM3;RBM4;RBM6;DDX17;SRPK2;RBM39;RBPMS;PABPC4;THOC1;LSM5;LSM4;SRRM1;SRPK1;SON;PRPF18;HNRNPH1;RBMS1;SRSF4;PPIG;HNRNPC;NRDE2;TARDBP;SLU7,Rpl22l1,rmats,1452,GO_Biological_Process_2023
Histone H4 Acetylation (GO:0043967),11/39,0.008861893007076278,5.04907306434024,48.20534905235592,ING4;MBTD1;MORF4L1;NAA40;MRGBP;KAT5;KANSL1;TRRAP;JADE1;DMAP1;HCFC1,Rpl22l1,rmats,1452,GO_Biological_Process_2023
tRNA Modification (GO:0006400),15/67,0.008861893007076278,3.712863337080456,35.40144421669388,AARS2;ANKRD16;TYW5;PUS1;URM1;WDR4;TRMT1;FTSJ1;DUS2;QTRT1;CTU2;ALKBH1;METTL6;PUSL1;DUS3L,Rpl22l1,rmats,1452,GO_Biological_Process_2023
Histone Acetylation (GO:0016573),14/60,0.009166658775587111,3.915885589889339,37.07206239387325,NAA60;NAA40;TRRAP;PHF20L1;MBTD1;MORF4L1;MRGBP;KAT5;TADA3;EP300;TAF6;DMAP1;MAP3K7;KAT14,Rpl22l1,rmats,1452,GO_Biological_Process_2023
Regulation Of Embryonic Development (GO:0045995),14/62,0.012971018495165795,3.752318034306908,34.097917705046804,ACTR5;EHMT1;UCHL5;BAG6;TFPT;ZZZ3;RACGAP1;RAB14;TADA3;TRIP12;PHLDB2;CLASP1;KAT14;CLASP2,Rpl22l1,rmats,1452,GO_Biological_Process_2023
Proteasomal Protein Catabolic Process (GO:0010498),32/220,0.014329025760406677,2.2007791429427628,19.70983130424559,PSMD14;ZFAND2B;SEL1L;AMBRA1;ANKRD9;BAG6;RMND5B;SHARPIN;KAT5;PCBP2;ZSWIM8;BTRC;SOCS6;RFFL;FBXW5;FBXW11;SMURF1;WWP1;RAD23A;ARMC8;PPP2R5C;SPSB3;UBE2W;PSMA3;ITCH;KCTD10;MDM2;TRIP12;STUB1;RBCK1;RNF185;BIRC2,Rpl22l1,rmats,1452,GO_Biological_Process_2023
Positive Regulation Of Cellular Catabolic Process (GO:0031331),24/146,0.01438853642298596,2.538366166138587,22.64457736856604,APP;BECN1;PTPN1;PRKAA1;PRKCD;NPRL3;AMBRA1;PIK3C2A;GTPBP1;HIF1A;MTDH;SUPV3L1;STK11;TRIM6;ITCH;KAT5;CNOT1;TTC5;AKT2;PHKG2;ZSWIM8;DXO;SH3D19;PNPLA2,Rpl22l1,rmats,1452,GO_Biological_Process_2023
Regulation Of Translation (GO:0006417),30/202,0.014762697976303408,2.253949563340202,19.971266602030493,EIF4A2;APP;POLDIP3;FMR1;NOLC1;MSI1;TYMS;GIGYF2;FXR1;RBM3;RBM4;TCOF1;ALKBH1;MTG2;TIA1;EIF2B2;YTHDF3;NSUN5;UPF3B;CNOT10;LARP4B;CNOT1;GEMIN5;PLXNB2;ZCCHC4;EIF4E2;DUS3L;LSM14A;GAPDH;EIF4G1,Rpl22l1,rmats,1452,GO_Biological_Process_2023
Regulation Of Cilium Assembly (GO:1902017),15/71,0.014762697976303408,3.446913212048911,30.458352051844724,USP6NL;TBC1D19;TBC1D9B;LIMK2;CEP120;HTT;CCDC88A;IFT88;ODF2L;TBC1D20;TBC1D14;ENTR1;TBC1D17;TBC1D22B;ATG5,Rpl22l1,rmats,1452,GO_Biological_Process_2023
Protein Phosphorylation (GO:0006468),59/500,0.015020552503800848,1.73903694045218,15.287747233035274,DDR1;ATF2;APP;PRKAG2;ILK;STK19;IKBKB;STK11;AKT2;TLK2;TLK1;ERC1;MAP3K7;EPHB4;MORC3;TBP;CHUK;STRADA;PRKCD;MINK1;VRK1;PRKAB1;CREB1;SGK3;CAMK1G;BECN1;PRKAA1;USP15;ROCK2;SRC;PRKCZ;IRAK1;MAP4K5;MARK2;PLK4;SRPK2;UVRAG;LIMK2;BRAF;CDC7;CLK4;ACVR2B;PTK2;ACVR2A;MAPK12;SRPK1;CLK2;MAPK13;CLK1;CDK5;COPS2;CDK2;TAF8;COQ8B;ATP13A2;TAF6;FGFR2;MAP3K12;FGFR1,Rpl22l1,rmats,1452,GO_Biological_Process_2023
Protein Transport (GO:0015031),41/313,0.016669935589683587,1.9524013007045482,16.90650838889481,MACF1;PDCD6;SEL1L;MIA2;SNX13;GCC2;MIA3;HIKESHI;HDAC6;RPGR;SCAMP4;ARFRP1;GGA1;KIF3A;TLK1;ARFIP1;TMED1;RAB6A;SEC31A;RAB8B;ACD;ARRDC1;STX8;VPS33A;ASPSCR1;TIMM21;MCOLN1;SCAMP3;SEC23IP;IFT22;CTTN;RAB14;RABL3;CHMP2A;RAB3GAP2;COPG2;PHIP;ARHGEF2;VPS45;SLU7;PHAF1,Rpl22l1,rmats,1452,GO_Biological_Process_2023
tRNA Processing (GO:0008033),12/50,0.017448441692855997,4.059210526315789,34.85655898597678,QTRT1;AARS2;ANKRD16;WDR4;ZBTB8OS;METTL6;TRMT1;TRNT1;TSEN2;FTSJ1;TSEN54;FARS2,Rpl22l1,rmats,1452,GO_Biological_Process_2023
Stress Granule Assembly (GO:0034063),8/24,0.017510034078845486,6.416897506925208,54.843026953867046,ATXN2L;TIA1;YTHDF3;FMR1;G3BP2;PRRC2C;UBAP2L;LSM14A,Rpl22l1,rmats,1452,GO_Biological_Process_2023
Telomere Maintenance Via Recombination (GO:0000722),5/9,0.017510034078845486,16.019350380096753,136.68049473965633,RAD50;RAD51D;NSMCE2;XRCC3;SMC6,Rpl22l1,rmats,1452,GO_Biological_Process_2023
Cellular Response To Misfolded Protein (GO:0071218),7/19,0.021023002662980968,7.482814302191465,62.29200726308893,BAG6;UBE2W;STUB1;AUP1;RNF185;UGGT1;DNAJC18,Rpl22l1,rmats,1452,GO_Biological_Process_2023
Proteasome-Mediated Ubiquitin-Dependent Protein Catabolic Process (GO:0043161),41/319,0.022058384636656207,1.9096360048743428,15.759277274844935,CUL5;PSMD14;FAF2;ZFAND2B;SEL1L;LTN1;AUP1;UBR1;AMBRA1;USP19;UBE2J1;ANKRD9;BAG6;FBXL20;RMND5B;AMN1;SHARPIN;KAT5;PCBP2;ZSWIM8;BTRC;RFFL;FBXW5;FBXW11;RHBDD2;SMURF1;WWP1;RAD23A;ARMC8;PPP2R5C;SPSB3;UBE2W;PSMA3;ITCH;KCTD10;MDM2;TRIP12;STUB1;RBCK1;RNF185;BIRC2,Rpl22l1,rmats,1452,GO_Biological_Process_2023
protein-DNA Complex Organization (GO:0071824),13/60,0.025190963881218466,3.5561486256709003,28.7912199187788,HDAC5;HDAC3;CBX5;SUV39H1;ATRX;EHMT1;LRWD1;SAFB;ZZZ3;MTF2;PWWP3A;HMGN2;EZH2,Rpl22l1,rmats,1452,GO_Biological_Process_2023
DNA Methylation (GO:0006306),7/20,0.02791527736598243,6.906840564280011,54.9669144423638,KMT2E;MTRR;ATRX;DNMT3B;EHMT1;BAZ2A;GATAD2A,Rpl22l1,rmats,1452,GO_Biological_Process_2023
Replication Fork Processing (GO:0031297),11/46,0.02791527736598243,4.03773173391494,32.07351445530038,MUS81;MMS22L;BLM;RAD50;CENPX;DDX11;ATRX;TONSL;THOC1;BRCA1;DNA2,Rpl22l1,rmats,1452,GO_Biological_Process_2023
Positive Regulation Of Amide Metabolic Process (GO:0034250),16/85,0.02791527736598243,2.983973194461265,23.651121065976977,YTHDF3;NSUN5;SPHK2;POLDIP3;ROCK2;FMR1;PRKCD;UPF3B;LARP4B;PLA2G6;SIRT3;RBM3;FXR1;PLXNB2;ZCCHC4;PICALM,Rpl22l1,rmats,1452,GO_Biological_Process_2023
Mitotic Sister Chromatid Segregation (GO:0000070),19/111,0.028387001955261813,2.6598501168117963,20.939700670437166,BECN1;PINX1;SPICE1;WAPL;EML4;STAG1;KIF18B;ESPL1;CHMP2A;FLNA;KMT5A;NCAPD3;LSM14A;CHMP7;DLGAP5;CLASP1;CCDC61;DIS3L2;CLASP2,Rpl22l1,rmats,1452,GO_Biological_Process_2023
Intracellular Protein Transport (GO:0006886),41/325,0.028387001955261813,1.8686776933749913,14.691574809990595,PDCD6;COX18;SNX13;HIKESHI;HDAC6;RPGR;ARFRP1;GGA1;XPO4;AKT2;TLK1;ARFIP1;NUP88;TMED1;RAB6A;SEC31A;APPL1;ACD;NUP155;STRADA;SMURF1;STX8;VPS33A;SEC16A;ASPSCR1;HPS4;VPS37C;TSC2;VPS37A;TIMM21;CAMSAP3;SEC23IP;IFT22;CTTN;RAB14;RABL3;RAB3GAP2;PHIP;ARHGEF2;VPS45;SLU7,Rpl22l1,rmats,1452,GO_Biological_Process_2023
Regulation Of DNA Repair (GO:0006282),21/129,0.028387001955261813,2.50562931904651,19.659453179607258,PBRM1;TMEM161A;TRRAP;EYA2;ACTR5;EYA3;PPP4R3B;BRCA1;UCHL5;SMARCA4;MBTD1;MORF4L1;TFPT;MRGBP;KAT5;TADA3;UBE2V2;USP1;TAF6;TRIP12;DMAP1,Rpl22l1,rmats,1452,GO_Biological_Process_2023
Protein Deacetylation (GO:0006476),10/40,0.03170604137015749,4.280628756356911,33.026486465023574,HDAC5;MORF4L1;HDAC3;BRMS1L;FLNA;SUDS3;MTA3;HDAC6;GATAD2A;SIRT3,Rpl22l1,rmats,1452,GO_Biological_Process_2023
Protein Quality Control For Misfolded Or Incompletely Synthesized Proteins (GO:0006515),8/27,0.03294403039069245,5.402828400641493,41.26578667310979,BAG6;UBE2W;STUB1;AUP1;OMA1;UGGT1;RNF185;HDAC6,Rpl22l1,rmats,1452,GO_Biological_Process_2023
Regulation Of Androgen Receptor Signaling Pathway (GO:0060765),8/27,0.03294403039069245,5.402828400641493,41.26578667310979,NCOR2;NCOR1;RNF14;SAFB2;EP300;HDAC6;FOXP1;SMARCA4,Rpl22l1,rmats,1452,GO_Biological_Process_2023
Histone H2A Acetylation (GO:0043968),7/21,0.032994888401358856,6.4131487889273355,48.85037198468057,MBTD1;MORF4L1;NAA40;MRGBP;KAT5;TRRAP;DMAP1,Rpl22l1,rmats,1452,GO_Biological_Process_2023
Regulation Of Microtubule-Based Process (GO:0032886),10/41,0.036329751568821164,4.142320254127332,31.07669961976077,CAMSAP3;MACF1;PRKAA1;CDK2AP2;MEMO1;PHLDB2;HDAC6;CLASP1;MARK2;CLASP2,Rpl22l1,rmats,1452,GO_Biological_Process_2023
"mRNA Splicing, Via Spliceosome (GO:0000398)",29/211,0.04273777356360355,2.0565358745260363,15.013020622199427,YTHDC1;WDR83;RNPC3;RBM4;SART3;TGS1;TRA2A;RALY;RBM6;DDX17;SRPK2;PRPF40B;LSM5;LSM4;DNAJC17;SRRM1;WDR77;SRPK1;LSM2;HNRNPM;LSM7;HNRNPH1;SYF2;RSRP1;GEMIN5;SRSF4;HNRNPC;GEMIN8;SLU7,Rpl22l1,rmats,1452,GO_Biological_Process_2023
Protein Neddylation (GO:0045116),7/22,0.04273777356360355,5.985282583621684,43.68361150254119,UBE2F;COPS3;COPS2;DCUN1D1;UBA3;COPS7B;NAE1,Rpl22l1,rmats,1452,GO_Biological_Process_2023
tRNA Aminoacylation For Protein Translation (GO:0006418),9/35,0.04273777356360355,4.443147289301136,32.37157682039219,RARS2;AARS2;SARS2;NARS2;DARS2;TARS2;FARSA;CARS2;FARS2,Rpl22l1,rmats,1452,GO_Biological_Process_2023
Cardiolipin Biosynthetic Process (GO:0032049),4/7,0.04590311996243219,17.076427255985266,121.55410113624367,PGS1;SLC27A1;TAFAZZIN;PLA2G6,Rpl22l1,rmats,1452,GO_Biological_Process_2023
Negative Regulation Of RNA Catabolic Process (GO:1902369),4/7,0.04590311996243219,17.076427255985266,121.55410113624367,TNIP1;TENT2;NRDE2;ZCCHC17,Rpl22l1,rmats,1452,GO_Biological_Process_2023
tRNA Aminoacylation For Mitochondrial Protein Translation (GO:0070127),4/7,0.04590311996243219,17.076427255985266,121.55410113624367,SARS2;DARS2;TARS2;YARS2,Rpl22l1,rmats,1452,GO_Biological_Process_2023
Establishment Of Mitotic Spindle Orientation (GO:0000132),8/29,0.04590311996243219,4.887745679989448,34.74625717185763,HDAC3;KAT5;FBXW11;HTT;CENPA;CDK5RAP2;ENKD1;NDEL1,Rpl22l1,rmats,1452,GO_Biological_Process_2023
Regulation Of Organelle Organization (GO:0033043),17/100,0.04590311996243219,2.6355316737332606,18.727166174481656,USP6NL;SLC30A9;ACTR5;PTK2;UCHL5;PARL;CAMSAP3;TFPT;PDCD10;AKAP9;VPS11;EP300;PLXNB1;ATP13A2;NF2;MARK2;ATG5,Rpl22l1,rmats,1452,GO_Biological_Process_2023
DNA-templated DNA Replication Maintenance Of Fidelity (GO:0045005),10/43,0.04590311996243219,3.890850250073551,27.61900381792232,MUS81;CAMSAP3;MMS22L;BLM;CENPX;DDX11;ATRX;TONSL;THOC1;POLE,Rpl22l1,rmats,1452,GO_Biological_Process_2023
Intracellular Steroid Hormone Receptor Signaling Pathway (GO:0030518),10/43,0.04590311996243219,3.890850250073551,27.61900381792232,DDX17;KDM3A;RBFOX2;RNF14;SRC;NCOA4;TADA3;UBE3A;SAFB;PLPP1,Rpl22l1,rmats,1452,GO_Biological_Process_2023
Negative Regulation Of Protein Depolymerization (GO:1901880),7/23,0.04988326622516953,5.610899653979239,39.27513472449243,LIMA1;MID1IP1;CKAP2;CIB1;ARHGEF2;CLASP1;CLASP2,Rpl22l1,rmats,1452,GO_Biological_Process_2023
Intracellular Membrane-Bounded Organelle (GO:0043231),517/5175,3.3660686063406006e-15,1.64885206981032,64.5346873658533,ATF2;TRRAP;ITSN1;EHMT1;SMC6;RBPJ;ALKBH6;GPATCH8;SCP2;ALKBH1;AKT2;ZMIZ2;ANKFY1;RNF111;DDX17;HES6;RBFOX2;DDX11;PRKCD;DNTTIP1;RFX1;ARMC8;PRKAB1;SCAMP3;MED6;HCFC1;WDR77;SRCAP;SDR39U1;COPS7B;BAZ2A;BAZ2B;RNPC3;HIF1A;MTDH;PRDX5;ZSCAN10;PUSL1;KAT14;NDFIP2;TIPARP;UPF3B;TMEM192;CDC7;BRAF;CDC6;FAM220A;MLLT10;FIBP;HNRNPM;OGDH;GTF2IRD1;HNRNPC;PPT2;PKIG;RAD18;EZH2;PSME3IP1;PHF3;CEP57;SETD5;OGG1;SETD6;TDRP;OSBPL11;MED15;CLINT1;ING4;MED14;NELFB;GPRASP1;DLGAP5;APPL1;SPHK2;SIRT3;NCOR2;MED22;PSMA3;NCOR1;MED20;MTF2;MYRF;URM1;HTT;CCNDBP1;CENPA;WDR24;GGA1;BTAF1;RNF138;NSD2;USP1;PMS2;FLNA;BRD9;NKTR;BRD4;TRMT10B;ATAD5;PCGF5;NR1H2;PCGF2;YLPM1;TRMT1;RRP1B;SCAF4;GATAD2A;RNF146;SNX14;PWWP3A;RLIM;ZYX;MITD1;CRLF3;EEF1AKMT2;CDKN3;CCNT2;DGKD;PDCD6;FMR1;CTNND1;UBP1;STK19;HIKESHI;RPL10A;STK11;GRB14;PAPOLA;KMT5A;HMGN2;MAP3K7;TLE3;TLE1;USP4;USP3;IPMK;THOC1;VRK1;CDC25C;DGKZ;THOC7;FOXP1;MSH3;SRSF4;PHIP;KMT2E;BLM;ANKRD16;BCL2L12;BAG6;RAD51AP1;SBNO1;ORC1;SAFB2;KHDC4;NAE1;MAP2K7;OSBPL9;TIA1;STYX;FANCA;RFXANK;LSM5;PALB2;LSM4;LSM2;COPRS;COPS3;LSM7;UBOX5;CDK5;MOB2;COPS2;CNOT2;TADA3;CDK2;MDM2;PIR;MDM4;NF2;OSBPL1A;NIT1;MDM1;EIF4G1;RAD9A;RNF13;CELF1;RNF14;FHL1;WDR4;CEP164;UFSP2;PIK3C2A;RESF1;SART3;SIN3A;PPP6R3;DNMT3B;TLK2;TLK1;ILKAP;CDADC1;DST;ACTR5;ATRX;RAD23A;VPS37A;PTBP2;METTL23;MMS22L;TRAF7;NPEPL1;PKM;TFDP2;ESPL1;SYF2;ESRP1;LANCL2;GAPDH;BIRC2;HDAC5;PRKAA1;GTF2A2;HDAC3;PPM1M;MGRN1;LENG8;AMBRA1;HDAC6;CECR2;NFS1;DRAM2;E2F6;UBQLN4;CIZ1;SMOX;RNF25;PTPN12;MCOLN1;PTPN13;RAD50;RAB14;DOLPP1;DNAJA3;STUB1;BCOR;PFKM;SPG21;TRIM33;TNRC6A;PANK4;PANK2;ZMYND8;PPAN;CCNC;UXT;TIAL1;KAT5;RPS6KA2;CPNE1;UBAP2L;TMPO;ESCO1;SLC35C2;NSMCE2;IFRD1;RECQL;HNF1B;ACTN4;JMJD7;JMJD8;SRRM1;JMJD6;RRAGB;AKAP9;DXO;DNA2;ANKRA2;GGNBP2;PAXIP1;DCUN1D1;GMCL1;UBE2J1;FXR1;DHX30;DGUOK;RACGAP1;PCBP3;ZNHIT6;PCBP2;DPH3;ATP6V0A2;PATZ1;RAB11FIP3;N4BP1;SEC31A;SRPK2;ZRANB1;RABGAP1L;SETDB1;INTS3;XRCC3;INTS2;MEMO1;WAPL;PTK2;SMARCA4;SRPK1;STAG1;GOLGB1;TOP2A;SLC35F6;INTS14;HIP1;SUV39H1;ZBTB8OS;MIA3;BRCA1;N4BP2L2;ZMYM2;XPO4;SUFU;CTSC;GABPA;TOP3B;PBRM1;DBNL;STRADA;PARP2;PABPC4;NCOA4;PPRC1;UCHL5;MLF2;RAD51D;PRPF18;CTTN;SLTM;HNRNPH1;WAC;HNRNPH2;SLU7;SLC66A1;AKAP8;NOL9;TYMS;MARCHF7;APBB2;METTL6;EPS15;RANBP2;MYEF2;NFYA;YIPF3;APTX;SEC23IP;ITCH;MIS18A;TFAP4;TTC3;TACC3;TRIP10;TRIP12;TARDBP;CRTC2;MIDN;PRDM4;PRDM5;JADE1;INPPL1;CIB1;EP300;MORC3;SLC30A9;KDM2B;FBXW11;PUS1;TSC2;NOSIP;LIG3;TRNT1;CFAP410;MAU2;CCNE2;FANCD2;UBE2V2;GEMIN5;PPIG;GEMIN8;HDGFL2;PSMD10;PSMD14;YTHDC1;UBA5;PSEN2;ARHGAP19;HTRA2;PDS5A;IRAK1;DEAF1;TBC1D14;RPRD1B;SUDS3;DMAP1;ZC3H13;UBE2F;CPSF4;UBE2H;UBE2I;CBX5;POU2F1;PHF12;ASPSCR1;MACO1;CLK4;BLTP1;CLK2;CLK1;UBE2W;KIF18B;HOOK2;RSRP1;UBA3;MAN2B1;TCF3;FGFR2;PICALM;FGFR1;RERE;MUS81;KDM5A;KDM5C;EDA;RBM26;NAA40;HP1BP3;DDX42;CHD6;PSIP1;RABEPK;YBX3;RBM3;SENP6;RBM4;SNAPC4;GUSB;POLE;POLG;RBM6;SUN1;USP48;TBP;AKTIP;DCXR;PPP2R5B;PEX2;GLRX2;PPP2R5C;TRNAU1AP;SAFB;EPN2;SUPV3L1;ELF2;CREB1;IRF1;RBMS1;ZMYND11;ITGB3BP;LAMA5;VAC14;RBM47;KDM3A;USP15;POLDIP3;PNKP;DCTN4;MAT2B;CLCN3;UACA;RMND5B;TFPT;MAPK7;TAF1B;TGS1;TRA2A;RALY;MTA3;SMNDC1;S100PBP;MUTYH;TCF7L2;KDM4B;NAA10;EYA2;SWT1;EYA3;LIMK2;LRWD1;USP28;USF2;USF1;U2SURP;CHFR;MAPK12;MAPK13;NAP1L4;WEE1;KANSL1;POLE2;BRMS1L;TAF8;CDK2AP2;ACIN1;TAF6;RGS12;NRDE2;SSBP4,Rpl22l1,rmats,1452,GO_Cellular_Component_2023
Nucleus (GO:0005634),451/4487,3.0107142343377866e-13,1.6200132870103137,55.003358926371234,ATF2;TRRAP;EHMT1;SMC6;RBPJ;ALKBH6;GPATCH8;ALKBH1;AKT2;ZMIZ2;RNF111;DDX17;HES6;RBFOX2;DDX11;PRKCD;DNTTIP1;ARMC8;PRKAB1;MED6;HCFC1;WDR77;SRCAP;SDR39U1;COPS7B;BAZ2A;BAZ2B;RNPC3;HIF1A;MTDH;PRDX5;ZSCAN10;KAT14;TIPARP;UPF3B;TMEM192;CDC7;CDC6;FAM220A;MLLT10;FIBP;HNRNPM;OGDH;GTF2IRD1;HNRNPC;PKIG;RAD18;EZH2;PSME3IP1;PHF3;CEP57;SETD5;OGG1;SETD6;TDRP;MED15;ING4;MED14;NELFB;GPRASP1;DLGAP5;APPL1;SPHK2;SIRT3;NCOR2;MED22;PSMA3;NCOR1;MED20;MTF2;MYRF;URM1;HTT;CCNDBP1;CENPA;RNF138;NSD2;USP1;PMS2;FLNA;BRD9;NKTR;BRD4;TRMT10B;ATAD5;PCGF5;NR1H2;PCGF2;YLPM1;TRMT1;RRP1B;SCAF4;GATAD2A;RNF146;PWWP3A;RLIM;ZYX;CRLF3;EEF1AKMT2;CDKN3;CCNT2;DGKD;PDCD6;FMR1;CTNND1;UBP1;STK19;HIKESHI;RPL10A;STK11;PAPOLA;KMT5A;HMGN2;MAP3K7;TLE3;TLE1;USP4;USP3;IPMK;THOC1;VRK1;CDC25C;DGKZ;THOC7;FOXP1;MSH3;SRSF4;PHIP;KMT2E;BLM;ANKRD16;BCL2L12;BAG6;RAD51AP1;SBNO1;ORC1;SAFB2;KHDC4;NAE1;MAP2K7;TIA1;STYX;FANCA;RFXANK;LSM5;PALB2;LSM4;LSM2;COPRS;COPS3;LSM7;UBOX5;CDK5;MOB2;COPS2;CNOT2;TADA3;CDK2;MDM2;PIR;MDM4;NF2;NIT1;MDM1;EIF4G1;RAD9A;CELF1;RNF14;FHL1;WDR4;UFSP2;RESF1;SART3;SIN3A;PPP6R3;DNMT3B;TLK2;TLK1;ILKAP;CDADC1;DST;ACTR5;ATRX;RAD23A;PTBP2;METTL23;MMS22L;NPEPL1;PKM;TFDP2;ESPL1;SYF2;ESRP1;LANCL2;GAPDH;BIRC2;HDAC5;PRKAA1;GTF2A2;HDAC3;PPM1M;MGRN1;LENG8;AMBRA1;HDAC6;CECR2;NFS1;HAUS8;E2F6;UBQLN4;CIZ1;RNF25;PTPN12;PTPN13;RAD50;STUB1;BCOR;PFKM;TRIM33;PANK4;PANK2;ZMYND8;PPAN;CCNC;UXT;TIAL1;KAT5;RPS6KA2;CPNE1;UBAP2L;TMPO;ESCO1;NSMCE2;IFRD1;RECQL;HNF1B;ACTN4;JMJD7;JMJD8;SRRM1;JMJD6;RRAGB;DXO;DNA2;ANKRA2;GGNBP2;PAXIP1;DCUN1D1;GMCL1;UBE2J1;FXR1;DHX30;DGUOK;RACGAP1;PCBP3;ZNHIT6;PCBP2;DPH3;PATZ1;N4BP1;SRPK2;ZRANB1;RABGAP1L;SETDB1;INTS3;XRCC3;INTS2;MEMO1;WAPL;PTK2;SMARCA4;SRPK1;STAG1;TOP2A;INTS14;HIP1;SUV39H1;ZBTB8OS;BRCA1;N4BP2L2;ZMYM2;XPO4;SUFU;GABPA;TOP3B;PBRM1;STRADA;PARP2;PABPC4;NCOA4;PPRC1;UCHL5;MLF2;RAD51D;PRPF18;SLTM;HNRNPH1;WAC;HNRNPH2;SLU7;AKAP8;NOL9;TYMS;MARCHF7;APBB2;METTL6;RANBP2;MYEF2;NFYA;APTX;MIS18A;TFAP4;TTC3;TRIP12;TARDBP;CRTC2;MIDN;PRDM4;PRDM5;JADE1;INPPL1;CIB1;EP300;MORC3;SLC30A9;KDM2B;FBXW11;PUS1;TSC2;NOSIP;LIG3;TRNT1;MAU2;CCNE2;FANCD2;UBE2V2;GEMIN5;PPIG;GEMIN8;HDGFL2;PSMD10;PSMD14;YTHDC1;PSEN2;HTRA2;PDS5A;IRAK1;DEAF1;RPRD1B;SUDS3;DMAP1;ZC3H13;UBE2F;UBE2H;UBE2I;CBX5;POU2F1;PHF12;ASPSCR1;MACO1;CLK4;BLTP1;CLK2;CLK1;UBE2W;KIF18B;RSRP1;UBA3;TCF3;FGFR2;PICALM;FGFR1;RERE;MUS81;KDM5A;KDM5C;RBM26;NAA40;HP1BP3;DDX42;CHD6;PSIP1;YBX3;RBM3;SENP6;RBM4;SNAPC4;POLE;RBM6;USP48;TBP;AKTIP;DCXR;PPP2R5B;GLRX2;PPP2R5C;TRNAU1AP;SAFB;SUPV3L1;ELF2;CREB1;IRF1;RBMS1;ZMYND11;ITGB3BP;LAMA5;RBM47;KDM3A;USP15;POLDIP3;PNKP;DCTN4;MAT2B;UACA;RMND5B;TFPT;MAPK7;TAF1B;TGS1;TRA2A;RALY;MTA3;SMNDC1;S100PBP;MUTYH;TCF7L2;KDM4B;NAA10;EYA2;SWT1;EYA3;LIMK2;LRWD1;USP28;USF2;USF1;U2SURP;CHFR;MAPK12;MAPK13;NAP1L4;WEE1;KANSL1;BRMS1L;TAF8;CDK2AP2;ACIN1;TAF6;RGS12;NRDE2;SSBP4,Rpl22l1,rmats,1452,GO_Cellular_Component_2023
Mitotic Spindle (GO:0072686),28/143,1.362785962402367e-4,3.1517098192476793,42.91471311201047,HDAC3;EPB41;TAF1D;RACGAP1;HAUS8;MAP4;KAT14;DLGAP5;CLASP1;CLASP2;IQCB1;LIMK2;CKAP2;CDC7;CDC6;EML1;EML2;WAPL;EML4;ATAT1;KIF18B;ZZZ3;NCOR1;ESPL1;TFDP2;TADA3;TACC3;LSM14A,Rpl22l1,rmats,1452,GO_Cellular_Component_2023
Intracellular Non-Membrane-Bounded Organelle (GO:0043232),125/1195,0.001568671642377339,1.5386755312031213,16.74904058254586,FMR1;ZMYND8;SPPL2B;PRDM5;HJURP;AUP1;RBPJ;ZFYVE1;UXT;NUB1;KAT5;CSPP1;CDK5RAP2;MAGI1;SLC30A9;ESCO1;DIMT1;DDX11;DNTTIP1;SPICE1;RECQL;VRK1;LARP4B;JMJD6;FANCD2;AKAP9;LLGL1;PSMD10;MACF1;BLM;EPB41;ZCCHC9;HTRA2;NOLC1;BAZ2A;SPATA5;PDS5A;RRP7A;RAD51AP1;FXR1;SYCE2;RACGAP1;IRAK1;CALD1;EPB41L3;DHX37;UTP20;N4BP1;PLK4;SRPK2;CBX5;ATP8B2;UPF3B;CDC6;PTK2;WAPL;FANCG;SMARCA4;WDR55;ABTB1;STAG1;GNL3L;ZZZ3;MOB2;MDM2;CEP85;NF2;ZCCHC4;TOP2A;EDA;HIP1;SUV39H1;HP1BP3;PINX1;FAF2;BRCA1;TENT4B;RBM4;EPB41L4A;SH3PXD2B;LRRFIP1;RBM34;SPG11;CCT3;PPP1R12A;DBNL;NSUN5;PARP2;URB2;ZFX;LSS;UCHL5;TRAF7;SDHAF2;CTTN;PLIN2;ARHGEF2;LDAH;GAPDH;KANK1;ROCK2;PNKP;AKAP8;NOL9;AMBRA1;TAF1D;TCOF1;TAF1B;TAF1C;PES1;TRA2A;FLNA;DEDD;MYO10;NAA10;KRR1;LRWD1;RRP1B;APTX;WEE1;TTC3;RGS12;TARDBP;NRDE2;PNPLA2,Rpl22l1,rmats,1452,GO_Cellular_Component_2023
Cytoplasmic Stress Granule (GO:0010494),17/76,0.0016533576800015013,3.7124313470737613,39.38755907993454,TIA1;STAU1;RBPMS;YTHDF3;CELF1;FMR1;PABPC4;LARP4B;GIGYF2;TIAL1;ATXN2L;FXR1;RBM4;ZNFX1;G3BP2;LSM14A;EIF4G1,Rpl22l1,rmats,1452,GO_Cellular_Component_2023
Nuclear Chromosome (GO:0000228),19/95,0.002494362551879494,3.2226099092812284,32.277960989932325,TOP2A;PBRM1;BLM;SRCAP;TRRAP;SUV39H1;ACTR5;PHF12;PINX1;UCHL5;TFPT;RAD50;KAT5;BRMS1L;RGS12;DMAP1;SUDS3;NCAPD3;BRD4,Rpl22l1,rmats,1452,GO_Cellular_Component_2023
Spindle (GO:0005819),31/210,0.00593801016441703,2.2387216493224145,20.136409269968933,HDAC3;EPB41;PINX1;SPATA5;TAF1D;RACGAP1;KIF3A;CSPP1;MAP4;KAT14;DLGAP5;CLASP1;CLASP2;IQCB1;LIMK2;SPICE1;CKAP2;CDC7;CDC6;EML1;EML2;WAPL;EML4;ATAT1;ZZZ3;NCOR1;ESPL1;TFDP2;TADA3;TACC3;LSM14A,Rpl22l1,rmats,1452,GO_Cellular_Component_2023
Clathrin Coat (GO:0030118),6/16,0.025749889891687753,7.692116182572614,56.875614113412816,EPS15L1;CLINT1;EPS15;EPN1;EPN2;PICALM,Rpl22l1,rmats,1452,GO_Cellular_Component_2023
U6 snRNP (GO:0005688),4/7,0.030157136925263534,17.076427255985266,121.55410113624367,LSM7;LSM5;LSM4;LSM2,Rpl22l1,rmats,1452,GO_Cellular_Component_2023
Lysosome (GO:0005764),56/503,0.031022101970213732,1.624417479151042,11.34590762536588,ABCD4;SLC35F6;RNF13;SPPL2B;RNF19B;USE1;TIAL1;PIP4P1;FLOT1;ANKFY1;ACP2;GUSB;SLC37A3;SPG11;CTSC;SRGN;SPHK2;USP4;VPS33A;PRKCD;TSC2;SLC39A14;ITFG2;RRAGB;SPNS1;PHIP;CHMP7;SIDT2;SRC;SLC66A1;NPRL3;PSEN2;CLCN3;WDR24;AP3M1;AP5M1;RPS6KC1;VPS11;ATP6V0A2;MARCHF8;DRAM2;RFFL;VPS16;UVRAG;HPS1;HPS4;TMEM192;MCOLN1;RAB14;SNX14;CHMP2A;TPP1;MAN2B1;ATP13A2;PPT2;AGRN,Rpl22l1,rmats,1452,GO_Cellular_Component_2023
INO80-type Complex (GO:0097346),7/25,0.039698291607347544,4.9869281045751634,32.188557643218736,TFPT;SRCAP;KAT5;TRRAP;ACTR5;DMAP1;UCHL5,Rpl22l1,rmats,1452,GO_Cellular_Component_2023
Nuclear Lumen (GO:0031981),79/780,0.039698291607347544,1.4648857682241476,9.416429151742992,TOP2A;SUV39H1;FMR1;ZMYND8;SPPL2B;PRDM5;PINX1;HJURP;RBPJ;TENT4B;RBM4;NUB1;KAT5;RBM34;SPG11;MAGI1;PBRM1;PPP1R12A;NSUN5;DIMT1;PARP2;DDX11;DNTTIP1;VRK1;URB2;LARP4B;ZFX;UCHL5;JMJD6;TRAF7;SDHAF2;FANCD2;BLM;PNKP;ZCCHC9;AKAP8;NOLC1;BAZ2A;NOL9;RRP7A;FXR1;TAF1D;TCOF1;TAF1B;TAF1C;PES1;TRA2A;DHX37;FLNA;UTP20;N4BP1;DEDD;PLK4;SRPK2;CBX5;MYO10;NAA10;ATP8B2;KRR1;UPF3B;LRWD1;CDC6;RRP1B;APTX;FANCG;SMARCA4;WDR55;ABTB1;WEE1;GNL3L;ZZZ3;MOB2;TTC3;MDM2;RGS12;CEP85;NF2;NRDE2;ZCCHC4,Rpl22l1,rmats,1452,GO_Cellular_Component_2023
Lytic Vacuole (GO:0000323),29/223,0.039698291607347544,1.9280668835261645,12.385002419842271,SRC;USE1;TIAL1;AP3M1;AP5M1;RPS6KC1;VPS11;MARCHF8;ACP2;DRAM2;RFFL;CTSC;VPS16;UVRAG;USP4;VPS33A;HPS1;HPS4;TMEM192;TSC2;MCOLN1;RAB14;RRAGB;SNX14;MAN2B1;TPP1;ATP13A2;PPT2;SIDT2,Rpl22l1,rmats,1452,GO_Cellular_Component_2023
Chromosome (GO:0005694),23/164,0.039698291607347544,2.1011618500265525,13.315386451074373,TOP2A;BLM;PBRM1;ESCO1;KRR1;FMR1;HP1BP3;PINX1;DNTTIP1;RECQL;SMC6;BRCA1;RRP1B;PDS5A;ZFX;WAPL;RAD51AP1;SYCE2;STAG1;FANCD2;PES1;KMT5A;RBM34,Rpl22l1,rmats,1452,GO_Cellular_Component_2023
Nucleolus (GO:0005730),78/771,0.039698291607347544,1.4626300434160697,9.262144907168919,TOP2A;SUV39H1;FMR1;ZMYND8;SPPL2B;PRDM5;PINX1;HJURP;RBPJ;TENT4B;RBM4;NUB1;KAT5;RBM34;SPG11;MAGI1;PPP1R12A;NSUN5;DIMT1;PARP2;DDX11;DNTTIP1;VRK1;URB2;LARP4B;ZFX;UCHL5;JMJD6;TRAF7;SDHAF2;FANCD2;BLM;PNKP;ZCCHC9;AKAP8;NOLC1;BAZ2A;NOL9;RRP7A;FXR1;TAF1D;TCOF1;TAF1B;TAF1C;PES1;TRA2A;DHX37;FLNA;UTP20;N4BP1;DEDD;PLK4;SRPK2;CBX5;MYO10;NAA10;ATP8B2;KRR1;UPF3B;LRWD1;CDC6;RRP1B;APTX;FANCG;SMARCA4;WDR55;ABTB1;WEE1;GNL3L;ZZZ3;MOB2;TTC3;MDM2;RGS12;CEP85;NF2;NRDE2;ZCCHC4,Rpl22l1,rmats,1452,GO_Cellular_Component_2023
RNA Binding (GO:0003723),188/1411,4.73855681527482e-15,2.1638041883101597,85.37373828361365,EIF4A2;OTUD4;DBR1;RPL3;TFRC;FMR1;SPPL2B;NUDT1;CASC3;MKI67;TIAL1;PSMD4;KHSRP;NUSAP1;FBRSL1;LUC7L;UBAP2L;MTPAP;HMGN2;AGFG1;CAST;DDX17;RARS2;RBFOX2;TYW5;DIMT1;SECISBP2;ACTN1;DDX11;PUS1;ALG13;NOSIP;LARP4B;GTPBP1;GTPBP4;JMJD6;SRRM1;ATXN2L;ILF3;DKC1;ZC3H11A;DUS3L;ANKRD17;ZCCHC8;AARS2;YTHDC1;PRKDC;MAZ;NOLC1;GSPT1;RTN4;MTDH;DHX30;HNRNPDL;DHX33;PCBP3;ERI3;PCBP2;G3BP2;SERPINH1;SAFB2;KHDC4;UTP20;RBM10;MARK2;TOE1;SRPK2;CPSF4;PRPF38B;TIA1;CHTOP;RCC2;HMGA1;KNOP1;LARP7;MRPL28;UPF3B;HELZ;LSM5;PUM1;CLK3;PRRC2B;PRRC2A;PUM2;SRPK1;SETX;HNRNPL;MOV10;LSM7;TBL2;FUBP3;GOLGB1;AGO2;RNPS1;EIF4G3;SUGP2;TOP2A;RBM25;TUT7;RBM26;CELF1;TUT4;FASTKD3;AKAP8L;NAT10;BRCA1;SMG7;ZCCHC17;TENT4B;YBX3;SMG5;RPGR;FARS2;SMG6;FASTK;LRRFIP1;RBM7;RBM5;NELFE;RBM33;PSTK;TOP3B;WDR36;NSUN5;PABPC4;DDX55;RBM18;ZFR;SPATS2;PRPF40B;DARS2;TRNAU1AP;PTBP2;REXO4;GNL3;DUS2;SUPV3L1;PKM;SARS2;SLTM;SYF2;HNRNPH1;ESRP1;RPUSD3;SNRPA1;HNRNPH2;EIF4E2;LUC7L2;STAU1;SRF;RPL12;SRRT;PARN;RBM4B;TBRG4;MTHFSD;UNK;FIP1L1;U2AF2;PES1;FAM120A;FLNA;RALY;CFAP20;PTCD3;RBM39;MYEF2;GPKOW;YTHDF3;KRR1;YLPM1;RSRC2;TRMT1;RRP1B;TPD52L2;APTX;CDK11B;SCAF4;KTN1;SEC23IP;CMSS1;TNIP1;CCDC9;ZYX;ACIN1;TARDBP;R3HDM1;R3HDM2,Spen,rmats,1421,GO_Molecular_Function_2023
GTPase Binding (GO:0051020),37/225,4.575945301870523e-4,2.6152495080555895,35.2240795299108,USP6NL;BECN1;GARRE1;ARHGAP1;GCC2;CIB1;AMBRA1;C9ORF72;YBX3;RASIP1;STRN3;AKAP13;GGA1;GOLGA4;XPO4;ANKFY1;ARFIP2;FLNA;SH3BP4;ERC1;PLEKHG3;HACE1;ANKRD27;PLEKHG2;ATP6AP1;RCC2;TSC2;MYO9B;OCRL;GAPVD1;CYRIB;RABGGTA;RNF41;IFT20;RRAGB;PEX5;RIN3,Spen,rmats,1421,GO_Molecular_Function_2023
mRNA Binding (GO:0003729),42/282,6.006828758197396e-4,2.327284263959391,28.903499396204367,RBM25;YTHDC1;CELF1;FMR1;PARN;TYMS;YBX3;TIAL1;UNK;DHX33;PCBP3;KHSRP;PCBP2;G3BP2;LUC7L;RBM5;NELFE;DDX17;CHTOP;TIA1;RBFOX2;MYEF2;YTHDF3;SECISBP2;PABPC4;LARP7;UPF3B;LARP4B;PUM1;PTBP2;PUM2;GNL3;HNRNPL;ATXN2L;PKM;FUBP3;ESRP1;AGO2;RNPS1;TARDBP;EIF4G3;LUC7L2,Spen,rmats,1421,GO_Molecular_Function_2023
Small GTPase Binding (GO:0031267),33/199,6.006828758197396e-4,2.63718707683761,32.6015187243967,USP6NL;GARRE1;ARHGAP1;GCC2;CIB1;C9ORF72;YBX3;STRN3;AKAP13;GGA1;GOLGA4;XPO4;ANKFY1;ARFIP2;FLNA;SH3BP4;ERC1;PLEKHG3;HACE1;ANKRD27;PLEKHG2;ATP6AP1;RCC2;TSC2;MYO9B;OCRL;GAPVD1;CYRIB;RABGGTA;RNF41;IFT20;PEX5;RIN3,Spen,rmats,1421,GO_Molecular_Function_2023
Protein Serine/Threonine Kinase Activity (GO:0004674),48/342,6.006828758197396e-4,2.174294335359781,26.70109936719246,PRKAA1;PRKDC;ARAF;ILK;CAMKK2;IKBKB;RPS6KA6;MAPK7;IRAK1;CHEK2;FASTK;STK16;GRK6;PHKG2;TLK2;TLK1;MAP3K7;MARK3;MARK2;MAP4K4;PAK4;MAP2K6;SRPK2;NEK9;CHUK;RIPK2;LIMK2;PRKCD;MOK;CSNK1D;CDC7;VRK1;PASK;PRKAB1;CLK4;CDK11B;CLK3;ACVR2A;MAPK12;SRPK1;CIT;CLK2;RPS6KB2;CDK10;MAPKAPK5;SIK2;CSNK1G2;CAMK1G,Spen,rmats,1421,GO_Molecular_Function_2023
Polyubiquitin Modification-Dependent Protein Binding (GO:0031593),13/53,0.0069025850506304045,4.2792436079545455,41.32228532513085,ZFAND2B;OTUD7B;RAD23A;ABRAXAS2;HDAC6;BAG6;BABAM2;SHARPIN;PSMD4;MPND;ATRIP;EPS15;UBL7,Spen,rmats,1421,GO_Molecular_Function_2023
Ubiquitin-Like Protein Transferase Activity (GO:0019787),34/240,0.008326848773375185,2.186327969144833,20.36500299187529,MARCHF2;CUL5;UHRF2;MGRN1;UBE3A;BRCA1;ZNRF1;RNF115;RNF214;SHARPIN;ARIH2;BTRC;ATG5;HACE1;UBE2B;SMURF1;NSMCE2;WWP1;FBXW2;CHFR;PML;RNF41;RNF146;UBE2W;TRAF7;TTC3;MDM2;ERCC8;MDM4;BIRC6;RBCK1;CBLL1;TRIM11;TRIM33,Spen,rmats,1421,GO_Molecular_Function_2023
"Acyltransferase Activity, Transferring Groups Other Than Amino-Acyl Groups (GO:0016747)",14/64,0.010460519246700247,3.687363184079602,33.01315408371763,OSGEPL1;ESCO1;NAA10;ZDHHC6;MBOAT2;ZDHHC16;ZDHHC2;SIRT2;OSGEP;PLA2G15;PORCN;KAT5;EP300;NAA16,Spen,rmats,1421,GO_Molecular_Function_2023
GTPase Regulator Activity (GO:0030695),51/424,0.011246474312177169,1.8170016242343594,15.922062372123689,USP6NL;DOCK6;FAM13B;ITSN1;ARHGAP1;IPO7;RCBTB2;EEF1B2;AKAP13;SYDE1;FLCN;HERC2;SIPA1L1;SIRPA;TBC1D22B;GARNL3;PLEKHG3;PLEKHG2;STARD8;DENND2A;TSC2;OCRL;GAPVD1;RIN3;DENND6B;LLGL1;TBC1D9B;ARHGEF25;NPRL3;ARHGAP19;AGAP1;ARHGAP17;ASAP1;C9ORF72;RIC8A;ARHGAP21;RACGAP1;CHN1;SH3BP4;TBC1D14;BRD8;ECT2;TBC1D17;RALGDS;ANKRD27;EIF2B2;RANBP3;HPS1;MYO9B;RGS12;RGL2,Spen,rmats,1421,GO_Molecular_Function_2023
mRNA 3'-UTR Binding (GO:0003730),17/93,0.015126744382580383,2.9478838656470234,24.24958854204896,DDX17;TIA1;CPSF1;CELF1;FMR1;PABPC4;SECISBP2;PARN;LARP4B;PUM1;YBX3;PUM2;TIAL1;ILF3;KHSRP;RNPS1;TARDBP,Spen,rmats,1421,GO_Molecular_Function_2023
Ubiquitin-Protein Transferase Activity (GO:0004842),49/412,0.015126744382580383,1.7922077922077921,14.710742066613893,RNF10;RNF19B;UBE3A;BRCA1;RPGR;RNF115;HERC2;TRIM24;ARIH2;TRIM26;BTRC;RNF111;RNF44;RING1;FBXO17;FBXW2;RNF41;TRAF7;BIRC6;RBCK1;CBLL1;TRIM11;RNF121;MARCHF2;CUL5;UHRF2;MGRN1;UBE2J2;ZNRF1;RNF214;SHARPIN;RNF215;RNF138;VPS11;RFFL;HACE1;UBE2B;SMURF1;WWP1;CHFR;BSPRY;RNF146;UBE2W;RNF149;TTC3;MDM2;ERCC8;MDM4;TRIM33,Spen,rmats,1421,GO_Molecular_Function_2023
"Catalytic Activity, Acting On A tRNA (GO:0140101)",10/39,0.015126744382580383,4.533346367213275,36.765794523680505,DUS2;QTRT2;AARS2;TYW5;TARS2;FTSJ1;DUS3L;OSGEP;ANKZF1;TRIT1,Spen,rmats,1421,GO_Molecular_Function_2023
DNA Binding (GO:0003677),87/846,0.015126744382580383,1.5311909262759924,12.40063740834927,TOP2A;APP;CCNT1;MPG;FMR1;HP1BP3;BRCA1;SMC6;RBPJ;BRCA2;EXO1;SPATA24;SNAPC4;EP300;SMARCAD1;TRIM26;LRRFIP1;POLE;RBM5;KDM6A;POLG;SREBF1;PARP2;SECISBP2;DDX11;APLP2;ATRX;DNMT3A;DNTTIP1;RFX3;RAD23A;REXO4;SIRT3;SUPV3L1;MMS22L;ILF3;MAU2;SLTM;MSH3;MTF2;ZMYND11;KDM3A;GTF3C4;KDM3B;MYRF;CBFB;PRKDC;PNKP;SRRT;PDS5B;HIF1A;DEDD2;SBNO1;CUX1;RNF138;PCBP2;ZSCAN10;SAFB2;RBBP8;PMS2;PMS1;NHEJ1;BPTF;MBD4;POU2F1;ATAD5;NR1H2;HMGA1;APTX;USF2;USF1;FANCG;SETX;DRAP1;RAD52;CAMSAP3;POLA1;RAD50;FUBP3;POLR3C;ERCC1;POLR3F;TCF4;QRICH1;ERCC6;TARDBP;EZH2,Spen,rmats,1421,GO_Molecular_Function_2023
Telomerase RNA Binding (GO:0070034),7/21,0.018120604779421286,6.564710042432814,50.86768502741763,TNIP1;DKC1;PARN;SMG7;TENT4B;SMG5;SMG6,Spen,rmats,1421,GO_Molecular_Function_2023
DNA Endonuclease Activity (GO:0004520),7/21,0.018120604779421286,6.564710042432814,50.86768502741763,MBD4;RAD50;EXO1;ERCC1;RBBP8;EXOG;N4BP2,Spen,rmats,1421,GO_Molecular_Function_2023
Ubiquitin Binding (GO:0043130),15/80,0.018120604779421286,3.03873509136667,23.3890309493847,TOP2A;ILRUN;USPL1;FAF2;RNF19B;RAD23A;SIRT2;UEVLD;NSFL1C;SHARPIN;NBR1;MDM2;MARCHF7;RBCK1;MAP3K7,Spen,rmats,1421,GO_Molecular_Function_2023
Protein Kinase Binding (GO:0019901),57/511,0.018120604779421286,1.6683326443344917,12.762475381893823,TOP2A;ATF2;TFRC;PRKAG2;ILK;FOXM1;IKBKB;CHEK2;RB1CC1;CDK5RAP1;SIRPA;SPG11;APPL1;FBXW5;PPP1R12A;BORA;PRKCD;VRK1;CDC25C;ATG13;PRKAB1;TIRAP;CIT;CNKSR2;MAPKAPK5;CACUL1;LLGL1;BECN1;HDAC5;PARN;HIF1A;MAPK7;RACGAP1;IRAK1;PRKAR2B;RNF138;PDCD10;ORC3;TBC1D14;MAP2K7;RFFL;MAP2K6;CDKN2D;NEK9;STK11IP;RCC2;PTK2;USF1;MAD2L2;POLA1;TBL2;TNIP1;PRC1;DNAJA3;NBR1;PTPN6;RAD9A,Spen,rmats,1421,GO_Molecular_Function_2023
Kinase Binding (GO:0019900),52/460,0.021851323745182,1.6916813474842092,12.52769261377161,ATF2;DGKD;TFRC;PRKAG2;ILK;FOXM1;IKBKB;CHEK2;RB1CC1;CDK5RAP1;SPG11;FBXW5;PPP1R12A;BORA;STRADA;PRKCD;VRK1;RAD23A;CDC25C;ATG13;PRKAB1;CIT;CNKSR2;CACUL1;LLGL1;BECN1;PARN;HIF1A;RACGAP1;IRAK1;RNF138;PDCD10;ORC3;FLNA;TBC1D14;MAP2K7;RFFL;MAP2K6;CDKN2D;NEK9;STK11IP;RCC2;PARP16;PTK2;USF1;POLA1;TBL2;DLG3;PRC1;DNAJA3;PTPN6;RAD9A,Spen,rmats,1421,GO_Molecular_Function_2023
Methylation-Dependent Protein Binding (GO:0140034),13/68,0.030035866044899866,3.109659090909091,21.871073213015745,KMT2E;FMR1;LRWD1;JMJD7;ING4;PHF20L1;MBTD1;ZZZ3;MTF2;TRIM24;NCAPD3;ZMYND11;BPTF,Spen,rmats,1421,GO_Molecular_Function_2023
poly(A)-specific Ribonuclease Activity (GO:0004535),5/12,0.030176455131997668,9.368442292171105,65.3665008979373,PAN2;TOE1;CNOT6;CNOT2;PARN,Spen,rmats,1421,GO_Molecular_Function_2023
GTPase Activator Activity (GO:0005096),28/211,0.031818209271001055,2.020594777164511,13.892681004787857,USP6NL;TBC1D9B;FAM13B;NPRL3;ARHGAP1;ARHGAP19;AGAP1;ARHGAP17;ASAP1;SYDE1;ARHGAP21;FLCN;SIPA1L1;RACGAP1;CHN1;TBC1D14;BRD8;ECT2;TBC1D17;TBC1D22B;GARNL3;RANBP3;STARD8;TSC2;MYO9B;OCRL;RGS12;LLGL1,Spen,rmats,1421,GO_Molecular_Function_2023
Histone Deacetylase Activity (GO:0004407),6/18,0.03215081859666079,6.56077738515901,44.562486609711755,HDAC5;HDAC10;SUDS3;HDAC6;SIRT2;SIRT3,Spen,rmats,1421,GO_Molecular_Function_2023
Single-Stranded DNA Binding (GO:0003697),16/96,0.03215081859666079,2.6333096085409253,17.838485490458577,DDX11;RECQL;RAD23A;SMC6;BRCA2;REXO4;RAD52;MMS22L;POLA1;FUBP3;MSH3;RNF138;POLR3C;ERCC1;PCBP2;PMS2,Spen,rmats,1421,GO_Molecular_Function_2023
Single-Stranded DNA Endodeoxyribonuclease Activity (GO:0000014),4/8,0.03796094796490025,13.108680310515172,86.0649068304728,RAD50;ERCC1;RBBP8;EXOG,Spen,rmats,1421,GO_Molecular_Function_2023
Double-Stranded RNA Binding (GO:0003725),12/65,0.048702597394856405,2.976980864255393,18.682023721953875,DUS2;SUPV3L1;DHX30;ILF3;TFRC;DHX33;ACTN1;ZFR;AGO2;LRRFIP1;APTX;MTDH,Spen,rmats,1421,GO_Molecular_Function_2023
DNA Repair (GO:0006281),67/291,1.2952653403234987e-14,4.054735308081874,162.5725435306075,MUS81;TRRAP;MPG;FMR1;NUDT1;CIB1;BRCA1;BRCA2;BABAM2;HPF1;KAT5;EXO1;CHEK2;POLI;KMT5B;POLE;PARP2;USP3;ACTR5;ATRX;RECQL;LIG3;RAD23A;REXO4;MSH3;ADPRS;MPND;PRKDC;TEX264;ABRAXAS1;PNKP;PDS5B;PDS5A;RECQL5;MTA1;NSD2;EP400;RBBP8;PMS2;ATRIP;NHEJ1;PMS1;MUTYH;CDKN2D;MBD4;FANCM;UBE2B;INTS3;FANCA;GTF2H1;FANCC;FANCE;APTX;FANCG;SETX;MAD2L2;RAD52;POLA1;RAD50;ERCC1;POLE2;PWWP3A;ERCC8;MMS19;TRIP13;ERCC6;RAD9A,Spen,rmats,1421,GO_Biological_Process_2023
DNA Metabolic Process (GO:0006259),58/288,5.854928016823032e-10,3.39481961147086,97.37168990436003,TOP2A;MUS81;TOP2B;TRRAP;FMR1;NUDT1;BRCA1;HPF1;EXO1;SMARCAD1;POLI;KMT5B;NFRKB;POLE;POLG;TOP3B;PARP2;USP3;ACTR5;ATRX;RECQL;LIG3;GLRX2;TERF2;REXO4;SUPV3L1;MSH3;ADPRS;PRKDC;PNKP;PDS5B;TYMS;PDS5A;RECQL5;CBS;ORC3;EP400;RBBP8;NT5M;ATRIP;MUTYH;MBD4;UBE2B;INTS3;FANCA;DONSON;GTF2H1;FANCC;LRWD1;FANCG;RAD52;POLA1;RAD50;ERCC1;POLE2;PWWP3A;MMS19;RAD9A,Spen,rmats,1421,GO_Biological_Process_2023
DNA Damage Response (GO:0006974),69/384,7.445234170335911e-10,2.9590870667793743,82.96297307029748,TOP2A;MUS81;ATF2;TRRAP;FMR1;NUDT1;CIB1;SMC6;BRCA1;BABAM2;HPF1;HERC2;KAT5;EXO1;CHEK2;TLK2;POLI;KMT5B;TRAPPC13;NCOA6;PARP2;DDX11;USP3;PRKCD;ATRX;RECQL;PPP4R3A;VRK1;SIRT7;PPP4R3B;ZDHHC16;REXO4;MSH3;WAC;ADPRS;YAP1;PRKDC;BRAT1;PNKP;HTRA2;PDS5B;PDS5A;RECQL5;EP400;RBBP8;BID;ATRIP;MAP2K6;MUTYH;MBD4;UBE2B;INTS3;FANCA;GTF2H1;FANCC;USP28;FANCG;MAPK12;PML;SETX;MAD2L2;POLA1;RAD50;ERCC1;POLE2;PWWP3A;ERCC8;MMS19;RAD9A,Spen,rmats,1421,GO_Biological_Process_2023
Double-Strand Break Repair (GO:0006302),36/168,1.513213763176676e-6,3.632490974729242,73.12928859856505,MUS81;PSMD14;PRKDC;PNKP;CIB1;SMC6;BRCA1;BRCA2;RAD54B;MBTD1;BABAM2;HPF1;MTA1;RECQL5;KAT5;RNF138;CHEK2;NSD2;RBBP8;SMARCAD1;NHEJ1;PARP2;INTS3;ACTR5;NSMCE2;RECQL;LIG3;SETX;MAD2L2;RAD52;POLA1;MMS22L;RAD50;ERCC1;TRIP13;MPND,Spen,rmats,1421,GO_Biological_Process_2023
Regulation Of RNA Splicing (GO:0043484),26/102,4.8262422282006595e-6,4.537615544236936,85.07583812506579,ENY2;TRRAP;YTHDC1;CELF1;U2AF2;FASTK;METTL4;CCNL2;SRPK2;RBM39;TIA1;LARP7;RRP1B;CLK4;CLK3;PTBP2;JMJD6;SRRM1;CLK2;SRPK1;HNRNPL;SETX;HNRNPH1;ESRP1;TADA3;HNRNPH2,Spen,rmats,1421,GO_Biological_Process_2023
Histone Modification (GO:0016570),22/81,1.6403355001755465e-5,4.9362135181303834,85.61012967649346,HDAC5;ENY2;MEAF6;UBE2B;TRRAP;USP3;SIRT2;HDAC6;GATAD2A;ING4;PHF20L1;MBTD1;MTA1;KAT5;TADA3;EP400;EP300;BRD8;DMAP1;SUDS3;TBL1X;KAT14,Spen,rmats,1421,GO_Biological_Process_2023
RNA Processing (GO:0006396),33/183,3.0067270875124057e-4,2.921023054755043,41.71393896362399,ZCCHC8;TUT7;PDCD7;CELF1;GEMIN2;FASTKD3;TUT4;AKAP8L;RNPC3;TENT4B;DEDD2;TBRG4;ARVCF;U2AF2;KHSRP;FASTK;BCAS2;RBM5;DDX17;SRPK2;RBM39;PABPC4;LSM5;SRRM1;SRPK1;HNRNPL;SETX;DKC1;HNRNPH1;RNPS1;SNRPA1;SNRNP48;TARDBP,Spen,rmats,1421,GO_Biological_Process_2023
Mitotic Sister Chromatid Segregation (GO:0000070),24/111,3.125436427538887e-4,3.6515686322908696,51.51756810151821,BECN1;ABRAXAS1;AKAP8L;KIF23;ABRAXAS2;EML3;EML4;WRAP73;STAG1;STAG2;ESPL1;KIFC1;CENPI;PRC1;CHEK2;NUSAP1;CHMP2A;FLNA;NCAPD3;PIBF1;CHMP7;DLGAP5;CLASP1;CLASP2,Spen,rmats,1421,GO_Biological_Process_2023
Mitotic Spindle Assembly (GO:0090307),14/44,4.423655156765339e-4,6.152238805970149,83.93600034838566,ABRAXAS1;ABRAXAS2;KIF23;WRAP73;STAG1;STAG2;RACGAP1;KIFC1;PRC1;CHEK2;FLNA;PIBF1;CLASP1;CLASP2,Spen,rmats,1421,GO_Biological_Process_2023
Proteasome-Mediated Ubiquitin-Dependent Protein Catabolic Process (GO:0043161),47/319,4.797155134901274e-4,2.302286689785084,30.87113129651302,RNF10;ANAPC15;WDR26;ANAPC16;CUL5;PSMD14;FAF2;ZFAND2B;SEL1L;AMBRA1;UBE2J2;USP19;ECPAS;BAG6;AMN1;ZNRF1;SHARPIN;MTA1;KAT5;PSMD4;PCBP2;ZSWIM8;TBL1X;BTRC;RFFL;ANKZF1;KLHDC10;FBXW5;UBE2B;SMURF1;FBXL19;FBXO17;WWP1;RAD23A;ARMC8;PPP2R5C;SIRT2;PML;TMUB2;FBXL12;SPSB3;NSFL1C;UBE2W;MDM2;ERCC8;RBCK1;RNF121,Spen,rmats,1421,GO_Biological_Process_2023
Internal Peptidyl-Lysine Acetylation (GO:0018393),13/39,4.797155134901274e-4,6.588423295454546,88.03079702624659,MEAF6;TRRAP;BAG6;MBTD1;ATAT1;PHF20L1;KAT5;TADA3;EP400;EP300;BRD8;DMAP1;KAT14,Spen,rmats,1421,GO_Biological_Process_2023
Protein Modification Process (GO:0036211),84/711,7.303177423683788e-4,1.7988426563791677,23.03205942590907,APP;PTPRS;CCNT1;PDCD6;ARAF;PRKAG2;NTAQ1;ILK;CDC14B;IKBKB;ING4;DUSP12;PPP4R1;FASTK;CHEK2;RB1CC1;TLK2;NEK1;TLK1;BTRC;PPP1R12A;TBP;PPTC7;CHUK;STRADA;PRKCD;PPP2R5B;ALG3;VRK1;CSNK1D;PPP4R3A;PPP4R3B;PPP2R5C;PASK;JMJD7;ATG13;PRKAB1;RABGGTA;FBXW2;ILF3;CREB1;SDHAF2;CTDSP1;BIRC6;SIK2;ALG10B;CSNK1G2;BECN1;PRKAA1;MEAF6;PRKDC;FUT10;CAMKK2;PORCN;IRAK1;GRK6;RCE1;MARK3;MARK2;ATG5;ST3GAL3;MAP4K4;PAK4;B3GALNT2;SRPK2;ATE1;RYK;TAF13;LIMK2;PTPN13;CDK11B;PTK2;CLK3;ACVR2A;SRPK1;CLK2;FAM220A;COPS2;TAF8;CDK10;PTPN6;MAN2B1;COQ8A;TAF2,Spen,rmats,1421,GO_Biological_Process_2023
Regulation Of mRNA Processing (GO:0050684),12/35,7.303177423683788e-4,6.8711080939303235,87.77219156864994,SRPK2;RBM39;TIA1;SLTM;YTHDC1;PAPOLA;SAFB2;LARP7;CDK11B;JMJD6;SRPK1;SRRM1,Spen,rmats,1421,GO_Biological_Process_2023
Protein Phosphorylation (GO:0006468),64/500,7.78662359388758e-4,1.9625590718868524,24.79868014349307,ATF2;APP;CCNT1;PRKAG2;ILK;IKBKB;PPP4R1;FASTK;CHEK2;RB1CC1;STK16;TLK2;NEK1;TLK1;ERC1;MAP3K7;EPHB4;TBP;CHUK;STRADA;PRKCD;VRK1;CSNK1D;PASK;ATG13;PRKAB1;ILF3;CREB1;MAPKAPK5;BIRC6;SIK2;CSNK1G2;CAMK1G;BECN1;PRKAA1;PKDCC;PRKDC;SRC;CAMKK2;IRAK1;GRK6;MARK3;MARK2;MAP4K4;PAK4;SRPK2;RYK;TAF13;LIMK2;CDC7;CLK4;CDK11B;PTK2;CLK3;ACVR2A;MAPK12;SRPK1;CLK2;COPS2;TAF8;CDK10;PTPN6;COQ8A;TAF2,Spen,rmats,1421,GO_Biological_Process_2023
Regulation Of DNA Repair (GO:0006282),25/129,8.268583475277608e-4,3.181307857615164,39.78811170305514,ENY2;TMEM161A;MEAF6;TRRAP;BRCA1;MBTD1;BABAM2;KAT5;EP400;USP1;DMAP1;BRD8;NFRKB;ATRIP;PBRM1;SMARCC2;ACTR5;PPP4R3B;SIRT7;ARID1B;PML;RAD52;TADA3;ERCC6;TAF2,Spen,rmats,1421,GO_Biological_Process_2023
Chromatin Remodeling (GO:0006338),36/228,0.0010174028006569194,2.489214801444043,30.33107916021027,HDAC5;KDM5C;PAXIP1;HP1BP3;BAZ2B;HDAC6;CECR2;HPF1;MTA1;KAT5;SMARCAD1;SUDS3;NFRKB;BPTF;KDM6A;SRPK2;SS18;PBRM1;CHTOP;KDM4B;SMARCC2;PHC1;KDM4C;RING1;PARP2;PCGF2;USP3;ACTR5;ATRX;SIRT7;ARID1B;SIRT2;GATAD2A;MTF2;WAC;ERCC6,Spen,rmats,1421,GO_Biological_Process_2023
Positive Regulation Of Double-Strand Break Repair (GO:2000781),19/84,0.0010174028006569194,3.860046088006145,46.993370347043715,PBRM1;SMARCC2;MEAF6;TRRAP;PRKDC;DDX11;PNKP;FOXM1;ARID1B;MBTD1;MAD2L2;KAT5;EP400;KMT5B;MMS19;TRAPPC13;BRD8;DMAP1;ERCC6,Spen,rmats,1421,GO_Biological_Process_2023
Proteasomal Protein Catabolic Process (GO:0010498),35/220,0.001077594569082422,2.5107835107835106,30.279211297991495,WDR26;PSMD14;ZFAND2B;SEL1L;AMBRA1;BAG6;ZNRF1;SHARPIN;MTA1;KAT5;PSMD4;PCBP2;ZSWIM8;TBL1X;BTRC;RFFL;UBXN6;ATE1;FBXW5;UBE2B;SMURF1;FBXL19;WWP1;RAD23A;ARMC8;PPP2R5C;SIRT2;PML;RNF41;SPSB3;NSFL1C;UBE2W;MDM2;ERCC8;RBCK1,Spen,rmats,1421,GO_Biological_Process_2023
Ubiquitin-Dependent Protein Catabolic Process (GO:0006511),50/367,0.0011910533632460735,2.1009785852505827,24.964952371100242,ZFAND2B;KEAP1;OTUD7B;RNF19B;RPGR;RNF115;KAT5;PSMD4;ARIH2;BTRC;RNF111;UBL7;FBXW5;RAD23A;ARMC8;PPP2R5C;SIRT2;RBCK1;CHMP7;WDR26;PSMD14;AMBRA1;BAG6;ZNRF1;SHARPIN;MTA1;RNF215;PCBP2;ZSWIM8;TBL1X;RFFL;ATE1;HACE1;UBE2B;SMURF1;FBXL19;WWP1;NTAN1;USP28;CHFR;PML;RNF146;SPSB3;NSFL1C;UBE2W;RNF149;TTC3;CHMP2A;MDM2;ERCC8,Spen,rmats,1421,GO_Biological_Process_2023
Regulation Of Cilium Assembly (GO:1902017),17/71,0.0011910533632460735,4.15380658436214,49.24004985182532,USP6NL;YAP1;TBC1D19;TBC1D9B;LIMK2;CEP120;TCHP;IFT20;ODF2L;RABEP2;CROCC;TBC1D14;CDK10;ENTR1;TBC1D17;TBC1D22B;ATG5,Spen,rmats,1421,GO_Biological_Process_2023
Positive Regulation Of DNA Recombination (GO:0045911),14/51,0.001331577061636801,4.986419255075972,58.31060300173574,PAXIP1;TFRC;MEAF6;TRRAP;MBTD1;MAD2L2;KAT5;EP400;KMT5B;MMS19;TRAPPC13;BRD8;DMAP1;ERCC6,Spen,rmats,1421,GO_Biological_Process_2023
tRNA Modification (GO:0006400),16/67,0.0020293170815467664,4.137157211639104,46.35230943634648,AARS2;ANKRD16;OSGEPL1;TYW5;PUS1;TRMT1;FTSJ1;OSGEP;TRIT1;GTPBP3;DUS2;CTU2;QTRT2;PUSL1;DUS3L;TRMT61A,Spen,rmats,1421,GO_Biological_Process_2023
Histone Acetylation (GO:0016573),15/60,0.0020293170815467664,4.394025604551921,49.132130484690784,NAA60;ENY2;MEAF6;TRRAP;PHF20L1;MBTD1;KAT5;TADA3;EP400;EP300;BRD8;DMAP1;MAP3K7;KAT14;TAF2,Spen,rmats,1421,GO_Biological_Process_2023
Regulation Of DNA Metabolic Process (GO:0051052),23/124,0.0025920447914881666,3.009915154605589,32.738061405686594,ANKRD17;ENY2;ESCO1;MEAF6;TRRAP;ACTR5;NSMCE2;YLPM1;SMC6;BRCA1;SIRT7;TERF2;SMG5;SMG6;ING4;BABAM2;ORC3;TADA3;USP1;SMARCAD1;MPV17;NFRKB;TAF2,Spen,rmats,1421,GO_Biological_Process_2023
Mitotic Recombination (GO:0006312),7/14,0.0025920447914881666,13.134370579915135,142.23560333781072,RAD52;RAD50;MSH3;ERCC1;NSMCE2;SMC6;RAD54B,Spen,rmats,1421,GO_Biological_Process_2023
Regulation Of Organelle Organization (GO:0033043),20/100,0.0025920447914881666,3.3010349750178443,35.57843300681693,USP6NL;ACTR5;STX18;SIRT7;MFF;PTK2;CAMSAP2;CAMSAP3;TJP1;SYDE1;CLN3;RHOT1;PDCD10;TMEM33;VPS11;EP300;NF2;NFRKB;MARK2;ATG5,Spen,rmats,1421,GO_Biological_Process_2023
Protein Ubiquitination (GO:0016567),55/434,0.0025920447914881666,1.9334999633002006,20.836334206046924,RNF10;RNF19B;KEAP1;UBE3A;BRCA1;BRCA2;DDA1;RPGR;BABAM2;RNF115;HERC2;RUSC1;TRIM24;ARIH2;TRIM26;BTRC;RNF111;RNF44;FBXW5;RNF41;TRAF7;BIRC6;RBCK1;CBLL1;TRIM11;MARCHF2;ANAPC16;CBFB;CUL5;UHRF2;MGRN1;AMBRA1;UBE2J2;DCAF15;TNKS2;RNF138;VPS11;ZSWIM8;MARCHF7;HACE1;UBE2B;SMURF1;FANCA;WWP1;FANCC;FANCE;FANCG;CHFR;BSPRY;RNF146;UBE2W;MDM2;ERCC8;MDM4;TRIM33,Spen,rmats,1421,GO_Biological_Process_2023
Intracellular Protein Transport (GO:0006886),44/325,0.00318283870877618,2.0807314885885817,21.803415533635413,RPAIN;NXT1;STX16;FUT10;PDCD6;COX18;SNX13;HIKESHI;IPO7;HDAC6;RPGR;AP4M1;ARFRP1;GGA1;HERC2;XPO4;ARFIP2;TLK1;EIF2D;FAM53A;NUP88;RAB6A;TMED5;SEC31A;APPL1;CTSA;ACD;RANBP3;ATP6AP1;STRADA;SMURF1;APLP2;STX8;SEC16A;RANBP17;TSC2;TIMM44;TIMM21;BCS1L;FAM91A1;CAMSAP3;SEC23IP;RABL3;VPS45,Spen,rmats,1421,GO_Biological_Process_2023
Peptidyl-Lysine Modification (GO:0018205),19/94,0.00318283870877618,3.3435663338088446,34.99309155696187,USPL1;HDAC10;ESCO1;UHRF2;NSMCE2;PLOD3;PLOD1;SMC6;SIRT2;HDAC6;PML;SENP1;SIRT3;SENP6;KAT5;NNAT;MDM2;EP300;EEF1AKMT2,Spen,rmats,1421,GO_Biological_Process_2023
"Regulation Of mRNA Splicing, Via Spliceosome (GO:0048024)",19/94,0.00318283870877618,3.3435663338088446,34.99309155696187,DDX17;SRPK2;RBM39;RBM25;TIA1;RBFOX2;CELF1;SFSWAP;YTHDC1;FMR1;LARP7;JMJD6;SRRM1;SRPK1;HNRNPL;U2AF2;RNPS1;RBM7;RBM5,Spen,rmats,1421,GO_Biological_Process_2023
Phosphorylation (GO:0016310),54/429,0.0032284995928785827,1.9176122896854426,19.97915114625206,APP;PANK2;DGKD;CCNT1;PRKAG2;ILK;IKBKB;PPP4R1;FASTK;CHEK2;RB1CC1;TLK2;NEK1;TLK1;TBP;CHUK;STRADA;PRKCD;VRK1;CSNK1D;PASK;ATG13;PRKAB1;ILF3;CREB1;BIRC6;SIK2;CSNK1G2;BECN1;PRKAA1;PRKDC;CAMKK2;IRAK1;GRK6;MARK3;MARK2;MAP4K4;PAK4;SRPK2;RYK;TAF13;LIMK2;CDK11B;PTK2;CLK3;ACVR2A;SRPK1;CLK2;COPS2;TAF8;CDK10;COQ8A;GALK2;TAF2,Spen,rmats,1421,GO_Biological_Process_2023
Regulation Of Cell Cycle (GO:0051726),41/298,0.003750109542205191,2.1180905656121354,21.683419281634663,ANKRD17;INTS13;ANAPC15;ANAPC16;MEAF6;UHRF2;TRRAP;HTRA2;BRCA1;FOXM1;TBRG4;MBTD1;ING4;KAT5;PES1;EP400;RPRD1B;CCNL2;BRD8;DMAP1;NFRKB;KAT14;DLGAP5;MAP2K6;SRPK2;NEK9;ZBTB17;ACTR5;TSC2;RAD23A;PUM1;CDK11B;SIRT2;MAPK12;ZZZ3;BIN1;TADA3;MDM2;CDK10;NF2;TARDBP,Spen,rmats,1421,GO_Biological_Process_2023
Regulation Of Telomere Maintenance Via Telomerase (GO:0032210),13/51,0.004203824685276695,4.504952900717703,45.465187744206254,CCT2;SRC;PNKP;PARN;NAT10;TENT4B;TERF2;SMG5;SMG6;TNKS2;TNIP1;MAPKAPK5;MAP2K7,Spen,rmats,1421,GO_Biological_Process_2023
Spindle Assembly (GO:0051225),17/81,0.004307338669424022,3.5028823896011394,35.07665931349193,ABRAXAS1;CSNK1D;HAUS6;ABRAXAS2;WRAP73;STAG1;NCOR1;STAG2;HAUS8;KIFC1;CHEK2;FLNA;TUBGCP6;TUBGCP4;PIBF1;CLASP1;CLASP2,Spen,rmats,1421,GO_Biological_Process_2023
Regulation Of Telomere Maintenance (GO:0032204),11/38,0.004307338669424022,5.360441292356186,53.653198674589035,RAD50;ERCC1;ATRX;NSMCE2;YLPM1;SMC6;TERF2;SMG5;PML;SMG6;GNL3,Spen,rmats,1421,GO_Biological_Process_2023
Positive Regulation Of Telomere Maintenance (GO:0032206),13/52,0.004806710493084875,4.389204545454546,43.32688036062941,ACTR5;PNKP;ATRX;TERF2;PML;GNL3;RAD50;TNKS2;TNIP1;ERCC1;MAPKAPK5;MAP2K7;NFRKB,Spen,rmats,1421,GO_Biological_Process_2023
Regulation Of RNA Metabolic Process (GO:0051252),18/91,0.005607234895826512,3.252404339038655,31.51512721898362,ENY2;CELF1;TRRAP;RRP1B;CLK4;PTBP2;CLK3;CLK2;HNRNPL;PCBP3;HNRNPH1;FASTK;ESRP1;PCBP2;TADA3;METTL4;HNRNPH2;CCNL2,Spen,rmats,1421,GO_Biological_Process_2023
Protein Deacetylation (GO:0006476),11/40,0.006680846409760755,4.990217657128882,47.3468783293793,HDAC5;MTA1;HDAC10;FLNA;SUDS3;TBL1X;SIRT7;HDAC6;SIRT2;GATAD2A;SIRT3,Spen,rmats,1421,GO_Biological_Process_2023
Chromatin Organization (GO:0006325),37/268,0.006731141980031432,2.1234516928158547,20.07609526311283,NAA60;HDAC5;KDM5C;PAXIP1;HDAC10;EHMT1;BAZ2B;ING4;CECR2;MTA1;SMARCAD1;SUDS3;HMGN2;NFRKB;BPTF;KDM6A;SS18;PBRM1;CHTOP;KDM4B;SMARCC2;PHC1;KDM4C;RING1;DDX11;PCGF2;ACTR5;ATRX;LRWD1;ARID1B;GATAD2A;ZZZ3;MTF2;WAC;PWWP3A;ERCC6;EZH2,Spen,rmats,1421,GO_Biological_Process_2023
Mitotic Spindle Organization (GO:0007052),17/85,0.007118661033407975,3.2961182336182335,30.89507740729477,INTS13;ABRAXAS1;KIF23;ABRAXAS2;WRAP73;STAG1;STAG2;KIFC1;PRC1;CHEK2;TBCE;FLNA;PCNT;PIBF1;DLGAP5;CLASP1;CLASP2,Spen,rmats,1421,GO_Biological_Process_2023
ncRNA Metabolic Process (GO:0034660),7/17,0.007587913531801873,9.192574257425743,85.34974856791713,DDX17;ZCCHC8;TUT7;TUT4;KHSRP;PARN;TENT4B,Spen,rmats,1421,GO_Biological_Process_2023
Double-Strand Break Repair Via Homologous Recombination (GO:0000724),20/111,0.007867381558028052,2.900283157242472,26.753297862658837,MUS81;PSMD14;FANCM;INTS3;NSMCE2;ATRX;RECQL;LIG3;CDC7;SMC6;BRCA1;BRCA2;RAD54B;MBTD1;RAD52;MMS22L;RECQL5;KAT5;RNF138;RBBP8,Spen,rmats,1421,GO_Biological_Process_2023
Protein Autoubiquitination (GO:0051865),15/71,0.008912303110285874,3.5288178215809793,32.02803243323961,RNF10;UHRF2;UBE2B;RNF19B;UBE3A;BRCA1;BRCA2;RNF41;RNF146;BABAM2;RNF115;MDM2;MARCHF7;ERCC8;TRIM11,Spen,rmats,1421,GO_Biological_Process_2023
Positive Regulation Of DNA-templated Transcription Initiation (GO:2000144),13/56,0.008968234173454376,3.9800475687103596,36.00705627125525,TBP;PAXIP1;TAF13;SRF;HNF1B;MED15;MED7;MED12;MED23;SETX;MED20;TAF8;TAF2,Spen,rmats,1421,GO_Biological_Process_2023
Protein Acetylation (GO:0006473),9/29,0.009115532881420729,5.914695467422097,53.280327987110574,ING4;NAA60;KAT5;ESCO1;NAA10;NAT10;EP300;NAA35;NAA16,Spen,rmats,1421,GO_Biological_Process_2023
Lysosomal Transport (GO:0007041),19/105,0.010016197265606035,2.9141674684006236,25.912556995774487,BECN1;SNAPIN;MGRN1;AKTIP;GCC2;C9ORF72;USE1;UEVLD;AP4M1;GAK;CLN3;CCDC91;HMGXB4;BIN1;FHIP1B;VPS11;CHMP2A;ANKFY1;CHMP7,Spen,rmats,1421,GO_Biological_Process_2023
Signal Transduction In Response To DNA Damage (GO:0042770),13/57,0.010176692012881666,3.889382102272727,34.438618443189334,PAXIP1;ATRX;DONSON;USP28;MAPK12;MAD2L2;CHEK2;MDM4;ERCC6;BID;ATRIP;MAP2K6;RAD9A,Spen,rmats,1421,GO_Biological_Process_2023
Positive Regulation Of Transcription Initiation By RNA Polymerase II (GO:0060261),12/52,0.015754659397500988,3.9472675656493967,33.12311146792258,MED12;MED23;TBP;PAXIP1;TAF13;SRF;MED20;TAF8;HNF1B;MED15;TAF2;MED7,Spen,rmats,1421,GO_Biological_Process_2023
Regulation Of Hippo Signaling (GO:0035330),8/25,0.015754659397500988,6.181924149702343,51.772442250013654,TIAL1;SRC;DLG5;ARRDC3;CORO7;NF2;MARK3;CIT,Spen,rmats,1421,GO_Biological_Process_2023
Cytosolic Transport (GO:0016482),21/127,0.015754659397500988,2.6141037735849055,21.842432167516396,BECN1;MON2;ANKRD27;STX16;STX8;DENND2A;GCC2;BET1L;AP4M1;GAK;ARFRP1;CLN3;GGA1;CCDC91;FHIP1B;ANKFY1;CORO7;ERC1;RAB6A;TBC1D17;EPS15,Spen,rmats,1421,GO_Biological_Process_2023
Nuclear-Transcribed mRNA Catabolic Process (GO:0000956),16/85,0.018641286467899244,3.0549280519882407,24.951323161829844,TUT7;TUT4;PARN;UPF3B;CNOT10;SMG7;TENT4B;SMG5;GSPT1;SMG6;PAN2;CNOT6;CNOT2;RNPS1;TENT2;MTPAP,Spen,rmats,1421,GO_Biological_Process_2023
RNA Metabolic Process (GO:0016070),19/111,0.01873843785833625,2.723229237734913,22.175116072395483,DDX17;RBM39;RBFOX2;PABPC4;PARN;DEDD2;TBRG4;ATXN2L;HNRNPL;SETX;SUPV3L1;PCBP3;DKC1;HNRNPH1;PCBP2;AGO2;PAPOLA;TENT2;RBM5,Spen,rmats,1421,GO_Biological_Process_2023
DNA Methylation (GO:0006306),7/20,0.019003416689164915,7.07006854531607,57.20510198863541,KMT2E;MTRR;ATRX;DNMT3A;METTL4;EHMT1;GATAD2A,Spen,rmats,1421,GO_Biological_Process_2023
Nuclear-Transcribed mRNA poly(A) Tail Shortening (GO:0000289),7/20,0.019003416689164915,7.07006854531607,57.20510198863541,PAN2;CNOT6;TUT7;TUT4;CNOT2;PARN;CNOT10,Spen,rmats,1421,GO_Biological_Process_2023
Regulation Of Cell Cycle Process (GO:0010564),21/130,0.019905148888130685,2.541743119266055,20.401193745754863,BECN1;AHCTF1;PBRM1;BORA;SMARCC2;MKI67;CDC25C;PUM1;ARID1B;USP19;PUM2;FLCN;DBF4;RACGAP1;BIN1;PRC1;RPRD1B;BIRC6;CCNL2;ENTR1;ECT2,Spen,rmats,1421,GO_Biological_Process_2023
Negative Regulation Of Telomere Capping (GO:1904354),4/6,0.02027622932990371,26.220183486238533,209.49843867785478,RAD50;ERCC1;TERF2;SMG6,Spen,rmats,1421,GO_Biological_Process_2023
DNA Alkylation (GO:0006305),6/15,0.02103828014109306,8.749116607773852,69.27535406301949,KMT2E;MTRR;ATRX;DNMT3A;EHMT1;GATAD2A,Spen,rmats,1421,GO_Biological_Process_2023
miRNA Metabolic Process (GO:0010586),6/15,0.02103828014109306,8.749116607773852,69.27535406301949,DDX17;TUT7;TUT4;KHSRP;PARN;TENT4B,Spen,rmats,1421,GO_Biological_Process_2023
Histone H2A Acetylation (GO:0043968),7/21,0.024497599555964672,6.564710042432814,50.86768502741763,MBTD1;MEAF6;KAT5;TRRAP;EP400;BRD8;DMAP1,Spen,rmats,1421,GO_Biological_Process_2023
Nucleotide-Excision Repair (GO:0006289),12/56,0.02602863070815549,3.5876508161816894,27.48131515956814,POLA1;KAT5;PNKP;ERCC1;ERCC8;RAD23A;FANCC;MMS19;ERCC6;BRCA2;POLE;RNF111,Spen,rmats,1421,GO_Biological_Process_2023
Response To Ionizing Radiation (GO:0010212),14/72,0.02602863070815549,3.177388917481558,24.321953828815932,PRKAA1;PAXIP1;BRAT1;INTS3;BRCA1;BRCA2;USP28;CLK2;BABAM2;MTA1;KAT5;ECT2;NHEJ1;RAD9A,Spen,rmats,1421,GO_Biological_Process_2023
Positive Regulation Of Nucleic Acid-Templated Transcription (GO:1903508),61/557,0.026783373154746336,1.6352333372865275,12.443886447987763,RNF10;TRRAP;ILK;BRCA1;FOXM1;BRCA2;IKBKB;MED12;EDRF1;KAT5;CHEK2;EP300;BTRC;NFRKB;RNF111;SMARCC2;CHUK;PRMT2;NCOA6;ACTR5;RFX3;HNF1B;ARID1B;JMJD6;ILF3;CREB1;ELF2;WAC;KMT2E;YAP1;ENY2;PRKAA1;KDM3A;MEAF6;MYRF;MAZ;MLLT3;HIF1A;CAMKK2;MBTD1;RXRB;MTA1;DEAF1;EP400;TASP1;BRD8;TBL1X;DMAP1;MAP2K7;NR1H2;HMGA1;GTF2H1;GATAD2A;MAD2L2;FUBP3;TADA3;MMS19;TCF4;NAA16;QRICH1;TAF2,Spen,rmats,1421,GO_Biological_Process_2023
Transcription By RNA Polymerase II (GO:0006366),27/192,0.027328516957360716,2.1615494978479197,16.37093587515586,CCNT2;CCNT1;CBFB;SRCAP;MAZ;RXRB;DEAF1;SNAPC4;TAF1A;TRIM24;RPRD1B;PBRM1;TBP;TAF13;NR1H2;GTF2H1;MED7;DRAP1;SETX;MED23;CREB1;COPS2;MED20;TAF8;ERCC6;TRIP13;TAF2,Spen,rmats,1421,GO_Biological_Process_2023
Regulation Of Transcription Initiation By RNA Polymerase II (GO:0060260),12/57,0.02923738928656052,3.507735982966643,26.271064893860512,MED12;MED23;TBP;PAXIP1;TAF13;SRF;MED20;TAF8;HNF1B;MED15;TAF2;MED7,Spen,rmats,1421,GO_Biological_Process_2023
DNA Recombination (GO:0006310),10/42,0.02923738928656052,4.107680722891566,30.66810116412353,RAD52;SUPV3L1;RAD50;HDAC10;EXO1;MSH3;ERCC1;RBBP8;BRCA1;RAD54B,Spen,rmats,1421,GO_Biological_Process_2023
Cellular Response To Oxidative Stress (GO:0034599),19/117,0.02923738928656052,2.5556711985792893,19.064454261487807,VKORC1L1;PRKAA1;TMEM161A;CHUK;PRKCD;GPX8;KEAP1;HTRA2;FANCC;ZFAND1;HIF1A;SIRT2;CAMKK2;SETX;RAD52;PRDX5;ERMP1;PEX5;MPV17,Spen,rmats,1421,GO_Biological_Process_2023
Regulation Of Telomere Capping (GO:1904353),7/22,0.02971148498180655,6.126732673267327,45.512697581840634,RAD50;TNKS2;PNKP;MAPKAPK5;MAP2K7;TERF2;SMG6,Spen,rmats,1421,GO_Biological_Process_2023
Regulation Of Mitochondrion Organization (GO:0010821),11/50,0.030711299756152916,3.7086743044189854,27.303079920010042,FLCN;SREBF1;MTCH2;RHOT1;EP300;HTRA2;SIRT7;MFF;CYRIB;SREBF2;HDAC6,Spen,rmats,1421,GO_Biological_Process_2023
Positive Regulation Of Cellular Catabolic Process (GO:0031331),22/146,0.030711299756152916,2.340439023265466,17.20797184024257,APP;BECN1;PRKAA1;PRKCD;NPRL3;AMBRA1;PIK3C2A;ATG13;GTPBP1;HIF1A;MTDH;SUPV3L1;MOV10;FLCN;KAT5;KHSRP;RB1CC1;PRXL2C;PHKG2;ZSWIM8;SH3BP4;DAGLB,Spen,rmats,1421,GO_Biological_Process_2023
Positive Regulation Of Cell Cycle Process (GO:0090068),19/118,0.030711299756152916,2.5297194484070378,18.597595457654176,DDX11;CEP120;ATRX;WIZ;CDC7;KIF23;SMC6;SIRT2;USP19;CDC14B;CIT;NSFL1C;DBF4;RACGAP1;CSPP1;NUSAP1;PKP4;NCAPD3;ECT2,Spen,rmats,1421,GO_Biological_Process_2023
Protein Modification By Small Protein Conjugation (GO:0032446),43/364,0.033333146426404246,1.7748735130149342,12.844068562737945,MARCHF2;ANAPC16;CUL5;UHRF2;MGRN1;KEAP1;COPS7B;DCUN1D2;SMC6;BRCA1;RPGR;DCAF15;RNF115;HERC2;RNF138;TRIM24;VPS11;ARIH2;ZSWIM8;TRIM26;BTRC;RNF111;RNF44;HACE1;FBXW5;UBE2B;SMURF1;AKTIP;NSMCE2;WWP1;CHFR;PML;RNF41;BSPRY;SENP1;TRAF7;COPS2;MDM2;MDM4;BIRC6;CBLL1;TRIM11;TRIM33,Spen,rmats,1421,GO_Biological_Process_2023
"DNA Damage Response, Signal Transduction By P53 Class Mediator (GO:0030330)",9/36,0.033333146426404246,4.379603399433428,31.617292766259776,RPS6KA6;PAXIP1;KAT5;CHEK2;ATRX;MDM2;MDM4;FOXM1;PML,Spen,rmats,1421,GO_Biological_Process_2023
Positive Regulation Of Double-Strand Break Repair Via Homologous Recombination (GO:1905168),9/36,0.033333146426404246,4.379603399433428,31.617292766259776,MBTD1;MEAF6;KAT5;TRRAP;EP400;MMS19;BRD8;DMAP1;ERCC6,Spen,rmats,1421,GO_Biological_Process_2023
Histone Lysine Demethylation (GO:0070076),4/7,0.033333146426404246,17.479181369089627,125.86284753544997,KDM3A;KDM3B;KDM4C;KDM6A,Spen,rmats,1421,GO_Biological_Process_2023
rRNA Pseudouridine Synthesis (GO:0031118),4/7,0.033333146426404246,17.479181369089627,125.86284753544997,TNIP1;DKC1;RPUSD1;TSR3,Spen,rmats,1421,GO_Biological_Process_2023
Positive Regulation Of DNA-templated Transcription (GO:0045893),117/1243,0.043154221514030235,1.3907208588957056,9.63666055018074,ATF2;APP;CCNT2;CCNT1;CRTC1;TRRAP;UBP1;RBPJ;KAT5;CHEK2;EP300;BTRC;NFRKB;RNF111;GTF2I;DDX17;SMARCC2;RFX3;HNF1B;JMJD6;THAP3;ILF3;KMT2E;ENY2;MEAF6;PRKDC;MAZ;HIF1A;BCL2L12;MBTD1;DHX33;DEAF1;EP400;TASP1;RPRD1B;DMAP1;MAP2K7;MAP2K5;BPTF;ZBTB17;POU2F1;HMGA1;NFATC3;SETX;MLLT10;FUBP3;AGO2;TADA3;TCF4;MMS19;RNF10;AKAP8L;ILK;BRCA1;FOXM1;BRCA2;IKBKB;MED12;FLCN;EDRF1;NCK2;GABPA;SS18;SREBF1;PPP1R12A;CHUK;PRMT2;RIPK2;ACTR6;NCOA6;ACTR5;ATRX;SIRT7;ARID1B;SIRT2;SREBF2;GNL3;SENP1;METTL23;CREB1;ELF2;TFDP2;WAC;YAP1;HDAC5;PRKAA1;KDM3A;MYRF;SRF;MLLT3;CAMKK2;RXRB;MTA1;MAPK7;EPCAM;NRIP1;APBB2;BRD8;TBL1X;PCGF5;NR1H2;IRX3;GTF2H1;RRP1B;USF2;ACVR2A;USF1;GATAD2A;MAD2L2;ASXL1;TNIP1;NAA16;QRICH1;ERCC6;AGRN;TAF2;SSBP4,Spen,rmats,1421,GO_Biological_Process_2023
Recombinational Repair (GO:0000725),16/95,0.0443148277571581,2.6667867921978465,18.37321325279768,PSMD14;INTS3;NSMCE2;RECQL;LIG3;BRCA1;SMC6;BRCA2;RAD54B;MBTD1;RAD52;MMS22L;RECQL5;KAT5;RNF138;RBBP8,Spen,rmats,1421,GO_Biological_Process_2023
Stress Granule Assembly (GO:0034063),7/24,0.04568365610296842,5.405358182877111,37.00681151354138,ATXN2L;TIA1;YTHDF3;FMR1;G3BP2;UBAP2L;C9ORF72,Spen,rmats,1421,GO_Biological_Process_2023
Protein Localization (GO:0008104),41/351,0.04985983585448409,1.75088592800374,11.811661588489628,CUTA;CCDC120;STX16;PDCD6;ITSN1;SNX13;TM9SF4;HDAC6;RPGR;AP4M1;ARFRP1;GGA1;HERC2;ODR4;FHIP1B;SH3PXD2B;ARFIP2;FLNA;TLK1;EIF2D;RAB6A;TMED5;SEC31A;CTSA;ACD;STK11IP;IST1;SMURF1;STX8;AKTIP;TSC2;TIMM44;TIMM21;FAM91A1;ATG13;SEC23IP;RRAGB;CROCC;PEX5;RABL3;VPS45,Spen,rmats,1421,GO_Biological_Process_2023
Nucleus (GO:0005634),465/4487,2.4366708654384096e-18,1.7604547894529876,80.49949581184575,ATF2;RPL3;TRRAP;EHMT1;THYN1;SMC6;RBPJ;PSMD4;NFRKB;RNF111;DDX17;HES6;RBFOX2;DDX11;PRKCD;DNTTIP1;RFX3;ARMC8;PASK;PRKAB1;GTPBP4;EML3;MED7;BIN1;ADPRS;MEAF6;SRCAP;PRKDC;SDR39U1;COPS7B;BAZ2B;RNPC3;HIF1A;C9ORF72;MTDH;PRDX5;ZSCAN10;ATRIP;NHEJ1;KAT14;PHC2;HACE1;PHC1;TIPARP;NFATC3;LARP7;UPF3B;TMEM192;CDC7;FAM220A;SETX;HNRNPL;MOV10;MLLT10;FIBP;AGO2;OGDH;CDK10;GTF2IRD1;MMS19;CDIN1;PKIG;EZH2;CEP57;SETD5;SETD6;SMG7;MED15;SMG5;SMG6;MED12;ING4;DLGAP5;NELFE;APPL1;SS18;RING1;SIRT7;TERF2;SIRT2;SIRT3;GNL3;MED23;NCOR2;NCOR1;KIFC1;MED20;MTF2;WDR26;MYRF;CENPA;ECPAS;RECQL5;RNF138;NSD2;USP1;PMS2;FLNA;BRD8;PMS1;NKTR;CDKN2D;MBD4;CENPU;ATAD5;PCGF5;NR1H2;PCGF2;YLPM1;TRMT1;RRP1B;SCAF4;GATAD2A;RNF146;PWWP3A;ZYX;CENPP;EEF1AKMT2;MTCH2;CCNT2;DGKD;CCNT1;PDCD6;FMR1;CTNND1;RTKN2;UBP1;HIKESHI;CASC3;CDC14B;PAPOLA;NEK1;SMARCAD1;KMT5B;MAF1;HMGN2;MAP3K7;GTF2I;TLE1;USP3;IPMK;VRK1;CDC25C;THOC7;ILF3;CLIP1;DMTF1;MSH3;PKP4;MAPKAPK5;CSNK1G2;KMT2E;ANKRD17;ANKRD16;MAZ;GPATCH2L;BCL2L12;BAG6;SBNO1;SAFB2;KHDC4;MAP2K7;TIA1;CHTOP;FANCA;FANCC;LSM5;FANCE;DRAP1;NSFL1C;LSM7;CNOT6;COPS2;CNOT2;TADA3;MDM2;MDM4;NF2;MDM1;RAD9A;RNF10;NXT1;CELF1;AKAP8L;FHL1;FOXM1;RESF1;DUSP12;METTL13;EXO1;PPP6R3;TLK2;TLK1;BCAS2;REXO1;ACTR6;ACTR5;ATRX;DNMT3A;RAD23A;PTBP2;REXO4;METTL23;MMS22L;ASPM;NPEPL1;PKM;TFDP2;ESPL1;SYF2;CTDSP1;ESRP1;LANCL2;LCOR;BIRC6;SNRPA1;HDAC5;PRKAA1;UHRF2;MGRN1;SRF;LENG8;AMBRA1;MLLT3;TMA16;HDAC6;CECR2;HAUS8;U2AF2;RBBP8;E2F6;GPKOW;IRX3;DONSON;EXOG;PTPN13;PML;RAD52;RAD50;PRC1;PTPN6;TRMT61A;TRIM33;PANK4;PANK2;HDAC10;NUDT1;NTAQ1;MKI67;TIAL1;HERC2;KAT5;CHEK2;SPATA24;CPNE1;TRIM24;FAM53A;UBAP2L;CCNL2;ESCO1;NSMCE2;RECQL;HNF1B;CSNK1D;JMJD7;JMJD8;JMJD6;SRRM1;RRAGB;SIK2;CBLL1;ILRUN;PAXIP1;TEX264;DCUN1D2;UBE2J2;OSGEP;DHX30;PCBP3;RACGAP1;DHX33;PCBP2;DPH3;RALGDS;RBM10;SRPK2;DDIAS;INTS3;INTS2;MEMO1;NTAN1;PTK2;SRPK1;POLA1;STAG1;STAG2;FUBP3;RNPS1;TOP2A;RPAIN;TOP2B;INTS13;AHCTF1;HIP1;TECR;NAT10;OTUD7B;ZBTB8OS;BRCA1;BRCA2;N4BP2L2;BABAM2;ZMYM2;XPO4;ARIH2;GABPA;TOP3B;SREBF1;PBRM1;PRMT2;NCOA6;PARP2;STRADA;PABPC4;KIF23;SREBF2;SLTM;HNRNPH1;WAC;HNRNPH2;YAP1;TYMS;RAD54B;RXRB;ARVCF;CUX1;METTL4;MARCHF7;METTL5;APBB2;TBL1X;RANBP3;MYEF2;RYK;MOK;APTX;MAD2L2;MIS18A;TTC3;TRIP13;TARDBP;DBR1;CRTC1;GEMIN2;CIB1;EEF1B2;KHSRP;EP300;BORA;PUS1;APLP2;TSC2;NOSIP;KCTD1;LIG3;OCRL;MAU2;DKC1;ZCCHC8;PSMD14;YTHDC1;HTRA2;PDS5B;PDS5A;IRAK1;DEAF1;RPRD1B;SUDS3;DMAP1;ECT2;PIBF1;BPTF;POU2F1;UBE2B;CPSF1;PHF12;HMGA1;MACO1;CLK4;BLTP1;CLK3;AZIN1;CLK2;UBE2W;DLG1;TCF4;RERE;MUS81;KDM5C;RBM26;HP1BP3;YBX3;SENP6;FLCN;HPF1;NTMT1;SNAPC4;RBM7;POLE;RBM5;KDM6A;USP48;TBP;AKTIP;PPP2R5B;GLRX2;PPP2R5C;TRNAU1AP;ETV6;SENP1;SUPV3L1;ELF2;CREB1;ZMYND11;ITGB3BP;KDM3A;ABRAXAS1;PNKP;BRAT1;PARN;WIZ;ABRAXAS2;CLN3;MTA1;MAPK7;TNKS2;CBS;NRIP1;FAM120A;RALY;S100PBP;MUTYH;ATE1;KDM4B;KDM4C;NAA10;TAF13;LIMK2;LRWD1;USP28;CDK11B;USF2;CHFR;USF1;MAPK12;GNPDA2;TAF8;ERCC8;ACIN1;NAA16;QRICH1;RGS12;ERCC6;TAF2;SSBP4,Spen,rmats,1421,GO_Cellular_Component_2023
Intracellular Membrane-Bounded Organelle (GO:0043231),520/5175,2.4366708654384096e-18,1.7263262802638433,78.88890312597252,ATF2;RPL3;TFRC;TRRAP;ITSN1;EHMT1;THYN1;SMC6;RBPJ;PSMD4;ANKFY1;NFRKB;RNF111;DDX17;HES6;RBFOX2;DDX11;PRKCD;DNTTIP1;RFX3;RFX1;ARMC8;PASK;PRKAB1;GTPBP4;EML3;MED7;NISCH;BIN1;ADPRS;MEAF6;SRCAP;PRKDC;SDR39U1;COPS7B;BAZ2B;RNPC3;HIF1A;C9ORF72;MTDH;PRDX5;ZSCAN10;PUSL1;ATRIP;NHEJ1;KAT14;PHC2;HACE1;PHC1;TIPARP;NFATC3;LARP7;UPF3B;TMEM192;CDC7;FAM220A;SETX;HNRNPL;MOV10;MLLT10;FIBP;AGO2;OGDH;CDK10;GTF2IRD1;MMS19;CDIN1;PKIG;EZH2;CEP57;SETD5;SETD6;SMG7;MED15;SMG5;SMG6;MED12;ING4;DLGAP5;NELFE;APPL1;SS18;RING1;SIRT7;TERF2;SIRT2;SIRT3;GNL3;MED23;NCOR2;NCOR1;KIFC1;MED20;MTF2;WDR26;MYRF;CENPA;ECPAS;GGA1;RECQL5;RNF138;NSD2;USP1;PMS2;FLNA;BRD8;PMS1;NKTR;CDKN2D;MBD4;CENPU;ATAD5;PCGF5;NR1H2;PCGF2;YLPM1;TRMT1;RRP1B;SCAF4;GATAD2A;RNF146;PWWP3A;ZYX;CENPP;EEF1AKMT2;MTCH2;CCNT2;DGKD;CCNT1;PDCD6;FMR1;CTNND1;RTKN2;UBP1;HIKESHI;CASC3;CDC14B;PAPOLA;NEK1;SMARCAD1;KMT5B;MTPAP;MAF1;HMGN2;MAP3K7;GTF2I;TLE1;IST1;USP3;IPMK;VRK1;CDC25C;THOC7;ILF3;CLIP1;DMTF1;MSH3;PKP4;MAPKAPK5;CSNK1G2;KMT2E;ANKRD17;ANKRD16;MAZ;GPATCH2L;BCL2L12;BAG6;SBNO1;SAFB2;KHDC4;MAP2K7;OSBPL9;TIA1;CHTOP;ANKRD27;OSBPL2;FANCA;FANCC;LSM5;FANCE;DRAP1;NSFL1C;LSM7;CNOT6;DAB1;COPS2;CNOT2;TADA3;MDM2;MDM4;NF2;MDM1;RAD9A;RNF10;NXT1;CELF1;AKAP8L;FHL1;FOXM1;PIK3C2A;RESF1;DUSP12;METTL13;EXO1;PPP6R3;TLK2;TLK1;BCAS2;REXO1;ACTR6;ACTR5;ATRX;DNMT3A;RAD23A;PTBP2;REXO4;METTL23;MMS22L;TRAF7;ASPM;NPEPL1;PKM;TFDP2;ESPL1;SYF2;CTDSP1;ESRP1;DNAJC5;LANCL2;LCOR;BIRC6;SNRPA1;HDAC5;PRKAA1;UHRF2;MGRN1;SRF;LENG8;AMBRA1;MLLT3;TMA16;HDAC6;CECR2;ZNRF1;U2AF2;RBBP8;E2F6;GPKOW;IRX3;DONSON;EXOG;MCOLN1;PTPN13;PML;RAD52;RAD50;PRC1;DOLPP1;DNAJA3;PTPN6;TRMT61A;TRIM33;PANK4;PANK2;HDAC10;ECI2;NUDT1;NTAQ1;MKI67;TIAL1;HERC2;KAT5;CHEK2;SPATA24;CPNE1;TRIM24;FAM53A;UBAP2L;CCNL2;AGFG1;ESCO1;NSMCE2;RECQL;HNF1B;CSNK1D;JMJD7;JMJD8;JMJD6;SRRM1;RRAGB;SIK2;CBLL1;ILRUN;PAXIP1;TEX264;DCUN1D2;UBE2J2;OSGEP;DHX30;PCBP3;RACGAP1;DHX33;PCBP2;DPH3;RALGDS;RBM10;SEC31A;CTSA;SRPK2;DDIAS;STK11IP;INTS3;INTS2;MEMO1;NTAN1;PTK2;SRPK1;POLA1;STAG1;STAG2;FUBP3;GOLGB1;RNPS1;TOP2A;RPAIN;TOP2B;INTS13;AHCTF1;HIP1;TECR;NAT10;OTUD7B;ZBTB8OS;BRCA1;BRCA2;N4BP2L2;BABAM2;ZMYM2;XPO4;ARIH2;CTSH;CTSF;GABPA;TMED5;TOP3B;SREBF1;PBRM1;DBNL;PRMT2;NCOA6;PARP2;STRADA;PABPC4;KIF23;SREBF2;GAK;SLTM;HNRNPH1;WAC;HNRNPH2;YAP1;STX16;SLC66A1;TYMS;RAD54B;RXRB;ARVCF;CUX1;METTL4;MARCHF7;METTL5;APBB2;TBL1X;EPS15;RANBP3;MYEF2;RYK;MOK;APTX;MAD2L2;SEC23IP;MIS18A;TTC3;NBR1;TRIP13;TARDBP;SCARB1;DBR1;CRTC1;GEMIN2;CIB1;EEF1B2;KHSRP;EP300;BORA;PUS1;APLP2;TSC2;NOSIP;KCTD1;LIG3;OCRL;PLA2G15;MAU2;DKC1;ZCCHC8;PSMD14;YTHDC1;ARHGAP19;HTRA2;PDS5B;PDS5A;IRAK1;DEAF1;TBC1D14;RPRD1B;SUDS3;DMAP1;ECT2;PIBF1;BPTF;CPSF4;POU2F1;UBE2B;CPSF1;PHF12;HMGA1;MACO1;CLK4;BLTP1;CLK3;AZIN1;CLK2;IFT20;UBE2W;DLG1;TCF4;MAN2B1;RERE;MUS81;KDM5C;RBM26;HP1BP3;RABEPK;YBX3;SENP6;FLCN;HPF1;NTMT1;SNAPC4;RBM7;GUSB;POLE;RBM5;KDM6A;POLG;USP48;TBP;AKTIP;PPP2R5B;GLRX2;PPP2R5C;TRNAU1AP;ETV6;EPN2;SENP1;SUPV3L1;TRAPPC6A;ELF2;CREB1;RABEP2;ZMYND11;ITGB3BP;VAC14;KDM3A;MVK;ABRAXAS1;PNKP;BRAT1;PARN;WIZ;ABRAXAS2;CLCN3;CLN3;MTA1;MAPK7;TNKS2;CBS;NRIP1;FAM120A;RALY;S100PBP;MUTYH;REPS1;ATE1;KDM4B;KDM4C;NAA10;TAF13;LIMK2;LRWD1;USP28;CDK11B;USF2;CHFR;USF1;MAPK12;CLCN4;GNPDA2;GLB1;POLE2;TAF8;ERCC8;ACIN1;NAA16;QRICH1;RGS12;ERCC6;TAF2;SSBP4,Spen,rmats,1421,GO_Cellular_Component_2023
Mitotic Spindle (GO:0072686),30/143,7.526353191251718e-6,3.524426941844856,58.270402268511084,EPB41;CDC14B;FLCN;TAF1D;RACGAP1;HAUS8;NUSAP1;TBL1X;ECT2;KAT14;DLGAP5;CLASP1;CLASP2;IQCB1;LIMK2;CDC7;HAUS6;KIF23;SIRT2;EML3;EML4;ATAT1;WRAP73;ZZZ3;NCOR1;ESPL1;TFDP2;KIFC1;TADA3;PKP4,Spen,rmats,1421,GO_Cellular_Component_2023
Intracellular Non-Membrane-Bounded Organelle (GO:0043232),127/1195,2.1895052003017767e-4,1.6091967247277843,20.718699361884934,RPL3;CCNT1;TMEM179B;GEMIN2;FMR1;SPPL2B;HJURP;RBPJ;MKI67;CDC14B;RPS6KA6;KAT5;CSPP1;NUSAP1;ARFIP2;TRAPPC13;MAGI1;ESCO1;DIMT1;DDX11;DNTTIP1;RECQL;CSNK1D;VRK1;LARP4B;GTPBP4;EML3;JMJD6;ILF3;SHQ1;DKC1;BIN1;PKP4;WDFY3;LLGL1;ZCCHC8;MEAF6;EPB41;PRKDC;HTRA2;NOLC1;PDS5B;PDS5A;DEDD2;SYCE2;DHX33;RACGAP1;IRAK1;EPB41L3;UTP20;COX10;SRPK2;OSBPL2;UPF3B;FANCE;PTK2;FANCG;ABTB1;POLA1;SMTN;STAG1;STAG2;ZZZ3;MDM2;MMS19;NF2;EIF4G3;TOP2A;TOP2B;HIP1;TUT4;HP1BP3;FAF2;NAT10;BRCA1;FOXM1;TENT4B;SMG6;EPB41L4A;SH3PXD2B;LRRFIP1;RBM7;SPG11;WDR36;PPP1R12A;DBNL;NSUN5;RIPK2;ACTR6;PARP2;DDX55;KIF23;URB2;SIRT7;SIRT2;REXO4;ETV6;GNL3;TRAF7;SDHAF2;PNKP;PARN;ASAP1;AMBRA1;TMA16;TAF1D;RECQL5;PES1;NRIP1;FLNA;METTL5;NAA10;TAF13;KRR1;LRWD1;RRP1B;APTX;PML;MAD2L2;PRC1;TTC3;PTPN6;RGS12;ERCC6;TRIP13;CENPP;TARDBP,Spen,rmats,1421,GO_Cellular_Component_2023
Nuclear Lumen (GO:0031981),88/780,6.922208842327293e-4,1.7064121521709907,19.62540910062041,TOP2A;TOP2B;RPL3;CCNT1;TMEM179B;TUT4;GEMIN2;FMR1;SPPL2B;HJURP;NAT10;RBPJ;MKI67;TENT4B;SMG6;CDC14B;RPS6KA6;KAT5;NUSAP1;ARFIP2;RBM7;SPG11;MAGI1;PBRM1;WDR36;PPP1R12A;NSUN5;ACTR6;DIMT1;PARP2;DDX55;DDX11;DNTTIP1;VRK1;URB2;SIRT7;LARP4B;SIRT2;GTPBP4;REXO4;ETV6;GNL3;JMJD6;TRAF7;ILF3;SHQ1;SDHAF2;DKC1;WDFY3;ZCCHC8;MEAF6;PRKDC;PNKP;PARN;NOLC1;TMA16;DEDD2;TAF1D;DHX33;PES1;NRIP1;FLNA;METTL5;UTP20;COX10;SRPK2;NAA10;TAF13;KRR1;UPF3B;LRWD1;RRP1B;APTX;FANCG;PML;SETX;MAD2L2;ABTB1;POLA1;STAG2;ZZZ3;TTC3;MDM2;PTPN6;RGS12;ERCC6;NF2;CENPP,Spen,rmats,1421,GO_Cellular_Component_2023
Spindle (GO:0005819),33/210,7.847903493910882e-4,2.4718165388560545,27.66740146308178,EPB41;CDC14B;FLCN;TAF1D;RACGAP1;CSPP1;NUSAP1;TBL1X;ECT2;KAT14;DLGAP5;CLASP1;CLASP2;IQCB1;LIMK2;CSNK1D;CDC7;KIF23;SIRT2;EML3;EML4;ATAT1;MAD2L2;WRAP73;ZZZ3;NCOR1;ESPL1;TFDP2;KIFC1;PRC1;TADA3;MMS19;PKP4,Spen,rmats,1421,GO_Cellular_Component_2023
Nucleolus (GO:0005730),86/771,9.553014106389951e-4,1.6828059815741272,18.2456290570496,TOP2A;TOP2B;RPL3;CCNT1;TMEM179B;TUT4;GEMIN2;FMR1;SPPL2B;HJURP;NAT10;RBPJ;MKI67;TENT4B;SMG6;CDC14B;RPS6KA6;KAT5;NUSAP1;ARFIP2;RBM7;SPG11;MAGI1;WDR36;PPP1R12A;NSUN5;ACTR6;DIMT1;PARP2;DDX55;DDX11;DNTTIP1;VRK1;URB2;SIRT7;LARP4B;SIRT2;GTPBP4;REXO4;ETV6;GNL3;JMJD6;TRAF7;ILF3;SHQ1;SDHAF2;DKC1;WDFY3;ZCCHC8;MEAF6;PRKDC;PNKP;PARN;NOLC1;TMA16;DEDD2;TAF1D;DHX33;PES1;NRIP1;FLNA;METTL5;UTP20;COX10;SRPK2;NAA10;TAF13;KRR1;UPF3B;LRWD1;RRP1B;APTX;FANCG;PML;MAD2L2;ABTB1;POLA1;STAG2;ZZZ3;TTC3;MDM2;PTPN6;RGS12;ERCC6;NF2;CENPP,Spen,rmats,1421,GO_Cellular_Component_2023
INO80-type Complex (GO:0097346),9/25,0.001383599386093973,7.394962818696884,76.45235071076998,SRCAP;KAT5;TRRAP;ACTR6;ACTR5;EP400;BRD8;DMAP1;NFRKB,Spen,rmats,1421,GO_Cellular_Component_2023
Swr1 Complex (GO:0000812),6/12,0.0030764284920941636,13.125795053003534,123.66562439666555,KAT5;SRCAP;TRRAP;EP400;BRD8;DMAP1,Spen,rmats,1421,GO_Cellular_Component_2023
Chromosome (GO:0005694),26/164,0.003192017054757643,2.4906030855539973,23.11112270087307,TOP2A;FMR1;HP1BP3;SMC6;PDS5B;BRCA1;MKI67;PDS5A;SYCE2;RECQL5;PES1;TRAPPC13;PBRM1;ESCO1;KRR1;DNTTIP1;RECQL;RRP1B;FANCE;SIRT2;GNL3;SETX;MAD2L2;STAG1;STAG2;TRIP13,Spen,rmats,1421,GO_Cellular_Component_2023
Nuclear Chromosome (GO:0000228),17/95,0.01081118650721373,2.871986631602016,22.87275816753537,TOP2A;PBRM1;SRCAP;TRRAP;ACTR6;ACTR5;PHF12;SETX;RAD50;KAT5;EP400;RGS12;BRD8;DMAP1;SUDS3;NCAPD3;NFRKB,Spen,rmats,1421,GO_Cellular_Component_2023
Cytoplasmic Stress Granule (GO:0010494),14/76,0.023805585522461984,2.9717541325629915,21.063018042070272,TIA1;STAU1;YTHDF3;CELF1;FMR1;PABPC4;ZFAND1;LARP4B;PUM1;C9ORF72;PUM2;TIAL1;ATXN2L;G3BP2,Spen,rmats,1421,GO_Cellular_Component_2023
RNA Binding (GO:0003723),152/1411,9.548232491927826e-13,2.2001210724356506,74.9228726153927,OTUD4;TFRC;RTCA;FMR1;SPPL2B;NUDT1;MSI1;ENO1;RPL10A;YARS2;VIRMA;TIAL1;ENDOV;PSMD4;UBAP2L;MTPAP;HMGN2;RARS2;RBFOX2;TYW5;SECISBP2;ALG13;DICER1;THOC2;LARP4B;GTPBP1;JMJD6;FAM133B;ATXN2L;ILF3;ZC3H11A;GEMIN5;DUS3L;ZCCHC8;UTP25;CSTF2;TRMT2A;RTN4;FXR1;DHX30;HNRNPDL;PCBP3;PCBP2;ERI3;HLTF;SAFB2;KHDC4;MAP4;RBM10;N4BP1;TRMT1L;MARK2;CPSF4;PRPF38B;TIA1;CHTOP;CPSF7;RBPMS;KNOP1;UPF3B;PRRC2C;HELZ;LSM5;PUM1;ANKHD1;LSM2;PUM2;SRPK1;EIF5;SON;LSM6;FUBP3;CNOT1;GOLGB1;AGO2;RNPS1;HNRNPC;EIF4G3;DZIP3;SUGP2;RPS24;EIF4G1;TOP2A;RBM25;CELF1;AKAP8L;BRCA1;ZCCHC17;PHF6;YBX3;SPOUT1;METTL14;LRRFIP1;RBM34;RBM5;NELFE;RBM6;EIF5A;TOP3B;CLUH;PABPC4;RBM18;TRNAU1AP;DDX50;SUPV3L1;DALRD3;SARS2;PKM;SLTM;NOA1;THRAP3;ESRP1;RPUSD3;STRAP;SNRPA1;ALDOA;RBMS2;STAU1;POLDIP3;RPL12;SRRT;AKAP8;MTIF2;MTHFSD;UNK;U2AF2;TRA2A;FAM120A;RALY;EXOSC2;SRSF11;PTCD3;PTPN1;RBM39;MYEF2;YTHDF3;KRR1;IMMT;RSRC2;TRMT1;ELP5;TPD52L2;APTX;U2SURP;KTN1;SEC23IP;HNRNPA2B1;TRMT6;ACIN1;TARDBP;TNRC6A;R3HDM2,Strap,rmats,1119,GO_Molecular_Function_2023
mRNA Binding (GO:0003729),44/282,1.841926032700204e-7,3.206144225131913,67.94096507610071,RBM25;CELF1;POLDIP3;FMR1;CSTF2;MSI1;YBX3;TIAL1;FXR1;METTL14;UNK;PCBP3;PCBP2;N4BP1;RBM5;NELFE;CHTOP;CPSF7;TIA1;RBFOX2;CLUH;MYEF2;YTHDF3;RBPMS;SECISBP2;PABPC4;UPF3B;LARP4B;THOC2;PUM1;PUM2;ATXN2L;PKM;FUBP3;ESRP1;AGO2;HNRNPA2B1;GEMIN5;RNPS1;HNRNPC;TARDBP;EIF4G3;RBMS2;EIF4G1,Strap,rmats,1119,GO_Molecular_Function_2023
GTPase Binding (GO:0051020),34/225,2.385379165311126e-5,3.066373923323763,48.82183060245619,USP6NL;BECN1;GARRE1;MAPKAP1;ARHGAP1;GCC2;CIB1;STK19;ENO1;AMBRA1;YBX3;GGA1;AP3M1;AP1G1;ANKFY1;ERC1;DNM1L;RAB11FIP3;PLEKHG3;GIT2;HACE1;ANKRD27;PLEKHG2;HPS4;TSC2;MYO9B;GAPVD1;CYRIB;LSM2;MYO1C;RRAGB;PEX5;RAB3GAP2;ARHGEF2,Strap,rmats,1119,GO_Molecular_Function_2023
Small GTPase Binding (GO:0031267),30/199,9.977911145634865e-5,3.0501899033367565,43.236936689857224,USP6NL;GARRE1;MAPKAP1;ARHGAP1;GCC2;CIB1;STK19;YBX3;GGA1;AP3M1;AP1G1;ANKFY1;ERC1;DNM1L;RAB11FIP3;PLEKHG3;GIT2;HACE1;ANKRD27;PLEKHG2;HPS4;TSC2;MYO9B;GAPVD1;CYRIB;LSM2;MYO1C;PEX5;RAB3GAP2;ARHGEF2,Strap,rmats,1119,GO_Molecular_Function_2023
"Catalytic Activity, Acting On A tRNA (GO:0140101)",12/39,9.977911145634865e-5,7.5696075479273315,105.82190795452547,DTWD2;QTRT2;MTFMT;TYW5;TYW3;TARS2;DUS1L;FTSJ1;DUS3L;OSGEP;ANKZF1;TRIT1,Strap,rmats,1119,GO_Molecular_Function_2023
mRNA 3'-UTR Binding (GO:0003730),18/93,3.309384642808372e-4,4.099400544959128,51.646484645278065,TIA1;CELF1;FMR1;PABPC4;SECISBP2;LARP4B;PUM1;YBX3;PUM2;TIAL1;FXR1;ILF3;HNRNPA2B1;GEMIN5;RNPS1;HNRNPC;TARDBP;RBMS2,Strap,rmats,1119,GO_Molecular_Function_2023
Nuclear Receptor Binding (GO:0016922),20/115,4.643222977844339e-4,3.598678224222978,43.564693293246414,TCF7L2;KDM3A;NCOA6;WBP2;GTF2H1;ARID1A;HIF1A;FOXP1;MED22;MED14;NCOR1;CNOT1;THRAP3;NSD1;TADA3;NRIP1;MMS19;TRIP12;BRD8;TACC2,Strap,rmats,1119,GO_Molecular_Function_2023
DNA Binding (GO:0003677),77/846,0.0012371936706780005,1.7404561099615874,19.1314330179157,TOP2A;KDM5A;APP;CCNT1;FBH1;MPG;OGG1;FMR1;BRCA1;SMC6;RBPJ;ENDOV;SNAPC4;MLX;SMARCAD1;TRIM26;LRRFIP1;POLE;RBM5;POLG;RBM6;KDM2B;PARP2;SECISBP2;ATRX;DNMT3A;RAD23A;ARID1A;SUPV3L1;TOX3;ILF3;MAU2;SLTM;IRF3;MSH3;THRAP3;MTF2;TIMELESS;ZMYND11;KDM3A;TSG101;KDM3B;WBP2;PNKP;SRRT;PDS5B;HIF1A;NR2C1;SBNO1;TFPT;NTHL1;PCBP2;HSF1;ZSCAN10;SAFB2;RBBP8;PMS2;DEDD;CTC1;MBD3;TCF7L2;NFYA;NR1H2;NFYC;MLH1;APTX;USF1;DRAP1;RAD52;CAMSAP3;TFAP4;FUBP3;POLR3C;ERCC1;QRICH1;TARDBP;RAD18,Strap,rmats,1119,GO_Molecular_Function_2023
Ubiquitin-Like Protein Transferase Activity (GO:0019787),30/240,0.002087763988892884,2.449298176570904,25.353087154801578,CUL5;RNF13;UHRF1;BRCA1;ZNRF1;RNF115;RNF214;MARCHF8;ARIH1;BTRC;ATG5;UBE2F;ATG3;UBE2H;HACE1;UBE2B;FBXW11;RNF25;CHFR;UBE2W;ITCH;TTC3;MDM2;UBA3;ERCC8;MDM4;BCOR;CBLL1;DZIP3;TRIM33,Strap,rmats,1119,GO_Molecular_Function_2023
Nuclear Thyroid Hormone Receptor Binding (GO:0046966),8/27,0.004701971744612496,7.1484201051684115,67.43758903619754,MED22;NCOR1;NCOA6;THRAP3;NSD1;GTF2H1;TRIP12;BRD8,Strap,rmats,1119,GO_Molecular_Function_2023
Histone Demethylase Activity (GO:0032452),8/29,0.00747779160027239,6.466932407526467,57.39175810967155,KDM5A;KDM3A;KDM5C;KDM4B;KDM3B;KDM2A;KDM2B;JMJD6,Strap,rmats,1119,GO_Molecular_Function_2023
Damaged DNA Binding (GO:0003684),10/45,0.007495889142938656,4.855339430632488,42.65522905947552,MPG;NTHL1;PARP2;OGG1;PNKP;ERCC1;RBBP8;SMC6;APTX;RAD18,Strap,rmats,1119,GO_Molecular_Function_2023
Ubiquitin-Protein Transferase Activity (GO:0004842),41/412,0.011828530110450599,1.897569123214098,15.653082707860834,RNF10;CUL5;RNF13;UHRF1;LTN1;DTX2;BRCA1;UBE3B;ZNRF1;RNF115;RNF214;RNF215;UBR5;HLTF;MARCHF8;TRIM26;ARIH1;BTRC;RNF111;RNF44;UBE2H;HACE1;RING1;UBE2B;RNF25;FBXW11;SYVN1;CHFR;UBE2W;ITCH;TTC3;MDM2;ERCC8;MDM4;TRIP12;BCOR;RNF185;CBLL1;DZIP3;TRIM33;RNF121,Strap,rmats,1119,GO_Molecular_Function_2023
Methylation-Dependent Protein Binding (GO:0140034),12/68,0.01479263624706864,3.6440185830429734,28.974668164755517,KDM5A;ING4;CBX5;ZZZ3;UHRF1;FMR1;MTF2;SGF29;LRWD1;NCAPD3;ZMYND11;HDGFL2,Strap,rmats,1119,GO_Molecular_Function_2023
Protein Serine/Threonine Kinase Activity (GO:0004674),35/342,0.01680932221073575,1.9534658701635876,15.148147964188135,PRKAA1;ARAF;ILK;STK19;RPS6KA6;CHEK2;STK16;STK38;PHKG2;TLK2;TLK1;MAP4K5;MARK3;MARK2;BRD4;MAP2K6;PLK4;MAP3K3;CHUK;LIMK2;PRKCD;CDC7;VRK1;MAPK14;PRKAB1;CLK4;SRPK1;HIPK2;CLK2;CLK1;MELK;STK25;RPS6KB2;CSNK1G2;CILK1,Strap,rmats,1119,GO_Molecular_Function_2023
3'-5'-RNA Exonuclease Activity (GO:0000175),8/34,0.016948542350651307,5.221906806065222,40.113182459762875,PAN2;CNOT6;CNOT1;PDE12;ERI2;CNOT2;ERI3;EXOSC2,Strap,rmats,1119,GO_Molecular_Function_2023
Methylated Histone Binding (GO:0035064),12/71,0.01835652530691086,3.4581783105966655,26.079103963938273,KDM5A;ING4;CBX5;ZZZ3;UHRF1;FMR1;MTF2;SGF29;LRWD1;NCAPD3;ZMYND11;HDGFL2,Strap,rmats,1119,GO_Molecular_Function_2023
MAP Kinase Kinase Activity (GO:0004708),5/14,0.023233762082563534,9.411530021942948,68.21951287841857,MAP2K4;MAPK14;MAP2K7;MAP2K5;MAP2K6,Strap,rmats,1119,GO_Molecular_Function_2023
miRNA Binding (GO:0035198),7/29,0.027438403669611165,5.396214846304774,37.92513552076078,FMR1;AGO2;HNRNPA2B1;PUM1;SPOUT1;RBM10;PUM2,Strap,rmats,1119,GO_Molecular_Function_2023
Histone Deacetylase Binding (GO:0042826),14/99,0.03537540906839256,2.801639606068672,18.834675128126417,HDAC10;AKAP8L;PHF6;SIRT2;USF1;KAT2A;NCOR1;TFAP4;SP2;MIER3;BRMS1L;SUDS3;BCOR;MTA3,Strap,rmats,1119,GO_Molecular_Function_2023
Annealing Activity (GO:0140666),3/5,0.04491227570117929,25.375,163.29443400805266,FXR1;FMR1;RECQL,Strap,rmats,1119,GO_Molecular_Function_2023
DNA Damage Response (GO:0006974),59/384,4.415266686757911e-9,3.1779506531204644,86.65725361981204,TOP2A;MUS81;ATF2;TRRAP;FBH1;OGG1;FMR1;NUDT1;CIB1;SMC6;BRCA1;ENDOV;HPF1;CHEK2;TLK2;KMT5B;NCOA6;PARP2;USP3;PRKCD;ATRX;RECQL;PPP4R3A;VRK1;CHD1L;PPP4R3B;FOXP1;IRF3;MSH3;TIMELESS;CEP63;HDGFL2;STXBP4;PNKP;HTRA2;PDS5B;RBBP5;HLTF;UBR5;RBBP8;NAE1;BID;MAP2K6;CBX5;UBE2B;INTS3;XRCC3;FANCA;GTF2H1;MAPK14;USP28;ERCC1;POLE2;PWWP3A;ERCC8;MMS19;TRIP12;MNAT1;RAD18,Strap,rmats,1119,GO_Biological_Process_2023
DNA Metabolic Process (GO:0006259),48/288,1.4803588794427265e-8,3.481045751633987,88.2978850723779,TOP2A;MUS81;TOP2B;TRRAP;FBH1;OGG1;FMR1;PNKP;NUDT1;BRCA1;PDS5B;TFPT;ENDOV;HPF1;NTHL1;HLTF;RBBP8;SMARCAD1;KMT5B;POLE;POLG;CTC1;TOP3B;TCF7L2;UBE2B;PARP2;INTS3;USP3;ACTR5;XRCC3;ATRX;RECQL;REV1;FANCA;DONSON;GTF2H1;CHD1L;LRWD1;SUPV3L1;RAD52;MSH3;ERCC1;POLE2;PWWP3A;TIMELESS;MMS19;MNAT1;RAD18,Strap,rmats,1119,GO_Biological_Process_2023
DNA Repair (GO:0006281),47/291,4.986562582408439e-8,3.3488003119647662,79.51862214449427,MUS81;TRRAP;FBH1;MPG;ABRAXAS1;OGG1;FMR1;PNKP;NUDT1;CIB1;BRCA1;PDS5B;ENDOV;HPF1;NTHL1;CHEK2;HLTF;RBBP8;PMS2;KMT5B;POLE;UBE2B;PARP2;INTS3;USP3;ACTR5;XRCC3;ATRX;RECQL;FANCA;GTF2H1;RAD23A;CHD1L;MLH1;FANCE;APTX;RAD52;MSH3;ERCC1;POLE2;PWWP3A;TIMELESS;ERCC8;MMS19;MNAT1;RAD18;RHNO1,Strap,rmats,1119,GO_Biological_Process_2023
Chromatin Remodeling (GO:0006338),37/228,3.7289664238101502e-6,3.346188462320117,64.05665188930253,KDM5A;KDM5C;USP15;PAXIP1;BAZ2B;HIRA;CECR2;TFPT;HPF1;UBR5;SMARCAD1;BRD9;SUDS3;MTA3;MBD3;SS18;PBRM1;CHTOP;KDM4B;BRPF1;RING1;KDM2B;PHF10;PARP2;USP3;ACTR5;ATRX;CHD1L;ARID1A;SIRT2;KAT2A;TADA2A;MTF2;TRIP12;HNRNPC;BCOR;HDGFL2,Strap,rmats,1119,GO_Biological_Process_2023
Regulation Of Histone Modification (GO:0031056),10/18,5.1447003951789695e-6,21.27254283137962,395.6307849465018,FLCN;HPF1;KAT2A;TADA2A;ZZZ3;NFYA;NFYC;TADA3;SGF29;KAT14,Strap,rmats,1119,GO_Biological_Process_2023
Chromatin Organization (GO:0006325),39/268,2.1407700101971527e-5,2.941242115477923,49.97195210000495,KDM5A;NAA60;KDM5C;PAXIP1;HDAC10;BAZ2B;ING4;HIRA;CECR2;TFPT;SMARCAD1;BRD9;SUDS3;HMGN2;MTA3;MBD3;SS18;PBRM1;CHTOP;KDM4B;BRPF1;CBX5;RING1;KDM2B;PHF10;ACTR5;ATRX;CHD1L;LRWD1;ARID1A;KAT2A;TADA2A;ZZZ3;NASP;MTF2;PWWP3A;HNRNPC;BCOR;HDGFL2,Strap,rmats,1119,GO_Biological_Process_2023
Ubiquitin-Dependent Protein Catabolic Process (GO:0006511),46/367,1.1366551534759098e-4,2.4787404226656564,37.59362933545562,TSG101;PSMD14;RNF13;PSMD13;UHRF1;UBE3B;AMBRA1;PSMD8;PCNP;ZNRF1;RNF115;PSMD4;RNF215;PCBP2;ZSWIM8;ARIH1;ELOC;TBL1X;NAE1;BTRC;RNF111;UBL7;ATE1;UBE2H;HACE1;UBE2B;ARRDC1;USP9X;FBXW11;RNF25;SYVN1;RAD23A;ARMC8;USP28;SIRT2;CHFR;SPSB3;NSFL1C;UBE2W;ITCH;TTC3;CHMP2A;MDM2;ERCC8;TRIP12;RNF185,Strap,rmats,1119,GO_Biological_Process_2023
tRNA Modification (GO:0006400),16/67,2.3931278036522192e-4,5.355803246049099,76.52576114197883,ANKRD16;TYW5;TYW3;TRMT1;ELP5;FTSJ1;OSGEP;TRIT1;GTPBP3;DTWD2;QTRT2;TRMT6;DUS1L;PUSL1;DUS3L;TRMT61A,Strap,rmats,1119,GO_Biological_Process_2023
Regulation Of Multicellular Organismal Development (GO:2000026),14/59,0.0010846632629858705,5.303247863247863,66.80514350832468,BRD1;BRPF1;BRPF3;ACTR5;SGF29;BLTP1;TFPT;KAT2A;TADA2A;ZZZ3;RACGAP1;TADA3;TRIP12;KAT14,Strap,rmats,1119,GO_Biological_Process_2023
Proteasome-Mediated Ubiquitin-Dependent Protein Catabolic Process (GO:0043161),39/319,0.0010846632629858705,2.398938492063492,29.919064486945054,RNF10;ANAPC15;ANAPC16;CUL5;PSMD14;PSMD13;FAF2;SEL1L;LTN1;AMBRA1;USP19;PSMD8;PCNP;AMN1;ZNRF1;PSMD4;PCBP2;ZSWIM8;TBL1X;BTRC;ANKZF1;KLHDC10;UBE2B;FBXW11;SYVN1;RAD23A;ARMC8;SIRT2;FBXL12;SPSB3;NSFL1C;UBE2W;ITCH;MDM2;ERCC8;TRIP12;ANAPC5;RNF185;RNF121,Strap,rmats,1119,GO_Biological_Process_2023
Positive Regulation Of Nucleic Acid-Templated Transcription (GO:1903508),58/557,0.0010846632629858705,2.0137466261457884,25.088613777524593,KDM5A;RNF10;TRRAP;ILK;BRCA1;SGF29;FOXM1;EDRF1;MED14;CHEK2;BTRC;RNF111;CHUK;NCOA6;FBXW11;ACTR5;HNF1B;ARID1A;MSL1;JMJD6;MED22;KAT2A;ILF3;CREB1;ELF2;PSRC1;THRAP3;PRKAA1;KDM3A;WBP2;ZBTB48;MLLT3;HIF1A;RXRB;TFPT;NSD1;BRD8;TBL1X;MAP2K7;MTA3;BRD4;MBD3;ATF7IP;BRPF1;TGFB1;NFYA;NR1H2;GTF2H1;HIPK2;TFAP4;MRGBP;FUBP3;TADA3;MMS19;NAA16;QRICH1;OGT;TAF2,Strap,rmats,1119,GO_Biological_Process_2023
Histone H3-K14 Acetylation (GO:0044154),6/10,0.0012514174318808728,25.440700808625337,309.3762427002852,KAT2A;TADA2A;ZZZ3;TADA3;SGF29;KAT14,Strap,rmats,1119,GO_Biological_Process_2023
Protein Ubiquitination (GO:0016567),48/434,0.0012514174318808728,2.14742891975443,26.088283237699333,RNF10;ANAPC16;CUL5;RNF13;UHRF1;FBH1;DTX2;AMBRA1;BRCA1;UBE3B;DDA1;PCNP;RNF115;UBR5;HLTF;ZSWIM8;MARCHF8;MARCHF7;TRIM26;ELOC;NAE1;ARIH1;BTRC;RNF111;ATG3;RNF44;UBE2H;HACE1;UBE2B;USP9X;RNF25;ARRDC1;FBXW11;SYVN1;FANCA;FANCE;CHFR;UBE2W;ITCH;MDM2;ERCC8;MDM4;TRIP12;RNF185;CBLL1;DZIP3;RAD18;TRIM33,Strap,rmats,1119,GO_Biological_Process_2023
Mitotic Sister Chromatid Segregation (GO:0000070),19/111,0.002618720941838983,3.527579051383399,39.98897489825192,BECN1;ABRAXAS1;AKAP8L;NCAPG;WAPL;EML4;SGO1;TPX2;WRAP73;STAG1;PSRC1;ESPL1;PRC1;CHEK2;CHMP2A;NCAPD3;DLGAP5;CLASP1;CCDC61,Strap,rmats,1119,GO_Biological_Process_2023
Regulation Of Tubulin Deacetylation (GO:0090043),7/17,0.004084910488127242,11.879226618705037,128.56280364327904,PRKAA1;KAT2A;TADA2A;ZZZ3;TADA3;SGF29;KAT14,Strap,rmats,1119,GO_Biological_Process_2023
Regulation Of Cell Cycle (GO:0051726),35/298,0.005378871335188102,2.2856832180489106,23.96029623981545,ANAPC15;ANAPC16;TRRAP;HTRA2;BRCA1;SGF29;FOXM1;ING4;SDCBP;TFPT;E4F1;RPRD1B;BRD8;HRAS;KAT14;DLGAP5;MAP2K6;TGFB1;ACTR5;TSC2;RAD23A;PUM1;SIRT2;GADD45G;HIPK2;KAT2A;TADA2A;ZZZ3;MRGBP;SON;BIN1;TADA3;MDM2;ANAPC5;TARDBP,Strap,rmats,1119,GO_Biological_Process_2023
Regulation Of Embryonic Development (GO:0045995),13/62,0.005673710834176776,4.5174004502343434,46.83994344499264,UTP25;ACTR5;SGF29;TFPT;RPS6KA6;KAT2A;TADA2A;ZZZ3;RACGAP1;TADA3;TRIP12;CLASP1;KAT14,Strap,rmats,1119,GO_Biological_Process_2023
Regulation Of Cell Cycle Process (GO:0010564),20/130,0.0060761440229743545,3.1054677806270163,31.79134924736103,BECN1;PBRM1;BORA;PHF10;CDC25C;PUM1;ARID1A;USP19;PUM2;FLCN;DBF4;RACGAP1;BIN1;PRC1;E4F1;RPRD1B;CEP85;ENTR1;ECT2;RAB11FIP3,Strap,rmats,1119,GO_Biological_Process_2023
Histone Modification (GO:0016570),15/81,0.0060761440229743545,3.8733119235836626,39.465291799504726,MBD3;UBE2B;TRRAP;USP3;SIRT2;ING4;MRGBP;TADA2A;BRMS1L;TADA3;BRD8;SUDS3;TBL1X;MTA3;KAT14,Strap,rmats,1119,GO_Biological_Process_2023
Regulation Of DNA-templated Transcription (GO:0006355),147/1922,0.00738638605414302,1.4574752217005738,14.490901504996344,ATF2;CCNT1;HDAC10;TRRAP;UBP1;ENO1;RBPJ;TIAL1;CHEK2;BBX;BTRC;FADS1;RNF111;HES6;RBFOX2;TLE1;KDM2A;KDM2B;FBXW11;THOC1;HNF1B;RFX1;FOXP4;FOXP1;JMJD6;ILF3;DMTF1;TIMELESS;TCF7;BAZ2B;HIF1A;SBNO1;ZSCAN10;SAFB2;E4F1;SUDS3;MAP2K7;KAT14;BRPF1;CBX5;TGFB1;PHF10;BRPF3;PHF12;PBX3;NFATC3;RFXANK;MLLT10;TADA2A;ZZZ3;MRGBP;SP2;FUBP3;CNOT2;TADA3;MDM2;MDM4;MMS19;MNAT1;OGT;KDM5A;SETD5;RNF10;KDM5C;OGG1;ILK;BRCA1;SGF29;FOXM1;ING4;EDRF1;MED14;ZMYM2;SIN3A;MLX;ERC1;LRRFIP1;ELOC;HRAS;SS18;PBRM1;BRD1;TGIF2;RING1;CHUK;ACTR6;NCOA6;ACTR5;ATRX;TCF12;DNMT3A;ARID1A;ETV4;LIME1;SIRT2;MSL1;MED22;TOX3;KAT2A;ELF2;PSRC1;CREB1;NCOR1;SLTM;IRF3;AEBP2;TFDP2;THRAP3;MTF2;ZMYND11;PRKAA1;KDM3A;KDM3B;WBP2;SRRT;ZBTB48;MLLT3;RXRB;HIRA;TFPT;NSD1;HSF1;RBBP8;BRD9;BRD8;TBL1X;E2F6;MTA3;APBB3;BRD4;MBD3;ATF7IP;TCF7L2;NFYA;NR1H2;NFYC;GTF2H1;MAPK14;USF1;HIPK2;TFAP4;POLR3C;NAA16;QRICH1;BCOR;TRIM33;TAF2,Strap,rmats,1119,GO_Biological_Process_2023
Regulation Of Cell Division (GO:0051302),15/83,0.00739543998499453,3.758991368286445,37.18564672939525,BECN1;CIB1;SGF29;MLLT3;SIRT2;FLCN;KAT2A;TADA2A;ZZZ3;PRC1;TADA3;CDK2AP2;ENTR1;RAB11FIP3;KAT14,Strap,rmats,1119,GO_Biological_Process_2023
Positive Regulation Of miRNA-mediated Gene Silencing (GO:2000637),5/9,0.0076669349969583425,21.181552962298024,207.12305564575968,FXR1;TIAL1;FMR1;PUM1;PUM2,Strap,rmats,1119,GO_Biological_Process_2023
Positive Regulation Of DNA-templated Transcription (GO:0045893),102/1243,0.0076669349969583425,1.5593628732235605,15.22784622465779,ATF2;APP;CCNT1;TRRAP;UBP1;RBPJ;GABPB1;CHEK2;BTRC;RNF111;GTF2I;FBXW11;THOC1;HNF1B;JMJD6;THAP3;ILF3;HIF1A;HLTF;E4F1;RPRD1B;MAP2K7;MAP2K5;BRPF1;TGFB1;NFATC3;RFXANK;MLLT10;DAB2;MRGBP;FUBP3;AGO2;TADA3;MMS19;OGT;KDM5A;RNF10;AKAP8L;ILK;BRCA1;SGF29;FOXM1;FLCN;EDRF1;MED14;SIN3A;MLX;HRAS;EIF5A;SS18;CHUK;ACTR6;NCOA6;ACTR5;ATRX;TCF12;ARID1A;ETV4;SIRT2;MSL1;MED22;TOX3;KAT2A;HAX1;ELF2;PSRC1;CREB1;IRF3;TFDP2;THRAP3;ARHGEF2;PRKAA1;KDM3A;UHRF1;WBP2;ZBTB48;MLLT3;RXRB;TFPT;EPCAM;NSD1;HSF1;NRIP1;BRD8;TBL1X;MTA3;BRD4;MBD3;ATF7IP;TCF7L2;NFYA;NR1H2;NFYC;GTF2H1;USF1;HIPK2;TFAP4;NAA16;QRICH1;AGRN;TAF2;SSBP4,Strap,rmats,1119,GO_Biological_Process_2023
"Regulation Of mRNA Splicing, Via Spliceosome (GO:0048024)",16/94,0.00785143162866754,3.4968500825255133,33.91626245930869,RBM39;RBM25;TIA1;RBFOX2;CELF1;SFSWAP;FMR1;JMJD6;SRPK1;FXR1;SON;THRAP3;U2AF2;TRA2A;RNPS1;RBM5,Strap,rmats,1119,GO_Biological_Process_2023
Protein Modification Process (GO:0036211),65/711,0.00821776444017035,1.7407884456089437,16.73361675924014,APP;PIGT;CCNT1;GPAA1;PDCD6;ARAF;ILK;STK19;CDC14B;ING4;PPP4R1;CHEK2;TLK2;NEK1;TLK1;BTRC;SBF1;ILKAP;TBP;CHUK;STRADA;FBXW11;PRKCD;ALG3;VRK1;PPP4R3A;PPP4R3B;ATG13;PRKAB1;SUMF1;ILF3;PPM1B;MELK;CREB1;CTDSP2;CSNK1G2;CILK1;BECN1;PRKAA1;PPM1M;STK38;RCE1;MAP4K5;MARK3;MARK2;ATG5;B3GALNT2;PLK4;UBE2F;PTPN1;ATE1;TGFB1;TAF13;LIMK2;FN1;PTK2;HIPK2;SRPK1;CLK2;STK25;MGAT4B;UBA3;TAF8;PTPN6;TAF2,Strap,rmats,1119,GO_Biological_Process_2023
RNA Processing (GO:0006396),24/183,0.010615173786711812,2.5807874558456105,24.046379677535207,ZCCHC8;RBM39;RBPMS;PDCD7;CELF1;GEMIN2;PABPC4;AKAP8L;THOC1;RNPC3;LSM5;SRPK1;LSM6;SON;U2AF2;HNRNPA2B1;RNPS1;SNRPA1;HNRNPC;TARDBP;EXOSC2;RBM5;RBMS2;RBM6,Strap,rmats,1119,GO_Biological_Process_2023
Positive Regulation Of Cell Cycle Process (GO:0090068),18/118,0.010710952917539714,3.070463215258856,28.377732129531015,PLK4;CEP120;XRCC3;ATRX;NCAPG;CDC7;SMC6;SIRT2;USP19;CDC14B;NSFL1C;DBF4;RACGAP1;PKP4;NCAPD3;ECT2;RAD18;RHNO1,Strap,rmats,1119,GO_Biological_Process_2023
Regulation Of miRNA-mediated Gene Silencing (GO:0060964),6/15,0.010710952917539714,11.30398322851153,104.36373288271454,FXR1;TIAL1;FMR1;PUM1;PUM2;EIF4G1,Strap,rmats,1119,GO_Biological_Process_2023
Regulation Of DNA Repair (GO:0006282),19/129,0.010710952917539714,2.947512396694215,27.099673674773506,PBRM1;TMEM161A;PHF10;TRRAP;ACTR5;PPP4R3B;BRCA1;SGF29;ARID1A;RAD52;TFPT;KAT2A;MRGBP;UBR5;TADA3;USP1;TRIP12;BRD8;TAF2,Strap,rmats,1119,GO_Biological_Process_2023
Proteasomal Protein Catabolic Process (GO:0010498),27/220,0.010710952917539714,2.3941240107043216,21.899688653493584,PSMD14;PSMD13;SEL1L;AMBRA1;PSMD8;PCNP;ZNRF1;PSMD4;PCBP2;ZSWIM8;TBL1X;BTRC;ATE1;UBE2B;FBXW11;SYVN1;RAD23A;ARMC8;SIRT2;SPSB3;NSFL1C;UBE2W;ITCH;MDM2;ERCC8;TRIP12;RNF185,Strap,rmats,1119,GO_Biological_Process_2023
Positive Regulation Of Post-Transcriptional Gene Silencing By RNA (GO:1900370),5/10,0.010710952917539714,16.9443447037702,154.74567359196783,FXR1;TIAL1;FMR1;PUM1;PUM2,Strap,rmats,1119,GO_Biological_Process_2023
"DNA Damage Response, Signal Transduction By P53 Class Mediator (GO:0030330)",9/36,0.011553840169909568,5.661861861861862,50.924563114842975,RPS6KA6;PAXIP1;TFAP4;CHEK2;ATRX;MDM2;MDM4;FOXM1;HIPK2,Strap,rmats,1119,GO_Biological_Process_2023
Histone H3 Acetylation (GO:0043966),9/36,0.011553840169909568,5.661861861861862,50.924563114842975,NAA60;KAT2A;TADA2A;ZZZ3;TRRAP;TADA3;SGF29;KAT14;TAF2,Strap,rmats,1119,GO_Biological_Process_2023
"mRNA Splicing, Via Spliceosome (GO:0000398)",26/211,0.011923746817871186,2.403976162805074,21.460925594034936,ZCCHC8;GEMIN2;WDR83;RNPC3;U2AF1L4;METTL14;U2AF2;TRA2A;RALY;RBM10;RBM5;RBM6;LSM5;DNAJC17;SRPK1;LSM2;XAB2;LSM6;HNRNPA2B1;RSRP1;STRAP;GEMIN5;RNPS1;SNRPA1;HNRNPC;GEMIN8,Strap,rmats,1119,GO_Biological_Process_2023
Organelle Assembly (GO:0070925),35/322,0.011923746817871186,2.0918459184591844,18.62571106449581,BECN1;TSG101;FMR1;DYNLT2B;CEP164;AMBRA1;CDC14B;FXR1;AP3M1;AP1G1;WDR90;NEK1;IFT57;ATG5;RAB8B;PLK4;IQCB1;ATG3;YTHDF3;IST1;HPS4;SEPTIN6;IFT122;BBIP1;STAM;ATG13;ATAT1;NSFL1C;IFT88;IFT81;TMEM138;TMEM237;CHMP2A;CILK1;CEP89,Strap,rmats,1119,GO_Biological_Process_2023
DNA Repair-Dependent Chromatin Remodeling (GO:0140861),6/16,0.012723267122892203,10.173045822102425,89.63356797367278,HPF1;PARP2;USP3;UBR5;TRIP12;HDGFL2,Strap,rmats,1119,GO_Biological_Process_2023
Modification-Dependent Protein Catabolic Process (GO:0019941),24/192,0.015496655217204785,2.4413568166992823,20.91691356359179,UBE2H;HACE1;PSMD14;UBE2B;RNF13;ARRDC1;PSMD13;UHRF1;RNF25;SYVN1;UBE3B;CHFR;ITCH;RNF215;TTC3;MDM2;PCYOX1L;TRIP12;NAE1;ARIH1;ELOC;BTRC;RNF185;UBL7,Strap,rmats,1119,GO_Biological_Process_2023
Protein Phosphorylation (GO:0006468),48/500,0.015496655217204785,1.8273220792741875,15.641199071822568,ATF2;BECN1;APP;PRKAA1;USP15;CCNT1;ILK;STK19;PPP4R1;CHEK2;STK16;STK38;TLK2;NEK1;TLK1;ERC1;MAP4K5;MARK3;MARK2;PLK4;MAP3K3;TGFB1;TBP;CHUK;STRADA;TAF13;LIMK2;PRKCD;CDC7;VRK1;MAPK14;ATG13;PRKAB1;CLK4;PTK2;HIPK2;SRPK1;CLK2;CLK1;ILF3;MELK;CREB1;STK25;TAF8;PTPN6;CSNK1G2;CILK1;TAF2,Strap,rmats,1119,GO_Biological_Process_2023
Regulation Of Stem Cell Population Maintenance (GO:2000036),11/56,0.01837449331638871,4.155555555555556,34.754217023614956,SS18;KAT2A;PHF10;SIN3A;CNOT1;BRMS1L;CNOT2;BRD9;SUDS3;ARID1A;OGT,Strap,rmats,1119,GO_Biological_Process_2023
mRNA Metabolic Process (GO:0016071),14/85,0.018630260277265186,3.35657383213307,27.85781789569748,CELF1;GEMIN2;AKAP8L;CNOT10;LSM5;LSM2;ATXN2L;LSM6;SON;PCBP3;U2AF2;HSF1;PCBP2;HNRNPA2B1,Strap,rmats,1119,GO_Biological_Process_2023
Macromolecule Catabolic Process (GO:0009057),14/85,0.018630260277265186,3.35657383213307,27.85781789569748,MUS81;BECN1;UTP25;TGFB1;FBH1;PABPC4;HTRA2;USE1;SUPV3L1;CHEK2;PPT1;TPP1;EXOSC2;SIDT2,Strap,rmats,1119,GO_Biological_Process_2023
Signal Transduction In Response To DNA Damage (GO:0042770),11/57,0.020086963736495832,4.065001569612305,33.33341417036773,PAXIP1;CHEK2;ATRX;DONSON;MDM4;CEP63;BID;MAPK14;USP28;RHNO1;MAP2K6,Strap,rmats,1119,GO_Biological_Process_2023
tRNA Aminoacylation For Mitochondrial Protein Translation (GO:0070127),4/7,0.021265024500695364,22.5745889387145,183.2960810006159,SARS2;TARS2;YARS2;EARS2,Strap,rmats,1119,GO_Biological_Process_2023
Regulation Of Protein Deacetylation (GO:0090311),6/18,0.02190846602739149,8.476639712488769,68.37915888456729,KAT2A;TADA2A;ZZZ3;TADA3;SGF29;KAT14,Strap,rmats,1119,GO_Biological_Process_2023
Monoubiquitinated Protein Deubiquitination (GO:0035520),8/33,0.025304487519395978,5.431071107110711,42.9065215174144,USP15;KAT2A;TRRAP;USP9X;TADA3;USP1;SGF29;TAF2,Strap,rmats,1119,GO_Biological_Process_2023
Regulation Of Mitochondrion Organization (GO:0010821),10/50,0.02551224221692212,4.247294860234446,33.42637854271667,FLCN;MTCH2;HAX1;RHOT1;RAP1GDS1;HTRA2;DNM1L;MFF;CYRIB;PARL,Strap,rmats,1119,GO_Biological_Process_2023
mRNA Processing (GO:0006397),25/214,0.02611638942262769,2.2600427536442163,17.660083265880658,ZCCHC8;CELF1;GEMIN2;WDR83;RNPC3;U2AF1L4;METTL14;U2AF2;TRA2A;RPRD1B;RALY;RBM10;RBM5;RBM6;CPSF7;LSM5;LSM2;XAB2;LSM6;SON;HNRNPA2B1;GEMIN5;RNPS1;SNRPA1;HNRNPC,Strap,rmats,1119,GO_Biological_Process_2023
Regulation Of Translation (GO:0006417),24/202,0.02611638942262769,2.302970601816223,17.97255598533731,APP;TIA1;EIF2B2;YTHDF3;POLDIP3;FMR1;UPF3B;MSI1;CNOT10;MTIF2;LARP4B;ELP5;FXR1;ILF3;METTL14;EIF5;CNOT1;MTG2;METTL5;GEMIN5;DUS3L;EIF4G3;OGT;EIF4G1,Strap,rmats,1119,GO_Biological_Process_2023
Regulation Of Organelle Organization (GO:0033043),15/100,0.026690924397428595,3.0044757033248084,23.268138498660313,USP6NL;ACTR5;RAP1GDS1;MFF;PTK2;PARL;CAMSAP3;TFPT;RHOT1;PREB;PLXNB1;DNM1L;ARMH3;MARK2;ATG5,Strap,rmats,1119,GO_Biological_Process_2023
DNA Recombination (GO:0006310),9/42,0.026690924397428595,4.630958230958231,35.850529665018016,RAD52;SUPV3L1;HDAC10;MSH3;ERCC1;XRCC3;RBBP8;BRCA1;RHNO1,Strap,rmats,1119,GO_Biological_Process_2023
RNA Metabolic Process (GO:0016070),16/111,0.026945305145805468,2.8685021711122776,22.122475824004283,RBM39;RBFOX2;RBPMS;PABPC4;THOC1;DICER1;ATXN2L;SUPV3L1;PCBP3;PCBP2;AGO2;EXOSC2;RBM5;RBMS2;SIDT2;RBM6,Strap,rmats,1119,GO_Biological_Process_2023
Endosomal Transport (GO:0016197),22/180,0.027949617206263013,2.3764813126709208,18.194797572647172,VPS29;TMEM87B;ANKRD27;ITSN1;ARHGAP1;SNX12;GCC2;EPS15L1;BLTP1;BET1L;ARFRP1;GGA1;CHMP2A;ANKFY1;ERC1;ENTR1;RAB11FIP3;ANKRD50;EPS15;WASHC3;VPS16;VTI1B,Strap,rmats,1119,GO_Biological_Process_2023
mRNA Destabilization (GO:0061157),9/43,0.02947854797656732,4.494515103338633,33.96479535629859,FXR1;METTL14;YTHDF3;CELF1;CNOT1;PDE12;AGO2;PUM1;TARDBP,Strap,rmats,1119,GO_Biological_Process_2023
mRNA Transcription (GO:0009299),9/43,0.02947854797656732,4.494515103338633,33.96479535629859,RXRB;TBP;CREB1;TAF13;NR1H2;HLTF;HSF1;TAF8;TAF2,Strap,rmats,1119,GO_Biological_Process_2023
Protein Autoubiquitination (GO:0051865),12/71,0.02947854797656732,3.4581783105966655,26.079103963938273,RNF10;RNF115;ITCH;RNF13;UBE2B;UHRF1;MDM2;MARCHF7;ERCC8;BRCA1;RNF185;RAD18,Strap,rmats,1119,GO_Biological_Process_2023
Regulation Of RNA Splicing (GO:0043484),15/102,0.02947854797656732,2.935094952523738,22.09781587710966,RBM39;TIA1;TRRAP;CELF1;SGF29;CLK4;JMJD6;CLK2;SRPK1;CLK1;KAT2A;SON;U2AF2;ESRP1;TADA3,Strap,rmats,1119,GO_Biological_Process_2023
Mitotic Spindle Assembly (GO:0090307),9/44,0.03363277595127564,4.365868725868726,32.21294095623716,TPX2;WRAP73;STAG1;RACGAP1;ABRAXAS1;PRC1;CHEK2;CLASP1;CCDC61,Strap,rmats,1119,GO_Biological_Process_2023
Positive Regulation Of Protein Metabolic Process (GO:0051247),23/196,0.03363277595127564,2.2693346272309185,16.70660391830529,APP;TGFB1;YTHDF3;TIPARP;FBXW11;IST1;POLDIP3;UHRF1;NR1H2;FMR1;UPF3B;LARP4B;OAZ2;FXR1;METTL14;ASPH;AGO2;METTL5;BTRC;EIF4G3;OGT;MAP2K5;EIF4G1,Strap,rmats,1119,GO_Biological_Process_2023
tRNA Methylation (GO:0030488),8/36,0.03524067665452692,4.848399125626848,35.24945669982273,DALRD3;TYW3;TRMT6;TRMT1;FTSJ1;TRMT61A;TRMT1L;GTPBP3,Strap,rmats,1119,GO_Biological_Process_2023
Intracellular Protein Transport (GO:0006886),33/325,0.03524067665452692,1.9344490274729433,14.03267747241831,RPAIN;VPS29;TSG101;NUP188;PDCD6;COX18;SNX13;KATNB1;ARFRP1;GGA1;XPO1;TLK1;ARFIP1;FAM53A;TNPO2;AP1M2;APPL1;ACD;TGFB1;STRADA;SYNRG;STX8;SEC16A;HPS4;TSC2;STAM;CAMSAP3;SEC23IP;CTTN;SNX15;RAB3GAP2;PREB;ARHGEF2,Strap,rmats,1119,GO_Biological_Process_2023
Mitotic Recombination (GO:0006312),5/14,0.03524067665452692,9.411530021942948,68.21951287841857,RAD52;MSH3;ERCC1;XRCC3;SMC6,Strap,rmats,1119,GO_Biological_Process_2023
Negative Regulation Of Defense Response To Virus (GO:0050687),5/14,0.03524067665452692,9.411530021942948,68.21951287841857,ILRUN;ITCH;PPM1B;PCBP2;ATG5,Strap,rmats,1119,GO_Biological_Process_2023
Regulation Of Histone Deacetylation (GO:0031063),6/21,0.03870522413611093,6.7802336028751125,48.40225747084369,KAT2A;TADA2A;ZZZ3;TADA3;SGF29;KAT14,Strap,rmats,1119,GO_Biological_Process_2023
Positive Regulation Of Viral Genome Replication (GO:0045070),7/29,0.04255752405898875,5.396214846304774,37.92513552076078,TOP2A;TOP2B;STAU1;PDE12;RAD23A;TMEM39A;SRPK1,Strap,rmats,1119,GO_Biological_Process_2023
Nucleotide-Excision Repair (GO:0006289),10/56,0.0459576167387832,3.692123730740581,25.590120847567878,XAB2;NTHL1;OGG1;PNKP;ERCC1;ERCC8;RAD23A;MMS19;POLE;RNF111,Strap,rmats,1119,GO_Biological_Process_2023
Positive Regulation Of Translation (GO:0045727),15/108,0.0459576167387832,2.744857410004675,18.99568973118856,EIF5A;YTHDF3;POLDIP3;FMR1;UPF3B;LARP4B;YBX3;FXR1;METTL14;PKM;RPUSD3;RPS6KB2;METTL5;EIF4G3;OGT,Strap,rmats,1119,GO_Biological_Process_2023
mRNA Transcription By RNA Polymerase II (GO:0042789),8/38,0.046690728337392615,4.524692469246925,31.17332641946394,RXRB;TBP;CREB1;TAF13;NR1H2;HLTF;TAF8;TAF2,Strap,rmats,1119,GO_Biological_Process_2023
Intracellular Membrane-Bounded Organelle (GO:0043231),449/5175,1.680304812667913e-24,2.007186349252468,121.38742118291837,ATF2;VPS29;TFRC;TRRAP;EHMT2;ITSN1;THYN1;ENO1;SMC6;RBPJ;GABPB1;PSMD8;PSMD4;BBX;ANKFY1;RNF111;HES6;RBFOX2;PRKCD;DICER1;RFX1;ARMC8;PRKAB1;NISCH;BIN1;RHNO1;PDXDC1;NCAPG;BAZ2B;RNPC3;HIF1A;OAZ2;PRDX5;NTHL1;ZSCAN10;PUSL1;KAT14;VTI1B;LHPP;CTC1;HACE1;TIPARP;NFATC3;UPF3B;TMEM192;CDC7;MLLT10;FIBP;EIF5;TADA2A;AGO2;OGDH;PPT1;MMS19;HNRNPC;PKIG;RAD18;CEP57;SETD5;OGG1;SETD6;OSBPL11;PHF6;ING4;MED14;DLGAP5;NELFE;APPL1;SS18;BRD1;RING1;TCF12;AEN;SIRT2;MED22;KAT2A;AFTPH;NCOR1;MTF2;WDR24;GGA1;NSD1;USP1;PMS2;BRD9;BRD8;SRSF11;NKTR;BRD4;MBD3;CENPU;USP9X;NR1H2;TRMT1;ELP5;HIPK2;XAB2;CENPH;SNX15;TRMT6;PWWP3A;EEF1AKMT2;N6AMT1;MTCH2;CCNT1;PDCD6;FMR1;CTNND1;UBP1;STK19;RPL10A;VIRMA;CDC14B;EDC4;MPC2;NEK1;SMARCAD1;KMT5B;MTPAP;HMGN2;NEPRO;FADS1;GTF2I;TLE3;TLE1;IST1;USP3;THOC1;VRK1;CHD1L;CDC25C;FOXP4;THOC7;FOXP1;CLIP1;ILF3;DMTF1;MSH3;ANAPC5;PKP4;CSNK1G2;ANKRD16;SBNO1;STK38;UBR5;SAFB2;KHDC4;NAE1;MAP2K7;AP1M2;TIA1;CHTOP;BRPF1;ANKRD27;BRPF3;FANCA;RFXANK;LSM5;FANCE;LSM2;DRAP1;NSFL1C;CNOT6;DAB2;LSM6;P4HA1;CNOT2;TADA3;MDM2;MDM4;OGT;MDM1;EIF4G1;RNF10;RNF13;CELF1;AKAP8L;CEP164;UFSP2;FOXM1;PIK3C2A;RESF1;METTL14;AP1G1;SIN3A;PPP6R3;TLK2;TLK1;DNM1L;TNPO2;ILKAP;EIF5A;ACTR6;ACTR5;ATRX;DNMT3A;RAD23A;MSL1;PPM1B;NPEPL1;PKM;ESPL1;TFDP2;ESRP1;DNAJC5;SNRPA1;DNAJC8;PRKAA1;UHRF1;PPM1M;WBP2;LENG8;KATNB1;AMBRA1;MLLT3;ZNRF1;CECR2;U2AF2;RBBP5;RBBP8;E2F6;RNF25;DONSON;MCOLN1;RAD52;MYO1C;PRC1;DOLPP1;PTPN6;BCOR;TRMT61A;SPG21;TRIM33;TNRC6A;PFKP;PANK4;SPARC;HDAC10;RTCA;NUDT1;TIAL1;CHEK2;FAM53A;UBAP2L;ESCO1;SLC35C2;RECQL;HNF1B;JMJD6;RRAGB;PREB;CBLL1;LLGL2;ILRUN;PAXIP1;OSGEP;FXR1;DHX30;PCBP3;RACGAP1;MIER3;PCBP2;HLTF;DPH3;RAB11FIP3;RBM10;N4BP1;TRMT1L;INTS3;XRCC3;INTS2;MEMO1;STAM;PTK2;WAPL;SRPK1;GADD45G;TPX2;STAG1;FUBP3;GOLGB1;RNPS1;RPS24;TOP2A;RPAIN;TOP2B;FBH1;ZBTB8OS;MIA3;BRCA1;N4BP2L2;XPO1;ZMYM2;MLX;ARIH1;TOP3B;PBRM1;NCOA6;PARP2;STRADA;PABPC4;ACAD9;TOX3;CTTN;SLTM;G2E3;ALDOA;AKAP8;RXRB;PCNP;NT5C;HIRA;HSF1;MARCHF7;METTL5;TBL1X;EPS15;EXOSC2;APBB3;MYEF2;NFYA;YIPF3;NFYC;MLH1;APTX;SEC23IP;ITCH;MIS18A;TFAP4;TTC3;HNRNPA2B1;TRIP12;TARDBP;MIDN;GEMIN2;INPPL1;CIB1;BORA;KDM2B;FBXW11;TSC2;CFAP410;MAU2;CCNE2;TIMELESS;GEMIN5;GEMIN8;HDGFL2;ZCCHC8;PSMD14;PSMD13;UBA5;TCF7;HTRA2;PDS5B;SDCBP;TBC1D14;RPRD1B;SUDS3;ECT2;UBE2F;CPSF4;UBE2H;CPSF7;CBX5;TGFB1;UBE2B;PHF12;MACO1;CLK4;BLTP1;AZIN1;CLK2;CLK1;UBE2W;NASP;RSRP1;UBA3;MUS81;KDM5A;KDM5C;RABEPK;YBX3;SENP6;FLCN;HPF1;SNAPC4;GUSB;POLE;RBM5;RBM6;POLG;TGIF2;TBP;AKTIP;TRNAU1AP;ARID1A;ETV4;SUPV3L1;TRAPPC6A;ELF2;CREB1;IRF3;RABEP2;THRAP3;ZMYND11;ITGB3BP;RBMS2;CILK1;LAMA5;VAC14;KDM3A;USP15;MVK;ABRAXAS1;POLDIP3;PNKP;RAP1GDS1;UACA;PSMB10;TFPT;TRA2A;NRIP1;FAM120A;RALY;MTA3;ATF7IP;ATE1;TCF7L2;KDM4B;TAF13;SWT1;LIMK2;LRWD1;MAPK14;USP28;USF1;CHFR;U2SURP;POLE2;BRMS1L;TAF8;CDK2AP2;ERCC8;ACIN1;NAA16;QRICH1;TAF2;SSBP4,Strap,rmats,1119,GO_Cellular_Component_2023
Nucleus (GO:0005634),394/4487,1.2327072402290487e-21,1.9634774257142136,104.42807366832749,ATF2;TRRAP;EHMT2;THYN1;ENO1;SMC6;RBPJ;GABPB1;PSMD8;PSMD4;BBX;RNF111;HES6;RBFOX2;PRKCD;DICER1;ARMC8;PRKAB1;BIN1;RHNO1;NCAPG;BAZ2B;RNPC3;HIF1A;OAZ2;PRDX5;NTHL1;ZSCAN10;KAT14;LHPP;CTC1;HACE1;TIPARP;NFATC3;UPF3B;TMEM192;CDC7;MLLT10;FIBP;EIF5;TADA2A;AGO2;OGDH;PPT1;MMS19;HNRNPC;PKIG;RAD18;CEP57;SETD5;OGG1;SETD6;PHF6;ING4;MED14;DLGAP5;NELFE;APPL1;SS18;BRD1;RING1;TCF12;AEN;SIRT2;MED22;KAT2A;NCOR1;MTF2;NSD1;USP1;PMS2;BRD9;BRD8;SRSF11;NKTR;BRD4;MBD3;CENPU;USP9X;NR1H2;TRMT1;ELP5;HIPK2;XAB2;CENPH;TRMT6;PWWP3A;EEF1AKMT2;N6AMT1;MTCH2;CCNT1;PDCD6;FMR1;CTNND1;UBP1;STK19;RPL10A;VIRMA;CDC14B;EDC4;MPC2;NEK1;SMARCAD1;KMT5B;HMGN2;NEPRO;GTF2I;TLE3;TLE1;USP3;THOC1;VRK1;CHD1L;CDC25C;FOXP4;THOC7;FOXP1;CLIP1;ILF3;DMTF1;MSH3;ANAPC5;PKP4;CSNK1G2;ANKRD16;SBNO1;STK38;UBR5;SAFB2;KHDC4;NAE1;MAP2K7;TIA1;CHTOP;BRPF1;BRPF3;FANCA;RFXANK;LSM5;FANCE;LSM2;DRAP1;NSFL1C;CNOT6;LSM6;CNOT2;TADA3;MDM2;MDM4;OGT;MDM1;EIF4G1;RNF10;CELF1;AKAP8L;UFSP2;FOXM1;RESF1;METTL14;SIN3A;PPP6R3;TLK2;TLK1;TNPO2;ILKAP;EIF5A;ACTR6;ACTR5;ATRX;DNMT3A;RAD23A;MSL1;PPM1B;NPEPL1;PKM;ESPL1;TFDP2;ESRP1;SNRPA1;DNAJC8;PRKAA1;UHRF1;PPM1M;WBP2;LENG8;KATNB1;AMBRA1;MLLT3;CECR2;HAUS8;U2AF2;RBBP5;RBBP8;E2F6;RNF25;DONSON;RAD52;MYO1C;PRC1;PTPN6;BCOR;TRMT61A;TRIM33;PFKP;PANK4;HDAC10;RTCA;NUDT1;TIAL1;CHEK2;FAM53A;UBAP2L;ESCO1;RECQL;HNF1B;JMJD6;RRAGB;PREB;CBLL1;ILRUN;PAXIP1;OSGEP;FXR1;DHX30;PCBP3;RACGAP1;MIER3;PCBP2;HLTF;DPH3;RBM10;N4BP1;TRMT1L;INTS3;XRCC3;INTS2;MEMO1;PTK2;WAPL;SRPK1;GADD45G;TPX2;STAG1;FUBP3;RNPS1;RPS24;TOP2A;RPAIN;TOP2B;FBH1;ZBTB8OS;BRCA1;N4BP2L2;XPO1;ZMYM2;MLX;ARIH1;TOP3B;PBRM1;NCOA6;PARP2;STRADA;PABPC4;ACAD9;TOX3;SLTM;G2E3;ALDOA;AKAP8;RXRB;PCNP;NT5C;HIRA;HSF1;MARCHF7;METTL5;TBL1X;EXOSC2;APBB3;MYEF2;NFYA;NFYC;MLH1;APTX;MIS18A;TFAP4;TTC3;HNRNPA2B1;TRIP12;TARDBP;MIDN;GEMIN2;INPPL1;CIB1;BORA;KDM2B;FBXW11;TSC2;MAU2;CCNE2;TIMELESS;GEMIN5;GEMIN8;HDGFL2;ZCCHC8;PSMD14;PSMD13;TCF7;HTRA2;PDS5B;SDCBP;RPRD1B;SUDS3;ECT2;UBE2F;UBE2H;CPSF7;CBX5;TGFB1;UBE2B;PHF12;MACO1;CLK4;BLTP1;AZIN1;CLK2;CLK1;UBE2W;NASP;RSRP1;UBA3;MUS81;KDM5A;KDM5C;YBX3;SENP6;FLCN;HPF1;SNAPC4;POLE;RBM5;RBM6;TGIF2;TBP;AKTIP;TRNAU1AP;ARID1A;ETV4;SUPV3L1;ELF2;CREB1;IRF3;THRAP3;ZMYND11;ITGB3BP;RBMS2;CILK1;LAMA5;KDM3A;USP15;ABRAXAS1;POLDIP3;PNKP;RAP1GDS1;UACA;PSMB10;TFPT;TRA2A;NRIP1;FAM120A;RALY;MTA3;ATF7IP;ATE1;TCF7L2;KDM4B;TAF13;SWT1;LIMK2;LRWD1;MAPK14;USP28;USF1;CHFR;U2SURP;BRMS1L;TAF8;CDK2AP2;ERCC8;ACIN1;NAA16;QRICH1;TAF2;SSBP4,Strap,rmats,1119,GO_Cellular_Component_2023
Mitotic Spindle (GO:0072686),31/143,5.786655408754265e-9,4.7748079700630255,112.69712029662146,SGF29;SPOUT1;CDC14B;FLCN;TAF1D;RACGAP1;HAUS8;MAP4;TBL1X;ECT2;KAT14;DLGAP5;CLASP1;IQCB1;LIMK2;CDC7;EML2;WAPL;SIRT2;EML4;ATAT1;TPX2;WRAP73;KAT2A;TADA2A;ZZZ3;NCOR1;ESPL1;TFDP2;TADA3;PKP4,Strap,rmats,1119,GO_Cellular_Component_2023
Spindle (GO:0005819),35/210,4.780822134874303e-7,3.4512915129151294,65.2312389176111,KATNB1;SGF29;SPOUT1;CDC14B;FLCN;TAF1D;RACGAP1;MAP4;TBL1X;ECT2;KAT14;DLGAP5;CLASP1;IQCB1;LIMK2;CDC7;EML2;WAPL;SIRT2;EML4;ATAT1;TPX2;WRAP73;KAT2A;TADA2A;ZZZ3;NCOR1;PSRC1;ESPL1;TFDP2;PRC1;TADA3;MMS19;ANAPC5;PKP4,Strap,rmats,1119,GO_Cellular_Component_2023
Cytoplasmic Stress Granule (GO:0010494),15/76,0.0010529541352886054,4.1919101924447615,46.02742109939746,TIA1;STAU1;RBPMS;YTHDF3;CELF1;FMR1;PABPC4;LARP4B;PUM1;HIPK2;PUM2;TIAL1;ATXN2L;FXR1;EIF4G1,Strap,rmats,1119,GO_Cellular_Component_2023
ATAC Complex (GO:0140672),6/13,0.0019029720153007504,14.535232961108973,148.34542774785703,KAT2A;TADA2A;ZZZ3;TADA3;SGF29;KAT14,Strap,rmats,1119,GO_Cellular_Component_2023
Chromosome (GO:0005694),21/164,0.01483345426065021,2.5061332110512438,20.04480865513105,TOP2A;PBRM1;ESCO1;KRR1;FMR1;RECQL;NCAPG;SMC6;PDS5B;BRCA1;FANCE;MLH1;ETV4;WAPL;SIRT2;SELENOO;SYCE2;STAG1;CENPH;RBM34;RHNO1,Strap,rmats,1119,GO_Cellular_Component_2023
Intracellular Non-Membrane-Bounded Organelle (GO:0043232),94/1195,0.01867138395513228,1.4809773819809042,11.30676312160243,TOP2A;TOP2B;CCNT1;TMEM179B;GEMIN2;FMR1;SPPL2B;FAF2;HJURP;BRCA1;RBPJ;FOXM1;PHF6;CDC14B;ENDOV;RPS6KA6;EPB41L4A;XPO1;LRRFIP1;RBM34;NEPRO;ESCO1;ACTR6;PARP2;RECQL;AEN;VRK1;LARP4B;ACSL3;ETV4;DDX50;SIRT2;JMJD6;SELENOO;PPM1B;ILF3;PSRC1;CTTN;SAPCD2;BIN1;WDR82;ANAPC5;PKP4;ARHGEF2;RHNO1;ZCCHC8;UTP25;TSG101;PNKP;AKAP8;KATNB1;HTRA2;PDS5B;AMBRA1;FXR1;SYCE2;SDCBP;TAF1D;RACGAP1;RBBP5;EPB41L3;TRA2A;NRIP1;METTL5;EXOSC2;N4BP1;COX10;DEDD;PLK4;CBX5;SURF2;TAF13;KRR1;UPF3B;LRWD1;FANCE;MLH1;APTX;PTK2;WAPL;TPX2;STAG1;LSM6;ZZZ3;CENPH;PRC1;SNX15;TTC3;MDM2;PTPN6;MMS19;CEP85;TARDBP;EIF4G3,Strap,rmats,1119,GO_Cellular_Component_2023
Histone Acetyltransferase Complex (GO:0000123),7/27,0.019103073471662707,5.93646582733813,44.48800991533588,ING4;KAT2A;BRPF1;TADA2A;BRPF3;SGF29;OGT,Strap,rmats,1119,GO_Cellular_Component_2023
Platelet Alpha Granule Lumen (GO:0031093),11/66,0.028605532338098937,3.3981949458483753,23.441287902787185,SRGN;APP;SPARC;TGFB1;FN1;VEGFB;PCYOX1L;GTPBP2;ALDOA;CYRIB;VTI1B,Strap,rmats,1119,GO_Cellular_Component_2023
SAGA-type Complex (GO:0070461),8/38,0.028605532338098937,4.524692469246925,31.17332641946394,KAT2A;TADA2A;ZZZ3;TRRAP;TADA3;SGF29;KAT14;TAF2,Strap,rmats,1119,GO_Cellular_Component_2023
Protein Phosphatase 4 Complex (GO:0030289),3/5,0.04130325354662024,25.375,163.29443400805266,PPP4R1;PPP4R3A;PPP4R3B,Strap,rmats,1119,GO_Cellular_Component_2023
RNA Binding (GO:0003723),170/1411,3.8990509117856593e-23,2.7899543378995433,161.69617338492296,SRP19;SLC4A1AP;RPL3;RTCA;FMR1;MSI1;HNRNPR;CASC3;ENO1;MKI67;GPATCH8;CCAR1;TIAL1;PSMD4;CWC22;FBRSL1;UBAP2L;HMGN2;SEC63;AGFG1;DDX17;RARS2;NOM1;TYW5;SCAF11;DIMT1;SECISBP2;ACTN1;DDX11;METTL3;ZCRB1;ACTN4;LARP4B;GTPBP1;JMJD6;SRRM1;ILF3;PRPF3;TFAM;DAP3;ANKRD17;YTHDC1;CSTF2;TRMT2A;RTF1;GSPT1;RCC1L;FXR1;BAG4;HNRNPDL;PCBP4;PCBP2;SAFB2;KHDC4;UTP20;LTA4H;MAP4;ZC3H14;TRMT1L;TIA1;CHTOP;UBE2I;CPSF6;FUS;HMGA1;KNOP1;LARP7;MRPL28;PRRC2C;ERAL1;PUM1;LSM2;PUM2;LSM7;EIF5;LSM6;CNOT1;FUBP1;RNPS1;HNRNPC;LSM14A;RPS24;SUGP1;RBM27;TOP2A;DIDO1;RBM25;DAZAP1;CELF1;MRPS11;FASTKD3;AKAP8L;DDX42;PSIP1;SPOUT1;SMG6;MRPL4;FASTK;UBTF;NELFCD;LRRFIP1;BUD23;RBM7;ZC3H10;MRPS26;NCBP1;NSUN5;RPL13A;PPHLN1;TRNAU1AP;GNL2;REXO4;GNL3;SUPV3L1;MRPS9;SARS2;PKM;SLTM;SYF2;HNRNPH1;THRAP3;CSDE1;EIF4E2;RBM47;STAU1;RNMT;USP10;POLDIP3;WBP4;AKAP8;U2AF1;RRBP1;ADD1;MTHFSD;SCAF8;BCLAF1;TCOF1;FIP1L1;TRA2B;RALY;SMNDC1;EXOSC1;NOP56;PTCD3;PTPN1;DYNC1H1;RBM39;MYEF2;KRR1;IMMT;RSRC2;TRMT1;RRP1B;TPD52L2;CDK11B;U2SURP;SCAF4;KTN1;SEC23IP;TNIP1;CCDC9;HNRNPA2B1;TSR1;ACIN1;RPL22L1;FAM98A;TARDBP;PPIL4;TNRC6A;R3HDM2,Tra2b,rmats,1040,GO_Molecular_Function_2023
mRNA Binding (GO:0003729),39/282,6.987683467533036e-6,3.000962000962001,52.62503935099507,DAZAP1;RBM25;RBM47;SLC4A1AP;YTHDC1;CELF1;POLDIP3;MRPS11;FMR1;CSTF2;HNRNPR;MSI1;TIAL1;FXR1;SCAF8;PCBP4;TRA2B;PCBP2;DDX17;CHTOP;TIA1;MYEF2;CPSF6;NCBP1;SECISBP2;METTL3;LARP7;RPL13A;LARP4B;PUM1;PUM2;GNL3;PKM;FUBP1;HNRNPA2B1;RNPS1;HNRNPC;TARDBP;LSM14A,Tra2b,rmats,1040,GO_Molecular_Function_2023
mRNA 3'-UTR Binding (GO:0003730),20/93,9.545067596522698e-6,5.073059360730594,85.32234462290333,DDX17;DAZAP1;RBM47;TIA1;CPSF1;CELF1;FMR1;SECISBP2;LARP4B;PUM1;PUM2;TIAL1;FXR1;ILF3;PCBP4;EXOSC8;HNRNPA2B1;RNPS1;HNRNPC;TARDBP,Tra2b,rmats,1040,GO_Molecular_Function_2023
Nuclear Thyroid Hormone Receptor Binding (GO:0046966),8/27,0.006868696962188151,7.727866177070584,76.9102648603558,MED22;NCOR1;ZNHIT3;THRAP3;NSD1;GTF2H1;BRD8;MED17,Tra2b,rmats,1040,GO_Molecular_Function_2023
Ubiquitin Binding (GO:0043130),13/80,0.02293712929316818,3.5694313243907048,29.876594280363005,TOP2A;USPL1;USP16;FAF2;RAD23A;TOM1L1;NSFL1C;SHARPIN;HGS;NBR1;MDM2;PLAA;RBCK1,Tra2b,rmats,1040,GO_Molecular_Function_2023
DNA Binding (GO:0003677),68/846,0.02293712929316818,1.6349508606006748,13.63725774270484,TOP2A;KDM5A;CCNT1;MPG;FMR1;SMC5;EXO1;ZMYM4;MLX;LRRFIP1;YAF2;POLG;RFC1;KDM2B;MAP1S;PARP2;SECISBP2;DDX11;APLP2;ATRX;DNTTIP1;RAD23A;ACTN4;REXO4;SUPV3L1;ILF3;MAU2;SLTM;MSH3;THRAP3;MTF2;TIMELESS;TFAM;GLYR1;KMT2D;DNMT1;GTF3C4;CBFB;RTF1;PDS5B;HIF1A;TFPT;BCLAF1;CUX1;RNF138;POLD1;PCBP2;HSF1;SAFB2;RBBP8;POLR2H;PATZ1;CTC1;SMAD2;TCF7L2;NR1H2;HMGA1;USF1;RAD52;CAMSAP3;ERCC1;FUBP1;QRICH1;TAF6;TCF3;ERCC6;TARDBP;EZH2,Tra2b,rmats,1040,GO_Molecular_Function_2023
Protein Heterodimerization Activity (GO:0046982),22/190,0.027604379366933073,2.4173449340443445,19.085518913755983,TOP2A;GTF2A2;CHUK;FMR1;TPM2;METTL3;TPM1;HIF1A;ADD1;USF1;FXR1;QTRT1;EXT2;LSM6;IRAK1;TCOF1;HSF1;MLX;UBA2;NAE1;TCF3;BUD23,Tra2b,rmats,1040,GO_Molecular_Function_2023
Protein-Lysine N-methyltransferase Activity (GO:0016279),10/54,0.027604379366933073,4.1738746690203,32.555331073150725,SETD5;KMT2D;KMT5C;SETD6;NSD1;SMYD2;EHMT1;KMT5A;EEF1AKMT2;EZH2,Tra2b,rmats,1040,GO_Molecular_Function_2023
Single-Stranded DNA Binding (GO:0003697),14/96,0.027604379366933073,3.1413968525650167,24.34707756492577,CTC1;DDX11;RECQL;SMC5;RAD23A;RTF1;REXO4;RAD52;MSH3;RNF138;ERCC1;FUBP1;PCBP2;POLR2H,Tra2b,rmats,1040,GO_Molecular_Function_2023
Methyltransferase Activity (GO:0008168),8/37,0.030079558862185385,5.0604116546377975,38.252494858176824,DNMT1;MGMT;METTL3;EHMT1;TRMT2A;BUD23;COMT;EEF1AKMT2,Tra2b,rmats,1040,GO_Molecular_Function_2023
RNA Processing (GO:0006396),30/183,4.565690282032818e-5,3.6511357018054746,64.45896312949468,PDCD7;CELF1;FASTKD3;AKAP8L;WBP4;HNRNPR;U2AF1;ARVCF;FASTK;EXOSC8;BCAS2;EXOSC1;DDX17;RBM39;CPSF6;NCBP1;SCAF11;FUS;METTL3;THOC1;ZCRB1;SRRM1;LSM6;SCNM1;HNRNPH1;PRPF3;HNRNPA2B1;RNPS1;HNRNPC;TARDBP,Tra2b,rmats,1040,GO_Biological_Process_2023
DNA Metabolic Process (GO:0006259),39/288,4.565690282032818e-5,2.927710843373494,49.64140082019476,TOP2A;MUS81;TOP2B;INO80B;INO80E;RNASEH2A;FMR1;PDS5B;TFPT;ORC6;EXO1;ORC3;POLD1;CHEK1;RBBP8;TOPBP1;POLG;MUTYH;CTC1;TCF7L2;UBE2B;PARP2;MGMT;KMT5C;ATRX;RECQL;REV1;GTF2H1;LRWD1;TERF2;REXO4;SUPV3L1;RAD52;POLA2;MSH3;ERCC1;PWWP3A;TIMELESS;MMS19,Tra2b,rmats,1040,GO_Biological_Process_2023
Regulation Of Cell Cycle Process (GO:0010564),24/130,4.565690282032818e-5,4.20160451641658,70.2959709806826,PBRM1;BORA;MKI67;CDC25C;PKMYT1;PUM1;MYO19;USP19;RAB11A;PUM2;FLCN;DBF4;RACGAP1;BIN1;PRC1;CHEK1;DPF2;RPRD1B;CCNL2;CEP85;ENTR1;ECT2;RAB11FIP3;BUB1,Tra2b,rmats,1040,GO_Biological_Process_2023
"Regulation Of mRNA Splicing, Via Spliceosome (GO:0048024)",20/94,4.565690282032818e-5,5.004239533651298,83.21544470081213,DDX17;RBM39;DAZAP1;RBM25;RBM47;TIA1;NCBP1;CELF1;YTHDC1;FMR1;LARP7;JMJD6;SRRM1;FXR1;THRAP3;PCBP4;TRA2B;CWC22;RNPS1;RBM7,Tra2b,rmats,1040,GO_Biological_Process_2023
Regulation Of mRNA Processing (GO:0050684),12/35,6.082190315520172e-5,9.611064117746574,154.8509283993094,RBM39;TIA1;NCBP1;SLTM;YTHDC1;CWC22;PAPOLA;SAFB2;LARP7;CDK11B;JMJD6;SRRM1,Tra2b,rmats,1040,GO_Biological_Process_2023
DNA Damage Response (GO:0006974),46/384,6.082190315520172e-5,2.5496529472694154,40.63312764235096,TOP2A;MUS81;USP16;USP10;FMR1;SMC5;CIB1;PDS5B;BCLAF1;STK11;EXO1;CHEK2;POLD1;CHEK1;TLK2;RBBP8;MACROD2;NAE1;TOPBP1;BID;MUTYH;SLF2;UBE2B;PARP2;MGMT;KMT5C;DDX11;METTL3;PRKCD;ATRX;RECQL;GTF2H1;PPP4R3A;VRK1;BAZ1B;REXO4;FBXO31;TTC5;MSH3;ERCC1;WAC;PWWP3A;TIMELESS;MMS19;CEP63;HDGFL2,Tra2b,rmats,1040,GO_Biological_Process_2023
Chromatin Organization (GO:0006325),35/268,2.217688920713837e-4,2.799073303012833,40.55547166905585,KDM5A;INO80B;INO80E;KDM5C;HDAC3;EHMT1;PSIP1;ING4;TFPT;HIRIP3;CHEK1;DPF2;BRD9;SUDS3;HMGN2;MTA3;PBRM1;CHTOP;PHC1;KDM2B;DDX11;ATRX;LRWD1;BAZ1B;HCFC1;GATAD2A;ZZZ3;NASP;MTF2;WAC;PWWP3A;HNRNPC;ERCC6;HDGFL2;EZH2,Tra2b,rmats,1040,GO_Biological_Process_2023
mRNA Processing (GO:0006397),29/214,8.49901528688047e-4,2.9110861603443206,37.86019228635732,RNMT;YTHDC1;CELF1;WBP4;HNRNPR;U2AF1;CASC3;U2AF1L4;TRA2B;CWC22;PAPOLA;RPRD1B;RALY;BCAS2;CPSF6;NCBP1;SCAF11;METTL3;SRRM1;LSM2;LSM7;LSM6;HNRNPH1;SYF2;PRPF3;HNRNPA2B1;RNPS1;PPIH;HNRNPC,Tra2b,rmats,1040,GO_Biological_Process_2023
RNA Splicing (GO:0008380),18/98,8.49901528688047e-4,4.156555772994129,53.378909680118745,NCBP1;PDCD7;SCAF11;FUS;WBP4;U2AF1;ZCRB1;SRRM1;ARVCF;LSM6;SCNM1;PRPF3;TRA2B;RNPS1;HNRNPC;TARDBP;SMNDC1;BCAS2,Tra2b,rmats,1040,GO_Biological_Process_2023
Protein Transport (GO:0015031),37/313,8.49901528688047e-4,2.497247388269973,31.9366293088377,VPS29;RAMP2;LMAN2L;STXBP2;SEL1L;MIA2;MIA3;VPS26B;HDAC6;GGA1;GOLGA4;SCFD1;KIF3A;RAB24;ARFIP1;TMED1;STX3;RAB28;RAB6A;TMED5;SEC31A;NDC1;SYNRG;STX8;ASPSCR1;TIMM44;SCAMP3;DNM2;CENPF;SEC23IP;PPT1;CHMP2A;UNC119;PICK1;IFT27;COPG1;BLZF1,Tra2b,rmats,1040,GO_Biological_Process_2023
Golgi Vesicle Transport (GO:0048193),27/197,0.0011095232231199581,2.9459961674699495,36.609474070337946,LMAN2L;PITPNB;MIA2;MIA3;USE1;GOLGA4;SCFD1;TBC1D14;TMED1;RAB6A;TMED5;SEC31A;VTI1B;COG8;SEC24B;TRAPPC1;SCAMP3;YIF1A;DNM2;TRAPPC6A;TRAPPC6B;SGSM2;PICK1;HYOU1;COPG1;SEC24C;COPE,Tra2b,rmats,1040,GO_Biological_Process_2023
Regulation Of RNA Splicing (GO:0043484),18/102,0.0012149149352229445,3.9577858540676543,48.47932375254413,ZC3H10;RBM39;ENY2;TIA1;YTHDC1;FUS;CELF1;LARP7;RRP1B;JMJD6;SRRM1;CLK1;HNRNPH1;FASTK;TRA2B;CWC22;TADA3;CCNL2,Tra2b,rmats,1040,GO_Biological_Process_2023
Positive Regulation Of Double-Strand Break Repair (GO:2000781),16/84,0.0013518953957601006,4.340992647058823,52.36203452889289,ACTR2;PBRM1;SLF2;KMT5C;FUS;MGMT;DDX11;FOXM1;ING3;MRGBP;DPF2;TIMELESS;MMS19;BRD8;ERCC6;HDGFL2,Tra2b,rmats,1040,GO_Biological_Process_2023
Mitotic Spindle Assembly (GO:0090307),11/44,0.0024387110593707623,6.131195335276968,69.88432103882387,TPX2;STAG1;STAG2;RACGAP1;INCENP;PRC1;CHEK2;LSM14A;CLASP1;RAB11A;CCDC61,Tra2b,rmats,1040,GO_Biological_Process_2023
"mRNA Splicing, Via Spliceosome (GO:0000398)",27/211,0.0027356188336490647,2.719816301128804,30.298351477481898,YTHDC1;WBP4;HNRNPR;U2AF1;CASC3;U2AF1L4;TRA2B;CWC22;RALY;BCAS2;DDX17;NCBP1;SCAF11;METTL3;SRRM1;LSM2;LSM7;SCNM1;LSM6;HNRNPH1;SYF2;PRPF3;HNRNPA2B1;RSRP1;RNPS1;PPIH;HNRNPC,Tra2b,rmats,1040,GO_Biological_Process_2023
mRNA Export From Nucleus (GO:0006406),13/62,0.0027356188336490647,4.885300955825368,54.41957015573666,NUP214;ENY2;CHTOP;NCBP1;POLDIP3;YTHDC1;FMR1;THOC1;CASC3;THOC7;SMG6;HNRNPA2B1;NUP88,Tra2b,rmats,1040,GO_Biological_Process_2023
Histone Modification (GO:0016570),15/81,0.0027356188336490647,4.189356984478936,46.25463315703368,ENY2;HDAC3;UBE2B;HDAC6;GATAD2A;ING4;ING3;MRGBP;BRMS1L;CARM1;TADA3;BRD8;SUDS3;MTA3;KAT14,Tra2b,rmats,1040,GO_Biological_Process_2023
Mitotic Sister Chromatid Segregation (GO:0000070),18/111,0.0027356188336490647,3.573069881951897,39.4179410229053,NCAPH2;AKAP8L;RAB11A;SMC2;EML3;TPX2;STAG1;STAG2;PSRC1;CENPI;PRC1;CHEK2;CHMP2A;KMT5A;LSM14A;CHMP7;CLASP1;CCDC61,Tra2b,rmats,1040,GO_Biological_Process_2023
Regulation Of mRNA Catabolic Process (GO:0061013),11/46,0.0028409642319301032,5.780230459530751,63.23630217489049,FXR1;PCBP4;CNOT1;TTC5;FMR1;PRKCD;CASC3;PUM1;ZC3H14;GTPBP1;PUM2,Tra2b,rmats,1040,GO_Biological_Process_2023
Regulation Of mRNA Stability (GO:0043488),14/74,0.0035956375447226087,4.298245614035087,45.77067954153689,ROCK1;CELF1;FUS;FASTKD3;FMR1;METTL3;PRKCD;PUM1;PUM2;FXR1;THRAP3;PCBP4;FASTK;ZC3H14,Tra2b,rmats,1040,GO_Biological_Process_2023
Macroautophagy (GO:0016236),17/104,0.0035956375447226087,3.604914551521893,38.22809733683212,SRC;VTA1;MTMR14;WIPI2;CLN3;HGS;NBR1;VPS41;CHMP2A;UBQLN1;PLAA;ATP13A2;SPG11;CHMP7;ATG5;VPS16;VTI1B,Tra2b,rmats,1040,GO_Biological_Process_2023
Mitotic Spindle Organization (GO:0007052),15/85,0.004032610831271058,3.949128919860627,41.241647904145076,DYNC1H1;MAP1S;RAB11A;TPX2;STAG1;STAG2;CENPH;INCENP;PRC1;CHEK2;MAP4;LSM14A;CLASP1;CCDC61;SPC25,Tra2b,rmats,1040,GO_Biological_Process_2023
Positive Regulation Of DNA-templated Transcription (GO:0045893),97/1243,0.004803021181240353,1.5989573212372232,16.332973632459893,CCNT1;GABPB1;CHEK2;RNF111;GTF2I;DDX17;MAP2K2;FBXW11;THOC1;HCFC1;JMJD6;ILF3;TFAM;GLYR1;KMT2D;INO80B;INO80E;ENY2;STXBP2;HIF1A;GLIS2;BCL2L12;DEAF1;OTX2;RPRD1B;SNX5;SMAD2;HMGA1;NFATC3;NFKB1;MLLT10;DAB2;MRGBP;TADA3;UBA2;MMS19;TCF3;KDM5A;RNF10;AKAP8L;ILK;FOXM1;MED17;FLCN;ING3;NCK2;MLX;UBTF;YAF2;HRAS;ACTR2;CHUK;ATRX;TFE3;CKAP2;PEX2;BAZ1B;SREBF2;GNL3;DNM2;SENP1;MED22;PSRC1;TFDP1;TFDP2;THRAP3;MED21;WAC;PTMA;GTF2A2;HDAC3;USP16;ATF6B;TFPT;SCAF8;BCLAF1;NSD1;HSF1;BRD8;MTA3;BRD4;TCF7L2;PCGF5;NR1H2;IRX3;GTF2H1;RRP1B;USF1;GATAD2A;TNIP1;KANSL2;CARM1;TAF6;QRICH1;ERCC6;TAF2;SSBP4,Tra2b,rmats,1040,GO_Biological_Process_2023
Positive Regulation Of Hippo Signaling (GO:0035332),5/9,0.004803021181240353,22.893719806763286,231.94753827399396,TIAL1;SRC;DLG5;SCHIP1;CORO7,Tra2b,rmats,1040,GO_Biological_Process_2023
Positive Regulation Of miRNA-mediated Gene Silencing (GO:2000637),5/9,0.004803021181240353,22.893719806763286,231.94753827399396,FXR1;TIAL1;FMR1;PUM1;PUM2,Tra2b,rmats,1040,GO_Biological_Process_2023
Regulation Of Mitochondrion Organization (GO:0010821),11/50,0.004803021181240353,5.1862899005756145,52.3884845078725,FLCN;MTCH2;RHOT1;MUL1;OMA1;DNM1L;MFF;CYRIB;MYO19;SREBF2;HDAC6,Tra2b,rmats,1040,GO_Biological_Process_2023
DNA Repair (GO:0006281),32/291,0.00613535785571712,2.292210577924864,22.506706164242676,MUS81;RNASEH2A;MPG;FMR1;CIB1;PDS5B;EXO1;CHEK2;POLD1;CHEK1;RBBP8;TOPBP1;MUTYH;FANCI;UBE2B;PARP2;MGMT;KMT5C;ASCC1;ATRX;RECQL;GTF2H1;RAD23A;FANCE;REXO4;RAD52;MSH3;ERCC1;PWWP3A;TIMELESS;MMS19;ERCC6,Tra2b,rmats,1040,GO_Biological_Process_2023
Mitotic Cell Cycle Phase Transition (GO:0044772),17/111,0.006356244190346092,3.3352259728375033,32.508583704442245,CUL5;CDC7;CDC25C;PKMYT1;FOXM1;GSPT1;DNM2;CCND3;DBF4;CCNE2;CHEK2;ENSA;CHMP2A;CHMP7;CLASP1;TAF2;ANAPC2,Tra2b,rmats,1040,GO_Biological_Process_2023
"RNA Splicing, Via Transesterification Reactions With Bulged Adenosine As Nucleophile (GO:0000377)",23/180,0.006554238998440871,2.7085345308106143,26.22206805234629,NCBP1;YTHDC1;METTL3;WBP4;HNRNPR;U2AF1;CASC3;SRRM1;LSM2;U2AF1L4;LSM7;LSM6;HNRNPH1;SYF2;PRPF3;TRA2B;CWC22;HNRNPA2B1;PPIH;RNPS1;RALY;HNRNPC;BCAS2,Tra2b,rmats,1040,GO_Biological_Process_2023
Positive Regulation Of Double-Strand Break Repair Via Homologous Recombination (GO:1905168),9/36,0.006626852815791425,6.121241513094083,58.49647097202293,ACTR2;ING3;MRGBP;FUS;TIMELESS;MMS19;BRD8;ERCC6;HDGFL2,Tra2b,rmats,1040,GO_Biological_Process_2023
Regulation Of Embryonic Development (GO:0045995),12/62,0.006626852815791425,4.414785992217899,42.170112945719545,BAG6;INO80B;TFPT;INO80E;ZZZ3;RACGAP1;TADA3;EHMT1;OTX2;PHLDB2;CLASP1;KAT14,Tra2b,rmats,1040,GO_Biological_Process_2023
"Regulation Of Alternative mRNA Splicing, Via Spliceosome (GO:0000381)",11/53,0.006626852815791425,4.815077051228655,45.892642659209606,DDX17;FXR1;RBM25;RBM47;TIA1;THRAP3;YTHDC1;FMR1;TRA2B;RNPS1;RBM7,Tra2b,rmats,1040,GO_Biological_Process_2023
Regulation Of DNA Metabolic Process (GO:0051052),18/124,0.006626852815791425,3.1327031717313445,29.806009074261894,ANKRD17;INO80B;ENY2;INO80E;SLF2;ESCO1;THOC1;SMC5;TERF2;SMG6;TOM1L1;ING4;TFPT;ORC3;TADA3;TAF6;MPV17;TAF2,Tra2b,rmats,1040,GO_Biological_Process_2023
Gene Expression (GO:0010467),32/296,0.006626852815791425,2.248196248196248,21.339142781241527,MRPS17;HBS1L;RPL3;YTHDC1;MRPS11;FMR1;RRBP1;CASC3;GSPT1;LMF2;SMG6;MRPL55;EXOSC8;TSPAN5;NUP88;EXOSC1;AGFG1;DDX17;NUP214;MBTPS1;RBM39;CHTOP;NCBP1;THOC1;MRPL28;RPL13A;MRPL24;THOC7;TNIP1;HNRNPH1;HNRNPA2B1;RPS24,Tra2b,rmats,1040,GO_Biological_Process_2023
Positive Regulation Of Post-Transcriptional Gene Silencing By RNA (GO:1900370),5/10,0.006626852815791425,18.314009661835748,173.65719276569027,FXR1;TIAL1;FMR1;PUM1;PUM2,Tra2b,rmats,1040,GO_Biological_Process_2023
Mitochondrial Gene Expression (GO:0140053),16/103,0.006795929378836568,3.3895474137931036,31.9595010754051,RARS2;MRPS17;PTCD3;MRPS26;FASTKD3;MRPS11;MRPL28;MRPL48;MRPL24;MRPL33;MRPL55;MRPL4;MRPS9;FASTK;TFAM;DAP3,Tra2b,rmats,1040,GO_Biological_Process_2023
Endoplasmic Reticulum To Golgi Vesicle-Mediated Transport (GO:0006888),17/115,0.007573432174339853,3.198416023300816,29.723259849368297,SEC24B;TRAPPC1;LMAN2L;MIA2;MIA3;USE1;YIF1A;SCFD1;TRAPPC6A;TRAPPC6B;HYOU1;TMED1;COPG1;SEC24C;COPE;TMED5;SEC31A,Tra2b,rmats,1040,GO_Biological_Process_2023
mRNA Metabolic Process (GO:0016071),14/85,0.00930552228150719,3.630206188397441,32.89144258642398,CPSF6;NCBP1;CELF1;SCAF11;AKAP8L;METTL3;HNRNPR;U2AF1;LSM2;LSM6;PRPF3;HSF1;PCBP2;HNRNPA2B1,Tra2b,rmats,1040,GO_Biological_Process_2023
Positive Regulation Of Nucleic Acid-Templated Transcription (GO:1903508),50/557,0.009745873178051019,1.8382045305122228,16.522292275340575,KDM5A;RNF10;ILK;FOXM1;MED17;ING3;CHEK2;YAF2;RNF111;MAP2K2;CHUK;FBXW11;TFE3;HCFC1;JMJD6;DNM2;MED22;ILF3;PSRC1;THRAP3;WAC;TFAM;INO80B;ENY2;INO80E;USP16;HIF1A;GLIS2;TFPT;DEAF1;NSD1;OTX2;BRD8;MTA3;SNX5;BRD4;SMAD2;NR1H2;HMGA1;GTF2H1;NFKB1;GATAD2A;MRGBP;KANSL2;TADA3;MMS19;QRICH1;TAF6;TCF3;TAF2,Tra2b,rmats,1040,GO_Biological_Process_2023
Chromatin Remodeling (GO:0006338),26/228,0.011173831699220371,2.381061183041381,21.01579115678283,KDM5A;INO80B;INO80E;KDM5C;PSIP1;HDAC6;TFPT;CHEK1;DPF2;BRD9;SUDS3;MTA3;PBRM1;CHTOP;PHC1;KDM2B;PARP2;ATRX;BAZ1B;HCFC1;GATAD2A;MTF2;WAC;HNRNPC;ERCC6;HDGFL2,Tra2b,rmats,1040,GO_Biological_Process_2023
Stress Granule Assembly (GO:0034063),7/24,0.01185895706696802,7.550879790444736,66.00999861547987,DYNC1H1;TIA1;FMR1;CSDE1;PRRC2C;UBAP2L;LSM14A,Tra2b,rmats,1040,GO_Biological_Process_2023
Cell Cycle G2/M Phase Transition (GO:0044839),9/40,0.012097137700693162,5.3302775257344885,46.25281339968969,CHEK2;AKAP8L;ENSA;AKAP8;FOXM1;PKMYT1;CDC25C;TAF2;DNM2,Tra2b,rmats,1040,GO_Biological_Process_2023
mRNA Transport (GO:0051028),11/58,0.012097137700693162,4.3016975787275396,37.315135919100705,NUP214;CHTOP;NCBP1;YTHDC1;FMR1;HNRNPA2B1;THOC1;NUP88;CASC3;THOC7;SMG6,Tra2b,rmats,1040,GO_Biological_Process_2023
Intracellular Protein Transport (GO:0006886),33/325,0.013218644012661603,2.095074206581328,17.903624242141486,RPAIN;VPS29;IPO11;STXBP2;VPS26B;HDAC6;GGA1;SCFD1;RAB24;ARFIP1;FAM53A;NUP88;TMED1;STX3;RAB28;RAB6A;TMED5;TNPO3;SEC31A;NUP214;RANBP3;STRADA;SYNRG;APLP2;STX8;ASPSCR1;HPS4;TIMM44;CAMSAP3;SEC23IP;HGS;PICK1;IFT27,Tra2b,rmats,1040,GO_Biological_Process_2023
Regulation Of Cell Cycle (GO:0051726),31/298,0.013218644012661603,2.150989409917484,18.370293286148666,ANKRD17;INO80B;CDC123;INO80E;CTBP1;FOXM1;ING4;TFPT;STK11;ING3;RPS6KA2;CHEK1;RPRD1B;CCNL2;BRD8;HRAS;KAT14;METTL3;RAD23A;PUM1;CDK11B;HCFC1;ZZZ3;MRGBP;BIN1;TADA3;MDM2;ANAPC5;TAF6;TARDBP;ANAPC2,Tra2b,rmats,1040,GO_Biological_Process_2023
Positive Regulation Of DNA Recombination (GO:0045911),10/51,0.01667738132885993,4.47999052806062,37.121148703328494,ACTR2;ING3;MRGBP;KMT5C;FUS;TIMELESS;MMS19;BRD8;ERCC6;HDGFL2,Tra2b,rmats,1040,GO_Biological_Process_2023
Proteasome-Mediated Ubiquitin-Dependent Protein Catabolic Process (GO:0043161),32/319,0.01942787176597607,2.06548310381063,16.754840932607305,RNF10;CUL5;FAF2;SEL1L;AUP1;USP19;UBE2J1;BAG6;SHARPIN;PSMD4;RNF216;PCBP2;UBQLN1;SKP2;FBXW5;UBE2B;FBXW11;EDEM1;FBXL19;SGTA;RAD23A;PPP2R5C;FBXO31;FBXL12;SPSB3;NSFL1C;DNAJC10;MDM2;PLAA;ANAPC5;RBCK1;ANAPC2,Tra2b,rmats,1040,GO_Biological_Process_2023
Establishment Of Spindle Orientation (GO:0051294),8/35,0.022102026314282958,5.435831180017226,43.27906969316633,NSFL1C;HDAC3;SAPCD2;FBXW11;MAP4;CLASP1;ENKD1;LLGL2,Tra2b,rmats,1040,GO_Biological_Process_2023
Cellular Response To Reactive Oxygen Species (GO:0034614),12/73,0.0222097979175207,3.616572048223512,28.702306208103273,MAPK9;PRDX5;CHUK;PLEKHA1;PRKCD;TPM1;PPIF;SIRPA;PEX2;MPV17;ECT2;HDAC6,Tra2b,rmats,1040,GO_Biological_Process_2023
Macromolecule Catabolic Process (GO:0009057),13/85,0.02511098406340881,3.320675105485232,25.761230356758553,MUS81;RNASEH2A;NCBP1;CLN8;USE1;REXO4;SUPV3L1;CHEK2;EXOSC8;PPT1;TPP1;EXOSC1;SIDT2,Tra2b,rmats,1040,GO_Biological_Process_2023
Lytic Vacuole Organization (GO:0080171),8/36,0.02511098406340881,5.241417497231451,40.65589460951787,CLN3;MBTPS1;HOOK2;AKTIP;HPS4;ACP2;TPP1;SPG11,Tra2b,rmats,1040,GO_Biological_Process_2023
Peptidyl-Lysine Monomethylation (GO:0018026),4/8,0.02511098406340881,18.2972972972973,141.83926527165426,SETD6;SMYD2;EHMT1;KMT5A,Tra2b,rmats,1040,GO_Biological_Process_2023
Positive Regulation Of mRNA Catabolic Process (GO:0061014),9/45,0.02511098406340881,4.588748787584869,35.49436522827999,FXR1;ROCK1;CELF1;CNOT1;TTC5;METTL3;PUM1;GTPBP1;TNRC6A,Tra2b,rmats,1040,GO_Biological_Process_2023
Regulation Of Chromosome Segregation (GO:0051983),7/28,0.02566820531675292,6.111326234269119,47.02326891941273,NCAPH2;SMC5;MKI67;PUM1;BUB1;SMC2;PUM2,Tra2b,rmats,1040,GO_Biological_Process_2023
RNA Export From Nucleus (GO:0006405),11/65,0.026674397540707006,3.7426843753374364,28.58529685509303,NUP214;CHTOP;NCBP1;YTHDC1;FMR1;HNRNPA2B1;THOC1;NUP88;CASC3;THOC7;SMG6,Tra2b,rmats,1040,GO_Biological_Process_2023
"Positive Regulation Of DNA-templated Transcription, Elongation (GO:0032786)",10/56,0.030170915071709783,3.991979738286197,29.92568818162496,MED22;SCAF8;CCNT1;NCBP1;MED21;THOC1;ERCC6;EAPP;MED17;BRD4,Tra2b,rmats,1040,GO_Biological_Process_2023
Regulation Of Organelle Organization (GO:0033043),14/100,0.03503117293400058,2.994650709460991,21.94897317451828,INO80B;INO80E;MUL1;MFF;PTK2;CAMSAP3;CLN3;TFPT;RHOT1;PDCD10;TMEM33;ATP13A2;DNM1L;ATG5,Tra2b,rmats,1040,GO_Biological_Process_2023
Regulation Of miRNA-mediated Gene Silencing (GO:0060964),5/15,0.03764429740947756,9.154589371980677,66.12080321754372,FXR1;TIAL1;FMR1;PUM1;PUM2,Tra2b,rmats,1040,GO_Biological_Process_2023
ESCRT III Complex Disassembly (GO:1904903),4/9,0.03764429740947756,14.637065637065637,105.47699235882496,IST1;VTA1;CHMP2A;CHMP7,Tra2b,rmats,1040,GO_Biological_Process_2023
ESCRT Complex Disassembly (GO:1904896),4/9,0.03764429740947756,14.637065637065637,105.47699235882496,IST1;VTA1;CHMP2A;CHMP7,Tra2b,rmats,1040,GO_Biological_Process_2023
Axonal Transport (GO:0098930),8/39,0.03780534014587207,4.733433358339585,34.011416881451225,DYNC1H1;OPA1;KIF3A;FBXW11;DTNBP1;AP3S1;HIF1A;HDAC6,Tra2b,rmats,1040,GO_Biological_Process_2023
mRNA 3'-End Processing (GO:0031124),8/40,0.04410188858726774,4.5852713178294575,32.13468883792863,SCAF8;CPSF6;CPSF1;NCBP1;CSTF2;PAPOLA;RPRD1B;PEX2,Tra2b,rmats,1040,GO_Biological_Process_2023
Cytosolic Transport (GO:0016482),16/127,0.04410188858726774,2.653293918918919,18.570525300989914,VPS29;ANKRD27;STX8;VPS26B;PHETA1;GAK;CLN3;GGA1;HOOK2;AP1G1;CORO7;RAB6A;TBC1D17;SNX5;PLEKHJ1;VTI1B,Tra2b,rmats,1040,GO_Biological_Process_2023
Spindle Assembly (GO:0051225),12/81,0.04469407521993198,3.195905938081543,22.275333251410697,TPX2;STAG1;NCOR1;HDAC3;STAG2;CHEK2;CEP63;LSM14A;HAUS2;CLASP1;RAB11A;CCDC61,Tra2b,rmats,1040,GO_Biological_Process_2023
protein-DNA Complex Organization (GO:0071824),10/60,0.04561512215160183,3.6718446601941745,25.460778114138055,HDAC3;HIRIP3;ZZZ3;ATRX;MTF2;PWWP3A;EHMT1;LRWD1;HMGN2;EZH2,Tra2b,rmats,1040,GO_Biological_Process_2023
Cellular Response To Gamma Radiation (GO:0071480),5/16,0.04617706459900511,8.32191480017567,57.35053527221915,HSF1;MDM2;TLK2;TMEM109;HRAS,Tra2b,rmats,1040,GO_Biological_Process_2023
Nuclear Chromosome Segregation (GO:0098813),5/16,0.04617706459900511,8.32191480017567,57.35053527221915,TOP2A;TOP2B;CENPF;MAP1S;INCENP,Tra2b,rmats,1040,GO_Biological_Process_2023
Regulation Of Double-Strand Break Repair Via Homologous Recombination (GO:0010569),11/71,0.04647289934287806,3.36734693877551,23.134703742603044,ACTR2;ING3;MRGBP;FUS;CHEK1;TIMELESS;MMS19;KMT5A;BRD8;ERCC6;HDGFL2,Tra2b,rmats,1040,GO_Biological_Process_2023
Regulation Of Microtubule-Based Process (GO:0032886),8/41,0.04693486833751161,4.446088794926005,30.39865904943636,CAMSAP3;ROCK1;CDK2AP2;MEMO1;CCNL2;PHLDB2;HDAC6;CLASP1,Tra2b,rmats,1040,GO_Biological_Process_2023
miRNA Processing (GO:0035196),7/32,0.04693486833751161,5.1324298160697,35.06181908393536,SMAD2;NCBP1;METTL3;HNRNPA2B1;PUM1;SPOUT1;PUM2,Tra2b,rmats,1040,GO_Biological_Process_2023
Membrane Organization (GO:0061024),19/167,0.048117100788019534,2.3653810519628347,16.06653260737062,MTCH1;SH3GLB2;TOR1AIP2;ATP2C1;DNM2;NSFL1C;CLN3;OPA1;BIN1;HGS;REEP4;TMEM33;CHMP2A;PPT1;PICK1;DNM1L;CHMP7;EXOC2;VTI1B,Tra2b,rmats,1040,GO_Biological_Process_2023
Peroxisome Organization (GO:0007031),6/24,0.048220846468510895,6.1063829787234045,41.23032397836055,ABCD4;TMEM135;PEX3;PEX2;MFF;DNM1L,Tra2b,rmats,1040,GO_Biological_Process_2023
SRP-dependent Cotranslational Protein Targeting To Membrane (GO:0006614),4/10,0.048220846468510895,12.196911196911197,82.1739116657157,SEC61A2;SRP19;SRPRB;SEC63,Tra2b,rmats,1040,GO_Biological_Process_2023
Regulation Of mRNA Polyadenylation (GO:1900363),4/10,0.048220846468510895,12.196911196911197,82.1739116657157,CPSF6;NCBP1;HSF1;ZC3H14,Tra2b,rmats,1040,GO_Biological_Process_2023
Positive Regulation Of Cell Cycle Process (GO:0090068),15/118,0.048220846468510895,2.6791854132133555,18.04539469550787,DYNC1H1;DDX11;NCAPH2;ATRX;SMC5;CDC7;USP19;CDC14B;SMC2;NSFL1C;DBF4;RACGAP1;INCENP;ECT2;MAD1L1,Tra2b,rmats,1040,GO_Biological_Process_2023
Negative Regulation Of Translation (GO:0017148),14/107,0.04986679100852871,2.7682198327359617,18.41638017169412,TIA1;ROCK1;CELF1;FMR1;METTL3;RPL13A;PUM1;FXR1;ILF3;CNOT1;EIF4E2;LSM14A;GAPDH;TNRC6A,Tra2b,rmats,1040,GO_Biological_Process_2023
DNA Double-Strand Break Processing Involved In Repair Via Single-Strand Annealing (GO:0010792),3/5,0.04986679100852871,27.422372227579558,182.3297283226553,RAD52;RNF138;RBBP8,Tra2b,rmats,1040,GO_Biological_Process_2023
Regulation Of Post-Transcriptional Gene Silencing By RNA (GO:1900368),3/5,0.04986679100852871,27.422372227579558,182.3297283226553,FMR1;PUM1;PUM2,Tra2b,rmats,1040,GO_Biological_Process_2023
Double-Strand Break Repair Via Single-Strand Annealing (GO:0045002),3/5,0.04986679100852871,27.422372227579558,182.3297283226553,RAD52;RNF138;RBBP8,Tra2b,rmats,1040,GO_Biological_Process_2023
Positive Regulation Of Telomere Maintenance (GO:0032206),9/52,0.04986679100852871,3.84032210768502,25.489374122556903,INO80B;TFPT;INO80E;TNIP1;ERCC1;ATRX;HNRNPA2B1;TERF2;GNL3,Tra2b,rmats,1040,GO_Biological_Process_2023
Intracellular Membrane-Bounded Organelle (GO:0043231),423/5175,2.308196442549605e-24,2.049801090319729,123.35973122594177,VPS29;SLC4A1AP;RPL3;EHMT1;DCAF8;SMC5;HNRNPR;ENO1;GABPB1;ALKBH6;GPATCH8;SMC2;PSMD4;SCP2;RNF111;DDX17;MAP1S;DDX11;PRKCD;DNTTIP1;RFX1;SCAMP3;EML3;HCFC1;NISCH;BIN1;MTMR2;CTBP1;COPS7B;HIF1A;PRDX5;RNF216;LTA4H;KAT14;VTI1B;LHPP;CTC1;PHC1;TIPARP;NCAPH2;NFATC3;LARP7;CDC7;MLLT10;EIF5;OGDH;PPT1;MMS19;HNRNPC;PKIG;EZH2;SETD5;SETD6;MED17;SMG6;ING4;ING3;NELFB;NELFCD;AP3S1;BAZ1B;GNL2;TERF2;GNL3;MED22;MMP14;NCOR1;INCENP;MED21;MTF2;GPRC5C;RNMT;GPS1;GGA1;SCAF8;BCLAF1;RNF138;NSD1;PPP1R7;BRD9;BRD8;NKTR;BRD4;SLF2;PCGF5;MGMT;NR1H2;TRMT1;RRP1B;SCAF4;GATAD2A;RNF146;CENPF;FABP5;CENPH;SRRD;PWWP3A;CEP43;EEF1AKMT2;MTCH2;CCNT1;FMR1;CASC3;CDC14B;EDC4;STK11;PAPOLA;KMT5A;MACROD2;HMGN2;GTF2I;TLE3;MAP2K2;IST1;KMT5C;IPMK;THOC1;VRK1;CDC25C;THOC7;CLIP1;ILF3;MSH3;ANAPC5;CSNK1G2;ANKRD17;KMT2D;DNMT1;GLIS2;BCL2L12;BAG6;BAG4;STK38;BAG1;SMYD2;SAFB2;KHDC4;NAE1;TIA1;CHTOP;ANKRD27;FUS;FANCE;NFKB1;LSM2;NSFL1C;LSM7;DAB2;UBOX5;LSM6;CNOT2;TADA3;MDM2;OSBPL1A;SLC25A1;RNF10;DIDO1;CELF1;AKAP8L;FHL1;CEP164;UFSP2;PIK3CB;FOXM1;RESF1;EXO1;AP1G1;UBTF;TLK2;HMG20B;DNM1L;YAF2;BCAS2;TNPO3;ILKAP;ACTR2;RFC1;ATRX;RPL13A;RAD23A;REXO4;TRAF7;TFDP1;PKM;TFDP2;SYF2;TMBIM1;GAPDH;GTF2A2;HDAC3;WBP4;LENG8;DPCD;HDAC6;HIRIP3;RBBP8;POLR2H;DRAM2;PPIL2;ASCC1;IRX3;PTPN13;RAD52;PRC1;PPIL4;TNRC6A;SPARC;RTCA;ECI2;MKI67;CCAR1;NFU1;TIAL1;RPS6KA2;CHEK2;CHEK1;DPF2;FAM53A;UBAP2L;CCNL2;TMPO;AGFG1;ESCO1;SLC35C2;IFRD1;METTL3;RECQL;ACTN4;JMJD8;JMJD6;SRRM1;TFAM;ANKRA2;CBLL1;BLZF1;LLGL2;STXBP2;OSGEP;UBE2J1;FXR1;SCFD1;RAB11FIP1;RACGAP1;PCBP4;ZNHIT3;PCBP2;PATZ1;RAB11FIP3;SNX5;TRMT1L;SEC31A;INTS1;INTS2;MEMO1;PTK2;TPX2;STAG1;STAG2;FUBP1;RNPS1;CC2D1A;RPS24;TOP2A;RPAIN;TOP2B;MIA3;SUFU;MLX;SPTAN1;TMED5;PBRM1;STRADA;PARP2;TFE3;SREBF2;GAK;SCNM1;SLTM;HNRNPH1;WAC;PTMA;SLC66A1;ZDHHC20;AKAP8;CAPG;ARVCF;CUX1;HSF1;EXOSC8;EXOSC1;MYEF2;RANBP3;YIF1A;RAB11A;SEC23IP;TTC3;HNRNPA2B1;NBR1;TARDBP;CIB1;COMT;EEF1B2;CCND3;CWC22;BORA;KDM2B;FBXW11;APLP2;CFAP410;MAU2;CCNE2;PRPF3;TIMELESS;PLAA;PPIH;HDGFL2;YTHDC1;PDS5B;IRAK1;DEAF1;TBC1D14;OTX2;RPRD1B;SUDS3;ECT2;ZC3H14;UBE2F;SMAD2;UBE2I;CPSF6;UBE2B;CPSF1;VTA1;HMGA1;ASPSCR1;DNAJC13;MACO1;AZIN1;IFT20;CLK1;NASP;HOOK2;RSRP1;UBA2;MAN2B1;TCF3;FGFR1;RBM27;KDM5A;MUS81;KDM5C;NAA40;PRKCSH;USP34;DDX42;PSIP1;DTWD1;FLCN;BUD23;TOPBP1;RBM7;POLG;SUN1;USP48;NCBP1;AKTIP;PEX2;PPP2R5C;TRNAU1AP;EPN2;SENP1;SUPV3L1;LMBRD1;TRAPPC6A;THRAP3;TRAPPC6B;BLVRB;EAPP;ITGB3BP;VAC14;RBM47;USP16;ATF6B;NAA20;USP10;POLDIP3;UACA;ADD1;CLN3;MAPK9;TFPT;MCRIP1;POLD1;TRA2B;MKNK2;BNIP2;RALY;MTA3;SMNDC1;BUB1;MUTYH;TCF7L2;ATE1;NAA10;B3GAT3;SWT1;SGTA;DTNBP1;LRWD1;CDK11B;CHFR;USF1;U2SURP;BRMS1L;CARM1;CDK2AP2;ACIN1;TAF6;QRICH1;FAM98A;ERCC6;TAF2;SSBP4,Tra2b,rmats,1040,GO_Cellular_Component_2023
Nucleus (GO:0005634),359/4487,6.493362563458956e-18,1.8941194549738756,84.55035996736981,RPL3;RTCA;EHMT1;DCAF8;SMC5;HNRNPR;ENO1;GABPB1;MKI67;ALKBH6;GPATCH8;CCAR1;SMC2;NFU1;TIAL1;PSMD4;RPS6KA2;CHEK2;CHEK1;DPF2;FAM53A;UBAP2L;CCNL2;RNF111;TMPO;DDX17;ESCO1;MAP1S;DDX11;PRKCD;IFRD1;METTL3;DNTTIP1;RECQL;ACTN4;JMJD8;EML3;HCFC1;JMJD6;SRRM1;BIN1;TFAM;ANKRA2;CBLL1;BLZF1;MTMR2;CTBP1;STXBP2;COPS7B;HIF1A;OSGEP;UBE2J1;FXR1;PRDX5;RNF216;RACGAP1;PCBP4;ZNHIT3;PCBP2;LTA4H;PATZ1;KAT14;TRMT1L;LHPP;CTC1;PHC1;INTS1;TIPARP;NCAPH2;INTS2;NFATC3;LARP7;CDC7;MEMO1;PTK2;MLLT10;TPX2;STAG1;EIF5;STAG2;FUBP1;OGDH;PPT1;MMS19;RNPS1;HNRNPC;PKIG;CC2D1A;RPS24;EZH2;TOP2A;RPAIN;SETD5;TOP2B;SETD6;MED17;SMG6;ING4;ING3;SUFU;MLX;NELFB;NELFCD;PBRM1;STRADA;PARP2;TFE3;BAZ1B;GNL2;TERF2;SREBF2;GNL3;MED22;MMP14;NCOR1;SCNM1;SLTM;INCENP;HNRNPH1;MED21;MTF2;WAC;PTMA;RNMT;GPS1;AKAP8;CAPG;ARVCF;SCAF8;BCLAF1;CUX1;RNF138;NSD1;PPP1R7;HSF1;EXOSC8;BRD9;BRD8;EXOSC1;NKTR;BRD4;SLF2;MYEF2;RANBP3;PCGF5;MGMT;NR1H2;TRMT1;RRP1B;SCAF4;GATAD2A;RNF146;CENPF;FABP5;CENPH;SRRD;TTC3;HNRNPA2B1;PWWP3A;TARDBP;CEP43;EEF1AKMT2;MTCH2;CCNT1;FMR1;CIB1;CASC3;CDC14B;EEF1B2;EDC4;STK11;CCND3;CWC22;PAPOLA;KMT5A;MACROD2;HMGN2;GTF2I;TLE3;BORA;MAP2K2;KDM2B;KMT5C;FBXW11;APLP2;IPMK;THOC1;VRK1;CDC25C;THOC7;CLIP1;ILF3;MAU2;CCNE2;MSH3;PRPF3;TIMELESS;PLAA;ANAPC5;HDGFL2;CSNK1G2;ANKRD17;KMT2D;DNMT1;YTHDC1;PDS5B;GLIS2;BCL2L12;BAG6;BAG4;IRAK1;DEAF1;STK38;BAG1;SMYD2;SAFB2;KHDC4;OTX2;RPRD1B;NAE1;SUDS3;ECT2;ZC3H14;UBE2F;SMAD2;TIA1;CHTOP;UBE2I;CPSF6;UBE2B;CPSF1;FUS;HMGA1;ASPSCR1;MACO1;FANCE;NFKB1;AZIN1;LSM2;CLK1;NSFL1C;LSM7;UBOX5;LSM6;NASP;CNOT2;TADA3;MDM2;RSRP1;UBA2;TCF3;FGFR1;SLC25A1;RBM27;KDM5A;MUS81;RNF10;DIDO1;KDM5C;NAA40;CELF1;AKAP8L;FHL1;USP34;DDX42;PSIP1;UFSP2;PIK3CB;FOXM1;RESF1;DTWD1;FLCN;EXO1;UBTF;TLK2;HMG20B;BUD23;TOPBP1;RBM7;YAF2;BCAS2;ILKAP;ACTR2;USP48;NCBP1;RFC1;AKTIP;ATRX;RPL13A;RAD23A;PPP2R5C;TRNAU1AP;REXO4;SENP1;SUPV3L1;TFDP1;PKM;TFDP2;SYF2;THRAP3;EAPP;GAPDH;ITGB3BP;RBM47;GTF2A2;HDAC3;USP16;ATF6B;NAA20;USP10;POLDIP3;WBP4;LENG8;DPCD;UACA;ADD1;HDAC6;CLN3;MAPK9;TFPT;HIRIP3;MCRIP1;POLD1;TRA2B;MKNK2;RBBP8;RALY;POLR2H;MTA3;SMNDC1;MUTYH;TCF7L2;ATE1;PPIL2;NAA10;ASCC1;SWT1;IRX3;SGTA;DTNBP1;LRWD1;PTPN13;CDK11B;CHFR;USF1;U2SURP;RAD52;PRC1;BRMS1L;CARM1;CDK2AP2;ACIN1;TAF6;QRICH1;FAM98A;ERCC6;PPIL4;TAF2;SSBP4,Tra2b,rmats,1040,GO_Cellular_Component_2023
Intracellular Non-Membrane-Bounded Organelle (GO:0043232),106/1195,4.069386170096995e-6,1.8624300234189275,31.790094292248654,SRP19;RPL3;CCNT1;TMEM179B;FMR1;HNRNPR;AUP1;MKI67;SMC2;CDC14B;MACROD2;SKP2;NOM1;ESCO1;SCAF11;DIMT1;MAP1S;DDX11;TPM1;DNTTIP1;RECQL;VRK1;LARP4B;EML3;JMJD6;ILF3;BIN1;ANAPC5;MAD1L1;INO80B;INO80E;PDS5B;PKMYT1;SPATA5;FXR1;SYCE2;RACGAP1;IRAK1;CALD1;UTP20;ZC3H14;COX10;FUS;SURF2;FANCE;PTK2;TPX2;STAG1;LSM6;STAG2;ZZZ3;MDM2;MMS19;CEP85;TOP2A;TOP2B;FAF2;PIK3CB;FOXM1;SMG6;EPB41L4A;UBTF;LRRFIP1;BUD23;TOPBP1;RBM7;SPG11;NSUN5;PARP2;RPL13A;BAZ1B;GNL2;REXO4;GNL3;TRAF7;MRPS9;PSRC1;SAPCD2;INCENP;LDAH;GAPDH;ROCK1;AKAP8;CAPG;RRBP1;ADD1;TAF1D;HIRIP3;TCOF1;PPP1R7;EXOSC8;BNIP2;EXOSC1;NOP56;NAA10;IDH3G;KRR1;LRWD1;RRP1B;CENPF;CENPH;PRC1;TTC3;TSR1;ERCC6;TARDBP,Tra2b,rmats,1040,GO_Cellular_Component_2023
Spindle (GO:0005819),30/210,3.8476623348572116e-5,3.099009900990099,45.04382237426898,HDAC3;CAPG;SPATA5;SPOUT1;CDC14B;FLCN;TAF1D;RACGAP1;KIF3A;MAP4;ECT2;KAT14;CLASP1;MAP1S;CKAP2;CDC7;EML3;TPX2;CENPF;ZZZ3;NCOR1;PSRC1;TFDP2;INCENP;PRC1;TADA3;MMS19;ANAPC5;LSM14A;MAD1L1,Tra2b,rmats,1040,GO_Cellular_Component_2023
Mitotic Spindle (GO:0072686),23/143,8.287211207930511e-5,3.550639134709931,48.09168948609786,HDAC3;MAP1S;CKAP2;CDC7;CAPG;SPOUT1;HAUS2;CDC14B;EML3;TPX2;FLCN;TAF1D;ZZZ3;NCOR1;RACGAP1;TFDP2;TADA3;MAP4;ECT2;LSM14A;MAD1L1;KAT14;CLASP1,Tra2b,rmats,1040,GO_Cellular_Component_2023
Nucleolus (GO:0005730),71/771,1.0766156592026998e-4,1.9113371664455256,25.0394737803878,TOP2A;SRP19;TOP2B;RPL3;CCNT1;TMEM179B;FMR1;HNRNPR;PIK3CB;MKI67;SMC2;SMG6;CDC14B;UBTF;BUD23;MACROD2;SKP2;RBM7;SPG11;NOM1;NSUN5;SCAF11;DIMT1;MAP1S;PARP2;DDX11;DNTTIP1;RPL13A;VRK1;LARP4B;BAZ1B;GNL2;REXO4;GNL3;JMJD6;TRAF7;MRPS9;ILF3;SAPCD2;INO80B;INO80E;AKAP8;CAPG;PKMYT1;FXR1;TAF1D;HIRIP3;TCOF1;EXOSC8;BNIP2;UTP20;POLR2H;ZC3H14;EXOSC1;COX10;NOP56;NAA10;SURF2;IDH3G;KRR1;LRWD1;RRP1B;LSM6;STAG2;ZZZ3;CENPH;TTC3;MDM2;TSR1;ERCC6;CEP85,Tra2b,rmats,1040,GO_Cellular_Component_2023
Nuclear Lumen (GO:0031981),71/780,1.3927608791987185e-4,1.8861446738891534,23.933071757535547,TOP2A;SRP19;TOP2B;RPL3;CCNT1;TMEM179B;FMR1;HNRNPR;PIK3CB;MKI67;SMC2;SMG6;CDC14B;UBTF;BUD23;MACROD2;SKP2;RBM7;SPG11;NOM1;PBRM1;NSUN5;SCAF11;DIMT1;MAP1S;PARP2;DDX11;DNTTIP1;RPL13A;VRK1;LARP4B;BAZ1B;GNL2;REXO4;GNL3;JMJD6;TRAF7;MRPS9;ILF3;SAPCD2;INO80B;INO80E;AKAP8;CAPG;PKMYT1;FXR1;TAF1D;HIRIP3;TCOF1;EXOSC8;BNIP2;UTP20;ZC3H14;EXOSC1;COX10;NOP56;NAA10;SURF2;IDH3G;KRR1;LRWD1;RRP1B;LSM6;STAG2;ZZZ3;CENPH;TTC3;MDM2;TSR1;ERCC6;CEP85,Tra2b,rmats,1040,GO_Cellular_Component_2023
Chromosome (GO:0005694),22/164,0.0016847548481474794,2.8639143307783836,28.817954343279798,TOP2A;PBRM1;ESCO1;KRR1;FMR1;DNTTIP1;RECQL;SMC5;PDS5B;RRP1B;MKI67;FANCE;SMC2;GNL3;SYCE2;STAG1;STAG2;CENPH;PPP1R7;EXOSC8;KMT5A;TOPBP1,Tra2b,rmats,1040,GO_Cellular_Component_2023
Macropinosome (GO:0044354),4/6,0.003167085403467487,36.5984555984556,337.00226335990084,CARMIL1;CLIP1;MMP14;APLP2,Tra2b,rmats,1040,GO_Cellular_Component_2023
Pinosome (GO:0044352),4/6,0.003167085403467487,36.5984555984556,337.00226335990084,CARMIL1;CLIP1;MMP14;APLP2,Tra2b,rmats,1040,GO_Cellular_Component_2023
Mitochondrial Membrane (GO:0031966),48/540,0.0056630342106385265,1.8162863886703384,15.355995606529964,SLC25A1;MRPS17;MTCH2;MTARC2;COX16;TAFAZZIN;SRC;SLC44A2;TAMM41;COX15;TIMM9;MRPS11;NDUFA10;OMA1;MFF;HIGD1A;MRPL33;MRPL55;RCC1L;MRPL4;RHOT1;OPA1;NNT;MPV17;BID;DNM1L;COX10;PTCD3;MRPS26;TIMMDC1;MRPL28;MUL1;IMMT;TIMM22;NME4;TIMM44;MRPL48;MRPL24;MYO19;ATAD3A;CLPX;QTRT1;MRPS9;COQ2;NDUFAF6;OGDH;KRAS;DAP3,Tra2b,rmats,1040,GO_Cellular_Component_2023
Microtubule Cytoskeleton (GO:0015630),34/342,0.0056630342106385265,2.0467067723528958,17.114612171646844,SLAIN2;SPATA5;HDAC6;RACGAP1;OPA1;KIF3A;TAF1A;MAP4;DNM1L;SPTAN1;CLASP1;ENKD1;CCT2;DYNC1H1;RBM39;MAP2K2;MAP1S;CKAP2;DTNBP1;EML3;DNM2;NISCH;TPX2;CENPF;CLIP1;PSRC1;INCENP;PRC1;MAP7D1;CDK2AP2;MMS19;ANAPC5;GAPDH;MAD1L1,Tra2b,rmats,1040,GO_Cellular_Component_2023
Mitochondrial Inner Membrane (GO:0005743),36/370,0.0056630342106385265,1.9995944366247584,16.695571074600096,MRPS17;SLC25A1;COX16;TAFAZZIN;TAMM41;COX15;SRC;MRPS11;TIMM9;NDUFA10;OMA1;HIGD1A;MRPL33;MRPL55;RCC1L;MRPL4;OPA1;NNT;MPV17;COX10;PTCD3;MRPS26;TIMMDC1;MRPL28;IMMT;NME4;TIMM22;TIMM44;MRPL48;MRPL24;ATAD3A;CLPX;MRPS9;COQ2;NDUFAF6;DAP3,Tra2b,rmats,1040,GO_Cellular_Component_2023
Endoplasmic Reticulum Membrane (GO:0005789),65/801,0.0056630342106385265,1.6507246376811595,13.685300146799364,ABCD4;PI4K2B;VKORC1L1;MCFD2;ANKLE2;ADPGK;PITPNB;PIGP;MIA2;MIA3;AUP1;MAGT1;USE1;POFUT2;SMPD4;DNM1L;SLC37A3;HRAS;CERS5;ALG9;ALG5;ALG3;ATG13;SREBF2;LMBRD1;SOAT1;TMX2;ASPH;TMEM33;HACD1;GRAMD1A;LMAN2L;ATF6B;ZDHHC20;SEL1L;DNAJC25;LMF2;USP19;UBE2J1;CLN3;CYB5R4;RCE1;RAB6A;VTI1B;SEC31A;MPDU1;B3GALNT2;PTPN1;SEC24B;ATP13A1;EDEM1;DTNBP1;MBOAT2;MACO1;YIF1A;KTN1;EXT2;SPCS1;REEP4;CALU;SRPRB;KRAS;COPG1;SEC24C;COPE,Tra2b,rmats,1040,GO_Cellular_Component_2023
Vesicle Coat (GO:0030120),8/37,0.010326810109994939,5.0604116546377975,38.252494858176824,SEC24B;NECAP2;COPG1;SEC24C;EPN1;COPE;SEC31A;EPN2,Tra2b,rmats,1040,GO_Cellular_Component_2023
Cytoplasmic Stress Granule (GO:0010494),12/76,0.010326810109994939,3.4464980544747084,26.042309121304015,TIAL1;FXR1;TIA1;ROCK1;STAU1;CELF1;MCRIP1;FMR1;LARP4B;PUM1;LSM14A;PUM2,Tra2b,rmats,1040,GO_Cellular_Component_2023
Organelle Inner Membrane (GO:0019866),36/398,0.017099843206926226,1.84215623693073,12.877106306246848,SLC25A1;MRPS17;COX16;TAFAZZIN;SRC;TAMM41;COX15;TIMM9;MRPS11;NDUFA10;OMA1;HIGD1A;MRPL33;MRPL55;RCC1L;MRPL4;OPA1;NNT;MPV17;COX10;PTCD3;MRPS26;TIMMDC1;MRPL28;IMMT;TIMM22;NME4;TIMM44;MRPL48;MRPL24;ATAD3A;CLPX;MRPS9;COQ2;NDUFAF6;DAP3,Tra2b,rmats,1040,GO_Cellular_Component_2023
cis-Golgi Network (GO:0005801),10/60,0.017099843206926226,3.6718446601941745,25.460778114138055,IFT20;TRAPPC6A;SCFD1;TRAPPC6B;B3GAT3;GPR108;SLC35C2;ATP2C1;TMED5;BLZF1,Tra2b,rmats,1040,GO_Cellular_Component_2023
Peroxisome (GO:0005777),16/129,0.017981038017283745,2.6060564159292037,17.79868971175226,ABCD4;HSDL2;MAP2K2;ECI2;MUL1;TYSND1;PEX2;MFF;TMEM135;PRDX5;SCP2;PEX3;NBR1;MPV17;DECR2;DNM1L,Tra2b,rmats,1040,GO_Cellular_Component_2023
Nuclear Chromosome (GO:0000228),13/95,0.019774418408508417,2.9141710404445815,19.476501130333606,TOP2A;INO80B;PBRM1;INO80E;NCAPH2;SMC2;TFPT;ING3;BRMS1L;CHEK1;BRD8;SUDS3;BRD4,Tra2b,rmats,1040,GO_Cellular_Component_2023
trans-Golgi Network (GO:0005802),24/241,0.02687635884732065,2.040313509198447,12.910548937082828,PI4K2B;COG8;YIPF1;GPR108;STX8;PCSK7;ATP2C1;PHETA1;SCAMP3;RAB11A;TJAP1;GGA1;CLN3;GOLGA4;TRAPPC6A;SMPD4;HOOK2;AP1G1;TRAPPC6B;PICK1;ARFIP1;CORO7;RAB6A;PLEKHJ1,Tra2b,rmats,1040,GO_Cellular_Component_2023
Coated Vesicle (GO:0030135),11/79,0.034015976928163716,2.969930829474647,17.77859803586158,LMBRD1;DAB2;SEC23IP;LMAN2L;AP1G1;VPS41;TMED1;PHETA1;TMED5;YIF1A;SEC31A,Tra2b,rmats,1040,GO_Cellular_Component_2023
Clathrin Vesicle Coat (GO:0030125),4/12,0.034015976928163716,9.146718146718147,54.546137111712774,NECAP2;SYNRG;EPN1;EPN2,Tra2b,rmats,1040,GO_Cellular_Component_2023
Spindle Microtubule (GO:0005876),10/68,0.034015976928163716,3.164044191496485,18.853315922503963,PSRC1;MAP1S;KIF3A;PRC1;CHMP2A;CHMP7;HAUS2;CLASP1;RAB11A;EML3,Tra2b,rmats,1040,GO_Cellular_Component_2023
Lysosome (GO:0005764),41/503,0.03851786541789832,1.6432406432406432,9.520113840410321,ABCD4;RAMP2;SRC;SLC44A2;SLC66A1;STXBP2;USE1;TIAL1;FLCN;CLN3;PIP4P1;AP5M1;AP1G1;ACP2;DRAM2;SLC37A3;SPG11;VPS16;VTI1B;ANKRD27;PRKCD;HPS4;DNAJC13;ITFG2;TOM1L1;GNPTG;DAB2;LMBRD1;HGS;TMBIM1;VPS41;GNB1;PPT1;OCIAD1;SPNS1;CHMP2A;TPP1;MAN2B1;ATP13A2;CHMP7;SIDT2,Tra2b,rmats,1040,GO_Cellular_Component_2023
P-body (GO:0000932),11/83,0.043538255431496496,2.804340783932621,15.687540226183275,EDC4;PAN2;LSM6;CNOT1;CNOT2;CNOT3;EIF4E2;PUM1;LSM14A;TNRC6A;LSM2,Tra2b,rmats,1040,GO_Cellular_Component_2023
Autophagosome (GO:0005776),11/83,0.043538255431496496,2.804340783932621,15.687540226183275,CLN3;RAB24;NBR1;UBQLN1;CHMP2A;TBC1D14;ATP13A2;AUP1;WIPI2;CHMP7;ATG5,Tra2b,rmats,1040,GO_Cellular_Component_2023
U6 snRNP (GO:0005688),3/7,0.04729116690760678,13.70973963355834,75.06040566769249,LSM7;LSM6;LSM2,Tra2b,rmats,1040,GO_Cellular_Component_2023
RNA Binding (GO:0003723),163/1411,3.672389202866286e-13,2.1685294956779333,76.07216566461304,EIF4A2;TCERG1;TFRC;FMR1;NUDT1;RPL10A;VIRMA;GPATCH8;EIF4ENIF1;PPP1CC;ENDOV;CWC22;NUSAP1;FBRSL1;UBAP2L;MTPAP;HMGN2;AGFG1;RARS2;PNISR;DIMT1;SECISBP2;PUS1;METTL3;CIRBP;ALG13;NOSIP;ZCRB1;JMJD6;SRRM1;ATXN2L;ILF3;RPP21;GEMIN5;PPIG;DUS3L;FKBP3;ANKRD17;AARS2;CSTF2;ZCCHC9;NOLC1;BAZ2A;RTN4;RCC1L;RAD51AP1;FXR1;HNRNPDL;PCBP4;PCBP2;ERI3;HLTF;DND1;SAFB2;KHDC4;UTP20;MAP4;LYAR;ZC3H14;RBM10;MARK2;TIA1;CHTOP;PNPT1;CPSF6;HMGA1;KNOP1;LARP7;PRRC2C;MAGOHB;LSM5;PUM1;PRRC2B;TDRD3;PRRC2A;SRPK1;PUM2;HNRNPM;TBL3;LSM7;EIF5;SON;FUBP3;HNRNPD;NOL10;RNPS1;HNRNPC;LSM14A;RPS24;EIF4G1;TOP2A;RBM25;DDX49;MRPS11;AKAP8L;PSIP1;ZCCHC17;SMG5;SPOUT1;MRPL4;ZC3H7B;UBTF;RBM7;RBM5;NELFE;MRPS26;NCOA5;RBM18;MRPS23;SPATS2;DARS2;DDX51;PPHLN1;TRNAU1AP;PPRC1;SAFB;PTBP2;GNL3;DALRD3;SARS2;PKM;SLTM;NOA1;ESRP1;LUC7L3;TRUB2;POLDIP3;RPL12;SRRT;MAK16;SAMHD1;ADD1;MTHFSD;SCAF8;TCOF1;SRP72;U2AF2;TRA2A;IGF2BP1;RRP36;PTCD3;RBM39;HNRNPA3;MYEF2;YTHDF3;KRR1;ADAT1;RSRC2;TRMT1;TPD52L2;APTX;U2SURP;KTN1;SEC23IP;TNIP1;ZYX;ACIN1;RPL22L1;TARDBP;R3HDM1;TRIM32;R3HDM2;METAP2,Trim71,rmats,1219,GO_Molecular_Function_2023
mRNA Binding (GO:0003729),41/282,6.2970332640704507e-05,2.6775109370266788,41.305976045352,RBM25;POLDIP3;MRPS11;FMR1;CSTF2;TYMS;FXR1;EIF4ENIF1;SCAF8;AUH;PCBP4;DND1;PCBP2;IGF2BP1;RBM5;NELFE;CHTOP;TIA1;MYEF2;CPSF6;YTHDF3;SECISBP2;METTL3;CIRBP;LARP7;PUM1;PTBP2;PUM2;GNL3;ATXN2L;HNRNPM;PKM;FUBP3;ESRP1;GEMIN5;LUC7L3;RNPS1;HNRNPC;TARDBP;LSM14A;EIF4G1,Trim71,rmats,1219,GO_Molecular_Function_2023
Methylation-Dependent Protein Binding (GO:0140034),17/68,8.966834906958031e-5,5.194120909595119,75.80898880607327,KDM5A;SUZ12;KDM4A;MORC3;UHRF1;FMR1;CBX1;LRWD1;TDRD3;ING4;MBTD1;ING3;ZZZ3;MTF2;ZMYND11;HDGFL2;BPTF,Trim71,rmats,1219,GO_Molecular_Function_2023
DNA Binding (GO:0003677),88/846,8.966834906958031e-5,1.8500264785407174,26.604128552793007,TOP2A;KDM5A;SMARCB1;MPG;OGG1;FMR1;PRDM5;HP1BP3;SMC5;SMC6;RBPJ;ENDOV;EXO1;RUVBL2;MLX;DNMT3B;SMARCAD1;RBM5;MEN1;POLG;MORC3;PARP2;SECISBP2;ATRX;DNMT3A;ARID1A;SAFB;SIRT3;ILF3;MAU2;SLTM;MSH3;IRF1;MTF2;ZMYND11;HDAC4;KMT2D;KDM3A;TSG101;WBP2;SRRT;GATA4;PDS5B;SAMHD1;HIF1A;RELA;DEDD2;RAD51AP1;PSMC3IP;TFPT;RNF138;POLD1;PCBP2;HSF1;ZSCAN10;IGF2BP1;SAFB2;RBBP8;PMS2;PATZ1;LYAR;NHEJ1;BPTF;CTC1;SUZ12;SMAD2;TCF7L2;POU2F1;ATAD5;NR1H2;CBX1;HMGA1;APTX;USF1;KLF2;NR2F6;CDK9;CAMSAP3;TFAP4;FUBP3;AUNIP;QRICH1;TAF6;TCF3;TARDBP;RAD18;EZH2;CENPS,Trim71,rmats,1219,GO_Molecular_Function_2023
Methylated Histone Binding (GO:0035064),17/71,1.1207239959322173e-4,4.904772909348616,68.34425059428851,KDM5A;SUZ12;KDM4A;MORC3;UHRF1;FMR1;CBX1;LRWD1;TDRD3;ING4;MBTD1;ING3;ZZZ3;MTF2;ZMYND11;HDGFL2;BPTF,Trim71,rmats,1219,GO_Molecular_Function_2023
Ubiquitin Binding (GO:0043130),17/80,5.435844625481748e-4,4.202070623035682,51.15126720692177,TOP2A;RNF31;USPL1;TSG101;USP16;USP33;FAF2;UCHL3;SHARPIN;HGS;DDI2;MDM2;PLAA;MARCHF7;RBCK1;MAP3K7;TRIM32,Trim71,rmats,1219,GO_Molecular_Function_2023
RNA Polymerase II-specific DNA-binding Transcription Factor Binding (GO:0061629),32/228,8.08250284176563e-4,2.556264291731857,29.70899179793308,HDAC4;TCERG1;HDAC5;SMARCB1;SETD6;BAZ2A;GATA4;RBPJ;HIF1A;RELA;ADD1;MTA1;NRIP1;MLX;RBBP8;DMAP1;GTF2I;SMARCE1;HES6;NCOA2;TCF7L2;TBP;RNF25;DNMT3A;ARID1A;MAD2L2;NCOR1;CREB1;TADA3;TAF6;TCF3;TRIM32,Trim71,rmats,1219,GO_Molecular_Function_2023
mRNA 3'-UTR Binding (GO:0003730),18/93,8.677548866152743e-4,3.7380849292256455,42.679456062160945,TIA1;CPSF1;FMR1;SECISBP2;CIRBP;PUM1;PUM2;FXR1;ILF3;AUH;PCBP4;DND1;EXOSC8;IGF2BP1;GEMIN5;RNPS1;HNRNPC;TARDBP,Trim71,rmats,1219,GO_Molecular_Function_2023
Nuclear Receptor Binding (GO:0016922),19/115,0.004511570460136289,3.0817274305555555,29.7423408248695,SMARCE1;NCOA2;TCF7L2;KDM3A;PRMT2;WBP2;HMGA1;BAZ2A;MED16;ARID1A;HIF1A;FOXP1;MED12;NCOR1;TADA3;NRIP1;MMS19;TRIP12;BRD8,Trim71,rmats,1219,GO_Molecular_Function_2023
Histone Deacetylase Binding (GO:0042826),17/99,0.005900978689145236,3.2251430542591617,29.905449186265688,HDAC4;HDAC5;AKAP8L;SMG5;HDAC6;RELA;USF1;NCOR2;NCOR1;MTA1;TFAP4;BRMS1L;MIER1;SUDS3;ANKRA2;MTA3;RAD9A,Trim71,rmats,1219,GO_Molecular_Function_2023
Transcription Regulatory Region Nucleic Acid Binding (GO:0001067),29/224,0.005900978689145236,2.32274940745529,21.32759574303385,YAP1;KDM5A;HDAC4;KMT2D;RNF10;HDAC5;ATF6B;PRDM5;GATA4;ARID4B;GABPB1;RELA;RBBP5;HSF1;TBL1X;BRD7;GABPA;CDK5RAP2;BRD4;MEN1;TCF7L2;TBP;MTERF3;NFKB1;NCOR1;TFAP4;IRF1;CARM1;TAF2,Trim71,rmats,1219,GO_Molecular_Function_2023
Ubiquitin Protein Ligase Binding (GO:0031625),33/271,0.00623339642183934,2.167865291141752,19.598007638157405,RNF31;TSG101;FAF2;SMC6;AUP1;AMBRA1;UBE2J2;HIF1A;SMG5;RELA;RTN4;HDAC6;UBE2J1;BAG6;CASP8;PRKAR2B;CBS;HLTF;PCBP2;PATZ1;DNM1L;SMAD2;CCT2;KDM4A;CHKB;UBE2B;GLMN;SCAMP3;JKAMP;MDM2;NDUFS2;ANKRA2;RAD18,Trim71,rmats,1219,GO_Molecular_Function_2023
Microtubule Binding (GO:0008017),30/239,0.006713336225626207,2.2420835328630466,19.923189596175966,CEP57;FMR1;HDAC6;KIF15;RACGAP1;HAUS8;NUSAP1;MAP4;DNM1L;CLASP1;CDK5RAP2;MAP4K4;ENKD1;FBXW11;KIF23;MACO1;HAUS6;EML3;EML4;CAMSAP3;HOOK2;REEP4;PRC1;TUBGCP5;TUBGCP6;ARHGEF2;TUBGCP4;KIF20B;GAPDH;CCDC61,Trim71,rmats,1219,GO_Molecular_Function_2023
Ubiquitin-Like Protein Transferase Activity (GO:0019787),30/240,0.006718476734880909,2.231286795626577,19.660185600971026,HDAC4;RNF31;RNF13;UHRF1;KLHL13;ZNRF1;RNF115;SHARPIN;BTRC;ATG5;RANBP2;UBE2F;PIAS3;UBE2B;FBXW11;RNF25;CHFR;RNF146;RNF167;TRAF7;ATG16L1;TTC3;MDM2;UBA3;RNF181;RBCK1;CBLL1;RNF141;TRIM32;FBXL6,Trim71,rmats,1219,GO_Molecular_Function_2023
Ubiquitin-Like Protein Ligase Binding (GO:0044389),34/289,0.007736062341696027,2.0845007032348803,17.929036777365646,RNF31;TSG101;FAF2;SMC6;AUP1;AMBRA1;UBE2J2;HIF1A;SMG5;RELA;RTN4;HDAC6;UBE2J1;BAG6;CASP8;PRKAR2B;CBS;HLTF;PCBP2;PATZ1;DNM1L;SMAD2;CCT2;KDM4A;CHKB;UBE2B;GLMN;SCAMP3;HGS;JKAMP;MDM2;NDUFS2;ANKRA2;RAD18,Trim71,rmats,1219,GO_Molecular_Function_2023
miRNA Binding (GO:0035198),8/29,0.009951166351550233,5.901458849435728,48.89230390745703,PNPT1;ZC3H7B;FMR1;DND1;PUM1;SPOUT1;RBM10;PUM2,Trim71,rmats,1219,GO_Molecular_Function_2023
Acetylation-Dependent Protein Binding (GO:0140033),7/23,0.011112997360013322,6.773669554455446,54.572570199785304,ZZZ3;CARM1;BAZ2A;MLLT1;BRD9;BRD7;BRD4,Trim71,rmats,1219,GO_Molecular_Function_2023
Lysine-Acetylated Histone Binding (GO:0070577),7/23,0.011112997360013322,6.773669554455446,54.572570199785304,ZZZ3;CARM1;BAZ2A;MLLT1;BRD9;BRD7;BRD4,Trim71,rmats,1219,GO_Molecular_Function_2023
Protein-Lysine N-methyltransferase Activity (GO:0016279),11/54,0.011580598112943917,3.9680810103188047,31.59104779754273,SETD5;KMT2D;KMT5C;EHMT2;SETD6;DOT1L;EHMT1;VCPKMT;KMT5A;CAMKMT;EZH2,Trim71,rmats,1219,GO_Molecular_Function_2023
Cysteine-Type Peptidase Activity (GO:0008234),20/144,0.014828969218154749,2.509752750948371,19.231598407385622,USP47;USP48;USPL1;USP16;USP4;USP3;USP33;OTUD7B;UFSP2;UCHL3;USP28;USP19;PAN2;CASP8;ESPL1;CAPN7;USP1;CTSH;ATG4B;RCE1,Trim71,rmats,1219,GO_Molecular_Function_2023
Histone Deacetylase Activity (GO:0004407),6/18,0.014954367610851534,7.736603462489695,58.841010726374165,HDAC4;HDAC5;MIER1;SUDS3;HDAC6;SIRT3,Trim71,rmats,1219,GO_Molecular_Function_2023
Nuclear Receptor Coactivator Activity (GO:0030374),10/50,0.02144131370423554,3.8753101736972706,27.89719178335366,MED12;PSMC3IP;NCOA2;SS18;ENY2;CNOT6;CARM1;HMGA1;BRD8;PPRC1,Trim71,rmats,1219,GO_Molecular_Function_2023
Transcription Corepressor Binding (GO:0001222),9/42,0.022144208681225963,4.225694966190834,30.09536118994237,SUZ12;HDAC5;CTBP2;EHMT2;MTF2;EHMT1;WIZ;HDAC6;EZH2,Trim71,rmats,1219,GO_Molecular_Function_2023
Single-Stranded RNA Binding (GO:0003727),9/43,0.02520521477477542,4.101191054934371,28.470359638023453,FXR1;ENDOV;ILF3;U2AF2;FMR1;PUS1;HNRNPC;RBM7;JMJD6,Trim71,rmats,1219,GO_Molecular_Function_2023
Core Promoter Sequence-Specific DNA Binding (GO:0001046),8/35,0.02520521477477542,4.58855552497171,31.702946860779544,SMARCB1;POU2F1;TBP;RUVBL2;UBTF;BAZ2A;RELA;FOXP1,Trim71,rmats,1219,GO_Molecular_Function_2023
Small GTPase Binding (GO:0031267),24/199,0.02645778063454437,2.135297071129707,14.565746028234392,USP6NL;RANBP2;PLEKHG3;SPHK2;DENND5B;USP33;DOCK7;ARHGEF16;HPS4;TSC2;BRAF;MYO9B;CIB1;CYRIB;STRN3;IFT20;GOLGA4;XPO4;ANKFY1;ARFIP2;RAB3GAP2;ARHGEF2;DNM1L;RAPGEF6,Trim71,rmats,1219,GO_Molecular_Function_2023
Polyubiquitin Modification-Dependent Protein Binding (GO:0031593),10/53,0.027408591700811342,3.604362629118818,24.234428607775055,RNF31;BAG6;SHARPIN;ZFAND6;UBQLN1;OTUD7B;ATRIP;HDAC6;RAD18;UBL7,Trim71,rmats,1219,GO_Molecular_Function_2023
Histone H3 Methyltransferase Activity (GO:0140938),8/36,0.027408591700811342,4.424442609413708,29.696859242946022,KMT2D;SETD5;PRMT2;EHMT2;CARM1;DOT1L;EHMT1;EZH2,Trim71,rmats,1219,GO_Molecular_Function_2023
GTPase Binding (GO:0051020),26/225,0.028332870425594302,2.035036877598386,13.52026136267296,USP6NL;DENND5B;USP33;DOCK7;CIB1;AMBRA1;STRN3;GOLGA4;XPO4;ANKFY1;ARFIP2;DNM1L;RANBP2;PLEKHG3;SPHK2;ARHGEF16;HPS4;TSC2;BRAF;MYO9B;CYRIB;IFT20;ATG16L1;RAB3GAP2;ARHGEF2;RAPGEF6,Trim71,rmats,1219,GO_Molecular_Function_2023
Damaged DNA Binding (GO:0003684),9/45,0.028627214106770084,3.8729338842975207,25.55945022216936,MPG;PARP2;OGG1;POLD1;RBBP8;AUNIP;SMC6;APTX;RAD18,Trim71,rmats,1219,GO_Molecular_Function_2023
Histone Modification (GO:0016570),26/81,2.8777442101778177e-9,7.420193553303361,206.04796178347902,HDAC4;HDAC5;ENY2;MEAF6;HDAC6;ING4;MBTD1;ING3;MTA1;RUVBL2;MIER1;EP400;BRD8;DMAP1;SUDS3;TBL1X;MTA3;KAT14;UBE2B;USP3;GATAD2A;MORF4L1;MRGBP;BRMS1L;CARM1;TADA3,Trim71,rmats,1219,GO_Biological_Process_2023
DNA Metabolic Process (GO:0006259),49/288,9.299193976881571e-8,3.249143511068197,76.67942770290603,TOP2A;MUS81;SMARCB1;OGG1;FMR1;NUDT1;ENDOV;HPF1;EXO1;RUVBL2;SMARCAD1;MEN1;POLG;PARP2;KMT5C;USP3;ATRX;CHD1L;MSH3;UBE2V2;INO80E;DOT1L;PDS5B;TYMS;SAMHD1;RAD51AP1;TFPT;ORC6;ORC1;CBS;ORC3;POLD1;HLTF;EP400;RBBP8;ATRIP;MUTYH;CTC1;TCF7L2;UBE2B;FANCA;FANCC;LRWD1;POLE2;PWWP3A;MMS19;RAD18;CENPS;RAD9A,Trim71,rmats,1219,GO_Biological_Process_2023
Chromatin Remodeling (GO:0006338),42/228,1.1240362403977213e-7,3.5674349768410667,82.00691592346048,KDM5A;HDAC4;HDAC5;INO80E;KDM5C;SMARCB1;HP1BP3;PSIP1;BAZ2A;HDAC6;PRIMPOL;TFPT;HPF1;MTA1;RUVBL2;MIER1;SMARCAD1;BRD9;SUDS3;BRD7;MTA3;BPTF;SMARCE1;SS18;KDM4A;CHTOP;PHF10;PARP2;USP3;GLMN;ATRX;SIRT7;CHD1L;ARID1A;HCFC1;GATAD2A;CDK9;MCM3AP;MTF2;TRIP12;HNRNPC;HDGFL2,Trim71,rmats,1219,GO_Biological_Process_2023
DNA Damage Response (GO:0006974),58/384,1.1240362403977213e-7,2.8280834694017742,64.24602161630985,TOP2A;MUS81;OGG1;FMR1;NUDT1;SMC5;CIB1;SMC6;ENDOV;HPF1;EXO1;TLK2;TRAPPC13;MEN1;USP47;PARP2;KMT5C;USP3;METTL3;PRKCD;ATRX;PPP4R3A;VRK1;SIRT7;CHD1L;FOXP1;MSH3;HDGFL2;YAP1;USP16;STXBP4;DOT1L;HTRA2;PDS5B;SAMHD1;RAD51AP1;RBBP5;POLD1;HLTF;EP400;RBBP8;ATRIP;MAP2K6;MUTYH;UBE2B;CBX1;FANCA;FANCC;USP28;MAD2L2;TTC5;POLE2;PWWP3A;MMS19;TRIP12;RAD18;CENPS;RAD9A,Trim71,rmats,1219,GO_Biological_Process_2023
DNA Repair (GO:0006281),46/291,1.6905156678716091e-6,2.9669467787114847,58.69606543443845,MUS81;POLDIP2;MPG;ABRAXAS1;OGG1;FMR1;DOT1L;NUDT1;CIB1;PDS5B;PRIMPOL;RAD51AP1;ENDOV;HPF1;MTA1;EXO1;POLD1;HLTF;EP400;RBBP8;PMS2;ATRIP;NHEJ1;MEN1;MUTYH;USP47;UBE2B;PARP2;KMT5C;USP3;ATRX;FANCA;FANCC;CHD1L;FANCE;APTX;MAD2L2;MSH3;POLE2;PWWP3A;UBE2V2;MMS19;RAD18;RHNO1;CENPS;RAD9A,Trim71,rmats,1219,GO_Biological_Process_2023
Regulation Of Cell Cycle (GO:0051726),46/298,2.9592702534926273e-6,2.883442265795207,54.82087733939939,ANKRD17;INTS13;INO80E;ANAPC15;ANAPC16;MEAF6;HTRA2;MBTD1;ING4;SDCBP;TFPT;ING3;FIGNL1;RUVBL2;CDC27;EP400;RPRD1B;BRD8;DMAP1;BRD7;KAT14;MEN1;MAP2K6;PHACTR4;NEK9;PNPT1;METTL3;TSC2;PUM1;HCFC1;CDK9;RNF167;MORF4L1;ZZZ3;MRGBP;SON;BIN1;IRF1;TADA3;MDM2;ANAPC5;TAF6;NF2;KIF20B;TARDBP;TRIM32,Trim71,rmats,1219,GO_Biological_Process_2023
Regulation Of mRNA Processing (GO:0050684),14/35,2.9592702534926273e-6,10.378976486860305,196.0271199876249,RBM39;TIA1;LARP7;MAGOHB;SAFB;JMJD6;SRPK1;SRRM1;CDK9;SON;SLTM;CWC22;PAPOLA;SAFB2,Trim71,rmats,1219,GO_Biological_Process_2023
Regulation Of DNA Repair (GO:0006282),27/129,5.60488019957178e-6,4.148021121200158,75.14022025162612,ENY2;INO80E;SMARCB1;MEAF6;MBTD1;TFPT;ING3;PPP4R2;RUVBL2;EP400;USP1;DMAP1;BRD8;BRD7;ATRIP;SMARCE1;PHF10;SIRT7;ARID1A;CDK9;MORF4L1;MRGBP;TADA3;UBE2V2;TAF6;TRIP12;TAF2,Trim71,rmats,1219,GO_Biological_Process_2023
Positive Regulation Of Double-Strand Break Repair (GO:2000781),21/84,7.676082500035177e-6,5.208124652198108,92.09245729177442,SMARCE1;SMARCB1;MEAF6;PHF10;KMT5C;ARID1A;MBTD1;RAD51AP1;MAD2L2;MORF4L1;ING3;MRGBP;RUVBL2;UBE2V2;EP400;MMS19;TRAPPC13;BRD8;DMAP1;BRD7;HDGFL2,Trim71,rmats,1219,GO_Biological_Process_2023
Positive Regulation Of DNA Recombination (GO:0045911),16/51,9.725190469180302e-6,7.123524522028263,123.16401480909447,TFRC;MEAF6;KMT5C;MBTD1;RAD51AP1;MAD2L2;MORF4L1;ING3;MRGBP;RUVBL2;EP400;MMS19;TRAPPC13;BRD8;DMAP1;HDGFL2,Trim71,rmats,1219,GO_Biological_Process_2023
Histone H4 Acetylation (GO:0043967),14/39,9.725190469180302e-6,8.71648132780083,150.3172845381262,NAA40;MEAF6;HCFC1;ING4;MBTD1;MORF4L1;ING3;MRGBP;KANSL2;RUVBL2;EP400;BRD8;DMAP1;OGT,Trim71,rmats,1219,GO_Biological_Process_2023
Chromatin Organization (GO:0006325),41/268,1.3193172830599865e-5,2.8447903188410133,47.943786196763064,KDM5A;HDAC4;HDAC5;INO80E;KDM5C;SMARCB1;EHMT1;PSIP1;BAZ2A;ING4;TFPT;MTA1;RUVBL2;MIER1;SMARCAD1;BRD9;SUDS3;BRD7;HMGN2;MTA3;BPTF;SMARCE1;SS18;KDM4A;CHTOP;PHF10;CBX1;ATRX;CHD1L;LRWD1;ARID1A;SAFB;HCFC1;GATAD2A;ZZZ3;NASP;MTF2;PWWP3A;HNRNPC;HDGFL2;EZH2,Trim71,rmats,1219,GO_Biological_Process_2023
Regulation Of DNA Metabolic Process (GO:0051052),25/124,2.5560319536704008e-5,3.951153071756087,63.660202657536026,ANKRD17;ENY2;INO80E;MEAF6;DSCC1;EHMT2;SMC5;BAZ2A;SMC6;SMG5;ING4;TFPT;RUVBL2;ORC3;USP1;SMARCAD1;ESCO1;THOC1;SIRT7;CDK9;TADA3;UBE2V2;HNRNPD;TAF6;TAF2,Trim71,rmats,1219,GO_Biological_Process_2023
Histone H2A Acetylation (GO:0043968),10/21,3.055827510142718e-5,14.11384314610121,223.83286865406063,MBTD1;MORF4L1;NAA40;ING3;MRGBP;MEAF6;RUVBL2;EP400;BRD8;DMAP1,Trim71,rmats,1219,GO_Biological_Process_2023
Regulation Of Double-Strand Break Repair (GO:2000779),20/88,5.4249975437236885e-5,4.590344895255851,69.84733719235957,SMARCE1;SMARCB1;MEAF6;PHF10;ARID1A;MBTD1;RAD51AP1;MORF4L1;ING3;MRGBP;PPP4R2;RUVBL2;FIGNL1;UBE2V2;EP400;TRIP12;BRD8;DMAP1;BRD7;ATRIP,Trim71,rmats,1219,GO_Biological_Process_2023
Internal Peptidyl-Lysine Acetylation (GO:0018393),13/39,5.6753719883965275e-5,7.775704809286899,117.46356229148873,MEAF6;BAG6;MBTD1;ATAT1;MORF4L1;ING3;MRGBP;RUVBL2;TADA3;EP400;BRD8;DMAP1;KAT14,Trim71,rmats,1219,GO_Biological_Process_2023
Proteasome-Mediated Ubiquitin-Dependent Protein Catabolic Process (GO:0043161),44/319,6.352333714576997e-5,2.5199659574468085,37.603921424404476,RNF10;ANAPC15;WDR26;ANAPC16;PSMD14;FAF2;SEL1L;DERL2;AUP1;UBR1;AMBRA1;UBE2J2;USP19;UBE2J1;ECPAS;BAG6;AMN1;ZNRF1;SHARPIN;MTA1;RNF216;CDC27;PCBP2;UBQLN1;TBL1X;BTRC;FBXW5;UBE2B;FBXW11;EDEM1;SGTA;UBE4A;ARMC8;FBXL12;SPSB3;JKAMP;DNAJC10;MDM2;PLAA;TRIP12;ANAPC5;RBCK1;RNF121;FBXL6,Trim71,rmats,1219,GO_Biological_Process_2023
Positive Regulation Of Nucleic Acid-Templated Transcription (GO:1903508),65/557,6.352333714576997e-5,2.0937865466176326,31.075591257306368,KDM5A;RNF10;ILK;MED16;MED12;PPP3CB;ING3;RUVBL2;BTRC;CDK5RAP2;MAP2K3;CHUK;PRMT2;FBXW11;ARID1A;ZFP90;HCFC1;JMJD6;MORF4L1;ILF3;CREB1;ELF2;IRF1;HDAC4;YAP1;ENY2;INO80E;KDM3A;USP16;MEAF6;WBP2;GATA4;MLLT1;HIF1A;RELA;MBTD1;TFPT;MTA1;DEAF1;EP400;OTX2;BRD8;TBL1X;DMAP1;MTA3;BRD4;SMAD2;NR1H2;HMGA1;NFKB1;KLF2;GATAD2A;MAD2L2;TFAP4;MRGBP;FUBP3;KANSL2;TADA3;HNRNPD;MMS19;QRICH1;TAF6;TCF3;OGT;TAF2,Trim71,rmats,1219,GO_Biological_Process_2023
Histone Acetylation (GO:0016573),16/60,6.352333714576997e-5,5.663719489155898,83.67119393602951,ENY2;NAA40;MEAF6;MBTD1;MORF4L1;ING3;MRGBP;RUVBL2;TADA3;EP400;TAF6;BRD8;DMAP1;MAP3K7;KAT14;TAF2,Trim71,rmats,1219,GO_Biological_Process_2023
Protein Deacetylation (GO:0006476),13/40,6.352333714576997e-5,7.487316503900252,110.59256563355713,HDAC4;HDAC5;SIRT7;HDAC6;GATAD2A;SIRT3;MORF4L1;MTA1;BRMS1L;MIER1;SUDS3;TBL1X;MTA3,Trim71,rmats,1219,GO_Biological_Process_2023
Non-Membrane-Bounded Organelle Assembly (GO:0140694),25/135,8.381259151276236e-5,3.5539439622354196,51.202105511602205,FMR1;AUP1;LIMD1;CENPA;FXR1;EIF4ENIF1;HAUS8;SH3PXD2B;UBAP2L;CENPT;TIA1;YTHDF3;CIRBP;PRRC2C;HAUS6;HAUS5;HAUS2;ATXN2L;CENPF;NCOR1;TUBGCP5;TUBGCP6;TUBGCP4;LSM14A;CCDC61,Trim71,rmats,1219,GO_Biological_Process_2023
Intracellular Protein Transport (GO:0006886),44/325,8.381259151276236e-5,2.465359279170137,35.496658255780325,RPAIN;IPO11;TSG101;FUT10;PDCD6;COX18;SNX13;RAB22A;HDAC6;ARFRP1;EIF4ENIF1;XPO4;XPO6;RAB24;ARFIP2;HEATR3;TLK1;ARFIP1;FAM53A;HOMER3;TMED1;RAB28;RAB6A;AP1M2;SEC31A;APPL1;CTSA;RANBP3;STRADA;STX8;SEC16A;ASPSCR1;HPS4;TSC2;TIMM44;TIMM21;FAM91A1;CAMSAP3;SEC23IP;CTTN;HGS;RAB3GAP2;PREB;ARHGEF2,Trim71,rmats,1219,GO_Biological_Process_2023
Histone Deacetylation (GO:0016575),12/36,1.0915194196223431e-4,7.7700911350455675,109.14646611469833,HDAC4;HDAC5;MORF4L1;MTA1;BRMS1L;MIER1;SUDS3;TBL1X;SIRT7;MTA3;HDAC6;GATAD2A,Trim71,rmats,1219,GO_Biological_Process_2023
Positive Regulation Of Double-Strand Break Repair Via Homologous Recombination (GO:1905168),12/36,1.0915194196223431e-4,7.7700911350455675,109.14646611469833,MBTD1;RAD51AP1;MORF4L1;ING3;MRGBP;MEAF6;RUVBL2;EP400;MMS19;BRD8;DMAP1;HDGFL2,Trim71,rmats,1219,GO_Biological_Process_2023
Positive Regulation Of DNA-templated Transcription (GO:0045893),118/1243,1.1030871588783416e-4,1.682032899384398,23.54111921515213,TCERG1;SMARCB1;PRDM5;RBPJ;GABPB1;RUVBL2;BTRC;CDK5RAP2;MEN1;GTF2I;MAP2K3;FBXW11;THOC1;HCFC1;JMJD6;THAP3;MORF4L1;ILF3;KMT2D;INO80E;ENY2;MEAF6;CTBP2;GATA4;HIF1A;BCL2L12;MBTD1;DEAF1;HLTF;EP400;OTX2;RPRD1B;DMAP1;LYAR;BPTF;SMAD2;POU2F1;HMGA1;NFKB1;CDK9;MLLT10;DAB2;MRGBP;FUBP3;TADA3;HNRNPD;MMS19;TCF3;OGT;KDM5A;RNF10;AKAP8L;ILK;MED16;CDC73;MED12;FLCN;PPP3CB;ING3;MLX;UBTF;GABPA;SS18;NCOA2;CHUK;PRMT2;ACTR6;ATRX;CKAP2;PEX2;SIRT7;PPRC1;ARID1A;ZFP90;GNL3;ELF2;CREB1;IRF1;ARHGEF2;YAP1;HDAC4;HDAC5;GTF2A2;KDM3A;USP16;ATF6B;UHRF1;WBP2;DOT1L;MLLT1;RELA;TFPT;SCAF8;MTA1;MAPK7;HSF1;NRIP1;BRD8;TBL1X;MTA3;BRD4;TCF7L2;PCGF5;NR1H2;IRX3;USF1;KLF2;GATAD2A;VEGFA;MAD2L2;TFAP4;TNIP1;KANSL2;CARM1;TAF6;QRICH1;AGRN;TAF2,Trim71,rmats,1219,GO_Biological_Process_2023
Regulation Of Double-Strand Break Repair Via Homologous Recombination (GO:0010569),17/71,1.1278284269682376e-4,4.904772909348616,68.34425059428851,MEAF6;MBTD1;RAD51AP1;MAD2L2;MORF4L1;ING3;MRGBP;PPP4R2;RUVBL2;FIGNL1;EP400;MMS19;KMT5A;TRAPPC13;BRD8;DMAP1;HDGFL2,Trim71,rmats,1219,GO_Biological_Process_2023
Ubiquitin-Dependent ERAD Pathway (GO:0030433),16/73,7.808523392719077e-4,4.368960639337329,52.25963397897555,EDEM1;FAF2;SEL1L;SGTA;UBE4A;DERL2;AUP1;UBE2J2;USP19;ECPAS;UBE2J1;BAG6;JKAMP;DNAJC10;UBQLN1;RNF121,Trim71,rmats,1219,GO_Biological_Process_2023
Protein Transport (GO:0015031),40/313,8.904471700053657e-4,2.300080468019399,27.12684059331317,TFRC;PDCD6;SEL1L;MIA2;SNX13;MIA3;RAB22A;HDAC6;SCAMP5;SCAMP4;ARFRP1;GOLGA4;RAB24;ARFIP2;TLK1;ARFIP1;TMED1;RAB28;RAB6A;SEC31A;RAB8B;MEN1;CTSA;TANGO6;STX8;ASPSCR1;TIMM44;TIMM21;FAM91A1;MCOLN1;SCAMP3;SCAMP2;CENPF;SEC23IP;CTTN;RAB13;RAB3GAP2;PREB;COPG2;ARHGEF2,Trim71,rmats,1219,GO_Biological_Process_2023
DNA Alkylation (GO:0006305),7/15,0.0013678780524621298,13.553114686468646,152.68043101084632,EHMT2;ATRX;DNMT3A;DNMT3B;EHMT1;BAZ2A;GATAD2A,Trim71,rmats,1219,GO_Biological_Process_2023
Regulation Of miRNA-mediated Gene Silencing (GO:0060964),7/15,0.0013678780524621298,13.553114686468646,152.68043101084632,FXR1;FMR1;DND1;LIMD1;PUM1;PUM2;EIF4G1,Trim71,rmats,1219,GO_Biological_Process_2023
"Regulation Of mRNA Splicing, Via Spliceosome (GO:0048024)",18/94,0.0013678780524621298,3.6887023971252026,41.545084258461344,RBM39;RBM25;TIA1;FMR1;CIRBP;LARP7;JMJD6;SRRM1;SRPK1;FXR1;SON;PCBP4;U2AF2;CWC22;TRA2A;RNPS1;RBM7;RBM5,Trim71,rmats,1219,GO_Biological_Process_2023
Negative Regulation Of DNA-templated Transcription (GO:0045892),96/1025,0.0016494569774389988,1.642716581661262,18.141926808305435,TCERG1;KDM5C;TCF25;EHMT2;PRDM5;EHMT1;OTUD7B;ARID4B;RBPJ;LIMD1;N4BP2L2;CDC73;ING4;FLCN;ZMYM5;MLX;DNMT3B;KMT5A;BTRC;MEN1;USP47;MORC3;TGIF2;KDM2A;NCOA5;PRMT2;ACTR6;FBXW11;DNMT3A;PEX2;SIRT7;ZFP90;FOXP1;HCFC1;NCOR2;ILF3;CREB1;NCOR1;BIN1;IRF1;ZMYND11;YAP1;HDAC4;HDAC5;CTBP2;UHRF1;BAZ2A;GATA4;HIF1A;RELA;HDAC6;DEDD2;SDCBP;PRDX5;MTA1;DEAF1;MIER1;HSF1;ZSCAN10;NRIP1;TBL1X;DMAP1;SUDS3;BRD7;PATZ1;LYAR;MTA3;BPTF;SMARCE1;SMAD2;KDM4A;TCF7L2;POU2F1;MTERF3;PHF12;NR1H2;IRX3;CBX1;HMGA1;LARP7;NFKB1;KLF2;NR2F6;GATAD2A;VEGFA;MAD2L2;CENPF;DAB2;DLG1;TFAP4;BRMS1L;MDM2;GTF2IRD1;TCF3;OGT;EZH2,Trim71,rmats,1219,GO_Biological_Process_2023
Regulation Of Organelle Organization (GO:0033043),18/100,0.003091732642497162,3.417700696573993,35.492137108684766,USP6NL;FIS1;INO80E;RAP1GDS1;SIRT7;MFF;PTK2;CAMSAP3;TJP1;TFPT;RHOT1;TMEM33;RUVBL2;PREB;NF2;DNM1L;MARK2;ATG5,Trim71,rmats,1219,GO_Biological_Process_2023
Epigenetic Regulation Of Gene Expression (GO:0040029),16/83,0.0034203027879054068,3.714891874790635,38.09231292873994,HDAC4;HDAC5;SMARCB1;SPHK2;WBP2;DNMT3A;GLMN;PPHLN1;SIRT7;HDAC6;MTA1;RBBP5;MTF2;BRD7;MEN1;EZH2,Trim71,rmats,1219,GO_Biological_Process_2023
Protein Secretion (GO:0009306),14/67,0.003983629586233726,4.105409848900024,41.351730365278065,TANGO6;SEL1L;MIA2;MIA3;NAGPA;CYB5R4;PORCN;RAB13;PREB;COPG2;CAMK2G;AP1M2;MEN1;RAB8B,Trim71,rmats,1219,GO_Biological_Process_2023
RNA Processing (GO:0006396),26/183,0.0044753267722650435,2.5852718351743986,25.666425199495784,TCERG1;PDCD7;AKAP8L;NOL9;DEDD2;RSRC1;U2AF2;EXOSC8;BCAS2;RBM5;RBM39;CPSF6;METTL3;THOC1;ZCRB1;LSM5;MAGOHB;SRRM1;SRPK1;SON;HNRNPD;LUC7L3;RNPS1;PPIG;HNRNPC;TARDBP,Trim71,rmats,1219,GO_Biological_Process_2023
mRNA Polyadenylation (GO:0006378),8/24,0.004936457354589707,7.747729149463254,75.74028784327614,SCAF8;PNPT1;CPSF1;PAPOLA;PEX2;TENT2;MTPAP;CDC73,Trim71,rmats,1219,GO_Biological_Process_2023
Stress Granule Assembly (GO:0034063),8/24,0.004936457354589707,7.747729149463254,75.74028784327614,ATXN2L;TIA1;YTHDF3;FMR1;CIRBP;PRRC2C;UBAP2L;LSM14A,Trim71,rmats,1219,GO_Biological_Process_2023
Regulation Of Embryonic Development (GO:0045995),13/62,0.0062798618126131585,4.120824449182658,39.09400393298678,INO80E;EHMT1;BAG6;TFPT;RPS6KA6;ZZZ3;RACGAP1;RUVBL2;TADA3;OTX2;TRIP12;CLASP1;KAT14,Trim71,rmats,1219,GO_Biological_Process_2023
Regulation Of mRNA Catabolic Process (GO:0061013),11/46,0.0062798618126131585,4.877152317880794,46.253993110184666,FXR1;PNPT1;YTHDF3;PCBP4;TTC5;FMR1;PRKCD;MAGOHB;PUM1;ZC3H14;PUM2,Trim71,rmats,1219,GO_Biological_Process_2023
RNA Polyadenylation (GO:0043631),8/25,0.00637021785990558,7.291591781221159,68.86786789427414,SCAF8;PNPT1;CPSF1;PAPOLA;PEX2;TENT2;MTPAP;CDC73,Trim71,rmats,1219,GO_Biological_Process_2023
Negative Regulation Of Nucleic Acid-Templated Transcription (GO:1903507),49/456,0.006415136302146815,1.8906864906864906,17.765722765017237,EIF4A2;KDM5C;PRDM5;EHMT1;RBPJ;LIMD1;ING4;MLX;KMT5A;BTRC;MEN1;USP47;PRMT2;FBXW11;DNMT3A;FOXP1;NCOR2;ILF3;NCOR1;IRF1;ZMYND11;HDAC4;HDAC5;CTBP2;HDAC6;RELA;DEDD2;MTA1;DEAF1;ZSCAN10;DMAP1;SUDS3;BRD7;PATZ1;MTA3;SMARCE1;SMAD2;KDM4A;TCF7L2;POU2F1;MTERF3;NR1H2;PHF12;HMGA1;GATAD2A;CENPF;TFAP4;MDM2;EZH2,Trim71,rmats,1219,GO_Biological_Process_2023
ERAD Pathway (GO:0036503),16/89,0.006415136302146815,3.408465138523554,31.939834501311182,EDEM1;FAF2;SEL1L;SGTA;UBE4A;DERL2;AUP1;UBE2J2;USP19;ECPAS;UBE2J1;BAG6;JKAMP;DNAJC10;UBQLN1;RNF121,Trim71,rmats,1219,GO_Biological_Process_2023
Positive Regulation Of miRNA-mediated Gene Silencing (GO:2000637),5/9,0.006415136302146815,19.333813838550245,181.1034887861389,FXR1;FMR1;LIMD1;PUM1;PUM2,Trim71,rmats,1219,GO_Biological_Process_2023
mRNA 3'-End Processing (GO:0031124),10/40,0.007714880320525633,5.1698373311276535,47.243248071734754,SCAF8;CPSF6;CPSF1;CSTF2;PAPOLA;RPRD1B;PEX2;TENT2;MTPAP;CDC73,Trim71,rmats,1219,GO_Biological_Process_2023
Positive Regulation Of Stem Cell Population Maintenance (GO:1902459),10/40,0.007714880320525633,5.1698373311276535,47.243248071734754,SMARCE1;SS18;SMARCB1;PHF10;BRMS1L;ARID4B;BRD9;SUDS3;ARID1A;OGT,Trim71,rmats,1219,GO_Biological_Process_2023
Regulation Of Cell Cycle Process (GO:0010564),20/130,0.008103320695888656,2.8312988096140725,25.640563451466683,SMARCE1;SMARCB1;BORA;CDCA2;PHF10;KLHL13;CDC25C;PUM1;ARID1A;USP19;PUM2;FLCN;RACGAP1;BIN1;PRC1;RPRD1B;CEP85;ENTR1;KIF20B;BRD7,Trim71,rmats,1219,GO_Biological_Process_2023
DNA Methylation (GO:0006306),7/20,0.008103320695888656,8.3381568926123375,75.43166957443073,EHMT2;ATRX;DNMT3A;DNMT3B;EHMT1;BAZ2A;GATAD2A,Trim71,rmats,1219,GO_Biological_Process_2023
Mitotic Sister Chromatid Segregation (GO:0000070),18/111,0.008565956377486342,3.011683811877199,27.016077188742187,ABRAXAS1;NCAPH2;AKAP8L;SPICE1;NCAPG;KIF23;WAPL;EML3;EML4;WRAP73;ESPL1;PRC1;NUSAP1;KMT5A;LSM14A;CHMP7;CLASP1;CCDC61,Trim71,rmats,1219,GO_Biological_Process_2023
Regulation Of mRNA Stability (GO:0043488),14/74,0.008719138036097222,3.6250899031811894,32.38109929826819,ROCK1;YTHDF3;FMR1;METTL3;PRKCD;CIRBP;PUM1;PUM2;FXR1;EIF4ENIF1;PCBP4;DND1;IGF2BP1;ZC3H14,Trim71,rmats,1219,GO_Biological_Process_2023
Iron-Sulfur Cluster Assembly (GO:0016226),8/27,0.00918535537059827,6.523360424181842,57.63362473506038,NFU1;ISCA2;NFS1;FDX2;MMS19;CIAO3;NUBP1;NUBP2,Trim71,rmats,1219,GO_Biological_Process_2023
Metallo-Sulfur Cluster Assembly (GO:0031163),8/27,0.00918535537059827,6.523360424181842,57.63362473506038,NFU1;ISCA2;NFS1;FDX2;MMS19;CIAO3;NUBP1;NUBP2,Trim71,rmats,1219,GO_Biological_Process_2023
Establishment Of Mitotic Spindle Localization (GO:0040001),9/34,0.00918535537059827,5.580297520661157,49.23014689362978,GPSM1;ESPL1;SAPCD2;FBXW11;NUSAP1;CENPA;CLASP1;CDK5RAP2;ENKD1,Trim71,rmats,1219,GO_Biological_Process_2023
Positive Regulation Of Post-Transcriptional Gene Silencing By RNA (GO:1900370),5/10,0.009763326696294436,15.466227347611202,134.95267964565141,FXR1;FMR1;LIMD1;PUM1;PUM2,Trim71,rmats,1219,GO_Biological_Process_2023
Selective Autophagy (GO:0061912),12/58,0.009763326696294436,4.049205720255034,35.325564375594624,RETREG3;TAFAZZIN;UBA5;UBQLN1;ARFIP2;ATG4B;PEX2;AUP1;AMBRA1;ATG13;OGT;ATG5,Trim71,rmats,1219,GO_Biological_Process_2023
tRNA Processing (GO:0008033),11/50,0.010036105987744404,4.375997622686365,37.977086719424655,QTRT1;AARS2;ANKRD16;RPP21;ADAT1;ZBTB8OS;METTL6;TRMT1;TSEN2;FTSJ1;OSGEP,Trim71,rmats,1219,GO_Biological_Process_2023
Establishment Of Spindle Orientation (GO:0051294),9/35,0.010799248029127784,5.365384615384615,46.03516123428903,GPSM1;SAPCD2;FBXW11;MAP4;CENPA;CLASP1;LLGL1;CDK5RAP2;ENKD1,Trim71,rmats,1219,GO_Biological_Process_2023
Regulation Of Chromosome Segregation (GO:0051983),8/28,0.010799248029127784,6.196862097440132,53.00203644908265,CDCA2;NCAPH2;NCAPG;SMC5;SMC6;PUM1;RAD18;PUM2,Trim71,rmats,1219,GO_Biological_Process_2023
Regulation Of Multicellular Organismal Development (GO:2000026),12/59,0.010799248029127784,3.962840875037459,33.894276896029474,BAG6;TFPT;INO80E;ZZZ3;MEAF6;RACGAP1;RUVBL2;TADA3;EHMT1;TRIP12;KAT14;BLTP1,Trim71,rmats,1219,GO_Biological_Process_2023
DNA Repair-Dependent Chromatin Remodeling (GO:0140861),6/16,0.013129250128491208,9.284913437757625,77.4440866432426,HPF1;PARP2;USP3;TRIP12;SIRT7;HDGFL2,Trim71,rmats,1219,GO_Biological_Process_2023
Protein Modification Process (GO:0036211),67/711,0.013905297711093223,1.6379547856280192,13.540800459254951,PIGT;GPAA1;PDCD6;PRKAG2;ILK;PLOD2;NAGPA;CDC14B;ING4;PPP1CC;PPP3CB;PPP4R1;PPP4R2;TLK2;NEK1;TLK1;BTRC;SBF1;ILKAP;MORC3;TBP;CHUK;STRADA;FBXW11;PRKCD;ALG3;VRK1;PPP4R3A;UCHL3;ATG13;PRKAB1;ILF3;CREB1;ATG4B;ALG10B;CSNK1G2;MTMR2;MEAF6;ROCK1;PPM1M;FUT10;MTMR7;MAPK9;PORCN;RCE1;MAP4K5;MARK2;ATG5;MAP4K4;PAK4;B3GALNT2;PLK4;UBE2F;ATE1;PLK2;LIMK2;BRAF;PTPN13;PTK2;SRPK1;CDK9;ATG16L1;UBA3;MAN2B1;TAF6;TAF2;METAP2,Trim71,rmats,1219,GO_Biological_Process_2023
Positive Regulation Of Transcription From RNA Polymerase II Promoter In Response To Stress (GO:0036003),6/17,0.01858608635154227,8.440380723975117,67.17108505004258,MAPK7;ATF6B;RBPJ;HIF1A;KLF2;VEGFA,Trim71,rmats,1219,GO_Biological_Process_2023
Spindle Assembly (GO:0051225),14/81,0.01858608635154227,3.245135319254351,25.78094808413137,ABRAXAS1;SPICE1;HAUS6;HAUS5;HAUS2;WRAP73;NCOR1;HAUS8;TUBGCP5;TUBGCP6;TUBGCP4;LSM14A;CLASP1;CCDC61,Trim71,rmats,1219,GO_Biological_Process_2023
Golgi Vesicle Transport (GO:0048193),25/197,0.021022694864030245,2.2653237115811615,17.68210487761172,PITPNB;PDCD6;GOSR2;MIA2;MIA3;GOLGA4;TRAPPC11;TMED1;TRAPPC13;RAB6A;ATP9B;SEC31A;RAB8B;SEC16A;COG2;TRAPPC9;SCAMP3;SCAMP2;RER1;TRAPPC6B;RAB13;PREB;COPG2;SEC24C;COPE,Trim71,rmats,1219,GO_Biological_Process_2023
Regulation Of Stem Cell Population Maintenance (GO:2000036),11/56,0.024642412719957287,3.791317144959529,28.932233355152086,SMARCE1;SS18;SMARCB1;PHF10;BRMS1L;CNOT3;ARID4B;BRD9;SUDS3;ARID1A;OGT,Trim71,rmats,1219,GO_Biological_Process_2023
Regulation Of Establishment Or Maintenance Of Cell Polarity (GO:0032878),6/18,0.02489952837899599,7.736603462489695,58.841010726374165,PLEKHG3;KANK1;ROCK1;CYRIB;KIF20B;LLGL1,Trim71,rmats,1219,GO_Biological_Process_2023
Regulation Of Intracellular Estrogen Receptor Signaling Pathway (GO:0033146),7/25,0.027517117942990357,6.020397873120645,45.096019058172445,YAP1;KMT2D;WBP2;UBA5;CARM1;UFSP2;STRN3,Trim71,rmats,1219,GO_Biological_Process_2023
Double-Strand Break Repair (GO:0006302),22/168,0.027919891206718905,2.3458761057895883,17.50303160422955,MUS81;KDM2A;PSMD14;PARP2;CIB1;SMC5;SMC6;SAMHD1;RAD54B;MBTD1;RAD51AP1;MAD2L2;MORF4L1;HPF1;MTA1;RNF138;UBE2V2;RBBP8;SMARCAD1;AUNIP;AP5S1;NHEJ1,Trim71,rmats,1219,GO_Biological_Process_2023
tRNA Modification (GO:0006400),12/67,0.031548700271583914,3.384981547036228,24.792958865302914,QTRT1;CTU2;AARS2;ANKRD16;OSGEPL1;PUS1;METTL6;TRMT1;FTSJ1;DUS3L;TRMT61A;OSGEP,Trim71,rmats,1219,GO_Biological_Process_2023
Regulation Of Transcription Elongation By RNA Polymerase II (GO:0034243),13/77,0.03386512611709919,3.152479788557214,22.821298980550374,TCERG1;INTS13;SRCAP;MED8;LARP7;MED16;MED15;CDC73;CDK9;MED20;NELFB;ZMYND11;NELFE,Trim71,rmats,1219,GO_Biological_Process_2023
Regulation Of Cellular Response To Stress (GO:0080135),16/107,0.03428382621787478,2.7316324573182427,19.66580627104124,ENY2;INO80E;ABRAXAS1;SIRT7;USP19;CDK9;TFPT;RUVBL2;TADA3;HSF1;UBE2V2;USP1;TAF6;KMT5A;TAF2;EIF4G1,Trim71,rmats,1219,GO_Biological_Process_2023
Regulation Of Mitochondrion Organization (GO:0010821),10/50,0.03428382621787478,3.8753101736972706,27.89719178335366,FLCN;FIS1;RHOT1;RAP1GDS1;HTRA2;SIRT7;DNM1L;MFF;CYRIB;HDAC6,Trim71,rmats,1219,GO_Biological_Process_2023
Mitotic Cytokinesis (GO:0000281),11/59,0.03488611056526709,3.553790700883002,25.47176176418166,SON;ESPL1;ROCK1;RACGAP1;EXOC7;NUSAP1;CKAP2;EXOC6B;JTB;KIF23;CENPA,Trim71,rmats,1219,GO_Biological_Process_2023
Positive Regulation Of Mitochondrial Calcium Ion Concentration (GO:0051561),4/8,0.03517486045721285,15.45432098765432,110.43104782558355,FIS1;RAP1GDS1;MICU1;SLC25A23,Trim71,rmats,1219,GO_Biological_Process_2023
Positive Regulation Of Cell Cycle Process (GO:0090068),17/118,0.03520556122647836,2.615772392547075,18.653979899093258,PLK4;NCAPH2;CEP120;ATRX;NCAPG;WIZ;SMC5;KIF23;SMC6;USP19;CDC14B;RACGAP1;CSPP1;NUSAP1;KIF20B;RAD18;RHNO1,Trim71,rmats,1219,GO_Biological_Process_2023
Protein Localization (GO:0008104),37/351,0.03648939140209213,1.8409879616756657,13.038399569246106,CUTA;CCDC120;PDCD6;SNX13;RAB22A;HDAC6;ARFRP1;SH3PXD2B;NPHP1;RAB24;ARFIP2;TLK1;ARFIP1;TMED1;RAB28;RAB6A;SEC31A;CTSA;USP4;STX8;AKTIP;ASPSCR1;TSC2;TIMM44;TIMM21;FAM91A1;ATG13;TM9SF1;SEC23IP;BIN3;VANGL2;CTTN;HOOK2;HGS;RAB3GAP2;ATG4B;ARHGEF2,Trim71,rmats,1219,GO_Biological_Process_2023
protein-DNA Complex Organization (GO:0071824),11/60,0.03830375843365178,3.481078524124882,24.439557375297802,HDAC5;ZZZ3;ATRX;MTF2;CBX1;PWWP3A;EHMT1;LRWD1;HMGN2;SAFB;EZH2,Trim71,rmats,1219,GO_Biological_Process_2023
Positive Regulation Of Transcription By RNA Polymerase II (GO:0045944),81/938,0.039644420598674304,1.4886646309827267,10.381023948388162,RNF10;TCERG1;SMARCB1;AKAP8L;PRDM5;RBPJ;MED16;GABPB1;MED15;CDC73;MED12;FLCN;PPP3CB;RUVBL2;MLX;GABPA;GTF2I;MEN1;SS18;NCOA2;TBP;CHUK;ATRX;MED8;CKAP2;PEX2;PPRC1;HCFC1;JMJD6;THAP3;CREB1;IRF1;MED20;ARHGEF2;YAP1;HDAC4;KMT2D;HDAC5;GTF2A2;USP16;CTBP2;ATF6B;UHRF1;WBP2;DOT1L;GATA4;HIF1A;RELA;BCL2L12;MAPK7;HLTF;HSF1;NRIP1;OTX2;RPRD1B;BRD8;TBL1X;BRD4;BPTF;SMAD2;TCF7L2;POU2F1;PCGF5;NR1H2;IRX3;HMGA1;LARP7;NFKB1;USF1;KLF2;VEGFA;CDK9;MLLT10;DAB2;TNIP1;FUBP3;TAF6;TCF3;AGRN;OGT;TAF2,Trim71,rmats,1219,GO_Biological_Process_2023
Ubiquitin-Dependent Protein Catabolic Process (GO:0006511),38/367,0.04202732243817548,1.8046012214675626,12.455026450254762,WDR26;TSG101;PSMD14;RNF13;UHRF1;USP33;OTUD7B;AMBRA1;BAG6;ZNRF1;RNF115;SHARPIN;MTA1;RNF216;PCBP2;TBL1X;BTRC;UBL7;ATE1;FBXW5;UBE2B;FBXW11;RNF25;UBE4A;ARMC8;USP28;CHFR;RNF146;SPSB3;RNF167;RNF149;TTC3;MDM2;PLAA;TRIP12;RBCK1;CHMP7;TRIM32,Trim71,rmats,1219,GO_Biological_Process_2023
Regulation Of Cellular Component Organization (GO:0051128),20/153,0.04202732243817548,2.338791097844695,16.100274513561295,SETD5;RAB4A;RAB4B;TFRC;MEAF6;ROCK1;PRDM5;TSC2;NUBP1;BLTP1;HCFC1;CAMSAP3;ING4;MAD2L2;TJP1;NCLN;TLK2;TLK1;ANKRA2;PAK4,Trim71,rmats,1219,GO_Biological_Process_2023
Response To UV (GO:0009411),15/100,0.04202732243817548,2.7402775063513776,18.80971035674798,USP47;UBE2B;METTL3;PRKCD;CIRBP;USP28;RELA;USF1;PRIMPOL;RUVBL2;POLD1;USP1;TRIM32;MEN1;RHNO1,Trim71,rmats,1219,GO_Biological_Process_2023
Establishment Of Spindle Localization (GO:0051293),5/14,0.04202732243817548,8.590518030386235,58.919940722804554,ESPL1;NUSAP1;MAP4;CLASP1;LLGL1,Trim71,rmats,1219,GO_Biological_Process_2023
Negative Regulation Of Transcription By RNA Polymerase II (GO:0000122),68/763,0.04202732243817548,1.5374156973291915,10.535722754319663,TCERG1;TCF25;EHMT2;PRDM5;EHMT1;OTUD7B;ARID4B;RBPJ;N4BP2L2;CDC73;FLCN;ZMYM5;DNMT3B;MLX;KMT5A;MEN1;MORC3;TGIF2;NCOA5;DNMT3A;PEX2;SIRT7;ZFP90;HCFC1;NCOR2;NCOR1;BIN1;HDAC4;YAP1;HDAC5;CTBP2;UHRF1;GATA4;HDAC6;RELA;SDCBP;MTA1;DEAF1;MIER1;HSF1;NRIP1;TBL1X;DMAP1;SUDS3;PATZ1;LYAR;MTA3;BPTF;TCF7L2;NR1H2;IRX3;PHF12;CBX1;LARP7;NFKB1;KLF2;NR2F6;GATAD2A;VEGFA;MAD2L2;DAB2;DLG1;BRMS1L;MDM2;GTF2IRD1;TCF3;OGT;EZH2,Trim71,rmats,1219,GO_Biological_Process_2023
Mitotic Spindle Assembly (GO:0090307),9/44,0.045209630293330555,3.983801652892562,26.962018936091884,WRAP73;RACGAP1;ABRAXAS1;PRC1;SPICE1;KIF23;LSM14A;CLASP1;CCDC61,Trim71,rmats,1219,GO_Biological_Process_2023
Protein Ubiquitination (GO:0016567),43/434,0.04610986525636372,1.7197531186387598,11.584877361618979,RNF31;RNF10;ANAPC16;RNF13;UHRF1;UBR1;AMBRA1;KLHL13;UBE2J2;UBE2J1;DCAF15;RNF115;TNKS2;RNF138;HLTF;MARCHF7;BTRC;RNF44;WSB1;FBXW5;PPIL2;UBE2B;RNF25;FBXW11;FANCA;UBE4A;FANCC;PEX2;FANCE;UCHL3;CHFR;RNF146;RNF167;TRAF7;MDM2;UBE2V2;RNF181;TRIP12;RBCK1;RNF141;TRIM32;CBLL1;RAD18,Trim71,rmats,1219,GO_Biological_Process_2023
Endocytosis (GO:0006897),23/189,0.04616078755287563,2.156510658016682,14.480117231403453,LMBR1L;TSC2;LDLRAD3;EPS15L1;BLTP1;RAB22A;EPN1;JMJD6;EPN2;GAK;DAB2;NECAP2;BIN3;HOOK2;CTTN;BIN1;ATP6V1H;PIP5K1C;LDLRAP1;ATP9B;CSNK1G2;PDLIM7;REPS1,Trim71,rmats,1219,GO_Biological_Process_2023
Lytic Vacuole Organization (GO:0080171),8/36,0.04616078755287563,4.424442609413708,29.696859242946022,MBTPS1;HOOK2;AKTIP;HPS1;HPS4;ACP2;TPP1;NAGPA,Trim71,rmats,1219,GO_Biological_Process_2023
Intracellular Membrane-Bounded Organelle (GO:0043231),473/5175,3.7371324947354303e-22,1.8985039165354314,104.67903706106986,TFRC;EHMT2;EHMT1;SMC5;SMC6;RBPJ;GABPB1;GPATCH8;PPP4R2;GPBP1;ANKFY1;HES6;PRKCD;MED8;RFX1;ARMC8;PRKAB1;SCAMP3;EML3;SCAMP2;HCFC1;BIN1;RHNO1;MTMR2;CDCA2;MEAF6;SRCAP;CTBP2;NCAPG;BAZ2A;GATA4;HIF1A;PRDX5;RNF216;FIGNL1;ZSCAN10;ATRIP;NHEJ1;KAT14;CTC1;TIPARP;NCAPH2;PLK2;LARP7;TMEM192;BRAF;MAGOHB;NR2F6;MLLT10;FIBP;HNRNPM;EIF5;HNRNPD;MMS19;GTF2IRD1;HNRNPC;PKIG;RAD18;EZH2;CEP57;SETD5;GMEB1;TCF25;PHF23;OGG1;SETD6;TDRP;MED16;MED15;SMG5;MED12;ING4;ING3;NELFB;NELFE;APPL1;SS18;SPHK2;SIRT7;SIRT3;GNL3;NCOR2;NCOR1;MED20;MTF2;GPRC5C;WDR26;DLST;CENPA;ECPAS;SCAF8;RNF138;USP1;PMS2;BRD9;BRD8;BRD7;BRD4;ATAD5;PCGF5;NR1H2;TRMT1;GATAD2A;RNF146;XAB2;CENPF;SRRD;PWWP3A;ZYX;PDCD6;FMR1;CTNND1;RPL10A;VIRMA;CDC14B;EDC4;EIF4ENIF1;PPP1CC;RUVBL2;PAPOLA;NEK1;SMARCAD1;KMT5A;MTPAP;HMGN2;MAP3K7;MEN1;GTF2I;TLE3;KMT5C;USP4;USP3;IPMK;THOC1;VRK1;CHD1L;CDC25C;THOC7;FOXP1;ILF3;DMTF1;MSH3;ANAPC5;CSNK1G2;ANKRD17;KMT2D;ANKRD16;GPATCH2L;BCL2L12;BAG6;RAD51AP1;ORC1;YBEY;SAFB2;KHDC4;AP1M2;OSBPL9;TIA1;CHTOP;FANCA;FANCC;FANCE;LSM5;NFKB1;CDK9;LSM7;CNOT6;DAB2;P4HA1;MOB2;TADA3;MDM2;PIR;NF2;OGT;RAD9A;EIF4G1;RNF10;RNF13;CDCA7L;AKAP8L;CEP164;UFSP2;CDC73;RESF1;EXO1;PPP6R3;UBTF;DNMT3B;TLK2;TLK1;DNM1L;BCAS2;ILKAP;ACTR6;CEMIP2;ATRX;DNMT3A;PTBP2;TRAF7;PKM;ESPL1;ESRP1;DNAJC5;GAPDH;HDAC4;HDAC5;GTF2A2;CARNMT1;UHRF1;PPM1M;WBP2;MAK16;LENG8;AMBRA1;HDAC6;PRIMPOL;ZNRF1;NFS1;U2AF2;RBBP5;IGF2BP1;RBBP8;SMARCE1;HNRNPA3;PPIL2;RNF25;IRX3;MCOLN1;PTPN13;MCM3AP;PRC1;TRIM32;TRMT61A;TCERG1;PANK2;SMARCB1;SPARC;ECI2;NUDT1;NFU1;CDC27;FAM53A;UBAP2L;TMPO;AGFG1;ESCO1;METTL3;CIRBP;KRT7;JMJD6;SRRM1;PREB;NSMF;KIF20B;ANKRA2;CBLL1;GGNBP2;UBE2J2;OSGEP;UBE2J1;FXR1;RAB11FIP1;RACGAP1;PCBP4;PCBP2;MIER1;HLTF;DND1;DPH3;PATZ1;LYAR;RBM10;SEC31A;CTSA;MEMO1;PTK2;WAPL;SRPK1;FUBP3;RNPS1;RPS24;TOP2A;RPAIN;INTS13;OTUD7B;ZBTB8OS;MIA3;LIMD1;N4BP2L2;XPO4;RSRC1;XPO6;MLX;CTSH;ACADS;GABPA;NCOA2;PRMT2;STRADA;PARP2;KIF23;PPRC1;GAK;CTTN;SLTM;YAP1;SLC66A1;DOT1L;NOL9;TYMS;RELA;RAD54B;NT5C;EXOSC8;HSF1;MARCHF7;METTL6;TBL1X;APBB3;RANBP2;SUZ12;RANBP3;MYEF2;MOK;APTX;MAD2L2;SEC23IP;MIS18A;TFAP4;TTC3;TCEA2;TRIP10;TRIP12;TARDBP;PRDM5;ARID4B;CIB1;EEF1B2;CWC22;MORC3;BORA;FBXW11;PUS1;UBE4A;TSC2;NOSIP;MAU2;CCNE2;UBE2V2;GEMIN5;PLAA;PPIG;HDGFL2;PSMD14;UBA5;HTRA2;PDS5B;PMF1;SDCBP;DEAF1;OTX2;RPRD1B;SUDS3;DMAP1;ZC3H14;BPTF;UBE2F;SMAD2;POU2F1;CPSF6;UBE2B;CPSF1;VTA1;PHF12;CBX1;HMGA1;ASPSCR1;MACO1;CLK4;BLTP1;TDRD3;IFT20;DLG1;HOOK2;NASP;RSRP1;UBA3;MAN2B1;TCF3;SERGEF;KDM5A;MUS81;KDM5C;DDX49;NAA40;HP1BP3;PSIP1;SENP6;FLCN;HPF1;FLOT2;RBM7;RBM5;POLG;USP47;SUN1;USP48;TBP;TGIF2;AKTIP;CAD;DDX51;PEX2;TRNAU1AP;ARID1A;SAFB;EPN2;ELF2;CREB1;RABEP1;RABEP2;TRAPPC6B;IRF1;LUC7L3;ZMYND11;ITGB3BP;KDM3A;USP16;ATF6B;POLDIP2;ABRAXAS1;POLDIP3;RAP1GDS1;WIZ;SAMHD1;CLCN3;UACA;PSMB10;ADD1;MAPK9;TFPT;MTA1;MAPK7;TNKS2;CBS;POLD1;TRA2A;NRIP1;MTA3;MUTYH;REPS1;KDM4A;TCF7L2;ATE1;B3GAT3;LIMK2;SGTA;LRWD1;USP28;CHFR;USF1;U2SURP;WEE1;POLE2;CARM1;BRMS1L;CDK2AP2;ACIN1;TAF6;QRICH1;TAF2;NUP37,Trim71,rmats,1219,GO_Cellular_Component_2023
Nucleus (GO:0005634),422/4487,1.2720940062050448e-21,1.9168289449519338,102.01280849589752,EHMT2;EHMT1;SMC5;SMC6;RBPJ;GABPB1;GPATCH8;PPP4R2;GPBP1;HES6;PRKCD;MED8;ARMC8;PRKAB1;EML3;HCFC1;BIN1;RHNO1;MTMR2;CDCA2;MEAF6;SRCAP;CTBP2;NCAPG;BAZ2A;GATA4;HIF1A;PRDX5;RNF216;FIGNL1;ZSCAN10;ATRIP;NHEJ1;KAT14;CTC1;TIPARP;NCAPH2;PLK2;LARP7;TMEM192;MAGOHB;NR2F6;MLLT10;FIBP;HNRNPM;EIF5;HNRNPD;MMS19;GTF2IRD1;HNRNPC;PKIG;RAD18;EZH2;CEP57;SETD5;GMEB1;TCF25;PHF23;OGG1;SETD6;TDRP;MED16;MED15;SMG5;MED12;ING4;ING3;NELFB;NELFE;APPL1;SS18;SPHK2;SIRT7;SIRT3;GNL3;NCOR2;NCOR1;MED20;MTF2;WDR26;DLST;CENPA;ECPAS;SCAF8;RNF138;USP1;PMS2;BRD9;BRD8;BRD7;BRD4;ATAD5;PCGF5;NR1H2;TRMT1;GATAD2A;RNF146;XAB2;CENPF;SRRD;PWWP3A;ZYX;PDCD6;FMR1;CTNND1;RPL10A;VIRMA;CDC14B;EDC4;EIF4ENIF1;PPP1CC;RUVBL2;PAPOLA;NEK1;SMARCAD1;KMT5A;HMGN2;MAP3K7;MEN1;GTF2I;TLE3;KMT5C;USP4;USP3;IPMK;THOC1;VRK1;CHD1L;CDC25C;THOC7;FOXP1;ILF3;DMTF1;MSH3;ANAPC5;CSNK1G2;ANKRD17;KMT2D;ANKRD16;GPATCH2L;BCL2L12;BAG6;RAD51AP1;ORC1;YBEY;SAFB2;KHDC4;TIA1;CHTOP;FANCA;FANCC;FANCE;LSM5;NFKB1;CDK9;LSM7;CNOT6;MOB2;TADA3;MDM2;PIR;NF2;OGT;RAD9A;EIF4G1;RNF10;CDCA7L;AKAP8L;UFSP2;CDC73;RESF1;EXO1;PPP6R3;UBTF;DNMT3B;TLK2;TLK1;BCAS2;ILKAP;ACTR6;ATRX;DNMT3A;PTBP2;PKM;ESPL1;ESRP1;GAPDH;HDAC4;HDAC5;GTF2A2;CARNMT1;UHRF1;PPM1M;WBP2;LENG8;AMBRA1;HDAC6;PRIMPOL;NFS1;HAUS8;U2AF2;RBBP5;IGF2BP1;RBBP8;SMARCE1;HNRNPA3;PPIL2;RNF25;IRX3;PTPN13;MCM3AP;PRC1;TRIM32;TRMT61A;TCERG1;PANK2;SMARCB1;NUDT1;NFU1;CDC27;FAM53A;UBAP2L;TMPO;ESCO1;METTL3;CIRBP;KRT7;JMJD6;SRRM1;PREB;NSMF;KIF20B;ANKRA2;CBLL1;GGNBP2;UBE2J2;OSGEP;UBE2J1;FXR1;RACGAP1;PCBP4;PCBP2;MIER1;HLTF;DND1;DPH3;PATZ1;LYAR;RBM10;MEMO1;PTK2;WAPL;SRPK1;FUBP3;RNPS1;RPS24;TOP2A;RPAIN;INTS13;OTUD7B;ZBTB8OS;LIMD1;N4BP2L2;XPO4;RSRC1;XPO6;MLX;ACADS;GABPA;NCOA2;PRMT2;STRADA;PARP2;KIF23;PPRC1;SLTM;YAP1;DOT1L;NOL9;TYMS;RELA;RAD54B;NT5C;EXOSC8;HSF1;MARCHF7;METTL6;TBL1X;APBB3;RANBP2;SUZ12;RANBP3;MYEF2;MOK;APTX;MAD2L2;MIS18A;TFAP4;TTC3;TCEA2;TRIP12;TARDBP;PRDM5;ARID4B;CIB1;EEF1B2;CWC22;MORC3;BORA;FBXW11;PUS1;UBE4A;TSC2;NOSIP;MAU2;CCNE2;UBE2V2;GEMIN5;PLAA;PPIG;HDGFL2;PSMD14;HTRA2;PDS5B;SDCBP;DEAF1;OTX2;RPRD1B;SUDS3;DMAP1;ZC3H14;BPTF;UBE2F;SMAD2;POU2F1;CPSF6;UBE2B;CPSF1;PHF12;CBX1;HMGA1;ASPSCR1;MACO1;CLK4;BLTP1;TDRD3;DLG1;NASP;RSRP1;UBA3;TCF3;SERGEF;KDM5A;MUS81;KDM5C;DDX49;NAA40;HP1BP3;PSIP1;SENP6;FLCN;HPF1;RBM7;RBM5;USP47;USP48;TBP;TGIF2;AKTIP;CAD;DDX51;TRNAU1AP;ARID1A;SAFB;ELF2;CREB1;IRF1;LUC7L3;ZMYND11;ITGB3BP;KDM3A;USP16;ATF6B;POLDIP2;ABRAXAS1;POLDIP3;RAP1GDS1;WIZ;SAMHD1;UACA;PSMB10;ADD1;MAPK9;TFPT;MTA1;MAPK7;TNKS2;CBS;POLD1;TRA2A;NRIP1;MTA3;MUTYH;KDM4A;TCF7L2;ATE1;LIMK2;SGTA;LRWD1;USP28;CHFR;USF1;U2SURP;WEE1;CARM1;BRMS1L;CDK2AP2;ACIN1;TAF6;QRICH1;TAF2;NUP37,Trim71,rmats,1219,GO_Cellular_Component_2023
Mitotic Spindle (GO:0072686),28/143,3.7459281116430225e-6,3.8159237761471907,65.61603619086071,SPOUT1;CDC14B;FLCN;TAF1D;RACGAP1;HAUS8;CDC27;NUSAP1;MAP4;TBL1X;KAT14;CLASP1;LIMK2;CKAP2;HAUS6;KIF23;HAUS5;WAPL;HAUS2;EML3;EML4;ATAT1;WRAP73;ZZZ3;NCOR1;ESPL1;TADA3;LSM14A,Trim71,rmats,1219,GO_Cellular_Component_2023
Intracellular Non-Membrane-Bounded Organelle (GO:0043232),116/1195,2.798080152939491e-5,1.7253744736950452,25.702541613125785,SMARCB1;TMEM179B;FMR1;PRDM5;AUP1;RBPJ;CDC14B;PPP1CC;ENDOV;RPS6KA6;CSPP1;CDC27;NUSAP1;ARFIP2;TRAPPC13;CDK5RAP2;ESCO1;DIMT1;TPM1;SPICE1;VRK1;ACSL3;EML3;JMJD6;ILF3;BIN1;JTB;ANAPC5;KIF20B;LLGL1;RHNO1;INO80E;CDCA2;TSG101;MEAF6;ZCCHC9;HTRA2;NOLC1;BAZ2A;PDS5B;DEDD2;RAD51AP1;FXR1;SYCE2;SDCBP;RACGAP1;CALD1;EPB41L3;UTP20;LYAR;ZC3H14;PLK4;ATP8B2;CBX1;FANCE;PTK2;WAPL;ABTB1;TBL3;ZZZ3;MOB2;MDM2;NOL10;MMS19;CEP85;NF2;TOP2A;CDCA7L;PAK1IP1;HP1BP3;FAF2;EPB41L4A;CASP8;XPO6;SH3PXD2B;UBTF;RBM7;ACTR6;CEMIP2;PARP2;KIF23;SIRT7;LSS;GNL3;TRAF7;CTTN;AOPEP;SAPCD2;ARHGEF2;GAPDH;KANK1;ROCK1;MAK16;NOL9;AMBRA1;RELA;ADD1;TAF1D;TCOF1;RBBP5;EXOSC8;TRA2A;NRIP1;RRP36;SUZ12;IDH3G;KRR1;LRWD1;APTX;NLE1;MAD2L2;CENPF;WEE1;PRC1;TTC3;TARDBP,Trim71,rmats,1219,GO_Cellular_Component_2023
Spindle (GO:0005819),33/210,3.386428456886863e-5,2.924571983879727,42.356003977303594,SPOUT1;CDC14B;FLCN;TAF1D;RACGAP1;CSPP1;CDC27;NUSAP1;MAP4;TBL1X;KAT14;CLASP1;LIMK2;CBX1;SPICE1;CKAP2;KIF23;WAPL;EML3;EML4;ATAT1;MAD2L2;WRAP73;CENPF;ZZZ3;NCOR1;ESPL1;PRC1;TADA3;JTB;MMS19;ANAPC5;LSM14A,Trim71,rmats,1219,GO_Cellular_Component_2023
Nuclear Chromosome (GO:0000228),19/95,2.0961761591097413e-4,3.896875,48.623486749637955,TOP2A;SMARCE1;INO80E;SRCAP;ACTR6;NCAPH2;PHF12;NCAPG;PSMC3IP;TFPT;ING3;RUVBL2;FIGNL1;BRMS1L;EP400;BRD8;DMAP1;SUDS3;BRD4,Trim71,rmats,1219,GO_Cellular_Component_2023
INO80-type Complex (GO:0097346),9/25,4.4544649245011525e-4,8.723398760330578,100.92637326480254,TFPT;INO80E;ING3;SRCAP;ACTR6;RUVBL2;EP400;BRD8;DMAP1,Trim71,rmats,1219,GO_Cellular_Component_2023
Swr1 Complex (GO:0000812),6/12,0.0012246109543851038,15.47815333882935,159.24881512460743,ING3;SRCAP;RUVBL2;EP400;BRD8;DMAP1,Trim71,rmats,1219,GO_Cellular_Component_2023
H4/H2A Histone Acetyltransferase Complex (GO:0043189),9/29,0.0012246109543851038,6.977231404958678,71.17920044444546,MBTD1;MORF4L1;ING3;MRGBP;MEAF6;RUVBL2;EP400;BRD8;DMAP1,Trim71,rmats,1219,GO_Cellular_Component_2023
NuA4 Histone Acetyltransferase Complex (GO:0035267),9/29,0.0012246109543851038,6.977231404958678,71.17920044444546,MBTD1;MORF4L1;ING3;MRGBP;MEAF6;RUVBL2;EP400;BRD8;DMAP1,Trim71,rmats,1219,GO_Cellular_Component_2023
trans-Golgi Network (GO:0005802),31/241,0.0020464018845727243,2.3076038159371492,22.13654246678227,USP6NL;PI4K2B;ATP2C1;ECPAS;SCAMP5;TEPSIN;SCAMP4;ARFRP1;GOLGA4;ARFIP2;ARFIP1;RAB6A;ATP9B;AP1M2;PLEKHJ1;SLC30A6;ATP8B2;GPR108;STX8;COG2;TRAPPC9;FAM91A1;PHETA1;SCAMP3;TJAP1;SCAMP2;HOOK2;TRAPPC6B;RAB13;LGR5;LLGL1,Trim71,rmats,1219,GO_Cellular_Component_2023
Nuclear Lumen (GO:0031981),72/780,0.007766528865841042,1.602382043060009,13.094855064065651,TOP2A;SMARCB1;TMEM179B;CDCA7L;PAK1IP1;FMR1;PRDM5;RBPJ;CDC14B;PPP1CC;ENDOV;RPS6KA6;XPO6;UBTF;NUSAP1;ARFIP2;RBM7;ACTR6;DIMT1;CEMIP2;PARP2;VRK1;SIRT7;GNL3;JMJD6;TRAF7;ILF3;AOPEP;SAPCD2;KIF20B;INO80E;TSG101;MEAF6;MAK16;ZCCHC9;NOLC1;BAZ2A;NOL9;RELA;DEDD2;FXR1;TAF1D;TCOF1;RBBP5;FIGNL1;EXOSC8;TRA2A;NRIP1;RRP36;UTP20;LYAR;ZC3H14;PLK4;SMARCE1;SUZ12;ATP8B2;IDH3G;KRR1;LRWD1;APTX;NLE1;MAD2L2;ABTB1;TBL3;WEE1;ZZZ3;MOB2;TTC3;MDM2;NOL10;CEP85;NF2,Trim71,rmats,1219,GO_Cellular_Component_2023
Chromosome (GO:0005694),22/164,0.010439163422394456,2.4124748490945676,18.80846000060688,TOP2A;SMARCE1;CDCA2;ESCO1;KRR1;FMR1;HP1BP3;NCAPG;SMC5;SMC6;PDS5B;FANCE;WAPL;GNL3;RAD51AP1;MAD2L2;SYCE2;FIGNL1;EXOSC8;KMT5A;TRAPPC13;RHNO1,Trim71,rmats,1219,GO_Cellular_Component_2023
Nucleolus (GO:0005730),70/771,0.012794332432680763,1.5712974999037803,11.814253273265228,TOP2A;SMARCB1;TMEM179B;CDCA7L;PAK1IP1;FMR1;PRDM5;RBPJ;CDC14B;PPP1CC;ENDOV;RPS6KA6;XPO6;UBTF;NUSAP1;ARFIP2;RBM7;ACTR6;DIMT1;CEMIP2;PARP2;VRK1;SIRT7;GNL3;JMJD6;TRAF7;ILF3;AOPEP;SAPCD2;KIF20B;INO80E;TSG101;MEAF6;MAK16;ZCCHC9;NOLC1;BAZ2A;NOL9;RELA;DEDD2;FXR1;TAF1D;TCOF1;RBBP5;EXOSC8;TRA2A;NRIP1;RRP36;UTP20;LYAR;ZC3H14;PLK4;SUZ12;ATP8B2;IDH3G;KRR1;LRWD1;APTX;NLE1;MAD2L2;ABTB1;TBL3;WEE1;ZZZ3;MOB2;TTC3;MDM2;NOL10;CEP85;NF2,Trim71,rmats,1219,GO_Cellular_Component_2023
Mitotic Spindle Microtubule (GO:1990498),5/13,0.015634963053304675,9.664847611202635,70.06326481978903,HAUS8;HAUS6;HAUS5;HAUS2;EML3,Trim71,rmats,1219,GO_Cellular_Component_2023
trans-Golgi Network Membrane (GO:0032588),15/100,0.02038739015866067,2.7402775063513776,18.80971035674798,USP6NL;SLC30A6;COG2;SCAMP3;SCAMP2;SCAMP5;TEPSIN;SCAMP4;ARFRP1;ARFIP2;ARFIP1;RAB6A;LGR5;LLGL1;AP1M2,Trim71,rmats,1219,GO_Cellular_Component_2023
RSC-type Complex (GO:0016586),5/14,0.02038739015866067,8.590518030386235,58.919940722804554,SMARCE1;SUZ12;SMARCB1;PHF10;BRD7,Trim71,rmats,1219,GO_Cellular_Component_2023
Euchromatin (GO:0000791),9/44,0.020502041174872906,3.983801652892562,26.962018936091884,SETD5;TBP;CREB1;UHRF1;RUVBL2;DNMT3A;PSIP1;NSMF;TCF3,Trim71,rmats,1219,GO_Cellular_Component_2023
Sin3 Complex (GO:0016580),6/21,0.020502041174872906,6.188293487221764,41.40334200552478,MORF4L1;PHF12;BRMS1L;ARID4B;SUDS3;OGT,Trim71,rmats,1219,GO_Cellular_Component_2023
Sin3-type Complex (GO:0070822),6/21,0.020502041174872906,6.188293487221764,41.40334200552478,MORF4L1;PHF12;BRMS1L;ARID4B;SUDS3;OGT,Trim71,rmats,1219,GO_Cellular_Component_2023
Vesicle Coat (GO:0030120),8/37,0.0230996307497276,4.271647825963154,27.861860805226232,NECAP2;PDCD6;COPG2;SEC24C;EPN1;COPE;SEC31A;EPN2,Trim71,rmats,1219,GO_Cellular_Component_2023
Recycling Endosome (GO:0055037),20/159,0.024705181848120383,2.2371160619461063,14.337212565675786,RAB4A;RAB4B;TFRC;STX8;CLCN3;PHETA1;SCAMP3;SCAMP2;SCAMP5;SCAMP4;RAB13;DENND6B;TPP1;TUBGCP4;ENTR1;TBC1D17;LDLRAP1;SLC39A4;PLEKHJ1;RAB8B,Trim71,rmats,1219,GO_Cellular_Component_2023
Protein Phosphatase 4 Complex (GO:0030289),3/5,0.02720061013492315,23.16488486842105,143.29936722040435,PPP4R1;PPP4R2;PPP4R3A,Trim71,rmats,1219,GO_Cellular_Component_2023
Sex Chromosome (GO:0000803),3/5,0.02720061013492315,23.16488486842105,143.29936722040435,PCGF5;SMC5;SMC6,Trim71,rmats,1219,GO_Cellular_Component_2023
Cytoplasmic Stress Granule (GO:0010494),12/76,0.02720061013492315,2.9075704225352115,17.982545881707296,ATXN2L;FXR1;TIA1;ROCK1;YTHDF3;FMR1;CIRBP;IGF2BP1;PUM1;LSM14A;PUM2;EIF4G1,Trim71,rmats,1219,GO_Cellular_Component_2023
Endoplasmic Reticulum Membrane (GO:0005789),69/801,0.029349106488953603,1.4794262295081968,8.979361659660574,LMBR1L;ABCD4;GPSM1;PI4K2B;PIGT;PGAP2;GPAA1;ADPGK;PIGQ;PDCD6;PITPNB;MIA2;PLOD2;MIA3;AUP1;DNM1L;SBF1;CERS5;ALG14;ALG3;ALG13;MOGS;ACSL3;ATG13;LSS;TMX3;SOAT1;ASPH;TMEM33;PREB;CERS2;RNF121;HACD1;GRAMD1A;ATF6B;UBA5;GOSR2;SEL1L;DERL2;HTRA2;DNAJC25;UBE2J2;RTN4;LMF2;USP19;UBE2J1;PTDSS2;CYB5R4;PORCN;NCLN;RCE1;RAB6A;SEC31A;MPDU1;B3GALNT2;EDEM1;GALNT1;SEC16A;MACO1;KTN1;G6PC3;SPCS1;REEP4;RAB3GAP2;COPG2;TMEM39B;DHCR7;SEC24C;COPE,Trim71,rmats,1219,GO_Cellular_Component_2023
Microtubule Cytoskeleton (GO:0015630),34/342,0.042559897894868845,1.720866896816264,9.74027635044534,CEP57;HDAC6;KIF15;MTA1;RACGAP1;DPP9;CSPP1;CDC27;MAP4;DNM1L;CLASP1;CDK5RAP2;ENKD1;CCT2;RBM39;CBX1;SPICE1;CKAP2;KIF23;EML3;EML4;MAD2L2;CENPF;DLG1;PRC1;MAP7D1;CDK2AP2;JTB;MMS19;ANAPC5;ARHGEF2;TUBGCP4;KIF20B;GAPDH,Trim71,rmats,1219,GO_Cellular_Component_2023
RNA Binding (GO:0003723),160/1411,1.6759779857074692e-6,1.7382640198673087,34.373382529725845,TFRC;FMR1;SPPL2B;NUDT1;PPAN;RPL10A;VIRMA;GPATCH8;PPP1CC;KHSRP;NUSAP1;UBAP2L;HMGN2;AGFG1;CAST;RARS2;DIMT1;SECISBP2;ACTN1;DDX11;PUS1;CIRBP;ALG13;ZCRB1;THOC2;GTPBP1;JMJD6;FAM133B;ILF3;ZC3H11A;SRFBP1;DUS3L;MACF1;AARS2;DHX9;YTHDC1;NOLC1;BAZ2A;TRMT2A;GIGYF2;RCC1L;MTDH;FXR1;DHX30;RNASEH1;HNRNPDL;DHX33;ERI3;PCBP2;SAFB2;UTP20;MAP4;ZC3H13;ZC3H14;MARK2;CPSF4;PRPF38B;CHTOP;PRRC2C;UPF3B;HELZ;ERAL1;LSM5;PUM1;CLK3;PRRC2A;CHERP;PUM2;SRPK1;LSM7;EIF5;CNOT1;FUBP1;GOLGB1;HNRNPC;EIF4G3;EIF4G1;WRAP53;TOP2A;RBM25;TUT7;CELF1;FASTKD3;AKAP8L;BRCA1;ZCCHC17;TENT4B;SMG5;FARS2;SMG6;MRPL4;RBM3;ZC3H7B;RBM5;NELFE;TOP3B;NCOA5;NSUN5;PABPC4;PRPF40B;DARS2;EDF1;TRNAU1AP;DDX50;PTBP2;UCHL5;WDR33;DALRD3;PKM;SARS2;SYF2;NOA1;THRAP3;ESRP1;TUT1;LUC7L2;STAU1;DDX25;RPL12;SRRT;AKAP8;MTIF2;MTHFSD;GANAB;BCLAF1;SCAF8;UNK;TCOF1;BMS1;IGF2BP1;FLNB;HEATR6;EXOSC2;SMNDC1;SRSF11;EXOSC1;PTCD3;RBM39;TAF15;MYEF2;KRR1;YLPM1;HUWE1;RSRC2;TRMT1;RRP1B;TPD52L2;APTX;SCAF4;KTN1;SEC23IP;XPOT;CCDC9;ZYX;ACIN1;FAM98A;TARDBP;R3HDM1;TNRC6A;R3HDM2,Ubr5,rmats,1434,GO_Molecular_Function_2023
Ubiquitin-Like Protein Transferase Activity (GO:0019787),40/240,1.5376043660388162e-4,2.6350071736011476,38.37202928005498,MARCHF2;RNF13;UHRF2;RNF14;UBE3A;BRCA1;KLHL13;SHARPIN;TRIM68;FBXO3;ARIH1;TRIM21;RANBP2;UBE2F;HACE1;AREL1;UBE2B;FBXW11;SMURF1;NSMCE2;HUWE1;WWP1;ZFP91;PJA2;CHFR;RNF146;UBE2W;TRAF7;ITCH;TTC3;MDM2;UBA3;MDM4;BIRC6;RBCK1;BCOR;CBLL1;RNF141;TRIM11;TRIM33,Ubr5,rmats,1434,GO_Molecular_Function_2023
"Catalytic Activity, Acting On A tRNA (GO:0140101)",12/39,0.002414479781330921,5.794342866072824,66.07342393873057,DTWD2;QTRT1;QTRT2;MTFMT;AARS2;TYW3;TARS2;FTSJ1;DUS3L;OSGEP;ANKZF1;TRIT1,Ubr5,rmats,1434,GO_Molecular_Function_2023
Protein-Lysine N-methyltransferase Activity (GO:0016279),13/54,0.012768596408571297,4.133554178610048,38.66848528704589,SETD5;SUV39H2;KMT2D;SETDB1;KMT5C;EHMT2;SETD6;EHMT1;METTL22;NSD1;NSD2;KMT5B;EEF1AKMT2,Ubr5,rmats,1434,GO_Molecular_Function_2023
RNA Polymerase Binding (GO:0070063),7/17,0.012768596408571297,9.102452697967765,83.98615858395475,SCAF8;CCNT2;CCNT1;DHX9;BIN1;BRCA1;PHRF1,Ubr5,rmats,1434,GO_Molecular_Function_2023
Ubiquitin-Protein Transferase Activity (GO:0004842),50/412,0.015063127749367381,1.8167374572861112,15.657080457200703,RNF13;RNF14;RNF19B;UBE3A;BRCA1;TRIM68;FBXO3;TRIM26;ARIH1;TRIM21;RNF44;AREL1;FBXW11;FBXO17;ZFP91;PJA2;TRAF7;BIRC6;RBCK1;CBLL1;TRIM11;MARCHF2;UHRF2;RNF38;UBR1;KLHL13;UBE2J2;RNFT1;UBE2J1;SHARPIN;RNF216;RNF138;HACE1;UBE2B;SMURF1;SYVN1;HUWE1;WWP1;CHFR;BSPRY;RNF146;UBE2W;ITCH;TTC3;MDM2;MDM4;TRIP12;BCOR;RNF141;TRIM33,Ubr5,rmats,1434,GO_Molecular_Function_2023
Nuclear Receptor Binding (GO:0016922),20/115,0.015063127749367381,2.750093054418224,23.648631658864684,TCF7L2;RNF14;NCOA6;BAZ2A;ISL1;FOXP1;MED12;ASXL1;MED22;MED14;NCOR1;CNOT1;THRAP3;NSD1;TADA3;TRIM68;EP300;MMS19;TRIP12;HMGN3,Ubr5,rmats,1434,GO_Molecular_Function_2023
Histone H3K9 Methyltransferase Activity (GO:0046974),5/9,0.015063127749367381,16.236878936319105,139.49908964533384,SETD5;SUV39H2;SETDB1;EHMT2;EHMT1,Ubr5,rmats,1434,GO_Molecular_Function_2023
Histone H4 Acetyltransferase Activity (GO:0010485),7/20,0.018896736943148272,7.000754676297774,56.25147901420992,ING4;BRPF1;ING3;MEAF6;BRPF3;EP300;BRCA2,Ubr5,rmats,1434,GO_Molecular_Function_2023
Histone H4K12 Acetyltransferase Activity (GO:0043997),5/10,0.018896736943148272,12.988803358992302,103.38167979805772,ING4;BRPF1;ING3;MEAF6;BRPF3,Ubr5,rmats,1434,GO_Molecular_Function_2023
Histone H4K5 Acetyltransferase Activity (GO:0043995),5/10,0.018896736943148272,12.988803358992302,103.38167979805772,ING4;BRPF1;ING3;MEAF6;BRPF3,Ubr5,rmats,1434,GO_Molecular_Function_2023
Histone H4K8 Acetyltransferase Activity (GO:0043996),5/10,0.018896736943148272,12.988803358992302,103.38167979805772,ING4;BRPF1;ING3;MEAF6;BRPF3,Ubr5,rmats,1434,GO_Molecular_Function_2023
Nuclear Thyroid Hormone Receptor Binding (GO:0046966),8/27,0.021845962414536957,5.47634162545213,42.28771536917023,MED12;MED22;NCOR1;NCOA6;THRAP3;NSD1;TRIP12;HMGN3,Ubr5,rmats,1434,GO_Molecular_Function_2023
Microtubule Binding (GO:0008017),32/239,0.021845962414536957,2.024326876029413,15.506575753232427,CEP57;MACF1;FMR1;KIF15;SPAST;RACGAP1;NUSAP1;TOGARAM1;KIF21A;MAP4;DLGAP5;CLASP1;ENKD1;GAS2L3;FBXW11;MTUS1;MACO1;HAUS6;TERF1;EML3;EML4;CAMSAP3;CLIP1;KIF18B;PSRC1;ALMS1;TUBGCP3;TUBGCP4;KIF20B;GAPDH;CCDC61;MDM1,Ubr5,rmats,1434,GO_Molecular_Function_2023
DNA Binding (GO:0003677),86/846,0.02724116853961727,1.4947251288458534,11.016734669689587,TOP2A;CCNT1;FBH1;MPG;MCM8;OGG1;FMR1;PRDM5;CHD4;BRCA1;RBPJ;BRCA2;ZMYM4;RUVBL2;SPATA24;SNAPC4;MLX;EP300;TRIM26;POLE;RBM5;KDM6A;JMJD4;RFC1;PARP2;SECISBP2;DDX11;APLP2;ATRX;RAD23A;TERF1;SIRT3;MMS22L;ILF3;MAU2;IRF3;MSH3;THRAP3;MTF2;TIMELESS;KMT2D;GTF3C4;MYRF;DHX9;PNKP;SRRT;DEDD2;SBNO1;TFPT;BCLAF1;HMBOX1;CUX1;RNF138;PCBP2;HSF1;ZSCAN10;IGF2BP1;SAFB2;PMS2;CAMTA1;NHEJ1;DEDD;BPTF;SUZ12;SMAD2;TCF7L2;CENPX;NR1H2;HUWE1;APTX;USF2;PBX1;FANCG;NR2F6;RAD52;CAMSAP3;POLA1;RAD50;TDP2;FUBP1;TAF4B;TCF4;TAF6;TCF3;ERCC6;TARDBP,Ubr5,rmats,1434,GO_Molecular_Function_2023
Histone H4K20 Methyltransferase Activity (GO:0042799),4/7,0.029857355430296585,17.30815850815851,124.02868093490983,KMT5C;NSD1;NSD2;KMT5B,Ubr5,rmats,1434,GO_Molecular_Function_2023
Histone H3 Methyltransferase Activity (GO:0140938),9/36,0.029857355430296585,4.336608187134503,31.02211500153088,KMT2E;KMT2D;SETD5;SUV39H2;SETDB1;EHMT2;NSD1;NSD2;EHMT1,Ubr5,rmats,1434,GO_Molecular_Function_2023
Methylation-Dependent Protein Binding (GO:0140034),13/68,0.03459525276878588,3.0790480455505085,21.39644761937902,KMT2E;SUZ12;FMR1;CDYL;LRWD1;ING1;ING4;MBTD1;ING3;ZZZ3;MTF2;NCAPD3;BPTF,Ubr5,rmats,1434,GO_Molecular_Function_2023
"Phosphotransferase Activity, Alcohol Group As Acceptor (GO:0016773)",14/77,0.03459525276878588,2.8956181533646324,19.87923466248321,PANK4;PANK2;DGKD;MVK;CHKB;CHKA;IPMK;NOL9;DGKZ;PAPSS1;NADK2;PKM;FAM20B;IP6K1,Ubr5,rmats,1434,GO_Molecular_Function_2023
mRNA Binding (GO:0003729),35/282,0.03459525276878588,1.8554751369543891,12.698388027176351,RBM25;DHX9;SHMT2;YTHDC1;CELF1;FMR1;TYMS;FXR1;SCAF8;UNK;DHX33;KHSRP;PCBP2;IGF2BP1;RBM5;NELFE;CHTOP;MYEF2;SECISBP2;PABPC4;CIRBP;UPF3B;THOC2;PUM1;PTBP2;PUM2;PKM;FUBP1;ESRP1;TUT1;HNRNPC;TARDBP;EIF4G3;LUC7L2;EIF4G1,Ubr5,rmats,1434,GO_Molecular_Function_2023
Histone Deacetylase Activity (GO:0004407),6/18,0.03638447796290188,6.496498599439776,43.815786197400286,HDAC5;HDAC3;HDAC10;SUDS3;SIRT2;SIRT3,Ubr5,rmats,1434,GO_Molecular_Function_2023
Single-Stranded DNA Binding (GO:0003697),16/96,0.03709117565640507,2.6073342736248235,17.413776680875504,FBH1;MCM8;DHX9;DDX11;RECQL;RAD23A;BRCA2;RAD52;MMS22L;POLA1;MSH3;RNF138;TDP2;FUBP1;PCBP2;PMS2,Ubr5,rmats,1434,GO_Molecular_Function_2023
Methylated Histone Binding (GO:0035064),13/71,0.04021989399664502,2.9193137421437063,19.070554145434,KMT2E;SUZ12;FMR1;CDYL;LRWD1;ING1;ING4;MBTD1;ING3;ZZZ3;MTF2;NCAPD3;BPTF,Ubr5,rmats,1434,GO_Molecular_Function_2023
DNA Replication Origin Binding (GO:0003688),5/13,0.04021989399664502,8.1166899930021,52.84592132041272,POLA1;DHX9;DDX11;ORC3;CDC6,Ubr5,rmats,1434,GO_Molecular_Function_2023
DNA Repair (GO:0006281),57/291,9.319884848669105e-9,3.2429100795113865,86.39251380438417,FBH1;MPG;OGG1;FMR1;NUDT1;CIB1;BRCA1;BRCA2;HPF1;CHEK2;POLI;KMT5B;POLE;PARP2;KMT5C;USP3;ACTR5;ATRX;RECQL;LIG3;RAD23A;CHD1L;WDR33;MSH3;TIMELESS;ADPRS;PNKP;PRIMPOL;NSD2;PMS2;ATRIP;NHEJ1;MUTYH;ZRANB3;FANCI;UVRAG;CENPX;FANCM;UBE2B;ASCC1;XRCC3;HUWE1;FANCA;FANCE;APTX;FANCG;TICRR;MAD2L2;RAD52;POLA1;RAD50;TDP2;POLE2;PWWP3A;MMS19;ERCC6;RAD9A,Ubr5,rmats,1434,GO_Biological_Process_2023
DNA Metabolic Process (GO:0006259),52/288,9.323980641886575e-7,2.9224410704211534,62.369777796993766,TOP2A;FBH1;MCM8;OGG1;FMR1;NUDT1;BRCA1;HPF1;RUVBL2;POLI;KMT5B;NFRKB;POLE;TOP3B;PARP2;KMT5C;USP3;ACTR5;ATRX;RECQL;LIG3;CHD1L;TERF1;UCHL5;MSH3;TIMELESS;ADPRS;INO80E;PNKP;TYMS;TFPT;ORC6;ORC3;ATRIP;MUTYH;ZRANB3;UVRAG;TCF7L2;UBE2B;XRCC3;FANCA;LTO1;LRWD1;FANCG;TICRR;RAD52;POLA1;RAD50;POLE2;PWWP3A;MMS19;RAD9A,Ubr5,rmats,1434,GO_Biological_Process_2023
Chromatin Remodeling (GO:0006338),42/228,1.535470776513065e-5,2.981553578049685,54.06984500365808,SUV39H2;HDAC5;INO80E;KDM5C;BAZ2A;CHD4;BAZ2B;PRIMPOL;HIRA;CECR2;TFPT;HPF1;RUVBL2;PCGF1;BRD9;SUDS3;BRD7;NFRKB;MTA3;BPTF;KDM6A;PBRM1;CHTOP;KDM4B;SMARCC2;PHC1;BRPF1;SETDB1;PARP2;PCGF2;USP3;ACTR5;ATRX;CHD1L;SIRT2;UCHL5;MTF2;WAC;TRIP12;HNRNPC;BCOR;ERCC6,Ubr5,rmats,1434,GO_Biological_Process_2023
DNA Damage Response (GO:0006974),59/384,1.8630368014526296e-5,2.408322237762238,42.515885234502726,TOP2A;FBH1;MCM8;OGG1;FMR1;NUDT1;CIB1;BRCA1;HPF1;CHEK2;TLK2;POLI;KMT5B;NCOA6;PARP2;KMT5C;DDX11;USP3;ATRX;RECQL;PPP4R3A;CHD1L;ZDHHC16;SPIDR;FOXP1;IRF3;MSH3;WAC;TIMELESS;ADPRS;CEP63;PNKP;HTRA2;BCLAF1;BCL2L11;SUSD6;NAE1;BID;ATRIP;MAP2K6;MUTYH;ZRANB3;UVRAG;UBE2B;XRCC3;FANCA;USP28;FANCG;MAPK12;FBXO31;TICRR;MAD2L2;POLA1;RAD50;POLE2;PWWP3A;MMS19;TRIP12;RAD9A,Ubr5,rmats,1434,GO_Biological_Process_2023
Chromatin Organization (GO:0006325),45/268,4.9587310329753355e-5,2.664868424875786,43.74485427888786,SUV39H2;HDAC5;INO80E;KDM5C;HDAC3;HDAC10;EHMT1;BAZ2A;CHD4;BAZ2B;ING4;HIRA;CECR2;TFPT;RUVBL2;PCGF1;BRD9;SUDS3;BRD7;HMGN2;NFRKB;HMGN3;MTA3;BPTF;KDM6A;PBRM1;CHTOP;KDM4B;SMARCC2;PHC1;BRPF1;DDX11;PCGF2;ACTR5;ATRX;CHD1L;LRWD1;UCHL5;ZZZ3;MTF2;WAC;PWWP3A;HNRNPC;BCOR;ERCC6,Ubr5,rmats,1434,GO_Biological_Process_2023
Regulation Of Multicellular Organismal Development (GO:2000026),18/59,4.9587310329753355e-5,5.7435923935510544,93.44439412888313,INO80E;BRPF1;MEAF6;BRPF3;ACTR5;INSR;EHMT1;UCHL5;BLTP1;BAG6;TFPT;ZZZ3;RACGAP1;RUVBL2;TADA3;TRIP12;NFRKB;KAT14,Ubr5,rmats,1434,GO_Biological_Process_2023
tRNA Modification (GO:0006400),19/67,6.872387186926254e-5,5.180241460541814,81.78988253915398,AARS2;ANKRD16;PUS1;TYW3;THUMPD2;TPRKB;CDKAL1;TRMT1;FTSJ1;OSGEP;TRIT1;GTPBP3;DTWD2;QTRT1;CTU2;QTRT2;PUSL1;DUS3L;TRMT61A,Ubr5,rmats,1434,GO_Biological_Process_2023
Regulation Of Embryonic Development (GO:0045995),18/62,8.636149634230578e-5,5.351117103235747,82.55082698559387,INO80E;ACTR5;INSR;EHMT1;TLE6;UCHL5;BAG6;TFPT;RPS6KA6;ZZZ3;RACGAP1;RUVBL2;TADA3;TRIP12;NFRKB;PHLDB2;CLASP1;KAT14,Ubr5,rmats,1434,GO_Biological_Process_2023
Mitotic Sister Chromatid Segregation (GO:0000070),25/111,8.812879213381145e-5,3.8126990938650205,58.29159212480416,AKAP8L;CHEK2;NUSAP1;PIBF1;CEP55;DLGAP5;CLASP1;DIS3L2;NCAPH2;SPICE1;WAPL;EML3;EML4;TPX2;WRAP73;STAG1;KIF18B;STAG2;PSRC1;ESPL1;CENPI;CHMP2A;NCAPD3;CHMP7;CCDC61,Ubr5,rmats,1434,GO_Biological_Process_2023
Histone Modification (GO:0016570),20/81,2.6720711469828407e-4,4.290815498411668,60.38985659081498,HDAC5;HDAC3;MEAF6;UBE2B;USP3;CHD4;SIRT2;ING4;MBTD1;ING3;MRGBP;RUVBL2;BRMS1L;TADA3;EP300;SUDS3;TBL1X;ATXN7L3;MTA3;KAT14,Ubr5,rmats,1434,GO_Biological_Process_2023
Positive Regulation Of DNA Repair (GO:0045739),21/89,2.910524935889689e-4,4.0428999625327835,56.16972534020044,PBRM1;INO80E;SMARCC2;TMEM161A;HDAC10;DHX9;ACTR5;DDX11;BRCA1;FOXM1;SPIDR;UCHL5;TFPT;FAM168A;RUVBL2;TIMELESS;USP1;ERCC6;BRD7;NFRKB;WRAP53,Ubr5,rmats,1434,GO_Biological_Process_2023
Regulation Of DNA Repair (GO:0006282),26/129,3.753854036502357e-4,3.310059024713151,44.85779912064705,INO80E;TMEM161A;MEAF6;DHX9;BRCA1;MBTD1;TFPT;ING3;RUVBL2;USP1;BRD7;ATXN7L3;NFRKB;ATRIP;PBRM1;SMARCC2;ACTR5;UCHL5;RAD52;MRGBP;TADA3;TAF6;TRIP12;ERCC6;TAF2;WRAP53,Ubr5,rmats,1434,GO_Biological_Process_2023
Regulation Of DNA Metabolic Process (GO:0051052),25/124,5.473916115030337e-4,3.309711737674832,43.339713971572046,INO80E;MEAF6;EHMT2;BAZ2A;BRCA1;SMG5;SMG6;ING4;TFPT;RUVBL2;ORC3;USP1;MPV17;ATXN7L3;NFRKB;ESCO1;ACTR5;NSMCE2;THOC1;YLPM1;ESCO2;UCHL5;TADA3;TAF6;TAF2,Ubr5,rmats,1434,GO_Biological_Process_2023
Positive Regulation Of Double-Strand Break Repair (GO:2000781),19/84,0.0013829836867941684,3.821897254688774,46.02573494402861,PBRM1;SMARCC2;MEAF6;KMT5C;DDX11;PNKP;FOXM1;SPIDR;MBTD1;MAD2L2;ING3;MRGBP;RUVBL2;TIMELESS;KMT5B;MMS19;ERCC6;BRD7;WRAP53,Ubr5,rmats,1434,GO_Biological_Process_2023
DNA-templated DNA Replication Maintenance Of Fidelity (GO:0045005),13/43,0.0013829836867941684,5.652545155993431,67.97058178129919,ZRANB3;CENPX;FANCM;FBH1;MCM8;DDX11;ATRX;THOC1;PRIMPOL;CAMSAP3;MMS22L;TIMELESS;POLE,Ubr5,rmats,1434,GO_Biological_Process_2023
Protein Ubiquitination (GO:0016567),57/434,0.001441816865037666,1.9971394393301087,23.80305693254988,RNF13;RNF14;FBH1;RNF19B;UBE3A;ARRB2;BRCA1;BRCA2;DDA1;RUSC1;TRIM68;TRIM26;ARIH1;TRIM21;RNF44;AREL1;FBXW5;FBXW11;PJA2;TRAF7;BIRC6;RBCK1;CBLL1;TRIM11;MARCHF2;UHRF2;RNF38;UBR1;KLHL13;UBE2J2;RNFT1;UBE2J1;DCAF15;TNKS2;RNF138;ZSWIM8;NAE1;HACE1;UBE2B;SMURF1;SYVN1;FANCA;HUWE1;WWP1;FANCE;FANCG;CHFR;BSPRY;RNF146;UBE2W;UBOX5;ITCH;MDM2;MDM4;TRIP12;RNF141;TRIM33,Ubr5,rmats,1434,GO_Biological_Process_2023
Double-Strand Break Repair (GO:0006302),29/168,0.0017446689822616208,2.736286131237359,31.925043640674364,FBH1;MCM8;PNKP;CIB1;CHD4;BRCA1;BRCA2;RAD54B;MBTD1;HPF1;RNF138;CHEK2;NSD2;ZSWIM7;AP5S1;NHEJ1;PARP2;ACTR5;NSMCE2;XRCC3;RECQL;LIG3;SPIDR;MAD2L2;RAD52;POLA1;MMS22L;RAD50;TDP2,Ubr5,rmats,1434,GO_Biological_Process_2023
Proteasome-Mediated Ubiquitin-Dependent Protein Catabolic Process (GO:0043161),44/319,0.004247687547146098,2.1054388489208633,22.570981646242473,FAF2;RHOBTB3;UBR1;ARRB2;UBE2J2;USP19;UBE2J1;ECPAS;BAG6;FBXL20;AMN1;ERLEC1;SHARPIN;RNF216;PCBP2;ZSWIM8;FBXO3;UBXN7;TBL1X;ANKZF1;FBXW5;UBE2B;FBXW11;SMURF1;EDEM1;FBXL19;FBXO17;SYVN1;WWP1;RAD23A;ARMC8;PPP2R5C;SIRT2;PJA2;FBXO31;FBXL12;SPSB3;UBE2W;ITCH;MDM2;TRIP12;RBCK1;MAN1B1;FAM8A1,Ubr5,rmats,1434,GO_Biological_Process_2023
Positive Regulation Of Cell Cycle Process (GO:0090068),22/118,0.005481017078179939,2.997668791312559,31.209744381843596,PLK4;DDX11;INSR;NCAPH2;CEP120;XRCC3;ATRX;WIZ;CDC7;CDC6;SIRT2;USP19;CDC14B;SPAST;DBF4;RACGAP1;CSPP1;NUSAP1;PKP4;NCAPD3;KIF20B;ECT2,Ubr5,rmats,1434,GO_Biological_Process_2023
tRNA Processing (GO:0008033),13/50,0.006276737920867523,4.581413926241512,46.84259999671465,AARS2;ANKRD16;ZBTB8OS;TRMT1;TSEN2;FTSJ1;TSEN54;OSGEP;TRIT1;FARS2;DTWD2;QTRT1;FAM98A,Ubr5,rmats,1434,GO_Biological_Process_2023
Non-Motile Cilium Assembly (GO:1905515),10/31,0.00630034810433621,6.2015115034777955,63.08140787376503,C2CD3;ARL13B;TMEM216;TOGARAM1;IFT122;CSNK1D;PIBF1;TMEM80;ENKD1;CEP89,Ubr5,rmats,1434,GO_Biological_Process_2023
Positive Regulation Of DNA Recombination (GO:0045911),13/51,0.007159726541534733,4.4606096522093415,44.595185342476036,TFRC;MEAF6;KMT5C;MBTD1;MAD2L2;ING3;MRGBP;RUVBL2;TIMELESS;KMT5B;MMS19;ERCC6;WRAP53,Ubr5,rmats,1434,GO_Biological_Process_2023
Spindle Assembly (GO:0051225),17/81,0.007554955265209857,3.468308927311221,34.33407415108986,HDAC3;SPICE1;HAUS3;CSNK1D;HAUS6;WRAP73;TPX2;STAG1;NCOR1;STAG2;CHEK2;TUBGCP3;CEP63;TUBGCP4;PIBF1;CLASP1;CCDC61,Ubr5,rmats,1434,GO_Biological_Process_2023
Regulation Of DNA Replication (GO:0006275),16/75,0.009616999485916803,3.5393846668738496,33.99928351145829,INO80E;ESCO1;MEAF6;DHX9;BRPF3;EHMT2;ACTR5;ESCO2;CDC6;TERF1;UCHL5;WAPL;TFPT;RUVBL2;ORC3;NFRKB,Ubr5,rmats,1434,GO_Biological_Process_2023
Replication Fork Processing (GO:0031297),12/46,0.009616999485916803,4.599652519235542,44.04010892301203,ZRANB3;MMS22L;RAD50;CENPX;FANCM;FBH1;DDX11;ATRX;THOC1;BRCA1;BRCA2;PRIMPOL,Ubr5,rmats,1434,GO_Biological_Process_2023
Endocytosis (GO:0006897),29/189,0.010871419209082838,2.3744395017793596,22.350205656790887,DENND1C;LMBR1L;RAB5B;LDLRAD3;CLINT1;RABEPK;AP3M1;ATP6V1H;PIP5K1C;INSR;TSC2;CSNK1D;EPS15L1;HSPG2;BLTP1;EPN1;JMJD6;EPN2;GAK;DAB2;NECAP2;BIN3;BIN1;TYRO3;RIN3;PI4KB;OCIAD2;MYD88;PICALM,Ubr5,rmats,1434,GO_Biological_Process_2023
Regulation Of Cell Cycle (GO:0051726),40/298,0.012047508355513896,2.036190539743975,18.880318984886667,CDC123;INO80E;MEAF6;UHRF2;HTRA2;BRCA1;FOXM1;MBTD1;ING4;SDCBP;TFPT;ING3;RUVBL2;E4F1;CCNL2;BRD7;NFRKB;TRIM21;KAT14;DLGAP5;MAP2K6;NEK9;ACTR5;TSC2;TSC1;RAD23A;PUM1;SIRT2;UCHL5;MAPK12;GADD45G;ZZZ3;MRGBP;BIN1;TADA3;MDM2;TAF6;KIF20B;TARDBP;FGFR2,Ubr5,rmats,1434,GO_Biological_Process_2023
Double-Strand Break Repair Via Homologous Recombination (GO:0000724),20/111,0.013482455519613773,2.8715979918243,26.132425575155548,FANCM;FBH1;MCM8;NSMCE2;XRCC3;ATRX;RECQL;LIG3;CDC7;CHD4;BRCA1;BRCA2;SPIDR;RAD54B;MBTD1;RAD52;MMS22L;RNF138;ZSWIM7;AP5S1,Ubr5,rmats,1434,GO_Biological_Process_2023
RNA Processing (GO:0006396),28/183,0.013482455519613773,2.3654751525719266,21.49834426651977,TUT7;PDCD7;CELF1;GEMIN2;FASTKD3;AKAP8L;NOL9;RNPC3;TENT4B;DEDD2;RBM3;KHSRP;EXOSC8;EXOSC2;BCAS2;RBM5;EXOSC1;ZRSR2;RBM39;PABPC4;THOC1;ZCRB1;LSM5;SRPK1;SNRNP48;SNRNP25;HNRNPC;TARDBP,Ubr5,rmats,1434,GO_Biological_Process_2023
Positive Regulation Of Nucleic Acid-Templated Transcription (GO:1903508),64/557,0.01413060192054273,1.7125479338475889,15.415431764193526,PHF20;RNF14;CHD4;BRCA1;FOXM1;BRCA2;ING1;IKBKB;MED12;MED14;ING3;RUVBL2;CHEK2;EP300;NFRKB;ATXN7L3;MAP2K3;SMARCC2;CHUK;NCOA6;FBXW11;ACTR5;TFE3;EDF1;UCHL5;MSL1;JMJD6;MED22;ILF3;CREB1;ELF2;PSRC1;THRAP3;WAC;KMT2E;INO80E;PRKAA1;MEAF6;MYRF;MLLT3;MBTD1;RXRB;TFPT;DEAF1;NSD1;TASP1;TBL1X;MTA3;BRD4;SMAD2;BRPF1;TAF15;NR1H2;MAD2L2;MRGBP;KANSL1;KANSL2;TADA3;MMS19;TCF4;TAF6;TCF3;TAF2;PICALM,Ubr5,rmats,1434,GO_Biological_Process_2023
Protein Autoubiquitination (GO:0051865),15/71,0.01413060192054273,3.494035034732709,31.35804943133519,RNF13;UHRF2;UBE2B;RNF19B;UBE3A;BRCA1;BRCA2;RNFT1;RNF146;ITCH;TRIM68;MDM2;TRIM21;RNF141;TRIM11,Ubr5,rmats,1434,GO_Biological_Process_2023
Positive Regulation Of miRNA-mediated Gene Silencing (GO:2000637),5/9,0.02008223618665659,16.236878936319105,139.49908964533384,FXR1;DHX9;FMR1;PUM1;PUM2,Ubr5,rmats,1434,GO_Biological_Process_2023
Negative Regulation Of Intracellular Steroid Hormone Receptor Signaling Pathway (GO:0033144),9/31,0.022856915771104668,5.323636363636363,44.5546119132693,NCOR2;DAB2;NCOR1;CNOT1;CNOT2;BRCA1;ISL1;STRN3;FOXP1,Ubr5,rmats,1434,GO_Biological_Process_2023
Proteasomal Protein Catabolic Process (GO:0010498),31/220,0.022856915771104668,2.1484083615231158,17.967027833955676,RHOBTB3;ARRB2;BAG6;ERLEC1;SHARPIN;RNF216;DDI2;PCBP2;ZSWIM8;UBXN7;TBL1X;TRIM21;UBXN6;FBXW5;UBE2B;FBXW11;SMURF1;FBXL19;SYVN1;WWP1;RAD23A;ARMC8;PPP2R5C;SIRT2;PJA2;SPSB3;UBE2W;ITCH;MDM2;TRIP12;RBCK1,Ubr5,rmats,1434,GO_Biological_Process_2023
Centromere Complex Assembly (GO:0034508),6/14,0.022856915771104668,9.746848739495798,81.06353196147674,CENPT;CENPF;MIS18A;CENPI;HJURP;DLGAP5,Ubr5,rmats,1434,GO_Biological_Process_2023
Mitotic Recombination (GO:0006312),6/14,0.022856915771104668,9.746848739495798,81.06353196147674,RAD52;RAD50;MSH3;NSMCE2;XRCC3;RAD54B,Ubr5,rmats,1434,GO_Biological_Process_2023
Positive Regulation Of Telomere Maintenance In Response To DNA Damage (GO:1904507),6/14,0.022856915771104668,9.746848739495798,81.06353196147674,TFPT;INO80E;ACTR5;RUVBL2;NFRKB;UCHL5,Ubr5,rmats,1434,GO_Biological_Process_2023
Regulation Of Translation (GO:0006417),29/202,0.02394379895769295,2.1944623866044064,18.06801081080128,DHX9;SHMT2;DDX25;FMR1;NOLC1;MTIF2;TYMS;GIGYF2;FXR1;RBM3;TCOF1;MTG2;IGF2BP1;EIF2B2;NSUN5;CIRBP;UPF3B;TSC1;CNOT10;MIF4GD;ILF3;EIF5;CNOT1;PLXNB2;ZCCHC4;DUS3L;EIF4G3;GAPDH;EIF4G1,Ubr5,rmats,1434,GO_Biological_Process_2023
protein-DNA Complex Organization (GO:0071824),13/60,0.02394379895769295,3.604698519172893,29.622681045621338,SUV39H2;HDAC5;HDAC3;HDAC10;ATRX;EHMT1;LRWD1;ZZZ3;MTF2;PWWP3A;TCF4;HMGN2;HMGN3,Ubr5,rmats,1434,GO_Biological_Process_2023
Histone H4 Acetylation (GO:0043967),10/39,0.027297540748635746,4.48881247578458,36.07523671151385,ING4;MBTD1;ING3;MRGBP;MEAF6;KANSL1;PHF20;KANSL2;RUVBL2;MSL1,Ubr5,rmats,1434,GO_Biological_Process_2023
Internal Peptidyl-Lysine Acetylation (GO:0018393),10/39,0.027297540748635746,4.48881247578458,36.07523671151385,BAG6;MBTD1;ATAT1;ING3;MRGBP;MEAF6;RUVBL2;TADA3;EP300;KAT14,Ubr5,rmats,1434,GO_Biological_Process_2023
Positive Regulation Of Post-Transcriptional Gene Silencing By RNA (GO:1900370),5/10,0.028455001002506905,12.988803358992302,103.38167979805772,FXR1;DHX9;FMR1;PUM1;PUM2,Ubr5,rmats,1434,GO_Biological_Process_2023
Protein Polyubiquitination (GO:0000209),31/226,0.028455001002506905,2.0816236270263353,16.411676940293013,RNF14;RNF19B;UBE3A;BRCA1;UBE2J2;UBE2J1;DDA1;DCAF15;SHARPIN;RNF216;TNKS2;RUSC1;TRIM68;ARIH1;TRIM21;HACE1;AREL1;UBE2B;FBXW11;SMURF1;HUWE1;SYVN1;ZFP91;RNF146;UBE2W;ITCH;UBOX5;TTC3;MDM2;TRIP12;RBCK1,Ubr5,rmats,1434,GO_Biological_Process_2023
DNA Alkylation (GO:0006305),6/15,0.028455001002506905,8.663398692810457,68.16815351766432,KMT2E;MTRR;EHMT2;ATRX;EHMT1;BAZ2A,Ubr5,rmats,1434,GO_Biological_Process_2023
Regulation Of miRNA-mediated Gene Silencing (GO:0060964),6/15,0.028455001002506905,8.663398692810457,68.16815351766432,FXR1;DHX9;FMR1;PUM1;PUM2;EIF4G1,Ubr5,rmats,1434,GO_Biological_Process_2023
Regulation Of Telomere Maintenance In Response To DNA Damage (GO:1904505),6/15,0.028455001002506905,8.663398692810457,68.16815351766432,TFPT;INO80E;ACTR5;RUVBL2;NFRKB;UCHL5,Ubr5,rmats,1434,GO_Biological_Process_2023
Recombinational Repair (GO:0000725),17/95,0.028455001002506905,2.843638600872193,22.347008622303477,FBH1;MCM8;NSMCE2;XRCC3;RECQL;CHD4;LIG3;BRCA1;BRCA2;SPIDR;RAD54B;MBTD1;RAD52;MMS22L;RNF138;ZSWIM7;AP5S1,Ubr5,rmats,1434,GO_Biological_Process_2023
Protein Deacetylation (GO:0006476),10/40,0.029111757164063733,4.3389513108614235,33.907711251844745,HDAC5;HDAC3;HDAC10;BRMS1L;CHD4;SUDS3;TBL1X;MTA3;SIRT2;SIRT3,Ubr5,rmats,1434,GO_Biological_Process_2023
Regulation Of Chromatin Organization (GO:1902275),8/27,0.03129181031608554,5.47634162545213,42.28771536917023,SETD5;KANSL1;PHF20;KANSL2;TLK2;TLK1;MLLT3;MSL1,Ubr5,rmats,1434,GO_Biological_Process_2023
Cellular Response To Nitrogen Compound (GO:1901699),6/16,0.038157744827248014,7.796638655462185,58.169767588061674,DDX11;DDI2;ATRX;HSF1;TIMELESS;SPIDR,Ubr5,rmats,1434,GO_Biological_Process_2023
Regulation Of DNA Strand Elongation (GO:0060382),6/16,0.038157744827248014,7.796638655462185,58.169767588061674,TFPT;INO80E;ACTR5;RUVBL2;NFRKB;UCHL5,Ubr5,rmats,1434,GO_Biological_Process_2023
Golgi To Plasma Membrane Protein Transport (GO:0043001),8/28,0.038157744827248014,5.2022440392706875,38.75554741824083,MACF1;ARFRP1;GGA1;GOLGA4;GCC2;ANK3;PHAF1;BLZF1,Ubr5,rmats,1434,GO_Biological_Process_2023
Post-Transcriptional Gene Silencing (GO:0016441),5/11,0.038157744827248014,10.823419640774434,80.24464053983401,CELF1;DHX9;HELZ;PUM1;GIGYF2,Ubr5,rmats,1434,GO_Biological_Process_2023
Post-Transcriptional Regulation Of Gene Expression (GO:0010608),12/57,0.038157744827248014,3.473230192217534,25.729710764526494,RBM3;TCOF1;CELF1;ZC3H7B;DDX25;YTHDC1;NOLC1;TSC1;PUM1;DUS3L;GIGYF2;PUM2,Ubr5,rmats,1434,GO_Biological_Process_2023
Signal Transduction In Response To DNA Damage (GO:0042770),12/57,0.038157744827248014,3.473230192217534,25.729710764526494,MAD2L2;CHEK2;ATRX;MDM4;CEP63;ERCC6;BID;USP28;ATRIP;MAPK12;MAP2K6;RAD9A,Ubr5,rmats,1434,GO_Biological_Process_2023
Regulation Of Cell Division (GO:0051302),15/83,0.04400027142586558,2.875575177216764,20.695954909804783,UVRAG;CIB1;KLHL13;MLLT3;SIRT2;TLE6;KIF18B;ZZZ3;CSPP1;TADA3;CDK2AP2;BIRC6;ENTR1;KAT14;FGFR2,Ubr5,rmats,1434,GO_Biological_Process_2023
mRNA Transcription (GO:0009299),10/43,0.04400027142586558,3.94386278515492,28.377413444352705,RXRB;TBP;CREB1;TAF13;NR1H2;HSF1;TAF8;TAF4B;TAF6;TAF2,Ubr5,rmats,1434,GO_Biological_Process_2023
Positive Regulation Of Cell Division (GO:0051781),10/43,0.04400027142586558,3.94386278515492,28.377413444352705,SPAST;RACGAP1;CSPP1;PKP4;CDC6;ECT2;KIF20B;SIRT2;FGFR2;CDC14B,Ubr5,rmats,1434,GO_Biological_Process_2023
Regulation Of Chromosome Organization (GO:0033044),10/43,0.04400027142586558,3.94386278515492,28.377413444352705,TFPT;INO80E;RUVBL2;ACTR5;NSMCE2;YLPM1;NFRKB;SMG5;UCHL5;SMG6,Ubr5,rmats,1434,GO_Biological_Process_2023
Positive Regulation Of Double-Strand Break Repair Via Homologous Recombination (GO:1905168),9/36,0.04511343660637802,4.336608187134503,31.02211500153088,MBTD1;ING3;MRGBP;MEAF6;RUVBL2;TIMELESS;MMS19;ERCC6;WRAP53,Ubr5,rmats,1434,GO_Biological_Process_2023
Microtubule Nucleation (GO:0007020),7/23,0.048043447108519724,5.68719341275403,40.23170956872308,TPX2;CSNK1D;SLAIN2;TUBGCP3;SLAIN1;TUBGCP4;CLASP1,Ubr5,rmats,1434,GO_Biological_Process_2023
Protein Modification By Small Protein Conjugation (GO:0032446),43/364,0.04819804367092173,1.7570339812457028,12.395198815641146,MARCHF2;UHRF2;FBH1;RNF14;RNF38;COPS7B;BRCA1;KLHL13;UBR1;ARRB2;DCAF15;RNF138;ZSWIM8;TRIM26;ARIH1;NAE1;TRIM21;ATG7;RANBP2;UBE2F;RNF44;HACE1;AREL1;FBXW5;UBE2B;FBXW11;SMURF1;AKTIP;NSMCE2;SYVN1;WWP1;PJA2;CHFR;BSPRY;TRAF7;ITCH;MDM2;UBA3;MDM4;BIRC6;CBLL1;TRIM11;TRIM33,Ubr5,rmats,1434,GO_Biological_Process_2023
Mitotic Spindle Assembly (GO:0090307),10/44,0.04994503371525972,3.827660277594184,26.80514443001757,TPX2;WRAP73;STAG1;STAG2;RACGAP1;CHEK2;SPICE1;PIBF1;CLASP1;CCDC61,Ubr5,rmats,1434,GO_Biological_Process_2023
Intracellular Membrane-Bounded Organelle (GO:0043231),516/5175,3.414315991827584e-16,1.6778292629207368,69.50328075620763,TFRC;EHMT2;ITSN1;EHMT1;RBPJ;GABPB1;GPATCH8;ANKFY1;NFRKB;HES6;DDX11;MED8;RFX1;ARMC8;ISL1;PRKAB1;SCAMP3;EML3;WDR77;NISCH;BIN1;TYRO3;ADPRS;SRFBP1;MEAF6;SRCAP;SHMT2;SDR39U1;COPS7B;BAZ2A;BAZ2B;RNPC3;MTDH;PRDX5;RNF216;ZSCAN10;PUSL1;ATRIP;NHEJ1;KAT14;PHC2;HACE1;PHC1;TIPARP;NCAPH2;RAB3IP;UPF3B;TMEM192;CDC7;CDC6;PBX1;NR2F6;MLLT10;FIBP;EIF5;TDP2;MMS19;GTF2IRD1;CDIN1;HNRNPC;PKIG;DENND1C;CEP57;SETD5;TCF25;OGG1;SETD6;MED15;CLINT1;ING1;SMG5;SMG6;MED12;ING4;MED14;ING3;GPRASP1;DLGAP5;NELFE;APPL1;TERF1;SIRT2;SIRT3;WDR33;NCOR2;MED22;NCOR1;MTF2;MYRF;DLST;CENPA;WDR24;ECPAS;GGA1;SCAF8;BCLAF1;RNF138;NSD1;NSD2;USP1;PMS2;PCGF1;BRD9;BRD7;SRSF11;NKTR;BRD4;EVC2;PCGF5;NR1H2;PCGF2;YLPM1;TRMT1;RRP1B;SCAF4;RNF146;XAB2;CENPF;SRRD;SNX15;PWWP3A;ZYX;CEP43;EEF1AKMT2;CCNT2;DGKD;CCNT1;PDCD6;FMR1;CTNND1;UBP1;STK19;RPL10A;VIRMA;CDC14B;EDC4;PPP1CC;RUVBL2;KMT5B;KPNA4;HMGN2;HMGN3;TLE3;TLE1;KMT5C;USP3;IPMK;THOC1;CHD1L;CDC25C;FOXP4;VRK3;DGKZ;GTF2F2;THOC7;TLE6;FOXP1;CLIP1;ILF3;DMTF1;MSH3;PKP4;SNRNP25;KMT2E;KMT2D;RAB5B;ANKRD16;ANKRD11;BCL2L12;BAG6;SBNO1;HMBOX1;SAFB2;NAE1;IP6K1;AP1M2;OSBPL9;CHTOP;BRPF1;BRPF3;FANCA;LTO1;LSM5;FANCE;LSM7;DAB2;CNOT6;UBOX5;CNOT2;TADA3;MDM2;MDM4;MYD88;MDM1;EIF4G1;RAD9A;ARHGAP11A;NXT1;RNF13;CELF1;RNF14;MCM8;AKAP8L;CEP164;UFSP2;ARRB2;FOXM1;ATRAID;RESF1;AP1G1;PPP6R3;TRIM68;TLK2;TLK1;BCAS2;ILKAP;RFC1;ACTR6;ACTR5;ATRX;ZFP91;VEZF1;RAD23A;EDF1;PTBP2;MSL1;MMS22L;TRAF7;METTL22;NPEPL1;PKM;ESPL1;TFDP2;SYF2;SLC25A19;CTDSP1;ESRP1;DNAJC5;TMBIM1;BIRC6;GAPDH;HDAC5;PRKAA1;HDAC3;UHRF2;RNF38;LENG8;MLLT3;PRIMPOL;CECR2;GANAB;RSBN1L;ATXN1L;IGF2BP1;POLR2E;E2F6;ASCC1;TPRKB;MCOLN1;PTPN13;RAD52;RAD50;DOLPP1;BCOR;TRMT61A;TRIM33;TNRC6A;PANK4;PANK2;HDAC10;ECI2;NUDT1;PPAN;CHEK2;SPATA24;FAM53C;FAM53A;UBAP2L;CCNL2;ATXN7L3;TRIM21;AGFG1;JMJD4;ESCO1;SLC35C2;NSMCE2;CIRBP;RECQL;MTUS1;CSNK1D;ESCO2;JMJD6;SIK2;KIF20B;TRIB2;CBLL1;BLZF1;DHX9;UBE2J2;OSGEP;GMCL1;UBE2J1;FXR1;DHX30;DGUOK;SPAST;RACGAP1;DHX33;PCBP2;DPH3;SEC31A;CTSA;INTS1;SETDB1;STK11IP;XRCC3;MEMO1;NTAN1;WAPL;PTK2;SRPK1;GADD45G;POLA1;TPX2;STAG1;STAG2;FUBP1;GOLGB1;CUTC;TOP2A;RPAIN;SUV39H2;SLC35F6;FBH1;TECR;OTUD7B;ZBTB8OS;MIA3;BRCA1;BRCA2;N4BP2L2;ZMYM2;XPO6;MLX;CTSH;UBXN7;ARIH1;GABPA;TOP3B;PBRM1;NCOA6;STRADA;PARP2;PABPC4;ACAD9;TFE3;UCHL5;GAK;G2E3;WAC;AKAP8;NOL9;TYMS;RAD54B;RXRB;HIRA;CUX1;EXOSC8;HSF1;APBB2;TBL1X;EXOSC2;APBB3;EXOSC1;SUZ12;RANBP2;MYEF2;HUWE1;APTX;MAD2L2;SEC23IP;ITCH;MIS18A;TTC3;NBR1;TCEA2;TRIP12;TARDBP;CRTC2;GEMIN2;PRDM5;ARID4B;CIB1;KHSRP;EP300;TRAPPC14;FBXW11;PUS1;APLP2;TSC2;LIG3;TSC1;CDYL;CFAP410;MAU2;CCNE2;TIMELESS;ISCU;YTHDC1;ARHGAP19;HTRA2;SDCBP;IRAK1;DEAF1;CAMTA1;TBC1D14;SUDS3;ECT2;ZC3H13;PIBF1;ZC3H14;BPTF;UBE2F;SMAD2;CPSF4;UBE2B;VTA1;ASPSCR1;MACO1;BLTP1;CLK3;AZIN1;CLK2;IFT20;CLK1;UBE2W;DLG1;KIF18B;UBA3;TAF4B;TCF4;MAN2B1;TCF3;FGFR2;PICALM;FGFR1;KDM5C;ABCD3;USP34;CHD4;RABEPK;RBM3;SENP6;HPF1;DBP;SNAPC4;POLE;RBM5;KDM6A;SUN1;TBP;AKTIP;PPP2R5B;PPP2R5C;TRNAU1AP;EPN2;ELF2;CREB1;IRF3;RABEP2;THRAP3;ITGB3BP;LAMA5;VAC14;MVK;DDX25;PNKP;WIZ;MOSPD1;CLCN3;UACA;TFPT;MAPK7;TNKS2;FAM241B;BNIP2;MTA3;SMNDC1;MUTYH;TCF7L2;KDM4B;TAF15;TAF13;B3GAT3;SWT1;LIMK2;LRWD1;USP28;USF2;CHFR;MAPK12;TICRR;WEE1;CLCN4;GNPDA2;KANSL1;POLE2;BRMS1L;TAF8;CDK2AP2;ACIN1;TAF6;RGS12;ERCC6;FAM98A;TAF2,Ubr5,rmats,1434,GO_Cellular_Component_2023
Nucleus (GO:0005634),455/4487,3.624807789776213e-15,1.6753028884349108,64.2796444980464,EHMT2;EHMT1;RBPJ;GABPB1;GPATCH8;NFRKB;HES6;DDX11;MED8;ARMC8;ISL1;PRKAB1;EML3;WDR77;BIN1;TYRO3;ADPRS;SRFBP1;MEAF6;SRCAP;SHMT2;SDR39U1;COPS7B;BAZ2A;BAZ2B;RNPC3;MTDH;PRDX5;RNF216;ZSCAN10;ATRIP;NHEJ1;KAT14;PHC2;HACE1;PHC1;TIPARP;NCAPH2;RAB3IP;UPF3B;TMEM192;CDC7;CDC6;PBX1;NR2F6;MLLT10;FIBP;EIF5;TDP2;MMS19;GTF2IRD1;CDIN1;HNRNPC;PKIG;CEP57;SETD5;TCF25;OGG1;SETD6;MED15;ING1;SMG5;SMG6;MED12;ING4;MED14;ING3;GPRASP1;DLGAP5;NELFE;APPL1;TERF1;SIRT2;SIRT3;WDR33;NCOR2;MED22;NCOR1;MTF2;MYRF;DLST;CENPA;ECPAS;SCAF8;BCLAF1;RNF138;NSD1;NSD2;USP1;PMS2;PCGF1;BRD9;BRD7;SRSF11;NKTR;BRD4;EVC2;PCGF5;NR1H2;PCGF2;YLPM1;TRMT1;RRP1B;SCAF4;RNF146;XAB2;CENPF;SRRD;PWWP3A;ZYX;CEP43;EEF1AKMT2;CCNT2;DGKD;CCNT1;PDCD6;FMR1;CTNND1;UBP1;STK19;RPL10A;VIRMA;CDC14B;EDC4;PPP1CC;RUVBL2;KMT5B;KPNA4;HMGN2;HMGN3;TLE3;TLE1;KMT5C;USP3;IPMK;THOC1;CHD1L;CDC25C;FOXP4;VRK3;DGKZ;GTF2F2;THOC7;TLE6;FOXP1;CLIP1;ILF3;DMTF1;MSH3;PKP4;SNRNP25;KMT2E;KMT2D;ANKRD16;ANKRD11;BCL2L12;BAG6;SBNO1;HMBOX1;SAFB2;NAE1;IP6K1;CHTOP;BRPF1;BRPF3;FANCA;LTO1;LSM5;FANCE;LSM7;CNOT6;UBOX5;CNOT2;TADA3;MDM2;MDM4;MYD88;MDM1;EIF4G1;RAD9A;ARHGAP11A;NXT1;CELF1;RNF14;MCM8;AKAP8L;UFSP2;ARRB2;FOXM1;RESF1;PPP6R3;TRIM68;TLK2;TLK1;BCAS2;ILKAP;RFC1;ACTR6;ACTR5;ATRX;ZFP91;VEZF1;RAD23A;EDF1;PTBP2;MSL1;MMS22L;METTL22;NPEPL1;PKM;ESPL1;TFDP2;SYF2;SLC25A19;CTDSP1;ESRP1;BIRC6;GAPDH;HDAC5;PRKAA1;HDAC3;UHRF2;RNF38;LENG8;MLLT3;PRIMPOL;CECR2;RSBN1L;ATXN1L;IGF2BP1;POLR2E;E2F6;ASCC1;TPRKB;PTPN13;RAD52;RAD50;BCOR;TRMT61A;TRIM33;PANK4;PANK2;HDAC10;NUDT1;PPAN;CHEK2;SPATA24;FAM53C;FAM53A;UBAP2L;CCNL2;ATXN7L3;TRIM21;JMJD4;ESCO1;NSMCE2;CIRBP;RECQL;MTUS1;CSNK1D;ESCO2;JMJD6;SIK2;KIF20B;TRIB2;CBLL1;BLZF1;DHX9;UBE2J2;OSGEP;GMCL1;UBE2J1;FXR1;DHX30;DGUOK;SPAST;RACGAP1;DHX33;PCBP2;DPH3;INTS1;SETDB1;INSR;XRCC3;MEMO1;NTAN1;WAPL;PTK2;SRPK1;GADD45G;POLA1;TPX2;STAG1;STAG2;FUBP1;CUTC;TOP2A;RPAIN;SUV39H2;FBH1;TECR;OTUD7B;ZBTB8OS;BRCA1;BRCA2;N4BP2L2;ZMYM2;XPO6;MLX;UBXN7;ARIH1;GABPA;TOP3B;PBRM1;NCOA6;STRADA;PARP2;PABPC4;ACAD9;TFE3;UCHL5;G2E3;WAC;AKAP8;NOL9;TYMS;RAD54B;RXRB;HIRA;CUX1;EXOSC8;HSF1;APBB2;TBL1X;EXOSC2;APBB3;EXOSC1;SUZ12;RANBP2;MYEF2;HUWE1;APTX;MAD2L2;MIS18A;TTC3;TCEA2;TRIP12;TARDBP;CRTC2;GEMIN2;PRDM5;ARID4B;CIB1;KHSRP;EP300;FBXW11;PUS1;APLP2;TSC2;LIG3;TSC1;CDYL;MAU2;CCNE2;TIMELESS;ISCU;YTHDC1;HTRA2;SDCBP;IRAK1;DEAF1;CAMTA1;SUDS3;ECT2;ZC3H13;PIBF1;ZC3H14;BPTF;UBE2F;SMAD2;UBE2B;ASPSCR1;MACO1;BLTP1;CLK3;AZIN1;CLK2;CLK1;UBE2W;DLG1;KIF18B;UBA3;TAF4B;TCF4;TCF3;FGFR2;PICALM;FGFR1;KDM5C;USP34;CHD4;RBM3;SENP6;HPF1;DBP;SNAPC4;POLE;RBM5;KDM6A;TBP;AKTIP;PPP2R5B;PPP2R5C;TRNAU1AP;ELF2;CREB1;IRF3;THRAP3;ITGB3BP;LAMA5;DDX25;PNKP;WIZ;MOSPD1;UACA;TFPT;MAPK7;TNKS2;MTA3;SMNDC1;MUTYH;TCF7L2;KDM4B;TAF15;TAF13;SWT1;LIMK2;LRWD1;USP28;USF2;CHFR;MAPK12;TICRR;WEE1;GNPDA2;KANSL1;BRMS1L;TAF8;CDK2AP2;ACIN1;TAF6;RGS12;ERCC6;FAM98A;TAF2,Ubr5,rmats,1434,GO_Cellular_Component_2023
Mitotic Spindle (GO:0072686),33/143,1.6248135717073641e-7,3.95203426124197,80.40505103655455,HDAC3;EPB41;CDC14B;TAF1D;RACGAP1;NUSAP1;TRAPPC14;MAP4;TBL1X;ECT2;KAT14;DLGAP5;CLASP1;IQCB1;LIMK2;HAUS3;CDC7;HAUS6;CDC6;WAPL;SIRT2;EML3;EML4;ATAT1;TPX2;WRAP73;KIF18B;ZZZ3;NCOR1;ESPL1;TFDP2;TADA3;PKP4,Ubr5,rmats,1434,GO_Cellular_Component_2023
Spindle (GO:0005819),39/210,2.8891817427732935e-6,3.0074199836508835,51.665622332712275,HDAC3;EPB41;CDC14B;TAF1D;RACGAP1;CSPP1;NUSAP1;TRAPPC14;MAP4;TBL1X;ECT2;KAT14;DLGAP5;CLASP1;IQCB1;LIMK2;SPICE1;HAUS3;CSNK1D;CDC7;CDC6;WAPL;SIRT2;EML3;EML4;ATAT1;MAD2L2;TPX2;WRAP73;CENPF;ZZZ3;NCOR1;PSRC1;ESPL1;TFDP2;TADA3;MMS19;PKP4;TUBGCP3,Ubr5,rmats,1434,GO_Cellular_Component_2023
Intracellular Non-Membrane-Bounded Organelle (GO:0043232),127/1195,2.606051142989542e-4,1.5920081726457078,19.769370514840418,CCNT1;TMEM179B;GEMIN2;FMR1;SPPL2B;PRDM5;HJURP;RBPJ;ZFYVE1;CDC14B;PPP1CC;RPS6KA6;CSPP1;NUSAP1;ESCO1;DIMT1;DDX11;SPICE1;MTUS1;RECQL;CSNK1D;TSC1;ESCO2;CDYL;MIF4GD;EML3;JMJD6;ILF3;SHQ1;BIN1;PKP4;WDFY3;KIF20B;MACF1;INO80E;MEAF6;DHX9;EPB41;HTRA2;NOLC1;BAZ2A;DEDD2;FXR1;SYCE2;SDCBP;DHX33;RACGAP1;IRAK1;CALD1;EPB41L3;CAMTA1;UTP20;ZC3H14;PLK4;UPF3B;CDC6;FANCE;PTK2;WAPL;FANCG;POLA1;TPX2;STAG1;STAG2;ZZZ3;MDM2;TUBGCP3;MMS19;ZCCHC4;EIF4G3;CUTC;TOP2A;FAF2;BRCA1;FOXM1;TENT4B;SMG6;EPB41L4A;XPO6;SH3PXD2B;TRIM68;SPG11;PPP1R12A;NSUN5;ACTR6;PARP2;ZFP91;EDF1;TERF1;ZFX;DDX50;SIRT2;UCHL5;METTL22;TRAF7;PSRC1;TUT1;LDAH;GAPDH;KANK1;PNKP;AKAP8;NOL9;TAF1D;TCOF1;BMS1;ATXN1L;EXOSC8;BNIP2;EXOSC2;EXOSC1;DEDD;SUZ12;TAF15;TAF13;KRR1;LRWD1;RRP1B;APTX;MAD2L2;CENPF;WEE1;SNX15;TTC3;RGS12;ERCC6;TARDBP,Ubr5,rmats,1434,GO_Cellular_Component_2023
Nuclear Lumen (GO:0031981),90/780,2.606051142989542e-4,1.7348602484472049,21.29000683423793,TOP2A;CCNT1;TMEM179B;GEMIN2;FMR1;SPPL2B;PRDM5;HJURP;RBPJ;TENT4B;SMG6;CDC14B;PPP1CC;RPS6KA6;XPO6;TRIM68;NUSAP1;SPG11;PBRM1;PPP1R12A;NSUN5;ACTR6;DIMT1;PARP2;DDX11;MTUS1;ZFP91;EDF1;TERF1;ZFX;DDX50;SPIDR;MIF4GD;SIRT2;UCHL5;JMJD6;METTL22;TRAF7;ILF3;SHQ1;TUT1;WDFY3;KIF20B;INO80E;MEAF6;DHX9;PNKP;AKAP8;NOLC1;BAZ2A;NOL9;DEDD2;FXR1;TAF1D;TCOF1;DHX33;BMS1;ATXN1L;EXOSC8;CAMTA1;BNIP2;UTP20;EXOSC2;ZC3H14;EXOSC1;DEDD;PLK4;SUZ12;TAF15;TAF13;KRR1;INSR;UPF3B;LRWD1;CDC6;RRP1B;APTX;FANCG;MAD2L2;POLA1;WEE1;STAG2;ZZZ3;SNX15;TTC3;MDM2;RGS12;ERCC6;ZCCHC4;CUTC,Ubr5,rmats,1434,GO_Cellular_Component_2023
Nucleolus (GO:0005730),88/771,4.365719315934151e-4,1.7118168033259438,19.86013607231793,TOP2A;CCNT1;TMEM179B;GEMIN2;FMR1;SPPL2B;PRDM5;HJURP;RBPJ;TENT4B;SMG6;CDC14B;PPP1CC;RPS6KA6;XPO6;TRIM68;NUSAP1;SPG11;PPP1R12A;NSUN5;ACTR6;DIMT1;PARP2;DDX11;MTUS1;ZFP91;EDF1;TERF1;ZFX;DDX50;MIF4GD;SIRT2;UCHL5;JMJD6;METTL22;TRAF7;ILF3;SHQ1;TUT1;WDFY3;KIF20B;INO80E;MEAF6;DHX9;PNKP;AKAP8;NOLC1;BAZ2A;NOL9;DEDD2;FXR1;TAF1D;TCOF1;DHX33;BMS1;ATXN1L;EXOSC8;POLR2E;CAMTA1;BNIP2;UTP20;EXOSC2;ZC3H14;EXOSC1;DEDD;PLK4;SUZ12;TAF15;TAF13;KRR1;UPF3B;LRWD1;CDC6;RRP1B;APTX;FANCG;MAD2L2;POLA1;WEE1;STAG2;ZZZ3;SNX15;TTC3;MDM2;RGS12;ERCC6;ZCCHC4;CUTC,Ubr5,rmats,1434,GO_Cellular_Component_2023
INO80-type Complex (GO:0097346),9/25,0.0013988511997935892,7.322368421052632,75.17239163011617,TFPT;INO80E;ING3;SRCAP;ACTR6;RUVBL2;ACTR5;NFRKB;UCHL5,Ubr5,rmats,1434,GO_Cellular_Component_2023
Nuclear Chromosome (GO:0000228),19/95,0.0013988511997935892,3.26678445229682,33.275532963834095,TOP2A;PBRM1;INO80E;SRCAP;ACTR6;ACTR5;NCAPH2;SPIDR;UCHL5;TFPT;RAD50;ING3;RUVBL2;BRMS1L;RGS12;SUDS3;NCAPD3;NFRKB;BRD4,Ubr5,rmats,1434,GO_Cellular_Component_2023
Microtubule Cytoskeleton (GO:0015630),44/342,0.00390944018607963,1.9404953889237604,17.56714367566405,CEP57;MACF1;SHMT2;SLAIN2;KIF15;SPAST;RACGAP1;RUSC1;CSPP1;DBT;MAP7;TCP11L1;TOGARAM1;KIF21A;MAP4;CLASP1;ENKD1;IQCB1;CCT2;RBM39;GAS2L3;MID1IP1;MTUS1;SPICE1;CSNK1D;TUBE1;GTF2F2;SIRT2;EML3;EML4;NISCH;MAD2L2;TPX2;CENPF;CLIP1;DLG1;PSRC1;TBCE;CDK2AP2;MMS19;TUBGCP3;TUBGCP4;KIF20B;GAPDH,Ubr5,rmats,1434,GO_Cellular_Component_2023
Vesicle Coat (GO:0030120),10/37,0.0061362697765284325,4.821837286724927,41.01832813605323,SEC23A;NECAP2;PDCD6;COPG2;CLINT1;SEC24C;EPN1;COPE;SEC31A;EPN2,Ubr5,rmats,1434,GO_Cellular_Component_2023
Ino80 Complex (GO:0031011),6/14,0.006801159710568031,9.746848739495798,81.06353196147674,TFPT;INO80E;ACTR5;RUVBL2;NFRKB;UCHL5,Ubr5,rmats,1434,GO_Cellular_Component_2023
Microbody Membrane (GO:0031903),12/53,0.007120854321652528,3.8129052176597718,30.948631909154823,ABCD4;MAVS;ABCD3;AGPS;PEX5;NBR1;FAR1;MPV17;DECR2;PEX26;RAB8B;DHRS4,Ubr5,rmats,1434,GO_Cellular_Component_2023
Peroxisomal Membrane (GO:0005778),12/53,0.007120854321652528,3.8129052176597718,30.948631909154823,ABCD4;MAVS;ABCD3;AGPS;PEX5;NBR1;FAR1;MPV17;DECR2;PEX26;RAB8B;DHRS4,Ubr5,rmats,1434,GO_Cellular_Component_2023
Histone Acetyltransferase Complex (GO:0000123),8/27,0.009864620391660523,5.47634162545213,42.28771536917023,ING4;BRPF1;MEAF6;KANSL1;PHF20;BRPF3;KANSL2;EP300,Ubr5,rmats,1434,GO_Cellular_Component_2023
Clathrin Coat (GO:0030118),6/16,0.012006279874704266,7.796638655462185,58.169767588061674,NECAP2;EPS15L1;CLINT1;EPN1;EPN2;PICALM,Ubr5,rmats,1434,GO_Cellular_Component_2023
Cytoskeleton (GO:0005856),64/599,0.01732609512941144,1.5744375468995158,11.073757952335164,MTRR;SPPL2B;FOXM1;ING4;EPB41L4A;MPRIP;RUSC1;CFL2;DBT;IQCB1;GAS2L3;PPP1R12A;NCOA5;MTUS1;ANK3;GTF2F2;PJA2;EML3;EML4;NISCH;CLIP1;ILF3;ADAM17;PSRC1;BIN1;PKP4;TLN2;PHLDB2;GAPDH;KANK1;NOTCH3;MACF1;TMEM63B;SHMT2;DHX9;EPB41;HTRA2;SLAIN2;NOL9;LIMA1;SDCBP;ABLIM1;NDOR1;SPAST;CALD1;EPB41L3;MAP7;FLNB;VILL;PDLIM5;APBB3;ENKD1;RBM39;MID1IP1;MYO9B;PTK2;CLK3;TPX2;MYO1B;KANSL2;CROCC;ZYX;HNRNPC;TUBGCP4,Ubr5,rmats,1434,GO_Cellular_Component_2023
Peroxisome (GO:0005777),19/129,0.03923921073157916,2.2529007388371345,13.87527319481092,ABCD4;ABCD3;MVK;ECI2;ECH1;MIEF1;MFF;PEX26;DHRS4;PRDX5;MAVS;AGPS;PEX5;NBR1;NUDT17;FAR1;MPV17;DECR2;RAB8B,Ubr5,rmats,1434,GO_Cellular_Component_2023
RNA Binding (GO:0003723),195/1411,2.208131123037241e-16,2.2092456959668647,94.02761837106362,EIF4A2;TCERG1;TFRC;RPL31;RTCA;NUDT1;GPATCH4;GPATCH8;TIAL1;PSMD4;ALKBH1;LUC7L;SEC63;ABT1;SRRM2;MBNL1;RBFOX2;TYW5;SECISBP2;DDX11;GTPBP1;JMJD6;SRRM1;FAM133B;ZC3H11A;SRFBP1;DUS3L;MACF1;PRKRIP1;TRMT2A;RTF1;GIGYF2;MTDH;DHX30;PCBP3;ERI3;PCBP2;SERPINH1;RBM12;SRPK2;PRPF38B;ZRANB2;LARP7;UPF3B;ERAL1;PUM1;PUM2;TBL2;AGO2;HNRNPC;NOL12;FARSA;TOP2A;FASTKD3;BRCA1;KRI1;ZCCHC17;FARS2;FASTK;PABPC4;PRPF40B;PPRC1;UCHL5;GNL3;DUS2;SLTM;RPUSD3;ARHGEF1;STAU1;AKAP8;UNK;TCOF1;RRP36;FLNB;EXOSC1;TEFM;TRMT10B;MYEF2;YTHDF3;MCRS1;STAT3;ADAT1;ELP1;RSRC2;TRMT1;NOC3L;RRP1B;APTX;TARBP2;SCAF4;KTN1;CCDC9;ZYX;OTUD4;DBR1;FMR1;SPPL2B;CASC3;RPL10A;YARS2;VIRMA;EIF4ENIF1;PPP1CC;CWC22;NUSAP1;FBRSL1;MTPAP;HMGN2;RARS2;DIMT1;PUS1;ALG13;NOSIP;PRPF4B;POLRMT;ILF3;HNRNPUL1;SRSF7;FKBP3;ANKRD17;YTHDC1;RTN4;RCC1L;HNRNPDL;SAFB2;KHDC4;GCN1;MARK2;TIA1;UBE2I;RBPMS;FUS;LSM1;PYM1;HELZ;ANKHD1;CLK3;LSM2;CNOT4;LSM7;CNOT1;EIF4G3;EIF4G1;RBM25;CELF1;AKAP8L;ADAR;MRPL4;MRPL3;SNRNP70;MRPL9;LRRFIP1;METTL16;RBM5;RBM6;EIF5A;RBM18;RBM19;SPATS2;DARS2;TRNAU1AP;DDX50;REXO4;SUPV3L1;DALRD3;PKM;SARS2;NOA1;ESRP1;LUC7L3;RBM47;DDX25;RRBP1;ADD1;TBRG4;MTHFSD;GANAB;FIP1L1;TRA2A;CFAP20;SMNDC1;NOP56;PTCD3;RBM39;KRR1;IMMT;TPD52L2;CDK11B;NAP1L4;TNIP1;ACIN1;R3HDM1;TRIM32;TNRC6A;R3HDM2,Wt1,rmats,1453,GO_Molecular_Function_2023
Ubiquitin-Like Protein Transferase Activity (GO:0019787),45/240,1.1562541549216582e-6,3.007867132867133,58.620091258790424,HDAC4;CUL5;RNF13;UHRF2;RNF14;MGRN1;BRCA1;RMND5B;ZNRF1;RNF115;RNF214;UBE2Q2;ARIH2;MARCHF8;BTRC;FBXO9;ATG5;UBE2F;PIAS3;HACE1;UBE2I;UBE2B;FBXW11;WWP1;TRAF2;TOPORS;PJA2;CHFR;RNF41;RNF146;CNOT4;RNF167;UBE2W;TRAF7;ITCH;RNF103;KCTD10;TTC3;MDM2;RNF181;MDM4;BCOR;FBXL5;CBLL1;TRIM32,Wt1,rmats,1453,GO_Molecular_Function_2023
Ubiquitin-Protein Transferase Activity (GO:0004842),62/412,7.6264472778039315e-6,2.317374961487111,39.85194700736565,RNF10;RNF13;RNF14;LTN1;CBLB;BRCA1;RNF115;UBE2Q2;TRIM24;ARIH2;TRIM26;BTRC;RNF111;FBXO9;RNF44;FBXW11;TRAF2;PEX2;TOPORS;PJA2;RNF41;RNF167;TRAF7;KCTD10;PELI1;CBLL1;RNF121;CUL5;UHRF2;MGRN1;UBR1;UBE2J2;RNFT1;UBE2J1;RMND5B;ZNRF1;RNF214;RNF138;UBR5;MARCHF8;RFFL;HACE1;UBE2B;WWP1;CHFR;BSPRY;RNF146;CNOT4;UBE2W;ITCH;RNF103;TRIM39;RNF149;TTC3;MDM2;RNF181;MDM4;TRIP12;BCOR;FBXL5;TRIM32;TAF1,Wt1,rmats,1453,GO_Molecular_Function_2023
Protein-Lysine N-methyltransferase Activity (GO:0016279),16/54,1.396571311227199e-4,5.423286818298355,75.93562102532867,SETD5;SUV39H2;SETD2;SETDB1;KMT5C;EHMT2;SETD6;EHMT1;METTL22;NSD1;NSD2;KMT5B;KMT5A;JARID2;EEF1AKMT2;EZH2,Wt1,rmats,1453,GO_Molecular_Function_2023
Histone H4 Acetyltransferase Activity (GO:0010485),9/20,5.961397018154751e-4,10.502644170234198,129.4696964271129,ING4;NAA60;BRD1;BRPF1;NAA40;KAT5;BRPF3;JADE1;BRCA2,Wt1,rmats,1453,GO_Molecular_Function_2023
GTPase Binding (GO:0051020),36/225,6.576148197846937e-4,2.467721880565917,29.602239284452903,USP6NL;BECN1;STOML2;GARRE1;MAPKAP1;DOCK7;ARHGAP1;GCC2;CIB1;RASIP1;STRN3;AKAP13;GGA1;AP3M1;GOLGA4;AP1G1;DNM1L;GIT1;PLEKHG3;HACE1;ANKRD27;DAPK3;ARHGEF16;TSC2;MYO9B;GAPVD1;CYRIB;RABGGTB;RNF41;LSM2;IFT20;MYO1C;PEX5;RAB3GAP2;RIN3;ULK1,Wt1,rmats,1453,GO_Molecular_Function_2023
Small GTPase Binding (GO:0031267),33/199,6.576148197846937e-4,2.5732776175123027,30.603286550547505,USP6NL;GARRE1;MAPKAP1;DOCK7;ARHGAP1;GCC2;CIB1;STRN3;AKAP13;GGA1;AP3M1;GOLGA4;AP1G1;DNM1L;GIT1;PLEKHG3;HACE1;ANKRD27;DAPK3;ARHGEF16;TSC2;MYO9B;GAPVD1;CYRIB;RABGGTB;RNF41;LSM2;IFT20;MYO1C;PEX5;RAB3GAP2;RIN3;ULK1,Wt1,rmats,1453,GO_Molecular_Function_2023
RNA Polymerase II-specific DNA-binding Transcription Factor Binding (GO:0061629),36/228,7.040860811526884e-4,2.4287667607621737,28.394502653072728,HDAC4;ATF2;TCERG1;HDAC5;SMARCB1;HDAC3;UHRF2;SETD6;CHD4;RBPJ;HIF1A;ADD1;MTDH;NRIP1;CPNE1;MLX;RBBP8;UBXN7;E4F1;BBS5;GTF2I;TCF7L2;TBP;STAT3;DNMT3A;ARID1A;MAD2L2;NCOR1;CREB1;TADA3;TAF4B;TAF6;TACC2;TCF3;TRIM32;TAF1,Wt1,rmats,1453,GO_Molecular_Function_2023
DNA Binding (GO:0003677),95/846,9.411157515931022e-4,1.6577013662686373,18.594357797013078,TOP2A;APP;SMARCB1;CCNT1;MPG;OGG1;FMR1;CHD4;SMC5;BRCA1;RBPJ;BRCA2;SPATA24;SNAPC4;MLX;DNMT3B;SMARCAD1;TRIM26;GET1;LRRFIP1;YAF2;POLE;RBM5;MEN1;KDM6A;POLG;RBM6;SREBF1;PARP2;SECISBP2;DDX11;DNMT3A;TINF2;RAD23A;POLRMT;ARID1A;REXO4;TOPORS;SIRT3;SUPV3L1;TAF6L;ILF3;MAU2;SLTM;MTF2;RARB;ZMYND11;HDAC4;BLM;KDM3A;GTF3C4;TSG101;GTF3C5;WBP2;PNKP;RTF1;PDS5B;HIF1A;DEDD2;PSMC3IP;TFPT;HMBOX1;RNF138;PCBP2;HSF1;ZSCAN10;SAFB2;RBBP8;PATZ1;DEDD;BPTF;CTC1;TCF7L2;TCF7L1;ATAD5;CENPX;NR1H2;STAT3;MLH1;APTX;USF1;FANCG;NR2F6;CDK9;CAMSAP3;NR4A1;RAD50;TDP2;TAF4B;AUNIP;TCF4;TAF6;TCF3;EZH2;TAF1,Wt1,rmats,1453,GO_Molecular_Function_2023
Cadherin Binding (GO:0045296),45/319,9.411157515931022e-4,2.131420558228268,23.824176350138345,MACF1;PDXDC1;SRC;CTNND1;ARHGAP1;ASAP1;CLINT1;GIGYF2;RTN4;ADD1;SLC9A3R2;PDLIM1;LIMA1;ARVCF;BAIAP2L1;MPRIP;COBLL1;STK38;PACSIN2;FLNB;LRRFIP1;EMD;EPS15;GCN1;MARK2;TMPO;UNC45A;NOP56;IST1;CEMIP2;ARHGEF16;SCRIB;CGN;EPS15L1;GAPVD1;HCFC1;KTN1;EPN2;PPFIBP1;PKM;ABI1;NUMB;PKP4;PHLDB2;CC2D1A,Wt1,rmats,1453,GO_Molecular_Function_2023
Histone H3 Methyltransferase Activity (GO:0140938),11/36,0.0019289288793012534,5.651650485436893,58.577325353775244,SETD5;SUV39H2;SETD2;SETDB1;EHMT2;NSD1;CARM1;NSD2;EHMT1;JARID2;EZH2,Wt1,rmats,1453,GO_Molecular_Function_2023
Protein Serine/Threonine Kinase Activity (GO:0004674),46/342,0.002141350412756292,2.0158522061507136,20.507581576291344,PRKAA1;ROCK1;STK11;MAPK7;IRAK1;FASTK;CHEK1;GRK6;STK38;PHKG2;TLK1;MAP4K5;MAP3K7;MARK3;MARK2;BRD4;MAP4K4;MAP2K6;SRPK2;CHUK;RIPK2;LIMK2;DAPK3;PRKCD;CDC7;PRPF4B;VRK1;OXSR1;PRKAB1;CLK4;CDK11B;CLK3;MAPK12;CLK2;MAPK13;CDK9;CLK1;MELK;STK25;RPS6KB2;CDK10;ULK1;SIK2;CSNK1G2;CAMK1G;TAF1,Wt1,rmats,1453,GO_Molecular_Function_2023
Microtubule Binding (GO:0008017),35/239,0.002912083061152605,2.219381758345087,21.718165449824767,CEP57;MACF1;TUBGCP2;FMR1;SKA1;RACGAP1;OPA1;HAUS8;NUSAP1;KRIT1;CHP1;DNM1L;DLGAP5;CLASP1;CDK5RAP2;MAP4K4;FBXW11;CEP295;KIF23;MACO1;HAUS6;CGN;CAMSAP3;CCDC88A;CLIP1;PSRC1;HOOK2;PRC1;TUBGCP6;TUBGCP3;KIF20B;GAPDH;HDGFL3;CCDC61;MDM1,Wt1,rmats,1453,GO_Molecular_Function_2023
Tubulin Binding (GO:0015631),43/322,0.0038281117708275857,1.9968072396349679,18.84600971428154,CEP57;SETD2;GPAA1;TUBGCP2;FMR1;BRCA1;BRCA2;SKA1;RACGAP1;OPA1;HAUS8;NUSAP1;KRIT1;CHP1;TRAPPC14;DNM1L;EMD;DLGAP5;GIT1;CLASP1;CDK5RAP2;APPL1;MAP4K4;CEP295;KIF23;MACO1;HAUS6;CGN;NISCH;CCDC88A;CLIP1;PSRC1;HOOK2;IFT81;PRC1;TUBGCP6;TUBGCP3;KIF20B;ARHGEF7;GAPDH;HDGFL3;CCDC61;MDM1,Wt1,rmats,1453,GO_Molecular_Function_2023
Acetylation-Dependent Protein Binding (GO:0140033),8/23,0.0058418834535787995,6.839953863898501,60.75150327106165,ZZZ3;CARM1;TRIM24;MLLT1;BRD9;MLLT3;BRD4;TAF1,Wt1,rmats,1453,GO_Molecular_Function_2023
Lysine-Acetylated Histone Binding (GO:0070577),8/23,0.0058418834535787995,6.839953863898501,60.75150327106165,ZZZ3;CARM1;TRIM24;MLLT1;BRD9;MLLT3;BRD4;TAF1,Wt1,rmats,1453,GO_Molecular_Function_2023
Ubiquitin Protein Ligase Activity (GO:0061630),41/311,0.006063138817258435,1.9655781135242891,17.265755380088013,RNF10;RNF13;UHRF2;RNF14;MGRN1;LTN1;CBLB;UBR1;RNFT1;ZNRF1;RNF115;RNF138;UBR5;TRIM24;ARIH2;MARCHF8;TRIM26;RFFL;RNF111;RNF44;HACE1;WWP1;PEX2;TOPORS;PJA2;RNF41;BSPRY;RNF146;RNF167;ITCH;UBOX5;RNF103;TRIM39;RNF149;PELI1;MDM2;RNF181;TRIP12;CBLL1;TRIM32;RNF121,Wt1,rmats,1453,GO_Molecular_Function_2023
DNA-binding Transcription Factor Binding (GO:0140297),38/282,0.006257255069091553,2.0144644615651974,17.51654859295572,HDAC4;ATF2;TCERG1;HDAC5;CRTC2;HDAC3;CCNT1;UHRF2;CRTC1;CHD4;RBPJ;HIF1A;MTDH;KAT5;MLX;RBBP8;UBXN7;E4F1;BBS5;GTF2I;ZBTB17;TCF7L2;RBFOX2;TLE1;TBP;DAPK3;STAT3;DNMT3A;USF1;HCFC1;MAD2L2;CENPF;NCOR1;CREB1;CARM1;TCF3;BCOR;TAF1,Wt1,rmats,1453,GO_Molecular_Function_2023
Kinase Binding (GO:0019900),55/460,0.006463259540387474,1.7623236016178314,15.171716763061525,ATF2;DGKD;TFRC;WWC2;PRKAG2;PTPRK;FOXM1;EIF4ENIF1;PPP1CC;CHP1;SPG11;TNS2;CDK5RAP2;MAP2K3;PARP6;FBXW5;PPP1R12A;STRADA;PRKCD;AP1B1;ADAM10;VRK1;RAD23A;TRAF2;OXSR1;CDC25C;ATG13;PRKAB1;LIME1;ANKRA2;ARHGEF7;BECN1;CAB39;MAPKAP1;PRKRIP1;HIF1A;RACGAP1;IRAK1;RNF138;PDCD10;HSF1;RICTOR;RFFL;MAP2K6;TCF7L2;STAT3;TPRKB;PTK2;USF1;TBL2;DLG3;PRC1;DNAJA3;PTPN6;RAD9A,Wt1,rmats,1453,GO_Molecular_Function_2023
Histone H3K9 Methyltransferase Activity (GO:0046974),5/9,0.006651397654785803,16.00742403314917,136.5263804045366,SETD5;SUV39H2;SETDB1;EHMT2;EHMT1,Wt1,rmats,1453,GO_Molecular_Function_2023
Nuclear Receptor Binding (GO:0016922),20/115,0.007031275902966662,2.7108385058948836,22.83775715133766,TCF7L2;KDM3A;RNF14;WBP2;MED16;ARID1A;HIF1A;FOXP1;MED12;NR4A1;MED22;NCOR1;CNOT1;NSD1;TADA3;NRIP1;MMS19;TRIP12;TACC2;TAF1,Wt1,rmats,1453,GO_Molecular_Function_2023
Ubiquitin-Like Protein Ligase Activity (GO:0061659),41/319,0.007864483210144154,1.90817912242444,15.720068559140001,RNF10;RNF13;UHRF2;RNF14;MGRN1;LTN1;CBLB;UBR1;RNFT1;ZNRF1;RNF115;RNF138;UBR5;TRIM24;ARIH2;MARCHF8;TRIM26;RFFL;RNF111;PIAS3;RNF44;HACE1;WWP1;PEX2;TOPORS;PJA2;RNF41;BSPRY;RNF146;RNF167;ITCH;RNF103;TRIM39;RNF149;PELI1;MDM2;RNF181;TRIP12;CBLL1;TRIM32;RNF121,Wt1,rmats,1453,GO_Molecular_Function_2023
Lysine N-methyltransferase Activity (GO:0016278),8/25,0.007864483210144154,6.034602076124568,49.614383539507415,METTL22;SETD2;EHMT2;SETD6;EHMT1;KMT5A;EEF1AKMT2;EZH2,Wt1,rmats,1453,GO_Molecular_Function_2023
Protein Kinase Binding (GO:0019901),58/511,0.013032513389986802,1.6606961158979958,12.695994835269333,TOP2A;ATF2;TFRC;RNF13;PRKAG2;PTPRK;FOXM1;PPP1CC;SPG11;CDK5RAP2;APPL1;MAP2K3;FBXW5;PPP1R12A;PRKCD;AP1B1;ADAM10;VRK1;TRAF2;OXSR1;CDC25C;ATG13;PRKAB1;LIME1;PJA2;ANKRA2;ARHGEF7;BECN1;HDAC5;MAPKAP1;PRKRIP1;HIF1A;MAPK7;RACGAP1;IRAK1;PRKAR2B;RNF138;PDCD10;STK38;HSF1;RICTOR;RFFL;MAP2K6;TCF7L2;STAT3;TPRKB;PTK2;USF1;MAD2L2;CCDC88A;TBL2;TNIP1;PRC1;DNAJA3;NBR1;PTPN6;TCF3;RAD9A,Wt1,rmats,1453,GO_Molecular_Function_2023
Histone Acetyltransferase Activity (GO:0004402),8/27,0.013032513389986802,5.398798033145146,41.209983774436104,ATF2;NAA60;NAA40;SRCAP;KAT5;BRCA2;KAT14;TAF1,Wt1,rmats,1453,GO_Molecular_Function_2023
Methylated Histone Binding (GO:0035064),14/71,0.01321108534097296,3.155944064469722,23.92315362989295,FMR1;LRWD1;JMJD7;ING4;MBTD1;ZZZ3;MTF2;TRIM24;GET1;NCAPD3;ZMYND11;HDGFL2;BPTF;TAF1,Wt1,rmats,1453,GO_Molecular_Function_2023
Double-Stranded RNA Binding (GO:0003725),13/65,0.01731321335639382,3.2109375,23.350559634625117,MBNL1;TFRC;PRKRIP1;ADAR;APTX;TARBP2;MTDH;DUS2;SUPV3L1;DHX30;ILF3;AGO2;LRRFIP1,Wt1,rmats,1453,GO_Molecular_Function_2023
Histone H4K20 Methyltransferase Activity (GO:0042799),4/7,0.019524820404860435,17.06372210720037,121.41878485449722,KMT5C;NSD1;NSD2;KMT5B,Wt1,rmats,1453,GO_Molecular_Function_2023
GTPase Regulator Activity (GO:0030695),49/424,0.01990086513800966,1.6912212725546059,11.942460204145176,USP6NL;DOCK6;GPSM1;FAM13B;ITSN1;DOCK7;ARHGAP1;RCBTB2;AKAP13;SYDE1;DNM1L;TBC1D22A;TBC1D22B;GIT1;GARNL3;PLEKHG3;UNC45A;STARD8;DENND2A;ARHGEF16;TSC2;RAB3IL1;GAPVD1;ARHGAP45;RNF167;RP2;RIN3;ARHGEF1;ARHGEF7;DEPDC5;NPRL3;ARHGAP17;ASAP1;RASGRP2;RCC1L;ARHGAP21;CYTH2;RACGAP1;CHN1;KRIT1;TBC1D17;ANKRD27;RANBP3;GBF1;MYO9B;ARHGAP28;CCDC88A;RAB3GAP2;RGS12,Wt1,rmats,1453,GO_Molecular_Function_2023
tRNA Binding (GO:0000049),11/51,0.020458293208966846,3.5294209431345354,24.705646215722535,TRMT10B;DALRD3;SARS2;TYW5;ALKBH1;PUS1;ELP1;DARS2;TRNAU1AP;YARS2;FARS2,Wt1,rmats,1453,GO_Molecular_Function_2023
Microtubule Minus-End Binding (GO:0051011),5/12,0.021812480802964256,9.145619573796369,62.88175650862748,CAMSAP3;MACF1;TUBGCP2;TUBGCP6;TUBGCP3,Wt1,rmats,1453,GO_Molecular_Function_2023
Protein Tyrosine Phosphatase Activity (GO:0004725),14/76,0.021812480802964256,2.900647851330449,19.93117048871444,PTPRS;MTMR3;EYA2;PTPRK;PTPN12;CDC25C;PTPN13;PTPN14;PTK2;CDC14B;MTMR7;PTPN6;TNS2;CDKN3,Wt1,rmats,1453,GO_Molecular_Function_2023
Double-Stranded Telomeric DNA Binding (GO:0003691),4/8,0.03055223408209718,12.797101449275363,82.94705528855962,HMBOX1;RAD50;ZBTB48;TERF2,Wt1,rmats,1453,GO_Molecular_Function_2023
U6 snRNA Binding (GO:0017070),5/13,0.03055223408209718,8.00198549723757,51.62490985928712,EIF5A;LSM7;LARP7;METTL16;LSM2,Wt1,rmats,1453,GO_Molecular_Function_2023
"Catalytic Activity, Acting On A tRNA (GO:0140101)",9/39,0.03055223408209718,3.84702216066482,24.792960406567758,DUS2;TYW5;ALKBH1;TARS2;FTSJ1;DUS3L;OSGEP;ANKZF1;TRIT1,Wt1,rmats,1453,GO_Molecular_Function_2023
Transcription Coregulator Binding (GO:0001221),16/99,0.03749246973682662,2.476913918722908,15.386196831706318,ZBTB17;SREBF1;HDAC5;CCNT2;UBE2I;HDAC3;EHMT2;USP11;EHMT1;WIZ;CHD4;HIF1A;CDK9;CNOT2;MTF2;EZH2,Wt1,rmats,1453,GO_Molecular_Function_2023
mRNA Binding (GO:0003729),34/282,0.04575015494567716,1.7679590352133487,10.581919940775045,RBM25;RBM47;YTHDC1;CELF1;FMR1;TIAL1;EIF4ENIF1;UNK;PCBP3;SNRNP70;PCBP2;LUC7L;RBM5;SRRM2;TIA1;RBFOX2;MYEF2;YTHDF3;RBPMS;SECISBP2;PABPC4;LARP7;UPF3B;PUM1;PUM2;GNL3;PKM;ESRP1;AGO2;LUC7L3;HNRNPC;SRSF7;EIF4G3;EIF4G1,Wt1,rmats,1453,GO_Molecular_Function_2023
"Phosphatidylinositol-3,5-Bisphosphate 3-Phosphatase Activity (GO:0052629)",4/9,0.04601240745481552,10.23712905452036,60.94166367369613,MTMR3;MTMR14;MTMR4;MTMR7,Wt1,rmats,1453,GO_Molecular_Function_2023
3'-5' Exonuclease Activity (GO:0008408),9/42,0.04620972859227816,3.4967262654243263,20.621701187382108,PAN2;TATDN1;RAD50;ERI2;ERI3;POLRMT;REXO4;POLG;RAD9A,Wt1,rmats,1453,GO_Molecular_Function_2023
Transcription Corepressor Binding (GO:0001222),9/42,0.04620972859227816,3.4967262654243263,20.621701187382108,HDAC5;HDAC3;EHMT2;USP11;CNOT2;MTF2;EHMT1;WIZ;EZH2,Wt1,rmats,1453,GO_Molecular_Function_2023
Chromatin Remodeling (GO:0006338),49/228,8.053068076357457e-9,3.581276162281749,93.63470155902708,SUV39H2;SETD2;SMARCB1;CHD4;MYSM1;HPF1;KAT5;CHEK1;SMARCAD1;GET1;JARID2;KDM6A;SS18;PBRM1;PARP2;USP3;ACTR5;CHD1L;ARID1A;UCHL5;HCFC1;TAF6L;MTF2;WAC;HDGFL2;HDGFL3;HDAC4;HDAC5;INO80E;BAZ2B;PRIMPOL;CECR2;TFPT;UBR5;BRD9;SUDS3;MTA3;BPTF;SRPK2;KDM4B;PHC1;BRPF1;SETDB1;MCRS1;GATAD2A;CDK9;TRIP12;HNRNPC;BCOR,Wt1,rmats,1453,GO_Biological_Process_2023
DNA Repair (GO:0006281),57/291,8.053068076357457e-9,3.195457718022188,83.4333934998948,SMARCAL1;SETD2;TRRAP;MPG;OGG1;FMR1;NUDT1;CIB1;BRCA1;BRCA2;HPF1;KAT5;ALKBH1;CHEK1;KMT5B;POLE;MEN1;SLC30A9;PARP2;KMT5C;USP3;ACTR5;RECQL;LIG3;RAD23A;CHD1L;REXO4;UBE2V2;RHNO1;BLM;RNASEH2A;TEX264;ABRAXAS1;PNKP;PDS5B;PRIMPOL;NSD2;EP400;RBBP8;ATRIP;CENPX;UBE2B;MGMT;ASCC1;INTS3;XRCC3;FANCA;MLH1;FANCE;APTX;FANCG;MAD2L2;RAD50;TDP2;PWWP3A;MMS19;RAD9A,Wt1,rmats,1453,GO_Biological_Process_2023
DNA Metabolic Process (GO:0006259),56/288,1.1226101484581585e-8,3.164539777355417,80.2917922409182,TOP2A;SMARCAL1;SMARCB1;TRRAP;OGG1;FMR1;NUDT1;BRCA1;HPF1;ALKBH1;CHEK1;SMARCAD1;KMT5B;POLE;MEN1;POLG;PARP2;KMT5C;USP3;ACTR5;RECQL;REV1;LIG3;CHD1L;TERF2;UCHL5;REXO4;SUPV3L1;UBE2V2;RTEL1;BLM;INO80E;RNASEH2A;PNKP;PDS5B;TFPT;ORC6;EP400;RBBP8;ATRIP;CTC1;TCF7L2;UBE2B;MGMT;INTS3;MCRS1;XRCC3;FANCA;DONSON;NOC3L;LRWD1;FANCG;RAD50;PWWP3A;MMS19;RAD9A,Wt1,rmats,1453,GO_Biological_Process_2023
Regulation Of Cell Cycle (GO:0051726),56/298,3.419349251054611e-8,3.0321172287723988,72.68248265389096,TRRAP;JADE1;BRCA1;PTPRK;FOXM1;ING4;STK11;KAT5;CHEK1;CCNL2;DLGAP5;MEN1;ACTR5;DAPK3;TSC2;RAD23A;UCHL5;HCFC1;RNF167;KIF20B;ANKRD17;CDC123;INO80E;ANAPC16;UHRF2;HTRA2;ANAPC10;TBRG4;MBTD1;SDCBP;TFPT;EP400;E4F1;RPRD1B;KAT14;MAP2K6;SRPK2;ZBTB17;MCRS1;GBF1;STAT3;PUM1;CDK11B;MAPK12;GADD45G;CDK9;NR4A1;ZZZ3;TADA3;MDM2;CDK10;TAF6;NF2;TRIM32;FGFR2;CDKN3,Wt1,rmats,1453,GO_Biological_Process_2023
Chromatin Organization (GO:0006325),50/268,3.9406435116331703e-7,2.9963642783811886,63.83228484269622,SUV39H2;SMARCB1;EHMT1;CHD4;MYSM1;ING4;CHEK1;SMARCAD1;GET1;JARID2;HMGN2;KDM6A;SS18;PBRM1;DDX11;ACTR5;CHD1L;ARID1A;UCHL5;HCFC1;TAF6L;MTF2;WAC;HDGFL2;HDGFL3;HDAC4;NAA60;HDAC5;INO80E;HDAC3;BAZ2B;CECR2;TFPT;BRD9;SUDS3;MTA3;BPTF;KDM4B;TCF7L1;PHC1;BRPF1;MCRS1;LRWD1;GATAD2A;NAP1L4;ZZZ3;PWWP3A;HNRNPC;BCOR;EZH2,Wt1,rmats,1453,GO_Biological_Process_2023
Regulation Of RNA Splicing (GO:0043484),26/102,6.685679234552229e-6,4.428189429424999,80.99032446744474,ENY2;TRRAP;YTHDC1;CELF1;SNRNP70;FASTK;CWC22;CCNL2;RBM12;METTL16;SRPK2;RBM39;MBNL1;TIA1;FUS;LARP7;RRP1B;CLK4;CLK3;JMJD6;SRRM1;CLK2;CLK1;TAF6L;ESRP1;TADA3,Wt1,rmats,1453,GO_Biological_Process_2023
DNA Damage Response (GO:0006974),60/384,7.057562251615128e-6,2.422562548190689,43.80340202668957,TOP2A;ATF2;SMARCAL1;TRRAP;OGG1;FMR1;NUDT1;SMC5;CIB1;BRCA1;ALKBH7;STK11;HPF1;KAT5;ALKBH1;CHEK1;KMT5B;MEN1;PARP2;KMT5C;DDX11;USP3;PRKCD;RECQL;PPP4R3A;VRK1;CHD1L;TOPORS;REXO4;FOXP1;WAC;CEP63;HDGFL2;RTEL1;BLM;PNKP;HTRA2;PDS5B;UBR5;EP400;RBBP8;NAE1;BID;ATRIP;MAP2K6;SLF1;UBE2B;MGMT;INTS3;XRCC3;FANCA;FANCG;MAPK12;MAD2L2;RAD50;PWWP3A;MMS19;TRIP12;RAD9A;TAF1,Wt1,rmats,1453,GO_Biological_Process_2023
Protein Modification Process (GO:0036211),92/711,1.750611683952178e-5,1.9578115967661334,33.360034378887875,APP;PTPRS;CCNT1;GPAA1;PDCD6;JADE1;PRKAG2;PLOD2;PTPRK;CDC14B;ING4;PPP1CC;STK11;PPP4R1;PPP4R2;FASTK;CHEK1;TLK1;BTRC;ILKAP;PPP1R12A;COG7;TBP;CHUK;STRADA;FBXW11;DAPK3;PRKCD;ALG5;PPP2R5B;ALG3;ADAM10;PRPF4B;VRK1;PPP4R3A;OXSR1;RABGGTB;JMJD7;ATG13;PRKAB1;ILF3;MELK;CREB1;ULK1;SIK2;CSNK1G2;ATG4D;BECN1;PRKAA1;MTMR3;ROCK1;PPM1M;MTMR4;MTMR7;PORCN;IRAK1;STK38;GRK6;RCE1;MAP4K5;ATG7;MARK3;MARK2;ATG5;ST3GAL3;MAP4K4;B3GALNT2;SRPK2;UBE2F;CDK18;ATE1;UBE2I;TAF13;MCRS1;LIMK2;PTPN12;PTPN13;CDK11B;PTK2;CLK3;CLK2;SSH1;CDK9;STK25;COPS2;MGAT4B;CDK10;TAF4B;PTPN6;TAF6;TAF2;TAF1,Wt1,rmats,1453,GO_Biological_Process_2023
Regulation Of mRNA Processing (GO:0050684),14/35,2.2754284655414104e-5,8.582812138058838,142.98505544405995,SRPK2;RBM39;TIA1;YTHDC1;LARP7;CDK11B;JMJD6;SRRM1;CDK9;SLTM;CWC22;PAPOLA;SAFB2;METTL16,Wt1,rmats,1453,GO_Biological_Process_2023
Histone Modification (GO:0016570),21/81,6.749736563031398e-5,4.5184706703910615,69.47488794199334,HDAC4;HDAC5;ENY2;HDAC3;UBE2B;TRRAP;USP3;JADE1;CHD4;GATAD2A;ING4;MBTD1;TAF6L;KAT5;CARM1;TADA3;EP400;SUDS3;TBL1X;MTA3;KAT14,Wt1,rmats,1453,GO_Biological_Process_2023
Protein Ubiquitination (GO:0016567),62/434,6.749736563031398e-5,2.177689911334771,33.294225201794625,RNF10;RNF13;RNF14;BRCA1;BRCA2;RNF115;TRIM24;ARIH2;TRIM26;BTRC;RNF111;FBXO9;RNF44;FBXW5;ARRDC1;FBXW11;TRAF2;PEX2;TOPORS;PJA2;RNF41;RNF167;TRAF7;KCTD10;UBE2V2;CBLL1;ANAPC16;CUL5;UHRF2;MGRN1;UBR1;UBE2J2;RNFT1;UBE2J1;RNF138;UBR5;ZSWIM8;MARCHF8;MARCHF7;NAE1;HACE1;UBE2B;FANCA;WWP1;FANCE;FANCG;CHFR;BSPRY;RNF146;CNOT4;UBE2W;UBOX5;ITCH;RNF103;TRIM39;MDM2;RNF181;MDM4;TRIP12;FBXL5;TRIM32;TAF1,Wt1,rmats,1453,GO_Biological_Process_2023
Ubiquitin-Dependent Protein Catabolic Process (GO:0006511),55/367,6.749736563031398e-5,2.299358515828473,35.144424463857625,RNF13;RNF14;ZFAND2B;RNF115;KAT5;PSMD4;ARIH2;UBXN7;BTRC;RNF111;FBXO9;FBXW5;ARRDC1;FBXW11;VPS37C;RAD23A;ARMC8;TOPORS;PJA2;RNF167;KCTD10;PELI1;CHMP3;SPOPL;CHMP7;TSG101;BAG6;RMND5B;ZNRF1;PCBP2;ZSWIM8;TBL1X;NAE1;RFFL;ATE1;ZRANB1;HACE1;UBE2I;UBE2B;FBXL19;WWP1;NTAN1;CHFR;RNF146;SPSB3;CNOT4;NSFL1C;UBE2W;ITCH;RNF149;TTC3;MDM2;TRIP12;TRIM32;TAF1,Wt1,rmats,1453,GO_Biological_Process_2023
Regulation Of DNA Repair (GO:0006282),27/129,1.3050336999862873e-4,3.4239130434782608,49.80113805010844,ENY2;INO80E;SMARCB1;TMEM161A;TRRAP;BRCA1;MBTD1;TFPT;KAT5;PPP4R2;UBR5;EP400;USP1;ATRIP;PBRM1;EYA2;ACTR5;MCRS1;ARID1A;UCHL5;CDK9;TAF6L;TADA3;UBE2V2;TAF6;TRIP12;TAF2,Wt1,rmats,1453,GO_Biological_Process_2023
Regulation Of Multicellular Organismal Development (GO:2000026),17/59,1.4797884055692292e-4,5.215960339567582,74.82459968665803,BRD1;INO80E;BRPF1;BRPF3;ACTR5;MCRS1;EHMT1;MYSM1;UCHL5;BLTP1;BAG6;TFPT;ZZZ3;RACGAP1;TADA3;TRIP12;KAT14,Wt1,rmats,1453,GO_Biological_Process_2023
Proteasome-Mediated Ubiquitin-Dependent Protein Catabolic Process (GO:0043161),48/319,2.774601046886494e-4,2.3039697443237777,31.44392321840326,RNF10;ANAPC16;CUL5;ZFAND2B;LTN1;UBR1;UBE2J2;ANAPC10;USP19;UBE2J1;BAG6;RMND5B;ZNRF1;KAT5;PSMD4;PCBP2;ZSWIM8;UBXN7;TBL1X;BTRC;RFFL;ANKZF1;FBXO9;KLHDC10;FBXW5;UBE2B;FBXW11;FBXL19;WWP1;RAD23A;ARMC8;TOPORS;PJA2;TMUB2;FBXL12;SPSB3;NSFL1C;UBE2W;ITCH;RNF103;KCTD10;PELI1;MDM2;SPOPL;TRIP12;FBXL5;RNF121;TAF1,Wt1,rmats,1453,GO_Biological_Process_2023
Protein Phosphorylation (GO:0006468),66/500,3.6414410403918265e-4,1.9859491858235956,26.407328449036864,ATF2;APP;FLT1;CCNT1;PRKAG2;STK11;PPP4R1;FASTK;CHEK1;TLK1;MAP3K7;TBP;CHUK;STRADA;DAPK3;PRKCD;ADAM10;PRPF4B;VRK1;OXSR1;ATG13;PRKAB1;ILF3;MELK;CREB1;ULK1;SIK2;CSNK1G2;CAMK1G;BECN1;PRKAA1;ROCK1;CAB39;SRC;IRAK1;STK38;GRK6;RICTOR;MAP4K5;MARK3;MARK2;MAP4K4;SRPK2;CDK18;TAF13;LIMK2;CDC7;CLK4;CDK11B;PTK2;CLK3;MAPK12;CLK2;MAPK13;CDK9;CLK1;STK25;COPS2;CDK10;TAF4B;PTPN6;ATP13A2;TAF6;FGFR2;TAF2;TAF1,Wt1,rmats,1453,GO_Biological_Process_2023
Positive Regulation Of Double-Strand Break Repair (GO:2000781),20/84,3.6414410403918265e-4,4.030661200279135,53.40900043012614,ACTR2;PBRM1;SLF1;SMARCB1;TRRAP;KMT5C;FUS;MGMT;DDX11;PNKP;FOXM1;ARID1A;MBTD1;MAD2L2;KAT5;UBE2V2;EP400;KMT5B;MMS19;HDGFL2,Wt1,rmats,1453,GO_Biological_Process_2023
Protein Modification By Small Protein Conjugation (GO:0032446),52/364,4.156624572256128e-4,2.16928384487271,28.333444530549414,RNF14;SMC5;BRCA1;RNF115;TRIM24;ARIH2;TRIM26;BTRC;RNF111;FBXO9;PIAS3;RNF44;FBXW5;ARRDC1;FBXW11;AKTIP;TOPORS;PJA2;RNF41;TRAF7;KCTD10;UBE2V2;CBLL1;HDAC4;ANAPC16;CUL5;UHRF2;MGRN1;COPS7B;UBR1;RNF138;ZSWIM8;NAE1;ATG7;UBE2F;SLF1;HACE1;UBE2I;UBE2B;WWP1;CHFR;BSPRY;CNOT4;ITCH;RNF103;TRIM39;COPS2;MDM2;RNF181;MDM4;FBXL5;TRIM32,Wt1,rmats,1453,GO_Biological_Process_2023
Regulation Of DNA Metabolic Process (GO:0051052),25/124,4.8210928736222374e-4,3.2623150270209096,41.949563768641276,ANKRD17;ENY2;INO80E;TRRAP;EHMT2;JADE1;SMC5;BRCA1;ING4;TFPT;USP1;SMARCAD1;SLF1;ESCO1;ACTR5;MCRS1;TERF2;UCHL5;CDK9;CCDC88A;TAF6L;TADA3;UBE2V2;TAF6;TAF2,Wt1,rmats,1453,GO_Biological_Process_2023
Positive Regulation Of DNA-templated Transcription (GO:0045893),133/1243,5.616960060770008e-4,1.5828016653016652,19.982400667205678,ATF2;APP;TCERG1;CRTC2;CCNT2;SMARCB1;CCNT1;CRTC1;TRRAP;UBP1;CCNC;RBPJ;KAT5;NAMPT;BTRC;RNF111;CDK5RAP2;GTF2I;MEN1;MAP2K3;FBXW11;HCFC1;JMJD6;ILF3;BLM;INO80E;ENY2;SHC1;STXBP2;HIF1A;MBTD1;DEAF1;EP400;TASP1;E4F1;RPRD1B;BPTF;ZBTB17;BRPF1;RFXANK;CDK9;MLLT10;NR4A1;DAB2;AGO2;TADA3;TCF4;MMS19;TCF3;OGT;NFE2L1;FGFR2;RNF10;RNF14;AKAP8L;CHD4;BRCA1;MED16;FOXM1;BRCA2;MYSM1;MED12;NCK2;MLX;YAF2;GABPA;EIF5A;SS18;ACTR2;SREBF1;PPP1R12A;CHUK;RIPK2;ACTR6;ACTR5;PEX2;OXSR1;PPRC1;ARID1A;SREBF2;ZFP90;UCHL5;MSL1;GNL3;MED22;TAF6L;CREB1;ELF2;PSRC1;ELF3;TFDP2;WAC;RARB;HDAC4;HDAC5;PRKAA1;KDM3A;HDAC3;WBP2;ZBTB48;MLLT1;MLLT3;RXRB;TFPT;MAPK7;NSD1;HSF1;NRIP1;APBB2;TBL1X;MTA3;E2F8;BRD4;ATF7IP;TCF7L2;PCGF5;MCRS1;NR1H2;IRX3;STAT3;RRP1B;USF1;GATAD2A;VEGFA;MAD2L2;TNIP1;CARM1;KANSL3;NAA16;TAF6;AGRN;TAF2;SSBP4,Wt1,rmats,1453,GO_Biological_Process_2023
Phosphorylation (GO:0016310),58/429,5.616960060770008e-4,2.0369397830140374,25.677580344387973,APP;PANK2;DGKD;CCNT1;PRKAG2;HK2;STK11;PPP4R1;FASTK;CHEK1;TLK1;TBP;CHUK;STRADA;DAPK3;PRKCD;ADAM10;PRPF4B;VRK1;OXSR1;ATG13;PRKAB1;ILF3;MELK;CREB1;ULK1;SIK2;CSNK1G2;BECN1;PRKAA1;ROCK1;MAPKAP1;IRAK1;STK38;GRK6;RICTOR;MAP4K5;MARK3;MARK2;MAP4K4;SRPK2;CDK18;TAF13;LIMK2;STAT3;CDK11B;PTK2;CLK3;CLK2;CDK9;GNPTG;STK25;COPS2;CDK10;TAF4B;TAF6;TAF2;TAF1,Wt1,rmats,1453,GO_Biological_Process_2023
Regulation Of Double-Strand Break Repair (GO:2000779),20/88,6.089860470063599e-4,3.792742498255408,47.32813506931017,ACTR2;SETD2;PBRM1;RTEL1;SLF1;SMARCB1;TRRAP;MGMT;DDX11;FOXM1;ARID1A;MBTD1;KAT5;PPP4R2;CHEK1;UBR5;UBE2V2;EP400;TRIP12;ATRIP,Wt1,rmats,1453,GO_Biological_Process_2023
Regulation Of Embryonic Development (GO:0045995),16/62,9.450708464027957e-4,4.478170100753381,53.71425578890223,INO80E;ACTR5;MCRS1;RBM19;EHMT1;TLE6;UCHL5;BAG6;TFPT;ZZZ3;RACGAP1;TADA3;TRIP12;PHLDB2;CLASP1;KAT14,Wt1,rmats,1453,GO_Biological_Process_2023
Regulation Of RNA Metabolic Process (GO:0051252),20/91,9.620111656723993e-4,3.6318960518168324,43.34436516191385,MBNL1;ENY2;CELF1;TRRAP;FUS;RRP1B;CLK4;CLK3;TARBP2;CLK2;CLK1;TAF6L;PCBP3;SNRNP70;FASTK;ESRP1;PCBP2;TADA3;CCNL2;RBM12,Wt1,rmats,1453,GO_Biological_Process_2023
Positive Regulation Of Nucleic Acid-Templated Transcription (GO:1903508),69/557,0.0012816590769804512,1.8449596678669573,21.41381256575988,RNF10;TRRAP;RNF14;CHD4;BRCA1;MED16;FOXM1;BRCA2;MED12;KAT5;BTRC;YAF2;RNF111;CDK5RAP2;MAP2K3;CHUK;FBXW11;ACTR5;ARID1A;ZFP90;UCHL5;HCFC1;MSL1;JMJD6;MED22;TAF6L;ILF3;CREB1;ELF2;PSRC1;WAC;HDAC4;BLM;ENY2;INO80E;PRKAA1;KDM3A;SHC1;WBP2;ZBTB48;MLLT1;MLLT3;HIF1A;MBTD1;RXRB;TFPT;DEAF1;NSD1;EP400;TASP1;TBL1X;MTA3;BRD4;ATF7IP;BRPF1;MCRS1;NR1H2;STAT3;GATAD2A;MAD2L2;KANSL3;TADA3;MMS19;TCF4;NAA16;TAF6;TCF3;OGT;TAF2,Wt1,rmats,1453,GO_Biological_Process_2023
Histone H4 Acetylation (GO:0043967),12/39,0.0017263438776612006,5.712082658647544,64.3728014576083,ING4;MBTD1;NAA40;KAT5;TRRAP;MCRS1;KANSL3;JADE1;EP400;OGT;HCFC1;MSL1,Wt1,rmats,1453,GO_Biological_Process_2023
Replication Fork Processing (GO:0031297),13/46,0.002044006222089683,5.064856902356903,56.032202113166726,SMARCAL1;BLM;RTEL1;CENPX;DDX11;DONSON;BRCA1;BRCA2;PRIMPOL;CDK9;RAD50;CARM1;RBBP8,Wt1,rmats,1453,GO_Biological_Process_2023
Establishment Of Mitotic Spindle Localization (GO:0040001),11/34,0.0021598682413948235,6.143761683651933,67.40588618013092,GPSM1;NSFL1C;HDAC3;KAT5;ESPL1;SAPCD2;FBXW11;NUSAP1;CENPA;CLASP1;CDK5RAP2,Wt1,rmats,1453,GO_Biological_Process_2023
Proteasomal Protein Catabolic Process (GO:0010498),34/220,0.0028330359815933715,2.3652655588139457,25.225658098023857,ZFAND2B;BAG6;RMND5B;ZNRF1;KAT5;PSMD4;DDI2;PCBP2;ZSWIM8;UBXN7;TBL1X;BTRC;RFFL;FBXO9;ATE1;FBXW5;UBE2B;FBXW11;FBXL19;WWP1;RAD23A;ARMC8;TOPORS;PJA2;RNF41;SPSB3;NSFL1C;UBE2W;ITCH;KCTD10;PELI1;MDM2;SPOPL;TRIP12,Wt1,rmats,1453,GO_Biological_Process_2023
Regulation Of Cellular Response To Stress (GO:0080135),21/107,0.0028943489868692614,3.1479878524100298,33.3993006030109,ENY2;INO80E;TRRAP;ABRAXAS1;ACTR5;MCRS1;BRCA1;BRCA2;UCHL5;USP19;CDK9;TAF6L;TFPT;TADA3;HSF1;UBE2V2;USP1;TAF6;KMT5A;TAF2;EIF4G1,Wt1,rmats,1453,GO_Biological_Process_2023
Glycerophospholipid Biosynthetic Process (GO:0046474),21/108,0.0031569222075857038,3.1116355230206127,32.55828811764894,PI4K2B;VAC14;DGKD;PCYT2;MTMR3;CHKA;TAMM41;SLC44A2;MTMR14;INPPL1;MBOAT2;HDHD5;MTMR4;PIK3C2A;SELENOI;MTMR7;PTDSS1;ACP6;FAR1;PIP5K1C;PI4KB,Wt1,rmats,1453,GO_Biological_Process_2023
Regulation Of Organelle Organization (GO:0033043),20/100,0.0031569222075857038,3.2217376133984645,33.69407228038056,USP6NL;SLC30A9;INO80E;ACTR5;MCRS1;RBSN;PTK2;UCHL5;CAMSAP3;SYDE1;TFPT;RHOT1;PDCD10;TMEM33;AKAP9;ATP13A2;NF2;DNM1L;MARK2;ATG5,Wt1,rmats,1453,GO_Biological_Process_2023
Double-Strand Break Repair (GO:0006302),28/168,0.0032112654217560676,2.583438596491228,26.89492569972284,SMARCAL1;BLM;PNKP;CIB1;SMC5;CHD4;BRCA1;BRCA2;MBTD1;HPF1;KAT5;RNF138;NSD2;RBBP8;SMARCAD1;AP5S1;SLF1;PARP2;INTS3;ACTR5;XRCC3;RECQL;LIG3;MAD2L2;RAD50;TDP2;UBE2V2;AUNIP,Wt1,rmats,1453,GO_Biological_Process_2023
tRNA Aminoacylation For Mitochondrial Protein Translation (GO:0070127),5/7,0.0038594412851859486,32.01830110497237,326.48435561951925,SARS2;DARS2;TARS2;YARS2;EARS2,Wt1,rmats,1453,GO_Biological_Process_2023
Protein Autoubiquitination (GO:0051865),16/71,0.0039043829942529504,3.743556652116151,38.020458270289346,RNF10;RNF13;UHRF2;UBE2B;TRAF2;BRCA1;BRCA2;RNF41;RNFT1;CNOT4;RNF146;RNF115;ITCH;MDM2;MARCHF7;RNF181,Wt1,rmats,1453,GO_Biological_Process_2023
RNA Metabolic Process (GO:0016070),21/111,0.004274897271761775,3.007425512104283,30.186758114847066,RBM39;RBFOX2;RNASEH2A;RNGTT;RBPMS;PABPC4;ADAR;NOL9;DEDD2;TBRG4;SUPV3L1;HNRNPUL1;PCBP3;ALKBH1;PCBP2;AGO2;PAPOLA;RBM5;EXOSC1;SIDT2;RBM6,Wt1,rmats,1453,GO_Biological_Process_2023
Selective Autophagy (GO:0061912),14/58,0.004970190599454663,4.091256554425422,40.33697203673188,BECN1;RETREG3;TAFAZZIN;TEX264;PEX2;ATG13;PEX5;ULK1;WDFY3;USP30;SNX7;OGT;ATG4D;ATG5,Wt1,rmats,1453,GO_Biological_Process_2023
DNA Repair-Dependent Chromatin Remodeling (GO:0140861),7/16,0.006215077571096463,9.971261718149686,95.81508081766265,HPF1;KAT5;PARP2;USP3;UBR5;TRIP12;HDGFL2,Wt1,rmats,1453,GO_Biological_Process_2023
tRNA Modification (GO:0006400),15/67,0.006574011365334539,3.7100807745800792,35.345945349791606,PUS3;OSGEPL1;TYW5;PUS1;TPRKB;TRMT1;FTSJ1;OSGEP;TRIT1;DUS2;CTU2;ALKBH1;TYW1;DUS3L;TRMT61A,Wt1,rmats,1453,GO_Biological_Process_2023
Mitotic G2/M Transition Checkpoint (GO:0044818),12/46,0.006939882347135351,4.534351145038168,42.83838737070386,RINT1;BLM;RAD50;TRIM39;INTS3;CHEK1;RBBP8;DONSON;BRCA1;NAE1;CHFR;CDC14B,Wt1,rmats,1453,GO_Biological_Process_2023
Telomere Maintenance (GO:0000723),15/68,0.0074904674491842165,3.639882436297793,34.02010347777963,CTC1;BLM;INO80E;RTEL1;ACTR5;MCRS1;TINF2;ZBTB48;XRCC3;SMC5;TERF2;UCHL5;MAD2L2;TFPT;RAD50,Wt1,rmats,1453,GO_Biological_Process_2023
Protein K48-linked Ubiquitination (GO:0070936),15/70,0.010365728240537067,3.5071437602731064,31.555570857037544,HACE1;UBE2B;TOPORS;RNF146;ZNRF1;RNF115;ITCH;UBE2Q2;UBR5;TTC3;ARIH2;PELI1;RFFL;TRIM32;FBXO9,Wt1,rmats,1453,GO_Biological_Process_2023
"Regulation Of mRNA Splicing, Via Spliceosome (GO:0048024)",18/94,0.010453311632280887,3.0485787639831288,27.332241644043858,SRPK2;RBM39;RBM25;RBM47;TIA1;RBFOX2;CELF1;SFSWAP;YTHDC1;FMR1;LARP7;JMJD6;SRRM1;CWC22;TRA2A;METTL16;SRSF7;RBM5,Wt1,rmats,1453,GO_Biological_Process_2023
RNA Processing (GO:0006396),28/183,0.011280810989214534,2.33152688172043,20.672237453380724,TCERG1;PDCD7;CELF1;FASTKD3;AKAP8L;ADAR;NOL9;DEDD2;TBRG4;ARVCF;FASTK;RBM5;EXOSC1;RBM6;SRPK2;RBM39;MBNL1;RNGTT;RBPMS;FUS;PABPC4;LSM1;PRPF4B;SRRM1;HNRNPUL1;LUC7L3;HNRNPC;SRSF7,Wt1,rmats,1453,GO_Biological_Process_2023
Organelle Assembly (GO:0070925),42/322,0.012686194987976459,1.9419206236711553,16.946190776934106,BECN1;TSG101;FMR1;CEP164;SNX10;ASAP1;CDC14B;AP3M1;AP1G1;WDR90;TCTN2;POC1B;TRAPPC14;IFT57;ATG7;BBS5;CFAP20;ATG5;RAB8B;IQCB1;ACTR2;YTHDF3;IST1;GBF1;AP1B1;VPS37C;IFT122;BBIP1;STAM;ATG13;WDR35;ATAT1;IFT20;NSFL1C;IFT22;IFT81;RP2;CHMP3;ULK1;CEP20;CHMP7;SSX2IP,Wt1,rmats,1453,GO_Biological_Process_2023
Histone H3 Acetylation (GO:0043966),10/36,0.013429430155822838,4.936563782717629,42.6894163341228,NAA60;TAF6L;ENY2;ZZZ3;TRRAP;TADA3;TAF6;MAP3K7;KAT14;TAF2,Wt1,rmats,1453,GO_Biological_Process_2023
Positive Regulation Of DNA Repair (GO:0045739),17/89,0.015045121133150834,3.0377108480346644,25.858471227412263,PBRM1;INO80E;SLF1;SMARCB1;TMEM161A;EYA2;MGMT;ACTR5;DDX11;MCRS1;BRCA1;FOXM1;ARID1A;UCHL5;TFPT;UBE2V2;USP1,Wt1,rmats,1453,GO_Biological_Process_2023
Protein Polyubiquitination (GO:0000209),32/226,0.015844443177102284,2.1304004004730226,17.979871138473843,RNF14;BRCA1;UBE2J2;ANAPC10;UBE2J1;ZNRF1;RNF115;UBE2Q2;UBR5;ARIH2;MARCHF8;BTRC;RFFL;FBXO9;HACE1;UBE2B;FBXW11;TRAF2;TOPORS;RNF41;RNF146;RNF167;UBE2W;ITCH;UBOX5;TTC3;PELI1;UBE2V2;MDM2;TRIP12;TRIM32;TAF1,Wt1,rmats,1453,GO_Biological_Process_2023
Positive Regulation Of DNA Recombination (GO:0045911),12/51,0.01632342895504736,3.9519564405060588,33.11715512947372,MBTD1;MAD2L2;ACTR2;TFRC;KAT5;TRRAP;KMT5C;FUS;EP400;KMT5B;MMS19;HDGFL2,Wt1,rmats,1453,GO_Biological_Process_2023
Vesicle-Mediated Transport (GO:0016192),50/411,0.01632342895504736,1.7953218568046707,15.018338061952853,USP6NL;WASHC4;APP;ITSN1;ARHGAP1;INPPL1;MIA2;MIA3;PIK3C2A;CLINT1;GOLGA4;AP1G1;CPNE1;GPRASP1;AP5S1;WASHC3;STX8;AKTIP;AP1B1;TSC2;SCRIB;RAB3IL1;EPS15L1;RBSN;EPN1;EPN2;BIN3;DNAJC5;EXOC4;CHMP3;RIN3;CHMP7;CSNK1G2;BECN1;TSG101;MGRN1;GOSR2;STXBP2;AP3M1;CECR2;CYTH2;AP5M1;AP4S1;ATP9B;EPS15;BLTP1;SNX16;HOOK2;RAB13;VPS45,Wt1,rmats,1453,GO_Biological_Process_2023
Positive Regulation Of Autophagy (GO:0010508),19/107,0.01632342895504736,2.7792649296310383,23.2048064751487,GPSM1;BECN1;SETD2;PRKAA1;ROCK1;NPRL3;TSC2;PIK3C2A;ATG13;WDR24;MTDH;STK11;KAT5;SESN2;WAC;ULK1;DEPDC5;MAP3K7;TRIM32,Wt1,rmats,1453,GO_Biological_Process_2023
Endosomal Transport (GO:0016197),27/180,0.0173263236252826,2.276297335203366,18.825472362865824,WASHC4;VPS29;TMEM87B;ITSN1;ARHGAP1;GCC2;ARFRP1;GGA1;AP5M1;VPS50;VPS53;ENTR1;RAB6A;SNX7;TBC1D17;AP5S1;EPS15;PLEKHJ1;WASHC3;ANKRD27;DENND2A;GBF1;EPS15L1;RBSN;BLTP1;RAB13;CHMP3,Wt1,rmats,1453,GO_Biological_Process_2023
Regulation Of Hippo Signaling (GO:0035330),8/25,0.017845402943156168,6.034602076124568,49.614383539507415,TIAL1;MAP2K3;SRC;DLG5;WWC2;ARRDC3;NF2;MARK3,Wt1,rmats,1453,GO_Biological_Process_2023
Positive Regulation Of Telomere Maintenance (GO:0032206),12/52,0.018165875299428515,3.8529493407356004,31.537001120316148,TFPT;INO80E;RTEL1;RAD50;TNIP1;ACTR5;PNKP;MCRS1;TINF2;TERF2;UCHL5;GNL3,Wt1,rmats,1453,GO_Biological_Process_2023
Histone Acetylation (GO:0016573),13/60,0.01962629839286744,3.553486997635934,28.745875534449755,NAA60;ENY2;NAA40;TRRAP;MBTD1;TAF6L;KAT5;TADA3;EP400;TAF6;MAP3K7;KAT14;TAF2,Wt1,rmats,1453,GO_Biological_Process_2023
Positive Regulation Of Cellular Catabolic Process (GO:0031331),23/146,0.021940889449715114,2.4091875604070725,19.17709378684433,APP;BECN1;SETD2;PRKAA1;ROCK1;PRKCD;NPRL3;PIK3C2A;ATG13;GTPBP1;HIF1A;MTDH;SUPV3L1;STK11;ITCH;KAT5;CNOT1;PHKG2;ZSWIM8;PACSIN3;ULK1;DEPDC5;TRIM32,Wt1,rmats,1453,GO_Biological_Process_2023
Regulation Of Telomere Maintenance In Response To DNA Damage (GO:1904505),6/15,0.0253684901762423,8.54088919603778,66.5944087619247,TFPT;INO80E;RTEL1;ACTR5;MCRS1;UCHL5,Wt1,rmats,1453,GO_Biological_Process_2023
Protein Monoubiquitination (GO:0006513),11/47,0.026450119257388834,3.922426413931268,30.351671807158045,RNF10;UBE2W;ITCH;MGRN1;FANCA;WAC;MARCHF7;PEX2;FANCE;FANCG;TOPORS,Wt1,rmats,1453,GO_Biological_Process_2023
Recombinational Repair (GO:0000725),17/95,0.026820630196089018,2.8031301335618886,21.603663945582788,BLM;SLF1;INTS3;XRCC3;RECQL;CHD4;SMC5;LIG3;BRCA1;BRCA2;MBTD1;KAT5;RNF138;RBBP8;AUNIP;AP5S1;RHNO1,Wt1,rmats,1453,GO_Biological_Process_2023
Regulation Of Chromatin Organization (GO:1902275),8/27,0.028393644514217158,5.398798033145146,41.209983774436104,SETD5;MCRS1;KANSL3;TLK1;MLLT3;OGT;HCFC1;MSL1,Wt1,rmats,1453,GO_Biological_Process_2023
Regulation Of Double-Strand Break Repair Via Homologous Recombination (GO:0010569),14/71,0.029443281664847398,3.155944064469722,23.92315362989295,ACTR2;SETD2;RTEL1;TRRAP;FUS;MBTD1;MAD2L2;KAT5;PPP4R2;CHEK1;EP400;MMS19;KMT5A;HDGFL2,Wt1,rmats,1453,GO_Biological_Process_2023
Protein Dephosphorylation (GO:0006470),20/124,0.03444251585840222,2.475038917816308,18.333260001564753,MTMR3;PTPRS;PPP1R12A;FBXW11;PPM1M;PPP2R5B;PPP4R3A;PTPRK;PTPN12;MTMR4;PTPN13;CDC14B;MTMR7;SSH1;PPP1CC;STK11;PPP4R1;PTPN6;TNS2;ILKAP,Wt1,rmats,1453,GO_Biological_Process_2023
Post-Transcriptional Gene Silencing (GO:0016441),5/11,0.035638835649120765,10.670465009208103,78.46080138271432,CELF1;HELZ;PUM1;GIGYF2;TARBP2,Wt1,rmats,1453,GO_Biological_Process_2023
Spindle Assembly (GO:0051225),15/81,0.035638835649120765,2.920881274497408,21.401056158271285,HDAC3;ABRAXAS1;TUBGCP2;HAUS6;HAUS5;HAUS2;MZT1;STAG1;NCOR1;HAUS8;TUBGCP6;TUBGCP3;CEP63;CLASP1;CCDC61,Wt1,rmats,1453,GO_Biological_Process_2023
Negative Regulation Of Translation (GO:0017148),18/107,0.035638835649120765,2.6014485377598557,19.011047271014817,TIA1;ROCK1;YTHDF3;CELF1;FMR1;DAPK3;CNOT10;PUM1;GIGYF2;EIF4ENIF1;ILF3;UNK;CNOT1;AGO2;METTL16;GAPDH;TNRC6A;EIF4G1,Wt1,rmats,1453,GO_Biological_Process_2023
Signal Transduction In Response To DNA Damage (GO:0042770),12/57,0.035638835649120765,3.423918575063613,24.962939560857837,MAD2L2;CHEK1;SESN2;DONSON;MDM4;CEP63;BID;ATRIP;MAPK12;RHNO1;MAP2K6;RAD9A,Wt1,rmats,1453,GO_Biological_Process_2023
Regulation Of Autophagy (GO:0010506),32/241,0.035638835649120765,1.9758846287236227,14.40528701185299,VPS29;BECN1;SETD2;PRKAA1;MTMR3;ROCK1;NPRL3;HTRA2;MTMR4;PIK3C2A;WDR24;RASIP1;MTDH;STK11;KAT5;DNM1L;ATP6V0A1;SREBF1;DAPK3;STAT3;ATG13;SREBF2;RMC1;EXOC4;WAC;ULK1;ATP13A2;DEPDC5;EIF4G3;GAPDH;TRIM32;EIF4G1,Wt1,rmats,1453,GO_Biological_Process_2023
Establishment Of Spindle Orientation (GO:0051294),9/35,0.035638835649120765,4.439830598764117,32.325269011039474,GPSM1;NSFL1C;HDAC3;KAT5;SAPCD2;FBXW11;CENPA;CLASP1;CDK5RAP2,Wt1,rmats,1453,GO_Biological_Process_2023
Non-Membrane-Bounded Organelle Assembly (GO:0140694),21/135,0.037390978370044445,2.371195971773008,17.1156516571497,CENPT;TIA1;HDAC3;YTHDF3;TUBGCP2;FMR1;HAUS6;HAUS5;CENPA;HAUS2;BSCL2;EIF4ENIF1;CENPF;NCOR1;HAUS8;SH3PXD2B;TUBGCP6;TUBGCP3;CEP63;DLGAP5;CCDC61,Wt1,rmats,1453,GO_Biological_Process_2023
Positive Regulation Of DNA Metabolic Process (GO:0051054),18/108,0.03773982821659216,2.572404181184669,18.507100622515843,OTUD4;CTC1;INO80E;RTEL1;TMEM161A;ATAD5;BRPF3;ABRAXAS1;EYA2;ACTR5;MCRS1;TINF2;BRCA1;TERF2;UCHL5;GNL3;TFPT;RAD50,Wt1,rmats,1453,GO_Biological_Process_2023
Regulation Of mRNA Stability (GO:0043488),14/74,0.03898146487580092,2.9976604123233725,21.420065270833444,ROCK1;YTHDF3;CELF1;FUS;FASTKD3;FMR1;PRKCD;PUM1;GIGYF2;TBRG4;PUM2;EIF4ENIF1;FASTK;METTL16,Wt1,rmats,1453,GO_Biological_Process_2023
Establishment Of Mitotic Spindle Orientation (GO:0000132),8/29,0.03898146487580092,4.884099522161806,34.69814797166227,GPSM1;NSFL1C;HDAC3;KAT5;SAPCD2;FBXW11;CENPA;CDK5RAP2,Wt1,rmats,1453,GO_Biological_Process_2023
Cytosolic Transport (GO:0016482),20/127,0.03898146487580092,2.4052539929955454,17.068843334832142,VPS29;BECN1;TMEM87B;ANKRD27;STX8;DENND2A;GBF1;GCC2;RBSN;ARFRP1;GGA1;HOOK2;SNX16;AP1G1;VPS50;VPS53;RAB6A;TBC1D17;EPS15;PLEKHJ1,Wt1,rmats,1453,GO_Biological_Process_2023
DNA-templated DNA Replication Maintenance Of Fidelity (GO:0045005),10/43,0.03898146487580092,3.887943887943888,27.577625448389824,CAMSAP3;CDK9;SMARCAL1;BLM;RTEL1;CENPX;DDX11;DONSON;POLE;PRIMPOL,Wt1,rmats,1453,GO_Biological_Process_2023
mRNA Transcription (GO:0009299),10/43,0.03898146487580092,3.887943887943888,27.577625448389824,RXRB;TBP;CREB1;TAF13;NR1H2;HSF1;TAF4B;TAF6;TAF2;TAF1,Wt1,rmats,1453,GO_Biological_Process_2023
Positive Regulation Of Transcription By RNA Polymerase II (GO:0045944),94/938,0.04028436526517676,1.4508176140108597,10.210670213679755,ATF2;RNF10;APP;TCERG1;CRTC2;CCNT2;SMARCB1;CCNT1;CRTC1;AKAP8L;UBP1;CCNC;BRCA1;RBPJ;MED16;FOXM1;MED15;MYSM1;MED12;KAT5;NAMPT;NCK2;MLX;GABPA;GTF2I;MEN1;EIF5A;SS18;ACTR2;SREBF1;PPP1R12A;TBP;CHUK;RIPK2;PEX2;OXSR1;PPRC1;SREBF2;HCFC1;JMJD6;MED22;CREB1;ELF3;TFDP2;MED20;RARB;HDAC4;HDAC5;HDAC3;WBP2;STXBP2;HIF1A;RXRB;MAPK7;HSF1;NRIP1;E4F1;APBB2;RPRD1B;TBL1X;E2F8;BRD4;BPTF;ZBTB17;TCF7L2;TAF13;PCGF5;MCRS1;NR1H2;IRX3;STAT3;LARP7;RFXANK;RRP1B;USF1;VEGFA;CDK9;MLLT10;NR4A1;DAB2;TNIP1;KANSL3;AGO2;TAF4B;TCF4;TAF6;TCF3;AGRN;OGT;NFE2L1;TAF2;FGFR2;SSBP4;TAF1,Wt1,rmats,1453,GO_Biological_Process_2023
Regulation Of Establishment Of Cell Polarity (GO:2000114),6/17,0.04028436526517676,6.987246340390777,49.03728029816078,PLEKHG3;KANK1;ROCK1;KRIT1;CYRIB;KIF20B,Wt1,rmats,1453,GO_Biological_Process_2023
Regulation Of DNA Replication (GO:0006275),14/75,0.04028436526517676,2.9483589469007394,20.658998699016923,ANKRD17;CTC1;BLM;INO80E;ESCO1;ATAD5;BRPF3;EHMT2;ACTR5;MCRS1;JADE1;UCHL5;TFPT;CCDC88A,Wt1,rmats,1453,GO_Biological_Process_2023
Regulation Of Smoothened Signaling Pathway (GO:0008589),11/51,0.04028436526517676,3.5294209431345354,24.705646215722535,TEDC1;TEDC2;IFT81;MGRN1;PTCH1;DLG5;PDCL;IFT122;BTRC;UCHL5;FGFR2,Wt1,rmats,1453,GO_Biological_Process_2023
Rescue Of Stalled Ribosome (GO:0072344),7/23,0.04028436526517676,5.6067168049792535,39.22289387591668,HBS1L;RNF14;TCF25;LTN1;ANKZF1;GCN1;KLHDC10,Wt1,rmats,1453,GO_Biological_Process_2023
Positive Regulation Of Histone H3-K4 Methylation (GO:0051571),5/12,0.04478934613648784,9.145619573796369,62.88175650862748,KANSL3;MCRS1;BRCA1;OGT;HCFC1,Wt1,rmats,1453,GO_Biological_Process_2023
Mitotic Sister Chromatid Segregation (GO:0000070),18/111,0.04478934613648784,2.4890187703720357,17.087108550405805,BECN1;ABRAXAS1;AKAP8L;KIF23;NSL1;MZT1;STAG1;PSRC1;ESPL1;PRC1;NUSAP1;CHMP3;KMT5A;NCAPD3;CHMP7;DLGAP5;CLASP1;CCDC61,Wt1,rmats,1453,GO_Biological_Process_2023
Golgi Vesicle Transport (GO:0048193),27/197,0.04511145130965348,2.046774193548387,13.998432969766165,PDCD6;GOSR2;MIA2;GCC2;MIA3;USE1;GOLGA4;TRAPPC11;TMED1;RAB6A;ATP9B;SEC31A;RAB8B;SEC24B;COG7;COG6;SEC16A;GBF1;COG2;RBSN;SCAMP3;RINT1;RP2;RAB13;HYOU1;COPG2;SEC24C,Wt1,rmats,1453,GO_Biological_Process_2023
Positive Regulation Of Transcription Initiation By RNA Polymerase II (GO:0060261),11/52,0.04511145130965348,3.4431514495450086,23.513588770137865,MED12;MED22;TBP;TAF13;MED20;TAF4B;TAF6;MED16;MED15;TAF2;TAF1,Wt1,rmats,1453,GO_Biological_Process_2023
protein-DNA Complex Organization (GO:0071824),12/60,0.04511145130965348,3.2094031922276196,21.85700824371154,SUV39H2;HDAC5;TCF7L1;HDAC3;ZZZ3;MTF2;PWWP3A;EHMT1;TCF4;LRWD1;HMGN2;EZH2,Wt1,rmats,1453,GO_Biological_Process_2023
Organelle Organization (GO:0006996),48/418,0.04511145130965348,1.6783610656920265,11.429142194647099,USP6NL;PI4K2B;STOML2;TAFAZZIN;MAPKAP1;TOR1AIP2;SNX10;MIA3;CECR2;ARHGAP21;RHOT1;SMPD4;OPA1;PACSIN2;LONP2;TRAPPC11;PACSIN3;RICTOR;TMED1;DNM1L;EPS15;CLASP1;CEP78;SEC31A;CENPT;ZRANB1;HACE1;COG7;YTHDF3;ATP8B2;COG6;SEC16A;GBF1;COG2;PEX2;MCOLN1;FANCG;TJAP1;BSCL2;NSFL1C;NOA1;ADCK1;DNAJA3;RANBP10;YME1L1;CHMP3;ARHGEF7;CHMP7,Wt1,rmats,1453,GO_Biological_Process_2023
Golgi Organization (GO:0007030),20/130,0.04511145130965348,2.339275518619552,15.903899536920328,USP6NL;PI4K2B;COG7;HACE1;COG6;ATP8B2;SEC16A;GBF1;COG2;GCC2;VRK1;TJAP1;ARHGAP21;NSFL1C;PDCD10;STK25;TRAPPC11;TMED1;ARHGEF7;CLASP1,Wt1,rmats,1453,GO_Biological_Process_2023
Peptidyl-Lysine Modification (GO:0018205),16/94,0.045814963473655816,2.6364041896400976,17.853043313448595,HDAC4;PIAS3;SLF1;UBE2I;ESCO1;UHRF2;PLOD2;SMC5;PLOD1;TOPORS;SIRT3;SENP6;KAT5;NNAT;MDM2;EEF1AKMT2,Wt1,rmats,1453,GO_Biological_Process_2023
Positive Regulation Of mRNA Catabolic Process (GO:0061014),10/45,0.04786436358148943,3.6653796653796653,24.619181537172086,EIF4ENIF1;ROCK1;YTHDF3;CELF1;CNOT1;METTL16;PUM1;GTPBP1;GIGYF2;TNRC6A,Wt1,rmats,1453,GO_Biological_Process_2023
Endocytosis (GO:0006897),26/189,0.04856246155548522,2.0549524722593624,13.749742289623022,APP;INPPL1;LDLRAD3;PIK3C2A;CLINT1;RABEPK;AP3M1;CYTH2;PACSIN2;PIP5K1C;ATP9B;EPS15;PDLIM7;TSC2;EPS15L1;BLTP1;EPN1;JMJD6;EPN2;DAB2;BIN3;HOOK2;PPT1;RIN3;PI4KB;CSNK1G2,Wt1,rmats,1453,GO_Biological_Process_2023
Regulation Of Establishment Or Maintenance Of Cell Polarity (GO:0032878),6/18,0.048772982346828225,6.404630269523151,42.755078965514706,PLEKHG3;KANK1;ROCK1;KRIT1;CYRIB;KIF20B,Wt1,rmats,1453,GO_Biological_Process_2023
Protein Transport (GO:0015031),38/313,0.0491866879542148,1.7843520719563122,11.877139555218177,VPS29;MACF1;TFRC;PDCD6;STXBP2;ARHGAP1;MIA2;SNX13;GCC2;MIA3;ARFRP1;GGA1;GOLGA4;RAB24;TLK1;TMED1;SNX7;RAB6A;SEC31A;RAB8B;MEN1;TANGO6;COG7;ARRDC1;STX8;ARRDC3;TIMM21;MCOLN1;SCAMP3;CENPF;IFT22;RAB13;RABL3;PPT1;RAB3GAP2;CHMP3;COPG2;VPS45,Wt1,rmats,1453,GO_Biological_Process_2023
mRNA Transcription By RNA Polymerase II (GO:0042789),9/38,0.049386218806614784,3.9798930174801797,26.4321271919482,RXRB;TBP;CREB1;TAF13;NR1H2;TAF4B;TAF6;TAF2;TAF1,Wt1,rmats,1453,GO_Biological_Process_2023
Negative Regulation Of Intracellular Steroid Hormone Receptor Signaling Pathway (GO:0033144),8/31,0.04963206519794329,4.458913795697307,29.543672754854292,NCOR2;DAB2;NCOR1;CNOT1;CNOT2;BRCA1;STRN3;FOXP1,Wt1,rmats,1453,GO_Biological_Process_2023
Intracellular Membrane-Bounded Organelle (GO:0043231),546/5175,4.542943260067385e-22,1.8099851304143406,99.4882632212266,ATF2;VPS29;TFRC;TRRAP;EHMT2;ITSN1;EHMT1;DCAF8;SMC5;RBPJ;ALKBH6;GPATCH8;PSMD4;PPP4R2;ALKBH1;RNF111;MBNL1;RBFOX2;DDX11;PRKCD;DAPK3;ARMC8;PRKAB1;SCAMP3;HCFC1;NISCH;CDIP1;SRFBP1;RHNO1;PDXDC1;SRCAP;SDR39U1;COPS7B;BAZ2B;HIF1A;MTDH;PRDX5;ZSCAN10;ATRIP;KAT14;CTC1;CDK18;HACE1;PHC1;TIPARP;LARP7;UPF3B;TMEM192;CDC7;NR2F6;MLLT10;FIBP;TDP2;AGO2;PPT1;CDK10;MMS19;GTF2IRD1;CDIN1;HNRNPC;PKIG;EZH2;CEP57;SETD5;SETD2;TCF25;OGG1;SETD6;SNX10;MED16;MED15;CLINT1;MED12;ING4;NELFB;JARID2;GPRASP1;DLGAP5;APPL1;SS18;BRD1;RBSN;TERF2;SIRT3;GNL3;NCOR2;MED22;TAF6L;NCOR1;MED20;MTF2;RARB;MOCS1;SGMS1;DLST;CENPA;WDR24;GGA1;RNF138;NSD1;NSD2;USP1;BRD9;NKTR;BRD4;CENPU;SLF1;TRMT10B;ATAD5;PCGF5;MGMT;MCRS1;NR1H2;STAT3;TRMT1;RRP1B;TARBP2;SCAF4;GATAD2A;RNF146;CENPF;SNX16;SRRD;PWWP3A;ZYX;EEF1AKMT2;CDKN3;CCNT2;DGKD;CCNT1;PDCD6;FMR1;CTNND1;RTKN2;UBP1;CASC3;RPL10A;VIRMA;CDC14B;EDC4;EIF4ENIF1;PPP1CC;STK11;PAPOLA;CHP1;SMARCAD1;KMT5B;KMT5A;MTPAP;MAF1;HMGN2;MAP3K7;MEN1;GTF2I;TLE3;TLE1;IST1;KMT5C;USP3;IPMK;PRPF4B;VRK1;CHD1L;CDC25C;TLE6;THOC7;FOXP1;CLIP1;ILF3;DMTF1;PKP4;ADNP;SRSF7;CSNK1G2;ANKRD17;BLM;GPATCH2L;BAG6;HMBOX1;STK38;UBR5;SAFB2;KHDC4;AP4S1;NAE1;OSBPL9;TIA1;BRPF1;ANKRD27;FUS;BRPF3;FANCA;LSM1;RFXANK;FANCE;LSM2;CDK9;NSFL1C;LSM7;DAB2;UBOX5;P4HA1;COPS2;CNOT2;TADA3;MDM2;MDM4;NF2;OGT;NFE2L1;MDM1;RAD9A;EIF4G1;RNF10;RNF13;CELF1;RNF14;AKAP8L;CEP164;UFSP2;FOXM1;PIK3C2A;RESF1;SNRNP70;AP1G1;PPP6R3;DNMT3B;TLK1;DNM1L;METTL16;YAF2;TNPO2;ILKAP;EIF5A;ACTR2;CDADC1;ACTR6;CEMIP2;ACTR5;DNMT3A;RAD23A;REXO4;MSL1;TRAF7;METTL22;PKM;ESPL1;TFDP2;SLC25A19;ESRP1;DNAJC5;DNAJC8;GAPDH;HDAC4;HDAC5;PRKAA1;HDAC3;UHRF2;PPM1M;MGRN1;WBP2;LENG8;MLLT3;PRIMPOL;ZNRF1;CECR2;GANAB;NFS1;VPS53;ATXN1L;RBBP8;RNGTT;SMOX;ASCC1;IRX3;DONSON;TPRKB;PTPN12;MCOLN1;PTPN13;PTPN14;RAD50;MYO1C;TRIM39;PRC1;DOLPP1;DNAJA3;PTPN6;BCOR;TRIM32;TRMT61A;TNRC6A;SMARCAL1;TCERG1;PANK2;SMARCB1;RTCA;NUDT1;CCNC;TIAL1;KAT5;SPATA24;CHEK1;TRIM24;CPNE1;FAM53A;CCNL2;TMPO;SRRM2;ABT1;COG7;ESCO1;SLC35C2;IFRD1;RECQL;AP1B1;JMJD7;JMJD8;SRRM1;JMJD6;AKAP9;SIK2;KIF20B;ANKRA2;CBLL1;RTEL1;GGNBP2;TEX264;STXBP2;UBE2J2;OSGEP;UBE2J1;DHX30;RAB11FIP1;PCBP3;RACGAP1;PCBP2;DPH3;PATZ1;SEC31A;ATP6V0A1;SRPK2;ZRANB1;SETDB1;INTS3;XRCC3;MEMO1;STAM;NTAN1;PTK2;GADD45G;STAG1;CC2D1A;CC2D1B;TOP2A;RPAIN;SUV39H2;SLC35F6;INTS14;ZBTB8OS;MIA3;PTPRK;BRCA1;BRCA2;MLX;ARIH2;UBXN7;GABPA;SREBF1;GRIPAP1;PBRM1;STRADA;PARP2;PABPC4;ACAD9;KIF23;PPRC1;SREBF2;UCHL5;TOPORS;SLTM;G2E3;WAC;SLC66A1;AKAP8;NOL9;RXRB;ARVCF;HSF1;MARCHF7;APBB2;TBL1X;EPS15;EXOSC1;MYEF2;RANBP3;GBF1;MLH1;APTX;MAD2L2;ITCH;MIS18A;TTC3;NBR1;TRIP12;SCARB1;CRTC2;DBR1;CRTC1;JADE1;INPPL1;CIB1;CWC22;TRAPPC14;PUS3;SLC30A9;FBXW11;PUS1;ADAM10;TSC2;NOSIP;LIG3;ALDH3A2;MAU2;HNRNPUL1;UBE2V2;PPIH;HDGFL2;HDGFL3;YTHDC1;HTRA2;PDS5B;ESS2;TOR1AIP1;SDCBP;IRAK1;DEAF1;PACSIN2;RPRD1B;SUDS3;BPTF;UBE2F;UBE2I;UBE2B;CPSF1;PTCH1;MACO1;CLK4;BLTP1;CLK3;AZIN1;CLK2;IFT20;CLK1;UBE2W;NR4A1;HOOK2;RSRP1;TAF4B;TCF4;TCF3;FGFR2;B4GALT2;NAA40;CHD4;ADAR;MYSM1;RABEPK;HK2;SENP6;HPF1;UBE2Q2;SNAPC4;GET1;USP30;POLE;RBM5;RBM6;KDM6A;POLG;SUN1;TBP;AKTIP;PPP2R5B;PEX2;TRNAU1AP;OXSR1;ARID1A;EPN2;SUPV3L1;ELF2;CREB1;ELF3;SPOPL;LUC7L3;ZMYND11;ITGB3BP;LAMA5;VAC14;RBM47;KDM3A;MVK;DDX25;NAA20;ABRAXAS1;PNKP;USP11;WIZ;CLCN3;UACA;ADD1;RMND5B;TFPT;MAPK7;TRA2A;NRIP1;SMNDC1;MTA3;S100PBP;ATF7IP;ATE1;TCF7L2;KDM4B;TCF7L1;TAF13;EYA2;LIMK2;LRWD1;CDK11B;USF1;CHFR;MAPK12;MAPK13;NAP1L4;WEE1;GNPDA2;GLB1;CARM1;KANSL3;ACIN1;TAF6;NAA16;RGS12;TAF2;SSBP4;TAF1,Wt1,rmats,1453,GO_Cellular_Component_2023
Nucleus (GO:0005634),476/4487,5.995577698222482e-19,1.765650091725748,83.1409197504766,ATF2;TRRAP;EHMT2;EHMT1;DCAF8;SMC5;RBPJ;ALKBH6;GPATCH8;PSMD4;PPP4R2;ALKBH1;RNF111;MBNL1;RBFOX2;DDX11;PRKCD;DAPK3;ARMC8;PRKAB1;HCFC1;CDIP1;SRFBP1;RHNO1;SRCAP;SDR39U1;COPS7B;BAZ2B;HIF1A;MTDH;PRDX5;ZSCAN10;ATRIP;KAT14;CTC1;CDK18;HACE1;PHC1;TIPARP;LARP7;UPF3B;TMEM192;CDC7;NR2F6;MLLT10;FIBP;TDP2;AGO2;PPT1;CDK10;MMS19;GTF2IRD1;CDIN1;HNRNPC;PKIG;EZH2;CEP57;SETD5;SETD2;TCF25;OGG1;SETD6;SNX10;MED16;MED15;MED12;ING4;NELFB;JARID2;GPRASP1;DLGAP5;APPL1;SS18;BRD1;TERF2;SIRT3;GNL3;NCOR2;MED22;TAF6L;NCOR1;MED20;MTF2;RARB;MOCS1;SGMS1;DLST;CENPA;RNF138;NSD1;NSD2;USP1;BRD9;NKTR;BRD4;CENPU;SLF1;TRMT10B;ATAD5;PCGF5;MGMT;MCRS1;NR1H2;STAT3;TRMT1;RRP1B;TARBP2;SCAF4;GATAD2A;RNF146;CENPF;SRRD;PWWP3A;ZYX;EEF1AKMT2;CDKN3;CCNT2;DGKD;CCNT1;PDCD6;FMR1;CTNND1;RTKN2;UBP1;CASC3;RPL10A;VIRMA;CDC14B;EDC4;EIF4ENIF1;PPP1CC;STK11;PAPOLA;CHP1;SMARCAD1;KMT5B;KMT5A;MAF1;HMGN2;MAP3K7;MEN1;GTF2I;TLE3;TLE1;KMT5C;USP3;IPMK;PRPF4B;VRK1;CHD1L;CDC25C;TLE6;THOC7;FOXP1;CLIP1;ILF3;DMTF1;PKP4;ADNP;SRSF7;CSNK1G2;ANKRD17;BLM;GPATCH2L;BAG6;HMBOX1;STK38;UBR5;SAFB2;KHDC4;NAE1;TIA1;BRPF1;FUS;BRPF3;FANCA;LSM1;RFXANK;FANCE;LSM2;CDK9;NSFL1C;LSM7;UBOX5;COPS2;CNOT2;TADA3;MDM2;MDM4;NF2;OGT;NFE2L1;MDM1;RAD9A;EIF4G1;RNF10;CELF1;RNF14;AKAP8L;UFSP2;FOXM1;RESF1;SNRNP70;PPP6R3;DNMT3B;TLK1;METTL16;YAF2;TNPO2;ILKAP;EIF5A;ACTR2;CDADC1;ACTR6;ACTR5;DNMT3A;RAD23A;REXO4;MSL1;METTL22;PKM;ESPL1;TFDP2;SLC25A19;ESRP1;DNAJC8;GAPDH;HDAC4;HDAC5;PRKAA1;HDAC3;UHRF2;PPM1M;MGRN1;WBP2;LENG8;MLLT3;PRIMPOL;CECR2;NFS1;HAUS8;ATXN1L;RBBP8;RNGTT;ASCC1;IRX3;DONSON;TPRKB;PTPN12;PTPN13;PTPN14;RAD50;MYO1C;TRIM39;PRC1;PTPN6;BCOR;TRIM32;TRMT61A;SMARCAL1;TCERG1;PANK2;SMARCB1;RTCA;NUDT1;CCNC;TIAL1;KAT5;SPATA24;CHEK1;TRIM24;CPNE1;FAM53A;CCNL2;TMPO;SRRM2;ABT1;ESCO1;IFRD1;RECQL;JMJD7;JMJD8;SRRM1;JMJD6;SIK2;KIF20B;ANKRA2;CBLL1;RTEL1;GGNBP2;TEX264;STXBP2;UBE2J2;OSGEP;UBE2J1;DHX30;PCBP3;RACGAP1;PCBP2;DPH3;PATZ1;SRPK2;ZRANB1;SETDB1;INTS3;XRCC3;MEMO1;NTAN1;PTK2;GADD45G;STAG1;CC2D1A;CC2D1B;TOP2A;RPAIN;SUV39H2;INTS14;ZBTB8OS;BRCA1;BRCA2;MLX;ARIH2;UBXN7;GABPA;SREBF1;PBRM1;STRADA;PARP2;PABPC4;ACAD9;KIF23;PPRC1;SREBF2;UCHL5;TOPORS;SLTM;G2E3;WAC;AKAP8;NOL9;RXRB;ARVCF;HSF1;MARCHF7;APBB2;TBL1X;EXOSC1;MYEF2;RANBP3;MLH1;APTX;MAD2L2;MIS18A;TTC3;TRIP12;CRTC2;DBR1;CRTC1;JADE1;INPPL1;CIB1;CWC22;PUS3;SLC30A9;FBXW11;PUS1;ADAM10;TSC2;NOSIP;LIG3;MAU2;HNRNPUL1;UBE2V2;HDGFL2;HDGFL3;YTHDC1;HTRA2;PDS5B;ESS2;TOR1AIP1;SDCBP;IRAK1;DEAF1;RPRD1B;SUDS3;BPTF;UBE2F;UBE2I;UBE2B;CPSF1;MACO1;CLK4;BLTP1;CLK3;AZIN1;CLK2;CLK1;UBE2W;NR4A1;RSRP1;TAF4B;TCF4;TCF3;FGFR2;NAA40;CHD4;ADAR;MYSM1;SENP6;HPF1;UBE2Q2;SNAPC4;GET1;USP30;POLE;RBM5;RBM6;KDM6A;TBP;AKTIP;PPP2R5B;TRNAU1AP;OXSR1;ARID1A;SUPV3L1;ELF2;CREB1;ELF3;SPOPL;LUC7L3;ZMYND11;ITGB3BP;LAMA5;RBM47;KDM3A;DDX25;NAA20;ABRAXAS1;PNKP;USP11;WIZ;UACA;ADD1;RMND5B;TFPT;MAPK7;TRA2A;NRIP1;SMNDC1;MTA3;S100PBP;ATF7IP;ATE1;TCF7L2;KDM4B;TCF7L1;TAF13;EYA2;LIMK2;LRWD1;CDK11B;USF1;CHFR;MAPK12;MAPK13;NAP1L4;WEE1;GNPDA2;CARM1;ACIN1;TAF6;NAA16;RGS12;TAF2;SSBP4;TAF1,Wt1,rmats,1453,GO_Cellular_Component_2023
Intracellular Non-Membrane-Bounded Organelle (GO:0043232),131/1195,1.0453188433190608e-4,1.6282240681127933,22.32993577787658,SMARCB1;CCNT1;FMR1;SPPL2B;GPATCH4;RBPJ;CDC14B;PPP1CC;KAT5;NUSAP1;CDK5RAP2;ABT1;SLC30A9;COG7;ESCO1;DIMT1;SLC30A5;DDX11;RECQL;VRK1;JMJD6;BSCL2;SELENOO;ILF3;SHQ1;AKAP9;PKP4;WDFY3;KIF20B;RHNO1;MACF1;BLM;INO80E;TSG101;EPB41;PRKRIP1;HTRA2;PDS5B;DEDD2;SYCE2;SDCBP;RACGAP1;IRAK1;EPB41L3;GCN1;SRPK2;ATP8B2;FUS;SURF2;PYM1;UPF3B;FANCE;PTK2;FANCG;ABTB1;STAG1;ZZZ3;MDM2;TUBGCP3;MMS19;NF2;NOL12;EIF4G3;TOP2A;SETD2;ADAR;BRCA1;FOXM1;KRI1;MYSM1;EPB41L4A;SH3PXD2B;LRRFIP1;SPG11;PPP1R12A;RIPK2;ACTR6;CEMIP2;PARP2;CEP295;RBM19;SHROOM3;KIF23;DDX50;REXO4;UCHL5;GNL3;METTL22;TRAF7;PSRC1;SAPCD2;GAPDH;KANK1;ROCK1;PNKP;DCTN3;AKAP8;ASAP1;RRBP1;NOL9;ADD1;PDLIM1;TAF1D;TCOF1;ATXN1L;TRA2A;NRIP1;RRP36;EXOSC1;DEDD;E2F8;NOP56;MYO10;TAF13;KRR1;MCRS1;NOC3L;LRWD1;RRP1B;MLH1;APTX;NLE1;MZT1;MAD2L2;CENPF;WEE1;PRC1;TTC3;PTPN6;RGS12;TAF1,Wt1,rmats,1453,GO_Cellular_Component_2023
Mitotic Spindle (GO:0072686),28/143,1.0453188433190608e-4,3.1493272311212817,42.83957383555423,HDAC3;EPB41;SKA1;CDC14B;TAF1D;RACGAP1;HAUS8;NUSAP1;TRAPPC14;TBL1X;KAT14;DLGAP5;CLASP1;IQCB1;CEP295;LIMK2;CDC7;HAUS6;KIF23;HAUS5;HAUS2;ATAT1;ZZZ3;NCOR1;ESPL1;TFDP2;TADA3;PKP4,Wt1,rmats,1453,GO_Cellular_Component_2023
INO80-type Complex (GO:0097346),10/25,3.1899873992617846e-4,8.561792561792561,105.00123653877394,TFPT;INO80E;SRCAP;KAT5;TRRAP;ACTR6;ACTR5;MCRS1;EP400;UCHL5,Wt1,rmats,1453,GO_Cellular_Component_2023
Nuclear Chromosome (GO:0000228),20/95,7.320365763874552e-4,3.4374505698999767,38.674641220288585,TOP2A;PBRM1;BLM;INO80E;SRCAP;TRRAP;ACTR6;ACTR5;MCRS1;UCHL5;PSMC3IP;TFPT;RAD50;KAT5;CHEK1;EP400;RGS12;SUDS3;NCAPD3;BRD4,Wt1,rmats,1453,GO_Cellular_Component_2023
Nuclear Lumen (GO:0031981),84/780,0.008256643738217691,1.5737261026170626,13.596018344319626,TOP2A;SMARCB1;CCNT1;FMR1;SPPL2B;ADAR;GPATCH4;RBPJ;KRI1;MYSM1;CDC14B;PPP1CC;KAT5;NUSAP1;SPG11;ABT1;PBRM1;PPP1R12A;COG7;ACTR6;DIMT1;CEMIP2;PARP2;SLC30A5;DDX11;RBM19;VRK1;DDX50;REXO4;UCHL5;GNL3;JMJD6;METTL22;TRAF7;ILF3;SHQ1;SAPCD2;WDFY3;KIF20B;BLM;INO80E;TSG101;PNKP;PRKRIP1;DCTN3;AKAP8;NOL9;DEDD2;TAF1D;TCOF1;ATXN1L;TRA2A;NRIP1;RRP36;EXOSC1;DEDD;E2F8;NOP56;SRPK2;MYO10;ATP8B2;SURF2;TAF13;KRR1;MCRS1;PYM1;UPF3B;NOC3L;LRWD1;RRP1B;APTX;NLE1;FANCG;MAD2L2;ABTB1;WEE1;ZZZ3;TTC3;MDM2;PTPN6;RGS12;NF2;NOL12;TAF1,Wt1,rmats,1453,GO_Cellular_Component_2023
Nucleolus (GO:0005730),83/771,0.008256643738217691,1.5726287981666949,13.430786918180807,TOP2A;SMARCB1;CCNT1;FMR1;SPPL2B;ADAR;GPATCH4;RBPJ;KRI1;MYSM1;CDC14B;PPP1CC;KAT5;NUSAP1;SPG11;ABT1;PPP1R12A;COG7;ACTR6;DIMT1;CEMIP2;PARP2;SLC30A5;DDX11;RBM19;VRK1;DDX50;REXO4;UCHL5;GNL3;JMJD6;METTL22;TRAF7;ILF3;SHQ1;SAPCD2;WDFY3;KIF20B;BLM;INO80E;TSG101;PNKP;PRKRIP1;DCTN3;AKAP8;NOL9;DEDD2;TAF1D;TCOF1;ATXN1L;TRA2A;NRIP1;RRP36;EXOSC1;DEDD;E2F8;NOP56;SRPK2;MYO10;ATP8B2;SURF2;TAF13;KRR1;MCRS1;PYM1;UPF3B;NOC3L;LRWD1;RRP1B;APTX;NLE1;FANCG;MAD2L2;ABTB1;WEE1;ZZZ3;TTC3;MDM2;PTPN6;RGS12;NF2;NOL12;TAF1,Wt1,rmats,1453,GO_Cellular_Component_2023
Spindle (GO:0005819),30/210,0.010776679661783282,2.1512063715155776,17.545652387448627,HDAC3;EPB41;SKA1;CDC14B;TAF1D;RACGAP1;NUSAP1;TRAPPC14;TBL1X;KAT14;DLGAP5;CLASP1;IQCB1;LIMK2;CDC7;KIF23;MZT1;ATAT1;MAD2L2;CENPF;ZZZ3;NCOR1;PSRC1;ESPL1;TFDP2;PRC1;TADA3;MMS19;PKP4;TUBGCP3,Wt1,rmats,1453,GO_Cellular_Component_2023
Cytoplasmic Stress Granule (GO:0010494),15/76,0.010912862605831391,3.161152785061219,25.410212028407386,MBNL1;TIA1;ROCK1;STAU1;RBPMS;YTHDF3;CELF1;DDX25;FMR1;PABPC4;PUM1;GIGYF2;PUM2;TIAL1;EIF4G1,Wt1,rmats,1453,GO_Cellular_Component_2023
Endoplasmic Reticulum Membrane (GO:0005789),84/801,0.012777196122288928,1.525836590859773,11.879009969488685,GPSM1;MOXD1;PI4K2B;MCFD2;ANKLE2;PGAP2;GPAA1;PIGQ;PDCD6;SPPL2B;POMT1;MIA2;PLOD2;MIA3;PLOD1;USE1;POFUT2;ARV1;SMPD4;DNM1L;SLC37A4;SLC37A3;SREBF1;CERS5;PCYT2;ALG5;ALG14;ALG3;ALG13;MOGS;SLC35G1;ATG13;SREBF2;PDIA5;BSCL2;ALDH3A2;TMX3;ASPH;TMEM33;ULK1;SIK2;CERS2;RNF121;GRAMD1A;TEX264;GOSR2;HPN;HTRA2;DNAJC25;UBE2J2;PLD3;RTN4;LMF2;SELENOI;USP19;UBE2J1;MTDH;LMF1;NRAS;PORCN;PTDSS1;RCE1;RAB6A;SEC31A;MPDU1;SEC11C;B3GALNT2;SEC24B;PNPLA8;SEC16A;MBOAT2;MACO1;DHRS4;KTN1;TBL2;G6PC3;RNF103;GLB1;DOLPP1;RAB3GAP2;TMEM39A;COPG2;DHCR7;SEC24C,Wt1,rmats,1453,GO_Cellular_Component_2023
Histone Acetyltransferase Complex (GO:0000123),8/27,0.01363604979511992,5.398798033145146,41.209983774436104,ING4;BRPF1;BRPF3;MCRS1;KANSL3;JADE1;OGT;HCFC1,Wt1,rmats,1453,GO_Cellular_Component_2023
trans-Golgi Network (GO:0005802),32/241,0.017730762811249117,1.9758846287236227,14.40528701185299,USP6NL;APP;PI4K2B;GCC2;PIK3C2A;ATP2C1;RABEPK;TEPSIN;ARFRP1;GGA1;GOLGA4;SMPD4;AP1G1;VPS53;AP4S1;RAB6A;ATP9B;PLEKHJ1;SLC30A6;COG7;COG6;ATP8B2;STX8;GBF1;AP1B1;COG2;SCAMP3;TJAP1;HOOK2;SLC9A8;RAB13;LGR5,Wt1,rmats,1453,GO_Cellular_Component_2023
trans-Golgi Network Membrane (GO:0032588),17/100,0.019960587440772608,2.6335537134610867,18.692922499200304,USP6NL;APP;SLC30A6;COG7;COG6;AP1B1;COG2;RABEPK;SCAMP3;TEPSIN;ARFRP1;AP1G1;SLC9A8;VPS53;AP4S1;RAB6A;LGR5,Wt1,rmats,1453,GO_Cellular_Component_2023
beta-catenin-TCF Complex (GO:1990907),5/12,0.023269331746974427,9.145619573796369,62.88175650862748,TCF7L2;TLE3;TCF7L1;TLE1;TCF4,Wt1,rmats,1453,GO_Cellular_Component_2023
Microbody Membrane (GO:0031903),11/53,0.02450832626009803,3.3609900270787927,22.395166958675574,ALDH3A2;ACBD5;PNPLA8;PEX5;NBR1;PEX2;FAR1;USP30;DECR2;RAB8B;DHRS4,Wt1,rmats,1453,GO_Cellular_Component_2023
Peroxisomal Membrane (GO:0005778),11/53,0.02450832626009803,3.3609900270787927,22.395166958675574,ALDH3A2;ACBD5;PNPLA8;PEX5;NBR1;PEX2;FAR1;USP30;DECR2;RAB8B;DHRS4,Wt1,rmats,1453,GO_Cellular_Component_2023
SAGA-type Complex (GO:0070461),9/38,0.02450832626009803,3.9798930174801797,26.4321271919482,TAF6L;ENY2;ZZZ3;TRRAP;TADA3;TAF6;MAP3K7;KAT14;TAF2,Wt1,rmats,1453,GO_Cellular_Component_2023
Endoplasmic Reticulum Tubular Network (GO:0071782),7/26,0.03606968153560456,4.720681371478489,29.27251810207661,PARP6;ARV1;RETREG3;ASPH;EMD;RTN4;RNF41,Wt1,rmats,1453,GO_Cellular_Component_2023
Ino80 Complex (GO:0031011),5/14,0.039021351941243614,7.112492326580725,43.17965583832756,TFPT;INO80E;ACTR5;MCRS1;UCHL5,Wt1,rmats,1453,GO_Cellular_Component_2023
Late Endosome Membrane (GO:0031902),14/85,0.04820568700055043,2.5317268447376406,14.610887485676974,VAC14;RNF13;GOSR2;PLD3;RMC1;PIP4P1;SLC9A8;ANXA6;MARCHF8;CDIP1;CHMP3;ATP13A2;ATP13A3;CHMP7,Wt1,rmats,1453,GO_Cellular_Component_2023
H4 Histone Acetyltransferase Complex (GO:1902562),5/15,0.04820568700055043,6.400897790055248,36.65568671204818,MCRS1;KANSL3;OGT;HCFC1;MSL1,Wt1,rmats,1453,GO_Cellular_Component_2023
cyclin/CDK Positive Transcription Elongation Factor Complex (GO:0008024),3/5,0.04820568700055043,19.18448275862069,108.91549500090169,CDK9;CCNT2;CCNT1,Wt1,rmats,1453,GO_Cellular_Component_2023
Protein Phosphatase 4 Complex (GO:0030289),3/5,0.04820568700055043,19.18448275862069,108.91549500090169,PPP4R1;PPP4R2;PPP4R3A,Wt1,rmats,1453,GO_Cellular_Component_2023
Focal Adhesion (GO:0005925),43/387,0.0485780544379181,1.613741134751773,9.083351020706495,FLT1;RPL31;SRC;DOCK7;SLC4A2;RPL10A;ALKBH6;ADD1;SLC9A3R2;DPP4;PDLIM1;PPP1CC;LIMA1;MPRIP;PCBP2;ANXA6;PACSIN2;FLOT1;CHP1;FLNB;PRSS8;PIP5K1C;TNS2;GIT1;CLASP1;PDLIM7;MAP4K4;ACTR2;PPP1R12A;ADAM10;KIF23;PTK2;ENAH;FERMT1;PPFIBP1;DAB2;UBOX5;ADAM17;ZYX;NUMB;HYOU1;ARHGEF7;PHLDB2,Wt1,rmats,1453,GO_Cellular_Component_2023
RNA Binding (GO:0003723),177/1411,1.136712442310065e-20,2.5690069924535583,134.43727031743845,EIF4A2;DBR1;RPL3;RTCA;SPPL2B;NUDT1;HNRNPR;APEH;RPL10A;YARS2;VIRMA;ALKBH1;LUC7L;UBAP2L;HMGN2;AGFG1;CAST;RARS2;RBFOX2;TYW5;SCAF11;DIMT1;SECISBP2;ACTN1;PUS1;CIRBP;WDR75;ALG13;NOSIP;ZCRB1;JMJD6;ILF3;ZC3H11A;GEMIN5;DXO;ANKRD17;AARS2;MAZ;CSTF2;NOLC1;RTF1;RCC1L;RAD51AP1;DHX30;HNRNPDL;PCBP2;ERI3;G3BP2;SAFB2;KHDC4;LTA4H;PRPF38B;TIA1;XRCC6;CHTOP;ZRANB2;LSM5;PUM1;CLK3;PRRC2B;PRRC2A;LSM2;PUM2;SRPK1;SETX;MOV10;TBL3;LSM7;EIF5;SON;FUBP3;MKRN2;RNPS1;HNRNPC;FARSA;EIF4G3;RPS24;EIF4G1;TOP2A;RBM25;DAZAP1;RBM26;CELF1;FASTKD2;FASTKD3;AKAP8L;ADAR;YBX1;ZCCHC17;SPOUT1;MRPL4;RPL7A;PTBP1;SNRNP70;FASTK;DGCR8;LRRFIP1;RBM34;RBM7;UTP14A;RBM5;PSTK;DSP;CLUH;NSUN5;PABPC4;DDX55;ZFR;RBM19;DARS2;SIRT6;PPHLN1;TRNAU1AP;MRPL45;REXO4;GNL3;SUPV3L1;SARS2;PKM;SLTM;SYF2;CSDE1;ESRP1;RPUSD3;LUC7L3;SNRPA1;HNRNPH2;EIF4E2;LUC7L2;FYTTD1;STAU1;USP10;SRF;SRRT;AKAP8;RPS27L;MTIF2;SAMHD1;MTHFSD;GANAB;UNK;TCOF1;FIP1L1;POLR2A;TRA2A;CTNNA1;FLNA;SRSF11;NOP56;PTCD3;RBM39;MYEF2;KRR1;MCRS1;STAT3;IMMT;RSRC2;TRMT1;RRP1B;ELP5;TPD52L2;CDK11B;TARBP2;U2SURP;SCAF4;KTN1;SEC23IP;SERBP1;HNRNPA2B1;TRMT6;ZYX;ACIN1;RPL22L1;UBAP2;TARDBP;TNRC6A;FAM50A,Ybx1,rmats,1160,GO_Molecular_Function_2023
DNA Binding (GO:0003677),88/846,1.9754587249159637e-5,1.9582365218761075,32.40070270332157,TOP2A;APP;MPG;CHD6;JMJD1C;MCM10;CHD4;CTCF;SMC6;YBX1;RBPJ;PTBP1;RUVBL2;EP300;SMARCAD1;TRIM26;LRRFIP1;POLE;RBM5;POLG;RFC1;PARP2;SECISBP2;APLP2;DNTTIP1;SIRT6;RAD23A;REXO4;SUPV3L1;MMS22L;TOX3;ILF3;MAU2;SLTM;KAT6A;MTF2;HDAC4;KMT2D;BLM;DNMT1;KDM3A;TSG101;MAX;PNKP;SRRT;RTF1;RNF4;SAMHD1;MACROH2A1;DEDD2;RAD51AP1;SBNO1;TFPT;POLR2A;CUX1;PCBP2;HSF1;ZSCAN10;SAFB2;RBBP8;PMS2;PMS1;NHEJ1;DEDD;CTC1;MBD3;SUZ12;SMAD2;CDT1;TCF7L2;XRCC6;TCF7L1;NR1H2;STAT3;USF2;GTF2H4;USF1;SMARCA4;SETX;CAMSAP3;TFAP4;FUBP3;IMPDH1;POLR3C;QRICH1;TAF6;TCF3;TARDBP,Ybx1,rmats,1160,GO_Molecular_Function_2023
Chromatin DNA Binding (GO:0031490),18/83,1.6955516396583784e-4,4.552741479186313,62.93723830092116,MBD3;SUZ12;SMARCC1;KDM3A;STAT3;JMJD1C;CHD4;SIRT6;CTCF;MACROH2A1;SMARCA4;TOX3;SBNO1;RUVBL2;HSF1;EP300;RCC1;HNRNPC,Ybx1,rmats,1160,GO_Molecular_Function_2023
mRNA Binding (GO:0003729),38/282,1.6955516396583784e-4,2.5811928348090354,35.36987339082707,FYTTD1;DAZAP1;RBM25;CELF1;CSTF2;HNRNPR;PTBP1;UNK;SNRNP70;PCBP2;G3BP2;LUC7L;RBM5;CHTOP;TIA1;RBFOX2;CLUH;MYEF2;SECISBP2;PABPC4;CIRBP;PUM1;PUM2;GNL3;PKM;FUBP3;ESRP1;HNRNPA2B1;SERBP1;GEMIN5;LUC7L3;DXO;RNPS1;HNRNPC;TARDBP;EIF4G3;LUC7L2;EIF4G1,Ybx1,rmats,1160,GO_Molecular_Function_2023
Nucleosome Binding (GO:0031491),15/62,2.2120003137715097e-4,5.238223543621666,69.21728466265073,MBD3;SMARCC1;EED;PARP2;DNTTIP1;CHD4;SIRT6;CHD1L;RNF4;ARID1B;MACROH2A1;SMARCA4;PWWP3A;RCC1;HNRNPC,Ybx1,rmats,1160,GO_Molecular_Function_2023
Histone H3 Methyltransferase Activity (GO:0140938),11/36,3.768853504680042e-4,7.205047867711053,90.05366004906688,KMT2E;KMT2D;SETD5;SUV39H2;PRMT2;SETDB1;EHMT2;NSD2;SMYD2;EHMT1;JARID2,Ybx1,rmats,1160,GO_Molecular_Function_2023
GTPase Binding (GO:0051020),31/225,5.826990892025585e-4,2.6390748130358954,31.428239162189115,MAPKAP1;ARHGAP1;RHOBTB3;GCC2;CIB1;YBX1;STRN3;GGA1;AP3M1;GOLGA4;DENND10;RCC1;FLNA;ERC1;TNPO3;RALBP1;ANKRD27;TSC2;GAPVD1;CYRIB;RABGGTA;LSM2;IFT20;ABI2;RRAGB;ATG16L1;RAB34;GNB1;RAB3GAP2;ARHGEF2;RAF1,Ybx1,rmats,1160,GO_Molecular_Function_2023
Protein-Lysine N-methyltransferase Activity (GO:0016279),13/54,6.467139260372715e-4,5.196738044102324,60.166394500003726,SETD5;SUV39H2;KMT2D;SETDB1;EHMT2;SETD6;EHMT1;NSD2;SMYD2;KMT5B;KMT5A;JARID2;EEF1AKMT2,Ybx1,rmats,1160,GO_Molecular_Function_2023
Ubiquitin-Like Protein Transferase Activity (GO:0019787),32/240,6.467139260372715e-4,2.541189307146754,29.359025665147932,HDAC4;MARCHF2;UHRF2;RNF14;UBR3;UBE3A;FBXO21;RNF4;RNF115;SHARPIN;ARIH2;ARIH1;ATG5;PIAS4;UBE2F;AREL1;UBE2B;FBXW11;SMURF1;RNF25;FBXW2;CHFR;RNF167;TRAF7;KCTD10;ATG16L1;TTC3;MDM2;UBA3;RNF181;ERCC8;RBCK1,Ybx1,rmats,1160,GO_Molecular_Function_2023
Methylation-Dependent Protein Binding (GO:0140034),14/68,0.0017674509293395862,4.2499515222028315,44.3801689897476,KMT2E;SUZ12;ZMYND8;SGF29;LRWD1;JMJD7;ING4;MBTD1;ZZZ3;MTF2;PWWP2A;NCAPD3;HDGFL2;MPHOSPH8,Ybx1,rmats,1160,GO_Molecular_Function_2023
Small GTPase Binding (GO:0031267),27/199,0.0018777963564548354,2.5864447135614443,26.605828373747844,MAPKAP1;ARHGAP1;RHOBTB3;GCC2;CIB1;STRN3;GGA1;AP3M1;GOLGA4;DENND10;RCC1;FLNA;ERC1;TNPO3;RALBP1;ANKRD27;TSC2;GAPVD1;CYRIB;RABGGTA;LSM2;IFT20;ABI2;RAB34;RAB3GAP2;ARHGEF2;RAF1,Ybx1,rmats,1160,GO_Molecular_Function_2023
Methylated Histone Binding (GO:0035064),14/71,0.0024452563026043012,4.0256268944612845,39.99693270836132,KMT2E;SUZ12;ZMYND8;SGF29;LRWD1;JMJD7;ING4;MBTD1;ZZZ3;MTF2;PWWP2A;NCAPD3;HDGFL2;MPHOSPH8,Ybx1,rmats,1160,GO_Molecular_Function_2023
"Catalytic Activity, Acting On A tRNA (GO:0140101)",10/39,0.0026181223552381016,5.64047976011994,55.20466429037695,QTRT1;DTWD1;QTRT2;MTFMT;AARS2;TYW5;ALKBH1;TARS2;FTSJ1;TRIT1,Ybx1,rmats,1160,GO_Molecular_Function_2023
Histone H3K9 Methyltransferase Activity (GO:0046974),5/9,0.0029159993073841206,20.385281385281385,195.8080756478251,SETD5;SUV39H2;SETDB1;EHMT2;EHMT1,Ybx1,rmats,1160,GO_Molecular_Function_2023
mRNA 3'-UTR Binding (GO:0003730),16/93,0.0033161656643333217,3.40804649895559,32.06213761274833,DAZAP1;TIA1;CPSF1;CELF1;PABPC4;SECISBP2;CIRBP;PUM1;PUM2;ILF3;HNRNPA2B1;SERBP1;GEMIN5;RNPS1;HNRNPC;TARDBP,Ybx1,rmats,1160,GO_Molecular_Function_2023
Ubiquitin Binding (GO:0043130),14/80,0.007061288354432143,3.475011899095669,29.84138328220405,TOP2A;TSG101;FAF2;RNF19B;RAD23A;RNFT1;TOM1L1;SHARPIN;NBR1;MDM2;MARCHF7;UBAP1;RBCK1;VPS28,Ybx1,rmats,1160,GO_Molecular_Function_2023
Histone Methyltransferase Activity (GO:0042054),6/19,0.01714324159071067,7.529796027196374,56.796043628164675,KMT2E;SUZ12;PRMT2;EED;KMT5B;KMT5A,Ybx1,rmats,1160,GO_Molecular_Function_2023
Ubiquitin-Protein Transferase Activity (GO:0004842),41/412,0.01714324159071067,1.8239933132441606,13.72035597463293,RNF10;MARCHF2;UHRF2;RNF14;RNF19B;UBR3;UBE3A;UBR1;FBXO21;UBE2J2;RNF4;RNFT1;UBE2J1;RNF115;SHARPIN;UBR5;VPS11;ARIH2;TRIM26;ARIH1;RNF111;AREL1;UBE2B;RNF25;FBXW11;SMURF1;FBXO17;PEX2;FBXW2;CHFR;BSPRY;RNF167;TRAF7;NEURL4;KCTD10;TTC3;MDM2;MKRN2;RNF181;ERCC8;RBCK1,Ybx1,rmats,1160,GO_Molecular_Function_2023
Transcription Coregulator Binding (GO:0001221),15/99,0.01714324159071067,2.9251403618215845,21.875488978089997,SUZ12;HDAC3;EED;EHMT2;CHD6;EHMT1;WIZ;CHD4;CTCF;MED6;SMARCA4;CNOT2;MTF2;EP300;FLYWCH1,Ybx1,rmats,1160,GO_Molecular_Function_2023
DNA Replication Origin Binding (GO:0003688),5/13,0.01714324159071067,10.19047619047619,76.19723714219255,ORC5;ORC1;ORC2;MCM10;CDC6,Ybx1,rmats,1160,GO_Molecular_Function_2023
tRNA Binding (GO:0000049),10/51,0.01728738067001998,3.9870625662778365,29.584546614003823,SARS2;AARS2;TYW5;ALKBH1;PUS1;DARS2;TRNAU1AP;ELP5;YARS2;PSTK,Ybx1,rmats,1160,GO_Molecular_Function_2023
snRNA Binding (GO:0017069),9/43,0.01866968232114085,4.324985945724945,31.55808978698062,PRPF4;LSM7;SNRNP70;GEMIN5;SNRPA1;HNRNPC;RNPC3;RBM7;LSM2,Ybx1,rmats,1160,GO_Molecular_Function_2023
Ubiquitin Conjugating Enzyme Binding (GO:0031624),7/28,0.02304427040908172,5.440589765828274,38.31113089083837,RNF14;ARIH2;DCUN1D2;RNF19B;MARCHF7;AUP1;ARIH1,Ybx1,rmats,1160,GO_Molecular_Function_2023
Single-Stranded DNA Binding (GO:0003697),14/96,0.03155830549199826,2.7945771080747455,18.681034321360293,CTC1;BLM;MCM10;RAD23A;SMC6;RTF1;SAMHD1;REXO4;RAD51AP1;MMS22L;FUBP3;POLR3C;PCBP2;PMS2,Ybx1,rmats,1160,GO_Molecular_Function_2023
Microtubule Binding (GO:0008017),26/239,0.03740728465594014,2.005042601286733,12.980433221767843,CEP57;TUBGCP2;SPAST;RACGAP1;OPA1;HAUS8;TOGARAM1;DLGAP5;CDK5RAP2;MAP4K4;ENKD1;CLASP2;FBXW11;KIF23;MACO1;HAUS6;DNM2;EML4;CAMSAP3;CDK5;HOOK2;PRC1;REEP3;TUBGCP3;ARHGEF2;GAPDH,Ybx1,rmats,1160,GO_Molecular_Function_2023
ADP-D-ribose Modification-Dependent Protein Binding (GO:0160002),3/5,0.041518406008860025,24.422644770959376,154.6051563685674,PARP2;CHD1L;MACROH2A1,Ybx1,rmats,1160,GO_Molecular_Function_2023
Tubulin Binding (GO:0015631),32/322,0.04796255593840821,1.814624602592321,11.156997580502823,CEP57;GPAA1;TUBGCP2;SPAST;RACGAP1;OPA1;HAUS8;STMN1;TOGARAM1;DLGAP5;CDK5RAP2;APPL1;MAP4K4;ENKD1;CLASP2;KIF23;MACO1;HAUS6;DNM2;EML4;NISCH;TTLL4;CDK5;HOOK2;IFT81;PRC1;REEP3;TBCE;TUBGCP3;ARHGEF2;ARHGEF7;GAPDH,Ybx1,rmats,1160,GO_Molecular_Function_2023
DNA Metabolic Process (GO:0006259),45/288,1.908637973415019e-6,3.088689586447434,63.469465972519366,TOP2A;RTEL1;BLM;INO80E;TRRAP;PNKP;NUDT1;MCM10;SAMHD1;MACROH2A1;ORC5;RAD51AP1;POLD3;TFPT;HPF1;ORC6;ORC1;ALKBH1;RUVBL2;ORC2;RBBP8;SMARCAD1;KMT5B;POLE;POLG;MUTYH;CTC1;TCF7L2;XRCC6;UBE2B;PARP2;INTS3;MCRS1;FANCA;CHD1L;LRWD1;GTF2H4;REXO4;SUPV3L1;POLA2;POLE2;PWWP3A;UBE2V2;MMS19;RAD9A,Ybx1,rmats,1160,GO_Biological_Process_2023
Chromatin Organization (GO:0006325),43/268,1.908637973415019e-6,3.184900029841838,65.4017103501308,HDAC4;SUV39H2;INO80E;KDM5C;PAXIP1;HDAC3;CHD6;EHMT1;CHD4;CTCF;MACROH2A1;ING4;TFPT;CHAF1A;RUVBL2;PWWP2A;SMARCAD1;BRD9;SUDS3;JARID2;HMGN2;MTA3;MBD3;SS18;SMARCC1;PBRM1;CHTOP;TCF7L1;PHC1;MCRS1;PCGF2;CHD1L;LRWD1;ARID1B;HCFC1;SMARCA4;GATAD2A;ZZZ3;MTF2;PWWP3A;HNRNPC;HDGFL2;FAM50A,Ybx1,rmats,1160,GO_Biological_Process_2023
Positive Regulation Of DNA-templated Transcription (GO:0045893),121/1243,9.320210624941664e-6,1.8390420653343147,33.87601786139888,APP;PRDM4;TRRAP;CCNC;RBPJ;GABPB1;SALL1;RUVBL2;ZMIZ2;EP300;RNF111;CDK5RAP2;GTF2I;SMARCC1;FBXW11;THOC1;WDR75;MED6;HCFC1;JMJD6;THAP3;MORF4L1;ILF3;KAT6A;ZSCAN21;DXO;KMT2E;KMT2D;INO80E;BLM;ENY2;MAX;MAZ;STXBP2;BCL2L12;MBTD1;DEAF1;RPRD1B;OTX2;MAP2K5;SMAD2;XRCC6;RFXANK;SMARCA4;SETX;FUBP3;MKRN2;MMS19;TCF3;OGT;NFE2L1;RNF10;RNF14;AKAP8L;CHD6;CHD4;CTCF;SGF29;YBX1;MED12;IKBKB;PPP3CB;NCK2;GABPA;SS18;PPP1R12A;CHUK;PRMT2;TCF12;TFE3;CKAP2;PEX2;ETV4;ARID1B;ZFP90;GNL3;DNM2;SENP1;MED22;TOX3;TFDP1;ELF3;ARHGEF2;HDAC4;GTF2A2;KDM3A;HDAC3;SRF;GPS2;MOSPD1;RNF4;RXRB;TFPT;EPCAM;HSF1;NRIP1;APBB2;MTA3;E2F8;BRD4;MBD3;ATF7IP;TCF7L2;MCRS1;NR1H2;IRX3;STAT3;RRP1B;USF2;USF1;GATAD2A;VEGFA;TFAP4;KANSL1;KANSL3;TAF6;NAA16;QRICH1;SSBP3;TAF2;SSBP4,Ybx1,rmats,1160,GO_Biological_Process_2023
Chromatin Remodeling (GO:0006338),37/228,9.320210624941664e-6,3.2169488048561026,58.52108078790633,HDAC4;SUV39H2;INO80E;KDM5C;PAXIP1;CHD6;CHD4;CTCF;MACROH2A1;TFPT;HPF1;RUVBL2;UBR5;PWWP2A;SMARCAD1;BRD9;SUDS3;JARID2;MTA3;MBD3;SS18;SMARCC1;PBRM1;CHTOP;PHC1;SETDB1;PARP2;MCRS1;PCGF2;CHD1L;ARID1B;HCFC1;SMARCA4;GATAD2A;MTF2;HNRNPC;HDGFL2,Ybx1,rmats,1160,GO_Biological_Process_2023
Regulation Of RNA Splicing (GO:0043484),23/102,9.320210624941664e-6,4.803925497923695,86.62845559611777,RBM39;ENY2;TIA1;TRRAP;CELF1;SGF29;RRP1B;CLK4;CLK3;JMJD6;CLK2;SRPK1;CLK1;SETX;PTBP1;SON;POLR2A;SNRNP70;FASTK;ESRP1;HNRNPH2;CCNL2;FAM50A,Ybx1,rmats,1160,GO_Biological_Process_2023
Regulation Of Cell Cycle (GO:0051726),43/298,1.6413339008623345e-5,2.805676970877877,48.49505116055045,ANKRD17;INTS13;INO80E;ANAPC15;ANAPC16;UHRF2;TRRAP;HTRA2;SGF29;MBTD1;ING4;TFPT;RPS6KA2;RUVBL2;RPRD1B;CCNL2;KAT14;DLGAP5;MAP2K6;CDT1;NEK9;MCRS1;STAT3;TSC2;RAD23A;PUM1;CDK11B;HCFC1;GADD45G;RNF167;MORF4L1;ZZZ3;SON;CDK5;BIN1;MDM2;CDK10;ANAPC5;TAF6;TARDBP;ANAPC1;CDKN3;ANAPC2,Ybx1,rmats,1160,GO_Biological_Process_2023
Positive Regulation Of Nucleic Acid-Templated Transcription (GO:1903508),65/557,2.686745840392357e-5,2.213720904332331,36.83110164353945,RNF10;TRRAP;RNF14;CHD4;CTCF;SGF29;IKBKB;MED12;PPP3CB;SALL1;RUVBL2;EP300;RNF111;CDK5RAP2;SMARCC1;CHUK;PRMT2;FBXW11;TFE3;ARID1B;ZFP90;HCFC1;JMJD6;DNM2;MED22;MORF4L1;ILF3;KAT6A;DXO;KMT2E;HDAC4;BLM;ENY2;INO80E;KDM3A;MAX;MAZ;RNF4;MBTD1;RXRB;TFPT;DEAF1;OTX2;MTA3;BRD4;MBD3;SMAD2;ATF7IP;XRCC6;MCRS1;NR1H2;STAT3;GATAD2A;SMARCA4;TFAP4;FUBP3;KANSL1;KANSL3;MMS19;NAA16;QRICH1;TAF6;TCF3;OGT;TAF2,Ybx1,rmats,1160,GO_Biological_Process_2023
RNA Processing (GO:0006396),31/183,2.725686286126753e-5,3.375879912358398,55.66732698746639,PDCD7;CELF1;FASTKD2;GEMIN2;FASTKD3;AKAP8L;HNRNPR;ADAR;RNPC3;DEDD2;RSRC1;FASTK;RBM5;RBM39;SCAF11;PABPC4;THOC1;ZCRB1;LSM5;SRPK1;SETX;PRPF4;SON;SCNM1;HNRNPA2B1;LUC7L3;RNPS1;SNRPA1;SNRNP48;HNRNPC;TARDBP,Ybx1,rmats,1160,GO_Biological_Process_2023
DNA Repair (GO:0006281),41/291,4.443921767041411e-5,2.7245397676496874,43.27420198611089,BLM;TRRAP;MPG;PNKP;NUDT1;CIB1;MACROH2A1;RAD51AP1;POLD3;HPF1;ALKBH1;NSD2;RBBP8;PMS2;KMT5B;POLE;NHEJ1;PMS1;MUTYH;PIAS4;XRCC6;SLC30A9;UBE2B;PARP2;INTS3;EYA3;FANCA;SIRT6;RAD23A;CHD1L;FANCE;GTF2H4;REXO4;SETX;POLE2;PWWP3A;UBE2V2;ERCC8;MMS19;RHNO1;RAD9A,Ybx1,rmats,1160,GO_Biological_Process_2023
Histone Modification (GO:0016570),18/81,2.1397331829345461e-4,4.697773329997498,66.73672838479472,HDAC4;MBD3;ENY2;HDAC3;UBE2B;TRRAP;CHD4;SIRT6;GATAD2A;ING4;MBTD1;MORF4L1;RUVBL2;BRMS1L;EP300;SUDS3;MTA3;KAT14,Ybx1,rmats,1160,GO_Biological_Process_2023
Positive Regulation Of Transcription By RNA Polymerase II (GO:0045944),91/938,2.4401233428825912e-4,1.8083556888727397,25.216832709970255,RNF10;APP;PRDM4;ZMYND8;AKAP8L;CHD6;CCNC;YBX1;RBPJ;GABPB1;MED15;IKBKB;MED12;PPP3CB;SALL1;RUVBL2;ZMIZ2;NCK2;PWWP2A;EP300;GABPA;GTF2I;SS18;PPP1R12A;TBP;CHUK;TCF12;TFE3;MED8;CKAP2;PEX2;ETV4;MED6;HCFC1;JMJD6;SENP1;MED22;THAP3;TOX3;TFDP1;ELF3;MED20;ZSCAN21;ARHGEF2;HDAC4;KMT2D;GTF2A2;PAXIP1;HDAC3;MAX;SRF;STXBP2;GPS2;MOSPD1;RNF4;BCL2L12;RXRB;EPCAM;HSF1;NRIP1;APBB2;OTX2;RPRD1B;MAP2K5;E2F8;BRD4;SMAD2;TCF7L2;XRCC6;TAF13;MCRS1;NR1H2;IRX3;STAT3;RFXANK;RRP1B;USF2;USF1;SMARCA4;VEGFA;SETX;FUBP3;KANSL3;MKRN2;TAF6;TCF3;OGT;SSBP3;NFE2L1;TAF2;SSBP4,Ybx1,rmats,1160,GO_Biological_Process_2023
Regulation Of RNA Metabolic Process (GO:0051252),19/91,2.4401233428825912e-4,4.34063686824423,60.30162555127176,ENY2;CELF1;TRRAP;SGF29;RRP1B;CLK4;CLK3;TARBP2;CLK2;CLK1;PTBP1;SON;SNRNP70;FASTK;ESRP1;PCBP2;HNRNPH2;CCNL2;FAM50A,Ybx1,rmats,1160,GO_Biological_Process_2023
Positive Regulation Of DNA-templated Transcription Initiation (GO:2000144),14/56,6.413591878810607e-4,5.467713787085515,70.23787711378739,GTF2A2;TBP;PAXIP1;TAF13;SRF;MED8;MED15;MED6;MED12;SETX;MED22;MED20;TAF6;TAF2,Ybx1,rmats,1160,GO_Biological_Process_2023
Regulation Of Transcription Initiation By RNA Polymerase II (GO:0060260),14/57,7.476307071489825e-4,5.340273550062909,67.38626367098327,GTF2A2;TBP;PAXIP1;TAF13;SRF;MED8;MED15;MED6;MED12;MED22;MED20;PWWP2A;TAF6;TAF2,Ybx1,rmats,1160,GO_Biological_Process_2023
Ubiquitin-Dependent Protein Catabolic Process (GO:0006511),44/367,8.521663611207056e-4,2.260250563156785,28.069234905861574,TSG101;PSMD14;RNF14;RHOBTB3;RNF19B;UBR3;FBXO21;RNF4;BAG6;RNF115;SHARPIN;PCBP2;ARIH2;UFD1;ARIH1;UBQLN4;RNF111;UBL7;ATE1;AREL1;FBXW5;UBE2B;ARRDC1;USP9X;FBXW11;SMURF1;RNF25;RAD23A;ARMC8;NTAN1;CHFR;TOM1L1;RNF167;KCTD10;GID8;TTC3;MDM2;MKRN2;UBAP1;SPOPL;ERCC8;RBCK1;CHMP7;VPS28,Ybx1,rmats,1160,GO_Biological_Process_2023
Double-Strand Break Repair (GO:0006302),26/168,8.728400763247818e-4,3.0190277467272773,37.22500309049929,BLM;PSMD14;ZMYND8;PNKP;CIB1;CHD4;SMC6;SAMHD1;RAD54B;MBTD1;RAD51AP1;HPF1;NSD2;RBBP8;SMARCAD1;NHEJ1;PIAS4;XRCC6;PARP2;INTS3;EYA3;SIRT6;SETX;MORF4L1;MMS22L;UBE2V2,Ybx1,rmats,1160,GO_Biological_Process_2023
Regulation Of Translation (GO:0006417),29/202,0.0010513244089469843,2.7667111308729804,33.32452132161841,EIF4A2;APP;GRB7;NOLC1;RPS27L;MTIF2;YBX1;TCOF1;ALKBH1;TIA1;EIF2B2;NSUN5;CIRBP;CNOT10;ELP5;ILF3;EIF5;RPS6KB1;CSDE1;SERBP1;GEMIN5;MAPKAPK5;ZCCHC4;EIF4E2;EIF4G3;OGT;GAPDH;METAP1;EIF4G1,Ybx1,rmats,1160,GO_Biological_Process_2023
Positive Regulation Of Transcription Initiation By RNA Polymerase II (GO:0060261),13/52,0.0010513244089469843,5.463818657367044,65.70948313070102,GTF2A2;TBP;PAXIP1;TAF13;SRF;MED8;MED15;MED6;MED12;MED22;MED20;TAF6;TAF2,Ybx1,rmats,1160,GO_Biological_Process_2023
Regulation Of DNA Metabolic Process (GO:0051052),21/124,0.001401433857932707,3.3539640461314217,39.07302078332298,ANKRD17;ENY2;INO80E;TRRAP;EHMT2;MCRS1;THOC1;SMC6;SGF29;TOM1L1;ORC5;ING4;TFPT;RUVBL2;UBE2V2;USP1;SMARCAD1;TAF6;MPV17;MPHOSPH8;TAF2,Ybx1,rmats,1160,GO_Biological_Process_2023
Histone H4 Acetylation (GO:0043967),11/39,0.001401433857932707,6.432052716648017,74.827202475821,ING4;MBTD1;MORF4L1;NAA40;KANSL1;TRRAP;RUVBL2;MCRS1;KANSL3;OGT;HCFC1,Ybx1,rmats,1160,GO_Biological_Process_2023
Regulation Of Embryonic Development (GO:0045995),14/62,0.0014352013169727075,4.782722513089006,55.29251801317985,INO80E;MCRS1;RBM19;EHMT1;SGF29;BAG6;TFPT;RPS6KA6;ZZZ3;RACGAP1;RUVBL2;OTX2;KAT14;CLASP2,Ybx1,rmats,1160,GO_Biological_Process_2023
Protein Deacetylation (GO:0006476),11/40,0.0016656936527791701,6.209927673239099,70.57850571750114,HDAC4;MBD3;MORF4L1;HDAC3;BRMS1L;FLNA;CHD4;SIRT6;SUDS3;MTA3;GATAD2A,Ybx1,rmats,1160,GO_Biological_Process_2023
Protein Transport (GO:0015031),38/313,0.0018109123970864282,2.286404148436234,25.63154109509428,RAB5C;SAR1A;STXBP2;ARHGAP1;GCC2;MIA3;AP4M1;SCAMP4;GGA1;GOLGA4;DENND10;TLK1;ARFIP1;RAB6A;TMED5;SEC31A;RAB8B;CTSA;ACD;ARRDC1;STX8;ARRDC3;TIMM21;FAM91A1;SCAMP2;DNM2;CENPF;SEC23IP;PREPL;RAB34;RABL3;PICK1;RAB3GAP2;PREB;COPG2;ARHGEF2;VPS45;PHAF1,Ybx1,rmats,1160,GO_Biological_Process_2023
Intracellular Protein Transport (GO:0006886),39/325,0.0018109123970864282,2.2569945665396154,25.266671975990942,RPAIN;POM121;RAB5C;TSG101;NXT1;SAR1A;STXBP2;AP4M1;GGA1;TLK1;ARFIP1;NUP88;RAB6A;TNPO2;TMED5;TNPO3;SEC31A;APPL1;CTSA;ACD;RANBP3;STRADA;SMURF1;APLP2;STX8;STAT3;TSC2;TIMM21;FAM91A1;CAMSAP3;SEC23IP;RABL3;PICK1;RAB3GAP2;UBAP1;PREB;ARHGEF2;VPS45;VPS28,Ybx1,rmats,1160,GO_Biological_Process_2023
Regulation Of DNA Repair (GO:0006282),21/129,0.002065639539967925,3.1978343576236465,35.24780810863003,SMARCC1;ENY2;INO80E;PBRM1;TMEM161A;TRRAP;EYA3;MCRS1;SGF29;ARID1B;SMARCA4;MBTD1;MORF4L1;TFPT;PPP4R2;RUVBL2;UBR5;UBE2V2;USP1;TAF6;TAF2,Ybx1,rmats,1160,GO_Biological_Process_2023
Positive Regulation Of Double-Strand Break Repair (GO:2000781),16/84,0.002735911418448324,3.8609625668449197,41.32061650289753,PIAS4;PBRM1;SMARCC1;TRRAP;PNKP;SIRT6;ARID1B;SMARCA4;MBTD1;RAD51AP1;MORF4L1;RUVBL2;UBE2V2;KMT5B;MMS19;HDGFL2,Ybx1,rmats,1160,GO_Biological_Process_2023
tRNA Modification (GO:0006400),14/67,0.0028636081627799294,4.330369784978103,45.983313375845526,AARS2;TYW5;PUS1;TRMT1;ELP5;FTSJ1;TRIT1;GTPBP3;QTRT1;DTWD1;CTU2;QTRT2;ALKBH1;TRMT6,Ybx1,rmats,1160,GO_Biological_Process_2023
Histone Deacetylation (GO:0016575),10/36,0.002973134827132696,6.292307692307692,66.3517169578468,HDAC4;MBD3;MORF4L1;HDAC3;BRMS1L;CHD4;SIRT6;SUDS3;MTA3;GATAD2A,Ybx1,rmats,1160,GO_Biological_Process_2023
DNA Damage Response (GO:0006974),43/384,0.0030680419767396532,2.0883782229841663,21.88282039789444,TOP2A;RTEL1;BLM;TRRAP;USP10;PNKP;NUDT1;HTRA2;CIB1;MCM10;SMC6;SAMHD1;MACROH2A1;RAD51AP1;HPF1;ALKBH1;UBR5;RBBP8;KMT5B;BID;UBQLN4;MAP2K6;MUTYH;UBE2B;PARP2;INTS3;FANCA;PPP4R3A;VRK1;CHD1L;ZDHHC16;MAPK14;GTF2H4;REXO4;SETX;TTC5;POLE2;PWWP3A;ERCC8;MMS19;FLYWCH1;HDGFL2;RAD9A,Ybx1,rmats,1160,GO_Biological_Process_2023
Non-Membrane-Bounded Organelle Assembly (GO:0140694),21/135,0.0034806190505171433,3.028556905873111,31.24958219028999,CENPT;GRB7;TIA1;HDAC3;TUBGCP2;CIRBP;HAUS3;HAUS6;AUP1;HAUS5;CENPA;CENPF;NCOR1;HAUS8;CSDE1;SH3PXD2B;G3BP2;RCC1;UBAP2L;TUBGCP3;DLGAP5,Ybx1,rmats,1160,GO_Biological_Process_2023
DNA-templated DNA Replication (GO:0006261),14/69,0.003535192344006974,4.1724575598921145,42.85097384017768,BLM;RFC1;PNKP;MCM10;LRWD1;ORC5;POLD3;POLA2;ORC6;ORC1;POLE2;ORC2;POLE;POLG,Ybx1,rmats,1160,GO_Biological_Process_2023
"mRNA Splicing, Via Spliceosome (GO:0000398)",28/211,0.003650373694856384,2.521751723338933,25.737375971495055,DBR1;GEMIN2;HNRNPR;WDR83;RNPC3;U2AF1L4;RSRC1;SNRNP70;TRA2A;RBM5;SCAF11;RBM19;LSM5;DNAJC17;SRPK1;LSM2;XAB2;PRPF4;LSM7;SCNM1;SYF2;CWF19L1;HNRNPA2B1;RSRP1;GEMIN5;RNPS1;SNRPA1;HNRNPC,Ybx1,rmats,1160,GO_Biological_Process_2023
Regulation Of Cellular Response To Stress (GO:0080135),18/107,0.00394157053039238,3.320785532969952,33.53537935797732,ENY2;INO80E;TRRAP;MCRS1;SGF29;USP19;CLN3;TFPT;RUVBL2;HSF1;UBE2V2;SMYD2;USP1;EP300;TAF6;KMT5A;TAF2;EIF4G1,Ybx1,rmats,1160,GO_Biological_Process_2023
RNA Splicing (GO:0008380),17/98,0.004102543869989786,3.44450925115842,34.505954575622155,DBR1;PDCD7;SCAF11;GEMIN2;WDR83;ZCRB1;RNPC3;SRPK1;PRPF4;SCNM1;RSRC1;LUC7L3;RNPS1;SNRPA1;SNRNP48;HNRNPC;TARDBP,Ybx1,rmats,1160,GO_Biological_Process_2023
Protein Localization To Chromatin (GO:0071168),9/31,0.004102543869989786,6.688334254798199,66.88173733344854,MMS22L;ZMYND8;RUVBL2;SGF29;LRWD1;PPHLN1;CENPA;MACROH2A1;CHMP7,Ybx1,rmats,1160,GO_Biological_Process_2023
mRNA Processing (GO:0006397),28/214,0.004190393707054807,2.4806793571184316,24.683756006092306,DBR1;CELF1;GEMIN2;HNRNPR;WDR83;RNPC3;U2AF1L4;RSRC1;SNRNP70;TRA2A;PAPOLA;RPRD1B;RBM5;SCAF11;RBM19;LSM5;LSM2;XAB2;PRPF4;LSM7;SON;SYF2;CWF19L1;HNRNPA2B1;GEMIN5;RNPS1;SNRPA1;HNRNPC,Ybx1,rmats,1160,GO_Biological_Process_2023
Spindle Assembly (GO:0051225),15/81,0.004845833644720996,3.7264787614132593,36.43630974082426,HDAC3;TUBGCP2;HAUS3;HAUS6;HAUS5;WRAP73;TPX2;NCOR1;STAG2;HAUS8;RCC1;FLNA;TUBGCP3;PIBF1;CLASP2,Ybx1,rmats,1160,GO_Biological_Process_2023
Positive Regulation Of Mitochondrial Translation (GO:0070131),6/14,0.006271542113492915,12.239168110918545,116.18773077288698,FASTKD2;FASTKD3;RMND1;RPUSD3;MPV17L2;RCC1L,Ybx1,rmats,1160,GO_Biological_Process_2023
Endocytosis (GO:0006897),25/189,0.007965154185839152,2.508327065649511,23.11417325223061,LMBR1L;APP;PIK3C2A;RABEPK;TM9SF4;AP3M1;CLN3;CYTH2;PACSIN2;ATP6V1H;PIP5K1C;PDLIM7;RALBP1;TSC2;EPS15L1;JMJD6;DNM2;GAK;NECAP2;BIN3;HOOK2;BIN1;RAB34;OCIAD1;CSNK1G2,Ybx1,rmats,1160,GO_Biological_Process_2023
Mitotic Spindle Organization (GO:0007052),15/85,0.007965154185839152,3.512788521522146,32.32734808385774,INTS13;KIF23;WRAP73;TPX2;SPAST;STAG2;CENPH;PRC1;STMN1;TBCE;RCC1;FLNA;PIBF1;DLGAP5;CLASP2,Ybx1,rmats,1160,GO_Biological_Process_2023
DNA Replication Initiation (GO:0006270),7/21,0.009465911727363777,8.163920208152645,73.5197435938279,ORC5;POLA2;ORC6;ORC1;ORC2;MCM10;LRWD1,Ybx1,rmats,1160,GO_Biological_Process_2023
Regulation Of mRNA Processing (GO:0050684),9/35,0.009706312374866998,5.658156786740627,50.675975608602606,RBM39;TIA1;SON;SLTM;PAPOLA;SAFB2;CDK11B;JMJD6;SRPK1,Ybx1,rmats,1160,GO_Biological_Process_2023
Regulation Of Chromosome Segregation (GO:0051983),8/28,0.010064080705432727,6.534722222222222,58.13643372679862,CDCA2;NCAPH2;NCAPD2;SMC6;CDC6;NCAPD3;PUM1;PUM2,Ybx1,rmats,1160,GO_Biological_Process_2023
Positive Regulation Of Translation (GO:0045727),17/108,0.011182206476160658,3.064357339947891,26.868903713592186,FASTKD2;NSUN5;FASTKD3;RMND1;CIRBP;MPV17L2;RPS27L;YBX1;RCC1L;PKM;RPS6KB1;CSDE1;RPUSD3;RPS6KB2;ZCCHC4;EIF4G3;OGT,Ybx1,rmats,1160,GO_Biological_Process_2023
Protein Targeting To Peroxisome (GO:0006625),6/16,0.012772111983204297,9.790294627383016,84.3217395659071,PEX19;ZFAND6;PEX6;PEX2;PEX26;RAB8B,Ybx1,rmats,1160,GO_Biological_Process_2023
Regulation Of Double-Strand Break Repair Via Homologous Recombination (GO:0010569),13/71,0.01333227980073351,3.6702341941496557,31.3262211243299,PIAS4;RTEL1;TRRAP;SIRT6;MBTD1;RAD51AP1;MORF4L1;PPP4R2;RUVBL2;MMS19;KMT5A;HDGFL2;UBQLN4,Ybx1,rmats,1160,GO_Biological_Process_2023
Regulation Of Organelle Organization (GO:0033043),16/100,0.01333227980073351,3.122877122877123,26.626835630362617,SLC30A9;INO80E;SAR1A;MCRS1;MFF;PTK2;CAMSAP3;CLN3;TFPT;RHOT1;RUVBL2;VPS11;EP300;PREB;ATP13A2;ATG5,Ybx1,rmats,1160,GO_Biological_Process_2023
Mitotic Cell Cycle Phase Transition (GO:0044772),17/111,0.014401417097223273,2.966084026730701,24.99871283584315,CDC7;CDC25C;DNM2;CCND3;SPAST;CCNE2;RPS6KB1;ENSA;RCC1;POLE;CACUL1;CHMP7;ANAPC1;TAF2;ANAPC2;CLASP2;CDKN3,Ybx1,rmats,1160,GO_Biological_Process_2023
Proteasome-Mediated Ubiquitin-Dependent Protein Catabolic Process (GO:0043161),35/319,0.014505788716667942,2.0327386541471046,17.075710476013114,RNF10;ANAPC15;ANAPC16;PSMD14;FAF2;RHOBTB3;UBR3;AUP1;UBR1;UBE2J2;RNF4;USP19;UBE2J1;ECPAS;BAG6;AMN1;SHARPIN;PCBP2;UFD1;FBXW5;UBE2B;FBXW11;SMURF1;FBXO17;RAD23A;ARMC8;KCTD10;GID8;MDM2;SPOPL;ERCC8;ANAPC5;RBCK1;ANAPC1;ANAPC2,Ybx1,rmats,1160,GO_Biological_Process_2023
Peroxisomal Membrane Transport (GO:0015919),6/17,0.016895612513775027,8.899795178824641,73.2242958327088,ABCD4;PEX19;PEX6;PEX2;PEX26;RAB8B,Ybx1,rmats,1160,GO_Biological_Process_2023
Regulation Of Mitotic Cell Cycle (GO:0007346),18/125,0.019264874847118363,2.7594971929881993,22.230169370362646,APP;NEK9;INTS13;ANAPC15;CDCA2;ANAPC16;CDC25C;CDK11B;TFAP4;RPS6KB1;HSF1;MDM2;RCC1;CDK10;ANAPC5;ANAPC1;DLGAP5;ANAPC2,Ybx1,rmats,1160,GO_Biological_Process_2023
"Regulation Of mRNA Splicing, Via Spliceosome (GO:0048024)",15/94,0.019264874847118363,3.111104969321762,25.038695456200774,RBM39;DAZAP1;RBM25;TIA1;RBFOX2;CELF1;CIRBP;JMJD6;SRPK1;PTBP1;SON;TRA2A;RNPS1;RBM7;RBM5,Ybx1,rmats,1160,GO_Biological_Process_2023
Modification-Dependent Protein Catabolic Process (GO:0019941),24/192,0.019264874847118363,2.348088531187123,18.87426411485711,AREL1;PSMD14;UBE2B;ARRDC1;SMURF1;RNF14;RNF25;RNF19B;UBR3;FBXO21;NTAN1;CHFR;BAG6;RNF167;KCTD10;TTC3;MDM2;MKRN2;ARIH2;UFD1;ARIH1;UBQLN4;UBL7;PCYOX1,Ybx1,rmats,1160,GO_Biological_Process_2023
Protein Modification By Small Protein Conjugation (GO:0032446),38/364,0.019313095889871,1.923416773290465,15.370458437941632,HDAC4;MARCHF2;ANAPC16;UHRF2;RNF14;DCUN1D2;UBR3;SMC6;UBR1;RNF115;ZMIZ2;VPS11;ARIH2;TRIM26;ARIH1;ATG7;RNF111;PIAS4;UBE2F;AREL1;FBXW5;UBE2B;ARRDC1;USP9X;FBXW11;SMURF1;RNF25;AKTIP;CHFR;BSPRY;SENP1;TRAF7;KCTD10;UBE2V2;MDM2;MKRN2;UBA3;RNF181,Ybx1,rmats,1160,GO_Biological_Process_2023
DNA Ligation (GO:0006266),4/7,0.019313095889871,21.726643598615915,173.39122164377522,TOP2A;XRCC6;PNKP;NHEJ1,Ybx1,rmats,1160,GO_Biological_Process_2023
tRNA Aminoacylation For Mitochondrial Protein Translation (GO:0070127),4/7,0.019313095889871,21.726643598615915,173.39122164377522,SARS2;DARS2;TARS2;YARS2,Ybx1,rmats,1160,GO_Biological_Process_2023
Recombinational Repair (GO:0000725),15/95,0.019842952979922876,3.072052401746725,24.36273803354618,BLM;XRCC6;PSMD14;ZMYND8;INTS3;CHD4;SMC6;SAMHD1;RAD54B;MBTD1;RAD51AP1;MMS22L;MORF4L1;RBBP8;RHNO1,Ybx1,rmats,1160,GO_Biological_Process_2023
Positive Regulation Of Histone H3-K4 Methylation (GO:0051571),5/12,0.019842952979922876,11.64687693259122,92.1732428809819,KANSL1;KANSL3;MCRS1;OGT;HCFC1,Ybx1,rmats,1160,GO_Biological_Process_2023
Histone Lysine Methylation (GO:0034968),8/32,0.019842952979922876,5.444444444444445,42.9268409330762,KMT2D;SUV39H2;PAXIP1;SETDB1;WDR82;EHMT2;SMYD2;HCFC1,Ybx1,rmats,1160,GO_Biological_Process_2023
miRNA Processing (GO:0035196),8/32,0.019842952979922876,5.444444444444445,42.9268409330762,SMAD2;SRRT;HNRNPA2B1;DGCR8;PUM1;SPOUT1;TARBP2;PUM2,Ybx1,rmats,1160,GO_Biological_Process_2023
Protein Ubiquitination (GO:0016567),43/434,0.022792195193569918,1.8163994257544986,14.039719991389816,RNF10;MARCHF2;ANAPC16;UHRF2;RNF14;RNF19B;UBR3;UBE3A;UBR1;UBE2J2;RNF4;RNFT1;UBE2J1;RNF115;UBR5;VPS11;ARIH2;MARCHF7;TRIM26;ARIH1;RNF111;AREL1;FBXW5;UBE2B;USP9X;RNF25;ARRDC1;FBXW11;SMURF1;FANCA;PEX2;FANCE;CHFR;BSPRY;RNF167;TRAF7;KCTD10;MDM2;UBE2V2;MKRN2;RNF181;ERCC8;RBCK1,Ybx1,rmats,1160,GO_Biological_Process_2023
Golgi Vesicle Transport (GO:0048193),24/197,0.02409635377271823,2.2796141007897095,17.45619143167161,SAR1A;PITPNB;COG4;GCC2;MIA3;SCAMP2;DNM2;AP4M1;GOLGA4;TRAPPC6A;MYO1B;SPAST;TRAPPC6B;PICK1;TRAPPC11;PREB;COPG2;RAB6A;SEC24C;TMED5;COPE;SEC31A;VTI1B;RAB8B,Ybx1,rmats,1160,GO_Biological_Process_2023
Regulation Of Multicellular Organismal Development (GO:2000026),11/59,0.025517644871463487,3.748041775456919,28.415183203415,BAG6;TFPT;INO80E;ZZZ3;RACGAP1;RUVBL2;KAT6A;MCRS1;EHMT1;SGF29;KAT14,Ybx1,rmats,1160,GO_Biological_Process_2023
Regulation Of Double-Strand Break Repair (GO:2000779),14/88,0.025517644871463487,3.0980142446111034,23.447203224510908,PBRM1;SMARCC1;RTEL1;TRRAP;SIRT6;ARID1B;SMARCA4;MBTD1;RAD51AP1;MORF4L1;PPP4R2;RUVBL2;UBR5;UBE2V2,Ybx1,rmats,1160,GO_Biological_Process_2023
Histone Acetylation (GO:0016573),11/60,0.028272416414232466,3.6713557485657446,27.284862664808472,MBTD1;MORF4L1;ENY2;NAA40;TRRAP;RUVBL2;EP300;TAF6;SGF29;KAT14;TAF2,Ybx1,rmats,1160,GO_Biological_Process_2023
RNA Modification (GO:0009451),10/51,0.028272416414232466,3.9870625662778365,29.584546614003823,QTRT1;DTWD1;AARS2;ALKBH1;ADAR;TRMT1;ELP5;FTSJ1;TRIT1;JMJD6,Ybx1,rmats,1160,GO_Biological_Process_2023
Positive Regulation Of DNA Recombination (GO:0045911),10/51,0.028272416414232466,3.9870625662778365,29.584546614003823,PIAS4;MBTD1;RAD51AP1;MORF4L1;PAXIP1;TRRAP;RUVBL2;KMT5B;MMS19;HDGFL2,Ybx1,rmats,1160,GO_Biological_Process_2023
Establishment Of Protein Localization To Chromatin (GO:0071169),4/8,0.02834210929380114,16.294117647058822,119.50905038678185,RUVBL2;LRWD1;SGF29;MACROH2A1,Ybx1,rmats,1160,GO_Biological_Process_2023
Peptidyl-Lysine Monomethylation (GO:0018026),4/8,0.02834210929380114,16.294117647058822,119.50905038678185,SETD6;SMYD2;EHMT1;KMT5A,Ybx1,rmats,1160,GO_Biological_Process_2023
RNA Metabolic Process (GO:0016070),16/111,0.02834210929380114,2.7596613912403387,20.205649707919516,RBM39;RBFOX2;FASTKD2;PABPC4;THOC1;WDR74;ADAR;DEDD2;SETX;SUPV3L1;PRPF4;ALKBH1;PCBP2;PAPOLA;TENT2;RBM5,Ybx1,rmats,1160,GO_Biological_Process_2023
Mitotic Sister Chromatid Segregation (GO:0000070),16/111,0.02834210929380114,2.7596613912403387,20.205649707919516,NCAPH2;AKAP8L;KIF23;EML4;TPX2;WRAP73;STAG2;PRC1;FLNA;NCAPD2;KMT5A;NCAPD3;PIBF1;CHMP7;DLGAP5;CLASP2,Ybx1,rmats,1160,GO_Biological_Process_2023
Protein Localization (GO:0008104),36/351,0.02834210929380114,1.8835790543975597,13.780690384345254,RAB5C;SAR1A;STXBP2;TM9SF4;AP4M1;GGA1;FHIP1B;SH3PXD2B;NPHP1;FLNA;TLK1;ARFIP1;RAB6A;TMED5;SEC31A;CTSA;ACD;USP9X;IST1;SMURF1;STX8;AKTIP;TSC2;TIMM21;FAM91A1;ATG13;SEC23IP;BIN3;HOOK2;RRAGB;ABHD17A;RABL3;PICK1;RAB3GAP2;ARHGEF2;VPS45,Ybx1,rmats,1160,GO_Biological_Process_2023
Protein Localization To Nucleus (GO:0034504),17/122,0.02834210929380114,2.65379327584052,19.36892479458659,RPAIN;POM121;INTS13;NXT1;APLP2;STAT3;TSC2;TOR1AIP2;PEX2;TOR1B;CTDNEP1;MDM2;NUP88;TNPO2;TNPO3;BANP;APPL1,Ybx1,rmats,1160,GO_Biological_Process_2023
Iron-Sulfur Cluster Assembly (GO:0016226),7/27,0.02834210929380114,5.712922810060711,41.58185839104727,NFS1;NDOR1;FDX2;MMS19;CIAO3;NUBP1;NUBP2,Ybx1,rmats,1160,GO_Biological_Process_2023
Metallo-Sulfur Cluster Assembly (GO:0031163),7/27,0.02834210929380114,5.712922810060711,41.58185839104727,NFS1;NDOR1;FDX2;MMS19;CIAO3;NUBP1;NUBP2,Ybx1,rmats,1160,GO_Biological_Process_2023
Peptidyl-Lysine Methylation (GO:0018022),7/27,0.02834210929380114,5.712922810060711,41.58185839104727,SUV39H2;EHMT2;SETD6;SMYD2;EHMT1;KMT5A;EEF1AKMT2,Ybx1,rmats,1160,GO_Biological_Process_2023
Regulation Of Chromatin Organization (GO:1902275),7/27,0.02834210929380114,5.712922810060711,41.58185839104727,SETD5;KANSL1;MCRS1;KANSL3;TLK1;OGT;HCFC1,Ybx1,rmats,1160,GO_Biological_Process_2023
Positive Regulation Of Telomere Maintenance (GO:0032206),10/52,0.028461062594904406,3.891925465838509,28.252093139094242,TFPT;INO80E;RTEL1;RUVBL2;PNKP;MCRS1;HNRNPA2B1;SIRT6;MAPKAPK5;GNL3,Ybx1,rmats,1160,GO_Biological_Process_2023
DNA Methylation (GO:0006306),6/20,0.028461062594904406,6.9915820747709825,50.592148751514515,KMT2E;ZFP57;EHMT2;EHMT1;PICK1;GATAD2A,Ybx1,rmats,1160,GO_Biological_Process_2023
Regulation Of Protein Localization To Cell Periphery (GO:1904375),6/20,0.028461062594904406,6.9915820747709825,50.592148751514515,CLN3;CDK5;STX8;SIRT6;APPL1;VTI1B,Ybx1,rmats,1160,GO_Biological_Process_2023
Protein Autoubiquitination (GO:0051865),12/71,0.02849647038166247,3.32740801984291,24.032157535915765,RNF10;RNF115;UHRF2;UBE2B;MDM2;RNF19B;MARCHF7;ERCC8;RNF181;UBE3A;RNF4;RNFT1,Ybx1,rmats,1160,GO_Biological_Process_2023
"RNA Splicing, Via Transesterification Reactions With Bulged Adenosine As Nucleophile (GO:0000377)",22/180,0.02944660596522749,2.2858445863273342,16.406460692496495,DBR1;RBM19;HNRNPR;WDR83;RNPC3;LSM5;LSM2;U2AF1L4;PRPF4;XAB2;LSM7;RSRC1;SNRNP70;SYF2;CWF19L1;TRA2A;HNRNPA2B1;GEMIN5;RNPS1;SNRPA1;HNRNPC;RBM5,Ybx1,rmats,1160,GO_Biological_Process_2023
Spliceosomal Complex Assembly (GO:0000245),11/62,0.030092855444455644,3.5270055803000053,25.195470880904477,SETX;CELF1;SCAF11;RSRP1;LUC7L;LUC7L3;SNRPA1;KHDC4;RBM5;LUC7L2;SRPK1,Ybx1,rmats,1160,GO_Biological_Process_2023
Mitotic Spindle Assembly (GO:0090307),9/44,0.03044545408918109,4.201191510487774,29.91232309391504,TPX2;WRAP73;STAG2;RACGAP1;PRC1;FLNA;KIF23;PIBF1;CLASP2,Ybx1,rmats,1160,GO_Biological_Process_2023
Regulation Of Macromolecule Biosynthetic Process (GO:0010556),10/53,0.030465589093034106,3.8012133468149645,26.99859357976686,ING4;TOM1L1;TCOF1;RABL3;GEMIN5;NOLC1;MAPKAPK5;ELP5;ATG13;METAP1,Ybx1,rmats,1160,GO_Biological_Process_2023
Regulation Of Cell Fate Specification (GO:0042659),5/14,0.030465589093034106,9.057720057720058,64.16678519384986,MBD3;ESRP1;CHD4;MTA3;GATAD2A,Ybx1,rmats,1160,GO_Biological_Process_2023
Regulation Of Histone H3-K4 Methylation (GO:0051569),5/14,0.030465589093034106,9.057720057720058,64.16678519384986,KANSL1;MCRS1;KANSL3;OGT;HCFC1,Ybx1,rmats,1160,GO_Biological_Process_2023
Positive Regulation Of Double-Strand Break Repair Via Homologous Recombination (GO:1905168),8/36,0.031663593632336576,4.665674603174603,32.819339276593595,MBTD1;RAD51AP1;PIAS4;MORF4L1;TRRAP;RUVBL2;MMS19;HDGFL2,Ybx1,rmats,1160,GO_Biological_Process_2023
G1/S Transition Of Mitotic Cell Cycle (GO:0000082),11/63,0.032248266521611765,3.458994443328647,24.22892310527789,CCND3;TFDP1;CCNE2;CDK5;RPS6KB1;RCC1;CDC7;POLE;CACUL1;BRD4;CDKN3,Ybx1,rmats,1160,GO_Biological_Process_2023
Epigenetic Regulation Of Gene Expression (GO:0040029),13/83,0.03300768911625381,3.03910823265662,21.18308610365818,HDAC4;SUV39H2;SIRT6;CTCF;SGF29;PPHLN1;ARID1B;MACROH2A1;SMARCA4;ZFP57;MTF2;EP300;MPHOSPH8,Ybx1,rmats,1160,GO_Biological_Process_2023
Regulation Of DNA-templated Transcription (GO:0006355),143/1922,0.035346305029149434,1.3484772360595012,9.29190075223055,PRDM4;TRRAP;EHMT1;JMJD1C;RBPJ;SALL1;RUVBL2;ZMIZ2;EP300;KMT5A;CCNL2;RNF111;CDK5RAP2;PIAS4;SMARCC1;RBFOX2;TLE1;FBXW11;MED8;THOC1;RFX1;MED6;HCFC1;JMJD6;MORF4L1;ILF3;DMTF1;KAT6A;ZSCAN21;DXO;KMT2E;PSMD10;KMT2D;INO80E;BLM;ENY2;MAX;MAZ;DEDD2;MBTD1;SBNO1;DEAF1;ZSCAN10;SAFB2;OTX2;SUDS3;KAT14;SMAD2;XRCC6;PHF12;RFXANK;SMARCA4;ZZZ3;CDK5;FUBP3;CNOT2;MDM2;MMS19;TCF3;OGT;NFE2L1;CC2D1B;SUV39H2;SETD5;RNF10;KDM5C;RNF14;CHD4;CTCF;SGF29;YBX1;MED12;IKBKB;ING4;PPP3CB;ERC1;LRRFIP1;GABPA;SS18;PBRM1;CHUK;PRMT2;EED;TCF12;TFE3;ETV4;LIME1;ARID1B;ZFP90;REXO4;DNM2;MED22;TOX3;NCOR1;TFDP1;SLTM;ELF3;CTDSP1;MED20;MTF2;HDAC4;KDM3A;HDAC3;SRRT;GPS2;WIZ;RNF4;RXRB;TFPT;POLR2A;CUX1;HSF1;NSD2;RBBP8;BRD9;APBB2;MTA3;E2F8;BRD4;MBD3;ATF7IP;TCF7L2;TCF7L1;MCRS1;NR1H2;IRX3;STAT3;MAPK14;CDK11B;USF2;KLF3;USF1;GATAD2A;CENPF;TFAP4;KANSL1;POLR3C;KANSL3;TAF6;NAA16;QRICH1;MPHOSPH8;TAF2,Ybx1,rmats,1160,GO_Biological_Process_2023
Positive Regulation Of Developmental Process (GO:0051094),26/233,0.03641423535301904,2.0638243488485033,14.119614397930167,PAXIP1;SRC;SRF;MFF;FGF8;BRD9;KMT5B;OTX2;SUDS3;CLASP2;SS18;SMARCC1;PBRM1;RALBP1;RBM19;SIRT6;ARID1B;SMARCA4;VEGFA;SLC6A6;DLG5;BRMS1L;ADGRL1;ARHGEF7;OGT;ANAPC2,Ybx1,rmats,1160,GO_Biological_Process_2023
Cytosolic Transport (GO:0016482),17/127,0.03641423535301904,2.5324902568997056,17.320095996908556,ANKRD27;STX8;RHOBTB3;GCC2;BET1L;AP4M1;GAK;CLN3;GGA1;PREPL;HOOK2;FHIP1B;ERC1;RAB6A;TBC1D17;PLEKHJ1;VTI1B,Ybx1,rmats,1160,GO_Biological_Process_2023
protein-RNA Complex Assembly (GO:0022618),19/150,0.03653757137172719,2.378193763338708,16.186557666715693,SCAF11;CELF1;GEMIN2;RPS27L;ADAR;TARBP2;SRPK1;SETX;TRAF7;XAB2;EIF5;RSRP1;LUC7L;GEMIN5;LUC7L3;KHDC4;HNRNPC;RBM5;LUC7L2,Ybx1,rmats,1160,GO_Biological_Process_2023
Mitochondrial RNA Processing (GO:0000963),4/9,0.03653757137172719,13.034602076124568,88.5526968999902,SUPV3L1;FASTKD2;FASTK;FASTKD3,Ybx1,rmats,1160,GO_Biological_Process_2023
Mitochondrial Ribosome Assembly (GO:0061668),4/9,0.03653757137172719,13.034602076124568,88.5526968999902,DHX30;FASTKD2;MPV17L2;MRPS2,Ybx1,rmats,1160,GO_Biological_Process_2023
Regulation Of Protein Localization To Chromatin (GO:1905634),4/9,0.03653757137172719,13.034602076124568,88.5526968999902,PIAS4;SIRT6;VRK1;RNF4,Ybx1,rmats,1160,GO_Biological_Process_2023
mRNA Metabolic Process (GO:0016071),13/85,0.03712652742390968,2.954373728567277,19.921307927913116,CELF1;SCAF11;GEMIN2;AKAP8L;HNRNPR;CNOT10;LSM5;LSM2;SON;HSF1;PCBP2;HNRNPA2B1;DXO,Ybx1,rmats,1160,GO_Biological_Process_2023
Regulation Of Translational Initiation (GO:0006446),11/65,0.03712652742390968,3.3305289623827483,22.43567370119062,EIF4A2;EIF2B2;EIF5;RPS6KB1;ALKBH1;CSDE1;RPS6KB2;NCK2;MTIF2;EIF4G3;EIF4G1,Ybx1,rmats,1160,GO_Biological_Process_2023
Histone H4-K5 Acetylation (GO:0043981),5/15,0.03712652742390968,8.151515151515152,54.83859061392488,ING4;KANSL1;MCRS1;KANSL3;OGT,Ybx1,rmats,1160,GO_Biological_Process_2023
Histone H4-K8 Acetylation (GO:0043982),5/15,0.03712652742390968,8.151515151515152,54.83859061392488,ING4;KANSL1;MCRS1;KANSL3;OGT,Ybx1,rmats,1160,GO_Biological_Process_2023
Regulation Of Telomere Maintenance In Response To DNA Damage (GO:1904505),5/15,0.03712652742390968,8.151515151515152,54.83859061392488,TFPT;INO80E;RTEL1;MCRS1;RUVBL2,Ybx1,rmats,1160,GO_Biological_Process_2023
Regulation Of Mitochondrial Translation (GO:0070129),6/22,0.03817567922152698,6.116984402079723,40.86766366830539,FASTKD2;FASTKD3;RMND1;RPUSD3;MPV17L2;RCC1L,Ybx1,rmats,1160,GO_Biological_Process_2023
RNA Polymerase II Preinitiation Complex Assembly (GO:0051123),10/56,0.03817567922152698,3.5527410207939507,23.653918175161603,MED22;GTF2A2;TBP;TAF13;MED20;MED8;TAF6;MED15;MED6;TAF2,Ybx1,rmats,1160,GO_Biological_Process_2023
Nucleotide-Excision Repair (GO:0006289),10/56,0.03817567922152698,3.5527410207939507,23.653918175161603,POLD3;XAB2;SLC30A9;PNKP;ERCC8;RAD23A;MMS19;POLE;GTF2H4;RNF111,Ybx1,rmats,1160,GO_Biological_Process_2023
Regulation Of Stem Cell Population Maintenance (GO:2000036),10/56,0.03817567922152698,3.5527410207939507,23.653918175161603,SS18;SMARCC1;BRMS1L;CNOT2;CNOT3;SIRT6;BRD9;SUDS3;OGT;SMARCA4,Ybx1,rmats,1160,GO_Biological_Process_2023
Positive Regulation Of Cell Cycle Process (GO:0090068),16/118,0.03817567922152698,2.5693130399012754,17.09026825078832,NCAPH2;WIZ;CDC7;KIF23;SMC6;CDC6;USP19;CDC14B;SPAST;RACGAP1;PKP4;NCAPD2;NCAPD3;MAD1L1;RHNO1;E2F8,Ybx1,rmats,1160,GO_Biological_Process_2023
Organelle Organization (GO:0006996),40/418,0.03857969580236965,1.7443310657596371,11.553947846124608,ABCD4;SAR1A;TAFAZZIN;MAPKAP1;PITPNB;FAF2;TOR1AIP2;MIA3;AUP1;GABPB1;RHOT2;RHOT1;SMPD4;OPA1;VPS11;PACSIN2;TRAPPC11;CEP78;SEC31A;CLASP2;CENPT;PRKCI;CLUH;PEX19;NAA10;COG4;PEX2;WDR73;TOR1B;TJAP1;GAK;SEC23IP;ABI2;BIN1;KAT6A;RAB34;PEX6;ARHGEF7;CHMP7;CEP89,Ybx1,rmats,1160,GO_Biological_Process_2023
Regulation Of Signal Transduction By P53 Class Mediator (GO:1901796),9/47,0.03857969580236965,3.8689011843248435,25.622344737702548,PIP4P1;KAT6A;SMYD2;MDM2;EP300;URB2;MAPKAPK5;KMT5A;MAP2K6,Ybx1,rmats,1160,GO_Biological_Process_2023
Post-Transcriptional Regulation Of Gene Expression (GO:0010608),10/57,0.0424690645147241,3.4769657724329326,22.660981914367508,TCOF1;CELF1;GEMIN5;NOLC1;MAPKAPK5;ELP5;PUM1;SPOUT1;METAP1;PUM2,Ybx1,rmats,1160,GO_Biological_Process_2023
Protein Polyubiquitination (GO:0000209),25/226,0.04248091263552292,2.042540600959958,13.293120241014636,RNF14;RNF19B;UBE3A;UBE2J2;RNF4;UBE2J1;RNF115;SHARPIN;UBR5;ARIH2;ARIH1;AREL1;UBE2B;FBXW11;SMURF1;RNF25;RNF167;TTC3;UBE2V2;MDM2;ERCC8;ANAPC5;RBCK1;ANAPC1;ANAPC2,Ybx1,rmats,1160,GO_Biological_Process_2023
Regulation Of Transcription Elongation By RNA Polymerase II (GO:0034243),12/77,0.042963496393726694,3.0192977753953363,19.586722455136677,MED22;INTS13;ZMYND8;INTS3;MED20;INTS2;MED8;PWWP2A;NELFB;SIRT6;MED15;MED6,Ybx1,rmats,1160,GO_Biological_Process_2023
Internal Peptidyl-Lysine Acetylation (GO:0018393),8/39,0.042963496393726694,4.213485663082437,27.29907520076861,BAG6;MBTD1;ATAT1;MORF4L1;TRRAP;RUVBL2;EP300;KAT14,Ybx1,rmats,1160,GO_Biological_Process_2023
C-terminal Protein Lipidation (GO:0006501),3/5,0.04649010642537957,24.422644770959376,154.6051563685674,ATG16L1;ATG7;ATG5,Ybx1,rmats,1160,GO_Biological_Process_2023
Negative Regulation Of Protein Localization To Chromatin (GO:0120186),3/5,0.04649010642537957,24.422644770959376,154.6051563685674,PIAS4;SIRT6;RNF4,Ybx1,rmats,1160,GO_Biological_Process_2023
Regulation Of Stress Granule Assembly (GO:0062028),3/5,0.04649010642537957,24.422644770959376,154.6051563685674,USP10;G3BP2;UBAP2L,Ybx1,rmats,1160,GO_Biological_Process_2023
Kinetochore Organization (GO:0051383),4/10,0.04649010642537957,10.86159169550173,68.7505920289317,CENPT;CENPF;CENPH;DLGAP5,Ybx1,rmats,1160,GO_Biological_Process_2023
Positive Regulation Of DNA Methylation-Dependent Heterochromatin Formation (GO:0090309),4/10,0.04649010642537957,10.86159169550173,68.7505920289317,SETDB1;PPHLN1;MPHOSPH8;RESF1,Ybx1,rmats,1160,GO_Biological_Process_2023
Positive Regulation Of DNA-templated DNA Replication (GO:2000105),4/10,0.04649010642537957,10.86159169550173,68.7505920289317,CDT1;WIZ;CDC7;E2F8,Ybx1,rmats,1160,GO_Biological_Process_2023
Regulation Of Transcription By RNA Polymerase II (GO:0006357),148/2028,0.04649010642537957,1.319317130602977,8.33321856292757,APP;PRDM4;TRRAP;EHMT2;ZMYND8;EHMT1;JMJD1C;CCNC;RBPJ;GABPB1;SALL1;RUVBL2;ZMIZ2;EP300;KMT5A;CCNL2;GTF2I;PIAS4;SMARCC1;MED8;RFX1;MED6;HCFC1;JMJD6;THAP3;DMTF1;BIN1;ZSCAN21;DXO;FLYWCH1;PSMD10;KMT2D;ENY2;MAX;MAZ;STXBP2;RTF1;MACROH2A1;ZBTB2;BCL2L12;ZFP57;DEAF1;ORC2;SMYD2;SAFB2;RPRD1B;OTX2;SUDS3;KAT14;MAP2K5;SMAD2;XRCC6;PHF12;RFXANK;SMARCA4;SETX;ZZZ3;FUBP3;CNOT2;MDM2;MKRN2;TCF3;OGT;NFE2L1;CC2D1B;SUV39H2;RNF10;TCF25;RNF14;AKAP8L;CHD6;CHD4;CTCF;SGF29;YBX1;N4BP2L2;MED12;IKBKB;PPP3CB;NCK2;LRRFIP1;GABPA;SS18;PBRM1;PPP1R12A;CHUK;EED;TCF12;TFE3;CKAP2;SIRT6;PEX2;ETV4;LIME1;ARID1B;ZFP90;SENP1;TOX3;NCOR1;TFDP1;SLTM;ELF3;CTDSP1;MED20;ARHGEF2;HDAC4;GTF2A2;KDM3A;HDAC3;SRF;GPS2;WIZ;MOSPD1;RNF4;RXRB;CUX1;EPCAM;HSF1;NRIP1;RBBP8;BRD9;APBB2;MTA3;E2F8;BRD4;MBD3;TCF7L2;TCF7L1;USP9X;MCRS1;NR1H2;PCGF2;IRX3;STAT3;RRP1B;MAPK14;USF2;KLF3;USF1;GATAD2A;VEGFA;TFAP4;BRMS1L;KANSL3;TAF6;SSBP3;TAF2;SSBP4,Ybx1,rmats,1160,GO_Biological_Process_2023
Regulation Of Mitotic Metaphase/Anaphase Transition (GO:0030071),9/49,0.04649010642537957,3.6750651607298,23.211493953852013,PBRM1;SMARCC1;ANAPC15;ANAPC5;CDC6;ARID1B;DLGAP5;CDK5RAP2;SMARCA4,Ybx1,rmats,1160,GO_Biological_Process_2023
Positive Regulation Of DNA Repair (GO:0045739),13/89,0.04649010642537957,2.7982838526132245,17.66586182087717,PBRM1;SMARCC1;INO80E;TMEM161A;EYA3;MCRS1;SIRT6;ARID1B;SMARCA4;TFPT;RUVBL2;UBE2V2;USP1,Ybx1,rmats,1160,GO_Biological_Process_2023
Positive Regulation Of Stem Cell Population Maintenance (GO:1902459),8/40,0.04649010642537957,4.081597222222222,25.743426352190994,SS18;SMARCC1;BRMS1L;BRD9;SIRT6;SUDS3;OGT;SMARCA4,Ybx1,rmats,1160,GO_Biological_Process_2023
Regulation Of Glycolytic Process (GO:0006110),8/40,0.04649010642537957,4.081597222222222,25.743426352190994,HDAC4;APP;NCOR1;PRKAG1;EP300;SIRT6;JMJD8;OGT,Ybx1,rmats,1160,GO_Biological_Process_2023
Negative Regulation Of DNA-templated Transcription (GO:0045892),82/1025,0.04749494130728419,1.4436557231588287,9.062950647849261,SUV39H2;KDM5C;TCF25;EHMT2;ZMYND8;EHMT1;CHD4;CTCF;RBPJ;N4BP2L2;ING4;SALL1;EP300;KMT5A;LRRFIP1;PIAS4;RBFOX2;TLE1;PRMT2;FBXW11;EED;SIRT6;PEX2;ZFP90;HCFC1;ILF3;NCOR1;ELF3;BIN1;WDR82;KAT6A;FLYWCH1;PSMD10;HDAC4;HDAC3;MAX;SRF;MAZ;GPS2;MOSPD1;RTF1;MACROH2A1;DEDD2;ZBTB2;PRDX5;ZFP57;CUX1;DEAF1;HSF1;ZSCAN10;ORC2;NRIP1;SMYD2;FLNA;APBB2;SUDS3;MTA3;MAP2K5;E2F8;MBD3;ATF7IP;SMAD2;TCF7L2;XRCC6;USP9X;PHF12;NR1H2;PCGF2;IRX3;STAT3;GATAD2A;SMARCA4;VEGFA;CENPF;TFAP4;CDK5;BRMS1L;CNOT2;MDM2;TCF3;OGT;MPHOSPH8,Ybx1,rmats,1160,GO_Biological_Process_2023
Regulation Of Cell Differentiation (GO:0045595),22/193,0.04782192152214897,2.11059723121512,13.218563338232066,MBD3;SUZ12;SS18;SMARCC1;PBRM1;SRF;GPS2;CHD4;ARID1B;PTK2;SMARCA4;GATAD2A;SLC6A6;PTBP1;FGF8;BIN1;OCIAD1;BRD9;RAF1;MTA3;CDK5RAP2;CLASP2,Ybx1,rmats,1160,GO_Biological_Process_2023
Transcription Preinitiation Complex Assembly (GO:0070897),10/59,0.048195958820008836,3.3346938775510204,20.832676446192295,MED22;GTF2A2;TBP;TAF13;MED20;MED8;TAF6;MED15;MED6;TAF2,Ybx1,rmats,1160,GO_Biological_Process_2023
Regulation Of Cold-Induced Thermogenesis (GO:0120161),18/146,0.04956225999161463,2.3041812609457093,14.31231908055325,TLE3;KDM3A;HDAC3;APLP2;NR1H2;ARRDC3;TFE3;EHMT1;SIRT6;RBPJ;GADD45G;SMARCA4;VEGFA;CNOT3;HSF1;GNAS;OGT;MAP2K6,Ybx1,rmats,1160,GO_Biological_Process_2023
Nucleus (GO:0005634),419/4487,1.2054694271176975e-25,2.0533083332338107,128.52042981226683,RPL3;TRRAP;EHMT2;EHMT1;DCAF8;HNRNPR;SMC6;RBPJ;GABPB1;PPP4R2;ALKBH1;ZMIZ2;PWWP2A;RNF111;PRKCI;RBFOX2;DNTTIP1;MED8;WDR74;ARMC8;MED6;HCFC1;BIN1;RHNO1;CDCA2;SDR39U1;RNPC3;PRDX5;ZSCAN10;LTA4H;NHEJ1;KAT14;CTC1;PHC1;TIPARP;NCAPH2;CDC7;CDC6;SETX;MOV10;FIBP;EIF5;CDK10;MMS19;HNRNPC;PKIG;CEP57;SETD5;TCF25;SETD6;PRKAG1;CTCF;MED15;MED12;ING4;CHAF1A;NELFB;JARID2;DLGAP5;APPL1;SS18;TCF12;SIRT6;GNL3;MED22;NCOR1;MED20;MTF2;RPS27L;GPS2;CENPA;ECPAS;NSD2;USP1;PMS2;FLNA;BRD9;PMS1;SRSF11;NKTR;BRD4;MBD3;EVC2;USP9X;MCRS1;NR1H2;PCGF2;STAT3;TRMT1;RRP1B;ELP5;GTF2H4;TARBP2;SCAF4;GATAD2A;XAB2;CENPF;CENPH;SERBP1;GID8;TRMT6;PWWP3A;TSR2;ZYX;UBAP2;NCAPD2;EEF1AKMT2;CDKN3;MTCH2;CTNND1;RPL10A;VIRMA;CDC14B;EDC4;SALL1;RUVBL2;PAPOLA;SMARCAD1;KMT5B;KMT5A;HMGN2;GTF2I;PIAS4;TLE3;TLE1;IPMK;THOC1;VRK1;CHD1L;CDC25C;DGKZ;THOC7;ILF3;DMTF1;KAT6A;ANAPC5;PKP4;MAPKAPK5;CSNK1G2;KMT2E;ANKRD17;KMT2D;BLM;DNMT1;MAX;ANKRD11;MAZ;MACROH2A1;BCL2L12;BAG6;RAD51AP1;ORC5;SBNO1;ORC1;UBR5;ORC2;SMYD2;SAFB2;KHDC4;TIA1;CHTOP;FANCA;RFXANK;LSM5;FANCE;LSM2;LSM7;CNOT6;CDK5;CNOT2;MDM2;OGT;NFE2L1;RAD9A;EIF4G1;RNF10;NXT1;CELF1;RNF14;CDCA7L;AKAP8L;MCM10;UFSP2;RESF1;RPL7A;PTBP1;SNRNP70;PPP6R3;DGCR8;TLK1;TNPO2;ILKAP;DSP;REXO1;RFC1;RAD23A;REXO4;MMS22L;TFDP1;PKM;SYF2;CTDSP1;ESRP1;SNRPA1;GAPDH;HDAC4;GTF2A2;HDAC3;UHRF2;SRF;LENG8;NFS1;POLR2A;HAUS8;RBBP8;UBQLN4;RNF25;IRX3;PTPN12;PRC1;IMPDH1;PTPN6;PANK2;RTCA;ZMYND8;NUDT1;CCNC;RPS6KA2;RCC1;UBAP2L;CCNL2;TMPO;SMARCC1;CIRBP;JMJD7;JMJD8;JMJD6;RRAGB;DXO;PREB;RTEL1;GGNBP2;PAXIP1;STXBP2;DCUN1D2;UBE2J2;UBE2J1;DHX30;SPAST;RACGAP1;PCBP2;DPH3;CDT1;XRCC6;SETDB1;INTS3;INTS2;MEMO1;NTAN1;PTK2;SMARCA4;GADD45G;SRPK1;TPX2;STAG2;FUBP3;RNPS1;RPS24;CC2D1B;TOP2A;RPAIN;SUV39H2;INTS13;TECR;N4BP2L2;RSRC1;ARIH2;UFD1;ARIH1;GABPA;PBRM1;PRMT2;PARP2;STRADA;PABPC4;TFE3;KIF23;TOX3;SCNM1;SLTM;G2E3;HNRNPH2;AKAP8;RAD54B;RXRB;CUX1;HSF1;MARCHF7;APBB2;SUZ12;RANBP3;MYEF2;MIS18A;TFAP4;TTC3;HNRNPA2B1;TARDBP;MPHOSPH8;DBR1;PRDM4;GEMIN2;CIB1;EEF1B2;CCND3;EP300;SLC30A9;FBXW11;PUS1;APLP2;NOSIP;TSC2;DPM1;PRPF4;MAU2;CCNE2;UBE2V2;GEMIN5;HDGFL2;PSMD10;PSMD14;HTRA2;DEAF1;RPRD1B;OTX2;SUDS3;PIBF1;UBE2F;SMAD2;UBE2B;CPSF1;PHF12;MACO1;CLK4;CLK3;AZIN1;NMRAL1;CLK2;CLK1;RSRP1;UBA3;MKRN2;TCF3;KDM5C;NAA40;RBM26;CHD6;CHD4;ADAR;YBX1;SENP6;DTWD1;HPF1;RBM7;POLE;RBM5;TBP;EED;AKTIP;TRNAU1AP;ETV4;SENP1;SUPV3L1;ELF3;SPOPL;LUC7L3;ITGB3BP;LAMA5;KDM3A;NAA20;USP10;PNKP;WIZ;MOSPD1;SAMHD1;RNF4;PSMB10;CLN3;TFPT;TRA2A;NRIP1;MTA3;MUTYH;ATF7IP;TCF7L2;ATE1;TCF7L1;NAA10;TAF13;EYA3;LIMK2;LRWD1;MAPK14;CDK11B;USF2;CHFR;USF1;U2SURP;CCS;KANSL1;BRMS1L;ERCC8;ACIN1;TAF6;NAA16;QRICH1;SSBP3;TAF2;SSBP4;FAM50A,Ybx1,rmats,1160,GO_Cellular_Component_2023
Intracellular Membrane-Bounded Organelle (GO:0043231),465/5175,1.2054694271176975e-25,2.0071942446043165,125.30434807705078,RPL3;TRRAP;EHMT2;EHMT1;DCAF8;HNRNPR;SMC6;RBPJ;GABPB1;SCP2;PPP4R2;ALKBH1;ZMIZ2;PWWP2A;RNF111;PRKCI;RBFOX2;DNTTIP1;MED8;WDR74;RFX1;ARMC8;MED6;SCAMP2;HCFC1;NISCH;BIN1;RHNO1;CDCA2;SDR39U1;RNPC3;PRDX5;ZSCAN10;LTA4H;NHEJ1;KAT14;VTI1B;CTC1;PHC1;TIPARP;NCAPH2;CDC7;CDC6;SETX;MOV10;FIBP;EIF5;CDK10;MMS19;HNRNPC;PKIG;CEP57;SETD5;TCF25;SETD6;PRKAG1;CTCF;MED15;MED12;ING4;CHAF1A;NELFB;JARID2;DLGAP5;APPL1;SS18;TCF12;SIRT6;GNL3;MED22;NCOR1;MED20;MTF2;RPS27L;GPS2;CENPA;WDR24;ECPAS;GGA1;NSD2;USP1;PMS2;FLNA;BRD9;PMS1;SRSF11;NKTR;BRD4;MBD3;EVC2;USP9X;MCRS1;NR1H2;PCGF2;STAT3;TRMT1;RRP1B;ELP5;GTF2H4;TARBP2;SCAF4;GATAD2A;XAB2;CENPF;CENPH;SERBP1;GID8;TRMT6;PWWP3A;TSR2;ZYX;UBAP1;UBAP2;NCAPD2;EEF1AKMT2;CDKN3;MTCH2;CTNND1;RPL10A;VIRMA;CDC14B;EDC4;SALL1;RUVBL2;PAPOLA;SMARCAD1;KMT5B;KMT5A;HMGN2;GTF2I;PIAS4;TLE3;TLE1;IST1;IPMK;THOC1;VRK1;CHD1L;CDC25C;DGKZ;THOC7;ILF3;DMTF1;KAT6A;ANAPC5;PKP4;MAPKAPK5;CSNK1G2;KMT2E;ANKRD17;KMT2D;BLM;DNMT1;MAX;ANKRD11;MAZ;MACROH2A1;BCL2L12;BAG6;RAD51AP1;ORC5;SBNO1;ORC1;UBR5;ORC2;SMYD2;SAFB2;KHDC4;OSBPL9;TIA1;CHTOP;ANKRD27;FANCA;RFXANK;LSM5;FANCE;LSM2;LSM7;CNOT6;P4HA1;CDK5;CNOT2;MDM2;OGT;NFE2L1;RAD9A;EIF4G1;RNF10;NXT1;CELF1;RNF14;CDCA7L;AKAP8L;MCM10;UFSP2;PIK3C2A;RESF1;RPL7A;PTBP1;SNRNP70;PPP6R3;DGCR8;TLK1;TNPO2;TNPO3;ILKAP;DSP;REXO1;RFC1;RAD23A;REXO4;MMS22L;TRAF7;TFDP1;PKM;SYF2;CTDSP1;ESRP1;DNAJC5;SNRPA1;GAPDH;HDAC4;GTF2A2;HDAC3;UHRF2;SRF;LENG8;GANAB;NFS1;POLR2A;RBBP8;DRAM2;UBQLN4;RNF25;IRX3;PTPN12;PRC1;IMPDH1;DOLPP1;PTPN6;TNRC6A;PANK2;RTCA;ZMYND8;NUDT1;CCNC;RPS6KA2;RCC1;UBAP2L;CCNL2;TMPO;AGFG1;SMARCC1;SLC35C2;CIRBP;JMJD7;JMJD8;JMJD6;RRAGB;DXO;PREB;RTEL1;GGNBP2;PAXIP1;STXBP2;DCUN1D2;UBE2J2;UBE2J1;DHX30;SPAST;RACGAP1;PCBP2;DPH3;SEC31A;CTSA;CDT1;XRCC6;SETDB1;INTS3;INTS2;MEMO1;NTAN1;PTK2;SMARCA4;GADD45G;SRPK1;TPX2;STAG2;FUBP3;RNPS1;RPS24;CC2D1B;TOP2A;RPAIN;SUV39H2;INTS13;TECR;MIA3;N4BP2L2;RSRC1;ARIH2;UFD1;ARIH1;GABPA;TMED5;PBRM1;PRMT2;PARP2;STRADA;PABPC4;TFE3;KIF23;GAK;TOX3;SCNM1;SLTM;G2E3;HNRNPH2;AKAP8;RAD54B;RXRB;CUX1;HSF1;CTNNA1;MARCHF7;APBB2;SUZ12;RANBP3;MYEF2;SEC23IP;MIS18A;TFAP4;TTC3;HNRNPA2B1;NBR1;TRIP10;TARDBP;MPHOSPH8;SCARB1;DBR1;PRDM4;GEMIN2;CIB1;COMT;EEF1B2;CCND3;EP300;SLC30A9;FBXW11;PUS1;APLP2;NOSIP;TSC2;DPM1;PRPF4;MAU2;CCNE2;UBE2V2;GEMIN5;HDGFL2;PSMD10;PSMD14;ARHGAP19;HTRA2;DEAF1;PACSIN2;RPRD1B;OTX2;SUDS3;PIBF1;UBE2F;SMAD2;UBE2B;CPSF1;PHF12;MACO1;CLK4;CLK3;AZIN1;NMRAL1;CLK2;CLK1;IFT20;HOOK2;RSRP1;UBA3;MKRN2;TCF3;KDM5C;NAA40;RBM26;CHD6;CHD4;ADAR;YBX1;RABEPK;SENP6;DTWD1;HPF1;RBM7;POLE;RBM5;POLG;SUN1;TBP;EED;AKTIP;PEX2;TRNAU1AP;ETV4;SENP1;SUPV3L1;TRAPPC6A;ELF3;TRAPPC6B;SPOPL;LUC7L3;ITGB3BP;LAMA5;VAC14;KDM3A;NAA20;USP10;PNKP;WIZ;MOSPD1;SAMHD1;RNF4;PSMB10;CLN3;TFPT;TRA2A;NRIP1;MTA3;MUTYH;ATF7IP;TCF7L2;ATE1;TCF7L1;NAA10;TAF13;EYA3;LIMK2;LRWD1;MAPK14;CDK11B;USF2;CHFR;USF1;U2SURP;CCS;KANSL1;ABHD17A;POLE2;BRMS1L;KANSL3;ERCC8;ACIN1;TAF6;NAA16;QRICH1;SSBP3;TAF2;SSBP4;FAM50A,Ybx1,rmats,1160,GO_Cellular_Component_2023
Intracellular Non-Membrane-Bounded Organelle (GO:0043232),113/1195,1.4395598578436781e-5,1.771326225621307,27.85182233919232,RPL3;GEMIN2;ZMYND8;SPPL2B;HNRNPR;AUP1;RBPJ;CDC14B;RPS6KA6;SALL1;RCC1;CDK5RAP2;SLC30A9;SCAF11;DIMT1;DNTTIP1;WDR74;WDR75;VRK1;JMJD6;CTDNEP1;ILF3;PREPL;BIN1;WDR82;KAT6A;JTB;ANAPC5;PKP4;WDFY3;MAD1L1;RHNO1;PSMD10;INO80E;BLM;CDCA2;TSG101;RAB5C;HTRA2;NOLC1;MACROH2A1;DEDD2;RAD51AP1;RACGAP1;XRCC6;SURF2;CDC6;FANCE;PTK2;SMARCA4;TPX2;TBL3;STAG2;ZZZ3;MDM2;TUBGCP3;MMS19;ZCCHC4;EIF4G3;TOP2A;CDCA7L;FAF2;MCM10;ADAR;CTCF;RPL7A;PTBP1;SH3PXD2B;LRRFIP1;RBM34;RBM7;UTP14A;PPP1R12A;NSUN5;PARP2;DDX55;RBM19;SIRT6;KIF23;URB2;ETV4;REXO4;GNL3;TRAF7;SAPCD2;ARHGEF2;LDAH;GAPDH;PNKP;AKAP8;TAF1D;TCOF1;POLR2A;TRA2A;NRIP1;FLNA;DEDD;E2F8;NOP56;SUZ12;NAA10;TAF13;KRR1;MCRS1;LRWD1;RRP1B;CENPF;CENPH;PRC1;TTC3;PTPN6;TARDBP;MPHOSPH8,Ybx1,rmats,1160,GO_Cellular_Component_2023
Mitotic Spindle (GO:0072686),26/143,1.4395598578436781e-5,3.6690182245737804,56.88921682673084,HDAC3;SGF29;SPOUT1;CDC14B;TAF1D;RACGAP1;HAUS8;KAT14;DLGAP5;CLASP2;LIMK2;CKAP2;HAUS3;CDC7;HAUS6;KIF23;CDC6;HAUS5;EML4;ATAT1;TPX2;WRAP73;ZZZ3;NCOR1;PKP4;MAD1L1,Ybx1,rmats,1160,GO_Cellular_Component_2023
Nuclear Lumen (GO:0031981),81/780,1.4810085988807941e-5,1.9482631748519332,29.718353301122036,TOP2A;RPL3;CDCA7L;GEMIN2;ZMYND8;SPPL2B;MCM10;ADAR;HNRNPR;CTCF;RBPJ;CDC14B;PTBP1;RPL7A;RPS6KA6;RBM34;RBM7;UTP14A;PBRM1;PPP1R12A;NSUN5;SCAF11;DIMT1;PARP2;DDX55;RBM19;DNTTIP1;WDR74;WDR75;SIRT6;VRK1;URB2;ETV4;REXO4;GNL3;JMJD6;TRAF7;ILF3;SAPCD2;WDR82;KAT6A;WDFY3;BLM;INO80E;TSG101;PNKP;AKAP8;NOLC1;MACROH2A1;DEDD2;TAF1D;TCOF1;POLR2A;TRA2A;NRIP1;FLNA;DEDD;E2F8;NOP56;SUZ12;XRCC6;NAA10;SURF2;TAF13;KRR1;MCRS1;LRWD1;CDC6;RRP1B;SMARCA4;SETX;TBL3;STAG2;ZZZ3;CENPH;TTC3;MDM2;NCAPD2;PTPN6;ZCCHC4;MPHOSPH8,Ybx1,rmats,1160,GO_Cellular_Component_2023
Nucleolus (GO:0005730),78/771,5.8019965854502444e-5,1.8877259524209618,25.87310977195902,TOP2A;RPL3;CDCA7L;GEMIN2;ZMYND8;SPPL2B;MCM10;ADAR;HNRNPR;CTCF;RBPJ;CDC14B;PTBP1;RPL7A;RPS6KA6;RBM34;RBM7;UTP14A;PPP1R12A;NSUN5;SCAF11;DIMT1;PARP2;DDX55;RBM19;DNTTIP1;WDR74;WDR75;SIRT6;VRK1;URB2;ETV4;REXO4;GNL3;JMJD6;TRAF7;ILF3;SAPCD2;WDR82;KAT6A;WDFY3;BLM;INO80E;TSG101;PNKP;AKAP8;NOLC1;MACROH2A1;DEDD2;TAF1D;TCOF1;POLR2A;TRA2A;NRIP1;FLNA;DEDD;E2F8;NOP56;SUZ12;XRCC6;NAA10;SURF2;TAF13;KRR1;MCRS1;LRWD1;CDC6;RRP1B;SMARCA4;TBL3;STAG2;ZZZ3;CENPH;TTC3;MDM2;PTPN6;ZCCHC4;MPHOSPH8,Ybx1,rmats,1160,GO_Cellular_Component_2023
Nuclear Chromosome (GO:0000228),18/95,3.394454280370143e-4,3.840766938840494,45.264553751386536,TOP2A;PBRM1;BLM;INO80E;TRRAP;MCRS1;NCAPH2;PHF12;MACROH2A1;SETX;TFPT;RUVBL2;BRMS1L;RCC1;NCAPD2;SUDS3;NCAPD3;BRD4,Ybx1,rmats,1160,GO_Cellular_Component_2023
Spindle (GO:0005819),29/210,4.919607373459392e-4,2.6432922510270576,29.81811630156545,HDAC3;SGF29;SPOUT1;CDC14B;TAF1D;RACGAP1;KAT14;DLGAP5;CLASP2;LIMK2;CKAP2;HAUS3;CDC7;KIF23;CDC6;EML4;ATAT1;TPX2;WRAP73;CENPF;ZZZ3;NCOR1;PRC1;JTB;MMS19;ANAPC5;PKP4;TUBGCP3;MAD1L1,Ybx1,rmats,1160,GO_Cellular_Component_2023
trans-Golgi Network (GO:0005802),30/241,0.002313185715016459,2.343958394497337,22.536944828949487,APP;RHOBTB3;GCC2;PCSK7;PIK3C2A;RABEPK;ECPAS;AP4M1;SCAMP4;GGA1;CLN3;GOLGA4;SMPD4;ARFIP1;RAB6A;PLEKHJ1;CLASP2;SLC30A6;COG4;STX8;FAM91A1;TJAP1;SCAMP2;PREPL;TRAPPC6A;MYO1B;HOOK2;TRAPPC6B;PICK1;PHAF1,Ybx1,rmats,1160,GO_Cellular_Component_2023
Histone Acetyltransferase Complex (GO:0000123),8/27,0.0032124419768652405,6.879020467836257,63.15726363578431,ING4;KANSL1;MCRS1;KANSL3;EP300;SGF29;OGT;HCFC1,Ybx1,rmats,1160,GO_Cellular_Component_2023
Chromosome (GO:0005694),22/164,0.00587889876988011,2.5455828114557293,21.590344663865597,TOP2A;BLM;PBRM1;CDCA2;KRR1;DNTTIP1;SMC6;CTCF;RRP1B;FANCE;MACROH2A1;ETV4;GNL3;RAD51AP1;SETX;STAG2;CENPH;RCC1;NCAPD2;KMT5A;RBM34;RHNO1,Ybx1,rmats,1160,GO_Cellular_Component_2023
Heterochromatin (GO:0000792),10/49,0.011129541781659348,4.1919732441471576,32.51398753771884,SALL1;UHRF2;ORC2;SMARCAD1;SIRT6;FLYWCH1;LRWD1;NCAPD3;MACROH2A1;MPHOSPH8,Ybx1,rmats,1160,GO_Cellular_Component_2023
Pericentric Heterochromatin (GO:0005721),6/21,0.02301633099962314,6.525129982668977,45.34707661812125,UHRF2;SIRT6;LRWD1;FLYWCH1;NCAPD3;MACROH2A1,Ybx1,rmats,1160,GO_Cellular_Component_2023
H4 Histone Acetyltransferase Complex (GO:1902562),5/15,0.0266900381480641,8.151515151515152,54.83859061392488,KANSL1;MCRS1;KANSL3;OGT;HCFC1,Ybx1,rmats,1160,GO_Cellular_Component_2023
Spliceosomal snRNP Complex (GO:0097525),10/57,0.030730303481874995,3.4769657724329326,22.660981914367508,PRPF4;LSM7;SNRNP70;LUC7L;LUC7L3;SNRPA1;HNRNPC;LSM5;LUC7L2;LSM2,Ybx1,rmats,1160,GO_Cellular_Component_2023
Protein Phosphatase 4 Complex (GO:0030289),3/5,0.032715449157035295,24.422644770959376,154.6051563685674,PPP4R1;PPP4R2;PPP4R3A,Ybx1,rmats,1160,GO_Cellular_Component_2023
NSL Complex (GO:0044545),4/10,0.032715449157035295,10.86159169550173,68.7505920289317,KANSL1;KANSL3;MCRS1;OGT,Ybx1,rmats,1160,GO_Cellular_Component_2023
