Term,Overlap,Adjusted.P.value,Odds.Ratio,Combined.Score,Genes,ko_symbol,type,gene_number,db
ATF6 (ATF6-alpha) Activates Chaperone Genes R-HSA-381183,4/9,0.01892425103163486,37.187648456057005,396.7194017686036,HSPA5;NFYB;CALR;HSP90B1,Cd2bp2,deg,425,Reactome_2022
ATF6 (ATF6-alpha) Activates Chaperones R-HSA-381033,4/11,0.023957245556981078,26.559891414998305,258.66859922416984,HSPA5;NFYB;CALR;HSP90B1,Cd2bp2,deg,425,Reactome_2022
ATF6 (ATF6-alpha) Activates Chaperone Genes,4/10,0.027525143799148905,30.98812351543943,315.2775234013341,HSPA5;NFYB;CALR;HSP90B1,Cd2bp2,deg,425,Reactome_Pathways_2024
Extracellular Matrix Organization,18/300,0.027525143799148905,3.025720110826494,28.471583862277317,PRSS1;COL16A1;COL13A1;DST;PCOLCE2;COL11A1;COL22A1;BGN;CASK;LAMC2;FGF2;MFAP5;CAPN10;COL6A1;KDR;EMILIN3;ITGA8;ITGA5,Cd2bp2,deg,425,Reactome_Pathways_2024
ATF6 (ATF6-alpha) Activates Chaperones,4/12,0.027525143799148905,23.23871733966746,217.29374425844813,HSPA5;NFYB;CALR;HSP90B1,Cd2bp2,deg,425,Reactome_Pathways_2024
Retrograde Axonal Transport (GO:0008090),5/15,0.018292451610299312,23.291666666666668,266.6667124210192,DST;KIF5B;MAP1A;KIF1A;SOD1,Cd2bp2,deg,425,GO_Biological_Process_2023
mRNA Processing WP310,57/444,5.7201098027567615e-6,2.377113778882933,40.24770963027687,EIF4A2;RBM25;RBM26;CELF1;FMR1;VIRMA;TIAL1;RBM7;ILKAP;MBNL1;PABPC4;METTL3;CIRBP;PRPF40B;PTBP2;PTBP3;SRRM1;ILF3;SLTM;TUT1;RBMS1;DNAJC8;EIF4E2;ERGIC2;SLU7;RBM47;SFSWAP;POLDIP3;RBM4B;RNASET2B;BCLAF1;HNRNPDL;SAFB2;IGF2BP1;RALY;NXF7;SRPK2;TTC14;RBM39;TIA1;MYEF2;RBPMS;ZFP638;RSRC2;CLK4;DNAJC17;LSM2;PUM2;CLK2;CLK1;HNRNPA2B1;ACIN1;RNPS1;HNRNPC;EIF4G3;SUGP2;RPS24,Cd2bp2,rmats,1198,WikiPathways_2024_Mouse
Mechanisms Associated With Pluripotency WP1763,32/290,0.041409861702193136,1.9725823394098954,14.500258369055008,ATF2;KDM5C;PTPRS;RIF1;ROCK2;EHMT2;JADE1;EHMT1;RBPJ;CDC73;ZMYM2;MTA1;SIN3A;SMARCAD1;LYAR;KDM6A;PBRM1;PHC1;POU2F1;KDM4C;SMURF1;TFE3;DNMT3A;TERF2;ZFX;PML;CREB1;P4HA1;MTF2;MDM2;TRIM33;EZH2,Cd2bp2,rmats,1198,WikiPathways_2024_Mouse
Signaling By Rho GTPases R-HSA-194315,76/644,8.653146160530199e-6,2.174474655419146,39.87711344868289,TFRC;FAM13B;ITSN1;FAF2;DOCK7;PPP1CC;AKAP13;SYDE1;BAIAP2L1;DBT;SPTAN1;NDEL1;NCOA2;PLEKHG2;PPP1R12A;RALGAPA1;STARD8;ACTN1;ARHGEF19;PPP2R5B;MRTFA;SCRIB;OCRL;KCTD3;PPP2R5C;CDC25C;FAM91A1;SRRM1;NISCH;TIAM1;DYNC1LI2;CLIP1;SPATA13;PKP4;MAD1L1;ITGB3BP;GARRE1;ROCK2;SRC;SRF;MIS12;ARHGAP17;KLC1;FAM169A;PRKCZ;FGD1;ARHGAP12;ABR;ARL13B;RACGAP1;CLASP1;PAK4;CLASP2;CENPT;ACBD5;KDM4C;LIMK2;MYO9B;MACO1;PTPN13;PTK2;MPP7;KTN1;WDR11;FMNL3;CCDC88A;FAM135A;KANSL1;CENPI;SHKBP1;DLG5;ABI1;CENPL;HNRNPC;NF2;B9D2,Cd2bp2,rmats,1198,Reactome_2022
"Signaling By Rho GTPases, Miro GTPases And RHOBTB3 R-HSA-9716542",77/660,8.653146160530199e-6,2.1465504182586304,38.774518608412684,TFRC;FAM13B;ITSN1;FAF2;DOCK7;PPP1CC;AKAP13;SYDE1;BAIAP2L1;DBT;SPTAN1;NDEL1;NCOA2;PLEKHG2;PPP1R12A;RALGAPA1;STARD8;ACTN1;ARHGEF19;PPP2R5B;MRTFA;SCRIB;OCRL;KCTD3;PPP2R5C;CDC25C;FAM91A1;SRRM1;NISCH;TIAM1;DYNC1LI2;CLIP1;SPATA13;PKP4;MAD1L1;ITGB3BP;GARRE1;ROCK2;SRC;SRF;MIS12;ARHGAP17;KLC1;FAM169A;PRKCZ;FGD1;ARHGAP12;ABR;RHOT1;ARL13B;RACGAP1;CLASP1;PAK4;CLASP2;CENPT;ACBD5;KDM4C;LIMK2;MYO9B;MACO1;PTPN13;PTK2;MPP7;KTN1;WDR11;FMNL3;CCDC88A;FAM135A;KANSL1;CENPI;SHKBP1;DLG5;ABI1;CENPL;HNRNPC;NF2;B9D2,Cd2bp2,rmats,1198,Reactome_2022
Mitotic Prometaphase R-HSA-68877,31/186,8.31480772742158e-5,3.1957155098543275,49.19956441018963,CEP57;TUBGCP2;MIS12;PDS5B;PPP1CC;PCM1;HAUS8;PRKAR2B;CLASP1;NDEL1;CLASP2;PLK4;CENPT;NEK9;ODF2;PPP2R5B;CSNK1D;HAUS6;PPP2R5C;EML4;CLIP1;DYNC1LI2;STAG2;KANSL1;CENPI;CENPJ;AKAP9;CENPL;B9D2;MAD1L1;ITGB3BP,Cd2bp2,rmats,1198,Reactome_2022
Organelle Biogenesis And Maintenance R-HSA-1852241,38/275,3.942128965097318e-4,2.5660919540229883,34.77446396463367,CEP57;CRTC2;CRTC1;DYNLT2B;ASAP1;NRF1;PCM1;ARL13B;HAUS8;PRKAR2B;NPHP1;TBL1X;IFT57;BBS5;GABPA;CLASP1;PLK4;IQCB1;NCOA2;MTX2;SEPTIN2;ODF2;SMOX;IFT122;CSNK1D;HAUS6;TFB2M;PRKAB1;LZTFL1;ATAT1;CREB1;IFT81;CENPJ;AKAP9;TRIP11;EXOC5;B9D2;EXOC1,Cd2bp2,rmats,1198,Reactome_2022
Chromatin Modifying Enzymes R-HSA-3247509,34/238,5.301772888784762e-4,2.662943871706758,34.7036521182142,KDM5A;SUV39H2;KDM5C;SETD3;EHMT2;SETD6;JADE1;EHMT1;MTA1;RUVBL2;NSD2;KAT7;KMT5B;TBL1X;MTA3;KAT14;KDM6A;NCOA2;PBRM1;KDM4C;KDM2B;KMT5C;BRPF3;PRMT3;DNMT3A;MSL3;ARID1B;MSL1;NCOR2;TADA2A;ZZZ3;KANSL1;TADA3;EZH2,Cd2bp2,rmats,1198,Reactome_2022
Cilium Assembly R-HSA-5617833,28/186,0.0012409800793756586,2.823931623931624,33.885191719698625,CEP57;DYNLT2B;ASAP1;PCM1;ARL13B;HAUS8;PRKAR2B;NPHP1;IFT57;BBS5;CLASP1;PLK4;IQCB1;ODF2;SEPTIN2;SMOX;IFT122;CSNK1D;HAUS6;LZTFL1;ATAT1;IFT81;CENPJ;AKAP9;TRIP11;EXOC5;B9D2;EXOC1,Cd2bp2,rmats,1198,Reactome_2022
Membrane Trafficking R-HSA-199991,63/599,0.0016779834220503173,1.8915740679860609,21.83529851580499,USP6NL;MCFD2;TFRC;ITSN1;GCC2;MIA3;ARRB2;PIK3C2A;CLINT1;SLC2A8;GOLGA4;PPP6R3;ARFIP2;SPTAN1;RAB8B;COG2;TSC2;CSNK1D;OCRL;EPS15L1;GAPVD1;PRKAB1;EPN1;EPN2;GAK;RINT1;DYNC1LI2;BIN1;KIFC1;PREB;RIN3;DENND6B;EXOC5;EXOC1;RAB5C;RABGAP1;TSG101;SRC;STX16;DCTN4;GOSR2;PLA2G6;KLC1;RACGAP1;PACSIN3;TBC1D14;SNX9;EPS15;SEC31A;ANKRD27;DTNBP1;TRAPPC8;AP4B1;DAB2;SEC23IP;GOLGB1;RAB13;TRIP11;COPG2;VPS45;COPG1;SEC24C;MON1A,Cd2bp2,rmats,1198,Reactome_2022
Cell Cycle R-HSA-1640170,67/654,0.001832787716431449,1.8382444867200787,20.812010933764405,CEP57;NCAPG2;HJURP;FOXM1;PPP1CC;PCM1;HERC2;RUVBL2;CHEK2;PPP6R3;UIMC1;BTRC;POLE;NDEL1;SUN1;PPP1R12A;BORA;ESCO1;FBXW11;PPP2R5B;VRK1;HAUS6;CSNK1D;PPP2R5C;TERF1;CDC25C;TERF2;SIRT2;EML4;DYNC1LI2;CLIP1;MAU2;SHQ1;TFDP2;AKAP9;MAD1L1;ITGB3BP;MCPH1;ANAPC16;TUBGCP2;SRC;ABRAXAS1;MIS12;PDS5B;SYCE2;CHTF8;HAUS8;PRKAR2B;NSD2;E2F6;CLASP1;CLASP2;PLK4;CENPT;NEK9;ACD;CENPX;ODF2;CDK11B;RAD50;STAG2;KANSL1;CENPI;CENPJ;CENPL;MDM2;B9D2,Cd2bp2,rmats,1198,Reactome_2022
EML4 And NUDC In Mitotic Spindle Formation R-HSA-9648025,18/97,0.001976419153040938,3.6152542372881356,39.93530834325025,CENPT;NEK9;MIS12;PPP2R5B;PPP2R5C;EML4;PPP1CC;CLIP1;DYNC1LI2;KANSL1;CENPI;CENPL;B9D2;MAD1L1;ITGB3BP;CLASP1;NDEL1;CLASP2,Cd2bp2,rmats,1198,Reactome_2022
Mitochondrial tRNA Aminoacylation R-HSA-379726,8/21,0.001976419153040938,9.716354234001292,107.10420085332085,RARS2;AARS2;SARS2;NARS2;DARS2;TARS2;CARS2;EARS2,Cd2bp2,rmats,1198,Reactome_2022
Transcriptional Regulation By E2F6 R-HSA-8953750,10/34,0.002132546476795181,6.585998877665545,71.26257714645209,UXT;CBX5;PHC1;TFDP2;EHMT2;MGA;PCGF2;EHMT1;E2F6;EZH2,Cd2bp2,rmats,1198,Reactome_2022
DNA Repair R-HSA-73894,38/310,0.002132546476795181,2.2316810344827585,23.91360662997231,DCLRE1A;ABRAXAS1;HERC2;PPP4R2;NTHL1;CHEK2;UIMC1;NSD2;PMS2;POLI;APBB1;POLK;ASCC3;POLE;RNF111;MUTYH;ACD;CENPX;FANCM;MGMT;FANCL;ACTR5;XRCC3;REV1;FANCC;TERF1;FANCE;TERF2;SPIDR;FANCG;RAD52;RAD50;TDP2;FANCD2;MSH3;ERCC2;ERCC8;RAD18,Cd2bp2,rmats,1198,Reactome_2022
RHO GTPase Cycle R-HSA-9012999,49/441,0.002132546476795181,2.002828546562228,21.399603886462526,TFRC;FAM13B;ITSN1;FAF2;DOCK7;AKAP13;SYDE1;BAIAP2L1;DBT;SPTAN1;PLEKHG2;RALGAPA1;STARD8;ACTN1;ARHGEF19;SCRIB;OCRL;KCTD3;FAM91A1;SRRM1;NISCH;TIAM1;SPATA13;PKP4;GARRE1;ROCK2;SRC;ARHGAP17;FAM169A;FGD1;ARHGAP12;ABR;ARL13B;RACGAP1;PAK4;ACBD5;MYO9B;MACO1;PTPN13;MPP7;KTN1;WDR11;FMNL3;CCDC88A;FAM135A;SHKBP1;DLG5;ABI1;HNRNPC,Cd2bp2,rmats,1198,Reactome_2022
RHO GTPases Activate Formins R-HSA-5663220,20/119,0.0021885175406570648,3.20745656908645,33.94988632385463,CENPT;SRC;SRF;MIS12;PPP2R5B;MRTFA;PPP2R5C;FMNL3;PPP1CC;CLIP1;DYNC1LI2;KANSL1;CENPI;CENPL;B9D2;MAD1L1;ITGB3BP;CLASP1;NDEL1;CLASP2,Cd2bp2,rmats,1198,Reactome_2022
Resolution Of Sister Chromatid Cohesion R-HSA-2500257,18/106,0.004439145699022962,3.2439522342064713,31.81812666190971,CENPT;MIS12;PPP2R5B;PDS5B;PPP2R5C;PPP1CC;CLIP1;DYNC1LI2;STAG2;KANSL1;CENPI;CENPL;B9D2;MAD1L1;ITGB3BP;CLASP1;NDEL1;CLASP2,Cd2bp2,rmats,1198,Reactome_2022
Vesicle-mediated Transport R-HSA-5653656,63/637,0.004750179435446911,1.762673256688514,17.05595412515414,USP6NL;MCFD2;TFRC;ITSN1;GCC2;MIA3;ARRB2;PIK3C2A;CLINT1;SLC2A8;GOLGA4;PPP6R3;ARFIP2;SPTAN1;RAB8B;COG2;TSC2;CSNK1D;OCRL;EPS15L1;GAPVD1;PRKAB1;EPN1;EPN2;GAK;RINT1;DYNC1LI2;BIN1;KIFC1;PREB;RIN3;DENND6B;EXOC5;EXOC1;RAB5C;RABGAP1;TSG101;SRC;STX16;DCTN4;GOSR2;PLA2G6;KLC1;RACGAP1;PACSIN3;TBC1D14;SNX9;EPS15;SEC31A;ANKRD27;DTNBP1;TRAPPC8;AP4B1;DAB2;SEC23IP;GOLGB1;RAB13;TRIP11;COPG2;VPS45;COPG1;SEC24C;MON1A,Cd2bp2,rmats,1198,Reactome_2022
Unattached Kinetochores Signal Amplification Via A MAD2 Inhibitory Signal R-HSA-141444,16/93,0.00851597260699007,3.2918012613444088,29.73089111974308,CENPT;MIS12;PPP2R5B;PPP2R5C;PPP1CC;CLIP1;DYNC1LI2;KANSL1;CENPI;CENPL;B9D2;ITGB3BP;MAD1L1;CLASP1;NDEL1;CLASP2,Cd2bp2,rmats,1198,Reactome_2022
RHO GTPase Effectors R-HSA-195258,32/269,0.0113099586564456,2.1497998856489424,18.683699330369667,ROCK2;SRC;SRF;MIS12;KLC1;PRKCZ;PPP1CC;CLASP1;NDEL1;CLASP2;CENPT;NCOA2;PPP1R12A;KDM4C;LIMK2;PPP2R5B;MRTFA;PPP2R5C;CDC25C;PTK2;KTN1;FMNL3;DYNC1LI2;CLIP1;KANSL1;CENPI;ABI1;CENPL;B9D2;NF2;MAD1L1;ITGB3BP,Cd2bp2,rmats,1198,Reactome_2022
Regulation Of PLK1 Activity At G2/M Transition R-HSA-2565942,15/87,0.012006245568413614,3.298464356156664,28.29122915721686,CEP57;PLK4;BORA;PPP1R12A;FBXW11;ODF2;CSNK1D;HAUS6;PCM1;HAUS8;PRKAR2B;CENPJ;AKAP9;BTRC;CLASP1,Cd2bp2,rmats,1198,Reactome_2022
CDC42 GTPase Cycle R-HSA-9013148,21/149,0.013417328538834832,2.602976316907392,21.90320677509512,PLEKHG2;FAM13B;TFRC;STARD8;ITSN1;DOCK7;ARHGEF19;SCRIB;ARHGAP17;MYO9B;KCTD3;FGD1;KTN1;FMNL3;SYDE1;TIAM1;ABR;RACGAP1;SHKBP1;SPATA13;PAK4,Cd2bp2,rmats,1198,Reactome_2022
Mitotic Spindle Checkpoint R-HSA-69618,17/110,0.016465019483682862,2.895787240628955,23.633088651396083,CENPT;ANAPC16;MIS12;PPP2R5B;PPP2R5C;PPP1CC;CLIP1;DYNC1LI2;KANSL1;CENPI;CENPL;B9D2;MAD1L1;ITGB3BP;CLASP1;NDEL1;CLASP2,Cd2bp2,rmats,1198,Reactome_2022
Anchoring Of Basal Body To Plasma Membrane R-HSA-5620912,15/97,0.03483274362162378,2.8946663093004554,21.32024994209253,PLK4;CEP57;IQCB1;ODF2;SEPTIN2;CSNK1D;HAUS6;PCM1;HAUS8;PRKAR2B;CENPJ;AKAP9;NPHP1;B9D2;CLASP1,Cd2bp2,rmats,1198,Reactome_2022
Signaling by Rho GTPases,77/672,2.7654589343910174e-5,2.1018733273862624,36.34066526674371,TFRC;FAM13B;ITSN1;FAF2;DOCK7;PPP1CC;AKAP13;SYDE1;BAIAP2L1;DBT;SPTAN1;NDEL1;NCOA2;PLEKHG2;PPP1R12A;RALGAPA1;STARD8;ACTN1;ARHGEF19;PPP2R5B;MRTFA;SCRIB;OCRL;KCTD3;PPP2R5C;CDC25C;FAM91A1;SRRM1;NISCH;TIAM1;DYNC1LI2;CLIP1;SPATA13;PKP4;MAD1L1;ITGB3BP;GARRE1;ROCK2;SRC;SRF;MIS12;ARHGAP19;ARHGAP17;KLC1;FAM169A;PRKCZ;FGD1;ARHGAP12;ABR;ARL13B;RACGAP1;CHN1;CLASP1;PAK4;CLASP2;CENPT;ACBD5;KDM4C;LIMK2;MYO9B;MACO1;PTPN13;PTK2;MPP7;KTN1;WDR11;FMNL3;CCDC88A;FAM135A;CENPI;SHKBP1;DLG5;ABI1;CENPL;HNRNPC;NF2;B9D2,Cd2bp2,rmats,1198,Reactome_Pathways_2024
"Signaling by Rho GTPases, Miro GTPases and RHOBTB3",78/688,2.7654589343910174e-5,2.0769555035128806,35.39652304685812,TFRC;FAM13B;ITSN1;FAF2;DOCK7;PPP1CC;AKAP13;SYDE1;BAIAP2L1;DBT;SPTAN1;NDEL1;NCOA2;PLEKHG2;PPP1R12A;RALGAPA1;STARD8;ACTN1;ARHGEF19;PPP2R5B;MRTFA;SCRIB;OCRL;KCTD3;PPP2R5C;CDC25C;FAM91A1;SRRM1;NISCH;TIAM1;DYNC1LI2;CLIP1;SPATA13;PKP4;MAD1L1;ITGB3BP;GARRE1;ROCK2;SRC;SRF;MIS12;ARHGAP19;ARHGAP17;KLC1;FAM169A;PRKCZ;FGD1;ARHGAP12;ABR;RHOT1;ARL13B;RACGAP1;CHN1;CLASP1;PAK4;CLASP2;CENPT;ACBD5;KDM4C;LIMK2;MYO9B;MACO1;PTPN13;PTK2;MPP7;KTN1;WDR11;FMNL3;CCDC88A;FAM135A;CENPI;SHKBP1;DLG5;ABI1;CENPL;HNRNPC;NF2;B9D2,Cd2bp2,rmats,1198,Reactome_Pathways_2024
Chromatin Modifying Enzymes,35/238,2.7334597651814513e-4,2.7572864470602187,38.76306468947671,KDM5A;ATF2;SUV39H2;KDM5C;SETD3;EHMT2;SETD6;JADE1;EHMT1;MTA1;RUVBL2;NSD2;KAT7;KMT5B;TBL1X;MTA3;KAT14;KDM6A;NCOA2;PBRM1;KDM4C;KDM2B;KMT5C;BRPF3;PRMT3;DNMT3A;MSL3;ARID1B;MSL1;NCOR2;TADA2A;ZZZ3;KANSL1;TADA3;EZH2,Cd2bp2,rmats,1198,Reactome_Pathways_2024
Chromatin Organization,35/238,2.7334597651814513e-4,2.7572864470602187,38.76306468947671,KDM5A;ATF2;SUV39H2;KDM5C;SETD3;EHMT2;SETD6;JADE1;EHMT1;MTA1;RUVBL2;NSD2;KAT7;KMT5B;TBL1X;MTA3;KAT14;KDM6A;NCOA2;PBRM1;KDM4C;KDM2B;KMT5C;BRPF3;PRMT3;DNMT3A;MSL3;ARID1B;MSL1;NCOR2;TADA2A;ZZZ3;KANSL1;TADA3;EZH2,Cd2bp2,rmats,1198,Reactome_Pathways_2024
Mitotic Prometaphase,31/203,4.0783581909614844e-4,2.877234411430621,38.6560487059871,CEP57;TUBGCP2;MIS12;PDS5B;PPP1CC;PCM1;HAUS8;PRKAR2B;CLASP1;NDEL1;CLASP2;PLK4;CENPT;NEK9;ODF2;PPP2R5B;CSNK1D;HAUS6;PPP2R5C;EML4;DYNC1LI2;STAG1;CLIP1;STAG2;CENPI;CENPJ;AKAP9;CENPL;B9D2;MAD1L1;ITGB3BP,Cd2bp2,rmats,1198,Reactome_Pathways_2024
Organelle Biogenesis and Maintenance,39/297,7.872883019045165e-4,2.4186046511627906,30.46254124468291,CEP57;ATF2;CRTC2;CRTC1;DYNLT2B;ASAP1;NRF1;PCM1;ARL13B;HAUS8;PRKAR2B;NPHP1;TBL1X;IFT57;BBS5;GABPA;CLASP1;PLK4;IQCB1;NCOA2;MTX2;SEPTIN2;ODF2;IFT122;CSNK1D;HAUS6;TFB2M;PRKAB1;LZTFL1;ATAT1;CREB1;IFT81;RP2;CENPJ;AKAP9;TRIP11;EXOC5;B9D2;EXOC1,Cd2bp2,rmats,1198,Reactome_Pathways_2024
RHO GTPase Cycle,51/450,0.0018106229032020659,2.0507961271968065,23.805860448523692,TFRC;FAM13B;ITSN1;FAF2;DOCK7;AKAP13;SYDE1;BAIAP2L1;DBT;SPTAN1;PLEKHG2;RALGAPA1;STARD8;ACTN1;ARHGEF19;SCRIB;OCRL;KCTD3;FAM91A1;SRRM1;NISCH;TIAM1;SPATA13;PKP4;GARRE1;ROCK2;SRC;ARHGAP19;ARHGAP17;FAM169A;FGD1;ARHGAP12;ABR;ARL13B;RACGAP1;CHN1;PAK4;ACBD5;MYO9B;MACO1;PTPN13;MPP7;KTN1;WDR11;FMNL3;CCDC88A;FAM135A;SHKBP1;DLG5;ABI1;HNRNPC,Cd2bp2,rmats,1198,Reactome_Pathways_2024
DNA Repair,39/312,0.001924138727836243,2.283865401207938,26.067509547390646,DCLRE1A;RIF1;COPS7B;HERC2;PPP4R2;NTHL1;CHEK2;UIMC1;NSD2;PMS2;POLI;APBB1;POLK;ASCC3;POLE;RNF111;MUTYH;ACD;FANCM;MGMT;FANCL;ACTR5;XRCC3;REV1;FANCC;TERF1;FANCE;TERF2;SPIDR;FANCG;RAD52;RAD50;TDP2;FANCD2;MSH3;ERCC2;ERCC8;RAD1;RAD18,Cd2bp2,rmats,1198,Reactome_Pathways_2024
Mitochondrial tRNA Aminoacylation,8/21,0.0024757975574398582,9.716354234001292,107.10420085332085,RARS2;AARS2;SARS2;NARS2;DARS2;TARS2;CARS2;EARS2,Cd2bp2,rmats,1198,Reactome_Pathways_2024
Cell Cycle,66/649,0.0024757975574398582,1.8220214680978732,19.93025505176385,CEP57;NCAPG2;HJURP;FOXM1;PPP1CC;PCM1;HERC2;RUVBL2;CHEK2;PPP6R3;UIMC1;BTRC;POLE;NDEL1;SUN1;PPP1R12A;BORA;ESCO1;FBXW11;PPP2R5B;VRK1;HAUS6;CSNK1D;PPP2R5C;TERF1;CDC25C;TERF2;SIRT2;EML4;DYNC1LI2;CLIP1;MAU2;SHQ1;TFDP2;AKAP9;MAD1L1;ITGB3BP;MCPH1;ANAPC16;TUBGCP2;SRC;MIS12;PDS5B;SYCE2;CHTF8;HAUS8;PRKAR2B;NSD2;E2F6;CLASP1;CLASP2;PLK4;CENPT;NEK9;ACD;ODF2;CDK11B;RAD50;STAG1;STAG2;CENPI;CENPJ;CENPL;MDM2;RAD1;B9D2,Cd2bp2,rmats,1198,Reactome_Pathways_2024
Transcriptional Regulation by E2F6,10/34,0.0025331875278484664,6.585998877665545,71.26257714645209,UXT;CBX5;PHC1;TFDP2;EHMT2;MGA;PCGF2;EHMT1;E2F6;EZH2,Cd2bp2,rmats,1198,Reactome_Pathways_2024
Cilium Assembly,28/200,0.0028445048409522044,2.592128801431127,27.5216481525574,CEP57;DYNLT2B;ASAP1;PCM1;ARL13B;HAUS8;PRKAR2B;NPHP1;IFT57;BBS5;CLASP1;PLK4;IQCB1;SEPTIN2;ODF2;IFT122;CSNK1D;HAUS6;LZTFL1;ATAT1;IFT81;RP2;CENPJ;AKAP9;TRIP11;EXOC5;B9D2;EXOC1,Cd2bp2,rmats,1198,Reactome_Pathways_2024
Membrane Trafficking,64/633,0.0030410327805823452,1.8084761470818882,18.935724232689218,USP6NL;MCFD2;TFRC;ITSN1;GCC2;MIA3;ARRB2;PIK3C2A;CLINT1;SLC2A8;GOLGA4;PPP6R3;ARFIP2;SPTAN1;RAB8B;COG2;TSC2;CSNK1D;OCRL;EPS15L1;GAPVD1;PRKAB1;EPN1;EPN2;GAK;RINT1;DYNC1LI2;BIN1;KIFC1;PREB;RIN3;DENND6B;EXOC5;EXOC1;RAB5C;RABGAP1;TSG101;SRC;STX16;DCTN4;GOSR2;COPS7B;PLA2G6;KLC1;RACGAP1;PACSIN3;TBC1D14;SNX9;EPS15;SEC31A;ANKRD27;DTNBP1;TRAPPC8;AP4B1;DAB2;SEC23IP;GOLGB1;RAB13;TRIP11;COPG2;VPS45;COPG1;SEC24C;MON1A,Cd2bp2,rmats,1198,Reactome_Pathways_2024
CDC42 GTPase Cycle,22/155,0.014240852571107484,2.6259398496240602,23.246173916552838,PLEKHG2;FAM13B;TFRC;STARD8;ITSN1;DOCK7;ARHGEF19;SCRIB;ARHGAP17;MYO9B;KCTD3;FGD1;KTN1;FMNL3;SYDE1;TIAM1;ABR;RACGAP1;SHKBP1;SPATA13;CHN1;PAK4,Cd2bp2,rmats,1198,Reactome_Pathways_2024
Regulation of PLK1 Activity at G2 M Transition,15/87,0.017506051204239086,3.298464356156664,28.29122915721686,CEP57;PLK4;BORA;PPP1R12A;FBXW11;ODF2;CSNK1D;HAUS6;PCM1;HAUS8;PRKAR2B;CENPJ;AKAP9;BTRC;CLASP1,Cd2bp2,rmats,1198,Reactome_Pathways_2024
Amplification of Signal From Unattached Kinetochores via a MAD2 Inhibitory Signal,15/94,0.03685737993114749,3.0050718512256975,23.161346855249366,CENPT;MIS12;PPP2R5B;PPP2R5C;PPP1CC;CLIP1;DYNC1LI2;CENPI;CENPL;B9D2;ITGB3BP;MAD1L1;CLASP1;NDEL1;CLASP2,Cd2bp2,rmats,1198,Reactome_Pathways_2024
Amplification of Signal From the Kinetochores,15/94,0.03685737993114749,3.0050718512256975,23.161346855249366,CENPT;MIS12;PPP2R5B;PPP2R5C;PPP1CC;CLIP1;DYNC1LI2;CENPI;CENPL;B9D2;ITGB3BP;MAD1L1;CLASP1;NDEL1;CLASP2,Cd2bp2,rmats,1198,Reactome_Pathways_2024
Resolution of Sister Chromatid Cohesion,18/126,0.03956923092849266,2.6403954802259886,19.99620659039283,CENPT;MIS12;PPP2R5B;PDS5B;PPP2R5C;PPP1CC;CLIP1;DYNC1LI2;STAG1;STAG2;CENPI;CENPL;B9D2;MAD1L1;ITGB3BP;CLASP1;NDEL1;CLASP2,Cd2bp2,rmats,1198,Reactome_Pathways_2024
EML4 and NUDC in Mitotic Spindle Formation,17/116,0.03956923092849266,2.7194125847809167,20.46411561959988,CENPT;NEK9;MIS12;PPP2R5B;PPP2R5C;EML4;PPP1CC;CLIP1;DYNC1LI2;CENPI;CENPL;B9D2;MAD1L1;ITGB3BP;CLASP1;NDEL1;CLASP2,Cd2bp2,rmats,1198,Reactome_Pathways_2024
Anchoring of the Basal Body to the Plasma Membrane,15/97,0.04231209240396068,2.8946663093004554,21.32024994209253,PLK4;CEP57;IQCB1;ODF2;SEPTIN2;CSNK1D;HAUS6;PCM1;HAUS8;PRKAR2B;CENPJ;AKAP9;NPHP1;B9D2;CLASP1,Cd2bp2,rmats,1198,Reactome_Pathways_2024
RHO GTPases Activate Formins,19/139,0.04231209240396068,2.5088917161436246,18.46065735736801,CENPT;SRC;SRF;MIS12;PPP2R5B;MRTFA;PPP2R5C;FMNL3;PPP1CC;CLIP1;DYNC1LI2;CENPI;CENPL;B9D2;MAD1L1;ITGB3BP;CLASP1;NDEL1;CLASP2,Cd2bp2,rmats,1198,Reactome_Pathways_2024
Mitochondrial tRNA aminoacylation,9/21,0.001473039783933732,11.852396972245584,159.19165252511837,RARS2;AARS2;SARS2;KARS;NARS2;DARS2;TARS2;CARS2;EARS2,Cd2bp2,rmats,1198,BioPlanet_2019
Transfer RNA aminoacylation,11/46,0.026862442818614638,4.9689974726200505,47.90441186194444,CARS;RARS2;AARS2;SARS2;KARS;NARS2;DARS2;TARS2;CARS2;EARS2;PSTK,Cd2bp2,rmats,1198,BioPlanet_2019
LKB1 signaling events,11/47,0.026862442818614638,4.8307123467190864,45.54958206974779,CRTC2;STK11;CREB1;CAB39;STK11IP;STRADA;STRADB;STK26;TSC2;PRKAB1;MARK2,Cd2bp2,rmats,1198,BioPlanet_2019
mTOR signaling pathway,18/113,0.0293542658101393,3.003800178412132,26.89514319245439,EIF4A2;CAB39;FBXW11;STRADA;POLDIP3;VEGFB;TSC2;ATG13;PML;VEGFA;IKBKB;STK11;CLIP1;RRAGB;RPS6KB2;EIF4E2;EIF4G3;EIF4G1,Cd2bp2,rmats,1198,BioPlanet_2019
Ubiquitin-mediated proteolysis,20/136,0.0293542658101393,2.7349101340670923,23.681774318028808,UBE2F;FBXW11;UBA6;FANCL;SMURF1;HUWE1;WWP1;UBE3A;KLHL13;UBE2J2;PML;UBE2W;ITCH;HERC2;MDM2;ERCC8;TRIM37;BTRC;UBE2K;BIRC2,Cd2bp2,rmats,1198,BioPlanet_2019
M phase pathway,16/96,0.0293542658101393,3.1678510998307954,27.39338643681645,CENPT;MIS12;PPP2R5B;PPP2R5C;PPP1CC;CLIP1;STAG1;STAG2;CENPI;CENPL;B9D2;ITGB3BP;MAD1L1;CLASP1;NDEL1;CLASP2,Cd2bp2,rmats,1198,BioPlanet_2019
"BRCA1, BRCA2 and ATR roles in cancer susceptibility",7/22,0.029942002585900657,7.361265043380913,62.37445483175519,RAD50;FANCD2;CHEK2;FANCC;RAD1;FANCE;FANCG,Cd2bp2,rmats,1198,BioPlanet_2019
Energy-dependent regulation of mTOR by LKB1-AMPK,6/17,0.039908773432068355,8.59868822452715,69.24066469374375,STK11;CAB39;STRADA;STRADB;TSC2;PRKAB1,Cd2bp2,rmats,1198,BioPlanet_2019
GTPase Binding (GO:0051020),36/225,4.1038806045736697e-5,3.051061388410786,50.50915409816012,USP6NL;RABGAP1;GARRE1;MYCBP2;DOCK7;GCC2;AMBRA1;YBX3;FGD1;RASIP1;STRN3;AKAP13;AP3M1;GOLGA4;DENND10;ARFIP2;ERC1;DNM1L;HACE1;ANKRD27;PLEKHG2;SPHK2;TSC2;MYO9B;OCRL;GAPVD1;CYRIB;LSM2;RRAGB;ATG16L1;RAB34;SGSM2;PEX5;TRIP11;RIN3;EXOC5,Cd2bp2,rmats,1198,GO_Molecular_Function_2023
RNA Binding (GO:0003723),131/1411,6.468267934763684e-5,1.6806627811621369,25.5002848811502,EIF4A2;TFRC;FMR1;RPL10A;VIRMA;EDC3;TIAL1;EIF4ENIF1;PPP1CC;ENDOV;HMGN5;FBRSL1;CAST;RARS2;MBNL1;TYW5;ACTN1;DDX11;METTL3;CIRBP;GTPBP1;SRRM1;FAM133B;ILF3;ZC3H11A;RPP21;GEMIN5;DUS3L;ANKRD17;MACF1;AARS2;ZCCHC9;RCC1L;MTDH;DHX30;HNRNPDL;DHX33;DHX34;ERI3;SERPINH1;SAFB2;UTP20;LTA4H;LYAR;ZC3H14;MARK2;SRPK2;TIA1;CHTOP;ZRANB2;RBPMS;LSM2;PUM2;SETX;MOV10;TBL2;LSM6;GOLGB1;RNPS1;HNRNPC;LSM14A;EIF4G3;DZIP3;SUGP2;RPS24;EIF4G1;RBM25;TUT7;RBM26;CELF1;ZCCHC17;TENT4B;MTO1;YBX3;METTL14;LRRFIP1;RBM7;PSTK;TOP3B;ZC3H10;PABPC4;PRPF40B;DARS2;TFB2M;TRNAU1AP;DDX50;PTBP2;REXO4;PTBP3;DUS2;SARS2;PKM;SLTM;TUT1;RBMS1;EIF4E2;LUC7L2;RBM47;ROCK2;POLDIP3;SRF;RBM4B;MTIF2;MTHFSD;GANAB;BCLAF1;UNK;IGF2BP1;FLNB;RALY;ASCC3;SMNDC1;RBM39;TRMT10B;YTHDF2;MYEF2;YTHDF3;KRR1;YLPM1;HUWE1;RSRC2;APTX;CDK11B;KTN1;NAP1L4;SEC23IP;TNIP1;HNRNPA2B1;ZYX;ACIN1;R3HDM1,Cd2bp2,rmats,1198,GO_Molecular_Function_2023
Small GTPase Binding (GO:0031267),32/199,6.468267934763684e-5,3.0624171896344534,45.9394115513468,USP6NL;RABGAP1;GARRE1;MYCBP2;DOCK7;GCC2;YBX3;FGD1;STRN3;AKAP13;AP3M1;GOLGA4;DENND10;ARFIP2;ERC1;DNM1L;HACE1;ANKRD27;PLEKHG2;SPHK2;TSC2;MYO9B;OCRL;GAPVD1;CYRIB;LSM2;RAB34;SGSM2;PEX5;TRIP11;RIN3;EXOC5,Cd2bp2,rmats,1198,GO_Molecular_Function_2023
Ubiquitin-Like Protein Transferase Activity (GO:0019787),35/240,1.5206108554643053e-4,2.730092485791582,37.835147454072825,RNF14;UBE3A;KLHL13;RMND5B;RNF214;MARCHF8;TRIM68;BTRC;UBE2F;ATG3;HACE1;FBXW11;FANCL;SMURF1;NSMCE2;HUWE1;WWP1;CHFR;PML;RNF146;UBE2W;ITCH;ATG16L1;TTC3;MDM2;ERCC8;TRIM37;RBCK1;BCOR;FBXL5;UBE2K;TRIM11;DZIP3;BIRC2;TRIM33,Cd2bp2,rmats,1198,GO_Molecular_Function_2023
GTPase Regulator Activity (GO:0030695),51/424,2.091735343758724e-4,2.1968464183287324,29.254378767953614,USP6NL;GPSM2;FAM13B;ITSN1;DOCK7;RCBTB2;AKAP13;SYDE1;HERC2;SIPA1L1;DENND10;DNM1L;TBC1D22A;GARNL3;RALGPS2;PLEKHG2;RALGAPA1;STARD8;ARHGEF19;TSC2;OCRL;GAPVD1;TIAM1;RP2;SPATA13;PREB;RIN3;DENND6B;DEPDC5;TBC1D9B;RABGAP1;NPRL3;MYCBP2;ARHGAP19;AGAP1;ARHGAP17;ASAP1;FGD1;RCC1L;RIC8A;RACGAP1;CHN1;TBC1D14;ANKRD27;MYO9B;CCDC88A;SGSM2;RGS12;RGL2;NUCB2;MON1A,Cd2bp2,rmats,1198,GO_Molecular_Function_2023
mRNA Binding (GO:0003729),37/282,6.461446973932945e-4,2.4138550510643535,28.98159491460792,RBM25;RBM47;CELF1;POLDIP3;FMR1;YBX3;EDC3;CRYZ;TIAL1;EIF4ENIF1;METTL14;UNK;DHX33;IGF2BP1;CHTOP;TIA1;MYEF2;YTHDF2;YTHDF3;RBPMS;PABPC4;METTL3;CIRBP;PTBP2;PUM2;PTBP3;PKM;HNRNPA2B1;TUT1;GEMIN5;RBMS1;RNPS1;HNRNPC;EIF4G3;LSM14A;LUC7L2;EIF4G1,Cd2bp2,rmats,1198,GO_Molecular_Function_2023
mRNA 3'-UTR Binding (GO:0003730),18/93,7.874085708781622e-4,3.8088813559322032,44.39052451699777,RBM47;TIA1;CELF1;FMR1;PABPC4;CIRBP;YBX3;CRYZ;PUM2;TIAL1;ILF3;HNRNPA2B1;IGF2BP1;GEMIN5;RBMS1;TUT1;RNPS1;HNRNPC,Cd2bp2,rmats,1198,GO_Molecular_Function_2023
Protein-Lysine N-methyltransferase Activity (GO:0016279),12/54,0.005198410827535951,4.519392917369308,43.481133383603755,SETD5;SUV39H2;METTL22;SETD3;KMT5C;EHMT2;SETD6;NSD2;EHMT1;KMT5B;CAMKMT;EZH2,Cd2bp2,rmats,1198,GO_Molecular_Function_2023
"Catalytic Activity, Acting On A tRNA (GO:0140101)",10/39,0.005198410827535951,5.449030535237432,51.851899652594696,DTWD2;DUS2;AARS2;TYW5;MRPL58;TARS2;DUS3L;OSGEP;ANKZF1;TRIT1,Cd2bp2,rmats,1198,GO_Molecular_Function_2023
Protein Serine/Threonine Kinase Activity (GO:0004674),39/342,0.005535443989811791,2.054408460690763,19.203836614641997,ROCK2;PRKCZ;IKBKB;STK11;IRAK1;CHEK2;STK16;PHKG2;TLK2;TLK1;MAP4K5;MARK3;CAMK2G;MARK2;BRD4;PAK4;MAP2K6;PLK4;SRPK2;NEK9;DAPK2;LIMK2;MOK;CSNK1D;VRK1;PRKAB1;CLK4;CDK11B;HIPK2;CLK2;CLK1;BCKDK;MELK;STK26;RPS6KB2;CDK12;CSNK1G2;CAMK1G;MAP3K12,Cd2bp2,rmats,1198,GO_Molecular_Function_2023
N6-methyladenosine-containing RNA Binding (GO:1990247),5/10,0.00851822223419371,15.756077116512992,138.78095073484872,YTHDF2;YTHDF3;HNRNPA2B1;IGF2BP1;HNRNPC,Cd2bp2,rmats,1198,GO_Molecular_Function_2023
GTPase Activator Activity (GO:0005096),27/211,0.00851822223419371,2.3330393940519065,20.377386579082316,USP6NL;TBC1D9B;RABGAP1;FAM13B;NPRL3;ARHGAP19;AGAP1;ARHGAP17;ASAP1;SYDE1;SIPA1L1;RACGAP1;CHN1;TBC1D14;DNM1L;TBC1D22A;GARNL3;RALGAPA1;STARD8;TSC2;MYO9B;OCRL;RP2;SGSM2;PREB;RGS12;DEPDC5,Cd2bp2,rmats,1198,GO_Molecular_Function_2023
DNA Repair (GO:0006281),45/291,1.4889044976393652e-5,2.9439637848243185,56.57464804137582,DCLRE1A;ABRAXAS1;FMR1;PDS5B;ENDOV;MTA1;NTHL1;CHEK2;UIMC1;NSD2;PMS2;POLI;KMT5B;ASCC3;POLE;PMS1;MUTYH;ZRANB3;UVRAG;SLC30A9;CENPX;FANCM;MGMT;KMT5C;FANCL;USP3;ACTR5;XRCC3;RECQL;HUWE1;FANCC;FANCE;APTX;FANCG;REXO4;TICRR;SETX;RAD52;RAD50;TDP2;FANCD2;MSH3;ERCC2;ERCC8;RAD18,Cd2bp2,rmats,1198,GO_Biological_Process_2023
Regulation Of Organelle Organization (GO:0033043),20/100,0.002699603917461108,3.9732597623089982,52.93886540938263,USP6NL;SLC30A9;ACTR5;SIRT7;MFF;RBSN;PTK2;PARL;CAMSAP3;SYDE1;CLN3;MAVS;RHOT1;PDCD10;RUVBL2;AKAP9;PREB;NF2;DNM1L;MARK2,Cd2bp2,rmats,1198,GO_Biological_Process_2023
Mitotic Recombination (GO:0006312),7/14,0.005869102549087795,15.780856423173804,188.6599229613265,RAD52;RAD50;MSH3;NSMCE2;XRCC3;SMC5;RAD54B,Cd2bp2,rmats,1198,GO_Biological_Process_2023
Mitotic Spindle Assembly (GO:0090307),12/44,0.005869102549087795,5.934865092748735,70.35214486861497,WRAP73;STAG1;STAG2;RACGAP1;ABRAXAS1;KIFC1;CHEK2;SPICE1;LSM14A;CLASP1;CCDC61;CLASP2,Cd2bp2,rmats,1198,GO_Biological_Process_2023
DNA Damage Response (GO:0006974),45/384,0.008599798187904385,2.125620735441979,23.910814858437664,ATF2;USP16;STXBP4;FMR1;BRAT1;HTRA2;SMC5;PDS5B;ENDOV;BCLAF1;STK11;HERC2;CHEK2;TLK2;POLI;KMT5B;APBB1;MAP2K6;MUTYH;ZRANB3;UVRAG;SLF1;CBX5;MGMT;KMT5C;FANCL;DDX11;USP3;METTL3;XRCC3;RECQL;VRK1;FANCC;SIRT7;USP28;SPIDR;FANCG;REXO4;PML;TICRR;SETX;RAD50;MSH3;ERCC8;RAD18,Cd2bp2,rmats,1198,GO_Biological_Process_2023
DNA Metabolic Process (GO:0006259),36/288,0.011659268305111216,2.280550774526678,24.28505854490684,FMR1;PDS5B;ENDOV;NTHL1;CBS;RUVBL2;SMARCAD1;POLI;NT5M;KMT5B;POLE;MUTYH;ZRANB3;TOP3B;UVRAG;TCF7L2;MGMT;KMT5C;FANCL;USP3;ACTR5;XRCC3;RECQL;REV1;DONSON;FANCC;TERF1;TERF2;FANCG;REXO4;TICRR;RAD52;RAD50;MSH3;RBMS1;RAD18,Cd2bp2,rmats,1198,GO_Biological_Process_2023
Organelle Organization (GO:0006996),47/418,0.011659268305111216,2.0286051505663654,21.519498874963915,USP6NL;ABCD4;PI4K2B;TAFAZZIN;FAF2;TOR1AIP2;MIA3;FGD1;CAMSAP1;CECR2;RHOT1;SMPD4;ZMYM4;MICAL1;DYM;PACSIN3;TMED1;DNM1L;EPS15;CLASP1;SEC31A;PAK4;CLASP2;CENPT;HACE1;YTHDF2;YTHDF3;ATP8B2;NAA10;MTX2;COG2;TRAPPC8;CSNK1D;PEX1;MCOLN1;CFAP410;FANCG;TJAP1;GAK;FMNL3;SEC23IP;TMEM135;BIN1;ADCK1;RAB34;GOLGB1;TRIP11,Cd2bp2,rmats,1198,GO_Biological_Process_2023
Chromatin Organization (GO:0006325),34/268,0.0120179154284607,2.3177959878990806,24.20752224458548,KDM5A;SUV39H2;KDM5C;CHD6;EHMT1;M1AP;CECR2;HIRIP3;MTA1;RUVBL2;MIER1;PCGF1;SMARCAD1;KAT7;MTA3;BPTF;KDM6A;PBRM1;CHTOP;PHC1;CBX5;KDM4C;KDM2B;DDX11;PCGF2;ACTR5;ARID1B;NAP1L4;TADA2A;ZZZ3;MTF2;HNRNPC;BCOR;EZH2,Cd2bp2,rmats,1198,GO_Biological_Process_2023
Chromatin Remodeling (GO:0006338),30/228,0.015575731702249677,2.413345786633458,24.295394052266172,KDM5A;SUV39H2;KDM5C;USP15;CHD6;CECR2;MTA1;RUVBL2;MIER1;PCGF1;SMARCAD1;MTA3;BPTF;KDM6A;SRPK2;PBRM1;CHTOP;PHC1;KDM4C;KDM2B;PCGF2;USP3;ACTR5;SIRT7;ARID1B;SIRT2;TADA2A;MTF2;HNRNPC;BCOR,Cd2bp2,rmats,1198,GO_Biological_Process_2023
Spindle Assembly (GO:0051225),15/81,0.024323185002227247,3.5994774456312917,33.88380143529466,ABRAXAS1;TUBGCP2;SPICE1;CSNK1D;HAUS6;WRAP73;STAG1;STAG2;HAUS8;KIFC1;CHEK2;LSM14A;CLASP1;CCDC61;CLASP2,Cd2bp2,rmats,1198,GO_Biological_Process_2023
Proteasome-Mediated Ubiquitin-Dependent Protein Catabolic Process (GO:0043161),37/319,0.024323185002227247,2.0929621688322,19.447142640627575,ANAPC16;FAF2;ARRB2;AMBRA1;UBE2J2;BAG6;RMND5B;AMN1;MTA1;ZSWIM8;TBL1X;ASCC3;BTRC;RFFL;ANKZF1;KLHDC10;FBXW5;FBXW11;RHBDD2;SMURF1;FBXO17;WWP1;ARMC8;ERLIN2;PPP2R5C;SIRT2;PML;FBXL12;UBE2W;ITCH;MDM2;ERCC8;RBCK1;FBXL5;RNF185;UBE2K;BIRC2,Cd2bp2,rmats,1198,GO_Biological_Process_2023
Establishment Or Maintenance Of Epithelial Cell Apical/Basal Polarity (GO:0045197),10/40,0.024323185002227247,5.267115600448934,48.89384304247524,CAMSAP3;PATJ;DLG1;DLG3;DLG5;SCRIB;SYNE4;PRKCZ;MARK2;PALS1,Cd2bp2,rmats,1198,GO_Biological_Process_2023
Establishment Or Maintenance Of Apical/Basal Cell Polarity (GO:0035088),8/26,0.024323185002227247,7.015499533146592,64.91904414919752,PATJ;DLG1;DLG3;DLG5;SCRIB;PRKCZ;MARK2;PALS1,Cd2bp2,rmats,1198,GO_Biological_Process_2023
Plasma Membrane Bounded Cell Projection Assembly (GO:0120031),33/275,0.026750022569097226,2.1724541552867733,19.735543019066103,DYNLT2B;ASAP1;FGD1;CDC14B;NUDCD3;ABLIM1;TBC1D31;ARL13B;WDR90;ARFIP2;IFT57;BBS5;RAB8B;PLK4;IQCB1;SEPTIN2;RFX3;SEPTIN6;IFT122;CPLANE1;ANO6;OCRL;ATAT1;FMNL3;CCDC88A;IFT81;TMEM237;RP2;CENPJ;STK26;SPATA13;B9D2;CEP20,Cd2bp2,rmats,1198,GO_Biological_Process_2023
Endocytosis (GO:0006897),25/189,0.03596842894261078,2.422130039714719,21.103262398196296,LMBR1L;PIK3C2A;CLINT1;RAB22A;AP3M1;CLN3;SNX9;ATP9B;EPS15;TSC2;CSNK1D;EPS15L1;HSPG2;EPN1;EPN2;GAK;DAB2;BIN3;HOOK2;BIN1;RAB34;OCIAD1;RIN3;PI4KB;CSNK1G2,Cd2bp2,rmats,1198,GO_Biological_Process_2023
Histone H2A-K119 Monoubiquitination (GO:0036353),4/6,0.03596842894261078,31.490787269681743,272.54673652489925,PCGF5;PCGF2;PCGF1;TRIM37,Cd2bp2,rmats,1198,GO_Biological_Process_2023
Interstrand Cross-Link Repair (GO:0036297),9/36,0.037387276074976175,5.263526773198766,44.62337865198704,DCLRE1A;CENPX;FANCM;FANCL;FANCD2;XRCC3;FANCC;FANCE;FANCG,Cd2bp2,rmats,1198,GO_Biological_Process_2023
Positive Regulation Of Translation (GO:0045727),17/108,0.037387276074976175,2.9597472806617597,24.820138245759203,CDC123;USP16;YTHDF2;YTHDF3;POLDIP3;FMR1;METTL3;RMND1;CIRBP;MPV17L2;YBX3;RCC1L;METTL14;PKM;RPS6KB2;IGF2BP1;EIF4G3,Cd2bp2,rmats,1198,GO_Biological_Process_2023
Protein Ubiquitination (GO:0016567),45/434,0.037387276074976175,1.8473881703480581,15.381482656206998,ANAPC16;RNF14;UBA6;PELI2;MYCBP2;UBE3A;ARRB2;AMBRA1;KLHL13;UBE2J2;RNFT1;HERC2;TNKS2;ZSWIM8;TRIM68;MARCHF8;BTRC;RNF111;ATG3;HACE1;FBXW5;FANCL;FBXW11;SMURF1;HUWE1;WWP1;FANCC;FANCE;FANCG;CHFR;RNF146;UBE2W;ITCH;MDM2;ERCC8;TRIM37;RBCK1;FBXL5;RNF185;UBE2K;DZIP3;RAD18;BIRC2;TRIM33;TRIM11,Cd2bp2,rmats,1198,GO_Biological_Process_2023
Protein Modification Process (GO:0036211),66/711,0.037387276074976175,1.6412770153669158,13.49910942774121,SETD3;PTPRS;GMFG;JADE1;PLOD2;NAGPA;CDC14B;IKBKB;PPP1CC;STK11;PPP4R2;CHEK2;TLK2;TLK1;KAT7;BTRC;ILKAP;PPP1R12A;TBP;STRADA;FBXW11;DAPK2;STRADB;PPP2R5B;ALG3;ADAM10;VRK1;CSNK1D;PPP2R5C;JMJD7;ATG13;PRKAB1;ILF3;MELK;CREB1;PIGK;ATG4B;CSNK1G2;PPM1M;ROCK2;FUT10;PRKCZ;PORCN;IRAK1;MAP4K5;MARK3;MARK2;ST3GAL3;PAK4;PLK4;SRPK2;UBE2F;UVRAG;LIMK2;PTPN13;CDK11B;PTK2;HIPK2;CLK2;SSH1;BCKDK;ATG16L1;STK26;COQ8B;TAF2;MAP3K12,Cd2bp2,rmats,1198,GO_Biological_Process_2023
Protein Phosphorylation (GO:0006468),50/500,0.037387276074976175,1.7762291908633372,14.604268943576246,ATF2;GMFG;IKBKB;STK11;CHEK2;STK16;TLK2;TLK1;ERC1;TBP;STRADA;DAPK2;STRADB;ADAM10;VRK1;CSNK1D;ATG13;PRKAB1;ILF3;MELK;CREB1;CSNK1G2;CAMK1G;USP15;CAB39;ROCK2;SRC;PRKCZ;IRAK1;MAP4K5;MARK3;MARK2;PAK4;PLK4;SRPK2;UVRAG;LIMK2;CLK4;CDK11B;PTK2;HIPK2;CLK2;BCKDK;CLK1;STK26;COQ8B;CDK12;FGFR2;TAF2;MAP3K12,Cd2bp2,rmats,1198,GO_Biological_Process_2023
Regulation Of Cilium Assembly (GO:1902017),13/71,0.037387276074976175,3.545351374945439,29.14312489901982,USP6NL;ATG3;RABGAP1;TBC1D9B;LIMK2;CEP120;DYNLT2B;TCHP;CCDC88A;ODF2L;TBC1D14;ENTR1;TBC1D22A,Cd2bp2,rmats,1198,GO_Biological_Process_2023
Golgi Organization (GO:0007030),19/130,0.037387276074976175,2.7136220189655305,22.291348921052993,USP6NL;PI4K2B;HACE1;ATP8B2;COG2;GCC2;CSNK1D;VRK1;TRAPPC8;TJAP1;GAK;SEC23IP;PDCD10;GOLGB1;DYM;TRIP11;TMED1;CLASP1;CLASP2,Cd2bp2,rmats,1198,GO_Biological_Process_2023
Vesicle-Mediated Transport (GO:0016192),43/411,0.037387276074976175,1.8649115377376246,15.312144567676583,USP6NL;RAB5C;TSG101;STX16;GOSR2;ITSN1;MIA3;PIK3C2A;CLINT1;RAB22A;AP3M1;CECR2;GOLGA4;HMGXB4;CPNE1;SNX9;ATP9B;EPS15;VPS16;UVRAG;EXOC6B;TSC2;SCRIB;CSNK1D;EPS15L1;RBSN;AP4B1;EPN1;EPN2;BIN3;HOOK2;BIN1;RAB34;DNAJC5;RAB13;OCIAD1;SPIRE1;VIPAS39;RIN3;EXOC5;VPS45;OSBPL1A;CSNK1G2,Cd2bp2,rmats,1198,GO_Biological_Process_2023
Endomembrane System Organization (GO:0010256),25/196,0.03774813446523435,2.322106060832673,18.907210900797097,USP6NL;PI4K2B;TOR1AIP2;MIA3;RAB22A;SMPD4;DYM;TMED1;DNM1L;CLASP1;SEC31A;PLEKHJ1;CLASP2;HACE1;ATP8B2;COG2;CSNK1D;TRAPPC8;PHETA1;TJAP1;GAK;SEC23IP;HOOK2;GOLGB1;TRIP11,Cd2bp2,rmats,1198,GO_Biological_Process_2023
Histone Modification (GO:0016570),14/81,0.03774813446523435,3.3063987494957643,26.85128510507628,USP3;JADE1;MSL3;SIRT2;PHF20L1;MTA1;TADA2A;RUVBL2;MIER1;TADA3;KAT7;TBL1X;MTA3;KAT14,Cd2bp2,rmats,1198,GO_Biological_Process_2023
Golgi Vesicle Transport (GO:0048193),25/197,0.03849101323962186,2.3084815321477428,18.61508085118753,GOSR2;GCC2;MIA3;GOLGA4;TBC1D14;TMED1;ATP9B;SEC31A;RAB8B;UVRAG;COG2;TRAPPC8;RBSN;RINT1;RP2;SGSM2;RAB13;TRIP11;SPIRE1;PREB;COPG2;EXOC5;COPG1;ERGIC2;SEC24C,Cd2bp2,rmats,1198,GO_Biological_Process_2023
Epigenetic Regulation Of Gene Expression (GO:0040029),14/83,0.04410163332467268,3.2102183705444576,25.23415433955761,ATF2;SUV39H2;SPHK2;WBP2;DNMT3A;SIRT7;ARID1B;SIRT2;ZDBF2;MTA1;MTF2;KAT7;TRIM37;EZH2,Cd2bp2,rmats,1198,GO_Biological_Process_2023
tRNA Aminoacylation For Mitochondrial Protein Translation (GO:0070127),4/7,0.04410163332467268,20.992741485203798,164.9241466725472,SARS2;DARS2;TARS2;EARS2,Cd2bp2,rmats,1198,GO_Biological_Process_2023
Regulation Of DNA Metabolic Process (GO:0051052),18/124,0.04647325906249874,2.6905020786696516,20.90510550001289,ANKRD17;SLF1;ESCO1;EHMT2;ACTR5;NSMCE2;JADE1;YLPM1;SMC5;SIRT7;TERF2;CCDC88A;RUVBL2;TADA3;UIMC1;SMARCAD1;KAT7;TAF2,Cd2bp2,rmats,1198,GO_Biological_Process_2023
Intracellular Membrane-Bounded Organelle (GO:0043231),403/5175,1.3632847664452162e-7,1.4903736154823473,32.16172566578791,ATF2;TFRC;EHMT2;ITSN1;EHMT1;DCAF8;SMC5;RBPJ;ALKBH6;PPP4R2;RNF111;MBNL1;DDX11;DAPK2;RFX3;MRTFA;RFX1;ARMC8;ISL1;PRKAB1;MED7;NISCH;BIN1;COPS7B;MTDH;NTHL1;LTA4H;KAT14;LHPP;HACE1;PHC1;TIPARP;FUCA1;TMEM192;SETX;MLLT10;MOV10;FIBP;TADA2A;TDP2;GTF2IRD1;HNRNPC;CDK12;PKIG;RAD18;EZH2;PHF3;CEP57;SETD5;SETD6;NCAPG2;TDRP;MED15;CLINT1;MED14;WDR37;SPHK2;SIRT7;TERF1;RBSN;TERF2;SIRT2;NCOR2;MED22;AFTPH;KIFC1;MED20;MTF2;ERGIC2;MYRF;CIPC;BCLAF1;BTAF1;NSD2;PMS2;PCGF1;PMS1;NKTR;BRD4;SLF1;TRMT10B;EGLN2;YTHDF2;ATAD5;PCGF5;SEPTIN2;MGMT;PCGF2;ATAD2;YLPM1;HIPK2;RNF146;ZYX;CRLF3;FMR1;CTNND1;UBP1;RPL10A;VIRMA;CDC14B;EIF4ENIF1;PPP1CC;STK11;HMGN5;RUVBL2;SMARCAD1;KMT5B;CLCC1;NEPRO;GTF2I;TLE1;KMT5C;RALGAPA1;USP4;USP3;IPMK;VRK1;CDC25C;GTF2F2;THOC7;THOC6;CLIP1;ILF3;MSH3;PKP4;CSNK1G2;ANKRD17;IPPK;ANKRD16;ANKRD11;GPATCH2L;BCL2L12;BAG6;SAFB2;OSBPL9;TIA1;CHTOP;ANKRD27;BRPF3;FANCL;RFXANK;FANCC;FANCE;LSM2;DAB2;LSM6;DAB1;P4HA1;CNOT2;TADA3;MDM2;PIR;NF2;OSBPL1A;MDM1;EIF4G1;CELF1;RNF14;FHL1;UFSP2;ARRB2;FOXM1;PIK3C2A;CDC73;RESF1;METTL14;SIN3A;PPP6R3;TRIM68;TLK2;TLK1;DNM1L;ILKAP;ACTR5;DNMT3A;MSL3;PTBP2;REXO4;MSL1;PTBP3;METTL22;PKM;TFDP2;SLC25A19;DNAJC5;DNAJC8;BIRC2;PPM1M;WBP2;SRF;AMBRA1;CECR2;GANAB;NFS1;HIRIP3;IGF2BP1;ASCC3;DRAM2;E2F6;SMOX;DONSON;TPRKB;EXOG;MCOLN1;PTPN13;PML;RAD52;RAD50;DOLPP1;BCOR;TRIM33;PANK2;UXT;TIAL1;HERC2;CHEK2;SPATA24;CPNE1;KAT7;CCNL2;ESCO1;NSMCE2;METTL3;CIRBP;RECQL;CSNK1D;JMJD7;SRRM1;RRAGB;AKAP9;PREB;NSMF;ANKRA2;MYCBP2;UBE2J2;OSGEP;GMCL1;DHX30;RAB11FIP1;RACGAP1;DHX33;MIER1;DPH3;PATZ1;LYAR;SEC31A;ATP6V0A1;CTSA;SRPK2;STK11IP;XRCC3;MEMO1;PTK2;STAG1;STAG2;GOLGB1;RNPS1;RPS24;RPAIN;SUV39H2;SLC35F6;TECR;OTUD7B;ZBTB8OS;MIA3;ZMYM2;UIMC1;CTSH;SPTAN1;GABPA;TOP3B;NCOA2;GRIPAP1;PBRM1;STRADA;PABPC4;STRADB;TFE3;PRMT3;GAK;SLTM;SLU7;STX16;MIS12;RAD54B;TBL1X;APBB1;EPS15;APBB3;MYEF2;NFYC;MOK;HUWE1;APTX;SEC23IP;ITCH;TFAP4;TTC3;HNRNPA2B1;CRTC2;CRTC1;GEMIN2;JADE1;PRDM2;SLC30A9;BORA;KDM2B;FBXW11;ANGEL1;ADAM10;TSC2;OCRL;CDYL;CFAP410;MAU2;FANCD2;GEMIN5;WDFY2;GEMIN8;ISCU;ARHGAP19;HTRA2;PDS5B;IRAK1;CAMTA1;TBC1D14;ZC3H14;BPTF;UBE2F;CBX5;POU2F1;PHF12;MACO1;CLK4;CLK2;CLK1;UBE2W;DLG1;HOOK2;UBE2K;FGFR2;KDM5A;KDM5C;RBM26;CHD6;YBX3;SENP6;SNAPC4;RBM7;POLE;KDM6A;SUN1;USP48;TBP;PPP2R5B;PPP2R5C;TRNAU1AP;TTI2;EPN2;CREB1;RBMS1;ITGB3BP;LAMA5;RBM47;USP15;MVK;USP16;POLDIP3;ABRAXAS1;DCTN4;BRAT1;WIZ;RMND5B;CLN3;MTA1;TNKS2;CBS;RALY;MTA3;SMNDC1;S100PBP;MUTYH;TCF7L2;KDM4C;NAA10;B3GAT3;SWT1;LIMK2;DTNBP1;USP28;CDK11B;CHFR;TICRR;NAP1L4;FMNL3;KANSL1;ERCC2;ERCC8;ACIN1;QRICH1;RGS12;TAF2;SSBP4,Cd2bp2,rmats,1198,GO_Cellular_Component_2023
Nucleus (GO:0005634),353/4487,5.088528993010367e-7,1.4822396464017542,29.00654172822699,ATF2;PANK2;EHMT2;EHMT1;DCAF8;SMC5;RBPJ;ALKBH6;UXT;TIAL1;HERC2;PPP4R2;CHEK2;SPATA24;CPNE1;KAT7;CCNL2;RNF111;MBNL1;ESCO1;DDX11;DAPK2;NSMCE2;METTL3;CIRBP;RECQL;RFX3;MRTFA;CSNK1D;ARMC8;JMJD7;ISL1;PRKAB1;MED7;SRRM1;BIN1;RRAGB;PREB;NSMF;ANKRA2;MYCBP2;COPS7B;UBE2J2;OSGEP;GMCL1;MTDH;DHX30;RACGAP1;DHX33;NTHL1;MIER1;DPH3;LTA4H;PATZ1;LYAR;KAT14;LHPP;SRPK2;HACE1;PHC1;TIPARP;XRCC3;TMEM192;MEMO1;PTK2;SETX;MLLT10;MOV10;FIBP;STAG1;TADA2A;STAG2;TDP2;GTF2IRD1;RNPS1;HNRNPC;CDK12;PKIG;RAD18;RPS24;EZH2;PHF3;CEP57;RPAIN;SUV39H2;SETD5;SETD6;NCAPG2;TECR;TDRP;OTUD7B;ZBTB8OS;MED15;MED14;ZMYM2;UIMC1;GABPA;TOP3B;NCOA2;PBRM1;WDR37;SPHK2;STRADA;PABPC4;STRADB;TFE3;PRMT3;SIRT7;TERF1;TERF2;SIRT2;NCOR2;MED22;SLTM;KIFC1;MED20;MTF2;ERGIC2;SLU7;MYRF;CIPC;MIS12;RAD54B;BCLAF1;NSD2;PMS2;PCGF1;TBL1X;APBB1;APBB3;PMS1;NKTR;BRD4;SLF1;TRMT10B;EGLN2;YTHDF2;MYEF2;ATAD5;PCGF5;SEPTIN2;MGMT;PCGF2;NFYC;ATAD2;YLPM1;MOK;HUWE1;APTX;HIPK2;RNF146;TFAP4;TTC3;HNRNPA2B1;ZYX;CRLF3;CRTC2;CRTC1;GEMIN2;FMR1;CTNND1;JADE1;UBP1;PRDM2;RPL10A;VIRMA;CDC14B;EIF4ENIF1;PPP1CC;STK11;HMGN5;RUVBL2;SMARCAD1;KMT5B;NEPRO;GTF2I;SLC30A9;BORA;TLE1;KDM2B;KMT5C;FBXW11;RALGAPA1;USP4;USP3;IPMK;ANGEL1;ADAM10;TSC2;VRK1;OCRL;CDYL;CDC25C;GTF2F2;THOC7;THOC6;CLIP1;ILF3;MAU2;MSH3;FANCD2;GEMIN5;PKP4;GEMIN8;CSNK1G2;ISCU;ANKRD17;IPPK;ANKRD16;ANKRD11;HTRA2;PDS5B;GPATCH2L;BCL2L12;BAG6;IRAK1;SAFB2;CAMTA1;ZC3H14;BPTF;UBE2F;TIA1;CHTOP;CBX5;POU2F1;BRPF3;FANCL;PHF12;RFXANK;FANCC;MACO1;FANCE;CLK4;CLK2;LSM2;CLK1;UBE2W;DLG1;LSM6;CNOT2;TADA3;MDM2;PIR;NF2;UBE2K;FGFR2;MDM1;EIF4G1;KDM5A;KDM5C;RBM26;CELF1;RNF14;FHL1;CHD6;UFSP2;ARRB2;FOXM1;YBX3;CDC73;RESF1;SENP6;METTL14;SIN3A;PPP6R3;SNAPC4;TRIM68;TLK2;TLK1;RBM7;POLE;ILKAP;KDM6A;USP48;TBP;ACTR5;DNMT3A;PPP2R5B;MSL3;PPP2R5C;TRNAU1AP;TTI2;PTBP2;REXO4;MSL1;PTBP3;METTL22;CREB1;PKM;TFDP2;SLC25A19;RBMS1;DNAJC8;BIRC2;ITGB3BP;LAMA5;RBM47;USP15;USP16;PPM1M;WBP2;POLDIP3;ABRAXAS1;SRF;DCTN4;BRAT1;WIZ;AMBRA1;RMND5B;CECR2;CLN3;NFS1;MTA1;HIRIP3;TNKS2;HAUS8;CBS;IGF2BP1;RALY;ASCC3;E2F6;MTA3;SMNDC1;S100PBP;MUTYH;TCF7L2;KDM4C;NAA10;SWT1;LIMK2;DONSON;TPRKB;DTNBP1;EXOG;PTPN13;USP28;CDK11B;CHFR;PML;TICRR;NAP1L4;RAD52;RAD50;KANSL1;ERCC2;ERCC8;ACIN1;QRICH1;RGS12;BCOR;TRIM33;TAF2;SSBP4,Cd2bp2,rmats,1198,GO_Cellular_Component_2023
Mitotic Spindle (GO:0072686),25/143,1.3140033400722034e-4,3.3746586327972605,45.92941022396975,EPB41;CDC14B;RACGAP1;HAUS8;TBL1X;KAT14;CLASP1;CLASP2;IQCB1;LIMK2;HAUS6;EML1;EML2;SIRT2;EML4;ATAT1;WRAP73;TADA2A;ZZZ3;TFDP2;KIFC1;TADA3;PKP4;LSM14A;MAD1L1,Cd2bp2,rmats,1198,GO_Cellular_Component_2023
Cytoplasmic Stress Granule (GO:0010494),16/76,7.122421490420351e-4,4.228313592780598,49.184755840167185,MBNL1;TIA1;YTHDF2;RBPMS;YTHDF3;CELF1;FMR1;PABPC4;CIRBP;ZFAND1;HIPK2;PUM2;TIAL1;IGF2BP1;LSM14A;EIF4G1,Cd2bp2,rmats,1198,GO_Cellular_Component_2023
trans-Golgi Network (GO:0005802),30/241,0.00760718432327162,2.2630737518665196,20.459692528155763,USP6NL;PI4K2B;STX16;GCC2;PCSK7;PIK3C2A;ATP2C1;CLN3;GOLGA4;SMPD4;ARFIP2;ARFIP1;SNX9;ATP9B;PLEKHJ1;CLASP2;ATP8B2;COG2;OCRL;FAM91A1;PHETA1;AP4B1;TJAP1;PREPL;HOOK2;SLC9A8;RAB13;RELCH;LGR5;PHAF1,Cd2bp2,rmats,1198,GO_Cellular_Component_2023
Spindle (GO:0005819),27/210,0.007954010947743187,2.345914238915877,20.676326512732047,EPB41;CDC14B;RACGAP1;CSPP1;TBL1X;KAT14;CLASP1;CLASP2;IQCB1;LIMK2;SPICE1;CSNK1D;EML1;EML2;SIRT2;EML4;ATAT1;WRAP73;TADA2A;ZZZ3;TFDP2;KIFC1;TADA3;ERCC2;PKP4;LSM14A;MAD1L1,Cd2bp2,rmats,1198,GO_Cellular_Component_2023
Golgi Stack (GO:0005795),8/31,0.01604947092735216,5.4889294848374135,43.374371208019284,CLN3;STX16;GOLGB1;RAB34;COG2;OCRL;VRK1;ZFYVE1,Cd2bp2,rmats,1198,GO_Cellular_Component_2023
Intracellular Non-Membrane-Bounded Organelle (GO:0043232),100/1195,0.01604947092735216,1.4727482928695594,11.522898954337492,TMEM179B;GEMIN2;FMR1;HJURP;RBPJ;ZFYVE1;CDC14B;UXT;PPP1CC;ENDOV;CSPP1;ARFIP2;KAT7;NEPRO;SLC30A9;ESCO1;DDX11;SPICE1;RECQL;CSNK1D;VRK1;CDYL;SELENOO;ILF3;PREPL;SHQ1;BIN1;FANCD2;AKAP9;PKP4;WDFY3;MAD1L1;IPPK;MACF1;TSG101;RAB5C;EPB41;ZCCHC9;HTRA2;PDS5B;SYCE2;DHX33;RACGAP1;IRAK1;CALD1;EPB41L3;CAMTA1;UTP20;LYAR;ZC3H14;PLK4;SRPK2;CBX5;ATP8B2;FANCE;PTK2;FANCG;ABTB1;STAG1;LSM6;STAG2;ZZZ3;MDM2;NF2;EIF4G3;FAF2;FOXM1;TENT4B;EPB41L4A;SH3PXD2B;TRIM68;LRRFIP1;RBM7;SPG11;PPP1R12A;SIRT7;TERF1;ZFX;DDX50;SIRT2;REXO4;METTL22;TUT1;LDAH;ERGIC2;ROCK2;CIPC;ASAP1;AMBRA1;HIRIP3;E2F8;NAA10;IDH3G;KRR1;MTX2;APTX;PML;TTC3;ERCC2;RGS12,Cd2bp2,rmats,1198,GO_Cellular_Component_2023
P-body (GO:0000932),13/83,0.044956392894691374,2.9356962025316458,19.5995264717421,YTHDF2;GARRE1;YTHDF3;EDC3;LSM2;PAN2;EIF4ENIF1;MOV10;LSM6;CNOT2;IGF2BP1;EIF4E2;LSM14A,Cd2bp2,rmats,1198,GO_Cellular_Component_2023
mRNA Processing WP310,54/444,1.0334567569274055e-9,3.179864253393665,81.06866006844577,EIF4A2;RBM28;RBM25;CELF1;FMR1;HNRNPR;PAPOLA;RBM7;RBM34;RBM5;ILKAP;SECISBP2;PABPC4;PRPF40B;PRPF40A;ZCRB1;SMC1A;ILF3;SLTM;SUPT5;ESRP1;FDX2;SLU7;RNMT;DHX9;SFSWAP;POLDIP3;WBP4;DDX20;DDX21;RNPC3;RNASET2B;FXR1;HNRNPDL;SAFB2;IGF2BP1;SRSF10;SRSF11;RBM10;SRPK2;RNGTT;MYEF2;LSM1;RSRC2;PUM1;CLK4;U2SURP;SRPK1;HNRNPD;ACIN1;RNPS1;EIF4G3;SUGP2;RPS24,Qk,rmats,870,WikiPathways_2024_Mouse
Mechanisms Associated With Pluripotency WP1763,26/290,0.025195356795496723,2.201439752980037,17.153551234668655,ATF2;KDM5C;KDM3A;DHX9;JADE1;EHMT1;ZMYM2;IPO9;XPO4;DNMT3B;SMARCAD1;OTX2;KPNA2;PBRM1;POU2F1;TFE3;DNMT3A;ATRX;TERF2;PIAS2;P4HA1;MTF2;CDK2;MDM2;STK40;EZH2,Qk,rmats,870,WikiPathways_2024_Mouse
Cell Cycle R-HSA-1640170,59/654,1.0360403761678223e-4,2.2662445989493207,36.59852036543527,CEP57;DIDO1;MCM8;HJURP;FOXM1;PCM1;MIS18BP1;NUF2;TOPBP1;BTRC;POLE;CDK5RAP2;NDEL1;NUP214;NDC1;SUN1;PPP1R12A;ESCO1;IST1;FBXW11;ATRX;TINF2;PPP2R5B;HAUS3;VRK1;KNL1;SMC1A;TERF2;CDC25A;CLIP1;RBL1;TFDP2;AKAP9;CHMP7;ITGB3BP;MCPH1;MAX;SRC;PDS5B;PDS5A;SYCE2;ORC6;CEP70;NSD2;RBBP8;CLASP1;CEP78;CLASP2;PLK4;GINS1;NEK9;CENPX;CDC7;RAD50;CDK2;CENPL;MDM2;CHMP2A;RAD9A,Qk,rmats,870,Reactome_2022
Processing Of Capped Intron-Containing Pre-mRNA R-HSA-72203,27/242,0.0029962961617093255,2.81776048994455,33.281763292712576,FYTTD1;DHX9;PDCD7;POLDIP3;WBP4;DDX42;HNRNPR;RNPC3;U2AF1L4;METTL14;FIP1L1;PAPOLA;SRSF10;SRSF11;RBM5;NUP214;NDC1;AQR;PRPF40A;ZCRB1;THOC7;U2SURP;LSM6;ZC3H11A;HNRNPD;RNPS1;SLU7,Qk,rmats,870,Reactome_2022
Membrane Trafficking R-HSA-199991,50/599,0.0029962961617093255,2.0637300635301434,24.117255111920066,DENND1B;APP;MCFD2;ITSN1;SNAP23;GCC2;AP1G1;TRAPPC12;TRAPPC13;SBF1;CTSC;AGFG1;TSC2;OCRL;GAPVD1;PRKAB1;DNM2;EPN2;GAK;RINT1;TRAPPC6A;RABEP1;CTTN;BIN1;ULK1;DENND6B;CHMP7;RAB5C;SRC;STX16;GPS1;ARFRP1;GGA1;PACSIN3;EPS15;SEC31A;REPS1;VTA1;DTNBP1;PUM1;TJP1;DAB2;SEC23IP;GOLGB1;RAB13;CHMP2A;UBAP1;COPG2;SEC24C;PICALM,Qk,rmats,870,Reactome_2022
Energy Dependent Regulation Of mTOR By LKB1-AMPK R-HSA-380972,8/29,0.005140469560703329,8.44503369793393,89.98440664716624,PRKAA1;CAB39;CAB39L;STRADA;RRAGB;STRADB;TSC2;PRKAB1,Qk,rmats,870,Reactome_2022
"Cell Cycle, Mitotic R-HSA-69278",44/523,0.005140469560703329,2.07414559185551,22.059890397155495,CEP57;MAX;MCM8;SRC;PDS5B;FOXM1;PDS5A;PCM1;ORC6;CEP70;NUF2;BTRC;POLE;CLASP1;CDK5RAP2;CEP78;NDEL1;CLASP2;NUP214;PLK4;NDC1;GINS1;NEK9;PPP1R12A;ESCO1;IST1;FBXW11;PPP2R5B;HAUS3;CDC7;VRK1;KNL1;SMC1A;CDC25A;CLIP1;RBL1;TFDP2;CDK2;AKAP9;CENPL;CHMP2A;CHMP7;ITGB3BP;MCPH1,Qk,rmats,870,Reactome_2022
Metabolism Of RNA R-HSA-8953854,52/666,0.005463215019287356,1.917029698239131,19.690698580693347,EIF4A2;RBM28;PDCD7;DDX42;ZBTB8OS;HNRNPR;RPL10A;TSEN2;METTL14;PAPOLA;BUD23;RBM5;NUP214;NDC1;AQR;TYW5;PRPF40A;ZCRB1;THOC7;GTPBP3;QTRT1;ZC3H11A;GEMIN8;SLU7;FYTTD1;RNMT;DHX9;POLDIP3;WBP4;DDX20;PARN;RNPC3;U2AF1L4;FIP1L1;IGF2BP1;UTP20;SRSF10;SRSF11;RNGTT;RIOK3;LSM1;CNOT10;RRP1B;SNUPN;TRIT1;U2SURP;LSM6;TRMT5;HNRNPD;RNPS1;TRMT11;RPS24,Qk,rmats,870,Reactome_2022
DNA Repair R-HSA-73894,30/310,0.005463215019287356,2.4043367346938775,24.43718316387192,INO80E;GPS1;NTHL1;NSD2;USP1;RBBP8;PMS2;TOPBP1;KPNA2;NFRKB;POLE;MUTYH;AQR;CENPX;FANCM;ACTR5;TINF2;XRCC3;REV1;RAD23A;CHD1L;TERF2;PALB2;RAD52;RAD50;MSH3;CDK2;DTL;RAD18;RAD9A,Qk,rmats,870,Reactome_2022
Vesicle-mediated Transport R-HSA-5653656,50/637,0.005463215019287356,1.9261852328915112,19.38193353856982,DENND1B;APP;MCFD2;ITSN1;SNAP23;GCC2;AP1G1;TRAPPC12;TRAPPC13;SBF1;CTSC;AGFG1;TSC2;OCRL;GAPVD1;PRKAB1;DNM2;EPN2;GAK;RINT1;TRAPPC6A;RABEP1;CTTN;BIN1;ULK1;DENND6B;CHMP7;RAB5C;SRC;STX16;GPS1;ARFRP1;GGA1;PACSIN3;EPS15;SEC31A;REPS1;VTA1;DTNBP1;PUM1;TJP1;DAB2;SEC23IP;GOLGB1;RAB13;CHMP2A;UBAP1;COPG2;SEC24C;PICALM,Qk,rmats,870,Reactome_2022
PI Metabolism R-HSA-1483255,13/82,0.005463215019287356,4.190435120829317,41.46137181178524,PI4K2B;VAC14;MTMR14;PITPNB;PLEKHA5;PLEKHA6;OCRL;PLEKHA8;PIP4P1;PIP5K1A;PI4KB;PNPLA6;SBF1,Qk,rmats,870,Reactome_2022
trans-Golgi Network Vesicle Budding R-HSA-199992,12/71,0.005463215019287356,4.520801232665639,44.67280212432786,GAK;APP;RAB5C;AP1G1;GOLGB1;SNAP23;DTNBP1;CHMP2A;OCRL;PUM1;DNM2;PICALM,Qk,rmats,870,Reactome_2022
Mitotic Prometaphase R-HSA-68877,21/186,0.006089203340043987,2.8430238783595674,27.514278065582957,PLK4;CEP57;NEK9;PPP2R5B;HAUS3;KNL1;PDS5B;PDS5A;SMC1A;CLIP1;PCM1;AKAP9;CEP70;NUF2;CENPL;ITGB3BP;CLASP1;CDK5RAP2;CEP78;NDEL1;CLASP2,Qk,rmats,870,Reactome_2022
Chromatin Modifying Enzymes R-HSA-3247509,24/238,0.010318683795124893,2.5075893153045667,22.66905072491572,SUV39H2;PBRM1;KDM5C;KDM3A;KDM2A;MEAF6;SETDB1;KDM2B;SETD6;DNMT3A;JADE1;EHMT1;PHF21A;ZZZ3;ING3;NCOR1;MRGBP;KANSL2;NSD2;TADA3;KAT7;BRD8;KAT14;EZH2,Qk,rmats,870,Reactome_2022
Macroautophagy R-HSA-1632852,15/114,0.010318683795124893,3.372496898812688,30.29624791148682,PRKAA1;SRC;MTMR14;TSC2;AMBRA1;PRKAB1;RRAGB;PEX5;HSF1;NBR1;CHMP2A;ULK1;ATG7;CHMP7;ATG5,Qk,rmats,870,Reactome_2022
Autophagy R-HSA-9612973,16/128,0.010678768208778203,3.181331549013048,28.234060985991004,PRKAA1;SRC;MTMR14;TSC2;AMBRA1;PRKAB1;RRAGB;PEX5;HSF1;NBR1;CHMP2A;UBAP1;ULK1;ATG7;CHMP7;ATG5,Qk,rmats,870,Reactome_2022
Regulation Of TP53 Activity R-HSA-5633007,18/157,0.012014590977456939,2.8864626608572297,25.07776702857496,PRKAA1;TBP;MEAF6;MAPKAP1;EHMT1;PRKAB1;RAD50;ING3;PIP4P1;TTC5;CDK2;MDM2;RBBP8;TOPBP1;RFFL;BANP;MAP2K6;RAD9A,Qk,rmats,870,Reactome_2022
mRNA 3-End Processing R-HSA-72187,10/58,0.012036450001949325,4.622577519379845,39.85450397235481,FYTTD1;FIP1L1;POLDIP3;ZC3H11A;PAPOLA;RNPS1;SLU7;THOC7;SRSF11;U2AF1L4,Qk,rmats,870,Reactome_2022
Mitochondrial tRNA Aminoacylation R-HSA-379726,6/21,0.012314125471254258,8.849537037037036,75.1139527628183,RARS2;AARS2;SARS2;PPA2;DARS2;TARS2,Qk,rmats,870,Reactome_2022
Signaling By Rho GTPases R-HSA-194315,48/644,0.012314125471254258,1.8159016313133787,15.400871319918862,CYFIP1;SRC;ARHGEF25;GPS1;ITSN1;SNAP23;FAF2;UACA;ARHGAP12;SYDE1;NUF2;NCK2;PLXNA1;FLOT2;ECT2;CLASP1;NDEL1;PAK4;CLASP2;REPS1;PPP1R12A;STARD8;ACTN1;NCOA3;LIMK2;PPP2R5B;OCRL;MACO1;KNL1;PTK2;KTN1;WDR11;SENP1;NISCH;NSFL1C;ANLN;CLIP1;FAM135A;CTTN;PRC1;DLG5;ABI1;CENPL;ARHGEF1;NF2;ITGB3BP;CDC42SE2;PICALM,Qk,rmats,870,Reactome_2022
mRNA Splicing R-HSA-72172,20/189,0.012664535450582144,2.639888618169161,22.172397069858285,AQR;PDCD7;DHX9;WBP4;DDX42;HNRNPR;PRPF40A;ZCRB1;RNPC3;U2SURP;U2AF1L4;LSM6;FIP1L1;PAPOLA;HNRNPD;RNPS1;SLU7;SRSF10;RBM5;SRSF11,Qk,rmats,870,Reactome_2022
Diseases Of DNA Repair R-HSA-9675135,9/51,0.01605638123181873,4.750622200099552,38.315728945921535,RAD50;MSH3;NTHL1;RBBP8;PMS2;TOPBP1;PALB2;MUTYH;RAD9A,Qk,rmats,870,Reactome_2022
Signaling By BRAF And RAF1 Fusions R-HSA-6802952,10/62,0.01605638123181873,4.266100178890877,34.36560635580825,FXR1;MPRIP;SRC;ESRP1;AKAP9;ARAF;ATG7;CAMK2G;MARK3;VCL,Qk,rmats,870,Reactome_2022
MTOR Signaling R-HSA-165159,8/41,0.01605638123181873,5.370737537790902,43.046919927298504,PRKAA1;CAB39;CAB39L;STRADA;RRAGB;STRADB;TSC2;PRKAB1,Qk,rmats,870,Reactome_2022
"Signaling By Rho GTPases, Miro GTPases And RHOBTB3 R-HSA-9716542",48/660,0.016696027760932142,1.7669004341395926,13.999440861328942,CYFIP1;SRC;ARHGEF25;GPS1;ITSN1;SNAP23;FAF2;UACA;ARHGAP12;SYDE1;NUF2;NCK2;PLXNA1;FLOT2;ECT2;CLASP1;NDEL1;PAK4;CLASP2;REPS1;PPP1R12A;STARD8;ACTN1;NCOA3;LIMK2;PPP2R5B;OCRL;MACO1;KNL1;PTK2;KTN1;WDR11;SENP1;NISCH;NSFL1C;ANLN;CLIP1;FAM135A;CTTN;PRC1;DLG5;ABI1;CENPL;ARHGEF1;NF2;ITGB3BP;CDC42SE2;PICALM,Qk,rmats,870,Reactome_2022
Regulation Of PLK1 Activity At G2/M Transition R-HSA-2565942,12/87,0.016696027760932142,3.5533799533799533,28.032648305820288,CEP57;PLK4;PCM1;PPP1R12A;FBXW11;AKAP9;CEP70;HAUS3;BTRC;CLASP1;CDK5RAP2;CEP78,Qk,rmats,870,Reactome_2022
Clathrin-mediated Endocytosis R-HSA-8856828,16/142,0.01978247177538773,2.825768558789636,21.69783931194434,RAB5C;GPS1;ITSN1;OCRL;GAPVD1;DNM2;EPN2;GAK;DAB2;CTTN;BIN1;PACSIN3;EPS15;AGFG1;PICALM;REPS1,Qk,rmats,870,Reactome_2022
Transcriptional Regulation By E2F6 R-HSA-8953750,7/34,0.022263928402277332,5.738852409767821,43.047446966968955,UXT;TFDP2;MAX;RBBP8;EHMT1;CDC7;EZH2,Qk,rmats,870,Reactome_2022
Golgi Associated Vesicle Biogenesis R-HSA-432722,9/55,0.022263928402277332,4.336615664293289,32.45275766014248,GAK;RAB5C;AP1G1;GOLGB1;DTNBP1;OCRL;PUM1;DNM2;PICALM,Qk,rmats,870,Reactome_2022
RNA Polymerase II Transcription Termination R-HSA-73856,10/67,0.022980941720555852,3.890860873113015,28.852151313729593,FYTTD1;FIP1L1;POLDIP3;ZC3H11A;PAPOLA;RNPS1;SLU7;THOC7;SRSF11;U2AF1L4,Qk,rmats,870,Reactome_2022
SARS-CoV-2 Targets PDZ Proteins In Cell-Cell Junction R-HSA-9705677,3/5,0.02775715712008338,33.09342560553633,237.3383239902539,TJP1;PATJ;PALS1,Qk,rmats,870,Reactome_2022
Phospholipid Metabolism R-HSA-1483257,20/208,0.02775715712008338,2.3707133917396748,16.968483248706477,PI4K2B;VAC14;PLA2G12A;PCYT2;SLC44A2;PITPNB;MTMR14;PLEKHA5;PLEKHA6;OCRL;PLD3;PLEKHA8;PGS1;PTDSS2;PIP4P1;CPNE1;PIP5K1A;PNPLA6;PI4KB;SBF1,Qk,rmats,870,Reactome_2022
Transport Of Mature Transcript To Cytoplasm R-HSA-72202,11/83,0.03066934243898487,3.3895679730953305,23.717751552540662,NDC1;NUP214;FYTTD1;FIP1L1;POLDIP3;ZC3H11A;RNPS1;SLU7;THOC7;SRSF11;U2AF1L4,Qk,rmats,870,Reactome_2022
Establishment Of Sister Chromatid Cohesion R-HSA-2468052,4/11,0.03066934243898487,12.618277796106895,88.24257875863867,ESCO1;PDS5B;PDS5A;SMC1A,Qk,rmats,870,Reactome_2022
Anchoring Of Basal Body To Plasma Membrane R-HSA-5620912,12/97,0.0328517412496059,3.1336898395721926,21.602786208866327,PLK4;CEP57;IQCB1;PCM1;AKAP9;CEP70;NPHP1;HAUS3;MARK4;CLASP1;CDK5RAP2;CEP78,Qk,rmats,870,Reactome_2022
Transport Of Mature mRNA Derived From An Intron-Containing Transcript R-HSA-159236,10/74,0.04172235892623743,3.464026162790698,22.94860694289325,NDC1;NUP214;FYTTD1;POLDIP3;ZC3H11A;RNPS1;SLU7;THOC7;SRSF11;U2AF1L4,Qk,rmats,870,Reactome_2022
Cell Cycle,60/649,4.0160369075354156e-5,2.331761302898824,40.27728561429408,CEP57;DIDO1;MCM8;HJURP;FOXM1;PCM1;MIS18BP1;NUF2;TOPBP1;BTRC;POLE;CDK5RAP2;NDEL1;NUP214;NDC1;SUN1;PPP1R12A;ESCO1;IST1;FBXW11;ATRX;TINF2;PPP2R5B;HAUS3;VRK1;KNL1;SMC1A;TERF2;CDC25A;CLIP1;RBL1;TFDP2;AKAP9;CHMP7;ITGB3BP;MCPH1;MAX;SRC;PDS5B;PDS5A;SYCE2;ORC6;ORC1;CEP70;NSD2;RBBP8;CLASP1;CEP78;CLASP2;PLK4;GINS1;NEK9;CDC7;RAD50;STAG1;CDK2;CENPL;MDM2;CHMP2A;RAD9A,Qk,rmats,870,Reactome_Pathways_2024
Processing of Capped Intron-Containing Pre-mRNA,34/285,6.545789032100067e-5,3.058988924684039,49.22420297460167,FYTTD1;TCERG1;RBM25;DHX9;PDCD7;POLDIP3;WBP4;DDX42;HNRNPR;RNPC3;U2AF1L4;METTL14;FIP1L1;PAPOLA;RBM7;SRSF10;RBM10;SRSF11;RBM5;NUP214;NDC1;AQR;PPIL2;PRPF40A;ZCRB1;THOC7;U2SURP;LSM6;ZC3H11A;HNRNPD;ACIN1;RNPS1;PPIG;SLU7,Qk,rmats,870,Reactome_Pathways_2024
"Cell Cycle, Mitotic",46/516,0.0014888275262860738,2.216380913034497,27.841856835247178,CEP57;MAX;MCM8;SRC;PDS5B;FOXM1;PDS5A;PCM1;ORC6;ORC1;CEP70;NUF2;BTRC;POLE;CLASP1;CDK5RAP2;CEP78;NDEL1;CLASP2;NUP214;PLK4;NDC1;GINS1;NEK9;PPP1R12A;ESCO1;IST1;FBXW11;PPP2R5B;HAUS3;CDC7;VRK1;KNL1;SMC1A;CDC25A;CLIP1;STAG1;RBL1;TFDP2;CDK2;AKAP9;CENPL;CHMP2A;CHMP7;ITGB3BP;MCPH1,Qk,rmats,870,Reactome_Pathways_2024
mRNA Splicing,25/215,0.0024785914721901447,2.9492369978199937,34.69621587986233,TCERG1;RBM25;DHX9;PDCD7;WBP4;DDX42;HNRNPR;RNPC3;U2AF1L4;RBM7;SRSF10;RBM10;SRSF11;RBM5;AQR;PPIL2;PRPF40A;ZCRB1;U2SURP;LSM6;HNRNPD;ACIN1;RNPS1;PPIG;SLU7,Qk,rmats,870,Reactome_Pathways_2024
Metabolism of RNA,59/761,0.0032540510019713727,1.909731224157858,21.52098678420115,EIF4A2;TCERG1;RBM28;RBM25;PDCD7;FASTKD2;DDX42;ZBTB8OS;HNRNPR;RPL10A;TSEN2;METTL14;PAPOLA;RBM7;RBM5;NUP214;NDC1;AQR;TYW5;PRPF40A;ZCRB1;THOC7;GTPBP3;QTRT1;ZC3H11A;PPIG;GEMIN8;SLU7;FYTTD1;RNMT;DHX9;POLDIP3;WBP4;DDX20;PARN;DDX21;RNPC3;U2AF1L4;FIP1L1;IGF2BP1;UTP20;SRSF10;SRSF11;RBM10;PPIL2;RNGTT;RIOK3;LSM1;CNOT10;SNUPN;TRIT1;U2SURP;LSM6;TRMT5;HNRNPD;ACIN1;RNPS1;TRMT11;RPS24,Qk,rmats,870,Reactome_Pathways_2024
Membrane Trafficking,51/633,0.003818951201790082,1.9845423762949537,21.684541725558724,DENND1B;APP;MCFD2;ITSN1;SNAP23;MIA2;GCC2;AP1G1;TRAPPC12;TRAPPC13;SBF1;CTSC;AGFG1;TSC2;OCRL;GAPVD1;PRKAB1;DNM2;EPN2;GAK;RINT1;TRAPPC6A;RABEP1;CTTN;BIN1;ULK1;DENND6B;CHMP7;RAB5C;SRC;STX16;GPS1;ARFRP1;GGA1;PACSIN3;EPS15;SEC31A;REPS1;VTA1;DTNBP1;PUM1;TJP1;DAB2;SEC23IP;GOLGB1;RAB13;CHMP2A;UBAP1;COPG2;SEC24C;PICALM,Qk,rmats,870,Reactome_Pathways_2024
Energy Dependent Regulation of mTOR by LKB1-AMPK,8/29,0.0042940998788770805,8.44503369793393,89.98440664716624,PRKAA1;CAB39;CAB39L;STRADA;RRAGB;STRADB;TSC2;PRKAB1,Qk,rmats,870,Reactome_Pathways_2024
Chromatin Modifying Enzymes,25/238,0.006272103640808451,2.627580076117454,26.34180649749829,ATF2;SUV39H2;KDM5C;KDM3A;MEAF6;SETD6;JADE1;EHMT1;PHF21A;ING3;NSD2;KAT7;BRD8;KAT14;PBRM1;KDM2A;SETDB1;KDM2B;DNMT3A;ZZZ3;NCOR1;MRGBP;KANSL2;TADA3;EZH2,Qk,rmats,870,Reactome_Pathways_2024
Chromatin Organization,25/238,0.006272103640808451,2.627580076117454,26.34180649749829,ATF2;SUV39H2;KDM5C;KDM3A;MEAF6;SETD6;JADE1;EHMT1;PHF21A;ING3;NSD2;KAT7;BRD8;KAT14;PBRM1;KDM2A;SETDB1;KDM2B;DNMT3A;ZZZ3;NCOR1;MRGBP;KANSL2;TADA3;EZH2,Qk,rmats,870,Reactome_Pathways_2024
Establishment of Sister Chromatid Cohesion,5/11,0.0068307276957698245,18.423892100192678,180.0048546444896,STAG1;ESCO1;PDS5B;PDS5A;SMC1A,Qk,rmats,870,Reactome_Pathways_2024
trans-Golgi Network Vesicle Budding,12/72,0.0068307276957698245,4.445221445221446,43.29259065325046,GAK;APP;RAB5C;AP1G1;GOLGB1;SNAP23;DTNBP1;CHMP2A;OCRL;PUM1;DNM2;PICALM,Qk,rmats,870,Reactome_Pathways_2024
Mitotic Prometaphase,22/203,0.008280491616946058,2.716029917648285,25.674025895247883,PLK4;CEP57;NEK9;PPP2R5B;HAUS3;KNL1;PDS5B;PDS5A;SMC1A;STAG1;PCM1;CLIP1;AKAP9;CEP70;NUF2;CENPL;ITGB3BP;CLASP1;CDK5RAP2;CEP78;NDEL1;CLASP2,Qk,rmats,870,Reactome_Pathways_2024
mRNA Splicing - Major Pathway,22/204,0.008280491616946058,2.7009641302094134,25.333976764388243,TCERG1;AQR;RBM25;PPIL2;DHX9;WBP4;DDX42;HNRNPR;PRPF40A;U2SURP;U2AF1L4;LSM6;HNRNPD;ACIN1;RNPS1;PPIG;RBM7;SLU7;SRSF10;RBM10;SRSF11;RBM5,Qk,rmats,870,Reactome_Pathways_2024
Signaling by BRAF and RAF1 Fusions,11/65,0.008988998760148127,4.52369249342474,41.52693509784511,FXR1;MPRIP;SRC;ESRP1;AKAP9;ARAF;KRAS;ATG7;CAMK2G;MARK3;VCL,Qk,rmats,870,Reactome_Pathways_2024
DNA Repair,29/312,0.008988998760148127,2.2964542463750455,21.02267238641913,INO80E;GPS1;NTHL1;NSD2;USP1;RBBP8;PMS2;TOPBP1;KPNA2;NFRKB;POLE;MUTYH;AQR;FANCM;ACTR5;TINF2;XRCC3;REV1;RAD23A;CHD1L;TERF2;PALB2;RAD52;RAD50;MSH3;CDK2;DTL;RAD18;RAD9A,Qk,rmats,870,Reactome_Pathways_2024
mRNA 3'-End Processing,10/58,0.01435591557762899,4.622577519379845,39.85450397235481,FYTTD1;FIP1L1;POLDIP3;ZC3H11A;PAPOLA;RNPS1;SLU7;THOC7;SRSF11;U2AF1L4,Qk,rmats,870,Reactome_Pathways_2024
Mitochondrial tRNA Aminoacylation,6/21,0.015445953851510756,8.849537037037036,75.1139527628183,RARS2;AARS2;SARS2;PPA2;DARS2;TARS2,Qk,rmats,870,Reactome_Pathways_2024
PI Metabolism,12/84,0.01905207169596821,3.702020202020202,30.43397168776193,PI4K2B;VAC14;MTMR14;PITPNB;PLEKHA5;PIP5K1A;PLEKHA6;OCRL;PI4KB;PNPLA6;SBF1;PLEKHA8,Qk,rmats,870,Reactome_Pathways_2024
Diseases of DNA Repair,9/51,0.021065551616113905,4.750622200099552,38.315728945921535,RAD50;MSH3;NTHL1;RBBP8;PMS2;TOPBP1;PALB2;MUTYH;RAD9A,Qk,rmats,870,Reactome_Pathways_2024
MTOR Signalling,8/41,0.021065551616113905,5.370737537790902,43.046919927298504,PRKAA1;CAB39;CAB39L;STRADA;RRAGB;STRADB;TSC2;PRKAB1,Qk,rmats,870,Reactome_Pathways_2024
Regulation of PLK1 Activity at G2 M Transition,12/87,0.022758182969598802,3.5533799533799533,28.032648305820288,CEP57;PLK4;PCM1;PPP1R12A;FBXW11;AKAP9;CEP70;HAUS3;BTRC;CLASP1;CDK5RAP2;CEP78,Qk,rmats,870,Reactome_Pathways_2024
Transcriptional Regulation by E2F6,7/34,0.030855044633555134,5.738852409767821,43.047446966968955,UXT;TFDP2;MAX;RBBP8;EHMT1;CDC7;EZH2,Qk,rmats,870,Reactome_Pathways_2024
Clathrin-mediated Endocytosis,16/145,0.030855044633555134,2.759617304794583,20.548001016803184,RAB5C;GPS1;ITSN1;OCRL;GAPVD1;DNM2;EPN2;GAK;DAB2;CTTN;BIN1;PACSIN3;EPS15;AGFG1;PICALM;REPS1,Qk,rmats,870,Reactome_Pathways_2024
RNA Polymerase II Transcription Termination,10/67,0.030855044633555134,3.890860873113015,28.852151313729593,FYTTD1;FIP1L1;POLDIP3;ZC3H11A;PAPOLA;RNPS1;SLU7;THOC7;SRSF11;U2AF1L4,Qk,rmats,870,Reactome_Pathways_2024
Cohesin Loading Onto Chromatin,4/10,0.030855044633555134,14.722093918398768,109.09484774069807,STAG1;PDS5B;PDS5A;SMC1A,Qk,rmats,870,Reactome_Pathways_2024
Golgi Associated Vesicle Biogenesis,9/56,0.031607364788511,4.24412484246423,31.181458072889278,GAK;RAB5C;AP1G1;GOLGB1;DTNBP1;OCRL;PUM1;DNM2;PICALM,Qk,rmats,870,Reactome_Pathways_2024
Oncogenic MAPK Signaling,11/82,0.03895724324817342,3.437488727475446,24.406703301133803,FXR1;MPRIP;SRC;ESRP1;AKAP9;ARAF;KRAS;ATG7;CAMK2G;MARK3;VCL,Qk,rmats,870,Reactome_Pathways_2024
Transport of Mature Transcript to Cytoplasm,11/83,0.04071350016300693,3.3895679730953305,23.717751552540662,NDC1;NUP214;FYTTD1;FIP1L1;POLDIP3;ZC3H11A;RNPS1;SLU7;THOC7;SRSF11;U2AF1L4,Qk,rmats,870,Reactome_Pathways_2024
Activation of ATR in Response to Replication Stress,7/37,0.04071350016300693,5.164156044804944,35.97018310160502,ORC6;ORC1;MCM8;CDK2;CDC7;CDC25A;RAD9A,Qk,rmats,870,Reactome_Pathways_2024
Signaling by Rho GTPases,47/672,0.04071350016300693,1.690857837181045,11.752644923201744,CYFIP1;SRC;ARHGEF25;GPS1;ITSN1;SNAP23;FAF2;ARHGAP19;UACA;ARHGAP12;SYDE1;NUF2;NCK2;PLXNA1;FLOT2;ECT2;CLASP1;NDEL1;PAK4;CLASP2;PPP1R12A;STARD8;ACTN1;LIMK2;PPP2R5B;OCRL;MACO1;KNL1;PTK2;KTN1;WDR11;SENP1;NISCH;NSFL1C;ANLN;CLIP1;FAM135A;CTTN;PRC1;DLG5;ABI1;CENPL;ARHGEF1;NF2;ITGB3BP;CDC42SE2;PICALM,Qk,rmats,870,Reactome_Pathways_2024
Anchoring of the Basal Body to the Plasma Membrane,12/97,0.04171028133248343,3.1336898395721926,21.602786208866327,PLK4;CEP57;IQCB1;PCM1;AKAP9;CEP70;NPHP1;HAUS3;MARK4;CLASP1;CDK5RAP2;CEP78,Qk,rmats,870,Reactome_Pathways_2024
Vesicle-mediated Transport,51/752,0.0465322973938825,1.637080465896443,11.054507308613443,DENND1B;APP;MCFD2;ITSN1;SNAP23;MIA2;GCC2;AP1G1;TRAPPC12;TRAPPC13;SBF1;CTSC;AGFG1;TSC2;OCRL;GAPVD1;PRKAB1;DNM2;EPN2;GAK;RINT1;TRAPPC6A;RABEP1;CTTN;BIN1;ULK1;DENND6B;CHMP7;RAB5C;SRC;STX16;GPS1;ARFRP1;GGA1;PACSIN3;EPS15;SEC31A;REPS1;VTA1;DTNBP1;PUM1;TJP1;DAB2;SEC23IP;GOLGB1;RAB13;CHMP2A;UBAP1;COPG2;SEC24C;PICALM,Qk,rmats,870,Reactome_Pathways_2024
Energy-dependent regulation of mTOR by LKB1-AMPK,7/17,0.0034637234685834,15.508690614136732,193.49659005107836,PRKAA1;CAB39;CAB39L;STRADA;STRADB;TSC2;PRKAB1,Qk,rmats,870,BioPlanet_2019
mTOR signaling pathway,17/113,0.00346687388471862,3.9514703008987886,46.55859075440042,EIF4A2;PRKAA1;CAB39;FBXW11;CAB39L;STRADA;POLDIP3;MAPKAP1;TSC2;VEGFA;CLIP1;RRAGB;CDK2;RPS6KB2;ULK1;KRAS;EIF4G3,Qk,rmats,870,BioPlanet_2019
Membrane trafficking,17/133,0.01788929627210316,3.2667461697053,31.444645780702313,RAB5C;SRC;VTA1;SNAP23;DTNBP1;OCRL;PUM1;DNM2;GAK;TJP1;DAB2;AP1G1;CHMP2A;CHMP7;SEC24C;SEC31A;PICALM,Qk,rmats,870,BioPlanet_2019
Activated AMPK stimulation of fatty-acid oxidation in muscle,6/18,0.01788929627210316,11.063657407407407,104.53499728516066,PRKAA1;CAB39;CAB39L;STRADA;STRADB;PRKAB1,Qk,rmats,870,BioPlanet_2019
Transfer RNA aminoacylation,9/46,0.020777668292106317,5.39401073547415,47.93526433598911,CARS;RARS2;AARS2;SARS2;PPA2;LARS;DARS2;TARS2;PSTK,Qk,rmats,870,BioPlanet_2019
PKB-mediated events,7/28,0.020777668292106317,7.38084202394747,64.85714854482583,PRKAA1;CAB39;CAB39L;STRADA;STRADB;TSC2;PRKAB1,Qk,rmats,870,BioPlanet_2019
Cell cycle,37/453,0.020777668292106317,1.99815887893619,17.1220765378712,CEP57;DIDO1;MAX;MCM8;HJURP;SYCE2;PCM1;ORC6;ORC1;MIS18BP1;CEP70;NUF2;BTRC;POLE;CLASP1;CDK5RAP2;CEP78;NDEL1;CLASP2;PLK4;GINS1;TINF2;PPP2R5B;CDC7;SMC1A;TERF2;CDC25A;CLIP1;STAG1;RBL1;TFDP2;CDK2;AKAP9;CENPL;MDM2;ITGB3BP;RAD9A,Qk,rmats,870,BioPlanet_2019
Signaling events mediated by VEGFR1 and VEGFR2,11/70,0.020777668292106317,4.139243503482567,35.16181462024356,MAP2K3;PRKAA1;FBXW11;SRC;NCK2;PRKAB1;VCL;PTK2;DNM2;MAP2K6;VEGFA,Qk,rmats,870,BioPlanet_2019
Mitochondrial tRNA aminoacylation,6/21,0.020777668292106317,8.849537037037036,75.1139527628183,RARS2;AARS2;SARS2;PPA2;DARS2;TARS2,Qk,rmats,870,BioPlanet_2019
Messenger RNA processing,20/203,0.04837995651832782,2.436129861780778,18.185944221536083,NUP214;SRPK2;RNGTT;DHX9;RNMT;CELF1;SFSWAP;DDX20;HNRNPR;PRPF40A;SMC1A;CLK4;SRPK1;HNRNPD;PAPOLA;RNPS1;SRSF10;SUGP2;SRSF11;RBM5,Qk,rmats,870,BioPlanet_2019
E2F-enabled inhibition of pre-replication complex formation,4/10,0.04837995651832782,14.722093918398768,109.09484774069807,ORC6;ORC1;MCM8;CDC25A,Qk,rmats,870,BioPlanet_2019
RhoA signaling pathway,8/45,0.04837995651832782,4.789113939926005,35.22396847414562,MAP2K3;ATF2;MAP2K4;PPP1R12A;LIMK2;PIP5K1A;VCL;MAP2K6,Qk,rmats,870,BioPlanet_2019
RNA Binding (GO:0003723),126/1411,2.507064118646938e-12,2.3518576628592944,77.64977344171018,EIF4A2;TCERG1;RTCA;FMR1;NUDT1;HNRNPR;RPL10A;GPATCH8;ALKBH1;UBAP2L;KPNA2;SLC16A3;AGFG1;RARS2;AQR;TYW5;SECISBP2;ACTN1;DDX11;ZCRB1;GTPBP1;ILF3;ZC3H11A;SRFBP1;PPIG;DUS3L;MACF1;AARS2;DHX9;MAZ;RTF1;RTN4;RCC1L;MTDH;FXR1;DHX30;RNASEH1;HNRNPDL;SERPINH1;SAFB2;UTP20;MAP4;ZC3H14;RBM10;MARK2;SRPK2;PYM1;LSM1;PRRC2C;PUM1;SNUPN;PRRC2B;TDRD3;SRPK1;LSM6;GOLGB1;TRIP6;HNRNPD;RNPS1;LSM14A;EIF4G3;SUGP2;RPS24;RBM28;DIDO1;RBM25;CELF1;FASTKD2;AKAP8L;DDX42;ZCCHC17;METTL14;LRRFIP1;BUD23;RBM34;RBM7;RBM5;PSTK;TOP3B;PABPC4;PRPF40B;DARS2;PRPF40A;PPHLN1;TRNAU1AP;SMC1A;SAFB;DDX50;SARS2;PKM;SLTM;THRAP3;ESRP1;ARHGEF1;HNRNPH3;ALDOA;FYTTD1;RNMT;POLDIP3;WBP4;PARN;DDX20;AKAP8;DDX21;SAMHD1;UNK;FIP1L1;IGF2BP1;FLNB;SRSF10;SRSF11;TEFM;PTPN1;MYEF2;YTHDF3;YLPM1;RSRC2;NOC3L;RRP1B;APTX;U2SURP;KTN1;SEC23IP;ZYX;ACIN1;R3HDM1,Qk,rmats,870,GO_Molecular_Function_2023
Microtubule Binding (GO:0008017),26/239,0.0031302946354656697,2.735921055559264,30.037781797109584,CEP57;MACF1;FMR1;KATNB1;UXT;OPA1;TOGARAM1;MAP4;MARK4;CLASP1;CDK5RAP2;NDEL1;ENKD1;CLASP2;FBXW11;MACO1;PEX14;EML3;DNM2;CAMSAP3;CLIP1;HOOK2;PRC1;GAPDH;HDGFL3;MDM1,Qk,rmats,870,GO_Molecular_Function_2023
DNA-methyltransferase Activity (GO:0009008),4/5,0.0031302946354656697,88.35565819861432,969.479337084513,N6AMT1;DNMT3A;DNMT3B;METTL4,Qk,rmats,870,GO_Molecular_Function_2023
Cadherin Binding (GO:0045296),30/319,0.008945878748734187,2.3283489866534848,22.432983025911838,MACF1;SRC;CTNND1;RTN4;SLC9A3R2;MPRIP;CDH2;FLNB;LRRFIP1;EPS15;MARK2;PAK4;PTPN1;IST1;CEMIP2;GAPVD1;KTN1;EPN2;TJP1;ANLN;DLG1;MYO1B;PKM;CTTN;ABI1;NUMB;ALDOA;CC2D1A;VCL;PICALM,Qk,rmats,870,GO_Molecular_Function_2023
Protein-Lysine N-methyltransferase Activity (GO:0016279),10/54,0.010575874302158915,5.043868921775899,46.62648653746056,N6AMT1;SETD5;SUV39H2;METTL22;SETDB1;SETD6;NSD2;EHMT1;EEF1AKMT2;EZH2,Qk,rmats,870,GO_Molecular_Function_2023
Methyltransferase Activity (GO:0008168),8/37,0.014197252532913202,6.112809024721978,53.593418308341214,N6AMT1;NDUFAF7;DNMT3B;METTL4;EHMT1;BUD23;COMT;EEF1AKMT2,Qk,rmats,870,GO_Molecular_Function_2023
DNA Binding (GO:0003677),59/846,0.017841603170618957,1.695613209099156,14.109314125303307,APP;FBH1;MCM8;FMR1;PRDM5;CHD6;SMC6;AIFM1;ZMYM4;HMCES;DNMT3B;SMARCAD1;TRIM26;LRRFIP1;ZFPL1;POLE;RBM5;KDM2B;SECISBP2;DDX11;ATRX;DNMT3A;TINF2;RAD23A;SMC1A;SAFB;ILF3;SLTM;MSH3;THRAP3;MTF2;ZMYND11;KDM3A;GTF3C4;MAX;DHX9;RTF1;PDS5B;SAMHD1;NTHL1;RNF138;HSF1;IGF2BP1;SAFB2;RBBP8;PMS2;BPTF;TCF7L2;POU2F1;CENPX;APTX;PALB2;RAD52;CAMSAP3;RAD50;QRICH1;TCF3;RAD18;EZH2,Qk,rmats,870,GO_Molecular_Function_2023
Single-Stranded DNA Binding (GO:0003697),13/96,0.017841603170618957,3.481056079627729,28.72299279912969,FBH1;MCM8;DHX9;DDX11;RAD23A;SMC6;RTF1;SAMHD1;RAD52;MSH3;RNF138;HMCES;PMS2,Qk,rmats,870,GO_Molecular_Function_2023
Histone H3K9 Methyltransferase Activity (GO:0046974),4/9,0.022648572105686507,17.66743648960739,139.32740685792885,SETD5;SUV39H2;SETDB1;EHMT1,Qk,rmats,870,GO_Molecular_Function_2023
Tubulin Binding (GO:0015631),28/322,0.022648572105686507,2.1305282207895035,16.5957968312962,CEP57;FMR1;KATNB1;UXT;OPA1;TOGARAM1;TRAPPC14;MAP4;MARK4;CLASP1;CDK5RAP2;APPL1;NDEL1;ENKD1;CLASP2;MACO1;PEX14;EML3;DNM2;NISCH;CLIP1;TTLL4;HOOK2;PRC1;ALDOA;GAPDH;HDGFL3;MDM1,Qk,rmats,870,GO_Molecular_Function_2023
Histone H4K12 Acetyltransferase Activity (GO:0043997),4/10,0.025456575285904462,14.722093918398768,109.09484774069807,ING3;MEAF6;JADE1;KAT7,Qk,rmats,870,GO_Molecular_Function_2023
Histone H4K5 Acetyltransferase Activity (GO:0043995),4/10,0.025456575285904462,14.722093918398768,109.09484774069807,ING3;MEAF6;JADE1;KAT7,Qk,rmats,870,GO_Molecular_Function_2023
Histone H4K8 Acetyltransferase Activity (GO:0043996),4/10,0.025456575285904462,14.722093918398768,109.09484774069807,ING3;MEAF6;JADE1;KAT7,Qk,rmats,870,GO_Molecular_Function_2023
Methylation-Dependent Protein Binding (GO:0140034),10/68,0.02651682582105356,3.8235765838011226,27.894395515955242,ING3;ZZZ3;FMR1;MTF2;SPIN1;JMJD7;ZMYND11;MPHOSPH8;TDRD3;BPTF,Qk,rmats,870,GO_Molecular_Function_2023
GTPase Binding (GO:0051020),21/225,0.030724715475513507,2.294775860874385,16.203957779352113,CYFIP1;HACE1;SPHK2;MAPKAP1;TSC2;GCC2;CIB1;STK19;OCRL;AMBRA1;GAPVD1;CYRIB;STRN3;GGA1;AP3M1;XPO4;RRAGB;AP1G1;PEX5;ULK1;PICALM,Qk,rmats,870,GO_Molecular_Function_2023
Nuclear Thyroid Hormone Receptor Binding (GO:0046966),6/27,0.030724715475513507,6.319113756613756,44.325726536451526,MED22;NCOR1;THRAP3;NCOA3;TRIP6;BRD8,Qk,rmats,870,GO_Molecular_Function_2023
Methylated Histone Binding (GO:0035064),10/71,0.030847388175233102,3.6349599695005717,25.26274879285854,ING3;ZZZ3;FMR1;MTF2;SPIN1;JMJD7;ZMYND11;MPHOSPH8;TDRD3;BPTF,Qk,rmats,870,GO_Molecular_Function_2023
Protein Serine/Threonine Kinase Activity (GO:0004674),28/342,0.03215688020858233,1.992707687187013,13.65245064817169,PRKAA1;ARAF;STK19;IRAK1;MAP4K5;MARK4;MAP3K7;MARK3;CAMK2G;MARK2;PAK4;MAP2K6;PLK4;SRPK2;BRD2;NEK9;RIOK3;LIMK2;CDC7;VRK1;PRKAB1;CLK4;SRPK1;CDK2;RPS6KB2;ULK1;CSNK1G2;CILK1,Qk,rmats,870,GO_Molecular_Function_2023
Small GTPase Binding (GO:0031267),19/199,0.032630259493764496,2.3505026765896333,15.94234325832558,CYFIP1;HACE1;SPHK2;MAPKAP1;TSC2;GCC2;CIB1;STK19;OCRL;GAPVD1;CYRIB;STRN3;GGA1;AP3M1;XPO4;AP1G1;PEX5;ULK1;PICALM,Qk,rmats,870,GO_Molecular_Function_2023
"Catalytic Activity, Acting On A tRNA (GO:0140101)",7/39,0.03576926238167482,4.840889339513326,32.14051778506562,QTRT1;AARS2;TYW5;ALKBH1;TARS2;DUS3L;TRIT1,Qk,rmats,870,GO_Molecular_Function_2023
mRNA Binding (GO:0003729),24/282,0.03626049967496438,2.0751003353675297,13.64783666654761,FYTTD1;AQR;RBM25;MYEF2;YTHDF3;DHX9;CELF1;POLDIP3;SECISBP2;PABPC4;FMR1;PARN;HNRNPR;PUM1;FXR1;METTL14;UNK;PKM;ESRP1;IGF2BP1;RNPS1;EIF4G3;LSM14A;RBM5,Qk,rmats,870,GO_Molecular_Function_2023
MutSalpha Complex Binding (GO:0032407),3/6,0.03695263668850545,22.061130334486737,143.65159342648874,MCM8;PMS2;MUTYH,Qk,rmats,870,GO_Molecular_Function_2023
DNA Replication Origin Binding (GO:0003688),4/13,0.04363762671746031,9.813189633051065,61.72260727810627,ORC1;DHX9;DDX11;KAT7,Qk,rmats,870,GO_Molecular_Function_2023
Kinase Binding (GO:0019900),34/460,0.04363762671746031,1.7856549183458006,11.175040027402229,ATF2;DGKD;CAB39;MAPKAP1;PARN;FOXM1;UXT;IRAK1;RNF138;PDCD10;HSF1;PIP5K1A;RFFL;SPG11;CDK5RAP2;MAP2K6;MAP2K3;NEK9;PTPN1;PARP6;TCF7L2;PPP1R12A;STRADA;VRK1;RAD23A;PRKAB1;CDC25A;PTK2;DLG3;PRC1;TRIP6;TAX1BP1;TELO2;RAD9A,Qk,rmats,870,GO_Molecular_Function_2023
DNA Metabolic Process (GO:0006259),38/288,3.15838047352185e-6,3.4492307692307693,71.15387537356605,INO80E;FBH1;MCM8;FMR1;NUDT1;PDS5B;PDS5A;SAMHD1;ORC6;ORC1;NTHL1;ALKBH1;RBBP8;SMARCAD1;TOPBP1;KPNA2;NFRKB;POLE;MUTYH;TOP3B;TCF7L2;USP3;ACTR5;XRCC3;ATRX;REV1;DONSON;NOC3L;CHD1L;SMC1A;TERF2;TICRR;RAD52;RAD50;MSH3;CDK2;RAD18;RAD9A,Qk,rmats,870,GO_Biological_Process_2023
Regulation Of Organelle Organization (GO:0033043),17/100,0.0019590393001809804,4.573496800802271,61.767882261577796,SLC30A9;INO80E;SAR1A;ACTR5;MFF;PTK2;PARL;CAMSAP3;TJP1;SYDE1;CLN3;PDCD10;AKAP9;NF2;NFRKB;MARK2;ATG5,Qk,rmats,870,GO_Biological_Process_2023
DNA Repair (GO:0006281),31/291,0.00404415843393342,2.6816264784083614,33.18601147816153,FBH1;FMR1;NUDT1;CIB1;PDS5B;PDS5A;NTHL1;ALKBH1;NSD2;RBBP8;PMS2;TOPBP1;POLE;MUTYH;SLC30A9;CENPX;FANCM;USP3;ACTR5;XRCC3;ATRX;RAD23A;CHD1L;SMC1A;APTX;TICRR;RAD52;RAD50;MSH3;RAD18;RAD9A,Qk,rmats,870,GO_Biological_Process_2023
Organelle Organization (GO:0006996),39/418,0.004815924392090371,2.321928312202928,27.66111567389743,PI4K2B;CUL7;SAR1A;MAPKAP1;PITPNB;FAF2;TOR1AIP2;SNX10;CECR2;OPA1;ZMYM4;TRAPPC12;PACSIN3;MARK4;EPS15;CLASP1;CEP78;SEC31A;PAK4;CLASP2;HACE1;YTHDF3;PRPF40A;PEX2;WDR73;MCOLN1;BCS1L;PEX14;TJAP1;GAK;NSFL1C;SEC23IP;TMEM135;BIN1;PEX3;GOLGB1;CHMP2A;CHMP7;BRWD3,Qk,rmats,870,GO_Biological_Process_2023
Mitotic Recombination (GO:0006312),6/14,0.006547735921037594,16.598958333333332,184.5854616819845,RAD52;RAD50;MSH3;XRCC3;SMC6;RAD54B,Qk,rmats,870,GO_Biological_Process_2023
RNA Processing (GO:0006396),22/183,0.006547735921037594,3.0566477206140865,33.77387037362722,SRPK2;TCERG1;RNGTT;PDCD7;CELF1;FASTKD2;PABPC4;AKAP8L;WBP4;LSM1;DDX20;HNRNPR;ZCRB1;RNPC3;SRPK1;LSM6;HNRNPD;RNPS1;PPIG;HNRNPH3;SLU7;RBM5,Qk,rmats,870,GO_Biological_Process_2023
Microtubule Anchoring (GO:0034453),5/9,0.006547735921037594,27.63872832369942,303.9264557916273,CAMSAP3;GCC2;CLASP1;PEX14;CLASP2,Qk,rmats,870,GO_Biological_Process_2023
Regulation Of Cell Cycle (GO:0051726),30/298,0.006547735921037594,2.513592750533049,27.42996917732874,INTS13;INO80E;MEAF6;UHRF2;JADE1;HTRA2;FOXM1;ING3;KAT7;RPRD1B;CCNL2;BRD8;MARK4;NFRKB;KAT14;MAP2K6;PHACTR4;SRPK2;NEK9;ACTR5;TSC2;RAD23A;PUM1;RNF167;ZZZ3;MRGBP;BIN1;TADA3;MDM2;NF2,Qk,rmats,870,GO_Biological_Process_2023
Regulation Of mRNA Metabolic Process (GO:1903311),6/15,0.007591382528170413,14.753858024691358,157.08398767263108,SRPK2;SLTM;DHX9;SAFB2;SAFB;SRPK1,Qk,rmats,870,GO_Biological_Process_2023
DNA Damage Response (GO:0006974),35/384,0.009125473891447966,2.255666317794211,23.33875147081958,ATF2;FBH1;MCM8;FMR1;BRAT1;NUDT1;HTRA2;CIB1;SMC6;PDS5B;PDS5A;SAMHD1;ALKBH1;HMCES;RBBP8;TRAPPC13;TOPBP1;BID;MAP2K6;MUTYH;DDX11;USP3;XRCC3;ATRX;VRK1;CHD1L;SMC1A;USP28;TICRR;RAD50;TTC5;MSH3;FLYWCH1;RAD18;RAD9A,Qk,rmats,870,GO_Biological_Process_2023
Internal Peptidyl-Lysine Acetylation (GO:0018393),9/39,0.009125473891447966,6.655052264808362,68.29581171101466,BAG6;ATAT1;ING3;MRGBP;MEAF6;TADA3;KAT7;BRD8;KAT14,Qk,rmats,870,GO_Biological_Process_2023
Regulation Of Microtubule-Based Process (GO:0032886),9/41,0.012790615411670484,6.23845818815331,61.37143733663436,CAMSAP3;MACF1;PATJ;PRKAA1;CCNL2;MARK4;CLASP1;MARK2;CLASP2,Qk,rmats,870,GO_Biological_Process_2023
Regulation Of Embryonic Development (GO:0045995),11/62,0.013620299074709196,4.790545321737542,46.118713110456206,BAG6;INO80E;ZZZ3;ACTR5;TADA3;EHMT1;OTX2;NFRKB;CLASP1;KAT14;CLASP2,Qk,rmats,870,GO_Biological_Process_2023
Positive Regulation Of Translation (GO:0045727),15/108,0.013620299074709196,3.5912092058102245,34.50676182666518,YTHDF3;DHX9;FASTKD2;POLDIP3;FMR1;RMND1;PYM1;RCC1L;FXR1;METTL14;PKM;RPS6KB2;HNRNPD;IGF2BP1;EIF4G3,Qk,rmats,870,GO_Biological_Process_2023
Regulation Of Translation (GO:0006417),22/202,0.013620299074709196,2.731263102725367,26.019488425129953,EIF4A2;APP;CYFIP1;YTHDF3;DHX9;POLDIP3;FMR1;PYM1;CNOT10;MIF4GD;FXR1;ILF3;METTL14;ALKBH1;MTG2;HNRNPD;IGF2BP1;DUS3L;EIF4G3;LSM14A;GAPDH;METAP1,Qk,rmats,870,GO_Biological_Process_2023
DNA-templated DNA Replication Maintenance Of Fidelity (GO:0045005),9/43,0.013620299074709196,5.870875179340029,55.418704373369394,CAMSAP3;CENPX;FANCM;FBH1;MCM8;DDX11;ATRX;DONSON;POLE,Qk,rmats,870,GO_Biological_Process_2023
Establishment Of Mitotic Spindle Localization (GO:0040001),8/34,0.013620299074709196,6.81920399785829,64.14291418896826,NSFL1C;SAPCD2;FBXW11;CLASP1;CDK5RAP2;CLASP2;ENKD1;NDEL1,Qk,rmats,870,GO_Biological_Process_2023
RNA Splicing (GO:0008380),14/98,0.013620299074709196,3.7083333333333335,34.744421969111336,SRPK2;TCERG1;PDCD7;WBP4;LSM1;ZCRB1;RNPC3;SRPK1;LSM6;RNPS1;PPIG;HNRNPH3;SLU7;SRSF10,Qk,rmats,870,GO_Biological_Process_2023
Regulation Of DNA Metabolic Process (GO:0051052),16/124,0.014033158114185072,3.299852545754185,30.537698746153904,INO80E;ESCO1;MEAF6;ACTR5;JADE1;YLPM1;SMC6;TERF2;TADA3;HNRNPD;USP1;SMARCAD1;KAT7;KPNA2;NFRKB;MPHOSPH8,Qk,rmats,870,GO_Biological_Process_2023
Regulation Of mRNA Processing (GO:0050684),8/35,0.014033158114185072,6.5662971556243015,60.313211893011065,SRPK2;SLTM;DHX9;PAPOLA;SAFB2;SAFB;SRSF10;SRPK1,Qk,rmats,870,GO_Biological_Process_2023
Establishment Of Spindle Orientation (GO:0051294),8/35,0.014033158114185072,6.5662971556243015,60.313211893011065,NSFL1C;SAPCD2;FBXW11;MAP4;CLASP1;CDK5RAP2;ENKD1;NDEL1,Qk,rmats,870,GO_Biological_Process_2023
Regulation Of Cellular Component Organization (GO:0051128),18/153,0.015837513595632745,2.9726134585289516,26.80640834394276,SETD5;PTPN1;MEAF6;PRDM5;HJURP;JADE1;TSC2;MLLT3;CAMSAP3;TJP1;METTL4;PACSIN3;KAT7;CCNL2;MARK4;EBAG9;PICALM;PAK4,Qk,rmats,870,GO_Biological_Process_2023
Replication Fork Processing (GO:0031297),9/46,0.016878858854786207,5.39401073547415,47.93526433598911,RAD50;CENPX;FANCM;FBH1;DDX11;ATRX;RBBP8;DONSON;SAMHD1,Qk,rmats,870,GO_Biological_Process_2023
Positive Regulation Of Heterochromatin Formation (GO:0031453),5/13,0.016878858854786207,13.816473988439306,121.8419147354759,SETDB1;CDK2;PPHLN1;MPHOSPH8;RESF1,Qk,rmats,870,GO_Biological_Process_2023
DNA Methylation (GO:0006306),6/20,0.016878858854786207,9.482142857142858,83.32012904822385,N6AMT1;ATRX;DNMT3A;DNMT3B;METTL4;EHMT1,Qk,rmats,870,GO_Biological_Process_2023
Negative Regulation Of Microtubule Depolymerization (GO:0007026),6/20,0.016878858854786207,9.482142857142858,83.32012904822385,CKAP2;KATNB1;CIB1;CLASP1;HDGFL3;CLASP2,Qk,rmats,870,GO_Biological_Process_2023
Establishment Or Maintenance Of Epithelial Cell Apical/Basal Polarity (GO:0045197),8/40,0.029419572709089976,5.538863109048724,45.38388395340833,CAMSAP3;PATJ;DLG1;DLG3;DLG5;SYNE4;MARK2;PALS1,Qk,rmats,870,GO_Biological_Process_2023
Chromatin Organization (GO:0006325),25/268,0.029979456080451227,2.299534906372513,18.714761353287493,SUV39H2;INO80E;KDM5C;CHD6;EHMT1;DDX21;CECR2;HIRIP3;SMARCAD1;KAT7;NFRKB;BPTF;BRD2;PBRM1;KDM2B;DDX11;ACTR5;ATRX;CHD1L;SAFB;ZZZ3;NASP;MTF2;HDGFL3;EZH2,Qk,rmats,870,GO_Biological_Process_2023
Protein Lipidation (GO:0006497),10/62,0.030752269586299487,4.266100178890877,34.36560635580825,DPM1;PORCN;PGAP2;ZDHHC20;SLC30A5;PIGP;ZDHHC5;ZDHHC7;ATG7;ATG5,Qk,rmats,870,GO_Biological_Process_2023
DNA Double-Strand Break Processing (GO:0000729),5/15,0.030752269586299487,11.052023121387283,88.9030726184594,RAD52;RAD50;RNF138;RBBP8;SMARCAD1,Qk,rmats,870,GO_Biological_Process_2023
Negative Regulation Of Protein Depolymerization (GO:1901880),6/23,0.030869045827048296,7.807598039215686,62.00550807072119,CKAP2;KATNB1;CIB1;CLASP1;HDGFL3;CLASP2,Qk,rmats,870,GO_Biological_Process_2023
ESCRT III Complex Disassembly (GO:1904903),4/9,0.030869045827048296,17.66743648960739,139.32740685792885,IST1;VTA1;CHMP2A;CHMP7,Qk,rmats,870,GO_Biological_Process_2023
ESCRT Complex Disassembly (GO:1904896),4/9,0.030869045827048296,17.66743648960739,139.32740685792885,IST1;VTA1;CHMP2A;CHMP7,Qk,rmats,870,GO_Biological_Process_2023
Amino Sugar Biosynthetic Process (GO:0046349),4/9,0.030869045827048296,17.66743648960739,139.32740685792885,NANP;GNPDA1;GFPT2;UAP1,Qk,rmats,870,GO_Biological_Process_2023
Positive Regulation Of miRNA-mediated Gene Silencing (GO:2000637),4/9,0.030869045827048296,17.66743648960739,139.32740685792885,FXR1;DHX9;FMR1;PUM1,Qk,rmats,870,GO_Biological_Process_2023
mRNA Processing (GO:0006397),21/214,0.03422424534282668,2.4269759607462604,18.72957763658592,TCERG1;AQR;RNGTT;RNMT;CELF1;WBP4;PRPF40B;HNRNPR;PRPF40A;RNPC3;U2AF1L4;METTL14;LSM6;PAPOLA;RNPS1;RPRD1B;HNRNPH3;SLU7;SRSF10;RBM10;RBM5,Qk,rmats,870,GO_Biological_Process_2023
Regulation Of Cytoplasmic Translation (GO:2000765),6/24,0.03422424534282668,7.3734567901234565,56.71087951170798,PKM;UNK;DHX9;FMR1;HNRNPD;IGF2BP1,Qk,rmats,870,GO_Biological_Process_2023
Regulation Of Microtubule Depolymerization (GO:0031114),6/24,0.03422424534282668,7.3734567901234565,56.71087951170798,CKAP2;KATNB1;CIB1;CLASP1;HDGFL3;CLASP2,Qk,rmats,870,GO_Biological_Process_2023
Intracellular Steroid Hormone Receptor Signaling Pathway (GO:0030518),8/43,0.03422424534282668,5.063307921776599,38.859467426272374,KDM3A;RNF14;SRC;NCOA4;TADA3;UBE3A;ZDHHC7;SAFB,Qk,rmats,870,GO_Biological_Process_2023
Intracellular Protein Transport (GO:0006886),28/325,0.03448847351784619,2.1086718331373913,16.113860161159305,RPAIN;VPS29;RAB5C;SAR1A;STX16;VPS26C;KATNB1;ARFRP1;GGA1;IPO9;XPO4;RAB23;FAM53C;RAB28;KPNA2;SEC31A;APPL1;NUP214;STRADA;STRADB;TSC2;BCS1L;CAMSAP3;SEC23IP;CTTN;RABL3;UBAP1;SLU7,Qk,rmats,870,GO_Biological_Process_2023
Positive Regulation Of Protein Kinase Activity (GO:0045860),16/145,0.03882191981611796,2.759617304794583,20.548001016803184,MAP2K3;PTPN1;CAB39;CAB39L;STRADA;SRC;STRADB;CIB1;PTK2;VEGFA;DLG3;PDCD10;ECT2;TELO2;MARK2;EZH2,Qk,rmats,870,GO_Biological_Process_2023
Negative Regulation Of Cellular Component Organization (GO:0051129),11/79,0.03882191981611796,3.589707594329932,26.635922205380705,SCAMP5;SRC;RIOK3;PEX5;HSF1;PACSIN3;ULK1;ISL1;TERF2;DNM2;VEGFA,Qk,rmats,870,GO_Biological_Process_2023
Positive Regulation Of DNA Methylation-Dependent Heterochromatin Formation (GO:0090309),4/10,0.03882191981611796,14.722093918398768,109.09484774069807,SETDB1;PPHLN1;MPHOSPH8;RESF1,Qk,rmats,870,GO_Biological_Process_2023
Positive Regulation Of Post-Transcriptional Gene Silencing By RNA (GO:1900370),4/10,0.03882191981611796,14.722093918398768,109.09484774069807,FXR1;DHX9;FMR1;PUM1,Qk,rmats,870,GO_Biological_Process_2023
Endocytosis (GO:0006897),19/189,0.03882191981611796,2.4900808737125875,18.440462800083054,APP;DENND1B;TSC2;DNM2;EPN2;GAK;AP3M1;CLN3;DAB2;HOOK2;CTTN;BIN1;PIP5K1A;PI4KB;EPS15;CSNK1G2;PDLIM7;PICALM;REPS1,Qk,rmats,870,GO_Biological_Process_2023
Establishment Or Maintenance Of Apical/Basal Cell Polarity (GO:0035088),6/26,0.04414261991365585,6.635416666666667,47.96575547088464,PATJ;DLG1;DLG3;DLG5;MARK2;PALS1,Qk,rmats,870,GO_Biological_Process_2023
Protein Localization (GO:0008104),29/351,0.04414261991365585,2.014135789248233,14.483977000933248,CUTA;VPS29;RAB5C;SAR1A;STX16;ITSN1;VPS26C;DDX42;ARFRP1;GGA1;RAB23;NPHP1;RAB28;SEC31A;JAM3;IST1;USP4;AKTIP;TSC2;PEX14;SEC23IP;CTTN;HOOK2;RRAGB;PEX5;RABL3;ULK1;SLU7;VCL,Qk,rmats,870,GO_Biological_Process_2023
"Regulation Of mRNA Splicing, Via Spliceosome (GO:0048024)",12/94,0.04414261991365585,3.2488487122633463,23.312962297225354,FXR1;SRPK2;RBM25;CELF1;THRAP3;SFSWAP;FMR1;RNPS1;RBM7;SRSF10;RBM5;SRPK1,Qk,rmats,870,GO_Biological_Process_2023
DNA Double-Strand Break Processing Involved In Repair Via Single-Strand Annealing (GO:0010792),3/5,0.04414261991365585,33.09342560553633,237.3383239902539,RAD52;RNF138;RBBP8,Qk,rmats,870,GO_Biological_Process_2023
Double-Strand Break Repair Via Single-Strand Annealing (GO:0045002),3/5,0.04414261991365585,33.09342560553633,237.3383239902539,RAD52;RNF138;RBBP8,Qk,rmats,870,GO_Biological_Process_2023
Glycerophospholipid Biosynthetic Process (GO:0046474),13/108,0.0465268202407345,3.0394276239022293,21.577993288682574,PI4K2B;VAC14;DGKD;PCYT2;TAMM41;SLC44A2;MTMR14;OCRL;PGS1;PTDSS2;CLN3;PIP5K1A;PI4KB,Qk,rmats,870,GO_Biological_Process_2023
Intracellular Membrane-Bounded Organelle (GO:0043231),352/5175,1.6893426323970168e-19,2.015785045434641,98.67595369753963,ATF2;VPS29;TCERG1;PANK2;RTCA;ITSN1;NUDT1;EHMT1;HNRNPR;SMC6;GPATCH8;UXT;ALKBH1;FAM53C;CPNE1;UBAP2L;KAT7;CCNL2;ZFPL1;NFRKB;AGFG1;AQR;ESCO1;DDX11;SLC35C2;KNL1;JMJD7;ISL1;PRKAB1;EML3;CYP39A1;NISCH;BIN1;RRAGB;AKAP9;SRFBP1;TELO2;MEAF6;DHX9;VPS26C;UBE2J2;RNPC3;MTDH;FXR1;DHX30;RAB11FIP1;NTHL1;DPH3;PIP5K1A;RBM10;KAT14;DECR1;SEC31A;SRPK2;HACE1;SETDB1;XRCC3;CDC7;NTAN1;PTK2;SRPK1;MLLT10;STAG1;GOLGB1;TRIP6;HNRNPD;GTF2IRD1;RNPS1;CDIN1;PKIG;RAD18;RPS24;CC2D1A;EZH2;PSME3IP1;INTS11;PHF3;CEP57;RPAIN;SUV39H2;DENND1B;SETD5;INTS13;INTS14;FBH1;SETD6;ZBTB8OS;SNX10;ECSIT;MED15;N4BP2L2;ING3;ZMYM2;AIFM1;XPO4;SPIN1;CTSH;NELFB;ACADS;CTSC;GABPA;APPL1;TOP3B;GRIPAP1;BRD2;PBRM1;SPHK2;STRADA;NCOA3;PABPC4;STRADB;NCOA4;TFE3;TERF2;GAK;MED22;SLC7A5;AFTPH;NCOR1;CTTN;SLTM;MED20;MTF2;G2E3;HNRNPH3;ALDOA;SLU7;SGMS1;STX16;RNMT;ZDHHC20;CIPC;GPS1;AKAP8;DLST;ECPAS;RAD54B;GGA1;RNF138;HSF1;NSD2;USP1;METTL4;PMS2;APBB2;BRD8;SRSF10;EPS15;SRSF11;GINS1;MYEF2;PCGF5;YLPM1;RRP1B;APTX;PEX14;NUDT9;SEC23IP;TTC3;NBR1;ZYX;UBAP1;MITD1;EEF1AKMT2;MPHOSPH8;N6AMT1;DGKD;PRDM4;FMR1;PRDM5;CTNND1;JADE1;UBP1;STK19;CIB1;RPL10A;COMT;MPC2;PAPOLA;TRAPPC12;SMARCAD1;TRAPPC14;KPNA2;MAP3K7;SLC30A9;TLE1;KDM2B;IST1;FBXW11;USP4;USP3;IPMK;TSC2;VRK1;OCRL;CHD1L;PIAS2;CDC25A;THOC7;DPM1;CLIP1;ILF3;MSH3;PPIG;GEMIN8;CSNK1G2;ISCU;HDGFL3;ANKRD16;MAX;ANKRD11;MAZ;ARHGAP19;HTRA2;PDS5B;PDS5A;BCL2L12;BAG6;NPAT;IRAK1;ORC1;DEAF1;SAFB2;OTX2;RPRD1B;ECT2;ZC3H14;BPTF;OSBPL9;POU2F1;VTA1;LSM1;RFXANK;MACO1;CLK4;PALB2;SMAD5;TDRD3;NSFL1C;DAB2;DLG1;LSM6;HOOK2;APPBP2;NASP;P4HA1;TADA3;CDK2;MDM2;MAN2B1;TCF3;NF2;NIT1;BRWD3;MDM1;PICALM;RAD9A;DIDO1;KDM5C;CELF1;RNF14;MCM8;CDCA7L;AKAP8L;DDX42;CHD6;UFSP2;FOXM1;ATRAID;RESF1;SENP6;DUSP12;METTL14;AP1G1;DNMT3B;FLOT2;BUD23;TOPBP1;GUSB;RBM7;POLE;RBM5;ILKAP;SUN1;TBP;CEMIP2;ACTR5;AKTIP;ATRX;DNMT3A;PPP2R5B;RAD23A;PEX2;TRNAU1AP;SMC1A;SAFB;EPN2;SENP1;METTL22;TRAF7;TRAPPC6A;PKM;RABEP1;TFDP2;THRAP3;ESRP1;ZMYND11;GAPDH;ITGB3BP;CILK1;VAC14;PRKAA1;KDM3A;PDXK;UHRF2;POLDIP3;BRAT1;WBP4;PARN;DDX20;LENG8;KATNB1;AMBRA1;MLLT3;SAMHD1;UACA;CECR2;CLN3;NFS1;HIRIP3;MCRIP2;ATXN1L;IGF2BP1;RBBP8;REPS1;MUTYH;TCF7L2;RNGTT;PPIL2;LIMK2;DONSON;DTNBP1;MCOLN1;USP28;U2SURP;TICRR;RAD52;RAD50;PRC1;ACIN1;QRICH1;RGS12,Qk,rmats,870,GO_Cellular_Component_2023
Nucleus (GO:0005634),302/4487,3.0487687367575985e-15,1.898711864977199,73.02016561612136,ATF2;TCERG1;PANK2;RTCA;NUDT1;EHMT1;HNRNPR;SMC6;GPATCH8;UXT;ALKBH1;FAM53C;CPNE1;UBAP2L;KAT7;CCNL2;ZFPL1;NFRKB;AQR;ESCO1;DDX11;KNL1;JMJD7;ISL1;PRKAB1;EML3;BIN1;RRAGB;SRFBP1;TELO2;MEAF6;DHX9;VPS26C;UBE2J2;RNPC3;MTDH;FXR1;DHX30;NTHL1;DPH3;PIP5K1A;RBM10;KAT14;DECR1;SRPK2;HACE1;SETDB1;XRCC3;CDC7;NTAN1;PTK2;SRPK1;MLLT10;STAG1;TRIP6;HNRNPD;GTF2IRD1;RNPS1;CDIN1;PKIG;RAD18;RPS24;CC2D1A;EZH2;PSME3IP1;INTS11;PHF3;CEP57;RPAIN;SUV39H2;SETD5;INTS13;INTS14;FBH1;SETD6;ZBTB8OS;SNX10;ECSIT;MED15;N4BP2L2;ING3;ZMYM2;AIFM1;XPO4;SPIN1;NELFB;ACADS;GABPA;APPL1;TOP3B;BRD2;PBRM1;SPHK2;STRADA;NCOA3;PABPC4;STRADB;NCOA4;TFE3;TERF2;MED22;NCOR1;SLTM;MED20;MTF2;G2E3;HNRNPH3;ALDOA;SLU7;SGMS1;RNMT;CIPC;GPS1;AKAP8;DLST;ECPAS;RAD54B;RNF138;HSF1;NSD2;USP1;METTL4;PMS2;APBB2;BRD8;SRSF10;SRSF11;GINS1;MYEF2;PCGF5;YLPM1;RRP1B;APTX;PEX14;NUDT9;TTC3;ZYX;EEF1AKMT2;MPHOSPH8;N6AMT1;DGKD;PRDM4;FMR1;PRDM5;CTNND1;JADE1;UBP1;STK19;CIB1;RPL10A;MPC2;PAPOLA;TRAPPC12;SMARCAD1;KPNA2;MAP3K7;SLC30A9;TLE1;KDM2B;FBXW11;USP4;USP3;IPMK;TSC2;VRK1;OCRL;CHD1L;PIAS2;CDC25A;THOC7;DPM1;CLIP1;ILF3;MSH3;PPIG;GEMIN8;CSNK1G2;ISCU;HDGFL3;ANKRD16;MAX;ANKRD11;MAZ;HTRA2;PDS5B;PDS5A;BCL2L12;BAG6;NPAT;IRAK1;ORC1;DEAF1;SAFB2;OTX2;RPRD1B;ECT2;ZC3H14;BPTF;POU2F1;LSM1;RFXANK;MACO1;CLK4;PALB2;SMAD5;TDRD3;NSFL1C;DLG1;LSM6;APPBP2;NASP;TADA3;CDK2;MDM2;TCF3;NF2;NIT1;BRWD3;MDM1;PICALM;RAD9A;DIDO1;KDM5C;CELF1;RNF14;MCM8;CDCA7L;AKAP8L;DDX42;CHD6;UFSP2;FOXM1;RESF1;SENP6;DUSP12;METTL14;DNMT3B;BUD23;TOPBP1;RBM7;POLE;RBM5;ILKAP;TBP;ACTR5;AKTIP;ATRX;DNMT3A;PPP2R5B;RAD23A;TRNAU1AP;SMC1A;SAFB;SENP1;METTL22;PKM;TFDP2;THRAP3;ESRP1;ZMYND11;GAPDH;ITGB3BP;CILK1;PRKAA1;KDM3A;PDXK;UHRF2;POLDIP3;BRAT1;WBP4;PARN;DDX20;LENG8;KATNB1;AMBRA1;MLLT3;SAMHD1;UACA;CECR2;CLN3;NFS1;HIRIP3;MCRIP2;ATXN1L;IGF2BP1;RBBP8;MUTYH;TCF7L2;RNGTT;PPIL2;LIMK2;DONSON;DTNBP1;USP28;U2SURP;TICRR;RAD52;RAD50;PRC1;ACIN1;QRICH1;RGS12,Qk,rmats,870,GO_Cellular_Component_2023
Intracellular Non-Membrane-Bounded Organelle (GO:0043232),88/1195,8.243223743610222e-5,1.8321261814493677,25.707972136442677,RBM28;TMEM179B;CDCA7L;FMR1;PRDM5;FAF2;HJURP;HNRNPR;FOXM1;UXT;EPB41L4A;SPIN1;KAT7;LRRFIP1;BUD23;TRAPPC13;TOPBP1;RBM34;RBM7;SPG11;CDK5RAP2;SLC30A9;PPP1R12A;ESCO1;CEMIP2;SLC30A5;DDX11;VRK1;SMC1A;DDX50;MIF4GD;EML3;METTL22;TRAF7;ILF3;CTTN;SAPCD2;BIN1;WDR82;AKAP9;LDAH;GAPDH;VCL;SLC29A2;MACF1;INO80E;RAB5C;MEAF6;DHX9;EPB41;CIPC;PARN;DDX20;AKAP8;KATNB1;HTRA2;DDX21;PDS5B;AMBRA1;PDS5A;FXR1;SYCE2;HIRIP3;IRAK1;EPB41L3;ATXN1L;UTP20;ZC3H14;PLK4;SRPK2;PYM1;NOC3L;RRP1B;APTX;PTK2;SMTN;STAG1;LSM6;ZZZ3;PRC1;TTC3;TRIP6;MDM2;RGS12;CEP85;NF2;EIF4G3;MPHOSPH8,Qk,rmats,870,GO_Cellular_Component_2023
Mitotic Spindle (GO:0072686),20/143,3.0084268437516895e-4,3.6359636537541844,45.26584391530182,IQCB1;EPB41;LIMK2;CKAP2;HAUS3;CDC7;EML3;ATAT1;WRAP73;ZZZ3;NCOR1;TFDP2;TADA3;TRAPPC14;MAP4;ECT2;LSM14A;KAT14;CLASP1;CLASP2,Qk,rmats,870,GO_Cellular_Component_2023
Cytoskeleton (GO:0005856),50/599,5.162935013908866e-4,2.0637300635301434,24.117255111920066,FOXM1;UXT;EPB41L4A;SIPA1L1;MPRIP;LRRFIP1;TOPBP1;CDK5RAP2;NDC1;IQCB1;SLC30A9;PPP1R12A;CKAP2;EML3;NISCH;CLIP1;ILF3;CTTN;BIN1;MAP7D1;AKAP9;TLN2;ALDOA;GAPDH;VCL;MACF1;TMEM63B;DHX9;EPB41;DDX20;KATNB1;HTRA2;AMBRA1;ABLIM1;EPB41L3;FLNB;MARK4;PDLIM7;ENKD1;DTNBP1;SEPTIN6;PTK2;ANLN;MYO1B;SMTN;PRC1;KANSL2;TRIP6;ZYX;NF2,Qk,rmats,870,GO_Cellular_Component_2023
Spindle (GO:0005819),22/210,0.0066207092531548346,2.613935166599759,23.40162328811225,IQCB1;EPB41;LIMK2;CKAP2;HAUS3;KATNB1;CDC7;EML3;ATAT1;WRAP73;ZZZ3;NCOR1;TFDP2;PRC1;TADA3;TRAPPC14;MAP4;ECT2;LSM14A;KAT14;CLASP1;CLASP2,Qk,rmats,870,GO_Cellular_Component_2023
Cell-Cell Junction (GO:0005911),27/299,0.01115308866457642,2.2205620682436678,18.10407374947475,PATJ;CTNND1;SNAP23;FOXM1;MTDH;CDH2;EPB41L3;NPHP1;FLOT2;ECT2;PDLIM7;JAM3;PAK4;CADM1;ACTN1;LSR;VEGFA;TJP1;ILF3;DLG1;DLG3;SAPCD2;DLG5;ZYX;NF2;VCL;PALS1,Qk,rmats,870,GO_Cellular_Component_2023
Adherens Junction (GO:0005912),17/150,0.01115308866457642,2.846644747860272,23.18149498163144,CTNND1;SNAP23;VEGFA;CAMSAP3;TJP1;ILF3;DLG1;CDH2;DLG3;DLG5;ZYX;FLOT2;NF2;VCL;PDLIM7;PALS1;PAK4,Qk,rmats,870,GO_Cellular_Component_2023
Coated Vesicle (GO:0030135),11/79,0.020435981492327684,3.589707594329932,26.635922205380705,TEPSIN;DAB2;SEC23IP;AP1G1;VPS41;NUMB;OCRL;CTSC;ECPAS;SEC31A;PICALM,Qk,rmats,870,GO_Cellular_Component_2023
Nuclear Lumen (GO:0031981),53/780,0.027719634830020025,1.6421318643206013,11.511142276416289,RBM28;TMEM179B;CDCA7L;FMR1;PRDM5;HJURP;HNRNPR;SPIN1;KAT7;BUD23;RBM34;RBM7;SPG11;PBRM1;PPP1R12A;CEMIP2;SLC30A5;DDX11;VRK1;DDX50;MIF4GD;METTL22;TRAF7;ILF3;SAPCD2;WDR82;SLC29A2;INO80E;MEAF6;DHX9;CIPC;PARN;AKAP8;DDX21;FXR1;HIRIP3;ATXN1L;UTP20;ZC3H14;PLK4;SRPK2;PYM1;NOC3L;RRP1B;APTX;LSM6;ZZZ3;TTC3;MDM2;RGS12;CEP85;NF2;MPHOSPH8,Qk,rmats,870,GO_Cellular_Component_2023
Nucleolus (GO:0005730),52/771,0.03304638513585883,1.6277905675840187,10.969347864212702,RBM28;TMEM179B;CDCA7L;FMR1;PRDM5;HJURP;HNRNPR;SPIN1;KAT7;BUD23;RBM34;RBM7;SPG11;PPP1R12A;CEMIP2;SLC30A5;DDX11;VRK1;DDX50;MIF4GD;METTL22;TRAF7;ILF3;SAPCD2;WDR82;SLC29A2;INO80E;MEAF6;DHX9;CIPC;PARN;AKAP8;DDX21;FXR1;HIRIP3;ATXN1L;UTP20;ZC3H14;PLK4;SRPK2;PYM1;NOC3L;RRP1B;APTX;LSM6;ZZZ3;TTC3;MDM2;RGS12;CEP85;NF2;MPHOSPH8,Qk,rmats,870,GO_Cellular_Component_2023
Focal Adhesion (GO:0005925),30/387,0.04315844115200973,1.8780512204881952,11.991015904072418,CYFIP1;SRC;STX16;SNAP23;RPL10A;SLC9A3R2;MPRIP;CDH2;PIP5K1A;FLOT2;FLNB;MPZL1;CLASP1;PDLIM7;PAK4;CLASP2;PPP1R12A;ACTN1;PTK2;DNM2;SENP1;FERMT1;DAB2;CTTN;TRIP6;ZYX;NUMB;KRAS;TLN2;VCL,Qk,rmats,870,GO_Cellular_Component_2023
ATAC Complex (GO:0140672),4/13,0.04381138453933138,9.813189633051065,61.72260727810627,ZZZ3;TADA3;MAP3K7;KAT14,Qk,rmats,870,GO_Cellular_Component_2023
Cell-Substrate Junction (GO:0030055),25/395,0.015556786657673316,2.470099409754582,22.81739303679121,YWHAE;ARF1;TRIOBP;HSP90B1;ICAM1;RPS4X;CSRP1;FLNA;RPL38;PRSS8;SCARF2;KLF11;NPM1;DST;HSPA5;CASK;ENAH;CTNNB1;MYH9;CALR;PABPC1;PFN1;ARHGEF7;CD44;FERMT3,Rbm24,deg,547,GO_Cellular_Component_2023
Focal Adhesion (GO:0005925),24/387,0.015556786657673316,2.413286348624433,20.790734640611806,YWHAE;KLF11;ARF1;NPM1;DST;HSPA5;CASK;TRIOBP;HSP90B1;ICAM1;ENAH;RPS4X;CSRP1;FLNA;CTNNB1;MYH9;RPL38;PRSS8;CALR;PABPC1;PFN1;ARHGEF7;SCARF2;CD44,Rbm24,deg,547,GO_Cellular_Component_2023
Cortical Granule (GO:0060473),3/5,0.015556786657673316,53.63327205882353,458.0876525990483,HEXB;MYH9;CALR,Rbm24,deg,547,GO_Cellular_Component_2023
Actin Cytoskeleton (GO:0015629),21/327,0.0169433598572024,2.49811749794975,20.404744785920915,DHX9;TPM3;MYO5A;CASK;NPM3;SPTB;TRIOBP;ACACA;LIMD2;SLC9A3R1;ACTA1;SAMD14;OPHN1;BIN2;DNAJA3;FSCN1;FLNA;MYH9;TEK;WASF2;FERMT3,Rbm24,deg,547,GO_Cellular_Component_2023
mRNA Processing WP310,44/444,0.0014449829902507237,2.1401673640167362,24.1322193920774,RBM25;RBM47;SFSWAP;FMR1;VIRMA;FXR1;SBNO1;PCBP3;RBMX2;PAPOLA;SAFB2;ZFP740;TRIM21;SRSF11;RBM5;DIS3L2;ILKAP;SRPK2;TTC14;RBM39;TIA1;CPSF7;TAF15;ZFP638;SECISBP2;PABPC4;RBM18;ADAT1;CIRBP;RSRC2;TDRD7;PUM1;CLK4;PTBP2;DNAJC17;LSM2;CLK2;CLK1;SUPT5;RNPS1;DNAJC8;EIF4E2;EIF4G3;SLU7,Rbm24,rmats,1000,WikiPathways_2024_Mouse
Signaling By Rho GTPases R-HSA-194315,61/644,7.910538115662557e-4,2.0521758668120715,27.8574329783146,FAM13B;ITSN1;FAF2;ARHGAP1;AKAP12;AKAP13;SYDE1;DBT;NCK2;ANKFY1;KNTC1;PLEKHG2;PPP1R12A;DST;RALGAPA1;STARD8;ACTN1;PPP2R5B;SCRIB;SENP1;NISCH;ALDH3A2;EVL;DOCK1;ITGB3BP;GARRE1;SRC;CUL3;ARHGAP17;KLC1;FAM169A;CENPA;UACA;ARHGAP12;GNA13;ABR;ARL13B;SH3BP1;PLXNA1;ECT2;CLASP1;CLASP2;CENPT;ANKRD26;ACBD5;CPSF7;KDM4C;MCAM;MACO1;PTPN13;PTK2;MPP7;KTN1;SLC4A7;ANLN;ABI2;KANSL1;PRC1;DLG5;PKN1;NF2,Rbm24,rmats,1000,Reactome_2022
"Signaling By Rho GTPases, Miro GTPases And RHOBTB3 R-HSA-9716542",62/660,7.910538115662557e-4,2.034008172230106,27.45732019944991,FAM13B;ITSN1;FAF2;ARHGAP1;AKAP12;AKAP13;SYDE1;DBT;NCK2;ANKFY1;KNTC1;PLEKHG2;PPP1R12A;DST;RALGAPA1;STARD8;ACTN1;PPP2R5B;SCRIB;SENP1;NISCH;ALDH3A2;EVL;DOCK1;ITGB3BP;GARRE1;SRC;CUL3;ARHGAP17;KLC1;FAM169A;CENPA;UACA;TRAK2;ARHGAP12;GNA13;ABR;ARL13B;SH3BP1;PLXNA1;ECT2;CLASP1;CLASP2;CENPT;ANKRD26;ACBD5;CPSF7;KDM4C;MCAM;MACO1;PTPN13;PTK2;MPP7;KTN1;SLC4A7;ANLN;ABI2;KANSL1;PRC1;DLG5;PKN1;NF2,Rbm24,rmats,1000,Reactome_2022
RHO GTPase Cycle R-HSA-9012999,46/441,7.935551410297507e-4,2.271130217870127,29.73022503222358,FAM13B;GARRE1;SRC;CUL3;ITSN1;FAF2;ARHGAP1;ARHGAP17;FAM169A;UACA;ARHGAP12;AKAP12;GNA13;ABR;AKAP13;SYDE1;ARL13B;SH3BP1;DBT;NCK2;ANKFY1;PLXNA1;ECT2;ANKRD26;ACBD5;CPSF7;PLEKHG2;DST;RALGAPA1;STARD8;MCAM;ACTN1;SCRIB;MACO1;PTPN13;MPP7;KTN1;SENP1;NISCH;ALDH3A2;SLC4A7;ANLN;ABI2;DLG5;PKN1;DOCK1,Rbm24,rmats,1000,Reactome_2022
Organelle Biogenesis And Maintenance R-HSA-1852241,32/275,0.0020243439989256666,2.551712410298269,29.91256762374546,CEP57;C2CD3;DYNLT2B;CEP164;ASAP1;NRF1;PCM1;ARL13B;PRKAR2B;KIF3A;TBL1X;MARK4;IFT57;RAB11FIP3;GABPA;CLASP1;DMAC2L;ODF2;SMOX;IFT122;PRKAB1;LZTFL1;HAUS2;MAPK12;SIRT3;ATAT1;NCOR1;CREB1;IFT81;AKAP9;MKS1;EXOC1,Rbm24,rmats,1000,Reactome_2022
Chromatin Modifying Enzymes R-HSA-3247509,29/238,0.0020243439989256666,2.6852354648441157,31.264717962759367,KMT2E;KDM5C;KDM3A;SETD3;HDAC10;MEAF6;PHF20;SETD6;ING3;KAT5;NSD2;EP400;KMT5B;BRD8;TBL1X;KMT5A;KDM6A;SMARCE1;SMARCC2;KDM2A;KDM4C;KDM2B;BRPF3;MSL2;GATAD2A;ZZZ3;NCOR1;KANSL1;TADA3,Rbm24,rmats,1000,Reactome_2022
Cell Cycle R-HSA-1640170,57/654,0.006180162097043267,1.8632771492670137,19.226908297455026,CEP57;DIDO1;PHF20;NCAPG2;CEP164;HJURP;PCM1;HERC2;KAT5;MIS18BP1;AKT2;CHEK2;PPP6R3;KNTC1;KMT5A;LIN52;NUP214;SUN1;PPP1R12A;BORA;ESCO1;FBXW11;ATRX;TOP3A;PPP2R5B;VRK1;KIF23;TERF2;SIRT2;HAUS2;EML4;SHQ1;TFDP2;AKAP9;ITGB3BP;MCPH1;PIF1;SRC;CENPA;BRIP1;PRKAR2B;NSD2;RBBP8;CLSPN;CLASP1;CLASP2;CENPT;NEK9;ODF2;CDC7;WAPL;POLA1;KANSL1;PPP2R2D;MDM2;MDM4;NCAPD3,Rbm24,rmats,1000,Reactome_2022
Regulation Of TP53 Activity R-HSA-5633007,21/157,0.006180162097043267,2.975304933004867,30.32021132791986,TBP;TAF15;MEAF6;BRPF3;PHF20;TOP3A;PRKAB1;GATAD2A;BRIP1;ING3;PIP4P1;KAT5;AKT2;CHEK2;MDM2;RBBP8;MAPKAPK5;MDM4;KMT5A;TAF2;MAP2K6,Rbm24,rmats,1000,Reactome_2022
Cilium Assembly R-HSA-5617833,23/186,0.008293779701920287,2.7205543450276606,26.56058287564189,CEP57;C2CD3;ODF2;SMOX;CEP164;DYNLT2B;IFT122;ASAP1;LZTFL1;HAUS2;ATAT1;PCM1;ARL13B;IFT81;KIF3A;PRKAR2B;AKAP9;MKS1;MARK4;IFT57;RAB11FIP3;CLASP1;EXOC1,Rbm24,rmats,1000,Reactome_2022
DNA Repair R-HSA-73894,32/310,0.011205395096036512,2.2262916939175934,20.80304364750525,INO80E;PAXIP1;PNKP;BRIP1;HERC2;KAT5;PPP4R2;EME2;CHEK2;NSD2;USP1;RBBP8;PMS2;POLI;CLSPN;POLK;MUTYH;FANCM;EYA2;ACTR5;XRCC3;TOP3A;REV1;GTF2H1;RAD23A;FANCE;TERF2;FANCG;RAD52;MSH3;ERCC8;DTL,Rbm24,rmats,1000,Reactome_2022
mRNA 3-End Processing R-HSA-72187,11/58,0.013957198734090515,4.485145106813244,40.45285711972136,FYTTD1;CPSF7;FIP1L1;ZC3H11A;PAPOLA;UPF3B;RNPS1;SLU7;THOC7;SRSF11;U2AF1L4,Rbm24,rmats,1000,Reactome_2022
RHOF GTPase Cycle R-HSA-9035034,9/42,0.019784684391508642,5.219796348958811,44.7601420642237,AKAP12;SLC4A7;SYDE1;ACTN1;MCAM;ARHGAP1;FAM169A;ARHGAP12;SENP1,Rbm24,rmats,1000,Reactome_2022
RND2 GTPase Cycle R-HSA-9696270,9/43,0.021929746533517182,5.066005817059417,42.479102893754785,ALDH3A2;NISCH;ANKRD26;DST;DLG5;ARHGAP1;SCRIB;PTPN13;KTN1,Rbm24,rmats,1000,Reactome_2022
Diseases Associated With N-glycosylation Of Proteins R-HSA-3781860,6/20,0.02888760489009886,8.185972980741592,65.72939967546641,CTSA;EGFL7;ALG14;ALG13;ALG3;MPDU1,Rbm24,rmats,1000,Reactome_2022
Diseases Of Signal Transduction By Growth Factor Receptors And Second Messengers R-HSA-5663202,38/424,0.03150328734761846,1.9048506457832883,14.988752696167623,HDAC5;HDAC10;ZFYVE9;SRC;PSEN2;RBPJ;KLC1;HDAC7;FGF5;FXR1;PORCN;GOLGA4;ZMYM2;MPRIP;FIP1L1;TNKS2;AKT2;FGFR1OP2;TBL1X;ATG7;MARK3;SEC31A;TCF7L2;CHUK;PPP2R5B;TSC2;PTPN12;EML4;NCOR1;CREB1;GOLGB1;AKAP9;KIT;RPS6KB2;MDM2;BIRC6;FGFR3;FGFR2,Rbm24,rmats,1000,Reactome_2022
Regulation Of TP53 Activity Thru Acetylation R-HSA-6804758,7/29,0.032668047520617124,6.081021697335896,46.82040647724935,ING3;PIP4P1;MEAF6;BRPF3;AKT2;MAP2K6;GATAD2A,Rbm24,rmats,1000,Reactome_2022
RNA Polymerase II Transcription Termination R-HSA-73856,11/67,0.032668047520617124,3.7625306947854975,28.967316024273966,FYTTD1;CPSF7;FIP1L1;ZC3H11A;PAPOLA;UPF3B;RNPS1;SLU7;THOC7;SRSF11;U2AF1L4,Rbm24,rmats,1000,Reactome_2022
RHO GTPase Cycle,48/450,8.567527007913594e-4,2.3326226012793176,33.21866089786671,FAM13B;GARRE1;SRC;CUL3;ITSN1;FAF2;ARHGAP1;ARHGAP17;FAM169A;UACA;ARHGAP12;AKAP12;GNA13;ABR;AKAP13;SYDE1;ARL13B;SH3BP1;CHN1;DBT;NCK2;ANKFY1;PLXNA1;ECT2;ANKRD26;ACBD5;CPSF7;PLEKHG2;DST;RALGAPA1;STARD8;MCAM;ACTN1;SCRIB;MACO1;PTPN13;MPP7;CIT;KTN1;SENP1;NISCH;ALDH3A2;SLC4A7;ANLN;ABI2;DLG5;PKN1;DOCK1,Rbm24,rmats,1000,Reactome_Pathways_2024
Signaling by Rho GTPases,62/672,0.0011541814539970446,1.992694606592331,25.717098735302354,FAM13B;ITSN1;FAF2;ARHGAP1;AKAP12;AKAP13;SYDE1;DBT;NCK2;ANKFY1;KNTC1;PLEKHG2;PPP1R12A;DST;RALGAPA1;STARD8;ACTN1;PPP2R5B;SCRIB;CIT;SENP1;NISCH;ALDH3A2;EVL;DOCK1;ITGB3BP;GARRE1;SRC;CUL3;ARHGAP17;KLC1;FAM169A;CENPA;UACA;ARHGAP12;GNA13;ABR;ARL13B;SH3BP1;CHN1;PLXNA1;ECT2;CLASP1;CLASP2;CENPT;ANKRD26;ACBD5;CPSF7;KDM4C;MCAM;MACO1;PTPN13;PTK2;MPP7;KTN1;SLC4A7;ANLN;ABI2;PRC1;DLG5;PKN1;NF2,Rbm24,rmats,1000,Reactome_Pathways_2024
"Signaling by Rho GTPases, Miro GTPases and RHOBTB3",63/688,0.0011541814539970446,1.9767342582710778,25.389762059840187,FAM13B;ITSN1;FAF2;ARHGAP1;AKAP12;AKAP13;SYDE1;DBT;NCK2;ANKFY1;KNTC1;PLEKHG2;PPP1R12A;DST;RALGAPA1;STARD8;ACTN1;PPP2R5B;SCRIB;CIT;SENP1;NISCH;ALDH3A2;EVL;DOCK1;ITGB3BP;GARRE1;SRC;CUL3;ARHGAP17;KLC1;FAM169A;CENPA;UACA;TRAK2;ARHGAP12;GNA13;ABR;ARL13B;SH3BP1;CHN1;PLXNA1;ECT2;CLASP1;CLASP2;CENPT;ANKRD26;ACBD5;CPSF7;KDM4C;MCAM;MACO1;PTPN13;PTK2;MPP7;KTN1;SLC4A7;ANLN;ABI2;PRC1;DLG5;PKN1;NF2,Rbm24,rmats,1000,Reactome_Pathways_2024
Organelle Biogenesis and Maintenance,34/297,0.0019181229998493417,2.5075297766651707,30.10395986538397,CEP57;ATF2;C2CD3;DYNLT2B;CEP164;ASAP1;NRF1;PCM1;ARL13B;PRKAR2B;KIF3A;TBL1X;MARK4;IFT57;RAB11FIP3;GABPA;CLASP1;DMAC2L;MED1;ODF2;IFT122;PRKAB1;LZTFL1;HAUS2;MAPK12;SIRT3;ATAT1;NCOR1;CREB1;IFT81;RP2;AKAP9;MKS1;EXOC1,Rbm24,rmats,1000,Reactome_Pathways_2024
Chromatin Modifying Enzymes,29/238,0.0019181229998493417,2.6852354648441157,31.264717962759367,ATF2;KDM5C;KDM3A;SETD3;HDAC10;MEAF6;PHF20;SETD6;ING3;KAT5;NSD2;EP400;KMT5B;BRD8;TBL1X;KMT5A;KDM6A;SMARCE1;SMARCC2;KDM2A;KDM4C;KDM2B;BRPF3;MSL2;GATAD2A;ZZZ3;NCOR1;KANSL1;TADA3,Rbm24,rmats,1000,Reactome_Pathways_2024
Chromatin Organization,29/238,0.0019181229998493417,2.6852354648441157,31.264717962759367,ATF2;KDM5C;KDM3A;SETD3;HDAC10;MEAF6;PHF20;SETD6;ING3;KAT5;NSD2;EP400;KMT5B;BRD8;TBL1X;KMT5A;KDM6A;SMARCE1;SMARCC2;KDM2A;KDM4C;KDM2B;BRPF3;MSL2;GATAD2A;ZZZ3;NCOR1;KANSL1;TADA3,Rbm24,rmats,1000,Reactome_Pathways_2024
Cell Cycle,58/649,0.0025522971112557436,1.9178728341973192,21.48669043497613,CEP57;DIDO1;PHF20;NCAPG2;CEP164;HJURP;PCM1;HERC2;KAT5;MIS18BP1;AKT2;CHEK2;PPP6R3;KNTC1;KMT5A;LIN52;NUP214;SUN1;PPP1R12A;BORA;ESCO1;FBXW11;ATRX;TOP3A;PPP2R5B;VRK1;KIF23;TERF2;SIRT2;HAUS2;EML4;SHQ1;TFDP2;AKAP9;ITGB3BP;MCPH1;PIF1;SRC;CENPA;BRIP1;PRKAR2B;FIGNL1;NSD2;RBBP8;CLSPN;CLASP1;CLASP2;CENPT;NEK9;ODF2;CDC7;WAPL;POLA1;STAG1;PPP2R2D;MDM2;MDM4;NCAPD3,Rbm24,rmats,1000,Reactome_Pathways_2024
DNA Repair,33/312,0.006931204060366701,2.289877795198541,23.060960096783667,INO80E;PAXIP1;PNKP;BRIP1;HERC2;KAT5;PPP4R2;EME2;CHEK2;FIGNL1;NSD2;USP1;RBBP8;PMS2;POLI;CLSPN;POLK;MUTYH;FANCM;EYA2;ACTR5;XRCC3;TOP3A;REV1;GTF2H1;RAD23A;FANCE;TERF2;FANCG;RAD52;MSH3;ERCC8;DTL,Rbm24,rmats,1000,Reactome_Pathways_2024
mRNA 3'-End Processing,11/58,0.017633118955760495,4.485145106813244,40.45285711972136,FYTTD1;CPSF7;FIP1L1;ZC3H11A;PAPOLA;UPF3B;RNPS1;SLU7;THOC7;SRSF11;U2AF1L4,Rbm24,rmats,1000,Reactome_Pathways_2024
Cilium Assembly,23/200,0.02062120075238119,2.5035072197260146,21.66443374388173,CEP57;C2CD3;ODF2;DYNLT2B;CEP164;IFT122;ASAP1;LZTFL1;HAUS2;ATAT1;PCM1;ARL13B;IFT81;PRKAR2B;KIF3A;RP2;AKAP9;MKS1;MARK4;IFT57;RAB11FIP3;CLASP1;EXOC1,Rbm24,rmats,1000,Reactome_Pathways_2024
Formation of WDR5-containing Histone-Modifying Complexes,9/42,0.02062120075238119,5.219796348958811,44.7601420642237,PHF20L1;PAXIP1;ZZZ3;KANSL1;PHF20;AKAP8L;TADA3;TASP1;KDM6A,Rbm24,rmats,1000,Reactome_Pathways_2024
RHOF GTPase Cycle,9/42,0.02062120075238119,5.219796348958811,44.7601420642237,AKAP12;SLC4A7;SYDE1;ACTN1;MCAM;ARHGAP1;FAM169A;ARHGAP12;SENP1,Rbm24,rmats,1000,Reactome_Pathways_2024
RND2 GTPase Cycle,9/43,0.0230167971489287,5.066005817059417,42.479102893754785,ALDH3A2;NISCH;ANKRD26;DST;DLG5;ARHGAP1;SCRIB;PTPN13;KTN1,Rbm24,rmats,1000,Reactome_Pathways_2024
Regulation of TP53 Activity,19/160,0.038757778061859996,2.5905032496873215,20.179792281603,TBP;TAF15;MEAF6;BRPF3;PHF20;TOP3A;PRKAB1;GATAD2A;BRIP1;KAT5;AKT2;CHEK2;MDM2;RBBP8;MAPKAPK5;MDM4;KMT5A;TAF2;MAP2K6,Rbm24,rmats,1000,Reactome_Pathways_2024
RNA Polymerase II Transcription Termination,11/67,0.03962098668935906,3.7625306947854975,28.967316024273966,FYTTD1;CPSF7;FIP1L1;ZC3H11A;PAPOLA;UPF3B;RNPS1;SLU7;THOC7;SRSF11;U2AF1L4,Rbm24,rmats,1000,Reactome_Pathways_2024
LKB1 signaling events,13/47,3.1329858416831864e-4,7.347219738959414,109.76338646945304,STK11IP;STRADA;STRADB;PSEN2;TSC2;ETV4;PRKAB1;RPTOR;CREB1;SIK3;SIK2;MARK4;MARK2,Rbm24,rmats,1000,BioPlanet_2019
PKB-mediated events,8/28,0.02322821053042926,7.653225806451613,76.07560448336886,RPTOR;CAB39L;STRADA;AKT2;STRADB;TSC2;PRKAB1;EIF4G1,Rbm24,rmats,1000,BioPlanet_2019
Energy-dependent regulation of mTOR by LKB1-AMPK,6/17,0.03802470786130421,10.42015730748125,94.21904288453608,RPTOR;CAB39L;STRADA;STRADB;TSC2;PRKAB1,Rbm24,rmats,1000,BioPlanet_2019
GTPase Binding (GO:0051020),36/225,3.4337449765719316e-7,3.716854376605414,78.99293581729711,USP6NL;GARRE1;DENND5B;ARHGAP1;CIB1;STK19;ENO1;AMBRA1;C9ORF72;RASIP1;STRN3;AKAP13;GGA1;AP3M1;GOLGA4;KIF3A;AP1G1;ANKFY1;KNTC1;ERC1;DNM1L;RAB11FIP3;EVI5;HACE1;ANKRD27;PLEKHG2;SPHK2;TSC2;GAPVD1;LSM2;ABI2;SGSM2;PEX5;RAB3GAP2;PKN1;DOCK1,Rbm24,rmats,1000,GO_Molecular_Function_2023
Small GTPase Binding (GO:0031267),33/199,3.4877848189830197e-7,3.8718804899016956,79.54340496577223,USP6NL;GARRE1;DENND5B;ARHGAP1;CIB1;STK19;C9ORF72;STRN3;AKAP13;GGA1;AP3M1;GOLGA4;KIF3A;AP1G1;ANKFY1;KNTC1;ERC1;DNM1L;RAB11FIP3;EVI5;HACE1;ANKRD27;PLEKHG2;SPHK2;TSC2;GAPVD1;LSM2;ABI2;SGSM2;PEX5;RAB3GAP2;PKN1;DOCK1,Rbm24,rmats,1000,GO_Molecular_Function_2023
Nuclear Receptor Binding (GO:0016922),18/115,0.00305963199045185,3.572070464232473,39.503654188507866,SMARCE1;MED1;TCF7L2;KDM3A;KDM4C;RNF14;WBP2;GTF2H1;ISL1;MED22;MED14;NCOR1;TADA3;MMS19;TRIP12;BRD8;PKN1;TACC2,Rbm24,rmats,1000,GO_Molecular_Function_2023
Methylation-Dependent Protein Binding (GO:0140034),13/68,0.00398304992543262,4.536888643271622,47.671812312409955,KMT2E;MORC3;FMR1;NCAPG2;JMJD7;ING1;PHF20L1;ING3;ZZZ3;MTF2;NCAPD3;ZMYND11;BPTF,Rbm24,rmats,1000,GO_Molecular_Function_2023
Protein Serine/Threonine Kinase Activity (GO:0004674),35/342,0.005547177553258913,2.2084184233177497,21.8835397876548,STK19;IKBKB;AKT2;CHEK2;STK16;PHKG2;TLK2;TLK1;MARK4;MAP3K7;MARK3;MARK2;MAP2K6;SRPK2;NEK9;CHUK;CDC7;VRK1;PASK;PRKAB1;CLK4;ACVR2A;MAPK12;CIT;CLK2;CLK1;BCKDK;MELK;RPS6KB2;SIK3;MAPKAPK5;SIK2;PKN1;CSNK1G2;CAMK1G,Rbm24,rmats,1000,GO_Molecular_Function_2023
GTPase Activator Activity (GO:0005096),25/211,0.005547177553258913,2.5936035290874,25.341824503684382,USP6NL;TBC1D9B;FAM13B;NPRL3;ARHGAP1;AGAP1;ARHGAP17;ASAP1;SYDE1;SH3BP1;CHN1;TBC1D14;BRD8;ECT2;DNM1L;EVI5;RANBP3;RALGAPA1;STARD8;TSC2;RP2;SGSM2;RGS12;DEPDC5;DOCK1,Rbm24,rmats,1000,GO_Molecular_Function_2023
Ubiquitin-Like Protein Transferase Activity (GO:0019787),27/240,0.006040832470551433,2.4475341256170116,23.32864823633991,MARCHF2;RNF14;MGRN1;CUL3;KLHL13;ZNRF1;RNF115;ARIH2;MARCHF8;ARIH1;TRIM21;TRIM23;UBE2F;HACE1;FBXW11;HUWE1;CHFR;RNF146;ITCH;TTC3;MDM2;ERCC8;MDM4;BIRC6;BCOR;TRIM11;BIRC2,Rbm24,rmats,1000,GO_Molecular_Function_2023
Methylated Histone Binding (GO:0035064),12/71,0.013908642220446472,3.899197145405888,33.392687444390724,KMT2E;MORC3;ING3;ZZZ3;FMR1;NCAPG2;MTF2;NCAPD3;JMJD7;ZMYND11;ING1;BPTF,Rbm24,rmats,1000,GO_Molecular_Function_2023
GTPase Regulator Activity (GO:0030695),38/424,0.024778821560302772,1.9048506457832883,14.988752696167623,USP6NL;DENND1C;TBC1D9B;FAM13B;DENND5B;ITSN1;NPRL3;ARHGAP1;AGAP1;ARHGAP17;ASAP1;C9ORF72;RCBTB2;GNA13;AKAP13;SYDE1;HERC2;SH3BP1;CHN1;TBC1D14;BRD8;DNM1L;ECT2;EVI5;ANKRD27;PLEKHG2;RANBP3;RALGAPA1;STARD8;TSC2;GAPVD1;RP2;SGSM2;RAB3GAP2;RGS12;DEPDC5;RGL2;DOCK1,Rbm24,rmats,1000,GO_Molecular_Function_2023
Ubiquitin-Protein Transferase Activity (GO:0004842),37/412,0.025450318797991756,1.9082727587400485,14.763598561686129,MARCHF2;RNF14;MGRN1;CUL3;UBR1;KLHL13;UBE2J1;ZNRF1;RNF115;HERC2;RNF215;RNF138;ARIH2;MARCHF8;TRIM26;ARIH1;TRIM21;TRIM23;HACE1;RING1;FBXW11;FBXO17;MSL2;HUWE1;CHFR;RNF146;ITCH;TTC3;MDM2;ERCC8;MDM4;BIRC6;TRIP12;BCOR;RNF185;BIRC2;TRIM11,Rbm24,rmats,1000,GO_Molecular_Function_2023
Protein Phosphorylation (GO:0006468),53/500,6.315423970660425e-4,2.3229106869922442,35.724118277310644,ATF2;CCNT1;STK19;IKBKB;AKT2;CHEK2;STK16;TLK2;TLK1;ERC1;MAP3K7;PDK1;MORC3;TBP;CHUK;STRADA;STRADB;VRK1;PASK;ATG13;PRKAB1;MELK;CREB1;KIT;SIK3;MAPKAPK5;BIRC6;SIK2;CSNK1G2;CAMK1G;USP15;SRC;CLSPN;MARK4;MARK3;MARK2;SRPK2;UVRAG;CDC7;CLK4;PTK2;ACVR2A;MAPK12;CLK2;BCKDK;CLK1;ABI2;TAF8;COQ8B;PKN1;FGFR3;FGFR2;TAF2,Rbm24,rmats,1000,GO_Biological_Process_2023
Mitotic Sister Chromatid Segregation (GO:0000070),20/111,8.399579193734029e-4,4.240636914106302,61.068132850494386,CUL3;AKAP8L;NCAPG2;SPICE1;KIF23;WAPL;EML4;WRAP73;STAG1;PRC1;CHEK2;NUSAP1;KNTC1;KMT5A;NCAPD3;PIBF1;LSM14A;CLASP1;DIS3L2;CLASP2,Rbm24,rmats,1000,GO_Biological_Process_2023
Chromatin Remodeling (GO:0006338),30/228,0.0012709171732153098,2.936894720399875,39.88623414969323,HDAC5;INO80E;KDM5C;USP15;PAXIP1;HP1BP3;CHD6;BAZ2B;CECR2;HPF1;KAT5;MIER1;SMARCAD1;BPTF;KDM6A;SRPK2;SMARCE1;SMARCC2;KDM4C;RING1;KDM2B;PCGF2;ACTR5;ATRX;SIRT2;UCHL5;GATAD2A;MTF2;TRIP12;BCOR,Rbm24,rmats,1000,GO_Biological_Process_2023
DNA Repair (GO:0006281),33/291,0.007667881775255232,2.479040908107068,28.499320131606346,FMR1;PNKP;CIB1;ENDOV;HPF1;KAT5;EME2;CHEK2;NSD2;EP400;RBBP8;PMS2;POLI;KMT5B;MUTYH;UVRAG;SLC30A9;FANCM;ACTR5;XRCC3;ATRX;HUWE1;GTF2H1;RAD23A;FANCE;APTX;INIP;FANCG;RAD52;POLA1;MSH3;ERCC8;MMS19,Rbm24,rmats,1000,GO_Biological_Process_2023
Stress Granule Assembly (GO:0034063),8/24,0.00822351903056282,9.568548387096774,107.19650377013805,TIA1;YTHDF3;FMR1;CIRBP;PRRC2C;UBAP2L;C9ORF72;LSM14A,Rbm24,rmats,1000,GO_Biological_Process_2023
Regulation Of Chromatin Organization (GO:1902275),8/27,0.018092224430558867,8.056451612903226,82.43522646854552,SETD5;KANSL1;PHF20;TLK2;MSL2;TLK1;MKI67;MLLT3,Rbm24,rmats,1000,GO_Biological_Process_2023
Mitotic Spindle Assembly (GO:0090307),10/44,0.021093748066767927,5.634581105169341,55.920710996573675,WRAP73;STAG1;PRC1;CHEK2;SPICE1;KIF23;PIBF1;LSM14A;CLASP1;CLASP2,Rbm24,rmats,1000,GO_Biological_Process_2023
Phosphorylation (GO:0016310),41/429,0.02141793730595915,2.0508153897423216,20.048303056394943,PANK2;DGKD;CCNT1;STK19;IKBKB;RPTOR;CHEK2;TLK2;TLK1;MARK4;MARK3;MARK2;PDK1;SRPK2;UVRAG;MORC3;TBP;CHUK;SPHK2;STRADA;STRADB;VRK1;PASK;ATG13;PRKAB1;PTK2;ACVR2A;CLK2;BCKDK;MELK;CREB1;SIK3;PI4KA;TAF8;COQ8B;BIRC6;PKN1;SIK2;DGKK;CSNK1G2;TAF2,Rbm24,rmats,1000,GO_Biological_Process_2023
Protein Ubiquitination (GO:0016567),41/434,0.022810650782756157,2.0241796612777834,19.264713920981855,MARCHF2;CBFB;RNF14;MGRN1;CUL3;UBR1;AMBRA1;KLHL13;DDA1;UBE2J1;ANKRD9;RNF115;HERC2;TNKS2;RNF138;RUSC1;ARIH2;MARCHF8;TRIM26;ARIH1;TRIM21;TRIM23;HACE1;ARRDC1;FBXW11;MSL2;HUWE1;FANCE;FANCG;CHFR;RNF146;UBOX5;ITCH;MDM2;ERCC8;MDM4;BIRC6;TRIP12;RNF185;BIRC2;TRIM11,Rbm24,rmats,1000,GO_Biological_Process_2023
Regulation Of DNA Repair (GO:0006282),18/129,0.022810650782756157,3.119227170143667,29.600309698860368,SMARCE1;INO80E;SMARCC2;TMEM161A;MEAF6;EYA2;ACTR5;UCHL5;RAD52;ING3;KAT5;PPP4R2;TADA3;EP400;USP1;TRIP12;BRD8;TAF2,Rbm24,rmats,1000,GO_Biological_Process_2023
Vesicle-Mediated Transport (GO:0016192),39/411,0.025253377868345965,2.0321909301466885,18.72761056274007,USP6NL;DENND1C;ZFYVE9;MGRN1;STX16;GOSR2;ITSN1;ARHGAP1;C9ORF72;AP3M1;CECR2;GOLGA4;HMGXB4;AP5M1;AP1G1;FHIP1B;CPNE1;ANKFY1;ATP6V1H;RAB11FIP3;TRIM23;RAB2B;UVRAG;STX8;EXOC6B;TSC2;SCRIB;EPS15L1;EPN1;EPN2;BIN3;HOOK2;BIN1;DNAJC5;RAB13;SPIRE1;VPS45;OSBPL1A;CSNK1G2,Rbm24,rmats,1000,GO_Biological_Process_2023
Internal Peptidyl-Lysine Acetylation (GO:0018393),9/39,0.025253377868345965,5.74268415741675,52.741590235370246,BAG6;ATAT1;PHF20L1;ING3;MEAF6;KAT5;TADA3;EP400;BRD8,Rbm24,rmats,1000,GO_Biological_Process_2023
DNA Damage Response (GO:0006974),37/384,0.025253377868345965,2.0653547242197625,18.84746212854608,ATF2;FMR1;PNKP;HTRA2;CIB1;RPTOR;ENDOV;HPF1;HERC2;KAT5;CHEK2;EP400;TLK2;RBBP8;POLI;KMT5B;BID;MAP2K6;MUTYH;UVRAG;SLF2;DDX11;XRCC3;ATRX;GTF2H1;VRK1;ZDHHC16;USP28;INIP;FANCG;MAPK12;POLA1;MSH3;ERCC8;MMS19;TRIP12;FLYWCH1,Rbm24,rmats,1000,GO_Biological_Process_2023
DNA Metabolic Process (GO:0006259),30/288,0.02630847280922749,2.246703428434428,20.243906932983958,INO80E;FMR1;PNKP;ENDOV;HPF1;CBS;EP400;RBBP8;SMARCAD1;POLI;KMT5B;MUTYH;TOP3B;UVRAG;TCF7L2;ACTR5;XRCC3;TOP3A;ATRX;REV1;LTO1;GTF2H1;TERF2;UCHL5;INIP;FANCG;RAD52;POLA1;MSH3;MMS19,Rbm24,rmats,1000,GO_Biological_Process_2023
Protein Polyubiquitination (GO:0000209),25/226,0.03257337196022053,2.3981375175405026,20.778136996127365,CBFB;RNF14;CUL3;UBE2J1;DDA1;ZNRF1;RNF115;TNKS2;RUSC1;ARIH2;MARCHF8;ARIH1;TRIM21;HACE1;FBXW11;HUWE1;RNF146;ITCH;UBOX5;TTC3;MDM2;ERCC8;TRIP12;RNF185;BIRC2,Rbm24,rmats,1000,GO_Biological_Process_2023
Protein Modification Process (GO:0036211),58/711,0.03257337196022053,1.7299317538195427,14.987018345085577,SETD3;CCNT1;STK19;CDC14B;IKBKB;PPP4R2;AKT2;CHEK2;TLK2;TLK1;ILKAP;PDK1;MORC3;PPP1R12A;TBP;CHUK;STRADA;FBXW11;STRADB;PPP2R5B;ALG3;VRK1;PASK;JMJD7;ATG13;PRKAB1;MELK;CREB1;SIK3;BIRC6;SIK2;CSNK1G2;MEAF6;PPM1M;FUT10;PORCN;ST3GAL5;MARK4;ATG7;MARK3;MARK2;ST3GAL3;B3GALNT2;SRPK2;UBE2F;UVRAG;PTPN1;ICMT;PTPN12;PTPN13;PTK2;ACVR2A;CLK2;BCKDK;TAF8;COQ8B;PKN1;TAF2,Rbm24,rmats,1000,GO_Biological_Process_2023
Cilium Organization (GO:0044782),25/228,0.0347552234037743,2.374257925982064,20.243752973628144,C2CD3;DYNLT2B;CEP164;ASAP1;CDC14B;ABLIM1;TBC1D31;ARL13B;KIF3A;WDR90;TOGARAM1;TRAPPC14;MAP4;MARK4;IFT57;PIBF1;RAB8B;RFX3;IFT122;CPLANE1;ATAT1;IFT81;RP2;MKS1;CEP20,Rbm24,rmats,1000,GO_Biological_Process_2023
Regulation Of Cell Cycle (GO:0051726),30/298,0.0347552234037743,2.1617171872595784,18.177969214790657,INO80E;MEAF6;HTRA2;ING3;KAT5;AKT2;FIGNL1;EP400;RPRD1B;BRD8;MARK4;TRIM21;MAP2K6;PHACTR4;SRPK2;NEK9;ACTR5;TSC2;RAD23A;PUM1;SIRT2;UCHL5;MAPK12;ZZZ3;BIN1;TADA3;MDM2;NF2;FGFR2;BIRC2,Rbm24,rmats,1000,GO_Biological_Process_2023
Regulation Of Embryonic Development (GO:0045995),11/62,0.0347552234037743,4.1324966791570015,34.707882802887966,BAG6;INO80E;ZZZ3;ACTR5;TADA3;DAG1;TRIP12;PHLDB2;UCHL5;CLASP1;CLASP2,Rbm24,rmats,1000,GO_Biological_Process_2023
Regulation Of Cell Division (GO:0051302),13/83,0.0347552234037743,3.5618758141554494,29.832062957924826,UVRAG;CIB1;KLHL13;MLLT3;SIRT2;ZZZ3;PRC1;CSPP1;TADA3;BIRC6;ENTR1;RAB11FIP3;FGFR2,Rbm24,rmats,1000,GO_Biological_Process_2023
Positive Regulation Of Double-Strand Break Repair (GO:2000781),13/84,0.03570435870266219,3.5115230389428773,28.981699990889492,SMARCE1;SMARCC2;SLF2;MEAF6;DDX11;PNKP;ING3;KAT5;EP400;SPIRE1;KMT5B;MMS19;BRD8,Rbm24,rmats,1000,GO_Biological_Process_2023
Positive Regulation Of Cell Cycle Process (GO:0090068),16/118,0.03570435870266219,3.012593655348318,24.86331737694636,DDX11;CUL3;XRCC3;NCAPG2;ATRX;WIZ;CDC7;KIF23;SIRT2;CDC14B;CIT;CSPP1;NUSAP1;SASS6;NCAPD3;ECT2,Rbm24,rmats,1000,GO_Biological_Process_2023
Intracellular Membrane-Bounded Organelle (GO:0043231),355/5175,9.097097231608069e-10,1.6191900672263502,42.89987307043948,PANK4;ATF2;PANK2;HDAC10;ZFYVE9;ITSN1;DCAF8;ENO1;RBPJ;MKI67;HERC2;PPP4R2;KAT5;AKT2;CHEK2;CPNE1;DAG1;ANKFY1;UBAP2L;TRIM21;MED1;ESCO1;DDX11;DNTTIP1;CIRBP;RFX3;RFX1;ARMC8;PASK;JMJD7;ISL1;PRKAB1;MED7;NISCH;BIN1;AKAP9;NSMF;SIK2;PAXIP1;MEAF6;SRCAP;DCUN1D1;DCUN1D2;BAZ2B;C9ORF72;UBE2J1;MTDH;FXR1;DHX30;RAB11FIP1;PCBP3;FIGNL1;MIER1;DPH3;VTI1A;PIP5K1A;RAB11FIP3;LYAR;SEC31A;CTSA;SRPK2;ZRANB1;HACE1;TIPARP;DDIAS;STK11IP;XRCC3;INTS2;UPF3B;TMEM192;CDC7;MEMO1;NTAN1;PRDX6;PTK2;WAPL;MLLT10;POLA1;STAG1;GOLGB1;GTF2IRD1;MMS19;RNPS1;PKIG;DENND1C;PHF3;CEP57;RPAIN;SETD5;SLC35F6;SETD6;NCAPG2;TDRP;ZBTB8OS;MED15;ING1;SMG6;MED14;ING3;ZMYM2;ARIH2;CTSH;UBXN7;ARIH1;GABPA;APPL1;TOP3B;GRIPAP1;WDR37;RING1;SPHK2;STRADA;PABPC4;STRADB;TOP3A;TFE3;KIF23;TERF2;SIRT2;UCHL5;SIRT3;MED22;GCFC2;AFTPH;NCOR1;MTF2;ALDOA;SLU7;STX16;CIPC;AKAP8;CENPA;ECPAS;GGA1;ARVCF;FAM172A;RNF138;NSD2;USP1;PMS2;BRD8;TBL1X;APBB3;SRSF11;NKTR;EVC2;CASP8AP2;SLF2;RANBP3;ATAD5;PCGF5;PCGF2;HUWE1;APTX;GATAD2A;RNF146;SEC23IP;ITCH;TTC3;TRIP12;PKN1;SCARB1;DBR1;DGKD;CCNT1;FMR1;PRDM5;CTNND1;FAM107A;UBP1;STK19;PRDM2;CIB1;VIRMA;CDC14B;RBMX2;PAPOLA;SMARCAD1;KMT5B;KNTC1;TRAPPC14;KMT5A;MAP3K7;NEPRO;GTF2I;MORC3;SLC30A9;BORA;TLE1;KDM2B;FBXW11;RALGAPA1;PUS1;IPMK;TSC2;VRK1;CFAP410;THOC7;INIP;MOB3A;ALDH3A2;MSH3;MAPKAPK5;WDFY2;GEMIN8;CSNK1G2;KMT2E;ANKRD16;CUL3;PSEN2;HTRA2;GPATCH2L;BAG6;SBNO1;YBEY;SAFB2;CAMTA1;TBC1D14;RPRD1B;CLSPN;ECT2;PIBF1;BPTF;UBE2F;OSBPL9;TIA1;CPSF7;ANKRD27;POU2F1;BRPF3;CCDC137;LTO1;RFXANK;DNAJC13;MACO1;FANCE;CLK4;AZIN1;CLK2;LSM2;CLK1;UBOX5;DAB2;DLG1;HOOK2;CNOT2;TADA3;MDM2;MDM4;TCF4;NF2;OSBPL1A;MYD88;FGFR2;MDM1;EIF4G1;DIDO1;KDM5C;RNF14;AKAP8L;HP1BP3;CEP164;DDX42;CHD6;UFSP2;RESF1;SENP6;HPF1;AP1G1;PPP6R3;TLK2;TLK1;DNM1L;YAF2;RBM5;ILKAP;KDM6A;SUN1;TBP;DST;ACTR5;ATRX;MSL2;PPP2R5B;RAD23A;TRNAU1AP;ETV4;PTBP2;EPN2;SENP1;ELF2;CREB1;PKM;TFDP2;DNAJC5;SPOPL;BIRC6;DNAJC8;ZMYND11;GAPDH;BIRC2;ITGB3BP;HDAC5;RBM47;KDM3A;USP15;MVK;PPM1M;MGRN1;NAA20;WBP2;PNKP;MOSPD1;WIZ;AMBRA1;MLLT3;CLCN3;UACA;GNA13;CECR2;ZNRF1;SH3BP1;TNKS2;CBS;FAM241B;RSBN1L;RBBP8;DRAM2;MUTYH;SMARCE1;TCF7L2;TAF15;KDM4C;EYA2;SMOX;SWT1;TPRKB;EXOG;PTPN12;MCOLN1;PTPN13;USP28;CHFR;MAPK12;RAD52;KANSL1;PRC1;DOLPP1;TAF8;ERCC8;NAA16;RGS12;BCOR;TAF2;SSBP4,Rbm24,rmats,1000,GO_Cellular_Component_2023
Nucleus (GO:0005634),306/4487,7.720780868504491e-8,1.5627902264050284,33.38178037201128,PANK4;ATF2;PANK2;HDAC10;DCAF8;ENO1;RBPJ;MKI67;HERC2;PPP4R2;KAT5;AKT2;CHEK2;CPNE1;UBAP2L;TRIM21;MED1;ESCO1;DDX11;DNTTIP1;CIRBP;RFX3;ARMC8;PASK;JMJD7;ISL1;PRKAB1;MED7;BIN1;NSMF;SIK2;PAXIP1;MEAF6;SRCAP;DCUN1D1;DCUN1D2;BAZ2B;C9ORF72;UBE2J1;MTDH;FXR1;DHX30;PCBP3;FIGNL1;MIER1;DPH3;PIP5K1A;LYAR;SRPK2;ZRANB1;HACE1;TIPARP;DDIAS;XRCC3;INTS2;UPF3B;TMEM192;CDC7;MEMO1;NTAN1;PRDX6;PTK2;WAPL;MLLT10;POLA1;STAG1;GTF2IRD1;MMS19;RNPS1;PKIG;PHF3;CEP57;RPAIN;SETD5;SETD6;NCAPG2;TDRP;ZBTB8OS;MED15;ING1;SMG6;MED14;ING3;ZMYM2;ARIH2;UBXN7;ARIH1;GABPA;APPL1;TOP3B;WDR37;RING1;SPHK2;STRADA;PABPC4;STRADB;TOP3A;TFE3;KIF23;TERF2;SIRT2;UCHL5;SIRT3;MED22;GCFC2;NCOR1;MTF2;ALDOA;SLU7;CIPC;AKAP8;CENPA;ECPAS;ARVCF;FAM172A;RNF138;NSD2;USP1;PMS2;BRD8;TBL1X;APBB3;SRSF11;NKTR;EVC2;CASP8AP2;SLF2;RANBP3;ATAD5;PCGF5;PCGF2;HUWE1;APTX;GATAD2A;RNF146;TTC3;TRIP12;PKN1;DBR1;DGKD;CCNT1;FMR1;PRDM5;CTNND1;FAM107A;UBP1;STK19;PRDM2;CIB1;VIRMA;CDC14B;RBMX2;PAPOLA;SMARCAD1;KMT5B;KNTC1;KMT5A;MAP3K7;NEPRO;GTF2I;MORC3;SLC30A9;BORA;TLE1;KDM2B;FBXW11;RALGAPA1;PUS1;IPMK;TSC2;VRK1;THOC7;INIP;MOB3A;MSH3;MAPKAPK5;GEMIN8;CSNK1G2;KMT2E;ANKRD16;CUL3;PSEN2;HTRA2;GPATCH2L;BAG6;SBNO1;YBEY;SAFB2;CAMTA1;RPRD1B;CLSPN;ECT2;PIBF1;BPTF;UBE2F;TIA1;CPSF7;POU2F1;BRPF3;CCDC137;LTO1;RFXANK;MACO1;FANCE;CLK4;AZIN1;CLK2;LSM2;CLK1;UBOX5;DLG1;CNOT2;TADA3;MDM2;MDM4;TCF4;NF2;MYD88;FGFR2;MDM1;EIF4G1;DIDO1;KDM5C;RNF14;AKAP8L;HP1BP3;DDX42;CHD6;UFSP2;RESF1;SENP6;HPF1;PPP6R3;TLK2;TLK1;YAF2;RBM5;ILKAP;KDM6A;TBP;DST;ACTR5;ATRX;MSL2;PPP2R5B;RAD23A;TRNAU1AP;ETV4;PTBP2;SENP1;ELF2;CREB1;PKM;TFDP2;SPOPL;BIRC6;DNAJC8;ZMYND11;GAPDH;BIRC2;ITGB3BP;HDAC5;RBM47;KDM3A;USP15;PPM1M;MGRN1;NAA20;WBP2;PNKP;MOSPD1;WIZ;AMBRA1;MLLT3;UACA;GNA13;CECR2;SH3BP1;TNKS2;CBS;RSBN1L;RBBP8;MUTYH;SMARCE1;TCF7L2;TAF15;KDM4C;EYA2;SWT1;TPRKB;EXOG;PTPN12;PTPN13;USP28;CHFR;MAPK12;RAD52;KANSL1;PRC1;TAF8;ERCC8;NAA16;RGS12;BCOR;TAF2;SSBP4,Rbm24,rmats,1000,GO_Cellular_Component_2023
Mitotic Spindle (GO:0072686),22/143,2.4327356094157912e-4,3.509760178471835,45.274030322241835,CUL3;CDC7;KIF23;WAPL;HAUS2;SIRT2;CDC14B;EML4;ATAT1;WRAP73;ZZZ3;NCOR1;TFDP2;TADA3;NUSAP1;TRAPPC14;MAP4;TBL1X;ECT2;LSM14A;CLASP1;CLASP2,Rbm24,rmats,1000,GO_Cellular_Component_2023
Spindle (GO:0005819),26/210,0.0011196769139309001,2.72975627176145,29.673222309043947,CUL3;CDC14B;KIF3A;CSPP1;NUSAP1;TRAPPC14;MAP4;TBL1X;ECT2;CLASP1;CLASP2;SPICE1;CDC7;KIF23;WAPL;SIRT2;EML4;ATAT1;WRAP73;ZZZ3;NCOR1;TFDP2;PRC1;TADA3;MMS19;LSM14A,Rbm24,rmats,1000,GO_Cellular_Component_2023
INO80-type Complex (GO:0097346),8/25,0.0011196769139309001,9.005218216318786,97.8149593808557,INO80E;ING3;SRCAP;KAT5;ACTR5;EP400;BRD8;UCHL5,Rbm24,rmats,1000,GO_Cellular_Component_2023
Swr1 Complex (GO:0000812),5/12,0.0088793329149685,13.634601579325198,117.38060104686151,ING3;KAT5;SRCAP;EP400;BRD8,Rbm24,rmats,1000,GO_Cellular_Component_2023
trans-Golgi Network (GO:0005802),25/241,0.01927234381137489,2.2298195631528963,17.124853312467682,USP6NL;PI4K2B;STX16;PCSK7;ATP2C1;ECPAS;TEPSIN;GGA1;GOLGA4;AP1G1;VTI1A;ARFIP1;PLEKHJ1;CLASP2;STX8;COG2;TRAPPC9;PHETA1;TJAP1;HOOK2;SLC9A8;RAB13;RELCH;BIRC6;LGR5,Rbm24,rmats,1000,GO_Cellular_Component_2023
Nuclear Chromosome (GO:0000228),13/95,0.031963197632605925,3.0386981985321375,21.393901102400164,SMARCE1;INO80E;SRCAP;ACTR5;NCAPG2;UCHL5;ING3;KAT5;FIGNL1;EP400;RGS12;BRD8;NCAPD3,Rbm24,rmats,1000,GO_Cellular_Component_2023
Cytoplasmic Stress Granule (GO:0010494),11/76,0.043566814194610747,3.240024889165435,21.426248257441664,RPTOR;FXR1;TIA1;YTHDF3;FMR1;PABPC4;CIRBP;PUM1;C9ORF72;LSM14A;EIF4G1,Rbm24,rmats,1000,GO_Cellular_Component_2023
Early Endosome (GO:0005769),28/307,0.048015535943144755,1.93293213564022,12.390866933416834,PI4K2B;ZFYVE9;MGRN1;SNX13;CLCN3;ECPAS;GGA1;AP3M1;RUSC1;AP1G1;RPS6KC1;MARCHF8;ANKFY1;ENTR1;APPL1;PLEKHJ1;UVRAG;PTPN1;MON2;ANKRD27;MMGT1;STX8;DNAJC13;PHETA1;ITCH;WDFY2;NF2;ATP13A3,Rbm24,rmats,1000,GO_Cellular_Component_2023
Heart Development WP2067,9/44,0.011854060557803326,5.744661654135339,53.440400131273336,SMAD1;SHH;NOTCH1;FGF8;FOXH1;GATA6;GATA4;NFATC1;PITX2,Rpl22l1,deg,864,WikiPathways_2024_Mouse
mRNA Processing WP310,50/444,2.2877862541654747e-5,2.4080564960619713,37.50714135130917,EIF4A2;RBM25;FMR1;MSI1;BRCA1;TIAL1;RBM4;SART3;RBM34;DIS3L2;ILKAP;RBM6;RBM18;PRPF40B;SLTM;HNRNPH1;RBMS1;SRSF4;HNRNPH2;SREK1;EIF4E2;SLU7;RBM47;STAU1;POLDIP3;RNASET2B;FXR1;SBNO1;HNRNPDL;PCBP3;PCBP2;SAFB2;RALY;ZFP740;SRPK2;RBM39;TIA1;MYEF2;RBPMS;RSRC2;LSM4;CLK4;DNAJC17;LSM2;SRPK1;CLK2;CLK1;HNRNPM;ACIN1;SUGP2,Rpl22l1,rmats,1029,WikiPathways_2024_Mouse
EGFR1 Signaling Pathway WP572,22/175,0.0065019578167470294,2.6870468809834427,24.809111254467073,USP6NL;HIP1;SRC;CTNND1;INPPL1;HTT;RFXANK;EPS15L1;PTPN12;CBL;PRKCZ;EPN1;ITCH;CREB1;GRB14;TNIP1;RPS6KA2;ABI1;NCK2;EPS15;GIT1;APPL1,Rpl22l1,rmats,1029,WikiPathways_2024_Mouse
Insulin Signaling WP65,20/159,0.00876416244068368,2.685471048334771,22.903902306924248,PTPN1;PRKAA1;PRKCD;INPPL1;TSC2;PIK3C2A;CBL;PRKCZ;MAPK12;GRB14;KIF3A;RPS6KA2;AKT2;RPS6KB2;FLOT1;MAP4K5;MAP3K7;PFKM;MAP2K6;MAP3K12,Rpl22l1,rmats,1029,WikiPathways_2024_Mouse
Mitochondrial Gene Expression WP1263,6/19,0.009243192630916594,8.55312429505978,70.03232054820435,PPP3CA;MYEF2;CREB1;MTERF3;NRF1;GABPA,Rpl22l1,rmats,1029,WikiPathways_2024_Mouse
Signaling By Rho GTPases R-HSA-194315,63/644,7.019908906152218e-4,2.0642819726109405,29.129141648149005,FAM13B;ITSN1;FAF2;DOCK7;ARHGDIG;OSBPL11;LRRC1;AKAP12;NCK2;FLOT1;ANKFY1;GIT1;TMPO;NDEL1;DST;STARD8;PRKCD;PPP2R5B;FRS2;KCTD3;PPP2R5C;DHDDS;MYL6;CTTN;PHIP;EVL;ITGB3BP;GARRE1;ARHGEF26;ROCK2;SRC;ARHGAP17;KLC1;PRKCZ;ARHGAP12;ABR;RACGAP1;FLNA;PLXNA1;CLASP1;CLASP2;CENPT;GIT2;JAG1;LIMK2;MACO1;PTPN13;PTK2;KTN1;WDR11;VANGL1;ANLN;CCDC88A;VANGL2;FMNL2;KANSL1;SHKBP1;DLG5;ABI1;CENPL;PLXNB1;NF2;PICALM,Rpl22l1,rmats,1029,Reactome_2022
Cell Cycle R-HSA-1640170,63/654,7.019908906152218e-4,2.028249834473626,27.55852335938539,CEP57;CEP164;HJURP;BRCA1;PCM1;MIS18BP1;AKT2;PPP6R3;EP300;KMT5A;BTRC;POLE;CDK5RAP2;TMPO;NDEL1;SUN1;ESCO1;FBXW11;ATRX;PPP2R5B;VRK1;PPP2R5C;EML4;TFDP2;NME7;AKAP9;UBE2V2;CEP63;ITGB3BP;MCPH1;BLM;PSMD14;SRC;PRIM1;PDS5A;SYCE2;NSD2;PSMF1;E2F6;LCMT1;CLASP1;CEP78;CLASP2;PLK4;CENPT;NEK9;ACD;UBE2I;CENPX;NUP155;ODF2;CDC7;RAD50;WEE1;KANSL1;CDK2;CENPL;MDM2;CHMP2A;NUP35;MDM4;NCAPD3;RAD9A,Rpl22l1,rmats,1029,Reactome_2022
"Signaling By Rho GTPases, Miro GTPases And RHOBTB3 R-HSA-9716542",63/660,7.019908906152218e-4,2.0072099628577673,26.657743566089927,FAM13B;ITSN1;FAF2;DOCK7;ARHGDIG;OSBPL11;LRRC1;AKAP12;NCK2;FLOT1;ANKFY1;GIT1;TMPO;NDEL1;DST;STARD8;PRKCD;PPP2R5B;FRS2;KCTD3;PPP2R5C;DHDDS;MYL6;CTTN;PHIP;EVL;ITGB3BP;GARRE1;ARHGEF26;ROCK2;SRC;ARHGAP17;KLC1;PRKCZ;ARHGAP12;ABR;RACGAP1;FLNA;PLXNA1;CLASP1;CLASP2;CENPT;GIT2;JAG1;LIMK2;MACO1;PTPN13;PTK2;KTN1;WDR11;VANGL1;ANLN;CCDC88A;VANGL2;FMNL2;KANSL1;SHKBP1;DLG5;ABI1;CENPL;PLXNB1;NF2;PICALM,Rpl22l1,rmats,1029,Reactome_2022
Mitochondrial tRNA Aminoacylation R-HSA-379726,8/21,0.0013644430240293771,11.426504934830106,138.73601480658473,RARS2;AARS2;SARS2;PPA2;NARS2;DARS2;TARS2;FARS2,Rpl22l1,rmats,1029,Reactome_2022
Organelle Biogenesis And Maintenance R-HSA-1852241,33/275,0.0013644430240293771,2.56421139101862,31.041284764118892,CEP57;CRTC2;C2CD3;CEP164;NRF1;PCM1;KIF3A;NPHP1;RAB11FIP3;GABPA;CLASP1;CDK5RAP2;CEP78;DMAC2L;PLK4;IQCB1;ODF2;SMOX;IFT122;PRKAB1;LZTFL1;MAPK12;SIRT3;ATAT1;NCOR1;CREB1;IFT81;TMEM11;AKAP9;MKS1;B9D1;CEP63;CEP89,Rpl22l1,rmats,1029,Reactome_2022
Membrane Trafficking R-HSA-199991,56/599,0.002435399616268271,1.953230785537316,22.15725696929799,USP6NL;APP;MCFD2;HIP1;ITSN1;GCC2;MIA3;PIK3C2A;CLINT1;KIF15;AKT2;PPP6R3;CTSC;SH3D19;RAB8B;DENND2A;VPS37C;TSC2;VPS37A;EPS15L1;PRKAB1;ARFGAP1;EPN1;EPN2;CTTN;TBC1D20;NAA35;SRC;DCTN4;GOSR2;PLA2G6;KLC1;CBL;AGPAT3;ARFRP1;GGA1;RACGAP1;KIF3A;TBC1D14;PIP5K1C;EPS15;SEC31A;SEC16A;GALNT1;TRAPPC8;TRAPPC9;AP2B1;SEC23IP;KIF18B;GOLGB1;CHMP2A;RAB3GAP2;COPG2;VPS45;SEC24C;PICALM,Rpl22l1,rmats,1029,Reactome_2022
RHO GTPase Cycle R-HSA-9012999,44/441,0.0037888210567461646,2.089928269125037,22.46214449020824,FAM13B;GARRE1;ARHGEF26;ROCK2;SRC;ITSN1;FAF2;DOCK7;ARHGDIG;ARHGAP17;OSBPL11;LRRC1;ARHGAP12;AKAP12;ABR;RACGAP1;NCK2;FLOT1;ANKFY1;PLXNA1;GIT1;TMPO;GIT2;JAG1;DST;STARD8;FRS2;MACO1;KCTD3;PTPN13;KTN1;WDR11;DHDDS;VANGL1;ANLN;CCDC88A;VANGL2;FMNL2;SHKBP1;DLG5;ABI1;PHIP;PLXNB1;PICALM,Rpl22l1,rmats,1029,Reactome_2022
Anchoring Of Basal Body To Plasma Membrane R-HSA-5620912,16/97,0.005159276166903012,3.683472877286632,37.96015368517237,PLK4;CEP57;IQCB1;C2CD3;ODF2;CEP164;PCM1;AKAP9;NPHP1;MKS1;B9D1;CEP63;CLASP1;CDK5RAP2;CEP78;CEP89,Rpl22l1,rmats,1029,Reactome_2022
Vesicle-mediated Transport R-HSA-5653656,56/637,0.009074606084476102,1.8217164650379525,17.530499477049908,USP6NL;APP;MCFD2;HIP1;ITSN1;GCC2;MIA3;PIK3C2A;CLINT1;KIF15;AKT2;PPP6R3;CTSC;SH3D19;RAB8B;DENND2A;VPS37C;TSC2;VPS37A;EPS15L1;PRKAB1;ARFGAP1;EPN1;EPN2;CTTN;TBC1D20;NAA35;SRC;DCTN4;GOSR2;PLA2G6;KLC1;CBL;AGPAT3;ARFRP1;GGA1;RACGAP1;KIF3A;TBC1D14;PIP5K1C;EPS15;SEC31A;SEC16A;GALNT1;TRAPPC8;TRAPPC9;AP2B1;SEC23IP;KIF18B;GOLGB1;CHMP2A;RAB3GAP2;COPG2;VPS45;SEC24C;PICALM,Rpl22l1,rmats,1029,Reactome_2022
Cilium Assembly R-HSA-5617833,23/186,0.010923871522465706,2.638061203332154,24.619009594615438,PLK4;CEP57;IQCB1;C2CD3;ODF2;SMOX;CEP164;IFT122;LZTFL1;ATAT1;PCM1;IFT81;KIF3A;AKAP9;NPHP1;MKS1;B9D1;CEP63;RAB11FIP3;CLASP1;CDK5RAP2;CEP78;CEP89,Rpl22l1,rmats,1029,Reactome_2022
DNA Repair R-HSA-73894,32/310,0.015244635837665109,2.15818679058759,19.035681144338483,BLM;PAXIP1;PNKP;BRCA1;NSD2;USP1;PMS2;EP300;POLI;POLE;RNF111;MUTYH;ACD;KDM4B;UBE2I;CENPX;EYA2;EYA3;XRCC3;REV1;FANCA;RAD23A;PALB2;FANCG;RAD51D;RAD50;FANCD2;CDK2;UBE2V2;DTL;RAD18;RAD9A,Rpl22l1,rmats,1029,Reactome_2022
"Cell Cycle, Mitotic R-HSA-69278",47/523,0.015244635837665109,1.859660870458163,16.365962825317684,CEP57;PSMD14;SRC;PRIM1;CEP164;PDS5A;PCM1;AKT2;EP300;PSMF1;KMT5A;BTRC;E2F6;LCMT1;POLE;CLASP1;CDK5RAP2;CEP78;TMPO;NDEL1;CLASP2;PLK4;CENPT;NEK9;UBE2I;ESCO1;NUP155;ODF2;FBXW11;PPP2R5B;CDC7;VRK1;PPP2R5C;EML4;WEE1;TFDP2;KANSL1;NME7;CDK2;AKAP9;CENPL;CHMP2A;NUP35;CEP63;NCAPD3;ITGB3BP;MCPH1,Rpl22l1,rmats,1029,Reactome_2022
Regulation Of TP53 Activity R-HSA-5633007,20/157,0.015244635837665109,2.7249643717491483,23.711515108418816,BLM;PRKAA1;TBP;MAPKAP1;BRCA1;PPP2R5C;PRKAB1;GATAD2A;RAD50;TTC5;AKT2;CDK2;MDM2;EP300;MDM4;KMT5A;RFFL;BANP;MAP2K6;RAD9A,Rpl22l1,rmats,1029,Reactome_2022
Transcriptional Regulation By TP53 R-HSA-3700989,35/354,0.015244635837665109,2.058810543511855,17.834418458949045,COX19;BLM;PRKAA1;MAPKAP1;COX18;BRCA1;AKT2;PMS2;EP300;NELFB;KMT5A;BID;RFFL;BANP;MAP2K6;SURF1;TBP;TSC2;CNOT10;PPP2R5C;RABGGTB;PRKAB1;GATAD2A;RAD51D;RAD50;TFDP2;RRAGB;TTC5;FANCD2;CNOT2;CDK2;MDM2;MDM4;TNRC6A;RAD9A,Rpl22l1,rmats,1029,Reactome_2022
Mitotic Prometaphase R-HSA-68877,22/186,0.01959547719116989,2.5053527744810715,20.900711351982924,PLK4;CEP57;CENPT;NEK9;ODF2;CEP164;PPP2R5B;PPP2R5C;PDS5A;EML4;PCM1;KANSL1;NME7;AKAP9;CENPL;CEP63;ITGB3BP;CLASP1;CDK5RAP2;CEP78;NDEL1;CLASP2,Rpl22l1,rmats,1029,Reactome_2022
Constitutive Signaling By AKT1 E17K In Cancer R-HSA-5674400,7/26,0.02002221605805824,6.832011535688537,56.40741218061345,CREB1;CHUK;MAPKAP1;AKT2;RPS6KB2;MDM2;TSC2,Rpl22l1,rmats,1029,Reactome_2022
Antigen Processing: Ubiquitination And Proteasome Degradation R-HSA-983168,30/307,0.04303281515257521,2.026647586214373,15.059197768781251,CUL5;PSMD14;RNF14;MGRN1;LTN1;RNF19B;UBE3A;UBR1;UBE2J1;FBXL20;RNF138;PSMF1;BTRC;RNF111;UBE2F;UBE2H;AREL1;FBXW5;FBXW11;RNF25;WWP1;UBAC1;TRAF7;ITCH;UBOX5;UBE2V2;UBA3;TRIP12;RBCK1;TRIM11,Rpl22l1,rmats,1029,Reactome_2022
Diseases Of Signal Transduction By Growth Factor Receptors And Second Messengers R-HSA-5663202,38/424,0.04506613283887076,1.8462274459775283,13.527804570555547,KANK1;HIP1;PSMD14;SRC;MAPKAP1;CCNC;GCC2;RBPJ;KLC1;CBL;FXR1;PORCN;FGF8;ZMYM2;MPRIP;FIP1L1;AKT2;FGFR1OP2;EP300;PSMF1;LRRFIP1;SEC31A;TCF7L2;JAG1;CHUK;PPP2R5B;TSC2;FRS2;PTPN12;PPP2R5C;EML4;NCOR1;CREB1;GOLGB1;AKAP9;RPS6KB2;MDM2;FGFR2,Rpl22l1,rmats,1029,Reactome_2022
Cell Cycle,63/649,0.0010690941921216517,2.0461121828164415,28.332745438184652,CEP57;CEP164;HJURP;BRCA1;PCM1;MIS18BP1;AKT2;PPP6R3;EP300;KMT5A;BTRC;POLE;CDK5RAP2;TMPO;NDEL1;SUN1;ESCO1;FBXW11;ATRX;PPP2R5B;VRK1;PPP2R5C;EML4;TFDP2;NME7;AKAP9;UBE2V2;CEP63;ITGB3BP;MCPH1;BLM;PSMD14;SRC;PRIM1;PDS5A;SYCE2;ORC1;NSD2;E2F6;LCMT1;CLASP1;CEP78;CLASP2;PLK4;CENPT;NEK9;ACD;UBE2I;NUP155;ODF2;CDC7;RAD50;STAG1;WEE1;CDK2;CENPL;MDM2;CHMP2A;NUP35;MDM4;RAD1;NCAPD3;RAD9A,Rpl22l1,rmats,1029,Reactome_Pathways_2024
Signaling by Rho GTPases,64/672,0.0010690941921216517,2.003054267793837,26.829238241058665,FAM13B;ITSN1;FAF2;DOCK7;ARHGDIG;OSBPL11;LRRC1;AKAP12;NCK2;FLOT1;ANKFY1;GIT1;TMPO;NDEL1;DST;STARD8;PRKCD;PPP2R5B;FRS2;KCTD3;PPP2R5C;CIT;MYL6;CTTN;PHIP;EVL;ITGB3BP;GARRE1;ARHGEF26;ROCK2;SRC;ARHGAP19;ARHGAP17;KLC1;PRKCZ;ARHGAP12;ABR;RACGAP1;CHN1;FLNA;PLXNA1;CLASP1;CLASP2;CENPT;GIT2;JAG1;LIMK2;MACO1;PTPN13;PTK2;KTN1;WDR11;VANGL1;ANLN;CCDC88A;VANGL2;FMNL2;SHKBP1;DLG5;ABI1;CENPL;PLXNB1;NF2;PICALM,Rpl22l1,rmats,1029,Reactome_Pathways_2024
"Signaling by Rho GTPases, Miro GTPases and RHOBTB3",64/688,0.0014964396639397788,1.9499933572472432,24.586444658859055,FAM13B;ITSN1;FAF2;DOCK7;ARHGDIG;OSBPL11;LRRC1;AKAP12;NCK2;FLOT1;ANKFY1;GIT1;TMPO;NDEL1;DST;STARD8;PRKCD;PPP2R5B;FRS2;KCTD3;PPP2R5C;CIT;MYL6;CTTN;PHIP;EVL;ITGB3BP;GARRE1;ARHGEF26;ROCK2;SRC;ARHGAP19;ARHGAP17;KLC1;PRKCZ;ARHGAP12;ABR;RACGAP1;CHN1;FLNA;PLXNA1;CLASP1;CLASP2;CENPT;GIT2;JAG1;LIMK2;MACO1;PTPN13;PTK2;KTN1;WDR11;VANGL1;ANLN;CCDC88A;VANGL2;FMNL2;SHKBP1;DLG5;ABI1;CENPL;PLXNB1;NF2;PICALM,Rpl22l1,rmats,1029,Reactome_Pathways_2024
Organelle Biogenesis and Maintenance,35/297,0.0014964396639397788,2.51438017417482,31.027225544452403,CEP57;ATF2;CRTC2;C2CD3;CEP164;NRF1;PCM1;KIF3A;TGS1;NPHP1;RAB11FIP3;GABPA;CLASP1;CDK5RAP2;CEP78;DMAC2L;PLK4;IQCB1;ODF2;IFT122;PRKAB1;LZTFL1;MAPK12;SIRT3;ATAT1;NCOR1;CREB1;IFT81;TMEM11;RP2;AKAP9;MKS1;B9D1;CEP63;CEP89,Rpl22l1,rmats,1029,Reactome_Pathways_2024
Mitochondrial tRNA Aminoacylation,8/21,0.0014964396639397788,11.426504934830106,138.73601480658473,RARS2;AARS2;SARS2;PPA2;NARS2;DARS2;TARS2;FARS2,Rpl22l1,rmats,1029,Reactome_Pathways_2024
RHO GTPase Cycle,46/450,0.0017570503616535591,2.1506249811145914,25.374637929713202,FAM13B;GARRE1;ARHGEF26;ROCK2;SRC;ITSN1;FAF2;DOCK7;ARHGDIG;ARHGAP19;ARHGAP17;OSBPL11;LRRC1;ARHGAP12;AKAP12;ABR;RACGAP1;CHN1;NCK2;FLOT1;ANKFY1;PLXNA1;GIT1;TMPO;GIT2;JAG1;DST;STARD8;FRS2;MACO1;KCTD3;PTPN13;CIT;KTN1;WDR11;VANGL1;ANLN;CCDC88A;VANGL2;FMNL2;SHKBP1;DLG5;ABI1;PHIP;PLXNB1;PICALM,Rpl22l1,rmats,1029,Reactome_Pathways_2024
Membrane Trafficking,58/633,0.0030184757763624032,1.9110159853132136,21.21889187582359,USP6NL;APP;MCFD2;HIP1;ITSN1;MIA2;GCC2;MIA3;PIK3C2A;CLINT1;KIF15;AKT2;PPP6R3;CTSC;SH3D19;RAB8B;DENND2A;VPS37C;TSC2;VPS37A;EPS15L1;PRKAB1;ARFGAP1;EPN1;EPN2;CTTN;TBC1D20;NAA35;SRC;DCTN4;GOSR2;COPS7B;PLA2G6;KLC1;CBL;AGPAT3;ARFRP1;GGA1;RACGAP1;KIF3A;TBC1D14;PIP5K1C;EPS15;SEC31A;SEC16A;GALNT1;TRAPPC8;TRAPPC9;AP2B1;SEC23IP;KIF18B;GOLGB1;CHMP2A;RAB3GAP2;COPG2;VPS45;SEC24C;PICALM,Rpl22l1,rmats,1029,Reactome_Pathways_2024
Anchoring of the Basal Body to the Plasma Membrane,16/97,0.005865854507427007,3.683472877286632,37.96015368517237,PLK4;CEP57;IQCB1;C2CD3;ODF2;CEP164;PCM1;AKAP9;NPHP1;MKS1;B9D1;CEP63;CLASP1;CDK5RAP2;CEP78;CEP89,Rpl22l1,rmats,1029,Reactome_Pathways_2024
Regulation of TP53 Activity,21/160,0.01166939975667019,2.8225419664268587,26.81394763563982,BLM;PRKAA1;TBP;MAPKAP1;BRCA1;PPP2R5C;PRKAB1;GATAD2A;RAD50;TTC5;AKT2;CDK2;MDM2;EP300;MDM4;RAD1;KMT5A;RFFL;BANP;MAP2K6;RAD9A,Rpl22l1,rmats,1029,Reactome_Pathways_2024
"Cell Cycle, Mitotic",47/516,0.015405363231601885,1.8881313537057223,17.213758513225617,CEP57;PSMD14;SRC;PRIM1;CEP164;PDS5A;PCM1;ORC1;AKT2;EP300;KMT5A;BTRC;E2F6;LCMT1;POLE;CLASP1;CDK5RAP2;CEP78;TMPO;NDEL1;CLASP2;PLK4;CENPT;NEK9;UBE2I;ESCO1;NUP155;ODF2;FBXW11;PPP2R5B;CDC7;VRK1;PPP2R5C;EML4;STAG1;WEE1;TFDP2;NME7;CDK2;AKAP9;CENPL;CHMP2A;NUP35;CEP63;NCAPD3;ITGB3BP;MCPH1,Rpl22l1,rmats,1029,Reactome_Pathways_2024
DNA Repair,32/312,0.02120798588267857,2.1425419114486317,18.644078938392767,BLM;PAXIP1;PNKP;COPS7B;BRCA1;NSD2;USP1;PMS2;POLI;POLE;RNF111;MUTYH;ACD;KDM4B;UBE2I;EYA2;EYA3;XRCC3;REV1;FANCA;RAD23A;PALB2;FANCG;RAD51D;RAD50;FANCD2;CDK2;UBE2V2;RAD1;DTL;RAD18;RAD9A,Rpl22l1,rmats,1029,Reactome_Pathways_2024
Constitutive Signaling by AKT1 E17K in Cancer,7/26,0.028409396660290617,6.832011535688537,56.40741218061345,CREB1;CHUK;MAPKAP1;AKT2;RPS6KB2;MDM2;TSC2,Rpl22l1,rmats,1029,Reactome_Pathways_2024
Cilium Assembly,23/200,0.028409396660290617,2.427592636272759,20.009320739265174,PLK4;CEP57;IQCB1;C2CD3;ODF2;CEP164;IFT122;LZTFL1;ATAT1;PCM1;IFT81;KIF3A;RP2;AKAP9;NPHP1;MKS1;B9D1;CEP63;RAB11FIP3;CLASP1;CDK5RAP2;CEP78;CEP89,Rpl22l1,rmats,1029,Reactome_Pathways_2024
Mitochondrial tRNA aminoacylation,8/21,0.004041457620438849,11.426504934830106,138.73601480658473,RARS2;AARS2;SARS2;PPA2;NARS2;DARS2;TARS2;FARS2,Rpl22l1,rmats,1029,BioPlanet_2019
"BRCA1, BRCA2 and ATR roles in cancer susceptibility",8/22,0.004041457620438849,10.609766335525395,124.51312267743992,RAD50;FANCD2;FANCA;MRE11A;RAD1;BRCA1;FANCG;RAD9A,Rpl22l1,rmats,1029,BioPlanet_2019
"Androgen receptor signaling, proteolysis, and transcription regulation",15/88,0.013250153647436426,3.8295371646267324,38.84238063532421,UBE2I;RNF14;ROCK2;SRC;LIMK2;UBE3A;BRCA1;PTK2;CREB1;NCOR1;MDM2;EP300;FLNA;PATZ1;RAD9A,Rpl22l1,rmats,1029,BioPlanet_2019
mTOR signaling pathway,17/113,0.01630533165265123,3.302814146903821,31.864475420756932,EIF4A2;PRKAA1;FBXW11;CAB39L;STRADA;POLDIP3;MAPKAP1;VEGFB;TSC2;VEGFA;RRAGB;AKT2;RPS6KA2;CDK2;RPS6KB2;EIF4E2;EIF4G1,Rpl22l1,rmats,1029,BioPlanet_2019
Ubiquitin-mediated proteolysis,18/136,0.036433818252809815,2.844590856510587,24.030926277932764,UBE2F;UBE2H;UBE2I;CUL5;FBXW11;MGRN1;WWP1;UBE3A;BRCA1;CBL;UBE2J1;UBOX5;ITCH;MDM2;UBA3;TRIP12;BTRC;BIRC2,Rpl22l1,rmats,1029,BioPlanet_2019
MicroRNA regulation of DNA damage response,12/70,0.036433818252809815,3.8476248601363037,32.4670434983388,RAD50;CREB1;FANCD2;CDK2;TLK2;MDM2;TLK1;MRE11A;RAD1;BRCA1;BID;RAD9A,Rpl22l1,rmats,1029,BioPlanet_2019
Mitochondrial gene expression,6/19,0.03868227999820132,8.55312429505978,70.03232054820435,PPP3CA;MYEF2;CREB1;MTERF3;NRF1;GABPA,Rpl22l1,rmats,1029,BioPlanet_2019
Integrated breast cancer pathway,19/152,0.03868227999820132,2.6644978783592643,21.557487074537985,UBE2F;BLM;USP15;CHUK;ZMYND8;XRCC3;TSC2;MRE11A;BRCA1;TFPI;VEGFA;RAD50;WEE1;CREB1;CDK2;MDM2;EP300;RAD54L;BID,Rpl22l1,rmats,1029,BioPlanet_2019
BRCA1-dependent ubiquitin ligase activity,4/8,0.03882115188374345,18.50439024390244,144.19904616655015,FANCD2;FANCA;BRCA1;FANCG,Rpl22l1,rmats,1029,BioPlanet_2019
PKB-mediated events,7/28,0.03882115188374345,6.180691454664057,47.954033770800464,PRKAA1;CAB39L;STRADA;AKT2;TSC2;PRKAB1;EIF4G1,Rpl22l1,rmats,1029,BioPlanet_2019
Transfer RNA aminoacylation,9/46,0.03882115188374345,4.515262321144674,34.50217168824225,CARS;RARS2;AARS2;SARS2;PPA2;NARS2;DARS2;TARS2;FARS2,Rpl22l1,rmats,1029,BioPlanet_2019
Insulin signaling pathway,28/277,0.03882115188374345,2.1031819586036455,15.892155296948685,PRKAA1;ROCK2;INPPL1;PIK3C2A;CBL;PRKCZ;GRB14;KIF3A;AKT2;RPS6KA2;PHKG2;FLOT1;NCK2;MAP4K5;MAP3K7;PCK2;MAP2K6;PTPN1;PRKCD;TSC2;PHKB;PRKAB1;MAPK12;CREB1;RPS6KB2;EIF4E2;PFKM;MAP3K12,Rpl22l1,rmats,1029,BioPlanet_2019
BARD1 signaling events,7/29,0.03882115188374345,5.899439601494396,44.40766766070077,RAD50;FANCD2;CDK2;FANCA;MRE11A;BRCA1;FANCG,Rpl22l1,rmats,1029,BioPlanet_2019
Homologous recombination,7/29,0.03882115188374345,5.899439601494396,44.40766766070077,TOP3B;BLM;RAD50;RAD51D;XRCC3;RAD54L;MRE11A,Rpl22l1,rmats,1029,BioPlanet_2019
PI3K cascade,10/57,0.039643936309009496,3.951308124360554,29.370921744037478,FGF8;CREB1;CHUK;AKT2;MAPKAP1;RPS6KB2;MDM2;TSC2;FRS2;FGFR2,Rpl22l1,rmats,1029,BioPlanet_2019
Energy metabolism,9/48,0.039643936309009496,4.283257918552036,31.324306018047857,ATF2;PPP3CA;PRKAA1;CREB1;EP300;NRF1;PRKAB1;GABPA;SIRT3,Rpl22l1,rmats,1029,BioPlanet_2019
Fanconi anemia pathway,6/22,0.039643936309009496,6.948313782991202,50.78516912115827,FANCD2;FANCA;USP1;BRCA1;PALB2;FANCG,Rpl22l1,rmats,1029,BioPlanet_2019
GAB1 signalosome,8/39,0.039643936309009496,4.787210514675682,34.7319357509283,CREB1;CHUK;SRC;MAPKAP1;AKT2;RPS6KB2;MDM2;TSC2,Rpl22l1,rmats,1029,BioPlanet_2019
Signaling by FGFR in disease,16/128,0.047238626154501306,2.659568467070935,18.685622734277707,CHUK;SRC;MAPKAP1;PRKCD;TSC2;FRS2;CBL;FGF8;ZMYM2;CREB1;AKT2;FGFR1OP2;RPS6KB2;MDM2;LRRFIP1;FGFR2,Rpl22l1,rmats,1029,BioPlanet_2019
RNA Binding (GO:0003723),123/1411,2.4243840007830138e-6,1.8638759203652668,35.98521874012141,EIF4A2;FMR1;SPPL2B;MSI1;RPL10A;GPATCH8;TIAL1;FBRSL1;UBAP2L;RARS2;TYW5;DDX11;PUS1;ALG13;ACTN4;LARP4B;GTPBP1;SRSF4;PPIG;SREK1;DUS3L;MACF1;AARS2;YTHDC1;ZCCHC9;RTF1;RCC1L;MTDH;RRP7A;FXR1;DHX30;RNASEH1;HNRNPDL;PCBP3;PCBP2;G3BP2;DHX37;SAFB2;UTP20;MAP4;ZC3H13;MARK2;SRPK2;TIA1;UBE2I;ZRANB2;RBPMS;UPF3B;PRRC2C;HELZ;LSM4;SNUPN;PRRC2B;LSM2;CHERP;SRPK1;HNRNPM;GOLGB1;LSM14A;SUGP2;EIF4G1;RBM25;PINX1;DDX42;BRCA1;ZCCHC17;YBX3;RPGR;FARS2;RBM4;SART3;MRPL9;LRRFIP1;RBM34;RBM6;TOP3B;DDX59;RBM18;PRPF40B;DARS2;TRNAU1AP;SAFB;PATL1;UCHL5;DUS2;SARS2;PKM;SLTM;NOA1;HNRNPH1;RBMS1;HNRNPH2;EIF4E2;RBM47;STAU1;ROCK2;POLDIP3;AKAP8;UNK;TCOF1;FIP1L1;PES1;FLNA;FLNB;RALY;SMNDC1;PTPN1;RBM39;TRMT10B;MYEF2;YTHDF3;KRR1;YLPM1;RSRC2;APTX;KTN1;NAP1L4;SEC23IP;ZNFX1;TNIP1;ZYX;ACIN1;TNRC6A,Rpl22l1,rmats,1029,GO_Molecular_Function_2023
Ubiquitin-Like Protein Transferase Activity (GO:0019787),33/240,7.560163939346941e-5,3.003375822129096,45.57206048813529,CUL5;RNF14;MGRN1;UBE3A;BRCA1;CBL;RMND5B;MARCHF8;BTRC;ATG5;BRAP;UBE2F;UBE2H;AREL1;UBE2I;FBXW11;RNF25;NSMCE2;WWP1;CHFR;RNF146;TRAF7;ITCH;ATG16L1;TTC3;MDM2;UBA3;MDM4;RBCK1;BCOR;TRIM11;BIRC2;TRIM33,Rpl22l1,rmats,1029,GO_Molecular_Function_2023
GTPase Binding (GO:0051020),29/225,9.832588352198064e-4,2.777933673469388,33.89843796823613,USP6NL;GARRE1;MAPKAP1;DOCK7;GCC2;CIB1;AMBRA1;YBX3;GGA1;AP3M1;XPO4;KIF3A;ANKFY1;FLNA;ERC1;RAB11FIP3;GIT1;GIT2;RABGAP1L;SPHK2;TSC2;CYRIB;RABGGTB;LSM2;TBC1D20;RRAGB;ATG16L1;RAB3GAP2;PICALM,Rpl22l1,rmats,1029,GO_Molecular_Function_2023
Small GTPase Binding (GO:0031267),26/199,0.0017541344478072523,2.8166828992790416,31.93051539176209,USP6NL;GARRE1;MAPKAP1;DOCK7;GCC2;CIB1;YBX3;GGA1;AP3M1;XPO4;KIF3A;ANKFY1;FLNA;ERC1;RAB11FIP3;GIT1;GIT2;RABGAP1L;SPHK2;TSC2;CYRIB;RABGGTB;LSM2;TBC1D20;RAB3GAP2;PICALM,Rpl22l1,rmats,1029,GO_Molecular_Function_2023
Ubiquitin-Protein Transferase Activity (GO:0004842),41/412,0.005065505002425981,2.080491504523282,20.914329086655805,CUL5;RNF14;MGRN1;LTN1;RNF19B;UBE3A;UBR1;BRCA1;CBL;RNFT1;UBE2J1;RPGR;RMND5B;TRIM6;RNF138;MARCHF8;RFFL;BTRC;RNF111;BRAP;UBE2H;AREL1;RNF25;FBXW11;WWP1;PEX2;CHFR;RNF146;TRAF7;ITCH;NEURL4;TTC3;MDM2;MDM4;TRIP12;RBCK1;BCOR;RNF185;BIRC2;TRIM33;TRIM11,Rpl22l1,rmats,1029,GO_Molecular_Function_2023
Protein Serine/Threonine Kinase Activity (GO:0004674),35/342,0.008600968261254664,2.140661558930128,19.995594181926535,PRKAA1;ROCK2;PRKCZ;IRAK1;AKT2;RPS6KA2;PHKG2;TLK2;TLK1;MAP4K5;MAP3K7;MARK2;MAP2K6;PLK4;SRPK2;NEK9;CHUK;RIOK3;LIMK2;PRKCD;HUNK;CDC7;VRK1;PRKAB1;CLK4;ACVR2A;MAPK12;SRPK1;CIT;CLK2;CLK1;CDK2;RPS6KB2;CAMK1G;MAP3K12,Rpl22l1,rmats,1029,GO_Molecular_Function_2023
Cadherin Binding (GO:0045296),31/319,0.04471969329123456,2.0150474560231575,15.189746317471345,MACF1;SRC;CTNND1;CBL;CLINT1;SLC9A3R2;LIMA1;MPRIP;CALD1;FLNA;FLNB;ERC1;LRRFIP1;ARGLU1;EPS15;MARK2;TMPO;PTPN1;EPS15L1;CIP2A;KTN1;EPN2;ANLN;MYO1B;PKM;FMNL2;CTTN;ABI1;NUMB;PHLDB2;PICALM,Rpl22l1,rmats,1029,GO_Molecular_Function_2023
Methylation-Dependent Protein Binding (GO:0140034),11/68,0.046159672375638776,3.5855306242029434,26.28036162585304,KDM5A;PHF20L1;KMT2E;MBTD1;CBX5;ZZZ3;FMR1;ZMYND8;MTF2;NCAPD3;JMJD7,Rpl22l1,rmats,1029,GO_Molecular_Function_2023
"Catalytic Activity, Acting On A tRNA (GO:0140101)",8/39,0.046159672375638776,4.787210514675682,34.7319357509283,DUS2;QTRT1;AARS2;TYW5;TARS2;QRSL1;FTSJ1;DUS3L,Rpl22l1,rmats,1029,GO_Molecular_Function_2023
Protein Ubiquitination (GO:0016567),46/434,0.009027427477766805,2.241240259672159,28.601307243827783,CUL5;RNF14;MGRN1;RNF19B;UBE3A;UBR1;AMBRA1;BRCA1;CBL;DDA1;RNFT1;UBE2J1;RPGR;ANKRD9;NUB1;TRIM6;RNF138;MARCHF8;MARCHF7;BTRC;RNF111;BRAP;UBE2H;AREL1;FBXW5;RNF25;FBXW11;FANCA;WWP1;PEX2;FANCG;CHFR;RNF146;TRAF7;UBOX5;ITCH;MDM2;UBE2V2;MDM4;TRIP12;RBCK1;RNF185;RAD18;BIRC2;TRIM33;TRIM11,Rpl22l1,rmats,1029,GO_Biological_Process_2023
Ubiquitin-Dependent Protein Catabolic Process (GO:0006511),40/367,0.010170708048575222,2.3059773718858514,27.554085229307535,PSMD14;RNF14;RNF19B;AMBRA1;CBL;RPGR;ANKRD9;BAG6;RMND5B;NUB1;PCBP2;PSMF1;BTRC;RFFL;UBQLN4;RNF111;ZRANB1;UBE2H;AREL1;FBXW5;UBE2I;FBXW11;RNF25;VPS37C;WWP1;RAD23A;VPS37A;ARMC8;PPP2R5C;USP28;CHFR;RNF146;ITCH;TTC3;CHMP2A;MDM2;TRIP12;RBCK1;RNF185;BIRC2,Rpl22l1,rmats,1029,GO_Biological_Process_2023
Organelle Organization (GO:0006996),43/418,0.011029832404674037,2.1626179851250846,24.388066497619555,USP6NL;ABCD4;PI4K2B;TAFAZZIN;MAPKAP1;PITPNB;FAF2;HTT;TOR1AIP2;MIA3;CAMSAP1;CECR2;KIF3A;EPS15;CLASP1;CEP78;SH3D19;SEC31A;CLASP2;CENPT;ZRANB1;YTHDF3;ATP8B2;DST;SEC16A;TRAPPC8;PEX2;MCOLN1;CFAP410;FANCG;TJAP1;SEC23IP;FMNL2;TBC1D20;TMEM11;NOA1;DNAJA3;GOLGB1;PEX6;RANBP10;CHMP2A;PHIP;CEP89,Rpl22l1,rmats,1029,GO_Biological_Process_2023
Double-Strand Break Repair Via Homologous Recombination (GO:0000724),18/111,0.011029832404674037,3.614051880922753,40.38610588331552,BLM;PSMD14;ZMYND8;INTS3;NSMCE2;XRCC3;ATRX;TONSL;RECQL;CDC7;SMC6;BRCA1;PALB2;MBTD1;MORF4L1;MMS22L;RAD51D;RNF138,Rpl22l1,rmats,1029,GO_Biological_Process_2023
Recombinational Repair (GO:0000725),16/95,0.01612717360588547,3.7771252202381698,39.93063015561477,BLM;PSMD14;ZMYND8;INTS3;NSMCE2;XRCC3;TONSL;RECQL;BRCA1;SMC6;PALB2;MBTD1;MMS22L;MORF4L1;RAD51D;RNF138,Rpl22l1,rmats,1029,GO_Biological_Process_2023
Telomere Maintenance Via Recombination (GO:0000722),5/9,0.019826698437885287,23.153076171875,235.76438176013613,RAD50;RAD51D;NSMCE2;XRCC3;SMC6,Rpl22l1,rmats,1029,GO_Biological_Process_2023
Double-Strand Break Repair (GO:0006302),22/168,0.02371251559963118,2.8169253581096707,27.74595201151157,BLM;PSMD14;ZMYND8;INTS3;PNKP;EYA3;NSMCE2;XRCC3;TONSL;RECQL;CIB1;SMC6;BRCA1;PALB2;MBTD1;MORF4L1;MMS22L;RAD51D;RAD50;RNF138;NSD2;UBE2V2,Rpl22l1,rmats,1029,GO_Biological_Process_2023
Intracellular Membrane-Bounded Organelle (GO:0043231),347/5175,1.6478448452218202e-6,1.49045675640873,28.343249820693096,PANK4;ATF2;PANK2;ZMYND8;ITSN1;CCNC;SMC6;RBPJ;GPATCH8;TIAL1;AKT2;ZMIZ2;RPS6KA2;CPNE1;ANKFY1;UBAP2L;RNF111;TMPO;ESCO1;DDX11;SLC35C2;NSMCE2;PRKCD;IFRD1;DNTTIP1;RECQL;HNF1B;RFX1;ACTN4;ARMC8;JMJD7;PRKAB1;MED6;RRAGB;AKAP9;PAXIP1;SRCAP;DCUN1D1;COPS7B;BAZ2B;GMCL1;UBE2J1;MTDH;FXR1;DHX30;DGUOK;RACGAP1;PCBP3;PCBP2;DPH3;ATP6V0A2;PUSL1;PATZ1;RAB11FIP3;KAT14;SEC31A;SRPK2;RABGAP1L;ZRANB1;SETDB1;TIPARP;INTS3;XRCC3;INTS2;UPF3B;TMEM192;CDC7;MEMO1;PTK2;SRPK1;FAM220A;MLLT10;HNRNPM;STAG1;GOLGB1;PPT2;PKIG;RAD18;PSME3IP1;PHF3;CEP57;SETD5;SLC35F6;INTS14;HIP1;SETD6;TDRP;ZBTB8OS;MIA3;BRCA1;OSBPL11;MED15;N4BP2L2;CLINT1;MED14;ZMYM2;XPO4;NELFB;GPRASP1;CTSC;GABPA;APPL1;TOP3B;PBRM1;SPHK2;STRADA;UCHL5;SIRT3;MED22;RAD51D;NCOR1;CTTN;SLTM;HNRNPH1;MED20;MTF2;HNRNPH2;SLU7;URM1;AKAP8;HTT;GGA1;BTAF1;RNF138;NSD2;USP1;FLNA;PMS2;MARCHF7;METTL6;EPS15;NKTR;TRMT10B;MYEF2;ATAD5;PCGF5;PCGF2;YLPM1;APTX;GATAD2A;RNF146;SEC23IP;ITCH;TFAP4;SNX14;TTC3;TACC3;ZYX;MITD1;TRIP12;CRLF3;EEF1AKMT2;CRTC2;MIDN;DGKD;PRDM4;FMR1;PRDM5;CTNND1;JADE1;INPPL1;UBP1;HIKESHI;CIB1;RPL10A;GRB14;EP300;KMT5A;MAP3K7;SLC30A9;TLE1;KDM2B;FBXW11;USP4;USP3;PUS1;IPMK;TSC2;VRK1;CFAP410;THOC7;FANCD2;UBE2V2;SRSF4;PHIP;PPIG;GEMIN8;KMT2E;BLM;ANKRD16;PSMD14;YTHDC1;ARHGAP19;HTRA2;PDS5A;BCL2L12;BAG6;SBNO1;IRAK1;ORC1;DEAF1;SAFB2;TBC1D14;RPRD1B;ZC3H13;UBE2F;OSBPL9;TIA1;UBE2H;UBE2I;CBX5;POU2F1;PHF12;STYX;FANCA;RFXANK;MACO1;CLK4;PALB2;LSM4;CLK2;LSM2;CLK1;COPRS;UBOX5;KIF18B;HOOK2;MOB2;CNOT2;TADA3;CDK2;MDM2;UBA3;PIR;MDM4;NF2;OSBPL1A;NIT1;FGFR2;MDM1;PICALM;RAD9A;EIF4G1;RERE;KDM5A;KDM5C;RNF14;FHL1;HP1BP3;CEP164;DDX42;CHD6;UFSP2;PIK3C2A;YBX3;RESF1;SENP6;RBM4;SART3;PPP6R3;SNAPC4;DNMT3B;TLK2;TLK1;GUSB;POLE;ILKAP;RBM6;SUN1;USP48;TBP;DST;AKTIP;ATRX;PPP2R5B;RAD23A;VPS37A;PEX2;PPP2R5C;TRNAU1AP;SAFB;EPN2;MMS22L;TRAF7;ELF2;CREB1;PKM;TFDP2;IRF1;RBMS1;BIRC2;ITGB3BP;LAMA5;PRKAA1;RBM47;KDM3A;USP15;PPM1M;MGRN1;POLDIP3;DCTN4;PNKP;LENG8;AMBRA1;CLCN3;RMND5B;CECR2;NFS1;TAF1B;TGS1;RALY;DRAM2;E2F6;UBQLN4;MTA3;SMNDC1;MUTYH;TCF7L2;KDM4B;EYA2;SMOX;RNF25;SWT1;EYA3;LIMK2;PTPN12;MCOLN1;PTPN13;USP28;USF2;CHFR;MAPK12;NAP1L4;RAD50;WEE1;KANSL1;BRMS1L;DOLPP1;DNAJA3;TAF8;ACIN1;RGS12;BCOR;PFKM;TRIM33;TNRC6A;SSBP4,Rpl22l1,rmats,1029,GO_Cellular_Component_2023
Nucleus (GO:0005634),300/4487,2.2815848370365055e-5,1.4530572288712564,22.806244032809303,PANK4;ATF2;PANK2;ZMYND8;CCNC;SMC6;RBPJ;GPATCH8;TIAL1;AKT2;ZMIZ2;RPS6KA2;CPNE1;UBAP2L;RNF111;TMPO;ESCO1;DDX11;NSMCE2;PRKCD;IFRD1;DNTTIP1;RECQL;HNF1B;ACTN4;ARMC8;JMJD7;PRKAB1;MED6;RRAGB;PAXIP1;SRCAP;DCUN1D1;COPS7B;BAZ2B;GMCL1;UBE2J1;MTDH;FXR1;DHX30;DGUOK;RACGAP1;PCBP3;PCBP2;DPH3;PATZ1;KAT14;SRPK2;RABGAP1L;ZRANB1;SETDB1;TIPARP;INTS3;XRCC3;INTS2;UPF3B;TMEM192;CDC7;MEMO1;PTK2;SRPK1;FAM220A;MLLT10;HNRNPM;STAG1;PKIG;RAD18;PSME3IP1;PHF3;CEP57;SETD5;INTS14;HIP1;SETD6;TDRP;ZBTB8OS;BRCA1;MED15;N4BP2L2;MED14;ZMYM2;XPO4;NELFB;GPRASP1;GABPA;APPL1;TOP3B;PBRM1;SPHK2;STRADA;UCHL5;SIRT3;MED22;RAD51D;NCOR1;SLTM;HNRNPH1;MED20;MTF2;HNRNPH2;SLU7;URM1;AKAP8;HTT;RNF138;NSD2;USP1;FLNA;PMS2;MARCHF7;METTL6;NKTR;TRMT10B;MYEF2;ATAD5;PCGF5;PCGF2;YLPM1;APTX;GATAD2A;RNF146;TFAP4;TTC3;ZYX;TRIP12;CRLF3;EEF1AKMT2;CRTC2;MIDN;DGKD;PRDM4;FMR1;PRDM5;CTNND1;JADE1;INPPL1;UBP1;HIKESHI;CIB1;RPL10A;EP300;KMT5A;MAP3K7;SLC30A9;TLE1;KDM2B;FBXW11;USP4;USP3;PUS1;IPMK;TSC2;VRK1;THOC7;FANCD2;UBE2V2;SRSF4;PHIP;PPIG;GEMIN8;KMT2E;BLM;ANKRD16;PSMD14;YTHDC1;HTRA2;PDS5A;BCL2L12;BAG6;SBNO1;IRAK1;ORC1;DEAF1;SAFB2;RPRD1B;ZC3H13;UBE2F;TIA1;UBE2H;UBE2I;CBX5;POU2F1;PHF12;STYX;FANCA;RFXANK;MACO1;CLK4;PALB2;LSM4;CLK2;LSM2;CLK1;COPRS;UBOX5;KIF18B;MOB2;CNOT2;TADA3;CDK2;MDM2;UBA3;PIR;MDM4;NF2;NIT1;FGFR2;MDM1;PICALM;RAD9A;EIF4G1;RERE;KDM5A;KDM5C;RNF14;FHL1;HP1BP3;DDX42;CHD6;UFSP2;YBX3;RESF1;SENP6;RBM4;SART3;PPP6R3;SNAPC4;DNMT3B;TLK2;TLK1;POLE;ILKAP;RBM6;USP48;TBP;DST;AKTIP;ATRX;PPP2R5B;RAD23A;PPP2R5C;TRNAU1AP;SAFB;MMS22L;ELF2;CREB1;PKM;TFDP2;IRF1;RBMS1;BIRC2;ITGB3BP;LAMA5;PRKAA1;RBM47;KDM3A;USP15;PPM1M;MGRN1;POLDIP3;DCTN4;PNKP;LENG8;AMBRA1;RMND5B;CECR2;NFS1;TAF1B;TGS1;RALY;E2F6;UBQLN4;MTA3;SMNDC1;MUTYH;TCF7L2;KDM4B;EYA2;RNF25;SWT1;EYA3;LIMK2;PTPN12;PTPN13;USP28;USF2;CHFR;MAPK12;NAP1L4;RAD50;WEE1;KANSL1;BRMS1L;TAF8;ACIN1;RGS12;BCOR;PFKM;TRIM33;SSBP4,Rpl22l1,rmats,1029,GO_Cellular_Component_2023
Mitotic Spindle (GO:0072686),20/143,0.004437430072179346,3.0373790358319837,30.43305316917395,IQCB1;EPB41;LIMK2;CKAP2;CDC7;EML2;EML4;ATAT1;KIF18B;ZZZ3;NCOR1;RACGAP1;TFDP2;TADA3;TACC3;MAP4;LSM14A;KAT14;CLASP1;CLASP2,Rpl22l1,rmats,1029,GO_Cellular_Component_2023
Clathrin Coat (GO:0030118),6/16,0.007006201766685572,11.120821114369502,103.14682542263544,EPS15L1;CLINT1;EPS15;EPN1;EPN2;PICALM,Rpl22l1,rmats,1029,GO_Cellular_Component_2023
Cytoplasmic Stress Granule (GO:0010494),13/76,0.007319042948271249,3.8402074740657417,34.59366942745473,TIA1;STAU1;RBPMS;YTHDF3;FMR1;LARP4B;TIAL1;FXR1;RBM4;ZNFX1;G3BP2;LSM14A;EIF4G1,Rpl22l1,rmats,1029,GO_Cellular_Component_2023
Spindle (GO:0005819),23/210,0.026428577602311515,2.2965522373778717,17.32058198590352,IQCB1;EPB41;LIMK2;PINX1;SPICE1;CKAP2;CDC7;SPATA5;EML2;EML4;ATAT1;ZZZ3;NCOR1;RACGAP1;TFDP2;KIF3A;TADA3;TACC3;MAP4;LSM14A;KAT14;CLASP1;CLASP2,Rpl22l1,rmats,1029,GO_Cellular_Component_2023
Chromosome (GO:0005694),19/164,0.033965761009454504,2.442430863776033,17.43147206366212,BLM;PBRM1;ESCO1;KRR1;FMR1;HP1BP3;PINX1;DNTTIP1;RECQL;SMC6;BRCA1;PDS5A;ZFX;SYCE2;STAG1;FANCD2;PES1;KMT5A;RBM34,Rpl22l1,rmats,1029,GO_Cellular_Component_2023
mRNA Processing WP310,51/444,3.323199775147534e-6,2.5387900241609875,44.00505395024777,EIF4A2;RBM25;RBM26;CELF1;FMR1;BRCA1;PAPOLA;EIF2D;RBM7;RBM5;RBM33;SECISBP2;RBM18;SRRM1;ILF3;SLTM;HNRNPH1;SUPT5;ESRP1;HNRNPH2;EIF4E2;STAU1;SFSWAP;RBM4B;SBNO1;HNRNPDL;U2AF2;PCBP2;SAFB2;RALY;ZFP740;RBM10;SRPK2;TTC14;RBM39;TIA1;MYEF2;ZFP638;RSRC2;PUM1;CLK4;DNAJC17;CLK3;SRPK1;PUM2;CLK2;HNRNPL;ACIN1;RNPS1;EIF4G3;SUGP2,Spen,rmats,1002,WikiPathways_2024_Mouse
Mechanisms Associated With Pluripotency WP1763,31/290,0.0033994052305962464,2.3098783644612686,22.427778960626437,ATF2;KDM5C;KDM3A;BRCA1;RBPJ;FGF5;ZMYM2;MTA1;XPO4;ZSCAN10;TRIM24;EP400;SMARCAD1;EP300;KDM6A;PBRM1;PHC1;POU2F1;KDM4C;SMURF1;DNMT3A;ATRX;TERF2;PML;CREB1;MTF2;MDM2;STK40;TRIM33;SF1;EZH2,Spen,rmats,1002,WikiPathways_2024_Mouse
Non Homologous End Joining WP1242,4/7,0.007244861160441149,25.377421509686037,216.9096897710592,RAD50;PRKDC;MRE11A;NHEJ1,Spen,rmats,1002,WikiPathways_2024_Mouse
Cell Cycle R-HSA-1640170,68/654,1.0758576682614384e-5,2.2875225643311823,42.323740021214476,CEP57;AHCTF1;BRCA1;FOXM1;BABAM2;HERC2;EXO1;MIS18BP1;CHEK2;PPP6R3;EP300;BTRC;POLE;NDEL1;PPP1R12A;BORA;ESCO1;IST1;ATRX;PPP2R5B;VRK1;HAUS6;CSNK1D;KIF23;PPP2R5C;TERF2;SIRT2;EML4;CLIP1;MAU2;DBF4;SHQ1;ESPL1;TFDP2;DKC1;ITGB3BP;ANAPC15;ANAPC16;PSMD14;SRC;PDS5A;SYCE2;HAUS8;PRKAR2B;NSD2;RBBP8;CEP72;PCNT;ATRIP;E2F6;CLASP1;CEP78;CLASP2;CDKN2D;CENPU;NEK9;ODF2;RCC2;CDK11B;POLA1;RAD50;STAG2;CENPI;MDM2;CHMP2A;MDM4;NCAPD3;CENPP,Spen,rmats,1002,Reactome_2022
Mitochondrial tRNA Aminoacylation R-HSA-379726,8/21,0.0025547784171300945,11.753598514161894,145.02570374282917,RARS2;AARS2;SARS2;PPA2;NARS2;DARS2;TARS2;FARS2,Spen,rmats,1002,Reactome_2022
Mitotic Prometaphase R-HSA-68877,25/186,0.0026208708686762798,2.993858751279427,35.6503549690299,CEP57;AHCTF1;PDS5A;HAUS8;PRKAR2B;CEP72;PCNT;CLASP1;CEP78;NDEL1;CLASP2;NEK9;CENPU;ODF2;RCC2;PPP2R5B;CSNK1D;HAUS6;PPP2R5C;EML4;CLIP1;STAG2;CENPI;CENPP;ITGB3BP,Spen,rmats,1002,Reactome_2022
"Cell Cycle, Mitotic R-HSA-69278",50/523,0.002758124156952922,2.056980297404374,23.797414368221393,CEP57;AHCTF1;FOXM1;EP300;BTRC;POLE;NDEL1;PPP1R12A;BORA;ESCO1;IST1;PPP2R5B;VRK1;HAUS6;CSNK1D;KIF23;PPP2R5C;SIRT2;EML4;CLIP1;MAU2;DBF4;ESPL1;TFDP2;ITGB3BP;ANAPC15;ANAPC16;PSMD14;SRC;PDS5A;HAUS8;PRKAR2B;CEP72;PCNT;E2F6;CLASP1;CEP78;CLASP2;CDKN2D;CENPU;NEK9;ODF2;RCC2;CDK11B;POLA1;STAG2;CENPI;CHMP2A;NCAPD3;CENPP,Spen,rmats,1002,Reactome_2022
Organelle Biogenesis And Maintenance R-HSA-1852241,31/275,0.004389875714598641,2.4538417382789417,26.33347188852118,CEP57;C2CD3;CRTC1;PRKAG2;ASAP1;HAUS8;PRKAR2B;TCTN2;CEP72;TBL1X;PCNT;GABPA;CLASP1;CEP78;DMAC2L;IQCB1;ATP5PD;EXOC7;NCOA6;ODF2;IFT122;CSNK1D;HAUS6;PRKAB1;LZTFL1;MAPK12;ATAT1;NCOR1;CREB1;IFT43;EXOC1,Spen,rmats,1002,Reactome_2022
Signaling By Rho GTPases R-HSA-194315,57/644,0.004389875714598641,1.8918309402125415,20.240484556428182,AHCTF1;TFRC;FAM13B;ITSN1;FAF2;ARHGAP1;AKAP13;SYDE1;NCK2;ANKFY1;NDEL1;PLEKHG3;PPP1R12A;ATP6AP1;STARD8;ACTN1;PPP2R5B;OCRL;PPP2R5C;FAM91A1;SRRM1;SENP1;NISCH;CLIP1;PKP4;EVL;ITGB3BP;GARRE1;SRC;SRF;ARHGAP17;KLC1;ABR;FLNA;PLXNA1;ECT2;CLASP1;PAK4;CLASP2;REPS1;CENPU;KDM4C;RCC2;LIMK2;MACO1;PTPN13;PTK2;KTN1;WDR11;VANGL1;SLC4A7;NSFL1C;CENPI;SHKBP1;DLG5;NF2;CENPP,Spen,rmats,1002,Reactome_2022
Regulation Of TP53 Activity R-HSA-5633007,21/157,0.005835119918228465,2.968924266954488,30.16918021946581,PRKAA1;TBP;MEAF6;PRKAG2;BRCA1;PPP2R5C;PRKAB1;PML;RAD50;PIP4P1;EXO1;CHEK2;MDM2;RBBP8;EP300;MAPKAPK5;MDM4;RFFL;ATRIP;TAF2;MAP2K6,Spen,rmats,1002,Reactome_2022
Membrane Trafficking R-HSA-199991,53/599,0.005835119918228465,1.8873848315365702,18.938783335844995,USP6NL;APP;MCFD2;HIP1;TFRC;ITSN1;PRKAG2;GCC2;PIK3C2A;GOLGA4;PPP6R3;TRAPPC13;EXOC7;DENND2A;TSC2;CSNK1D;KIF23;OCRL;EPS15L1;PRKAB1;EPN2;GAK;RINT1;TRAPPC6A;BIN1;KIFC1;NAA35;RIN3;DENND6B;EXOC1;SRC;STX16;GOSR2;STX18;KLC1;GGA1;TBC1D14;PIP5K1C;EPS15;SEC31A;REPS1;SNAPIN;ANKRD27;TRAPPC9;AP2B1;PUM1;NECAP2;SEC23IP;GOLGB1;CHMP2A;COPG2;VPS45;SEC24C,Spen,rmats,1002,Reactome_2022
"Signaling By Rho GTPases, Miro GTPases And RHOBTB3 R-HSA-9716542",57/660,0.005835119918228465,1.840032641027666,18.416569329450073,AHCTF1;TFRC;FAM13B;ITSN1;FAF2;ARHGAP1;AKAP13;SYDE1;NCK2;ANKFY1;NDEL1;PLEKHG3;PPP1R12A;ATP6AP1;STARD8;ACTN1;PPP2R5B;OCRL;PPP2R5C;FAM91A1;SRRM1;SENP1;NISCH;CLIP1;PKP4;EVL;ITGB3BP;GARRE1;SRC;SRF;ARHGAP17;KLC1;ABR;FLNA;PLXNA1;ECT2;CLASP1;PAK4;CLASP2;REPS1;CENPU;KDM4C;RCC2;LIMK2;MACO1;PTPN13;PTK2;KTN1;WDR11;VANGL1;SLC4A7;NSFL1C;CENPI;SHKBP1;DLG5;NF2;CENPP,Spen,rmats,1002,Reactome_2022
Vesicle-mediated Transport R-HSA-5653656,54/637,0.013424567541501276,1.7992379008619754,16.31958325532245,USP6NL;APP;SCARB1;MCFD2;HIP1;TFRC;ITSN1;PRKAG2;GCC2;PIK3C2A;GOLGA4;PPP6R3;TRAPPC13;EXOC7;DENND2A;TSC2;CSNK1D;KIF23;OCRL;EPS15L1;PRKAB1;EPN2;GAK;RINT1;TRAPPC6A;BIN1;KIFC1;NAA35;RIN3;DENND6B;EXOC1;SRC;STX16;GOSR2;STX18;KLC1;GGA1;TBC1D14;PIP5K1C;EPS15;SEC31A;REPS1;SNAPIN;ANKRD27;TRAPPC9;AP2B1;PUM1;NECAP2;SEC23IP;GOLGB1;CHMP2A;COPG2;VPS45;SEC24C,Spen,rmats,1002,Reactome_2022
Regulation Of TP53 Activity Thru Phosphorylation R-HSA-6804756,14/90,0.015662063564182014,3.5279671851694014,31.11952887453475,PRKAA1;TBP;PRKAG2;BRCA1;PRKAB1;RAD50;EXO1;CHEK2;RBBP8;MDM2;MAPKAPK5;MDM4;ATRIP;TAF2,Spen,rmats,1002,Reactome_2022
M Phase R-HSA-68886,36/380,0.018931670425508536,2.020872454138379,17.266746623182996,CEP57;AHCTF1;ANAPC15;ANAPC16;PSMD14;PDS5A;HAUS8;PRKAR2B;CEP72;PCNT;CLASP1;CEP78;NDEL1;CLASP2;CENPU;NEK9;IST1;ODF2;RCC2;PPP2R5B;CSNK1D;KIF23;VRK1;HAUS6;PPP2R5C;SIRT2;EML4;CLIP1;MAU2;STAG2;ESPL1;CENPI;CHMP2A;NCAPD3;CENPP;ITGB3BP,Spen,rmats,1002,Reactome_2022
Transcriptional Regulation By TP53 R-HSA-3700989,34/354,0.020140657993365493,2.0501420454545456,17.225820344376064,PRKAA1;MEAF6;CCNT1;COX18;PRKAG2;BRCA1;PIP4P1;EXO1;CHEK2;RBBP8;PMS2;EP300;BID;RFFL;ATRIP;MAP2K6;SURF1;TBP;TXNRD1;TSC2;GTF2H1;CNOT10;FANCC;PPP2R5C;PRKAB1;PML;RAD50;TFDP2;RRAGB;AGO2;MDM2;MAPKAPK5;MDM4;TAF2,Spen,rmats,1002,Reactome_2022
EML4 And NUDC In Mitotic Spindle Formation R-HSA-9648025,14/97,0.027520463548372634,3.2292327203551046,25.885399427972153,NEK9;CENPU;AHCTF1;RCC2;PPP2R5B;PPP2R5C;EML4;CLIP1;CENPI;CENPP;ITGB3BP;CLASP1;NDEL1;CLASP2,Spen,rmats,1002,Reactome_2022
Regulation Of PLK1 Activity At G2/M Transition R-HSA-2565942,13/87,0.028760497100661076,3.36146257480939,26.49045147177729,CEP57;BORA;PPP1R12A;ODF2;CSNK1D;HAUS6;HAUS8;PRKAR2B;CEP72;BTRC;PCNT;CLASP1;CEP78,Spen,rmats,1002,Reactome_2022
Chromatin Modifying Enzymes R-HSA-3247509,25/238,0.028760497100661076,2.2567166904531932,17.68894739342424,KMT2E;KDM5C;KDM3A;HDAC10;MEAF6;SETD6;MTA1;NSD2;EP400;EP300;KMT5B;BRD8;TBL1X;KAT14;KDM6A;PBRM1;SMARCC2;KDM4C;DNMT3A;ARID1B;NCOR2;ZZZ3;NCOR1;TADA3;EZH2,Spen,rmats,1002,Reactome_2022
DNA Repair R-HSA-73894,30/310,0.029731073739373573,2.0632716049382718,15.893540374741836,MUS81;PRKDC;PNKP;BRCA1;BABAM2;HERC2;EXO1;CHEK2;NSD2;USP1;RBBP8;PMS2;EP300;POLI;ATRIP;POLE;NHEJ1;MUTYH;FANCM;UBE2B;GTF2H1;FANCC;RAD23A;FANCE;TERF2;FANCG;RAD52;RAD50;ERCC8;ERCC6,Spen,rmats,1002,Reactome_2022
Energy Dependent Regulation Of mTOR By LKB1-AMPK R-HSA-380972,7/29,0.029731073739373573,6.068158976701691,46.64825852187331,PRKAA1;CAB39L;STRADA;RRAGB;PRKAG2;TSC2;PRKAB1,Spen,rmats,1002,Reactome_2022
Cell Cycle Checkpoints R-HSA-69620,27/271,0.03306982624279336,2.1284489281210592,15.9952893133295,AHCTF1;ANAPC15;ANAPC16;PSMD14;BRCA1;BABAM2;HERC2;EXO1;CHEK2;NSD2;RBBP8;ATRIP;CLASP1;NDEL1;CLASP2;CENPU;RCC2;PPP2R5B;PPP2R5C;CLIP1;RAD50;DBF4;CENPI;MDM2;MDM4;CENPP;ITGB3BP,Spen,rmats,1002,Reactome_2022
Macroautophagy R-HSA-1632852,15/114,0.03306982624279336,2.901200454391944,21.688194867269544,PRKAA1;MTERF3;SRC;TSC2;PRKAG2;AMBRA1;ATG13;PRKAB1;RRAGB;RB1CC1;PEX5;NBR1;CHMP2A;PCNT;ATG5,Spen,rmats,1002,Reactome_2022
Post-translational Protein Modification R-HSA-597592,96/1383,0.03764418085450078,1.4581680277044515,10.640610939053383,APP;MCFD2;PIGO;PIGQ;LRR1;POMT1;KEAP1;OTUD7B;BRCA1;SMC6;PIGX;BABAM2;NANP;HERC2;PPP6R3;GMPPA;EP300;TRIM26;BTRC;MAP3K7;NUDT14;USP8;RAB2B;USP48;EGFL7;FBXW5;ALG9;RING1;RIPK2;COMMD10;USP3;APLP2;FBXO17;NSMCE2;DNMT3A;ALG3;ALG13;RAD23A;CSNK1D;JOSD2;POMGNT1;CAMKMT;SENP1;TPST2;NCOR2;TRAPPC6A;DMTF1;PEX5;UHRF2;PSMD14;PRKDC;GOSR2;DCUN1D2;UAP1;DNAJC24;UBE2J2;ADAMTS10;HDAC7;FUT8;MTA1;TNKS2;DPH3;NRIP1;EEF2KMT;DPH6;SEC31A;ST3GAL3;B3GALNT2;CTSA;MBTPS1;PHC1;UBE2B;FBXL19;TRAPPC9;USP28;PML;KTN1;FBXL12;PUM2;RNF146;RAD52;SEC23IP;TTLL4;STAG2;TNIP1;DOLPP1;GOLGB1;TADA3;MDM2;CALU;ASB7;ERCC8;MDM4;COPG2;SEC24C;EEF1AKMT2,Spen,rmats,1002,Reactome_2022
Resolution Of Sister Chromatid Cohesion R-HSA-2500257,14/106,0.04365546559197434,2.911943319838057,20.682298647862893,CENPU;AHCTF1;RCC2;PPP2R5B;PPP2R5C;PDS5A;CLIP1;STAG2;CENPI;CENPP;ITGB3BP;CLASP1;NDEL1;CLASP2,Spen,rmats,1002,Reactome_2022
RHO GTPases Activate Formins R-HSA-5663220,15/119,0.04528719623652023,2.760989010989011,19.386086506374173,CENPU;AHCTF1;SRC;RCC2;SRF;PPP2R5B;PPP2R5C;CLIP1;CENPI;EVL;CENPP;ITGB3BP;CLASP1;NDEL1;CLASP2,Spen,rmats,1002,Reactome_2022
tRNA Aminoacylation R-HSA-379724,8/42,0.04696766181805216,4.489051958811694,31.027483002263576,RARS2;AARS2;SARS2;PPA2;NARS2;DARS2;TARS2;FARS2,Spen,rmats,1002,Reactome_2022
Activation Of AMPK Downstream Of NMDARs R-HSA-9619483,4/10,0.04696766181805216,12.686706746826987,87.2460093846956,PRKAA1;PRKAG2;PRKAB1;CAMKK2,Spen,rmats,1002,Reactome_2022
Cilium Assembly R-HSA-5617833,20/186,0.04696766181805216,2.310504748116703,15.776637426738628,CEP57;IQCB1;C2CD3;ODF2;EXOC7;IFT122;CSNK1D;HAUS6;ASAP1;LZTFL1;ATAT1;IFT43;HAUS8;PRKAR2B;TCTN2;CEP72;PCNT;CLASP1;CEP78;EXOC1,Spen,rmats,1002,Reactome_2022
Anchoring Of Basal Body To Plasma Membrane R-HSA-5620912,13/97,0.04696766181805216,2.9597236265588136,20.19907999909599,CEP57;IQCB1;C2CD3;ODF2;CSNK1D;HAUS6;HAUS8;PRKAR2B;TCTN2;CEP72;PCNT;CLASP1;CEP78,Spen,rmats,1002,Reactome_2022
RND2 GTPase Cycle R-HSA-9696270,8/43,0.04785161569861439,4.3605633802816905,29.43467145548068,NISCH;VANGL1;TFRC;DLG5;ARHGAP1;PKP4;PTPN13;KTN1,Spen,rmats,1002,Reactome_2022
Mitotic Spindle Checkpoint R-HSA-69618,14/110,0.04785161569861439,2.790021929824561,18.789531579967903,CENPU;AHCTF1;ANAPC15;ANAPC16;RCC2;PPP2R5B;PPP2R5C;CLIP1;CENPI;CENPP;ITGB3BP;CLASP1;NDEL1;CLASP2,Spen,rmats,1002,Reactome_2022
Transcriptional Regulation By E2F6 R-HSA-8953750,7/34,0.04941636579433225,4.943123022520007,32.9630570476663,PHC1;RING1;TFDP2;RBBP8;BRCA1;E2F6;EZH2,Spen,rmats,1002,Reactome_2022
Cell Cycle,69/649,3.817774169717482e-6,2.34845326532875,46.205287770820725,CEP57;AHCTF1;BRCA1;FOXM1;HERC2;EXO1;MIS18BP1;CHEK2;PPP6R3;EP300;BTRC;POLE;NDEL1;PPP1R12A;BORA;ESCO1;IST1;ATRX;PPP2R5B;VRK1;HAUS6;CSNK1D;KIF23;PPP2R5C;TERF2;SIRT2;EML4;CLIP1;MAU2;DBF4;SHQ1;ESPL1;TFDP2;DKC1;ITGB3BP;ANAPC15;ANAPC16;PSMD14;SRC;PDS5A;SYCE2;HAUS8;PRKAR2B;NSD2;RBBP8;CEP72;PCNT;ATRIP;E2F6;CLASP1;CEP78;CLASP2;CDKN2D;CENPU;NEK9;ODF2;RCC2;CDK11B;POLA1;RAD50;STAG1;STAG2;CENPI;MDM2;CHMP2A;MDM4;RAD1;NCAPD3;CENPP,Spen,rmats,1002,Reactome_Pathways_2024
"Cell Cycle, Mitotic",51/516,0.001952752654738684,2.1373833994776295,27.173697277867717,CEP57;AHCTF1;FOXM1;EP300;BTRC;POLE;NDEL1;PPP1R12A;BORA;ESCO1;IST1;PPP2R5B;VRK1;HAUS6;CSNK1D;KIF23;PPP2R5C;SIRT2;EML4;CLIP1;MAU2;DBF4;ESPL1;TFDP2;ITGB3BP;ANAPC15;ANAPC16;PSMD14;SRC;PDS5A;HAUS8;PRKAR2B;CEP72;PCNT;E2F6;CLASP1;CEP78;CLASP2;CDKN2D;CENPU;NEK9;ODF2;RCC2;CDK11B;POLA1;STAG1;STAG2;CENPI;CHMP2A;NCAPD3;CENPP,Spen,rmats,1002,Reactome_Pathways_2024
Mitochondrial tRNA Aminoacylation,8/21,0.001952752654738684,11.753598514161894,145.02570374282917,RARS2;AARS2;SARS2;PPA2;NARS2;DARS2;TARS2;FARS2,Spen,rmats,1002,Reactome_Pathways_2024
Mitotic Prometaphase,26/203,0.0035932097962677024,2.8326502732240435,32.409332614668976,CEP57;AHCTF1;PDS5A;HAUS8;PRKAR2B;CEP72;PCNT;CLASP1;CEP78;NDEL1;CLASP2;CENPU;NEK9;ODF2;RCC2;PPP2R5B;CSNK1D;HAUS6;PPP2R5C;EML4;STAG1;CLIP1;STAG2;CENPI;CENPP;ITGB3BP,Spen,rmats,1002,Reactome_Pathways_2024
Signaling by Rho GTPases,58/672,0.0077084254582188245,1.8396179539557225,18.659827163057944,AHCTF1;TFRC;FAM13B;ITSN1;FAF2;ARHGAP1;AKAP13;SYDE1;NCK2;ANKFY1;NDEL1;PLEKHG3;PPP1R12A;ATP6AP1;STARD8;ACTN1;PPP2R5B;OCRL;PPP2R5C;FAM91A1;SRRM1;SENP1;NISCH;CLIP1;PKP4;EVL;ITGB3BP;GARRE1;SRC;SRF;ARHGAP19;ARHGAP17;KLC1;ABR;CHN1;FLNA;PLXNA1;ECT2;CLASP1;PAK4;CLASP2;CENPU;KDM4C;RCC2;LIMK2;MACO1;PTPN13;PTK2;KTN1;WDR11;VANGL1;SLC4A7;NSFL1C;CENPI;SHKBP1;DLG5;NF2;CENPP,Spen,rmats,1002,Reactome_Pathways_2024
Organelle Biogenesis and Maintenance,32/297,0.0077084254582188245,2.3320599105232445,23.624821580609748,CEP57;ATF2;C2CD3;CRTC1;PRKAG2;ASAP1;HAUS8;PRKAR2B;TCTN2;CEP72;TBL1X;PCNT;GABPA;CLASP1;CEP78;DMAC2L;IQCB1;ATP5PD;EXOC7;NCOA6;ODF2;IFT122;CSNK1D;HAUS6;PRKAB1;LZTFL1;MAPK12;ATAT1;NCOR1;CREB1;IFT43;EXOC1,Spen,rmats,1002,Reactome_Pathways_2024
Regulation of TP53 Activity Through Phosphorylation,15/92,0.0077084254582188245,3.734457032329373,37.01188229159181,PRKAA1;TBP;PRKAG2;BRCA1;PRKAB1;RAD50;EXO1;CHEK2;RBBP8;MDM2;MAPKAPK5;MDM4;RAD1;ATRIP;TAF2,Spen,rmats,1002,Reactome_Pathways_2024
Regulation of TP53 Activity,21/160,0.0077084254582188245,2.9043847490814687,28.69197053230044,PRKAA1;TBP;MEAF6;PRKAG2;BRCA1;PPP2R5C;PRKAB1;PML;RAD50;EXO1;CHEK2;MDM2;RBBP8;EP300;MAPKAPK5;MDM4;RAD1;RFFL;ATRIP;TAF2;MAP2K6,Spen,rmats,1002,Reactome_Pathways_2024
Membrane Trafficking,55/633,0.0077084254582188245,1.8508639557444195,18.262748572418943,USP6NL;APP;MCFD2;HIP1;TFRC;ITSN1;PRKAG2;GCC2;PIK3C2A;GOLGA4;PPP6R3;TRAPPC13;POLG;EXOC7;DENND2A;TSC2;CSNK1D;KIF23;OCRL;EPS15L1;PRKAB1;EPN2;GAK;RINT1;TRAPPC6A;BIN1;KIFC1;NAA35;RIN3;DENND6B;EXOC1;SRC;STX16;GOSR2;STX18;COPS7B;KLC1;GGA1;TBC1D14;PIP5K1C;EPS15;SEC31A;REPS1;SNAPIN;ANKRD27;TRAPPC9;AP2B1;PUM1;NECAP2;SEC23IP;GOLGB1;CHMP2A;COPG2;VPS45;SEC24C,Spen,rmats,1002,Reactome_Pathways_2024
M Phase,37/372,0.007851521440543706,2.136048256128683,20.812359975181227,CEP57;AHCTF1;ANAPC15;ANAPC16;PSMD14;PDS5A;HAUS8;PRKAR2B;CEP72;PCNT;CLASP1;CEP78;NDEL1;CLASP2;CENPU;NEK9;IST1;ODF2;RCC2;PPP2R5B;CSNK1D;KIF23;VRK1;HAUS6;PPP2R5C;SIRT2;EML4;STAG1;CLIP1;MAU2;STAG2;ESPL1;CENPI;CHMP2A;NCAPD3;CENPP;ITGB3BP,Spen,rmats,1002,Reactome_Pathways_2024
"Signaling by Rho GTPases, Miro GTPases and RHOBTB3",58/688,0.00919190691779501,1.791337099811676,17.000627123487835,AHCTF1;TFRC;FAM13B;ITSN1;FAF2;ARHGAP1;AKAP13;SYDE1;NCK2;ANKFY1;NDEL1;PLEKHG3;PPP1R12A;ATP6AP1;STARD8;ACTN1;PPP2R5B;OCRL;PPP2R5C;FAM91A1;SRRM1;SENP1;NISCH;CLIP1;PKP4;EVL;ITGB3BP;GARRE1;SRC;SRF;ARHGAP19;ARHGAP17;KLC1;ABR;CHN1;FLNA;PLXNA1;ECT2;CLASP1;PAK4;CLASP2;CENPU;KDM4C;RCC2;LIMK2;MACO1;PTPN13;PTK2;KTN1;WDR11;VANGL1;SLC4A7;NSFL1C;CENPI;SHKBP1;DLG5;NF2;CENPP,Spen,rmats,1002,Reactome_Pathways_2024
Epigenetic Regulation of Gene Expression,30/291,0.016953535942016866,2.2157182725509674,19.479051688528187,ZCCHC8;AKAP8L;TTF1;TAF1D;MTA1;TAF1A;EP300;TASP1;TBL1X;RBM7;KAT14;KDM6A;SS18;SMARCC2;TBP;NCOA6;DNMT3A;GTF2H1;ARID1B;MED7;MED23;NCOR2;PHF20L1;ZZZ3;NCOR1;MED20;MTF2;TADA3;ERCC6;EZH2,Spen,rmats,1002,Reactome_Pathways_2024
DNA Repair,31/312,0.023753398322253972,2.126534262289675,17.80762248390327,MUS81;PRKDC;PNKP;COPS7B;BRCA1;HERC2;EXO1;CHEK2;NSD2;USP1;RBBP8;PMS2;POLI;ATRIP;POLE;NHEJ1;MUTYH;FANCM;UBE2B;GTF2H1;FANCC;RAD23A;FANCE;TERF2;FANCG;RAD52;RAD50;ERCC8;RAD1;ERCC6;BAP1,Spen,rmats,1002,Reactome_Pathways_2024
Mitotic Telophase Cytokinesis,5/13,0.026873007833771907,11.90446339017051,97.09486169386273,MAU2;STAG1;STAG2;KIF23;PDS5A,Spen,rmats,1002,Reactome_Pathways_2024
Cell Cycle Checkpoints,27/261,0.026873007833771907,2.2205917159763313,18.003478341142536,AHCTF1;ANAPC15;ANAPC16;PSMD14;BRCA1;HERC2;EXO1;CHEK2;NSD2;RBBP8;ATRIP;CLASP1;NDEL1;CLASP2;CENPU;RCC2;PPP2R5B;PPP2R5C;CLIP1;RAD50;DBF4;CENPI;MDM2;RAD1;MDM4;CENPP;ITGB3BP,Spen,rmats,1002,Reactome_Pathways_2024
Regulation of PLK1 Activity at G2 M Transition,13/87,0.02931089793063659,3.36146257480939,26.49045147177729,CEP57;BORA;PPP1R12A;ODF2;CSNK1D;HAUS6;HAUS8;PRKAR2B;CEP72;BTRC;PCNT;CLASP1;CEP78,Spen,rmats,1002,Reactome_Pathways_2024
Chromatin Modifying Enzymes,25/238,0.02931089793063659,2.2567166904531932,17.68894739342424,ATF2;KDM5C;KDM3A;HDAC10;MEAF6;SETD6;MTA1;NSD2;EP400;EP300;KMT5B;BRD8;TBL1X;KAT14;KDM6A;PBRM1;SMARCC2;KDM4C;DNMT3A;ARID1B;NCOR2;ZZZ3;NCOR1;TADA3;EZH2,Spen,rmats,1002,Reactome_Pathways_2024
Chromatin Organization,25/238,0.02931089793063659,2.2567166904531932,17.68894739342424,ATF2;KDM5C;KDM3A;HDAC10;MEAF6;SETD6;MTA1;NSD2;EP400;EP300;KMT5B;BRD8;TBL1X;KAT14;KDM6A;PBRM1;SMARCC2;KDM4C;DNMT3A;ARID1B;NCOR2;ZZZ3;NCOR1;TADA3;EZH2,Spen,rmats,1002,Reactome_Pathways_2024
Energy Dependent Regulation of mTOR by LKB1-AMPK,7/29,0.03229347314026398,6.068158976701691,46.64825852187331,PRKAA1;CAB39L;STRADA;RRAGB;PRKAG2;TSC2;PRKAB1,Spen,rmats,1002,Reactome_Pathways_2024
Transcriptional Regulation by TP53,33/362,0.046531521110559075,1.9324813912127001,14.050732638873793,ATF2;PRKAA1;MEAF6;CCNT1;PRKAG2;BRCA1;EXO1;CHEK2;RBBP8;PMS2;EP300;BID;RFFL;ATRIP;MAP2K6;TBP;TXNRD1;TSC2;GTF2H1;CNOT10;FANCC;PPP2R5C;PRKAB1;PML;RAD50;TFDP2;RRAGB;AGO2;MDM2;RAD1;MAPKAPK5;MDM4;TAF2,Spen,rmats,1002,Reactome_Pathways_2024
Mitotic Anaphase,23/221,0.047904445544950894,2.2306827209789417,16.04520215551846,CENPU;AHCTF1;ANAPC15;ANAPC16;PSMD14;IST1;RCC2;PPP2R5B;VRK1;PPP2R5C;PDS5A;SIRT2;STAG1;CLIP1;STAG2;ESPL1;CENPI;CHMP2A;CENPP;ITGB3BP;CLASP1;NDEL1;CLASP2,Spen,rmats,1002,Reactome_Pathways_2024
Mitotic Metaphase and Anaphase,23/222,0.04865690762001523,2.2193552029811983,15.825889674450998,CENPU;AHCTF1;ANAPC15;ANAPC16;PSMD14;IST1;RCC2;PPP2R5B;VRK1;PPP2R5C;PDS5A;SIRT2;STAG1;CLIP1;STAG2;ESPL1;CENPI;CHMP2A;CENPP;ITGB3BP;CLASP1;NDEL1;CLASP2,Spen,rmats,1002,Reactome_Pathways_2024
Mitochondrial tRNA aminoacylation,9/21,3.064154826400415e-4,14.33987915407855,214.15632310596538,RARS2;AARS2;SARS2;KARS;PPA2;NARS2;DARS2;TARS2;FARS2,Spen,rmats,1002,BioPlanet_2019
"BRCA1, BRCA2 and ATR roles in cancer susceptibility",8/22,0.003085298485759216,10.913480885311872,130.21648509460218,RAD50;CHEK2;MRE11A;FANCC;RAD1;BRCA1;FANCE;FANCG,Spen,rmats,1002,BioPlanet_2019
Cell cycle,45/453,0.003132379110071632,2.142494929006085,24.662473643878513,CEP57;AHCTF1;PSMD14;PRKDC;BRCA1;CDC14B;HDAC7;SYCE2;PRKAR2B;MIS18BP1;CHEK2;CEP72;EP300;BTRC;PCNT;ATRIP;E2F6;POLE;CLASP1;CEP78;NDEL1;CLASP2;CDKN2D;CENPU;ODF2;RCC2;PPP2R5B;CSNK1D;KIF23;PPP2R5C;TERF2;CDK11B;POLA1;CLIP1;STAG1;DBF4;STAG2;ESPL1;TFDP2;CENPI;DKC1;MDM2;RAD1;CENPP;ITGB3BP,Spen,rmats,1002,BioPlanet_2019
MicroRNA regulation of DNA damage response,13/70,0.009024141651717698,4.367924360952938,44.401294156697105,MRE11A;BRCA1;PML;RAD52;RAD50;CREB1;CHEK2;TLK2;MDM2;TLK1;RAD1;BID;ATRIP,Spen,rmats,1002,BioPlanet_2019
BARD1 signaling events,8/29,0.011017030073320023,7.272971160295104,70.16979161582039,RAD50;PRKDC;RBBP8;MRE11A;FANCC;BRCA1;FANCE;FANCG,Spen,rmats,1002,BioPlanet_2019
Transfer RNA aminoacylation,10/46,0.011017030073320023,5.309699820788531,50.45419381041811,RARS2;AARS2;SARS2;KARS;PPA2;NARS2;DARS2;TARS2;FARS2;PSTK,Spen,rmats,1002,BioPlanet_2019
M phase pathway,15/96,0.011017030073320023,3.549288903898833,33.38515381415696,CENPU;AHCTF1;RCC2;PPP2R5B;KIF23;PPP2R5C;CLIP1;STAG1;STAG2;CENPI;CENPP;ITGB3BP;CLASP1;NDEL1;CLASP2,Spen,rmats,1002,BioPlanet_2019
Energy-dependent regulation of mTOR by LKB1-AMPK,6/17,0.01402874229213865,10.398138006571742,93.90512100041225,PRKAA1;CAB39L;STRADA;PRKAG2;TSC2;PRKAB1,Spen,rmats,1002,BioPlanet_2019
Androgen receptor proteolysis and transcription regulation,11/61,0.02055639993008987,4.206417759838547,35.885405573902716,KDM3A;HIP1;KDM4C;NCOA6;PRKDC;SRF;NRIP1;UBE3A;BRCA1;CDK11B;APPL1,Spen,rmats,1002,BioPlanet_2019
DNA repair,15/105,0.021572629602543227,3.192840256670044,26.748002557591192,FANCM;PRKDC;MRE11A;FANCC;GTF2H1;BRCA1;FANCE;FANCG;RAD52;RAD50;USP1;ERCC8;ERCC6;POLE;MUTYH,Spen,rmats,1002,BioPlanet_2019
BRCA1-dependent ubiquitin ligase activity,4/8,0.03178131643340371,19.03206412825651,150.2530337398417,FANCC;BRCA1;FANCE;FANCG,Spen,rmats,1002,BioPlanet_2019
Homologous recombination,7/29,0.03584543337729102,6.068158976701691,46.64825852187331,MUS81;TOP3B;RAD52;RAD50;RAD54L;MRE11A;RAD54B,Spen,rmats,1002,BioPlanet_2019
mTOR signaling pathway,15/113,0.03720029006933188,2.9309596178897093,22.18806572039914,EIF4A2;PRKAA1;CAB39L;STRADA;VEGFB;TSC2;ATG13;PML;IKBKB;CLIP1;RRAGB;RB1CC1;RPS6KB2;EIF4E2;EIF4G3,Spen,rmats,1002,BioPlanet_2019
Fanconi anemia pathway,6/22,0.03896192402724977,7.1468373493975905,53.24295939454722,FANCM;USP1;FANCC;BRCA1;FANCE;FANCG,Spen,rmats,1002,BioPlanet_2019
RNA Binding (GO:0003723),129/1411,7.160429744328361e-9,2.0419876588877988,51.272402649923656,EIF4A2;DBR1;TFRC;FMR1;SPPL2B;NUDT1;MKI67;NUSAP1;FBRSL1;UBAP2L;MTPAP;CAST;RARS2;DIMT1;SECISBP2;ACTN1;PUS1;ALG13;LARP4B;GTPBP1;SRRM1;ILF3;DKC1;ZC3H11A;ANKRD17;ZCCHC8;AARS2;PRKDC;MAZ;RTN4;MTDH;DHX30;HNRNPDL;DHX33;PCBP2;ERI3;G3BP2;SERPINH1;SAFB2;UTP20;RBM10;MARK2;SRPK2;TIA1;RCC2;KNOP1;UPF3B;PUM1;CLK3;PRRC2B;PUM2;SRPK1;SETX;HNRNPL;TBL2;FUBP3;GOLGB1;AGO2;RNPS1;EIF4G3;SUGP2;RBM25;TUT7;RBM26;CELF1;AKAP8L;BRCA1;ZCCHC17;TENT4B;YBX3;RPGR;FARS2;SMG6;LRRFIP1;RBM7;RBM5;RBM33;PSTK;TOP3B;WDR36;DDX55;RBM18;ZFR;SPATS2;DARS2;TRNAU1AP;REXO4;DUS2;SARS2;PKM;SLTM;HNRNPH1;ESRP1;RPUSD3;HNRNPH2;EIF4E2;LUC7L2;STAU1;SRF;PARN;RBM4B;TBRG4;MTHFSD;UNK;FIP1L1;U2AF2;PES1;FAM120A;FLNA;RALY;CFAP20;RBM39;MYEF2;GPKOW;YTHDF3;KRR1;YLPM1;RSRC2;RRP1B;TPD52L2;APTX;CDK11B;KTN1;SEC23IP;CMSS1;TNIP1;ZYX;ACIN1;R3HDM1,Spen,rmats,1002,GO_Molecular_Function_2023
GTPase Binding (GO:0051020),30/225,2.858081807723773e-4,2.9761000316555872,41.133906265080306,USP6NL;GARRE1;ARHGAP1;GCC2;CIB1;AMBRA1;C9ORF72;YBX3;RASIP1;STRN3;AKAP13;GGA1;GOLGA4;XPO4;ANKFY1;FLNA;SH3BP4;ERC1;PLEKHG3;HACE1;ANKRD27;ATP6AP1;RCC2;TSC2;OCRL;CYRIB;RNF41;RRAGB;PEX5;RIN3,Spen,rmats,1002,GO_Molecular_Function_2023
Small GTPase Binding (GO:0031267),27/199,4.6723816351106474e-4,3.0310196779964222,39.174199220912165,USP6NL;GARRE1;ARHGAP1;GCC2;CIB1;C9ORF72;YBX3;STRN3;AKAP13;GGA1;GOLGA4;XPO4;ANKFY1;FLNA;SH3BP4;ERC1;PLEKHG3;HACE1;ANKRD27;ATP6AP1;RCC2;TSC2;OCRL;CYRIB;RNF41;PEX5;RIN3,Spen,rmats,1002,GO_Molecular_Function_2023
Protein Serine/Threonine Kinase Activity (GO:0004674),35/342,0.007439791089694578,2.203615062536001,21.74745102648438,PRKAA1;PRKDC;CAMKK2;IKBKB;IRAK1;CHEK2;STK16;PHKG2;TLK2;TLK1;MAP3K7;MARK3;MARK2;PAK4;MAP2K6;SRPK2;NEK9;RIPK2;LIMK2;MOK;CSNK1D;VRK1;PASK;PRKAB1;CLK4;CDK11B;CLK3;ACVR2A;MAPK12;SRPK1;CLK2;RPS6KB2;MAPKAPK5;CSNK1G2;CAMK1G,Spen,rmats,1002,GO_Molecular_Function_2023
Ubiquitin-Like Protein Transferase Activity (GO:0019787),27/240,0.0086245693448176,2.4422535211267604,23.196700705937303,UHRF2;MGRN1;UBE3A;BRCA1;ZNRF1;RNF115;RNF214;SHARPIN;BTRC;ATG5;HACE1;UBE2B;SMURF1;NSMCE2;WWP1;CHFR;PML;RNF41;RNF146;TTC3;MDM2;ERCC8;MDM4;BIRC6;RBCK1;TRIM11;TRIM33,Spen,rmats,1002,GO_Molecular_Function_2023
Ubiquitin Binding (GO:0043130),13/80,0.01541162925089211,3.7140334726770594,32.44298667651621,ILRUN;USPL1;FAF2;RNF19B;RAD23A;SIRT2;NSFL1C;SHARPIN;NBR1;MDM2;MARCHF7;RBCK1;MAP3K7,Spen,rmats,1002,GO_Molecular_Function_2023
Double-Stranded RNA Binding (GO:0003725),11/65,0.028895240035665633,3.894009044362223,30.967256041769414,DUS2;DHX30;ILF3;TFRC;DHX33;ACTN1;ZFR;AGO2;LRRFIP1;APTX;MTDH,Spen,rmats,1002,GO_Molecular_Function_2023
Ubiquitin-Protein Transferase Activity (GO:0004842),37/412,0.032574617798323956,1.904113298791019,14.660054643436172,UHRF2;MGRN1;RNF19B;UBE3A;BRCA1;UBE2J2;RPGR;ZNRF1;RNF115;RNF214;HERC2;SHARPIN;RNF215;RNF138;TRIM24;TRIM26;RFFL;BTRC;HACE1;RING1;UBE2B;SMURF1;FBXO17;WWP1;CHFR;RNF41;RNF146;RNF149;TTC3;MDM2;ERCC8;MDM4;BIRC6;RBCK1;TRIM33;TRIM11;RNF121,Spen,rmats,1002,GO_Molecular_Function_2023
Methylation-Dependent Protein Binding (GO:0140034),11/68,0.03357309309657865,3.688476994706747,27.852338210159413,PHF20L1;KMT2E;MBTD1;ZZZ3;FMR1;MTF2;TRIM24;NCAPD3;JMJD7;ZMYND11;BPTF,Spen,rmats,1002,GO_Molecular_Function_2023
GTPase Regulator Activity (GO:0030695),37/424,0.04453136256372649,1.843882127699455,13.208366602719263,USP6NL;TBC1D9B;FAM13B;ITSN1;NPRL3;ARHGAP1;ARHGAP19;AGAP1;ARHGAP17;ASAP1;C9ORF72;RCBTB2;RIC8A;EEF1B2;AKAP13;SYDE1;FLCN;HERC2;SIPA1L1;CHN1;SH3BP4;SIRPA;TBC1D14;BRD8;ECT2;GARNL3;PLEKHG3;ANKRD27;RANBP3;STARD8;DENND2A;TSC2;OCRL;RIN3;DENND6B;RGS12;RGL2,Spen,rmats,1002,GO_Molecular_Function_2023
GTPase Activator Activity (GO:0005096),22/211,0.04943440447600435,2.2340891912320484,15.557266447091658,USP6NL;TBC1D9B;RANBP3;FAM13B;STARD8;NPRL3;ARHGAP1;ARHGAP19;AGAP1;TSC2;OCRL;ARHGAP17;ASAP1;SYDE1;FLCN;SIPA1L1;CHN1;TBC1D14;RGS12;BRD8;ECT2;GARNL3,Spen,rmats,1002,GO_Molecular_Function_2023
DNA Repair (GO:0006281),45/291,4.33041373930973e-8,3.584371893875679,89.38626108437768,MUS81;PRKDC;TEX264;FMR1;PNKP;NUDT1;CIB1;BRCA1;PDS5A;BABAM2;HPF1;MTA1;EXO1;CHEK2;NSD2;EP400;RBBP8;PMS2;POLI;KMT5B;ATRIP;POLE;NHEJ1;PMS1;MUTYH;CDKN2D;FANCM;UBE2B;USP3;ATRX;RECQL;GTF2H1;FANCC;RAD23A;FANCE;APTX;FANCG;REXO4;SETX;RAD52;POLA1;RAD50;ERCC8;TRIP13;ERCC6,Spen,rmats,1002,GO_Biological_Process_2023
DNA Damage Response (GO:0006974),44/384,2.8277140853623497e-4,2.5204224487289695,38.00566489783722,MUS81;ATF2;PRKDC;FMR1;BRAT1;PNKP;NUDT1;CIB1;SMC6;BRCA1;PDS5A;BABAM2;HPF1;HERC2;EXO1;CHEK2;EP400;TLK2;RBBP8;POLI;KMT5B;TRAPPC13;BID;ATRIP;MAP2K6;MUTYH;UBE2B;NCOA6;USP3;ATRX;RECQL;GTF2H1;VRK1;FANCC;ZDHHC16;USP28;FANCG;REXO4;MAPK12;PML;SETX;POLA1;RAD50;ERCC8,Spen,rmats,1002,GO_Biological_Process_2023
Double-Strand Break Repair (GO:0006302),26/168,2.8277140853623497e-4,3.5374047564072963,53.255689252105135,MUS81;PSMD14;PRKDC;PNKP;CIB1;SMC6;BRCA1;RAD54B;MBTD1;BABAM2;HPF1;MTA1;RNF138;CHEK2;NSD2;RBBP8;SMARCAD1;NHEJ1;NSMCE2;RECQL;SETX;RAD52;POLA1;MMS22L;RAD50;TRIP13,Spen,rmats,1002,GO_Biological_Process_2023
Ubiquitin-Dependent Protein Catabolic Process (GO:0006511),41/367,0.001012868644975498,2.44362020645672,32.967936026003166,WDR26;PSMD14;KEAP1;OTUD7B;RNF19B;AMBRA1;RPGR;BAG6;ZNRF1;RNF115;SHARPIN;MTA1;RNF215;PCBP2;TBL1X;BTRC;RFFL;UBL7;ATE1;HACE1;FBXW5;UBE2B;SMURF1;FBXL19;WWP1;RAD23A;ARMC8;PPP2R5C;NTAN1;USP28;SIRT2;CHFR;PML;RNF146;NSFL1C;RNF149;TTC3;CHMP2A;MDM2;ERCC8;RBCK1,Spen,rmats,1002,GO_Biological_Process_2023
Regulation Of RNA Splicing (GO:0043484),18/102,0.0015813943678405832,4.1189024390243905,52.58972610377586,SRPK2;RBM39;TIA1;CELF1;RRP1B;CLK4;CLK3;SRRM1;CLK2;SRPK1;HNRNPL;SETX;HNRNPH1;U2AF2;ESRP1;TADA3;METTL4;HNRNPH2,Spen,rmats,1002,GO_Biological_Process_2023
DNA Metabolic Process (GO:0006259),34/288,0.0015813943678405832,2.591982820329277,32.76382027975891,MUS81;PRKDC;FMR1;PNKP;NUDT1;BRCA1;PDS5A;HPF1;EXO1;CBS;EP400;RBBP8;SMARCAD1;POLI;NT5M;KMT5B;ATRIP;POLE;POLG;MUTYH;TOP3B;UBE2B;USP3;ATRX;RECQL;DONSON;GTF2H1;FANCC;TERF2;FANCG;REXO4;RAD52;POLA1;RAD50,Spen,rmats,1002,GO_Biological_Process_2023
Proteasome-Mediated Ubiquitin-Dependent Protein Catabolic Process (GO:0043161),36/319,0.0019968896291508,2.4644997037069554,30.197544560233272,ANAPC15;WDR26;ANAPC16;PSMD14;FAF2;AMBRA1;UBE2J2;ECPAS;BAG6;AMN1;ZNRF1;SHARPIN;MTA1;PCBP2;TBL1X;BTRC;RFFL;KLHDC10;FBXW5;UBE2B;SMURF1;FBXL19;FBXO17;WWP1;RAD23A;ARMC8;PPP2R5C;SIRT2;PML;TMUB2;FBXL12;NSFL1C;MDM2;ERCC8;RBCK1;RNF121,Spen,rmats,1002,GO_Biological_Process_2023
Mitotic Sister Chromatid Segregation (GO:0000070),18/111,0.0035852026487591462,3.71852871754524,42.89046380770416,AKAP8L;KIF23;EML3;EML4;WRAP73;STAG1;STAG2;ESPL1;KIFC1;CENPI;CHEK2;NUSAP1;CHMP2A;FLNA;NCAPD3;PIBF1;CLASP1;CLASP2,Spen,rmats,1002,GO_Biological_Process_2023
Protein Phosphorylation (GO:0006468),48/500,0.00394168125811514,2.064451494406412,23.268184132805775,ATF2;APP;PRKAA1;PKDCC;CCNT1;PRKDC;SRC;PRKAG2;CAMKK2;IKBKB;IRAK1;CHEK2;RB1CC1;STK16;TLK2;NEK1;TLK1;ERC1;MAP3K7;MARK3;MARK2;PAK4;SRPK2;TBP;STRADA;LIMK2;VRK1;CSNK1D;PASK;ATG13;PRKAB1;CLK4;CDK11B;PTK2;CLK3;ACVR2A;MAPK12;SRPK1;CLK2;ILF3;CREB1;TAF8;MAPKAPK5;BIRC6;COQ8A;CSNK1G2;CAMK1G;TAF2,Spen,rmats,1002,GO_Biological_Process_2023
Internal Peptidyl-Lysine Acetylation (GO:0018393),10/39,0.00394168125811514,6.5937847608453835,72.80501602512867,BAG6;MBTD1;ATAT1;PHF20L1;MEAF6;TADA3;EP400;EP300;BRD8;KAT14,Spen,rmats,1002,GO_Biological_Process_2023
Proteasomal Protein Catabolic Process (GO:0010498),27/220,0.00394168125811514,2.6982064567556794,29.778308648699603,WDR26;PSMD14;AMBRA1;BAG6;ZNRF1;SHARPIN;MTA1;PCBP2;TBL1X;BTRC;RFFL;ATE1;FBXW5;UBE2B;SMURF1;FBXL19;WWP1;RAD23A;ARMC8;PPP2R5C;SIRT2;PML;RNF41;NSFL1C;MDM2;ERCC8;RBCK1,Spen,rmats,1002,GO_Biological_Process_2023
Peptidyl-Lysine Modification (GO:0018205),16/94,0.00394168125811514,3.936131481770427,43.43127076938664,USPL1;HDAC10;ESCO1;UHRF2;NSMCE2;PLOD3;PLOD1;SMC6;SIRT2;PML;SENP1;SENP6;NNAT;MDM2;EP300;EEF1AKMT2,Spen,rmats,1002,GO_Biological_Process_2023
Regulation Of mRNA Processing (GO:0050684),9/35,0.00937581305759311,6.6135254473623055,66.71347718127006,SRPK2;RBM39;TIA1;SLTM;PAPOLA;SAFB2;CDK11B;SRPK1;SRRM1,Spen,rmats,1002,GO_Biological_Process_2023
Protein Autoubiquitination (GO:0051865),13/71,0.009412378962991127,4.292388689376242,42.96436376503366,UHRF2;UBE2B;RNF19B;UBE3A;BRCA1;RNF41;RNF146;BABAM2;RNF115;MDM2;MARCHF7;ERCC8;TRIM11,Spen,rmats,1002,GO_Biological_Process_2023
Mitotic Spindle Assembly (GO:0090307),10/44,0.009725840747005983,5.6226280834914615,55.707179804874166,WRAP73;STAG1;STAG2;KIFC1;CHEK2;FLNA;KIF23;PIBF1;CLASP1;CLASP2,Spen,rmats,1002,GO_Biological_Process_2023
Protein Modification Process (GO:0036211),59/711,0.018560465589144922,1.7604922288219949,16.19105415966521,APP;CCNT1;PRKAG2;NTAQ1;CDC14B;IKBKB;DUSP12;CHEK2;RB1CC1;TLK2;NEK1;TLK1;BTRC;PPP1R12A;TBP;PPTC7;STRADA;PPP2R5B;ALG3;VRK1;CSNK1D;PPP2R5C;PASK;JMJD7;ATG13;PRKAB1;ILF3;CREB1;SDHAF2;BIRC6;CSNK1G2;PRKAA1;MEAF6;PRKDC;FUT10;CAMKK2;PORCN;IRAK1;MARK3;MARK2;ATG5;ST3GAL3;PAK4;B3GALNT2;SRPK2;ATE1;LIMK2;PTPN13;CDK11B;PTK2;CLK3;ACVR2A;SRPK1;CLK2;FAM220A;TAF8;MAN2B1;COQ8A;TAF2,Spen,rmats,1002,GO_Biological_Process_2023
Phosphorylation (GO:0016310),40/429,0.021364135405127573,1.9891079531182358,17.89319172811201,APP;PRKAA1;PANK2;DGKD;CCNT1;PRKDC;PRKAG2;CAMKK2;IKBKB;IRAK1;CHEK2;RB1CC1;TLK2;NEK1;TLK1;MARK3;MARK2;PAK4;SRPK2;TBP;STRADA;LIMK2;VRK1;CSNK1D;PASK;ATG13;PRKAB1;CDK11B;PTK2;CLK3;ACVR2A;SRPK1;CLK2;ILF3;CREB1;TAF8;BIRC6;COQ8A;CSNK1G2;TAF2,Spen,rmats,1002,GO_Biological_Process_2023
Histone Acetylation (GO:0016573),11/60,0.026796424958947494,4.2924895487963095,37.2770685284682,PHF20L1;MBTD1;NAA60;MEAF6;TADA3;EP400;EP300;BRD8;MAP3K7;KAT14;TAF2,Spen,rmats,1002,GO_Biological_Process_2023
Spindle Assembly (GO:0051225),13/81,0.026796424958947494,3.6592220305715815,31.49313914330482,CSNK1D;HAUS6;WRAP73;STAG1;NCOR1;STAG2;HAUS8;KIFC1;CHEK2;FLNA;PIBF1;CLASP1;CLASP2,Spen,rmats,1002,GO_Biological_Process_2023
Histone Modification (GO:0016570),13/81,0.026796424958947494,3.6592220305715815,31.49313914330482,MEAF6;UBE2B;USP3;SIRT2;PHF20L1;MBTD1;MTA1;TADA3;EP400;EP300;BRD8;TBL1X;KAT14,Spen,rmats,1002,GO_Biological_Process_2023
"Regulation Of mRNA Splicing, Via Spliceosome (GO:0048024)",14/94,0.03271069655677909,3.3508603238866397,27.979162843644087,SRPK2;RBM39;RBM25;TIA1;CELF1;SFSWAP;FMR1;SRRM1;SRPK1;HNRNPL;U2AF2;RNPS1;RBM7;RBM5,Spen,rmats,1002,GO_Biological_Process_2023
Regulation Of DNA Repair (GO:0006282),17/129,0.03271069655677909,2.9102791878172587,24.189566563428468,PBRM1;SMARCC2;TMEM161A;MEAF6;BRCA1;ARID1B;PML;MBTD1;RAD52;BABAM2;TADA3;EP400;USP1;BRD8;ERCC6;ATRIP;TAF2,Spen,rmats,1002,GO_Biological_Process_2023
Positive Regulation Of Double-Strand Break Repair (GO:2000781),13/84,0.03382041189553136,3.5040516099631156,28.85220062020138,PBRM1;SMARCC2;MEAF6;PRKDC;PNKP;FOXM1;ARID1B;MBTD1;EP400;KMT5B;TRAPPC13;BRD8;ERCC6,Spen,rmats,1002,GO_Biological_Process_2023
Intracellular Membrane-Bounded Organelle (GO:0043231),365/5175,7.720797330545717e-12,1.6901666791776682,52.88681279585967,PANK4;ATF2;PANK2;TFRC;HDAC10;ITSN1;NUDT1;NTAQ1;THYN1;SMC6;RBPJ;MKI67;HERC2;CHEK2;SPATA24;CPNE1;TRIM24;ANKFY1;FAM53A;UBAP2L;ESCO1;NSMCE2;DNTTIP1;RECQL;RFX3;CSNK1D;RFX1;ARMC8;PASK;JMJD7;PRKAB1;EML3;MED7;SRRM1;NISCH;BIN1;RRAGB;ILRUN;MEAF6;SRCAP;PRKDC;TEX264;COPS7B;SDR39U1;DCUN1D2;BAZ2B;UBE2J2;C9ORF72;MTDH;DHX30;DHX33;PCBP2;ZSCAN10;DPH3;PUSL1;ATRIP;RBM10;NHEJ1;KAT14;SEC31A;CTSA;SRPK2;HACE1;PHC1;TIPARP;DDIAS;STK11IP;INTS2;NFATC3;UPF3B;TMEM192;MEMO1;NTAN1;PTK2;SRPK1;FAM220A;SETX;HNRNPL;MLLT10;POLA1;STAG1;STAG2;FUBP3;GOLGB1;AGO2;GTF2IRD1;RNPS1;CDIN1;PKIG;EZH2;CEP57;RPAIN;INTS13;AHCTF1;HIP1;SETD6;TECR;OTUD7B;ZBTB8OS;BRCA1;MED15;N4BP2L2;SMG6;BABAM2;ZMYM2;XPO4;CTSH;CTSF;GABPA;TMED5;APPL1;TOP3B;SS18;PBRM1;RING1;NCOA6;STRADA;KIF23;TERF2;SIRT2;MED23;GAK;NCOR2;NCOR1;SLTM;KIFC1;HNRNPH1;MED20;MTF2;HNRNPH2;WDR26;MYRF;STX16;ECPAS;RAD54B;GGA1;ARVCF;RNF138;NSD2;USP1;METTL4;FLNA;PMS2;MARCHF7;METTL5;APBB2;BRD8;TBL1X;EPS15;PMS1;NKTR;CDKN2D;CENPU;RANBP3;MYEF2;ATAD5;PCGF5;YLPM1;MOK;RRP1B;APTX;RNF146;SEC23IP;TTC3;NBR1;ZYX;TRIP13;CENPP;EEF1AKMT2;SCARB1;MTCH2;DBR1;DGKD;CCNT1;CRTC1;GEMIN2;FMR1;CTNND1;RTKN2;UBP1;HIKESHI;CIB1;CDC14B;EEF1B2;PAPOLA;NEK1;EP300;SMARCAD1;KMT5B;MTPAP;MAP3K7;GTF2I;BORA;TLE1;IST1;USP3;PUS1;APLP2;IPMK;KCTD1;TSC2;VRK1;OCRL;CLIP1;ILF3;MAU2;DMTF1;DKC1;PKP4;MAPKAPK5;CSNK1G2;KMT2E;ANKRD17;ZCCHC8;ANKRD16;PSMD14;MAZ;ARHGAP19;GPATCH2L;PDS5A;BCL2L12;BAG6;SBNO1;IRAK1;DEAF1;SAFB2;TBC1D14;RPRD1B;ECT2;PIBF1;BPTF;OSBPL9;TIA1;ANKRD27;POU2F1;UBE2B;PHF12;OSBPL2;FANCC;MACO1;FANCE;CLK4;CLK3;CLK2;NSFL1C;DLG1;DAB1;TADA3;MDM2;MDM4;MAN2B1;NF2;MDM1;RERE;MUS81;KDM5C;NXT1;RBM26;CELF1;AKAP8L;FHL1;HP1BP3;FOXM1;PIK3C2A;YBX3;SENP6;DUSP12;FLCN;HPF1;EXO1;PPP6R3;SNAPC4;TLK2;TLK1;GUSB;RBM7;POLE;RBM5;KDM6A;POLG;USP48;TBP;AKTIP;ATRX;DNMT3A;PPP2R5B;RAD23A;PPP2R5C;TRNAU1AP;REXO4;ETV6;EPN2;SENP1;METTL23;MMS22L;TRAPPC6A;ELF2;CREB1;PKM;ESPL1;TFDP2;ESRP1;DNAJC5;LCOR;BIRC6;ZMYND11;ITGB3BP;VAC14;PRKAA1;KDM3A;MVK;UHRF2;MGRN1;SRF;PNKP;BRAT1;PARN;LENG8;WIZ;AMBRA1;MLLT3;CLCN3;CECR2;ZNRF1;MTA1;TNKS2;U2AF2;CBS;NRIP1;FAM120A;RBBP8;RALY;E2F6;S100PBP;REPS1;MUTYH;ATE1;KDM4C;GPKOW;IRX3;LIMK2;DONSON;EXOG;MCOLN1;PTPN13;USP28;CDK11B;CHFR;MAPK12;PML;RAD52;RAD50;CLCN4;DOLPP1;DNAJA3;TAF8;ERCC8;ACIN1;NAA16;QRICH1;RGS12;ERCC6;TRIM33;TAF2;SSBP4,Spen,rmats,1002,GO_Cellular_Component_2023
Nucleus (GO:0005634),322/4487,3.8602042413297165e-11,1.686401384083045,48.885995624233615,PANK4;ATF2;PANK2;HDAC10;NUDT1;NTAQ1;THYN1;SMC6;RBPJ;MKI67;HERC2;CHEK2;SPATA24;CPNE1;TRIM24;FAM53A;UBAP2L;ESCO1;NSMCE2;DNTTIP1;RECQL;RFX3;CSNK1D;ARMC8;PASK;JMJD7;PRKAB1;EML3;MED7;SRRM1;BIN1;RRAGB;ILRUN;MEAF6;SRCAP;PRKDC;TEX264;COPS7B;SDR39U1;DCUN1D2;BAZ2B;UBE2J2;C9ORF72;MTDH;DHX30;DHX33;PCBP2;ZSCAN10;DPH3;ATRIP;RBM10;NHEJ1;KAT14;SRPK2;HACE1;PHC1;TIPARP;DDIAS;INTS2;NFATC3;UPF3B;TMEM192;MEMO1;NTAN1;PTK2;SRPK1;FAM220A;SETX;HNRNPL;MLLT10;POLA1;STAG1;STAG2;FUBP3;AGO2;GTF2IRD1;RNPS1;CDIN1;PKIG;EZH2;CEP57;RPAIN;INTS13;AHCTF1;HIP1;SETD6;TECR;OTUD7B;ZBTB8OS;BRCA1;MED15;N4BP2L2;SMG6;BABAM2;ZMYM2;XPO4;GABPA;APPL1;TOP3B;SS18;PBRM1;RING1;NCOA6;STRADA;KIF23;TERF2;SIRT2;MED23;NCOR2;NCOR1;SLTM;KIFC1;HNRNPH1;MED20;MTF2;HNRNPH2;WDR26;MYRF;ECPAS;RAD54B;ARVCF;RNF138;NSD2;USP1;METTL4;FLNA;PMS2;MARCHF7;METTL5;APBB2;BRD8;TBL1X;PMS1;NKTR;CDKN2D;CENPU;RANBP3;MYEF2;ATAD5;PCGF5;YLPM1;MOK;RRP1B;APTX;RNF146;TTC3;ZYX;TRIP13;CENPP;EEF1AKMT2;MTCH2;DBR1;DGKD;CCNT1;CRTC1;GEMIN2;FMR1;CTNND1;RTKN2;UBP1;HIKESHI;CIB1;CDC14B;EEF1B2;PAPOLA;NEK1;EP300;SMARCAD1;KMT5B;MAP3K7;GTF2I;BORA;TLE1;USP3;PUS1;APLP2;IPMK;KCTD1;TSC2;VRK1;OCRL;CLIP1;ILF3;MAU2;DMTF1;DKC1;PKP4;MAPKAPK5;CSNK1G2;KMT2E;ANKRD17;ZCCHC8;ANKRD16;PSMD14;MAZ;GPATCH2L;PDS5A;BCL2L12;BAG6;SBNO1;IRAK1;DEAF1;SAFB2;RPRD1B;ECT2;PIBF1;BPTF;TIA1;POU2F1;UBE2B;PHF12;FANCC;MACO1;FANCE;CLK4;CLK3;CLK2;NSFL1C;DLG1;TADA3;MDM2;MDM4;NF2;MDM1;RERE;MUS81;KDM5C;NXT1;RBM26;CELF1;AKAP8L;FHL1;HP1BP3;FOXM1;YBX3;SENP6;DUSP12;FLCN;HPF1;EXO1;PPP6R3;SNAPC4;TLK2;TLK1;RBM7;POLE;RBM5;KDM6A;USP48;TBP;AKTIP;ATRX;DNMT3A;PPP2R5B;RAD23A;PPP2R5C;TRNAU1AP;REXO4;ETV6;SENP1;METTL23;MMS22L;ELF2;CREB1;PKM;ESPL1;TFDP2;ESRP1;LCOR;BIRC6;ZMYND11;ITGB3BP;PRKAA1;KDM3A;UHRF2;MGRN1;SRF;PNKP;BRAT1;PARN;LENG8;WIZ;AMBRA1;MLLT3;CECR2;MTA1;TNKS2;HAUS8;U2AF2;CBS;NRIP1;FAM120A;RBBP8;RALY;E2F6;S100PBP;MUTYH;ATE1;KDM4C;GPKOW;IRX3;LIMK2;DONSON;EXOG;PTPN13;USP28;CDK11B;CHFR;MAPK12;PML;RAD52;RAD50;TAF8;ERCC8;ACIN1;NAA16;QRICH1;RGS12;ERCC6;TRIM33;TAF2;SSBP4,Spen,rmats,1002,GO_Cellular_Component_2023
Mitotic Spindle (GO:0072686),27/143,2.2000770437458823e-7,4.5076392572944295,89.85876742144531,EPB41;CDC14B;FLCN;TAF1D;HAUS8;NUSAP1;TBL1X;ECT2;KAT14;CLASP1;CLASP2;IQCB1;LIMK2;HAUS6;KIF23;SIRT2;EML3;EML4;ATAT1;WRAP73;ZZZ3;NCOR1;ESPL1;TFDP2;KIFC1;TADA3;PKP4,Spen,rmats,1002,GO_Cellular_Component_2023
Spindle (GO:0005819),26/210,0.0014758186114952332,2.723872950819672,29.51597055252742,EPB41;CDC14B;FLCN;TAF1D;NUSAP1;TBL1X;ECT2;KAT14;CLASP1;CLASP2;IQCB1;LIMK2;CSNK1D;KIF23;SIRT2;EML3;EML4;ATAT1;WRAP73;ZZZ3;NCOR1;ESPL1;TFDP2;KIFC1;TADA3;PKP4,Spen,rmats,1002,GO_Cellular_Component_2023
Chromosome (GO:0005694),21/164,0.004425361142617115,2.822544428049015,26.855798815993406,PBRM1;ESCO1;KRR1;FMR1;HP1BP3;DNTTIP1;RECQL;SMC6;BRCA1;RRP1B;MKI67;PDS5A;FANCE;SIRT2;SETX;SYCE2;STAG1;STAG2;PES1;TRAPPC13;TRIP13,Spen,rmats,1002,GO_Cellular_Component_2023
Intracellular Non-Membrane-Bounded Organelle (GO:0043232),89/1195,0.005382890699941065,1.5769684029558972,14.408054998234668,HIP1;CCNT1;TMEM179B;GEMIN2;FMR1;SPPL2B;HP1BP3;FAF2;BRCA1;RBPJ;FOXM1;MKI67;TENT4B;SMG6;CDC14B;EPB41L4A;SH3PXD2B;NUSAP1;LRRFIP1;TRAPPC13;RBM7;SPG11;MAGI1;WDR36;PPP1R12A;ESCO1;RIPK2;DIMT1;DDX55;DNTTIP1;RECQL;CSNK1D;KIF23;VRK1;URB2;LARP4B;SIRT2;REXO4;EML3;ETV6;ILF3;SHQ1;SDHAF2;DKC1;BIN1;PKP4;ZCCHC8;MEAF6;EPB41;PRKDC;PNKP;PARN;ASAP1;AMBRA1;PDS5A;SYCE2;TAF1D;DHX33;IRAK1;PES1;EPB41L3;NRIP1;FLNA;METTL5;UTP20;COX10;SRPK2;KRR1;OSBPL2;UPF3B;RRP1B;FANCE;APTX;PTK2;FANCG;PML;POLA1;SMTN;STAG1;ZZZ3;STAG2;TTC3;MDM2;RGS12;ERCC6;NF2;TRIP13;CENPP;EIF4G3,Spen,rmats,1002,GO_Cellular_Component_2023
Nuclear Lumen (GO:0031981),60/780,0.02776315474034302,1.6169497523000709,11.871512219887727,CCNT1;TMEM179B;GEMIN2;FMR1;SPPL2B;RBPJ;MKI67;TENT4B;SMG6;CDC14B;NUSAP1;RBM7;SPG11;MAGI1;PBRM1;WDR36;PPP1R12A;DIMT1;DDX55;DNTTIP1;VRK1;URB2;LARP4B;SIRT2;REXO4;ETV6;ILF3;SHQ1;SDHAF2;DKC1;ZCCHC8;MEAF6;PRKDC;PNKP;PARN;TAF1D;DHX33;PES1;NRIP1;FLNA;METTL5;UTP20;COX10;SRPK2;KRR1;UPF3B;RRP1B;APTX;FANCG;PML;SETX;POLA1;STAG2;ZZZ3;TTC3;MDM2;RGS12;ERCC6;NF2;CENPP,Spen,rmats,1002,GO_Cellular_Component_2023
mRNA Processing WP310,48/444,1.1747109470694122e-8,3.1802144002701107,73.29487949789424,RBM25;SFSWAP;POLDIP3;FMR1;MSI1;BRCA1;VIRMA;FXR1;SBNO1;HNRNPDL;SAFB2;RALY;ZFP740;RBM34;SRSF11;RBM10;TRMT1L;ILKAP;TTC14;RBM39;CPSF7;MYEF2;RBPMS;ZFP638;SECISBP2;PABPC4;RBM18;RSRC2;DICER1;PUM1;CLK4;DNAJC17;U2SURP;LSM2;SRPK1;PUM2;CLK2;ILF3;SLTM;ESRP1;HNRNPA2B1;ACIN1;RNPS1;DNAJC8;EIF4G3;SUGP2;RPS24;RBMS2,Strap,rmats,766,WikiPathways_2024_Mouse
Chromatin Modifying Enzymes R-HSA-3247509,28/238,1.5965275161915077e-4,3.437037037037037,54.2014688725837,KDM5A;KDM5C;KDM3A;KDM3B;HDAC10;EHMT2;SETD6;RBBP5;NSD1;KMT5B;TBL1X;MTA3;KAT14;ATF7IP;BRD1;PBRM1;KDM2A;KDM2B;BRPF3;DNMT3A;ARID1A;MSL1;TADA2A;ZZZ3;NCOR1;AEBP2;BRMS1L;TADA3,Strap,rmats,766,Reactome_2022
Transcriptional Regulation By E2F6 R-HSA-8953750,8/34,0.018839875961136943,7.79703673635072,80.35584679378513,CBX5;RING1;TFDP2;EHMT2;RBBP8;CDC7;BRCA1;E2F6,Strap,rmats,766,Reactome_2022
Organelle Biogenesis And Maintenance R-HSA-1852241,25/275,0.02297846127982497,2.561943319838057,24.855718389902936,CEP57;DYNLT2B;CEP164;NRF1;NPHP1;TBL1X;IFT57;CEP76;RAB11FIP3;CLASP1;DMAC2L;PLK4;IQCB1;NCOA6;IDH2;IFT122;IMMT;PRKAB1;LZTFL1;ATAT1;NCOR1;CREB1;IFT81;CEP63;CEP89,Strap,rmats,766,Reactome_2022
Transcriptional Regulation By TP53 R-HSA-3700989,29/354,0.025745462200008794,2.2893685419058554,20.927342703916317,PRKAA1;CCNT1;EHMT2;MAPKAP1;COX18;BRCA1;PIP4P1;CHEK2;RBBP8;PMS2;ELOC;BID;MAP2K6;SURF1;BRD1;TBP;BRPF3;GTF2H1;CNOT10;MLH1;PRKAB1;TFDP2;RRAGB;CNOT2;AGO2;MDM2;TAF2;TNRC6A;RHNO1,Strap,rmats,766,Reactome_2022
Cell Cycle R-HSA-1640170,45/654,0.025745462200008794,1.9087815909758614,17.326723420236508,CEP57;ANAPC15;ANAPC16;NUP188;PSMD14;CEP164;HJURP;BRCA1;SYCE2;CHEK2;ENSA;RBBP8;BTRC;CEP76;E2F6;POLE;CLASP1;CTC1;PLK4;NDC1;CENPU;ACD;BORA;ESCO1;IST1;FBXW11;ATRX;CDC7;VRK1;MLH1;SIRT2;WAPL;EML4;SGO1;CLIP1;DBF4;CENPH;TFDP2;NME7;MDM2;CHMP2A;CEP63;NCAPD3;ITGB3BP;RHNO1,Strap,rmats,766,Reactome_2022
Chromatin Modifying Enzymes,29/238,2.5256293872950622e-5,3.5818623282023982,61.08555974618814,KDM5A;ATF2;KDM5C;KDM3A;KDM3B;HDAC10;EHMT2;SETD6;RBBP5;NSD1;KMT5B;TBL1X;MTA3;KAT14;ATF7IP;BRD1;PBRM1;KDM2A;BRPF1;KDM2B;BRPF3;DNMT3A;ARID1A;MSL1;TADA2A;ZZZ3;NCOR1;AEBP2;TADA3,Strap,rmats,766,Reactome_Pathways_2024
Chromatin Organization,29/238,2.5256293872950622e-5,3.5818623282023982,61.08555974618814,KDM5A;ATF2;KDM5C;KDM3A;KDM3B;HDAC10;EHMT2;SETD6;RBBP5;NSD1;KMT5B;TBL1X;MTA3;KAT14;ATF7IP;BRD1;PBRM1;KDM2A;BRPF1;KDM2B;BRPF3;DNMT3A;ARID1A;MSL1;TADA2A;ZZZ3;NCOR1;AEBP2;TADA3,Strap,rmats,766,Reactome_Pathways_2024
Organelle Biogenesis and Maintenance,27/297,0.010765643406363969,2.56617050067659,26.599326371046754,CEP57;ATF2;DYNLT2B;CEP164;NRF1;GABPB1;NPHP1;TBL1X;IFT57;CEP76;RAB11FIP3;CLASP1;DMAC2L;PLK4;IQCB1;NCOA6;IDH2;IFT122;IMMT;PRKAB1;LZTFL1;ATAT1;NCOR1;CREB1;IFT81;CEP63;CEP89,Strap,rmats,766,Reactome_Pathways_2024
Transcriptional Regulation by E2F6,8/34,0.010765643406363969,7.79703673635072,80.35584679378513,CBX5;RING1;TFDP2;EHMT2;RBBP8;CDC7;BRCA1;E2F6,Strap,rmats,766,Reactome_Pathways_2024
Cell Cycle,46/649,0.01226108751366144,1.9739865487377926,19.646560359329385,CEP57;ANAPC15;ANAPC16;NUP188;PSMD14;CEP164;HJURP;BRCA1;SYCE2;CHEK2;ENSA;RBBP8;BTRC;CEP76;E2F6;POLE;CLASP1;CTC1;PLK4;NDC1;CENPU;ACD;BORA;ESCO1;IST1;FBXW11;ATRX;CDC7;VRK1;MLH1;SIRT2;WAPL;EML4;SGO1;CLIP1;STAG1;DBF4;CENPH;TFDP2;NME7;MDM2;CHMP2A;CEP63;NCAPD3;ITGB3BP;RHNO1,Strap,rmats,766,Reactome_Pathways_2024
Epigenetic Regulation of Gene Expression,25/291,0.029411045884129197,2.40581210110296,21.171874667991506,ZCCHC8;EHMT2;AKAP8L;MED14;SIN3A;RBBP5;TBL1X;MTA3;KAT14;ATF7IP;SS18;CBX5;TBP;NCOA6;DNMT3A;GTF2H1;ARID1A;TADA2A;ZZZ3;NCOR1;MYO1C;AEBP2;WDR82;MTF2;TADA3,Strap,rmats,766,Reactome_Pathways_2024
Formation of WDR5-containing Histone-Modifying Complexes,8/42,0.029411045884129197,5.959956541983548,51.87986262608334,TADA2A;ZZZ3;RBBP5;NCOA6;WDR82;AKAP8L;TADA3;KAT14,Strap,rmats,766,Reactome_Pathways_2024
DNA Repair,26/312,0.029411045884129197,2.327764127764128,20.036903221349796,MUS81;RIF1;PNKP;BRCA1;NTHL1;CHEK2;USP1;RBBP8;PMS2;POLE;RNF111;ACD;UBE2B;ACTR5;XRCC3;REV1;GTF2H1;MLH1;FANCE;RAD52;MSH3;TIMELESS;ERCC8;DTL;RAD18;RHNO1,Strap,rmats,766,Reactome_Pathways_2024
Gene Expression (Transcription),89/1615,0.036585561950687205,1.5255144216156777,12.349086720066955,ATF2;CCNT1;HDAC10;NUP188;EHMT2;AKAP8L;BRCA1;RBPJ;MED14;SIN3A;CHEK2;ELOC;RNF111;NDC1;SS18;BRD1;PBRM1;TBP;RING1;NCOA6;DNMT3A;DICER1;ARID1A;PRKAB1;THOC7;NCOR1;CREB1;AEBP2;TFDP2;WDR82;RRAGB;ZC3H11A;MTF2;RHNO1;ZCCHC8;PRKAA1;ANAPC15;ANAPC16;PSMD14;POLDIP3;MAPKAP1;SRRT;TCF7;MLLT3;NR2C1;U2AF1L4;RBBP5;RBBP8;PMS2;RPRD1B;TBL1X;BID;E2F6;MTA3;KAT14;SRSF11;NR2C2AP;MAP2K6;ATF7IP;PTPN1;TCF7L2;CHTOP;CPSF7;BRPF1;CBX5;TGFB1;BRPF3;NFYC;INTS2;UPF3B;CDC7;GTF2H1;CNOT10;MLH1;ITCH;TADA2A;MYO1C;ZZZ3;POLR3B;POLR3C;CNOT2;AGO2;TADA3;MDM2;TAF8;RNPS1;TRIM33;TNRC6A;TAF2,Strap,rmats,766,Reactome_Pathways_2024
M-decay Degradation of Maternal mRNAs by Maternally Stored Factors,8/46,0.036585561950687205,5.33148173864741,42.89911188051982,KDM5A;FGF8;CNOT2;AGO2;CNOT10;ELOC;DICER1;EIF4G1,Strap,rmats,766,Reactome_Pathways_2024
mRNA 3'-End Processing,9/58,0.036585561950687205,4.654921413743833,37.2497530301905,CHTOP;CPSF7;POLDIP3;ZC3H11A;UPF3B;RNPS1;THOC7;SRSF11;U2AF1L4,Strap,rmats,766,Reactome_Pathways_2024
Transcriptional Regulation by TP53,28/362,0.036585561950687205,2.146925660873375,17.02237992993893,ATF2;PRKAA1;CCNT1;EHMT2;MAPKAP1;BRCA1;CHEK2;RBBP8;PMS2;ELOC;BID;MAP2K6;BRD1;BRPF1;TBP;BRPF3;GTF2H1;CNOT10;MLH1;PRKAB1;TFDP2;RRAGB;CNOT2;AGO2;MDM2;TAF2;TNRC6A;RHNO1,Strap,rmats,766,Reactome_Pathways_2024
HDMs Demethylate Histones,6/26,0.036585561950687205,7.5844736842105265,59.94766595224884,KDM5A;KDM3A;KDM5C;KDM3B;KDM2A;KDM2B,Strap,rmats,766,Reactome_Pathways_2024
Transport of Mature mRNA Derived From an Intron-Containing Transcript,10/74,0.04534996628628514,3.9620535714285716,30.104108579936792,NDC1;CHTOP;NUP188;POLDIP3;ZC3H11A;UPF3B;RNPS1;THOC7;SRSF11;U2AF1L4,Strap,rmats,766,Reactome_Pathways_2024
Diseases of Mismatch Repair (MMR),3/5,0.04534996628628514,37.8086500655308,285.3094252616526,MSH3;PMS2;MLH1,Strap,rmats,766,Reactome_Pathways_2024
RNA Binding (GO:0003723),98/1411,2.884155931735152e-6,2.0023828960510053,37.986978391328556,TFRC;FMR1;MSI1;ENO1;VIRMA;ENDOV;UBAP2L;MTPAP;RARS2;SECISBP2;ALG13;DICER1;LARP4B;GTPBP1;FAM133B;ILF3;ZC3H11A;ZCCHC8;RTN4;FXR1;DHX30;HNRNPDL;ERI3;HLTF;SAFB2;MAP4;TRMT1L;RBM10;N4BP1;MARK2;CHTOP;CPSF7;RBPMS;UPF3B;PRRC2C;HELZ;PUM1;LSM2;PUM2;SRPK1;LSM6;FUBP3;GOLGB1;AGO2;RNPS1;EIF4G3;DZIP3;SUGP2;RPS24;EIF4G1;RBM25;AKAP8L;BRCA1;ZCCHC17;PHF6;YBX3;LRRFIP1;RBM34;EIF5A;TOP3B;PABPC4;RBM18;TRNAU1AP;DDX50;SARS2;PKM;SLTM;NOA1;THRAP3;ESRP1;STRAP;ALDOA;RBMS2;POLDIP3;SRRT;AKAP8;MTIF2;UNK;FAM120A;RALY;SRSF11;PTPN1;RBM39;MYEF2;YTHDF3;KRR1;IMMT;RSRC2;TPD52L2;APTX;U2SURP;KTN1;SEC23IP;TRMT6;HNRNPA2B1;ACIN1;TNRC6A;R3HDM2,Strap,rmats,766,GO_Molecular_Function_2023
GTPase Binding (GO:0051020),27/225,3.938185723917275e-5,3.512609177020544,55.02033778651392,USP6NL;GARRE1;MAPKAP1;ARHGAP1;CIB1;STK19;ENO1;AMBRA1;YBX3;GGA1;AP3M1;AP1G1;ANKFY1;ERC1;DNM1L;RAB11FIP3;PLEKHG3;GIT2;HACE1;ANKRD27;MYO9B;GAPVD1;CYRIB;LSM2;MYO1C;RRAGB;PEX5,Strap,rmats,766,GO_Molecular_Function_2023
Small GTPase Binding (GO:0031267),24/199,1.1604216236959379e-4,3.5226492106276472,49.94254508777742,USP6NL;PLEKHG3;GIT2;HACE1;ANKRD27;GARRE1;MAPKAP1;ARHGAP1;MYO9B;CIB1;STK19;GAPVD1;CYRIB;YBX3;LSM2;GGA1;AP3M1;MYO1C;AP1G1;PEX5;ANKFY1;ERC1;DNM1L;RAB11FIP3,Strap,rmats,766,GO_Molecular_Function_2023
mRNA Binding (GO:0003729),28/282,5.430137649910952e-4,2.8350724452126412,35.00375954759182,RBM25;POLDIP3;FMR1;MSI1;YBX3;FXR1;UNK;N4BP1;CHTOP;CPSF7;MYEF2;YTHDF3;RBPMS;SECISBP2;PABPC4;UPF3B;LARP4B;PUM1;PUM2;PKM;FUBP3;ESRP1;AGO2;HNRNPA2B1;RNPS1;EIF4G3;RBMS2;EIF4G1,Strap,rmats,766,GO_Molecular_Function_2023
Nuclear Receptor Binding (GO:0016922),14/115,0.01225944383788764,3.5267274067832317,31.593629041330875,TCF7L2;KDM3A;NCOA6;WBP2;GTF2H1;ARID1A;FOXP1;MED22;MED14;NCOR1;THRAP3;NSD1;TADA3;NRIP1,Strap,rmats,766,GO_Molecular_Function_2023
Ubiquitin-Like Protein Transferase Activity (GO:0019787),22/240,0.01225944383788764,2.579362730590905,22.76108948292177,ATG3;UBE2H;HACE1;UBE2B;FBXW11;BRCA1;CHFR;ZNRF1;RNF115;RNF214;ITCH;TTC3;MARCHF8;MDM2;UBA3;ERCC8;ARIH1;BCOR;BTRC;DZIP3;TRIM33;ATG5,Strap,rmats,766,GO_Molecular_Function_2023
mRNA 3'-UTR Binding (GO:0003730),12/93,0.015814157460192983,3.763238039100108,31.669709027825274,FXR1;ILF3;FMR1;PABPC4;SECISBP2;HNRNPA2B1;RNPS1;LARP4B;PUM1;YBX3;RBMS2;PUM2,Strap,rmats,766,GO_Molecular_Function_2023
Nuclear Thyroid Hormone Receptor Binding (GO:0046966),6/27,0.028627942117374596,7.222932330827068,55.51063903073435,MED22;NCOR1;NCOA6;THRAP3;NSD1;GTF2H1,Strap,rmats,766,GO_Molecular_Function_2023
Annealing Activity (GO:0140666),3/5,0.028627942117374596,37.8086500655308,285.3094252616526,FXR1;FMR1;RECQL,Strap,rmats,766,GO_Molecular_Function_2023
Cadherin Binding (GO:0045296),25/319,0.028627942117374596,2.1734739779852563,16.114060309475743,PDXDC1;CTNND1;ARHGAP1;ENO1;RTN4;SLC9A3R2;MPRIP;ERC1;LRRFIP1;PROM1;ARGLU1;MARK2;PTPN1;IST1;SCRIB;EPS15L1;GAPVD1;KTN1;PKM;CTTN;ABI1;NUMB;PKP4;ALDOA;PFKP,Strap,rmats,766,GO_Molecular_Function_2023
Histone Demethylase Activity (GO:0032452),6/29,0.028627942117374596,6.5941647597254,47.98963719582266,KDM5A;KDM3A;KDM5C;KDM3B;KDM2A;KDM2B,Strap,rmats,766,GO_Molecular_Function_2023
miRNA Binding (GO:0035198),6/29,0.028627942117374596,6.5941647597254,47.98963719582266,FMR1;AGO2;HNRNPA2B1;PUM1;RBM10;PUM2,Strap,rmats,766,GO_Molecular_Function_2023
Protein Serine/Threonine Kinase Activity (GO:0004674),26/342,0.028627942117374596,2.103438248374957,15.151130450990605,PRKAA1;STK19;CHEK2;STK16;PHKG2;TLK2;TLK1;MAP4K5;MARK3;MARK2;BRD4;MAP2K6;PLK4;MAP3K3;CHUK;LIMK2;CDC7;VRK1;PRKAB1;CLK4;SRPK1;CLK2;MELK;RPS6KB2;CSNK1G2;CILK1,Strap,rmats,766,GO_Molecular_Function_2023
Regulatory RNA Binding (GO:0061980),7/42,0.03515958808098523,5.059025032938076,35.02569787899932,FMR1;AGO2;HNRNPA2B1;DICER1;PUM1;RBM10;PUM2,Strap,rmats,766,GO_Molecular_Function_2023
Ubiquitin-Protein Transferase Activity (GO:0004842),29/412,0.042620036089142534,1.9367168430338222,12.902385728942747,LTN1;DTX2;BRCA1;UBE3B;ZNRF1;RNF115;RNF214;RNF215;HLTF;MARCHF8;TRIM26;ARIH1;BTRC;RNF111;UBE2H;HACE1;RING1;UBE2B;FBXW11;CHFR;ITCH;TTC3;MDM2;ERCC8;BCOR;RNF185;DZIP3;TRIM33;RNF121,Strap,rmats,766,GO_Molecular_Function_2023
Endonuclease Activity (GO:0004519),8/58,0.04912379054485126,4.049393139841689,26.140578837179685,MUS81;NTHL1;PNKP;AGO2;PMS2;DICER1;N4BP2;ANKZF1,Strap,rmats,766,GO_Molecular_Function_2023
DNA Damage Response (GO:0006974),37/384,7.433461889250281e-4,2.762534441795836,41.72086804918898,MUS81;ATF2;STXBP4;FMR1;PNKP;HTRA2;CIB1;SMC6;BRCA1;ENDOV;HPF1;RBBP5;CHEK2;HLTF;TLK2;RBBP8;KMT5B;NAE1;BID;MAP2K6;CBX5;UBE2B;NCOA6;USP3;XRCC3;ATRX;RECQL;GTF2H1;VRK1;USP28;FOXP1;IRF3;MSH3;TIMELESS;ERCC8;CEP63;RAD18,Strap,rmats,766,GO_Biological_Process_2023
DNA Metabolic Process (GO:0006259),30/288,8.176303011262643e-4,2.9979777553083924,42.35348856703398,MUS81;FMR1;PNKP;BRCA1;ENDOV;HPF1;NTHL1;HLTF;RBBP8;SMARCAD1;KMT5B;POLE;POLG;CTC1;TOP3B;TCF7L2;UBE2B;USP3;ACTR5;XRCC3;ATRX;RECQL;REV1;DONSON;GTF2H1;LRWD1;RAD52;MSH3;TIMELESS;RAD18,Strap,rmats,766,GO_Biological_Process_2023
DNA Repair (GO:0006281),30/291,8.176303011262643e-4,2.9630497251374313,41.21165911998274,MUS81;FMR1;PNKP;CIB1;BRCA1;ENDOV;HPF1;NTHL1;CHEK2;HLTF;RBBP8;PMS2;KMT5B;POLE;UBE2B;USP3;ACTR5;XRCC3;ATRX;RECQL;GTF2H1;MLH1;FANCE;APTX;RAD52;MSH3;TIMELESS;ERCC8;RAD18;RHNO1,Strap,rmats,766,GO_Biological_Process_2023
Regulation Of Histone Modification (GO:0031056),7/18,0.0017405077345002025,16.117020002395495,207.35067999893607,FLCN;HPF1;TADA2A;ZZZ3;NFYC;TADA3;KAT14,Strap,rmats,766,GO_Biological_Process_2023
Chromatin Remodeling (GO:0006338),23/228,0.012771220096583692,2.8734333453697927,30.59965962730098,KDM5A;SS18;PBRM1;CHTOP;KDM5C;USP15;BRPF1;RING1;KDM2B;PHF10;USP3;ACTR5;ATRX;BAZ2B;ARID1A;SIRT2;CECR2;HPF1;TADA2A;MTF2;SMARCAD1;BCOR;MTA3,Strap,rmats,766,GO_Biological_Process_2023
Chromatin Organization (GO:0006325),25/268,0.01798189838086427,2.6367160382754924,26.695879492099674,KDM5A;NAA60;KDM5C;HDAC10;BAZ2B;CECR2;SMARCAD1;MTA3;SS18;PBRM1;CHTOP;BRPF1;CBX5;RING1;KDM2B;PHF10;ACTR5;ATRX;LRWD1;ARID1A;TADA2A;ZZZ3;NASP;MTF2;BCOR,Strap,rmats,766,GO_Biological_Process_2023
Organelle Assembly (GO:0070925),28/322,0.019268022039234205,2.444186346625371,24.200959542467867,FMR1;DYNLT2B;CEP164;AMBRA1;CDC14B;FXR1;AP3M1;AP1G1;NEK1;IFT57;ATG5;RAB8B;PLK4;IQCB1;ATG3;YTHDF3;IST1;SEPTIN6;IFT122;STAM;ATG13;ATAT1;NSFL1C;IFT81;TMEM237;CHMP2A;CILK1;CEP89,Strap,rmats,766,GO_Biological_Process_2023
Protein Phosphorylation (GO:0006468),37/500,0.03677572062930293,2.057693162324792,18.76928021048779,ATF2;APP;PRKAA1;USP15;CCNT1;STK19;CHEK2;STK16;TLK2;NEK1;TLK1;ERC1;MAP4K5;MARK3;MARK2;PLK4;MAP3K3;TGFB1;TBP;CHUK;STRADA;LIMK2;CDC7;VRK1;ATG13;PRKAB1;CLK4;PTK2;SRPK1;CLK2;ILF3;MELK;CREB1;TAF8;CSNK1G2;CILK1;TAF2,Strap,rmats,766,GO_Biological_Process_2023
Positive Regulation Of Cell Cycle Process (GO:0090068),14/118,0.04613590724838733,3.4244578559738135,29.72936254416108,PLK4;XRCC3;ATRX;CDC7;SMC6;SIRT2;CDC14B;NSFL1C;DBF4;PKP4;NCAPD3;ECT2;RAD18;RHNO1,Strap,rmats,766,GO_Biological_Process_2023
Regulation Of miRNA-mediated Gene Silencing (GO:0060964),5/15,0.04613590724838733,12.630749014454665,109.10109977360568,FXR1;FMR1;PUM1;PUM2;EIF4G1,Strap,rmats,766,GO_Biological_Process_2023
Positive Regulation Of Protein Metabolic Process (GO:0051247),19/196,0.04613590724838733,2.7385095939312807,23.330597067771432,APP;TGFB1;YTHDF3;TIPARP;FBXW11;IST1;POLDIP3;FMR1;UPF3B;LARP4B;OAZ2;FXR1;ASPH;AGO2;METTL5;BTRC;EIF4G3;MAP2K5;EIF4G1,Strap,rmats,766,GO_Biological_Process_2023
Protein Modification Process (GO:0036211),47/711,0.04613590724838733,1.8281540627042243,15.519742386969108,APP;PRKAA1;PIGT;CCNT1;PPM1M;STK19;CDC14B;CHEK2;TLK2;NEK1;TLK1;BTRC;MAP4K5;MARK3;MARK2;ATG5;ILKAP;B3GALNT2;PLK4;PTPN1;ATE1;TGFB1;TBP;CHUK;STRADA;FBXW11;LIMK2;FN1;ALG3;VRK1;ATG13;PRKAB1;PTK2;SUMF1;SRPK1;CLK2;ILF3;PPM1B;MELK;CREB1;CTDSP2;MGAT4B;UBA3;TAF8;CSNK1G2;CILK1;TAF2,Strap,rmats,766,GO_Biological_Process_2023
Positive Regulation Of miRNA-mediated Gene Silencing (GO:2000637),4/9,0.047747447353467525,20.18792650918635,169.07226958839232,FXR1;FMR1;PUM1;PUM2,Strap,rmats,766,GO_Biological_Process_2023
Intracellular Membrane-Bounded Organelle (GO:0043231),299/5175,7.554407910827241e-14,1.8853177649387904,67.49684337212894,ATF2;VPS29;TFRC;HDAC10;EHMT2;ITSN1;THYN1;ENO1;SMC6;RBPJ;GABPB1;CHEK2;BBX;ANKFY1;UBAP2L;RNF111;ESCO1;SLC35C2;RECQL;HNF1B;DICER1;ARMC8;RFX1;PRKAB1;NISCH;BIN1;RRAGB;PREB;RHNO1;LLGL2;ILRUN;PDXDC1;BAZ2B;OAZ2;OSGEP;FXR1;DHX30;NTHL1;DPH3;HLTF;RAB11FIP3;KAT14;TRMT1L;RBM10;N4BP1;LHPP;VTI1B;CTC1;HACE1;TIPARP;XRCC3;INTS2;NFATC3;UPF3B;TMEM192;CDC7;STAM;PTK2;WAPL;SRPK1;MLLT10;STAG1;TADA2A;FUBP3;GOLGB1;AGO2;PPT1;RNPS1;PKIG;RAD18;RPS24;CEP57;RPAIN;SETD5;SETD6;ZBTB8OS;MIA3;BRCA1;OSBPL11;PHF6;N4BP2L2;MED14;ZMYM2;ARIH1;APPL1;TOP3B;SS18;BRD1;PBRM1;RING1;NCOA6;STRADA;PABPC4;ACAD9;AEN;SIRT2;MED22;AFTPH;NCOR1;CTTN;SLTM;MTF2;G2E3;ALDOA;AKAP8;GGA1;NSD1;HSF1;USP1;PMS2;METTL5;MARCHF7;TBL1X;APBB3;SRSF11;NKTR;BRD4;CENPU;MYEF2;NFYC;MLH1;APTX;SEC23IP;ITCH;TFAP4;CENPH;SNX15;TRMT6;TTC3;HNRNPA2B1;EEF1AKMT2;N6AMT1;MTCH2;MIDN;CCNT1;FMR1;GEMIN2;CTNND1;INPPL1;UBP1;STK19;CIB1;VIRMA;CDC14B;MPC2;NEK1;SMARCAD1;KMT5B;MTPAP;NEPRO;FADS1;GTF2I;TLE1;BORA;KDM2B;IST1;FBXW11;USP3;VRK1;CFAP410;THOC7;FOXP1;CLIP1;ILF3;DMTF1;MSH3;TIMELESS;PKP4;GEMIN8;CSNK1G2;ZCCHC8;ANKRD16;PSMD14;TCF7;HTRA2;SBNO1;SAFB2;TBC1D14;RPRD1B;NAE1;ECT2;CHTOP;CPSF7;UBE2H;ANKRD27;BRPF1;CBX5;TGFB1;UBE2B;BRPF3;PHF12;RFXANK;MACO1;FANCE;CLK4;LSM2;CLK2;NSFL1C;DAB2;LSM6;P4HA1;NASP;CNOT2;TADA3;MDM2;UBA3;EIF4G1;MDM1;KDM5A;MUS81;KDM5C;AKAP8L;CEP164;UFSP2;PIK3C2A;YBX3;RESF1;SENP6;FLCN;HPF1;AP1G1;SIN3A;TLK2;TLK1;DNM1L;GUSB;TNPO2;POLE;ILKAP;POLG;EIF5A;TBP;ACTR6;ACTR5;AKTIP;DNMT3A;ATRX;TRNAU1AP;ARID1A;MSL1;PPM1B;PKM;CREB1;TFDP2;IRF3;THRAP3;ESRP1;DNAJC5;DNAJC8;ITGB3BP;RBMS2;CILK1;LAMA5;PRKAA1;KDM3A;USP15;PPM1M;WBP2;POLDIP3;PNKP;AMBRA1;MLLT3;UACA;CECR2;ZNRF1;RBBP5;NRIP1;FAM120A;RBBP8;RALY;E2F6;MTA3;ATF7IP;TCF7L2;ATE1;SWT1;LIMK2;DONSON;LRWD1;MCOLN1;USP28;CHFR;U2SURP;RAD52;MYO1C;DOLPP1;BRMS1L;TAF8;ERCC8;ACIN1;NAA16;QRICH1;BCOR;SPG21;TRIM33;TNRC6A;PFKP;TAF2;SSBP4,Strap,rmats,766,GO_Cellular_Component_2023
Nucleus (GO:0005634),258/4487,3.270040469702305e-11,1.801998015204354,52.325941088105154,ATF2;HDAC10;EHMT2;THYN1;ENO1;SMC6;RBPJ;GABPB1;CHEK2;BBX;UBAP2L;RNF111;ESCO1;RECQL;HNF1B;DICER1;ARMC8;PRKAB1;BIN1;RRAGB;PREB;RHNO1;ILRUN;BAZ2B;OAZ2;OSGEP;FXR1;DHX30;NTHL1;DPH3;HLTF;KAT14;TRMT1L;RBM10;N4BP1;LHPP;CTC1;HACE1;TIPARP;XRCC3;INTS2;NFATC3;UPF3B;TMEM192;CDC7;PTK2;WAPL;SRPK1;MLLT10;STAG1;TADA2A;FUBP3;AGO2;PPT1;RNPS1;PKIG;RAD18;RPS24;CEP57;RPAIN;SETD5;SETD6;ZBTB8OS;BRCA1;PHF6;N4BP2L2;MED14;ZMYM2;ARIH1;APPL1;TOP3B;SS18;BRD1;PBRM1;RING1;NCOA6;STRADA;PABPC4;ACAD9;AEN;SIRT2;MED22;NCOR1;SLTM;MTF2;G2E3;ALDOA;AKAP8;NSD1;HSF1;USP1;PMS2;METTL5;MARCHF7;TBL1X;APBB3;SRSF11;NKTR;BRD4;CENPU;MYEF2;NFYC;MLH1;APTX;TFAP4;CENPH;TRMT6;TTC3;HNRNPA2B1;EEF1AKMT2;N6AMT1;MTCH2;MIDN;CCNT1;FMR1;GEMIN2;CTNND1;INPPL1;UBP1;STK19;CIB1;VIRMA;CDC14B;MPC2;NEK1;SMARCAD1;KMT5B;NEPRO;GTF2I;TLE1;BORA;KDM2B;FBXW11;USP3;VRK1;THOC7;FOXP1;CLIP1;ILF3;DMTF1;MSH3;TIMELESS;PKP4;GEMIN8;CSNK1G2;ZCCHC8;ANKRD16;PSMD14;TCF7;HTRA2;SBNO1;SAFB2;RPRD1B;NAE1;ECT2;CHTOP;CPSF7;UBE2H;BRPF1;CBX5;TGFB1;UBE2B;BRPF3;PHF12;RFXANK;MACO1;FANCE;CLK4;LSM2;CLK2;NSFL1C;LSM6;NASP;CNOT2;TADA3;MDM2;UBA3;EIF4G1;MDM1;KDM5A;MUS81;KDM5C;AKAP8L;UFSP2;YBX3;RESF1;SENP6;FLCN;HPF1;SIN3A;TLK2;TLK1;TNPO2;POLE;ILKAP;EIF5A;TBP;ACTR6;ACTR5;AKTIP;DNMT3A;ATRX;TRNAU1AP;ARID1A;MSL1;PPM1B;PKM;CREB1;TFDP2;IRF3;THRAP3;ESRP1;DNAJC8;ITGB3BP;RBMS2;CILK1;LAMA5;PRKAA1;KDM3A;USP15;PPM1M;WBP2;POLDIP3;PNKP;AMBRA1;MLLT3;UACA;CECR2;RBBP5;NRIP1;FAM120A;RBBP8;RALY;E2F6;MTA3;ATF7IP;TCF7L2;ATE1;SWT1;LIMK2;DONSON;LRWD1;USP28;CHFR;U2SURP;RAD52;MYO1C;BRMS1L;TAF8;ERCC8;ACIN1;NAA16;QRICH1;BCOR;TRIM33;PFKP;TAF2;SSBP4,Strap,rmats,766,GO_Cellular_Component_2023
Mitotic Spindle (GO:0072686),22/143,2.3830128134710313e-6,4.6708211143695015,81.43941568707045,IQCB1;LIMK2;CDC7;EML2;WAPL;SIRT2;CDC14B;EML4;ATAT1;FLCN;WRAP73;TADA2A;ZZZ3;NCOR1;TFDP2;TADA3;PKP4;MAP4;TBL1X;ECT2;KAT14;CLASP1,Strap,rmats,766,GO_Cellular_Component_2023
Spindle (GO:0005819),22/210,0.0013183562574958629,2.9956817661862276,32.4501951181114,IQCB1;LIMK2;CDC7;EML2;WAPL;SIRT2;CDC14B;EML4;ATAT1;FLCN;WRAP73;TADA2A;ZZZ3;NCOR1;TFDP2;TADA3;PKP4;MAP4;TBL1X;ECT2;KAT14;CLASP1,Strap,rmats,766,GO_Cellular_Component_2023
Chromosome (GO:0005694),17/164,0.01023696113134319,2.947049580847025,25.22545128765106,PBRM1;ESCO1;KRR1;FMR1;RECQL;SMC6;BRCA1;FANCE;MLH1;WAPL;SIRT2;SELENOO;SYCE2;STAG1;CENPH;RBM34;RHNO1,Strap,rmats,766,GO_Cellular_Component_2023
Platelet Alpha Granule Lumen (GO:0031093),9/66,0.039444850535847654,3.999930473475631,28.1128751870534,SRGN;APP;TGFB1;FN1;VEGFB;PCYOX1L;ALDOA;CYRIB;VTI1B,Strap,rmats,766,GO_Cellular_Component_2023
ATAC Complex (GO:0140672),4/13,0.04414157402168625,11.213181685622631,75.820077852463,TADA2A;ZZZ3;TADA3;KAT14,Strap,rmats,766,GO_Cellular_Component_2023
Cytoplasmic Ribosomal Proteins WP163,17/81,0.0340252908002997,3.039174734540912,25.602239855037766,RPL3;RPS7;RPL10;GM15501;RPLP0;RPL36A;RPSA;RPL8;RPL7;RPS4X;RPL7A;RPL27A;RPS3;RPL24;RPS20;RPS2;RPS12,Tra2b,deg,1618,WikiPathways_2024_Mouse
mRNA Processing WP310,54/444,4.4633210284529247e-13,3.939481000926784,130.7565086907196,SRP19;RBM25;CELF1;FMR1;HNRNPR;MSI1;TIAL1;RNPEP;PAPOLA;ILKAP;SECISBP2;METTL3;ZCRB1;SRRM1;ILF3;SLTM;CSDE1;PRPF3;EIF4E2;RBM47;RNASEH2A;STAU1;RNMT;POLDIP3;WBP4;U2AF1;RNASET2B;FXR1;BCLAF1;SCAF8;PCBP4;TRA2B;PCBP2;EXOSC8;SAFB2;RALY;ZFP740;TRMT1L;RBM39;TIA1;MYEF2;ZFP638;CPSF1;RSRC2;ERAL1;PUM1;U2SURP;LSM2;CLK1;HNRNPA2B1;ACIN1;RNPS1;RPS24;SUGP1,Tra2b,rmats,718,WikiPathways_2024_Mouse
Processing Of Capped Intron-Containing Pre-mRNA R-HSA-72203,31/242,9.234990560683209e-7,4.078457749539519,85.13091212076107,PDCD7;POLDIP3;WBP4;DDX42;HNRNPR;U2AF1;CCAR1;U2AF1L4;FIP1L1;TRA2B;PCBP2;PAPOLA;NUP88;POLR2H;SMNDC1;CHTOP;CPSF6;CPSF1;NCBP1;METTL3;ZCRB1;THOC7;U2SURP;SRRM1;LSM2;LSM6;PRPF3;HNRNPA2B1;RNPS1;SF1;SUGP1,Tra2b,rmats,718,Reactome_2022
mRNA Splicing R-HSA-72172,26/189,2.3382244664174495e-6,4.40701797936097,84.84031953713595,PDCD7;WBP4;DDX42;HNRNPR;U2AF1;CCAR1;U2AF1L4;FIP1L1;TRA2B;PCBP2;PAPOLA;POLR2H;SMNDC1;CPSF6;CPSF1;NCBP1;ZCRB1;U2SURP;SRRM1;LSM2;LSM6;PRPF3;HNRNPA2B1;RNPS1;SF1;SUGP1,Tra2b,rmats,718,Reactome_2022
mRNA Splicing - Major Pathway R-HSA-72163,24/181,1.2635976049942362e-5,4.21263239046238,72.28272258289061,CPSF6;CPSF1;NCBP1;WBP4;DDX42;HNRNPR;U2AF1;U2SURP;CCAR1;SRRM1;LSM2;U2AF1L4;LSM6;FIP1L1;PRPF3;TRA2B;PCBP2;HNRNPA2B1;PAPOLA;RNPS1;POLR2H;SMNDC1;SF1;SUGP1,Tra2b,rmats,718,Reactome_2022
mRNA 3-End Processing R-HSA-72187,12/58,2.195473512931628e-4,7.107771893090282,99.62155002931911,CHTOP;CPSF6;NCBP1;FIP1L1;CPSF1;POLDIP3;PAPOLA;U2AF1;RNPS1;THOC7;SRRM1;U2AF1L4,Tra2b,rmats,718,Reactome_2022
Cell Cycle R-HSA-1640170,48/654,5.085842518143094e-4,2.2078912368848824,28.598054571616405,DIDO1;SRC;CEP164;PDS5B;PKMYT1;SYCE2;ORC6;CHTF8;PCBP4;MIS18BP1;CHEK2;POLD1;ENSA;CHEK1;RBBP8;NUP88;KMT5A;POLR2H;TOPBP1;TMPO;CENPT;DYNC1H1;BORA;ESCO1;FBXW11;ATRX;CDC7;VRK1;PPP2R5C;TERF2;CDK11B;HAUS2;CENPF;CLIP1;DBF4;TFDP1;STAG2;CENPH;TFDP2;CENPI;CHMP2A;CEP63;CEP43;MAD1L1;BLZF1;ITGB3BP;ANAPC2;SPC25,Tra2b,rmats,718,Reactome_2022
RNA Polymerase II Transcription Termination R-HSA-73856,12/67,7.32352444668527e-4,5.9419005923255215,73.7134537156917,CHTOP;CPSF6;NCBP1;FIP1L1;CPSF1;POLDIP3;PAPOLA;U2AF1;RNPS1;THOC7;SRRM1;U2AF1L4,Tra2b,rmats,718,Reactome_2022
Metabolism Of RNA R-HSA-8953854,46/666,0.002820065013314099,2.060416666666667,22.46533884424578,RNMT;PDCD7;POLDIP3;WBP4;DDX42;HNRNPR;U2AF1;SMG6;CCAR1;U2AF1L4;FIP1L1;TRA2B;PCBP2;EXOSC8;PAPOLA;NUP88;UTP20;POLR2H;BUD23;SMNDC1;EXOSC1;NOP56;CHTOP;CPSF6;TYW5;CPSF1;NCBP1;KRR1;METTL3;GTF2H1;RRP1B;ZCRB1;THOC7;U2SURP;LSM2;SRRM1;QTRT1;LSM6;CNOT2;PRPF3;HNRNPA2B1;TSR1;RNPS1;RPS24;SF1;SUGP1,Tra2b,rmats,718,Reactome_2022
Membrane Trafficking R-HSA-199991,41/599,0.008555866640272525,2.032168061710159,19.630561140908156,MCFD2;LMAN2L;SRC;GPS1;MIA3;GGA1;GOLGA4;SCFD1;RACGAP1;AP1G1;UBQLN1;TBC1D14;AP3S1;RAB6A;SPTAN1;AGFG1;SEC31A;ACTR2;DYNC1H1;SEC24B;COG8;ANKRD27;PTGES2;VTA1;ASPSCR1;DTNBP1;PUM1;RAB11A;EPN1;DNM2;EPN2;GAK;DAB2;NECAP2;SEC23IP;BIN1;TRAPPC6B;CHMP2A;COPG1;SEC24C;EXOC2,Tra2b,rmats,718,Reactome_2022
FGFR1 Mutant Receptor Activation R-HSA-1839124,7/30,0.008798413554420303,8.24393077722742,78.4341837543111,BAG4;FGF8;CPSF6;FGFR1OP2;LRRFIP1;CEP43;FGFR1,Tra2b,rmats,718,Reactome_2022
DNA Repair R-HSA-73894,25/310,0.014990424199876983,2.4046226677805627,21.182973623179073,MUS81;INO80B;GPS1;CHEK2;POLD1;CHEK1;RBBP8;TOPBP1;POLR2H;RNF111;MUTYH;UBE2B;MGMT;ASCC1;REV1;GTF2H1;RAD23A;BAZ1B;FANCE;TERF2;RAD52;MSH3;ERCC1;ERCC6;DTL,Tra2b,rmats,718,Reactome_2022
"Cell Cycle, Mitotic R-HSA-69278",36/523,0.014990424199876983,2.0371898089325393,17.833758582164837,SRC;CEP164;PDS5B;PKMYT1;ORC6;POLD1;ENSA;NUP88;KMT5A;TMPO;CENPT;DYNC1H1;BORA;ESCO1;FBXW11;CDC7;VRK1;PPP2R5C;CDK11B;HAUS2;CENPF;CLIP1;DBF4;TFDP1;STAG2;CENPH;TFDP2;CENPI;CHMP2A;CEP63;CEP43;MAD1L1;BLZF1;ITGB3BP;ANAPC2;SPC25,Tra2b,rmats,718,Reactome_2022
Transcriptional Regulation By E2F6 R-HSA-8953750,7/34,0.014990424199876983,7.021149137886128,60.85444953988113,PHC1;TFDP1;TFDP2;CHEK1;RBBP8;CDC7;YAF2,Tra2b,rmats,718,Reactome_2022
Transport Of Mature Transcript To Cytoplasm R-HSA-72202,11/83,0.014990424199876983,4.151147257582901,35.7563554495105,CHTOP;NCBP1;FIP1L1;CPSF1;POLDIP3;U2AF1;NUP88;RNPS1;THOC7;SRRM1;U2AF1L4,Tra2b,rmats,718,Reactome_2022
Vesicle-mediated Transport R-HSA-5653656,41/637,0.017951127541798968,1.8987390084561775,15.839334840559003,MCFD2;LMAN2L;SRC;GPS1;MIA3;GGA1;GOLGA4;SCFD1;RACGAP1;AP1G1;UBQLN1;TBC1D14;AP3S1;RAB6A;SPTAN1;AGFG1;SEC31A;ACTR2;DYNC1H1;SEC24B;COG8;ANKRD27;PTGES2;VTA1;ASPSCR1;DTNBP1;PUM1;RAB11A;EPN1;DNM2;EPN2;GAK;DAB2;NECAP2;SEC23IP;BIN1;TRAPPC6B;CHMP2A;COPG1;SEC24C;EXOC2,Tra2b,rmats,718,Reactome_2022
Signaling By FGFR1 In Disease R-HSA-5655302,7/36,0.017951127541798968,6.536252970561133,54.187275062346565,BAG4;FGF8;CPSF6;FGFR1OP2;LRRFIP1;CEP43;FGFR1,Tra2b,rmats,718,Reactome_2022
Signaling By FGFR In Disease R-HSA-1226099,9/61,0.019492313468826294,4.694314852989042,37.96910907465332,BAG4;FGF8;CPSF6;NCBP1;FGFR1OP2;LRRFIP1;POLR2H;CEP43;FGFR1,Tra2b,rmats,718,Reactome_2022
ER To Golgi Anterograde Transport R-HSA-199977,14/133,0.019492313468826294,3.202372994652406,25.883933794553098,DYNC1H1;COG8;MCFD2;SEC24B;LMAN2L;PTGES2;MIA3;SCFD1;SEC23IP;TRAPPC6B;COPG1;SPTAN1;SEC24C;SEC31A,Tra2b,rmats,718,Reactome_2022
Resolution Of Sister Chromatid Cohesion R-HSA-2500257,12/106,0.02505685745660117,3.469591947441384,26.974168154313784,CENPT;DYNC1H1;CLIP1;CENPF;STAG2;CENPH;CENPI;PDS5B;PPP2R5C;MAD1L1;ITGB3BP;SPC25,Tra2b,rmats,718,Reactome_2022
Transcriptional Regulation By TP53 R-HSA-3700989,26/354,0.027055103074685637,2.171172282532074,16.59569057387522,CCNT1;STK11;ING3;PIP4P1;PCBP4;CHEK2;CHEK1;SMYD2;RBBP8;NELFB;NELFCD;KMT5A;TOPBP1;POLR2H;BID;BANP;SURF1;GTF2H1;PPP2R5C;TFDP1;TFDP2;TTC5;CNOT2;CARM1;TAF2;TNRC6A,Tra2b,rmats,718,Reactome_2022
Processing Of Intronless Pre-mRNAs R-HSA-77595,5/20,0.031211149995546427,9.007480130902291,67.10087505491526,CPSF6;CPSF1;NCBP1;FIP1L1;PAPOLA,Tra2b,rmats,718,Reactome_2022
PI Metabolism R-HSA-1483255,10/82,0.03545465711356815,3.768440050219711,27.40858790594643,PI4K2B;VAC14;MTMR2;PIP4P1;PLEKHA1;MTMR14;PITPNB;PLEKHA5;PIK3CB;PTPN13,Tra2b,rmats,718,Reactome_2022
Mitochondrial tRNA Aminoacylation R-HSA-379726,5/21,0.03614847624043778,8.444074333800842,60.85890746447216,RARS2;SARS2;PPA2;TARS2;CARS2,Tra2b,rmats,718,Reactome_2022
Transcription Of HIV Genome R-HSA-167172,9/69,0.036298445318064906,4.066713681241184,29.112382798965857,GTF2A2;CCNT1;NCBP1;RNMT;NELFB;GTF2H1;NELFCD;POLR2H;TAF2,Tra2b,rmats,718,Reactome_2022
"Signaling By Rho GTPases, Miro GTPases And RHOBTB3 R-HSA-9716542",40/660,0.03996061535262781,1.775811209439528,12.419266160473217,FAM13B;SRC;GPS1;FAF2;UACA;ABR;SCFD1;RHOT1;RACGAP1;TRA2B;NCK2;ECT2;SPTAN1;TMPO;CENPT;ACTR2;DYNC1H1;STARD8;ACTN1;MACO1;PPP2R5C;PTPN13;PTK2;MPP7;KTN1;SRRM1;SENP1;NISCH;NSFL1C;TIAM1;CENPF;CLIP1;FAM135A;CENPH;CENPI;DLG5;MAD1L1;ITGB3BP;CDC42SE2;SPC25,Tra2b,rmats,718,Reactome_2022
Nephrin Family Interactions R-HSA-373753,5/22,0.03996061535262781,7.946951571652504,55.46335522115165,ACTN1;NCK2;ACTN4;PIK3CB;SPTAN1,Tra2b,rmats,718,Reactome_2022
HIV Life Cycle R-HSA-162587,14/149,0.04003005834693791,2.8204755892255893,19.569141778551455,GTF2A2;CCNT1;NCBP1;RNMT;VTA1;HMGA1;GTF2H1;CHMP2A;NMT2;NUP88;NELFB;NELFCD;POLR2H;TAF2,Tra2b,rmats,718,Reactome_2022
Chromatin Modifying Enzymes R-HSA-3247509,19/238,0.040087450526688426,2.3660480399265746,16.32352827005467,KDM5A;PBRM1;KDM5C;KDM2B;KMT5C;SETD6;PHF21A;NFKB1;ZZZ3;ING3;NCOR1;CARM1;TADA3;SMYD2;HMG20B;BRD8;KMT5A;MTA3;KAT14,Tra2b,rmats,718,Reactome_2022
Signaling By Rho GTPases R-HSA-194315,39/644,0.04114451747665579,1.773154493117005,12.122478912256296,FAM13B;SRC;GPS1;FAF2;UACA;ABR;SCFD1;RACGAP1;TRA2B;NCK2;ECT2;SPTAN1;TMPO;CENPT;ACTR2;DYNC1H1;STARD8;ACTN1;MACO1;PPP2R5C;PTPN13;PTK2;MPP7;KTN1;SRRM1;SENP1;NISCH;NSFL1C;TIAM1;CENPF;CLIP1;FAM135A;CENPH;CENPI;DLG5;MAD1L1;ITGB3BP;CDC42SE2;SPC25,Tra2b,rmats,718,Reactome_2022
Mitotic Prometaphase R-HSA-68877,16/186,0.04186119478022265,2.562359644712586,17.383852238280255,CENPT;DYNC1H1;CEP164;PDS5B;PPP2R5C;HAUS2;CLIP1;CENPF;STAG2;CENPH;CENPI;CEP63;CEP43;MAD1L1;ITGB3BP;SPC25,Tra2b,rmats,718,Reactome_2022
Late Phase Of HIV Life Cycle R-HSA-162599,13/136,0.044404945373701585,2.8722481692902035,19.21942112673609,GTF2A2;CCNT1;NCBP1;RNMT;VTA1;GTF2H1;CHMP2A;NMT2;NUP88;NELFB;NELFCD;POLR2H;TAF2,Tra2b,rmats,718,Reactome_2022
Transport Of Mature mRNA Derived From An Intron-Containing Transcript R-HSA-159236,9/74,0.04481644349996453,3.7529130953672563,24.95464549076202,CHTOP;NCBP1;POLDIP3;U2AF1;NUP88;RNPS1;THOC7;SRRM1;U2AF1L4,Tra2b,rmats,718,Reactome_2022
Processing of Capped Intron-Containing Pre-mRNA,35/285,2.8546772976031366e-7,3.901142020497804,86.64276436991192,RBM25;PDCD7;POLDIP3;WBP4;DDX42;HNRNPR;U2AF1;CCAR1;U2AF1L4;FIP1L1;TRA2B;PCBP2;PAPOLA;NUP88;POLR2H;SMNDC1;RBM39;CHTOP;CPSF6;PPIL2;CPSF1;NCBP1;METTL3;ZCRB1;THOC7;U2SURP;SRRM1;LSM2;LSM6;PRPF3;HNRNPA2B1;ACIN1;RNPS1;SF1;SUGP1,Tra2b,rmats,718,Reactome_Pathways_2024
mRNA Splicing,26/215,4.084971403699542e-5,3.795592867847203,62.82813218729244,RBM25;PDCD7;WBP4;DDX42;HNRNPR;U2AF1;CCAR1;U2AF1L4;TRA2B;PCBP2;POLR2H;SMNDC1;RBM39;PPIL2;NCBP1;ZCRB1;U2SURP;SRRM1;LSM2;LSM6;PRPF3;HNRNPA2B1;ACIN1;RNPS1;SF1;SUGP1,Tra2b,rmats,718,Reactome_Pathways_2024
mRNA Splicing - Major Pathway,24/204,1.4547171852527627e-4,3.669932756964457,54.59894610251357,RBM39;RBM25;PPIL2;NCBP1;WBP4;DDX42;HNRNPR;U2AF1;U2SURP;CCAR1;SRRM1;LSM2;U2AF1L4;LSM6;PRPF3;TRA2B;PCBP2;HNRNPA2B1;ACIN1;RNPS1;POLR2H;SMNDC1;SF1;SUGP1,Tra2b,rmats,718,Reactome_Pathways_2024
mRNA 3'-End Processing,12/58,2.0918231448741856e-4,7.107771893090282,99.62155002931911,CHTOP;CPSF6;NCBP1;FIP1L1;CPSF1;POLDIP3;PAPOLA;U2AF1;RNPS1;THOC7;SRRM1;U2AF1L4,Tra2b,rmats,718,Reactome_Pathways_2024
Cell Cycle,49/649,2.0918231448741856e-4,2.28056302939711,31.935452737783528,DIDO1;CEP164;MIS18BP1;CHEK2;ENSA;CHEK1;KMT5A;TOPBP1;TMPO;BORA;ESCO1;FBXW11;ATRX;VRK1;PPP2R5C;TERF2;HAUS2;CLIP1;DBF4;TFDP1;TFDP2;CEP63;MAD1L1;BLZF1;ITGB3BP;ANAPC2;SRC;PDS5B;PKMYT1;SYCE2;ORC6;CHTF8;PCBP4;POLD1;RBBP8;NUP88;POLR2H;CENPT;DYNC1H1;CDC7;CDK11B;CENPF;STAG1;STAG2;CENPH;CENPI;CHMP2A;CEP43;SPC25,Tra2b,rmats,718,Reactome_Pathways_2024
RNA Polymerase II Transcription Termination,12/67,8.613502191721164e-4,5.9419005923255215,73.7134537156917,CHTOP;CPSF6;NCBP1;FIP1L1;CPSF1;POLDIP3;PAPOLA;U2AF1;RNPS1;THOC7;SRRM1;U2AF1L4,Tra2b,rmats,718,Reactome_Pathways_2024
Metabolism of RNA,51/761,0.002653451130854641,2.000067571847879,22.253625967461975,RBM25;PDCD7;DDX42;HNRNPR;SMG6;CCAR1;FASTK;PAPOLA;TYW5;NCBP1;METTL3;ZCRB1;THOC7;SRRM1;QTRT1;SUPV3L1;PRPF3;SF1;RNMT;POLDIP3;WBP4;U2AF1;U2AF1L4;FIP1L1;TRA2B;PCBP2;EXOSC8;NUP88;UTP20;POLR2H;SMNDC1;EXOSC1;NOP56;RBM39;CHTOP;PPIL2;CPSF6;CPSF1;KRR1;GTF2H1;U2SURP;LSM2;PAN2;LSM6;CNOT2;HNRNPA2B1;TSR1;ACIN1;RNPS1;RPS24;SUGP1,Tra2b,rmats,718,Reactome_Pathways_2024
Membrane Trafficking,44/633,0.0034260964558984635,2.0718413243791973,22.041420855978252,MCFD2;LMAN2L;SRC;GPS1;COPS7B;MIA2;MIA3;USE1;GGA1;GOLGA4;SCFD1;RACGAP1;AP1G1;UBQLN1;TBC1D14;AP3S1;RAB6A;SPTAN1;AGFG1;SEC31A;POLG;ACTR2;DYNC1H1;SEC24B;COG8;ANKRD27;VTA1;ASPSCR1;DTNBP1;PUM1;RAB11A;EPN1;DNM2;EPN2;GAK;DAB2;NECAP2;SEC23IP;BIN1;TRAPPC6B;CHMP2A;COPG1;SEC24C;EXOC2,Tra2b,rmats,718,Reactome_Pathways_2024
DNA Repair,27/312,0.0034260964558984635,2.6045091019879654,27.658746385991805,MUS81;INO80B;USP10;GPS1;COPS7B;CHEK2;POLD1;CHEK1;RBBP8;TOPBP1;POLR2H;RNF111;MUTYH;UBE2B;MGMT;ASCC1;REV1;GTF2H1;RAD23A;BAZ1B;FANCE;TERF2;RAD52;MSH3;ERCC1;ERCC6;DTL,Tra2b,rmats,718,Reactome_Pathways_2024
Signaling by FGFR1 in Disease,8/38,0.006297688067604526,7.230798122065727,71.62424155219728,BAG4;FGF8;CPSF6;FGFR1OP2;KRAS;LRRFIP1;CEP43;FGFR1,Tra2b,rmats,718,Reactome_Pathways_2024
"Cell Cycle, Mitotic",37/516,0.006382257866868245,2.1327809098127215,20.894409071562034,SRC;CEP164;PDS5B;PKMYT1;ORC6;POLD1;ENSA;NUP88;KMT5A;TMPO;CENPT;DYNC1H1;BORA;ESCO1;FBXW11;CDC7;VRK1;PPP2R5C;CDK11B;HAUS2;CENPF;CLIP1;STAG1;DBF4;TFDP1;STAG2;CENPH;TFDP2;CENPI;CHMP2A;CEP63;CEP43;MAD1L1;BLZF1;ITGB3BP;ANAPC2;SPC25,Tra2b,rmats,718,Reactome_Pathways_2024
Signaling by FGFR in Disease,10/63,0.008031053763438207,5.124453682976228,48.57974878599583,BAG4;FGF8;CPSF6;NCBP1;FGFR1OP2;KRAS;LRRFIP1;POLR2H;CEP43;FGFR1,Tra2b,rmats,718,Reactome_Pathways_2024
FGFR1 Mutant Receptor Activation,7/31,0.008969035983711189,7.9000234411626815,73.3871158035587,BAG4;FGF8;CPSF6;FGFR1OP2;LRRFIP1;CEP43;FGFR1,Tra2b,rmats,718,Reactome_Pathways_2024
Transcriptional Regulation by E2F6,7/34,0.015280080734587252,7.021149137886128,60.85444953988113,PHC1;TFDP1;TFDP2;CHEK1;RBBP8;CDC7;YAF2,Tra2b,rmats,718,Reactome_Pathways_2024
Transport of Mature Transcript to Cytoplasm,11/83,0.015280080734587252,4.151147257582901,35.7563554495105,CHTOP;NCBP1;FIP1L1;CPSF1;POLDIP3;U2AF1;NUP88;RNPS1;THOC7;SRRM1;U2AF1L4,Tra2b,rmats,718,Reactome_Pathways_2024
Establishment of Sister Chromatid Cohesion,4/11,0.03503710211338992,15.426170468187275,119.07788080046619,STAG1;STAG2;ESCO1;PDS5B,Tra2b,rmats,718,Reactome_Pathways_2024
Processing of Intronless Pre-mRNAs,5/20,0.04255634538868522,9.007480130902291,67.10087505491526,CPSF6;CPSF1;NCBP1;FIP1L1;PAPOLA,Tra2b,rmats,718,Reactome_Pathways_2024
Resolution of Sister Chromatid Cohesion,13/126,0.04255634538868522,3.1280612565116424,23.169573476685184,CENPT;DYNC1H1;PDS5B;PPP2R5C;CLIP1;STAG1;CENPF;STAG2;CENPH;CENPI;MAD1L1;ITGB3BP;SPC25,Tra2b,rmats,718,Reactome_Pathways_2024
Mitochondrial tRNA Aminoacylation,5/21,0.04922873862458991,8.444074333800842,60.85890746447216,RARS2;SARS2;PPA2;TARS2;CARS2,Tra2b,rmats,718,Reactome_Pathways_2024
Messenger RNA processing,22/203,0.0036835882120663664,3.3357306153553057,41.316559546432536,RBM39;CPSF1;NCBP1;RNMT;CELF1;METTL3;HNRNPR;GTF2H1;U2AF1;CCAR1;SRRM1;LSM2;CLK1;PRPF3;TRA2B;PCBP2;HNRNPA2B1;PAPOLA;NUP88;RNPS1;POLR2H;SUGP1,Tra2b,rmats,718,BioPlanet_2019
RNA polymerase II transcription,13/101,0.01817265246077032,4.021953578336557,38.72987248333484,GTF2A2;CCNT1;CPSF1;NCBP1;RNMT;U2AF1;GTF2H1;SRRM1;PAPOLA;RNPS1;NELFB;NELFCD;POLR2H,Tra2b,rmats,718,BioPlanet_2019
Mitochondrial tRNA aminoacylation,6/21,0.01817265246077032,10.824157303370786,103.3018150173409,RARS2;SARS2;KARS;PPA2;TARS2;CARS2,Tra2b,rmats,718,BioPlanet_2019
Transcription,18/181,0.01817265246077032,3.0161437335670462,27.93086810255861,GTF2A2;GTF3C4;CCNT1;CPSF1;NCBP1;RNMT;U2AF1;GTF2H1;SRRM1;TAF1A;PAPOLA;UBTF;TFAM;RNPS1;NELFB;NELFCD;POLR2H;ERCC6,Tra2b,rmats,718,BioPlanet_2019
Cell cycle,33/453,0.01817265246077032,2.163524504692388,19.862434830503403,DIDO1;CEP164;PKMYT1;CDC14B;HDAC7;SYCE2;ORC6;MIS18BP1;CHEK2;POLD1;CHEK1;CENPT;SMAD2;DYNC1H1;CDC7;PPP2R5C;TERF2;CDK11B;HAUS2;CENPF;CLIP1;STAG1;DBF4;TFDP1;STAG2;CENPH;TFDP2;CENPI;CEP63;MAD1L1;ITGB3BP;ANAPC2;SPC25,Tra2b,rmats,718,BioPlanet_2019
Capped intron-containing pre-mRNA processing,15/138,0.01863171880100863,3.323561044998786,29.656799445399212,CPSF1;NCBP1;METTL3;HNRNPR;U2AF1;CCAR1;SRRM1;LSM2;PCBP2;HNRNPA2B1;PAPOLA;NUP88;RNPS1;POLR2H;SUGP1,Tra2b,rmats,718,BioPlanet_2019
Messenger RNA splicing: major pathway,10/68,0.01863171880100863,4.681472822910578,41.286712848195364,CPSF1;PCBP2;HNRNPA2B1;PAPOLA;HNRNPR;U2AF1;RNPS1;CCAR1;SRRM1;SUGP1,Tra2b,rmats,718,BioPlanet_2019
ATM pathway,8/48,0.028790600914086497,5.420281690140845,44.32897948745192,CTBP1;CHEK2;CHEK1;RBBP8;MRE11A;BID;TERF2;NFKB1,Tra2b,rmats,718,BioPlanet_2019
Membrane trafficking,14/133,0.028790600914086497,3.202372994652406,25.883933794553098,SEC24B;SRC;VTA1;DTNBP1;PUM1;DNM2;GAK;DAB2;AP1G1;CHMP2A;AP3S1;COPG1;SEC24C;SEC31A,Tra2b,rmats,718,BioPlanet_2019
Protein processing in the endoplasmic reticulum,16/166,0.028790600914086497,2.9070465337132005,23.335773202829778,MBTPS1;SEC24B;ATF6B;EIF2AK1;RAD23A;RRBP1;UBE2J1;SEC61A2;NSFL1C;MAPK9;BAG1;DNAJC10;UBQLN1;UGGT1;SEC24C;SEC31A,Tra2b,rmats,718,BioPlanet_2019
RNA Binding (GO:0003723),122/1411,2.039774668005137e-17,2.8573552152701485,127.60275171446084,SRP19;SLC4A1AP;FMR1;RTCA;HNRNPR;MSI1;ENO1;MKI67;GPATCH8;CCAR1;TIAL1;FBRSL1;UBAP2L;AGFG1;RARS2;NOM1;TYW5;DDX11;SECISBP2;ACTN1;METTL3;LARP4B;ZCRB1;ACTN4;GTPBP1;SRRM1;ILF3;PRPF3;TFAM;DAP3;ANKRD17;RTF1;RCC1L;FXR1;BAG4;PCBP4;PCBP2;SAFB2;UTP20;LTA4H;MAP4;ZC3H14;TRMT1L;CHTOP;TIA1;CPSF6;HMGA1;ERAL1;PUM1;LSM2;EIF5;LSM6;RNPS1;LSM14A;RPS24;SUGP1;RBM27;DIDO1;RBM25;CELF1;AKAP8L;DDX42;SMG6;FASTK;UBTF;NELFCD;LRRFIP1;BUD23;ZC3H10;NCBP1;PPHLN1;TRNAU1AP;GNL2;REXO4;SUPV3L1;MRPS9;SARS2;PKM;SLTM;THRAP3;CSDE1;EIF4E2;RBM47;STAU1;RNMT;POLDIP3;USP10;WBP4;AKAP8;U2AF1;RRBP1;ADD1;MTHFSD;SCAF8;BCLAF1;TCOF1;FIP1L1;TRA2B;RALY;SMNDC1;EXOSC1;NOP56;PTCD3;PTPN1;DYNC1H1;RBM39;MYEF2;KRR1;IMMT;RSRC2;RRP1B;TPD52L2;CDK11B;U2SURP;KTN1;SEC23IP;TNIP1;HNRNPA2B1;TSR1;ACIN1;FAM98A;TNRC6A,Tra2b,rmats,718,GO_Molecular_Function_2023
mRNA 3'-UTR Binding (GO:0003730),15/93,2.6859092326525134e-4,5.253309990152095,72.26301168511536,RBM47;TIA1;CPSF1;CELF1;FMR1;SECISBP2;LARP4B;PUM1;TIAL1;FXR1;ILF3;PCBP4;EXOSC8;HNRNPA2B1;RNPS1,Tra2b,rmats,718,GO_Molecular_Function_2023
mRNA Binding (GO:0003729),27/282,6.522565776652383e-4,2.9155188558780964,36.33610255028481,RBM25;RBM47;SLC4A1AP;CELF1;POLDIP3;FMR1;HNRNPR;MSI1;TIAL1;FXR1;SCAF8;PCBP4;TRA2B;PCBP2;CHTOP;TIA1;MYEF2;CPSF6;NCBP1;SECISBP2;METTL3;LARP4B;PUM1;PKM;HNRNPA2B1;RNPS1;LSM14A,Tra2b,rmats,718,GO_Molecular_Function_2023
Nuclear Thyroid Hormone Receptor Binding (GO:0046966),6/27,0.03680690134797564,7.729133226324238,62.072273715737836,MED22;NCOR1;THRAP3;GTF2H1;BRD8;MED17,Tra2b,rmats,718,GO_Molecular_Function_2023
Nuclear Receptor Coactivator Activity (GO:0030374),8/50,0.03680690134797564,5.161636485580147,40.71923648281382,MED22;THRAP3;CARM1;HMGA1;ACTN4;BRD8;CCAR1;MED17,Tra2b,rmats,718,GO_Molecular_Function_2023
Annealing Activity (GO:0140666),3/5,0.03680690134797564,40.44755244755245,312.93652945536405,FXR1;FMR1;RECQL,Tra2b,rmats,718,GO_Molecular_Function_2023
Single-Stranded DNA Binding (GO:0003697),11/96,0.045285645337249755,3.513886346617855,25.777817841683774,RAD52;MSH3;RNF138;DDX11;ERCC1;PCBP2;RECQL;RAD23A;RTF1;POLR2H;REXO4,Tra2b,rmats,718,GO_Molecular_Function_2023
RNA Polymerase II Complex Binding (GO:0000993),6/31,0.045285645337249755,6.491123595505618,47.00781029653398,SCAF8;SMYD2;WAC;RPRD1B;PEX2;BRD4,Tra2b,rmats,718,GO_Molecular_Function_2023
DNA Damage Response (GO:0006974),33/384,0.005286441674035204,2.5983030756753385,32.52405365081513,MUS81;USP10;FMR1;CIB1;PDS5B;BCLAF1;STK11;CHEK2;POLD1;CHEK1;TLK2;RBBP8;NAE1;TOPBP1;BID;MUTYH;UBE2B;MGMT;KMT5C;DDX11;METTL3;ATRX;RECQL;GTF2H1;VRK1;BAZ1B;REXO4;TTC5;MSH3;ERCC1;WAC;CEP63;HDGFL2,Tra2b,rmats,718,GO_Biological_Process_2023
Regulation Of Cell Cycle Process (GO:0010564),17/130,0.005286441674035204,4.1138828222640225,50.95061144205321,PBRM1;BORA;MKI67;PKMYT1;PUM1;RAB11A;FLCN;DBF4;RACGAP1;BIN1;CHEK1;DPF2;RPRD1B;CEP85;ENTR1;ECT2;RAB11FIP3,Tra2b,rmats,718,GO_Biological_Process_2023
RNA Processing (GO:0006396),20/183,0.006367899932167809,3.3608733102466295,38.70309914087558,RBM39;CPSF6;NCBP1;PDCD7;CELF1;METTL3;AKAP8L;WBP4;HNRNPR;U2AF1;ZCRB1;SRRM1;ARVCF;LSM6;PRPF3;FASTK;EXOSC8;HNRNPA2B1;RNPS1;EXOSC1,Tra2b,rmats,718,GO_Biological_Process_2023
mRNA Metabolic Process (GO:0016071),13/85,0.006367899932167809,4.919818754925138,56.60630515277049,CPSF6;NCBP1;CELF1;AKAP8L;METTL3;HNRNPR;U2AF1;LSM2;LSM6;PRPF3;HSF1;PCBP2;HNRNPA2B1,Tra2b,rmats,718,GO_Biological_Process_2023
DNA Metabolic Process (GO:0006259),26/288,0.008380718487254876,2.727573578078807,30.025028929249473,MUS81;INO80B;RNASEH2A;FMR1;PDS5B;ORC6;POLD1;CHEK1;RBBP8;TOPBP1;POLG;MUTYH;TCF7L2;UBE2B;MGMT;KMT5C;ATRX;RECQL;REV1;GTF2H1;TERF2;REXO4;SUPV3L1;RAD52;MSH3;ERCC1,Tra2b,rmats,718,GO_Biological_Process_2023
Regulation Of mRNA Processing (GO:0050684),8/35,0.011034221220287486,8.03547209181012,84.70688451946302,RBM39;TIA1;NCBP1;SLTM;PAPOLA;SAFB2;CDK11B;SRRM1,Tra2b,rmats,718,GO_Biological_Process_2023
"Regulation Of mRNA Splicing, Via Spliceosome (GO:0048024)",13/94,0.011034221220287486,4.371123369232116,45.444047151355115,RBM39;RBM25;RBM47;TIA1;NCBP1;CELF1;FMR1;SRRM1;FXR1;THRAP3;PCBP4;TRA2B;RNPS1,Tra2b,rmats,718,GO_Biological_Process_2023
Macromolecule Catabolic Process (GO:0009057),12/85,0.015305054877559933,4.472583336567193,44.309619455208775,MUS81;SUPV3L1;RNASEH2A;NCBP1;CHEK2;EXOSC8;PPT1;CLN8;USE1;REXO4;EXOSC1;SIDT2,Tra2b,rmats,718,GO_Biological_Process_2023
DNA Repair (GO:0006281),25/291,0.015305054877559933,2.5789582180559623,25.32002298018839,MUS81;RNASEH2A;FMR1;CIB1;PDS5B;CHEK2;POLD1;CHEK1;RBBP8;TOPBP1;MUTYH;UBE2B;MGMT;KMT5C;ASCC1;ATRX;RECQL;GTF2H1;RAD23A;FANCE;REXO4;RAD52;MSH3;ERCC1;ERCC6,Tra2b,rmats,718,GO_Biological_Process_2023
Protein Transport (GO:0015031),26/313,0.017281637301617216,2.4867072163702644,23.85026982379427,VPS29;LMAN2L;STXBP2;MIA2;MIA3;VPS26B;GGA1;GOLGA4;SCFD1;ARFIP1;STX3;RAB28;RAB6A;TMED5;SEC31A;STX8;ASPSCR1;TIMM44;DNM2;CENPF;SEC23IP;PPT1;CHMP2A;IFT27;COPG1;BLZF1,Tra2b,rmats,718,GO_Biological_Process_2023
Vesicle-Mediated Transport (GO:0016192),31/411,0.01955263504348696,2.24454914579024,20.95024783381015,STXBP2;MIA2;MIA3;GOLGA4;AP5M1;RAB25;AP1G1;AP3S1;STX3;RAB11FIP3;VPS16;VTI1B;STX8;VTA1;AKTIP;RAB11A;EPN1;DNM2;EPN2;NECAP2;BIN3;HOOK2;BIN1;VPS41;OCIAD1;CHMP2A;KXD1;IFT27;OSBPL1A;EXOC2;CSNK1G2,Tra2b,rmats,718,GO_Biological_Process_2023
Golgi Vesicle Transport (GO:0048193),19/197,0.01955263504348696,2.917297584028548,27.0880352247926,COG8;SEC24B;LMAN2L;PITPNB;MIA2;MIA3;USE1;DNM2;GOLGA4;SCFD1;TRAPPC6B;SGSM2;TBC1D14;COPG1;RAB6A;SEC24C;TMED5;SEC31A;VTI1B,Tra2b,rmats,718,GO_Biological_Process_2023
Nucleobase-Containing Compound Catabolic Process (GO:0034655),8/44,0.026926183543846825,6.0237871674491394,53.05595447090364,MUS81;SUPV3L1;RNASEH2A;NCBP1;EXOSC8;EXOSC1;REXO4;SIDT2,Tra2b,rmats,718,GO_Biological_Process_2023
Stress Granule Assembly (GO:0034063),6/24,0.026926183543846825,9.0187265917603,78.708570642931,DYNC1H1;TIA1;FMR1;CSDE1;UBAP2L;LSM14A,Tra2b,rmats,718,GO_Biological_Process_2023
Positive Regulation Of Hippo Signaling (GO:0035332),4/9,0.026926183543846825,21.59887955182073,186.27856486568916,TIAL1;SRC;DLG5;SCHIP1,Tra2b,rmats,718,GO_Biological_Process_2023
Positive Regulation Of miRNA-mediated Gene Silencing (GO:2000637),4/9,0.026926183543846825,21.59887955182073,186.27856486568916,FXR1;TIAL1;FMR1;PUM1,Tra2b,rmats,718,GO_Biological_Process_2023
RNA Catabolic Process (GO:0006401),9/57,0.026926183543846825,5.086565585331453,43.83104756575331,SUPV3L1;RNASEH2A;LSM6;NCBP1;METTL3;EXOSC8;EXOSC1;SIDT2;LSM2,Tra2b,rmats,718,GO_Biological_Process_2023
RNA Splicing (GO:0008380),12/98,0.028281286160844223,3.793925818565123,32.289201388056306,ARVCF;LSM6;NCBP1;PDCD7;PRPF3;TRA2B;WBP4;RNPS1;U2AF1;ZCRB1;SMNDC1;SRRM1,Tra2b,rmats,718,GO_Biological_Process_2023
mRNA Processing (GO:0006397),19/214,0.03503617656939861,2.6605993910714942,21.8327708461808,CPSF6;NCBP1;RNMT;CELF1;METTL3;WBP4;HNRNPR;U2AF1;SRRM1;LSM2;U2AF1L4;LSM6;PRPF3;TRA2B;HNRNPA2B1;PAPOLA;RNPS1;RPRD1B;RALY,Tra2b,rmats,718,GO_Biological_Process_2023
Regulation Of mRNA Polyadenylation (GO:1900363),4/10,0.03503617656939861,17.99813258636788,146.5485517051726,CPSF6;NCBP1;HSF1;ZC3H14,Tra2b,rmats,718,GO_Biological_Process_2023
Positive Regulation Of Post-Transcriptional Gene Silencing By RNA (GO:1900370),4/10,0.03503617656939861,17.99813258636788,146.5485517051726,FXR1;TIAL1;FMR1;PUM1,Tra2b,rmats,718,GO_Biological_Process_2023
Macroautophagy (GO:0016236),12/104,0.04050295997258125,3.545387362975736,28.18908070943684,SRC;VTA1;MTMR14;NBR1;VPS41;CHMP2A;UBQLN1;WIPI2;SPG11;ATG5;VPS16;VTI1B,Tra2b,rmats,718,GO_Biological_Process_2023
Regulation Of Mitochondrion Organization (GO:0010821),8/50,0.041223865043562985,5.161636485580147,40.71923648281382,FLCN;MTCH2;RHOT1;MUL1;OMA1;DNM1L;MFF;CYRIB,Tra2b,rmats,718,GO_Biological_Process_2023
DNA Double-Strand Break Processing Involved In Repair Via Single-Strand Annealing (GO:0010792),3/5,0.043208012310014934,40.44755244755245,312.93652945536405,RAD52;RNF138;RBBP8,Tra2b,rmats,718,GO_Biological_Process_2023
Double-Strand Break Repair Via Single-Strand Annealing (GO:0045002),3/5,0.043208012310014934,40.44755244755245,312.93652945536405,RAD52;RNF138;RBBP8,Tra2b,rmats,718,GO_Biological_Process_2023
Programmed Necrotic Cell Death (GO:0097300),4/11,0.043208012310014934,15.426170468187275,119.07788080046619,IPMK;PPIF;TRPM7;DNM1L,Tra2b,rmats,718,GO_Biological_Process_2023
Cell Cycle G2/M Phase Transition (GO:0044839),7/40,0.04469858502767547,5.742786514938413,43.709428780856825,CHEK2;AKAP8L;ENSA;AKAP8;PKMYT1;TAF2;DNM2,Tra2b,rmats,718,GO_Biological_Process_2023
mRNA 3'-End Processing (GO:0031124),7/40,0.04469858502767547,5.742786514938413,43.709428780856825,SCAF8;CPSF6;CPSF1;NCBP1;PAPOLA;RPRD1B;PEX2,Tra2b,rmats,718,GO_Biological_Process_2023
"Regulation Of Alternative mRNA Splicing, Via Spliceosome (GO:0000381)",8/53,0.048891838583071105,4.816776212832551,36.03915499068926,FXR1;RBM25;RBM47;TIA1;THRAP3;FMR1;TRA2B;RNPS1,Tra2b,rmats,718,GO_Biological_Process_2023
Transcription By RNA Polymerase II (GO:0006366),17/192,0.048891838583071105,2.647801100468718,19.7328082958045,PBRM1;GTF2A2;CCNT1;NCBP1;PEX2;GTF2H1;RTF1;NFKB1;MED17;SCAF8;TFDP1;DEAF1;TAF1A;RPRD1B;POLR2H;ERCC6;TAF2,Tra2b,rmats,718,GO_Biological_Process_2023
Intracellular Membrane-Bounded Organelle (GO:0043231),291/5175,5.037466957057342e-16,2.0090540828245746,82.02280109091946,VPS29;SLC4A1AP;RTCA;DCAF8;HNRNPR;ENO1;MKI67;GPATCH8;CCAR1;TIAL1;RPS6KA2;CHEK2;CHEK1;DPF2;FAM53A;UBAP2L;RNF111;AGFG1;TMPO;ESCO1;DDX11;SLC35C2;IFRD1;METTL3;DNTTIP1;RECQL;RFX1;ACTN4;SRRM1;NISCH;BIN1;TFAM;ANKRA2;BLZF1;LLGL2;MTMR2;CTBP1;STXBP2;COPS7B;UBE2J1;FXR1;SCFD1;RAB11FIP1;RACGAP1;PCBP4;PCBP2;LTA4H;PATZ1;RAB11FIP3;KAT14;TRMT1L;LHPP;VTI1B;SEC31A;PHC1;TIPARP;INTS2;NFATC3;CDC7;MEMO1;PTK2;MLLT10;STAG1;EIF5;STAG2;PPT1;RNPS1;PKIG;RPS24;RPAIN;SETD5;SETD6;MIA3;MED17;SMG6;ING3;NELFB;AP3S1;NELFCD;SPTAN1;TMED5;PBRM1;STRADA;TFE3;GNL2;BAZ1B;TERF2;GAK;MED22;MMP14;NCOR1;SLTM;MED21;MTF2;WAC;GPRC5C;PTMA;RNMT;ZDHHC20;GPS1;AKAP8;GGA1;SCAF8;BCLAF1;ARVCF;RNF138;PPP1R7;HSF1;EXOSC8;BRD9;BRD8;EXOSC1;NKTR;BRD4;RANBP3;MYEF2;MGMT;RRP1B;RAB11A;RNF146;CENPF;SEC23IP;FABP5;CENPH;TTC3;HNRNPA2B1;NBR1;CEP43;EEF1AKMT2;MTCH2;CCNT1;FMR1;CIB1;COMT;CDC14B;EEF1B2;STK11;PAPOLA;KMT5A;GTF2I;BORA;KDM2B;KMT5C;FBXW11;APLP2;IPMK;VRK1;CFAP410;THOC7;CLIP1;ILF3;MSH3;PRPF3;HDGFL2;CSNK1G2;ANKRD17;PDS5B;BAG6;BAG4;DEAF1;BAG1;SAFB2;SMYD2;TBC1D14;RPRD1B;NAE1;ECT2;ZC3H14;SMAD2;UBE2F;CHTOP;TIA1;ANKRD27;CPSF6;CPSF1;UBE2B;VTA1;HMGA1;ASPSCR1;DNAJC13;MACO1;FANCE;NFKB1;AZIN1;LSM2;CLK1;IFT20;NSFL1C;UBOX5;DAB2;LSM6;HOOK2;NASP;CNOT2;TADA3;UBA2;MAN2B1;OSBPL1A;FGFR1;SLC25A1;RBM27;KDM5A;MUS81;DIDO1;KDM5C;NAA40;CELF1;AKAP8L;FHL1;CEP164;DDX42;UFSP2;PIK3CB;RESF1;DTWD1;FLCN;AP1G1;UBTF;TLK2;HMG20B;BUD23;TOPBP1;DNM1L;YAF2;ILKAP;POLG;ACTR2;USP48;NCBP1;AKTIP;ATRX;RAD23A;PEX2;PPP2R5C;TRNAU1AP;REXO4;SENP1;EPN2;SUPV3L1;TRAF7;TFDP1;PKM;TFDP2;THRAP3;TRAPPC6B;TMBIM1;GAPDH;ITGB3BP;VAC14;GTF2A2;RBM47;ATF6B;POLDIP3;NAA20;USP10;WBP4;DPCD;UACA;ADD1;MAPK9;TRA2B;POLD1;MKNK2;RBBP8;BNIP2;RALY;POLR2H;DRAM2;MTA3;SMNDC1;MUTYH;TCF7L2;ATE1;PPIL2;ASCC1;IRX3;SWT1;DTNBP1;PTPN13;CDK11B;CHFR;U2SURP;RAD52;CARM1;ACIN1;QRICH1;FAM98A;ERCC6;TNRC6A;TAF2;SSBP4,Tra2b,rmats,718,GO_Cellular_Component_2023
Nucleus (GO:0005634),244/4487,5.183990297589112e-11,1.8245569023589114,52.167425477290124,RTCA;DCAF8;HNRNPR;ENO1;MKI67;GPATCH8;CCAR1;TIAL1;RPS6KA2;CHEK2;CHEK1;DPF2;FAM53A;UBAP2L;RNF111;TMPO;ESCO1;DDX11;IFRD1;METTL3;DNTTIP1;RECQL;ACTN4;SRRM1;BIN1;TFAM;ANKRA2;BLZF1;MTMR2;CTBP1;STXBP2;COPS7B;UBE2J1;FXR1;RACGAP1;PCBP4;PCBP2;LTA4H;PATZ1;KAT14;TRMT1L;LHPP;PHC1;TIPARP;INTS2;NFATC3;CDC7;MEMO1;PTK2;MLLT10;STAG1;EIF5;STAG2;PPT1;RNPS1;PKIG;RPS24;RPAIN;SETD5;SETD6;MED17;SMG6;ING3;NELFB;NELFCD;PBRM1;STRADA;TFE3;GNL2;BAZ1B;TERF2;MED22;MMP14;NCOR1;SLTM;MED21;MTF2;WAC;PTMA;RNMT;GPS1;AKAP8;SCAF8;BCLAF1;ARVCF;RNF138;PPP1R7;HSF1;EXOSC8;BRD9;BRD8;EXOSC1;NKTR;BRD4;RANBP3;MYEF2;MGMT;RRP1B;RNF146;CENPF;FABP5;CENPH;TTC3;HNRNPA2B1;CEP43;EEF1AKMT2;MTCH2;CCNT1;FMR1;CIB1;CDC14B;EEF1B2;STK11;PAPOLA;KMT5A;GTF2I;BORA;KDM2B;KMT5C;FBXW11;APLP2;IPMK;VRK1;THOC7;CLIP1;ILF3;MSH3;PRPF3;HDGFL2;CSNK1G2;ANKRD17;PDS5B;BAG6;BAG4;DEAF1;BAG1;SAFB2;SMYD2;RPRD1B;NAE1;ECT2;ZC3H14;SMAD2;UBE2F;CHTOP;TIA1;CPSF6;CPSF1;UBE2B;HMGA1;ASPSCR1;MACO1;FANCE;NFKB1;AZIN1;LSM2;CLK1;NSFL1C;UBOX5;LSM6;NASP;CNOT2;TADA3;UBA2;FGFR1;SLC25A1;RBM27;KDM5A;MUS81;DIDO1;KDM5C;NAA40;CELF1;AKAP8L;FHL1;DDX42;UFSP2;PIK3CB;RESF1;DTWD1;FLCN;UBTF;TLK2;HMG20B;BUD23;TOPBP1;YAF2;ILKAP;ACTR2;USP48;NCBP1;AKTIP;ATRX;RAD23A;PPP2R5C;TRNAU1AP;REXO4;SENP1;SUPV3L1;TFDP1;PKM;TFDP2;THRAP3;GAPDH;ITGB3BP;GTF2A2;RBM47;ATF6B;POLDIP3;NAA20;USP10;WBP4;DPCD;UACA;ADD1;MAPK9;TRA2B;POLD1;MKNK2;RBBP8;RALY;POLR2H;MTA3;SMNDC1;MUTYH;TCF7L2;ATE1;PPIL2;ASCC1;IRX3;SWT1;DTNBP1;PTPN13;CDK11B;CHFR;U2SURP;RAD52;CARM1;ACIN1;QRICH1;FAM98A;ERCC6;TAF2;SSBP4,Tra2b,rmats,718,GO_Cellular_Component_2023
Macropinosome (GO:0044354),4/6,0.0014011101786893393,54.00560224089636,576.027832371329,CARMIL1;CLIP1;MMP14;APLP2,Tra2b,rmats,718,GO_Cellular_Component_2023
Pinosome (GO:0044352),4/6,0.0014011101786893393,54.00560224089636,576.027832371329,CARMIL1;CLIP1;MMP14;APLP2,Tra2b,rmats,718,GO_Cellular_Component_2023
Chromosome (GO:0005694),18/164,0.0014011101786893393,3.3703326810176124,35.6014013810966,PBRM1;ESCO1;KRR1;FMR1;DNTTIP1;RECQL;PDS5B;RRP1B;MKI67;FANCE;SYCE2;STAG1;STAG2;CENPH;PPP1R7;EXOSC8;KMT5A;TOPBP1,Tra2b,rmats,718,GO_Cellular_Component_2023
Intracellular Non-Membrane-Bounded Organelle (GO:0043232),70/1195,0.0016442515650178006,1.7434705075445815,17.819714491869348,SRP19;CCNT1;TMEM179B;FMR1;FAF2;HNRNPR;PIK3CB;MKI67;SMG6;CDC14B;EPB41L4A;UBTF;LRRFIP1;BUD23;TOPBP1;SPG11;NOM1;ESCO1;DDX11;TPM1;DNTTIP1;RECQL;VRK1;LARP4B;GNL2;BAZ1B;REXO4;TRAF7;ILF3;MRPS9;SAPCD2;BIN1;LDAH;GAPDH;MAD1L1;INO80B;AKAP8;RRBP1;PDS5B;PKMYT1;SPATA5;ADD1;FXR1;SYCE2;TCOF1;RACGAP1;CALD1;PPP1R7;EXOSC8;BNIP2;UTP20;ZC3H14;EXOSC1;COX10;NOP56;IDH3G;KRR1;RRP1B;FANCE;PTK2;CENPF;STAG1;LSM6;STAG2;ZZZ3;CENPH;TTC3;TSR1;CEP85;ERCC6,Tra2b,rmats,718,GO_Cellular_Component_2023
Mitochondrial Membrane (GO:0031966),37/540,0.005092499133307485,2.028425628315277,17.9883136726049,SLC25A1;MRPS17;MTCH2;MTARC2;TAFAZZIN;SRC;TAMM41;COX15;TIMM9;NDUFA10;OMA1;MFF;MRPL33;RCC1L;RHOT1;OPA1;NNT;MPV17;BID;DNM1L;COX10;PTCD3;TIMMDC1;MUL1;IMMT;TIMM22;NME4;TIMM44;MRPL48;MRPL24;ATAD3A;CLPX;QTRT1;MRPS9;COQ2;KRAS;DAP3,Tra2b,rmats,718,GO_Cellular_Component_2023
Nucleolus (GO:0005730),48/771,0.005092499133307485,1.8390041493775933,16.097118757747122,INO80B;SRP19;CCNT1;TMEM179B;FMR1;AKAP8;HNRNPR;PIK3CB;PKMYT1;MKI67;SMG6;CDC14B;FXR1;TCOF1;EXOSC8;UBTF;BNIP2;UTP20;POLR2H;BUD23;SPG11;ZC3H14;EXOSC1;COX10;NOP56;NOM1;IDH3G;KRR1;DDX11;DNTTIP1;VRK1;RRP1B;LARP4B;GNL2;BAZ1B;REXO4;TRAF7;ILF3;MRPS9;LSM6;STAG2;ZZZ3;CENPH;SAPCD2;TTC3;TSR1;CEP85;ERCC6,Tra2b,rmats,718,GO_Cellular_Component_2023
Mitochondrial Inner Membrane (GO:0005743),28/370,0.005092499133307485,2.2473090939910163,19.36721551621701,MRPS17;SLC25A1;TAFAZZIN;TAMM41;COX15;SRC;TIMM9;NDUFA10;OMA1;MRPL33;RCC1L;OPA1;NNT;MPV17;COX10;PTCD3;TIMMDC1;IMMT;NME4;TIMM22;TIMM44;MRPL48;MRPL24;ATAD3A;CLPX;MRPS9;COQ2;DAP3,Tra2b,rmats,718,GO_Cellular_Component_2023
Mitotic Spindle (GO:0072686),15/143,0.005092499133307485,3.192900960170697,27.22185430990848,CKAP2;CDC7;HAUS2;CDC14B;FLCN;ZZZ3;NCOR1;RACGAP1;TFDP2;TADA3;MAP4;ECT2;LSM14A;MAD1L1;KAT14,Tra2b,rmats,718,GO_Cellular_Component_2023
Nuclear Lumen (GO:0031981),48/780,0.005092499133307485,1.8155126009297773,15.403190396564492,INO80B;SRP19;CCNT1;TMEM179B;FMR1;AKAP8;HNRNPR;PIK3CB;PKMYT1;MKI67;SMG6;CDC14B;FXR1;TCOF1;EXOSC8;UBTF;BNIP2;UTP20;BUD23;SPG11;ZC3H14;EXOSC1;COX10;NOP56;NOM1;PBRM1;IDH3G;KRR1;DDX11;DNTTIP1;VRK1;RRP1B;LARP4B;GNL2;BAZ1B;REXO4;TRAF7;ILF3;MRPS9;LSM6;STAG2;ZZZ3;CENPH;SAPCD2;TTC3;TSR1;CEP85;ERCC6,Tra2b,rmats,718,GO_Cellular_Component_2023
Vesicle Coat (GO:0030120),7/37,0.006775311924753781,6.318049695264885,51.250010265003695,SEC24B;NECAP2;COPG1;SEC24C;EPN1;SEC31A;EPN2,Tra2b,rmats,718,GO_Cellular_Component_2023
Organelle Inner Membrane (GO:0019866),28/398,0.012204374159476974,2.074171562867215,15.438329242772022,SLC25A1;MRPS17;TAFAZZIN;SRC;TAMM41;COX15;TIMM9;NDUFA10;OMA1;MRPL33;RCC1L;OPA1;NNT;MPV17;COX10;PTCD3;TIMMDC1;IMMT;TIMM22;NME4;TIMM44;MRPL48;MRPL24;ATAD3A;CLPX;MRPS9;COQ2;DAP3,Tra2b,rmats,718,GO_Cellular_Component_2023
Cytoplasmic Stress Granule (GO:0010494),9/76,0.030323297603307018,3.6405069153527148,23.513671773395952,TIAL1;FXR1;TIA1;STAU1;CELF1;FMR1;LARP4B;PUM1;LSM14A,Tra2b,rmats,718,GO_Cellular_Component_2023
mRNA Processing WP310,40/444,3.1263615799619564e-4,2.4058253173312156,31.18146794223269,EIF4A2;RBM25;POLDIP3;FMR1;VIRMA;SCAF8;HNRNPDL;AUH;PCBP4;DND1;PAPOLA;SAFB2;IGF2BP1;ZFP740;RBM7;RBM5;ILKAP;TTC14;TIA1;MYEF2;ZFP638;SECISBP2;RBM18;METTL3;ADAT1;CIRBP;RSRC2;ZCRB1;PUM1;CLK4;U2SURP;SRRM1;SRPK1;ILF3;SLTM;ESRP1;FDX2;HNRNPD;RNPS1;RPS24,Trim71,rmats,813,WikiPathways_2024_Mouse
Mechanisms Associated With Pluripotency WP1763,27/290,0.003824910618241235,2.471715090122776,24.13239780357904,HDAC4;KDM5C;KDM3A;CTBP2;EHMT1;RBPJ;RELA;CDC73;XPO4;EP400;DNMT3B;SMARCAD1;OTX2;LYAR;SUZ12;SMAD2;POU2F1;CAD;DNMT3A;ATRX;NFKB1;KLF2;CREB1;P4HA1;MTF2;MDM2;CERS2,Trim71,rmats,813,WikiPathways_2024_Mouse
Mitochondrial Gene Expression WP1263,5/19,0.035113043689721304,8.474628712871286,60.51664093950767,MYEF2;CREB1;MTERF3;NRF1;GABPA,Trim71,rmats,813,WikiPathways_2024_Mouse
Organelle Biogenesis And Maintenance R-HSA-1852241,34/275,9.021816768431316e-6,3.4311677381897208,63.912631890013806,CEP57;C2CD3;DYNLT2B;CEP164;PRKAG2;NRF1;PCM1;HAUS8;PRKAR2B;NPHP1;TBL1X;PCNT;GABPA;CLASP1;CDK5RAP2;CEP78;PLK4;NCOA2;EXOC7;PTGES2;IFT122;HAUS6;BBIP1;PRKAB1;LZTFL1;HAUS2;SIRT3;ATAT1;IFT20;NCOR1;CREB1;MKS1;CEP83;B9D1,Trim71,rmats,813,Reactome_2022
Chromatin Modifying Enzymes R-HSA-3247509,30/238,2.1920790857620403e-5,3.495984379605069,59.593045549427956,KDM5A;KDM5C;KDM3A;MEAF6;SETD6;DOT1L;EHMT1;ARID4B;RELA;ING3;RUVBL2;EP400;TBL1X;KMT5A;MTA3;KAT14;SUZ12;SMARCE1;NCOA2;KDM2A;KMT5C;DNMT3A;NFKB1;NCOR2;ZZZ3;NCOR1;MRGBP;KANSL2;BRMS1L;TADA3,Trim71,rmats,813,Reactome_2022
Cilium Assembly R-HSA-5617833,25/186,5.667421453020152e-5,3.7491723681306555,58.827487248009255,CEP57;C2CD3;CEP164;DYNLT2B;PCM1;HAUS8;PRKAR2B;NPHP1;PCNT;CLASP1;CDK5RAP2;CEP78;PLK4;EXOC7;PTGES2;IFT122;HAUS6;BBIP1;LZTFL1;HAUS2;IFT20;ATAT1;MKS1;CEP83;B9D1,Trim71,rmats,813,Reactome_2022
Anchoring Of Basal Body To Plasma Membrane R-HSA-5620912,17/97,9.470796201107844e-5,5.100800879396985,75.94904856767758,PLK4;CEP57;C2CD3;CEP164;HAUS6;HAUS2;PCM1;HAUS8;PRKAR2B;NPHP1;MKS1;CEP83;B9D1;PCNT;CLASP1;CDK5RAP2;CEP78,Trim71,rmats,813,Reactome_2022
Regulation Of PLK1 Activity At G2/M Transition R-HSA-2565942,15/87,4.5737735650631993e-4,4.990340434419382,65.3324283997866,CEP57;PLK4;BORA;FBXW11;CEP164;HAUS6;HAUS2;PCM1;HAUS8;PRKAR2B;BTRC;PCNT;CLASP1;CDK5RAP2;CEP78,Trim71,rmats,813,Reactome_2022
Membrane Trafficking R-HSA-199991,47/599,0.002512364464672951,2.071378230597495,23.211834354086243,USP6NL;TFRC;DENND5B;GOSR2;PRKAG2;MIA3;KIF15;SLC2A8;ARFRP1;GOLGA4;PPP6R3;UBQLN1;ARFIP2;PIP5K1C;LDLRAP1;AGFG1;SEC31A;RAB8B;REPS1;EXOC7;PTGES2;SEC16A;VTA1;GALNT1;COG2;KIF23;EPS15L1;TRAPPC9;PUM1;PRKAB1;EPN2;GAK;TJP1;DAB2;NECAP2;SEC23IP;CTTN;BIN1;TRAPPC6B;RAB13;TRIP10;RAB3GAP2;NAA35;PREB;COPG2;KIF20B;SEC24C,Trim71,rmats,813,Reactome_2022
Recruitment Of NuMA To Mitotic Centrosomes R-HSA-380320,13/80,0.0026967553957624275,4.637313432835821,50.39481923598654,CEP57;PLK4;CEP164;HAUS6;HAUS2;PCM1;HAUS8;PRKAR2B;TUBGCP6;PCNT;CLASP1;CDK5RAP2;CEP78,Trim71,rmats,813,Reactome_2022
Loss Of Nlp From Mitotic Centrosomes R-HSA-380259,12/69,0.0026967553957624275,5.027925619291675,54.50204337698772,CEP57;PLK4;PCM1;HAUS8;PRKAR2B;CEP164;HAUS6;PCNT;HAUS2;CLASP1;CDK5RAP2;CEP78,Trim71,rmats,813,Reactome_2022
Centrosome Maturation R-HSA-380287,13/81,0.0026967553957624275,4.568878676470589,49.02267626170623,CEP57;PLK4;CEP164;HAUS6;HAUS2;PCM1;HAUS8;PRKAR2B;TUBGCP6;PCNT;CLASP1;CDK5RAP2;CEP78,Trim71,rmats,813,Reactome_2022
Post-translational Protein Modification R-HSA-597592,87/1383,0.0030805506946412816,1.6542922916028977,17.22025750151895,PIGT;PIGQ;LRR1;OTUD7B;MIA3;SMC5;SMC6;CDC73;RAB22A;GALNT10;NANP;ING3;PPP6R3;DNMT3B;BTRC;MAP3K7;RAB8B;NCOA2;USP47;USP48;EGFL7;FBXW5;WSB1;FBXW11;USP4;USP3;DNMT3A;COG2;ALG14;ALG3;MOGS;PEX2;UCHL3;SAFB;POMGNT1;CAMKMT;NCOR2;TRAPPC6B;UBE2V2;PREB;MVD;DTL;HDAC4;PSMD14;ABRAXAS1;GOSR2;USP12;UAP1;KLHL13;UBE2J2;ADAMTS10;RELA;COMMD8;RHOT1;TNKS2;BTBD1;DPH1;HLTF;DPH3;NRIP1;DPH7;SEC31A;MPDU1;B3GALNT2;CTSA;SUZ12;SMAD2;MBTPS1;UBE2B;PTGES2;GALNT1;SEC16A;TRAPPC9;BTBD6;USP28;KTN1;RNF146;SEC23IP;TNIP1;TADA3;RAB13;MDM2;UBA3;RNF181;COPG2;SEC24C;RAD18,Trim71,rmats,813,Reactome_2022
AURKA Activation By TPX2 R-HSA-8854518,12/72,0.0030805506946412816,4.775780274656679,49.64884752284574,CEP57;PLK4;PCM1;HAUS8;PRKAR2B;CEP164;HAUS6;PCNT;HAUS2;CLASP1;CDK5RAP2;CEP78,Trim71,rmats,813,Reactome_2022
Vesicle-mediated Transport R-HSA-5653656,47/637,0.005788549939814341,1.9340155772890206,18.70749106813865,USP6NL;TFRC;DENND5B;GOSR2;PRKAG2;MIA3;KIF15;SLC2A8;ARFRP1;GOLGA4;PPP6R3;UBQLN1;ARFIP2;PIP5K1C;LDLRAP1;AGFG1;SEC31A;RAB8B;REPS1;EXOC7;PTGES2;SEC16A;VTA1;GALNT1;COG2;KIF23;EPS15L1;TRAPPC9;PUM1;PRKAB1;EPN2;GAK;TJP1;DAB2;NECAP2;SEC23IP;CTTN;BIN1;TRAPPC6B;RAB13;TRIP10;RAB3GAP2;NAA35;PREB;COPG2;KIF20B;SEC24C,Trim71,rmats,813,Reactome_2022
Metabolism Of Lipids R-HSA-556833,52/732,0.005788549939814341,1.8597124526551752,17.80123283341785,PI4K2B;PECR;SLC44A2;MTMR14;PITPNB;PRKAG2;MIA3;MED16;MED15;FADS2;PPP1CC;MCEE;PIP4P1;ACP6;LDLRAP1;ACADS;NCOA2;PLA2G12A;PHYH;EGFL7;GGPS1;SPHK2;ACSL3;NCOR2;NCOR1;PCCA;SOAT1;AGPS;MED20;FDX2;FAR1;MVD;CSNK1G2;CERS2;HACD1;MTMR2;TAFAZZIN;NRF1;MTMR7;PGS1;PTDSS2;PIP5K1C;TBL1X;DECR2;OSBPL9;CTSA;MBTPS1;CHKA;PTGES2;PTPN13;DHCR7;SEC24C,Trim71,rmats,813,Reactome_2022
Mitotic Prometaphase R-HSA-68877,20/186,0.005788549939814341,2.8898950151172156,27.52344716377617,PLK4;CEP57;NEK9;CEP164;HAUS6;PDS5B;CENPA;WAPL;HAUS2;EML4;PPP1CC;PCM1;HAUS8;PRKAR2B;TUBGCP6;PCNT;ITGB3BP;CLASP1;CDK5RAP2;CEP78,Trim71,rmats,813,Reactome_2022
Diseases Associated With N-glycosylation Of Proteins R-HSA-3781860,6/20,0.007777055123828913,10.182156133828997,93.26591624011037,CTSA;EGFL7;ALG14;ALG3;MOGS;MPDU1,Trim71,rmats,813,Reactome_2022
Cell Cycle R-HSA-1640170,47/654,0.008164129833132278,1.878131976376564,16.99076582545852,CEP57;ANAPC15;ANAPC16;PSMD14;ABRAXAS1;DSCC1;CEP164;PDS5B;CENPA;PPP1CC;SYCE2;PCM1;ORC6;HAUS8;PRKAR2B;PCBP4;RUVBL2;PPP6R3;RBBP8;LRIG1;KMT5A;BTRC;PCNT;CLASP1;CDK5RAP2;CEP78;TMPO;PLK4;NEK9;SUN1;BORA;ESCO1;FBXW11;ATRX;VRK1;HAUS6;KIF23;CDC25C;HAUS2;WAPL;EML4;WEE1;MDM2;UBE2V2;TUBGCP6;ITGB3BP;RHNO1,Trim71,rmats,813,Reactome_2022
G2/M Transition R-HSA-69275,19/182,0.01057950708957701,2.792848202005841,24.37273126432551,PLK4;CEP57;BORA;PSMD14;FBXW11;CEP164;HAUS6;CDC25C;HAUS2;PCM1;WEE1;HAUS8;PRKAR2B;TUBGCP6;BTRC;PCNT;CLASP1;CDK5RAP2;CEP78,Trim71,rmats,813,Reactome_2022
Mitotic G2-G2/M Phases R-HSA-453274,19/184,0.01152533938562697,2.7587054423326465,23.68086399623968,PLK4;CEP57;BORA;PSMD14;FBXW11;CEP164;HAUS6;CDC25C;HAUS2;PCM1;WEE1;HAUS8;PRKAR2B;TUBGCP6;BTRC;PCNT;CLASP1;CDK5RAP2;CEP78,Trim71,rmats,813,Reactome_2022
Metabolism Of Proteins R-HSA-392499,107/1890,0.014992208690325389,1.4793700021766796,12.22995127786897,EIF4A2;LRR1;SMC5;SMC6;GALNT10;EEF1B2;BTRC;MAP3K7;RARS2;SLC30A6;FBXW5;WSB1;FBXW11;USP4;USP3;COG2;ALG14;ALG3;MOGS;CAMKMT;UBE2V2;PREB;TARS2;AARS2;PSMD14;UAP1;KLHL13;UBE2J2;ADAMTS10;COMMD8;RHOT1;BTBD1;DPH1;HLTF;DPH3;DPH7;SEC31A;MPDU1;B3GALNT2;CTSA;SMAD2;UBE2B;SEC16A;TRAPPC9;BTBD6;TADA3;MDM2;UBA3;RNF181;RAD18;RPS24;EIF4G1;MRPS17;PIGT;PIGQ;OTUD7B;MIA3;CDC73;RAB22A;SEC61A2;NANP;ING3;PPP6R3;DNMT3B;CTSH;RAB8B;NCOA2;USP47;USP48;EGFL7;EXOC7;MRPS23;DNMT3A;MRPS2;DARS2;PEX2;UCHL3;SAFB;POMGNT1;NCOR2;SARS2;AOPEP;TRAPPC6B;MVD;DTL;HDAC4;ABRAXAS1;GOSR2;USP12;RELA;TNKS2;SRP72;NRIP1;SUZ12;PTCD3;MBTPS1;TCF7L2;PTGES2;GALNT1;USP28;KTN1;RNF146;SEC23IP;TNIP1;RAB13;COPG2;SEC24C,Trim71,rmats,813,Reactome_2022
mRNA 3-End Processing R-HSA-72187,9/58,0.02862718045736153,4.372068230277185,33.09166136344526,CHTOP;CPSF6;POLDIP3;PAPOLA;RNPS1;MAGOHB;THOC7;SRRM1;U2AF1L4,Trim71,rmats,813,Reactome_2022
PKMTs Methylate Histone Lysines R-HSA-3214841,8/47,0.02927231635725358,4.87924828794394,36.583650225913004,SUZ12;KMT5C;SETD6;DOT1L;EHMT1;KMT5A;RELA;NFKB1,Trim71,rmats,813,Reactome_2022
Regulation Of TP53 Activity R-HSA-5633007,16/157,0.03269015990617762,2.7117292684446106,19.79000776691167,TBP;MEAF6;EHMT1;PRKAG2;PRKAB1;ING3;PIP4P1;TTC5;MDM2;RBBP8;RICTOR;KMT5A;TAF2;RHNO1;BANP;MAP2K6,Trim71,rmats,813,Reactome_2022
Clathrin-mediated Endocytosis R-HSA-8856828,15/142,0.03269015990617762,2.8210289503285773,20.583358279545543,TFRC;EPS15L1;SLC2A8;EPN2;GAK;DAB2;NECAP2;CTTN;BIN1;UBQLN1;TRIP10;PIP5K1C;LDLRAP1;AGFG1;REPS1,Trim71,rmats,813,Reactome_2022
Organelle Biogenesis and Maintenance,34/297,5.794029736891193e-5,3.1404989335064455,52.4378254588854,CEP57;C2CD3;DYNLT2B;CEP164;PRKAG2;NRF1;GABPB1;PCM1;HAUS8;PRKAR2B;NPHP1;TBL1X;PCNT;GABPA;CLASP1;CDK5RAP2;CEP78;PLK4;NCOA2;EXOC7;IFT122;HAUS6;BBIP1;PRKAB1;LZTFL1;HAUS2;SIRT3;ATAT1;IFT20;NCOR1;CREB1;MKS1;CEP83;B9D1,Trim71,rmats,813,Reactome_Pathways_2024
Chromatin Modifying Enzymes,29/238,5.794029736891193e-5,3.3588150571233277,53.022190977525554,KDM5A;KDM5C;KDM3A;MEAF6;SETD6;DOT1L;EHMT1;ARID4B;RELA;ING3;RUVBL2;EP400;TBL1X;KMT5A;MTA3;KAT14;SUZ12;SMARCE1;NCOA2;KDM2A;KMT5C;DNMT3A;NFKB1;NCOR2;ZZZ3;NCOR1;MRGBP;KANSL2;TADA3,Trim71,rmats,813,Reactome_Pathways_2024
Chromatin Organization,29/238,5.794029736891193e-5,3.3588150571233277,53.022190977525554,KDM5A;KDM5C;KDM3A;MEAF6;SETD6;DOT1L;EHMT1;ARID4B;RELA;ING3;RUVBL2;EP400;TBL1X;KMT5A;MTA3;KAT14;SUZ12;SMARCE1;NCOA2;KDM2A;KMT5C;DNMT3A;NFKB1;NCOR2;ZZZ3;NCOR1;MRGBP;KANSL2;TADA3,Trim71,rmats,813,Reactome_Pathways_2024
Anchoring of the Basal Body to the Plasma Membrane,17/97,1.0649308262201516e-4,5.100800879396985,75.94904856767758,PLK4;CEP57;C2CD3;CEP164;HAUS6;HAUS2;PCM1;HAUS8;PRKAR2B;NPHP1;MKS1;CEP83;B9D1;PCNT;CLASP1;CDK5RAP2;CEP78,Trim71,rmats,813,Reactome_Pathways_2024
Regulation of PLK1 Activity at G2 M Transition,15/87,4.4961703232260957e-4,4.990340434419382,65.3324283997866,CEP57;PLK4;BORA;FBXW11;CEP164;HAUS6;HAUS2;PCM1;HAUS8;PRKAR2B;BTRC;PCNT;CLASP1;CDK5RAP2;CEP78,Trim71,rmats,813,Reactome_Pathways_2024
Cilium Assembly,24/200,4.4961703232260957e-4,3.285689595575527,42.858045034842995,PLK4;CEP57;C2CD3;EXOC7;DYNLT2B;CEP164;IFT122;HAUS6;BBIP1;LZTFL1;HAUS2;ATAT1;IFT20;PCM1;HAUS8;PRKAR2B;NPHP1;MKS1;CEP83;B9D1;PCNT;CLASP1;CDK5RAP2;CEP78,Trim71,rmats,813,Reactome_Pathways_2024
Loss of Nlp From Mitotic Centrosomes,12/69,0.0027290970069108857,5.027925619291675,54.50204337698772,CEP57;PLK4;PCM1;HAUS8;PRKAR2B;CEP164;HAUS6;PCNT;HAUS2;CLASP1;CDK5RAP2;CEP78,Trim71,rmats,813,Reactome_Pathways_2024
Loss of Proteins Required for Interphase Microtubule Organization From the Centrosome,12/69,0.0027290970069108857,5.027925619291675,54.50204337698772,CEP57;PLK4;PCM1;HAUS8;PRKAR2B;CEP164;HAUS6;PCNT;HAUS2;CLASP1;CDK5RAP2;CEP78,Trim71,rmats,813,Reactome_Pathways_2024
Centrosome Maturation,13/81,0.0027290970069108857,4.568878676470589,49.02267626170623,CEP57;PLK4;CEP164;HAUS6;HAUS2;PCM1;HAUS8;PRKAR2B;TUBGCP6;PCNT;CLASP1;CDK5RAP2;CEP78,Trim71,rmats,813,Reactome_Pathways_2024
Recruitment of Mitotic Centrosome Proteins and Complexes,13/81,0.0027290970069108857,4.568878676470589,49.02267626170623,CEP57;PLK4;CEP164;HAUS6;HAUS2;PCM1;HAUS8;PRKAR2B;TUBGCP6;PCNT;CLASP1;CDK5RAP2;CEP78,Trim71,rmats,813,Reactome_Pathways_2024
Cell Cycle,49/649,0.0027646240557183243,1.9868302792321118,21.088601438832878,CEP57;DSCC1;CEP164;PPP1CC;PCM1;RUVBL2;PPP6R3;KMT5A;BTRC;CDK5RAP2;TMPO;SUN1;BORA;ESCO1;FBXW11;ATRX;VRK1;HAUS6;KIF23;CDC25C;HAUS2;EML4;UBE2V2;ITGB3BP;RHNO1;ANAPC15;ANAPC16;PSMD14;PDS5B;CENPA;PMF1;SYCE2;ORC6;ORC1;HAUS8;PRKAR2B;PCBP4;FIGNL1;RBBP8;PCNT;CLASP1;CEP78;PLK4;NEK9;WAPL;WEE1;MDM2;TUBGCP6;RAD1,Trim71,rmats,813,Reactome_Pathways_2024
Membrane Trafficking,48/633,0.0027646240557183243,1.995186861069214,21.018176106185702,USP6NL;TFRC;DENND5B;GOSR2;PRKAG2;MIA2;MIA3;KIF15;SLC2A8;ARFRP1;GOLGA4;PPP6R3;UBQLN1;ARFIP2;PIP5K1C;LDLRAP1;AGFG1;SEC31A;RAB8B;POLG;REPS1;EXOC7;SEC16A;VTA1;GALNT1;COG2;KIF23;EPS15L1;TRAPPC9;PUM1;PRKAB1;EPN2;GAK;TJP1;DAB2;NECAP2;SEC23IP;CTTN;BIN1;TRAPPC6B;RAB13;TRIP10;RAB3GAP2;NAA35;PREB;COPG2;KIF20B;SEC24C,Trim71,rmats,813,Reactome_Pathways_2024
AURKA Activation by TPX2,12/72,0.0029309782810844464,4.775780274656679,49.64884752284574,CEP57;PLK4;PCM1;HAUS8;PRKAR2B;CEP164;HAUS6;PCNT;HAUS2;CLASP1;CDK5RAP2;CEP78,Trim71,rmats,813,Reactome_Pathways_2024
Post-translational Protein Modification,89/1457,0.006294664849601058,1.6012113905851184,15.303564206701363,PIGT;PIGQ;LRR1;MPI;MIA2;OTUD7B;MIA3;SMC5;SMC6;CDC73;RAB22A;GALNT10;NANP;PPP6R3;DNMT3B;BTRC;MAP3K7;RAB8B;NCOA2;USP47;USP48;FBXW5;WSB1;FBXW11;USP4;USP3;DNMT3A;COG2;ALG14;ALG3;MOGS;PEX2;UCHL3;SAFB;POMGNT1;CAMKMT;NCOR2;ASPH;TRAPPC6B;UBE2V2;PREB;MVD;DTL;HDAC4;USP16;PSMD14;GOSR2;USP12;UAP1;KLHL13;UBE2J2;LIAS;ADAMTS10;RELA;PGS1;COMMD8;RHOT1;TNKS2;BTBD1;DPH1;HLTF;DPH3;NRIP1;DPH7;SEC31A;MPDU1;B3GALNT2;CTSA;SUZ12;SMAD2;MBTPS1;UBE2B;GALNT1;SEC16A;TRAPPC9;BTBD6;USP28;KTN1;RNF146;SEC23IP;TNIP1;TADA3;RAB13;MDM2;UBA3;RNF181;COPG2;SEC24C;RAD18,Trim71,rmats,813,Reactome_Pathways_2024
Mitotic Prometaphase,21/203,0.007104336430310392,2.7687937062937062,25.936663030245906,PLK4;CEP57;NEK9;CEP164;HAUS6;PDS5B;CENPA;PMF1;WAPL;HAUS2;EML4;PPP1CC;PCM1;HAUS8;PRKAR2B;TUBGCP6;PCNT;ITGB3BP;CLASP1;CDK5RAP2;CEP78,Trim71,rmats,813,Reactome_Pathways_2024
Recruitment of NuMA to Mitotic Centrosomes,13/94,0.008424628858191813,3.832993827160494,35.00482793060971,CEP57;PLK4;CEP164;HAUS6;HAUS2;PCM1;HAUS8;PRKAR2B;TUBGCP6;PCNT;CLASP1;CDK5RAP2;CEP78,Trim71,rmats,813,Reactome_Pathways_2024
G2 M Transition,19/184,0.013721835668051928,2.7587054423326465,23.68086399623968,PLK4;CEP57;BORA;PSMD14;FBXW11;CEP164;HAUS6;CDC25C;HAUS2;PCM1;WEE1;HAUS8;PRKAR2B;TUBGCP6;BTRC;PCNT;CLASP1;CDK5RAP2;CEP78,Trim71,rmats,813,Reactome_Pathways_2024
Mitotic G2-G2 M Phases,19/186,0.014911763602361012,2.7253804733103064,23.012374306937193,PLK4;CEP57;BORA;PSMD14;FBXW11;CEP164;HAUS6;CDC25C;HAUS2;PCM1;WEE1;HAUS8;PRKAR2B;TUBGCP6;BTRC;PCNT;CLASP1;CDK5RAP2;CEP78,Trim71,rmats,813,Reactome_Pathways_2024
PKMTs Methylate Histone Lysines,8/46,0.03128684117468038,5.007911082052958,38.30358204856278,SUZ12;KMT5C;SETD6;DOT1L;EHMT1;KMT5A;RELA;NFKB1,Trim71,rmats,813,Reactome_Pathways_2024
mRNA 3'-End Processing,9/58,0.03218944457198361,4.372068230277185,33.09166136344526,CHTOP;CPSF6;POLDIP3;PAPOLA;RNPS1;MAGOHB;THOC7;SRRM1;U2AF1L4,Trim71,rmats,813,Reactome_Pathways_2024
Clathrin-mediated Endocytosis,15/145,0.048527334102239014,2.7554945054945055,19.504713776413546,TFRC;EPS15L1;SLC2A8;EPN2;GAK;DAB2;NECAP2;CTTN;BIN1;UBQLN1;TRIP10;PIP5K1C;LDLRAP1;AGFG1;REPS1,Trim71,rmats,813,Reactome_Pathways_2024
Epigenetic Regulation of Gene Expression,24/291,0.048527334102239014,2.155480554250153,15.224334917684525,SUZ12;SMARCE1;NCOA2;SS18;TBP;AKAP8L;DNMT3A;EHMT1;ARID4B;PPHLN1;MED16;NCOR2;ZZZ3;NCOR1;KANSL2;MED20;MTF2;TADA3;DNMT3B;UBTF;TBL1X;RBM7;MTA3;KAT14,Trim71,rmats,813,Reactome_Pathways_2024
Mitotic G2-G2/M phases,13/87,0.03189378661784358,4.197111486486486,41.76567648373524,CEP57;PLK4;CEP164;CDC25C;HAUS2;PCM1;WEE1;PRKAR2B;TUBGCP6;PCNT;CLASP1;CDK5RAP2;CEP78,Trim71,rmats,813,BioPlanet_2019
Mitochondrial gene expression,6/19,0.03189378661784358,10.965970832141835,103.97442693292538,MYEF2;CREB1;MTERF3;NRF1;GABPB1;GABPA,Trim71,rmats,813,BioPlanet_2019
Lipid and lipoprotein metabolism,38/489,0.03189378661784358,2.0369587297045992,18.576062861215657,PI4K2B;MTMR2;SLC44A2;MTMR14;PITPNB;PRKAG2;NRF1;MED16;MED15;MTMR7;PGS1;FADS2;PPP1CC;PTDSS2;MCEE;PIP5K1C;TBL1X;LDLRAP1;ACADS;CTSA;NCOA2;CERS5;PLA2G12A;PHYH;CHKA;GGPS1;SPHK2;ACSL3;NCOR2;NCOR1;PCCA;AGPS;MED20;FAR1;MVD;DHCR7;CSNK1G2;CERS2,Trim71,rmats,813,BioPlanet_2019
Mitochondrial tRNA aminoacylation,6/21,0.03189378661784358,9.502850061957869,84.17724902642475,RARS2;AARS2;SARS2;KARS;DARS2;TARS2,Trim71,rmats,813,BioPlanet_2019
RNA Binding (GO:0003723),102/1411,4.280971433875281e-6,1.9593402378212506,36.558232117136534,EIF4A2;TCERG1;TFRC;FMR1;NUDT1;VIRMA;GPATCH8;EIF4ENIF1;PPP1CC;ENDOV;NUSAP1;FBRSL1;UBAP2L;MTPAP;AGFG1;RARS2;DIMT1;SECISBP2;PUS1;METTL3;CIRBP;ZCRB1;SRRM1;ILF3;RPP21;PPIG;DUS3L;AARS2;ZCCHC9;RTN4;RCC1L;HNRNPDL;PCBP4;ERI3;HLTF;DND1;SAFB2;UTP20;MAP4;LYAR;ZC3H14;MARK2;TIA1;CHTOP;PNPT1;CPSF6;HMGA1;MAGOHB;PUM1;TDRD3;SRPK1;FUBP3;HNRNPD;NOL10;RNPS1;RPS24;EIF4G1;RBM25;AKAP8L;ZCCHC17;UBTF;RBM7;RBM5;NCOA5;RBM18;MRPS23;SPATS2;DARS2;PPHLN1;TRNAU1AP;SAFB;DALRD3;SARS2;PKM;SLTM;NOA1;ESRP1;TRUB2;POLDIP3;SRRT;SAMHD1;ADD1;MTHFSD;SCAF8;TCOF1;SRP72;TRA2A;IGF2BP1;RRP36;PTCD3;MYEF2;KRR1;ADAT1;RSRC2;TPD52L2;APTX;U2SURP;KTN1;SEC23IP;TNIP1;ZYX;R3HDM1,Trim71,rmats,813,GO_Molecular_Function_2023
Methylation-Dependent Protein Binding (GO:0140034),12/68,0.004563182424056544,5.117977528089888,56.26549490412,KDM5A;MBTD1;SUZ12;MORC3;ING3;ZZZ3;FMR1;MTF2;CBX1;ZMYND11;TDRD3;BPTF,Trim71,rmats,813,GO_Molecular_Function_2023
Methylated Histone Binding (GO:0035064),12/71,0.0047834415023339915,4.856979622928966,51.1978692574245,KDM5A;MBTD1;SUZ12;MORC3;ING3;ZZZ3;FMR1;MTF2;CBX1;ZMYND11;TDRD3;BPTF,Trim71,rmats,813,GO_Molecular_Function_2023
DNA Binding (GO:0003677),56/846,0.02681188705307699,1.7227095630653981,14.38429269066181,KDM5A;FMR1;PRDM5;HP1BP3;SMC5;SMC6;RBPJ;ENDOV;RUVBL2;DNMT3B;SMARCAD1;RBM5;POLG;MORC3;SECISBP2;ATRX;DNMT3A;SAFB;SIRT3;ILF3;SLTM;IRF1;MTF2;ZMYND11;HDAC4;KDM3A;WBP2;SRRT;PDS5B;SAMHD1;RELA;RNF138;HSF1;IGF2BP1;SAFB2;RBBP8;PMS2;PATZ1;LYAR;NHEJ1;BPTF;SUZ12;SMAD2;TCF7L2;POU2F1;ATAD5;CBX1;HMGA1;APTX;KLF2;CAMSAP3;TFAP4;FUBP3;AUNIP;QRICH1;RAD18,Trim71,rmats,813,GO_Molecular_Function_2023
Ubiquitin-Like Protein Peptidase Activity (GO:0019783),7/32,0.02681188705307699,6.6567741935483875,55.2950363709272,USP47;USP48;USPL1;ATG4B;UFSP2;UCHL3;USP28,Trim71,rmats,813,GO_Molecular_Function_2023
Histone Modification (GO:0016570),15/81,0.002210041931659668,5.445716564137617,76.44747014396664,HDAC4;MEAF6;UBE2B;USP3;MBTD1;ING3;MRGBP;RUVBL2;BRMS1L;MIER1;TADA3;EP400;TBL1X;MTA3;KAT14,Trim71,rmats,813,GO_Biological_Process_2023
Internal Peptidyl-Lysine Acetylation (GO:0018393),10/39,0.003500323556572284,8.226907716751835,106.00453603681083,BAG6;MBTD1;ATAT1;ING3;MRGBP;MEAF6;RUVBL2;TADA3;EP400;KAT14,Trim71,rmats,813,GO_Biological_Process_2023
Histone H2A Acetylation (GO:0043968),7/21,0.010670285389136062,11.8939205955335,134.17990606027223,MBTD1;NAA40;ING3;MRGBP;MEAF6;RUVBL2;EP400,Trim71,rmats,813,GO_Biological_Process_2023
DNA Damage Response (GO:0006974),34/384,0.010670285389136062,2.3490115532734275,25.522840556823432,MUS81;USP16;STXBP4;FMR1;DOT1L;NUDT1;SMC5;CIB1;SMC6;PDS5B;SAMHD1;ENDOV;HPF1;HLTF;EP400;TLK2;RBBP8;MAP2K6;MUTYH;USP47;UBE2B;KMT5C;USP3;METTL3;CBX1;ATRX;VRK1;FANCC;CHD1L;USP28;FOXP1;TTC5;MMS19;RAD18,Trim71,rmats,813,GO_Biological_Process_2023
DNA Metabolic Process (GO:0006259),28/288,0.010670285389136062,2.596550710436061,28.18348790495981,MUS81;FMR1;DOT1L;NUDT1;PDS5B;SAMHD1;ENDOV;HPF1;ORC6;ORC1;CBS;RUVBL2;HLTF;EP400;RBBP8;SMARCAD1;POLG;MUTYH;TCF7L2;UBE2B;KMT5C;USP3;ATRX;FANCC;CHD1L;UBE2V2;MMS19;RAD18,Trim71,rmats,813,GO_Biological_Process_2023
Histone Acetylation (GO:0016573),11/60,0.011926187019366742,5.356964731029569,56.57280164498144,MBTD1;NAA40;ING3;MRGBP;MEAF6;RUVBL2;TADA3;EP400;MAP3K7;KAT14;TAF2,Trim71,rmats,813,GO_Biological_Process_2023
mRNA Polyadenylation (GO:0006378),7/24,0.013196617736353715,9.793460808641074,100.8476434454112,SCAF8;PNPT1;PAPOLA;PEX2;TENT2;MTPAP;CDC73,Trim71,rmats,813,GO_Biological_Process_2023
RNA Polyadenylation (GO:0043631),7/25,0.013196617736353715,9.248897160187482,92.5305885022402,SCAF8;PNPT1;PAPOLA;PEX2;TENT2;MTPAP;CDC73,Trim71,rmats,813,GO_Biological_Process_2023
Establishment Of Mitotic Spindle Localization (GO:0040001),8/34,0.013196617736353715,7.323841376015289,72.38182968020975,GPSM1;SAPCD2;FBXW11;NUSAP1;CENPA;CLASP1;CDK5RAP2;ENKD1,Trim71,rmats,813,GO_Biological_Process_2023
Regulation Of Organelle Organization (GO:0033043),14/100,0.013196617736353715,3.8916960153680473,38.40480133175167,USP6NL;FIS1;RAP1GDS1;MFF;PTK2;CAMSAP3;TJP1;RHOT1;RUVBL2;PREB;NF2;DNM1L;MARK2;ATG5,Trim71,rmats,813,GO_Biological_Process_2023
DNA Repair (GO:0006281),27/291,0.013196617736353715,2.4622224149895904,23.894488821577603,MUS81;ABRAXAS1;FMR1;DOT1L;NUDT1;CIB1;PDS5B;ENDOV;HPF1;HLTF;EP400;RBBP8;PMS2;NHEJ1;MUTYH;USP47;UBE2B;KMT5C;USP3;ATRX;FANCC;CHD1L;APTX;UBE2V2;MMS19;RAD18;RHNO1,Trim71,rmats,813,GO_Biological_Process_2023
Regulation Of mRNA Processing (GO:0050684),8/35,0.013196617736353715,7.052219921785139,68.12117348447657,TIA1;SLTM;PAPOLA;SAFB2;MAGOHB;SAFB;SRPK1;SRRM1,Trim71,rmats,813,GO_Biological_Process_2023
Establishment Of Spindle Orientation (GO:0051294),8/35,0.013196617736353715,7.052219921785139,68.12117348447657,GPSM1;SAPCD2;FBXW11;MAP4;CENPA;CLASP1;CDK5RAP2;ENKD1,Trim71,rmats,813,GO_Biological_Process_2023
Intracellular Protein Transport (GO:0006886),29/325,0.013196617736353715,2.3607237658576943,22.69147890742801,RPAIN;IPO11;FUT10;COX18;SNX13;RAB22A;ARFRP1;EIF4ENIF1;XPO4;ARFIP2;HEATR3;TLK1;ARFIP1;FAM53A;HOMER3;RAB28;SEC31A;APPL1;CTSA;RANBP3;STRADA;STX8;SEC16A;FAM91A1;CAMSAP3;SEC23IP;CTTN;RAB3GAP2;PREB,Trim71,rmats,813,GO_Biological_Process_2023
Selective Autophagy (GO:0061912),10/58,0.019051874969099596,4.96549398090494,45.56281548894066,RETREG3;TAFAZZIN;UBA5;UBQLN1;ARFIP2;ATG4B;PEX2;AMBRA1;ATG13;ATG5,Trim71,rmats,813,GO_Biological_Process_2023
Histone H4 Acetylation (GO:0043967),8/39,0.02492923086345271,6.140973752754959,54.301399045193484,MBTD1;NAA40;ING3;MRGBP;MEAF6;KANSL2;RUVBL2;EP400,Trim71,rmats,813,GO_Biological_Process_2023
Positive Regulation Of Mitochondrial Calcium Ion Concentration (GO:0051561),4/8,0.02672205550638568,23.711990111248454,206.3178690691987,FIS1;RAP1GDS1;MICU1;SLC25A23,Trim71,rmats,813,GO_Biological_Process_2023
mRNA 3'-End Processing (GO:0031124),8/40,0.02672205550638568,5.948757763975156,51.48794078106282,SCAF8;CPSF6;PAPOLA;RPRD1B;PEX2;TENT2;MTPAP;CDC73,Trim71,rmats,813,GO_Biological_Process_2023
Positive Regulation Of DNA Recombination (GO:0045911),9/51,0.027617055223829352,5.102611940298507,43.72035774139201,MBTD1;ING3;MRGBP;TFRC;MEAF6;KMT5C;RUVBL2;EP400;MMS19,Trim71,rmats,813,GO_Biological_Process_2023
Regulation Of mRNA Metabolic Process (GO:1903311),5/15,0.030792780914407035,11.866955445544555,99.19944987155573,SLTM;SAFB2;MAGOHB;SAFB;SRPK1,Trim71,rmats,813,GO_Biological_Process_2023
Regulation Of miRNA-mediated Gene Silencing (GO:0060964),5/15,0.030792780914407035,11.866955445544555,99.19944987155573,FMR1;DND1;LIMD1;PUM1;EIF4G1,Trim71,rmats,813,GO_Biological_Process_2023
Proteasome-Mediated Ubiquitin-Dependent Protein Catabolic Process (GO:0043161),27/319,0.03497578742905236,2.2228249503293944,18.194722469667298,ANAPC15;WDR26;ANAPC16;PSMD14;FAF2;UBR1;AMBRA1;UBE2J2;UBE2J1;ECPAS;BAG6;AMN1;ZNRF1;SHARPIN;RNF216;UBQLN1;TBL1X;BTRC;FBXW5;UBE2B;FBXW11;UBE4A;ARMC8;DNAJC10;MDM2;RBCK1;RNF121,Trim71,rmats,813,GO_Biological_Process_2023
Protein Secretion (GO:0009306),10/67,0.04249128244638099,4.179502304952917,33.21162237772677,TANGO6;CYB5R4;PORCN;RAB13;MIA2;MIA3;PREB;COPG2;NAGPA;RAB8B,Trim71,rmats,813,GO_Biological_Process_2023
Intracellular Membrane-Bounded Organelle (GO:0043231),298/5175,8.214649933669167e-10,1.697836685372792,45.05498767563467,TCERG1;PANK2;TFRC;NUDT1;EHMT1;SMC5;SMC6;RBPJ;GABPB1;GPATCH8;PPP4R2;ANKFY1;FAM53A;UBAP2L;TMPO;AGFG1;ESCO1;METTL3;CIRBP;RFX1;ARMC8;PRKAB1;EML3;SCAMP2;SRRM1;BIN1;PREB;NSMF;KIF20B;RHNO1;MTMR2;MEAF6;SRCAP;CTBP2;UBE2J2;UBE2J1;RAB11FIP1;RNF216;PCBP4;FIGNL1;MIER1;HLTF;DND1;DPH3;PATZ1;LYAR;NHEJ1;KAT14;SEC31A;CTSA;TIPARP;TMEM192;MAGOHB;PTK2;WAPL;SRPK1;MLLT10;FUBP3;HNRNPD;GTF2IRD1;MMS19;RNPS1;PKIG;RAD18;RPS24;CEP57;RPAIN;SETD5;INTS13;SETD6;TDRP;OTUD7B;ZBTB8OS;MIA3;MED16;LIMD1;MED15;N4BP2L2;ING3;XPO4;CTSH;NELFB;ACADS;GABPA;APPL1;SS18;NCOA2;SPHK2;STRADA;KIF23;SIRT3;GAK;NCOR2;NCOR1;CTTN;SLTM;MED20;MTF2;GPRC5C;WDR26;DOT1L;CENPA;RELA;ECPAS;SCAF8;RNF138;HSF1;USP1;PMS2;MARCHF7;METTL6;TBL1X;APBB3;BRD4;SUZ12;RANBP3;MYEF2;ATAD5;PCGF5;MOK;APTX;RNF146;SEC23IP;TFAP4;TTC3;ZYX;TRIP10;FMR1;PRDM5;CTNND1;ARID4B;CIB1;VIRMA;CDC14B;EEF1B2;EIF4ENIF1;PPP1CC;RUVBL2;PAPOLA;NEK1;SMARCAD1;KMT5A;MTPAP;MAP3K7;GTF2I;MORC3;BORA;KMT5C;FBXW11;USP4;USP3;PUS1;IPMK;UBE4A;VRK1;CHD1L;CDC25C;THOC7;FOXP1;ILF3;UBE2V2;PPIG;CSNK1G2;ANKRD16;PSMD14;UBA5;PDS5B;GPATCH2L;PMF1;BAG6;ORC1;YBEY;DEAF1;SAFB2;OTX2;RPRD1B;ZC3H14;BPTF;OSBPL9;SMAD2;TIA1;CHTOP;POU2F1;CPSF6;UBE2B;VTA1;PHF12;CBX1;HMGA1;FANCC;MACO1;CLK4;NFKB1;TDRD3;IFT20;DAB2;DLG1;HOOK2;NASP;P4HA1;TADA3;MDM2;UBA3;PIR;NF2;SERGEF;EIF4G1;KDM5A;MUS81;KDM5C;NAA40;AKAP8L;HP1BP3;CEP164;UFSP2;CDC73;RESF1;SENP6;FLCN;HPF1;PPP6R3;UBTF;DNMT3B;TLK2;TLK1;FLOT2;DNM1L;RBM7;RBM5;ILKAP;POLG;USP47;SUN1;USP48;TBP;ACTR6;CEMIP2;AKTIP;ATRX;CAD;DNMT3A;PEX2;TRNAU1AP;SAFB;EPN2;TRAF7;CREB1;PKM;RABEP2;TRAPPC6B;IRF1;ESRP1;DNAJC5;ZMYND11;GAPDH;ITGB3BP;HDAC4;KDM3A;USP16;CARNMT1;PPM1M;WBP2;POLDIP3;ABRAXAS1;RAP1GDS1;LENG8;AMBRA1;SAMHD1;CLCN3;UACA;ADD1;ZNRF1;NFS1;TNKS2;CBS;TRA2A;NRIP1;IGF2BP1;RBBP8;MTA3;REPS1;MUTYH;SMARCE1;TCF7L2;ATE1;PPIL2;IRX3;LIMK2;MCOLN1;PTPN13;USP28;CHFR;U2SURP;MCM3AP;WEE1;BRMS1L;QRICH1;TAF2,Trim71,rmats,813,GO_Cellular_Component_2023
Nucleus (GO:0005634),259/4487,2.2810839356808126e-8,1.654084084443063,37.249401137359364,TCERG1;PANK2;NUDT1;EHMT1;SMC5;SMC6;RBPJ;GABPB1;GPATCH8;PPP4R2;FAM53A;UBAP2L;TMPO;ESCO1;METTL3;CIRBP;ARMC8;PRKAB1;EML3;SRRM1;BIN1;PREB;NSMF;KIF20B;RHNO1;MTMR2;MEAF6;SRCAP;CTBP2;UBE2J2;UBE2J1;RNF216;PCBP4;FIGNL1;MIER1;HLTF;DND1;DPH3;PATZ1;LYAR;NHEJ1;KAT14;TIPARP;TMEM192;MAGOHB;PTK2;WAPL;SRPK1;MLLT10;FUBP3;HNRNPD;GTF2IRD1;MMS19;RNPS1;PKIG;RAD18;RPS24;CEP57;RPAIN;SETD5;INTS13;SETD6;TDRP;OTUD7B;ZBTB8OS;MED16;LIMD1;MED15;N4BP2L2;ING3;XPO4;NELFB;ACADS;GABPA;APPL1;SS18;NCOA2;SPHK2;STRADA;KIF23;SIRT3;NCOR2;NCOR1;SLTM;MED20;MTF2;WDR26;DOT1L;CENPA;RELA;ECPAS;SCAF8;RNF138;HSF1;USP1;PMS2;MARCHF7;METTL6;TBL1X;APBB3;BRD4;SUZ12;RANBP3;MYEF2;ATAD5;PCGF5;MOK;APTX;RNF146;TFAP4;TTC3;ZYX;FMR1;PRDM5;CTNND1;ARID4B;CIB1;VIRMA;CDC14B;EEF1B2;EIF4ENIF1;PPP1CC;RUVBL2;PAPOLA;NEK1;SMARCAD1;KMT5A;MAP3K7;GTF2I;MORC3;BORA;KMT5C;FBXW11;USP4;USP3;PUS1;IPMK;UBE4A;VRK1;CHD1L;CDC25C;THOC7;FOXP1;ILF3;UBE2V2;PPIG;CSNK1G2;ANKRD16;PSMD14;PDS5B;GPATCH2L;BAG6;ORC1;YBEY;DEAF1;SAFB2;OTX2;RPRD1B;ZC3H14;BPTF;SMAD2;TIA1;CHTOP;POU2F1;CPSF6;UBE2B;PHF12;CBX1;HMGA1;FANCC;MACO1;CLK4;NFKB1;TDRD3;DLG1;NASP;TADA3;MDM2;UBA3;PIR;NF2;SERGEF;EIF4G1;KDM5A;MUS81;KDM5C;NAA40;AKAP8L;HP1BP3;UFSP2;CDC73;RESF1;SENP6;FLCN;HPF1;PPP6R3;UBTF;DNMT3B;TLK2;TLK1;RBM7;RBM5;ILKAP;USP47;USP48;TBP;ACTR6;AKTIP;ATRX;CAD;DNMT3A;TRNAU1AP;SAFB;CREB1;PKM;IRF1;ESRP1;ZMYND11;GAPDH;ITGB3BP;HDAC4;KDM3A;USP16;CARNMT1;PPM1M;WBP2;POLDIP3;ABRAXAS1;RAP1GDS1;LENG8;AMBRA1;SAMHD1;UACA;ADD1;NFS1;TNKS2;HAUS8;CBS;TRA2A;NRIP1;IGF2BP1;RBBP8;MTA3;MUTYH;SMARCE1;TCF7L2;ATE1;PPIL2;IRX3;LIMK2;PTPN13;USP28;CHFR;U2SURP;MCM3AP;WEE1;BRMS1L;QRICH1;TAF2,Trim71,rmats,813,GO_Cellular_Component_2023
Mitotic Spindle (GO:0072686),21/143,3.082724846910055e-5,4.143535767511177,61.760520933745354,LIMK2;CKAP2;HAUS6;KIF23;WAPL;HAUS2;CDC14B;EML3;EML4;ATAT1;FLCN;WRAP73;ZZZ3;NCOR1;HAUS8;TADA3;NUSAP1;MAP4;TBL1X;KAT14;CLASP1,Trim71,rmats,813,GO_Cellular_Component_2023
trans-Golgi Network (GO:0005802),25/241,0.0012326949783116965,2.786443645422072,30.453123975262216,USP6NL;PI4K2B;ATP2C1;ECPAS;SCAMP5;TEPSIN;ARFRP1;GOLGA4;ARFIP2;ARFIP1;ATP9B;SLC30A6;ATP8B2;GPR108;STX8;COG2;TRAPPC9;FAM91A1;PHETA1;TJAP1;SCAMP2;HOOK2;TRAPPC6B;RAB13;LGR5,Trim71,rmats,813,GO_Cellular_Component_2023
Spindle (GO:0005819),21/210,0.007613308177444485,2.665263748597082,23.681376598224592,LIMK2;CBX1;SPICE1;CKAP2;KIF23;WAPL;EML3;CDC14B;EML4;ATAT1;FLCN;WRAP73;ZZZ3;NCOR1;TADA3;NUSAP1;MMS19;MAP4;TBL1X;KAT14;CLASP1,Trim71,rmats,813,GO_Cellular_Component_2023
Sex Chromosome (GO:0000803),3/5,0.028364916295458634,35.52777777777778,261.8714056585334,PCGF5;SMC5;SMC6,Trim71,rmats,813,GO_Cellular_Component_2023
Intracellular Non-Membrane-Bounded Organelle (GO:0043232),71/1195,0.028364916295458634,1.5377226597346787,10.892682630969686,TMEM179B;PAK1IP1;FMR1;PRDM5;HP1BP3;FAF2;RBPJ;CDC14B;PPP1CC;ENDOV;EPB41L4A;CASP8;SH3PXD2B;UBTF;NUSAP1;ARFIP2;RBM7;CDK5RAP2;ESCO1;ACTR6;DIMT1;CEMIP2;TPM1;SPICE1;KIF23;VRK1;ACSL3;EML3;TRAF7;ILF3;CTTN;SAPCD2;AOPEP;BIN1;KIF20B;GAPDH;RHNO1;KANK1;MEAF6;ZCCHC9;PDS5B;AMBRA1;RELA;ADD1;SYCE2;TCOF1;CALD1;EPB41L3;TRA2A;NRIP1;RRP36;UTP20;LYAR;ZC3H14;PLK4;SUZ12;ATP8B2;IDH3G;KRR1;CBX1;APTX;PTK2;WAPL;WEE1;ZZZ3;TTC3;MDM2;NOL10;MMS19;CEP85;NF2,Trim71,rmats,813,GO_Cellular_Component_2023
H4/H2A Histone Acetyltransferase Complex (GO:0043189),6/29,0.028364916295458634,6.194924842411508,43.15563395099181,MBTD1;ING3;MRGBP;MEAF6;RUVBL2;EP400,Trim71,rmats,813,GO_Cellular_Component_2023
NuA4 Histone Acetyltransferase Complex (GO:0035267),6/29,0.028364916295458634,6.194924842411508,43.15563395099181,MBTD1;ING3;MRGBP;MEAF6;RUVBL2;EP400,Trim71,rmats,813,GO_Cellular_Component_2023
Swr1 Complex (GO:0000812),4/12,0.028364916295458634,11.853522867737949,81.4990435687913,ING3;SRCAP;RUVBL2;EP400,Trim71,rmats,813,GO_Cellular_Component_2023
Microbody Membrane (GO:0031903),8/53,0.028364916295458634,4.227356797791581,28.220998859020185,ABCD4;PECR;FIS1;AGPS;PEX2;FAR1;DECR2;RAB8B,Trim71,rmats,813,GO_Cellular_Component_2023
Peroxisomal Membrane (GO:0005778),8/53,0.028364916295458634,4.227356797791581,28.220998859020185,ABCD4;PECR;FIS1;AGPS;PEX2;FAR1;DECR2;RAB8B,Trim71,rmats,813,GO_Cellular_Component_2023
ATAC Complex (GO:0140672),4/13,0.028364916295458634,10.535915396236781,68.90821611692378,ZZZ3;TADA3;MAP3K7;KAT14,Trim71,rmats,813,GO_Cellular_Component_2023
Mitotic Spindle Microtubule (GO:1990498),4/13,0.028364916295458634,10.535915396236781,68.90821611692378,HAUS8;HAUS6;HAUS2;EML3,Trim71,rmats,813,GO_Cellular_Component_2023
Cellular Responses To Stress R-HSA-2262752,43/722,0.0342985444395668,1.974810742499158,18.650042325832235,PPP1R15A;NUP205;NUP188;PSMD14;CRTC1;RPLP0;UBE2D3;DCTN3;PARN;RORA;RPL8;RPS4X;MAP1LC3B;UBB;BAG3;RPL36AL;RPS3;MBD4;JUN;HSP90AA1;SEC13;PHC1;GPX1;H2AC6;H2AC7;DDX11;H2AC4;RPSA;DYNLL1;PSMB8;LRPPRC;SOD1;EEF1A1;PSMC6;PSMC4;PSMC1;RPL27A;MDM2;NUP54;CALR;AJUBA;ATF3;ATF4,Ubr5,deg,642,Reactome_2022
Cellular Responses To Stimuli R-HSA-8953897,43/736,0.0342985444395668,1.9334653474887198,17.43209009060268,PPP1R15A;NUP205;NUP188;PSMD14;CRTC1;RPLP0;UBE2D3;DCTN3;PARN;RORA;RPL8;RPS4X;MAP1LC3B;UBB;BAG3;RPL36AL;RPS3;MBD4;JUN;HSP90AA1;SEC13;PHC1;GPX1;H2AC6;H2AC7;DDX11;H2AC4;RPSA;DYNLL1;PSMB8;LRPPRC;SOD1;EEF1A1;PSMC6;PSMC4;PSMC1;RPL27A;MDM2;NUP54;CALR;AJUBA;ATF3;ATF4,Ubr5,deg,642,Reactome_2022
Intracellular Signaling By Second Messengers R-HSA-9006925,23/306,0.0342985444395668,2.5044669106104114,22.034391352272632,EGR1;JUN;PHC1;PSMD14;HDAC1;PDE1A;INSR;CHD3;IRAK4;ADCY7;PSMB8;PREX2;NR4A1;PSMC6;UBB;PSMC4;NRG4;PSMC1;AGO2;MKRN1;MDM2;PIP4K2C;HBEGF,Ubr5,deg,642,Reactome_2022
PTEN Regulation R-HSA-6807070,14/139,0.0342985444395668,3.4300891719745223,30.058626747579392,EGR1;JUN;PHC1;PSMD14;HDAC1;CHD3;PSMB8;PREX2;PSMC6;UBB;PSMC4;PSMC1;AGO2;MKRN1,Ubr5,deg,642,Reactome_2022
PIP3 Activates AKT Signaling R-HSA-1257604,21/268,0.0342985444395668,2.616460325842477,22.814905809840432,EGR1;JUN;PHC1;PSMD14;HDAC1;INSR;CHD3;IRAK4;PSMB8;PREX2;NR4A1;PSMC6;UBB;PSMC4;NRG4;PSMC1;AGO2;MKRN1;MDM2;PIP4K2C;HBEGF,Ubr5,deg,642,Reactome_2022
Infectious Disease R-HSA-5663205,51/961,0.04908825189592235,1.7494059240252133,14.137821595914577,CCNT2;NUP188;RPLP0;MAGT1;CHD3;RPL8;ACTG1;RPS4X;MAP1LC3B;RPL36AL;VPS36;VAV3;HSP90AA1;ST6GAL1;SEC13;H2AC6;PRMT1;H2AC7;H2AC4;RPSA;DYNLL1;MYH9;NUP54;HBEGF;NUP205;CALCRL;PSMD14;HDAC1;ZDHHC20;ADCY7;GANAB;RNF213;SV2C;UBB;RPS3;WASF2;RANBP1;JUN;TAF15;ARPC5;EEF2;PARP14;GTF2H4;PSMB8;H2AC25;PSMC6;PSMC4;PSMC1;RPL27A;CALR;MNAT1,Ubr5,deg,642,Reactome_2022
Regulation Of Expression Of SLITs And ROBOs R-HSA-9010553,15/167,0.04908825189592235,3.022853185595568,24.257704084761446,PSMD14;RPLP0;MSI1;RPSA;RPL8;PSMB8;RPS4X;PSMC6;UBB;RPL36AL;PSMC4;RPL27A;PSMC1;RPS3;EIF4G1,Ubr5,deg,642,Reactome_2022
mRNA Processing WP310,41/444,0.01437504216969511,1.9430402505361892,16.948644883951797,RBM25;STAU1;DDX25;FMR1;TRMT2A;BRCA1;VIRMA;FXR1;BCLAF1;SCAF8;HNRNPDL;SAFB2;IGF2BP1;ZFP740;TRIM21;SRSF11;RBM5;DIS3L2;ILKAP;TTC14;ZRSR2;RBM39;MYEF2;TAF15;SECISBP2;CIRBP;PRPF40B;RSRC2;ZCRB1;PUM1;DNAJC17;SRPK1;CLK2;ILF3;SUPT5;ESRP1;FDX2;TUT1;ACIN1;HNRNPC;EIF4G3,Ubr5,rmats,1014,WikiPathways_2024_Mouse
Mitochondrial Gene Expression WP1263,6/19,0.01437504216969511,8.687271062271062,71.82299907383371,PPP3CA;MYEF2;CREB1;MTERF3;NRF1;GABPA,Ubr5,rmats,1014,WikiPathways_2024_Mouse
Chromatin Modifying Enzymes R-HSA-3247509,33/238,9.866072324929241e-5,3.081837845901395,48.40865440930128,KMT2E;SUV39H2;KMT2D;KDM5C;HDAC10;MEAF6;PHF20;EHMT2;SETD6;ARID4B;ING3;RUVBL2;NSD2;EP300;KMT5B;TBL1X;MTA3;KAT14;KDM6A;SUZ12;PBRM1;SMARCC2;SETDB1;KMT5C;BRPF3;MSL1;NCOR2;ZZZ3;NCOR1;MRGBP;KANSL1;BRMS1L;TADA3,Ubr5,rmats,1014,Reactome_2022
Cell Cycle R-HSA-1640170,65/654,9.866072324929241e-5,2.1393353024629627,33.39292330934108,CEP57;PHF20;MCM8;CEP164;HJURP;BRCA1;PPP1CC;PCM1;RUVBL2;CHEK2;PPP6R3;EP300;POLE;SUN1;ESCO1;FBXW11;ATRX;PPP2R5B;HAUS3;HAUS6;CSNK1D;ESCO2;TERF1;SIRT2;EML4;DYNC1LI2;CLIP1;DBF4;SHQ1;TFDP2;CEP63;BLZF1;ITGB3BP;MCPH1;POM121;SRC;CENPA;SYCE2;BRIP1;ORC6;SPAST;PRKAR2B;ORC3;NSD2;E2F6;CLASP1;PLK4;CENPT;NEK9;ACD;CENPX;NUP155;POLA1;CENPF;WEE1;STAG2;KANSL1;CENPI;CENPL;MDM2;CHMP2A;MDM4;TUBGCP3;NCAPD3;CEP43,Ubr5,rmats,1014,Reactome_2022
Organelle Biogenesis And Maintenance R-HSA-1852241,34/275,5.867955289612165e-4,2.69849267507833,36.21529208961345,CEP57;CRTC2;C2CD3;CEP164;NRF1;PCM1;ARL13B;PRKAR2B;NPHP1;TBL1X;BBS5;GABPA;CLASP1;DMAC2L;PLK4;IQCB1;ATP5PF;NCOA6;RAB3IP;IFT122;HAUS3;CSNK1D;HAUS6;PRKAB1;LZTFL1;MAPK12;SIRT3;ATAT1;NCOR1;CREB1;MKS1;CEP63;CEP43;CEP89,Ubr5,rmats,1014,Reactome_2022
Mitotic Prometaphase R-HSA-68877,26/186,7.820455366905862e-4,3.0963815789473683,39.77501794851649,CEP57;CEP164;CENPA;PPP1CC;PCM1;PRKAR2B;CLASP1;PLK4;CENPT;NEK9;PPP2R5B;HAUS3;CSNK1D;HAUS6;EML4;CLIP1;DYNC1LI2;CENPF;STAG2;KANSL1;CENPI;CENPL;TUBGCP3;CEP63;CEP43;ITGB3BP,Ubr5,rmats,1014,Reactome_2022
Anchoring Of Basal Body To Plasma Membrane R-HSA-5620912,17/97,0.0016355598086895328,4.029613841524574,47.89064608566434,PLK4;CEP57;IQCB1;C2CD3;RAB3IP;CEP164;HAUS3;CSNK1D;HAUS6;PCM1;PRKAR2B;NPHP1;MKS1;CEP63;CEP43;CLASP1;CEP89,Ubr5,rmats,1014,Reactome_2022
"Signaling By Rho GTPases, Miro GTPases And RHOBTB3 R-HSA-9716542",58/660,0.0065268583894700005,1.8527363460709767,19.11729632733414,ARHGAP11A;ABCD3;TFRC;FAM13B;ITSN1;FAF2;ARHGAP1;PPP1CC;SYDE1;DBT;NCK2;ANKFY1;PLEKHG3;STARD8;ACTN1;PPP2R5B;KCTD3;NISCH;DYNC1LI2;CLIP1;PKP4;ITGB3BP;BLTP3B;GARRE1;SRC;RHOBTB3;ARHGAP17;KLC1;FAM169A;CENPA;UACA;TRAK2;ARHGAP12;ABR;ARL13B;RACGAP1;PLXNA1;ECT2;CLASP1;CENPT;PRPF38B;LIMK2;MACO1;PTPN13;PTK2;MPP7;KTN1;WDR11;CENPF;FAM135A;KANSL1;CENPI;SHKBP1;DLG5;ABI1;CENPL;HNRNPC;PICALM,Ubr5,rmats,1014,Reactome_2022
"Cell Cycle, Mitotic R-HSA-69278",48/523,0.007903230852315691,1.9364236678653155,19.02001816160584,CEP57;POM121;MCM8;SRC;CEP164;CENPA;PPP1CC;PCM1;ORC6;SPAST;PRKAR2B;ORC3;EP300;E2F6;POLE;CLASP1;PLK4;CENPT;NEK9;ESCO1;NUP155;FBXW11;PPP2R5B;HAUS3;HAUS6;CSNK1D;ESCO2;SIRT2;EML4;POLA1;DYNC1LI2;CENPF;CLIP1;WEE1;DBF4;STAG2;TFDP2;KANSL1;CENPI;CENPL;CHMP2A;TUBGCP3;CEP63;NCAPD3;CEP43;BLZF1;ITGB3BP;MCPH1,Ubr5,rmats,1014,Reactome_2022
PI Metabolism R-HSA-1483255,14/82,0.007903230852315691,3.8948823529411767,37.913427035286404,PI4K2B;VAC14;MTMR14;PITPNB;PLEKHA6;PLEKHA3;PTPN13;MTMR7;PLEKHA8;PIP4P1;PIP5K1C;PI4KB;PNPLA6;SBF1,Ubr5,rmats,1014,Reactome_2022
Signaling By Rho GTPases R-HSA-194315,56/644,0.007903230852315691,1.8290088477979918,17.780893579260834,ARHGAP11A;ABCD3;TFRC;FAM13B;ITSN1;FAF2;ARHGAP1;PPP1CC;SYDE1;DBT;NCK2;ANKFY1;PLEKHG3;STARD8;ACTN1;PPP2R5B;KCTD3;NISCH;DYNC1LI2;CLIP1;PKP4;ITGB3BP;BLTP3B;GARRE1;SRC;ARHGAP17;KLC1;FAM169A;CENPA;UACA;ARHGAP12;ABR;ARL13B;RACGAP1;PLXNA1;ECT2;CLASP1;CENPT;PRPF38B;LIMK2;MACO1;PTPN13;PTK2;MPP7;KTN1;WDR11;CENPF;FAM135A;KANSL1;CENPI;SHKBP1;DLG5;ABI1;CENPL;HNRNPC;PICALM,Ubr5,rmats,1014,Reactome_2022
PKMTs Methylate Histone Lysines R-HSA-3214841,10/47,0.011252558653126112,5.100947561106923,46.97845279115941,KMT2E;SUZ12;KMT2D;SUV39H2;SETDB1;KMT5C;EHMT2;SETD6;NSD2;KMT5B,Ubr5,rmats,1014,Reactome_2022
Class I MHC Mediated Antigen Processing And Presentation R-HSA-983169,37/378,0.011252558653126112,2.0706903952190707,18.983273788917824,SEC23A;RNF14;LRR1;RNF19B;UBE3A;KLHL13;UBR1;UBE2J2;UBE2J1;IKBKB;FBXL20;RNF138;TRIM21;ATG7;SEC31A;HACE1;FBXW5;UBE2B;CHUK;FBXW11;FBXL19;FBXO17;FBXW9;HUWE1;WWP1;PJA2;TIRAP;FBXL12;UBE2W;TRAF7;ITCH;UBOX5;UBA3;RBCK1;SEC24C;TRIM11;MYD88,Ubr5,rmats,1014,Reactome_2022
Diseases Of Signal Transduction By Growth Factor Receptors And Second Messengers R-HSA-5663202,40/424,0.012257871523350276,1.989433607118412,17.894998874151923,KANK1;HDAC10;SRC;RBPJ;KLC1;PAPSS1;FGF5;FXR1;PPP1CC;ERLEC1;PORCN;GOLGA4;ZMYM2;MPRIP;TNKS2;EP300;TBL1X;ATG7;CAMK2G;SEC31A;SMAD2;TCF7L2;CHUK;PPP2R5B;TSC2;GTF2F2;EML4;NCOR2;ADAM17;NCOR1;CREB1;ESRP1;GOLGB1;RPS6KB2;MDM2;BIRC6;CEP43;FGFR3;FGFR2;FGFR1,Ubr5,rmats,1014,Reactome_2022
RHO GTPase Cycle R-HSA-9012999,41/441,0.012847232173652056,1.957929085303186,17.362952540547113,ARHGAP11A;BLTP3B;ABCD3;TFRC;FAM13B;GARRE1;SRC;ITSN1;FAF2;ARHGAP1;ARHGAP17;FAM169A;UACA;ARHGAP12;ABR;SYDE1;ARL13B;RACGAP1;DBT;NCK2;ANKFY1;PLXNA1;ECT2;PLEKHG3;PRPF38B;STARD8;ACTN1;MACO1;KCTD3;PTPN13;MPP7;KTN1;WDR11;NISCH;FAM135A;SHKBP1;DLG5;ABI1;PKP4;HNRNPC;PICALM,Ubr5,rmats,1014,Reactome_2022
Cilium Assembly R-HSA-5617833,22/186,0.016436019917038323,2.5452645554681355,21.75581236211731,PLK4;CEP57;IQCB1;C2CD3;RAB3IP;CEP164;IFT122;HAUS3;CSNK1D;HAUS6;LZTFL1;ATAT1;PCM1;ARL13B;PRKAR2B;NPHP1;MKS1;CEP63;BBS5;CEP43;CLASP1;CEP89,Ubr5,rmats,1014,Reactome_2022
Transcriptional Regulation By E2F6 R-HSA-8953750,8/34,0.018739712080219764,5.799051842789417,48.40701546988025,SUZ12;PHC1;TFDP2;EHMT2;MGA;PCGF2;BRCA1;E2F6,Ubr5,rmats,1014,Reactome_2022
EML4 And NUDC In Mitotic Spindle Formation R-HSA-9648025,14/97,0.02759361369624478,3.188457831325301,25.175820006048795,CENPT;NEK9;PPP2R5B;CENPA;EML4;PPP1CC;CLIP1;DYNC1LI2;CENPF;KANSL1;CENPI;CENPL;ITGB3BP;CLASP1,Ubr5,rmats,1014,Reactome_2022
Antigen Processing: Ubiquitination And Proteasome Degradation R-HSA-983168,30/307,0.031002616445096956,2.0591925684599808,15.793911417716252,RNF14;LRR1;RNF19B;UBE3A;KLHL13;UBR1;UBE2J2;UBE2J1;FBXL20;RNF138;TRIM21;ATG7;HACE1;FBXW5;UBE2B;FBXW11;FBXL19;FBXO17;FBXW9;HUWE1;WWP1;PJA2;FBXL12;UBE2W;TRAF7;ITCH;UBOX5;UBA3;RBCK1;TRIM11,Ubr5,rmats,1014,Reactome_2022
Mitochondrial tRNA Aminoacylation R-HSA-379726,6/21,0.031002616445096956,7.5281746031746035,57.67826528396513,RARS2;AARS2;SARS2;NARS2;DARS2;FARS2,Ubr5,rmats,1014,Reactome_2022
Macroautophagy R-HSA-1632852,15/114,0.036337853630080415,2.8645311978645314,21.06244684592884,UVRAG;PRKAA1;MTERF3;SRC;MTMR14;TSC2;ATG13;PRKAB1;DYNC1LI2;ARL13B;PEX5;HSF1;NBR1;CHMP2A;ATG7,Ubr5,rmats,1014,Reactome_2022
Loss Of Nlp From Mitotic Centrosomes R-HSA-380259,11/69,0.036337853630080415,3.579055935641352,26.21348444686362,CEP57;PLK4;PCM1;PRKAR2B;CEP164;HAUS3;CSNK1D;HAUS6;CEP63;CEP43;CLASP1,Ubr5,rmats,1014,Reactome_2022
Recruitment Of NuMA To Mitotic Centrosomes R-HSA-380320,12/80,0.036337853630080415,3.3318069742867205,24.33752857619672,CEP57;PLK4;PCM1;PRKAR2B;CEP164;HAUS3;CSNK1D;HAUS6;TUBGCP3;CEP63;CEP43;CLASP1,Ubr5,rmats,1014,Reactome_2022
PI5P Regulates TP53 Acetylation R-HSA-6811555,4/9,0.036337853630080415,15.034455445544554,109.78451647459251,ING3;PIP4P1;EP300;MAP2K6,Ubr5,rmats,1014,Reactome_2022
Centrosome Maturation R-HSA-380287,12/81,0.03886123038400981,3.2833463507767076,23.60924845042829,CEP57;PLK4;PCM1;PRKAR2B;CEP164;HAUS3;CSNK1D;HAUS6;TUBGCP3;CEP63;CEP43;CLASP1,Ubr5,rmats,1014,Reactome_2022
AURKA Activation By TPX2 R-HSA-8854518,11/72,0.046955146099295055,3.4024974257555205,23.671837978860722,CEP57;PLK4;PCM1;PRKAR2B;CEP164;HAUS3;CSNK1D;HAUS6;CEP63;CEP43;CLASP1,Ubr5,rmats,1014,Reactome_2022
M Phase R-HSA-68886,34/380,0.046955146099295055,1.8690574495694232,12.930192192034342,CEP57;POM121;CEP164;CENPA;PPP1CC;PCM1;SPAST;PRKAR2B;CLASP1;PLK4;CENPT;NEK9;NUP155;PPP2R5B;HAUS3;CSNK1D;HAUS6;SIRT2;EML4;DYNC1LI2;CENPF;CLIP1;STAG2;KANSL1;CENPI;CENPL;CHMP2A;TUBGCP3;CEP63;NCAPD3;CEP43;BLZF1;ITGB3BP;MCPH1,Ubr5,rmats,1014,Reactome_2022
Regulation Of TP53 Activity R-HSA-5633007,18/157,0.04707258076373705,2.4504203865823,16.84984932238913,PRKAA1;TBP;TAF15;MEAF6;BRPF3;PHF20;EHMT2;BRCA1;PRKAB1;BRIP1;ING3;PIP4P1;CHEK2;MDM2;EP300;MDM4;TAF2;MAP2K6,Ubr5,rmats,1014,Reactome_2022
Cell Cycle,65/649,1.707587466240069e-4,2.1582379433289547,34.29388995717874,CEP57;PHF20;MCM8;CEP164;HJURP;BRCA1;PPP1CC;PCM1;RUVBL2;CHEK2;PPP6R3;EP300;POLE;SUN1;ESCO1;FBXW11;ATRX;PPP2R5B;HAUS3;HAUS6;CSNK1D;ESCO2;TERF1;SIRT2;EML4;DYNC1LI2;CLIP1;DBF4;SHQ1;TFDP2;CEP63;BLZF1;ITGB3BP;MCPH1;POM121;SRC;CENPA;SYCE2;BRIP1;ORC6;SPAST;PRKAR2B;ORC3;NSD2;E2F6;CLASP1;PLK4;CENPT;NEK9;ACD;NUP155;POLA1;CENPF;STAG1;WEE1;STAG2;CENPI;CENPL;MDM2;CHMP2A;MDM4;TUBGCP3;RAD1;NCAPD3;CEP43,Ubr5,rmats,1014,Reactome_Pathways_2024
Chromatin Modifying Enzymes,31/238,6.387708631366828e-4,2.8609501624230274,38.54231112902698,SUV39H2;KMT2D;KDM5C;HDAC10;MEAF6;PHF20;EHMT2;SETD6;ARID4B;ING3;RUVBL2;NSD2;EP300;KMT5B;TBL1X;MTA3;KAT14;KDM6A;SUZ12;PBRM1;SMARCC2;SETDB1;KMT5C;BRPF3;MSL1;NCOR2;ZZZ3;NCOR1;MRGBP;KANSL1;TADA3,Ubr5,rmats,1014,Reactome_Pathways_2024
Chromatin Organization,31/238,6.387708631366828e-4,2.8609501624230274,38.54231112902698,SUV39H2;KMT2D;KDM5C;HDAC10;MEAF6;PHF20;EHMT2;SETD6;ARID4B;ING3;RUVBL2;NSD2;EP300;KMT5B;TBL1X;MTA3;KAT14;KDM6A;SUZ12;PBRM1;SMARCC2;SETDB1;KMT5C;BRPF3;MSL1;NCOR2;ZZZ3;NCOR1;MRGBP;KANSL1;TADA3,Ubr5,rmats,1014,Reactome_Pathways_2024
Organelle Biogenesis and Maintenance,35/297,0.0010751296635166132,2.5549516955297897,32.354692269712515,CEP57;CRTC2;C2CD3;CEP164;NRF1;GABPB1;PCM1;ARL13B;PRKAR2B;NPHP1;TBL1X;BBS5;GABPA;CLASP1;DMAC2L;PLK4;IQCB1;ATP5PF;NCOA6;RAB3IP;IFT122;HAUS3;CSNK1D;HAUS6;PRKAB1;LZTFL1;MAPK12;SIRT3;ATAT1;NCOR1;CREB1;MKS1;CEP63;CEP43;CEP89,Ubr5,rmats,1014,Reactome_Pathways_2024
Anchoring of the Basal Body to the Plasma Membrane,17/97,0.0018741364081020873,4.029613841524574,47.89064608566434,PLK4;CEP57;IQCB1;C2CD3;RAB3IP;CEP164;HAUS3;CSNK1D;HAUS6;PCM1;PRKAR2B;NPHP1;MKS1;CEP63;CEP43;CLASP1;CEP89,Ubr5,rmats,1014,Reactome_Pathways_2024
Mitotic Prometaphase,26/203,0.0029937772103311175,2.796461492714838,31.415348722922598,CEP57;CEP164;CENPA;PPP1CC;PCM1;PRKAR2B;CLASP1;PLK4;CENPT;NEK9;PPP2R5B;HAUS3;CSNK1D;HAUS6;EML4;DYNC1LI2;STAG1;CENPF;CLIP1;STAG2;CENPI;CENPL;TUBGCP3;CEP63;CEP43;ITGB3BP,Ubr5,rmats,1014,Reactome_Pathways_2024
Formation of WDR5-containing Histone-Modifying Complexes,10/42,0.006582572574531387,5.899526892430279,60.39667917592061,KMT2D;ZZZ3;KANSL1;PHF20;NCOA6;AKAP8L;TADA3;TASP1;KAT14;KDM6A,Ubr5,rmats,1014,Reactome_Pathways_2024
"Cell Cycle, Mitotic",48/516,0.006582572574531387,1.9661304878696184,19.972725229031994,CEP57;POM121;MCM8;SRC;CEP164;CENPA;PPP1CC;PCM1;ORC6;SPAST;PRKAR2B;ORC3;EP300;E2F6;POLE;CLASP1;PLK4;CENPT;NEK9;ESCO1;NUP155;FBXW11;PPP2R5B;HAUS3;HAUS6;CSNK1D;ESCO2;SIRT2;EML4;POLA1;DYNC1LI2;CENPF;CLIP1;STAG1;WEE1;DBF4;STAG2;TFDP2;CENPI;CENPL;CHMP2A;TUBGCP3;CEP63;NCAPD3;CEP43;BLZF1;ITGB3BP;MCPH1,Ubr5,rmats,1014,Reactome_Pathways_2024
Class I MHC Mediated Antigen Processing & Presentation,37/373,0.01197296087454784,2.1020677974362725,19.848531902620152,SEC23A;RNF14;LRR1;RNF19B;UBE3A;KLHL13;UBR1;UBE2J2;UBE2J1;IKBKB;FBXL20;RNF138;TRIM21;ATG7;SEC31A;HACE1;FBXW5;UBE2B;CHUK;FBXW11;FBXL19;FBXO17;FBXW9;HUWE1;WWP1;PJA2;TIRAP;FBXL12;UBE2W;TRAF7;ITCH;UBOX5;UBA3;RBCK1;SEC24C;TRIM11;MYD88,Ubr5,rmats,1014,Reactome_Pathways_2024
"Signaling by Rho GTPases, Miro GTPases and RHOBTB3",58/688,0.013304854211675422,1.7676960881981802,16.20883391255863,ARHGAP11A;ABCD3;TFRC;FAM13B;ITSN1;FAF2;ARHGAP1;PPP1CC;SYDE1;DBT;NCK2;ANKFY1;PLEKHG3;STARD8;ACTN1;PPP2R5B;KCTD3;NISCH;DYNC1LI2;CLIP1;PKP4;ITGB3BP;BLTP3B;GARRE1;SRC;RHOBTB3;ARHGAP19;ARHGAP17;KLC1;FAM169A;CENPA;UACA;TRAK2;ARHGAP12;ABR;ARL13B;RACGAP1;PLXNA1;ECT2;CLASP1;CENPT;LIMK2;MACO1;PTPN13;PTK2;MPP7;KTN1;WDR11;NET1;CENPF;FAM135A;CENPI;SHKBP1;DLG5;ABI1;CENPL;HNRNPC;PICALM,Ubr5,rmats,1014,Reactome_Pathways_2024
RHO GTPase Cycle,42/450,0.013304854211675422,1.9675320745582183,17.975836334580183,ARHGAP11A;BLTP3B;ABCD3;TFRC;FAM13B;GARRE1;SRC;ITSN1;FAF2;ARHGAP1;ARHGAP19;ARHGAP17;FAM169A;UACA;ARHGAP12;ABR;SYDE1;ARL13B;RACGAP1;DBT;NCK2;ANKFY1;PLXNA1;ECT2;PLEKHG3;STARD8;ACTN1;MACO1;KCTD3;PTPN13;MPP7;KTN1;WDR11;NISCH;NET1;FAM135A;SHKBP1;DLG5;ABI1;PKP4;HNRNPC;PICALM,Ubr5,rmats,1014,Reactome_Pathways_2024
Signaling by Rho GTPases,56/672,0.02082624853898464,1.7432150313152401,14.993634622552547,ARHGAP11A;ABCD3;TFRC;FAM13B;ITSN1;FAF2;ARHGAP1;PPP1CC;SYDE1;DBT;NCK2;ANKFY1;PLEKHG3;STARD8;ACTN1;PPP2R5B;KCTD3;NISCH;DYNC1LI2;CLIP1;PKP4;ITGB3BP;BLTP3B;GARRE1;SRC;ARHGAP19;ARHGAP17;KLC1;FAM169A;CENPA;UACA;ARHGAP12;ABR;ARL13B;RACGAP1;PLXNA1;ECT2;CLASP1;CENPT;LIMK2;MACO1;PTPN13;PTK2;MPP7;KTN1;WDR11;NET1;CENPF;FAM135A;CENPI;SHKBP1;DLG5;ABI1;CENPL;HNRNPC;PICALM,Ubr5,rmats,1014,Reactome_Pathways_2024
Diseases of Signal Transduction by Growth Factor Receptors and Second Messengers,41/451,0.02275721239165423,1.909146968139774,16.020882932275335,KANK1;HDAC10;SRC;RBPJ;KLC1;PAPSS1;FGF5;FXR1;PPP1CC;ERLEC1;PORCN;GOLGA4;ZMYM2;MPRIP;TNKS2;EP300;TBL1X;ATG7;CAMK2G;SEC31A;SMAD2;TCF7L2;CHUK;PPP2R5B;TSC2;GTF2F2;EML4;NCOR2;CLIP1;ADAM17;NCOR1;CREB1;ESRP1;GOLGB1;RPS6KB2;MDM2;BIRC6;CEP43;FGFR3;FGFR2;FGFR1,Ubr5,rmats,1014,Reactome_Pathways_2024
Transcriptional Regulation by E2F6,8/34,0.02275721239165423,5.799051842789417,48.40701546988025,SUZ12;PHC1;TFDP2;EHMT2;MGA;PCGF2;BRCA1;E2F6,Ubr5,rmats,1014,Reactome_Pathways_2024
Antigen Processing Ubiquitination & Proteasome Degradation,30/296,0.02275721239165423,2.145607922244636,17.78564647230268,RNF14;LRR1;RNF19B;UBE3A;KLHL13;UBR1;UBE2J2;UBE2J1;FBXL20;RNF138;TRIM21;ATG7;HACE1;FBXW5;UBE2B;FBXW11;FBXL19;FBXO17;FBXW9;HUWE1;WWP1;PJA2;FBXL12;UBE2W;TRAF7;ITCH;UBOX5;UBA3;RBCK1;TRIM11,Ubr5,rmats,1014,Reactome_Pathways_2024
PI Metabolism,13/84,0.02529919677804419,3.459850009145784,28.09017043904833,PI4K2B;VAC14;MTMR14;PITPNB;PLEKHA6;PLEKHA3;PTPN13;MTMR7;PLEKHA8;PIP5K1C;PI4KB;PNPLA6;SBF1,Ubr5,rmats,1014,Reactome_Pathways_2024
PKMTs Methylate Histone Lysines,9/46,0.03449419334675026,4.586284792254942,35.53570566901801,SUZ12;KMT2D;SUV39H2;SETDB1;KMT5C;EHMT2;SETD6;NSD2;KMT5B,Ubr5,rmats,1014,Reactome_Pathways_2024
Mitochondrial tRNA Aminoacylation,6/21,0.03552492053025866,7.5281746031746035,57.67826528396513,RARS2;AARS2;SARS2;NARS2;DARS2;FARS2,Ubr5,rmats,1014,Reactome_Pathways_2024
Cilium Assembly,22/200,0.03849477220045263,2.3433309169989127,17.638950754972225,PLK4;CEP57;IQCB1;C2CD3;RAB3IP;CEP164;IFT122;HAUS3;CSNK1D;HAUS6;LZTFL1;ATAT1;PCM1;ARL13B;PRKAR2B;NPHP1;MKS1;CEP63;BBS5;CEP43;CLASP1;CEP89,Ubr5,rmats,1014,Reactome_Pathways_2024
Loss of Nlp From Mitotic Centrosomes,11/69,0.04223381551680611,3.579055935641352,26.21348444686362,CEP57;PLK4;PCM1;PRKAR2B;CEP164;HAUS3;CSNK1D;HAUS6;CEP63;CEP43;CLASP1,Ubr5,rmats,1014,Reactome_Pathways_2024
Loss of Proteins Required for Interphase Microtubule Organization From the Centrosome,11/69,0.04223381551680611,3.579055935641352,26.21348444686362,CEP57;PLK4;PCM1;PRKAR2B;CEP164;HAUS3;CSNK1D;HAUS6;CEP63;CEP43;CLASP1,Ubr5,rmats,1014,Reactome_Pathways_2024
M Phase,34/372,0.04223381551680611,1.914116652578191,13.950074553559249,CEP57;POM121;CEP164;CENPA;PPP1CC;PCM1;SPAST;PRKAR2B;CLASP1;PLK4;CENPT;NEK9;NUP155;PPP2R5B;HAUS3;CSNK1D;HAUS6;SIRT2;EML4;DYNC1LI2;STAG1;CENPF;CLIP1;STAG2;CENPI;CENPL;CHMP2A;TUBGCP3;CEP63;NCAPD3;CEP43;BLZF1;ITGB3BP;MCPH1,Ubr5,rmats,1014,Reactome_Pathways_2024
Centrosome Maturation,12/81,0.04267444765714567,3.2833463507767076,23.60924845042829,CEP57;PLK4;PCM1;PRKAR2B;CEP164;HAUS3;CSNK1D;HAUS6;TUBGCP3;CEP63;CEP43;CLASP1,Ubr5,rmats,1014,Reactome_Pathways_2024
Recruitment of Mitotic Centrosome Proteins and Complexes,12/81,0.04267444765714567,3.2833463507767076,23.60924845042829,CEP57;PLK4;PCM1;PRKAR2B;CEP164;HAUS3;CSNK1D;HAUS6;TUBGCP3;CEP63;CEP43;CLASP1,Ubr5,rmats,1014,Reactome_Pathways_2024
Mitochondrial gene expression,7/19,0.024350546769801133,10.991228070175438,116.54849222480513,PPP3CA;MYEF2;CREB1;MTERF3;NRF1;GABPB1;GABPA,Ubr5,rmats,1014,BioPlanet_2019
Mitochondrial tRNA aminoacylation,7/21,0.025696386537939576,9.420059582919563,92.85192757178989,RARS2;AARS2;SARS2;KARS;NARS2;DARS2;FARS2,Ubr5,rmats,1014,BioPlanet_2019
Energy-dependent regulation of mTOR by LKB1-AMPK,6/17,0.041784004551109664,10.267857142857142,92.05341185088668,PRKAA1;CAB39;CAB39L;STRADA;TSC2;PRKAB1,Ubr5,rmats,1014,BioPlanet_2019
Ubiquitin-Like Protein Transferase Activity (GO:0019787),32/240,3.2669608312023554e-4,2.9418768604104653,42.3118025044982,MARCHF2;UHRF2;RNF14;UBE3A;BRCA1;KLHL13;TRIM68;FBXO3;ARIH1;TRIM21;HACE1;UBE2B;FBXW11;NSMCE2;HUWE1;WWP1;PJA2;CHFR;RNF146;UBE2W;TRAF7;ITCH;TTC3;MDM2;UBA3;MDM4;BIRC6;RBCK1;BCOR;RNF141;TRIM11;TRIM33,Ubr5,rmats,1014,GO_Molecular_Function_2023
RNA Binding (GO:0003723),107/1411,0.004697836111772806,1.5996695774514513,17.634139562519753,TFRC;FMR1;SPPL2B;PPAN;NUDT1;RPL10A;VIRMA;GPATCH8;PPP1CC;NUSAP1;CAST;RARS2;SECISBP2;ACTN1;DDX11;PUS1;CIRBP;ALG13;ZCRB1;GTPBP1;FAM133B;ILF3;ZC3H11A;SRFBP1;MACF1;AARS2;TRMT2A;RCC1L;MTDH;FXR1;DHX30;RNASEH1;HNRNPDL;DHX33;ERI3;SAFB2;UTP20;MAP4;ZC3H13;ZC3H14;MARK2;PRPF38B;UPF3B;HELZ;PUM1;SRPK1;EIF5;GOLGB1;HNRNPC;EIF4G3;RBM25;TUT7;AKAP8L;BRCA1;ZCCHC17;TENT4B;FARS2;SMG6;RBM5;TOP3B;PRPF40B;DARS2;TRNAU1AP;DDX50;UCHL5;WDR33;DALRD3;SARS2;PKM;NOA1;THRAP3;ESRP1;TUT1;LUC7L2;STAU1;DDX25;SRRT;AKAP8;MTIF2;MTHFSD;GANAB;SCAF8;BCLAF1;UNK;TCOF1;IGF2BP1;FLNB;SMNDC1;SRSF11;EXOSC1;RBM39;TAF15;MYEF2;KRR1;YLPM1;HUWE1;RSRC2;TPD52L2;APTX;KTN1;SEC23IP;XPOT;ZYX;ACIN1;FAM98A;R3HDM1;TNRC6A,Ubr5,rmats,1014,GO_Molecular_Function_2023
Protein-Lysine N-methyltransferase Activity (GO:0016279),11/54,0.013295689138217652,4.8313895522734125,46.27413500024701,SETD5;SUV39H2;METTL22;KMT2D;SETDB1;KMT5C;EHMT2;SETD6;NSD2;KMT5B;EEF1AKMT2,Ubr5,rmats,1014,GO_Molecular_Function_2023
Ubiquitin-Protein Transferase Activity (GO:0004842),39/412,0.020120784750230592,1.9960321715817695,17.716412749286334,MARCHF2;UHRF2;RNF14;RNF38;RNF19B;UBE3A;UBR1;BRCA1;KLHL13;UBE2J2;RNFT1;UBE2J1;RNF138;TRIM68;FBXO3;TRIM26;ARIH1;TRIM21;HACE1;UBE2B;FBXW11;FBXO17;HUWE1;WWP1;PJA2;CHFR;RNF146;TRAF7;UBE2W;ITCH;TTC3;MDM2;MDM4;BIRC6;RBCK1;BCOR;RNF141;TRIM33;TRIM11,Ubr5,rmats,1014,GO_Molecular_Function_2023
Microtubule Binding (GO:0008017),26/239,0.024259479664025228,2.319372374598468,19.634919531031375,CEP57;MACF1;FMR1;KIF15;SPAST;RACGAP1;NUSAP1;TOGARAM1;KIF21A;MAP4;DLGAP5;CLASP1;FBXW11;MTUS1;MACO1;HAUS6;TERF1;EML3;EML4;CAMSAP3;CLIP1;KIF18B;TUBGCP3;KIF20B;GAPDH;MDM1,Ubr5,rmats,1014,GO_Molecular_Function_2023
DNA Repair (GO:0006281),36/291,0.002204139222752465,2.703861421869361,38.22635105488324,FMR1;PNKP;NUDT1;CIB1;BRCA1;HPF1;CHEK2;NSD2;POLI;KMT5B;POLE;NHEJ1;MUTYH;ZRANB3;UVRAG;CENPX;FANCM;UBE2B;KMT5C;ASCC1;USP3;ACTR5;XRCC3;ATRX;RECQL;HUWE1;RAD23A;CHD1L;FANCE;APTX;FANCG;WDR33;TICRR;RAD52;POLA1;TDP2,Ubr5,rmats,1014,GO_Biological_Process_2023
Protein Ubiquitination (GO:0016567),43/434,0.020784592986977424,2.1060498708057978,22.566461019573772,MARCHF2;UHRF2;RNF14;RNF38;RNF19B;UBE3A;UBR1;BRCA1;KLHL13;UBE2J2;DDA1;RNFT1;UBE2J1;TNKS2;RNF138;RUSC1;ZSWIM8;TRIM68;TRIM26;ARIH1;TRIM21;HACE1;FBXW5;UBE2B;FBXW11;HUWE1;WWP1;FANCE;FANCG;PJA2;CHFR;RNF146;TRAF7;UBE2W;UBOX5;ITCH;MDM2;MDM4;BIRC6;RBCK1;RNF141;TRIM33;TRIM11,Ubr5,rmats,1014,GO_Biological_Process_2023
Positive Regulation Of Cell Cycle Process (GO:0090068),18/118,0.020784592986977424,3.413132530120482,35.889855105484536,PLK4;DDX11;INSR;CEP120;XRCC3;ATRX;WIZ;SIRT2;CDC14B;SPAST;DBF4;RACGAP1;CSPP1;NUSAP1;PKP4;NCAPD3;KIF20B;ECT2,Ubr5,rmats,1014,GO_Biological_Process_2023
DNA Metabolic Process (GO:0006259),32/288,0.020784592986977424,2.3841649694501017,25.051659669831565,MCM8;FMR1;PNKP;NUDT1;BRCA1;HPF1;ORC6;RUVBL2;ORC3;POLI;KMT5B;POLE;MUTYH;ZRANB3;TOP3B;UVRAG;TCF7L2;UBE2B;KMT5C;USP3;ACTR5;XRCC3;ATRX;RECQL;LTO1;CHD1L;TERF1;UCHL5;FANCG;TICRR;RAD52;POLA1,Ubr5,rmats,1014,GO_Biological_Process_2023
Mitotic Sister Chromatid Segregation (GO:0000070),17/111,0.022372747896586418,3.4269190550374526,34.480295649807566,AKAP8L;SPICE1;EML3;EML4;WRAP73;STAG1;KIF18B;STAG2;CENPI;CHEK2;NUSAP1;CHMP2A;NCAPD3;PIBF1;DLGAP5;CLASP1;DIS3L2,Ubr5,rmats,1014,GO_Biological_Process_2023
Protein Autoubiquitination (GO:0051865),13/71,0.022372747896586418,4.238244514106583,41.90390259362254,UHRF2;UBE2B;RNF19B;UBE3A;BRCA1;RNFT1;RNF146;ITCH;TRIM68;MDM2;TRIM21;RNF141;TRIM11,Ubr5,rmats,1014,GO_Biological_Process_2023
Histone Modification (GO:0016570),14/81,0.022372747896586418,3.953223880597015,39.03520785935267,MEAF6;UBE2B;USP3;SIRT2;MBTD1;ING3;MRGBP;RUVBL2;BRMS1L;TADA3;EP300;TBL1X;MTA3;KAT14,Ubr5,rmats,1014,GO_Biological_Process_2023
Regulation Of Cell Division (GO:0051302),14/83,0.025843586827962266,3.8382318840579712,36.833675686699046,UVRAG;CIB1;KLHL13;MLLT3;SIRT2;TLE6;KIF18B;ZZZ3;CSPP1;TADA3;BIRC6;ENTR1;KAT14;FGFR2,Ubr5,rmats,1014,GO_Biological_Process_2023
Internal Peptidyl-Lysine Acetylation (GO:0018393),9/39,0.031297621346973774,5.6585074626865675,51.36795486352022,MBTD1;ATAT1;ING3;MRGBP;MEAF6;RUVBL2;TADA3;EP300;KAT14,Ubr5,rmats,1014,GO_Biological_Process_2023
Negative Regulation Of Intracellular Steroid Hormone Receptor Signaling Pathway (GO:0033144),8/31,0.031297621346973774,6.556487163972686,59.30808725631798,NCOR2;DAB2;NCOR1;CNOT2;BRCA1;ISL1;STRN3;FOXP1,Ubr5,rmats,1014,GO_Biological_Process_2023
tRNA Modification (GO:0006400),12/67,0.031297621346973774,4.122155688622755,37.13080513542604,DTWD2;QTRT2;AARS2;ANKRD16;PUS1;TYW3;THUMPD2;TPRKB;CDKAL1;PUSL1;TRIT1;GTPBP3,Ubr5,rmats,1014,GO_Biological_Process_2023
Double-Strand Break Repair (GO:0006302),21/168,0.031297621346973774,2.7102575169040426,24.389847590257055,MCM8;ACTR5;PNKP;NSMCE2;XRCC3;RECQL;CIB1;BRCA1;SPIDR;RAD54B;MBTD1;RAD52;POLA1;HPF1;TDP2;RNF138;CHEK2;NSD2;ZSWIM7;AP5S1;NHEJ1,Ubr5,rmats,1014,GO_Biological_Process_2023
DNA Damage Response (GO:0006974),37/384,0.031297621346973774,2.0342311197897462,17.997277672474304,MCM8;FMR1;PNKP;NUDT1;HTRA2;CIB1;BRCA1;BCLAF1;HPF1;CHEK2;TLK2;POLI;SUSD6;KMT5B;BID;MAP2K6;MUTYH;ZRANB3;UVRAG;UBE2B;NCOA6;KMT5C;DDX11;USP3;XRCC3;ATRX;RECQL;CHD1L;ZDHHC16;USP28;SPIDR;FANCG;MAPK12;FOXP1;TICRR;POLA1;CEP63,Ubr5,rmats,1014,GO_Biological_Process_2023
Protein Phosphorylation (GO:0006468),45/500,0.031297621346973774,1.8913686932262783,16.729962425244366,PRKAA1;PKDCC;CCNT1;CAB39;SRC;STK19;IKBKB;CHEK2;TLK2;TLK1;ERC1;MARK2;PLK4;SMAD2;UVRAG;TBP;CHUK;STRADA;INSR;LIMK2;MINK1;CSNK1D;VRK3;ATG13;PRKAB1;PTK2;ACVR2A;MAPK12;SRPK1;CLK2;BCKDK;ILF3;CREB1;TYRO3;FAM20B;TAF8;TAF4B;COQ8B;BIRC6;TRIB2;FGFR3;FGFR2;CAMK1G;TAF2;FGFR1,Ubr5,rmats,1014,GO_Biological_Process_2023
Proteasome-Mediated Ubiquitin-Dependent Protein Catabolic Process (GO:0043161),32/319,0.0388645418840478,2.1231221215325333,18.1736986861443,FAF2;RHOBTB3;UBR1;UBE2J2;UBE2J1;ECPAS;FBXL20;AMN1;ERLEC1;ZSWIM8;FBXO3;UBXN7;TBL1X;ANKZF1;FBXW5;UBE2B;FBXW11;FBXL19;FBXO17;WWP1;RAD23A;ARMC8;SIRT2;PJA2;FBXL12;SPSB3;UBE2W;ITCH;MDM2;RBCK1;MAN1B1;FAM8A1,Ubr5,rmats,1014,GO_Biological_Process_2023
Spindle Assembly (GO:0051225),13/81,0.0390816927052245,3.613063407181054,30.674123892877162,SPICE1;HAUS3;CSNK1D;HAUS6;WRAP73;STAG1;NCOR1;STAG2;CHEK2;TUBGCP3;CEP63;PIBF1;CLASP1,Ubr5,rmats,1014,GO_Biological_Process_2023
Positive Regulation Of Cell Division (GO:0051781),9/43,0.04290289571432915,4.991747146619842,41.339363152315165,SPAST;RACGAP1;CSPP1;PKP4;ECT2;KIF20B;SIRT2;FGFR2;CDC14B,Ubr5,rmats,1014,GO_Biological_Process_2023
Regulation Of Embryonic Development (GO:0045995),11/62,0.04290289571432915,4.071804195257365,33.70930512904507,ZZZ3;RACGAP1;RUVBL2;ACTR5;INSR;TADA3;PHLDB2;TLE6;UCHL5;CLASP1;KAT14,Ubr5,rmats,1014,GO_Biological_Process_2023
Regulation Of Chromatin Organization (GO:1902275),7/27,0.04659095744784141,6.591956305858987,53.33477359367573,SETD5;KANSL1;PHF20;TLK2;TLK1;MLLT3;MSL1,Ubr5,rmats,1014,GO_Biological_Process_2023
Regulation Of Androgen Receptor Signaling Pathway (GO:0060765),7/27,0.04659095744784141,6.591956305858987,53.33477359367573,NCOR2;NCOR1;RNF14;SAFB2;TRIM68;EP300;FOXP1,Ubr5,rmats,1014,GO_Biological_Process_2023
Intracellular Membrane-Bounded Organelle (GO:0043231),345/5175,6.109225039962874e-7,1.5114243006619688,30.266760448518077,PANK2;TFRC;HDAC10;EHMT2;ITSN1;PPAN;NUDT1;RBPJ;GABPB1;GPATCH8;CHEK2;SPATA24;FAM53C;ANKFY1;FAM53A;CCNL2;TRIM21;ESCO1;DDX11;SLC35C2;NSMCE2;CIRBP;RECQL;MTUS1;CSNK1D;RFX1;ARMC8;ESCO2;ISL1;PRKAB1;EML3;NISCH;BIN1;TYRO3;SRFBP1;KIF20B;TRIB2;BLZF1;MEAF6;SRCAP;COPS7B;SDR39U1;BAZ2B;UBE2J2;GMCL1;UBE2J1;MTDH;FXR1;DHX30;DGUOK;SPAST;RACGAP1;DHX33;ZSCAN10;DPH3;PUSL1;NHEJ1;KAT14;SEC31A;CTSA;HACE1;PHC1;SETDB1;TIPARP;XRCC3;RAB3IP;UPF3B;TMEM192;MEMO1;NTAN1;PBX1;PTK2;SRPK1;MLLT10;POLA1;FIBP;STAG1;EIF5;STAG2;TDP2;GOLGB1;GTF2IRD1;CDIN1;HNRNPC;PKIG;CUTC;CEP57;RPAIN;SUV39H2;SETD5;SLC35F6;SETD6;OTUD7B;ZBTB8OS;MIA3;BRCA1;MED15;N4BP2L2;ING1;SMG6;MED14;ING3;ZMYM2;CTSH;UBXN7;ARIH1;GPRASP1;DLGAP5;GABPA;APPL1;TOP3B;PBRM1;NCOA6;STRADA;ACAD9;TFE3;TERF1;SIRT2;UCHL5;SIRT3;WDR33;GAK;NCOR2;MED22;NCOR1;MTF2;G2E3;MYRF;AKAP8;CENPA;ECPAS;RAD54B;GGA1;SCAF8;BCLAF1;RNF138;HSF1;NSD2;USP1;APBB2;TBL1X;APBB3;SRSF11;EXOSC1;NKTR;EVC2;SUZ12;MYEF2;PCGF5;PCGF2;YLPM1;HUWE1;APTX;RNF146;CENPF;SEC23IP;ITCH;SNX15;TTC3;NBR1;ZYX;CEP43;EEF1AKMT2;CRTC2;DGKD;CCNT1;GEMIN2;FMR1;PRDM5;CTNND1;UBP1;STK19;ARID4B;CIB1;RPL10A;VIRMA;CDC14B;PPP1CC;RUVBL2;EP300;KPNA4;KMT5B;TRAPPC14;TLE1;KMT5C;FBXW11;USP3;PUS1;APLP2;IPMK;TSC2;CHD1L;CDYL;VRK3;CFAP410;GTF2F2;THOC7;TLE6;FOXP1;CLIP1;ILF3;DMTF1;PKP4;ISCU;KMT2E;KMT2D;RAB5B;ANKRD16;ANKRD11;ARHGAP19;HTRA2;HMBOX1;DEAF1;SAFB2;CAMTA1;TBC1D14;ECT2;ZC3H13;PIBF1;ZC3H14;BPTF;OSBPL9;SMAD2;UBE2B;BRPF3;VTA1;LTO1;MACO1;FANCE;CLK2;UBE2W;UBOX5;DAB2;DLG1;KIF18B;CNOT2;TADA3;MDM2;UBA3;TAF4B;MDM4;TCF3;MYD88;FGFR2;MDM1;PICALM;FGFR1;ARHGAP11A;KDM5C;NXT1;ABCD3;RNF14;MCM8;AKAP8L;CEP164;USP34;UFSP2;RESF1;SENP6;HPF1;DBP;AP1G1;PPP6R3;TRIM68;TLK2;TLK1;POLE;RBM5;ILKAP;KDM6A;SUN1;TBP;ACTR5;ATRX;PPP2R5B;RAD23A;TRNAU1AP;MSL1;EPN2;METTL22;TRAF7;ELF2;CREB1;PKM;TFDP2;SLC25A19;THRAP3;ESRP1;DNAJC5;TMBIM1;BIRC6;GAPDH;ITGB3BP;LAMA5;VAC14;PRKAA1;UHRF2;DDX25;PNKP;RNF38;MOSPD1;WIZ;MLLT3;CLCN3;UACA;CECR2;GANAB;TNKS2;FAM241B;RSBN1L;ATXN1L;IGF2BP1;BNIP2;E2F6;MTA3;SMNDC1;MUTYH;TCF7L2;TAF15;ASCC1;B3GAT3;SWT1;LIMK2;TPRKB;MCOLN1;PTPN13;USP28;USF2;CHFR;MAPK12;TICRR;RAD52;WEE1;CLCN4;KANSL1;BRMS1L;DOLPP1;TAF8;ACIN1;RGS12;FAM98A;BCOR;TRIM33;TAF2;TNRC6A,Ubr5,rmats,1014,GO_Cellular_Component_2023
Mitotic Spindle (GO:0072686),26/143,1.92737338392055e-6,4.244039586144849,77.17036041753288,EPB41;CDC14B;RACGAP1;NUSAP1;TRAPPC14;MAP4;TBL1X;ECT2;KAT14;DLGAP5;CLASP1;IQCB1;LIMK2;HAUS3;HAUS6;SIRT2;EML3;EML4;ATAT1;WRAP73;KIF18B;ZZZ3;NCOR1;TFDP2;TADA3;PKP4,Ubr5,rmats,1014,GO_Cellular_Component_2023
Nucleus (GO:0005634),301/4487,2.2541096599141672e-6,1.4925863209295125,26.30111865159354,PANK2;HDAC10;EHMT2;PPAN;NUDT1;RBPJ;GABPB1;GPATCH8;CHEK2;SPATA24;FAM53C;FAM53A;CCNL2;TRIM21;ESCO1;DDX11;NSMCE2;CIRBP;RECQL;MTUS1;CSNK1D;ARMC8;ESCO2;ISL1;PRKAB1;EML3;BIN1;TYRO3;SRFBP1;KIF20B;TRIB2;BLZF1;MEAF6;SRCAP;COPS7B;SDR39U1;BAZ2B;UBE2J2;GMCL1;UBE2J1;MTDH;FXR1;DHX30;DGUOK;SPAST;RACGAP1;DHX33;ZSCAN10;DPH3;NHEJ1;KAT14;HACE1;PHC1;SETDB1;TIPARP;INSR;XRCC3;RAB3IP;UPF3B;TMEM192;MEMO1;NTAN1;PBX1;PTK2;SRPK1;MLLT10;POLA1;FIBP;STAG1;EIF5;STAG2;TDP2;GTF2IRD1;CDIN1;HNRNPC;PKIG;CUTC;CEP57;RPAIN;SUV39H2;SETD5;SETD6;OTUD7B;ZBTB8OS;BRCA1;MED15;N4BP2L2;ING1;SMG6;MED14;ING3;ZMYM2;UBXN7;ARIH1;GPRASP1;DLGAP5;GABPA;APPL1;TOP3B;PBRM1;NCOA6;STRADA;ACAD9;TFE3;TERF1;SIRT2;UCHL5;SIRT3;WDR33;NCOR2;MED22;NCOR1;MTF2;G2E3;MYRF;AKAP8;CENPA;ECPAS;RAD54B;SCAF8;BCLAF1;RNF138;HSF1;NSD2;USP1;APBB2;TBL1X;APBB3;SRSF11;EXOSC1;NKTR;EVC2;SUZ12;MYEF2;PCGF5;PCGF2;YLPM1;HUWE1;APTX;RNF146;CENPF;TTC3;ZYX;CEP43;EEF1AKMT2;CRTC2;DGKD;CCNT1;GEMIN2;FMR1;PRDM5;CTNND1;UBP1;STK19;ARID4B;CIB1;RPL10A;VIRMA;CDC14B;PPP1CC;RUVBL2;EP300;KPNA4;KMT5B;TLE1;KMT5C;FBXW11;USP3;PUS1;APLP2;IPMK;TSC2;CHD1L;CDYL;VRK3;GTF2F2;THOC7;TLE6;FOXP1;CLIP1;ILF3;DMTF1;PKP4;ISCU;KMT2E;KMT2D;ANKRD16;ANKRD11;HTRA2;HMBOX1;DEAF1;SAFB2;CAMTA1;ECT2;ZC3H13;PIBF1;ZC3H14;BPTF;SMAD2;UBE2B;BRPF3;LTO1;MACO1;FANCE;CLK2;UBE2W;UBOX5;DLG1;KIF18B;CNOT2;TADA3;MDM2;UBA3;TAF4B;MDM4;TCF3;MYD88;FGFR2;MDM1;PICALM;FGFR1;ARHGAP11A;KDM5C;NXT1;RNF14;MCM8;AKAP8L;USP34;UFSP2;RESF1;SENP6;HPF1;DBP;PPP6R3;TRIM68;TLK2;TLK1;POLE;RBM5;ILKAP;KDM6A;TBP;ACTR5;ATRX;PPP2R5B;RAD23A;TRNAU1AP;MSL1;METTL22;ELF2;CREB1;PKM;TFDP2;SLC25A19;THRAP3;ESRP1;BIRC6;GAPDH;ITGB3BP;LAMA5;PRKAA1;UHRF2;DDX25;PNKP;RNF38;MOSPD1;WIZ;MLLT3;UACA;CECR2;TNKS2;RSBN1L;ATXN1L;IGF2BP1;E2F6;MTA3;SMNDC1;MUTYH;TCF7L2;TAF15;ASCC1;SWT1;LIMK2;TPRKB;PTPN13;USP28;USF2;CHFR;MAPK12;TICRR;RAD52;WEE1;KANSL1;BRMS1L;TAF8;ACIN1;RGS12;FAM98A;BCOR;TRIM33;TAF2,Ubr5,rmats,1014,GO_Cellular_Component_2023
Spindle (GO:0005819),29/210,6.980759405971841e-5,3.058838376756317,42.51938621159525,EPB41;CDC14B;RACGAP1;CSPP1;NUSAP1;TRAPPC14;MAP4;TBL1X;ECT2;KAT14;DLGAP5;CLASP1;IQCB1;LIMK2;SPICE1;HAUS3;CSNK1D;SIRT2;EML3;EML4;ATAT1;WRAP73;CENPF;ZZZ3;NCOR1;TFDP2;TADA3;PKP4;TUBGCP3,Ubr5,rmats,1014,GO_Cellular_Component_2023
Intracellular Non-Membrane-Bounded Organelle (GO:0043232),90/1195,0.006145704610590082,1.5761591349826645,14.500020444776249,CCNT1;TMEM179B;GEMIN2;FMR1;SPPL2B;PRDM5;FAF2;HJURP;BRCA1;RBPJ;ZFYVE1;TENT4B;SMG6;CDC14B;PPP1CC;EPB41L4A;CSPP1;SH3PXD2B;TRIM68;NUSAP1;SPG11;ESCO1;DDX11;SPICE1;RECQL;MTUS1;CSNK1D;ESCO2;CDYL;TERF1;ZFX;DDX50;SIRT2;UCHL5;EML3;METTL22;TRAF7;ILF3;SHQ1;BIN1;TUT1;PKP4;WDFY3;KIF20B;LDAH;GAPDH;KANK1;MACF1;MEAF6;EPB41;PNKP;AKAP8;HTRA2;FXR1;SYCE2;TCOF1;RACGAP1;DHX33;CALD1;EPB41L3;ATXN1L;CAMTA1;BNIP2;UTP20;ZC3H14;EXOSC1;DEDD;PLK4;SUZ12;TAF15;KRR1;UPF3B;FANCE;APTX;PTK2;FANCG;POLA1;CENPF;STAG1;WEE1;ZZZ3;STAG2;SNX15;TTC3;MDM2;TUBGCP3;RGS12;ZCCHC4;EIF4G3;CUTC,Ubr5,rmats,1014,GO_Cellular_Component_2023
Nuclear Lumen (GO:0031981),62/780,0.01557375467410723,1.6569953886847217,13.40084483168927,CCNT1;TMEM179B;GEMIN2;FMR1;SPPL2B;PRDM5;HJURP;RBPJ;TENT4B;SMG6;CDC14B;PPP1CC;TRIM68;NUSAP1;SPG11;PBRM1;DDX11;MTUS1;TERF1;ZFX;DDX50;SPIDR;SIRT2;UCHL5;METTL22;TRAF7;ILF3;SHQ1;TUT1;WDFY3;KIF20B;MEAF6;PNKP;AKAP8;FXR1;TCOF1;DHX33;ATXN1L;CAMTA1;BNIP2;UTP20;ZC3H14;EXOSC1;DEDD;PLK4;SUZ12;TAF15;KRR1;INSR;UPF3B;APTX;FANCG;POLA1;WEE1;STAG2;ZZZ3;SNX15;TTC3;MDM2;RGS12;ZCCHC4;CUTC,Ubr5,rmats,1014,GO_Cellular_Component_2023
Microtubule Cytoskeleton (GO:0015630),32/342,0.028367792816523303,1.9631824453058275,14.397230874887336,CEP57;MACF1;SLAIN2;KIF15;SPAST;RACGAP1;RUSC1;CSPP1;DBT;TCP11L1;TOGARAM1;KIF21A;MAP4;CLASP1;IQCB1;RBM39;MTUS1;SPICE1;CSNK1D;TUBE1;GTF2F2;SIRT2;EML3;EML4;NISCH;CENPF;CLIP1;DLG1;TBCE;TUBGCP3;KIF20B;GAPDH,Ubr5,rmats,1014,GO_Cellular_Component_2023
Nucleolus (GO:0005730),59/771,0.04102110411540715,1.5856315077357492,10.831852800543325,CCNT1;TMEM179B;GEMIN2;FMR1;SPPL2B;PRDM5;HJURP;RBPJ;TENT4B;SMG6;CDC14B;PPP1CC;TRIM68;NUSAP1;SPG11;DDX11;MTUS1;TERF1;ZFX;DDX50;SIRT2;UCHL5;METTL22;TRAF7;ILF3;SHQ1;TUT1;WDFY3;KIF20B;MEAF6;PNKP;AKAP8;FXR1;TCOF1;DHX33;ATXN1L;CAMTA1;BNIP2;UTP20;ZC3H14;EXOSC1;DEDD;PLK4;SUZ12;TAF15;KRR1;UPF3B;APTX;FANCG;POLA1;WEE1;STAG2;ZZZ3;SNX15;TTC3;MDM2;RGS12;ZCCHC4;CUTC,Ubr5,rmats,1014,GO_Cellular_Component_2023
mRNA Processing WP310,47/444,4.381482260646498e-4,2.2061040130294476,27.814891662820166,EIF4A2;RBM25;RBM47;STAU1;DDX25;SFSWAP;FMR1;ADAR;BRCA1;VIRMA;RNASET2B;HNRNPDL;PAPOLA;SAFB2;RBM5;ILKAP;SRPK2;TTC14;RBM39;MBNL1;TIA1;RNGTT;MYEF2;RBPMS;ZFP638;SECISBP2;PABPC4;RBM18;RBM19;ADAT1;LSM1;PRPF40B;PRPF4B;RSRC2;PUM1;CLK4;TARBP2;DNAJC17;PUM2;CLK2;CNOT4;CLK1;ILF3;SLTM;ESRP1;ACIN1;DNAJC8,Wt1,rmats,1043,WikiPathways_2024_Mouse
Mechanisms Associated With Pluripotency WP1763,30/290,0.01306105956568946,2.1296605664818893,17.389611530041343,HDAC4;ATF2;KDM3A;PTPRS;RIF1;EHMT2;JADE1;EHMT1;BRCA1;RBPJ;FGF5;KAT5;EP400;DNMT3B;SMARCAD1;KDM6A;SMAD1;PBRM1;TCF7L1;UBE2I;DNMT3A;TERF2;HCFC1;NR2F6;GATAD2A;CREB1;P4HA1;MTF2;EZH2;CERS2,Wt1,rmats,1043,WikiPathways_2024_Mouse
Mitochondrial Gene Expression WP1263,6/19,0.01306105956568946,8.431422001335212,68.4185027970753,MYEF2;CREB1;NRF1;PPRC1;GABPA;HCFC1,Wt1,rmats,1043,WikiPathways_2024_Mouse
EGFR1 Signaling Pathway WP572,20/175,0.02700431786982549,2.3715195661085358,16.839357600687883,USP6NL;MAP2K3;SHC1;SRC;CTNND1;INPPL1;CBLB;RFXANK;ASAP1;EPS15L1;PTPN12;EPN1;NRAS;ITCH;CREB1;ABI1;NCK2;EPS15;GIT1;APPL1,Wt1,rmats,1043,WikiPathways_2024_Mouse
Transcriptional Regulation By TP53 R-HSA-3700989,44/354,9.83698261381823e-5,2.6493202880299656,43.14636523388534,BLM;PRKAA1;CCNT2;CCNT1;EHMT2;MAPKAP1;EHMT1;PRKAG2;BRCA1;PRDX5;STK11;KAT5;CHEK1;SESN2;RBBP8;NELFB;RICTOR;KMT5A;BID;RFFL;ATRIP;BANP;MAP2K6;E2F8;SURF1;TBP;BRPF3;TSC2;TNFRSF10B;CNOT10;MLH1;PRKAB1;GATAD2A;CNOT4;TFDP2;CNOT2;CARM1;AGO2;MDM4;TAF2;TNRC6A;RHNO1;RAD9A;TAF1,Wt1,rmats,1043,Reactome_2022
Regulation Of TP53 Activity R-HSA-5633007,26/157,9.83698261381823e-5,3.674000015011972,57.51306677991182,BLM;PRKAA1;EHMT2;MAPKAP1;EHMT1;PRKAG2;BRCA1;STK11;KAT5;CHEK1;RBBP8;RICTOR;KMT5A;RFFL;ATRIP;BANP;MAP2K6;TBP;BRPF3;PRKAB1;GATAD2A;MDM4;TAF2;RHNO1;RAD9A;TAF1,Wt1,rmats,1043,Reactome_2022
Organelle Biogenesis And Maintenance R-HSA-1852241,36/275,1.4045972153629708e-4,2.799848757442671,41.57858216380253,CEP57;CRTC2;CEP164;PRKAG2;ASAP1;NRF1;PCM1;HAUS8;PRKAR2B;INPP5E;NPHP1;TBL1X;IFT57;BBS5;GABPA;CLASP1;CDK5RAP2;IQCB1;IFT122;HAUS6;PPRC1;PRKAB1;WDR35;LZTFL1;HAUS2;MAPK12;HCFC1;SIRT3;ATAT1;NCOR1;CREB1;IFT81;CARM1;AKAP9;EXOC4;CEP63,Wt1,rmats,1043,Reactome_2022
Cell Cycle R-HSA-1640170,65/654,1.4045972153629708e-4,2.0726266487513065,30.27017290967382,CEP57;CEP164;BRCA1;FOXM1;PPP1CC;PCM1;KAT5;MIS18BP1;PPP6R3;CHEK1;KMT5A;BTRC;EMD;POLE;CDK5RAP2;TMPO;NUP214;SUN1;PPP1R12A;ESCO1;FBXW11;TINF2;PPP2R5B;VRK1;HAUS6;KIF23;TERF2;HAUS2;DYNC1LI2;CLIP1;MAU2;SHQ1;TFDP2;AKAP9;UBE2V2;CEP63;ITGB3BP;RHNO1;MCPH1;BLM;ANAPC16;SRC;PDS5B;CENPA;SKA1;SYCE2;ORC6;HAUS8;PRKAR2B;RBBP8;LRIG1;ATRIP;CLASP1;CENPT;CENPU;UBE2I;CENPX;CDC7;MLH1;MZT1;WEE1;NUP35;MDM4;NCAPD3;RAD9A,Wt1,rmats,1043,Reactome_2022
Chromatin Modifying Enzymes R-HSA-3247509,32/238,2.1456011500521876e-4,2.881084766596564,40.21397103270192,SUV39H2;SETD2;KDM3A;EHMT2;SETD6;JADE1;EHMT1;PHF21A;KAT5;EP400;KMT5B;TBL1X;KMT5A;MTA3;KAT14;KDM6A;ATF7IP;PBRM1;KMT5C;BRPF3;MCRS1;DNMT3A;HCFC1;GATAD2A;MSL1;TAF6L;ZZZ3;NCOR1;CARM1;KANSL3;TADA3;EZH2,Wt1,rmats,1043,Reactome_2022
Membrane Trafficking R-HSA-199991,58/599,8.832870491197304e-4,2.004424969740188,24.775785497436928,USP6NL;APP;MCFD2;TFRC;PRKAG2;GCC2;MIA3;PIK3C2A;CLINT1;SLC2A8;GOLGA4;AP1G1;PPP6R3;RAB8B;ACTR2;COG7;COG6;DENND2A;AP1B1;COG2;TSC2;RAB3IL1;KIF23;EPS15L1;PRKAB1;ARFGAP1;EPN1;EPN2;RINT1;DYNC1LI2;EXOC4;RIN3;ULK1;KIF20B;SRC;GOSR2;KLC1;ARFRP1;GGA1;CYTH2;RACGAP1;VPS53;PACSIN2;PACSIN3;AP4S1;PIP5K1C;EPS15;SEC31A;SEC24B;ANKRD27;STAM;PUM1;DAB2;RAB13;RAB3GAP2;COPG2;VPS45;SEC24C,Wt1,rmats,1043,Reactome_2022
Signaling By EGFR R-HSA-177929,12/49,0.0010309562914193964,5.951713109812043,71.72887208205087,NRAS;SHC1;SRC;LRIG1;ADAM10;PTPRK;EPS15L1;PTPN12;STAM;ARHGEF7;EPS15;EPN1,Wt1,rmats,1043,Reactome_2022
Signaling By Rho GTPases R-HSA-194315,60/644,0.001445635595997884,1.9202817765019022,22.159130198534374,TFRC;FAM13B;DOCK7;ARHGAP1;LRRC1;PPP1CC;AKAP13;SYDE1;BAIAP2L1;NCK2;FLOT1;EMD;GIT1;TMPO;ACTR2;PPP1R12A;STARD8;PRKCD;ARHGEF16;PPP2R5B;FRS2;KCTD3;NISCH;ALDH3A2;DYNC1LI2;CLIP1;ARHGEF7;ITGB3BP;GARRE1;SRC;ARHGAP17;KLC1;CENPA;UACA;SKA1;TOR1AIP1;ABR;RACGAP1;STK38;PLXNA1;CLASP1;CENPT;CENPU;ACBD5;LIMK2;MYO9B;MACO1;STAM;PTPN13;PTK2;KTN1;WDR11;NSFL1C;CCDC88A;FAM135A;SHKBP1;DLG5;ABI1;NF2;CDC42SE2,Wt1,rmats,1043,Reactome_2022
"Signaling By Rho GTPases, Miro GTPases And RHOBTB3 R-HSA-9716542",61/660,0.001445635595997884,1.9037805711487918,21.821943898681134,TFRC;FAM13B;DOCK7;ARHGAP1;LRRC1;PPP1CC;AKAP13;SYDE1;BAIAP2L1;NCK2;FLOT1;EMD;GIT1;TMPO;ACTR2;PPP1R12A;STARD8;PRKCD;ARHGEF16;PPP2R5B;FRS2;KCTD3;NISCH;ALDH3A2;DYNC1LI2;CLIP1;ARHGEF7;ITGB3BP;GARRE1;SRC;ARHGAP17;KLC1;CENPA;UACA;SKA1;TOR1AIP1;ABR;RHOT1;RACGAP1;STK38;PLXNA1;CLASP1;CENPT;CENPU;ACBD5;LIMK2;MYO9B;MACO1;STAM;PTPN13;PTK2;KTN1;WDR11;NSFL1C;CCDC88A;FAM135A;SHKBP1;DLG5;ABI1;NF2;CDC42SE2,Wt1,rmats,1043,Reactome_2022
Vesicle-mediated Transport R-HSA-5653656,59/637,0.0016869127298320076,1.9065620868146398,21.34208307826572,USP6NL;APP;SCARB1;MCFD2;TFRC;PRKAG2;GCC2;MIA3;PIK3C2A;CLINT1;SLC2A8;GOLGA4;AP1G1;PPP6R3;RAB8B;ACTR2;COG7;COG6;DENND2A;AP1B1;COG2;TSC2;RAB3IL1;KIF23;EPS15L1;PRKAB1;ARFGAP1;EPN1;EPN2;RINT1;DYNC1LI2;EXOC4;RIN3;ULK1;KIF20B;SRC;GOSR2;KLC1;ARFRP1;GGA1;CYTH2;RACGAP1;VPS53;PACSIN2;PACSIN3;AP4S1;PIP5K1C;EPS15;SEC31A;SEC24B;ANKRD27;STAM;PUM1;DAB2;RAB13;RAB3GAP2;COPG2;VPS45;SEC24C,Wt1,rmats,1043,Reactome_2022
Regulation Of TP53 Activity Thru Phosphorylation R-HSA-6804756,16/90,0.0016869127298320076,3.975473038764178,44.15718635445673,BLM;PRKAA1;TBP;PRKAG2;BRCA1;PRKAB1;STK11;KAT5;CHEK1;RBBP8;MDM4;ATRIP;TAF2;RHNO1;RAD9A;TAF1,Wt1,rmats,1043,Reactome_2022
Signaling By MET R-HSA-6806834,13/63,0.0018536095677652346,4.7726407766990295,52.14662789903699,LAMA5;SHC1;SRC;DOCK7;HPN;LAMB1;STAM;PTK2;NRAS;SPINT1;LRIG1;RANBP10;EPS15,Wt1,rmats,1043,Reactome_2022
DNA Repair R-HSA-73894,34/310,0.0034292066038144704,2.2807558064377127,23.334233320594628,BLM;MPG;PNKP;BRCA1;KAT5;CHEK1;USP1;LRIG1;RBBP8;ATRIP;POLE;RNF111;UBE2I;CENPX;UBE2B;MGMT;ASCC1;EYA2;MCRS1;ACTR5;TINF2;XRCC3;REV1;RAD23A;CHD1L;MLH1;FANCE;TERF2;FANCG;TDP2;UBE2V2;DTL;RHNO1;RAD9A,Wt1,rmats,1043,Reactome_2022
Transcriptional Regulation By E2F6 R-HSA-8953750,9/34,0.003912802813815285,6.5914119922630565,66.07816943884184,TFDP2;EHMT2;CHEK1;RBBP8;EHMT1;CDC7;BRCA1;YAF2;EZH2,Wt1,rmats,1043,Reactome_2022
Diseases Of Signal Transduction By Growth Factor Receptors And Second Messengers R-HSA-5663202,42/424,0.00435270817684897,2.0402372496613332,20.095013263417798,HDAC4;KANK1;HDAC5;SHC1;SRC;MAPKAP1;CCNC;GCC2;RRBP1;RBPJ;KLC1;HDAC7;FGF5;PPP1CC;NRAS;PORCN;GOLGA4;FGF8;MPRIP;FIP1L1;FGFR1OP2;RICTOR;TBL1X;LRRFIP1;ATG7;MARK3;SEC31A;TCF7L2;CHUK;PPP2R5B;ADAM10;TSC2;FRS2;PTPN12;NR4A1;PPFIBP1;NCOR1;CREB1;ESRP1;AKAP9;RPS6KB2;FGFR2,Wt1,rmats,1043,Reactome_2022
RHO GTPase Cycle R-HSA-9012999,43/441,0.004816374923779613,2.005118090452261,19.416740235394304,TFRC;FAM13B;GARRE1;SRC;DOCK7;ARHGAP1;ARHGAP17;UACA;TOR1AIP1;LRRC1;ABR;AKAP13;SYDE1;BAIAP2L1;RACGAP1;STK38;NCK2;FLOT1;PLXNA1;EMD;GIT1;TMPO;ACBD5;STARD8;ARHGEF16;FRS2;MYO9B;MACO1;STAM;KCTD3;PTPN13;KTN1;WDR11;NISCH;ALDH3A2;NSFL1C;CCDC88A;FAM135A;SHKBP1;DLG5;ABI1;ARHGEF7;CDC42SE2,Wt1,rmats,1043,Reactome_2022
Antigen Processing: Ubiquitination And Proteasome Degradation R-HSA-983168,33/307,0.0050460278400333534,2.227863698778637,21.334880373059626,RNF14;MGRN1;LRR1;LTN1;CBLB;UBR1;UBE2J2;UBE2J1;ZNRF1;RNF115;HERC1;RNF138;UBE2Q2;ARIH2;BTRC;ATG7;RNF111;FBXO9;UBE2F;HACE1;UBE2B;FBXW11;FBXL19;WWP1;PJA2;RNF41;FBXL12;TRAF7;ITCH;UBOX5;UBE2V2;TRIP12;FBXL5,Wt1,rmats,1043,Reactome_2022
PI Metabolism R-HSA-1483255,14/82,0.005506696216921743,3.779311724689876,35.64595060221616,PI4K2B;VAC14;MTMR3;MTMR14;INPPL1;PLEKHA5;PLEKHA6;PIK3C2A;MTMR4;PTPN13;MTMR7;INPP5E;PIP5K1C;PI4KB,Wt1,rmats,1043,Reactome_2022
Energy Dependent Regulation Of mTOR By LKB1-AMPK R-HSA-380972,8/29,0.005573894351731944,6.9697722567287785,65.27656391114525,PRKAA1;STK11;CAB39;CAB39L;STRADA;PRKAG2;TSC2;PRKAB1,Wt1,rmats,1043,Reactome_2022
Cilium Assembly R-HSA-5617833,23/186,0.00669499452522813,2.599915794538674,23.740109873591788,CEP57;IQCB1;CEP164;IFT122;HAUS6;ASAP1;WDR35;LZTFL1;HAUS2;ATAT1;PCM1;HAUS8;IFT81;PRKAR2B;AKAP9;INPP5E;NPHP1;EXOC4;CEP63;IFT57;BBS5;CLASP1;CDK5RAP2,Wt1,rmats,1043,Reactome_2022
PKMTs Methylate Histone Lysines R-HSA-3214841,10/47,0.00743967014002918,4.950158289945318,44.436831919149654,ATF7IP;SUV39H2;SETD2;KMT5C;EHMT2;SETD6;EHMT1;KMT5B;KMT5A;EZH2,Wt1,rmats,1043,Reactome_2022
Regulation Of PLK1 Activity At G2/M Transition R-HSA-2565942,14/87,0.008699939437427874,3.5195228776442082,30.879734594504058,CEP57;PPP1R12A;FBXW11;CEP164;HAUS6;HAUS2;PCM1;HAUS8;PRKAR2B;AKAP9;CEP63;BTRC;CLASP1;CDK5RAP2,Wt1,rmats,1043,Reactome_2022
Class I MHC Mediated Antigen Processing And Presentation R-HSA-983169,37/378,0.009845382079431869,2.0078706645755964,17.27913843031252,RNF14;MGRN1;LRR1;LTN1;CBLB;UBR1;UBE2J2;UBE2J1;ZNRF1;RNF115;HERC1;RNF138;UBE2Q2;ARIH2;BTRC;ATG7;RNF111;FBXO9;SEC31A;UBE2F;SEC24B;HACE1;UBE2B;CHUK;FBXW11;FBXL19;WWP1;PJA2;RNF41;FBXL12;TRAF7;ITCH;UBOX5;UBE2V2;TRIP12;FBXL5;SEC24C,Wt1,rmats,1043,Reactome_2022
MTOR Signaling R-HSA-165159,9/41,0.010972742723411972,5.147636605415861,43.521885654988424,PRKAA1;STK11;CAB39;CAB39L;STRADA;PRKAG2;TSC2;PRKAB1;EIF4G1,Wt1,rmats,1043,Reactome_2022
Signal Transduction R-HSA-162582,166/2465,0.012865607589683244,1.3714891656329682,11.27698201647503,VPS29;APP;CCNT2;DGKD;TFRC;CCNT1;FAM13B;SPPL2B;CCNC;RBPJ;FGF5;PPP1CC;SYDE1;STK11;BAIAP2L1;FGF8;KAT5;CHEK1;BTRC;MAP3K7;RNF111;TMPO;TLE1;STARD8;PRKCD;ADAM10;TSC2;FRS2;KCTD3;PRKAB1;RNF41;NISCH;ALDH3A2;DYNC1LI2;CLIP1;SPINT1;SRFBP1;CSNK1G2;GARRE1;SHC1;MAPKAP1;HPN;ARHGAP17;MTMR4;KLC1;TOR1AIP1;RTN4;SKA1;ABR;PORCN;RHOT1;RACGAP1;IRAK1;PRKAR2B;STK38;PLXNA1;STAP2;PIP5K1C;RCE1;MARK3;ST3GAL3;SMAD1;TIA1;ZRANB1;ACBD5;PTCH1;TNFRSF10B;IFT122;MACO1;STAM;PTK2;NSFL1C;CCDC88A;NR4A1;FAM135A;DLG5;AGO2;RANBP10;NF2;DNAL4;FGFR2;EZH2;CDC42SE2;EIF4G1;GPSM1;FLT1;PTPRS;CAB39L;DOCK7;ARHGAP1;PRKAG2;PTPRK;LRRC1;AKAP13;NCK2;FLOT1;NELFB;IFT57;EMD;GIT1;ACTR2;SREBF1;PPP1R12A;TBP;CHUK;RIPK2;STRADA;ARHGEF16;PPP2R5B;EPS15L1;WDR35;EPN1;UCHL5;CREB1;NCOR1;TFDP2;ESRP1;NUMB;SPOPL;RARB;ARHGEF7;ITGB3BP;HDAC4;KANK1;LAMA5;HDAC5;PRKAA1;KDM3A;CAB39;SRC;CENPA;UACA;HDAC7;NRAS;NRIP1;LRIG1;RICTOR;TBL1X;EPS15;MTA3;CLASP1;SH2B1;CENPT;CENPU;TCF7L2;TCF7L1;LIMK2;WWP1;MYO9B;LAMB1;PTPN12;PTPN13;MAPK12;GATAD2A;VEGFA;WDR11;KTN1;RNF146;ITCH;SHKBP1;CARM1;ABI1;RPS6KB2;RGS12;LGR5;TNRC6A,Wt1,rmats,1043,Reactome_2022
Constitutive Signaling By AKT1 E17K In Cancer R-HSA-5674400,7/26,0.012865607589683244,6.734708392603129,55.04600270273761,NR4A1;CREB1;CHUK;MAPKAP1;RPS6KB2;TSC2;RICTOR,Wt1,rmats,1043,Reactome_2022
Mitotic Prometaphase R-HSA-68877,22/186,0.012865607589683244,2.4691598385131743,20.136709984902588,CEP57;CENPT;CENPU;CEP164;PPP2R5B;HAUS6;PDS5B;CENPA;SKA1;HAUS2;MZT1;PPP1CC;CLIP1;DYNC1LI2;PCM1;HAUS8;PRKAR2B;AKAP9;CEP63;ITGB3BP;CLASP1;CDK5RAP2,Wt1,rmats,1043,Reactome_2022
Transcriptional Activation Of Mitochondrial Biogenesis R-HSA-2151201,10/52,0.012865607589683244,4.359701286129166,35.29828050989745,CRTC2;CREB1;NCOR1;CARM1;NRF1;TBL1X;PPRC1;GABPA;HCFC1;SIRT3,Wt1,rmats,1043,Reactome_2022
Homologous DNA Pairing And Strand Exchange R-HSA-5693579,9/43,0.012865607589683244,4.8443224485151894,39.10552457554651,BLM;KAT5;CHEK1;XRCC3;RBBP8;BRCA1;ATRIP;RAD9A;RHNO1,Wt1,rmats,1043,Reactome_2022
RND2 GTPase Cycle R-HSA-9696270,9/43,0.012865607589683244,4.8443224485151894,39.10552457554651,ALDH3A2;NISCH;TFRC;DLG5;ARHGAP1;FRS2;PTPN13;LRRC1;KTN1,Wt1,rmats,1043,Reactome_2022
Gene Expression (Transcription) R-HSA-74160,105/1449,0.013732331394003592,1.4669676172707888,11.698273761681573,CCNT2;CCNT1;EHMT2;EHMT1;CCNC;RBPJ;STK11;IPO8;KAT5;SESN2;CHEK1;PAPOLA;KMT5A;RNF111;NUP214;TSC2;PRKAB1;THOC7;ZC3H11A;RHNO1;BLM;ANAPC16;MAPKAP1;RTF1;PRDX5;IRAK1;RPRD1B;ATRIP;NR2C2AP;MAP2K6;BANP;SMAD1;SURF1;UBE2I;BRPF3;TNFRSF10B;UPF3B;CNOT10;CDC7;NR2F6;CNOT4;NR4A1;CNOT2;AGO2;MDM4;EZH2;RAD9A;INTS14;PRKAG2;BRCA1;MED15;AFF4;SNAPC4;DNMT3B;NELFB;YAF2;SREBF1;PBRM1;TBP;DNMT3A;SIRT3;MED24;ELF2;CREB1;NCOR1;TFDP2;MED20;MTF2;RARB;HDAC4;HDAC5;PRKAA1;GTF3C4;GTF3C5;SRC;MLLT1;MLLT3;HDAC7;U2AF1L4;NRAS;TAF1D;FIP1L1;RBBP8;RICTOR;TBL1X;BID;RFFL;MTA3;E2F8;TCF7L2;TCF7L1;RNGTT;PCGF5;WWP1;MLH1;TARBP2;GATAD2A;VEGFA;ITCH;POLR3B;CARM1;NUP35;TAF2;TNRC6A;TAF1,Wt1,rmats,1043,Reactome_2022
"Cell Cycle, Mitotic R-HSA-69278",46/523,0.014863246608644753,1.7875008673820203,14.05614222372397,CEP57;ANAPC16;SRC;CEP164;PDS5B;FOXM1;CENPA;SKA1;PPP1CC;PCM1;ORC6;HAUS8;PRKAR2B;LRIG1;KMT5A;BTRC;EMD;POLE;CLASP1;CDK5RAP2;TMPO;NUP214;CENPT;CENPU;PPP1R12A;UBE2I;ESCO1;FBXW11;PPP2R5B;CDC7;VRK1;HAUS6;KIF23;MZT1;HAUS2;DYNC1LI2;CLIP1;MAU2;WEE1;TFDP2;AKAP9;NUP35;CEP63;NCAPD3;ITGB3BP;MCPH1,Wt1,rmats,1043,Reactome_2022
Diseases Associated With N-glycosylation Of Proteins R-HSA-3781860,6/20,0.015314210002162229,7.828764292602287,61.087150500237286,EGFL7;ALG14;ALG13;ALG3;MOGS;MPDU1,Wt1,rmats,1043,Reactome_2022
Mitochondrial tRNA Aminoacylation R-HSA-379726,6/21,0.019725955738115506,7.306460945033751,54.88081042806914,RARS2;SARS2;DARS2;TARS2;EARS2;FARS2,Wt1,rmats,1043,Reactome_2022
Phospholipid Metabolism R-HSA-1483257,23/208,0.019725955738115506,2.288055113937467,17.139629282375235,PI4K2B;VAC14;MTMR3;CHKA;TAFAZZIN;PNPLA8;MTMR14;PLEKHA5;INPPL1;PLEKHA6;MBOAT2;MTMR4;PIK3C2A;PTPN13;PLD3;SELENOI;MTMR7;PTDSS1;ACP6;INPP5E;CPNE1;PIP5K1C;PI4KB,Wt1,rmats,1043,Reactome_2022
Mitochondrial Biogenesis R-HSA-1592230,13/89,0.023704805899075233,3.135577414409811,22.82387710766076,CRTC2;PRKAG2;NRF1;PPRC1;PRKAB1;MAPK12;HCFC1;SIRT3;CREB1;NCOR1;CARM1;TBL1X;GABPA,Wt1,rmats,1043,Reactome_2022
Insertion Of Tail-Anchored Proteins Into Endoplasmic Reticulum Membrane R-HSA-9609523,6/22,0.02403906550471444,6.849445515911283,49.57355715612115,ALDH3A2;BAG6;APP;GET1;UBE2J2;EMD,Wt1,rmats,1043,Reactome_2022
CDC42 GTPase Cycle R-HSA-9013148,18/149,0.02508776834334804,2.5236864643455594,18.090372800515805,FAM13B;TFRC;STARD8;DOCK7;ARHGEF16;ARHGAP1;ARHGAP17;MYO9B;KCTD3;KTN1;SYDE1;ABR;RACGAP1;SHKBP1;ARHGEF7;GIT1;TMPO;CDC42SE2,Wt1,rmats,1043,Reactome_2022
Loss Of Nlp From Mitotic Centrosomes R-HSA-380259,11/69,0.025970495904250605,3.4731522320235233,24.62968328730678,CEP57;PCM1;HAUS8;PRKAR2B;CEP164;AKAP9;HAUS6;CEP63;HAUS2;CLASP1;CDK5RAP2,Wt1,rmats,1043,Reactome_2022
Macroautophagy R-HSA-1632852,15/114,0.025970495904250605,2.7794481782808633,19.636594606872904,PRKAA1;MTMR3;SRC;MTMR14;TSC2;PRKAG2;ATG13;PRKAB1;DYNC1LI2;PEX5;NBR1;ULK1;ATG7;ATG5;ATG4D,Wt1,rmats,1043,Reactome_2022
Recruitment Of NuMA To Mitotic Centrosomes R-HSA-380320,12/80,0.025970495904250605,3.233126034118788,22.81832518457691,CEP57;PCM1;HAUS8;PRKAR2B;CEP164;AKAP9;HAUS6;CEP63;HAUS2;CLASP1;MZT1;CDK5RAP2,Wt1,rmats,1043,Reactome_2022
EGFR Downregulation R-HSA-182971,7/31,0.02643264769096396,5.330236486486487,37.39656677625913,PTPRK;EPS15L1;PTPN12;STAM;ARHGEF7;EPS15;EPN1,Wt1,rmats,1043,Reactome_2022
Presynaptic Phase Of Homologous DNA Pairing And Strand Exchange R-HSA-5693616,8/40,0.026509442301359647,4.571256038647343,31.95078746703597,BLM;KAT5;CHEK1;RBBP8;BRCA1;ATRIP;RAD9A;RHNO1,Wt1,rmats,1043,Reactome_2022
Centrosome Maturation R-HSA-380287,12/81,0.027085897437443374,3.1861004512292834,22.127457485365067,CEP57;PCM1;HAUS8;PRKAR2B;CEP164;AKAP9;HAUS6;CEP63;HAUS2;CLASP1;MZT1;CDK5RAP2,Wt1,rmats,1043,Reactome_2022
Signaling By NTRK3 (TRKC) R-HSA-9034015,5/16,0.028305116259635922,8.296549308110002,57.067769504418486,NRAS;PTPRS;SHC1;SRC;NELFB,Wt1,rmats,1043,Reactome_2022
Synthesis Of PIPs At Plasma Membrane R-HSA-1660499,9/51,0.031151831299841417,3.919936446532191,26.501456403909074,PI4K2B;MTMR3;MTMR14;INPPL1;PLEKHA5;PLEKHA6;PIP5K1C;PIK3C2A;PTPN13,Wt1,rmats,1043,Reactome_2022
AURKA Activation By TPX2 R-HSA-8854518,11/72,0.03148726043915412,3.3018172575930866,22.216175114671742,CEP57;PCM1;HAUS8;PRKAR2B;CEP164;AKAP9;HAUS6;CEP63;HAUS2;CLASP1;CDK5RAP2,Wt1,rmats,1043,Reactome_2022
Intra-Golgi And Retrograde Golgi-to-ER Traffic R-HSA-6811442,20/181,0.03190737166680211,2.2824113707704172,15.249743817652496,USP6NL;COG7;COG6;GOSR2;COG2;GCC2;KIF23;KLC1;ARFGAP1;RINT1;ARFRP1;CYTH2;GOLGA4;DYNC1LI2;RACGAP1;VPS53;RAB3GAP2;COPG2;VPS45;KIF20B,Wt1,rmats,1043,Reactome_2022
RND1 GTPase Cycle R-HSA-9696273,8/42,0.03190737166680211,4.301903949985792,28.62202780310096,ALDH3A2;CCDC88A;FAM135A;TFRC;DLG5;PLXNA1;FRS2;PTPN13,Wt1,rmats,1043,Reactome_2022
tRNA Modification In Nucleus And Cytosol R-HSA-6782315,8/42,0.03190737166680211,4.301903949985792,28.62202780310096,DUS2;TYW5;PUS1;TRMT5;TYW1;ADAT1;TRMT11;TRIT1,Wt1,rmats,1043,Reactome_2022
NOD1/2 Signaling Pathway R-HSA-168638,7/33,0.03228973183564872,4.919698544698544,32.57639759095356,ITCH;IRAK1;CHUK;RIPK2;MAP3K7;MAPK12;MAP2K6,Wt1,rmats,1043,Reactome_2022
Synthesis Of PIPs At Golgi Membrane R-HSA-1660514,5/17,0.03313407321357604,7.604768786127168,49.99191844032061,PI4K2B;VAC14;INPP5E;PI4KB;PIK3C2A,Wt1,rmats,1043,Reactome_2022
Signaling By Receptor Tyrosine Kinases R-HSA-9006934,42/496,0.03313407321357604,1.710021256276763,11.213200331148649,LAMA5;FLT1;PTPRS;SHC1;SRC;MAPKAP1;HPN;DOCK7;PTPRK;FGF5;NRAS;FGF8;CHEK1;NCK2;LRIG1;NELFB;RICTOR;EPS15;TIA1;PRKCD;WWP1;ADAM10;FRS2;LAMB1;EPS15L1;PTPN12;STAM;PTK2;EPN1;MAPK12;RNF41;VEGFA;ITCH;NCOR1;CREB1;SPINT1;ESRP1;ABI1;RANBP10;ARHGEF7;DNAL4;FGFR2,Wt1,rmats,1043,Reactome_2022
RNA Polymerase II Transcription R-HSA-73857,93/1312,0.03381709785339892,1.424492897543284,9.271719321676185,CCNT2;INTS14;CCNT1;EHMT2;EHMT1;PRKAG2;CCNC;BRCA1;RBPJ;MED15;AFF4;STK11;KAT5;SESN2;CHEK1;SNAPC4;PAPOLA;NELFB;KMT5A;YAF2;RNF111;SREBF1;PBRM1;TBP;TSC2;PRKAB1;THOC7;SIRT3;MED24;ELF2;CREB1;NCOR1;TFDP2;ZC3H11A;MED20;RARB;RHNO1;HDAC4;HDAC5;BLM;PRKAA1;ANAPC16;SRC;MAPKAP1;MLLT1;RTF1;MLLT3;HDAC7;U2AF1L4;NRAS;PRDX5;IRAK1;FIP1L1;RBBP8;RICTOR;RPRD1B;TBL1X;BID;RFFL;ATRIP;E2F8;NR2C2AP;MAP2K6;BANP;SMAD1;TCF7L2;SURF1;TCF7L1;UBE2I;RNGTT;BRPF3;PCGF5;TNFRSF10B;UPF3B;WWP1;CNOT10;CDC7;MLH1;NR2F6;GATAD2A;VEGFA;CNOT4;NR4A1;ITCH;CARM1;CNOT2;AGO2;MDM4;TAF2;TNRC6A;EZH2;TAF1;RAD9A,Wt1,rmats,1043,Reactome_2022
Signaling By NOTCH1 R-HSA-1980143,11/74,0.03381709785339892,3.1966592838685863,20.774551406077304,HDAC4;HDAC5;ITCH;TLE1;NCOR1;NUMB;ADAM10;CCNC;TBL1X;RBPJ;HDAC7,Wt1,rmats,1043,Reactome_2022
"Nucleotide-binding Domain, Leucine Rich Repeat Containing NLR Signaling Pathways R-HSA-168643",9/53,0.03381709785339892,3.741361877967294,24.235284386443748,PANX1;APP;ITCH;CHUK;IRAK1;RIPK2;MAP3K7;MAPK12;MAP2K6,Wt1,rmats,1043,Reactome_2022
Anchoring Of Basal Body To Plasma Membrane R-HSA-5620912,13/97,0.03381709785339892,2.835748959778086,18.329339442924756,CEP57;IQCB1;CEP164;HAUS6;HAUS2;PCM1;HAUS8;PRKAR2B;AKAP9;NPHP1;CEP63;CLASP1;CDK5RAP2,Wt1,rmats,1043,Reactome_2022
M Phase R-HSA-68886,34/380,0.03381709785339892,1.812513963920095,11.684897101529932,CEP57;ANAPC16;CEP164;PDS5B;CENPA;SKA1;PPP1CC;PCM1;HAUS8;PRKAR2B;KMT5A;EMD;CLASP1;CDK5RAP2;TMPO;NUP214;CENPT;CENPU;UBE2I;PPP2R5B;KIF23;VRK1;HAUS6;MZT1;HAUS2;DYNC1LI2;CLIP1;MAU2;AKAP9;NUP35;CEP63;NCAPD3;ITGB3BP;MCPH1,Wt1,rmats,1043,Reactome_2022
Synthesis Of PIPs At Late Endosome Membrane R-HSA-1660517,4/11,0.037438307510499425,10.422109170906092,65.83101146138443,VAC14;MTMR4;PIK3C2A;MTMR7,Wt1,rmats,1043,Reactome_2022
RAC2 GTPase Cycle R-HSA-9013404,12/87,0.037438307510499425,2.9302812803103784,18.493475891989156,SYDE1;ABR;BAIAP2L1;TFRC;GARRE1;RACGAP1;ABI1;ARHGAP1;ARHGAP17;EMD;GIT1;TMPO,Wt1,rmats,1043,Reactome_2022
Ephrin Signaling R-HSA-3928664,5/18,0.037542743221315254,7.019416036757077,44.16508249570656,EFNB1;SRC;NCK2;ARHGEF7;GIT1,Wt1,rmats,1043,Reactome_2022
Impaired BRCA2 Binding To RAD51 R-HSA-9709570,7/35,0.03817990462800347,4.56780888030888,28.588800989788293,BLM;KAT5;RBBP8;BRCA1;ATRIP;RAD9A;RHNO1,Wt1,rmats,1043,Reactome_2022
HDR Thru Homologous Recombination (HRR) R-HSA-5685942,10/67,0.045782520128113555,3.209863962908239,19.419633177754125,BLM;KAT5;CHEK1;XRCC3;RBBP8;BRCA1;POLE;ATRIP;RHNO1;RAD9A,Wt1,rmats,1043,Reactome_2022
XBP1(S) Activates Chaperone Genes R-HSA-381038,8/46,0.045782520128113555,3.8482583269768624,23.258942485309788,SHC1;GOSR2;DDX11;PPP2R5B;ADD1;ARFGAP1;PDIA5;SEC31A,Wt1,rmats,1043,Reactome_2022
Activated TAK1 Mediates P38 MAPK Activation R-HSA-450302,5/19,0.045782520128113555,6.517685108725571,39.30105474300341,MAP2K3;IRAK1;RIPK2;MAP3K7;MAP2K6,Wt1,rmats,1043,Reactome_2022
Synthesis Of Wybutosine At G37 Of tRNA(Phe) R-HSA-6782861,3/6,0.04706839470737735,18.225,109.11203907068204,TYW5;TRMT5;TYW1,Wt1,rmats,1043,Reactome_2022
HDR Thru Single Strand Annealing (SSA) R-HSA-5685938,7/37,0.04940573767277026,4.2628378378378375,25.250666154238623,BLM;KAT5;RBBP8;BRCA1;ATRIP;RAD9A;RHNO1,Wt1,rmats,1043,Reactome_2022
Autophagy R-HSA-9612973,15/128,0.04980307781497032,2.433283977824455,14.339061943429217,PRKAA1;MTMR3;SRC;MTMR14;TSC2;PRKAG2;ATG13;PRKAB1;DYNC1LI2;PEX5;NBR1;ULK1;ATG7;ATG5;ATG4D,Wt1,rmats,1043,Reactome_2022
Notch-HLH Transcription Pathway R-HSA-350054,6/28,0.04980307781497032,4.979836942228456,29.3114017177813,HDAC4;HDAC5;NCOR1;TBL1X;RBPJ;HDAC7,Wt1,rmats,1043,Reactome_2022
Regulation of TP53 Activity,27/160,7.25979049471846e-5,3.761233793144278,62.435815846458105,BLM;PRKAA1;EHMT2;MAPKAP1;EHMT1;PRKAG2;BRCA1;STK11;KAT5;CHEK1;RBBP8;RICTOR;KMT5A;RFFL;ATRIP;BANP;MAP2K6;TBP;BRPF3;PRKAB1;GATAD2A;TAF4B;MDM4;TAF2;RHNO1;RAD9A;TAF1,Wt1,rmats,1043,Reactome_Pathways_2024
Cell Cycle,66/649,7.25979049471846e-5,2.1290434715436164,33.31022733946771,CEP57;CEP164;BRCA1;FOXM1;PPP1CC;PCM1;KAT5;MIS18BP1;PPP6R3;CHEK1;KMT5A;BTRC;EMD;POLE;CDK5RAP2;TMPO;NUP214;SUN1;PPP1R12A;ESCO1;FBXW11;TINF2;PPP2R5B;VRK1;HAUS6;KIF23;TERF2;HAUS2;DYNC1LI2;CLIP1;MAU2;SHQ1;TFDP2;AKAP9;UBE2V2;CHMP3;CEP63;ITGB3BP;RHNO1;MCPH1;BLM;ANAPC16;SRC;PDS5B;CENPA;SKA1;NSL1;SYCE2;ORC6;HAUS8;PRKAR2B;RBBP8;ATRIP;CLASP1;CENPT;CENPU;UBE2I;CDC7;MLH1;MZT1;STAG1;WEE1;NUP35;MDM4;NCAPD3;RAD9A,Wt1,rmats,1043,Reactome_Pathways_2024
Transcriptional Regulation by TP53,44/362,7.25979049471846e-5,2.581562694770242,40.37816452499506,ATF2;BLM;PRKAA1;CCNT2;CCNT1;EHMT2;MAPKAP1;EHMT1;PRKAG2;BRCA1;STK11;KAT5;CHEK1;SESN2;RBBP8;NELFB;RICTOR;KMT5A;BID;RFFL;ATRIP;BANP;MAP2K6;E2F8;TBP;BRPF3;TSC2;TNFRSF10B;CNOT10;MLH1;PRKAB1;GATAD2A;CNOT4;TFDP2;CNOT2;CARM1;AGO2;TAF4B;MDM4;TAF2;TNRC6A;RHNO1;RAD9A;TAF1,Wt1,rmats,1043,Reactome_Pathways_2024
Chromatin Modifying Enzymes,33/238,7.25979049471846e-5,2.988727360540932,45.02106610609487,ATF2;SUV39H2;SETD2;KDM3A;EHMT2;SETD6;JADE1;EHMT1;PHF21A;KAT5;EP400;KMT5B;TBL1X;KMT5A;MTA3;KAT14;KDM6A;ATF7IP;PBRM1;KMT5C;BRPF3;MCRS1;DNMT3A;HCFC1;GATAD2A;MSL1;TAF6L;ZZZ3;NCOR1;CARM1;KANSL3;TADA3;EZH2,Wt1,rmats,1043,Reactome_Pathways_2024
Chromatin Organization,33/238,7.25979049471846e-5,2.988727360540932,45.02106610609487,ATF2;SUV39H2;SETD2;KDM3A;EHMT2;SETD6;JADE1;EHMT1;PHF21A;KAT5;EP400;KMT5B;TBL1X;KMT5A;MTA3;KAT14;KDM6A;ATF7IP;PBRM1;KMT5C;BRPF3;MCRS1;DNMT3A;HCFC1;GATAD2A;MSL1;TAF6L;ZZZ3;NCOR1;CARM1;KANSL3;TADA3;EZH2,Wt1,rmats,1043,Reactome_Pathways_2024
Organelle Biogenesis and Maintenance,38/297,7.25979049471846e-5,2.7296874699859774,40.94733779863449,CEP57;ATF2;CRTC2;CEP164;PRKAG2;ASAP1;NRF1;PCM1;HAUS8;PRKAR2B;INPP5E;NPHP1;TBL1X;IFT57;BBS5;GABPA;CLASP1;CDK5RAP2;IQCB1;IFT122;HAUS6;PPRC1;PRKAB1;WDR35;LZTFL1;HAUS2;MAPK12;HCFC1;SIRT3;ATAT1;NCOR1;CREB1;IFT81;RP2;CARM1;AKAP9;EXOC4;CEP63,Wt1,rmats,1043,Reactome_Pathways_2024
Membrane Trafficking,62/633,2.789314857742462e-4,2.0350441220313806,27.474237959711765,USP6NL;APP;MCFD2;TFRC;PRKAG2;MIA2;GCC2;MIA3;PIK3C2A;CLINT1;SLC2A8;GOLGA4;AP1G1;PPP6R3;RAB8B;ACTR2;COG7;COG6;DENND2A;AP1B1;COG2;TSC2;RAB3IL1;KIF23;EPS15L1;PRKAB1;ARFGAP1;EPN1;EPN2;RINT1;DYNC1LI2;EXOC4;CHMP3;RIN3;ULK1;KIF20B;SRC;GOSR2;COPS7B;KLC1;ARFRP1;GGA1;CYTH2;RACGAP1;VPS53;PACSIN2;PACSIN3;AP4S1;PIP5K1C;EPS15;SEC31A;SEC24B;ANKRD27;STAM;PUM1;DAB2;MYO1C;RAB13;RAB3GAP2;COPG2;VPS45;SEC24C,Wt1,rmats,1043,Reactome_Pathways_2024
Regulation of TP53 Activity Through Phosphorylation,17/92,8.476371437351227e-4,4.1714619883040935,51.1235336948547,BLM;PRKAA1;TBP;PRKAG2;BRCA1;PRKAB1;STK11;KAT5;CHEK1;RBBP8;TAF4B;MDM4;ATRIP;TAF2;RHNO1;RAD9A;TAF1,Wt1,rmats,1043,Reactome_Pathways_2024
Signaling by Rho GTPases,62/672,0.0014409028346018822,1.9008940358617001,22.000389018037943,TFRC;FAM13B;DOCK7;ARHGAP1;LRRC1;PPP1CC;AKAP13;SYDE1;BAIAP2L1;NCK2;FLOT1;EMD;GIT1;TMPO;ACTR2;PPP1R12A;STARD8;PRKCD;ARHGEF16;PPP2R5B;FRS2;KCTD3;NISCH;ALDH3A2;DYNC1LI2;CLIP1;ARHGEF7;ITGB3BP;GARRE1;SRC;ARHGAP17;KLC1;CENPA;UACA;SKA1;NSL1;TOR1AIP1;ABR;RACGAP1;CHN1;STK38;PLXNA1;CLASP1;CENPT;CENPU;ACBD5;LIMK2;MYO9B;MACO1;STAM;PTPN13;PTK2;KTN1;WDR11;NSFL1C;CCDC88A;FAM135A;SHKBP1;DLG5;ABI1;NF2;CDC42SE2,Wt1,rmats,1043,Reactome_Pathways_2024
"Signaling by Rho GTPases, Miro GTPases and RHOBTB3",63/688,0.0014409028346018822,1.8855771428571428,21.68758283350248,TFRC;FAM13B;DOCK7;ARHGAP1;LRRC1;PPP1CC;AKAP13;SYDE1;BAIAP2L1;NCK2;FLOT1;EMD;GIT1;TMPO;ACTR2;PPP1R12A;STARD8;PRKCD;ARHGEF16;PPP2R5B;FRS2;KCTD3;NISCH;ALDH3A2;DYNC1LI2;CLIP1;ARHGEF7;ITGB3BP;GARRE1;SRC;ARHGAP17;KLC1;CENPA;UACA;SKA1;NSL1;TOR1AIP1;ABR;RHOT1;RACGAP1;CHN1;STK38;PLXNA1;CLASP1;CENPT;CENPU;ACBD5;LIMK2;MYO9B;MACO1;STAM;PTPN13;PTK2;KTN1;WDR11;NSFL1C;CCDC88A;FAM135A;SHKBP1;DLG5;ABI1;NF2;CDC42SE2,Wt1,rmats,1043,Reactome_Pathways_2024
Antigen Processing Ubiquitination & Proteasome Degradation,34/296,0.0016518003802495473,2.404428842705725,26.914052653868836,RNF14;MGRN1;LRR1;LTN1;CBLB;UBR1;UBE2J2;UBE2J1;ZNRF1;RNF115;HERC1;RNF138;UBE2Q2;ARIH2;BTRC;ATG7;RNF111;FBXO9;UBE2F;HACE1;UBE2B;FBXW11;FBXL19;WWP1;PJA2;RNF41;FBXL12;TRAF7;ITCH;UBOX5;UBE2V2;TRIP12;FBXL5;ASB3,Wt1,rmats,1043,Reactome_Pathways_2024
Signaling by EGFR,12/53,0.0016518003802495473,5.369922642000426,60.05136101799876,NRAS;SHC1;SRC;LRIG1;ADAM10;PTPRK;EPS15L1;PTPN12;STAM;ARHGEF7;EPS15;EPN1,Wt1,rmats,1043,Reactome_Pathways_2024
Diseases of Signal Transduction by Growth Factor Receptors and Second Messengers,45/451,0.0026494872771929616,2.060265851900846,21.9013818621339,HDAC4;KANK1;HDAC5;SHC1;SRC;MAPKAP1;CCNC;GCC2;RRBP1;RBPJ;KLC1;FOXM1;HDAC7;FGF5;PPP1CC;NRAS;PORCN;GOLGA4;FGF8;MPRIP;FIP1L1;FGFR1OP2;RICTOR;TBL1X;LRRFIP1;ATG7;MARK3;SEC31A;TCF7L2;CHUK;PPP2R5B;ADAM10;TSC2;FRS2;PTPN12;NR4A1;PPFIBP1;CLIP1;NCOR1;CREB1;ESRP1;AGO2;AKAP9;RPS6KB2;FGFR2,Wt1,rmats,1043,Reactome_Pathways_2024
DNA Repair,34/312,0.004181838266238883,2.264105068769563,22.867176179051302,BLM;RIF1;MPG;PNKP;COPS7B;BRCA1;KAT5;CHEK1;USP1;RBBP8;ATRIP;POLE;RNF111;UBE2I;UBE2B;MGMT;ASCC1;EYA2;MCRS1;ACTR5;TINF2;XRCC3;REV1;RAD23A;CHD1L;MLH1;FANCE;TERF2;FANCG;TDP2;UBE2V2;DTL;RHNO1;RAD9A,Wt1,rmats,1043,Reactome_Pathways_2024
Transcriptional Regulation by E2F6,9/34,0.004206974731102934,6.5914119922630565,66.07816943884184,TFDP2;EHMT2;CHEK1;RBBP8;EHMT1;CDC7;BRCA1;YAF2;EZH2,Wt1,rmats,1043,Reactome_Pathways_2024
RHO GTPase Cycle,44/450,0.004285671133869677,2.0124656676380814,20.00756435133434,TFRC;FAM13B;GARRE1;SRC;DOCK7;ARHGAP1;ARHGAP17;UACA;TOR1AIP1;LRRC1;ABR;AKAP13;SYDE1;BAIAP2L1;RACGAP1;CHN1;STK38;NCK2;FLOT1;PLXNA1;EMD;GIT1;TMPO;ACBD5;STARD8;ARHGEF16;FRS2;MYO9B;MACO1;STAM;KCTD3;PTPN13;KTN1;WDR11;NISCH;ALDH3A2;NSFL1C;CCDC88A;FAM135A;SHKBP1;DLG5;ABI1;ARHGEF7;CDC42SE2,Wt1,rmats,1043,Reactome_Pathways_2024
Class I MHC Mediated Antigen Processing & Presentation,38/373,0.005474554774984688,2.1018370832405138,20.254054749146412,RNF14;MGRN1;LRR1;LTN1;CBLB;UBR1;UBE2J2;UBE2J1;ZNRF1;RNF115;HERC1;RNF138;UBE2Q2;ARIH2;BTRC;ATG7;RNF111;FBXO9;SEC31A;UBE2F;SEC24B;HACE1;UBE2B;CHUK;FBXW11;FBXL19;WWP1;PJA2;RNF41;FBXL12;TRAF7;ITCH;UBOX5;UBE2V2;TRIP12;FBXL5;ASB3;SEC24C,Wt1,rmats,1043,Reactome_Pathways_2024
"Cell Cycle, Mitotic",48/516,0.006119377908544262,1.905836876691148,18.04417799956786,CEP57;ANAPC16;SRC;CEP164;PDS5B;FOXM1;CENPA;SKA1;NSL1;PPP1CC;PCM1;ORC6;HAUS8;PRKAR2B;KMT5A;BTRC;EMD;POLE;CLASP1;CDK5RAP2;TMPO;NUP214;CENPT;CENPU;PPP1R12A;UBE2I;ESCO1;FBXW11;PPP2R5B;CDC7;VRK1;HAUS6;KIF23;MZT1;HAUS2;DYNC1LI2;CLIP1;STAG1;MAU2;WEE1;TFDP2;AKAP9;CHMP3;NUP35;CEP63;NCAPD3;ITGB3BP;MCPH1,Wt1,rmats,1043,Reactome_Pathways_2024
Energy Dependent Regulation of mTOR by LKB1-AMPK,8/29,0.006421018149731624,6.9697722567287785,65.27656391114525,PRKAA1;STK11;CAB39;CAB39L;STRADA;PRKAG2;TSC2;PRKAB1,Wt1,rmats,1043,Reactome_Pathways_2024
PKMTs Methylate Histone Lysines,10/46,0.007123890695512964,5.087931590835754,46.64977515650359,ATF7IP;SUV39H2;SETD2;KMT5C;EHMT2;SETD6;EHMT1;KMT5B;KMT5A;EZH2,Wt1,rmats,1043,Reactome_Pathways_2024
PI Metabolism,14/84,0.007123890695512964,3.6709426627793973,33.63209709541277,PI4K2B;VAC14;MTMR3;MTMR14;INPPL1;PLEKHA5;PLEKHA6;PIK3C2A;MTMR4;PTPN13;MTMR7;INPP5E;PIP5K1C;PI4KB,Wt1,rmats,1043,Reactome_Pathways_2024
Cilium Assembly,24/200,0.007810611786737636,2.5132928896422517,22.602923264361735,CEP57;IQCB1;CEP164;IFT122;HAUS6;ASAP1;WDR35;LZTFL1;HAUS2;ATAT1;PCM1;HAUS8;IFT81;PRKAR2B;RP2;AKAP9;INPP5E;NPHP1;EXOC4;CEP63;IFT57;BBS5;CLASP1;CDK5RAP2,Wt1,rmats,1043,Reactome_Pathways_2024
Transcriptional Activation of Mitochondrial Biogenesis,11/56,0.007810611786737636,4.479586563307493,40.220885652147956,ATF2;CRTC2;CREB1;NCOR1;CARM1;NRF1;TBL1X;PPRC1;GABPA;HCFC1;SIRT3,Wt1,rmats,1043,Reactome_Pathways_2024
M Phase,37/372,0.007876450816086998,2.0444912613869026,18.252709195658316,CEP57;ANAPC16;CEP164;PDS5B;CENPA;SKA1;NSL1;PPP1CC;PCM1;HAUS8;PRKAR2B;KMT5A;EMD;CLASP1;CDK5RAP2;TMPO;NUP214;CENPT;CENPU;UBE2I;PPP2R5B;KIF23;VRK1;HAUS6;MZT1;HAUS2;DYNC1LI2;STAG1;CLIP1;MAU2;AKAP9;CHMP3;NUP35;CEP63;NCAPD3;ITGB3BP;MCPH1,Wt1,rmats,1043,Reactome_Pathways_2024
Vesicle-mediated Transport,63/752,0.00801537490043973,1.7044578063445988,15.112447764602377,USP6NL;APP;SCARB1;MCFD2;TFRC;PRKAG2;MIA2;GCC2;MIA3;PIK3C2A;CLINT1;SLC2A8;GOLGA4;AP1G1;PPP6R3;RAB8B;ACTR2;COG7;COG6;DENND2A;AP1B1;COG2;TSC2;RAB3IL1;KIF23;EPS15L1;PRKAB1;ARFGAP1;EPN1;EPN2;RINT1;DYNC1LI2;EXOC4;CHMP3;RIN3;ULK1;KIF20B;SRC;GOSR2;COPS7B;KLC1;ARFRP1;GGA1;CYTH2;RACGAP1;VPS53;PACSIN2;PACSIN3;AP4S1;PIP5K1C;EPS15;SEC31A;SEC24B;ANKRD27;STAM;PUM1;DAB2;MYO1C;RAB13;RAB3GAP2;COPG2;VPS45;SEC24C,Wt1,rmats,1043,Reactome_Pathways_2024
Regulation of PLK1 Activity at G2 M Transition,14/87,0.00801537490043973,3.5195228776442082,30.879734594504058,CEP57;PPP1R12A;FBXW11;CEP164;HAUS6;HAUS2;PCM1;HAUS8;PRKAR2B;AKAP9;CEP63;BTRC;CLASP1;CDK5RAP2,Wt1,rmats,1043,Reactome_Pathways_2024
Mitotic Prometaphase,24/203,0.00801537490043973,2.470775927763554,21.650145432242937,CEP57;CENPT;CENPU;CEP164;PPP2R5B;HAUS6;PDS5B;CENPA;SKA1;MZT1;HAUS2;NSL1;PPP1CC;DYNC1LI2;STAG1;PCM1;CLIP1;HAUS8;PRKAR2B;AKAP9;CEP63;ITGB3BP;CLASP1;CDK5RAP2,Wt1,rmats,1043,Reactome_Pathways_2024
Gene Expression (Transcription),117/1615,0.00801537490043973,1.4725919656734536,12.894186516370988,ATF2;CCNT2;CCNT1;EHMT2;EHMT1;CCNC;RBPJ;STK11;IPO8;KAT5;SESN2;NAMPT;CHEK1;PAPOLA;KMT5A;RNF111;NUP214;TSC2;PRKAB1;THOC7;HCFC1;ZC3H11A;RHNO1;BLM;ANAPC16;MAPKAP1;RTF1;IRAK1;TASP1;RPRD1B;ATRIP;KAT14;NR2C2AP;MAP2K6;BANP;SMAD1;UBE2I;BRPF3;TNFRSF10B;UPF3B;CNOT10;CDC7;NR2F6;CNOT4;NR4A1;ZZZ3;CNOT2;AGO2;TADA3;TAF4B;MDM4;TCF3;EZH2;RAD9A;AKAP8L;PRKAG2;BRCA1;MED15;AFF4;SNAPC4;DNMT3B;NELFB;YAF2;KDM6A;SS18;SREBF1;PBRM1;TBP;DNMT3A;SIRT3;MED24;ELF2;CREB1;NCOR1;TFDP2;MED20;MTF2;RARB;HDAC4;HDAC5;PRKAA1;GTF3C4;GTF3C5;SRC;MLLT1;MLLT3;HDAC7;U2AF1L4;TAF1D;FIP1L1;RBBP8;RICTOR;TBL1X;BID;RFFL;MTA3;E2F8;ATF7IP;TCF7L2;TCF7L1;RNGTT;PCGF5;MCRS1;WWP1;MLH1;TARBP2;GATAD2A;VEGFA;ITCH;MYO1C;POLR3B;CARM1;KANSL3;NUP35;TAF2;TNRC6A;TAF1,Wt1,rmats,1043,Reactome_Pathways_2024
Signaling by MET,13/79,0.01011230938131742,3.612577228596646,30.60311444497344,LAMA5;SHC1;SRC;DOCK7;HPN;LAMB1;STAM;PTK2;NRAS;SPINT1;LRIG1;RANBP10;EPS15,Wt1,rmats,1043,Reactome_Pathways_2024
MTOR Signalling,9/41,0.01011230938131742,5.147636605415861,43.521885654988424,PRKAA1;STK11;CAB39;CAB39L;STRADA;PRKAG2;TSC2;PRKAB1;EIF4G1,Wt1,rmats,1043,Reactome_Pathways_2024
Circadian Clock,12/70,0.011267745381992642,3.7925683133215156,31.530468281277344,ATF2;PPP1CC;SREBF1;RAI1;CRTC2;CREB1;NCOR1;CARM1;NAMPT;NRIP1;TBL1X;BTRC,Wt1,rmats,1043,Reactome_Pathways_2024
Formation of WDR5-containing Histone-Modifying Complexes,9/42,0.011513329757559976,4.9913838579215755,41.231031843810655,ZZZ3;MCRS1;KANSL3;AKAP8L;TADA3;TASP1;KAT14;KDM6A;HCFC1,Wt1,rmats,1043,Reactome_Pathways_2024
Constitutive Signaling by AKT1 E17K in Cancer,7/26,0.01217877953917796,6.734708392603129,55.04600270273761,NR4A1;CREB1;CHUK;MAPKAP1;RPS6KB2;TSC2;RICTOR,Wt1,rmats,1043,Reactome_Pathways_2024
tRNA Modification in the Nucleus and Cytosol,9/43,0.012350775273038685,4.8443224485151894,39.10552457554651,DUS2;TYW5;PUS1;TRMT5;TYW1;ADAT1;TPRKB;TRMT11;TRIT1,Wt1,rmats,1043,Reactome_Pathways_2024
Homologous DNA Pairing and Strand Exchange,9/43,0.012350775273038685,4.8443224485151894,39.10552457554651,BLM;KAT5;CHEK1;XRCC3;RBBP8;BRCA1;ATRIP;RAD9A;RHNO1,Wt1,rmats,1043,Reactome_Pathways_2024
RND2 GTPase Cycle,9/43,0.012350775273038685,4.8443224485151894,39.10552457554651,ALDH3A2;NISCH;TFRC;DLG5;ARHGAP1;FRS2;PTPN13;LRRC1;KTN1,Wt1,rmats,1043,Reactome_Pathways_2024
Signal Transduction,174/2613,0.012573092088535484,1.356048221011554,10.885277706980164,ATF2;VPS29;APP;CCNT2;DGKD;TFRC;CCNT1;FAM13B;SPPL2B;CTNND1;CCNC;RBPJ;CDC14B;FGF5;PPP1CC;SYDE1;STK11;BAIAP2L1;FGF8;KAT5;CHEK1;BTRC;MAP3K7;RNF111;TMPO;TLE1;STARD8;PRKCD;ADAM10;TSC2;FRS2;KCTD3;PRKAB1;RNF41;NISCH;ALDH3A2;DYNC1LI2;CLIP1;SPINT1;ULK1;CSNK1G2;GARRE1;SHC1;MAPKAP1;HPN;ARHGAP17;MTMR4;KLC1;TOR1AIP1;RTN4;SKA1;ABR;PORCN;RHOT1;RACGAP1;IRAK1;PRKAR2B;STK38;PLXNA1;STAP2;PIP5K1C;RCE1;MARK3;ST3GAL3;SMAD1;TIA1;ZRANB1;ACBD5;PTCH1;TNFRSF10B;IFT122;MACO1;STAM;PTK2;NSFL1C;CCDC88A;NR4A1;STAG1;FAM135A;DLG3;DLG5;AGO2;RANBP10;TCF3;NF2;DNAL4;FGFR2;EZH2;CDC42SE2;EIF4G1;GPSM1;FLT1;PTPRS;CAB39L;DOCK7;ARHGAP1;PRKAG2;PTPRK;LRRC1;AKAP13;NCK2;FLOT1;NELFB;IFT57;EMD;GIT1;ACTR2;SREBF1;PPP1R12A;TBP;CHUK;RIPK2;STRADA;ARHGEF16;PPP2R5B;EPS15L1;WDR35;EPN1;UCHL5;CREB1;NCOR1;TFDP2;ESRP1;NUMB;SPOPL;RARB;ARHGEF7;ITGB3BP;HDAC4;KANK1;LAMA5;HDAC5;PRKAA1;KDM3A;CAB39;SRC;CENPA;UACA;NSL1;HDAC7;NRAS;CHN1;NRIP1;LRIG1;RICTOR;TBL1X;EPS15;MTA3;CLASP1;SH2B1;CENPT;CENPU;TCF7L2;TCF7L1;LIMK2;WWP1;MYO9B;LAMB1;PTPN12;PTPN13;MAPK12;GATAD2A;VEGFA;WDR11;KTN1;RNF146;ITCH;SHKBP1;CARM1;ABI1;RPS6KB2;RGS12;LGR5;TNRC6A,Wt1,rmats,1043,Reactome_Pathways_2024
CDC42 GTPase Cycle,19/155,0.01741804549004209,2.5677777458639706,19.706639988139987,FAM13B;TFRC;STARD8;DOCK7;ARHGEF16;ARHGAP1;ARHGAP17;MYO9B;KCTD3;KTN1;SYDE1;ABR;RACGAP1;SHKBP1;CHN1;ARHGEF7;GIT1;TMPO;CDC42SE2,Wt1,rmats,1043,Reactome_Pathways_2024
Mitochondrial Biogenesis,14/97,0.01803178684621104,3.0938447668223916,23.556486375931776,ATF2;CRTC2;PRKAG2;NRF1;PPRC1;PRKAB1;MAPK12;HCFC1;SIRT3;CREB1;NCOR1;CARM1;TBL1X;GABPA,Wt1,rmats,1043,Reactome_Pathways_2024
Mitochondrial tRNA Aminoacylation,6/21,0.019482791988966696,7.306460945033751,54.88081042806914,RARS2;SARS2;DARS2;TARS2;EARS2;FARS2,Wt1,rmats,1043,Reactome_Pathways_2024
Phospholipid Metabolism,23/211,0.023695235867749694,2.2511837713808927,16.413012347739883,PI4K2B;VAC14;MTMR3;CHKA;TAFAZZIN;PNPLA8;MTMR14;PLEKHA5;INPPL1;PLEKHA6;MBOAT2;MTMR4;PIK3C2A;PTPN13;PLD3;SELENOI;MTMR7;PTDSS1;ACP6;INPP5E;CPNE1;PIP5K1C;PI4KB,Wt1,rmats,1043,Reactome_Pathways_2024
Insertion of Tail-Anchored Proteins Into the Endoplasmic Reticulum Membrane,6/22,0.024395806458329845,6.849445515911283,49.57355715612115,ALDH3A2;BAG6;APP;GET1;UBE2J2;EMD,Wt1,rmats,1043,Reactome_Pathways_2024
Loss of Nlp From Mitotic Centrosomes,11/69,0.02695161832844955,3.4731522320235233,24.62968328730678,CEP57;PCM1;HAUS8;PRKAR2B;CEP164;AKAP9;HAUS6;CEP63;HAUS2;CLASP1;CDK5RAP2,Wt1,rmats,1043,Reactome_Pathways_2024
Loss of Proteins Required for Interphase Microtubule Organization From the Centrosome,11/69,0.02695161832844955,3.4731522320235233,24.62968328730678,CEP57;PCM1;HAUS8;PRKAR2B;CEP164;AKAP9;HAUS6;CEP63;HAUS2;CLASP1;CDK5RAP2,Wt1,rmats,1043,Reactome_Pathways_2024
EGFR Downregulation,7/31,0.028419904146307247,5.330236486486487,37.39656677625913,PTPRK;EPS15L1;PTPN12;STAM;ARHGEF7;EPS15;EPN1,Wt1,rmats,1043,Reactome_Pathways_2024
Presynaptic Phase of Homologous DNA Pairing and Strand Exchange,8/40,0.028546730818175325,4.571256038647343,31.95078746703597,BLM;KAT5;CHEK1;RBBP8;BRCA1;ATRIP;RAD9A;RHNO1,Wt1,rmats,1043,Reactome_Pathways_2024
Centrosome Maturation,12/81,0.02860222597223962,3.1861004512292834,22.127457485365067,CEP57;PCM1;HAUS8;PRKAR2B;CEP164;AKAP9;HAUS6;CEP63;HAUS2;CLASP1;MZT1;CDK5RAP2,Wt1,rmats,1043,Reactome_Pathways_2024
Recruitment of Mitotic Centrosome Proteins and Complexes,12/81,0.02860222597223962,3.1861004512292834,22.127457485365067,CEP57;PCM1;HAUS8;PRKAR2B;CEP164;AKAP9;HAUS6;CEP63;HAUS2;CLASP1;MZT1;CDK5RAP2,Wt1,rmats,1043,Reactome_Pathways_2024
AURKA Activation by TPX2,11/72,0.03479219421431619,3.3018172575930866,22.216175114671742,CEP57;PCM1;HAUS8;PRKAR2B;CEP164;AKAP9;HAUS6;CEP63;HAUS2;CLASP1;CDK5RAP2,Wt1,rmats,1043,Reactome_Pathways_2024
RND1 GTPase Cycle,8/42,0.036756673100398554,4.301903949985792,28.62202780310096,ALDH3A2;CCDC88A;FAM135A;TFRC;DLG5;PLXNA1;FRS2;PTPN13,Wt1,rmats,1043,Reactome_Pathways_2024
Epigenetic Regulation of Gene Expression,28/291,0.038270505061628775,1.9608233905860757,12.921278909208644,EHMT2;AKAP8L;EHMT1;CCNC;TAF1D;DNMT3B;TASP1;TBL1X;MTA3;KAT14;KDM6A;ATF7IP;SS18;UBE2I;TBP;MCRS1;DNMT3A;HCFC1;GATAD2A;ZZZ3;MED24;NCOR1;MYO1C;KANSL3;MED20;MTF2;TADA3;EZH2,Wt1,rmats,1043,Reactome_Pathways_2024
Signaling by NTRK3 (TRKC),5/17,0.038270505061628775,7.604768786127168,49.99191844032061,NRAS;PTPRS;SHC1;SRC;NELFB,Wt1,rmats,1043,Reactome_Pathways_2024
MAP Kinase Activation,10/63,0.03941269438743436,3.4528484538530386,22.530880652009763,MAP2K3;ATF2;CREB1;CHUK;IRAK1;FBXW11;RIPK2;BTRC;MAP3K7;MAP2K6,Wt1,rmats,1043,Reactome_Pathways_2024
Signaling by NOTCH1,11/74,0.039672680788244576,3.1966592838685863,20.774551406077304,HDAC4;HDAC5;ITCH;TLE1;NCOR1;NUMB;ADAM10;CCNC;TBL1X;RBPJ;HDAC7,Wt1,rmats,1043,Reactome_Pathways_2024
Synthesis of PIPs at the Plasma Membrane,9/53,0.039672680788244576,3.741361877967294,24.235284386443748,PI4K2B;MTMR3;MTMR14;INPPL1;PLEKHA5;PLEKHA6;PIP5K1C;PIK3C2A;PTPN13,Wt1,rmats,1043,Reactome_Pathways_2024
Anchoring of the Basal Body to the Plasma Membrane,13/97,0.039672680788244576,2.835748959778086,18.329339442924756,CEP57;IQCB1;CEP164;HAUS6;HAUS2;PCM1;HAUS8;PRKAR2B;AKAP9;NPHP1;CEP63;CLASP1;CDK5RAP2,Wt1,rmats,1043,Reactome_Pathways_2024
Synthesis of PIPs at the Late Endosome Membrane,4/11,0.04515740336016037,10.422109170906092,65.83101146138443,VAC14;MTMR4;PIK3C2A;MTMR7,Wt1,rmats,1043,Reactome_Pathways_2024
Synthesis of PIPs at the Golgi Membrane,5/18,0.0454855037843619,7.019416036757077,44.16508249570656,PI4K2B;VAC14;INPP5E;PI4KB;PIK3C2A,Wt1,rmats,1043,Reactome_Pathways_2024
Impaired BRCA2 Binding to RAD51,7/35,0.04621890815510608,4.56780888030888,28.588800989788293,BLM;KAT5;RBBP8;BRCA1;ATRIP;RAD9A;RHNO1,Wt1,rmats,1043,Reactome_Pathways_2024
RAC2 GTPase Cycle,12/88,0.047340480187293116,2.8915718005002806,17.962676544219878,SYDE1;ABR;BAIAP2L1;TFRC;GARRE1;RACGAP1;ABI1;ARHGAP1;ARHGAP17;EMD;GIT1;TMPO,Wt1,rmats,1043,Reactome_Pathways_2024
Signaling by Receptor Tyrosine Kinases,44/536,0.047340480187293116,1.6529944578725067,10.25095051326526,ATF2;LAMA5;FLT1;PTPRS;SHC1;SRC;MAPKAP1;HPN;CTNND1;DOCK7;PTPRK;FGF5;NRAS;FGF8;CHEK1;NCK2;LRIG1;NELFB;RICTOR;EPS15;TIA1;PRKCD;WWP1;ADAM10;FRS2;LAMB1;EPS15L1;PTPN12;STAM;PTK2;EPN1;MAPK12;RNF41;VEGFA;ITCH;NCOR1;CREB1;SPINT1;ESRP1;ABI1;RANBP10;ARHGEF7;DNAL4;FGFR2,Wt1,rmats,1043,Reactome_Pathways_2024
Energy-dependent regulation of mTOR by LKB1-AMPK,8/17,8.618945975747624e-4,16.273107890499194,227.48212446853367,PRKAA1;STK11;CAB39;CAB39L;STRADA;PRKAG2;TSC2;PRKAB1,Wt1,rmats,1043,BioPlanet_2019
Signaling by EGFR in cancer,19/111,0.0022228784851512536,3.8047193444293477,46.94433566269285,CHUK;SHC1;SRC;MAPKAP1;PRKCD;ADAM10;TSC2;STAM;EPS15L1;EPN1;NR4A1;NRAS;CREB1;PRKAR2B;RPS6KB2;LRIG1;RICTOR;ARHGEF7;EPS15,Wt1,rmats,1043,BioPlanet_2019
PKB-mediated events,9/28,0.0026181304678070667,8.67565916726051,102.10666430658564,PRKAA1;STK11;CAB39;CAB39L;STRADA;PRKAG2;TSC2;PRKAB1;EIF4G1,Wt1,rmats,1043,BioPlanet_2019
Activated AMPK stimulation of fatty-acid oxidation in muscle,7/18,0.004383943856845581,11.637592137592138,126.09486533135762,PRKAA1;STK11;CAB39;CAB39L;STRADA;PRKAG2;PRKAB1,Wt1,rmats,1043,BioPlanet_2019
mTOR signaling pathway,18/113,0.004383943856845581,3.486685494223363,37.45750589974109,EIF4A2;SREBF1;PRKAA1;CAB39;FBXW11;CAB39L;STRADA;MAPKAP1;TSC2;ATG13;VEGFA;STK11;CLIP1;NRAS;RPS6KB2;ULK1;RICTOR;EIF4G1,Wt1,rmats,1043,BioPlanet_2019
ERBB1 internalization pathway,10/41,0.006107012945792233,5.910127096149642,60.41572115147274,NRAS;SHC1;SRC;LRIG1;CHMP3;CBLB;ARHGEF7;EPS15;EPN1;PTK2,Wt1,rmats,1043,BioPlanet_2019
Phosphatidylinositol metabolism,11/50,0.006107012945792233,5.170393559928444,52.09198008517265,PI4K2B;VAC14;MTMR3;MTMR14;INPP5E;INPPL1;PIP5K1C;PI4KB;PIK3C2A;MTMR4;MTMR7,Wt1,rmats,1043,BioPlanet_2019
Mitochondrial tRNA aminoacylation,7/21,0.007954094553706333,9.142374517374517,88.47323390933786,RARS2;SARS2;KARS;DARS2;TARS2;EARS2;FARS2,Wt1,rmats,1043,BioPlanet_2019
Signaling by FGFR in disease,18/128,0.012819447779686497,3.0088337028824834,27.259737151998312,CHUK;SHC1;SRC;MAPKAP1;PRKCD;TSC2;FRS2;FGF5;NR4A1;NRAS;FGF8;CREB1;PRKAR2B;FGFR1OP2;RPS6KB2;RICTOR;LRRFIP1;FGFR2,Wt1,rmats,1043,BioPlanet_2019
LKB1 signaling events,10/47,0.012819447779686497,4.950158289945318,44.436831919149654,CRTC2;PRKAA1;STK11;CREB1;CAB39;STRADA;TSC2;SIK2;PRKAB1;MARK2,Wt1,rmats,1043,BioPlanet_2019
PI3K cascade,11/57,0.013742998450170435,4.381972531176272,38.61382979628549,FGF5;NR4A1;FGF8;CREB1;CHUK;MAPKAP1;RPS6KB2;TSC2;FRS2;RICTOR;FGFR2,Wt1,rmats,1043,BioPlanet_2019
Insulin signaling pathway,29/277,0.023016729605556063,2.1575404021123625,17.561629273873283,PRKAA1;SHC1;STXBP2;INPPL1;PRKAG2;CBLB;PIK3C2A;HK2;PPP1CC;NRAS;RHOT1;PRKAR2B;PHKG2;FLOT1;NCK2;MAP4K5;MAP3K7;PCK2;MAP2K6;MAP2K3;SREBF1;PRKCD;TSC2;PRKAB1;MAPK12;CREB1;MYO1C;RPS6KB2;EXOC4,Wt1,rmats,1043,BioPlanet_2019
Mitochondrial gene expression,6/19,0.023016729605556063,8.431422001335212,68.4185027970753,MYEF2;CREB1;NRF1;PPRC1;GABPA;HCFC1,Wt1,rmats,1043,BioPlanet_2019
Signaling by ERBB4,14/93,0.023016729605556063,3.251184017910962,26.188679081258893,CHUK;SHC1;MAPKAP1;TSC2;WWP1;NR4A1;NRAS;ITCH;CREB1;NCOR1;RPS6KB2;RICTOR;BTRC;SH2B1,Wt1,rmats,1043,BioPlanet_2019
Lysine degradation,9/44,0.025328526550796513,4.705664548217739,37.12965873402685,ALDH3A2;SUV39H2;SETD2;EHMT2;DLST;EHMT1;PLOD2;PLOD1;ACAT1,Wt1,rmats,1043,BioPlanet_2019
SREBP control of lipid biosynthesis,4/8,0.02622506756905861,18.24157844080847,141.20594079051241,LIMA1;MBTPS1;SREBF1;HMGCS1,Wt1,rmats,1043,BioPlanet_2019
Asparagine N-linked glycosylation,13/85,0.02622506756905861,3.3104773462783172,25.591546127597457,MCFD2;SEC24B;ALG14;ALG13;ALG3;MOGS;GANAB;DOLPP1;MGAT4B;MGAT1;UGGT1;SEC24C;SEC31A,Wt1,rmats,1043,BioPlanet_2019
Signaling by insulin receptor,15/109,0.029900382938992037,2.928067306896266,22.083940772894714,PRKAA1;CAB39;SHC1;CAB39L;STRADA;TSC2;PRKAG2;FRS2;PRKAB1;FGF5;STK11;NRAS;FGF8;FGFR2;EIF4G1,Wt1,rmats,1043,BioPlanet_2019
"Nucleotide-binding domain, leucine rich repeat containing receptor (NLR) signaling pathways",9/47,0.03261605103229691,4.33347755268248,31.96918853251375,PANX1;APP;ITCH;IRAK1;CHUK;RIPK2;MAP3K7;MAPK12;MAP2K6,Wt1,rmats,1043,BioPlanet_2019
Signaling events mediated by HDAC class II,8/38,0.03261605103229691,4.8765217391304345,35.84176361106498,HDAC4;NUP214;HDAC5;UBE2I;RFXANK;BCOR;ANKRA2;HDAC7,Wt1,rmats,1043,BioPlanet_2019
AMPK signaling,11/68,0.03345446380716594,3.5342717258261933,25.509305809002697,SREBF1;CRTC2;STK11;PRKAA1;CAB39;STRADA;RPS6KB2;PRKAG2;TSC2;CPT1C;PRKAB1,Wt1,rmats,1043,BioPlanet_2019
Energy metabolism,9/48,0.03345446380716594,4.222139562565094,30.46830275213238,ATF2;PRKAA1;CREB1;PRKAG2;NRF1;PPRC1;PRKAB1;GABPA;SIRT3,Wt1,rmats,1043,BioPlanet_2019
GAB1 signalosome,8/39,0.03345446380716594,4.718965248558517,33.81838097816777,NR4A1;CREB1;CHUK;SRC;MAPKAP1;RPS6KB2;TSC2;RICTOR,Wt1,rmats,1043,BioPlanet_2019
Interleukin-1 signaling pathway,16/125,0.03345446380716594,2.693942452855471,19.240568339668613,MAP2K3;UBE2F;ATF2;UBE2I;UBE2B;CHUK;RIPK2;UBE2J2;MAPK12;UBE2J1;IRAK1;UBE2Q2;UBE2V2;BTRC;MAP3K7;MAP2K6,Wt1,rmats,1043,BioPlanet_2019
"Antigen presentation: folding, assembly, and peptide loading of class I MHC proteins",26/255,0.03534507866651176,2.090779886042088,14.732396497885235,MGRN1;LRR1;CBLB;UBR1;UBE2J2;UBE2J1;RNF138;UBE2Q2;ARIH2;BTRC;ATG7;RNF111;SEC31A;UBE2F;SEC24B;UBE2B;FBXW11;WWP1;PJA2;RNF41;ITCH;UBOX5;UBE2V2;TRIP12;ASB3;SEC24C,Wt1,rmats,1043,BioPlanet_2019
Angiogenesis,6/23,0.03539883668996161,6.446196607862046,44.99480956793121,SMAD1;FLT1;SRC;PTK2;FGFR2;VEGFA,Wt1,rmats,1043,BioPlanet_2019
Signaling events mediated by VEGFR1 and VEGFR2,11/70,0.03539883668996161,3.414104585468401,23.789082485043682,MAP2K3;PRKAA1;FLT1;FBXW11;SRC;PRKCD;NCK2;PRKAB1;PTK2;MAP2K6;VEGFA,Wt1,rmats,1043,BioPlanet_2019
SREBP signaling,6/24,0.040499594128376275,6.087753134040502,41.013549192868226,MBTPS1;SREBF1;SEC24B;CREB1;SEC24C;SEC31A,Wt1,rmats,1043,BioPlanet_2019
PIP biosynthesis at the late endosome membrane,4/10,0.040499594128376275,12.159769008662176,81.79241793151238,VAC14;MTMR4;PIK3C2A;MTMR7,Wt1,rmats,1043,BioPlanet_2019
Rheb GTPase activity by AMPK regulation,4/10,0.040499594128376275,12.159769008662176,81.79241793151238,PRKAA1;PRKAG2;TSC2;PRKAB1,Wt1,rmats,1043,BioPlanet_2019
Signaling by NGF,23/221,0.040499594128376275,2.1363487819370173,14.228110193824522,CHUK;RIPK2;SHC1;SRC;MAPKAP1;PRKCD;ARHGEF16;TSC2;FRS2;RTN4;MAPK12;ABR;AKAP13;NR4A1;NRAS;CREB1;IRAK1;PRKAR2B;RPS6KB2;RICTOR;ARHGEF7;DNAL4;ITGB3BP,Wt1,rmats,1043,BioPlanet_2019
Signaling by NOTCH,15/119,0.040499594128376275,2.645119350493864,17.51137864672344,HDAC4;HDAC5;TLE1;ADAM10;CCNC;RBPJ;HDAC7;ITCH;NCOR1;TFDP2;AGO2;NUMB;TBL1X;TNRC6A;ST3GAL3,Wt1,rmats,1043,BioPlanet_2019
Signaling by NOTCH1,11/73,0.040499594128376275,3.248390222555639,21.479866917574398,HDAC4;HDAC5;ITCH;TLE1;NCOR1;NUMB;ADAM10;CCNC;TBL1X;RBPJ;HDAC7,Wt1,rmats,1043,BioPlanet_2019
PIP biosynthesis at the Golgi membrane,5/17,0.040499594128376275,7.604768786127168,49.99191844032061,PI4K2B;VAC14;INPP5E;PI4KB;PIK3C2A,Wt1,rmats,1043,BioPlanet_2019
TAK1-mediated activation of p38 MAPK,5/17,0.040499594128376275,7.604768786127168,49.99191844032061,MAP2K3;IRAK1;RIPK2;MAP3K7;MAP2K6,Wt1,rmats,1043,BioPlanet_2019
Cell cycle,39/453,0.043202768936224344,1.7398449679542698,11.27589286001206,CEP57;HDAC4;HDAC5;CEP164;BRCA1;CENPA;SKA1;NSL1;CDC14B;HDAC7;PPP1CC;SYCE2;PCM1;ORC6;PRKAR2B;MIS18BP1;CHEK1;BTRC;ATRIP;POLE;CLASP1;CDK5RAP2;CENPT;CENPU;UBE2I;TINF2;PPP2R5B;CDC7;KIF23;TERF2;HAUS2;CLIP1;STAG1;WEE1;TFDP2;AKAP9;CEP63;ITGB3BP;RAD9A,Wt1,rmats,1043,BioPlanet_2019
TOR signaling,7/34,0.043945923779160755,4.737237237237237,30.49132878216188,PRKAA1;MAPKAP1;PRKAG2;TSC2;RICTOR;ULK1;PRKAB1,Wt1,rmats,1043,BioPlanet_2019
CARM1 and regulation of the estrogen receptor,6/26,0.04707448766674534,5.478399228543877,34.45626663612371,HDAC4;HDAC5;TBP;CARM1;NRIP1;BRCA1,Wt1,rmats,1043,BioPlanet_2019
Basal transcription factors,7/35,0.04707448766674534,4.56780888030888,28.588800989788293,TAF6L;TBP;TAF4B;GTF2IRD1;TAF2;GTF2I;TAF1,Wt1,rmats,1043,BioPlanet_2019
Disease,53/674,0.04707448766674534,1.5807153662226126,9.879530674583807,APP;CCNT2;CCNT1;RPL10A;FGF5;FGF8;AP1G1;FGFR1OP2;NELFB;LRRFIP1;BTRC;NUP214;SLC30A6;TBP;CHUK;DDX11;STX8;PRKCD;AP1B1;PPP2R5B;ADAM10;TSC2;FRS2;EPS15L1;ARFGAP1;PDIA5;EPN1;CREB1;EXOC4;ARHGEF7;SHC1;SRC;MAPKAP1;GOSR2;ADD1;NRAS;PRKAR2B;LRIG1;RICTOR;EPS15;EXOSC1;SEC11C;SEC31A;MBTPS1;RNGTT;STAM;NR4A1;RPS6KB2;NMT2;TAF4B;NUP35;FGFR2;TAF1,Wt1,rmats,1043,BioPlanet_2019
Endocytosis,21/201,0.04707448766674534,2.1434931506849315,13.38432170758882,FLT1;TFRC;SRC;WWP1;CBLB;ASAP1;STAM;ARFGAP1;EPN1;RNF41;EPN2;ITCH;DAB2;RAB11FIP1;CHMP3;PIP5K1C;VPS45;DNM1L;EPS15;GIT1;FGFR2,Wt1,rmats,1043,BioPlanet_2019
Ubiquitin-mediated proteolysis,16/136,0.04707448766674534,2.4455696202531647,15.262795991787641,UBE2F;UBE2I;UBE2B;FBXW11;MGRN1;WWP1;CBLB;BRCA1;UBE2J2;UBE2J1;UBOX5;ITCH;HERC1;UBE2Q2;TRIP12;BTRC,Wt1,rmats,1043,BioPlanet_2019
"Androgen receptor signaling, proteolysis, and transcription regulation",12/88,0.04732878354008149,2.8915718005002806,17.962676544219878,CREB1;NCOR1;UBE2I;KAT5;RNF14;SRC;LIMK2;CARM1;BRCA1;PATZ1;PTK2;RAD9A,Wt1,rmats,1043,BioPlanet_2019
RNA Binding (GO:0003723),129/1411,1.0977972184355628e-7,1.9458748809470978,43.59385563896499,EIF4A2;TCERG1;DBR1;TFRC;RTCA;FMR1;SPPL2B;GPATCH4;RPL10A;VIRMA;GPATCH8;EIF4ENIF1;PPP1CC;ALKBH1;NUSAP1;FBRSL1;MTPAP;RARS2;SRRM2;ABT1;MBNL1;TYW5;SECISBP2;DDX11;PUS1;ALG13;NOSIP;PRPF4B;GTPBP1;ILF3;HNRNPUL1;ZC3H11A;SRFBP1;ANKRD17;MACF1;PRKRIP1;RTF1;GIGYF2;RTN4;RCC1L;MTDH;HNRNPDL;ERI3;SERPINH1;SAFB2;GCN1;MARK2;SRPK2;TIA1;UBE2I;ZRANB2;RBPMS;PYM1;LSM1;UPF3B;HELZ;PUM1;PUM2;CNOT4;TBL2;AGO2;NOL12;EIF4G1;RBM25;AKAP8L;ADAR;BRCA1;ZCCHC17;FARS2;MRPL9;LRRFIP1;METTL16;RBM5;EIF5A;PABPC4;RBM18;RBM19;SPATS2;PRPF40B;DARS2;TRNAU1AP;PPRC1;DDX50;REXO4;UCHL5;DUS2;SARS2;PKM;SLTM;NOA1;ESRP1;RBM47;STAU1;DDX25;AKAP8;RRBP1;ADD1;TBRG4;MTHFSD;GANAB;UNK;TCOF1;FIP1L1;TRA2A;FLNB;CFAP20;EXOSC1;TEFM;PTCD3;RBM39;TRMT10B;MYEF2;YTHDF3;KRR1;MCRS1;ELP1;ADAT1;RSRC2;NOC3L;TPD52L2;APTX;TARBP2;KTN1;NAP1L4;ZYX;ACIN1;R3HDM1;TNRC6A;R3HDM2,Wt1,rmats,1043,GO_Molecular_Function_2023
Ubiquitin-Like Protein Transferase Activity (GO:0019787),33/240,1.0285365238238378e-4,2.959535083943177,44.00083587288267,HDAC4;UHRF2;RNF14;MGRN1;BRCA1;ZNRF1;RNF115;RNF214;UBE2Q2;ARIH2;MARCHF8;BTRC;FBXO9;ATG5;UBE2F;HACE1;UBE2I;UBE2B;FBXW11;WWP1;TOPORS;PJA2;CHFR;RNF41;RNF146;CNOT4;TRAF7;ITCH;TTC3;RNF181;MDM4;BCOR;FBXL5,Wt1,rmats,1043,GO_Molecular_Function_2023
Small GTPase Binding (GO:0031267),28/199,3.2809321329833717e-4,3.0306110102843316,40.31326857021215,USP6NL;GARRE1;MAPKAP1;DOCK7;ARHGAP1;GCC2;CIB1;STRN3;AKAP13;GGA1;AP3M1;GOLGA4;AP1G1;DNM1L;GIT1;HACE1;ANKRD27;DAPK3;ARHGEF16;TSC2;MYO9B;CYRIB;RNF41;MYO1C;PEX5;RAB3GAP2;RIN3;ULK1,Wt1,rmats,1043,GO_Molecular_Function_2023
GTPase Binding (GO:0051020),30/225,3.315848843869139e-4,2.849419090287797,37.05315783549299,USP6NL;STOML2;GARRE1;MAPKAP1;DOCK7;ARHGAP1;GCC2;CIB1;RASIP1;STRN3;AKAP13;GGA1;AP3M1;GOLGA4;AP1G1;DNM1L;GIT1;HACE1;ANKRD27;DAPK3;ARHGEF16;TSC2;MYO9B;CYRIB;RNF41;MYO1C;PEX5;RAB3GAP2;RIN3;ULK1,Wt1,rmats,1043,GO_Molecular_Function_2023
Cadherin Binding (GO:0045296),37/319,5.342799710880051e-4,2.435652045175754,29.904084894120462,MACF1;PDXDC1;SRC;CTNND1;ARHGAP1;ASAP1;CLINT1;GIGYF2;RTN4;ADD1;SLC9A3R2;PDLIM1;LIMA1;ARVCF;BAIAP2L1;MPRIP;STK38;PACSIN2;FLNB;LRRFIP1;EMD;EPS15;GCN1;MARK2;TMPO;UNC45A;CEMIP2;ARHGEF16;EPS15L1;HCFC1;KTN1;EPN2;PPFIBP1;PKM;ABI1;NUMB;PHLDB2,Wt1,rmats,1043,GO_Molecular_Function_2023
Ubiquitin-Protein Transferase Activity (GO:0004842),44/412,5.342799710880051e-4,2.2248226487356924,26.967647728570395,UHRF2;RNF14;MGRN1;LTN1;CBLB;UBR1;BRCA1;UBE2J2;RNFT1;UBE2J1;ZNRF1;RNF115;RNF214;RNF138;UBE2Q2;ARIH2;MARCHF8;TRIM26;RFFL;BTRC;RNF111;FBXO9;HACE1;UBE2B;FBXW11;WWP1;PEX2;TOPORS;PJA2;CHFR;RNF41;RNF146;CNOT4;TRAF7;ITCH;RNF149;TTC3;RNF181;MDM4;TRIP12;BCOR;FBXL5;RNF121;TAF1,Wt1,rmats,1043,GO_Molecular_Function_2023
Protein-Lysine N-methyltransferase Activity (GO:0016279),12/54,0.0014340385657456056,5.241790217541915,57.55368598120622,SETD5;SUV39H2;METTL22;SETD2;KMT5C;EHMT2;SETD6;EHMT1;KMT5B;KMT5A;EEF1AKMT2;EZH2,Wt1,rmats,1043,GO_Molecular_Function_2023
Lysine N-methyltransferase Activity (GO:0016278),8/25,0.0019136059153365382,8.611537368570616,90.91846334610774,METTL22;SETD2;EHMT2;SETD6;EHMT1;KMT5A;EEF1AKMT2;EZH2,Wt1,rmats,1043,GO_Molecular_Function_2023
Protein Serine/Threonine Kinase Activity (GO:0004674),35/342,0.007478236901078327,2.1093467245747375,19.146455485466426,PRKAA1;STK11;IRAK1;CHEK1;STK38;PHKG2;TLK1;MAP4K5;MAP3K7;MARK3;MARK2;BRD4;MAP2K6;SRPK2;CHUK;RIPK2;LIMK2;DAPK3;PRKCD;CDC7;PRPF4B;VRK1;OXSR1;PRKAB1;CLK4;MAPK12;CLK2;CLK1;MELK;RPS6KB2;ULK1;SIK2;CSNK1G2;CAMK1G;TAF1,Wt1,rmats,1043,GO_Molecular_Function_2023
Kinase Binding (GO:0019900),43/460,0.0094898123678994,1.911798561151079,16.6964585934972,ATF2;DGKD;TFRC;CAB39;MAPKAP1;PRKRIP1;WWC2;PRKAG2;PTPRK;FOXM1;EIF4ENIF1;PPP1CC;RACGAP1;IRAK1;RNF138;PDCD10;CHP1;RICTOR;RFFL;SPG11;CDK5RAP2;MAP2K6;MAP2K3;PARP6;TCF7L2;PPP1R12A;STRADA;PRKCD;TPRKB;AP1B1;ADAM10;VRK1;RAD23A;OXSR1;ATG13;PRKAB1;PTK2;TBL2;DLG3;DNAJA3;ANKRA2;ARHGEF7;RAD9A,Wt1,rmats,1043,GO_Molecular_Function_2023
RNA Polymerase II-specific DNA-binding Transcription Factor Binding (GO:0061629),25/228,0.01996800023954857,2.268768085785903,17.910007349447895,HDAC4;ATF2;TCERG1;HDAC5;UHRF2;SETD6;RBPJ;ADD1;MTDH;NRIP1;CPNE1;RBBP8;UBXN7;BBS5;GTF2I;TCF7L2;TBP;DNMT3A;NCOR1;CREB1;TADA3;TAF4B;TACC2;TCF3;TAF1,Wt1,rmats,1043,GO_Molecular_Function_2023
Double-Stranded RNA Binding (GO:0003725),11/65,0.024236021487194934,3.731212316968131,28.40734168221547,DUS2;MBNL1;ILF3;TFRC;PRKRIP1;AGO2;ADAR;LRRFIP1;APTX;TARBP2;MTDH,Wt1,rmats,1043,GO_Molecular_Function_2023
Histone H3K9 Methyltransferase Activity (GO:0046974),4/9,0.030530913146354585,14.592492781520694,104.99648459369938,SETD5;SUV39H2;EHMT2;EHMT1,Wt1,rmats,1043,GO_Molecular_Function_2023
"Phosphatidylinositol-3,5-Bisphosphate 3-Phosphatase Activity (GO:0052629)",4/9,0.030530913146354585,14.592492781520694,104.99648459369938,MTMR3;MTMR14;MTMR4;MTMR7,Wt1,rmats,1043,GO_Molecular_Function_2023
Tubulin Binding (GO:0015631),31/322,0.030530913146354585,1.9648954810317427,14.067456094545898,CEP57;SETD2;FMR1;BRCA1;SKA1;RACGAP1;OPA1;HAUS8;NUSAP1;CHP1;TRAPPC14;DNM1L;EMD;GIT1;CLASP1;CDK5RAP2;APPL1;CEP295;KIF23;MACO1;HAUS6;NISCH;CCDC88A;CLIP1;HOOK2;IFT81;KIF20B;ARHGEF7;GAPDH;HDGFL3;MDM1,Wt1,rmats,1043,GO_Molecular_Function_2023
Acetylation-Dependent Protein Binding (GO:0140033),6/23,0.03223048355807403,6.446196607862046,44.99480956793121,ZZZ3;CARM1;MLLT1;MLLT3;BRD4;TAF1,Wt1,rmats,1043,GO_Molecular_Function_2023
Lysine-Acetylated Histone Binding (GO:0070577),6/23,0.03223048355807403,6.446196607862046,44.99480956793121,ZZZ3;CARM1;MLLT1;MLLT3;BRD4;TAF1,Wt1,rmats,1043,GO_Molecular_Function_2023
DNA Binding (GO:0003677),65/846,0.03591148862859649,1.5467559025841235,10.486308083025293,APP;CCNT1;MPG;FMR1;SMC5;BRCA1;RBPJ;SPATA24;SNAPC4;DNMT3B;SMARCAD1;TRIM26;GET1;LRRFIP1;YAF2;POLE;RBM5;KDM6A;SREBF1;SECISBP2;DDX11;DNMT3A;TINF2;RAD23A;REXO4;TOPORS;SIRT3;TAF6L;ILF3;MAU2;SLTM;MTF2;RARB;ZMYND11;HDAC4;BLM;KDM3A;GTF3C4;GTF3C5;WBP2;PNKP;RTF1;PDS5B;HMBOX1;RNF138;SAFB2;RBBP8;PATZ1;DEDD;BPTF;TCF7L2;TCF7L1;ATAD5;CENPX;MLH1;APTX;FANCG;NR2F6;NR4A1;TDP2;TAF4B;AUNIP;TCF3;EZH2;TAF1,Wt1,rmats,1043,GO_Molecular_Function_2023
tRNA Binding (GO:0000049),9/51,0.03591148862859649,3.919936446532191,26.501456403909074,TRMT10B;SARS2;TYW5;ALKBH1;PUS1;ELP1;DARS2;TRNAU1AP;FARS2,Wt1,rmats,1043,GO_Molecular_Function_2023
Transcription Corepressor Binding (GO:0001222),8/42,0.036639779426720386,4.301903949985792,28.62202780310096,HDAC5;EHMT2;USP11;CNOT2;MTF2;EHMT1;WIZ;EZH2,Wt1,rmats,1043,GO_Molecular_Function_2023
DNA-methyltransferase Activity (GO:0009008),3/5,0.036639779426720386,27.338942307692307,181.54491633871868,MGMT;DNMT3A;DNMT3B,Wt1,rmats,1043,GO_Molecular_Function_2023
RNA Polymerase Binding (GO:0070063),5/17,0.03738912373293672,7.604768786127168,49.99191844032061,TCERG1;CCNT2;CCNT1;BRCA1;PHRF1,Wt1,rmats,1043,GO_Molecular_Function_2023
Microtubule Binding (GO:0008017),24/239,0.04247918813076754,2.0531209347969965,13.143408816560946,CEP57;MACF1;FBXW11;FMR1;CEP295;KIF23;MACO1;HAUS6;SKA1;CCDC88A;CLIP1;RACGAP1;HOOK2;OPA1;HAUS8;NUSAP1;CHP1;KIF20B;DNM1L;GAPDH;HDGFL3;CLASP1;CDK5RAP2;MDM1,Wt1,rmats,1043,GO_Molecular_Function_2023
Phosphatidylinositol-3-Phosphate Phosphatase Activity (GO:0004438),4/11,0.04432951763189077,10.422109170906092,65.83101146138443,MTMR3;MTMR14;MTMR4;MTMR7,Wt1,rmats,1043,GO_Molecular_Function_2023
Ubiquitin-Like Protein Conjugating Enzyme Activity (GO:0061650),7/35,0.04508500427503413,4.56780888030888,28.588800989788293,UBE2F;UBE2I;UBE2B;UBE2Q2;UBE2J2;UBE2J1;TAF1,Wt1,rmats,1043,GO_Molecular_Function_2023
Histone H3 Methyltransferase Activity (GO:0140938),7/36,0.048090134020721195,4.410065237651445,26.8478967430133,SETD5;SUV39H2;SETD2;EHMT2;CARM1;EHMT1;EZH2,Wt1,rmats,1043,GO_Molecular_Function_2023
Histone Acetyltransferase Activity (GO:0004402),6/27,0.048090134020721195,5.217247554759608,31.73493233898074,ATF2;NAA60;SRCAP;KAT5;KAT14;TAF1,Wt1,rmats,1043,GO_Molecular_Function_2023
Protein Serine/Threonine Kinase Activator Activity (GO:0043539),9/56,0.048090134020721195,3.5019959669122187,21.295286961066985,PARP6;CCNT2;CCNT1;KAT5;CAB39;CAB39L;STRADA;RICTOR;GCN1,Wt1,rmats,1043,GO_Molecular_Function_2023
DNA Repair (GO:0006281),38/291,3.6289866206341576e-4,2.795319843470395,43.405749115808895,SETD2;BLM;TEX264;MPG;FMR1;PNKP;CIB1;BRCA1;PDS5B;KAT5;ALKBH1;CHEK1;EP400;RBBP8;KMT5B;ATRIP;POLE;SLC30A9;CENPX;UBE2B;MGMT;KMT5C;ASCC1;USP3;ACTR5;XRCC3;RECQL;RAD23A;CHD1L;MLH1;FANCE;APTX;FANCG;REXO4;TDP2;UBE2V2;RHNO1;RAD9A,Wt1,rmats,1043,GO_Biological_Process_2023
Protein Modification Process (GO:0036211),70/711,3.6289866206341576e-4,2.0556908607279545,31.392330244545303,APP;PTPRS;CCNT1;JADE1;PRKAG2;PLOD2;PTPRK;CDC14B;PPP1CC;STK11;CHEK1;TLK1;BTRC;ILKAP;PPP1R12A;COG7;TBP;CHUK;STRADA;FBXW11;DAPK3;PRKCD;PPP2R5B;ALG3;ADAM10;PRPF4B;VRK1;OXSR1;JMJD7;ATG13;PRKAB1;ILF3;MELK;CREB1;ULK1;SIK2;CSNK1G2;ATG4D;PRKAA1;MTMR3;PPM1M;MTMR4;MTMR7;PORCN;IRAK1;STK38;RCE1;MAP4K5;ATG7;MARK3;MARK2;ATG5;ST3GAL3;B3GALNT2;SRPK2;UBE2F;CDK18;ATE1;UBE2I;MCRS1;LIMK2;PTPN12;PTPN13;PTK2;CLK2;SSH1;MGAT4B;TAF4B;TAF2;TAF1,Wt1,rmats,1043,GO_Biological_Process_2023
Regulation Of Embryonic Development (GO:0045995),14/62,0.002905031795899208,5.35969387755102,68.52582019590945,ACTR5;MCRS1;RBM19;EHMT1;TLE6;UCHL5;BAG6;ZZZ3;RACGAP1;TADA3;TRIP12;PHLDB2;CLASP1;KAT14,Wt1,rmats,1043,GO_Biological_Process_2023
Chromatin Remodeling (GO:0006338),29/228,0.005939216849599809,2.6958361828868207,31.496186039133622,HDAC4;SUV39H2;HDAC5;SETD2;BAZ2B;MYSM1;CECR2;KAT5;CHEK1;SMARCAD1;GET1;MTA3;BPTF;KDM6A;SRPK2;SS18;PBRM1;MCRS1;USP3;ACTR5;CHD1L;UCHL5;HCFC1;GATAD2A;TAF6L;MTF2;TRIP12;BCOR;HDGFL3,Wt1,rmats,1043,GO_Biological_Process_2023
Glycerophospholipid Biosynthetic Process (GO:0046474),18/108,0.005939216849599809,3.6813658536585367,41.900852561663854,PI4K2B;VAC14;DGKD;MTMR3;CHKA;TAMM41;MTMR14;INPPL1;MBOAT2;HDHD5;MTMR4;PIK3C2A;SELENOI;MTMR7;PTDSS1;ACP6;PIP5K1C;PI4KB,Wt1,rmats,1043,GO_Biological_Process_2023
Vesicle-Mediated Transport (GO:0016192),43/411,0.005939216849599809,2.172084239130435,24.68736591924168,USP6NL;WASHC4;APP;MGRN1;GOSR2;STXBP2;ARHGAP1;INPPL1;MIA2;MIA3;PIK3C2A;CLINT1;AP3M1;CECR2;CYTH2;GOLGA4;AP5M1;AP1G1;CPNE1;AP4S1;GPRASP1;AP5S1;ATP9B;EPS15;STX8;AKTIP;AP1B1;TSC2;RAB3IL1;EPS15L1;RBSN;EPN1;EPN2;BIN3;SNX16;HOOK2;DNAJC5;RAB13;EXOC4;CHMP3;RIN3;VPS45;CSNK1G2,Wt1,rmats,1043,GO_Biological_Process_2023
Regulation Of Cell Cycle (GO:0051726),34/298,0.005939216849599809,2.385958194431931,26.36723003546704,ANKRD17;CDC123;ANAPC16;UHRF2;JADE1;BRCA1;PTPRK;FOXM1;TBRG4;MBTD1;STK11;KAT5;CHEK1;EP400;RPRD1B;CCNL2;KAT14;MAP2K6;SRPK2;MCRS1;ACTR5;DAPK3;TSC2;RAD23A;PUM1;UCHL5;MAPK12;HCFC1;NR4A1;ZZZ3;TADA3;NF2;KIF20B;FGFR2,Wt1,rmats,1043,GO_Biological_Process_2023
Histone Modification (GO:0016570),15/81,0.005939216849599809,4.176467987265653,45.970804303184536,HDAC4;HDAC5;UBE2B;USP3;JADE1;GATAD2A;MBTD1;TAF6L;KAT5;CARM1;TADA3;EP400;TBL1X;MTA3;KAT14,Wt1,rmats,1043,GO_Biological_Process_2023
Protein Phosphorylation (GO:0006468),49/500,0.005939216849599809,2.022766309609319,22.19308988196834,ATF2;APP;FLT1;CCNT1;PRKAG2;STK11;CHEK1;TLK1;MAP3K7;TBP;CHUK;STRADA;DAPK3;PRKCD;ADAM10;PRPF4B;VRK1;OXSR1;ATG13;PRKAB1;ILF3;MELK;CREB1;ULK1;SIK2;CSNK1G2;CAMK1G;PRKAA1;CAB39;SRC;IRAK1;STK38;RICTOR;MAP4K5;MARK3;MARK2;SRPK2;CDK18;LIMK2;CDC7;CLK4;PTK2;MAPK12;CLK2;CLK1;TAF4B;FGFR2;TAF2;TAF1,Wt1,rmats,1043,GO_Biological_Process_2023
DNA Metabolic Process (GO:0006259),33/288,0.005996915072545556,2.3962958648806056,26.01568439700467,BLM;FMR1;PNKP;BRCA1;PDS5B;ORC6;ALKBH1;CHEK1;EP400;RBBP8;SMARCAD1;KMT5B;ATRIP;POLE;TCF7L2;UBE2B;MGMT;KMT5C;MCRS1;USP3;ACTR5;XRCC3;RECQL;REV1;DONSON;NOC3L;CHD1L;TERF2;UCHL5;FANCG;REXO4;UBE2V2;RAD9A,Wt1,rmats,1043,GO_Biological_Process_2023
Chromatin Organization (GO:0006325),31/268,0.008024123297518905,2.419572722269475,25.333185505610484,HDAC4;NAA60;SUV39H2;HDAC5;EHMT1;BAZ2B;MYSM1;CECR2;CHEK1;SMARCAD1;GET1;MTA3;BPTF;KDM6A;SS18;PBRM1;TCF7L1;DDX11;MCRS1;ACTR5;CHD1L;UCHL5;HCFC1;GATAD2A;NAP1L4;TAF6L;ZZZ3;MTF2;BCOR;HDGFL3;EZH2,Wt1,rmats,1043,GO_Biological_Process_2023
Phosphorylation (GO:0016310),43/429,0.008475584977160161,2.0687901554404147,21.367206286020114,APP;PRKAA1;PANK2;DGKD;CCNT1;MAPKAP1;PRKAG2;HK2;STK11;IRAK1;STK38;CHEK1;TLK1;RICTOR;MAP4K5;MARK3;MARK2;SRPK2;CDK18;TBP;CHUK;STRADA;LIMK2;DAPK3;PRKCD;ADAM10;PRPF4B;VRK1;OXSR1;ATG13;PRKAB1;PTK2;CLK2;GNPTG;ILF3;MELK;CREB1;TAF4B;ULK1;SIK2;CSNK1G2;TAF2;TAF1,Wt1,rmats,1043,GO_Biological_Process_2023
Protein Modification By Small Protein Conjugation (GO:0032446),38/364,0.009228147563846734,2.16090712083753,21.96183300189438,HDAC4;ANAPC16;UHRF2;RNF14;MGRN1;COPS7B;SMC5;BRCA1;UBR1;RNF115;RNF138;ARIH2;TRIM26;NAE1;BTRC;ATG7;RNF111;FBXO9;UBE2F;SLF1;HACE1;UBE2I;UBE2B;ARRDC1;FBXW11;AKTIP;WWP1;TOPORS;PJA2;CHFR;RNF41;CNOT4;TRAF7;ITCH;UBE2V2;RNF181;MDM4;FBXL5,Wt1,rmats,1043,GO_Biological_Process_2023
Regulation Of Multicellular Organismal Development (GO:2000026),12/59,0.009559862279194675,4.682914749159048,47.0049900595307,BAG6;ZZZ3;RACGAP1;BRPF3;ACTR5;MCRS1;TADA3;EHMT1;TRIP12;MYSM1;UCHL5;KAT14,Wt1,rmats,1043,GO_Biological_Process_2023
Ubiquitin-Dependent Protein Catabolic Process (GO:0006511),38/367,0.009559862279194675,2.1408580199307417,21.376106067267216,RNF14;BAG6;ZNRF1;RNF115;KAT5;ARIH2;UBXN7;TBL1X;NAE1;BTRC;RFFL;RNF111;FBXO9;ATE1;ZRANB1;HACE1;UBE2I;UBE2B;ARRDC1;FBXW11;FBXL19;WWP1;RAD23A;ARMC8;NTAN1;TOPORS;PJA2;CHFR;RNF146;CNOT4;NSFL1C;ITCH;RNF149;TTC3;CHMP3;SPOPL;TRIP12;TAF1,Wt1,rmats,1043,GO_Biological_Process_2023
DNA Damage Response (GO:0006974),39/384,0.010944446348248668,2.0955828858479126,20.50534959682029,ATF2;BLM;FMR1;PNKP;SMC5;CIB1;BRCA1;PDS5B;ALKBH7;STK11;KAT5;ALKBH1;CHEK1;EP400;RBBP8;KMT5B;NAE1;BID;ATRIP;MAP2K6;SLF1;UBE2B;MGMT;KMT5C;DDX11;USP3;PRKCD;XRCC3;RECQL;VRK1;CHD1L;TOPORS;FANCG;REXO4;MAPK12;TRIP12;CEP63;RAD9A;TAF1,Wt1,rmats,1043,GO_Biological_Process_2023
Regulation Of DNA Metabolic Process (GO:0051052),18/124,0.014006005210896176,3.1230372756557756,29.599382936987663,ANKRD17;SLF1;ESCO1;EHMT2;ACTR5;MCRS1;JADE1;SMC5;BRCA1;TERF2;UCHL5;CCDC88A;TAF6L;TADA3;UBE2V2;USP1;SMARCAD1;TAF2,Wt1,rmats,1043,GO_Biological_Process_2023
Protein Ubiquitination (GO:0016567),42/434,0.015452960196684977,1.9871200228343084,18.52449408411462,ANAPC16;UHRF2;RNF14;MGRN1;UBR1;BRCA1;UBE2J2;RNFT1;UBE2J1;RNF115;RNF138;ARIH2;MARCHF8;MARCHF7;TRIM26;NAE1;BTRC;RNF111;FBXO9;HACE1;UBE2B;ARRDC1;FBXW11;WWP1;PEX2;FANCE;FANCG;TOPORS;PJA2;CHFR;RNF41;RNF146;CNOT4;TRAF7;UBOX5;ITCH;UBE2V2;RNF181;MDM4;TRIP12;FBXL5;TAF1,Wt1,rmats,1043,GO_Biological_Process_2023
Signal Transduction In Response To DNA Damage (GO:0042770),11/57,0.024386785064209614,4.381972531176272,38.61382979628549,CHEK1;SESN2;DONSON;MDM4;CEP63;BID;ATRIP;MAPK12;RHNO1;MAP2K6;RAD9A,Wt1,rmats,1043,GO_Biological_Process_2023
Selective Autophagy (GO:0061912),11/58,0.025971009610349493,4.2885122876463795,37.092789347304915,RETREG3;TAFAZZIN;TEX264;PEX5;PEX2;ULK1;WDFY3;SNX7;ATG13;ATG4D;ATG5,Wt1,rmats,1043,GO_Biological_Process_2023
Regulation Of Double-Strand Break Repair (GO:2000779),14/88,0.025971009610349493,3.4717779003493288,30.027238460911036,ACTR2;SETD2;PBRM1;SLF1;MGMT;DDX11;FOXM1;MBTD1;KAT5;CHEK1;UBE2V2;EP400;TRIP12;ATRIP,Wt1,rmats,1043,GO_Biological_Process_2023
Regulation Of Organelle Organization (GO:0033043),15/100,0.0289381684740895,3.2396429388876173,27.51833991798233,USP6NL;SLC30A9;ACTR5;MCRS1;RBSN;PTK2;UCHL5;SYDE1;RHOT1;PDCD10;AKAP9;NF2;DNM1L;MARK2;ATG5,Wt1,rmats,1043,GO_Biological_Process_2023
tRNA Aminoacylation For Mitochondrial Protein Translation (GO:0070127),4/7,0.030665852452479467,24.323387872954765,204.11726958932474,SARS2;DARS2;TARS2;EARS2,Wt1,rmats,1043,GO_Biological_Process_2023
Protein K48-linked Ubiquitination (GO:0070936),12/70,0.03177405357850153,3.7925683133215156,31.530468281277344,RNF146;ZNRF1;RNF115;ITCH;HACE1;UBE2B;UBE2Q2;TTC3;ARIH2;RFFL;TOPORS;FBXO9,Wt1,rmats,1043,GO_Biological_Process_2023
Establishment Of Mitotic Spindle Localization (GO:0040001),8/34,0.035730250392880865,5.627945001858046,45.8991628518422,GPSM1;NSFL1C;KAT5;FBXW11;NUSAP1;CENPA;CLASP1;CDK5RAP2,Wt1,rmats,1043,GO_Biological_Process_2023
Organelle Organization (GO:0006996),39/418,0.03618787521061744,1.904103901018617,15.256360481575376,USP6NL;PI4K2B;STOML2;TAFAZZIN;MAPKAP1;TOR1AIP2;SNX10;MIA3;CECR2;RHOT1;OPA1;PACSIN2;LONP2;PACSIN3;RICTOR;DNM1L;EPS15;CLASP1;SEC31A;CENPT;ZRANB1;HACE1;COG7;YTHDF3;ATP8B2;COG6;COG2;PEX2;MCOLN1;FANCG;TJAP1;NSFL1C;NOA1;ADCK1;DNAJA3;RANBP10;YME1L1;CHMP3;ARHGEF7,Wt1,rmats,1043,GO_Biological_Process_2023
Response To Nutrient Levels (GO:0031667),8/35,0.03618787521061744,5.4192163177670425,43.04158309730019,PRKAA1;MAPKAP1;PRKAG2;FLNB;RICTOR;ULK1;PRKAB1;EIF4G1,Wt1,rmats,1043,GO_Biological_Process_2023
Peptidyl-Lysine Modification (GO:0018205),14/94,0.03618787521061744,3.210374149659864,25.49724481002732,HDAC4;SLF1;UBE2I;ESCO1;UHRF2;PLOD2;SMC5;PLOD1;TOPORS;SIRT3;SENP6;KAT5;NNAT;EEF1AKMT2,Wt1,rmats,1043,GO_Biological_Process_2023
Endocytosis (GO:0006897),22/189,0.03618787521061744,2.424416592867155,19.225213392252208,APP;INPPL1;TSC2;EPS15L1;PIK3C2A;CLINT1;EPN1;EPN2;AP3M1;CYTH2;DAB2;BIN3;HOOK2;PACSIN2;PPT1;RIN3;PIP5K1C;PI4KB;ATP9B;EPS15;CSNK1G2;PDLIM7,Wt1,rmats,1043,GO_Biological_Process_2023
Peptidyl-Lysine Methylation (GO:0018022),7/27,0.03618787521061744,6.397635135135135,50.66338797289825,SUV39H2;SETD2;EHMT2;SETD6;EHMT1;KMT5A;EEF1AKMT2,Wt1,rmats,1043,GO_Biological_Process_2023
Regulation Of Chromatin Organization (GO:1902275),7/27,0.03618787521061744,6.397635135135135,50.66338797289825,SETD5;MCRS1;KANSL3;TLK1;MLLT3;HCFC1;MSL1,Wt1,rmats,1043,GO_Biological_Process_2023
Organelle Assembly (GO:0070925),32/322,0.03618787521061744,2.037395545550667,16.087264529886987,FMR1;CEP164;SNX10;ASAP1;CDC14B;AP3M1;AP1G1;WDR90;POC1B;TRAPPC14;IFT57;ATG7;BBS5;CFAP20;ATG5;RAB8B;IQCB1;ACTR2;YTHDF3;AP1B1;IFT122;STAM;ATG13;WDR35;ATAT1;NSFL1C;IFT81;RP2;CHMP3;ULK1;CEP20;SSX2IP,Wt1,rmats,1043,GO_Biological_Process_2023
Positive Regulation Of Double-Strand Break Repair (GO:2000781),13/84,0.03680158196297179,3.3572815533980584,26.349309969988234,ACTR2;PBRM1;SLF1;KMT5C;MGMT;DDX11;PNKP;FOXM1;MBTD1;KAT5;UBE2V2;EP400;KMT5B,Wt1,rmats,1043,GO_Biological_Process_2023
DNA Methylation (GO:0006306),6/20,0.03690915903311785,7.828764292602287,61.087150500237286,ZDBF2;EHMT2;DNMT3A;DNMT3B;EHMT1;GATAD2A,Wt1,rmats,1043,GO_Biological_Process_2023
Positive Regulation Of Cell Cycle Process (GO:0090068),16/118,0.03690915903311785,2.8798900280657542,22.424686995137957,DDX11;CEP295;CEP120;XRCC3;WIZ;SMC5;CDC7;KIF23;CDC14B;NSFL1C;RACGAP1;NUSAP1;NCAPD3;KIF20B;RHNO1;E2F8,Wt1,rmats,1043,GO_Biological_Process_2023
Negative Regulation Of Translation (GO:0017148),15/107,0.03748859131851034,2.992038149213331,23.16704973877922,TIA1;YTHDF3;FMR1;DAPK3;CNOT10;PUM1;GIGYF2;EIF4ENIF1;ILF3;UNK;AGO2;METTL16;GAPDH;TNRC6A;EIF4G1,Wt1,rmats,1043,GO_Biological_Process_2023
Endosomal Transport (GO:0016197),21/180,0.039534443185431416,2.4293098991987594,18.61425815438153,WASHC4;VPS29;TMEM87B;ANKRD27;DENND2A;ARHGAP1;GCC2;EPS15L1;RBSN;ARFRP1;GGA1;AP5M1;VPS50;VPS53;RAB13;CHMP3;ENTR1;SNX7;AP5S1;EPS15;PLEKHJ1,Wt1,rmats,1043,GO_Biological_Process_2023
Mitotic G2/M Transition Checkpoint (GO:0044818),9/46,0.04337031610191217,4.45083381253594,33.57305502160109,RINT1;BLM;CHEK1;RBBP8;DONSON;BRCA1;NAE1;CHFR;CDC14B,Wt1,rmats,1043,GO_Biological_Process_2023
Positive Regulation Of DNA-templated Transcription (GO:0045893),91/1243,0.049497893052225427,1.4773858762254901,10.91044007059136,ATF2;APP;TCERG1;CRTC2;CCNT2;CCNT1;RNF14;AKAP8L;UBP1;CCNC;BRCA1;RBPJ;FOXM1;MYSM1;KAT5;NAMPT;NCK2;BTRC;YAF2;RNF111;GABPA;CDK5RAP2;GTF2I;EIF5A;MAP2K3;SS18;ACTR2;SREBF1;PPP1R12A;CHUK;RIPK2;FBXW11;ACTR5;PEX2;OXSR1;PPRC1;UCHL5;MSL1;HCFC1;MED22;TAF6L;ILF3;ELF2;CREB1;TFDP2;RARB;HDAC4;HDAC5;BLM;PRKAA1;KDM3A;SHC1;WBP2;ZBTB48;STXBP2;MLLT1;MLLT3;MBTD1;DEAF1;NRIP1;EP400;TASP1;APBB2;RPRD1B;TBL1X;MTA3;E2F8;BRD4;BPTF;ATF7IP;TCF7L2;PCGF5;MCRS1;IRX3;RFXANK;GATAD2A;VEGFA;MLLT10;NR4A1;DAB2;CARM1;KANSL3;AGO2;TADA3;NAA16;TCF3;AGRN;NFE2L1;TAF2;FGFR2;SSBP4,Wt1,rmats,1043,GO_Biological_Process_2023
Intracellular Membrane-Bounded Organelle (GO:0043231),383/5175,4.0594742081800336e-13,1.7153573506348965,58.669396008954145,ATF2;VPS29;TCERG1;PANK2;TFRC;EHMT2;RTCA;EHMT1;CCNC;SMC5;RBPJ;GPATCH8;KAT5;ALKBH1;SPATA24;CHEK1;CPNE1;FAM53A;CCNL2;RNF111;TMPO;SRRM2;ABT1;MBNL1;COG7;ESCO1;DDX11;SLC35C2;DAPK3;PRKCD;IFRD1;RECQL;AP1B1;ARMC8;JMJD7;PRKAB1;HCFC1;NISCH;AKAP9;SRFBP1;SIK2;KIF20B;ANKRA2;RHNO1;GGNBP2;PDXDC1;SRCAP;TEX264;STXBP2;COPS7B;SDR39U1;BAZ2B;UBE2J2;UBE2J1;MTDH;PRDX5;RAB11FIP1;RACGAP1;DPH3;PATZ1;ATRIP;KAT14;SEC31A;SRPK2;CDK18;ZRANB1;HACE1;TIPARP;XRCC3;UPF3B;TMEM192;CDC7;STAM;NTAN1;PTK2;NR2F6;MLLT10;STAG1;TDP2;AGO2;PPT1;GTF2IRD1;CDIN1;PKIG;EZH2;CEP57;RPAIN;SUV39H2;SETD5;SLC35F6;SETD2;INTS14;SETD6;ZBTB8OS;SNX10;MIA3;PTPRK;BRCA1;MED15;CLINT1;ARIH2;UBXN7;NELFB;GPRASP1;GABPA;APPL1;SS18;SREBF1;GRIPAP1;PBRM1;STRADA;PABPC4;KIF23;PPRC1;RBSN;TERF2;UCHL5;TOPORS;SIRT3;MED22;TAF6L;NCOR1;SLTM;MED20;MTF2;G2E3;RARB;MOCS1;SGMS1;AKAP8;DLST;CENPA;GGA1;ARVCF;RNF138;USP1;MARCHF7;APBB2;TBL1X;EPS15;EXOSC1;NKTR;BRD4;CENPU;SLF1;TRMT10B;MYEF2;ATAD5;PCGF5;MGMT;MCRS1;MLH1;APTX;TARBP2;GATAD2A;RNF146;ITCH;SNX16;SRRD;TTC3;NBR1;ZYX;TRIP12;EEF1AKMT2;SCARB1;CRTC2;DBR1;CCNT2;DGKD;CCNT1;FMR1;CTNND1;RTKN2;JADE1;INPPL1;UBP1;CIB1;RPL10A;VIRMA;CDC14B;EIF4ENIF1;PPP1CC;STK11;PAPOLA;CHP1;SMARCAD1;KMT5B;TRAPPC14;KMT5A;MTPAP;MAP3K7;GTF2I;SLC30A9;TLE1;KMT5C;FBXW11;USP3;PUS1;IPMK;ADAM10;TSC2;NOSIP;PRPF4B;VRK1;CHD1L;THOC7;TLE6;ALDH3A2;CLIP1;ILF3;MAU2;HNRNPUL1;UBE2V2;ADNP;CSNK1G2;HDGFL3;ANKRD17;BLM;PDS5B;GPATCH2L;TOR1AIP1;BAG6;HMBOX1;IRAK1;DEAF1;STK38;PACSIN2;SAFB2;AP4S1;RPRD1B;NAE1;BPTF;UBE2F;OSBPL9;TIA1;UBE2I;ANKRD27;UBE2B;BRPF3;PTCH1;LSM1;RFXANK;MACO1;FANCE;CLK4;AZIN1;CLK2;CLK1;NSFL1C;NR4A1;UBOX5;DAB2;HOOK2;P4HA1;CNOT2;TADA3;TAF4B;MDM4;TCF3;NF2;NFE2L1;FGFR2;MDM1;RAD9A;EIF4G1;RNF14;AKAP8L;CEP164;ADAR;UFSP2;FOXM1;PIK3C2A;MYSM1;HK2;RESF1;SENP6;UBE2Q2;AP1G1;PPP6R3;SNAPC4;DNMT3B;TLK1;GET1;DNM1L;METTL16;YAF2;POLE;RBM5;ILKAP;KDM6A;EIF5A;ACTR2;SUN1;TBP;CDADC1;CEMIP2;ACTR5;AKTIP;DNMT3A;PPP2R5B;RAD23A;PEX2;TRNAU1AP;OXSR1;REXO4;MSL1;EPN2;METTL22;TRAF7;ELF2;CREB1;PKM;TFDP2;SLC25A19;ESRP1;DNAJC5;SPOPL;DNAJC8;ZMYND11;GAPDH;ITGB3BP;HDAC4;LAMA5;HDAC5;VAC14;PRKAA1;RBM47;KDM3A;UHRF2;PPM1M;MGRN1;DDX25;NAA20;WBP2;PNKP;USP11;WIZ;MLLT3;CLCN3;UACA;ADD1;CECR2;ZNRF1;GANAB;NFS1;VPS53;ATXN1L;TRA2A;NRIP1;RBBP8;MTA3;ATF7IP;TCF7L2;ATE1;TCF7L1;RNGTT;EYA2;ASCC1;IRX3;LIMK2;DONSON;TPRKB;PTPN12;MCOLN1;PTPN13;PTPN14;CHFR;MAPK12;NAP1L4;WEE1;MYO1C;CARM1;DOLPP1;DNAJA3;KANSL3;ACIN1;NAA16;RGS12;BCOR;TAF2;TNRC6A;SSBP4;TAF1,Wt1,rmats,1043,GO_Cellular_Component_2023
Nucleus (GO:0005634),329/4487,2.844514491872277e-10,1.6400065076535664,44.20997075491284,ATF2;TCERG1;PANK2;EHMT2;RTCA;EHMT1;CCNC;SMC5;RBPJ;GPATCH8;KAT5;ALKBH1;SPATA24;CHEK1;CPNE1;FAM53A;CCNL2;RNF111;TMPO;SRRM2;ABT1;MBNL1;ESCO1;DDX11;DAPK3;PRKCD;IFRD1;RECQL;ARMC8;JMJD7;PRKAB1;HCFC1;SRFBP1;SIK2;KIF20B;ANKRA2;RHNO1;GGNBP2;SRCAP;TEX264;STXBP2;COPS7B;SDR39U1;BAZ2B;UBE2J2;UBE2J1;MTDH;PRDX5;RACGAP1;DPH3;PATZ1;ATRIP;KAT14;SRPK2;CDK18;ZRANB1;HACE1;TIPARP;XRCC3;UPF3B;TMEM192;CDC7;NTAN1;PTK2;NR2F6;MLLT10;STAG1;TDP2;AGO2;PPT1;GTF2IRD1;CDIN1;PKIG;EZH2;CEP57;RPAIN;SUV39H2;SETD5;SETD2;INTS14;SETD6;ZBTB8OS;SNX10;BRCA1;MED15;ARIH2;UBXN7;NELFB;GPRASP1;GABPA;APPL1;SS18;SREBF1;PBRM1;STRADA;PABPC4;KIF23;PPRC1;TERF2;UCHL5;TOPORS;SIRT3;MED22;TAF6L;NCOR1;SLTM;MED20;MTF2;G2E3;RARB;MOCS1;SGMS1;AKAP8;DLST;CENPA;ARVCF;RNF138;USP1;MARCHF7;APBB2;TBL1X;EXOSC1;NKTR;BRD4;CENPU;SLF1;TRMT10B;MYEF2;ATAD5;PCGF5;MGMT;MCRS1;MLH1;APTX;TARBP2;GATAD2A;RNF146;SRRD;TTC3;ZYX;TRIP12;EEF1AKMT2;CRTC2;DBR1;CCNT2;DGKD;CCNT1;FMR1;CTNND1;RTKN2;JADE1;INPPL1;UBP1;CIB1;RPL10A;VIRMA;CDC14B;EIF4ENIF1;PPP1CC;STK11;PAPOLA;CHP1;SMARCAD1;KMT5B;KMT5A;MAP3K7;GTF2I;SLC30A9;TLE1;KMT5C;FBXW11;USP3;PUS1;IPMK;ADAM10;TSC2;NOSIP;PRPF4B;VRK1;CHD1L;THOC7;TLE6;CLIP1;ILF3;MAU2;HNRNPUL1;UBE2V2;ADNP;CSNK1G2;HDGFL3;ANKRD17;BLM;PDS5B;GPATCH2L;TOR1AIP1;BAG6;HMBOX1;IRAK1;DEAF1;STK38;SAFB2;RPRD1B;NAE1;BPTF;UBE2F;TIA1;UBE2I;UBE2B;BRPF3;LSM1;RFXANK;MACO1;FANCE;CLK4;AZIN1;CLK2;CLK1;NSFL1C;NR4A1;UBOX5;CNOT2;TADA3;TAF4B;MDM4;TCF3;NF2;NFE2L1;FGFR2;MDM1;RAD9A;EIF4G1;RNF14;AKAP8L;ADAR;UFSP2;FOXM1;MYSM1;RESF1;SENP6;UBE2Q2;PPP6R3;SNAPC4;DNMT3B;TLK1;GET1;METTL16;YAF2;POLE;RBM5;ILKAP;KDM6A;EIF5A;ACTR2;TBP;CDADC1;ACTR5;AKTIP;DNMT3A;PPP2R5B;RAD23A;TRNAU1AP;OXSR1;REXO4;MSL1;METTL22;ELF2;CREB1;PKM;TFDP2;SLC25A19;ESRP1;SPOPL;DNAJC8;ZMYND11;GAPDH;ITGB3BP;HDAC4;LAMA5;HDAC5;PRKAA1;RBM47;KDM3A;UHRF2;PPM1M;MGRN1;DDX25;NAA20;WBP2;PNKP;USP11;WIZ;MLLT3;UACA;ADD1;CECR2;NFS1;HAUS8;ATXN1L;TRA2A;NRIP1;RBBP8;MTA3;ATF7IP;TCF7L2;ATE1;TCF7L1;RNGTT;EYA2;ASCC1;IRX3;LIMK2;DONSON;TPRKB;PTPN12;PTPN13;PTPN14;CHFR;MAPK12;NAP1L4;WEE1;MYO1C;CARM1;ACIN1;NAA16;RGS12;BCOR;TAF2;SSBP4;TAF1,Wt1,rmats,1043,GO_Cellular_Component_2023
Mitotic Spindle (GO:0072686),22/143,4.7573720133523565e-4,3.3542872406731368,40.99580880665849,IQCB1;CEP295;LIMK2;CDC7;HAUS6;KIF23;SKA1;HAUS2;CDC14B;ATAT1;TAF1D;ZZZ3;NCOR1;RACGAP1;TFDP2;HAUS8;TADA3;NUSAP1;TRAPPC14;TBL1X;KAT14;CLASP1,Wt1,rmats,1043,GO_Cellular_Component_2023
Intracellular Non-Membrane-Bounded Organelle (GO:0043232),92/1195,0.007666813087704564,1.5659119140705064,14.335047939437839,SETD2;CCNT1;FMR1;SPPL2B;ADAR;GPATCH4;BRCA1;RBPJ;FOXM1;MYSM1;CDC14B;PPP1CC;EPB41L4A;KAT5;SH3PXD2B;NUSAP1;LRRFIP1;SPG11;CDK5RAP2;ABT1;SLC30A9;PPP1R12A;COG7;ESCO1;RIPK2;CEMIP2;CEP295;DDX11;RBM19;RECQL;SHROOM3;KIF23;VRK1;DDX50;REXO4;UCHL5;SELENOO;METTL22;TRAF7;ILF3;SHQ1;AKAP9;WDFY3;KIF20B;GAPDH;RHNO1;KANK1;MACF1;BLM;PNKP;PRKRIP1;AKAP8;ASAP1;RRBP1;PDS5B;ADD1;PDLIM1;SYCE2;TAF1D;TCOF1;RACGAP1;IRAK1;EPB41L3;ATXN1L;TRA2A;NRIP1;EXOSC1;GCN1;DEDD;E2F8;SRPK2;MYO10;ATP8B2;KRR1;MCRS1;PYM1;UPF3B;NOC3L;FANCE;MLH1;APTX;PTK2;MZT1;FANCG;STAG1;WEE1;ZZZ3;TTC3;RGS12;NF2;NOL12;TAF1,Wt1,rmats,1043,GO_Cellular_Component_2023
Endoplasmic Reticulum Tubular Network (GO:0071782),7/26,0.016358023886306396,6.734708392603129,55.04600270273761,PARP6;ARV1;RETREG3;ASPH;EMD;RTN4;RNF41,Wt1,rmats,1043,GO_Cellular_Component_2023
trans-Golgi Network (GO:0005802),26/241,0.01790535031269065,2.228588415540463,17.60758046234697,USP6NL;APP;PI4K2B;GCC2;PIK3C2A;ATP2C1;ARFRP1;GGA1;GOLGA4;AP1G1;VPS53;AP4S1;ATP9B;PLEKHJ1;SLC30A6;COG7;COG6;ATP8B2;STX8;AP1B1;COG2;TJAP1;HOOK2;SLC9A8;RAB13;LGR5,Wt1,rmats,1043,GO_Cellular_Component_2023
Cytoplasmic Stress Granule (GO:0010494),12/76,0.022224852770272623,3.435923860329777,25.87427581186916,MBNL1;TIA1;STAU1;RBPMS;YTHDF3;DDX25;FMR1;PABPC4;PUM1;GIGYF2;PUM2;EIF4G1,Wt1,rmats,1043,GO_Cellular_Component_2023
Clathrin Coat (GO:0030118),5/16,0.03654579129030911,8.296549308110002,57.067769504418486,EPS15L1;CLINT1;EPS15;EPN1;EPN2,Wt1,rmats,1043,GO_Cellular_Component_2023
Focal Adhesion (GO:0005925),35/387,0.03654579129030911,1.8352470012626263,12.446361790216283,FLT1;SRC;DOCK7;SLC4A2;RPL10A;ADD1;SLC9A3R2;DPP4;PDLIM1;PPP1CC;LIMA1;MPRIP;ANXA6;PACSIN2;FLOT1;CHP1;FLNB;PIP5K1C;GIT1;CLASP1;PDLIM7;ACTR2;PPP1R12A;ADAM10;KIF23;PTK2;ENAH;FERMT1;PPFIBP1;DAB2;UBOX5;ZYX;NUMB;ARHGEF7;PHLDB2,Wt1,rmats,1043,GO_Cellular_Component_2023
INO80-type Complex (GO:0097346),6/25,0.04245574382756972,5.767040552200172,37.527613872621224,SRCAP;KAT5;ACTR5;MCRS1;EP400;UCHL5,Wt1,rmats,1043,GO_Cellular_Component_2023
Cell-Substrate Junction (GO:0030055),35/395,0.04245574382756972,1.7936921296296295,11.535734019016859,FLT1;SRC;DOCK7;SLC4A2;RPL10A;ADD1;SLC9A3R2;DPP4;PDLIM1;PPP1CC;LIMA1;MPRIP;ANXA6;PACSIN2;FLOT1;CHP1;FLNB;PIP5K1C;GIT1;CLASP1;PDLIM7;ACTR2;PPP1R12A;ADAM10;KIF23;PTK2;ENAH;FERMT1;PPFIBP1;DAB2;UBOX5;ZYX;NUMB;ARHGEF7;PHLDB2,Wt1,rmats,1043,GO_Cellular_Component_2023
Endoplasmic Reticulum Membrane (GO:0005789),61/801,0.04597101994408598,1.5291971706941156,9.534241242682368,GPSM1;MOXD1;PI4K2B;MCFD2;PIGQ;SPPL2B;MIA2;PLOD2;MIA3;PLOD1;ARV1;DNM1L;SLC37A4;SLC37A3;SREBF1;CERS5;ALG14;ALG3;ALG13;MOGS;SLC35G1;ATG13;PDIA5;ALDH3A2;TMX3;ASPH;ULK1;SIK2;CERS2;RNF121;TEX264;GOSR2;HPN;DNAJC25;UBE2J2;PLD3;RTN4;SELENOI;UBE2J1;MTDH;LMF1;NRAS;PORCN;PTDSS1;RCE1;SEC31A;MPDU1;SEC11C;B3GALNT2;SEC24B;PNPLA8;MBOAT2;MACO1;KTN1;TBL2;G6PC3;DOLPP1;RAB3GAP2;TMEM39A;COPG2;SEC24C,Wt1,rmats,1043,GO_Cellular_Component_2023
trans-Golgi Network Membrane (GO:0032588),13/100,0.04597101994408598,2.7375292936056246,16.930730757197,USP6NL;APP;SLC30A6;COG7;COG6;AP1B1;COG2;ARFRP1;AP1G1;SLC9A8;VPS53;AP4S1;LGR5,Wt1,rmats,1043,GO_Cellular_Component_2023
mRNA Processing WP310,55/444,7.566387653687904e-12,3.6052068746908548,109.63912300388853,EIF4A2;RBM25;HNRNPR;YBX1;VIRMA;PTBP1;CLP1;PAPOLA;RBM7;RBM34;RBM5;ILKAP;RBFOX2;SECISBP2;RBM19;CIRBP;ZCRB1;PRPF4;ILF3;SLTM;SUPT5;ESRP1;CSDE1;HNRNPH2;EIF4E2;STAU1;RNASET2B;SBNO1;HNRNPDL;POLR2A;PCBP2;SAFB2;ZFP740;SRSF11;TTC14;RBM39;TIA1;MYEF2;ZFP638;CPSF1;NAA12;RSRC2;CLK4;TARBP2;DNAJC17;CLK3;LSM2;SRPK1;CLK2;CLK1;HNRNPA2B1;ACIN1;RNPS1;EIF4G3;RPS24,Ybx1,rmats,793,WikiPathways_2024_Mouse
Mechanisms Associated With Pluripotency WP1763,24/290,0.0352062072547626,2.222317823166499,16.572727898754604,SUZ12;SMAD2;HDAC4;KMT2D;SMARCC1;PBRM1;KDM5C;KDM3A;TCF7L1;PHC1;PTPRS;RIF1;SMURF1;EHMT2;TFE3;EHMT1;CTCF;RBPJ;SALL1;P4HA1;MTF2;SMARCAD1;EP300;OTX2,Ybx1,rmats,793,WikiPathways_2024_Mouse
Cell Cycle R-HSA-1640170,56/654,6.212075500664769e-5,2.364516729214977,39.544973129996905,CEP57;MCM10;CCND3;MIS18BP1;RUVBL2;ENSA;RCC1;EP300;KMT5A;POLE;CDK5RAP2;TMPO;SUN1;PPP1R12A;IST1;FBXW11;HAUS3;VRK1;HAUS6;KIF23;EML4;CTDNEP1;TFDP1;UBE2V2;ANAPC1;MAD1L1;ITGB3BP;RHNO1;POM121;BLM;ANAPC15;ANAPC16;PSMD14;MAX;SRC;ORC5;POLD3;ORC6;SPAST;HAUS8;POLR2A;NSD2;RBBP8;CLASP2;CTC1;NEK9;ACD;CDK11B;POLA2;STAG2;CENPH;KANSL1;NUP35;NCAPD2;NCAPD3;RAD9A,Ybx1,rmats,793,Reactome_2022
Chromatin Modifying Enzymes R-HSA-3247509,28/238,1.6326741552760655e-4,3.311023965141612,49.880178375175404,KMT2E;SUV39H2;KMT2D;KDM5C;KDM3A;EHMT2;SETD6;EHMT1;GPS2;SGF29;RUVBL2;NSD2;SMYD2;EP300;KMT5B;KMT5A;MTA3;KAT14;SUZ12;SMARCC1;PBRM1;MCRS1;ARID1B;ZZZ3;NCOR1;KANSL1;KAT6A;BRMS1L,Ybx1,rmats,793,Reactome_2022
PKMTs Methylate Histone Lysines R-HSA-3214841,11/47,6.35790076754817e-4,7.490799943165672,99.62715827394595,KMT2E;SUZ12;KMT2D;SUV39H2;EHMT2;SETD6;NSD2;SMYD2;EHMT1;KMT5B;KMT5A,Ybx1,rmats,793,Reactome_2022
"Cell Cycle, Mitotic R-HSA-69278",44/523,6.754085477122091e-4,2.296818862171134,29.747948637359645,CEP57;POM121;ANAPC15;ANAPC16;PSMD14;MAX;SRC;MCM10;ORC5;POLD3;CCND3;ORC6;SPAST;HAUS8;ENSA;RCC1;EP300;KMT5A;POLE;CDK5RAP2;TMPO;CLASP2;NEK9;PPP1R12A;IST1;FBXW11;HAUS3;VRK1;HAUS6;KIF23;CDK11B;EML4;CTDNEP1;POLA2;TFDP1;STAG2;CENPH;KANSL1;NUP35;NCAPD2;NCAPD3;ANAPC1;MAD1L1;ITGB3BP,Ybx1,rmats,793,Reactome_2022
Processing Of Capped Intron-Containing Pre-mRNA R-HSA-72203,26/242,9.435334810867188e-4,2.9803829252981795,36.90486257128359,FYTTD1;POM121;NXT1;PDCD7;SRRT;HNRNPR;YBX1;U2AF1L4;PTBP1;FIP1L1;POLR2A;PCBP2;PAPOLA;SRSF11;RBM5;CHTOP;CPSF1;ZCRB1;THOC7;LSM2;PRPF4;ZC3H11A;HNRNPA2B1;NUP35;RNPS1;HNRNPH2,Ybx1,rmats,793,Reactome_2022
Transcriptional Regulation By E2F6 R-HSA-8953750,9/34,9.435334810867188e-4,8.808061224489796,107.56426565384041,SUZ12;PHC1;TFDP1;MAX;EHMT2;MGA;PCGF2;RBBP8;EHMT1,Ybx1,rmats,793,Reactome_2022
Transcriptional Regulation By TP53 R-HSA-3700989,32/354,0.0021718737049836448,2.4661894695603204,27.64156659251875,BLM;EHMT2;MAPKAP1;EHMT1;PIP4P1;POLR2A;SMYD2;RBBP8;PMS2;EP300;NELFB;KMT5A;BID;BANP;MAP2K6;E2F8;SURF1;TBP;TSC2;CNOT10;GTF2H4;TFDP1;CDK5;RRAGB;TTC5;KAT6A;CNOT2;MAPKAPK5;TAF2;TNRC6A;RHNO1;RAD9A,Ybx1,rmats,793,Reactome_2022
Regulation Of TP53 Activity R-HSA-5633007,19/157,0.0021718737049836448,3.3920439650975545,37.61990268566119,BLM;TBP;EHMT2;MAPKAP1;EHMT1;PIP4P1;CDK5;TTC5;KAT6A;SMYD2;RBBP8;EP300;MAPKAPK5;KMT5A;TAF2;RHNO1;BANP;MAP2K6;RAD9A,Ybx1,rmats,793,Reactome_2022
RNA Polymerase II Transcription R-HSA-73857,81/1312,0.005873381808751049,1.661269270438759,16.576154880640946,INTS13;EHMT2;EHMT1;CCNC;YBX1;RBPJ;MED15;CCND3;PIP4P1;PAPOLA;DGCR8;EP300;NELFB;KMT5A;SMARCC1;PBRM1;TBP;MED8;TSC2;ARID1B;MED6;THOC7;MED25;NCOR1;TFDP1;RRAGB;ZC3H11A;KAT6A;MED20;MAPKAPK5;ANAPC1;RHNO1;KMT2E;HDAC4;FYTTD1;KMT2D;BLM;ANAPC15;PSMD14;ANAPC16;MAX;SRC;MAPKAP1;SRRT;GPS2;RTF1;U2AF1L4;FIP1L1;POLR2A;SMYD2;RBBP8;PMS2;RPRD1B;BID;SRSF11;E2F8;NR2C2AP;MAP2K6;BANP;SUZ12;SMAD2;TCF7L2;SURF1;CHTOP;TCF7L1;PHC1;CPSF1;SMURF1;MGA;PCGF2;INTS2;CNOT10;GTF2H4;VEGFA;CDK5;TTC5;CNOT2;RNPS1;TAF2;TNRC6A;RAD9A,Ybx1,rmats,793,Reactome_2022
Regulation Of TP53 Activity Thru Methylation R-HSA-6804760,6/19,0.007561289502503166,11.256377675691526,108.28674051216713,TTC5;EHMT2;SMYD2;EHMT1;EP300;KMT5A,Ybx1,rmats,793,Reactome_2022
mRNA 3-End Processing R-HSA-72187,10/58,0.00872289542852625,5.097647935291613,47.82518855021544,FYTTD1;CHTOP;FIP1L1;CPSF1;ZC3H11A;PAPOLA;RNPS1;THOC7;SRSF11;U2AF1L4,Ybx1,rmats,793,Reactome_2022
Transport Of Mature Transcript To Cytoplasm R-HSA-72202,12/83,0.009355727371389858,4.1411696813402825,38.08781376751754,FYTTD1;POM121;CHTOP;NXT1;FIP1L1;CPSF1;ZC3H11A;NUP35;RNPS1;THOC7;SRSF11;U2AF1L4,Ybx1,rmats,793,Reactome_2022
Gene Expression (Transcription) R-HSA-74160,86/1449,0.009355727371389858,1.5924851682317378,14.562836025542477,INTS13;EHMT2;EHMT1;CCNC;YBX1;RBPJ;MED15;CCND3;PIP4P1;PAPOLA;DGCR8;EP300;NELFB;KMT5A;SMARCC1;PBRM1;TBP;MED8;TSC2;ARID1B;MED6;THOC7;MED25;NCOR1;TFDP1;RRAGB;ZC3H11A;KAT6A;MED20;MTF2;MAPKAPK5;ANAPC1;RHNO1;KMT2E;HDAC4;FYTTD1;KMT2D;BLM;POM121;ANAPC15;PSMD14;ANAPC16;MAX;SRC;MAPKAP1;SRRT;GPS2;RTF1;U2AF1L4;FIP1L1;POLR2A;SMYD2;RBBP8;PMS2;RPRD1B;BID;MTA3;SRSF11;E2F8;NR2C2AP;MAP2K6;BANP;SUZ12;SMAD2;TCF7L2;SURF1;CHTOP;TCF7L1;PHC1;CPSF1;SMURF1;MGA;PCGF2;INTS2;CNOT10;GTF2H4;TARBP2;VEGFA;CDK5;TTC5;CNOT2;NUP35;RNPS1;TAF2;TNRC6A;RAD9A,Ybx1,rmats,793,Reactome_2022
mRNA Splicing R-HSA-72172,19/189,0.015718658518022767,2.748920808633531,23.50809854934293,CPSF1;PDCD7;SRRT;HNRNPR;ZCRB1;YBX1;LSM2;U2AF1L4;PRPF4;PTBP1;FIP1L1;POLR2A;PCBP2;HNRNPA2B1;PAPOLA;RNPS1;HNRNPH2;RBM5;SRSF11,Ybx1,rmats,793,Reactome_2022
DNA Repair R-HSA-73894,26/310,0.01946019664278022,2.258653616614944,18.45751045271301,BLM;PAXIP1;MPG;PNKP;RNF4;POLD3;PPP4R2;POLR2A;NSD2;USP1;RBBP8;PMS2;EP300;POLE;NHEJ1;MUTYH;ACD;XRCC6;UBE2B;MCRS1;RAD23A;CHD1L;GTF2H4;UBE2V2;RHNO1;RAD9A,Ybx1,rmats,793,Reactome_2022
M Phase R-HSA-68886,30/380,0.01946019664278022,2.1183673469387756,17.28885025701869,CEP57;POM121;ANAPC15;ANAPC16;PSMD14;SPAST;HAUS8;ENSA;RCC1;KMT5A;CDK5RAP2;TMPO;CLASP2;NEK9;IST1;HAUS3;KIF23;VRK1;HAUS6;EML4;CTDNEP1;STAG2;CENPH;KANSL1;NUP35;NCAPD2;NCAPD3;ANAPC1;MAD1L1;ITGB3BP,Ybx1,rmats,793,Reactome_2022
RNA Polymerase II Transcription Termination R-HSA-73856,10/67,0.01946019664278022,4.29073962044319,34.94411264024358,FYTTD1;CHTOP;FIP1L1;CPSF1;ZC3H11A;PAPOLA;RNPS1;THOC7;SRSF11;U2AF1L4,Ybx1,rmats,793,Reactome_2022
Transport Of Mature mRNA Derived From An Intron-Containing Transcript R-HSA-159236,10/74,0.039476582856676434,3.820043103448276,27.998379690770847,FYTTD1;POM121;CHTOP;NXT1;ZC3H11A;NUP35;RNPS1;THOC7;SRSF11;U2AF1L4,Ybx1,rmats,793,Reactome_2022
Metabolism Of RNA R-HSA-8953854,44/666,0.039476582856676434,1.7552664002163656,12.808343293843969,EIF4A2;FYTTD1;POM121;NXT1;PSMD14;PDCD7;GEMIN2;SRRT;HNRNPR;YBX1;RPL10A;TSEN2;U2AF1L4;PTBP1;FIP1L1;POLR2A;PCBP2;PAPOLA;UTP14A;SRSF11;RBM5;CHTOP;TYW5;CPSF1;KRR1;PUS1;CNOT10;ZCRB1;GTF2H4;THOC7;TRIT1;GTPBP3;LSM2;PRPF4;ZC3H11A;CNOT2;DNAJC5;HNRNPA2B1;NUP35;RNPS1;HNRNPH2;TRMT11;RPS24;EIF4G1,Ybx1,rmats,793,Reactome_2022
PPARA Activates Gene Expression R-HSA-1989781,13/116,0.039476582856676434,3.0912621359223302,22.486524909605002,ALAS1;MED8;GPS2;CCNC;MIA3;NRF1;MED15;MED6;MED22;MED25;NCOR1;MED20;EP300,Ybx1,rmats,793,Reactome_2022
Transcriptional Regulation By VENTX R-HSA-8853884,7/39,0.04127676428960752,5.336553753180661,38.32093369566221,TCF7L2;ANAPC15;ANAPC16;EHMT2;EHMT1;ANAPC1;TNRC6A,Ybx1,rmats,793,Reactome_2022
Regulation Of Lipid Metabolism By PPARalpha R-HSA-400206,13/118,0.042209812679577484,3.032063492063492,21.56393266887072,ALAS1;MED8;GPS2;CCNC;MIA3;NRF1;MED15;MED6;MED22;MED25;NCOR1;MED20;EP300,Ybx1,rmats,793,Reactome_2022
mRNA Splicing - Major Pathway R-HSA-72163,17/181,0.04431644737897549,2.5437751445813426,17.854277336918287,CPSF1;SRRT;HNRNPR;YBX1;LSM2;U2AF1L4;PRPF4;PTBP1;FIP1L1;POLR2A;PCBP2;HNRNPA2B1;PAPOLA;RNPS1;HNRNPH2;RBM5;SRSF11,Ybx1,rmats,793,Reactome_2022
Cell Cycle,57/649,2.291928738321975e-5,2.435220971650999,43.555018241113316,CEP57;MCM10;CCND3;MIS18BP1;RUVBL2;ENSA;RCC1;EP300;KMT5A;POLE;CDK5RAP2;TMPO;SUN1;PPP1R12A;IST1;FBXW11;HAUS3;VRK1;HAUS6;KIF23;EML4;CTDNEP1;TFDP1;UBE2V2;ANAPC1;MAD1L1;ITGB3BP;RHNO1;POM121;BLM;ANAPC15;ANAPC16;PSMD14;MAX;SRC;ORC5;POLD3;ORC6;SPAST;ORC1;HAUS8;POLR2A;NSD2;ORC2;RBBP8;CLASP2;CTC1;NEK9;ACD;CDK11B;POLA2;STAG2;CENPH;NUP35;NCAPD2;NCAPD3;RAD9A,Ybx1,rmats,793,Reactome_Pathways_2024
Processing of Capped Intron-Containing Pre-mRNA,32/285,8.229162571381442e-5,3.1502547615214014,50.13318686613895,FYTTD1;POM121;RBM25;NXT1;PDCD7;SRRT;HNRNPR;YBX1;U2AF1L4;PTBP1;FIP1L1;POLR2A;CLP1;PCBP2;PAPOLA;RBM7;SRSF11;RBM5;RBM39;CHTOP;CPSF1;ZCRB1;THOC7;LSM2;PRPF4;ZC3H11A;HNRNPA2B1;ACIN1;NUP35;RNPS1;HNRNPH2;FAM50A,Ybx1,rmats,793,Reactome_Pathways_2024
"Cell Cycle, Mitotic",45/516,3.0676479858700626e-4,2.3931332811063046,33.96510231735703,CEP57;POM121;ANAPC15;ANAPC16;PSMD14;MAX;SRC;MCM10;ORC5;POLD3;CCND3;ORC6;SPAST;ORC1;HAUS8;ENSA;ORC2;RCC1;EP300;KMT5A;POLE;CDK5RAP2;TMPO;CLASP2;NEK9;PPP1R12A;IST1;FBXW11;HAUS3;VRK1;HAUS6;KIF23;CDK11B;EML4;CTDNEP1;POLA2;TFDP1;STAG2;CENPH;NUP35;NCAPD2;NCAPD3;ANAPC1;MAD1L1;ITGB3BP,Ybx1,rmats,793,Reactome_Pathways_2024
Chromatin Modifying Enzymes,26/238,8.26854507895623e-4,3.0372561560601214,38.54387467375353,SUV39H2;KMT2D;KDM5C;KDM3A;EHMT2;SETD6;EHMT1;GPS2;SGF29;RUVBL2;NSD2;SMYD2;EP300;KMT5B;KMT5A;MTA3;KAT14;SUZ12;SMARCC1;PBRM1;MCRS1;ARID1B;ZZZ3;NCOR1;KANSL1;KAT6A,Ybx1,rmats,793,Reactome_Pathways_2024
Chromatin Organization,26/238,8.26854507895623e-4,3.0372561560601214,38.54387467375353,SUV39H2;KMT2D;KDM5C;KDM3A;EHMT2;SETD6;EHMT1;GPS2;SGF29;RUVBL2;NSD2;SMYD2;EP300;KMT5B;KMT5A;MTA3;KAT14;SUZ12;SMARCC1;PBRM1;MCRS1;ARID1B;ZZZ3;NCOR1;KANSL1;KAT6A,Ybx1,rmats,793,Reactome_Pathways_2024
Transcriptional Regulation by E2F6,9/34,0.0010257225439264102,8.808061224489796,107.56426565384041,SUZ12;PHC1;TFDP1;MAX;EHMT2;MGA;PCGF2;RBBP8;EHMT1,Ybx1,rmats,793,Reactome_Pathways_2024
Epigenetic Regulation of Gene Expression,29/291,0.0010257225439264102,2.7447194356740336,33.31640403356578,KMT2D;PAXIP1;EHMT2;AKAP8L;EHMT1;GPS2;CCNC;SGF29;EP300;RBM7;MTA3;KAT14;SUZ12;SS18;SMARCC1;TBP;MCRS1;PPHLN1;GTF2H4;ARID1B;MED6;ZZZ3;NCOR1;CDK5;KANSL1;WDR82;MED20;MTF2;MPHOSPH8,Ybx1,rmats,793,Reactome_Pathways_2024
PKMTs Methylate Histone Lysines,10/46,0.0016964166812299748,6.801121044416064,78.22453459793459,SUZ12;KMT2D;SUV39H2;EHMT2;SETD6;NSD2;SMYD2;EHMT1;KMT5B;KMT5A,Ybx1,rmats,793,Reactome_Pathways_2024
mRNA 3'-End Processing,11/58,0.0021933433536303684,5.734341840343908,63.8061363099052,FYTTD1;CHTOP;FIP1L1;CPSF1;CLP1;ZC3H11A;PAPOLA;RNPS1;THOC7;SRSF11;U2AF1L4,Ybx1,rmats,793,Reactome_Pathways_2024
Gene Expression (Transcription),97/1615,0.003161551248605664,1.624029841140036,17.30570046843907,EHMT2;EHMT1;CCNC;RBPJ;CCND3;CLP1;PAPOLA;EP300;KMT5A;SMARCC1;MED8;TSC2;MED6;THOC7;WDR82;RRAGB;ZC3H11A;KAT6A;MAPKAPK5;ANAPC1;RHNO1;KMT2D;BLM;POM121;PAXIP1;ANAPC15;PSMD14;ANAPC16;MAX;MAPKAP1;RTF1;SMYD2;RPRD1B;KAT14;NR2C2AP;MAP2K6;BANP;SMAD2;CHTOP;PHC1;CPSF1;SMURF1;INTS2;CNOT10;ZZZ3;CDK5;CNOT2;RNPS1;RAD9A;AKAP8L;SGF29;YBX1;MED15;DGCR8;NELFB;RBM7;SS18;PBRM1;TBP;PPHLN1;ARID1B;MED25;NCOR1;TFDP1;MED20;MTF2;HDAC4;FYTTD1;SRC;SRF;SRRT;GPS2;U2AF1L4;FIP1L1;POLR2A;RBBP8;PMS2;BID;MTA3;SRSF11;E2F8;SUZ12;TCF7L2;TCF7L1;MCRS1;MGA;PCGF2;GTF2H4;TARBP2;VEGFA;KANSL1;TTC5;NUP35;KRAS;MPHOSPH8;TAF2;TNRC6A,Ybx1,rmats,793,Reactome_Pathways_2024
Formation of WDR5-containing Histone-Modifying Complexes,9/42,0.0038785124653103187,6.669990723562152,69.07658920443042,KMT2D;PAXIP1;ZZZ3;KANSL1;WDR82;MCRS1;AKAP8L;SGF29;KAT14,Ybx1,rmats,793,Reactome_Pathways_2024
RNA Polymerase II Transcription Termination,11/67,0.006456900419088749,4.810490500548045,46.762019341865255,FYTTD1;CHTOP;FIP1L1;CPSF1;CLP1;ZC3H11A;PAPOLA;RNPS1;THOC7;SRSF11;U2AF1L4,Ybx1,rmats,793,Reactome_Pathways_2024
Regulation of TP53 Activity Through Methylation,6/19,0.006456900419088749,11.256377675691526,108.28674051216713,TTC5;EHMT2;SMYD2;EHMT1;EP300;KMT5A,Ybx1,rmats,793,Reactome_Pathways_2024
Regulation of TP53 Activity,18/160,0.006456900419088749,3.1183098591549294,29.952815823152893,BLM;TBP;EHMT2;MAPKAP1;EHMT1;CDK5;TTC5;KAT6A;SMYD2;RBBP8;EP300;MAPKAPK5;KMT5A;TAF2;RHNO1;BANP;MAP2K6;RAD9A,Ybx1,rmats,793,Reactome_Pathways_2024
Epigenetic Regulation by WDR5-containing Histone Modifying Complexes,16/135,0.008107420028477134,3.3030293198360425,30.74737706932484,KMT2D;PAXIP1;MCRS1;AKAP8L;GPS2;CCNC;SGF29;MED6;ZZZ3;NCOR1;CDK5;KANSL1;WDR82;MED20;EP300;KAT14,Ybx1,rmats,793,Reactome_Pathways_2024
Transport of Mature Transcript to Cytoplasm,12/83,0.008497112525926158,4.1411696813402825,38.08781376751754,FYTTD1;POM121;CHTOP;NXT1;FIP1L1;CPSF1;ZC3H11A;NUP35;RNPS1;THOC7;SRSF11;U2AF1L4,Ybx1,rmats,793,Reactome_Pathways_2024
Transcriptional Regulation by TP53,30/362,0.009709701965722519,2.2353503134424986,20.125602492870087,BLM;EHMT2;MAPKAP1;EHMT1;POLR2A;SMYD2;RBBP8;PMS2;EP300;NELFB;KMT5A;BID;BANP;MAP2K6;E2F8;TBP;TSC2;CNOT10;GTF2H4;TFDP1;CDK5;RRAGB;TTC5;KAT6A;CNOT2;MAPKAPK5;TAF2;TNRC6A;RHNO1;RAD9A,Ybx1,rmats,793,Reactome_Pathways_2024
mRNA Splicing,21/215,0.010198291107815484,2.665943325677047,23.71911016642078,RBM39;RBM25;PDCD7;SRRT;HNRNPR;ZCRB1;YBX1;LSM2;U2AF1L4;PRPF4;PTBP1;POLR2A;PCBP2;HNRNPA2B1;ACIN1;RNPS1;HNRNPH2;RBM7;SRSF11;RBM5;FAM50A,Ybx1,rmats,793,Reactome_Pathways_2024
CDC6 Association With the ORC Origin Complex,4/8,0.01067295062974751,24.338403041825096,214.11758887055728,ORC5;ORC6;ORC1;ORC2,Ybx1,rmats,793,Reactome_Pathways_2024
E2F Mediated Regulation of DNA Replication,6/22,0.011062941321469755,9.144377382465057,79.65062164105527,ORC5;POLA2;ORC6;TFDP1;ORC1;ORC2,Ybx1,rmats,793,Reactome_Pathways_2024
RNA Polymerase II Transcription,80/1360,0.015371984030233384,1.5714410939691446,13.04302284441774,EHMT2;EHMT1;CCNC;YBX1;RBPJ;MED15;CCND3;CLP1;PAPOLA;DGCR8;EP300;NELFB;KMT5A;SMARCC1;PBRM1;TBP;MED8;TSC2;ARID1B;MED6;THOC7;MED25;NCOR1;TFDP1;RRAGB;ZC3H11A;KAT6A;MED20;MAPKAPK5;ANAPC1;RHNO1;HDAC4;FYTTD1;KMT2D;BLM;ANAPC15;PSMD14;ANAPC16;MAX;SRC;SRF;MAPKAP1;SRRT;GPS2;RTF1;U2AF1L4;FIP1L1;POLR2A;SMYD2;RBBP8;PMS2;RPRD1B;BID;SRSF11;E2F8;NR2C2AP;MAP2K6;BANP;SUZ12;SMAD2;TCF7L2;CHTOP;TCF7L1;PHC1;CPSF1;SMURF1;MGA;PCGF2;INTS2;CNOT10;GTF2H4;VEGFA;CDK5;TTC5;CNOT2;KRAS;RNPS1;TAF2;TNRC6A;RAD9A,Ybx1,rmats,793,Reactome_Pathways_2024
Activation of the Pre-Replicative Complex,7/33,0.015371984030233384,6.5701213544725,54.23860952897257,ORC5;POLA2;ORC6;ORC1;ORC2;MCM10;POLE,Ybx1,rmats,793,Reactome_Pathways_2024
E2F-enabled Inhibition of Pre-Replication Complex Formation,4/9,0.015371984030233384,19.469708491761725,160.46214813633827,ORC5;ORC6;ORC1;ORC2,Ybx1,rmats,793,Reactome_Pathways_2024
DNA Repair,26/312,0.01745183450387789,2.2426217849946664,18.102831008323164,BLM;PAXIP1;RIF1;MPG;PNKP;RNF4;POLD3;PPP4R2;POLR2A;NSD2;USP1;RBBP8;PMS2;POLE;NHEJ1;MUTYH;ACD;XRCC6;UBE2B;MCRS1;RAD23A;CHD1L;GTF2H4;UBE2V2;RHNO1;RAD9A,Ybx1,rmats,793,Reactome_Pathways_2024
M Phase,29/372,0.023622686926873793,2.0875856700196906,16.134089998591858,CEP57;POM121;ANAPC15;ANAPC16;PSMD14;SPAST;HAUS8;ENSA;RCC1;KMT5A;CDK5RAP2;TMPO;CLASP2;NEK9;IST1;HAUS3;KIF23;VRK1;HAUS6;EML4;CTDNEP1;STAG2;CENPH;NUP35;NCAPD2;NCAPD3;ANAPC1;MAD1L1;ITGB3BP,Ybx1,rmats,793,Reactome_Pathways_2024
mRNA Splicing - Major Pathway,19/204,0.026271089460735458,2.524044975207766,19.14010055534808,RBM39;RBM25;SRRT;HNRNPR;YBX1;LSM2;U2AF1L4;PRPF4;PTBP1;POLR2A;PCBP2;HNRNPA2B1;ACIN1;RNPS1;HNRNPH2;RBM7;SRSF11;RBM5;FAM50A,Ybx1,rmats,793,Reactome_Pathways_2024
Metabolism of RNA,49/761,0.030226060106019092,1.7107930862631389,12.668645653071618,EIF4A2;RBM25;NXT1;PDCD7;GEMIN2;HNRNPR;YBX1;RPL10A;TSEN2;PTBP1;CLP1;PAPOLA;RBM7;UTP14A;RBM5;TYW5;PUS1;ZCRB1;THOC7;GTPBP3;PRPF4;ZC3H11A;HNRNPH2;FYTTD1;POM121;PSMD14;SRRT;U2AF1L4;FIP1L1;POLR2A;PCBP2;SRSF11;RBM39;CHTOP;CPSF1;KRR1;CNOT10;GTF2H4;TRIT1;LSM2;CNOT2;HNRNPA2B1;ACIN1;NUP35;RNPS1;TRMT11;RPS24;EIF4G1;FAM50A,Ybx1,rmats,793,Reactome_Pathways_2024
Transport of Mature mRNA Derived From an Intron-Containing Transcript,10/74,0.03144157370699967,3.820043103448276,27.998379690770847,FYTTD1;POM121;CHTOP;NXT1;ZC3H11A;NUP35;RNPS1;THOC7;SRSF11;U2AF1L4,Ybx1,rmats,793,Reactome_Pathways_2024
PPARA Activates Gene Expression,13/117,0.03480657841548852,3.061378205128205,22.019175085793297,ALAS1;MED8;GPS2;CCNC;NRF1;MED15;MED6;MED22;MED25;NCOR1;MED20;ME1;EP300,Ybx1,rmats,793,Reactome_Pathways_2024
Regulation of Lipid Metabolism by PPARalpha,13/119,0.03949135296363965,3.003301886792453,21.12039760151324,ALAS1;MED8;GPS2;CCNC;NRF1;MED15;MED6;MED22;MED25;NCOR1;MED20;ME1;EP300,Ybx1,rmats,793,Reactome_Pathways_2024
Transcriptional Regulation by VENTX,7/41,0.044959679856058136,5.0221149528513696,34.5015194549935,TCF7L2;ANAPC15;ANAPC16;EHMT2;EHMT1;ANAPC1;TNRC6A,Ybx1,rmats,793,Reactome_Pathways_2024
Maturation of Spike Protein 9683686,3/6,0.047606359152471085,24.308860759493673,164.83763964046543,GANAB;MGAT1;MOGS,Ybx1,rmats,793,Reactome_Pathways_2024
Messenger RNA processing,24/203,0.0010850650651431193,3.3176075727746257,43.82336615933516,RBM39;POM121;CPSF1;HNRNPR;YBX1;GTF2H4;CLK4;CLK3;SRPK1;CLK2;LSM2;CLK1;PRPF4;PTBP1;POLR2A;CLP1;PCBP2;HNRNPA2B1;PAPOLA;NUP35;RNPS1;HNRNPH2;SRSF11;RBM5,Ybx1,rmats,793,BioPlanet_2019
Messenger RNA splicing: major pathway,13/68,0.0010850650651431193,5.803636363636364,75.4406520563594,CPSF1;HNRNPR;YBX1;PTBP1;PRPF4;CLP1;PCBP2;HNRNPA2B1;PAPOLA;HNRNPH2;RNPS1;RBM5;SRSF11,Ybx1,rmats,793,BioPlanet_2019
mTOR signaling pathway,16/113,0.0031278819293370018,4.056840345500139,46.79434704057166,EIF4A2;FBXW11;STRADA;MAPKAP1;VEGFB;TSC2;VEGFA;IKBKB;RPS6KB1;RRAGB;RPS6KA2;RPS6KB2;KRAS;EIF4E2;EIF4G3;EIF4G1,Ybx1,rmats,793,BioPlanet_2019
Capped intron-containing pre-mRNA processing,17/138,0.006620461430770968,3.4555465621538723,35.59644295175757,POM121;CPSF1;HNRNPR;YBX1;LSM2;PRPF4;PTBP1;POLR2A;CLP1;PCBP2;HNRNPA2B1;PAPOLA;NUP35;RNPS1;HNRNPH2;RBM5;SRSF11,Ybx1,rmats,793,BioPlanet_2019
Assembly of the ORC complex at the origin of replication,4/6,0.006620461430770968,48.68187579214195,500.1597032885172,ORC5;ORC6;ORC1;ORC2,Ybx1,rmats,793,BioPlanet_2019
Activation of the pre-replicative complex,7/30,0.021952958823236734,7.428255337979865,66.05936296905816,ORC5;POLA2;ORC6;ORC1;ORC2;MCM10;POLE,Ybx1,rmats,793,BioPlanet_2019
RNA Binding (GO:0003723),108/1411,1.1885143854637716e-8,2.1664009500815076,53.076564425643944,EIF4A2;DBR1;HNRNPR;RPL10A;VIRMA;ALKBH1;LUC7L;UBAP2L;CAST;RARS2;RBFOX2;TYW5;SCAF11;SECISBP2;PUS1;CIRBP;NOSIP;ZCRB1;ILF3;ZC3H11A;AARS2;MAZ;RTF1;RCC1L;HNRNPDL;PCBP2;ERI3;G3BP2;SAFB2;LTA4H;PRPF38B;TIA1;XRCC6;CHTOP;ZRANB2;CLK3;LSM2;SRPK1;SETX;EIF5;FUBP3;MKRN2;RNPS1;EIF4G3;RPS24;EIF4G1;RBM25;AKAP8L;YBX1;ZCCHC17;PTBP1;DGCR8;LRRFIP1;RBM34;RBM7;UTP14A;RBM5;PSTK;CLUH;DDX55;ZFR;RBM19;DARS2;PPHLN1;TRNAU1AP;MRPL45;REXO4;PKM;SLTM;CSDE1;ESRP1;RPUSD3;HNRNPH2;EIF4E2;LUC7L2;FYTTD1;STAU1;SRF;SRRT;AKAP8;MTIF2;SAMHD1;GANAB;UNK;TCOF1;FIP1L1;POLR2A;TRA2A;CTNNA1;FLNA;SRSF11;PTCD3;RBM39;MYEF2;KRR1;MCRS1;RSRC2;TPD52L2;CDK11B;TARBP2;KTN1;SEC23IP;HNRNPA2B1;ZYX;ACIN1;UBAP2;TNRC6A;FAM50A,Ybx1,rmats,793,GO_Molecular_Function_2023
GTPase Binding (GO:0051020),26/225,2.774371257308528e-4,3.237884336938932,44.51661272402431,MAPKAP1;ARHGAP1;RHOBTB3;CIB1;YBX1;STRN3;GGA1;AP3M1;GOLGA4;DENND10;RCC1;FLNA;ERC1;TNPO3;RALBP1;ANKRD27;TSC2;GAPVD1;CYRIB;LSM2;IFT20;ABI2;RRAGB;ATG16L1;RAB34;ARHGEF2,Ybx1,rmats,793,GO_Molecular_Function_2023
Small GTPase Binding (GO:0031267),23/199,7.615523382410332e-4,3.2298775088547815,39.83551096648222,RALBP1;ANKRD27;MAPKAP1;ARHGAP1;RHOBTB3;TSC2;CIB1;GAPVD1;CYRIB;LSM2;STRN3;IFT20;GGA1;AP3M1;GOLGA4;ABI2;RAB34;DENND10;RCC1;FLNA;ARHGEF2;ERC1;TNPO3,Ybx1,rmats,793,GO_Molecular_Function_2023
Protein-Lysine N-methyltransferase Activity (GO:0016279),11/54,9.270532092390556e-4,6.269077499553917,74.28298335324321,SETD5;SUV39H2;KMT2D;EHMT2;SETD6;NSD2;SMYD2;EHMT1;KMT5B;KMT5A;EEF1AKMT2,Ybx1,rmats,793,GO_Molecular_Function_2023
Methylation-Dependent Protein Binding (GO:0140034),12/68,0.0013614140298262706,5.254527162977867,59.06980414815638,KMT2E;MBTD1;SUZ12;ZZZ3;ZMYND8;MTF2;PWWP2A;SGF29;LRWD1;NCAPD3;JMJD7;MPHOSPH8,Ybx1,rmats,793,GO_Molecular_Function_2023
DNA Binding (GO:0003677),59/846,0.001533336393611496,1.8813554040626115,20.465788539979453,APP;MPG;JMJD1C;MCM10;CTCF;SMC6;YBX1;RBPJ;PTBP1;RUVBL2;EP300;SMARCAD1;TRIM26;LRRFIP1;POLE;RBM5;POLG;SECISBP2;APLP2;DNTTIP1;RAD23A;REXO4;MMS22L;ILF3;SLTM;KAT6A;MTF2;HDAC4;KMT2D;BLM;KDM3A;MAX;PNKP;SRRT;RTF1;RNF4;SAMHD1;SBNO1;POLR2A;PCBP2;SAFB2;RBBP8;PMS2;PMS1;NHEJ1;DEDD;CTC1;SUZ12;SMAD2;TCF7L2;XRCC6;TCF7L1;USF2;GTF2H4;SETX;TFAP4;FUBP3;IMPDH1;QRICH1,Ybx1,rmats,793,GO_Molecular_Function_2023
Methylated Histone Binding (GO:0035064),12/71,0.001533336393611496,4.9865665487532285,53.78661773665479,KMT2E;MBTD1;SUZ12;ZZZ3;ZMYND8;MTF2;PWWP2A;SGF29;LRWD1;NCAPD3;JMJD7;MPHOSPH8,Ybx1,rmats,793,GO_Molecular_Function_2023
Histone H3 Methyltransferase Activity (GO:0140938),8/36,0.004311730525988016,6.980527752502275,67.144846800939,KMT2E;KMT2D;SETD5;SUV39H2;EHMT2;NSD2;SMYD2;EHMT1,Ybx1,rmats,793,GO_Molecular_Function_2023
Histone H3K9 Methyltransferase Activity (GO:0046974),4/9,0.01519252967121178,19.469708491761725,160.46214813633827,SETD5;SUV39H2;EHMT2;EHMT1,Ybx1,rmats,793,GO_Molecular_Function_2023
Lysine N-methyltransferase Activity (GO:0016278),6/25,0.017677498983487448,7.699324550257473,61.19120369396465,EHMT2;SETD6;SMYD2;EHMT1;KMT5A;EEF1AKMT2,Ybx1,rmats,793,GO_Molecular_Function_2023
mRNA Binding (GO:0003729),24/282,0.017677498983487448,2.2921946351347264,18.016626131494135,FYTTD1;CHTOP;TIA1;RBM25;RBFOX2;CLUH;MYEF2;SECISBP2;CIRBP;HNRNPR;PTBP1;UNK;PKM;FUBP3;ESRP1;PCBP2;HNRNPA2B1;G3BP2;LUC7L;RNPS1;EIF4G3;RBM5;LUC7L2;EIF4G1,Ybx1,rmats,793,GO_Molecular_Function_2023
Single-Stranded DNA Binding (GO:0003697),12/96,0.017677498983487448,3.4978964697274555,27.292197028131014,CTC1;MMS22L;BLM;FUBP3;PCBP2;PMS2;MCM10;RAD23A;SMC6;RTF1;SAMHD1;REXO4,Ybx1,rmats,793,GO_Molecular_Function_2023
Tubulin Binding (GO:0015631),26/322,0.02017177727614066,2.1657123224919834,16.43867769562949,CEP57;SPAST;OPA1;HAUS8;STMN1;TOGARAM1;CDK5RAP2;APPL1;ENKD1;CLASP2;KIF23;MACO1;HAUS6;DNM2;EML4;NISCH;TTLL4;CDK5;HOOK2;IFT81;PRC1;REEP3;TBCE;ARHGEF2;ARHGEF7;GAPDH,Ybx1,rmats,793,GO_Molecular_Function_2023
DNA Replication Origin Binding (GO:0003688),4/13,0.047822724812400505,10.814251513871286,71.72856176492492,ORC5;ORC1;ORC2;MCM10,Ybx1,rmats,793,GO_Molecular_Function_2023
Microtubule Binding (GO:0008017),20/239,0.047822724812400505,2.2432909792246303,14.73787253970767,CEP57;FBXW11;KIF23;MACO1;HAUS6;DNM2;EML4;SPAST;CDK5;HOOK2;OPA1;HAUS8;PRC1;REEP3;TOGARAM1;ARHGEF2;GAPDH;CDK5RAP2;ENKD1;CLASP2,Ybx1,rmats,793,GO_Molecular_Function_2023
Ubiquitin-Like Protein Transferase Activity (GO:0019787),20/240,0.047822724812400505,2.2329765964953547,14.558046110266703,UBE2F;HDAC4;MARCHF2;AREL1;UBE2B;UHRF2;FBXW11;SMURF1;RNF14;UBR3;UBE3A;RNF4;FBXW2;TRAF7;ATG16L1;TTC3;UBA3;RBCK1;ARIH1;ATG5,Ybx1,rmats,793,GO_Molecular_Function_2023
DNA Metabolic Process (GO:0006259),31/288,0.001332074814790985,2.999734468989042,43.57441404457158,BLM;PNKP;MCM10;SAMHD1;ORC5;POLD3;HPF1;ORC6;ORC1;ALKBH1;RUVBL2;ORC2;RBBP8;SMARCAD1;KMT5B;POLE;POLG;MUTYH;CTC1;TCF7L2;XRCC6;UBE2B;MCRS1;CHD1L;LRWD1;GTF2H4;REXO4;POLA2;UBE2V2;MMS19;RAD9A,Ybx1,rmats,793,GO_Biological_Process_2023
Positive Regulation Of Transcription By RNA Polymerase II (GO:0045944),66/938,0.004603922714043356,1.9088594576177076,23.51651728546634,APP;PRDM4;ZMYND8;AKAP8L;CCNC;YBX1;RBPJ;GABPB1;MED15;IKBKB;PPP3CB;SALL1;RUVBL2;ZMIZ2;NCK2;PWWP2A;EP300;GABPA;GTF2I;SS18;PPP1R12A;TBP;CHUK;TFE3;MED8;CKAP2;PEX2;MED6;SENP1;MED22;THAP3;TFDP1;MED20;ZSCAN21;ARHGEF2;HDAC4;KMT2D;PAXIP1;MAX;SRF;GPS2;MOSPD1;RNF4;BCL2L12;NRIP1;APBB2;OTX2;RPRD1B;MAP2K5;E2F8;BRD4;SMAD2;TCF7L2;XRCC6;MCRS1;IRX3;RFXANK;USF2;VEGFA;SETX;FUBP3;MKRN2;SSBP3;NFE2L1;TAF2;SSBP4,Ybx1,rmats,793,GO_Biological_Process_2023
Endocytosis (GO:0006897),22/189,0.004603922714043356,3.2532600169311183,38.9593379916403,APP;RALBP1;TSC2;EPS15L1;PIK3C2A;TM9SF4;DNM2;GAK;AP3M1;CLN3;CYTH2;NECAP2;BIN3;HOOK2;BIN1;RAB34;PACSIN2;OCIAD1;ATP6V1H;PIP5K1C;CSNK1G2;PDLIM7,Ybx1,rmats,793,GO_Biological_Process_2023
Positive Regulation Of DNA-templated Transcription (GO:0045893),81/1243,0.004603922714043356,1.7666714208358314,21.022727518064492,APP;PRDM4;RNF14;AKAP8L;CCNC;CTCF;SGF29;YBX1;RBPJ;GABPB1;IKBKB;PPP3CB;SALL1;RUVBL2;ZMIZ2;NCK2;EP300;GABPA;CDK5RAP2;GTF2I;SS18;SMARCC1;PPP1R12A;CHUK;FBXW11;TFE3;CKAP2;PEX2;ARID1B;MED6;DNM2;SENP1;MED22;THAP3;ILF3;TFDP1;KAT6A;ZSCAN21;ARHGEF2;KMT2E;HDAC4;KMT2D;BLM;KDM3A;MAX;SRF;MAZ;GPS2;MOSPD1;RNF4;BCL2L12;MBTD1;DEAF1;NRIP1;APBB2;OTX2;RPRD1B;MTA3;MAP2K5;E2F8;BRD4;SMAD2;TCF7L2;XRCC6;MCRS1;IRX3;RFXANK;USF2;VEGFA;SETX;TFAP4;FUBP3;KANSL1;MKRN2;NAA16;QRICH1;MMS19;SSBP3;NFE2L1;TAF2;SSBP4,Ybx1,rmats,793,GO_Biological_Process_2023
DNA Replication Initiation (GO:0006270),7/21,0.005810061479891986,12.209287531806616,139.72063322251356,ORC5;POLA2;ORC6;ORC1;ORC2;MCM10;LRWD1,Ybx1,rmats,793,GO_Biological_Process_2023
DNA-templated DNA Replication (GO:0006261),12/69,0.006918037585655929,5.162072915964687,57.2315747088652,ORC5;POLD3;BLM;POLA2;ORC6;ORC1;PNKP;ORC2;MCM10;LRWD1;POLE;POLG,Ybx1,rmats,793,GO_Biological_Process_2023
Mitotic Spindle Organization (GO:0007052),13/85,0.011100138420967081,4.429398148148148,46.331329229128556,INTS13;KIF23;WRAP73;SPAST;STAG2;CENPH;PRC1;STMN1;TBCE;RCC1;FLNA;PIBF1;CLASP2,Ybx1,rmats,793,GO_Biological_Process_2023
DNA Repair (GO:0006281),27/291,0.013058657278349919,2.5291805126987894,25.61278397748824,BLM;MPG;PNKP;CIB1;POLD3;HPF1;ALKBH1;NSD2;RBBP8;PMS2;KMT5B;POLE;NHEJ1;PMS1;MUTYH;XRCC6;SLC30A9;UBE2B;RAD23A;CHD1L;GTF2H4;REXO4;SETX;UBE2V2;MMS19;RHNO1;RAD9A,Ybx1,rmats,793,GO_Biological_Process_2023
Regulation Of RNA Splicing (GO:0043484),14/102,0.013058657278349919,3.9045687944917726,38.71048168075289,RBM39;TIA1;SGF29;CLK4;CLK3;CLK2;SRPK1;CLK1;SETX;PTBP1;POLR2A;ESRP1;HNRNPH2;FAM50A,Ybx1,rmats,793,GO_Biological_Process_2023
Protein Transport (GO:0015031),28/313,0.013058657278349919,2.4300699461070976,23.814102382651562,SAR1A;ARHGAP1;MIA3;SCAMP4;GGA1;GOLGA4;DENND10;TLK1;ARFIP1;TMED5;SEC31A;RAB8B;CTSA;ACD;STX8;FAM91A1;SCAMP2;DNM2;SEC23IP;PREPL;RAB34;RABL3;PICK1;PREB;COPG2;ARHGEF2;VPS45;PHAF1,Ybx1,rmats,793,GO_Biological_Process_2023
Regulation Of Translation (GO:0006417),21/202,0.013058657278349919,2.859373658145593,27.997741922514646,EIF4A2;APP;GRB7;TIA1;CIRBP;CNOT10;MTIF2;YBX1;ILF3;EIF5;TCOF1;RPS6KB1;ALKBH1;CSDE1;MAPKAPK5;ZCCHC4;EIF4E2;EIF4G3;GAPDH;METAP1;EIF4G1,Ybx1,rmats,793,GO_Biological_Process_2023
Positive Regulation Of DNA-templated Transcription Initiation (GO:2000144),10/56,0.013058657278349919,5.31984007996002,51.562482598961,SETX;MED22;TBP;PAXIP1;SRF;MED20;MED8;MED15;MED6;TAF2,Ybx1,rmats,793,GO_Biological_Process_2023
Peptidyl-Lysine Methylation (GO:0018022),7/27,0.013058657278349919,8.54382951653944,82.18196497667472,SUV39H2;EHMT2;SETD6;SMYD2;EHMT1;KMT5A;EEF1AKMT2,Ybx1,rmats,793,GO_Biological_Process_2023
Chromatin Organization (GO:0006325),25/268,0.013058657278349919,2.5404020919067216,24.306555056818112,HDAC4;SUV39H2;KDM5C;PAXIP1;EHMT1;CTCF;CHAF1A;RUVBL2;PWWP2A;SMARCAD1;MTA3;SS18;SMARCC1;PBRM1;CHTOP;TCF7L1;PHC1;MCRS1;PCGF2;CHD1L;LRWD1;ARID1B;ZZZ3;MTF2;FAM50A,Ybx1,rmats,793,GO_Biological_Process_2023
Regulation Of Transcription Initiation By RNA Polymerase II (GO:0060260),10/57,0.013058657278349919,5.20638026140594,49.64453630345015,MED22;TBP;PAXIP1;SRF;MED20;MED8;PWWP2A;MED15;MED6;TAF2,Ybx1,rmats,793,GO_Biological_Process_2023
Double-Strand Break Repair (GO:0006302),18/168,0.02147245176537932,2.9507612903225806,26.478563802300993,BLM;XRCC6;PSMD14;ZMYND8;PNKP;CIB1;SMC6;SAMHD1;RAD54B;MBTD1;SETX;MMS22L;HPF1;NSD2;UBE2V2;RBBP8;SMARCAD1;NHEJ1,Ybx1,rmats,793,GO_Biological_Process_2023
Regulation Of Embryonic Development (GO:0045995),10/62,0.022758445685861255,4.704538756262894,41.4075984350551,BAG6;ZZZ3;RUVBL2;MCRS1;RBM19;EHMT1;OTX2;SGF29;KAT14;CLASP2,Ybx1,rmats,793,GO_Biological_Process_2023
Peptidyl-Lysine Monomethylation (GO:0018026),4/8,0.022758445685861255,24.338403041825096,214.11758887055728,SETD6;SMYD2;EHMT1;KMT5A,Ybx1,rmats,793,GO_Biological_Process_2023
Positive Regulation Of Transcription Initiation By RNA Polymerase II (GO:0060261),9/52,0.026261331000539734,5.1161604176554345,44.00047144503129,MED22;TBP;PAXIP1;SRF;MED20;MED8;MED15;MED6;TAF2,Ybx1,rmats,793,GO_Biological_Process_2023
Regulation Of Translational Initiation (GO:0006446),10/65,0.029483312221044035,4.4472309299895505,37.351339935811104,EIF4A2;EIF5;RPS6KB1;ALKBH1;CSDE1;RPS6KB2;NCK2;MTIF2;EIF4G3;EIF4G1,Ybx1,rmats,793,GO_Biological_Process_2023
Positive Regulation Of Nucleic Acid-Templated Transcription (GO:1903508),40/557,0.029483312221044035,1.9203649618161782,16.101264063312847,KMT2E;HDAC4;BLM;KDM3A;MAX;RNF14;MAZ;CTCF;SGF29;RNF4;IKBKB;MBTD1;PPP3CB;SALL1;DEAF1;RUVBL2;EP300;OTX2;MTA3;CDK5RAP2;BRD4;SMAD2;SMARCC1;XRCC6;CHUK;FBXW11;MCRS1;TFE3;ARID1B;DNM2;MED22;ILF3;TFAP4;FUBP3;KANSL1;KAT6A;MMS19;NAA16;QRICH1;TAF2,Ybx1,rmats,793,GO_Biological_Process_2023
Intracellular Protein Transport (GO:0006886),27/325,0.03123009547260152,2.236594704470184,18.519906499883064,RPAIN;POM121;NXT1;SAR1A;GGA1;TLK1;ARFIP1;TMED5;TNPO3;SEC31A;APPL1;CTSA;ACD;RANBP3;STRADA;SMURF1;APLP2;STX8;TSC2;FAM91A1;SEC23IP;RABL3;PICK1;PREB;ARHGEF2;VPS45;VPS28,Ybx1,rmats,793,GO_Biological_Process_2023
Stress Granule Assembly (GO:0034063),6/24,0.03275819092523977,8.127488352393053,66.5493447063555,GRB7;TIA1;CSDE1;CIRBP;G3BP2;UBAP2L,Ybx1,rmats,793,GO_Biological_Process_2023
Protein Targeting To Peroxisome (GO:0006625),5/16,0.033141725873559215,11.07291185971389,90.06685699837033,PEX19;ZFAND6;PEX2;PEX26;RAB8B,Ybx1,rmats,793,GO_Biological_Process_2023
Chromatin Remodeling (GO:0006338),21/228,0.03335583013440203,2.496808590523391,20.190991290783963,HDAC4;SUV39H2;SS18;SMARCC1;PBRM1;CHTOP;KDM5C;PAXIP1;PHC1;MCRS1;PCGF2;CTCF;CHD1L;ARID1B;HPF1;RUVBL2;MTF2;UBR5;PWWP2A;SMARCAD1;MTA3,Ybx1,rmats,793,GO_Biological_Process_2023
Golgi Vesicle Transport (GO:0048193),19/197,0.03428110919183665,2.6242705339256163,21.04700957567773,SAR1A;PITPNB;COG4;MIA3;SCAMP2;DNM2;GOLGA4;TRAPPC6A;MYO1B;SPAST;TRAPPC6B;PICK1;PREB;COPG2;SEC24C;TMED5;SEC31A;VTI1B;RAB8B,Ybx1,rmats,793,GO_Biological_Process_2023
Regulation Of mRNA Processing (GO:0050684),7/35,0.03833571367231307,6.1001908396946565,48.01221893103042,RBM39;TIA1;SLTM;PAPOLA;SAFB2;CDK11B;SRPK1,Ybx1,rmats,793,GO_Biological_Process_2023
Peroxisomal Membrane Transport (GO:0015919),5/17,0.03893593982904974,10.149640439932318,79.35705350081935,ABCD4;PEX19;PEX2;PEX26;RAB8B,Ybx1,rmats,793,GO_Biological_Process_2023
Regulation Of Signal Transduction By P53 Class Mediator (GO:1901796),8/47,0.04394094570079423,5.008786542544504,38.38075706009259,PIP4P1;KAT6A;SMYD2;EP300;URB2;MAPKAPK5;KMT5A;MAP2K6,Ybx1,rmats,793,GO_Biological_Process_2023
Intracellular Membrane-Bounded Organelle (GO:0043231),307/5175,1.1464877599825695e-13,1.860674481200821,65.9135081417366,PANK2;EHMT2;ZMYND8;EHMT1;CCNC;HNRNPR;SMC6;RBPJ;GABPB1;PPP4R2;ALKBH1;ZMIZ2;RPS6KA2;PWWP2A;RCC1;UBAP2L;TMPO;SMARCC1;PRKCI;RBFOX2;SLC35C2;DNTTIP1;CIRBP;MED8;RFX1;ARMC8;JMJD7;MED6;SCAMP2;NISCH;BIN1;RRAGB;PREB;RHNO1;GGNBP2;PAXIP1;SDR39U1;DCUN1D2;UBE2J2;UBE2J1;SPAST;PCBP2;DPH3;LTA4H;NHEJ1;KAT14;VTI1B;SEC31A;CTC1;CTSA;XRCC6;PHC1;TIPARP;INTS2;MEMO1;NTAN1;PTK2;SRPK1;SETX;EIF5;STAG2;FUBP3;MMS19;RNPS1;PKIG;RPS24;CEP57;RPAIN;SUV39H2;SETD5;INTS13;SETD6;MIA3;CTCF;MED15;N4BP2L2;CHAF1A;NELFB;ARIH1;GABPA;TMED5;APPL1;SS18;PBRM1;STRADA;TFE3;KIF23;GAK;MED22;NCOR1;SLTM;MED20;MTF2;G2E3;HNRNPH2;AKAP8;GPS2;ECPAS;RAD54B;GGA1;NSD2;USP1;CTNNA1;FLNA;PMS2;MARCHF7;APBB2;PMS1;SRSF11;NKTR;BRD4;EVC2;SUZ12;RANBP3;MYEF2;MCRS1;PCGF2;GTF2H4;TARBP2;SEC23IP;TFAP4;CENPH;GID8;TTC3;HNRNPA2B1;NBR1;TSR2;ZYX;UBAP2;NCAPD2;EEF1AKMT2;MPHOSPH8;SCARB1;MTCH2;DBR1;PRDM4;GEMIN2;CIB1;RPL10A;COMT;VIRMA;CDC14B;EEF1B2;CCND3;SALL1;RUVBL2;PAPOLA;EP300;SMARCAD1;KMT5B;KMT5A;GTF2I;TLE3;SLC30A9;TLE1;IST1;FBXW11;PUS1;APLP2;TSC2;NOSIP;VRK1;CHD1L;THOC7;DPM1;PRPF4;ILF3;DMTF1;KAT6A;UBE2V2;PKP4;MAPKAPK5;CSNK1G2;KMT2E;KMT2D;BLM;PSMD14;MAX;ANKRD11;MAZ;ARHGAP19;HTRA2;BCL2L12;BAG6;ORC5;SBNO1;ORC1;DEAF1;UBR5;ORC2;SMYD2;PACSIN2;SAFB2;OTX2;RPRD1B;PIBF1;UBE2F;OSBPL9;SMAD2;TIA1;CHTOP;ANKRD27;UBE2B;CPSF1;PHF12;RFXANK;MACO1;CLK4;CLK3;CLK2;LSM2;CLK1;IFT20;HOOK2;CDK5;P4HA1;CNOT2;UBA3;MKRN2;NFE2L1;RAD9A;EIF4G1;KDM5C;NXT1;NAA40;RNF14;AKAP8L;MCM10;UFSP2;YBX1;PIK3C2A;SENP6;PTBP1;DTWD1;HPF1;DGCR8;TLK1;RBM7;POLE;TNPO3;RBM5;ILKAP;POLG;SUN1;TBP;REXO1;AKTIP;RAD23A;PEX2;TRNAU1AP;REXO4;SENP1;MMS22L;TRAF7;TRAPPC6A;TFDP1;PKM;TRAPPC6B;ESRP1;DNAJC5;GAPDH;ITGB3BP;HDAC4;LAMA5;VAC14;KDM3A;UHRF2;NAA20;SRF;PNKP;MOSPD1;RNF4;SAMHD1;CLN3;GANAB;NFS1;POLR2A;TRA2A;NRIP1;RBBP8;DRAM2;UBQLN4;MTA3;MUTYH;TCF7L2;ATE1;TCF7L1;IRX3;LIMK2;LRWD1;PTPN12;CDK11B;USF2;KANSL1;PRC1;ABHD17A;IMPDH1;BRMS1L;DOLPP1;ACIN1;NAA16;QRICH1;SSBP3;TAF2;TNRC6A;SSBP4;FAM50A,Ybx1,rmats,793,GO_Cellular_Component_2023
Nucleus (GO:0005634),269/4487,4.009534219172976e-12,1.8242614349986788,56.87467033590338,PANK2;EHMT2;ZMYND8;EHMT1;CCNC;HNRNPR;SMC6;RBPJ;GABPB1;PPP4R2;ALKBH1;ZMIZ2;RPS6KA2;PWWP2A;RCC1;UBAP2L;TMPO;SMARCC1;PRKCI;RBFOX2;DNTTIP1;CIRBP;MED8;ARMC8;JMJD7;MED6;BIN1;RRAGB;PREB;RHNO1;GGNBP2;PAXIP1;SDR39U1;DCUN1D2;UBE2J2;UBE2J1;SPAST;PCBP2;DPH3;LTA4H;NHEJ1;KAT14;CTC1;XRCC6;PHC1;TIPARP;INTS2;MEMO1;NTAN1;PTK2;SRPK1;SETX;EIF5;STAG2;FUBP3;MMS19;RNPS1;PKIG;RPS24;CEP57;RPAIN;SUV39H2;SETD5;INTS13;SETD6;CTCF;MED15;N4BP2L2;CHAF1A;NELFB;ARIH1;GABPA;APPL1;SS18;PBRM1;STRADA;TFE3;KIF23;MED22;NCOR1;SLTM;MED20;MTF2;G2E3;HNRNPH2;AKAP8;GPS2;ECPAS;RAD54B;NSD2;USP1;FLNA;PMS2;MARCHF7;APBB2;PMS1;SRSF11;NKTR;BRD4;EVC2;SUZ12;RANBP3;MYEF2;MCRS1;PCGF2;GTF2H4;TARBP2;TFAP4;CENPH;GID8;TTC3;HNRNPA2B1;TSR2;ZYX;UBAP2;NCAPD2;EEF1AKMT2;MPHOSPH8;MTCH2;DBR1;PRDM4;GEMIN2;CIB1;RPL10A;VIRMA;CDC14B;EEF1B2;CCND3;SALL1;RUVBL2;PAPOLA;EP300;SMARCAD1;KMT5B;KMT5A;GTF2I;TLE3;SLC30A9;TLE1;FBXW11;PUS1;APLP2;TSC2;NOSIP;VRK1;CHD1L;THOC7;DPM1;PRPF4;ILF3;DMTF1;KAT6A;UBE2V2;PKP4;MAPKAPK5;CSNK1G2;KMT2E;KMT2D;BLM;PSMD14;MAX;ANKRD11;MAZ;HTRA2;BCL2L12;BAG6;ORC5;SBNO1;ORC1;DEAF1;UBR5;ORC2;SMYD2;SAFB2;OTX2;RPRD1B;PIBF1;UBE2F;SMAD2;TIA1;CHTOP;UBE2B;CPSF1;PHF12;RFXANK;MACO1;CLK4;CLK3;CLK2;LSM2;CLK1;CDK5;CNOT2;UBA3;MKRN2;NFE2L1;RAD9A;EIF4G1;KDM5C;NXT1;NAA40;RNF14;AKAP8L;MCM10;UFSP2;YBX1;SENP6;PTBP1;DTWD1;HPF1;DGCR8;TLK1;RBM7;POLE;RBM5;ILKAP;TBP;REXO1;AKTIP;RAD23A;TRNAU1AP;REXO4;SENP1;MMS22L;TFDP1;PKM;ESRP1;GAPDH;ITGB3BP;HDAC4;LAMA5;KDM3A;UHRF2;NAA20;SRF;PNKP;MOSPD1;RNF4;SAMHD1;CLN3;NFS1;POLR2A;HAUS8;TRA2A;NRIP1;RBBP8;UBQLN4;MTA3;MUTYH;TCF7L2;ATE1;TCF7L1;IRX3;LIMK2;LRWD1;PTPN12;CDK11B;USF2;KANSL1;PRC1;IMPDH1;BRMS1L;ACIN1;NAA16;QRICH1;SSBP3;TAF2;SSBP4;FAM50A,Ybx1,rmats,793,GO_Cellular_Component_2023
trans-Golgi Network (GO:0005802),26/241,3.5986785814149915e-4,2.994402837997635,37.306613615023174,APP;RHOBTB3;PCSK7;PIK3C2A;ECPAS;SCAMP4;GGA1;CLN3;GOLGA4;SMPD4;ARFIP1;PLEKHJ1;CLASP2;SLC30A6;COG4;STX8;FAM91A1;TJAP1;SCAMP2;PREPL;TRAPPC6A;MYO1B;HOOK2;TRAPPC6B;PICK1;PHAF1,Ybx1,rmats,793,GO_Cellular_Component_2023
Mitotic Spindle (GO:0072686),16/143,0.012447527543112891,3.0936673456358497,26.69080070415555,LIMK2;CKAP2;HAUS3;HAUS6;KIF23;SGF29;CDC14B;EML4;WRAP73;ZZZ3;NCOR1;HAUS8;PKP4;MAD1L1;KAT14;CLASP2,Ybx1,rmats,793,GO_Cellular_Component_2023
Heterochromatin (GO:0000792),8/49,0.034956194188133435,4.763958365698307,35.11915216468019,SALL1;UHRF2;ORC2;SMARCAD1;FLYWCH1;LRWD1;NCAPD3;MPHOSPH8,Ybx1,rmats,793,GO_Cellular_Component_2023
beta-catenin-TCF Complex (GO:1990907),4/12,0.04359019075830872,12.166666666666666,84.78688150228483,TCF7L2;TLE3;TCF7L1;TLE1,Ybx1,rmats,793,GO_Cellular_Component_2023
