Term,Overlap,Adjusted.P.value,Odds.Ratio,Combined.Score,Genes,ko_symbol,event,type,gene_number,db
Retrograde Axonal Transport (GO:0008090),5/15,0.018292451610299312,23.291666666666668,266.6667124210192,DST;KIF5B;MAP1A;KIF1A;SOD1,Cd2bp2,A3SS,deg,425,GO_Biological_Process_2023
RNA Binding (GO:0003723),39/1411,0.01849975721824046,2.0936808458323086,20.12110733572071,TOP2A;ANKRD17;UTP25;RBM26;STAU1;YTHDC1;FASTKD3;SRRT;NUDT1;NOLC1;GIGYF2;DHX30;METTL14;PCBP3;U2AF2;KHDC4;RBM12;HEATR6;ZC3H14;SMNDC1;PTCD3;CPSF4;DDX11;ALG13;RSRC2;HELZ;CSNK1E;THOC2;PPRC1;PRRC2B;ANKHD1;PUM2;SRPK1;PTBP3;DALRD3;CCDC9;GOLGB1;HNRNPC;R3HDM2,Cd2bp2,A3SS,rmats,288,GO_Molecular_Function_2023
Histone H3K9 Methyltransferase Activity (GO:0046974),3/9,0.032122093744133384,34.5719298245614,289.21026520037907,SETD5;SETDB1;EHMT2,Cd2bp2,A3SS,rmats,288,GO_Molecular_Function_2023
DNA Binding (GO:0003677),25/846,0.03926702749842884,2.1872380431913228,16.350027869702906,TOP2A;KDM3B;MPG;SRRT;PDS5B;HIF1A;PSMC3IP;PMS2;TRIM26;POLG;JMJD4;CENPX;RFC1;DDX11;NR1H2;ATRX;ARID1A;FANCG;NR2F6;SIRT3;DRAP1;TOX3;MSH3;TIMELESS;TCF4,Cd2bp2,A3SS,rmats,288,GO_Molecular_Function_2023
Carboxy-Lyase Activity (GO:0016831),4/27,0.03926702749842884,12.056950398040417,90.08322290869233,UXS1;CSAD;PPCDC;AZIN1,Cd2bp2,A3SS,rmats,288,GO_Molecular_Function_2023
DNA Repair (GO:0006281),17/291,0.0017488185127236312,4.4502114364209335,60.66339556404067,CENPX;FANCM;MPG;ACTR5;ATRX;NUDT1;FANCA;CSNK1E;PDS5B;FANCG;MSH3;TIMELESS;PMS2;POLI;ERCC8;MMS19;KMT5B,Cd2bp2,A3SS,rmats,288,GO_Biological_Process_2023
DNA Metabolic Process (GO:0006259),16/288,0.003445153940475361,4.204152249134948,51.544591133517834,TOP2A;ACTR5;ATRX;NUDT1;FANCA;CSNK1E;PDS5B;FANCG;ORC5;MSH3;TIMELESS;POLI;MMS19;KMT5B;NFRKB;POLG,Cd2bp2,A3SS,rmats,288,GO_Biological_Process_2023
DNA Damage Response (GO:0006974),18/384,0.006170289267090944,3.523861566484517,39.72152593421763,TOP2A;DDX11;ATRX;NUDT1;FANCA;HTRA2;CSNK1E;PDS5B;FANCG;FOXP1;MSH3;WAC;TIMELESS;POLI;ERCC8;MMS19;KMT5B;TRAPPC13,Cd2bp2,A3SS,rmats,288,GO_Biological_Process_2023
Chromatin Remodeling (GO:0006338),13/228,0.008253322260546852,4.286866807610994,44.896734873996955,HDAC5;PBRM1;KDM4B;SETDB1;ACTR5;ATRX;ARID1A;IWS1;HCFC1;WAC;BRD9;HNRNPC;NFRKB,Cd2bp2,A3SS,rmats,288,GO_Biological_Process_2023
Positive Regulation Of Double-Strand Break Repair (GO:2000781),8/84,0.008253322260546852,7.381954887218045,77.29248351097165,PBRM1;DDX11;TIMELESS;KMT5B;MMS19;TRAPPC13;FOXM1;ARID1A,Cd2bp2,A3SS,rmats,288,GO_Biological_Process_2023
Chromatin Organization (GO:0006325),14/268,0.008928826359427844,3.914190470716708,39.961818130187126,HDAC5;PBRM1;KDM4B;HDAC10;DDX11;ACTR5;ATRX;ARID1A;IWS1;HCFC1;WAC;BRD9;HNRNPC;NFRKB,Cd2bp2,A3SS,rmats,288,GO_Biological_Process_2023
Positive Regulation Of DNA Repair (GO:0045739),8/89,0.008976195201272939,6.924514991181658,69.59158487843723,PBRM1;HDAC10;ACTR5;DDX11;TIMELESS;FOXM1;ARID1A;NFRKB,Cd2bp2,A3SS,rmats,288,GO_Biological_Process_2023
Regulation Of RNA Splicing (GO:0043484),8/102,0.018560169129668045,5.962917933130699,54.13144566185273,YTHDC1;U2AF2;CCNL2;RBM12;ATXN7L3;CLK2;SRPK1;PTBP3,Cd2bp2,A3SS,rmats,288,GO_Biological_Process_2023
Regulation Of Cell Cycle (GO:0051726),14/298,0.018560169129668045,3.4953222987560397,31.71052175713911,ANKRD17;ACTR5;TSC2;HTRA2;TSC1;FOXM1;HCFC1;CDC27;RPRD1B;E4F1;CCNL2;NFRKB;DLGAP5;FGFR2,Cd2bp2,A3SS,rmats,288,GO_Biological_Process_2023
Regulation Of Nuclear Cell Cycle DNA Replication (GO:0033262),3/8,0.019018008838909035,41.48842105263158,363.44783879785746,ATRX;WIZ;CDC7,Cd2bp2,A3SS,rmats,288,GO_Biological_Process_2023
Regulation Of Sister Chromatid Cohesion (GO:0007063),3/8,0.019018008838909035,41.48842105263158,363.44783879785746,ESPL1;DDX11;WAPL,Cd2bp2,A3SS,rmats,288,GO_Biological_Process_2023
Negative Regulation Of Chromosome Organization (GO:2001251),3/8,0.019018008838909035,41.48842105263158,363.44783879785746,TOP2A;ESPL1;WAPL,Cd2bp2,A3SS,rmats,288,GO_Biological_Process_2023
DNA-templated DNA Replication Maintenance Of Fidelity (GO:0045005),5/43,0.041166279461271806,9.147294030128325,72.33632223400213,CENPX;FANCM;DDX11;ATRX;TIMELESS,Cd2bp2,A3SS,rmats,288,GO_Biological_Process_2023
Nucleus (GO:0005634),104/4487,9.139300283053875e-6,1.976777867055521,32.348798310402074,PANK4;HDAC10;EHMT2;NUDT1;FBXO25;DCAF1;EDC4;CDC27;KMT5B;CCNL2;NFRKB;ATXN7L3;RNF111;JMJD4;TLE3;DDX11;TSC2;TSC1;CSNK1E;CDC25C;TLE6;HCFC1;FOXP1;CCNE2;MSH3;TIMELESS;ANKRD17;YTHDC1;HTRA2;PDS5B;RNPC3;HIF1A;ORC5;DHX30;LDHA;PCBP3;IRAK1;ZNHIT6;STK38;KHDC4;RPRD1B;ZC3H14;UBE2F;SETDB1;FANCA;CDC7;WAPL;AZIN1;SRPK1;NR2F6;CLK2;DRAP1;CDK8;CNOT2;GTF2IRD1;MMS19;TCF4;HNRNPC;OGT;FGFR2;CC2D1B;PICALM;TOP2A;SETD5;RNF10;RBM26;FOXM1;METTL14;SUFU;PPP6R3;ARIH2;TNPO2;DLGAP5;BRD1;PBRM1;USP48;RFC1;NCOA3;AKTIP;ACTR5;ATRX;PPRC1;ARID1A;SIRT3;PTBP3;TOX3;NCOR1;ESPL1;WAC;BIRC6;HDAC5;WIZ;LENG8;IWS1;RAD54B;U2AF2;PMS2;BRD9;SMNDC1;KDM4B;NR1H2;PTPN11;TRIM39;ERCC8,Cd2bp2,A3SS,rmats,288,GO_Cellular_Component_2023
Intracellular Membrane-Bounded Organelle (GO:0043231),115/5175,9.139300283053875e-6,1.9248554913294798,30.907932086935762,PANK4;HDAC10;EHMT2;SLC35B1;ECI2;NUDT1;FBXO25;DCAF1;EDC4;CDC27;KMT5B;CCNL2;NFRKB;ATXN7L3;RNF111;JMJD4;TLE3;DDX11;TSC2;TSC1;CSNK1E;CDC25C;SCAMP3;TLE6;HCFC1;FOXP1;CCNE2;MSH3;TIMELESS;ANKRD17;YTHDC1;HTRA2;PDS5B;RNPC3;HIF1A;ORC5;DHX30;LDHA;PCBP3;IRAK1;ZNHIT6;STK38;KHDC4;RPRD1B;ZC3H14;AP1M2;UBE2F;CPSF4;SETDB1;FANCA;CDC7;WAPL;AZIN1;SRPK1;NR2F6;CLK2;DRAP1;CDK8;GOLGB1;CNOT2;GTF2IRD1;MMS19;TCF4;HNRNPC;OGT;FGFR2;CC2D1B;PICALM;TOP2A;SETD5;RNF10;EDA;RBM26;RNF13;FOXM1;METTL14;SUFU;PPP6R3;ARIH2;TNPO2;DLGAP5;POLG;BRD1;PBRM1;USP48;RFC1;NCOA3;AKTIP;ACTR5;ATRX;PPRC1;ARID1A;SIRT3;PTBP3;TOX3;TRAF7;NCOR1;ESPL1;WAC;BIRC6;HDAC5;WIZ;LENG8;IWS1;RAD54B;U2AF2;PMS2;BRD9;SMNDC1;KDM4B;SMOX;NR1H2;PTPN11;TRIM39;ERCC8,Cd2bp2,A3SS,rmats,288,GO_Cellular_Component_2023
Retrograde Axonal Transport (GO:0008090),5/15,0.018292451610299312,23.291666666666668,266.6667124210192,DST;KIF5B;MAP1A;KIF1A;SOD1,Cd2bp2,A5SS,deg,425,GO_Biological_Process_2023
mRNA 3'-UTR Binding (GO:0003730),6/93,0.03479792600892769,7.558237547892721,63.22982200775996,DDX17;PABPC4;SERBP1;HNRNPC;PUM1;TARDBP,Cd2bp2,A5SS,rmats,186,GO_Molecular_Function_2023
mRNA Binding (GO:0003729),10/282,0.03479792600892769,4.082135695187166,32.84056802677141,DDX17;UNK;PCBP3;PABPC4;ESRP1;SERBP1;HNRNPC;PUM1;TARDBP;GNL3,Cd2bp2,A5SS,rmats,186,GO_Molecular_Function_2023
CD40 Receptor Complex (GO:0035631),3/10,0.012672366595175502,46.386416861826696,431.85633203271414,CHUK;HTRA2;TRAF2,Cd2bp2,A5SS,rmats,186,GO_Cellular_Component_2023
Retrograde Axonal Transport (GO:0008090),5/15,0.018292451610299312,23.291666666666668,266.6667124210192,DST;KIF5B;MAP1A;KIF1A;SOD1,Cd2bp2,MXE,deg,425,GO_Biological_Process_2023
Intracellular Membrane-Bounded Organelle (GO:0043231),40/5175,0.006974622244983052,2.3489855533255173,22.310844727926657,CEP57;SETD5;CELF1;POLDIP3;BRAT1;CHD6;GABPB1;MED15;PCBP3;RSRC1;BBX;PMS2;KMT5B;DNM1L;ZC3H14;APBB3;NKTR;SUN1;UBE2B;ACTR6;SMOX;BUD31;CBX1;MEMO1;JMJD7;PTPN13;SRPK1;MLLT10;MAU2;DAB2;STAG1;RABEP1;TFDP2;P4HA2;MTF2;PLAA;TMBIM6;SRFBP1;ERGIC2;ISCU,Cd2bp2,MXE,rmats,89,GO_Cellular_Component_2023
Nucleus (GO:0005634),34/4487,0.025921886448934374,2.1459363452626423,16.07761248890959,CEP57;SETD5;CELF1;POLDIP3;BRAT1;CHD6;GABPB1;MED15;PCBP3;RSRC1;BBX;PMS2;KMT5B;ZC3H14;APBB3;NKTR;UBE2B;ACTR6;BUD31;CBX1;MEMO1;JMJD7;PTPN13;SRPK1;MLLT10;MAU2;STAG1;TFDP2;MTF2;PLAA;TMBIM6;SRFBP1;ERGIC2;ISCU,Cd2bp2,MXE,rmats,89,GO_Cellular_Component_2023
Retrograde Axonal Transport (GO:0008090),5/15,0.018292451610299312,23.291666666666668,266.6667124210192,DST;KIF5B;MAP1A;KIF1A;SOD1,Cd2bp2,RI,deg,425,GO_Biological_Process_2023
Histone Deacetylase Activity (GO:0004407),4/18,0.023615862491624263,21.422053231939163,201.55575304011467,HDAC5;HDAC3;HDAC10;SUDS3,Cd2bp2,RI,rmats,267,GO_Molecular_Function_2023
DNA Metabolic Process (GO:0006259),16/288,0.002500064978602636,4.560815561284275,60.3654317833523,CTC1;MUS81;SMARCAL1;INO80E;RNASEH2A;PARP2;ACTR5;FANCA;LRWD1;TYMS;FANCG;DDB1;PWWP3A;POLE;RAD9A;MUTYH,Cd2bp2,RI,rmats,267,GO_Biological_Process_2023
DNA-templated DNA Replication Maintenance Of Fidelity (GO:0045005),6/43,0.015088147990660699,12.237340789064927,131.48932219037638,MUS81;CAMSAP3;SMARCAL1;DDX11;THOC1;POLE,Cd2bp2,RI,rmats,267,GO_Biological_Process_2023
DNA Repair (GO:0006281),14/291,0.01846587777414739,3.8867025299296527,39.40085914080983,MUS81;SMARCAL1;RNASEH2A;PARP2;ABRAXAS1;ACTR5;FANCA;FAAP24;FANCG;DDB1;PWWP3A;POLE;RAD9A;MUTYH,Cd2bp2,RI,rmats,267,GO_Biological_Process_2023
Metaphase Plate Congression (GO:0051310),6/51,0.01846587777414739,10.057726692209451,98.07288263189837,BECN1;PSRC1;SPICE1;CHMP2A;CHMP7;EML3,Cd2bp2,RI,rmats,267,GO_Biological_Process_2023
Translocation Of Molecules Into Host (GO:0044417),3/7,0.01846587777414739,56.04829545454545,529.3368461963541,THOC1;THOC7;THOC6,Cd2bp2,RI,rmats,267,GO_Biological_Process_2023
Viral mRNA Export From Host Cell Nucleus (GO:0046784),3/7,0.01846587777414739,56.04829545454545,529.3368461963541,THOC1;THOC7;THOC6,Cd2bp2,RI,rmats,267,GO_Biological_Process_2023
Histone Modification (GO:0016570),7/81,0.02093337717803656,7.152442827442828,65.55019137706743,ING4;HDAC5;HDAC3;MRGBP;TADA3;DMAP1;SUDS3,Cd2bp2,RI,rmats,267,GO_Biological_Process_2023
protein-DNA Complex Organization (GO:0071824),6/60,0.02562861062704359,8.377607492550021,73.96448846736759,HDAC5;HDAC3;HDAC10;PWWP3A;LRWD1;HMGN2,Cd2bp2,RI,rmats,267,GO_Biological_Process_2023
Phosphatidylethanolamine Biosynthetic Process (GO:0006646),3/9,0.028965063024230873,37.36174242424242,320.88759548693,SLC27A1;CHKB;PCYT2,Cd2bp2,RI,rmats,267,GO_Biological_Process_2023
tRNA Modification (GO:0006400),6/67,0.03473581741273821,7.4136046730733,60.91631072433243,PUS3;CTU2;AARS2;TRMT1;PUSL1;DUS3L,Cd2bp2,RI,rmats,267,GO_Biological_Process_2023
Chromatin Organization (GO:0006325),12/268,0.03473581741273821,3.5803308823529414,29.381327196232427,ING4;HDAC5;INO80E;PHC1;HDAC3;HDAC10;DDX11;ACTR5;PWWP3A;SUDS3;LRWD1;HMGN2,Cd2bp2,RI,rmats,267,GO_Biological_Process_2023
Intracellular Membrane-Bounded Organelle (GO:0043231),96/5175,0.019304046123166496,1.6197690524795942,14.166103626869928,DENND1C;MUS81;SMARCAL1;USP37;NAA40;HDAC10;TECR;DCAF8;ALKBH6;MED12;ING4;SNAPC4;CCNL2;HMGN2;POLE;PUS3;HES6;PARP2;DUSP1;DDX11;DCXR;ACTR5;THOC1;VRK1;JMJD8;GTPBP4;THOC7;EML3;JMJD6;THOC6;DDB1;ASPM;MAU2;NPEPL1;IRF3;BIRC6;SIK2;HDAC5;VAC14;GTF2A2;HDAC3;SLC66A1;PSMD13;ABRAXAS1;USP11;AKAP8;FAAP24;HTRA2;LENG8;AMBRA1;RNPC3;TYMS;WDR24;MTDH;CLN3;MAPK7;RACGAP1;NSD1;ZSCAN10;NEU1;HSF1;SAFB2;SUDS3;DMAP1;PUSL1;PRODH;IP6K1;POLR2I;EXOSC2;S100PBP;BRD4;MUTYH;CTC1;PHC1;SMOX;NR1H2;FANCA;ASPSCR1;LARP7;CDC7;TRMT1;LRWD1;GADD45G;CLK2;CLK1;FIBP;HNRNPM;LSM7;CNOT6;CLCN4;TADA3;PWWP3A;MAN2B1;SSBP4;CC2D1B;RAD9A,Cd2bp2,RI,rmats,267,GO_Cellular_Component_2023
Nucleus (GO:0005634),85/4487,0.019304046123166496,1.6265521166702448,13.6081923443437,MUS81;SMARCAL1;USP37;NAA40;HDAC10;TECR;DCAF8;ALKBH6;MED12;ING4;SNAPC4;CCNL2;HMGN2;POLE;PUS3;HES6;PARP2;DUSP1;DDX11;DCXR;ACTR5;THOC1;VRK1;JMJD8;GTPBP4;THOC7;EML3;JMJD6;THOC6;DDB1;ASPM;MAU2;NPEPL1;IRF3;BIRC6;SIK2;HDAC5;GTF2A2;HDAC3;PSMD13;ABRAXAS1;USP11;AKAP8;HTRA2;LENG8;AMBRA1;RNPC3;TYMS;MTDH;CLN3;MAPK7;RACGAP1;NSD1;ZSCAN10;HSF1;SAFB2;SUDS3;DMAP1;IP6K1;POLR2I;EXOSC2;S100PBP;BRD4;MUTYH;CTC1;PHC1;NR1H2;FANCA;ASPSCR1;LARP7;CDC7;TRMT1;LRWD1;GADD45G;CLK2;CLK1;FIBP;HNRNPM;LSM7;CNOT6;TADA3;PWWP3A;SSBP4;CC2D1B;RAD9A,Cd2bp2,RI,rmats,267,GO_Cellular_Component_2023
Retrograde Axonal Transport (GO:0008090),5/15,0.018292451610299312,23.291666666666668,266.6667124210192,DST;KIF5B;MAP1A;KIF1A;SOD1,Cd2bp2,SE,deg,425,GO_Biological_Process_2023
GTPase Binding (GO:0051020),36/225,4.1038806045736697e-5,3.051061388410786,50.50915409816012,USP6NL;RABGAP1;GARRE1;MYCBP2;DOCK7;GCC2;AMBRA1;YBX3;FGD1;RASIP1;STRN3;AKAP13;AP3M1;GOLGA4;DENND10;ARFIP2;ERC1;DNM1L;HACE1;ANKRD27;PLEKHG2;SPHK2;TSC2;MYO9B;OCRL;GAPVD1;CYRIB;LSM2;RRAGB;ATG16L1;RAB34;SGSM2;PEX5;TRIP11;RIN3;EXOC5,Cd2bp2,SE,rmats,1198,GO_Molecular_Function_2023
RNA Binding (GO:0003723),131/1411,6.468267934763684e-5,1.6806627811621369,25.5002848811502,EIF4A2;TFRC;FMR1;RPL10A;VIRMA;EDC3;TIAL1;EIF4ENIF1;PPP1CC;ENDOV;HMGN5;FBRSL1;CAST;RARS2;MBNL1;TYW5;ACTN1;DDX11;METTL3;CIRBP;GTPBP1;SRRM1;FAM133B;ILF3;ZC3H11A;RPP21;GEMIN5;DUS3L;ANKRD17;MACF1;AARS2;ZCCHC9;RCC1L;MTDH;DHX30;HNRNPDL;DHX33;DHX34;ERI3;SERPINH1;SAFB2;UTP20;LTA4H;LYAR;ZC3H14;MARK2;SRPK2;TIA1;CHTOP;ZRANB2;RBPMS;LSM2;PUM2;SETX;MOV10;TBL2;LSM6;GOLGB1;RNPS1;HNRNPC;LSM14A;EIF4G3;DZIP3;SUGP2;RPS24;EIF4G1;RBM25;TUT7;RBM26;CELF1;ZCCHC17;TENT4B;MTO1;YBX3;METTL14;LRRFIP1;RBM7;PSTK;TOP3B;ZC3H10;PABPC4;PRPF40B;DARS2;TFB2M;TRNAU1AP;DDX50;PTBP2;REXO4;PTBP3;DUS2;SARS2;PKM;SLTM;TUT1;RBMS1;EIF4E2;LUC7L2;RBM47;ROCK2;POLDIP3;SRF;RBM4B;MTIF2;MTHFSD;GANAB;BCLAF1;UNK;IGF2BP1;FLNB;RALY;ASCC3;SMNDC1;RBM39;TRMT10B;YTHDF2;MYEF2;YTHDF3;KRR1;YLPM1;HUWE1;RSRC2;APTX;CDK11B;KTN1;NAP1L4;SEC23IP;TNIP1;HNRNPA2B1;ZYX;ACIN1;R3HDM1,Cd2bp2,SE,rmats,1198,GO_Molecular_Function_2023
Small GTPase Binding (GO:0031267),32/199,6.468267934763684e-5,3.0624171896344534,45.9394115513468,USP6NL;RABGAP1;GARRE1;MYCBP2;DOCK7;GCC2;YBX3;FGD1;STRN3;AKAP13;AP3M1;GOLGA4;DENND10;ARFIP2;ERC1;DNM1L;HACE1;ANKRD27;PLEKHG2;SPHK2;TSC2;MYO9B;OCRL;GAPVD1;CYRIB;LSM2;RAB34;SGSM2;PEX5;TRIP11;RIN3;EXOC5,Cd2bp2,SE,rmats,1198,GO_Molecular_Function_2023
Ubiquitin-Like Protein Transferase Activity (GO:0019787),35/240,1.5206108554643053e-4,2.730092485791582,37.835147454072825,RNF14;UBE3A;KLHL13;RMND5B;RNF214;MARCHF8;TRIM68;BTRC;UBE2F;ATG3;HACE1;FBXW11;FANCL;SMURF1;NSMCE2;HUWE1;WWP1;CHFR;PML;RNF146;UBE2W;ITCH;ATG16L1;TTC3;MDM2;ERCC8;TRIM37;RBCK1;BCOR;FBXL5;UBE2K;TRIM11;DZIP3;BIRC2;TRIM33,Cd2bp2,SE,rmats,1198,GO_Molecular_Function_2023
GTPase Regulator Activity (GO:0030695),51/424,2.091735343758724e-4,2.1968464183287324,29.254378767953614,USP6NL;GPSM2;FAM13B;ITSN1;DOCK7;RCBTB2;AKAP13;SYDE1;HERC2;SIPA1L1;DENND10;DNM1L;TBC1D22A;GARNL3;RALGPS2;PLEKHG2;RALGAPA1;STARD8;ARHGEF19;TSC2;OCRL;GAPVD1;TIAM1;RP2;SPATA13;PREB;RIN3;DENND6B;DEPDC5;TBC1D9B;RABGAP1;NPRL3;MYCBP2;ARHGAP19;AGAP1;ARHGAP17;ASAP1;FGD1;RCC1L;RIC8A;RACGAP1;CHN1;TBC1D14;ANKRD27;MYO9B;CCDC88A;SGSM2;RGS12;RGL2;NUCB2;MON1A,Cd2bp2,SE,rmats,1198,GO_Molecular_Function_2023
mRNA Binding (GO:0003729),37/282,6.461446973932945e-4,2.4138550510643535,28.98159491460792,RBM25;RBM47;CELF1;POLDIP3;FMR1;YBX3;EDC3;CRYZ;TIAL1;EIF4ENIF1;METTL14;UNK;DHX33;IGF2BP1;CHTOP;TIA1;MYEF2;YTHDF2;YTHDF3;RBPMS;PABPC4;METTL3;CIRBP;PTBP2;PUM2;PTBP3;PKM;HNRNPA2B1;TUT1;GEMIN5;RBMS1;RNPS1;HNRNPC;EIF4G3;LSM14A;LUC7L2;EIF4G1,Cd2bp2,SE,rmats,1198,GO_Molecular_Function_2023
mRNA 3'-UTR Binding (GO:0003730),18/93,7.874085708781622e-4,3.8088813559322032,44.39052451699777,RBM47;TIA1;CELF1;FMR1;PABPC4;CIRBP;YBX3;CRYZ;PUM2;TIAL1;ILF3;HNRNPA2B1;IGF2BP1;GEMIN5;RBMS1;TUT1;RNPS1;HNRNPC,Cd2bp2,SE,rmats,1198,GO_Molecular_Function_2023
Protein-Lysine N-methyltransferase Activity (GO:0016279),12/54,0.005198410827535951,4.519392917369308,43.481133383603755,SETD5;SUV39H2;METTL22;SETD3;KMT5C;EHMT2;SETD6;NSD2;EHMT1;KMT5B;CAMKMT;EZH2,Cd2bp2,SE,rmats,1198,GO_Molecular_Function_2023
"Catalytic Activity, Acting On A tRNA (GO:0140101)",10/39,0.005198410827535951,5.449030535237432,51.851899652594696,DTWD2;DUS2;AARS2;TYW5;MRPL58;TARS2;DUS3L;OSGEP;ANKZF1;TRIT1,Cd2bp2,SE,rmats,1198,GO_Molecular_Function_2023
Protein Serine/Threonine Kinase Activity (GO:0004674),39/342,0.005535443989811791,2.054408460690763,19.203836614641997,ROCK2;PRKCZ;IKBKB;STK11;IRAK1;CHEK2;STK16;PHKG2;TLK2;TLK1;MAP4K5;MARK3;CAMK2G;MARK2;BRD4;PAK4;MAP2K6;PLK4;SRPK2;NEK9;DAPK2;LIMK2;MOK;CSNK1D;VRK1;PRKAB1;CLK4;CDK11B;HIPK2;CLK2;CLK1;BCKDK;MELK;STK26;RPS6KB2;CDK12;CSNK1G2;CAMK1G;MAP3K12,Cd2bp2,SE,rmats,1198,GO_Molecular_Function_2023
N6-methyladenosine-containing RNA Binding (GO:1990247),5/10,0.00851822223419371,15.756077116512992,138.78095073484872,YTHDF2;YTHDF3;HNRNPA2B1;IGF2BP1;HNRNPC,Cd2bp2,SE,rmats,1198,GO_Molecular_Function_2023
GTPase Activator Activity (GO:0005096),27/211,0.00851822223419371,2.3330393940519065,20.377386579082316,USP6NL;TBC1D9B;RABGAP1;FAM13B;NPRL3;ARHGAP19;AGAP1;ARHGAP17;ASAP1;SYDE1;SIPA1L1;RACGAP1;CHN1;TBC1D14;DNM1L;TBC1D22A;GARNL3;RALGAPA1;STARD8;TSC2;MYO9B;OCRL;RP2;SGSM2;PREB;RGS12;DEPDC5,Cd2bp2,SE,rmats,1198,GO_Molecular_Function_2023
DNA Repair (GO:0006281),45/291,1.4889044976393652e-5,2.9439637848243185,56.57464804137582,DCLRE1A;ABRAXAS1;FMR1;PDS5B;ENDOV;MTA1;NTHL1;CHEK2;UIMC1;NSD2;PMS2;POLI;KMT5B;ASCC3;POLE;PMS1;MUTYH;ZRANB3;UVRAG;SLC30A9;CENPX;FANCM;MGMT;KMT5C;FANCL;USP3;ACTR5;XRCC3;RECQL;HUWE1;FANCC;FANCE;APTX;FANCG;REXO4;TICRR;SETX;RAD52;RAD50;TDP2;FANCD2;MSH3;ERCC2;ERCC8;RAD18,Cd2bp2,SE,rmats,1198,GO_Biological_Process_2023
Regulation Of Organelle Organization (GO:0033043),20/100,0.002699603917461108,3.9732597623089982,52.93886540938263,USP6NL;SLC30A9;ACTR5;SIRT7;MFF;RBSN;PTK2;PARL;CAMSAP3;SYDE1;CLN3;MAVS;RHOT1;PDCD10;RUVBL2;AKAP9;PREB;NF2;DNM1L;MARK2,Cd2bp2,SE,rmats,1198,GO_Biological_Process_2023
Mitotic Recombination (GO:0006312),7/14,0.005869102549087795,15.780856423173804,188.6599229613265,RAD52;RAD50;MSH3;NSMCE2;XRCC3;SMC5;RAD54B,Cd2bp2,SE,rmats,1198,GO_Biological_Process_2023
Mitotic Spindle Assembly (GO:0090307),12/44,0.005869102549087795,5.934865092748735,70.35214486861497,WRAP73;STAG1;STAG2;RACGAP1;ABRAXAS1;KIFC1;CHEK2;SPICE1;LSM14A;CLASP1;CCDC61;CLASP2,Cd2bp2,SE,rmats,1198,GO_Biological_Process_2023
DNA Damage Response (GO:0006974),45/384,0.008599798187904385,2.125620735441979,23.910814858437664,ATF2;USP16;STXBP4;FMR1;BRAT1;HTRA2;SMC5;PDS5B;ENDOV;BCLAF1;STK11;HERC2;CHEK2;TLK2;POLI;KMT5B;APBB1;MAP2K6;MUTYH;ZRANB3;UVRAG;SLF1;CBX5;MGMT;KMT5C;FANCL;DDX11;USP3;METTL3;XRCC3;RECQL;VRK1;FANCC;SIRT7;USP28;SPIDR;FANCG;REXO4;PML;TICRR;SETX;RAD50;MSH3;ERCC8;RAD18,Cd2bp2,SE,rmats,1198,GO_Biological_Process_2023
DNA Metabolic Process (GO:0006259),36/288,0.011659268305111216,2.280550774526678,24.28505854490684,FMR1;PDS5B;ENDOV;NTHL1;CBS;RUVBL2;SMARCAD1;POLI;NT5M;KMT5B;POLE;MUTYH;ZRANB3;TOP3B;UVRAG;TCF7L2;MGMT;KMT5C;FANCL;USP3;ACTR5;XRCC3;RECQL;REV1;DONSON;FANCC;TERF1;TERF2;FANCG;REXO4;TICRR;RAD52;RAD50;MSH3;RBMS1;RAD18,Cd2bp2,SE,rmats,1198,GO_Biological_Process_2023
Organelle Organization (GO:0006996),47/418,0.011659268305111216,2.0286051505663654,21.519498874963915,USP6NL;ABCD4;PI4K2B;TAFAZZIN;FAF2;TOR1AIP2;MIA3;FGD1;CAMSAP1;CECR2;RHOT1;SMPD4;ZMYM4;MICAL1;DYM;PACSIN3;TMED1;DNM1L;EPS15;CLASP1;SEC31A;PAK4;CLASP2;CENPT;HACE1;YTHDF2;YTHDF3;ATP8B2;NAA10;MTX2;COG2;TRAPPC8;CSNK1D;PEX1;MCOLN1;CFAP410;FANCG;TJAP1;GAK;FMNL3;SEC23IP;TMEM135;BIN1;ADCK1;RAB34;GOLGB1;TRIP11,Cd2bp2,SE,rmats,1198,GO_Biological_Process_2023
Chromatin Organization (GO:0006325),34/268,0.0120179154284607,2.3177959878990806,24.20752224458548,KDM5A;SUV39H2;KDM5C;CHD6;EHMT1;M1AP;CECR2;HIRIP3;MTA1;RUVBL2;MIER1;PCGF1;SMARCAD1;KAT7;MTA3;BPTF;KDM6A;PBRM1;CHTOP;PHC1;CBX5;KDM4C;KDM2B;DDX11;PCGF2;ACTR5;ARID1B;NAP1L4;TADA2A;ZZZ3;MTF2;HNRNPC;BCOR;EZH2,Cd2bp2,SE,rmats,1198,GO_Biological_Process_2023
Chromatin Remodeling (GO:0006338),30/228,0.015575731702249677,2.413345786633458,24.295394052266172,KDM5A;SUV39H2;KDM5C;USP15;CHD6;CECR2;MTA1;RUVBL2;MIER1;PCGF1;SMARCAD1;MTA3;BPTF;KDM6A;SRPK2;PBRM1;CHTOP;PHC1;KDM4C;KDM2B;PCGF2;USP3;ACTR5;SIRT7;ARID1B;SIRT2;TADA2A;MTF2;HNRNPC;BCOR,Cd2bp2,SE,rmats,1198,GO_Biological_Process_2023
Spindle Assembly (GO:0051225),15/81,0.024323185002227247,3.5994774456312917,33.88380143529466,ABRAXAS1;TUBGCP2;SPICE1;CSNK1D;HAUS6;WRAP73;STAG1;STAG2;HAUS8;KIFC1;CHEK2;LSM14A;CLASP1;CCDC61;CLASP2,Cd2bp2,SE,rmats,1198,GO_Biological_Process_2023
Proteasome-Mediated Ubiquitin-Dependent Protein Catabolic Process (GO:0043161),37/319,0.024323185002227247,2.0929621688322,19.447142640627575,ANAPC16;FAF2;ARRB2;AMBRA1;UBE2J2;BAG6;RMND5B;AMN1;MTA1;ZSWIM8;TBL1X;ASCC3;BTRC;RFFL;ANKZF1;KLHDC10;FBXW5;FBXW11;RHBDD2;SMURF1;FBXO17;WWP1;ARMC8;ERLIN2;PPP2R5C;SIRT2;PML;FBXL12;UBE2W;ITCH;MDM2;ERCC8;RBCK1;FBXL5;RNF185;UBE2K;BIRC2,Cd2bp2,SE,rmats,1198,GO_Biological_Process_2023
Establishment Or Maintenance Of Epithelial Cell Apical/Basal Polarity (GO:0045197),10/40,0.024323185002227247,5.267115600448934,48.89384304247524,CAMSAP3;PATJ;DLG1;DLG3;DLG5;SCRIB;SYNE4;PRKCZ;MARK2;PALS1,Cd2bp2,SE,rmats,1198,GO_Biological_Process_2023
Establishment Or Maintenance Of Apical/Basal Cell Polarity (GO:0035088),8/26,0.024323185002227247,7.015499533146592,64.91904414919752,PATJ;DLG1;DLG3;DLG5;SCRIB;PRKCZ;MARK2;PALS1,Cd2bp2,SE,rmats,1198,GO_Biological_Process_2023
Plasma Membrane Bounded Cell Projection Assembly (GO:0120031),33/275,0.026750022569097226,2.1724541552867733,19.735543019066103,DYNLT2B;ASAP1;FGD1;CDC14B;NUDCD3;ABLIM1;TBC1D31;ARL13B;WDR90;ARFIP2;IFT57;BBS5;RAB8B;PLK4;IQCB1;SEPTIN2;RFX3;SEPTIN6;IFT122;CPLANE1;ANO6;OCRL;ATAT1;FMNL3;CCDC88A;IFT81;TMEM237;RP2;CENPJ;STK26;SPATA13;B9D2;CEP20,Cd2bp2,SE,rmats,1198,GO_Biological_Process_2023
Endocytosis (GO:0006897),25/189,0.03596842894261078,2.422130039714719,21.103262398196296,LMBR1L;PIK3C2A;CLINT1;RAB22A;AP3M1;CLN3;SNX9;ATP9B;EPS15;TSC2;CSNK1D;EPS15L1;HSPG2;EPN1;EPN2;GAK;DAB2;BIN3;HOOK2;BIN1;RAB34;OCIAD1;RIN3;PI4KB;CSNK1G2,Cd2bp2,SE,rmats,1198,GO_Biological_Process_2023
Histone H2A-K119 Monoubiquitination (GO:0036353),4/6,0.03596842894261078,31.490787269681743,272.54673652489925,PCGF5;PCGF2;PCGF1;TRIM37,Cd2bp2,SE,rmats,1198,GO_Biological_Process_2023
Interstrand Cross-Link Repair (GO:0036297),9/36,0.037387276074976175,5.263526773198766,44.62337865198704,DCLRE1A;CENPX;FANCM;FANCL;FANCD2;XRCC3;FANCC;FANCE;FANCG,Cd2bp2,SE,rmats,1198,GO_Biological_Process_2023
Positive Regulation Of Translation (GO:0045727),17/108,0.037387276074976175,2.9597472806617597,24.820138245759203,CDC123;USP16;YTHDF2;YTHDF3;POLDIP3;FMR1;METTL3;RMND1;CIRBP;MPV17L2;YBX3;RCC1L;METTL14;PKM;RPS6KB2;IGF2BP1;EIF4G3,Cd2bp2,SE,rmats,1198,GO_Biological_Process_2023
Protein Ubiquitination (GO:0016567),45/434,0.037387276074976175,1.8473881703480581,15.381482656206998,ANAPC16;RNF14;UBA6;PELI2;MYCBP2;UBE3A;ARRB2;AMBRA1;KLHL13;UBE2J2;RNFT1;HERC2;TNKS2;ZSWIM8;TRIM68;MARCHF8;BTRC;RNF111;ATG3;HACE1;FBXW5;FANCL;FBXW11;SMURF1;HUWE1;WWP1;FANCC;FANCE;FANCG;CHFR;RNF146;UBE2W;ITCH;MDM2;ERCC8;TRIM37;RBCK1;FBXL5;RNF185;UBE2K;DZIP3;RAD18;BIRC2;TRIM33;TRIM11,Cd2bp2,SE,rmats,1198,GO_Biological_Process_2023
Protein Modification Process (GO:0036211),66/711,0.037387276074976175,1.6412770153669158,13.49910942774121,SETD3;PTPRS;GMFG;JADE1;PLOD2;NAGPA;CDC14B;IKBKB;PPP1CC;STK11;PPP4R2;CHEK2;TLK2;TLK1;KAT7;BTRC;ILKAP;PPP1R12A;TBP;STRADA;FBXW11;DAPK2;STRADB;PPP2R5B;ALG3;ADAM10;VRK1;CSNK1D;PPP2R5C;JMJD7;ATG13;PRKAB1;ILF3;MELK;CREB1;PIGK;ATG4B;CSNK1G2;PPM1M;ROCK2;FUT10;PRKCZ;PORCN;IRAK1;MAP4K5;MARK3;MARK2;ST3GAL3;PAK4;PLK4;SRPK2;UBE2F;UVRAG;LIMK2;PTPN13;CDK11B;PTK2;HIPK2;CLK2;SSH1;BCKDK;ATG16L1;STK26;COQ8B;TAF2;MAP3K12,Cd2bp2,SE,rmats,1198,GO_Biological_Process_2023
Protein Phosphorylation (GO:0006468),50/500,0.037387276074976175,1.7762291908633372,14.604268943576246,ATF2;GMFG;IKBKB;STK11;CHEK2;STK16;TLK2;TLK1;ERC1;TBP;STRADA;DAPK2;STRADB;ADAM10;VRK1;CSNK1D;ATG13;PRKAB1;ILF3;MELK;CREB1;CSNK1G2;CAMK1G;USP15;CAB39;ROCK2;SRC;PRKCZ;IRAK1;MAP4K5;MARK3;MARK2;PAK4;PLK4;SRPK2;UVRAG;LIMK2;CLK4;CDK11B;PTK2;HIPK2;CLK2;BCKDK;CLK1;STK26;COQ8B;CDK12;FGFR2;TAF2;MAP3K12,Cd2bp2,SE,rmats,1198,GO_Biological_Process_2023
Regulation Of Cilium Assembly (GO:1902017),13/71,0.037387276074976175,3.545351374945439,29.14312489901982,USP6NL;ATG3;RABGAP1;TBC1D9B;LIMK2;CEP120;DYNLT2B;TCHP;CCDC88A;ODF2L;TBC1D14;ENTR1;TBC1D22A,Cd2bp2,SE,rmats,1198,GO_Biological_Process_2023
Golgi Organization (GO:0007030),19/130,0.037387276074976175,2.7136220189655305,22.291348921052993,USP6NL;PI4K2B;HACE1;ATP8B2;COG2;GCC2;CSNK1D;VRK1;TRAPPC8;TJAP1;GAK;SEC23IP;PDCD10;GOLGB1;DYM;TRIP11;TMED1;CLASP1;CLASP2,Cd2bp2,SE,rmats,1198,GO_Biological_Process_2023
Vesicle-Mediated Transport (GO:0016192),43/411,0.037387276074976175,1.8649115377376246,15.312144567676583,USP6NL;RAB5C;TSG101;STX16;GOSR2;ITSN1;MIA3;PIK3C2A;CLINT1;RAB22A;AP3M1;CECR2;GOLGA4;HMGXB4;CPNE1;SNX9;ATP9B;EPS15;VPS16;UVRAG;EXOC6B;TSC2;SCRIB;CSNK1D;EPS15L1;RBSN;AP4B1;EPN1;EPN2;BIN3;HOOK2;BIN1;RAB34;DNAJC5;RAB13;OCIAD1;SPIRE1;VIPAS39;RIN3;EXOC5;VPS45;OSBPL1A;CSNK1G2,Cd2bp2,SE,rmats,1198,GO_Biological_Process_2023
Endomembrane System Organization (GO:0010256),25/196,0.03774813446523435,2.322106060832673,18.907210900797097,USP6NL;PI4K2B;TOR1AIP2;MIA3;RAB22A;SMPD4;DYM;TMED1;DNM1L;CLASP1;SEC31A;PLEKHJ1;CLASP2;HACE1;ATP8B2;COG2;CSNK1D;TRAPPC8;PHETA1;TJAP1;GAK;SEC23IP;HOOK2;GOLGB1;TRIP11,Cd2bp2,SE,rmats,1198,GO_Biological_Process_2023
Histone Modification (GO:0016570),14/81,0.03774813446523435,3.3063987494957643,26.85128510507628,USP3;JADE1;MSL3;SIRT2;PHF20L1;MTA1;TADA2A;RUVBL2;MIER1;TADA3;KAT7;TBL1X;MTA3;KAT14,Cd2bp2,SE,rmats,1198,GO_Biological_Process_2023
Golgi Vesicle Transport (GO:0048193),25/197,0.03849101323962186,2.3084815321477428,18.61508085118753,GOSR2;GCC2;MIA3;GOLGA4;TBC1D14;TMED1;ATP9B;SEC31A;RAB8B;UVRAG;COG2;TRAPPC8;RBSN;RINT1;RP2;SGSM2;RAB13;TRIP11;SPIRE1;PREB;COPG2;EXOC5;COPG1;ERGIC2;SEC24C,Cd2bp2,SE,rmats,1198,GO_Biological_Process_2023
Epigenetic Regulation Of Gene Expression (GO:0040029),14/83,0.04410163332467268,3.2102183705444576,25.23415433955761,ATF2;SUV39H2;SPHK2;WBP2;DNMT3A;SIRT7;ARID1B;SIRT2;ZDBF2;MTA1;MTF2;KAT7;TRIM37;EZH2,Cd2bp2,SE,rmats,1198,GO_Biological_Process_2023
tRNA Aminoacylation For Mitochondrial Protein Translation (GO:0070127),4/7,0.04410163332467268,20.992741485203798,164.9241466725472,SARS2;DARS2;TARS2;EARS2,Cd2bp2,SE,rmats,1198,GO_Biological_Process_2023
Regulation Of DNA Metabolic Process (GO:0051052),18/124,0.04647325906249874,2.6905020786696516,20.90510550001289,ANKRD17;SLF1;ESCO1;EHMT2;ACTR5;NSMCE2;JADE1;YLPM1;SMC5;SIRT7;TERF2;CCDC88A;RUVBL2;TADA3;UIMC1;SMARCAD1;KAT7;TAF2,Cd2bp2,SE,rmats,1198,GO_Biological_Process_2023
Intracellular Membrane-Bounded Organelle (GO:0043231),403/5175,1.3632847664452162e-7,1.4903736154823473,32.16172566578791,ATF2;TFRC;EHMT2;ITSN1;EHMT1;DCAF8;SMC5;RBPJ;ALKBH6;PPP4R2;RNF111;MBNL1;DDX11;DAPK2;RFX3;MRTFA;RFX1;ARMC8;ISL1;PRKAB1;MED7;NISCH;BIN1;COPS7B;MTDH;NTHL1;LTA4H;KAT14;LHPP;HACE1;PHC1;TIPARP;FUCA1;TMEM192;SETX;MLLT10;MOV10;FIBP;TADA2A;TDP2;GTF2IRD1;HNRNPC;CDK12;PKIG;RAD18;EZH2;PHF3;CEP57;SETD5;SETD6;NCAPG2;TDRP;MED15;CLINT1;MED14;WDR37;SPHK2;SIRT7;TERF1;RBSN;TERF2;SIRT2;NCOR2;MED22;AFTPH;KIFC1;MED20;MTF2;ERGIC2;MYRF;CIPC;BCLAF1;BTAF1;NSD2;PMS2;PCGF1;PMS1;NKTR;BRD4;SLF1;TRMT10B;EGLN2;YTHDF2;ATAD5;PCGF5;SEPTIN2;MGMT;PCGF2;ATAD2;YLPM1;HIPK2;RNF146;ZYX;CRLF3;FMR1;CTNND1;UBP1;RPL10A;VIRMA;CDC14B;EIF4ENIF1;PPP1CC;STK11;HMGN5;RUVBL2;SMARCAD1;KMT5B;CLCC1;NEPRO;GTF2I;TLE1;KMT5C;RALGAPA1;USP4;USP3;IPMK;VRK1;CDC25C;GTF2F2;THOC7;THOC6;CLIP1;ILF3;MSH3;PKP4;CSNK1G2;ANKRD17;IPPK;ANKRD16;ANKRD11;GPATCH2L;BCL2L12;BAG6;SAFB2;OSBPL9;TIA1;CHTOP;ANKRD27;BRPF3;FANCL;RFXANK;FANCC;FANCE;LSM2;DAB2;LSM6;DAB1;P4HA1;CNOT2;TADA3;MDM2;PIR;NF2;OSBPL1A;MDM1;EIF4G1;CELF1;RNF14;FHL1;UFSP2;ARRB2;FOXM1;PIK3C2A;CDC73;RESF1;METTL14;SIN3A;PPP6R3;TRIM68;TLK2;TLK1;DNM1L;ILKAP;ACTR5;DNMT3A;MSL3;PTBP2;REXO4;MSL1;PTBP3;METTL22;PKM;TFDP2;SLC25A19;DNAJC5;DNAJC8;BIRC2;PPM1M;WBP2;SRF;AMBRA1;CECR2;GANAB;NFS1;HIRIP3;IGF2BP1;ASCC3;DRAM2;E2F6;SMOX;DONSON;TPRKB;EXOG;MCOLN1;PTPN13;PML;RAD52;RAD50;DOLPP1;BCOR;TRIM33;PANK2;UXT;TIAL1;HERC2;CHEK2;SPATA24;CPNE1;KAT7;CCNL2;ESCO1;NSMCE2;METTL3;CIRBP;RECQL;CSNK1D;JMJD7;SRRM1;RRAGB;AKAP9;PREB;NSMF;ANKRA2;MYCBP2;UBE2J2;OSGEP;GMCL1;DHX30;RAB11FIP1;RACGAP1;DHX33;MIER1;DPH3;PATZ1;LYAR;SEC31A;ATP6V0A1;CTSA;SRPK2;STK11IP;XRCC3;MEMO1;PTK2;STAG1;STAG2;GOLGB1;RNPS1;RPS24;RPAIN;SUV39H2;SLC35F6;TECR;OTUD7B;ZBTB8OS;MIA3;ZMYM2;UIMC1;CTSH;SPTAN1;GABPA;TOP3B;NCOA2;GRIPAP1;PBRM1;STRADA;PABPC4;STRADB;TFE3;PRMT3;GAK;SLTM;SLU7;STX16;MIS12;RAD54B;TBL1X;APBB1;EPS15;APBB3;MYEF2;NFYC;MOK;HUWE1;APTX;SEC23IP;ITCH;TFAP4;TTC3;HNRNPA2B1;CRTC2;CRTC1;GEMIN2;JADE1;PRDM2;SLC30A9;BORA;KDM2B;FBXW11;ANGEL1;ADAM10;TSC2;OCRL;CDYL;CFAP410;MAU2;FANCD2;GEMIN5;WDFY2;GEMIN8;ISCU;ARHGAP19;HTRA2;PDS5B;IRAK1;CAMTA1;TBC1D14;ZC3H14;BPTF;UBE2F;CBX5;POU2F1;PHF12;MACO1;CLK4;CLK2;CLK1;UBE2W;DLG1;HOOK2;UBE2K;FGFR2;KDM5A;KDM5C;RBM26;CHD6;YBX3;SENP6;SNAPC4;RBM7;POLE;KDM6A;SUN1;USP48;TBP;PPP2R5B;PPP2R5C;TRNAU1AP;TTI2;EPN2;CREB1;RBMS1;ITGB3BP;LAMA5;RBM47;USP15;MVK;USP16;POLDIP3;ABRAXAS1;DCTN4;BRAT1;WIZ;RMND5B;CLN3;MTA1;TNKS2;CBS;RALY;MTA3;SMNDC1;S100PBP;MUTYH;TCF7L2;KDM4C;NAA10;B3GAT3;SWT1;LIMK2;DTNBP1;USP28;CDK11B;CHFR;TICRR;NAP1L4;FMNL3;KANSL1;ERCC2;ERCC8;ACIN1;QRICH1;RGS12;TAF2;SSBP4,Cd2bp2,SE,rmats,1198,GO_Cellular_Component_2023
Nucleus (GO:0005634),353/4487,5.088528993010367e-7,1.4822396464017542,29.00654172822699,ATF2;PANK2;EHMT2;EHMT1;DCAF8;SMC5;RBPJ;ALKBH6;UXT;TIAL1;HERC2;PPP4R2;CHEK2;SPATA24;CPNE1;KAT7;CCNL2;RNF111;MBNL1;ESCO1;DDX11;DAPK2;NSMCE2;METTL3;CIRBP;RECQL;RFX3;MRTFA;CSNK1D;ARMC8;JMJD7;ISL1;PRKAB1;MED7;SRRM1;BIN1;RRAGB;PREB;NSMF;ANKRA2;MYCBP2;COPS7B;UBE2J2;OSGEP;GMCL1;MTDH;DHX30;RACGAP1;DHX33;NTHL1;MIER1;DPH3;LTA4H;PATZ1;LYAR;KAT14;LHPP;SRPK2;HACE1;PHC1;TIPARP;XRCC3;TMEM192;MEMO1;PTK2;SETX;MLLT10;MOV10;FIBP;STAG1;TADA2A;STAG2;TDP2;GTF2IRD1;RNPS1;HNRNPC;CDK12;PKIG;RAD18;RPS24;EZH2;PHF3;CEP57;RPAIN;SUV39H2;SETD5;SETD6;NCAPG2;TECR;TDRP;OTUD7B;ZBTB8OS;MED15;MED14;ZMYM2;UIMC1;GABPA;TOP3B;NCOA2;PBRM1;WDR37;SPHK2;STRADA;PABPC4;STRADB;TFE3;PRMT3;SIRT7;TERF1;TERF2;SIRT2;NCOR2;MED22;SLTM;KIFC1;MED20;MTF2;ERGIC2;SLU7;MYRF;CIPC;MIS12;RAD54B;BCLAF1;NSD2;PMS2;PCGF1;TBL1X;APBB1;APBB3;PMS1;NKTR;BRD4;SLF1;TRMT10B;EGLN2;YTHDF2;MYEF2;ATAD5;PCGF5;SEPTIN2;MGMT;PCGF2;NFYC;ATAD2;YLPM1;MOK;HUWE1;APTX;HIPK2;RNF146;TFAP4;TTC3;HNRNPA2B1;ZYX;CRLF3;CRTC2;CRTC1;GEMIN2;FMR1;CTNND1;JADE1;UBP1;PRDM2;RPL10A;VIRMA;CDC14B;EIF4ENIF1;PPP1CC;STK11;HMGN5;RUVBL2;SMARCAD1;KMT5B;NEPRO;GTF2I;SLC30A9;BORA;TLE1;KDM2B;KMT5C;FBXW11;RALGAPA1;USP4;USP3;IPMK;ANGEL1;ADAM10;TSC2;VRK1;OCRL;CDYL;CDC25C;GTF2F2;THOC7;THOC6;CLIP1;ILF3;MAU2;MSH3;FANCD2;GEMIN5;PKP4;GEMIN8;CSNK1G2;ISCU;ANKRD17;IPPK;ANKRD16;ANKRD11;HTRA2;PDS5B;GPATCH2L;BCL2L12;BAG6;IRAK1;SAFB2;CAMTA1;ZC3H14;BPTF;UBE2F;TIA1;CHTOP;CBX5;POU2F1;BRPF3;FANCL;PHF12;RFXANK;FANCC;MACO1;FANCE;CLK4;CLK2;LSM2;CLK1;UBE2W;DLG1;LSM6;CNOT2;TADA3;MDM2;PIR;NF2;UBE2K;FGFR2;MDM1;EIF4G1;KDM5A;KDM5C;RBM26;CELF1;RNF14;FHL1;CHD6;UFSP2;ARRB2;FOXM1;YBX3;CDC73;RESF1;SENP6;METTL14;SIN3A;PPP6R3;SNAPC4;TRIM68;TLK2;TLK1;RBM7;POLE;ILKAP;KDM6A;USP48;TBP;ACTR5;DNMT3A;PPP2R5B;MSL3;PPP2R5C;TRNAU1AP;TTI2;PTBP2;REXO4;MSL1;PTBP3;METTL22;CREB1;PKM;TFDP2;SLC25A19;RBMS1;DNAJC8;BIRC2;ITGB3BP;LAMA5;RBM47;USP15;USP16;PPM1M;WBP2;POLDIP3;ABRAXAS1;SRF;DCTN4;BRAT1;WIZ;AMBRA1;RMND5B;CECR2;CLN3;NFS1;MTA1;HIRIP3;TNKS2;HAUS8;CBS;IGF2BP1;RALY;ASCC3;E2F6;MTA3;SMNDC1;S100PBP;MUTYH;TCF7L2;KDM4C;NAA10;SWT1;LIMK2;DONSON;TPRKB;DTNBP1;EXOG;PTPN13;USP28;CDK11B;CHFR;PML;TICRR;NAP1L4;RAD52;RAD50;KANSL1;ERCC2;ERCC8;ACIN1;QRICH1;RGS12;BCOR;TRIM33;TAF2;SSBP4,Cd2bp2,SE,rmats,1198,GO_Cellular_Component_2023
Mitotic Spindle (GO:0072686),25/143,1.3140033400722034e-4,3.3746586327972605,45.92941022396975,EPB41;CDC14B;RACGAP1;HAUS8;TBL1X;KAT14;CLASP1;CLASP2;IQCB1;LIMK2;HAUS6;EML1;EML2;SIRT2;EML4;ATAT1;WRAP73;TADA2A;ZZZ3;TFDP2;KIFC1;TADA3;PKP4;LSM14A;MAD1L1,Cd2bp2,SE,rmats,1198,GO_Cellular_Component_2023
Cytoplasmic Stress Granule (GO:0010494),16/76,7.122421490420351e-4,4.228313592780598,49.184755840167185,MBNL1;TIA1;YTHDF2;RBPMS;YTHDF3;CELF1;FMR1;PABPC4;CIRBP;ZFAND1;HIPK2;PUM2;TIAL1;IGF2BP1;LSM14A;EIF4G1,Cd2bp2,SE,rmats,1198,GO_Cellular_Component_2023
trans-Golgi Network (GO:0005802),30/241,0.00760718432327162,2.2630737518665196,20.459692528155763,USP6NL;PI4K2B;STX16;GCC2;PCSK7;PIK3C2A;ATP2C1;CLN3;GOLGA4;SMPD4;ARFIP2;ARFIP1;SNX9;ATP9B;PLEKHJ1;CLASP2;ATP8B2;COG2;OCRL;FAM91A1;PHETA1;AP4B1;TJAP1;PREPL;HOOK2;SLC9A8;RAB13;RELCH;LGR5;PHAF1,Cd2bp2,SE,rmats,1198,GO_Cellular_Component_2023
Spindle (GO:0005819),27/210,0.007954010947743187,2.345914238915877,20.676326512732047,EPB41;CDC14B;RACGAP1;CSPP1;TBL1X;KAT14;CLASP1;CLASP2;IQCB1;LIMK2;SPICE1;CSNK1D;EML1;EML2;SIRT2;EML4;ATAT1;WRAP73;TADA2A;ZZZ3;TFDP2;KIFC1;TADA3;ERCC2;PKP4;LSM14A;MAD1L1,Cd2bp2,SE,rmats,1198,GO_Cellular_Component_2023
Golgi Stack (GO:0005795),8/31,0.01604947092735216,5.4889294848374135,43.374371208019284,CLN3;STX16;GOLGB1;RAB34;COG2;OCRL;VRK1;ZFYVE1,Cd2bp2,SE,rmats,1198,GO_Cellular_Component_2023
Intracellular Non-Membrane-Bounded Organelle (GO:0043232),100/1195,0.01604947092735216,1.4727482928695594,11.522898954337492,TMEM179B;GEMIN2;FMR1;HJURP;RBPJ;ZFYVE1;CDC14B;UXT;PPP1CC;ENDOV;CSPP1;ARFIP2;KAT7;NEPRO;SLC30A9;ESCO1;DDX11;SPICE1;RECQL;CSNK1D;VRK1;CDYL;SELENOO;ILF3;PREPL;SHQ1;BIN1;FANCD2;AKAP9;PKP4;WDFY3;MAD1L1;IPPK;MACF1;TSG101;RAB5C;EPB41;ZCCHC9;HTRA2;PDS5B;SYCE2;DHX33;RACGAP1;IRAK1;CALD1;EPB41L3;CAMTA1;UTP20;LYAR;ZC3H14;PLK4;SRPK2;CBX5;ATP8B2;FANCE;PTK2;FANCG;ABTB1;STAG1;LSM6;STAG2;ZZZ3;MDM2;NF2;EIF4G3;FAF2;FOXM1;TENT4B;EPB41L4A;SH3PXD2B;TRIM68;LRRFIP1;RBM7;SPG11;PPP1R12A;SIRT7;TERF1;ZFX;DDX50;SIRT2;REXO4;METTL22;TUT1;LDAH;ERGIC2;ROCK2;CIPC;ASAP1;AMBRA1;HIRIP3;E2F8;NAA10;IDH3G;KRR1;MTX2;APTX;PML;TTC3;ERCC2;RGS12,Cd2bp2,SE,rmats,1198,GO_Cellular_Component_2023
P-body (GO:0000932),13/83,0.044956392894691374,2.9356962025316458,19.5995264717421,YTHDF2;GARRE1;YTHDF3;EDC3;LSM2;PAN2;EIF4ENIF1;MOV10;LSM6;CNOT2;IGF2BP1;EIF4E2;LSM14A,Cd2bp2,SE,rmats,1198,GO_Cellular_Component_2023
RNA Binding (GO:0003723),43/1411,5.511147531806854e-7,3.1614818010417665,63.318454322740934,EIF4A2;TOP2A;UTP25;YTHDC1;CELF1;FASTKD3;FMR1;SRRT;NUDT1;PSIP1;BAZ2A;TIAL1;RAD51AP1;MRPL4;DHX30;RNASEH1;ALKBH1;PCBP2;SAFB2;UBAP2L;AGFG1;SEC63;RBM6;PTCD3;RBFOX2;CPSF6;DDX11;PRPF40B;RSRC2;PPRC1;APTX;SCAF4;PRRC2A;SON;CCDC9;CNOT1;UNC50;GEMIN5;ACIN1;RPL22L1;HNRNPC;TARDBP;R3HDM2,Qk,A3SS,rmats,226,GO_Molecular_Function_2023
DNA Binding (GO:0003677),25/846,0.0015905051633269317,2.871301228328516,32.63902146390334,TOP2A;DNMT1;TSG101;MYRF;MPG;FMR1;SRRT;HIF1A;MACROH2A1;RAD51AP1;CUX1;PCBP2;SAFB2;PMS2;RBM6;ESRRA;JMJD4;CENPX;DDX11;NR1H2;ATRX;APTX;TIMELESS;TCF4;TARDBP,Qk,A3SS,rmats,226,GO_Molecular_Function_2023
Ribosome Binding (GO:0043022),6/85,0.03713196331608092,6.799194476409666,53.11147212583029,PTCD3;USP16;NCLN;CPSF6;FMR1;GEMIN5,Qk,A3SS,rmats,226,GO_Molecular_Function_2023
mRNA 3'-UTR Binding (GO:0003730),6/93,0.04504195729284888,6.171473354231975,45.24083446903312,TIAL1;CELF1;FMR1;GEMIN5;HNRNPC;TARDBP,Qk,A3SS,rmats,226,GO_Molecular_Function_2023
DNA Repair (GO:0006281),15/291,0.0016010311196476218,5.022151246651556,68.43700358467149,CENPX;FANCM;MPG;FMR1;ATRX;NUDT1;APEX2;FANCE;APTX;MACROH2A1;RAD51AP1;ALKBH1;TIMELESS;PMS2;RAD9A,Qk,A3SS,rmats,226,GO_Biological_Process_2023
Regulation Of Cell Cycle (GO:0051726),13/298,0.016554195466428032,4.173577135326579,42.61706227385722,CTBP1;TSC1;FOXM1;ANAPC10;ING4;MORF4L1;SON;MRGBP;ANAPC5;E4F1;TARDBP;NFRKB;DLGAP5,Qk,A3SS,rmats,226,GO_Biological_Process_2023
Positive Regulation Of Double-Strand Break Repair (GO:2000781),7/84,0.016554195466428032,8.176421751764218,81.58365206954535,RAD51AP1;MORF4L1;MRGBP;DDX11;TIMELESS;FOXM1;HDGFL2,Qk,A3SS,rmats,226,GO_Biological_Process_2023
Positive Regulation Of Double-Strand Break Repair Via Homologous Recombination (GO:1905168),5/36,0.016554195466428032,14.40884542402569,142.7159182925451,RAD51AP1;MORF4L1;MRGBP;TIMELESS;HDGFL2,Qk,A3SS,rmats,226,GO_Biological_Process_2023
Regulation Of Nuclear Cell Cycle DNA Replication (GO:0033262),3/8,0.02027859530620599,53.19013452914798,504.1719253221553,ATRX;WIZ;CDC7,Qk,A3SS,rmats,226,GO_Biological_Process_2023
DNA Metabolic Process (GO:0006259),12/288,0.022650539038645907,3.9613978057700123,35.99441475623744,TOP2A;RAD51AP1;ALKBH1;FMR1;ORC3;ATRX;NUDT1;REV1;TIMELESS;NFRKB;MACROH2A1;RAD9A,Qk,A3SS,rmats,226,GO_Biological_Process_2023
DNA-templated DNA Replication Maintenance Of Fidelity (GO:0045005),5/43,0.022650539038645907,11.750416765896642,106.12487194838809,CENPX;FANCM;DDX11;ATRX;TIMELESS,Qk,A3SS,rmats,226,GO_Biological_Process_2023
Chromatin Organization (GO:0006325),11/268,0.03710531171466001,3.8853859379241698,32.25621118878389,ING4;DDX11;ATRX;PSIP1;BAZ2A;BRD9;HNRNPC;NFRKB;HDGFL2;MACROH2A1;GATAD2A,Qk,A3SS,rmats,226,GO_Biological_Process_2023
Positive Regulation Of DNA Recombination (GO:0045911),5/51,0.03710531171466001,9.702931339759985,79.68771122797502,RAD51AP1;MORF4L1;MRGBP;TIMELESS;HDGFL2,Qk,A3SS,rmats,226,GO_Biological_Process_2023
Chromatin Remodeling (GO:0006338),10/228,0.03710531171466001,4.153075093442066,33.977687092608384,SETDB1;ATRX;PSIP1;BAZ2A;BRD9;HNRNPC;NFRKB;HDGFL2;MACROH2A1;GATAD2A,Qk,A3SS,rmats,226,GO_Biological_Process_2023
Nucleus (GO:0005634),90/4487,2.292962786923776e-7,2.314295174517385,45.61050075750667,PANK4;TOP2A;PRDM4;TCF25;CELF1;FMR1;NUDT1;PSIP1;GABPB1;FOXM1;TIAL1;ING4;EDC4;ALKBH1;SUFU;FAM53A;UBAP2L;NFRKB;RNF111;DLGAP5;GTF2I;RBM6;JMJD4;RBFOX2;DDX11;NCOA3;AKTIP;IPMK;ATRX;HNF1B;TSC1;PPRC1;CDC25C;FOXP4;ISL1;ELF2;DMTF1;TIMELESS;GEMIN5;ANAPC5;BIRC6;SLC25A10;HDGFL2;DNMT1;USP16;MYRF;CTBP1;YTHDC1;KMT2B;WIZ;LENG8;BAZ2A;RNPC3;HIF1A;MACROH2A1;RXRB;NT5C;RAD51AP1;DHX30;MAPK9;CUX1;HAUS8;PCBP2;STK38;SAFB2;PMS2;APBB2;BRD9;ESRRA;CPSF6;SETDB1;NR1H2;SGTA;APEX2;CDC7;FANCE;APTX;SCAF4;AZIN1;GATAD2A;CLK2;TPX2;UBE2W;RSRP1;ACIN1;TCF4;HNRNPC;TARDBP;CUTC;RAD9A,Qk,A3SS,rmats,226,GO_Cellular_Component_2023
Intracellular Membrane-Bounded Organelle (GO:0043231),99/5175,2.292962786923776e-7,2.2571899257273693,44.065668406396625,PANK4;PRDM4;FMR1;ECI2;NUDT1;GABPB1;TIAL1;EDC4;ALKBH1;FAM53A;UBAP2L;NFRKB;RNF111;AGFG1;GTF2I;JMJD4;RBFOX2;IST1;DDX11;IPMK;HNF1B;TSC1;CDC25C;FOXP4;ISL1;DMTF1;TIMELESS;GEMIN5;ANAPC5;HDGFL2;LLGL2;DNMT1;CTBP1;YTHDC1;KMT2B;BAZ2A;RNPC3;HIF1A;MACROH2A1;RAD51AP1;DHX30;PCBP2;STK38;SAFB2;ESRRA;CPSF6;SETDB1;CDC7;FANCE;AZIN1;CLK2;IFT20;TPX2;UBE2W;RSRP1;TCF4;HNRNPC;CUTC;RAD9A;TOP2A;RNF13;TCF25;CELF1;PSIP1;FOXM1;CLINT1;RABEPK;ING4;SUFU;DLGAP5;RBM6;DBNL;NCOA3;AKTIP;ATRX;PPRC1;TRAF7;ELF2;BIRC6;SLC25A10;USP16;MYRF;WIZ;LENG8;RXRB;NT5C;MAPK9;CUX1;PMS2;APBB2;BRD9;NR1H2;SGTA;APEX2;APTX;SCAF4;GATAD2A;ACIN1;TARDBP,Qk,A3SS,rmats,226,GO_Cellular_Component_2023
Nucleus (GO:0005634),56/4487,3.15666620591196e-5,2.533554912701832,38.023085144067714,TRRAP;FBH1;ZMYND8;PDCD6;BRCA2;RESF1;MED12;ING4;FBL;EXO1;XPO6;UBAP2L;MAP3K7;HMGN3;UPF1;ESCO1;PABPC4;VRK1;JMJD6;GNL3;DXO;BIRC6;ZMYND11;SRSF7;RABL6;GTF2A2;ANKRD16;TEX264;HTRA2;PDS5B;MAPK7;BRD4;HNRNPA3;UBE2I;TAF13;USP9X;RFXANK;RRP1B;LSM5;SCAF4;USF1;TICRR;FIBP;TPX2;LSM7;CENPF;CDAN1;PRC1;SRRD;TTC3;MDM2;RLIM;CDK10;TARDBP;TRMT61A;EZH2,Qk,A5SS,rmats,133,GO_Cellular_Component_2023
Intracellular Membrane-Bounded Organelle (GO:0043231),60/5175,6.162140130890328e-5,2.370465592736914,32.34676911050203,TRRAP;FBH1;ZMYND8;PDCD6;BRCA2;RABEPK;RESF1;MED12;ING4;FBL;TBK1;EXO1;XPO6;UBAP2L;MAP3K7;HMGN3;UPF1;ESCO1;PABPC4;VRK1;JMJD6;GNL3;AFTPH;DXO;BIRC6;ZMYND11;SRSF7;RABL6;GTF2A2;ANKRD16;TEX264;UBA5;HTRA2;PDS5B;MAPK7;BRD4;HNRNPA3;UBE2I;TAF13;USP9X;RFXANK;RRP1B;LSM5;SCAF4;USF1;TICRR;FIBP;TPX2;LSM7;CENPF;CDAN1;PRC1;SRRD;TTC3;MDM2;RLIM;CDK10;TARDBP;TRMT61A;EZH2,Qk,A5SS,rmats,133,GO_Cellular_Component_2023
U6 snRNP (GO:0005688),2/7,0.024856948907221676,60.64732824427481,425.20669500729895,LSM7;LSM5,Qk,A5SS,rmats,133,GO_Cellular_Component_2023
Intracellular Non-Membrane-Bounded Organelle (GO:0043232),18/1195,0.024856948907221676,2.4854641498282293,17.28072255782956,ESCO1;TAF13;ZMYND8;HTRA2;VRK1;PDS5B;RRP1B;JMJD6;GNL3;FBL;TPX2;CENPF;TCOF1;PRC1;XPO6;TTC3;MDM2;TARDBP,Qk,A5SS,rmats,133,GO_Cellular_Component_2023
poly(A) Binding (GO:0008143),3/25,0.009977702872457186,40.51831750339213,377.74656640120895,HNRNPDL;RBPMS;ZC3H14,Qk,MXE,rmats,70,GO_Molecular_Function_2023
Poly-Purine Tract Binding (GO:0070717),3/31,0.009977702872457186,31.826226012793178,275.86480670614424,HNRNPDL;RBPMS;ZC3H14,Qk,MXE,rmats,70,GO_Molecular_Function_2023
Protein Phosphatase Activator Activity (GO:0072542),2/15,0.046033949144238445,45.06108597285068,301.902259841425,PPP4R3A;PPP4R3B,Qk,MXE,rmats,70,GO_Molecular_Function_2023
Phosphatase Activator Activity (GO:0019211),2/17,0.046033949144238445,39.049019607843135,251.69717074439234,PPP4R3A;PPP4R3B,Qk,MXE,rmats,70,GO_Molecular_Function_2023
Protein Phosphatase 4 Complex (GO:0030289),2/5,0.013672269065022181,195.36274509803923,1763.848974466872,PPP4R3A;PPP4R3B,Qk,MXE,rmats,70,GO_Cellular_Component_2023
tRNA Modification (GO:0006400),7/67,0.007050179207025862,11.010207336523125,129.48758009472343,QTRT1;CTU2;AARS2;TRMT1;FTSJ1;DUS3L;TRMT61A,Qk,RI,rmats,216,GO_Biological_Process_2023
Regulation Of Mitochondrion Organization (GO:0010821),6/50,0.007050179207025862,12.818181818181818,141.6919350743239,GSK3A;SLC30A9;HAX1;SIRT7;SREBF2;HDAC6,Qk,RI,rmats,216,GO_Biological_Process_2023
RNA Modification (GO:0009451),6/51,0.007050179207025862,12.532698412698412,137.0801304067163,QTRT1;AARS2;NAT10;TRMT1;FTSJ1;JMJD6,Qk,RI,rmats,216,GO_Biological_Process_2023
Chromatin Organization (GO:0006325),12/268,0.007747684971988406,4.487132352941177,45.811129945494066,INO80E;PHC1;BRPF1;HDAC3;HIRIP3;PWWP3A;BRD9;SUDS3;LRWD1;HMGN2;ARID1A;HMGN3,Qk,RI,rmats,216,GO_Biological_Process_2023
Chromatin Remodeling (GO:0006338),11/228,0.007747684971988406,4.838417444082275,49.03492390148465,INO80E;PHC1;BRPF1;SETDB1;PARP2;UBR5;BRD9;SIRT7;SUDS3;ARID1A;HDAC6,Qk,RI,rmats,216,GO_Biological_Process_2023
Regulation Of Autophagy Of Mitochondrion (GO:1903146),4/19,0.007747684971988406,24.866666666666667,248.80190074228466,GSK3A;HAX1;HDAC6;SREBF2,Qk,RI,rmats,216,GO_Biological_Process_2023
protein-DNA Complex Organization (GO:0071824),6/60,0.007747684971988406,10.43915343915344,104.3514441859238,HDAC3;HIRIP3;PWWP3A;LRWD1;HMGN2;HMGN3,Qk,RI,rmats,216,GO_Biological_Process_2023
Positive Regulation Of Protein Localization To Nucleus (GO:1900182),6/72,0.016774347198045568,8.535930735930735,76.52948819390727,CCT3;CCT2;HDAC3;TCP1;UBR5;LARP7,Qk,RI,rmats,216,GO_Biological_Process_2023
Regulation Of Protein Localization To Cajal Body (GO:1904869),3/10,0.016774347198045568,39.79275653923541,352.8434866359859,CCT3;TCP1;LARP7,Qk,RI,rmats,216,GO_Biological_Process_2023
Positive Regulation Of Protein Localization To Cajal Body (GO:1904871),3/10,0.016774347198045568,39.79275653923541,352.8434866359859,CCT3;TCP1;LARP7,Qk,RI,rmats,216,GO_Biological_Process_2023
Regulation Of Telomere Maintenance Via Telomerase (GO:0032210),5/51,0.020852964636007967,10.16793735833505,85.6341760419401,CCT3;CCT2;TCP1;NAT10;MAP2K7,Qk,RI,rmats,216,GO_Biological_Process_2023
Primary Neural Tube Formation (GO:0014020),4/28,0.020852964636007967,15.534591194968554,130.75798386994316,SEMA4C;TSC2;PLXNB2;SCRIB,Qk,RI,rmats,216,GO_Biological_Process_2023
Intracellular Protein Transport (GO:0006886),12/325,0.020852964636007967,3.659274572448788,30.690403099199553,CTSA;NSF;CAMSAP3;ARFRP1;RANBP3;ASPSCR1;TSC2;FAM53A;TMED1;TIMM21;ARHGEF2;HDAC6,Qk,RI,rmats,216,GO_Biological_Process_2023
Tube Closure (GO:0060606),4/29,0.021610120984434007,14.912452830188679,123.43402214331412,SEMA4C;TSC2;PLXNB2;SCRIB,Qk,RI,rmats,216,GO_Biological_Process_2023
Neural Tube Closure (GO:0001843),4/32,0.027912606472013043,13.31266846361186,105.00762252453029,SEMA4C;TSC2;PLXNB2;SCRIB,Qk,RI,rmats,216,GO_Biological_Process_2023
Positive Regulation Of Telomere Maintenance Via Telomerase (GO:0032212),4/32,0.027912606472013043,13.31266846361186,105.00762252453029,CCT3;CCT2;TCP1;MAP2K7,Qk,RI,rmats,216,GO_Biological_Process_2023
Positive Regulation Of Telomere Maintenance Via Telomere Lengthening (GO:1904358),4/35,0.0372259860727149,12.022519780888619,90.61818166320009,CCT3;CCT2;TCP1;MAP2K7,Qk,RI,rmats,216,GO_Biological_Process_2023
tRNA Methylation (GO:0030488),4/36,0.0372259860727149,11.64622641509434,86.50837732579896,DALRD3;TRMT1;FTSJ1;TRMT61A,Qk,RI,rmats,216,GO_Biological_Process_2023
Histone Deacetylation (GO:0016575),4/36,0.0372259860727149,11.64622641509434,86.50837732579896,HDAC3;SUDS3;SIRT7;HDAC6,Qk,RI,rmats,216,GO_Biological_Process_2023
DNA Repair-Dependent Chromatin Remodeling (GO:0140861),3/16,0.037310150640892374,21.420368364030335,157.96378178010872,PARP2;UBR5;SIRT7,Qk,RI,rmats,216,GO_Biological_Process_2023
Regulation Of RNA Splicing (GO:0043484),6/102,0.04772809068763524,5.859523809523809,41.482037662074774,CELF1;HNRNPH1;FASTK;LARP7;CLK3;JMJD6,Qk,RI,rmats,216,GO_Biological_Process_2023
Protein Deacetylation (GO:0006476),4/40,0.048227021637596866,10.350104821802935,72.68363111652607,HDAC3;SUDS3;SIRT7;HDAC6,Qk,RI,rmats,216,GO_Biological_Process_2023
Intracellular Membrane-Bounded Organelle (GO:0043231),82/5175,0.00877024191806433,1.7651708080449902,17.216894835168542,GSK3A;CELF1;DCAF8;NAT10;ALKBH6;STK11;FAM53A;CTSF;HMGN2;HMGN3;POLE;EIF5B;SLC30A9;TGIF2;MAP1S;PARP2;TFE3;THOC1;TSC2;VRK1;SIRT7;ARID1A;JMJD8;SREBF2;WDR77;JMJD6;MAU2;LMBRD1;ELF2;HNRNPH1;ANAPC5;VAC14;HDAC3;TSSC4;SLC66A1;PSMD13;BRAT1;USP11;LENG8;NOL9;AMBRA1;RNPC3;WDR24;HDAC6;PSMB10;DHX30;ZNRF1;PRDX5;HIRIP3;RACGAP1;ZSCAN10;UBR5;SAFB2;BRD9;BRD8;APBB1;SUDS3;MAP2K7;S100PBP;MUTYH;CTSA;CIZ1;PHC1;RANBP3;BRPF1;SETDB1;CPSF1;NR1H2;ASPSCR1;LARP7;TRMT1;LRWD1;SCAF4;CLK3;MAPK13;MIS18A;CLCN4;FUBP1;POLE2;PWWP3A;MAN2B1;TRMT61A,Qk,RI,rmats,216,GO_Cellular_Component_2023
Nucleus (GO:0005634),72/4487,0.011069555771380937,1.7405436013590034,15.364978157882787,GSK3A;CELF1;DCAF8;NAT10;ALKBH6;STK11;FAM53A;HMGN2;HMGN3;POLE;EIF5B;SLC30A9;TGIF2;MAP1S;PARP2;TFE3;THOC1;TSC2;VRK1;SIRT7;ARID1A;JMJD8;SREBF2;WDR77;JMJD6;MAU2;ELF2;HNRNPH1;ANAPC5;HDAC3;TSSC4;PSMD13;BRAT1;USP11;LENG8;NOL9;AMBRA1;RNPC3;HDAC6;PSMB10;DHX30;PRDX5;HIRIP3;RACGAP1;ZSCAN10;UBR5;SAFB2;BRD9;BRD8;APBB1;SUDS3;MAP2K7;S100PBP;MUTYH;CIZ1;PHC1;RANBP3;BRPF1;SETDB1;CPSF1;NR1H2;ASPSCR1;LARP7;TRMT1;LRWD1;SCAF4;CLK3;MAPK13;MIS18A;FUBP1;PWWP3A;TRMT61A,Qk,RI,rmats,216,GO_Cellular_Component_2023
RNA Binding (GO:0003723),126/1411,2.507064118646938e-12,2.3518576628592944,77.64977344171018,EIF4A2;TCERG1;RTCA;FMR1;NUDT1;HNRNPR;RPL10A;GPATCH8;ALKBH1;UBAP2L;KPNA2;SLC16A3;AGFG1;RARS2;AQR;TYW5;SECISBP2;ACTN1;DDX11;ZCRB1;GTPBP1;ILF3;ZC3H11A;SRFBP1;PPIG;DUS3L;MACF1;AARS2;DHX9;MAZ;RTF1;RTN4;RCC1L;MTDH;FXR1;DHX30;RNASEH1;HNRNPDL;SERPINH1;SAFB2;UTP20;MAP4;ZC3H14;RBM10;MARK2;SRPK2;PYM1;LSM1;PRRC2C;PUM1;SNUPN;PRRC2B;TDRD3;SRPK1;LSM6;GOLGB1;TRIP6;HNRNPD;RNPS1;LSM14A;EIF4G3;SUGP2;RPS24;RBM28;DIDO1;RBM25;CELF1;FASTKD2;AKAP8L;DDX42;ZCCHC17;METTL14;LRRFIP1;BUD23;RBM34;RBM7;RBM5;PSTK;TOP3B;PABPC4;PRPF40B;DARS2;PRPF40A;PPHLN1;TRNAU1AP;SMC1A;SAFB;DDX50;SARS2;PKM;SLTM;THRAP3;ESRP1;ARHGEF1;HNRNPH3;ALDOA;FYTTD1;RNMT;POLDIP3;WBP4;PARN;DDX20;AKAP8;DDX21;SAMHD1;UNK;FIP1L1;IGF2BP1;FLNB;SRSF10;SRSF11;TEFM;PTPN1;MYEF2;YTHDF3;YLPM1;RSRC2;NOC3L;RRP1B;APTX;U2SURP;KTN1;SEC23IP;ZYX;ACIN1;R3HDM1,Qk,SE,rmats,870,GO_Molecular_Function_2023
Microtubule Binding (GO:0008017),26/239,0.0031302946354656697,2.735921055559264,30.037781797109584,CEP57;MACF1;FMR1;KATNB1;UXT;OPA1;TOGARAM1;MAP4;MARK4;CLASP1;CDK5RAP2;NDEL1;ENKD1;CLASP2;FBXW11;MACO1;PEX14;EML3;DNM2;CAMSAP3;CLIP1;HOOK2;PRC1;GAPDH;HDGFL3;MDM1,Qk,SE,rmats,870,GO_Molecular_Function_2023
DNA-methyltransferase Activity (GO:0009008),4/5,0.0031302946354656697,88.35565819861432,969.479337084513,N6AMT1;DNMT3A;DNMT3B;METTL4,Qk,SE,rmats,870,GO_Molecular_Function_2023
Cadherin Binding (GO:0045296),30/319,0.008945878748734187,2.3283489866534848,22.432983025911838,MACF1;SRC;CTNND1;RTN4;SLC9A3R2;MPRIP;CDH2;FLNB;LRRFIP1;EPS15;MARK2;PAK4;PTPN1;IST1;CEMIP2;GAPVD1;KTN1;EPN2;TJP1;ANLN;DLG1;MYO1B;PKM;CTTN;ABI1;NUMB;ALDOA;CC2D1A;VCL;PICALM,Qk,SE,rmats,870,GO_Molecular_Function_2023
Protein-Lysine N-methyltransferase Activity (GO:0016279),10/54,0.010575874302158915,5.043868921775899,46.62648653746056,N6AMT1;SETD5;SUV39H2;METTL22;SETDB1;SETD6;NSD2;EHMT1;EEF1AKMT2;EZH2,Qk,SE,rmats,870,GO_Molecular_Function_2023
Methyltransferase Activity (GO:0008168),8/37,0.014197252532913202,6.112809024721978,53.593418308341214,N6AMT1;NDUFAF7;DNMT3B;METTL4;EHMT1;BUD23;COMT;EEF1AKMT2,Qk,SE,rmats,870,GO_Molecular_Function_2023
DNA Binding (GO:0003677),59/846,0.017841603170618957,1.695613209099156,14.109314125303307,APP;FBH1;MCM8;FMR1;PRDM5;CHD6;SMC6;AIFM1;ZMYM4;HMCES;DNMT3B;SMARCAD1;TRIM26;LRRFIP1;ZFPL1;POLE;RBM5;KDM2B;SECISBP2;DDX11;ATRX;DNMT3A;TINF2;RAD23A;SMC1A;SAFB;ILF3;SLTM;MSH3;THRAP3;MTF2;ZMYND11;KDM3A;GTF3C4;MAX;DHX9;RTF1;PDS5B;SAMHD1;NTHL1;RNF138;HSF1;IGF2BP1;SAFB2;RBBP8;PMS2;BPTF;TCF7L2;POU2F1;CENPX;APTX;PALB2;RAD52;CAMSAP3;RAD50;QRICH1;TCF3;RAD18;EZH2,Qk,SE,rmats,870,GO_Molecular_Function_2023
Single-Stranded DNA Binding (GO:0003697),13/96,0.017841603170618957,3.481056079627729,28.72299279912969,FBH1;MCM8;DHX9;DDX11;RAD23A;SMC6;RTF1;SAMHD1;RAD52;MSH3;RNF138;HMCES;PMS2,Qk,SE,rmats,870,GO_Molecular_Function_2023
Histone H3K9 Methyltransferase Activity (GO:0046974),4/9,0.022648572105686507,17.66743648960739,139.32740685792885,SETD5;SUV39H2;SETDB1;EHMT1,Qk,SE,rmats,870,GO_Molecular_Function_2023
Tubulin Binding (GO:0015631),28/322,0.022648572105686507,2.1305282207895035,16.5957968312962,CEP57;FMR1;KATNB1;UXT;OPA1;TOGARAM1;TRAPPC14;MAP4;MARK4;CLASP1;CDK5RAP2;APPL1;NDEL1;ENKD1;CLASP2;MACO1;PEX14;EML3;DNM2;NISCH;CLIP1;TTLL4;HOOK2;PRC1;ALDOA;GAPDH;HDGFL3;MDM1,Qk,SE,rmats,870,GO_Molecular_Function_2023
Histone H4K12 Acetyltransferase Activity (GO:0043997),4/10,0.025456575285904462,14.722093918398768,109.09484774069807,ING3;MEAF6;JADE1;KAT7,Qk,SE,rmats,870,GO_Molecular_Function_2023
Histone H4K5 Acetyltransferase Activity (GO:0043995),4/10,0.025456575285904462,14.722093918398768,109.09484774069807,ING3;MEAF6;JADE1;KAT7,Qk,SE,rmats,870,GO_Molecular_Function_2023
Histone H4K8 Acetyltransferase Activity (GO:0043996),4/10,0.025456575285904462,14.722093918398768,109.09484774069807,ING3;MEAF6;JADE1;KAT7,Qk,SE,rmats,870,GO_Molecular_Function_2023
Methylation-Dependent Protein Binding (GO:0140034),10/68,0.02651682582105356,3.8235765838011226,27.894395515955242,ING3;ZZZ3;FMR1;MTF2;SPIN1;JMJD7;ZMYND11;MPHOSPH8;TDRD3;BPTF,Qk,SE,rmats,870,GO_Molecular_Function_2023
GTPase Binding (GO:0051020),21/225,0.030724715475513507,2.294775860874385,16.203957779352113,CYFIP1;HACE1;SPHK2;MAPKAP1;TSC2;GCC2;CIB1;STK19;OCRL;AMBRA1;GAPVD1;CYRIB;STRN3;GGA1;AP3M1;XPO4;RRAGB;AP1G1;PEX5;ULK1;PICALM,Qk,SE,rmats,870,GO_Molecular_Function_2023
Nuclear Thyroid Hormone Receptor Binding (GO:0046966),6/27,0.030724715475513507,6.319113756613756,44.325726536451526,MED22;NCOR1;THRAP3;NCOA3;TRIP6;BRD8,Qk,SE,rmats,870,GO_Molecular_Function_2023
Methylated Histone Binding (GO:0035064),10/71,0.030847388175233102,3.6349599695005717,25.26274879285854,ING3;ZZZ3;FMR1;MTF2;SPIN1;JMJD7;ZMYND11;MPHOSPH8;TDRD3;BPTF,Qk,SE,rmats,870,GO_Molecular_Function_2023
Protein Serine/Threonine Kinase Activity (GO:0004674),28/342,0.03215688020858233,1.992707687187013,13.65245064817169,PRKAA1;ARAF;STK19;IRAK1;MAP4K5;MARK4;MAP3K7;MARK3;CAMK2G;MARK2;PAK4;MAP2K6;PLK4;SRPK2;BRD2;NEK9;RIOK3;LIMK2;CDC7;VRK1;PRKAB1;CLK4;SRPK1;CDK2;RPS6KB2;ULK1;CSNK1G2;CILK1,Qk,SE,rmats,870,GO_Molecular_Function_2023
Small GTPase Binding (GO:0031267),19/199,0.032630259493764496,2.3505026765896333,15.94234325832558,CYFIP1;HACE1;SPHK2;MAPKAP1;TSC2;GCC2;CIB1;STK19;OCRL;GAPVD1;CYRIB;STRN3;GGA1;AP3M1;XPO4;AP1G1;PEX5;ULK1;PICALM,Qk,SE,rmats,870,GO_Molecular_Function_2023
"Catalytic Activity, Acting On A tRNA (GO:0140101)",7/39,0.03576926238167482,4.840889339513326,32.14051778506562,QTRT1;AARS2;TYW5;ALKBH1;TARS2;DUS3L;TRIT1,Qk,SE,rmats,870,GO_Molecular_Function_2023
mRNA Binding (GO:0003729),24/282,0.03626049967496438,2.0751003353675297,13.64783666654761,FYTTD1;AQR;RBM25;MYEF2;YTHDF3;DHX9;CELF1;POLDIP3;SECISBP2;PABPC4;FMR1;PARN;HNRNPR;PUM1;FXR1;METTL14;UNK;PKM;ESRP1;IGF2BP1;RNPS1;EIF4G3;LSM14A;RBM5,Qk,SE,rmats,870,GO_Molecular_Function_2023
MutSalpha Complex Binding (GO:0032407),3/6,0.03695263668850545,22.061130334486737,143.65159342648874,MCM8;PMS2;MUTYH,Qk,SE,rmats,870,GO_Molecular_Function_2023
DNA Replication Origin Binding (GO:0003688),4/13,0.04363762671746031,9.813189633051065,61.72260727810627,ORC1;DHX9;DDX11;KAT7,Qk,SE,rmats,870,GO_Molecular_Function_2023
Kinase Binding (GO:0019900),34/460,0.04363762671746031,1.7856549183458006,11.175040027402229,ATF2;DGKD;CAB39;MAPKAP1;PARN;FOXM1;UXT;IRAK1;RNF138;PDCD10;HSF1;PIP5K1A;RFFL;SPG11;CDK5RAP2;MAP2K6;MAP2K3;NEK9;PTPN1;PARP6;TCF7L2;PPP1R12A;STRADA;VRK1;RAD23A;PRKAB1;CDC25A;PTK2;DLG3;PRC1;TRIP6;TAX1BP1;TELO2;RAD9A,Qk,SE,rmats,870,GO_Molecular_Function_2023
DNA Metabolic Process (GO:0006259),38/288,3.15838047352185e-6,3.4492307692307693,71.15387537356605,INO80E;FBH1;MCM8;FMR1;NUDT1;PDS5B;PDS5A;SAMHD1;ORC6;ORC1;NTHL1;ALKBH1;RBBP8;SMARCAD1;TOPBP1;KPNA2;NFRKB;POLE;MUTYH;TOP3B;TCF7L2;USP3;ACTR5;XRCC3;ATRX;REV1;DONSON;NOC3L;CHD1L;SMC1A;TERF2;TICRR;RAD52;RAD50;MSH3;CDK2;RAD18;RAD9A,Qk,SE,rmats,870,GO_Biological_Process_2023
Regulation Of Organelle Organization (GO:0033043),17/100,0.0019590393001809804,4.573496800802271,61.767882261577796,SLC30A9;INO80E;SAR1A;ACTR5;MFF;PTK2;PARL;CAMSAP3;TJP1;SYDE1;CLN3;PDCD10;AKAP9;NF2;NFRKB;MARK2;ATG5,Qk,SE,rmats,870,GO_Biological_Process_2023
DNA Repair (GO:0006281),31/291,0.00404415843393342,2.6816264784083614,33.18601147816153,FBH1;FMR1;NUDT1;CIB1;PDS5B;PDS5A;NTHL1;ALKBH1;NSD2;RBBP8;PMS2;TOPBP1;POLE;MUTYH;SLC30A9;CENPX;FANCM;USP3;ACTR5;XRCC3;ATRX;RAD23A;CHD1L;SMC1A;APTX;TICRR;RAD52;RAD50;MSH3;RAD18;RAD9A,Qk,SE,rmats,870,GO_Biological_Process_2023
Organelle Organization (GO:0006996),39/418,0.004815924392090371,2.321928312202928,27.66111567389743,PI4K2B;CUL7;SAR1A;MAPKAP1;PITPNB;FAF2;TOR1AIP2;SNX10;CECR2;OPA1;ZMYM4;TRAPPC12;PACSIN3;MARK4;EPS15;CLASP1;CEP78;SEC31A;PAK4;CLASP2;HACE1;YTHDF3;PRPF40A;PEX2;WDR73;MCOLN1;BCS1L;PEX14;TJAP1;GAK;NSFL1C;SEC23IP;TMEM135;BIN1;PEX3;GOLGB1;CHMP2A;CHMP7;BRWD3,Qk,SE,rmats,870,GO_Biological_Process_2023
Mitotic Recombination (GO:0006312),6/14,0.006547735921037594,16.598958333333332,184.5854616819845,RAD52;RAD50;MSH3;XRCC3;SMC6;RAD54B,Qk,SE,rmats,870,GO_Biological_Process_2023
RNA Processing (GO:0006396),22/183,0.006547735921037594,3.0566477206140865,33.77387037362722,SRPK2;TCERG1;RNGTT;PDCD7;CELF1;FASTKD2;PABPC4;AKAP8L;WBP4;LSM1;DDX20;HNRNPR;ZCRB1;RNPC3;SRPK1;LSM6;HNRNPD;RNPS1;PPIG;HNRNPH3;SLU7;RBM5,Qk,SE,rmats,870,GO_Biological_Process_2023
Microtubule Anchoring (GO:0034453),5/9,0.006547735921037594,27.63872832369942,303.9264557916273,CAMSAP3;GCC2;CLASP1;PEX14;CLASP2,Qk,SE,rmats,870,GO_Biological_Process_2023
Regulation Of Cell Cycle (GO:0051726),30/298,0.006547735921037594,2.513592750533049,27.42996917732874,INTS13;INO80E;MEAF6;UHRF2;JADE1;HTRA2;FOXM1;ING3;KAT7;RPRD1B;CCNL2;BRD8;MARK4;NFRKB;KAT14;MAP2K6;PHACTR4;SRPK2;NEK9;ACTR5;TSC2;RAD23A;PUM1;RNF167;ZZZ3;MRGBP;BIN1;TADA3;MDM2;NF2,Qk,SE,rmats,870,GO_Biological_Process_2023
Regulation Of mRNA Metabolic Process (GO:1903311),6/15,0.007591382528170413,14.753858024691358,157.08398767263108,SRPK2;SLTM;DHX9;SAFB2;SAFB;SRPK1,Qk,SE,rmats,870,GO_Biological_Process_2023
DNA Damage Response (GO:0006974),35/384,0.009125473891447966,2.255666317794211,23.33875147081958,ATF2;FBH1;MCM8;FMR1;BRAT1;NUDT1;HTRA2;CIB1;SMC6;PDS5B;PDS5A;SAMHD1;ALKBH1;HMCES;RBBP8;TRAPPC13;TOPBP1;BID;MAP2K6;MUTYH;DDX11;USP3;XRCC3;ATRX;VRK1;CHD1L;SMC1A;USP28;TICRR;RAD50;TTC5;MSH3;FLYWCH1;RAD18;RAD9A,Qk,SE,rmats,870,GO_Biological_Process_2023
Internal Peptidyl-Lysine Acetylation (GO:0018393),9/39,0.009125473891447966,6.655052264808362,68.29581171101466,BAG6;ATAT1;ING3;MRGBP;MEAF6;TADA3;KAT7;BRD8;KAT14,Qk,SE,rmats,870,GO_Biological_Process_2023
Regulation Of Microtubule-Based Process (GO:0032886),9/41,0.012790615411670484,6.23845818815331,61.37143733663436,CAMSAP3;MACF1;PATJ;PRKAA1;CCNL2;MARK4;CLASP1;MARK2;CLASP2,Qk,SE,rmats,870,GO_Biological_Process_2023
Regulation Of Embryonic Development (GO:0045995),11/62,0.013620299074709196,4.790545321737542,46.118713110456206,BAG6;INO80E;ZZZ3;ACTR5;TADA3;EHMT1;OTX2;NFRKB;CLASP1;KAT14;CLASP2,Qk,SE,rmats,870,GO_Biological_Process_2023
Positive Regulation Of Translation (GO:0045727),15/108,0.013620299074709196,3.5912092058102245,34.50676182666518,YTHDF3;DHX9;FASTKD2;POLDIP3;FMR1;RMND1;PYM1;RCC1L;FXR1;METTL14;PKM;RPS6KB2;HNRNPD;IGF2BP1;EIF4G3,Qk,SE,rmats,870,GO_Biological_Process_2023
Regulation Of Translation (GO:0006417),22/202,0.013620299074709196,2.731263102725367,26.019488425129953,EIF4A2;APP;CYFIP1;YTHDF3;DHX9;POLDIP3;FMR1;PYM1;CNOT10;MIF4GD;FXR1;ILF3;METTL14;ALKBH1;MTG2;HNRNPD;IGF2BP1;DUS3L;EIF4G3;LSM14A;GAPDH;METAP1,Qk,SE,rmats,870,GO_Biological_Process_2023
DNA-templated DNA Replication Maintenance Of Fidelity (GO:0045005),9/43,0.013620299074709196,5.870875179340029,55.418704373369394,CAMSAP3;CENPX;FANCM;FBH1;MCM8;DDX11;ATRX;DONSON;POLE,Qk,SE,rmats,870,GO_Biological_Process_2023
Establishment Of Mitotic Spindle Localization (GO:0040001),8/34,0.013620299074709196,6.81920399785829,64.14291418896826,NSFL1C;SAPCD2;FBXW11;CLASP1;CDK5RAP2;CLASP2;ENKD1;NDEL1,Qk,SE,rmats,870,GO_Biological_Process_2023
RNA Splicing (GO:0008380),14/98,0.013620299074709196,3.7083333333333335,34.744421969111336,SRPK2;TCERG1;PDCD7;WBP4;LSM1;ZCRB1;RNPC3;SRPK1;LSM6;RNPS1;PPIG;HNRNPH3;SLU7;SRSF10,Qk,SE,rmats,870,GO_Biological_Process_2023
Regulation Of DNA Metabolic Process (GO:0051052),16/124,0.014033158114185072,3.299852545754185,30.537698746153904,INO80E;ESCO1;MEAF6;ACTR5;JADE1;YLPM1;SMC6;TERF2;TADA3;HNRNPD;USP1;SMARCAD1;KAT7;KPNA2;NFRKB;MPHOSPH8,Qk,SE,rmats,870,GO_Biological_Process_2023
Regulation Of mRNA Processing (GO:0050684),8/35,0.014033158114185072,6.5662971556243015,60.313211893011065,SRPK2;SLTM;DHX9;PAPOLA;SAFB2;SAFB;SRSF10;SRPK1,Qk,SE,rmats,870,GO_Biological_Process_2023
Establishment Of Spindle Orientation (GO:0051294),8/35,0.014033158114185072,6.5662971556243015,60.313211893011065,NSFL1C;SAPCD2;FBXW11;MAP4;CLASP1;CDK5RAP2;ENKD1;NDEL1,Qk,SE,rmats,870,GO_Biological_Process_2023
Regulation Of Cellular Component Organization (GO:0051128),18/153,0.015837513595632745,2.9726134585289516,26.80640834394276,SETD5;PTPN1;MEAF6;PRDM5;HJURP;JADE1;TSC2;MLLT3;CAMSAP3;TJP1;METTL4;PACSIN3;KAT7;CCNL2;MARK4;EBAG9;PICALM;PAK4,Qk,SE,rmats,870,GO_Biological_Process_2023
Replication Fork Processing (GO:0031297),9/46,0.016878858854786207,5.39401073547415,47.93526433598911,RAD50;CENPX;FANCM;FBH1;DDX11;ATRX;RBBP8;DONSON;SAMHD1,Qk,SE,rmats,870,GO_Biological_Process_2023
Positive Regulation Of Heterochromatin Formation (GO:0031453),5/13,0.016878858854786207,13.816473988439306,121.8419147354759,SETDB1;CDK2;PPHLN1;MPHOSPH8;RESF1,Qk,SE,rmats,870,GO_Biological_Process_2023
DNA Methylation (GO:0006306),6/20,0.016878858854786207,9.482142857142858,83.32012904822385,N6AMT1;ATRX;DNMT3A;DNMT3B;METTL4;EHMT1,Qk,SE,rmats,870,GO_Biological_Process_2023
Negative Regulation Of Microtubule Depolymerization (GO:0007026),6/20,0.016878858854786207,9.482142857142858,83.32012904822385,CKAP2;KATNB1;CIB1;CLASP1;HDGFL3;CLASP2,Qk,SE,rmats,870,GO_Biological_Process_2023
Establishment Or Maintenance Of Epithelial Cell Apical/Basal Polarity (GO:0045197),8/40,0.029419572709089976,5.538863109048724,45.38388395340833,CAMSAP3;PATJ;DLG1;DLG3;DLG5;SYNE4;MARK2;PALS1,Qk,SE,rmats,870,GO_Biological_Process_2023
Chromatin Organization (GO:0006325),25/268,0.029979456080451227,2.299534906372513,18.714761353287493,SUV39H2;INO80E;KDM5C;CHD6;EHMT1;DDX21;CECR2;HIRIP3;SMARCAD1;KAT7;NFRKB;BPTF;BRD2;PBRM1;KDM2B;DDX11;ACTR5;ATRX;CHD1L;SAFB;ZZZ3;NASP;MTF2;HDGFL3;EZH2,Qk,SE,rmats,870,GO_Biological_Process_2023
Protein Lipidation (GO:0006497),10/62,0.030752269586299487,4.266100178890877,34.36560635580825,DPM1;PORCN;PGAP2;ZDHHC20;SLC30A5;PIGP;ZDHHC5;ZDHHC7;ATG7;ATG5,Qk,SE,rmats,870,GO_Biological_Process_2023
DNA Double-Strand Break Processing (GO:0000729),5/15,0.030752269586299487,11.052023121387283,88.9030726184594,RAD52;RAD50;RNF138;RBBP8;SMARCAD1,Qk,SE,rmats,870,GO_Biological_Process_2023
Negative Regulation Of Protein Depolymerization (GO:1901880),6/23,0.030869045827048296,7.807598039215686,62.00550807072119,CKAP2;KATNB1;CIB1;CLASP1;HDGFL3;CLASP2,Qk,SE,rmats,870,GO_Biological_Process_2023
ESCRT III Complex Disassembly (GO:1904903),4/9,0.030869045827048296,17.66743648960739,139.32740685792885,IST1;VTA1;CHMP2A;CHMP7,Qk,SE,rmats,870,GO_Biological_Process_2023
ESCRT Complex Disassembly (GO:1904896),4/9,0.030869045827048296,17.66743648960739,139.32740685792885,IST1;VTA1;CHMP2A;CHMP7,Qk,SE,rmats,870,GO_Biological_Process_2023
Amino Sugar Biosynthetic Process (GO:0046349),4/9,0.030869045827048296,17.66743648960739,139.32740685792885,NANP;GNPDA1;GFPT2;UAP1,Qk,SE,rmats,870,GO_Biological_Process_2023
Positive Regulation Of miRNA-mediated Gene Silencing (GO:2000637),4/9,0.030869045827048296,17.66743648960739,139.32740685792885,FXR1;DHX9;FMR1;PUM1,Qk,SE,rmats,870,GO_Biological_Process_2023
mRNA Processing (GO:0006397),21/214,0.03422424534282668,2.4269759607462604,18.72957763658592,TCERG1;AQR;RNGTT;RNMT;CELF1;WBP4;PRPF40B;HNRNPR;PRPF40A;RNPC3;U2AF1L4;METTL14;LSM6;PAPOLA;RNPS1;RPRD1B;HNRNPH3;SLU7;SRSF10;RBM10;RBM5,Qk,SE,rmats,870,GO_Biological_Process_2023
Regulation Of Cytoplasmic Translation (GO:2000765),6/24,0.03422424534282668,7.3734567901234565,56.71087951170798,PKM;UNK;DHX9;FMR1;HNRNPD;IGF2BP1,Qk,SE,rmats,870,GO_Biological_Process_2023
Regulation Of Microtubule Depolymerization (GO:0031114),6/24,0.03422424534282668,7.3734567901234565,56.71087951170798,CKAP2;KATNB1;CIB1;CLASP1;HDGFL3;CLASP2,Qk,SE,rmats,870,GO_Biological_Process_2023
Intracellular Steroid Hormone Receptor Signaling Pathway (GO:0030518),8/43,0.03422424534282668,5.063307921776599,38.859467426272374,KDM3A;RNF14;SRC;NCOA4;TADA3;UBE3A;ZDHHC7;SAFB,Qk,SE,rmats,870,GO_Biological_Process_2023
Intracellular Protein Transport (GO:0006886),28/325,0.03448847351784619,2.1086718331373913,16.113860161159305,RPAIN;VPS29;RAB5C;SAR1A;STX16;VPS26C;KATNB1;ARFRP1;GGA1;IPO9;XPO4;RAB23;FAM53C;RAB28;KPNA2;SEC31A;APPL1;NUP214;STRADA;STRADB;TSC2;BCS1L;CAMSAP3;SEC23IP;CTTN;RABL3;UBAP1;SLU7,Qk,SE,rmats,870,GO_Biological_Process_2023
Positive Regulation Of Protein Kinase Activity (GO:0045860),16/145,0.03882191981611796,2.759617304794583,20.548001016803184,MAP2K3;PTPN1;CAB39;CAB39L;STRADA;SRC;STRADB;CIB1;PTK2;VEGFA;DLG3;PDCD10;ECT2;TELO2;MARK2;EZH2,Qk,SE,rmats,870,GO_Biological_Process_2023
Negative Regulation Of Cellular Component Organization (GO:0051129),11/79,0.03882191981611796,3.589707594329932,26.635922205380705,SCAMP5;SRC;RIOK3;PEX5;HSF1;PACSIN3;ULK1;ISL1;TERF2;DNM2;VEGFA,Qk,SE,rmats,870,GO_Biological_Process_2023
Positive Regulation Of DNA Methylation-Dependent Heterochromatin Formation (GO:0090309),4/10,0.03882191981611796,14.722093918398768,109.09484774069807,SETDB1;PPHLN1;MPHOSPH8;RESF1,Qk,SE,rmats,870,GO_Biological_Process_2023
Positive Regulation Of Post-Transcriptional Gene Silencing By RNA (GO:1900370),4/10,0.03882191981611796,14.722093918398768,109.09484774069807,FXR1;DHX9;FMR1;PUM1,Qk,SE,rmats,870,GO_Biological_Process_2023
Endocytosis (GO:0006897),19/189,0.03882191981611796,2.4900808737125875,18.440462800083054,APP;DENND1B;TSC2;DNM2;EPN2;GAK;AP3M1;CLN3;DAB2;HOOK2;CTTN;BIN1;PIP5K1A;PI4KB;EPS15;CSNK1G2;PDLIM7;PICALM;REPS1,Qk,SE,rmats,870,GO_Biological_Process_2023
Establishment Or Maintenance Of Apical/Basal Cell Polarity (GO:0035088),6/26,0.04414261991365585,6.635416666666667,47.96575547088464,PATJ;DLG1;DLG3;DLG5;MARK2;PALS1,Qk,SE,rmats,870,GO_Biological_Process_2023
Protein Localization (GO:0008104),29/351,0.04414261991365585,2.014135789248233,14.483977000933248,CUTA;VPS29;RAB5C;SAR1A;STX16;ITSN1;VPS26C;DDX42;ARFRP1;GGA1;RAB23;NPHP1;RAB28;SEC31A;JAM3;IST1;USP4;AKTIP;TSC2;PEX14;SEC23IP;CTTN;HOOK2;RRAGB;PEX5;RABL3;ULK1;SLU7;VCL,Qk,SE,rmats,870,GO_Biological_Process_2023
"Regulation Of mRNA Splicing, Via Spliceosome (GO:0048024)",12/94,0.04414261991365585,3.2488487122633463,23.312962297225354,FXR1;SRPK2;RBM25;CELF1;THRAP3;SFSWAP;FMR1;RNPS1;RBM7;SRSF10;RBM5;SRPK1,Qk,SE,rmats,870,GO_Biological_Process_2023
DNA Double-Strand Break Processing Involved In Repair Via Single-Strand Annealing (GO:0010792),3/5,0.04414261991365585,33.09342560553633,237.3383239902539,RAD52;RNF138;RBBP8,Qk,SE,rmats,870,GO_Biological_Process_2023
Double-Strand Break Repair Via Single-Strand Annealing (GO:0045002),3/5,0.04414261991365585,33.09342560553633,237.3383239902539,RAD52;RNF138;RBBP8,Qk,SE,rmats,870,GO_Biological_Process_2023
Glycerophospholipid Biosynthetic Process (GO:0046474),13/108,0.0465268202407345,3.0394276239022293,21.577993288682574,PI4K2B;VAC14;DGKD;PCYT2;TAMM41;SLC44A2;MTMR14;OCRL;PGS1;PTDSS2;CLN3;PIP5K1A;PI4KB,Qk,SE,rmats,870,GO_Biological_Process_2023
Intracellular Membrane-Bounded Organelle (GO:0043231),352/5175,1.6893426323970168e-19,2.015785045434641,98.67595369753963,ATF2;VPS29;TCERG1;PANK2;RTCA;ITSN1;NUDT1;EHMT1;HNRNPR;SMC6;GPATCH8;UXT;ALKBH1;FAM53C;CPNE1;UBAP2L;KAT7;CCNL2;ZFPL1;NFRKB;AGFG1;AQR;ESCO1;DDX11;SLC35C2;KNL1;JMJD7;ISL1;PRKAB1;EML3;CYP39A1;NISCH;BIN1;RRAGB;AKAP9;SRFBP1;TELO2;MEAF6;DHX9;VPS26C;UBE2J2;RNPC3;MTDH;FXR1;DHX30;RAB11FIP1;NTHL1;DPH3;PIP5K1A;RBM10;KAT14;DECR1;SEC31A;SRPK2;HACE1;SETDB1;XRCC3;CDC7;NTAN1;PTK2;SRPK1;MLLT10;STAG1;GOLGB1;TRIP6;HNRNPD;GTF2IRD1;RNPS1;CDIN1;PKIG;RAD18;RPS24;CC2D1A;EZH2;PSME3IP1;INTS11;PHF3;CEP57;RPAIN;SUV39H2;DENND1B;SETD5;INTS13;INTS14;FBH1;SETD6;ZBTB8OS;SNX10;ECSIT;MED15;N4BP2L2;ING3;ZMYM2;AIFM1;XPO4;SPIN1;CTSH;NELFB;ACADS;CTSC;GABPA;APPL1;TOP3B;GRIPAP1;BRD2;PBRM1;SPHK2;STRADA;NCOA3;PABPC4;STRADB;NCOA4;TFE3;TERF2;GAK;MED22;SLC7A5;AFTPH;NCOR1;CTTN;SLTM;MED20;MTF2;G2E3;HNRNPH3;ALDOA;SLU7;SGMS1;STX16;RNMT;ZDHHC20;CIPC;GPS1;AKAP8;DLST;ECPAS;RAD54B;GGA1;RNF138;HSF1;NSD2;USP1;METTL4;PMS2;APBB2;BRD8;SRSF10;EPS15;SRSF11;GINS1;MYEF2;PCGF5;YLPM1;RRP1B;APTX;PEX14;NUDT9;SEC23IP;TTC3;NBR1;ZYX;UBAP1;MITD1;EEF1AKMT2;MPHOSPH8;N6AMT1;DGKD;PRDM4;FMR1;PRDM5;CTNND1;JADE1;UBP1;STK19;CIB1;RPL10A;COMT;MPC2;PAPOLA;TRAPPC12;SMARCAD1;TRAPPC14;KPNA2;MAP3K7;SLC30A9;TLE1;KDM2B;IST1;FBXW11;USP4;USP3;IPMK;TSC2;VRK1;OCRL;CHD1L;PIAS2;CDC25A;THOC7;DPM1;CLIP1;ILF3;MSH3;PPIG;GEMIN8;CSNK1G2;ISCU;HDGFL3;ANKRD16;MAX;ANKRD11;MAZ;ARHGAP19;HTRA2;PDS5B;PDS5A;BCL2L12;BAG6;NPAT;IRAK1;ORC1;DEAF1;SAFB2;OTX2;RPRD1B;ECT2;ZC3H14;BPTF;OSBPL9;POU2F1;VTA1;LSM1;RFXANK;MACO1;CLK4;PALB2;SMAD5;TDRD3;NSFL1C;DAB2;DLG1;LSM6;HOOK2;APPBP2;NASP;P4HA1;TADA3;CDK2;MDM2;MAN2B1;TCF3;NF2;NIT1;BRWD3;MDM1;PICALM;RAD9A;DIDO1;KDM5C;CELF1;RNF14;MCM8;CDCA7L;AKAP8L;DDX42;CHD6;UFSP2;FOXM1;ATRAID;RESF1;SENP6;DUSP12;METTL14;AP1G1;DNMT3B;FLOT2;BUD23;TOPBP1;GUSB;RBM7;POLE;RBM5;ILKAP;SUN1;TBP;CEMIP2;ACTR5;AKTIP;ATRX;DNMT3A;PPP2R5B;RAD23A;PEX2;TRNAU1AP;SMC1A;SAFB;EPN2;SENP1;METTL22;TRAF7;TRAPPC6A;PKM;RABEP1;TFDP2;THRAP3;ESRP1;ZMYND11;GAPDH;ITGB3BP;CILK1;VAC14;PRKAA1;KDM3A;PDXK;UHRF2;POLDIP3;BRAT1;WBP4;PARN;DDX20;LENG8;KATNB1;AMBRA1;MLLT3;SAMHD1;UACA;CECR2;CLN3;NFS1;HIRIP3;MCRIP2;ATXN1L;IGF2BP1;RBBP8;REPS1;MUTYH;TCF7L2;RNGTT;PPIL2;LIMK2;DONSON;DTNBP1;MCOLN1;USP28;U2SURP;TICRR;RAD52;RAD50;PRC1;ACIN1;QRICH1;RGS12,Qk,SE,rmats,870,GO_Cellular_Component_2023
Nucleus (GO:0005634),302/4487,3.0487687367575985e-15,1.898711864977199,73.02016561612136,ATF2;TCERG1;PANK2;RTCA;NUDT1;EHMT1;HNRNPR;SMC6;GPATCH8;UXT;ALKBH1;FAM53C;CPNE1;UBAP2L;KAT7;CCNL2;ZFPL1;NFRKB;AQR;ESCO1;DDX11;KNL1;JMJD7;ISL1;PRKAB1;EML3;BIN1;RRAGB;SRFBP1;TELO2;MEAF6;DHX9;VPS26C;UBE2J2;RNPC3;MTDH;FXR1;DHX30;NTHL1;DPH3;PIP5K1A;RBM10;KAT14;DECR1;SRPK2;HACE1;SETDB1;XRCC3;CDC7;NTAN1;PTK2;SRPK1;MLLT10;STAG1;TRIP6;HNRNPD;GTF2IRD1;RNPS1;CDIN1;PKIG;RAD18;RPS24;CC2D1A;EZH2;PSME3IP1;INTS11;PHF3;CEP57;RPAIN;SUV39H2;SETD5;INTS13;INTS14;FBH1;SETD6;ZBTB8OS;SNX10;ECSIT;MED15;N4BP2L2;ING3;ZMYM2;AIFM1;XPO4;SPIN1;NELFB;ACADS;GABPA;APPL1;TOP3B;BRD2;PBRM1;SPHK2;STRADA;NCOA3;PABPC4;STRADB;NCOA4;TFE3;TERF2;MED22;NCOR1;SLTM;MED20;MTF2;G2E3;HNRNPH3;ALDOA;SLU7;SGMS1;RNMT;CIPC;GPS1;AKAP8;DLST;ECPAS;RAD54B;RNF138;HSF1;NSD2;USP1;METTL4;PMS2;APBB2;BRD8;SRSF10;SRSF11;GINS1;MYEF2;PCGF5;YLPM1;RRP1B;APTX;PEX14;NUDT9;TTC3;ZYX;EEF1AKMT2;MPHOSPH8;N6AMT1;DGKD;PRDM4;FMR1;PRDM5;CTNND1;JADE1;UBP1;STK19;CIB1;RPL10A;MPC2;PAPOLA;TRAPPC12;SMARCAD1;KPNA2;MAP3K7;SLC30A9;TLE1;KDM2B;FBXW11;USP4;USP3;IPMK;TSC2;VRK1;OCRL;CHD1L;PIAS2;CDC25A;THOC7;DPM1;CLIP1;ILF3;MSH3;PPIG;GEMIN8;CSNK1G2;ISCU;HDGFL3;ANKRD16;MAX;ANKRD11;MAZ;HTRA2;PDS5B;PDS5A;BCL2L12;BAG6;NPAT;IRAK1;ORC1;DEAF1;SAFB2;OTX2;RPRD1B;ECT2;ZC3H14;BPTF;POU2F1;LSM1;RFXANK;MACO1;CLK4;PALB2;SMAD5;TDRD3;NSFL1C;DLG1;LSM6;APPBP2;NASP;TADA3;CDK2;MDM2;TCF3;NF2;NIT1;BRWD3;MDM1;PICALM;RAD9A;DIDO1;KDM5C;CELF1;RNF14;MCM8;CDCA7L;AKAP8L;DDX42;CHD6;UFSP2;FOXM1;RESF1;SENP6;DUSP12;METTL14;DNMT3B;BUD23;TOPBP1;RBM7;POLE;RBM5;ILKAP;TBP;ACTR5;AKTIP;ATRX;DNMT3A;PPP2R5B;RAD23A;TRNAU1AP;SMC1A;SAFB;SENP1;METTL22;PKM;TFDP2;THRAP3;ESRP1;ZMYND11;GAPDH;ITGB3BP;CILK1;PRKAA1;KDM3A;PDXK;UHRF2;POLDIP3;BRAT1;WBP4;PARN;DDX20;LENG8;KATNB1;AMBRA1;MLLT3;SAMHD1;UACA;CECR2;CLN3;NFS1;HIRIP3;MCRIP2;ATXN1L;IGF2BP1;RBBP8;MUTYH;TCF7L2;RNGTT;PPIL2;LIMK2;DONSON;DTNBP1;USP28;U2SURP;TICRR;RAD52;RAD50;PRC1;ACIN1;QRICH1;RGS12,Qk,SE,rmats,870,GO_Cellular_Component_2023
Intracellular Non-Membrane-Bounded Organelle (GO:0043232),88/1195,8.243223743610222e-5,1.8321261814493677,25.707972136442677,RBM28;TMEM179B;CDCA7L;FMR1;PRDM5;FAF2;HJURP;HNRNPR;FOXM1;UXT;EPB41L4A;SPIN1;KAT7;LRRFIP1;BUD23;TRAPPC13;TOPBP1;RBM34;RBM7;SPG11;CDK5RAP2;SLC30A9;PPP1R12A;ESCO1;CEMIP2;SLC30A5;DDX11;VRK1;SMC1A;DDX50;MIF4GD;EML3;METTL22;TRAF7;ILF3;CTTN;SAPCD2;BIN1;WDR82;AKAP9;LDAH;GAPDH;VCL;SLC29A2;MACF1;INO80E;RAB5C;MEAF6;DHX9;EPB41;CIPC;PARN;DDX20;AKAP8;KATNB1;HTRA2;DDX21;PDS5B;AMBRA1;PDS5A;FXR1;SYCE2;HIRIP3;IRAK1;EPB41L3;ATXN1L;UTP20;ZC3H14;PLK4;SRPK2;PYM1;NOC3L;RRP1B;APTX;PTK2;SMTN;STAG1;LSM6;ZZZ3;PRC1;TTC3;TRIP6;MDM2;RGS12;CEP85;NF2;EIF4G3;MPHOSPH8,Qk,SE,rmats,870,GO_Cellular_Component_2023
Mitotic Spindle (GO:0072686),20/143,3.0084268437516895e-4,3.6359636537541844,45.26584391530182,IQCB1;EPB41;LIMK2;CKAP2;HAUS3;CDC7;EML3;ATAT1;WRAP73;ZZZ3;NCOR1;TFDP2;TADA3;TRAPPC14;MAP4;ECT2;LSM14A;KAT14;CLASP1;CLASP2,Qk,SE,rmats,870,GO_Cellular_Component_2023
Cytoskeleton (GO:0005856),50/599,5.162935013908866e-4,2.0637300635301434,24.117255111920066,FOXM1;UXT;EPB41L4A;SIPA1L1;MPRIP;LRRFIP1;TOPBP1;CDK5RAP2;NDC1;IQCB1;SLC30A9;PPP1R12A;CKAP2;EML3;NISCH;CLIP1;ILF3;CTTN;BIN1;MAP7D1;AKAP9;TLN2;ALDOA;GAPDH;VCL;MACF1;TMEM63B;DHX9;EPB41;DDX20;KATNB1;HTRA2;AMBRA1;ABLIM1;EPB41L3;FLNB;MARK4;PDLIM7;ENKD1;DTNBP1;SEPTIN6;PTK2;ANLN;MYO1B;SMTN;PRC1;KANSL2;TRIP6;ZYX;NF2,Qk,SE,rmats,870,GO_Cellular_Component_2023
Spindle (GO:0005819),22/210,0.0066207092531548346,2.613935166599759,23.40162328811225,IQCB1;EPB41;LIMK2;CKAP2;HAUS3;KATNB1;CDC7;EML3;ATAT1;WRAP73;ZZZ3;NCOR1;TFDP2;PRC1;TADA3;TRAPPC14;MAP4;ECT2;LSM14A;KAT14;CLASP1;CLASP2,Qk,SE,rmats,870,GO_Cellular_Component_2023
Cell-Cell Junction (GO:0005911),27/299,0.01115308866457642,2.2205620682436678,18.10407374947475,PATJ;CTNND1;SNAP23;FOXM1;MTDH;CDH2;EPB41L3;NPHP1;FLOT2;ECT2;PDLIM7;JAM3;PAK4;CADM1;ACTN1;LSR;VEGFA;TJP1;ILF3;DLG1;DLG3;SAPCD2;DLG5;ZYX;NF2;VCL;PALS1,Qk,SE,rmats,870,GO_Cellular_Component_2023
Adherens Junction (GO:0005912),17/150,0.01115308866457642,2.846644747860272,23.18149498163144,CTNND1;SNAP23;VEGFA;CAMSAP3;TJP1;ILF3;DLG1;CDH2;DLG3;DLG5;ZYX;FLOT2;NF2;VCL;PDLIM7;PALS1;PAK4,Qk,SE,rmats,870,GO_Cellular_Component_2023
Coated Vesicle (GO:0030135),11/79,0.020435981492327684,3.589707594329932,26.635922205380705,TEPSIN;DAB2;SEC23IP;AP1G1;VPS41;NUMB;OCRL;CTSC;ECPAS;SEC31A;PICALM,Qk,SE,rmats,870,GO_Cellular_Component_2023
Nuclear Lumen (GO:0031981),53/780,0.027719634830020025,1.6421318643206013,11.511142276416289,RBM28;TMEM179B;CDCA7L;FMR1;PRDM5;HJURP;HNRNPR;SPIN1;KAT7;BUD23;RBM34;RBM7;SPG11;PBRM1;PPP1R12A;CEMIP2;SLC30A5;DDX11;VRK1;DDX50;MIF4GD;METTL22;TRAF7;ILF3;SAPCD2;WDR82;SLC29A2;INO80E;MEAF6;DHX9;CIPC;PARN;AKAP8;DDX21;FXR1;HIRIP3;ATXN1L;UTP20;ZC3H14;PLK4;SRPK2;PYM1;NOC3L;RRP1B;APTX;LSM6;ZZZ3;TTC3;MDM2;RGS12;CEP85;NF2;MPHOSPH8,Qk,SE,rmats,870,GO_Cellular_Component_2023
Nucleolus (GO:0005730),52/771,0.03304638513585883,1.6277905675840187,10.969347864212702,RBM28;TMEM179B;CDCA7L;FMR1;PRDM5;HJURP;HNRNPR;SPIN1;KAT7;BUD23;RBM34;RBM7;SPG11;PPP1R12A;CEMIP2;SLC30A5;DDX11;VRK1;DDX50;MIF4GD;METTL22;TRAF7;ILF3;SAPCD2;WDR82;SLC29A2;INO80E;MEAF6;DHX9;CIPC;PARN;AKAP8;DDX21;FXR1;HIRIP3;ATXN1L;UTP20;ZC3H14;PLK4;SRPK2;PYM1;NOC3L;RRP1B;APTX;LSM6;ZZZ3;TTC3;MDM2;RGS12;CEP85;NF2;MPHOSPH8,Qk,SE,rmats,870,GO_Cellular_Component_2023
Focal Adhesion (GO:0005925),30/387,0.04315844115200973,1.8780512204881952,11.991015904072418,CYFIP1;SRC;STX16;SNAP23;RPL10A;SLC9A3R2;MPRIP;CDH2;PIP5K1A;FLOT2;FLNB;MPZL1;CLASP1;PDLIM7;PAK4;CLASP2;PPP1R12A;ACTN1;PTK2;DNM2;SENP1;FERMT1;DAB2;CTTN;TRIP6;ZYX;NUMB;KRAS;TLN2;VCL,Qk,SE,rmats,870,GO_Cellular_Component_2023
ATAC Complex (GO:0140672),4/13,0.04381138453933138,9.813189633051065,61.72260727810627,ZZZ3;TADA3;MAP3K7;KAT14,Qk,SE,rmats,870,GO_Cellular_Component_2023
Cell-Substrate Junction (GO:0030055),25/395,0.015556786657673316,2.470099409754582,22.81739303679121,YWHAE;ARF1;TRIOBP;HSP90B1;ICAM1;RPS4X;CSRP1;FLNA;RPL38;PRSS8;SCARF2;KLF11;NPM1;DST;HSPA5;CASK;ENAH;CTNNB1;MYH9;CALR;PABPC1;PFN1;ARHGEF7;CD44;FERMT3,Rbm24,A3SS,deg,547,GO_Cellular_Component_2023
Focal Adhesion (GO:0005925),24/387,0.015556786657673316,2.413286348624433,20.790734640611806,YWHAE;KLF11;ARF1;NPM1;DST;HSPA5;CASK;TRIOBP;HSP90B1;ICAM1;ENAH;RPS4X;CSRP1;FLNA;CTNNB1;MYH9;RPL38;PRSS8;CALR;PABPC1;PFN1;ARHGEF7;SCARF2;CD44,Rbm24,A3SS,deg,547,GO_Cellular_Component_2023
Cortical Granule (GO:0060473),3/5,0.015556786657673316,53.63327205882353,458.0876525990483,HEXB;MYH9;CALR,Rbm24,A3SS,deg,547,GO_Cellular_Component_2023
Actin Cytoskeleton (GO:0015629),21/327,0.0169433598572024,2.49811749794975,20.404744785920915,DHX9;TPM3;MYO5A;CASK;NPM3;SPTB;TRIOBP;ACACA;LIMD2;SLC9A3R1;ACTA1;SAMD14;OPHN1;BIN2;DNAJA3;FSCN1;FLNA;MYH9;TEK;WASF2;FERMT3,Rbm24,A3SS,deg,547,GO_Cellular_Component_2023
DNA Binding (GO:0003677),31/846,5.195735239719932e-4,2.819049681222182,37.526893962333254,TOP2A;SMARCB1;TSG101;MPG;OGG1;NUCKS1;HIF1A;DEDD2;RAD51AP1;SBNO1;CUX1;PCBP2;MLX;POLG;RBM6;JMJD4;RFC1;DDX11;ATRX;NR2F6;SMARCA4;SIRT3;TOX3;MMS22L;FUBP3;MSH3;ERCC1;TIMELESS;TCF3;TARDBP;TAF1,Rbm24,A3SS,rmats,286,GO_Molecular_Function_2023
RNA Polymerase II-specific DNA-binding Transcription Factor Binding (GO:0061629),14/228,8.712187793505722e-4,4.690076965365585,56.75867000209575,SMARCB1;TBP;RNF25;NCOA3;HIF1A;SMARCA4;MAD2L2;NCOR1;MTA1;CPNE1;MLX;E4F1;TCF3;TAF1,Rbm24,A3SS,rmats,286,GO_Molecular_Function_2023
Single-Stranded DNA Binding (GO:0003697),8/96,0.007412013083266394,6.417920209287116,61.32601235235135,RAD51AP1;MMS22L;FUBP3;MSH3;DDX11;ERCC1;PCBP2;NUCKS1,Rbm24,A3SS,rmats,286,GO_Molecular_Function_2023
Ubiquitin-Like Protein Transferase Activity (GO:0019787),12/240,0.014606578585883916,3.742988859008836,32.1499607143016,UBE2F;UBE2W;MARCHF2;SHARPIN;SMURF1;RNF25;TTC3;ARIH2;FBXO25;UBE2D1;RNF181;MDM4,Rbm24,A3SS,rmats,286,GO_Molecular_Function_2023
Ubiquitin-Protein Transferase Activity (GO:0004842),16/412,0.019609565185020206,2.8908342686120463,23.333926399458846,RNF10;MARCHF2;RNF44;SMURF1;RNF25;FBXO17;FBXO25;UBE2D1;UBE2W;SHARPIN;TTC3;ARIH2;RNF181;MDM4;RNF111;TAF1,Rbm24,A3SS,rmats,286,GO_Molecular_Function_2023
Nuclear Receptor Coactivator Activity (GO:0030374),5/50,0.035557560634023114,7.777382364570976,56.24845322618225,ENY2;ZMIZ1;NCOA3;PPRC1;ATXN7L3,Rbm24,A3SS,rmats,286,GO_Molecular_Function_2023
DNA-binding Transcription Factor Binding (GO:0140297),12/282,0.035557560634023114,3.1539334955393348,22.519354208029423,MAD2L2;RBFOX2;NCOR1;TBP;MTA1;MLX;NUCKS1;E4F1;TCF3;HIF1A;HCFC1;TAF1,Rbm24,A3SS,rmats,286,GO_Molecular_Function_2023
Chromatin DNA Binding (GO:0031490),6/83,0.04748056200803411,5.464842300556587,36.66876939914054,TOX3;SBNO1;SMARCB1;ATRX;HNRNPC;SMARCA4,Rbm24,A3SS,rmats,286,GO_Molecular_Function_2023
Ubiquitin-Like Protein Conjugating Enzyme Activity (GO:0061650),4/35,0.04748056200803411,9.00617707618394,58.488300321756064,UBE2F;UBE2W;UBE2D1;TAF1,Rbm24,A3SS,rmats,286,GO_Molecular_Function_2023
Core Promoter Sequence-Specific DNA Binding (GO:0001046),4/35,0.04748056200803411,9.00617707618394,58.488300321756064,SMARCB1;TBP;SMARCA4;TAF1,Rbm24,A3SS,rmats,286,GO_Molecular_Function_2023
Positive Regulation Of Double-Strand Break Repair (GO:2000781),11/84,4.755532526195784e-5,10.762191780821917,186.04213273849658,RAD51AP1;MAD2L2;PBRM1;SMARCB1;MRGBP;DDX11;TIMELESS;KMT5B;MMS19;FOXM1;SMARCA4,Rbm24,A3SS,rmats,286,GO_Biological_Process_2023
Chromatin Organization (GO:0006325),16/268,0.0013099487496161858,4.576601998824221,60.76648794560292,PBRM1;KDM4B;SMARCB1;BRPF1;HDAC10;DDX11;ATRX;EHMT1;NUCKS1;HCFC1;SMARCA4;ING4;MTA1;BRD9;HNRNPC;MTA3,Rbm24,A3SS,rmats,286,GO_Biological_Process_2023
Post-Transcriptional Gene Silencing (GO:0016441),4/11,0.006366999806650198,39.933130699088146,450.88648156816714,CELF1;HELZ;PUM1;GIGYF2,Rbm24,A3SS,rmats,286,GO_Biological_Process_2023
Regulation Of Double-Strand Break Repair (GO:2000779),8/88,0.01437089051502314,7.062589928057554,71.90523924650557,RAD51AP1;PBRM1;SMARCB1;MRGBP;DDX11;TIMELESS;FOXM1;SMARCA4,Rbm24,A3SS,rmats,286,GO_Biological_Process_2023
Regulation Of DNA-templated Transcription (GO:0006355),49/1922,0.01437089051502314,1.969378307325282,19.6270914797374,SETD5;RNF10;SMARCB1;HDAC10;PRDM4;OGG1;EHMT1;FOXM1;ING4;EDRF1;ZMIZ1;SUFU;MLX;ATXN7L3;RNF111;BRD1;PBRM1;RBFOX2;ZFP2;ATRX;FOXP4;LIME1;HCFC1;PHF20L1;TOX3;NCOR1;DMTF1;TIMELESS;ENY2;WIZ;PRICKLE1;HIF1A;DEDD2;SBNO1;MTA1;CUX1;BRD9;E4F1;MTA3;BRPF1;SMARCA4;MAD2L2;MRGBP;FUBP3;CNOT2;MMS19;MDM4;TCF3;PICALM,Rbm24,A3SS,rmats,286,GO_Biological_Process_2023
Regulation Of Cellular Component Organization (GO:0051128),10/153,0.016279179868278145,4.958700719570285,47.25356085417502,ING4;MAD2L2;SETD5;RAB4A;TSC2;PTPN11;RASGRP2;BLTP1;HCFC1;PICALM,Rbm24,A3SS,rmats,286,GO_Biological_Process_2023
Ubiquitin-Dependent Protein Catabolic Process (GO:0006511),16/367,0.016279179868278145,3.269051387569906,30.68306280172359,FBXW5;TSG101;SMURF1;RNF25;UBE2D1;ANKRD9;UBE2W;SHARPIN;MTA1;PCBP2;TTC3;ARIH2;SPOPL;RNF111;UBL7;TAF1,Rbm24,A3SS,rmats,286,GO_Biological_Process_2023
Positive Regulation Of DNA Recombination (GO:0045911),6/51,0.016279179868278145,9.366190476190477,87.77478357473682,RAD51AP1;MAD2L2;MRGBP;TIMELESS;KMT5B;MMS19,Rbm24,A3SS,rmats,286,GO_Biological_Process_2023
Regulation Of Cell Cycle Process (GO:0010564),9/130,0.01824088463764348,5.261121222066414,48.08605994832829,PBRM1;SMARCB1;DBF4;RACGAP1;PRC1;E4F1;PUM1;USP19;SMARCA4,Rbm24,A3SS,rmats,286,GO_Biological_Process_2023
Regulation Of Nuclear Cell Cycle DNA Replication (GO:0033262),3/8,0.02227006181638119,41.78586572438162,366.9143690159568,DBF4;ATRX;WIZ,Rbm24,A3SS,rmats,286,GO_Biological_Process_2023
Histone Modification (GO:0016570),7/81,0.02227006181638119,6.658916981497627,58.19653563357894,ING4;PHF20L1;ENY2;MTA1;MRGBP;ATXN7L3;MTA3,Rbm24,A3SS,rmats,286,GO_Biological_Process_2023
Proteasome-Mediated Ubiquitin-Dependent Protein Catabolic Process (GO:0043161),14/319,0.0276058172707954,3.2753857280617167,27.637197489456764,RNF10;FBXW5;SMURF1;FBXO17;USP19;ANKRD9;UBE2W;SHARPIN;MTA1;CDC27;PCBP2;SPOPL;ANKZF1;TAF1,Rbm24,A3SS,rmats,286,GO_Biological_Process_2023
Positive Regulation Of DNA Repair (GO:0045739),7/89,0.033889080255078016,6.006818777865198,48.972008235073865,PBRM1;SMARCB1;HDAC10;DDX11;TIMELESS;FOXM1;SMARCA4,Rbm24,A3SS,rmats,286,GO_Biological_Process_2023
Regulation Of RNA Metabolic Process (GO:0051252),7/91,0.03389550215721146,5.863201911589008,46.99910006059676,ENY2;PCBP3;CELF1;PCBP2;RBM12;ATXN7L3;CLK2,Rbm24,A3SS,rmats,286,GO_Biological_Process_2023
Regulation Of Transcription By RNA Polymerase II (GO:0006357),48/2028,0.03389550215721146,1.806366182836771,14.467991975709996,RNF10;ENY2;SMARCB1;HDAC10;PRDM4;EHMT1;UBE2D1;WIZ;NUCKS1;FOXM1;HIF1A;MTA1;MAPK7;CUX1;ZMIZ1;MIER3;SUFU;MLX;BRD9;E4F1;IKBKG;ATXN7L3;MTA3;BRD1;PBRM1;BRPF1;NCOA3;ZFP2;ATRX;PPRC1;FOXP4;LIME1;HCFC1;NR2F6;SMARCA4;PHF20L1;MAD2L2;TOX3;DLG1;NCOR1;MRGBP;FUBP3;DMTF1;CNOT2;MDM4;TCF3;FGFR2;TAF1,Rbm24,A3SS,rmats,286,GO_Biological_Process_2023
DNA-templated DNA Replication Maintenance Of Fidelity (GO:0045005),5/43,0.03406661906574659,9.213335830679902,73.15270331270546,MMS22L;DDX11;ATRX;TIMELESS;NUCKS1,Rbm24,A3SS,rmats,286,GO_Biological_Process_2023
Regulation Of Insulin Receptor Signaling Pathway (GO:0046626),5/44,0.035754725155252354,8.976640204398212,70.29501483561073,PRKCD;TSC2;NUCKS1;PTPN11;SIK2,Rbm24,A3SS,rmats,286,GO_Biological_Process_2023
Positive Regulation Of Nucleic Acid-Templated Transcription (GO:1903508),19/557,0.037350472504662974,2.5364019882210433,19.559131961200887,RNF10;ENY2;BRPF1;FOXM1;HIF1A;HCFC1;SMARCA4;MAD2L2;EDRF1;MRGBP;MTA1;FUBP3;ZMIZ1;MMS19;TCF3;ATXN7L3;MTA3;RNF111;PICALM,Rbm24,A3SS,rmats,286,GO_Biological_Process_2023
Chromatin Remodeling (GO:0006338),11/228,0.037350472504662974,3.5939170506912443,27.586884826226424,PBRM1;KDM4B;SMARCB1;BRPF1;MTA1;ATRX;BRD9;HNRNPC;MTA3;HCFC1;SMARCA4,Rbm24,A3SS,rmats,286,GO_Biological_Process_2023
Protein Ubiquitination (GO:0016567),16/434,0.04188374816320646,2.735566188197767,20.52780472150179,RNF10;MARCHF2;RNF44;FBXW5;SMURF1;RNF25;FBXO25;UBE2D1;KLHL12;ANKRD9;UBE2W;ARIH2;RNF181;MDM4;RNF111;TAF1,Rbm24,A3SS,rmats,286,GO_Biological_Process_2023
Negative Regulation Of Catabolic Process (GO:0009895),6/72,0.04188374816320646,6.37922077922078,47.597649841440756,PHF20L1;MAD2L2;NCOR1;MDM4;BANP;TAF1,Rbm24,A3SS,rmats,286,GO_Biological_Process_2023
Regulation Of RNA Splicing (GO:0043484),7/102,0.045860976136934205,5.181399735898887,37.94920005374882,ENY2;CELF1;U2AF2;RBM12;ATXN7L3;SRRM1;CLK2,Rbm24,A3SS,rmats,286,GO_Biological_Process_2023
Nucleus (GO:0005634),109/4487,1.7271074833317708e-7,2.1571958405277543,44.22021288076219,PANK4;SMARCB1;HDAC10;PRDM4;CTNND1;FBXO25;EHMT1;UBE2D1;NUCKS1;EDC4;ZMIZ1;CDC27;CPNE1;FAM53A;KMT5B;ATXN7L3;RNF111;JMJD4;TLE3;RBFOX2;DDX11;PRKCD;TSC2;FOXP4;SRRM1;HCFC1;DMTF1;CCNE2;MSH3;TIMELESS;PKP4;SIK2;HIF1A;RAD51AP1;SBNO1;RACGAP1;PCBP3;IRAK1;MIER3;PCBP2;UBE2F;BRPF1;BLTP1;NR2F6;SMARCA4;CLK2;UBE2W;CDK8;DLG1;FUBP3;CNOT2;MMS19;MDM4;HNRNPC;TCF3;FGFR2;PICALM;TOP2A;SETD5;RNF10;CELF1;OGG1;FOXM1;SMG5;ING4;SUFU;PPP6R3;MLX;ARIH2;IKBKG;TNPO2;RBM6;BRD1;PBRM1;TBP;REXO1;RFC1;NCOA3;AKTIP;ATRX;TRNAU1AP;PPRC1;SIRT3;TOX3;MMS22L;NCOR1;G2E3;SPOPL;MIS12;WIZ;LENG8;PRICKLE1;RAD54B;MTA1;MAPK7;CUX1;U2AF2;BRD9;MTA3;KDM4B;RYK;RNF25;PTPN11;MAD2L2;PRC1;TTC3;TARDBP;CDKN3;TAF1,Rbm24,A3SS,rmats,286,GO_Cellular_Component_2023
Intracellular Membrane-Bounded Organelle (GO:0043231),120/5175,1.7271074833317708e-7,2.096314039540953,42.110728312616246,PANK4;SMARCB1;HDAC10;PRDM4;CTNND1;FBXO25;EHMT1;UBE2D1;NUCKS1;EDC4;ZMIZ1;CDC27;CPNE1;FAM53A;KMT5B;ATXN7L3;RNF111;JMJD4;TLE3;RBFOX2;DDX11;PRKCD;TSC2;FOXP4;SCAMP3;SRRM1;HCFC1;DMTF1;CCNE2;MSH3;TIMELESS;PKP4;SIK2;KLHL12;HIF1A;RAD51AP1;SBNO1;RACGAP1;PCBP3;IRAK1;MIER3;PCBP2;AP1M2;ATP6V0A1;UBE2F;BRPF1;BLTP1;NR2F6;SMARCA4;CLK2;IFT20;UBE2W;CDK8;DLG1;FUBP3;CNOT2;MMS19;MDM4;HNRNPC;TCF3;FGFR2;PICALM;TOP2A;SETD5;RNF10;CELF1;OGG1;CEP164;FOXM1;CLINT1;SMG5;ING4;SUFU;PPP6R3;MLX;ARIH2;IKBKG;TNPO2;POLG;RBM6;BRD1;PBRM1;DBNL;TBP;REXO1;RFC1;NCOA3;AKTIP;ATRX;TRNAU1AP;PPRC1;SIRT3;TOX3;MMS22L;NCOR1;G2E3;SPOPL;MVK;MIS12;WIZ;LENG8;PRICKLE1;RAD54B;MTA1;MAPK7;CUX1;U2AF2;BRD9;MTA3;KDM4B;RYK;SMOX;RNF25;PTPN11;MAD2L2;PRC1;TTC3;TARDBP;CDKN3;TAF1,Rbm24,A3SS,rmats,286,GO_Cellular_Component_2023
Clathrin Vesicle Coat (GO:0030125),4/12,0.001129470876038625,34.93971631205674,380.73389139286934,NECAP2;SYNRG;CLINT1;EPN1,Rbm24,A3SS,rmats,286,GO_Cellular_Component_2023
Clathrin Coat (GO:0030118),4/16,0.0029770062956330176,23.28841607565012,224.5010033970084,NECAP2;CLINT1;EPN1;PICALM,Rbm24,A3SS,rmats,286,GO_Cellular_Component_2023
SWI/SNF Complex (GO:0016514),4/29,0.026850041177772274,11.171063829787235,80.6275571909233,PBRM1;SMARCB1;BRD9;SMARCA4,Rbm24,A3SS,rmats,286,GO_Cellular_Component_2023
RSC-type Complex (GO:0016586),3/14,0.028581982266824024,18.987793125602312,132.39628830594162,PBRM1;SMARCB1;SMARCA4,Rbm24,A3SS,rmats,286,GO_Cellular_Component_2023
Vesicle Coat (GO:0030120),4/37,0.04876029135767665,8.459488502041694,53.16293645850726,NECAP2;KLHL12;CLINT1;EPN1,Rbm24,A3SS,rmats,286,GO_Cellular_Component_2023
Cell-Substrate Junction (GO:0030055),25/395,0.015556786657673316,2.470099409754582,22.81739303679121,YWHAE;ARF1;TRIOBP;HSP90B1;ICAM1;RPS4X;CSRP1;FLNA;RPL38;PRSS8;SCARF2;KLF11;NPM1;DST;HSPA5;CASK;ENAH;CTNNB1;MYH9;CALR;PABPC1;PFN1;ARHGEF7;CD44;FERMT3,Rbm24,A5SS,deg,547,GO_Cellular_Component_2023
Focal Adhesion (GO:0005925),24/387,0.015556786657673316,2.413286348624433,20.790734640611806,YWHAE;KLF11;ARF1;NPM1;DST;HSPA5;CASK;TRIOBP;HSP90B1;ICAM1;ENAH;RPS4X;CSRP1;FLNA;CTNNB1;MYH9;RPL38;PRSS8;CALR;PABPC1;PFN1;ARHGEF7;SCARF2;CD44,Rbm24,A5SS,deg,547,GO_Cellular_Component_2023
Cortical Granule (GO:0060473),3/5,0.015556786657673316,53.63327205882353,458.0876525990483,HEXB;MYH9;CALR,Rbm24,A5SS,deg,547,GO_Cellular_Component_2023
Actin Cytoskeleton (GO:0015629),21/327,0.0169433598572024,2.49811749794975,20.404744785920915,DHX9;TPM3;MYO5A;CASK;NPM3;SPTB;TRIOBP;ACACA;LIMD2;SLC9A3R1;ACTA1;SAMD14;OPHN1;BIN2;DNAJA3;FSCN1;FLNA;MYH9;TEK;WASF2;FERMT3,Rbm24,A5SS,deg,547,GO_Cellular_Component_2023
Nucleus (GO:0005634),57/4487,0.0038384867375449313,2.0238978209794074,20.789897910662138,KDM5C;HDAC10;PDCD6;OGG1;ARID4B;BRCA2;RESF1;NFU1;ING4;XPO6;TRIM24;HMGN3;NELFE;TLE3;SREBF1;UPF1;MORC3;PBRM1;TBP;STRADA;PABPC4;TSC1;TRNT1;THOC7;NCOR1;LANCL2;ANKRD16;WDR26;BRAT1;SDR39U1;HTRA2;PDS5B;PRIMPOL;BCL2L12;CECR2;TFPT;MAPK7;RACGAP1;MARCHF7;BRD8;RBM10;S100PBP;STAT3;RRP1B;SMARCA1;LSM5;PALB2;BLTP1;CLK3;SCAF4;USF1;GATAD2A;CNOT6;SRRD;RLIM;CDK2AP2;TARDBP,Rbm24,A5SS,rmats,155,GO_Cellular_Component_2023
Intracellular Membrane-Bounded Organelle (GO:0043231),60/5175,0.01531598211945259,1.8187991974070072,14.786439612896439,KDM5C;HDAC10;RNF13;PDCD6;OGG1;ARID4B;BRCA2;RABEPK;RESF1;NFU1;ING4;XPO6;TRIM24;ANKFY1;HMGN3;NELFE;TLE3;SREBF1;UPF1;MORC3;PBRM1;TBP;STRADA;PABPC4;TSC1;TRNT1;THOC7;NCOR1;LANCL2;ANKRD16;WDR26;BRAT1;SDR39U1;HTRA2;PDS5B;PRIMPOL;BCL2L12;CECR2;TFPT;MAPK7;RACGAP1;MARCHF7;BRD8;RBM10;S100PBP;STAT3;RRP1B;SMARCA1;LSM5;PALB2;BLTP1;CLK3;SCAF4;USF1;GATAD2A;CNOT6;SRRD;RLIM;CDK2AP2;TARDBP,Rbm24,A5SS,rmats,155,GO_Cellular_Component_2023
Cytoplasmic Side Of Plasma Membrane (GO:0009898),6/124,0.01531598211945259,6.731998634967581,52.440763589661586,GRAMD1A;FRMD6;RACGAP1;HTRA2;TRAF2;TIRAP,Rbm24,A5SS,rmats,155,GO_Cellular_Component_2023
Cell-Substrate Junction (GO:0030055),25/395,0.015556786657673316,2.470099409754582,22.81739303679121,YWHAE;ARF1;TRIOBP;HSP90B1;ICAM1;RPS4X;CSRP1;FLNA;RPL38;PRSS8;SCARF2;KLF11;NPM1;DST;HSPA5;CASK;ENAH;CTNNB1;MYH9;CALR;PABPC1;PFN1;ARHGEF7;CD44;FERMT3,Rbm24,MXE,deg,547,GO_Cellular_Component_2023
Focal Adhesion (GO:0005925),24/387,0.015556786657673316,2.413286348624433,20.790734640611806,YWHAE;KLF11;ARF1;NPM1;DST;HSPA5;CASK;TRIOBP;HSP90B1;ICAM1;ENAH;RPS4X;CSRP1;FLNA;CTNNB1;MYH9;RPL38;PRSS8;CALR;PABPC1;PFN1;ARHGEF7;SCARF2;CD44,Rbm24,MXE,deg,547,GO_Cellular_Component_2023
Cortical Granule (GO:0060473),3/5,0.015556786657673316,53.63327205882353,458.0876525990483,HEXB;MYH9;CALR,Rbm24,MXE,deg,547,GO_Cellular_Component_2023
Actin Cytoskeleton (GO:0015629),21/327,0.0169433598572024,2.49811749794975,20.404744785920915,DHX9;TPM3;MYO5A;CASK;NPM3;SPTB;TRIOBP;ACACA;LIMD2;SLC9A3R1;ACTA1;SAMD14;OPHN1;BIN2;DNAJA3;FSCN1;FLNA;MYH9;TEK;WASF2;FERMT3,Rbm24,MXE,deg,547,GO_Cellular_Component_2023
Cell-Substrate Junction (GO:0030055),25/395,0.015556786657673316,2.470099409754582,22.81739303679121,YWHAE;ARF1;TRIOBP;HSP90B1;ICAM1;RPS4X;CSRP1;FLNA;RPL38;PRSS8;SCARF2;KLF11;NPM1;DST;HSPA5;CASK;ENAH;CTNNB1;MYH9;CALR;PABPC1;PFN1;ARHGEF7;CD44;FERMT3,Rbm24,RI,deg,547,GO_Cellular_Component_2023
Focal Adhesion (GO:0005925),24/387,0.015556786657673316,2.413286348624433,20.790734640611806,YWHAE;KLF11;ARF1;NPM1;DST;HSPA5;CASK;TRIOBP;HSP90B1;ICAM1;ENAH;RPS4X;CSRP1;FLNA;CTNNB1;MYH9;RPL38;PRSS8;CALR;PABPC1;PFN1;ARHGEF7;SCARF2;CD44,Rbm24,RI,deg,547,GO_Cellular_Component_2023
Cortical Granule (GO:0060473),3/5,0.015556786657673316,53.63327205882353,458.0876525990483,HEXB;MYH9;CALR,Rbm24,RI,deg,547,GO_Cellular_Component_2023
Actin Cytoskeleton (GO:0015629),21/327,0.0169433598572024,2.49811749794975,20.404744785920915,DHX9;TPM3;MYO5A;CASK;NPM3;SPTB;TRIOBP;ACACA;LIMD2;SLC9A3R1;ACTA1;SAMD14;OPHN1;BIN2;DNAJA3;FSCN1;FLNA;MYH9;TEK;WASF2;FERMT3,Rbm24,RI,deg,547,GO_Cellular_Component_2023
"Catalytic Activity, Acting On A tRNA (GO:0140101)",6/39,0.0011160204523153671,16.390203403902035,201.65387841124996,MTFMT;AARS2;TARS2;FTSJ1;DUS3L;ANKZF1,Rbm24,RI,rmats,225,GO_Molecular_Function_2023
Microtubule Minus-End Binding (GO:0051011),3/12,0.03527053494979305,29.67867867867868,242.08576846210312,CAMSAP3;TUBGCP2;TUBGCP4,Rbm24,RI,rmats,225,GO_Molecular_Function_2023
Cell-Substrate Junction (GO:0030055),25/395,0.015556786657673316,2.470099409754582,22.81739303679121,YWHAE;ARF1;TRIOBP;HSP90B1;ICAM1;RPS4X;CSRP1;FLNA;RPL38;PRSS8;SCARF2;KLF11;NPM1;DST;HSPA5;CASK;ENAH;CTNNB1;MYH9;CALR;PABPC1;PFN1;ARHGEF7;CD44;FERMT3,Rbm24,SE,deg,547,GO_Cellular_Component_2023
Focal Adhesion (GO:0005925),24/387,0.015556786657673316,2.413286348624433,20.790734640611806,YWHAE;KLF11;ARF1;NPM1;DST;HSPA5;CASK;TRIOBP;HSP90B1;ICAM1;ENAH;RPS4X;CSRP1;FLNA;CTNNB1;MYH9;RPL38;PRSS8;CALR;PABPC1;PFN1;ARHGEF7;SCARF2;CD44,Rbm24,SE,deg,547,GO_Cellular_Component_2023
Cortical Granule (GO:0060473),3/5,0.015556786657673316,53.63327205882353,458.0876525990483,HEXB;MYH9;CALR,Rbm24,SE,deg,547,GO_Cellular_Component_2023
Actin Cytoskeleton (GO:0015629),21/327,0.0169433598572024,2.49811749794975,20.404744785920915,DHX9;TPM3;MYO5A;CASK;NPM3;SPTB;TRIOBP;ACACA;LIMD2;SLC9A3R1;ACTA1;SAMD14;OPHN1;BIN2;DNAJA3;FSCN1;FLNA;MYH9;TEK;WASF2;FERMT3,Rbm24,SE,deg,547,GO_Cellular_Component_2023
GTPase Binding (GO:0051020),36/225,3.4337449765719316e-7,3.716854376605414,78.99293581729711,USP6NL;GARRE1;DENND5B;ARHGAP1;CIB1;STK19;ENO1;AMBRA1;C9ORF72;RASIP1;STRN3;AKAP13;GGA1;AP3M1;GOLGA4;KIF3A;AP1G1;ANKFY1;KNTC1;ERC1;DNM1L;RAB11FIP3;EVI5;HACE1;ANKRD27;PLEKHG2;SPHK2;TSC2;GAPVD1;LSM2;ABI2;SGSM2;PEX5;RAB3GAP2;PKN1;DOCK1,Rbm24,SE,rmats,1000,GO_Molecular_Function_2023
Small GTPase Binding (GO:0031267),33/199,3.4877848189830197e-7,3.8718804899016956,79.54340496577223,USP6NL;GARRE1;DENND5B;ARHGAP1;CIB1;STK19;C9ORF72;STRN3;AKAP13;GGA1;AP3M1;GOLGA4;KIF3A;AP1G1;ANKFY1;KNTC1;ERC1;DNM1L;RAB11FIP3;EVI5;HACE1;ANKRD27;PLEKHG2;SPHK2;TSC2;GAPVD1;LSM2;ABI2;SGSM2;PEX5;RAB3GAP2;PKN1;DOCK1,Rbm24,SE,rmats,1000,GO_Molecular_Function_2023
Nuclear Receptor Binding (GO:0016922),18/115,0.00305963199045185,3.572070464232473,39.503654188507866,SMARCE1;MED1;TCF7L2;KDM3A;KDM4C;RNF14;WBP2;GTF2H1;ISL1;MED22;MED14;NCOR1;TADA3;MMS19;TRIP12;BRD8;PKN1;TACC2,Rbm24,SE,rmats,1000,GO_Molecular_Function_2023
Methylation-Dependent Protein Binding (GO:0140034),13/68,0.00398304992543262,4.536888643271622,47.671812312409955,KMT2E;MORC3;FMR1;NCAPG2;JMJD7;ING1;PHF20L1;ING3;ZZZ3;MTF2;NCAPD3;ZMYND11;BPTF,Rbm24,SE,rmats,1000,GO_Molecular_Function_2023
Protein Serine/Threonine Kinase Activity (GO:0004674),35/342,0.005547177553258913,2.2084184233177497,21.8835397876548,STK19;IKBKB;AKT2;CHEK2;STK16;PHKG2;TLK2;TLK1;MARK4;MAP3K7;MARK3;MARK2;MAP2K6;SRPK2;NEK9;CHUK;CDC7;VRK1;PASK;PRKAB1;CLK4;ACVR2A;MAPK12;CIT;CLK2;CLK1;BCKDK;MELK;RPS6KB2;SIK3;MAPKAPK5;SIK2;PKN1;CSNK1G2;CAMK1G,Rbm24,SE,rmats,1000,GO_Molecular_Function_2023
GTPase Activator Activity (GO:0005096),25/211,0.005547177553258913,2.5936035290874,25.341824503684382,USP6NL;TBC1D9B;FAM13B;NPRL3;ARHGAP1;AGAP1;ARHGAP17;ASAP1;SYDE1;SH3BP1;CHN1;TBC1D14;BRD8;ECT2;DNM1L;EVI5;RANBP3;RALGAPA1;STARD8;TSC2;RP2;SGSM2;RGS12;DEPDC5;DOCK1,Rbm24,SE,rmats,1000,GO_Molecular_Function_2023
Ubiquitin-Like Protein Transferase Activity (GO:0019787),27/240,0.006040832470551433,2.4475341256170116,23.32864823633991,MARCHF2;RNF14;MGRN1;CUL3;KLHL13;ZNRF1;RNF115;ARIH2;MARCHF8;ARIH1;TRIM21;TRIM23;UBE2F;HACE1;FBXW11;HUWE1;CHFR;RNF146;ITCH;TTC3;MDM2;ERCC8;MDM4;BIRC6;BCOR;TRIM11;BIRC2,Rbm24,SE,rmats,1000,GO_Molecular_Function_2023
Methylated Histone Binding (GO:0035064),12/71,0.013908642220446472,3.899197145405888,33.392687444390724,KMT2E;MORC3;ING3;ZZZ3;FMR1;NCAPG2;MTF2;NCAPD3;JMJD7;ZMYND11;ING1;BPTF,Rbm24,SE,rmats,1000,GO_Molecular_Function_2023
GTPase Regulator Activity (GO:0030695),38/424,0.024778821560302772,1.9048506457832883,14.988752696167623,USP6NL;DENND1C;TBC1D9B;FAM13B;DENND5B;ITSN1;NPRL3;ARHGAP1;AGAP1;ARHGAP17;ASAP1;C9ORF72;RCBTB2;GNA13;AKAP13;SYDE1;HERC2;SH3BP1;CHN1;TBC1D14;BRD8;DNM1L;ECT2;EVI5;ANKRD27;PLEKHG2;RANBP3;RALGAPA1;STARD8;TSC2;GAPVD1;RP2;SGSM2;RAB3GAP2;RGS12;DEPDC5;RGL2;DOCK1,Rbm24,SE,rmats,1000,GO_Molecular_Function_2023
Ubiquitin-Protein Transferase Activity (GO:0004842),37/412,0.025450318797991756,1.9082727587400485,14.763598561686129,MARCHF2;RNF14;MGRN1;CUL3;UBR1;KLHL13;UBE2J1;ZNRF1;RNF115;HERC2;RNF215;RNF138;ARIH2;MARCHF8;TRIM26;ARIH1;TRIM21;TRIM23;HACE1;RING1;FBXW11;FBXO17;MSL2;HUWE1;CHFR;RNF146;ITCH;TTC3;MDM2;ERCC8;MDM4;BIRC6;TRIP12;BCOR;RNF185;BIRC2;TRIM11,Rbm24,SE,rmats,1000,GO_Molecular_Function_2023
Protein Phosphorylation (GO:0006468),53/500,6.315423970660425e-4,2.3229106869922442,35.724118277310644,ATF2;CCNT1;STK19;IKBKB;AKT2;CHEK2;STK16;TLK2;TLK1;ERC1;MAP3K7;PDK1;MORC3;TBP;CHUK;STRADA;STRADB;VRK1;PASK;ATG13;PRKAB1;MELK;CREB1;KIT;SIK3;MAPKAPK5;BIRC6;SIK2;CSNK1G2;CAMK1G;USP15;SRC;CLSPN;MARK4;MARK3;MARK2;SRPK2;UVRAG;CDC7;CLK4;PTK2;ACVR2A;MAPK12;CLK2;BCKDK;CLK1;ABI2;TAF8;COQ8B;PKN1;FGFR3;FGFR2;TAF2,Rbm24,SE,rmats,1000,GO_Biological_Process_2023
Mitotic Sister Chromatid Segregation (GO:0000070),20/111,8.399579193734029e-4,4.240636914106302,61.068132850494386,CUL3;AKAP8L;NCAPG2;SPICE1;KIF23;WAPL;EML4;WRAP73;STAG1;PRC1;CHEK2;NUSAP1;KNTC1;KMT5A;NCAPD3;PIBF1;LSM14A;CLASP1;DIS3L2;CLASP2,Rbm24,SE,rmats,1000,GO_Biological_Process_2023
Chromatin Remodeling (GO:0006338),30/228,0.0012709171732153098,2.936894720399875,39.88623414969323,HDAC5;INO80E;KDM5C;USP15;PAXIP1;HP1BP3;CHD6;BAZ2B;CECR2;HPF1;KAT5;MIER1;SMARCAD1;BPTF;KDM6A;SRPK2;SMARCE1;SMARCC2;KDM4C;RING1;KDM2B;PCGF2;ACTR5;ATRX;SIRT2;UCHL5;GATAD2A;MTF2;TRIP12;BCOR,Rbm24,SE,rmats,1000,GO_Biological_Process_2023
DNA Repair (GO:0006281),33/291,0.007667881775255232,2.479040908107068,28.499320131606346,FMR1;PNKP;CIB1;ENDOV;HPF1;KAT5;EME2;CHEK2;NSD2;EP400;RBBP8;PMS2;POLI;KMT5B;MUTYH;UVRAG;SLC30A9;FANCM;ACTR5;XRCC3;ATRX;HUWE1;GTF2H1;RAD23A;FANCE;APTX;INIP;FANCG;RAD52;POLA1;MSH3;ERCC8;MMS19,Rbm24,SE,rmats,1000,GO_Biological_Process_2023
Stress Granule Assembly (GO:0034063),8/24,0.00822351903056282,9.568548387096774,107.19650377013805,TIA1;YTHDF3;FMR1;CIRBP;PRRC2C;UBAP2L;C9ORF72;LSM14A,Rbm24,SE,rmats,1000,GO_Biological_Process_2023
Regulation Of Chromatin Organization (GO:1902275),8/27,0.018092224430558867,8.056451612903226,82.43522646854552,SETD5;KANSL1;PHF20;TLK2;MSL2;TLK1;MKI67;MLLT3,Rbm24,SE,rmats,1000,GO_Biological_Process_2023
Mitotic Spindle Assembly (GO:0090307),10/44,0.021093748066767927,5.634581105169341,55.920710996573675,WRAP73;STAG1;PRC1;CHEK2;SPICE1;KIF23;PIBF1;LSM14A;CLASP1;CLASP2,Rbm24,SE,rmats,1000,GO_Biological_Process_2023
Phosphorylation (GO:0016310),41/429,0.02141793730595915,2.0508153897423216,20.048303056394943,PANK2;DGKD;CCNT1;STK19;IKBKB;RPTOR;CHEK2;TLK2;TLK1;MARK4;MARK3;MARK2;PDK1;SRPK2;UVRAG;MORC3;TBP;CHUK;SPHK2;STRADA;STRADB;VRK1;PASK;ATG13;PRKAB1;PTK2;ACVR2A;CLK2;BCKDK;MELK;CREB1;SIK3;PI4KA;TAF8;COQ8B;BIRC6;PKN1;SIK2;DGKK;CSNK1G2;TAF2,Rbm24,SE,rmats,1000,GO_Biological_Process_2023
Protein Ubiquitination (GO:0016567),41/434,0.022810650782756157,2.0241796612777834,19.264713920981855,MARCHF2;CBFB;RNF14;MGRN1;CUL3;UBR1;AMBRA1;KLHL13;DDA1;UBE2J1;ANKRD9;RNF115;HERC2;TNKS2;RNF138;RUSC1;ARIH2;MARCHF8;TRIM26;ARIH1;TRIM21;TRIM23;HACE1;ARRDC1;FBXW11;MSL2;HUWE1;FANCE;FANCG;CHFR;RNF146;UBOX5;ITCH;MDM2;ERCC8;MDM4;BIRC6;TRIP12;RNF185;BIRC2;TRIM11,Rbm24,SE,rmats,1000,GO_Biological_Process_2023
Regulation Of DNA Repair (GO:0006282),18/129,0.022810650782756157,3.119227170143667,29.600309698860368,SMARCE1;INO80E;SMARCC2;TMEM161A;MEAF6;EYA2;ACTR5;UCHL5;RAD52;ING3;KAT5;PPP4R2;TADA3;EP400;USP1;TRIP12;BRD8;TAF2,Rbm24,SE,rmats,1000,GO_Biological_Process_2023
Vesicle-Mediated Transport (GO:0016192),39/411,0.025253377868345965,2.0321909301466885,18.72761056274007,USP6NL;DENND1C;ZFYVE9;MGRN1;STX16;GOSR2;ITSN1;ARHGAP1;C9ORF72;AP3M1;CECR2;GOLGA4;HMGXB4;AP5M1;AP1G1;FHIP1B;CPNE1;ANKFY1;ATP6V1H;RAB11FIP3;TRIM23;RAB2B;UVRAG;STX8;EXOC6B;TSC2;SCRIB;EPS15L1;EPN1;EPN2;BIN3;HOOK2;BIN1;DNAJC5;RAB13;SPIRE1;VPS45;OSBPL1A;CSNK1G2,Rbm24,SE,rmats,1000,GO_Biological_Process_2023
Internal Peptidyl-Lysine Acetylation (GO:0018393),9/39,0.025253377868345965,5.74268415741675,52.741590235370246,BAG6;ATAT1;PHF20L1;ING3;MEAF6;KAT5;TADA3;EP400;BRD8,Rbm24,SE,rmats,1000,GO_Biological_Process_2023
DNA Damage Response (GO:0006974),37/384,0.025253377868345965,2.0653547242197625,18.84746212854608,ATF2;FMR1;PNKP;HTRA2;CIB1;RPTOR;ENDOV;HPF1;HERC2;KAT5;CHEK2;EP400;TLK2;RBBP8;POLI;KMT5B;BID;MAP2K6;MUTYH;UVRAG;SLF2;DDX11;XRCC3;ATRX;GTF2H1;VRK1;ZDHHC16;USP28;INIP;FANCG;MAPK12;POLA1;MSH3;ERCC8;MMS19;TRIP12;FLYWCH1,Rbm24,SE,rmats,1000,GO_Biological_Process_2023
DNA Metabolic Process (GO:0006259),30/288,0.02630847280922749,2.246703428434428,20.243906932983958,INO80E;FMR1;PNKP;ENDOV;HPF1;CBS;EP400;RBBP8;SMARCAD1;POLI;KMT5B;MUTYH;TOP3B;UVRAG;TCF7L2;ACTR5;XRCC3;TOP3A;ATRX;REV1;LTO1;GTF2H1;TERF2;UCHL5;INIP;FANCG;RAD52;POLA1;MSH3;MMS19,Rbm24,SE,rmats,1000,GO_Biological_Process_2023
Protein Polyubiquitination (GO:0000209),25/226,0.03257337196022053,2.3981375175405026,20.778136996127365,CBFB;RNF14;CUL3;UBE2J1;DDA1;ZNRF1;RNF115;TNKS2;RUSC1;ARIH2;MARCHF8;ARIH1;TRIM21;HACE1;FBXW11;HUWE1;RNF146;ITCH;UBOX5;TTC3;MDM2;ERCC8;TRIP12;RNF185;BIRC2,Rbm24,SE,rmats,1000,GO_Biological_Process_2023
Protein Modification Process (GO:0036211),58/711,0.03257337196022053,1.7299317538195427,14.987018345085577,SETD3;CCNT1;STK19;CDC14B;IKBKB;PPP4R2;AKT2;CHEK2;TLK2;TLK1;ILKAP;PDK1;MORC3;PPP1R12A;TBP;CHUK;STRADA;FBXW11;STRADB;PPP2R5B;ALG3;VRK1;PASK;JMJD7;ATG13;PRKAB1;MELK;CREB1;SIK3;BIRC6;SIK2;CSNK1G2;MEAF6;PPM1M;FUT10;PORCN;ST3GAL5;MARK4;ATG7;MARK3;MARK2;ST3GAL3;B3GALNT2;SRPK2;UBE2F;UVRAG;PTPN1;ICMT;PTPN12;PTPN13;PTK2;ACVR2A;CLK2;BCKDK;TAF8;COQ8B;PKN1;TAF2,Rbm24,SE,rmats,1000,GO_Biological_Process_2023
Cilium Organization (GO:0044782),25/228,0.0347552234037743,2.374257925982064,20.243752973628144,C2CD3;DYNLT2B;CEP164;ASAP1;CDC14B;ABLIM1;TBC1D31;ARL13B;KIF3A;WDR90;TOGARAM1;TRAPPC14;MAP4;MARK4;IFT57;PIBF1;RAB8B;RFX3;IFT122;CPLANE1;ATAT1;IFT81;RP2;MKS1;CEP20,Rbm24,SE,rmats,1000,GO_Biological_Process_2023
Regulation Of Cell Cycle (GO:0051726),30/298,0.0347552234037743,2.1617171872595784,18.177969214790657,INO80E;MEAF6;HTRA2;ING3;KAT5;AKT2;FIGNL1;EP400;RPRD1B;BRD8;MARK4;TRIM21;MAP2K6;PHACTR4;SRPK2;NEK9;ACTR5;TSC2;RAD23A;PUM1;SIRT2;UCHL5;MAPK12;ZZZ3;BIN1;TADA3;MDM2;NF2;FGFR2;BIRC2,Rbm24,SE,rmats,1000,GO_Biological_Process_2023
Regulation Of Embryonic Development (GO:0045995),11/62,0.0347552234037743,4.1324966791570015,34.707882802887966,BAG6;INO80E;ZZZ3;ACTR5;TADA3;DAG1;TRIP12;PHLDB2;UCHL5;CLASP1;CLASP2,Rbm24,SE,rmats,1000,GO_Biological_Process_2023
Regulation Of Cell Division (GO:0051302),13/83,0.0347552234037743,3.5618758141554494,29.832062957924826,UVRAG;CIB1;KLHL13;MLLT3;SIRT2;ZZZ3;PRC1;CSPP1;TADA3;BIRC6;ENTR1;RAB11FIP3;FGFR2,Rbm24,SE,rmats,1000,GO_Biological_Process_2023
Positive Regulation Of Double-Strand Break Repair (GO:2000781),13/84,0.03570435870266219,3.5115230389428773,28.981699990889492,SMARCE1;SMARCC2;SLF2;MEAF6;DDX11;PNKP;ING3;KAT5;EP400;SPIRE1;KMT5B;MMS19;BRD8,Rbm24,SE,rmats,1000,GO_Biological_Process_2023
Positive Regulation Of Cell Cycle Process (GO:0090068),16/118,0.03570435870266219,3.012593655348318,24.86331737694636,DDX11;CUL3;XRCC3;NCAPG2;ATRX;WIZ;CDC7;KIF23;SIRT2;CDC14B;CIT;CSPP1;NUSAP1;SASS6;NCAPD3;ECT2,Rbm24,SE,rmats,1000,GO_Biological_Process_2023
Intracellular Membrane-Bounded Organelle (GO:0043231),355/5175,9.097097231608069e-10,1.6191900672263502,42.89987307043948,PANK4;ATF2;PANK2;HDAC10;ZFYVE9;ITSN1;DCAF8;ENO1;RBPJ;MKI67;HERC2;PPP4R2;KAT5;AKT2;CHEK2;CPNE1;DAG1;ANKFY1;UBAP2L;TRIM21;MED1;ESCO1;DDX11;DNTTIP1;CIRBP;RFX3;RFX1;ARMC8;PASK;JMJD7;ISL1;PRKAB1;MED7;NISCH;BIN1;AKAP9;NSMF;SIK2;PAXIP1;MEAF6;SRCAP;DCUN1D1;DCUN1D2;BAZ2B;C9ORF72;UBE2J1;MTDH;FXR1;DHX30;RAB11FIP1;PCBP3;FIGNL1;MIER1;DPH3;VTI1A;PIP5K1A;RAB11FIP3;LYAR;SEC31A;CTSA;SRPK2;ZRANB1;HACE1;TIPARP;DDIAS;STK11IP;XRCC3;INTS2;UPF3B;TMEM192;CDC7;MEMO1;NTAN1;PRDX6;PTK2;WAPL;MLLT10;POLA1;STAG1;GOLGB1;GTF2IRD1;MMS19;RNPS1;PKIG;DENND1C;PHF3;CEP57;RPAIN;SETD5;SLC35F6;SETD6;NCAPG2;TDRP;ZBTB8OS;MED15;ING1;SMG6;MED14;ING3;ZMYM2;ARIH2;CTSH;UBXN7;ARIH1;GABPA;APPL1;TOP3B;GRIPAP1;WDR37;RING1;SPHK2;STRADA;PABPC4;STRADB;TOP3A;TFE3;KIF23;TERF2;SIRT2;UCHL5;SIRT3;MED22;GCFC2;AFTPH;NCOR1;MTF2;ALDOA;SLU7;STX16;CIPC;AKAP8;CENPA;ECPAS;GGA1;ARVCF;FAM172A;RNF138;NSD2;USP1;PMS2;BRD8;TBL1X;APBB3;SRSF11;NKTR;EVC2;CASP8AP2;SLF2;RANBP3;ATAD5;PCGF5;PCGF2;HUWE1;APTX;GATAD2A;RNF146;SEC23IP;ITCH;TTC3;TRIP12;PKN1;SCARB1;DBR1;DGKD;CCNT1;FMR1;PRDM5;CTNND1;FAM107A;UBP1;STK19;PRDM2;CIB1;VIRMA;CDC14B;RBMX2;PAPOLA;SMARCAD1;KMT5B;KNTC1;TRAPPC14;KMT5A;MAP3K7;NEPRO;GTF2I;MORC3;SLC30A9;BORA;TLE1;KDM2B;FBXW11;RALGAPA1;PUS1;IPMK;TSC2;VRK1;CFAP410;THOC7;INIP;MOB3A;ALDH3A2;MSH3;MAPKAPK5;WDFY2;GEMIN8;CSNK1G2;KMT2E;ANKRD16;CUL3;PSEN2;HTRA2;GPATCH2L;BAG6;SBNO1;YBEY;SAFB2;CAMTA1;TBC1D14;RPRD1B;CLSPN;ECT2;PIBF1;BPTF;UBE2F;OSBPL9;TIA1;CPSF7;ANKRD27;POU2F1;BRPF3;CCDC137;LTO1;RFXANK;DNAJC13;MACO1;FANCE;CLK4;AZIN1;CLK2;LSM2;CLK1;UBOX5;DAB2;DLG1;HOOK2;CNOT2;TADA3;MDM2;MDM4;TCF4;NF2;OSBPL1A;MYD88;FGFR2;MDM1;EIF4G1;DIDO1;KDM5C;RNF14;AKAP8L;HP1BP3;CEP164;DDX42;CHD6;UFSP2;RESF1;SENP6;HPF1;AP1G1;PPP6R3;TLK2;TLK1;DNM1L;YAF2;RBM5;ILKAP;KDM6A;SUN1;TBP;DST;ACTR5;ATRX;MSL2;PPP2R5B;RAD23A;TRNAU1AP;ETV4;PTBP2;EPN2;SENP1;ELF2;CREB1;PKM;TFDP2;DNAJC5;SPOPL;BIRC6;DNAJC8;ZMYND11;GAPDH;BIRC2;ITGB3BP;HDAC5;RBM47;KDM3A;USP15;MVK;PPM1M;MGRN1;NAA20;WBP2;PNKP;MOSPD1;WIZ;AMBRA1;MLLT3;CLCN3;UACA;GNA13;CECR2;ZNRF1;SH3BP1;TNKS2;CBS;FAM241B;RSBN1L;RBBP8;DRAM2;MUTYH;SMARCE1;TCF7L2;TAF15;KDM4C;EYA2;SMOX;SWT1;TPRKB;EXOG;PTPN12;MCOLN1;PTPN13;USP28;CHFR;MAPK12;RAD52;KANSL1;PRC1;DOLPP1;TAF8;ERCC8;NAA16;RGS12;BCOR;TAF2;SSBP4,Rbm24,SE,rmats,1000,GO_Cellular_Component_2023
Nucleus (GO:0005634),306/4487,7.720780868504491e-8,1.5627902264050284,33.38178037201128,PANK4;ATF2;PANK2;HDAC10;DCAF8;ENO1;RBPJ;MKI67;HERC2;PPP4R2;KAT5;AKT2;CHEK2;CPNE1;UBAP2L;TRIM21;MED1;ESCO1;DDX11;DNTTIP1;CIRBP;RFX3;ARMC8;PASK;JMJD7;ISL1;PRKAB1;MED7;BIN1;NSMF;SIK2;PAXIP1;MEAF6;SRCAP;DCUN1D1;DCUN1D2;BAZ2B;C9ORF72;UBE2J1;MTDH;FXR1;DHX30;PCBP3;FIGNL1;MIER1;DPH3;PIP5K1A;LYAR;SRPK2;ZRANB1;HACE1;TIPARP;DDIAS;XRCC3;INTS2;UPF3B;TMEM192;CDC7;MEMO1;NTAN1;PRDX6;PTK2;WAPL;MLLT10;POLA1;STAG1;GTF2IRD1;MMS19;RNPS1;PKIG;PHF3;CEP57;RPAIN;SETD5;SETD6;NCAPG2;TDRP;ZBTB8OS;MED15;ING1;SMG6;MED14;ING3;ZMYM2;ARIH2;UBXN7;ARIH1;GABPA;APPL1;TOP3B;WDR37;RING1;SPHK2;STRADA;PABPC4;STRADB;TOP3A;TFE3;KIF23;TERF2;SIRT2;UCHL5;SIRT3;MED22;GCFC2;NCOR1;MTF2;ALDOA;SLU7;CIPC;AKAP8;CENPA;ECPAS;ARVCF;FAM172A;RNF138;NSD2;USP1;PMS2;BRD8;TBL1X;APBB3;SRSF11;NKTR;EVC2;CASP8AP2;SLF2;RANBP3;ATAD5;PCGF5;PCGF2;HUWE1;APTX;GATAD2A;RNF146;TTC3;TRIP12;PKN1;DBR1;DGKD;CCNT1;FMR1;PRDM5;CTNND1;FAM107A;UBP1;STK19;PRDM2;CIB1;VIRMA;CDC14B;RBMX2;PAPOLA;SMARCAD1;KMT5B;KNTC1;KMT5A;MAP3K7;NEPRO;GTF2I;MORC3;SLC30A9;BORA;TLE1;KDM2B;FBXW11;RALGAPA1;PUS1;IPMK;TSC2;VRK1;THOC7;INIP;MOB3A;MSH3;MAPKAPK5;GEMIN8;CSNK1G2;KMT2E;ANKRD16;CUL3;PSEN2;HTRA2;GPATCH2L;BAG6;SBNO1;YBEY;SAFB2;CAMTA1;RPRD1B;CLSPN;ECT2;PIBF1;BPTF;UBE2F;TIA1;CPSF7;POU2F1;BRPF3;CCDC137;LTO1;RFXANK;MACO1;FANCE;CLK4;AZIN1;CLK2;LSM2;CLK1;UBOX5;DLG1;CNOT2;TADA3;MDM2;MDM4;TCF4;NF2;MYD88;FGFR2;MDM1;EIF4G1;DIDO1;KDM5C;RNF14;AKAP8L;HP1BP3;DDX42;CHD6;UFSP2;RESF1;SENP6;HPF1;PPP6R3;TLK2;TLK1;YAF2;RBM5;ILKAP;KDM6A;TBP;DST;ACTR5;ATRX;MSL2;PPP2R5B;RAD23A;TRNAU1AP;ETV4;PTBP2;SENP1;ELF2;CREB1;PKM;TFDP2;SPOPL;BIRC6;DNAJC8;ZMYND11;GAPDH;BIRC2;ITGB3BP;HDAC5;RBM47;KDM3A;USP15;PPM1M;MGRN1;NAA20;WBP2;PNKP;MOSPD1;WIZ;AMBRA1;MLLT3;UACA;GNA13;CECR2;SH3BP1;TNKS2;CBS;RSBN1L;RBBP8;MUTYH;SMARCE1;TCF7L2;TAF15;KDM4C;EYA2;SWT1;TPRKB;EXOG;PTPN12;PTPN13;USP28;CHFR;MAPK12;RAD52;KANSL1;PRC1;TAF8;ERCC8;NAA16;RGS12;BCOR;TAF2;SSBP4,Rbm24,SE,rmats,1000,GO_Cellular_Component_2023
Mitotic Spindle (GO:0072686),22/143,2.4327356094157912e-4,3.509760178471835,45.274030322241835,CUL3;CDC7;KIF23;WAPL;HAUS2;SIRT2;CDC14B;EML4;ATAT1;WRAP73;ZZZ3;NCOR1;TFDP2;TADA3;NUSAP1;TRAPPC14;MAP4;TBL1X;ECT2;LSM14A;CLASP1;CLASP2,Rbm24,SE,rmats,1000,GO_Cellular_Component_2023
Spindle (GO:0005819),26/210,0.0011196769139309001,2.72975627176145,29.673222309043947,CUL3;CDC14B;KIF3A;CSPP1;NUSAP1;TRAPPC14;MAP4;TBL1X;ECT2;CLASP1;CLASP2;SPICE1;CDC7;KIF23;WAPL;SIRT2;EML4;ATAT1;WRAP73;ZZZ3;NCOR1;TFDP2;PRC1;TADA3;MMS19;LSM14A,Rbm24,SE,rmats,1000,GO_Cellular_Component_2023
INO80-type Complex (GO:0097346),8/25,0.0011196769139309001,9.005218216318786,97.8149593808557,INO80E;ING3;SRCAP;KAT5;ACTR5;EP400;BRD8;UCHL5,Rbm24,SE,rmats,1000,GO_Cellular_Component_2023
Swr1 Complex (GO:0000812),5/12,0.0088793329149685,13.634601579325198,117.38060104686151,ING3;KAT5;SRCAP;EP400;BRD8,Rbm24,SE,rmats,1000,GO_Cellular_Component_2023
trans-Golgi Network (GO:0005802),25/241,0.01927234381137489,2.2298195631528963,17.124853312467682,USP6NL;PI4K2B;STX16;PCSK7;ATP2C1;ECPAS;TEPSIN;GGA1;GOLGA4;AP1G1;VTI1A;ARFIP1;PLEKHJ1;CLASP2;STX8;COG2;TRAPPC9;PHETA1;TJAP1;HOOK2;SLC9A8;RAB13;RELCH;BIRC6;LGR5,Rbm24,SE,rmats,1000,GO_Cellular_Component_2023
Nuclear Chromosome (GO:0000228),13/95,0.031963197632605925,3.0386981985321375,21.393901102400164,SMARCE1;INO80E;SRCAP;ACTR5;NCAPG2;UCHL5;ING3;KAT5;FIGNL1;EP400;RGS12;BRD8;NCAPD3,Rbm24,SE,rmats,1000,GO_Cellular_Component_2023
Cytoplasmic Stress Granule (GO:0010494),11/76,0.043566814194610747,3.240024889165435,21.426248257441664,RPTOR;FXR1;TIA1;YTHDF3;FMR1;PABPC4;CIRBP;PUM1;C9ORF72;LSM14A;EIF4G1,Rbm24,SE,rmats,1000,GO_Cellular_Component_2023
Early Endosome (GO:0005769),28/307,0.048015535943144755,1.93293213564022,12.390866933416834,PI4K2B;ZFYVE9;MGRN1;SNX13;CLCN3;ECPAS;GGA1;AP3M1;RUSC1;AP1G1;RPS6KC1;MARCHF8;ANKFY1;ENTR1;APPL1;PLEKHJ1;UVRAG;PTPN1;MON2;ANKRD27;MMGT1;STX8;DNAJC13;PHETA1;ITCH;WDFY2;NF2;ATP13A3,Rbm24,SE,rmats,1000,GO_Cellular_Component_2023
RNA Binding (GO:0003723),38/1411,0.0011612400070516108,2.433953519168377,29.96495296305057,TOP2A;RBM26;YTHDC1;CELF1;FASTKD3;CSTF2;SRRT;PSIP1;MSI1;YARS2;TENT4B;GIGYF2;RAD51AP1;RBM3;ALKBH1;PCBP2;KHDC4;RBM12;SEC63;CAST;PTCD3;CPSF4;RBFOX2;DDX11;ALG13;NOSIP;HELZ;PPRC1;SCAF4;PTBP2;SRRM1;ATXN2L;SON;CCDC9;RPUSD3;GEMIN5;DNA2;TARDBP,Rpl22l1,A3SS,rmats,247,GO_Molecular_Function_2023
Ubiquitin-Dependent Protein Catabolic Process (GO:0006511),16/367,0.02062523836184596,3.8286651619984955,42.708859839868985,NDFIP2;FBXW5;RNF13;SMURF1;RAD23A;FBXO21;ANKRD9;BAG6;UBE2W;COPS3;PSMA3;KCTD10;PCBP2;ZSWIM8;TRIP12;RNF111,Rpl22l1,A3SS,rmats,247,GO_Biological_Process_2023
Post-Transcriptional Regulation Of Gene Expression (GO:0010608),6/57,0.0277315382693955,9.61776909934098,91.80459373214526,RBM3;CELF1;YTHDC1;GEMIN5;MSI1;GIGYF2,Rpl22l1,A3SS,rmats,247,GO_Biological_Process_2023
Regulation Of Cell Cycle (GO:0051726),13/298,0.0277315382693955,3.794931773879142,35.30485645055847,TSC2;HTRA2;RAD23A;HCFC1;ING4;STK11;SON;MRGBP;E4F1;TARDBP;DLGAP5;FGFR2;CDKN3,Rpl22l1,A3SS,rmats,247,GO_Biological_Process_2023
DNA Damage Response (GO:0006974),15/384,0.0277315382693955,3.3964115503223997,31.55686820570086,TOP2A;MUS81;DDX11;OGG1;PRKCD;HTRA2;FANCG;FOXP1;RAD51AP1;STK11;MSH3;ALKBH1;WAC;TRIP12;HDGFL2,Rpl22l1,A3SS,rmats,247,GO_Biological_Process_2023
Proteasomal Protein Catabolic Process (GO:0010498),11/220,0.0277315382693955,4.358608385370205,40.3150936339833,ANKRD9;BAG6;UBE2W;PSMA3;FBXW5;KCTD10;SMURF1;PCBP2;ZSWIM8;TRIP12;RAD23A,Rpl22l1,A3SS,rmats,247,GO_Biological_Process_2023
Regulation Of Amide Metabolic Process (GO:0034248),5/41,0.034561683014225915,11.316000918273646,100.11307300546702,RBM3;PRKCD;GEMIN5;MSI1;PICALM,Rpl22l1,A3SS,rmats,247,GO_Biological_Process_2023
Nucleus (GO:0005634),83/4487,0.003794593801697867,1.7638718127644493,18.109740064700524,PANK4;TOP2A;MUS81;SETD5;RBM26;CELF1;OGG1;WDR4;EHMT1;PSIP1;ING4;RBM3;STK11;ALKBH1;SUFU;PPP6R3;PAPOLA;RNF111;DLGAP5;TLE3;PBRM1;RBFOX2;DDX11;AKTIP;PRKCD;NCOA4;TSC2;NOSIP;LIG3;RAD23A;PPRC1;PTBP2;SRRM1;HCFC1;SIRT3;FOXP1;NCOR2;PSMA3;CCNE2;TFDP2;MSH3;WAC;GEMIN5;DNA2;HDGFL2;HDAC5;MYRF;YTHDC1;PSEN2;HTRA2;LENG8;MAT2B;HIF1A;BAG6;RAD51AP1;SBNO1;IRAK1;HAUS8;ZNHIT6;PCBP2;APBB2;KHDC4;UBE2F;NFYA;PCGF5;CDC7;CDC6;WAPL;SCAF4;BLTP1;SMARCA4;CLK2;UBE2W;COPS3;COPS2;RSRP1;GTF2IRD1;TRIP12;TCF3;TARDBP;FGFR2;CDKN3;PICALM,Rpl22l1,A3SS,rmats,247,GO_Cellular_Component_2023
Intracellular Membrane-Bounded Organelle (GO:0043231),92/5175,0.003794593801697867,1.7130345934900015,16.978688669435744,PANK4;TOP2A;MUS81;SETD5;EDA;RBM26;RNF13;CELF1;OGG1;WDR4;EHMT1;PSIP1;RABEPK;ING4;RBM3;STK11;ALKBH1;SUFU;PPP6R3;PAPOLA;RNF111;DLGAP5;TLE3;PBRM1;RBFOX2;DBNL;DDX11;AKTIP;PRKCD;NCOA4;TSC2;NOSIP;LIG3;RAD23A;PPRC1;SCAMP3;PTBP2;SRRM1;HCFC1;SIRT3;FOXP1;NCOR2;TRAF7;PSMA3;CCNE2;TFDP2;MSH3;WAC;GEMIN5;DNA2;HDGFL2;HDAC5;MYRF;YTHDC1;PSEN2;HTRA2;LENG8;MAT2B;HIF1A;BAG6;RAD51AP1;SBNO1;IRAK1;ZNHIT6;PCBP2;APBB2;KHDC4;UBE2F;CPSF4;NDFIP2;NFYA;PCGF5;SMOX;CDC7;CDC6;WAPL;SCAF4;BLTP1;SMARCA4;CLK2;UBE2W;COPS3;COPS2;TRIP10;RSRP1;GTF2IRD1;TRIP12;TCF3;TARDBP;FGFR2;CDKN3;PICALM,Rpl22l1,A3SS,rmats,247,GO_Cellular_Component_2023
Nucleus (GO:0005634),59/4487,0.003058751032352306,2.0332090119581063,21.699525914689172,TRRAP;PDCD6;OGG1;STK19;UXT;SIN3A;ILKAP;DDX17;TLE3;MORC3;PBRM1;TBP;STRADA;PABPC4;PRKCD;TSC2;TRNT1;GLRX2;THOC7;JMJD6;SUPV3L1;PSMA3;ESRP1;LANCL2;DXO;ZMYND11;GAPDH;PSMD10;GTF2A2;ANKRD16;GGNBP2;PNKP;SDR39U1;HTRA2;CCNDBP1;UACA;HDAC6;BCL2L12;TFPT;MAPK7;RACGAP1;ZSCAN10;MARCHF7;S100PBP;BRD4;FANCA;RRP1B;BLTP1;USF1;FIBP;LSM7;TTC3;RLIM;CDK2AP2;TAF6;NRDE2;TARDBP;EZH2;FGFR1,Rpl22l1,A5SS,rmats,160,GO_Cellular_Component_2023
Intracellular Membrane-Bounded Organelle (GO:0043231),63/5175,0.00791777504480123,1.8712066211703209,16.893814332490386,RNF13;TRRAP;PDCD6;OGG1;STK19;UXT;SIN3A;ILKAP;DDX17;TLE3;MORC3;PBRM1;TBP;STRADA;PABPC4;PRKCD;TSC2;TRNT1;GLRX2;THOC7;JMJD6;SUPV3L1;PSMA3;ESRP1;LANCL2;DXO;ZMYND11;GAPDH;PSMD10;GTF2A2;ANKRD16;GGNBP2;UBA5;PNKP;SDR39U1;HTRA2;CCNDBP1;UACA;HDAC6;BCL2L12;TFPT;MAPK7;RACGAP1;ZSCAN10;MARCHF7;S100PBP;SEC31A;BRD4;SMOX;FANCA;RRP1B;BLTP1;USF1;FIBP;LSM7;TTC3;RLIM;CDK2AP2;TAF6;NRDE2;TARDBP;EZH2;FGFR1,Rpl22l1,A5SS,rmats,160,GO_Cellular_Component_2023
DNA-directed DNA Polymerase Activity (GO:0003887),4/20,0.020221668827739656,19.18579766536965,173.78245024368854,POLE2;REV1;POLE;POLG,Rpl22l1,RI,rmats,261,GO_Molecular_Function_2023
DNA Polymerase Activity (GO:0034061),4/21,0.020221668827739656,18.05630579079881,159.92158735339862,POLE2;REV1;POLE;POLG,Rpl22l1,RI,rmats,261,GO_Molecular_Function_2023
DNA Metabolic Process (GO:0006259),19/288,1.1814060692275137e-5,5.682663061845218,105.54498851066279,MUS81;RNASEH2A;TRRAP;PARP2;INTS3;ACTR5;PNKP;REV1;LIG3;LRWD1;TYMS;FANCG;POLE2;ERCC1;PWWP3A;POLE;RAD9A;POLG;MUTYH,Rpl22l1,RI,rmats,261,GO_Biological_Process_2023
DNA Repair (GO:0006281),17/291,2.0957377826664772e-4,4.949518367835347,74.2636800804145,FANCI;MUS81;RNASEH2A;TRRAP;PARP2;INTS3;ACTR5;PNKP;LIG3;FANCG;KAT5;POLE2;ERCC1;PWWP3A;POLE;RAD9A;MUTYH,Rpl22l1,RI,rmats,261,GO_Biological_Process_2023
Histone H2A Acetylation (GO:0043968),5/21,0.0028652194014550797,24.075927734375,288.5122929596491,NAA40;MRGBP;KAT5;TRRAP;DMAP1,Rpl22l1,RI,rmats,261,GO_Biological_Process_2023
Histone H4 Acetylation (GO:0043967),6/39,0.002938625742160682,14.050623885918004,160.94388531365468,ING4;NAA40;MRGBP;KAT5;TRRAP;DMAP1,Rpl22l1,RI,rmats,261,GO_Biological_Process_2023
Histone Modification (GO:0016570),8/81,0.002938625742160682,8.518490443445774,97.51381231777766,ING4;HDAC5;HDAC3;MRGBP;KAT5;TRRAP;DMAP1;SUDS3,Rpl22l1,RI,rmats,261,GO_Biological_Process_2023
"Base-Excision Repair, Gap-Filling (GO:0006287)",4/12,0.002962992046402445,38.38715953307393,432.11397647018805,PNKP;LIG3;POLE;POLG,Rpl22l1,RI,rmats,261,GO_Biological_Process_2023
Regulation Of Triglyceride Biosynthetic Process (GO:0010866),4/16,0.00832412463871849,25.586251621271078,255.7568602973885,SLC27A1;KAT5;NR1H2;CNEP1R1,Rpl22l1,RI,rmats,261,GO_Biological_Process_2023
DNA Damage Response (GO:0006974),16/384,0.00832412463871849,3.4376220053238686,34.15324587333334,MUS81;TRRAP;PARP2;INTS3;SUV39H1;PNKP;HTRA2;FANCG;KAT5;POLE2;ERCC1;PWWP3A;NAE1;HDGFL2;RAD9A;MUTYH,Rpl22l1,RI,rmats,261,GO_Biological_Process_2023
Chromatin Organization (GO:0006325),13/268,0.00832412463871849,4.005249841872232,39.324779922067734,HDAC5;HDAC3;SUV39H1;ACTR5;BAZ2A;LRWD1;ING4;PWWP3A;BRD9;HNRNPC;SUDS3;HMGN2;HDGFL2,Rpl22l1,RI,rmats,261,GO_Biological_Process_2023
Establishment Of Mitotic Spindle Localization (GO:0040001),5/34,0.00939277714657069,13.274515086206897,126.19421718648168,HDAC3;KAT5;ESPL1;CENPA;ENKD1,Rpl22l1,RI,rmats,261,GO_Biological_Process_2023
Positive Regulation Of Triglyceride Metabolic Process (GO:0090208),4/18,0.00939277714657069,21.928849360755976,208.25510312192478,SLC27A1;KAT5;NR1H2;CNEP1R1,Rpl22l1,RI,rmats,261,GO_Biological_Process_2023
Establishment Of Spindle Orientation (GO:0051294),5/35,0.009694300237002402,12.831380208333334,120.14010335706132,HDAC3;KAT5;CENPA;LLGL1;ENKD1,Rpl22l1,RI,rmats,261,GO_Biological_Process_2023
Base-Excision Repair (GO:0006284),5/36,0.009694300237002402,12.416834677419354,114.53407333596462,PNKP;LIG3;POLE;MUTYH;POLG,Rpl22l1,RI,rmats,261,GO_Biological_Process_2023
Positive Regulation Of Double-Strand Break Repair Via Homologous Recombination (GO:1905168),5/36,0.009694300237002402,12.416834677419354,114.53407333596462,MRGBP;KAT5;TRRAP;DMAP1;HDGFL2,Rpl22l1,RI,rmats,261,GO_Biological_Process_2023
protein-DNA Complex Organization (GO:0071824),6/60,0.011869887184126713,8.577342047930284,76.78982456564161,HDAC5;HDAC3;SUV39H1;PWWP3A;LRWD1;HMGN2,Rpl22l1,RI,rmats,261,GO_Biological_Process_2023
Regulation Of Cell Cycle (GO:0051726),13/298,0.013576723167276943,3.5781267685342386,31.32201210270695,ZBTB17;TRRAP;SUV39H1;ACTR5;TXLNG;HTRA2;ING4;MRGBP;KAT5;CDK5;MDM2;E4F1;DMAP1,Rpl22l1,RI,rmats,261,GO_Biological_Process_2023
tRNA Modification (GO:0006400),6/67,0.019348552798473282,7.590356798457088,63.29492517835248,QTRT1;CTU2;AARS2;ANKRD16;TRMT1;DUS3L,Rpl22l1,RI,rmats,261,GO_Biological_Process_2023
Positive Regulation Of Triglyceride Biosynthetic Process (GO:0010867),3/11,0.02564453254961668,28.67877906976744,229.42992129713508,SLC27A1;KAT5;NR1H2,Rpl22l1,RI,rmats,261,GO_Biological_Process_2023
DNA Replication (GO:0006260),6/73,0.02766944289121295,6.908516242317822,54.36949542227042,RNASEH2A;PNKP;POLE2;REV1;POLE;POLG,Rpl22l1,RI,rmats,261,GO_Biological_Process_2023
Establishment Of Mitotic Spindle Orientation (GO:0000132),4/29,0.0327836453933068,12.27330739299611,92.79169248036652,HDAC3;KAT5;CENPA;ENKD1,Rpl22l1,RI,rmats,261,GO_Biological_Process_2023
RNA Modification (GO:0009451),5/51,0.0327836453933068,8.361497961956522,63.160406601764876,QTRT1;AARS2;ANKRD16;TRMT1;JMJD6,Rpl22l1,RI,rmats,261,GO_Biological_Process_2023
Positive Regulation Of DNA Recombination (GO:0045911),5/51,0.0327836453933068,8.361497961956522,63.160406601764876,MRGBP;KAT5;TRRAP;DMAP1;HDGFL2,Rpl22l1,RI,rmats,261,GO_Biological_Process_2023
Positive Regulation Of Protein Targeting To Mitochondrion (GO:1903955),4/30,0.03557422294742748,11.800658485483389,87.6502851603425,RNF31;VPS11;HPS4;HTRA2,Rpl22l1,RI,rmats,261,GO_Biological_Process_2023
Proteasomal Protein Catabolic Process (GO:0010498),10/220,0.037496805316549815,3.7049895655473346,27.166397797810152,SPSB3;SHARPIN;KAT5;SMURF1;ZFAND2B;SEL1L;ZSWIM8;MDM2;STUB1;AMBRA1,Rpl22l1,RI,rmats,261,GO_Biological_Process_2023
Positive Regulation Of Double-Strand Break Repair (GO:2000781),6/84,0.042361325804273126,5.930920060331825,42.22009563076019,MRGBP;KAT5;TRRAP;PNKP;DMAP1;HDGFL2,Rpl22l1,RI,rmats,261,GO_Biological_Process_2023
Chromatin Remodeling (GO:0006338),10/228,0.042361325804273126,3.5675646039694433,25.18071140631007,HDAC5;KAT5;PARP2;ACTR5;HP1BP3;BAZ2A;BRD9;HNRNPC;SUDS3;HDGFL2,Rpl22l1,RI,rmats,261,GO_Biological_Process_2023
Positive Regulation Of Establishment Of Protein Localization To Mitochondrion (GO:1903749),4/33,0.042361325804273126,10.578290621226351,74.65464413007882,RNF31;VPS11;HPS4;HTRA2,Rpl22l1,RI,rmats,261,GO_Biological_Process_2023
Macromolecule Catabolic Process (GO:0009057),6/85,0.042361325804273126,5.855547282204021,41.31821118150811,MUS81;BECN1;RNASEH2A;SMURF1;HTRA2;USE1,Rpl22l1,RI,rmats,261,GO_Biological_Process_2023
Intracellular Membrane-Bounded Organelle (GO:0043231),95/5175,0.010284589475773155,1.6514147139740063,15.162380486081078,MUS81;CRTC2;CCNT2;NAA40;TRRAP;SUV39H1;HP1BP3;PPAN;UFSP2;RPL10A;ALKBH6;ING4;KAT5;HMGN2;POLE;POLG;ILKAP;HES6;MORC3;PARP2;DCXR;ACTR5;THOC1;LIG3;CDC25C;JMJD8;DGKZ;WDR77;JMJD6;MLF2;METTL23;MAU2;PRPF18;ELF2;NPEPL1;ESPL1;SYF2;ANKRA2;HDGFL2;HDAC5;VAC14;GTF2A2;ANKRD16;HDAC3;SLC66A1;PNKP;HTRA2;BAZ2A;NOL9;AMBRA1;RNPC3;TYMS;WDR24;CENPA;PRDX5;MAPK7;ZSCAN10;TRA2A;SAFB2;BRD9;SUDS3;NAE1;DMAP1;MAP2K7;N4BP1;S100PBP;BRD4;MUTYH;RANBP2;CPSF4;CIZ1;NAA10;YIPF3;SMOX;INTS3;NR1H2;ASPSCR1;BRAF;TRMT1;LRWD1;LSM5;SCAF4;CLK2;MAPK13;CLK1;MIS18A;CDK5;RAB14;POLE2;PWWP3A;MDM2;MAN2B1;STUB1;HNRNPC;RAD9A,Rpl22l1,RI,rmats,261,GO_Cellular_Component_2023
Nucleus (GO:0005634),84/4487,0.010284589475773155,1.652986984990973,14.358493711994099,MUS81;CRTC2;CCNT2;NAA40;TRRAP;SUV39H1;HP1BP3;PPAN;UFSP2;RPL10A;ALKBH6;ING4;KAT5;HMGN2;POLE;ILKAP;HES6;MORC3;PARP2;DCXR;ACTR5;THOC1;LIG3;CDC25C;JMJD8;DGKZ;WDR77;JMJD6;MLF2;METTL23;MAU2;PRPF18;ELF2;NPEPL1;ESPL1;SYF2;ANKRA2;HDGFL2;HDAC5;GTF2A2;ANKRD16;HDAC3;PNKP;HTRA2;BAZ2A;NOL9;AMBRA1;RNPC3;TYMS;CENPA;PRDX5;MAPK7;ZSCAN10;TRA2A;SAFB2;BRD9;SUDS3;NAE1;DMAP1;MAP2K7;N4BP1;S100PBP;BRD4;MUTYH;RANBP2;CIZ1;NAA10;INTS3;NR1H2;ASPSCR1;TRMT1;LRWD1;LSM5;SCAF4;CLK2;MAPK13;CLK1;MIS18A;CDK5;PWWP3A;MDM2;STUB1;HNRNPC;RAD9A,Rpl22l1,RI,rmats,261,GO_Cellular_Component_2023
CD40 Receptor Complex (GO:0035631),3/10,0.010284589475773155,32.777408637873755,272.33974542075003,IKBKB;RNF31;HTRA2,Rpl22l1,RI,rmats,261,GO_Cellular_Component_2023
Nuclear Chromosome (GO:0000228),7/95,0.010284589475773155,6.154124910522548,51.10783376200188,KAT5;TRRAP;SUV39H1;ACTR5;DMAP1;SUDS3;BRD4,Rpl22l1,RI,rmats,261,GO_Cellular_Component_2023
INO80-type Complex (GO:0097346),4/25,0.010284589475773155,14.614044839725773,119.09649069659467,KAT5;TRRAP;ACTR5;DMAP1,Rpl22l1,RI,rmats,261,GO_Cellular_Component_2023
Swr1 Complex (GO:0000812),3/12,0.011584292554149537,25.49095607235142,196.84066342449213,KAT5;TRRAP;DMAP1,Rpl22l1,RI,rmats,261,GO_Cellular_Component_2023
H4/H2A Histone Acetyltransferase Complex (GO:0043189),4/29,0.011584292554149537,12.27330739299611,92.79169248036652,MRGBP;KAT5;TRRAP;DMAP1,Rpl22l1,RI,rmats,261,GO_Cellular_Component_2023
NuA4 Histone Acetyltransferase Complex (GO:0035267),4/29,0.011584292554149537,12.27330739299611,92.79169248036652,MRGBP;KAT5;TRRAP;DMAP1,Rpl22l1,RI,rmats,261,GO_Cellular_Component_2023
Nucleolus (GO:0005730),21/771,0.02465549987835012,2.2153833333333335,14.814964550915242,PPP1R12A;NAA10;NSUN5;PARP2;DIMT1;SUV39H1;SPPL2B;PNKP;NOLC1;BAZ2A;NOL9;LRWD1;FANCG;JMJD6;ABTB1;TAF1D;KAT5;SDHAF2;TRA2A;MDM2;N4BP1,Rpl22l1,RI,rmats,261,GO_Cellular_Component_2023
Nuclear Lumen (GO:0031981),21/780,0.02558575570354149,2.188076416337286,14.320780629630773,PPP1R12A;NAA10;NSUN5;PARP2;DIMT1;SUV39H1;SPPL2B;PNKP;NOLC1;BAZ2A;NOL9;LRWD1;FANCG;JMJD6;ABTB1;TAF1D;KAT5;SDHAF2;TRA2A;MDM2;N4BP1,Rpl22l1,RI,rmats,261,GO_Cellular_Component_2023
Intracellular Non-Membrane-Bounded Organelle (GO:0043232),28/1195,0.03216321584439147,1.9124492940704862,11.897003050863814,SUV39H1;SPPL2B;PNKP;HP1BP3;NOLC1;HTRA2;BAZ2A;NOL9;AUP1;AMBRA1;TAF1D;KAT5;TRA2A;N4BP1;CCT3;PPP1R12A;NAA10;NSUN5;PARP2;DIMT1;LRWD1;FANCG;JMJD6;ABTB1;SDHAF2;MDM2;ARHGEF2;LLGL1,Rpl22l1,RI,rmats,261,GO_Cellular_Component_2023
"Phosphatidylinositol 3-Kinase Complex, Class III (GO:0035032)",2/6,0.036101001876190454,38.0984555984556,228.90780670816056,BECN1;VAC14,Rpl22l1,RI,rmats,261,GO_Cellular_Component_2023
Lysosome (GO:0005764),15/503,0.036101001876190454,2.4054128348660537,14.283988118431378,ABCD4;SLC66A1;SPPL2B;HPS1;HPS4;WDR24;USE1;AP5M1;PIP4P1;RAB14;VPS11;SPNS1;MAN2B1;AGRN;CHMP7,Rpl22l1,RI,rmats,261,GO_Cellular_Component_2023
RNA Binding (GO:0003723),123/1411,2.4243840007830138e-6,1.8638759203652668,35.98521874012141,EIF4A2;FMR1;SPPL2B;MSI1;RPL10A;GPATCH8;TIAL1;FBRSL1;UBAP2L;RARS2;TYW5;DDX11;PUS1;ALG13;ACTN4;LARP4B;GTPBP1;SRSF4;PPIG;SREK1;DUS3L;MACF1;AARS2;YTHDC1;ZCCHC9;RTF1;RCC1L;MTDH;RRP7A;FXR1;DHX30;RNASEH1;HNRNPDL;PCBP3;PCBP2;G3BP2;DHX37;SAFB2;UTP20;MAP4;ZC3H13;MARK2;SRPK2;TIA1;UBE2I;ZRANB2;RBPMS;UPF3B;PRRC2C;HELZ;LSM4;SNUPN;PRRC2B;LSM2;CHERP;SRPK1;HNRNPM;GOLGB1;LSM14A;SUGP2;EIF4G1;RBM25;PINX1;DDX42;BRCA1;ZCCHC17;YBX3;RPGR;FARS2;RBM4;SART3;MRPL9;LRRFIP1;RBM34;RBM6;TOP3B;DDX59;RBM18;PRPF40B;DARS2;TRNAU1AP;SAFB;PATL1;UCHL5;DUS2;SARS2;PKM;SLTM;NOA1;HNRNPH1;RBMS1;HNRNPH2;EIF4E2;RBM47;STAU1;ROCK2;POLDIP3;AKAP8;UNK;TCOF1;FIP1L1;PES1;FLNA;FLNB;RALY;SMNDC1;PTPN1;RBM39;TRMT10B;MYEF2;YTHDF3;KRR1;YLPM1;RSRC2;APTX;KTN1;NAP1L4;SEC23IP;ZNFX1;TNIP1;ZYX;ACIN1;TNRC6A,Rpl22l1,SE,rmats,1029,GO_Molecular_Function_2023
Ubiquitin-Like Protein Transferase Activity (GO:0019787),33/240,7.560163939346941e-5,3.003375822129096,45.57206048813529,CUL5;RNF14;MGRN1;UBE3A;BRCA1;CBL;RMND5B;MARCHF8;BTRC;ATG5;BRAP;UBE2F;UBE2H;AREL1;UBE2I;FBXW11;RNF25;NSMCE2;WWP1;CHFR;RNF146;TRAF7;ITCH;ATG16L1;TTC3;MDM2;UBA3;MDM4;RBCK1;BCOR;TRIM11;BIRC2;TRIM33,Rpl22l1,SE,rmats,1029,GO_Molecular_Function_2023
GTPase Binding (GO:0051020),29/225,9.832588352198064e-4,2.777933673469388,33.89843796823613,USP6NL;GARRE1;MAPKAP1;DOCK7;GCC2;CIB1;AMBRA1;YBX3;GGA1;AP3M1;XPO4;KIF3A;ANKFY1;FLNA;ERC1;RAB11FIP3;GIT1;GIT2;RABGAP1L;SPHK2;TSC2;CYRIB;RABGGTB;LSM2;TBC1D20;RRAGB;ATG16L1;RAB3GAP2;PICALM,Rpl22l1,SE,rmats,1029,GO_Molecular_Function_2023
Small GTPase Binding (GO:0031267),26/199,0.0017541344478072523,2.8166828992790416,31.93051539176209,USP6NL;GARRE1;MAPKAP1;DOCK7;GCC2;CIB1;YBX3;GGA1;AP3M1;XPO4;KIF3A;ANKFY1;FLNA;ERC1;RAB11FIP3;GIT1;GIT2;RABGAP1L;SPHK2;TSC2;CYRIB;RABGGTB;LSM2;TBC1D20;RAB3GAP2;PICALM,Rpl22l1,SE,rmats,1029,GO_Molecular_Function_2023
Ubiquitin-Protein Transferase Activity (GO:0004842),41/412,0.005065505002425981,2.080491504523282,20.914329086655805,CUL5;RNF14;MGRN1;LTN1;RNF19B;UBE3A;UBR1;BRCA1;CBL;RNFT1;UBE2J1;RPGR;RMND5B;TRIM6;RNF138;MARCHF8;RFFL;BTRC;RNF111;BRAP;UBE2H;AREL1;RNF25;FBXW11;WWP1;PEX2;CHFR;RNF146;TRAF7;ITCH;NEURL4;TTC3;MDM2;MDM4;TRIP12;RBCK1;BCOR;RNF185;BIRC2;TRIM33;TRIM11,Rpl22l1,SE,rmats,1029,GO_Molecular_Function_2023
Protein Serine/Threonine Kinase Activity (GO:0004674),35/342,0.008600968261254664,2.140661558930128,19.995594181926535,PRKAA1;ROCK2;PRKCZ;IRAK1;AKT2;RPS6KA2;PHKG2;TLK2;TLK1;MAP4K5;MAP3K7;MARK2;MAP2K6;PLK4;SRPK2;NEK9;CHUK;RIOK3;LIMK2;PRKCD;HUNK;CDC7;VRK1;PRKAB1;CLK4;ACVR2A;MAPK12;SRPK1;CIT;CLK2;CLK1;CDK2;RPS6KB2;CAMK1G;MAP3K12,Rpl22l1,SE,rmats,1029,GO_Molecular_Function_2023
Cadherin Binding (GO:0045296),31/319,0.04471969329123456,2.0150474560231575,15.189746317471345,MACF1;SRC;CTNND1;CBL;CLINT1;SLC9A3R2;LIMA1;MPRIP;CALD1;FLNA;FLNB;ERC1;LRRFIP1;ARGLU1;EPS15;MARK2;TMPO;PTPN1;EPS15L1;CIP2A;KTN1;EPN2;ANLN;MYO1B;PKM;FMNL2;CTTN;ABI1;NUMB;PHLDB2;PICALM,Rpl22l1,SE,rmats,1029,GO_Molecular_Function_2023
Methylation-Dependent Protein Binding (GO:0140034),11/68,0.046159672375638776,3.5855306242029434,26.28036162585304,KDM5A;PHF20L1;KMT2E;MBTD1;CBX5;ZZZ3;FMR1;ZMYND8;MTF2;NCAPD3;JMJD7,Rpl22l1,SE,rmats,1029,GO_Molecular_Function_2023
"Catalytic Activity, Acting On A tRNA (GO:0140101)",8/39,0.046159672375638776,4.787210514675682,34.7319357509283,DUS2;QTRT1;AARS2;TYW5;TARS2;QRSL1;FTSJ1;DUS3L,Rpl22l1,SE,rmats,1029,GO_Molecular_Function_2023
Protein Ubiquitination (GO:0016567),46/434,0.009027427477766805,2.241240259672159,28.601307243827783,CUL5;RNF14;MGRN1;RNF19B;UBE3A;UBR1;AMBRA1;BRCA1;CBL;DDA1;RNFT1;UBE2J1;RPGR;ANKRD9;NUB1;TRIM6;RNF138;MARCHF8;MARCHF7;BTRC;RNF111;BRAP;UBE2H;AREL1;FBXW5;RNF25;FBXW11;FANCA;WWP1;PEX2;FANCG;CHFR;RNF146;TRAF7;UBOX5;ITCH;MDM2;UBE2V2;MDM4;TRIP12;RBCK1;RNF185;RAD18;BIRC2;TRIM33;TRIM11,Rpl22l1,SE,rmats,1029,GO_Biological_Process_2023
Ubiquitin-Dependent Protein Catabolic Process (GO:0006511),40/367,0.010170708048575222,2.3059773718858514,27.554085229307535,PSMD14;RNF14;RNF19B;AMBRA1;CBL;RPGR;ANKRD9;BAG6;RMND5B;NUB1;PCBP2;PSMF1;BTRC;RFFL;UBQLN4;RNF111;ZRANB1;UBE2H;AREL1;FBXW5;UBE2I;FBXW11;RNF25;VPS37C;WWP1;RAD23A;VPS37A;ARMC8;PPP2R5C;USP28;CHFR;RNF146;ITCH;TTC3;CHMP2A;MDM2;TRIP12;RBCK1;RNF185;BIRC2,Rpl22l1,SE,rmats,1029,GO_Biological_Process_2023
Organelle Organization (GO:0006996),43/418,0.011029832404674037,2.1626179851250846,24.388066497619555,USP6NL;ABCD4;PI4K2B;TAFAZZIN;MAPKAP1;PITPNB;FAF2;HTT;TOR1AIP2;MIA3;CAMSAP1;CECR2;KIF3A;EPS15;CLASP1;CEP78;SH3D19;SEC31A;CLASP2;CENPT;ZRANB1;YTHDF3;ATP8B2;DST;SEC16A;TRAPPC8;PEX2;MCOLN1;CFAP410;FANCG;TJAP1;SEC23IP;FMNL2;TBC1D20;TMEM11;NOA1;DNAJA3;GOLGB1;PEX6;RANBP10;CHMP2A;PHIP;CEP89,Rpl22l1,SE,rmats,1029,GO_Biological_Process_2023
Double-Strand Break Repair Via Homologous Recombination (GO:0000724),18/111,0.011029832404674037,3.614051880922753,40.38610588331552,BLM;PSMD14;ZMYND8;INTS3;NSMCE2;XRCC3;ATRX;TONSL;RECQL;CDC7;SMC6;BRCA1;PALB2;MBTD1;MORF4L1;MMS22L;RAD51D;RNF138,Rpl22l1,SE,rmats,1029,GO_Biological_Process_2023
Recombinational Repair (GO:0000725),16/95,0.01612717360588547,3.7771252202381698,39.93063015561477,BLM;PSMD14;ZMYND8;INTS3;NSMCE2;XRCC3;TONSL;RECQL;BRCA1;SMC6;PALB2;MBTD1;MMS22L;MORF4L1;RAD51D;RNF138,Rpl22l1,SE,rmats,1029,GO_Biological_Process_2023
Telomere Maintenance Via Recombination (GO:0000722),5/9,0.019826698437885287,23.153076171875,235.76438176013613,RAD50;RAD51D;NSMCE2;XRCC3;SMC6,Rpl22l1,SE,rmats,1029,GO_Biological_Process_2023
Double-Strand Break Repair (GO:0006302),22/168,0.02371251559963118,2.8169253581096707,27.74595201151157,BLM;PSMD14;ZMYND8;INTS3;PNKP;EYA3;NSMCE2;XRCC3;TONSL;RECQL;CIB1;SMC6;BRCA1;PALB2;MBTD1;MORF4L1;MMS22L;RAD51D;RAD50;RNF138;NSD2;UBE2V2,Rpl22l1,SE,rmats,1029,GO_Biological_Process_2023
Intracellular Membrane-Bounded Organelle (GO:0043231),347/5175,1.6478448452218202e-6,1.49045675640873,28.343249820693096,PANK4;ATF2;PANK2;ZMYND8;ITSN1;CCNC;SMC6;RBPJ;GPATCH8;TIAL1;AKT2;ZMIZ2;RPS6KA2;CPNE1;ANKFY1;UBAP2L;RNF111;TMPO;ESCO1;DDX11;SLC35C2;NSMCE2;PRKCD;IFRD1;DNTTIP1;RECQL;HNF1B;RFX1;ACTN4;ARMC8;JMJD7;PRKAB1;MED6;RRAGB;AKAP9;PAXIP1;SRCAP;DCUN1D1;COPS7B;BAZ2B;GMCL1;UBE2J1;MTDH;FXR1;DHX30;DGUOK;RACGAP1;PCBP3;PCBP2;DPH3;ATP6V0A2;PUSL1;PATZ1;RAB11FIP3;KAT14;SEC31A;SRPK2;RABGAP1L;ZRANB1;SETDB1;TIPARP;INTS3;XRCC3;INTS2;UPF3B;TMEM192;CDC7;MEMO1;PTK2;SRPK1;FAM220A;MLLT10;HNRNPM;STAG1;GOLGB1;PPT2;PKIG;RAD18;PSME3IP1;PHF3;CEP57;SETD5;SLC35F6;INTS14;HIP1;SETD6;TDRP;ZBTB8OS;MIA3;BRCA1;OSBPL11;MED15;N4BP2L2;CLINT1;MED14;ZMYM2;XPO4;NELFB;GPRASP1;CTSC;GABPA;APPL1;TOP3B;PBRM1;SPHK2;STRADA;UCHL5;SIRT3;MED22;RAD51D;NCOR1;CTTN;SLTM;HNRNPH1;MED20;MTF2;HNRNPH2;SLU7;URM1;AKAP8;HTT;GGA1;BTAF1;RNF138;NSD2;USP1;FLNA;PMS2;MARCHF7;METTL6;EPS15;NKTR;TRMT10B;MYEF2;ATAD5;PCGF5;PCGF2;YLPM1;APTX;GATAD2A;RNF146;SEC23IP;ITCH;TFAP4;SNX14;TTC3;TACC3;ZYX;MITD1;TRIP12;CRLF3;EEF1AKMT2;CRTC2;MIDN;DGKD;PRDM4;FMR1;PRDM5;CTNND1;JADE1;INPPL1;UBP1;HIKESHI;CIB1;RPL10A;GRB14;EP300;KMT5A;MAP3K7;SLC30A9;TLE1;KDM2B;FBXW11;USP4;USP3;PUS1;IPMK;TSC2;VRK1;CFAP410;THOC7;FANCD2;UBE2V2;SRSF4;PHIP;PPIG;GEMIN8;KMT2E;BLM;ANKRD16;PSMD14;YTHDC1;ARHGAP19;HTRA2;PDS5A;BCL2L12;BAG6;SBNO1;IRAK1;ORC1;DEAF1;SAFB2;TBC1D14;RPRD1B;ZC3H13;UBE2F;OSBPL9;TIA1;UBE2H;UBE2I;CBX5;POU2F1;PHF12;STYX;FANCA;RFXANK;MACO1;CLK4;PALB2;LSM4;CLK2;LSM2;CLK1;COPRS;UBOX5;KIF18B;HOOK2;MOB2;CNOT2;TADA3;CDK2;MDM2;UBA3;PIR;MDM4;NF2;OSBPL1A;NIT1;FGFR2;MDM1;PICALM;RAD9A;EIF4G1;RERE;KDM5A;KDM5C;RNF14;FHL1;HP1BP3;CEP164;DDX42;CHD6;UFSP2;PIK3C2A;YBX3;RESF1;SENP6;RBM4;SART3;PPP6R3;SNAPC4;DNMT3B;TLK2;TLK1;GUSB;POLE;ILKAP;RBM6;SUN1;USP48;TBP;DST;AKTIP;ATRX;PPP2R5B;RAD23A;VPS37A;PEX2;PPP2R5C;TRNAU1AP;SAFB;EPN2;MMS22L;TRAF7;ELF2;CREB1;PKM;TFDP2;IRF1;RBMS1;BIRC2;ITGB3BP;LAMA5;PRKAA1;RBM47;KDM3A;USP15;PPM1M;MGRN1;POLDIP3;DCTN4;PNKP;LENG8;AMBRA1;CLCN3;RMND5B;CECR2;NFS1;TAF1B;TGS1;RALY;DRAM2;E2F6;UBQLN4;MTA3;SMNDC1;MUTYH;TCF7L2;KDM4B;EYA2;SMOX;RNF25;SWT1;EYA3;LIMK2;PTPN12;MCOLN1;PTPN13;USP28;USF2;CHFR;MAPK12;NAP1L4;RAD50;WEE1;KANSL1;BRMS1L;DOLPP1;DNAJA3;TAF8;ACIN1;RGS12;BCOR;PFKM;TRIM33;TNRC6A;SSBP4,Rpl22l1,SE,rmats,1029,GO_Cellular_Component_2023
Nucleus (GO:0005634),300/4487,2.2815848370365055e-5,1.4530572288712564,22.806244032809303,PANK4;ATF2;PANK2;ZMYND8;CCNC;SMC6;RBPJ;GPATCH8;TIAL1;AKT2;ZMIZ2;RPS6KA2;CPNE1;UBAP2L;RNF111;TMPO;ESCO1;DDX11;NSMCE2;PRKCD;IFRD1;DNTTIP1;RECQL;HNF1B;ACTN4;ARMC8;JMJD7;PRKAB1;MED6;RRAGB;PAXIP1;SRCAP;DCUN1D1;COPS7B;BAZ2B;GMCL1;UBE2J1;MTDH;FXR1;DHX30;DGUOK;RACGAP1;PCBP3;PCBP2;DPH3;PATZ1;KAT14;SRPK2;RABGAP1L;ZRANB1;SETDB1;TIPARP;INTS3;XRCC3;INTS2;UPF3B;TMEM192;CDC7;MEMO1;PTK2;SRPK1;FAM220A;MLLT10;HNRNPM;STAG1;PKIG;RAD18;PSME3IP1;PHF3;CEP57;SETD5;INTS14;HIP1;SETD6;TDRP;ZBTB8OS;BRCA1;MED15;N4BP2L2;MED14;ZMYM2;XPO4;NELFB;GPRASP1;GABPA;APPL1;TOP3B;PBRM1;SPHK2;STRADA;UCHL5;SIRT3;MED22;RAD51D;NCOR1;SLTM;HNRNPH1;MED20;MTF2;HNRNPH2;SLU7;URM1;AKAP8;HTT;RNF138;NSD2;USP1;FLNA;PMS2;MARCHF7;METTL6;NKTR;TRMT10B;MYEF2;ATAD5;PCGF5;PCGF2;YLPM1;APTX;GATAD2A;RNF146;TFAP4;TTC3;ZYX;TRIP12;CRLF3;EEF1AKMT2;CRTC2;MIDN;DGKD;PRDM4;FMR1;PRDM5;CTNND1;JADE1;INPPL1;UBP1;HIKESHI;CIB1;RPL10A;EP300;KMT5A;MAP3K7;SLC30A9;TLE1;KDM2B;FBXW11;USP4;USP3;PUS1;IPMK;TSC2;VRK1;THOC7;FANCD2;UBE2V2;SRSF4;PHIP;PPIG;GEMIN8;KMT2E;BLM;ANKRD16;PSMD14;YTHDC1;HTRA2;PDS5A;BCL2L12;BAG6;SBNO1;IRAK1;ORC1;DEAF1;SAFB2;RPRD1B;ZC3H13;UBE2F;TIA1;UBE2H;UBE2I;CBX5;POU2F1;PHF12;STYX;FANCA;RFXANK;MACO1;CLK4;PALB2;LSM4;CLK2;LSM2;CLK1;COPRS;UBOX5;KIF18B;MOB2;CNOT2;TADA3;CDK2;MDM2;UBA3;PIR;MDM4;NF2;NIT1;FGFR2;MDM1;PICALM;RAD9A;EIF4G1;RERE;KDM5A;KDM5C;RNF14;FHL1;HP1BP3;DDX42;CHD6;UFSP2;YBX3;RESF1;SENP6;RBM4;SART3;PPP6R3;SNAPC4;DNMT3B;TLK2;TLK1;POLE;ILKAP;RBM6;USP48;TBP;DST;AKTIP;ATRX;PPP2R5B;RAD23A;PPP2R5C;TRNAU1AP;SAFB;MMS22L;ELF2;CREB1;PKM;TFDP2;IRF1;RBMS1;BIRC2;ITGB3BP;LAMA5;PRKAA1;RBM47;KDM3A;USP15;PPM1M;MGRN1;POLDIP3;DCTN4;PNKP;LENG8;AMBRA1;RMND5B;CECR2;NFS1;TAF1B;TGS1;RALY;E2F6;UBQLN4;MTA3;SMNDC1;MUTYH;TCF7L2;KDM4B;EYA2;RNF25;SWT1;EYA3;LIMK2;PTPN12;PTPN13;USP28;USF2;CHFR;MAPK12;NAP1L4;RAD50;WEE1;KANSL1;BRMS1L;TAF8;ACIN1;RGS12;BCOR;PFKM;TRIM33;SSBP4,Rpl22l1,SE,rmats,1029,GO_Cellular_Component_2023
Mitotic Spindle (GO:0072686),20/143,0.004437430072179346,3.0373790358319837,30.43305316917395,IQCB1;EPB41;LIMK2;CKAP2;CDC7;EML2;EML4;ATAT1;KIF18B;ZZZ3;NCOR1;RACGAP1;TFDP2;TADA3;TACC3;MAP4;LSM14A;KAT14;CLASP1;CLASP2,Rpl22l1,SE,rmats,1029,GO_Cellular_Component_2023
Clathrin Coat (GO:0030118),6/16,0.007006201766685572,11.120821114369502,103.14682542263544,EPS15L1;CLINT1;EPS15;EPN1;EPN2;PICALM,Rpl22l1,SE,rmats,1029,GO_Cellular_Component_2023
Cytoplasmic Stress Granule (GO:0010494),13/76,0.007319042948271249,3.8402074740657417,34.59366942745473,TIA1;STAU1;RBPMS;YTHDF3;FMR1;LARP4B;TIAL1;FXR1;RBM4;ZNFX1;G3BP2;LSM14A;EIF4G1,Rpl22l1,SE,rmats,1029,GO_Cellular_Component_2023
Spindle (GO:0005819),23/210,0.026428577602311515,2.2965522373778717,17.32058198590352,IQCB1;EPB41;LIMK2;PINX1;SPICE1;CKAP2;CDC7;SPATA5;EML2;EML4;ATAT1;ZZZ3;NCOR1;RACGAP1;TFDP2;KIF3A;TADA3;TACC3;MAP4;LSM14A;KAT14;CLASP1;CLASP2,Rpl22l1,SE,rmats,1029,GO_Cellular_Component_2023
Chromosome (GO:0005694),19/164,0.033965761009454504,2.442430863776033,17.43147206366212,BLM;PBRM1;ESCO1;KRR1;FMR1;HP1BP3;PINX1;DNTTIP1;RECQL;SMC6;BRCA1;PDS5A;ZFX;SYCE2;STAG1;FANCD2;PES1;KMT5A;RBM34,Rpl22l1,SE,rmats,1029,GO_Cellular_Component_2023
RNA Binding (GO:0003723),45/1411,1.0007468504866966e-5,2.72550552016145,46.336637195067624,TOP2A;OTUD4;RBM26;STAU1;YTHDC1;FASTKD3;FMR1;SRRT;NUDT1;NOLC1;MKI67;GSPT1;SMG5;TIAL1;MTHFSD;PCBP3;U2AF2;PCBP2;SAFB2;UBAP2L;KHDC4;RBM7;AGFG1;TOE1;PTCD3;CPSF4;CHTOP;RBFOX2;NOSIP;RSRC2;HELZ;PRRC2B;PTBP2;PRRC2A;PUM2;ATXN2L;MOV10;ILF3;FUBP3;CCDC9;GOLGB1;RPUSD3;TARDBP;EIF4G3;R3HDM2,Spen,A3SS,rmats,267,GO_Molecular_Function_2023
mRNA Binding (GO:0003729),13/282,0.013854849173209033,3.7033047448994525,33.60715923422753,CHTOP;RBFOX2;YTHDC1;FMR1;PTBP2;PUM2;TIAL1;ATXN2L;PCBP3;FUBP3;PCBP2;TARDBP;EIF4G3,Spen,A3SS,rmats,267,GO_Molecular_Function_2023
poly(A)-specific Ribonuclease Activity (GO:0004535),3/12,0.03818759783014697,24.904040404040405,190.65462254648838,PAN2;TOE1;CNOT2,Spen,A3SS,rmats,267,GO_Molecular_Function_2023
DNA Binding (GO:0003677),23/846,0.04694632318450039,2.1658566221142164,14.905475976977305,TOP2A;MYRF;MPG;NR1H2;FMR1;SRRT;ATRX;RAD23A;HIF1A;USF1;DEDD2;SIRT3;DRAP1;CAMSAP3;ILF3;FUBP3;CUX1;MSH3;POLR3C;PCBP2;SAFB2;TCF4;TARDBP,Spen,A3SS,rmats,267,GO_Molecular_Function_2023
3'-5'-RNA Exonuclease Activity (GO:0000175),4/34,0.04694632318450039,9.988846641318124,68.50494930422703,TOE1;PAN2;ERI2;CNOT2,Spen,A3SS,rmats,267,GO_Molecular_Function_2023
Histone H3 Methyltransferase Activity (GO:0140938),4/36,0.04694632318450039,9.363593155893536,62.17316695504083,SETD5;PRMT2;NSD2;EHMT1,Spen,A3SS,rmats,267,GO_Molecular_Function_2023
Ubiquitin-Protein Transferase Activity (GO:0004842),14/412,0.04694632318450039,2.688243589488947,17.747187298815682,RNF10;MARCHF2;RNF44;FBXO17;RNF19B;FBXW2;CHFR;UBE2W;TRAF7;ARIH2;ERCC8;BIRC6;CBLL1;RNF111,Spen,A3SS,rmats,267,GO_Molecular_Function_2023
DNA Repair (GO:0006281),14/291,0.04268362406868758,3.8867025299296527,39.40085914080983,MPG;FMR1;ACTR5;ATRX;NUDT1;LIG3;RAD23A;MAD2L2;MSH3;NSD2;ERCC8;MMS19;KMT5B;ATRIP,Spen,A3SS,rmats,267,GO_Biological_Process_2023
Positive Regulation Of Nucleic Acid-Templated Transcription (GO:1903508),20/557,0.04268362406868758,2.89447296798076,27.95548020358228,RNF10;PRMT2;MYRF;NR1H2;ACTR5;HNF1B;FOXM1;HIF1A;GATAD2A;MBTD1;RXRB;MAD2L2;EDRF1;ILF3;FUBP3;WAC;MMS19;TCF4;NFRKB;RNF111,Spen,A3SS,rmats,267,GO_Biological_Process_2023
Nucleus (GO:0005634),88/4487,0.005740265984803491,1.7136855633771515,17.103492397668806,PANK4;TOP2A;SETD5;RNF10;MTCH2;RBM26;HDAC10;FMR1;NUDT1;EHMT1;MKI67;FOXM1;SMG5;TIAL1;PPP6R3;ARIH2;UBAP2L;KMT5B;MAF1;RBM7;NFRKB;RNF111;DLGAP5;USP48;RBFOX2;REXO1;PRMT2;AKTIP;ACTR5;IPMK;ATRX;TSC2;NOSIP;HNF1B;LIG3;RAD23A;CDC25C;PTBP2;SIRT3;NCOR2;ILF3;DMTF1;MSH3;WAC;PKP4;BIRC6;CBLL1;HDAC5;MYRF;YTHDC1;SDR39U1;ABRAXAS2;HIF1A;TMA16;RXRB;PCBP3;CUX1;IRAK1;U2AF2;PCBP2;NSD2;SAFB2;KHDC4;ATRIP;RALGDS;CHTOP;KDM4B;RYK;NR1H2;PCGF2;AZIN1;CHFR;USF1;GATAD2A;CLK2;MAD2L2;DRAP1;MOV10;UBE2W;FUBP3;GNPDA2;COPS2;CNOT2;ERCC8;GTF2IRD1;MMS19;TCF4;TARDBP,Spen,A3SS,rmats,267,GO_Cellular_Component_2023
Intracellular Membrane-Bounded Organelle (GO:0043231),97/5175,0.005893342806401763,1.6467055116650835,15.25024890045401,PANK4;MTCH2;HDAC10;FMR1;ECI2;NUDT1;EHMT1;MKI67;TIAL1;UBAP2L;KMT5B;MAF1;NFRKB;RNF111;AGFG1;RBFOX2;IPMK;TSC2;NOSIP;HNF1B;LIG3;CDC25C;PLA2G15;ILF3;DMTF1;MSH3;PKP4;CBLL1;YTHDC1;SDR39U1;HIF1A;PCBP3;IRAK1;PCBP2;SAFB2;KHDC4;ATRIP;RALGDS;CPSF4;CHTOP;AZIN1;CLK2;DRAP1;IFT20;MOV10;UBE2W;FUBP3;GOLGB1;COPS2;CNOT2;GTF2IRD1;MMS19;TCF4;TOP2A;SETD5;RNF10;RBM26;FOXM1;SMG5;PPP6R3;ARIH2;RBM7;DLGAP5;USP48;DBNL;REXO1;PRMT2;AKTIP;ACTR5;ATRX;RAD23A;PTBP2;SIRT3;NCOR2;TRAF7;WAC;BIRC6;HDAC5;MVK;MYRF;ABRAXAS2;TMA16;RXRB;CUX1;U2AF2;NSD2;KDM4B;RYK;NR1H2;PCGF2;CHFR;USF1;GATAD2A;MAD2L2;GNPDA2;ERCC8;TARDBP,Spen,A3SS,rmats,267,GO_Cellular_Component_2023
Nucleus (GO:0005634),65/4487,0.0011501554307837088,2.039617636632562,23.77828525477925,CCNT2;PDCD6;CASC3;SMG7;BRCA2;RESF1;MED12;ING4;METTL13;NTMT1;SNAPC4;NELFE;DDX17;SREBF1;PBRM1;PABPC4;PRKCD;TSC2;VRK1;LIG3;GLRX2;THOC7;GNL3;SUPV3L1;MAU2;LANCL2;ZMYND11;CBLL1;YAP1;ANKRD16;PAXIP1;WDR26;ABRAXAS1;BRAT1;PDS5B;UBE2J2;HDAC6;BCL2L12;CECR2;MAPK7;PCBP3;ZSCAN10;SAFB2;MARCHF7;PMS2;RBM10;MBD4;PHC2;ATAD5;TAF13;FANCA;LSM5;CDK11B;BLTP1;CLK3;USF1;PML;GATAD2A;LSM7;DLG1;CNOT6;PRC1;TTC3;TARDBP;EZH2,Spen,A5SS,rmats,176,GO_Cellular_Component_2023
Intracellular Membrane-Bounded Organelle (GO:0043231),69/5175,0.004571740135563579,1.8588027279616064,17.81674184795546,CCNT2;PDCD6;CASC3;SMG7;BRCA2;RABEPK;RESF1;MED12;ING4;METTL13;NTMT1;SNAPC4;NELFE;DDX17;SREBF1;PBRM1;PABPC4;PRKCD;TSC2;VRK1;LIG3;GLRX2;THOC7;GNL3;GAK;SUPV3L1;MAU2;LANCL2;ZMYND11;CBLL1;YAP1;ANKRD16;PAXIP1;WDR26;ABRAXAS1;BRAT1;PDS5B;UBE2J2;HDAC6;BCL2L12;CECR2;MAPK7;PCBP3;ZSCAN10;SAFB2;MARCHF7;PMS2;RBM10;MBD4;PHC2;ATAD5;TAF13;FANCA;LSM5;CDK11B;BLTP1;CLK3;USF1;PML;GATAD2A;LSM7;DLG1;CNOT6;GLB1;PRC1;POLE2;TTC3;TARDBP;EZH2,Spen,A5SS,rmats,176,GO_Cellular_Component_2023
Protein Phosphatase 4 Complex (GO:0030289),2/5,0.006822153121678874,225.26553672316385,2096.111196622331,PPP4R3A;PPP4R3B,Spen,MXE,rmats,61,GO_Cellular_Component_2023
"Catalytic Activity, Acting On A tRNA (GO:0140101)",6/39,0.0025244440186496806,14.45234604105572,167.78242364745634,AARS2;TYW5;FTSJ1;DUS3L;OSGEP;ANKZF1,Spen,RI,rmats,254,GO_Molecular_Function_2023
RNA Binding (GO:0003723),36/1411,0.0067573789431153415,2.2063586321934947,21.912658434769153,RPL3;AARS2;TUT4;RPL12;SPPL2B;NOLC1;NAT10;MTHFSD;PSMD4;FASTK;KHSRP;SAFB2;LUC7L;HMGN2;PTCD3;TIA1;TYW5;NSUN5;DIMT1;DDX11;HMGA1;LARP7;MRPL28;TRMT1;LSM5;CDK11B;GTPBP4;CLK3;JMJD6;SRPK1;LSM7;SYF2;RPUSD3;ZYX;SNRPA1;DUS3L,Spen,RI,rmats,254,GO_Molecular_Function_2023
Protein Serine/Threonine Kinase Activity (GO:0004674),13/342,0.04240227039159037,3.183556357123939,24.480154613304336,CDC7;CDK11B;CLK3;SRPK1;CAMKK2;CLK2;MAPK7;FASTK;PHKG2;RPS6KB2;CDK10;SIK2;CSNK1G2,Spen,RI,rmats,254,GO_Molecular_Function_2023
tRNA Modification (GO:0006400),10/67,1.5279985759368048e-5,14.156600517687663,258.1783468723872,CTU2;AARS2;ANKRD16;TYW5;TRMT1;PUSL1;FTSJ1;DUS3L;TRMT61A;OSGEP,Spen,RI,rmats,254,GO_Biological_Process_2023
RNA Modification (GO:0009451),8/51,1.531466958764252e-4,14.901115522783135,227.08276145471703,AARS2;ANKRD16;TSR3;NAT10;TRMT1;FTSJ1;OSGEP;JMJD6,Spen,RI,rmats,254,GO_Biological_Process_2023
Regulation Of mRNA Processing (GO:0050684),6/35,0.001943730482950419,16.449110122358174,201.74851199189158,TIA1;SAFB2;LARP7;CDK11B;JMJD6;SRPK1,Spen,RI,rmats,254,GO_Biological_Process_2023
Regulation Of RNA Splicing (GO:0043484),9/102,0.001943730482950419,7.7628703094140885,93.19479205266072,TIA1;TRRAP;FASTK;LARP7;CCNL2;CLK3;JMJD6;CLK2;SRPK1,Spen,RI,rmats,254,GO_Biological_Process_2023
Histone Modification (GO:0016570),7/81,0.014859031751480529,7.5338658496553235,71.3923019835828,ING4;HDAC5;KAT5;TRRAP;BRD8;DMAP1;SUDS3,Spen,RI,rmats,254,GO_Biological_Process_2023
DNA Metabolic Process (GO:0006259),13/288,0.014859031751480529,3.8192832893247832,35.76606416171952,TRRAP;PARP2;INTS3;ACTR5;LRWD1;TYMS;RECQL5;ERCC1;PWWP3A;ADPRS;MMS19;RAD9A;MUTYH,Spen,RI,rmats,254,GO_Biological_Process_2023
Positive Regulation Of Double-Strand Break Repair Via Homologous Recombination (GO:1905168),5/36,0.014859031751480529,12.770436585049877,119.42959586682564,KAT5;TRRAP;MMS19;BRD8;DMAP1,Spen,RI,rmats,254,GO_Biological_Process_2023
DNA Repair (GO:0006281),13/291,0.014859031751480529,3.7774858951013464,34.98158312000517,TRRAP;PARP2;INTS3;ACTR5;RECQL5;KAT5;ERCC1;PWWP3A;ADPRS;MMS19;MPND;RAD9A;MUTYH,Spen,RI,rmats,254,GO_Biological_Process_2023
DNA Damage Response (GO:0006974),15/384,0.014859031751480529,3.295744463720788,29.59861578397429,TRRAP;PARP2;DDX11;INTS3;BRAT1;HTRA2;SIRT7;RECQL5;KAT5;ERCC1;PWWP3A;ADPRS;MMS19;RAD9A;MUTYH,Spen,RI,rmats,254,GO_Biological_Process_2023
Histone H2A Acetylation (GO:0043968),4/21,0.014859031751480529,18.568470588235293,166.40013836628853,KAT5;TRRAP;BRD8;DMAP1,Spen,RI,rmats,254,GO_Biological_Process_2023
Histone H4 Acetylation (GO:0043967),5/39,0.014859031751480529,11.641861563902669,104.30639808195494,ING4;KAT5;TRRAP;BRD8;DMAP1,Spen,RI,rmats,254,GO_Biological_Process_2023
Regulation Of Organelle Organization (GO:0033043),7/100,0.030503402109936233,5.988899046624004,48.829626880189,CAMSAP3;CLN3;RHOT1;TMEM33;ACTR5;VPS11;SIRT7,Spen,RI,rmats,254,GO_Biological_Process_2023
tRNA Processing (GO:0008033),5/50,0.0373630399743163,8.791164658634537,68.3092990191575,AARS2;ANKRD16;TRMT1;FTSJ1;OSGEP,Spen,RI,rmats,254,GO_Biological_Process_2023
Regulation Of Cell Cycle (GO:0051726),12/298,0.0373630399743163,3.373981390510316,25.980502494684718,ING4;ZBTB17;KAT5;TRRAP;ACTR5;MDM2;CDK10;HTRA2;CCNL2;BRD8;DMAP1;CDK11B,Spen,RI,rmats,254,GO_Biological_Process_2023
Positive Regulation Of DNA Recombination (GO:0045911),5/51,0.0373630399743163,8.599615854723242,66.02217584622915,KAT5;TRRAP;MMS19;BRD8;DMAP1,Spen,RI,rmats,254,GO_Biological_Process_2023
Protein Acetylation (GO:0006473),4/29,0.0373630399743163,12.62144,96.71595312453542,ING4;KAT5;NAA10;NAT10,Spen,RI,rmats,254,GO_Biological_Process_2023
Swr1 Complex (GO:0000812),4/12,0.0011308859139667544,39.476,448.59975437664946,KAT5;TRRAP;BRD8;DMAP1,Spen,RI,rmats,254,GO_Cellular_Component_2023
INO80-type Complex (GO:0097346),5/25,0.0011308859139667544,19.805220883534137,221.76999570777465,KAT5;TRRAP;ACTR5;BRD8;DMAP1,Spen,RI,rmats,254,GO_Cellular_Component_2023
Nucleus (GO:0005634),83/4487,0.005722865054836088,1.6908950395971765,15.50655400890961,RPL3;TRRAP;CRTC1;TECR;NAT10;MED12;ING4;KAT5;PSMD4;KHSRP;CCNL2;HMGN2;BCAS2;HES6;PARP2;DDX11;ACTR5;SIRT7;JMJD8;GTPBP4;SREBF2;EML3;JMJD6;ASPM;MAU2;NPEPL1;CTDSP1;SYF2;ADPRS;SNRPA1;SIK2;CSNK1G2;HDAC5;ANKRD16;BRAT1;HTRA2;LENG8;RNPC3;TYMS;CENPA;OSGEP;CLN3;PRDX5;RECQL5;MAPK7;RACGAP1;ZSCAN10;SAFB2;BRD8;SUDS3;DMAP1;MAP2K7;S100PBP;MUTYH;TIA1;RANBP3;CPSF1;NAA10;INTS3;NR1H2;HMGA1;LARP7;CDC7;TRMT1;LRWD1;LSM5;CDK11B;CLK3;SRPK1;CLK2;FIBP;LSM7;CNOT6;MIS18A;ZYX;PWWP3A;MDM2;CDK10;MMS19;PTPN6;TRMT61A;SSBP4;RAD9A,Spen,RI,rmats,254,GO_Cellular_Component_2023
Intracellular Membrane-Bounded Organelle (GO:0043231),91/5175,0.011013776594630296,1.6100577777992306,13.247973181400047,RPL3;TRRAP;CRTC1;TECR;NAT10;MED12;ING4;KAT5;PSMD4;KHSRP;CCNL2;HMGN2;BCAS2;HES6;PARP2;IST1;DDX11;ACTR5;SIRT7;JMJD8;GTPBP4;SREBF2;EML3;JMJD6;ASPM;MAU2;TRAPPC6A;NPEPL1;RABEP2;CTDSP1;SYF2;ADPRS;SNRPA1;SIK2;CSNK1G2;HDAC5;VAC14;ANKRD16;SLC66A1;BRAT1;HTRA2;LENG8;RNPC3;TYMS;CENPA;OSGEP;CLN3;PRDX5;RECQL5;MAPK7;RACGAP1;ZSCAN10;SAFB2;BRD8;SUDS3;DMAP1;PUSL1;MAP2K7;S100PBP;MUTYH;TIA1;RANBP3;CPSF1;NAA10;INTS3;NR1H2;HMGA1;LARP7;CDC7;TRMT1;LRWD1;LSM5;CDK11B;CLK3;SRPK1;CLK2;FIBP;LSM7;CNOT6;MIS18A;DAB1;CLCN4;ZYX;PWWP3A;MDM2;CDK10;MMS19;PTPN6;TRMT61A;SSBP4;RAD9A,Spen,RI,rmats,254,GO_Cellular_Component_2023
H4/H2A Histone Acetyltransferase Complex (GO:0043189),4/29,0.012924322003694318,12.62144,96.71595312453542,KAT5;TRRAP;BRD8;DMAP1,Spen,RI,rmats,254,GO_Cellular_Component_2023
NuA4 Histone Acetyltransferase Complex (GO:0035267),4/29,0.012924322003694318,12.62144,96.71595312453542,KAT5;TRRAP;BRD8;DMAP1,Spen,RI,rmats,254,GO_Cellular_Component_2023
U2-type Spliceosomal Complex (GO:0005684),6/90,0.023830693305309177,5.663018433179723,39.05679738036203,LSM7;SYF2;LUC7L;SNRPA1;LSM5;BCAS2,Spen,RI,rmats,254,GO_Cellular_Component_2023
Nuclear Chromosome (GO:0000228),6/95,0.027618230473351768,5.343512142080464,35.35151749592488,KAT5;TRRAP;ACTR5;BRD8;DMAP1;SUDS3,Spen,RI,rmats,254,GO_Cellular_Component_2023
Nucleolus (GO:0005730),20/771,0.03562709919981121,2.1617899780349847,13.351819933154118,RPL3;PPP1R12A;NAA10;NSUN5;PARP2;DIMT1;DDX11;TUT4;SPPL2B;NOLC1;NAT10;SIRT7;LRWD1;GTPBP4;JMJD6;ABTB1;TAF1D;KAT5;MDM2;PTPN6,Spen,RI,rmats,254,GO_Cellular_Component_2023
"Phosphatidylinositol 3-Kinase Complex, Class III (GO:0035032)",2/6,0.03562709919981121,39.17063492063492,237.44700740741658,BECN1;VAC14,Spen,RI,rmats,254,GO_Cellular_Component_2023
Nuclear Lumen (GO:0031981),20/780,0.03562709919981121,2.135177687809267,12.902235904555784,RPL3;PPP1R12A;NAA10;NSUN5;PARP2;DIMT1;DDX11;TUT4;SPPL2B;NOLC1;NAT10;SIRT7;LRWD1;GTPBP4;JMJD6;ABTB1;TAF1D;KAT5;MDM2;PTPN6,Spen,RI,rmats,254,GO_Cellular_Component_2023
U6 snRNP (GO:0005688),2/7,0.04447840901954221,31.334920634920636,179.66786155110043,LSM7;LSM5,Spen,RI,rmats,254,GO_Cellular_Component_2023
RNA Binding (GO:0003723),129/1411,7.160429744328361e-9,2.0419876588877988,51.272402649923656,EIF4A2;DBR1;TFRC;FMR1;SPPL2B;NUDT1;MKI67;NUSAP1;FBRSL1;UBAP2L;MTPAP;CAST;RARS2;DIMT1;SECISBP2;ACTN1;PUS1;ALG13;LARP4B;GTPBP1;SRRM1;ILF3;DKC1;ZC3H11A;ANKRD17;ZCCHC8;AARS2;PRKDC;MAZ;RTN4;MTDH;DHX30;HNRNPDL;DHX33;PCBP2;ERI3;G3BP2;SERPINH1;SAFB2;UTP20;RBM10;MARK2;SRPK2;TIA1;RCC2;KNOP1;UPF3B;PUM1;CLK3;PRRC2B;PUM2;SRPK1;SETX;HNRNPL;TBL2;FUBP3;GOLGB1;AGO2;RNPS1;EIF4G3;SUGP2;RBM25;TUT7;RBM26;CELF1;AKAP8L;BRCA1;ZCCHC17;TENT4B;YBX3;RPGR;FARS2;SMG6;LRRFIP1;RBM7;RBM5;RBM33;PSTK;TOP3B;WDR36;DDX55;RBM18;ZFR;SPATS2;DARS2;TRNAU1AP;REXO4;DUS2;SARS2;PKM;SLTM;HNRNPH1;ESRP1;RPUSD3;HNRNPH2;EIF4E2;LUC7L2;STAU1;SRF;PARN;RBM4B;TBRG4;MTHFSD;UNK;FIP1L1;U2AF2;PES1;FAM120A;FLNA;RALY;CFAP20;RBM39;MYEF2;GPKOW;YTHDF3;KRR1;YLPM1;RSRC2;RRP1B;TPD52L2;APTX;CDK11B;KTN1;SEC23IP;CMSS1;TNIP1;ZYX;ACIN1;R3HDM1,Spen,SE,rmats,1002,GO_Molecular_Function_2023
GTPase Binding (GO:0051020),30/225,2.858081807723773e-4,2.9761000316555872,41.133906265080306,USP6NL;GARRE1;ARHGAP1;GCC2;CIB1;AMBRA1;C9ORF72;YBX3;RASIP1;STRN3;AKAP13;GGA1;GOLGA4;XPO4;ANKFY1;FLNA;SH3BP4;ERC1;PLEKHG3;HACE1;ANKRD27;ATP6AP1;RCC2;TSC2;OCRL;CYRIB;RNF41;RRAGB;PEX5;RIN3,Spen,SE,rmats,1002,GO_Molecular_Function_2023
Small GTPase Binding (GO:0031267),27/199,4.6723816351106474e-4,3.0310196779964222,39.174199220912165,USP6NL;GARRE1;ARHGAP1;GCC2;CIB1;C9ORF72;YBX3;STRN3;AKAP13;GGA1;GOLGA4;XPO4;ANKFY1;FLNA;SH3BP4;ERC1;PLEKHG3;HACE1;ANKRD27;ATP6AP1;RCC2;TSC2;OCRL;CYRIB;RNF41;PEX5;RIN3,Spen,SE,rmats,1002,GO_Molecular_Function_2023
Protein Serine/Threonine Kinase Activity (GO:0004674),35/342,0.007439791089694578,2.203615062536001,21.74745102648438,PRKAA1;PRKDC;CAMKK2;IKBKB;IRAK1;CHEK2;STK16;PHKG2;TLK2;TLK1;MAP3K7;MARK3;MARK2;PAK4;MAP2K6;SRPK2;NEK9;RIPK2;LIMK2;MOK;CSNK1D;VRK1;PASK;PRKAB1;CLK4;CDK11B;CLK3;ACVR2A;MAPK12;SRPK1;CLK2;RPS6KB2;MAPKAPK5;CSNK1G2;CAMK1G,Spen,SE,rmats,1002,GO_Molecular_Function_2023
Ubiquitin-Like Protein Transferase Activity (GO:0019787),27/240,0.0086245693448176,2.4422535211267604,23.196700705937303,UHRF2;MGRN1;UBE3A;BRCA1;ZNRF1;RNF115;RNF214;SHARPIN;BTRC;ATG5;HACE1;UBE2B;SMURF1;NSMCE2;WWP1;CHFR;PML;RNF41;RNF146;TTC3;MDM2;ERCC8;MDM4;BIRC6;RBCK1;TRIM11;TRIM33,Spen,SE,rmats,1002,GO_Molecular_Function_2023
Ubiquitin Binding (GO:0043130),13/80,0.01541162925089211,3.7140334726770594,32.44298667651621,ILRUN;USPL1;FAF2;RNF19B;RAD23A;SIRT2;NSFL1C;SHARPIN;NBR1;MDM2;MARCHF7;RBCK1;MAP3K7,Spen,SE,rmats,1002,GO_Molecular_Function_2023
Double-Stranded RNA Binding (GO:0003725),11/65,0.028895240035665633,3.894009044362223,30.967256041769414,DUS2;DHX30;ILF3;TFRC;DHX33;ACTN1;ZFR;AGO2;LRRFIP1;APTX;MTDH,Spen,SE,rmats,1002,GO_Molecular_Function_2023
Ubiquitin-Protein Transferase Activity (GO:0004842),37/412,0.032574617798323956,1.904113298791019,14.660054643436172,UHRF2;MGRN1;RNF19B;UBE3A;BRCA1;UBE2J2;RPGR;ZNRF1;RNF115;RNF214;HERC2;SHARPIN;RNF215;RNF138;TRIM24;TRIM26;RFFL;BTRC;HACE1;RING1;UBE2B;SMURF1;FBXO17;WWP1;CHFR;RNF41;RNF146;RNF149;TTC3;MDM2;ERCC8;MDM4;BIRC6;RBCK1;TRIM33;TRIM11;RNF121,Spen,SE,rmats,1002,GO_Molecular_Function_2023
Methylation-Dependent Protein Binding (GO:0140034),11/68,0.03357309309657865,3.688476994706747,27.852338210159413,PHF20L1;KMT2E;MBTD1;ZZZ3;FMR1;MTF2;TRIM24;NCAPD3;JMJD7;ZMYND11;BPTF,Spen,SE,rmats,1002,GO_Molecular_Function_2023
GTPase Regulator Activity (GO:0030695),37/424,0.04453136256372649,1.843882127699455,13.208366602719263,USP6NL;TBC1D9B;FAM13B;ITSN1;NPRL3;ARHGAP1;ARHGAP19;AGAP1;ARHGAP17;ASAP1;C9ORF72;RCBTB2;RIC8A;EEF1B2;AKAP13;SYDE1;FLCN;HERC2;SIPA1L1;CHN1;SH3BP4;SIRPA;TBC1D14;BRD8;ECT2;GARNL3;PLEKHG3;ANKRD27;RANBP3;STARD8;DENND2A;TSC2;OCRL;RIN3;DENND6B;RGS12;RGL2,Spen,SE,rmats,1002,GO_Molecular_Function_2023
GTPase Activator Activity (GO:0005096),22/211,0.04943440447600435,2.2340891912320484,15.557266447091658,USP6NL;TBC1D9B;RANBP3;FAM13B;STARD8;NPRL3;ARHGAP1;ARHGAP19;AGAP1;TSC2;OCRL;ARHGAP17;ASAP1;SYDE1;FLCN;SIPA1L1;CHN1;TBC1D14;RGS12;BRD8;ECT2;GARNL3,Spen,SE,rmats,1002,GO_Molecular_Function_2023
DNA Repair (GO:0006281),45/291,4.33041373930973e-8,3.584371893875679,89.38626108437768,MUS81;PRKDC;TEX264;FMR1;PNKP;NUDT1;CIB1;BRCA1;PDS5A;BABAM2;HPF1;MTA1;EXO1;CHEK2;NSD2;EP400;RBBP8;PMS2;POLI;KMT5B;ATRIP;POLE;NHEJ1;PMS1;MUTYH;CDKN2D;FANCM;UBE2B;USP3;ATRX;RECQL;GTF2H1;FANCC;RAD23A;FANCE;APTX;FANCG;REXO4;SETX;RAD52;POLA1;RAD50;ERCC8;TRIP13;ERCC6,Spen,SE,rmats,1002,GO_Biological_Process_2023
DNA Damage Response (GO:0006974),44/384,2.8277140853623497e-4,2.5204224487289695,38.00566489783722,MUS81;ATF2;PRKDC;FMR1;BRAT1;PNKP;NUDT1;CIB1;SMC6;BRCA1;PDS5A;BABAM2;HPF1;HERC2;EXO1;CHEK2;EP400;TLK2;RBBP8;POLI;KMT5B;TRAPPC13;BID;ATRIP;MAP2K6;MUTYH;UBE2B;NCOA6;USP3;ATRX;RECQL;GTF2H1;VRK1;FANCC;ZDHHC16;USP28;FANCG;REXO4;MAPK12;PML;SETX;POLA1;RAD50;ERCC8,Spen,SE,rmats,1002,GO_Biological_Process_2023
Double-Strand Break Repair (GO:0006302),26/168,2.8277140853623497e-4,3.5374047564072963,53.255689252105135,MUS81;PSMD14;PRKDC;PNKP;CIB1;SMC6;BRCA1;RAD54B;MBTD1;BABAM2;HPF1;MTA1;RNF138;CHEK2;NSD2;RBBP8;SMARCAD1;NHEJ1;NSMCE2;RECQL;SETX;RAD52;POLA1;MMS22L;RAD50;TRIP13,Spen,SE,rmats,1002,GO_Biological_Process_2023
Ubiquitin-Dependent Protein Catabolic Process (GO:0006511),41/367,0.001012868644975498,2.44362020645672,32.967936026003166,WDR26;PSMD14;KEAP1;OTUD7B;RNF19B;AMBRA1;RPGR;BAG6;ZNRF1;RNF115;SHARPIN;MTA1;RNF215;PCBP2;TBL1X;BTRC;RFFL;UBL7;ATE1;HACE1;FBXW5;UBE2B;SMURF1;FBXL19;WWP1;RAD23A;ARMC8;PPP2R5C;NTAN1;USP28;SIRT2;CHFR;PML;RNF146;NSFL1C;RNF149;TTC3;CHMP2A;MDM2;ERCC8;RBCK1,Spen,SE,rmats,1002,GO_Biological_Process_2023
Regulation Of RNA Splicing (GO:0043484),18/102,0.0015813943678405832,4.1189024390243905,52.58972610377586,SRPK2;RBM39;TIA1;CELF1;RRP1B;CLK4;CLK3;SRRM1;CLK2;SRPK1;HNRNPL;SETX;HNRNPH1;U2AF2;ESRP1;TADA3;METTL4;HNRNPH2,Spen,SE,rmats,1002,GO_Biological_Process_2023
DNA Metabolic Process (GO:0006259),34/288,0.0015813943678405832,2.591982820329277,32.76382027975891,MUS81;PRKDC;FMR1;PNKP;NUDT1;BRCA1;PDS5A;HPF1;EXO1;CBS;EP400;RBBP8;SMARCAD1;POLI;NT5M;KMT5B;ATRIP;POLE;POLG;MUTYH;TOP3B;UBE2B;USP3;ATRX;RECQL;DONSON;GTF2H1;FANCC;TERF2;FANCG;REXO4;RAD52;POLA1;RAD50,Spen,SE,rmats,1002,GO_Biological_Process_2023
Proteasome-Mediated Ubiquitin-Dependent Protein Catabolic Process (GO:0043161),36/319,0.0019968896291508,2.4644997037069554,30.197544560233272,ANAPC15;WDR26;ANAPC16;PSMD14;FAF2;AMBRA1;UBE2J2;ECPAS;BAG6;AMN1;ZNRF1;SHARPIN;MTA1;PCBP2;TBL1X;BTRC;RFFL;KLHDC10;FBXW5;UBE2B;SMURF1;FBXL19;FBXO17;WWP1;RAD23A;ARMC8;PPP2R5C;SIRT2;PML;TMUB2;FBXL12;NSFL1C;MDM2;ERCC8;RBCK1;RNF121,Spen,SE,rmats,1002,GO_Biological_Process_2023
Mitotic Sister Chromatid Segregation (GO:0000070),18/111,0.0035852026487591462,3.71852871754524,42.89046380770416,AKAP8L;KIF23;EML3;EML4;WRAP73;STAG1;STAG2;ESPL1;KIFC1;CENPI;CHEK2;NUSAP1;CHMP2A;FLNA;NCAPD3;PIBF1;CLASP1;CLASP2,Spen,SE,rmats,1002,GO_Biological_Process_2023
Protein Phosphorylation (GO:0006468),48/500,0.00394168125811514,2.064451494406412,23.268184132805775,ATF2;APP;PRKAA1;PKDCC;CCNT1;PRKDC;SRC;PRKAG2;CAMKK2;IKBKB;IRAK1;CHEK2;RB1CC1;STK16;TLK2;NEK1;TLK1;ERC1;MAP3K7;MARK3;MARK2;PAK4;SRPK2;TBP;STRADA;LIMK2;VRK1;CSNK1D;PASK;ATG13;PRKAB1;CLK4;CDK11B;PTK2;CLK3;ACVR2A;MAPK12;SRPK1;CLK2;ILF3;CREB1;TAF8;MAPKAPK5;BIRC6;COQ8A;CSNK1G2;CAMK1G;TAF2,Spen,SE,rmats,1002,GO_Biological_Process_2023
Internal Peptidyl-Lysine Acetylation (GO:0018393),10/39,0.00394168125811514,6.5937847608453835,72.80501602512867,BAG6;MBTD1;ATAT1;PHF20L1;MEAF6;TADA3;EP400;EP300;BRD8;KAT14,Spen,SE,rmats,1002,GO_Biological_Process_2023
Proteasomal Protein Catabolic Process (GO:0010498),27/220,0.00394168125811514,2.6982064567556794,29.778308648699603,WDR26;PSMD14;AMBRA1;BAG6;ZNRF1;SHARPIN;MTA1;PCBP2;TBL1X;BTRC;RFFL;ATE1;FBXW5;UBE2B;SMURF1;FBXL19;WWP1;RAD23A;ARMC8;PPP2R5C;SIRT2;PML;RNF41;NSFL1C;MDM2;ERCC8;RBCK1,Spen,SE,rmats,1002,GO_Biological_Process_2023
Peptidyl-Lysine Modification (GO:0018205),16/94,0.00394168125811514,3.936131481770427,43.43127076938664,USPL1;HDAC10;ESCO1;UHRF2;NSMCE2;PLOD3;PLOD1;SMC6;SIRT2;PML;SENP1;SENP6;NNAT;MDM2;EP300;EEF1AKMT2,Spen,SE,rmats,1002,GO_Biological_Process_2023
Regulation Of mRNA Processing (GO:0050684),9/35,0.00937581305759311,6.6135254473623055,66.71347718127006,SRPK2;RBM39;TIA1;SLTM;PAPOLA;SAFB2;CDK11B;SRPK1;SRRM1,Spen,SE,rmats,1002,GO_Biological_Process_2023
Protein Autoubiquitination (GO:0051865),13/71,0.009412378962991127,4.292388689376242,42.96436376503366,UHRF2;UBE2B;RNF19B;UBE3A;BRCA1;RNF41;RNF146;BABAM2;RNF115;MDM2;MARCHF7;ERCC8;TRIM11,Spen,SE,rmats,1002,GO_Biological_Process_2023
Mitotic Spindle Assembly (GO:0090307),10/44,0.009725840747005983,5.6226280834914615,55.707179804874166,WRAP73;STAG1;STAG2;KIFC1;CHEK2;FLNA;KIF23;PIBF1;CLASP1;CLASP2,Spen,SE,rmats,1002,GO_Biological_Process_2023
Protein Modification Process (GO:0036211),59/711,0.018560465589144922,1.7604922288219949,16.19105415966521,APP;CCNT1;PRKAG2;NTAQ1;CDC14B;IKBKB;DUSP12;CHEK2;RB1CC1;TLK2;NEK1;TLK1;BTRC;PPP1R12A;TBP;PPTC7;STRADA;PPP2R5B;ALG3;VRK1;CSNK1D;PPP2R5C;PASK;JMJD7;ATG13;PRKAB1;ILF3;CREB1;SDHAF2;BIRC6;CSNK1G2;PRKAA1;MEAF6;PRKDC;FUT10;CAMKK2;PORCN;IRAK1;MARK3;MARK2;ATG5;ST3GAL3;PAK4;B3GALNT2;SRPK2;ATE1;LIMK2;PTPN13;CDK11B;PTK2;CLK3;ACVR2A;SRPK1;CLK2;FAM220A;TAF8;MAN2B1;COQ8A;TAF2,Spen,SE,rmats,1002,GO_Biological_Process_2023
Phosphorylation (GO:0016310),40/429,0.021364135405127573,1.9891079531182358,17.89319172811201,APP;PRKAA1;PANK2;DGKD;CCNT1;PRKDC;PRKAG2;CAMKK2;IKBKB;IRAK1;CHEK2;RB1CC1;TLK2;NEK1;TLK1;MARK3;MARK2;PAK4;SRPK2;TBP;STRADA;LIMK2;VRK1;CSNK1D;PASK;ATG13;PRKAB1;CDK11B;PTK2;CLK3;ACVR2A;SRPK1;CLK2;ILF3;CREB1;TAF8;BIRC6;COQ8A;CSNK1G2;TAF2,Spen,SE,rmats,1002,GO_Biological_Process_2023
Histone Acetylation (GO:0016573),11/60,0.026796424958947494,4.2924895487963095,37.2770685284682,PHF20L1;MBTD1;NAA60;MEAF6;TADA3;EP400;EP300;BRD8;MAP3K7;KAT14;TAF2,Spen,SE,rmats,1002,GO_Biological_Process_2023
Spindle Assembly (GO:0051225),13/81,0.026796424958947494,3.6592220305715815,31.49313914330482,CSNK1D;HAUS6;WRAP73;STAG1;NCOR1;STAG2;HAUS8;KIFC1;CHEK2;FLNA;PIBF1;CLASP1;CLASP2,Spen,SE,rmats,1002,GO_Biological_Process_2023
Histone Modification (GO:0016570),13/81,0.026796424958947494,3.6592220305715815,31.49313914330482,MEAF6;UBE2B;USP3;SIRT2;PHF20L1;MBTD1;MTA1;TADA3;EP400;EP300;BRD8;TBL1X;KAT14,Spen,SE,rmats,1002,GO_Biological_Process_2023
"Regulation Of mRNA Splicing, Via Spliceosome (GO:0048024)",14/94,0.03271069655677909,3.3508603238866397,27.979162843644087,SRPK2;RBM39;RBM25;TIA1;CELF1;SFSWAP;FMR1;SRRM1;SRPK1;HNRNPL;U2AF2;RNPS1;RBM7;RBM5,Spen,SE,rmats,1002,GO_Biological_Process_2023
Regulation Of DNA Repair (GO:0006282),17/129,0.03271069655677909,2.9102791878172587,24.189566563428468,PBRM1;SMARCC2;TMEM161A;MEAF6;BRCA1;ARID1B;PML;MBTD1;RAD52;BABAM2;TADA3;EP400;USP1;BRD8;ERCC6;ATRIP;TAF2,Spen,SE,rmats,1002,GO_Biological_Process_2023
Positive Regulation Of Double-Strand Break Repair (GO:2000781),13/84,0.03382041189553136,3.5040516099631156,28.85220062020138,PBRM1;SMARCC2;MEAF6;PRKDC;PNKP;FOXM1;ARID1B;MBTD1;EP400;KMT5B;TRAPPC13;BRD8;ERCC6,Spen,SE,rmats,1002,GO_Biological_Process_2023
Intracellular Membrane-Bounded Organelle (GO:0043231),365/5175,7.720797330545717e-12,1.6901666791776682,52.88681279585967,PANK4;ATF2;PANK2;TFRC;HDAC10;ITSN1;NUDT1;NTAQ1;THYN1;SMC6;RBPJ;MKI67;HERC2;CHEK2;SPATA24;CPNE1;TRIM24;ANKFY1;FAM53A;UBAP2L;ESCO1;NSMCE2;DNTTIP1;RECQL;RFX3;CSNK1D;RFX1;ARMC8;PASK;JMJD7;PRKAB1;EML3;MED7;SRRM1;NISCH;BIN1;RRAGB;ILRUN;MEAF6;SRCAP;PRKDC;TEX264;COPS7B;SDR39U1;DCUN1D2;BAZ2B;UBE2J2;C9ORF72;MTDH;DHX30;DHX33;PCBP2;ZSCAN10;DPH3;PUSL1;ATRIP;RBM10;NHEJ1;KAT14;SEC31A;CTSA;SRPK2;HACE1;PHC1;TIPARP;DDIAS;STK11IP;INTS2;NFATC3;UPF3B;TMEM192;MEMO1;NTAN1;PTK2;SRPK1;FAM220A;SETX;HNRNPL;MLLT10;POLA1;STAG1;STAG2;FUBP3;GOLGB1;AGO2;GTF2IRD1;RNPS1;CDIN1;PKIG;EZH2;CEP57;RPAIN;INTS13;AHCTF1;HIP1;SETD6;TECR;OTUD7B;ZBTB8OS;BRCA1;MED15;N4BP2L2;SMG6;BABAM2;ZMYM2;XPO4;CTSH;CTSF;GABPA;TMED5;APPL1;TOP3B;SS18;PBRM1;RING1;NCOA6;STRADA;KIF23;TERF2;SIRT2;MED23;GAK;NCOR2;NCOR1;SLTM;KIFC1;HNRNPH1;MED20;MTF2;HNRNPH2;WDR26;MYRF;STX16;ECPAS;RAD54B;GGA1;ARVCF;RNF138;NSD2;USP1;METTL4;FLNA;PMS2;MARCHF7;METTL5;APBB2;BRD8;TBL1X;EPS15;PMS1;NKTR;CDKN2D;CENPU;RANBP3;MYEF2;ATAD5;PCGF5;YLPM1;MOK;RRP1B;APTX;RNF146;SEC23IP;TTC3;NBR1;ZYX;TRIP13;CENPP;EEF1AKMT2;SCARB1;MTCH2;DBR1;DGKD;CCNT1;CRTC1;GEMIN2;FMR1;CTNND1;RTKN2;UBP1;HIKESHI;CIB1;CDC14B;EEF1B2;PAPOLA;NEK1;EP300;SMARCAD1;KMT5B;MTPAP;MAP3K7;GTF2I;BORA;TLE1;IST1;USP3;PUS1;APLP2;IPMK;KCTD1;TSC2;VRK1;OCRL;CLIP1;ILF3;MAU2;DMTF1;DKC1;PKP4;MAPKAPK5;CSNK1G2;KMT2E;ANKRD17;ZCCHC8;ANKRD16;PSMD14;MAZ;ARHGAP19;GPATCH2L;PDS5A;BCL2L12;BAG6;SBNO1;IRAK1;DEAF1;SAFB2;TBC1D14;RPRD1B;ECT2;PIBF1;BPTF;OSBPL9;TIA1;ANKRD27;POU2F1;UBE2B;PHF12;OSBPL2;FANCC;MACO1;FANCE;CLK4;CLK3;CLK2;NSFL1C;DLG1;DAB1;TADA3;MDM2;MDM4;MAN2B1;NF2;MDM1;RERE;MUS81;KDM5C;NXT1;RBM26;CELF1;AKAP8L;FHL1;HP1BP3;FOXM1;PIK3C2A;YBX3;SENP6;DUSP12;FLCN;HPF1;EXO1;PPP6R3;SNAPC4;TLK2;TLK1;GUSB;RBM7;POLE;RBM5;KDM6A;POLG;USP48;TBP;AKTIP;ATRX;DNMT3A;PPP2R5B;RAD23A;PPP2R5C;TRNAU1AP;REXO4;ETV6;EPN2;SENP1;METTL23;MMS22L;TRAPPC6A;ELF2;CREB1;PKM;ESPL1;TFDP2;ESRP1;DNAJC5;LCOR;BIRC6;ZMYND11;ITGB3BP;VAC14;PRKAA1;KDM3A;MVK;UHRF2;MGRN1;SRF;PNKP;BRAT1;PARN;LENG8;WIZ;AMBRA1;MLLT3;CLCN3;CECR2;ZNRF1;MTA1;TNKS2;U2AF2;CBS;NRIP1;FAM120A;RBBP8;RALY;E2F6;S100PBP;REPS1;MUTYH;ATE1;KDM4C;GPKOW;IRX3;LIMK2;DONSON;EXOG;MCOLN1;PTPN13;USP28;CDK11B;CHFR;MAPK12;PML;RAD52;RAD50;CLCN4;DOLPP1;DNAJA3;TAF8;ERCC8;ACIN1;NAA16;QRICH1;RGS12;ERCC6;TRIM33;TAF2;SSBP4,Spen,SE,rmats,1002,GO_Cellular_Component_2023
Nucleus (GO:0005634),322/4487,3.8602042413297165e-11,1.686401384083045,48.885995624233615,PANK4;ATF2;PANK2;HDAC10;NUDT1;NTAQ1;THYN1;SMC6;RBPJ;MKI67;HERC2;CHEK2;SPATA24;CPNE1;TRIM24;FAM53A;UBAP2L;ESCO1;NSMCE2;DNTTIP1;RECQL;RFX3;CSNK1D;ARMC8;PASK;JMJD7;PRKAB1;EML3;MED7;SRRM1;BIN1;RRAGB;ILRUN;MEAF6;SRCAP;PRKDC;TEX264;COPS7B;SDR39U1;DCUN1D2;BAZ2B;UBE2J2;C9ORF72;MTDH;DHX30;DHX33;PCBP2;ZSCAN10;DPH3;ATRIP;RBM10;NHEJ1;KAT14;SRPK2;HACE1;PHC1;TIPARP;DDIAS;INTS2;NFATC3;UPF3B;TMEM192;MEMO1;NTAN1;PTK2;SRPK1;FAM220A;SETX;HNRNPL;MLLT10;POLA1;STAG1;STAG2;FUBP3;AGO2;GTF2IRD1;RNPS1;CDIN1;PKIG;EZH2;CEP57;RPAIN;INTS13;AHCTF1;HIP1;SETD6;TECR;OTUD7B;ZBTB8OS;BRCA1;MED15;N4BP2L2;SMG6;BABAM2;ZMYM2;XPO4;GABPA;APPL1;TOP3B;SS18;PBRM1;RING1;NCOA6;STRADA;KIF23;TERF2;SIRT2;MED23;NCOR2;NCOR1;SLTM;KIFC1;HNRNPH1;MED20;MTF2;HNRNPH2;WDR26;MYRF;ECPAS;RAD54B;ARVCF;RNF138;NSD2;USP1;METTL4;FLNA;PMS2;MARCHF7;METTL5;APBB2;BRD8;TBL1X;PMS1;NKTR;CDKN2D;CENPU;RANBP3;MYEF2;ATAD5;PCGF5;YLPM1;MOK;RRP1B;APTX;RNF146;TTC3;ZYX;TRIP13;CENPP;EEF1AKMT2;MTCH2;DBR1;DGKD;CCNT1;CRTC1;GEMIN2;FMR1;CTNND1;RTKN2;UBP1;HIKESHI;CIB1;CDC14B;EEF1B2;PAPOLA;NEK1;EP300;SMARCAD1;KMT5B;MAP3K7;GTF2I;BORA;TLE1;USP3;PUS1;APLP2;IPMK;KCTD1;TSC2;VRK1;OCRL;CLIP1;ILF3;MAU2;DMTF1;DKC1;PKP4;MAPKAPK5;CSNK1G2;KMT2E;ANKRD17;ZCCHC8;ANKRD16;PSMD14;MAZ;GPATCH2L;PDS5A;BCL2L12;BAG6;SBNO1;IRAK1;DEAF1;SAFB2;RPRD1B;ECT2;PIBF1;BPTF;TIA1;POU2F1;UBE2B;PHF12;FANCC;MACO1;FANCE;CLK4;CLK3;CLK2;NSFL1C;DLG1;TADA3;MDM2;MDM4;NF2;MDM1;RERE;MUS81;KDM5C;NXT1;RBM26;CELF1;AKAP8L;FHL1;HP1BP3;FOXM1;YBX3;SENP6;DUSP12;FLCN;HPF1;EXO1;PPP6R3;SNAPC4;TLK2;TLK1;RBM7;POLE;RBM5;KDM6A;USP48;TBP;AKTIP;ATRX;DNMT3A;PPP2R5B;RAD23A;PPP2R5C;TRNAU1AP;REXO4;ETV6;SENP1;METTL23;MMS22L;ELF2;CREB1;PKM;ESPL1;TFDP2;ESRP1;LCOR;BIRC6;ZMYND11;ITGB3BP;PRKAA1;KDM3A;UHRF2;MGRN1;SRF;PNKP;BRAT1;PARN;LENG8;WIZ;AMBRA1;MLLT3;CECR2;MTA1;TNKS2;HAUS8;U2AF2;CBS;NRIP1;FAM120A;RBBP8;RALY;E2F6;S100PBP;MUTYH;ATE1;KDM4C;GPKOW;IRX3;LIMK2;DONSON;EXOG;PTPN13;USP28;CDK11B;CHFR;MAPK12;PML;RAD52;RAD50;TAF8;ERCC8;ACIN1;NAA16;QRICH1;RGS12;ERCC6;TRIM33;TAF2;SSBP4,Spen,SE,rmats,1002,GO_Cellular_Component_2023
Mitotic Spindle (GO:0072686),27/143,2.2000770437458823e-7,4.5076392572944295,89.85876742144531,EPB41;CDC14B;FLCN;TAF1D;HAUS8;NUSAP1;TBL1X;ECT2;KAT14;CLASP1;CLASP2;IQCB1;LIMK2;HAUS6;KIF23;SIRT2;EML3;EML4;ATAT1;WRAP73;ZZZ3;NCOR1;ESPL1;TFDP2;KIFC1;TADA3;PKP4,Spen,SE,rmats,1002,GO_Cellular_Component_2023
Spindle (GO:0005819),26/210,0.0014758186114952332,2.723872950819672,29.51597055252742,EPB41;CDC14B;FLCN;TAF1D;NUSAP1;TBL1X;ECT2;KAT14;CLASP1;CLASP2;IQCB1;LIMK2;CSNK1D;KIF23;SIRT2;EML3;EML4;ATAT1;WRAP73;ZZZ3;NCOR1;ESPL1;TFDP2;KIFC1;TADA3;PKP4,Spen,SE,rmats,1002,GO_Cellular_Component_2023
Chromosome (GO:0005694),21/164,0.004425361142617115,2.822544428049015,26.855798815993406,PBRM1;ESCO1;KRR1;FMR1;HP1BP3;DNTTIP1;RECQL;SMC6;BRCA1;RRP1B;MKI67;PDS5A;FANCE;SIRT2;SETX;SYCE2;STAG1;STAG2;PES1;TRAPPC13;TRIP13,Spen,SE,rmats,1002,GO_Cellular_Component_2023
Intracellular Non-Membrane-Bounded Organelle (GO:0043232),89/1195,0.005382890699941065,1.5769684029558972,14.408054998234668,HIP1;CCNT1;TMEM179B;GEMIN2;FMR1;SPPL2B;HP1BP3;FAF2;BRCA1;RBPJ;FOXM1;MKI67;TENT4B;SMG6;CDC14B;EPB41L4A;SH3PXD2B;NUSAP1;LRRFIP1;TRAPPC13;RBM7;SPG11;MAGI1;WDR36;PPP1R12A;ESCO1;RIPK2;DIMT1;DDX55;DNTTIP1;RECQL;CSNK1D;KIF23;VRK1;URB2;LARP4B;SIRT2;REXO4;EML3;ETV6;ILF3;SHQ1;SDHAF2;DKC1;BIN1;PKP4;ZCCHC8;MEAF6;EPB41;PRKDC;PNKP;PARN;ASAP1;AMBRA1;PDS5A;SYCE2;TAF1D;DHX33;IRAK1;PES1;EPB41L3;NRIP1;FLNA;METTL5;UTP20;COX10;SRPK2;KRR1;OSBPL2;UPF3B;RRP1B;FANCE;APTX;PTK2;FANCG;PML;POLA1;SMTN;STAG1;ZZZ3;STAG2;TTC3;MDM2;RGS12;ERCC6;NF2;TRIP13;CENPP;EIF4G3,Spen,SE,rmats,1002,GO_Cellular_Component_2023
Nuclear Lumen (GO:0031981),60/780,0.02776315474034302,1.6169497523000709,11.871512219887727,CCNT1;TMEM179B;GEMIN2;FMR1;SPPL2B;RBPJ;MKI67;TENT4B;SMG6;CDC14B;NUSAP1;RBM7;SPG11;MAGI1;PBRM1;WDR36;PPP1R12A;DIMT1;DDX55;DNTTIP1;VRK1;URB2;LARP4B;SIRT2;REXO4;ETV6;ILF3;SHQ1;SDHAF2;DKC1;ZCCHC8;MEAF6;PRKDC;PNKP;PARN;TAF1D;DHX33;PES1;NRIP1;FLNA;METTL5;UTP20;COX10;SRPK2;KRR1;UPF3B;RRP1B;APTX;FANCG;PML;SETX;POLA1;STAG2;ZZZ3;TTC3;MDM2;RGS12;ERCC6;NF2;CENPP,Spen,SE,rmats,1002,GO_Cellular_Component_2023
RNA Binding (GO:0003723),37/1411,7.559706059558167e-5,2.8172596599179567,42.32505160800518,TOP2A;OTUD4;UTP25;STAU1;CELF1;SPPL2B;FMR1;SRRT;NUDT1;YARS2;TIAL1;METTL14;PCBP3;U2AF2;PCBP2;SAFB2;KHDC4;MTPAP;RBM6;PTCD3;RBFOX2;ALG13;IMMT;THOC2;ELP5;APTX;ANKHD1;PUM2;SRPK1;ATXN2L;SON;FUBP3;RPUSD3;GEMIN5;ACIN1;EIF4G3;R3HDM2,Strap,A3SS,rmats,213,GO_Molecular_Function_2023
Methylation-Dependent Protein Binding (GO:0140034),7/68,6.97515408428164e-4,10.988540506127647,129.14240505312583,ING4;CBX5;ZZZ3;UHRF1;FMR1;MTF2;HDGFL2,Strap,A3SS,rmats,213,GO_Molecular_Function_2023
Methylated Histone Binding (GO:0035064),7/71,6.97515408428164e-4,10.471859830097088,120.04223997930637,ING4;CBX5;ZZZ3;UHRF1;FMR1;MTF2;HDGFL2,Strap,A3SS,rmats,213,GO_Molecular_Function_2023
mRNA Binding (GO:0003729),13/282,6.97515408428164e-4,4.716245353159851,53.83632310507672,RBFOX2;CELF1;FMR1;THOC2;PUM2;TIAL1;ATXN2L;METTL14;PCBP3;FUBP3;PCBP2;GEMIN5;EIF4G3,Strap,A3SS,rmats,213,GO_Molecular_Function_2023
DNA Binding (GO:0003677),22/846,0.005400800150218601,2.6507523001067455,24.24155320694326,TOP2A;TSG101;NFYA;MPG;OGG1;FMR1;SRRT;RAD23A;HIF1A;APTX;DRAP1;CAMSAP3;TOX3;SBNO1;FUBP3;MSH3;ERCC1;PCBP2;MTF2;MLX;SAFB2;RBM6,Strap,A3SS,rmats,213,GO_Molecular_Function_2023
Histone H3 Acetyltransferase Activity (GO:0010484),3/13,0.013274847317515492,28.252857142857142,227.81731569223,ING4;BRD1;KAT2A,Strap,A3SS,rmats,213,GO_Molecular_Function_2023
"Catalytic Activity, Acting On A tRNA (GO:0140101)",4/39,0.027761134444876014,10.80082023239918,77.45913664767313,DUS1L;FTSJ1;OSGEP;ANKZF1,Strap,A3SS,rmats,213,GO_Molecular_Function_2023
Damaged DNA Binding (GO:0003684),4/45,0.041866157324079896,9.21741159995332,61.08586452231617,MPG;OGG1;ERCC1;APTX,Strap,A3SS,rmats,213,GO_Molecular_Function_2023
Positive Regulation Of Viral Genome Replication (GO:0045070),5/29,0.011279755652939372,19.794671474358974,223.31269540699702,TOP2A;STAU1;RAD23A;TMEM39A;SRPK1,Strap,A3SS,rmats,213,GO_Biological_Process_2023
Regulation Of Cell Cycle (GO:0051726),13/298,0.011279755652939372,4.447824561403508,48.17553920809759,ACTR5;RAD23A;FOXM1;HIPK2;ING4;SDCBP;KAT2A;ZZZ3;SON;MRGBP;ANAPC5;E4F1;DLGAP5,Strap,A3SS,rmats,213,GO_Biological_Process_2023
Regulation Of Multicellular Organismal Development (GO:2000026),6/59,0.01158748941366117,10.79245283018868,109.7662709529237,BRD1;KAT2A;ZZZ3;ACTR5;TRIP12;BLTP1,Strap,A3SS,rmats,213,GO_Biological_Process_2023
Ubiquitin-Dependent Protein Catabolic Process (GO:0006511),14/367,0.01158748941366117,3.8731333722436547,39.05984784351866,TSG101;RNF13;USP9X;UHRF1;RNF25;RAD23A;PSMD8;PCNP;UBE2W;PCBP2;ZSWIM8;ERCC8;TRIP12;UBL7,Strap,A3SS,rmats,213,GO_Biological_Process_2023
Regulation Of Embryonic Development (GO:0045995),6/62,0.01158748941366117,10.212732919254659,100.9680259847767,UTP25;RPS6KA6;KAT2A;ZZZ3;ACTR5;TRIP12,Strap,A3SS,rmats,213,GO_Biological_Process_2023
Regulation Of DNA-templated Transcription (GO:0006355),39/1922,0.01158748941366117,2.1311553463841633,20.633729585730542,SETD5;RNF10;HDAC10;OGG1;SRRT;ZBTB48;FOXM1;HIF1A;TIAL1;ING4;RXRB;SBNO1;EDRF1;MLX;SAFB2;BRD9;E4F1;BRD1;RBFOX2;CBX5;NFYA;ACTR6;ACTR5;FOXP4;LIME1;ETV4;HIPK2;TOX3;KAT2A;ZZZ3;NCOR1;MRGBP;ELF2;FUBP3;SP2;CNOT2;MTF2;MDM4;OGT,Strap,A3SS,rmats,213,GO_Biological_Process_2023
DNA Repair (GO:0006281),12/291,0.01158748941366117,4.174396833039106,39.87208305876985,MUS81;MPG;MSH3;OGG1;FMR1;ACTR5;ERCC1;NUDT1;ERCC8;KMT5B;RAD23A;APTX,Strap,A3SS,rmats,213,GO_Biological_Process_2023
Positive Regulation Of miRNA-mediated Gene Silencing (GO:2000637),3/9,0.013609762211894532,47.09761904761905,435.991454638049,TIAL1;FMR1;PUM2,Strap,A3SS,rmats,213,GO_Biological_Process_2023
Positive Regulation Of Post-Transcriptional Gene Silencing By RNA (GO:1900370),3/10,0.017146571912413228,40.36734693877551,359.6081822740986,TIAL1;FMR1;PUM2,Strap,A3SS,rmats,213,GO_Biological_Process_2023
Proteasome-Mediated Ubiquitin-Dependent Protein Catabolic Process (GO:0043161),12/319,0.017543656796618616,3.7882249987845786,32.91268925349058,PSMD8;PCNP;UBE2W;RNF10;PCBP2;ZSWIM8;ERCC8;TRIP12;ANAPC5;RAD23A;ANKZF1;USP19,Strap,A3SS,rmats,213,GO_Biological_Process_2023
Positive Regulation Of Metaphase/Anaphase Transition Of Cell Cycle (GO:1902101),3/11,0.017543656796618616,35.31964285714286,303.67180921090835,ESPL1;ANAPC5;DLGAP5,Strap,A3SS,rmats,213,GO_Biological_Process_2023
Positive Regulation Of Mitotic Metaphase/Anaphase Transition (GO:0045842),3/11,0.017543656796618616,35.31964285714286,303.67180921090835,ESPL1;ANAPC5;DLGAP5,Strap,A3SS,rmats,213,GO_Biological_Process_2023
DNA Damage Response (GO:0006974),13/384,0.022380881980799468,3.4017250673854447,28.146754798430884,TOP2A;MUS81;CBX5;OGG1;FMR1;NUDT1;MSH3;ERCC1;UBR5;ERCC8;TRIP12;KMT5B;HDGFL2,Strap,A3SS,rmats,213,GO_Biological_Process_2023
mRNA Metabolic Process (GO:0016071),6/85,0.0240739449804554,7.230966795083471,58.76771699507284,ATXN2L;SON;PCBP3;CELF1;U2AF2;PCBP2,Strap,A3SS,rmats,213,GO_Biological_Process_2023
Regulation Of Nucleic Acid-Templated Transcription (GO:1903506),14/452,0.027866719495189065,3.1078451618824716,24.589060521439784,BRD1;HDAC10;NFYA;ACTR6;OGG1;ACTR5;SRRT;HIF1A;ING4;SBNO1;KAT2A;ZZZ3;MTF2;MLX,Strap,A3SS,rmats,213,GO_Biological_Process_2023
Regulation Of RNA Metabolic Process (GO:0051252),6/91,0.030453567926276712,6.71849957374254,52.126310330571876,KAT2A;SON;PCBP3;CELF1;PCBP2;CLK2,Strap,A3SS,rmats,213,GO_Biological_Process_2023
Regulation Of miRNA-mediated Gene Silencing (GO:0060964),3/15,0.03051046080165785,23.541666666666668,179.268325094764,TIAL1;FMR1;PUM2,Strap,A3SS,rmats,213,GO_Biological_Process_2023
Positive Regulation Of Mitotic Sister Chromatid Separation (GO:1901970),3/15,0.03051046080165785,23.541666666666668,179.268325094764,ESPL1;ANAPC5;DLGAP5,Strap,A3SS,rmats,213,GO_Biological_Process_2023
"Regulation Of mRNA Splicing, Via Spliceosome (GO:0048024)",6/94,0.03051046080165785,6.488471673254282,49.21445452368395,RBFOX2;SON;CELF1;U2AF2;FMR1;SRPK1,Strap,A3SS,rmats,213,GO_Biological_Process_2023
Positive Regulation Of Mitotic Cell Cycle Phase Transition (GO:1901992),5/63,0.030641836377433396,8.176807029177718,61.27791149086693,ESPL1;ANAPC5;CDC7;CDC25C;DLGAP5,Strap,A3SS,rmats,213,GO_Biological_Process_2023
"DNA Damage Response, Signal Transduction By P53 Class Mediator (GO:0030330)",4/36,0.030641836377433396,11.815191387559809,88.38385716935232,RPS6KA6;MDM4;FOXM1;HIPK2,Strap,A3SS,rmats,213,GO_Biological_Process_2023
DNA Repair-Dependent Chromatin Remodeling (GO:0140861),3/16,0.03098817271000324,21.72967032967033,161.12892050200222,UBR5;TRIP12;HDGFL2,Strap,A3SS,rmats,213,GO_Biological_Process_2023
Chromatin Organization (GO:0006325),10/268,0.03098817271000324,3.7287585443158817,27.511958106942206,ING4;KAT2A;KDM4B;ZZZ3;CBX5;HDAC10;ACTR5;MTF2;BRD9;HDGFL2,Strap,A3SS,rmats,213,GO_Biological_Process_2023
Negative Regulation Of Ubiquitin-Dependent Protein Catabolic Process (GO:2000059),4/39,0.03539168535163986,10.80082023239918,77.45913664767313,SDCBP;USP9X;OGT;HIPK2,Strap,A3SS,rmats,213,GO_Biological_Process_2023
Regulation Of RNA Splicing (GO:0043484),6/102,0.03539168535163986,5.945350241545894,42.52170971759636,KAT2A;SON;CELF1;U2AF2;CLK2;SRPK1,Strap,A3SS,rmats,213,GO_Biological_Process_2023
Protein Ubiquitination (GO:0016567),13/434,0.03539168535163986,2.99,21.297298104276354,RNF10;RNF13;USP9X;UHRF1;RNF25;PCNP;UBE2W;UBR5;ZSWIM8;ERCC8;TRIP12;MDM4;CBLL1,Strap,A3SS,rmats,213,GO_Biological_Process_2023
Regulation Of Histone Modification (GO:0031056),3/18,0.036495651874729286,18.83047619047619,132.83744075840318,KAT2A;ZZZ3;NFYA,Strap,A3SS,rmats,213,GO_Biological_Process_2023
Positive Regulation Of Viral Process (GO:0048524),4/41,0.037902936562116865,10.215957584378637,71.30924863453242,STAU1;RAD23A;TMEM39A;SRPK1,Strap,A3SS,rmats,213,GO_Biological_Process_2023
Regulation Of Gene Expression (GO:0010468),24/1127,0.03802953298966721,2.1510167076803524,14.93183476505418,BRD1;HDAC10;NFYA;CELF1;ACTR6;OGG1;ACTR5;SRRT;HIF1A;PUM2;CLK2;ING4;SBNO1;KAT2A;ZZZ3;FGF8;SON;PCBP3;FUBP3;PCBP2;MTF2;UBR5;MLX;OGT,Strap,A3SS,rmats,213,GO_Biological_Process_2023
Regulation Of Extracellular Exosome Assembly (GO:1903551),2/5,0.04068199542316541,62.5086887835703,425.53682530252837,SDCBP;TSG101,Strap,A3SS,rmats,213,GO_Biological_Process_2023
Regulation Of Post-Transcriptional Gene Silencing By RNA (GO:1900368),2/5,0.04068199542316541,62.5086887835703,425.53682530252837,FMR1;PUM2,Strap,A3SS,rmats,213,GO_Biological_Process_2023
Nucleus (GO:0005634),87/4487,1.6005982256710492e-7,2.4146266233766234,49.68087489044935,PANK4;TOP2A;MUS81;SETD5;RNF10;HDAC10;CELF1;OGG1;FMR1;NUDT1;FOXM1;TIAL1;PSMD8;ING4;EDC4;METTL14;PPP6R3;MLX;FAM53A;KMT5B;DLGAP5;RBM6;BRD1;RBFOX2;ACTR6;ACTR5;RAD23A;CDC25C;FOXP4;ETV4;TOX3;KAT2A;NCOR1;ELF2;CCNE2;ESPL1;MSH3;MTF2;GEMIN5;ANAPC5;PKP4;CBLL1;HDGFL2;UHRF1;RAP1GDS1;LENG8;HIF1A;OSGEP;RXRB;NT5C;PCNP;SDCBP;SBNO1;PCBP3;HAUS8;MIER3;U2AF2;PCBP2;STK38;UBR5;SAFB2;BRD9;KHDC4;UBE2F;KDM4B;CBX5;NFYA;USP9X;RNF25;CDC7;ELP5;APTX;AZIN1;BLTP1;SRPK1;HIPK2;CLK2;DRAP1;TPX2;UBE2W;FUBP3;CNOT2;ERCC8;ACIN1;TRIP12;MDM4;OGT,Strap,A3SS,rmats,213,GO_Cellular_Component_2023
Intracellular Membrane-Bounded Organelle (GO:0043231),91/5175,4.121598944726141e-6,2.1571581045001356,35.88082158713077,PANK4;TOP2A;MUS81;SETD5;RNF10;SPARC;HDAC10;RNF13;CELF1;OGG1;FMR1;NUDT1;FOXM1;TIAL1;PSMD8;ING4;EDC4;METTL14;PPP6R3;MLX;FAM53A;KMT5B;MTPAP;DLGAP5;RBM6;BRD1;RBFOX2;ACTR6;ACTR5;RAD23A;CDC25C;FOXP4;ETV4;TOX3;KAT2A;NCOR1;ELF2;CCNE2;ESPL1;MSH3;MTF2;GEMIN5;ANAPC5;PKP4;CBLL1;HDGFL2;MVK;UHRF1;RAP1GDS1;LENG8;HIF1A;OSGEP;RXRB;NT5C;PCNP;SDCBP;SBNO1;PCBP3;MIER3;U2AF2;PCBP2;STK38;UBR5;SAFB2;BRD9;KHDC4;AP1M2;UBE2F;KDM4B;CBX5;NFYA;USP9X;RNF25;CDC7;ELP5;APTX;AZIN1;BLTP1;SRPK1;HIPK2;CLK2;DRAP1;TPX2;UBE2W;FUBP3;CNOT2;ERCC8;ACIN1;TRIP12;MDM4;OGT,Strap,A3SS,rmats,213,GO_Cellular_Component_2023
Cytoplasmic Stress Granule (GO:0010494),7/76,7.59718008644678e-4,9.7105670465738,106.9250408356159,TIAL1;ATXN2L;STAU1;CELF1;FMR1;HIPK2;PUM2,Strap,A3SS,rmats,213,GO_Cellular_Component_2023
Mitotic Spindle (GO:0072686),9/143,7.980894290851708e-4,6.4704784899034244,69.06750000175317,TPX2;KAT2A;ZZZ3;NCOR1;ESPL1;HAUS8;PKP4;CDC7;DLGAP5,Strap,A3SS,rmats,213,GO_Cellular_Component_2023
Spindle (GO:0005819),9/210,0.011953985021280351,4.298946444249341,33.29321805443007,TPX2;KAT2A;ZZZ3;NCOR1;ESPL1;CDC7;ANAPC5;PKP4;DLGAP5,Strap,A3SS,rmats,213,GO_Cellular_Component_2023
mRNA 3'-UTR Binding (GO:0003730),5/93,0.030407489838064933,10.225723140495868,87.0919404445023,PABPC4;HNRNPC;PUM1;TARDBP;PUM2,Strap,A5SS,rmats,115,GO_Molecular_Function_2023
Nucleosome Binding (GO:0031491),4/62,0.03400847359044761,12.318732525629077,95.00057346938264,MBD3;HIRA;HNRNPC;ARID1A,Strap,A5SS,rmats,115,GO_Molecular_Function_2023
Zinc Ion Binding (GO:0008270),8/341,0.04054516613371344,4.389885212315119,31.30254598381946,KDM5C;GALT;HDAC10;ESCO1;UBA5;PGGT1B;HNRNPC;ZMYND11,Strap,A5SS,rmats,115,GO_Molecular_Function_2023
mRNA Binding (GO:0003729),7/282,0.04687204638901174,4.621885521885522,30.957019321166538,CLUH;PABPC4;HNRNPC;PUM1;TARDBP;PUM2;NELFE,Strap,A5SS,rmats,115,GO_Molecular_Function_2023
Chromatin Organization (GO:0006325),9/268,0.019751480559955483,6.433816565892037,68.2169138323989,MBD3;HIRA;TFPT;KDM5C;PAXIP1;BRPF1;HDAC10;HNRNPC;ARID1A,Strap,A5SS,rmats,115,GO_Biological_Process_2023
Chromatin Remodeling (GO:0006338),8/228,0.020820778790038037,6.683092608326254,65.8752354511709,MBD3;HIRA;TFPT;KDM5C;PAXIP1;BRPF1;HNRNPC;ARID1A,Strap,A5SS,rmats,115,GO_Biological_Process_2023
Regulation Of mRNA Catabolic Process (GO:0061013),4/46,0.03722888180073195,17.025311025311026,151.02132321667278,CNOT1;PRKCD;PUM1;PUM2,Strap,A5SS,rmats,115,GO_Biological_Process_2023
INO80-type Complex (GO:0097346),3/25,0.04427507449777396,24.1838474025974,189.92861610014052,TFPT;TRRAP;BRD8,Strap,A5SS,rmats,115,GO_Cellular_Component_2023
Nucleus (GO:0005634),41/4487,0.04806032309408082,1.9239857266173055,13.618643586493382,KDM5C;PAXIP1;HDAC10;TRRAP;FBH1;PDCD6;HTRA2;PDS5B;RESF1;HIRA;TFPT;ZSCAN10;MARCHF7;PMS2;BRD8;APBB3;NELFE;MBD3;TLE3;BRPF1;ESCO1;TAF13;PABPC4;PRKCD;FANCA;LSM5;ARID1A;BLTP1;USF1;SUPV3L1;FIBP;TPX2;CNOT6;PRC1;CDK2AP2;HNRNPC;ZMYND11;TARDBP;CBLL1;TRMT61A;RHNO1,Strap,A5SS,rmats,115,GO_Cellular_Component_2023
CENP-A Containing Chromatin Assembly (GO:0034080),2/6,0.031673084811892314,163.38524590163934,1443.799976685783,NASP;HJURP,Strap,MXE,rmats,63,GO_Biological_Process_2023
Chromatin Remodeling At Centromere (GO:0031055),2/6,0.031673084811892314,163.38524590163934,1443.799976685783,NASP;HJURP,Strap,MXE,rmats,63,GO_Biological_Process_2023
Protein Phosphatase 4 Complex (GO:0030289),2/5,0.0065027850908573916,217.85792349726776,2013.054561860092,PPP4R3A;PPP4R3B,Strap,MXE,rmats,63,GO_Cellular_Component_2023
DNA Metabolic Process (GO:0006259),12/288,0.023786784080905073,4.665551839464883,49.276200668324435,TOP3B;MUS81;TRRAP;PARP2;INTS3;ACTR5;POLE2;PWWP3A;MMS19;CHD1L;LRWD1;POLG,Strap,RI,rmats,194,GO_Biological_Process_2023
tRNA Modification (GO:0006400),6/67,0.023786784080905073,10.330484827345657,102.93473987074611,TYW5;TRMT1;PUSL1;FTSJ1;DUS3L;TRMT61A,Strap,RI,rmats,194,GO_Biological_Process_2023
DNA Repair (GO:0006281),11/291,0.04515056293137021,4.191764246682279,37.38146384540878,MUS81;TRRAP;PARP2;ABRAXAS1;INTS3;ACTR5;POLE2;PWWP3A;PMS2;MMS19;CHD1L,Strap,RI,rmats,194,GO_Biological_Process_2023
RNA Binding (GO:0003723),98/1411,2.884155931735152e-6,2.0023828960510053,37.986978391328556,TFRC;FMR1;MSI1;ENO1;VIRMA;ENDOV;UBAP2L;MTPAP;RARS2;SECISBP2;ALG13;DICER1;LARP4B;GTPBP1;FAM133B;ILF3;ZC3H11A;ZCCHC8;RTN4;FXR1;DHX30;HNRNPDL;ERI3;HLTF;SAFB2;MAP4;TRMT1L;RBM10;N4BP1;MARK2;CHTOP;CPSF7;RBPMS;UPF3B;PRRC2C;HELZ;PUM1;LSM2;PUM2;SRPK1;LSM6;FUBP3;GOLGB1;AGO2;RNPS1;EIF4G3;DZIP3;SUGP2;RPS24;EIF4G1;RBM25;AKAP8L;BRCA1;ZCCHC17;PHF6;YBX3;LRRFIP1;RBM34;EIF5A;TOP3B;PABPC4;RBM18;TRNAU1AP;DDX50;SARS2;PKM;SLTM;NOA1;THRAP3;ESRP1;STRAP;ALDOA;RBMS2;POLDIP3;SRRT;AKAP8;MTIF2;UNK;FAM120A;RALY;SRSF11;PTPN1;RBM39;MYEF2;YTHDF3;KRR1;IMMT;RSRC2;TPD52L2;APTX;U2SURP;KTN1;SEC23IP;TRMT6;HNRNPA2B1;ACIN1;TNRC6A;R3HDM2,Strap,SE,rmats,766,GO_Molecular_Function_2023
GTPase Binding (GO:0051020),27/225,3.938185723917275e-5,3.512609177020544,55.02033778651392,USP6NL;GARRE1;MAPKAP1;ARHGAP1;CIB1;STK19;ENO1;AMBRA1;YBX3;GGA1;AP3M1;AP1G1;ANKFY1;ERC1;DNM1L;RAB11FIP3;PLEKHG3;GIT2;HACE1;ANKRD27;MYO9B;GAPVD1;CYRIB;LSM2;MYO1C;RRAGB;PEX5,Strap,SE,rmats,766,GO_Molecular_Function_2023
Small GTPase Binding (GO:0031267),24/199,1.1604216236959379e-4,3.5226492106276472,49.94254508777742,USP6NL;PLEKHG3;GIT2;HACE1;ANKRD27;GARRE1;MAPKAP1;ARHGAP1;MYO9B;CIB1;STK19;GAPVD1;CYRIB;YBX3;LSM2;GGA1;AP3M1;MYO1C;AP1G1;PEX5;ANKFY1;ERC1;DNM1L;RAB11FIP3,Strap,SE,rmats,766,GO_Molecular_Function_2023
mRNA Binding (GO:0003729),28/282,5.430137649910952e-4,2.8350724452126412,35.00375954759182,RBM25;POLDIP3;FMR1;MSI1;YBX3;FXR1;UNK;N4BP1;CHTOP;CPSF7;MYEF2;YTHDF3;RBPMS;SECISBP2;PABPC4;UPF3B;LARP4B;PUM1;PUM2;PKM;FUBP3;ESRP1;AGO2;HNRNPA2B1;RNPS1;EIF4G3;RBMS2;EIF4G1,Strap,SE,rmats,766,GO_Molecular_Function_2023
Nuclear Receptor Binding (GO:0016922),14/115,0.01225944383788764,3.5267274067832317,31.593629041330875,TCF7L2;KDM3A;NCOA6;WBP2;GTF2H1;ARID1A;FOXP1;MED22;MED14;NCOR1;THRAP3;NSD1;TADA3;NRIP1,Strap,SE,rmats,766,GO_Molecular_Function_2023
Ubiquitin-Like Protein Transferase Activity (GO:0019787),22/240,0.01225944383788764,2.579362730590905,22.76108948292177,ATG3;UBE2H;HACE1;UBE2B;FBXW11;BRCA1;CHFR;ZNRF1;RNF115;RNF214;ITCH;TTC3;MARCHF8;MDM2;UBA3;ERCC8;ARIH1;BCOR;BTRC;DZIP3;TRIM33;ATG5,Strap,SE,rmats,766,GO_Molecular_Function_2023
mRNA 3'-UTR Binding (GO:0003730),12/93,0.015814157460192983,3.763238039100108,31.669709027825274,FXR1;ILF3;FMR1;PABPC4;SECISBP2;HNRNPA2B1;RNPS1;LARP4B;PUM1;YBX3;RBMS2;PUM2,Strap,SE,rmats,766,GO_Molecular_Function_2023
Nuclear Thyroid Hormone Receptor Binding (GO:0046966),6/27,0.028627942117374596,7.222932330827068,55.51063903073435,MED22;NCOR1;NCOA6;THRAP3;NSD1;GTF2H1,Strap,SE,rmats,766,GO_Molecular_Function_2023
Annealing Activity (GO:0140666),3/5,0.028627942117374596,37.8086500655308,285.3094252616526,FXR1;FMR1;RECQL,Strap,SE,rmats,766,GO_Molecular_Function_2023
Cadherin Binding (GO:0045296),25/319,0.028627942117374596,2.1734739779852563,16.114060309475743,PDXDC1;CTNND1;ARHGAP1;ENO1;RTN4;SLC9A3R2;MPRIP;ERC1;LRRFIP1;PROM1;ARGLU1;MARK2;PTPN1;IST1;SCRIB;EPS15L1;GAPVD1;KTN1;PKM;CTTN;ABI1;NUMB;PKP4;ALDOA;PFKP,Strap,SE,rmats,766,GO_Molecular_Function_2023
Histone Demethylase Activity (GO:0032452),6/29,0.028627942117374596,6.5941647597254,47.98963719582266,KDM5A;KDM3A;KDM5C;KDM3B;KDM2A;KDM2B,Strap,SE,rmats,766,GO_Molecular_Function_2023
miRNA Binding (GO:0035198),6/29,0.028627942117374596,6.5941647597254,47.98963719582266,FMR1;AGO2;HNRNPA2B1;PUM1;RBM10;PUM2,Strap,SE,rmats,766,GO_Molecular_Function_2023
Protein Serine/Threonine Kinase Activity (GO:0004674),26/342,0.028627942117374596,2.103438248374957,15.151130450990605,PRKAA1;STK19;CHEK2;STK16;PHKG2;TLK2;TLK1;MAP4K5;MARK3;MARK2;BRD4;MAP2K6;PLK4;MAP3K3;CHUK;LIMK2;CDC7;VRK1;PRKAB1;CLK4;SRPK1;CLK2;MELK;RPS6KB2;CSNK1G2;CILK1,Strap,SE,rmats,766,GO_Molecular_Function_2023
Regulatory RNA Binding (GO:0061980),7/42,0.03515958808098523,5.059025032938076,35.02569787899932,FMR1;AGO2;HNRNPA2B1;DICER1;PUM1;RBM10;PUM2,Strap,SE,rmats,766,GO_Molecular_Function_2023
Ubiquitin-Protein Transferase Activity (GO:0004842),29/412,0.042620036089142534,1.9367168430338222,12.902385728942747,LTN1;DTX2;BRCA1;UBE3B;ZNRF1;RNF115;RNF214;RNF215;HLTF;MARCHF8;TRIM26;ARIH1;BTRC;RNF111;UBE2H;HACE1;RING1;UBE2B;FBXW11;CHFR;ITCH;TTC3;MDM2;ERCC8;BCOR;RNF185;DZIP3;TRIM33;RNF121,Strap,SE,rmats,766,GO_Molecular_Function_2023
Endonuclease Activity (GO:0004519),8/58,0.04912379054485126,4.049393139841689,26.140578837179685,MUS81;NTHL1;PNKP;AGO2;PMS2;DICER1;N4BP2;ANKZF1,Strap,SE,rmats,766,GO_Molecular_Function_2023
DNA Damage Response (GO:0006974),37/384,7.433461889250281e-4,2.762534441795836,41.72086804918898,MUS81;ATF2;STXBP4;FMR1;PNKP;HTRA2;CIB1;SMC6;BRCA1;ENDOV;HPF1;RBBP5;CHEK2;HLTF;TLK2;RBBP8;KMT5B;NAE1;BID;MAP2K6;CBX5;UBE2B;NCOA6;USP3;XRCC3;ATRX;RECQL;GTF2H1;VRK1;USP28;FOXP1;IRF3;MSH3;TIMELESS;ERCC8;CEP63;RAD18,Strap,SE,rmats,766,GO_Biological_Process_2023
DNA Metabolic Process (GO:0006259),30/288,8.176303011262643e-4,2.9979777553083924,42.35348856703398,MUS81;FMR1;PNKP;BRCA1;ENDOV;HPF1;NTHL1;HLTF;RBBP8;SMARCAD1;KMT5B;POLE;POLG;CTC1;TOP3B;TCF7L2;UBE2B;USP3;ACTR5;XRCC3;ATRX;RECQL;REV1;DONSON;GTF2H1;LRWD1;RAD52;MSH3;TIMELESS;RAD18,Strap,SE,rmats,766,GO_Biological_Process_2023
DNA Repair (GO:0006281),30/291,8.176303011262643e-4,2.9630497251374313,41.21165911998274,MUS81;FMR1;PNKP;CIB1;BRCA1;ENDOV;HPF1;NTHL1;CHEK2;HLTF;RBBP8;PMS2;KMT5B;POLE;UBE2B;USP3;ACTR5;XRCC3;ATRX;RECQL;GTF2H1;MLH1;FANCE;APTX;RAD52;MSH3;TIMELESS;ERCC8;RAD18;RHNO1,Strap,SE,rmats,766,GO_Biological_Process_2023
Regulation Of Histone Modification (GO:0031056),7/18,0.0017405077345002025,16.117020002395495,207.35067999893607,FLCN;HPF1;TADA2A;ZZZ3;NFYC;TADA3;KAT14,Strap,SE,rmats,766,GO_Biological_Process_2023
Chromatin Remodeling (GO:0006338),23/228,0.012771220096583692,2.8734333453697927,30.59965962730098,KDM5A;SS18;PBRM1;CHTOP;KDM5C;USP15;BRPF1;RING1;KDM2B;PHF10;USP3;ACTR5;ATRX;BAZ2B;ARID1A;SIRT2;CECR2;HPF1;TADA2A;MTF2;SMARCAD1;BCOR;MTA3,Strap,SE,rmats,766,GO_Biological_Process_2023
Chromatin Organization (GO:0006325),25/268,0.01798189838086427,2.6367160382754924,26.695879492099674,KDM5A;NAA60;KDM5C;HDAC10;BAZ2B;CECR2;SMARCAD1;MTA3;SS18;PBRM1;CHTOP;BRPF1;CBX5;RING1;KDM2B;PHF10;ACTR5;ATRX;LRWD1;ARID1A;TADA2A;ZZZ3;NASP;MTF2;BCOR,Strap,SE,rmats,766,GO_Biological_Process_2023
Organelle Assembly (GO:0070925),28/322,0.019268022039234205,2.444186346625371,24.200959542467867,FMR1;DYNLT2B;CEP164;AMBRA1;CDC14B;FXR1;AP3M1;AP1G1;NEK1;IFT57;ATG5;RAB8B;PLK4;IQCB1;ATG3;YTHDF3;IST1;SEPTIN6;IFT122;STAM;ATG13;ATAT1;NSFL1C;IFT81;TMEM237;CHMP2A;CILK1;CEP89,Strap,SE,rmats,766,GO_Biological_Process_2023
Protein Phosphorylation (GO:0006468),37/500,0.03677572062930293,2.057693162324792,18.76928021048779,ATF2;APP;PRKAA1;USP15;CCNT1;STK19;CHEK2;STK16;TLK2;NEK1;TLK1;ERC1;MAP4K5;MARK3;MARK2;PLK4;MAP3K3;TGFB1;TBP;CHUK;STRADA;LIMK2;CDC7;VRK1;ATG13;PRKAB1;CLK4;PTK2;SRPK1;CLK2;ILF3;MELK;CREB1;TAF8;CSNK1G2;CILK1;TAF2,Strap,SE,rmats,766,GO_Biological_Process_2023
Positive Regulation Of Cell Cycle Process (GO:0090068),14/118,0.04613590724838733,3.4244578559738135,29.72936254416108,PLK4;XRCC3;ATRX;CDC7;SMC6;SIRT2;CDC14B;NSFL1C;DBF4;PKP4;NCAPD3;ECT2;RAD18;RHNO1,Strap,SE,rmats,766,GO_Biological_Process_2023
Regulation Of miRNA-mediated Gene Silencing (GO:0060964),5/15,0.04613590724838733,12.630749014454665,109.10109977360568,FXR1;FMR1;PUM1;PUM2;EIF4G1,Strap,SE,rmats,766,GO_Biological_Process_2023
Positive Regulation Of Protein Metabolic Process (GO:0051247),19/196,0.04613590724838733,2.7385095939312807,23.330597067771432,APP;TGFB1;YTHDF3;TIPARP;FBXW11;IST1;POLDIP3;FMR1;UPF3B;LARP4B;OAZ2;FXR1;ASPH;AGO2;METTL5;BTRC;EIF4G3;MAP2K5;EIF4G1,Strap,SE,rmats,766,GO_Biological_Process_2023
Protein Modification Process (GO:0036211),47/711,0.04613590724838733,1.8281540627042243,15.519742386969108,APP;PRKAA1;PIGT;CCNT1;PPM1M;STK19;CDC14B;CHEK2;TLK2;NEK1;TLK1;BTRC;MAP4K5;MARK3;MARK2;ATG5;ILKAP;B3GALNT2;PLK4;PTPN1;ATE1;TGFB1;TBP;CHUK;STRADA;FBXW11;LIMK2;FN1;ALG3;VRK1;ATG13;PRKAB1;PTK2;SUMF1;SRPK1;CLK2;ILF3;PPM1B;MELK;CREB1;CTDSP2;MGAT4B;UBA3;TAF8;CSNK1G2;CILK1;TAF2,Strap,SE,rmats,766,GO_Biological_Process_2023
Positive Regulation Of miRNA-mediated Gene Silencing (GO:2000637),4/9,0.047747447353467525,20.18792650918635,169.07226958839232,FXR1;FMR1;PUM1;PUM2,Strap,SE,rmats,766,GO_Biological_Process_2023
Intracellular Membrane-Bounded Organelle (GO:0043231),299/5175,7.554407910827241e-14,1.8853177649387904,67.49684337212894,ATF2;VPS29;TFRC;HDAC10;EHMT2;ITSN1;THYN1;ENO1;SMC6;RBPJ;GABPB1;CHEK2;BBX;ANKFY1;UBAP2L;RNF111;ESCO1;SLC35C2;RECQL;HNF1B;DICER1;ARMC8;RFX1;PRKAB1;NISCH;BIN1;RRAGB;PREB;RHNO1;LLGL2;ILRUN;PDXDC1;BAZ2B;OAZ2;OSGEP;FXR1;DHX30;NTHL1;DPH3;HLTF;RAB11FIP3;KAT14;TRMT1L;RBM10;N4BP1;LHPP;VTI1B;CTC1;HACE1;TIPARP;XRCC3;INTS2;NFATC3;UPF3B;TMEM192;CDC7;STAM;PTK2;WAPL;SRPK1;MLLT10;STAG1;TADA2A;FUBP3;GOLGB1;AGO2;PPT1;RNPS1;PKIG;RAD18;RPS24;CEP57;RPAIN;SETD5;SETD6;ZBTB8OS;MIA3;BRCA1;OSBPL11;PHF6;N4BP2L2;MED14;ZMYM2;ARIH1;APPL1;TOP3B;SS18;BRD1;PBRM1;RING1;NCOA6;STRADA;PABPC4;ACAD9;AEN;SIRT2;MED22;AFTPH;NCOR1;CTTN;SLTM;MTF2;G2E3;ALDOA;AKAP8;GGA1;NSD1;HSF1;USP1;PMS2;METTL5;MARCHF7;TBL1X;APBB3;SRSF11;NKTR;BRD4;CENPU;MYEF2;NFYC;MLH1;APTX;SEC23IP;ITCH;TFAP4;CENPH;SNX15;TRMT6;TTC3;HNRNPA2B1;EEF1AKMT2;N6AMT1;MTCH2;MIDN;CCNT1;FMR1;GEMIN2;CTNND1;INPPL1;UBP1;STK19;CIB1;VIRMA;CDC14B;MPC2;NEK1;SMARCAD1;KMT5B;MTPAP;NEPRO;FADS1;GTF2I;TLE1;BORA;KDM2B;IST1;FBXW11;USP3;VRK1;CFAP410;THOC7;FOXP1;CLIP1;ILF3;DMTF1;MSH3;TIMELESS;PKP4;GEMIN8;CSNK1G2;ZCCHC8;ANKRD16;PSMD14;TCF7;HTRA2;SBNO1;SAFB2;TBC1D14;RPRD1B;NAE1;ECT2;CHTOP;CPSF7;UBE2H;ANKRD27;BRPF1;CBX5;TGFB1;UBE2B;BRPF3;PHF12;RFXANK;MACO1;FANCE;CLK4;LSM2;CLK2;NSFL1C;DAB2;LSM6;P4HA1;NASP;CNOT2;TADA3;MDM2;UBA3;EIF4G1;MDM1;KDM5A;MUS81;KDM5C;AKAP8L;CEP164;UFSP2;PIK3C2A;YBX3;RESF1;SENP6;FLCN;HPF1;AP1G1;SIN3A;TLK2;TLK1;DNM1L;GUSB;TNPO2;POLE;ILKAP;POLG;EIF5A;TBP;ACTR6;ACTR5;AKTIP;DNMT3A;ATRX;TRNAU1AP;ARID1A;MSL1;PPM1B;PKM;CREB1;TFDP2;IRF3;THRAP3;ESRP1;DNAJC5;DNAJC8;ITGB3BP;RBMS2;CILK1;LAMA5;PRKAA1;KDM3A;USP15;PPM1M;WBP2;POLDIP3;PNKP;AMBRA1;MLLT3;UACA;CECR2;ZNRF1;RBBP5;NRIP1;FAM120A;RBBP8;RALY;E2F6;MTA3;ATF7IP;TCF7L2;ATE1;SWT1;LIMK2;DONSON;LRWD1;MCOLN1;USP28;CHFR;U2SURP;RAD52;MYO1C;DOLPP1;BRMS1L;TAF8;ERCC8;ACIN1;NAA16;QRICH1;BCOR;SPG21;TRIM33;TNRC6A;PFKP;TAF2;SSBP4,Strap,SE,rmats,766,GO_Cellular_Component_2023
Nucleus (GO:0005634),258/4487,3.270040469702305e-11,1.801998015204354,52.325941088105154,ATF2;HDAC10;EHMT2;THYN1;ENO1;SMC6;RBPJ;GABPB1;CHEK2;BBX;UBAP2L;RNF111;ESCO1;RECQL;HNF1B;DICER1;ARMC8;PRKAB1;BIN1;RRAGB;PREB;RHNO1;ILRUN;BAZ2B;OAZ2;OSGEP;FXR1;DHX30;NTHL1;DPH3;HLTF;KAT14;TRMT1L;RBM10;N4BP1;LHPP;CTC1;HACE1;TIPARP;XRCC3;INTS2;NFATC3;UPF3B;TMEM192;CDC7;PTK2;WAPL;SRPK1;MLLT10;STAG1;TADA2A;FUBP3;AGO2;PPT1;RNPS1;PKIG;RAD18;RPS24;CEP57;RPAIN;SETD5;SETD6;ZBTB8OS;BRCA1;PHF6;N4BP2L2;MED14;ZMYM2;ARIH1;APPL1;TOP3B;SS18;BRD1;PBRM1;RING1;NCOA6;STRADA;PABPC4;ACAD9;AEN;SIRT2;MED22;NCOR1;SLTM;MTF2;G2E3;ALDOA;AKAP8;NSD1;HSF1;USP1;PMS2;METTL5;MARCHF7;TBL1X;APBB3;SRSF11;NKTR;BRD4;CENPU;MYEF2;NFYC;MLH1;APTX;TFAP4;CENPH;TRMT6;TTC3;HNRNPA2B1;EEF1AKMT2;N6AMT1;MTCH2;MIDN;CCNT1;FMR1;GEMIN2;CTNND1;INPPL1;UBP1;STK19;CIB1;VIRMA;CDC14B;MPC2;NEK1;SMARCAD1;KMT5B;NEPRO;GTF2I;TLE1;BORA;KDM2B;FBXW11;USP3;VRK1;THOC7;FOXP1;CLIP1;ILF3;DMTF1;MSH3;TIMELESS;PKP4;GEMIN8;CSNK1G2;ZCCHC8;ANKRD16;PSMD14;TCF7;HTRA2;SBNO1;SAFB2;RPRD1B;NAE1;ECT2;CHTOP;CPSF7;UBE2H;BRPF1;CBX5;TGFB1;UBE2B;BRPF3;PHF12;RFXANK;MACO1;FANCE;CLK4;LSM2;CLK2;NSFL1C;LSM6;NASP;CNOT2;TADA3;MDM2;UBA3;EIF4G1;MDM1;KDM5A;MUS81;KDM5C;AKAP8L;UFSP2;YBX3;RESF1;SENP6;FLCN;HPF1;SIN3A;TLK2;TLK1;TNPO2;POLE;ILKAP;EIF5A;TBP;ACTR6;ACTR5;AKTIP;DNMT3A;ATRX;TRNAU1AP;ARID1A;MSL1;PPM1B;PKM;CREB1;TFDP2;IRF3;THRAP3;ESRP1;DNAJC8;ITGB3BP;RBMS2;CILK1;LAMA5;PRKAA1;KDM3A;USP15;PPM1M;WBP2;POLDIP3;PNKP;AMBRA1;MLLT3;UACA;CECR2;RBBP5;NRIP1;FAM120A;RBBP8;RALY;E2F6;MTA3;ATF7IP;TCF7L2;ATE1;SWT1;LIMK2;DONSON;LRWD1;USP28;CHFR;U2SURP;RAD52;MYO1C;BRMS1L;TAF8;ERCC8;ACIN1;NAA16;QRICH1;BCOR;TRIM33;PFKP;TAF2;SSBP4,Strap,SE,rmats,766,GO_Cellular_Component_2023
Mitotic Spindle (GO:0072686),22/143,2.3830128134710313e-6,4.6708211143695015,81.43941568707045,IQCB1;LIMK2;CDC7;EML2;WAPL;SIRT2;CDC14B;EML4;ATAT1;FLCN;WRAP73;TADA2A;ZZZ3;NCOR1;TFDP2;TADA3;PKP4;MAP4;TBL1X;ECT2;KAT14;CLASP1,Strap,SE,rmats,766,GO_Cellular_Component_2023
Spindle (GO:0005819),22/210,0.0013183562574958629,2.9956817661862276,32.4501951181114,IQCB1;LIMK2;CDC7;EML2;WAPL;SIRT2;CDC14B;EML4;ATAT1;FLCN;WRAP73;TADA2A;ZZZ3;NCOR1;TFDP2;TADA3;PKP4;MAP4;TBL1X;ECT2;KAT14;CLASP1,Strap,SE,rmats,766,GO_Cellular_Component_2023
Chromosome (GO:0005694),17/164,0.01023696113134319,2.947049580847025,25.22545128765106,PBRM1;ESCO1;KRR1;FMR1;RECQL;SMC6;BRCA1;FANCE;MLH1;WAPL;SIRT2;SELENOO;SYCE2;STAG1;CENPH;RBM34;RHNO1,Strap,SE,rmats,766,GO_Cellular_Component_2023
Platelet Alpha Granule Lumen (GO:0031093),9/66,0.039444850535847654,3.999930473475631,28.1128751870534,SRGN;APP;TGFB1;FN1;VEGFB;PCYOX1L;ALDOA;CYRIB;VTI1B,Strap,SE,rmats,766,GO_Cellular_Component_2023
ATAC Complex (GO:0140672),4/13,0.04414157402168625,11.213181685622631,75.820077852463,TADA2A;ZZZ3;TADA3;KAT14,Strap,SE,rmats,766,GO_Cellular_Component_2023
RNA Binding (GO:0003723),30/1411,0.005262634538089068,2.5021270818247645,26.360886001652165,TOP2A;DAZAP1;STAU1;YTHDC1;CELF1;USP10;FASTKD3;PSIP1;MKI67;GSPT1;MRPL4;UBAP2L;KHDC4;RBM7;AGFG1;SEC63;PTCD3;CHTOP;FUS;DDX11;PRRC2C;PUM1;SCAF4;GNL3;SLTM;CNOT1;CCDC9;RPL22L1;TARDBP;R3HDM2,Tra2b,A3SS,rmats,190,GO_Molecular_Function_2023
Ubiquitin Binding (GO:0043130),6/80,0.011277100934215672,8.696827262044653,78.96806927063504,TOP2A;TOM1L1;USPL1;USP16;HGS;RAD23A,Tra2b,A3SS,rmats,190,GO_Molecular_Function_2023
Cysteine-Type Peptidase Activity (GO:0008234),7/144,0.03033189809219917,5.492840333452993,42.21363211776334,PAN2;USP48;USPL1;USP16;USP10;RCE1;USP19,Tra2b,A3SS,rmats,190,GO_Molecular_Function_2023
Positive Regulation Of Nucleic Acid-Templated Transcription (GO:1903508),18/557,0.0064562220516261,3.741618846270009,44.69294931066726,RNF10;INO80E;MAP2K2;USP16;CHUK;NR1H2;TFE3;FOXM1;HIF1A;HCFC1;GATAD2A;MRGBP;WAC;OTX2;MMS19;TCF3;RNF111;SNX5,Tra2b,A3SS,rmats,190,GO_Biological_Process_2023
Cellular Response To Nitrogen Compound (GO:1901699),4/16,0.0064562220516261,35.48028673835125,398.8088958622583,DDX11;ATRX;HSF1;TIMELESS,Tra2b,A3SS,rmats,190,GO_Biological_Process_2023
Positive Regulation Of Double-Strand Break Repair (GO:2000781),7/84,0.0064562220516261,9.802781917536016,108.70593854681606,MRGBP;FUS;DDX11;TIMELESS;MMS19;FOXM1;HDGFL2,Tra2b,A3SS,rmats,190,GO_Biological_Process_2023
Positive Regulation Of Double-Strand Break Repair Via Homologous Recombination (GO:1905168),5/36,0.006906248865012368,17.24411508282476,185.10230466188776,MRGBP;FUS;TIMELESS;MMS19;HDGFL2,Tra2b,A3SS,rmats,190,GO_Biological_Process_2023
Positive Regulation Of DNA-templated Transcription (GO:0045893),27/1243,0.009689090198235809,2.532884646432031,25.13315134969013,RNF10;INO80E;USP16;GABPB1;FOXM1;HIF1A;HSF1;MLX;OTX2;HRAS;RNF111;SNX5;TCF7L2;MAP2K2;CHUK;PCGF5;NR1H2;TFE3;ATRX;HCFC1;GNL3;GATAD2A;MRGBP;WAC;MMS19;TCF3;GLYR1,Tra2b,A3SS,rmats,190,GO_Biological_Process_2023
mRNA Destabilization (GO:0061157),5/43,0.009689090198235809,14.062588904694168,138.5256053573808,ROCK1;CELF1;CNOT1;PUM1;TARDBP,Tra2b,A3SS,rmats,190,GO_Biological_Process_2023
Chromatin Organization (GO:0006325),11/268,0.009689090198235809,4.6754124730995805,45.98754753468903,ING4;INO80E;CHTOP;DDX11;ATRX;WAC;PSIP1;BRD9;HDGFL2;HCFC1;GATAD2A,Tra2b,A3SS,rmats,190,GO_Biological_Process_2023
Mitotic Cell Cycle Phase Transition (GO:0044772),7/111,0.014638539431205364,7.247898276586801,67.33190327445578,CCND3;CCNE2;CHMP2A;CDC7;CDC25C;FOXM1;GSPT1,Tra2b,A3SS,rmats,190,GO_Biological_Process_2023
Positive Regulation Of DNA Recombination (GO:0045911),5/51,0.017043747261871377,11.612220916568743,104.74157576044665,MRGBP;FUS;TIMELESS;MMS19;HDGFL2,Tra2b,A3SS,rmats,190,GO_Biological_Process_2023
Positive Regulation Of Viral Genome Replication (GO:0045070),4/29,0.019732462951598667,17.019354838709678,149.2274251746673,TOP2A;STAU1;RAD23A;PPIH,Tra2b,A3SS,rmats,190,GO_Biological_Process_2023
Chromatin Remodeling (GO:0006338),9/228,0.03948800508182935,4.448119276470143,35.49180696535848,INO80E;CHTOP;ATRX;WAC;PSIP1;BRD9;HDGFL2;HCFC1;GATAD2A,Tra2b,A3SS,rmats,190,GO_Biological_Process_2023
Positive Regulation Of Cell Cycle (GO:0045787),5/65,0.04037565174225415,8.896396396396396,70.01301907701632,CCND3;HSF1;RAD23A;USP19;HCFC1,Tra2b,A3SS,rmats,190,GO_Biological_Process_2023
Histone H4 Acetylation (GO:0043967),4/39,0.04516735895577314,12.150537634408602,92.34429871998104,ING4;NAA40;MRGBP;HCFC1,Tra2b,A3SS,rmats,190,GO_Biological_Process_2023
Lysosomal Transport (GO:0007041),6/105,0.04516735895577314,6.492424242424242,49.32711511624322,HGS;AKTIP;CHMP2A;ATP13A2;USE1;VPS16,Tra2b,A3SS,rmats,190,GO_Biological_Process_2023
Regulation Of Double-Strand Break Repair Via Homologous Recombination (GO:0010569),5/71,0.04516735895577314,8.085176085176085,60.32049822029255,MRGBP;FUS;TIMELESS;MMS19;HDGFL2,Tra2b,A3SS,rmats,190,GO_Biological_Process_2023
Regulation Of DNA-templated Transcription (GO:0006355),33/1922,0.04516735895577314,1.9940891449997133,14.818480372711816,RNF10;INO80E;USP16;FOXM1;HIF1A;ING4;ZNHIT3;SUFU;HSF1;MLX;OTX2;BRD9;HRAS;RNF111;SNX5;TCF7L2;MAP2K2;CHUK;FUS;PCGF5;NR1H2;TFE3;ATRX;ACVR2B;HCFC1;GATAD2A;MRGBP;SLTM;TIMELESS;WAC;MMS19;TCF3;CC2D1A,Tra2b,A3SS,rmats,190,GO_Biological_Process_2023
Cellular Response To Inorganic Substance (GO:0071241),3/18,0.04516735895577314,21.171122994652407,156.36915739155344,DDX11;ATRX;TIMELESS,Tra2b,A3SS,rmats,190,GO_Biological_Process_2023
Regulation Of mRNA Stability (GO:0043488),5/74,0.04516735895577314,7.73247160203682,56.220199054672314,ROCK1;CELF1;FUS;FASTKD3;PUM1,Tra2b,A3SS,rmats,190,GO_Biological_Process_2023
Regulation Of Protein Serine/Threonine Kinase Activity (GO:0071900),6/112,0.04516735895577314,6.061525840853158,43.981370714846,CCND3;MAP2K2;CCNE2;HGS;CDC25C;HRAS,Tra2b,A3SS,rmats,190,GO_Biological_Process_2023
DNA-templated DNA Replication Maintenance Of Fidelity (GO:0045005),4/43,0.04516735895577314,10.902122966639096,78.7552799331688,POLD1;DDX11;ATRX;TIMELESS,Tra2b,A3SS,rmats,190,GO_Biological_Process_2023
Positive Regulation Of Macromolecule Metabolic Process (GO:0010604),11/364,0.04516735895577314,3.387199898713343,24.38124878670574,MAPK9;DNMT1;FGF8;MAP2K2;ROCK1;HGS;CELF1;NR1H2;ATP13A2;HIF1A;HCFC1,Tra2b,A3SS,rmats,190,GO_Biological_Process_2023
Positive Regulation Of mRNA Catabolic Process (GO:0061014),4/45,0.04857055040420876,10.369263047469184,73.10556542036824,ROCK1;CELF1;CNOT1;PUM1,Tra2b,A3SS,rmats,190,GO_Biological_Process_2023
Regulation Of Stress Granule Assembly (GO:0062028),2/5,0.04857055040420876,70.23758865248227,494.0820897453679,USP10;UBAP2L,Tra2b,A3SS,rmats,190,GO_Biological_Process_2023
Intracellular Membrane-Bounded Organelle (GO:0043231),82/5175,2.331640941137172e-5,2.193995389459752,34.38056482074258,TOP2A;RNF10;SPARC;NAA40;CELF1;ECI2;PSIP1;GABPB1;MKI67;FOXM1;ALKBH6;EDC4;ING4;CCND3;SUFU;MLX;UBAP2L;MACROD2;RBM7;RNF111;TNPO3;AGFG1;ILKAP;SUN1;USP48;MAP2K2;RFC1;DDX11;AKTIP;TFE3;ATRX;RAD23A;CDC25C;SCAMP3;HCFC1;GNL3;TRAF7;CCNE2;SLTM;TIMELESS;WAC;PPIH;EAPP;CBLL1;HDGFL2;DNMT1;USP16;YTHDC1;USP10;CAPG;HIF1A;MAPK9;RNF216;ZNHIT3;POLD1;STK38;HSF1;KHDC4;OTX2;BRD9;BUB1;SNX5;UBE2F;TCF7L2;CHTOP;INTS1;FUS;B3GAT3;PCGF5;NR1H2;SGTA;CDC7;SCAF4;CHFR;GATAD2A;IFT20;TTC3;RSRP1;MMS19;TCF3;TARDBP;CC2D1A,Tra2b,A3SS,rmats,190,GO_Cellular_Component_2023
Nucleus (GO:0005634),70/4487,3.2738669641615796e-4,2.0328843106180665,25.07596879118771,TOP2A;RNF10;NAA40;CELF1;PSIP1;GABPB1;MKI67;FOXM1;ALKBH6;EDC4;ING4;CCND3;SUFU;MLX;UBAP2L;MACROD2;RBM7;RNF111;ILKAP;USP48;MAP2K2;RFC1;DDX11;AKTIP;TFE3;ATRX;RAD23A;CDC25C;HCFC1;GNL3;CCNE2;SLTM;TIMELESS;WAC;EAPP;CBLL1;HDGFL2;DNMT1;USP16;YTHDC1;USP10;CAPG;HIF1A;MAPK9;RNF216;ZNHIT3;POLD1;STK38;HSF1;KHDC4;OTX2;BRD9;UBE2F;TCF7L2;CHTOP;INTS1;FUS;PCGF5;NR1H2;SGTA;CDC7;SCAF4;CHFR;GATAD2A;TTC3;RSRP1;MMS19;TCF3;TARDBP;CC2D1A,Tra2b,A3SS,rmats,190,GO_Cellular_Component_2023
RNA Binding (GO:0003723),20/1411,0.006205920000593759,3.1300376369095444,31.733878472013092,DDX17;SRP19;UBE2I;SCAF11;MRPS11;HMGA1;KNOP1;PRRC2C;CASC3;JMJD6;PUM2;SUPV3L1;LSM7;PSMD4;CNOT1;FUBP1;CWC22;SAFB2;UBAP2L;TARDBP,Tra2b,A5SS,rmats,105,GO_Molecular_Function_2023
DNA Binding (GO:0003677),14/846,0.01063457975278561,3.5249630177514795,31.395939582757137,KMT2D;CBFB;HMGA1;SMC5;USF1;SUPV3L1;TFPT;MAU2;EXO1;FUBP1;SAFB2;TAF6;TARDBP;EZH2,Tra2b,A5SS,rmats,105,GO_Molecular_Function_2023
Histone H3 Methyltransferase Activity (GO:0140938),3/36,0.04631922421746935,17.702317290552585,124.44431144492688,KMT2D;EHMT1;EZH2,Tra2b,A5SS,rmats,105,GO_Molecular_Function_2023
Regulation Of DNA Metabolic Process (GO:0051052),6/124,0.02647334260343,10.157678479712377,100.79145130351209,ING4;TFPT;ENY2;SLF2;SMC5;TAF6,Tra2b,A5SS,rmats,105,GO_Biological_Process_2023
Regulation Of mRNA Catabolic Process (GO:0061013),4/46,0.02647334260343,18.720414898632722,172.65097280706053,CNOT1;PRKCD;CASC3;PUM2,Tra2b,A5SS,rmats,105,GO_Biological_Process_2023
Protein Sumoylation (GO:0016925),4/46,0.02647334260343,18.720414898632722,172.65097280706053,PIAS3;SLF2;UBE2I;SMC5,Tra2b,A5SS,rmats,105,GO_Biological_Process_2023
SUMO Ligase Complex (GO:0106068),3/12,0.003257563628721753,64.98692810457516,677.0418492733494,SLF2;UBE2I;SMC5,Tra2b,A5SS,rmats,105,GO_Cellular_Component_2023
Nucleus (GO:0005634),41/4487,0.004935975764204612,2.2260493983355825,20.723196743796294,SLC25A1;KMT2D;GTF2A2;EHMT1;SMC5;CASC3;SMC2;RESF1;NFU1;BCL2L12;ING4;TFPT;PSMD4;EXO1;CWC22;SAFB2;UBAP2L;DDX17;TLE3;UBE2I;SLF2;STRADA;PRKCD;HMGA1;THOC7;USF1;JMJD6;SUPV3L1;TPX2;CLIP1;MAU2;LSM7;CENPF;FUBP1;SRRD;CDK2AP2;TAF6;TARDBP;CBLL1;EZH2;FGFR1,Tra2b,A5SS,rmats,105,GO_Cellular_Component_2023
Intracellular Membrane-Bounded Organelle (GO:0043231),43/5175,0.01877056880535828,1.9951003193120962,15.099319669982387,SLC25A1;KMT2D;GTF2A2;PRKCSH;EHMT1;SMC5;CASC3;SMC2;RESF1;NFU1;BCL2L12;ING4;TFPT;PSMD4;EXO1;CWC22;SAFB2;UBAP2L;DDX17;TLE3;UBE2I;SLF2;STRADA;PRKCD;HMGA1;THOC7;USF1;JMJD6;SUPV3L1;TPX2;TRAF7;CLIP1;MAU2;LSM7;CENPF;FUBP1;SRRD;CDK2AP2;TAF6;TARDBP;CBLL1;EZH2;FGFR1,Tra2b,A5SS,rmats,105,GO_Cellular_Component_2023
Smc5-Smc6 Complex (GO:0030915),2/8,0.020405349404783443,64.36569579288026,463.2406662079546,SLF2;SMC5,Tra2b,A5SS,rmats,105,GO_Cellular_Component_2023
pre-mRNA 3'-Splice Site Binding (GO:0030628),2/5,0.007459626956348659,250.8427672955975,2386.3601546118716,U2AF1;U2AF1L4,Tra2b,MXE,rmats,55,GO_Molecular_Function_2023
RNA Binding (GO:0003723),11/1411,0.047333948771610526,3.311607142857143,21.794700108313098,MTHFSD;RBM39;ILF3;MYEF2;HNRNPDL;RTCA;ACTN1;U2AF1;PUM1;ZC3H14;REXO4,Tra2b,MXE,rmats,55,GO_Molecular_Function_2023
Protein Heterodimerization Activity (GO:0046982),4/190,0.047333948771610526,8.331857474172464,52.455775810103965,IRAK1;TPM2;NAE1;TCF3,Tra2b,MXE,rmats,55,GO_Molecular_Function_2023
poly(A) Binding (GO:0008143),2/25,0.047333948771610526,32.68580803937654,200.93387537332222,HNRNPDL;ZC3H14,Tra2b,MXE,rmats,55,GO_Molecular_Function_2023
Protein Kinase Binding (GO:0019901),6/511,0.047333948771610526,4.713679531218428,27.85666298424387,IRAK1;PRC1;NBR1;TCF3;ATG13;PTK2,Tra2b,MXE,rmats,55,GO_Molecular_Function_2023
pre-mRNA Binding (GO:0036002),2/30,0.047333948771610526,26.842318059299192,155.2739619530397,U2AF1;U2AF1L4,Tra2b,MXE,rmats,55,GO_Molecular_Function_2023
Poly-Purine Tract Binding (GO:0070717),2/31,0.047333948771610526,25.915419648666234,148.2294073291968,HNRNPDL;ZC3H14,Tra2b,MXE,rmats,55,GO_Molecular_Function_2023
Intracellular Membrane-Bounded Organelle (GO:0043231),26/5175,0.04486115516324442,2.57630206066126,19.561396187992806,TOP2B;RTCA;USP34;BAG6;CLN3;SCP2;CUX1;IRAK1;CHEK1;NAE1;ZC3H14;MYEF2;REXO4;PTK2;YIF1A;GAK;ILF3;DAB2;TFDP2;NASP;PRC1;CNOT2;NBR1;OGDH;PLAA;TCF3,Tra2b,MXE,rmats,55,GO_Cellular_Component_2023
Chromatin Organization (GO:0006325),11/268,0.04555739796339034,4.649200172935582,45.50854778435803,ING4;PHC1;HDAC3;HIRIP3;PWWP3A;BRD9;SUDS3;HNRNPC;LRWD1;HMGN2;HDGFL2,Tra2b,RI,rmats,191,GO_Biological_Process_2023
Metaphase Plate Congression (GO:0051310),5/51,0.04555739796339034,11.549205236091632,103.88891435189703,PSRC1;MAP1S;INCENP;CHMP7;EML3,Tra2b,RI,rmats,191,GO_Biological_Process_2023
Histone Modification (GO:0016570),6/81,0.04555739796339034,8.533621621621622,76.65126270321052,ING4;HDAC3;MRGBP;BRMS1L;SUDS3;HDAC6,Tra2b,RI,rmats,191,GO_Biological_Process_2023
Spindle (GO:0005819),10/210,0.004956881643361833,5.416850828729282,55.51525039614201,TAF1D;PSRC1;HDAC3;MAP1S;INCENP;ANAPC5;CDC7;MMS19;SPOUT1;EML3,Tra2b,RI,rmats,191,GO_Cellular_Component_2023
RNA Binding (GO:0003723),122/1411,2.039774668005137e-17,2.8573552152701485,127.60275171446084,SRP19;SLC4A1AP;FMR1;RTCA;HNRNPR;MSI1;ENO1;MKI67;GPATCH8;CCAR1;TIAL1;FBRSL1;UBAP2L;AGFG1;RARS2;NOM1;TYW5;DDX11;SECISBP2;ACTN1;METTL3;LARP4B;ZCRB1;ACTN4;GTPBP1;SRRM1;ILF3;PRPF3;TFAM;DAP3;ANKRD17;RTF1;RCC1L;FXR1;BAG4;PCBP4;PCBP2;SAFB2;UTP20;LTA4H;MAP4;ZC3H14;TRMT1L;CHTOP;TIA1;CPSF6;HMGA1;ERAL1;PUM1;LSM2;EIF5;LSM6;RNPS1;LSM14A;RPS24;SUGP1;RBM27;DIDO1;RBM25;CELF1;AKAP8L;DDX42;SMG6;FASTK;UBTF;NELFCD;LRRFIP1;BUD23;ZC3H10;NCBP1;PPHLN1;TRNAU1AP;GNL2;REXO4;SUPV3L1;MRPS9;SARS2;PKM;SLTM;THRAP3;CSDE1;EIF4E2;RBM47;STAU1;RNMT;POLDIP3;USP10;WBP4;AKAP8;U2AF1;RRBP1;ADD1;MTHFSD;SCAF8;BCLAF1;TCOF1;FIP1L1;TRA2B;RALY;SMNDC1;EXOSC1;NOP56;PTCD3;PTPN1;DYNC1H1;RBM39;MYEF2;KRR1;IMMT;RSRC2;RRP1B;TPD52L2;CDK11B;U2SURP;KTN1;SEC23IP;TNIP1;HNRNPA2B1;TSR1;ACIN1;FAM98A;TNRC6A,Tra2b,SE,rmats,718,GO_Molecular_Function_2023
mRNA 3'-UTR Binding (GO:0003730),15/93,2.6859092326525134e-4,5.253309990152095,72.26301168511536,RBM47;TIA1;CPSF1;CELF1;FMR1;SECISBP2;LARP4B;PUM1;TIAL1;FXR1;ILF3;PCBP4;EXOSC8;HNRNPA2B1;RNPS1,Tra2b,SE,rmats,718,GO_Molecular_Function_2023
mRNA Binding (GO:0003729),27/282,6.522565776652383e-4,2.9155188558780964,36.33610255028481,RBM25;RBM47;SLC4A1AP;CELF1;POLDIP3;FMR1;HNRNPR;MSI1;TIAL1;FXR1;SCAF8;PCBP4;TRA2B;PCBP2;CHTOP;TIA1;MYEF2;CPSF6;NCBP1;SECISBP2;METTL3;LARP4B;PUM1;PKM;HNRNPA2B1;RNPS1;LSM14A,Tra2b,SE,rmats,718,GO_Molecular_Function_2023
Nuclear Thyroid Hormone Receptor Binding (GO:0046966),6/27,0.03680690134797564,7.729133226324238,62.072273715737836,MED22;NCOR1;THRAP3;GTF2H1;BRD8;MED17,Tra2b,SE,rmats,718,GO_Molecular_Function_2023
Nuclear Receptor Coactivator Activity (GO:0030374),8/50,0.03680690134797564,5.161636485580147,40.71923648281382,MED22;THRAP3;CARM1;HMGA1;ACTN4;BRD8;CCAR1;MED17,Tra2b,SE,rmats,718,GO_Molecular_Function_2023
Annealing Activity (GO:0140666),3/5,0.03680690134797564,40.44755244755245,312.93652945536405,FXR1;FMR1;RECQL,Tra2b,SE,rmats,718,GO_Molecular_Function_2023
Single-Stranded DNA Binding (GO:0003697),11/96,0.045285645337249755,3.513886346617855,25.777817841683774,RAD52;MSH3;RNF138;DDX11;ERCC1;PCBP2;RECQL;RAD23A;RTF1;POLR2H;REXO4,Tra2b,SE,rmats,718,GO_Molecular_Function_2023
RNA Polymerase II Complex Binding (GO:0000993),6/31,0.045285645337249755,6.491123595505618,47.00781029653398,SCAF8;SMYD2;WAC;RPRD1B;PEX2;BRD4,Tra2b,SE,rmats,718,GO_Molecular_Function_2023
DNA Damage Response (GO:0006974),33/384,0.005286441674035204,2.5983030756753385,32.52405365081513,MUS81;USP10;FMR1;CIB1;PDS5B;BCLAF1;STK11;CHEK2;POLD1;CHEK1;TLK2;RBBP8;NAE1;TOPBP1;BID;MUTYH;UBE2B;MGMT;KMT5C;DDX11;METTL3;ATRX;RECQL;GTF2H1;VRK1;BAZ1B;REXO4;TTC5;MSH3;ERCC1;WAC;CEP63;HDGFL2,Tra2b,SE,rmats,718,GO_Biological_Process_2023
Regulation Of Cell Cycle Process (GO:0010564),17/130,0.005286441674035204,4.1138828222640225,50.95061144205321,PBRM1;BORA;MKI67;PKMYT1;PUM1;RAB11A;FLCN;DBF4;RACGAP1;BIN1;CHEK1;DPF2;RPRD1B;CEP85;ENTR1;ECT2;RAB11FIP3,Tra2b,SE,rmats,718,GO_Biological_Process_2023
RNA Processing (GO:0006396),20/183,0.006367899932167809,3.3608733102466295,38.70309914087558,RBM39;CPSF6;NCBP1;PDCD7;CELF1;METTL3;AKAP8L;WBP4;HNRNPR;U2AF1;ZCRB1;SRRM1;ARVCF;LSM6;PRPF3;FASTK;EXOSC8;HNRNPA2B1;RNPS1;EXOSC1,Tra2b,SE,rmats,718,GO_Biological_Process_2023
mRNA Metabolic Process (GO:0016071),13/85,0.006367899932167809,4.919818754925138,56.60630515277049,CPSF6;NCBP1;CELF1;AKAP8L;METTL3;HNRNPR;U2AF1;LSM2;LSM6;PRPF3;HSF1;PCBP2;HNRNPA2B1,Tra2b,SE,rmats,718,GO_Biological_Process_2023
DNA Metabolic Process (GO:0006259),26/288,0.008380718487254876,2.727573578078807,30.025028929249473,MUS81;INO80B;RNASEH2A;FMR1;PDS5B;ORC6;POLD1;CHEK1;RBBP8;TOPBP1;POLG;MUTYH;TCF7L2;UBE2B;MGMT;KMT5C;ATRX;RECQL;REV1;GTF2H1;TERF2;REXO4;SUPV3L1;RAD52;MSH3;ERCC1,Tra2b,SE,rmats,718,GO_Biological_Process_2023
Regulation Of mRNA Processing (GO:0050684),8/35,0.011034221220287486,8.03547209181012,84.70688451946302,RBM39;TIA1;NCBP1;SLTM;PAPOLA;SAFB2;CDK11B;SRRM1,Tra2b,SE,rmats,718,GO_Biological_Process_2023
"Regulation Of mRNA Splicing, Via Spliceosome (GO:0048024)",13/94,0.011034221220287486,4.371123369232116,45.444047151355115,RBM39;RBM25;RBM47;TIA1;NCBP1;CELF1;FMR1;SRRM1;FXR1;THRAP3;PCBP4;TRA2B;RNPS1,Tra2b,SE,rmats,718,GO_Biological_Process_2023
Macromolecule Catabolic Process (GO:0009057),12/85,0.015305054877559933,4.472583336567193,44.309619455208775,MUS81;SUPV3L1;RNASEH2A;NCBP1;CHEK2;EXOSC8;PPT1;CLN8;USE1;REXO4;EXOSC1;SIDT2,Tra2b,SE,rmats,718,GO_Biological_Process_2023
DNA Repair (GO:0006281),25/291,0.015305054877559933,2.5789582180559623,25.32002298018839,MUS81;RNASEH2A;FMR1;CIB1;PDS5B;CHEK2;POLD1;CHEK1;RBBP8;TOPBP1;MUTYH;UBE2B;MGMT;KMT5C;ASCC1;ATRX;RECQL;GTF2H1;RAD23A;FANCE;REXO4;RAD52;MSH3;ERCC1;ERCC6,Tra2b,SE,rmats,718,GO_Biological_Process_2023
Protein Transport (GO:0015031),26/313,0.017281637301617216,2.4867072163702644,23.85026982379427,VPS29;LMAN2L;STXBP2;MIA2;MIA3;VPS26B;GGA1;GOLGA4;SCFD1;ARFIP1;STX3;RAB28;RAB6A;TMED5;SEC31A;STX8;ASPSCR1;TIMM44;DNM2;CENPF;SEC23IP;PPT1;CHMP2A;IFT27;COPG1;BLZF1,Tra2b,SE,rmats,718,GO_Biological_Process_2023
Vesicle-Mediated Transport (GO:0016192),31/411,0.01955263504348696,2.24454914579024,20.95024783381015,STXBP2;MIA2;MIA3;GOLGA4;AP5M1;RAB25;AP1G1;AP3S1;STX3;RAB11FIP3;VPS16;VTI1B;STX8;VTA1;AKTIP;RAB11A;EPN1;DNM2;EPN2;NECAP2;BIN3;HOOK2;BIN1;VPS41;OCIAD1;CHMP2A;KXD1;IFT27;OSBPL1A;EXOC2;CSNK1G2,Tra2b,SE,rmats,718,GO_Biological_Process_2023
Golgi Vesicle Transport (GO:0048193),19/197,0.01955263504348696,2.917297584028548,27.0880352247926,COG8;SEC24B;LMAN2L;PITPNB;MIA2;MIA3;USE1;DNM2;GOLGA4;SCFD1;TRAPPC6B;SGSM2;TBC1D14;COPG1;RAB6A;SEC24C;TMED5;SEC31A;VTI1B,Tra2b,SE,rmats,718,GO_Biological_Process_2023
Nucleobase-Containing Compound Catabolic Process (GO:0034655),8/44,0.026926183543846825,6.0237871674491394,53.05595447090364,MUS81;SUPV3L1;RNASEH2A;NCBP1;EXOSC8;EXOSC1;REXO4;SIDT2,Tra2b,SE,rmats,718,GO_Biological_Process_2023
Stress Granule Assembly (GO:0034063),6/24,0.026926183543846825,9.0187265917603,78.708570642931,DYNC1H1;TIA1;FMR1;CSDE1;UBAP2L;LSM14A,Tra2b,SE,rmats,718,GO_Biological_Process_2023
Positive Regulation Of Hippo Signaling (GO:0035332),4/9,0.026926183543846825,21.59887955182073,186.27856486568916,TIAL1;SRC;DLG5;SCHIP1,Tra2b,SE,rmats,718,GO_Biological_Process_2023
Positive Regulation Of miRNA-mediated Gene Silencing (GO:2000637),4/9,0.026926183543846825,21.59887955182073,186.27856486568916,FXR1;TIAL1;FMR1;PUM1,Tra2b,SE,rmats,718,GO_Biological_Process_2023
RNA Catabolic Process (GO:0006401),9/57,0.026926183543846825,5.086565585331453,43.83104756575331,SUPV3L1;RNASEH2A;LSM6;NCBP1;METTL3;EXOSC8;EXOSC1;SIDT2;LSM2,Tra2b,SE,rmats,718,GO_Biological_Process_2023
RNA Splicing (GO:0008380),12/98,0.028281286160844223,3.793925818565123,32.289201388056306,ARVCF;LSM6;NCBP1;PDCD7;PRPF3;TRA2B;WBP4;RNPS1;U2AF1;ZCRB1;SMNDC1;SRRM1,Tra2b,SE,rmats,718,GO_Biological_Process_2023
mRNA Processing (GO:0006397),19/214,0.03503617656939861,2.6605993910714942,21.8327708461808,CPSF6;NCBP1;RNMT;CELF1;METTL3;WBP4;HNRNPR;U2AF1;SRRM1;LSM2;U2AF1L4;LSM6;PRPF3;TRA2B;HNRNPA2B1;PAPOLA;RNPS1;RPRD1B;RALY,Tra2b,SE,rmats,718,GO_Biological_Process_2023
Regulation Of mRNA Polyadenylation (GO:1900363),4/10,0.03503617656939861,17.99813258636788,146.5485517051726,CPSF6;NCBP1;HSF1;ZC3H14,Tra2b,SE,rmats,718,GO_Biological_Process_2023
Positive Regulation Of Post-Transcriptional Gene Silencing By RNA (GO:1900370),4/10,0.03503617656939861,17.99813258636788,146.5485517051726,FXR1;TIAL1;FMR1;PUM1,Tra2b,SE,rmats,718,GO_Biological_Process_2023
Macroautophagy (GO:0016236),12/104,0.04050295997258125,3.545387362975736,28.18908070943684,SRC;VTA1;MTMR14;NBR1;VPS41;CHMP2A;UBQLN1;WIPI2;SPG11;ATG5;VPS16;VTI1B,Tra2b,SE,rmats,718,GO_Biological_Process_2023
Regulation Of Mitochondrion Organization (GO:0010821),8/50,0.041223865043562985,5.161636485580147,40.71923648281382,FLCN;MTCH2;RHOT1;MUL1;OMA1;DNM1L;MFF;CYRIB,Tra2b,SE,rmats,718,GO_Biological_Process_2023
DNA Double-Strand Break Processing Involved In Repair Via Single-Strand Annealing (GO:0010792),3/5,0.043208012310014934,40.44755244755245,312.93652945536405,RAD52;RNF138;RBBP8,Tra2b,SE,rmats,718,GO_Biological_Process_2023
Double-Strand Break Repair Via Single-Strand Annealing (GO:0045002),3/5,0.043208012310014934,40.44755244755245,312.93652945536405,RAD52;RNF138;RBBP8,Tra2b,SE,rmats,718,GO_Biological_Process_2023
Programmed Necrotic Cell Death (GO:0097300),4/11,0.043208012310014934,15.426170468187275,119.07788080046619,IPMK;PPIF;TRPM7;DNM1L,Tra2b,SE,rmats,718,GO_Biological_Process_2023
Cell Cycle G2/M Phase Transition (GO:0044839),7/40,0.04469858502767547,5.742786514938413,43.709428780856825,CHEK2;AKAP8L;ENSA;AKAP8;PKMYT1;TAF2;DNM2,Tra2b,SE,rmats,718,GO_Biological_Process_2023
mRNA 3'-End Processing (GO:0031124),7/40,0.04469858502767547,5.742786514938413,43.709428780856825,SCAF8;CPSF6;CPSF1;NCBP1;PAPOLA;RPRD1B;PEX2,Tra2b,SE,rmats,718,GO_Biological_Process_2023
"Regulation Of Alternative mRNA Splicing, Via Spliceosome (GO:0000381)",8/53,0.048891838583071105,4.816776212832551,36.03915499068926,FXR1;RBM25;RBM47;TIA1;THRAP3;FMR1;TRA2B;RNPS1,Tra2b,SE,rmats,718,GO_Biological_Process_2023
Transcription By RNA Polymerase II (GO:0006366),17/192,0.048891838583071105,2.647801100468718,19.7328082958045,PBRM1;GTF2A2;CCNT1;NCBP1;PEX2;GTF2H1;RTF1;NFKB1;MED17;SCAF8;TFDP1;DEAF1;TAF1A;RPRD1B;POLR2H;ERCC6;TAF2,Tra2b,SE,rmats,718,GO_Biological_Process_2023
Intracellular Membrane-Bounded Organelle (GO:0043231),291/5175,5.037466957057342e-16,2.0090540828245746,82.02280109091946,VPS29;SLC4A1AP;RTCA;DCAF8;HNRNPR;ENO1;MKI67;GPATCH8;CCAR1;TIAL1;RPS6KA2;CHEK2;CHEK1;DPF2;FAM53A;UBAP2L;RNF111;AGFG1;TMPO;ESCO1;DDX11;SLC35C2;IFRD1;METTL3;DNTTIP1;RECQL;RFX1;ACTN4;SRRM1;NISCH;BIN1;TFAM;ANKRA2;BLZF1;LLGL2;MTMR2;CTBP1;STXBP2;COPS7B;UBE2J1;FXR1;SCFD1;RAB11FIP1;RACGAP1;PCBP4;PCBP2;LTA4H;PATZ1;RAB11FIP3;KAT14;TRMT1L;LHPP;VTI1B;SEC31A;PHC1;TIPARP;INTS2;NFATC3;CDC7;MEMO1;PTK2;MLLT10;STAG1;EIF5;STAG2;PPT1;RNPS1;PKIG;RPS24;RPAIN;SETD5;SETD6;MIA3;MED17;SMG6;ING3;NELFB;AP3S1;NELFCD;SPTAN1;TMED5;PBRM1;STRADA;TFE3;GNL2;BAZ1B;TERF2;GAK;MED22;MMP14;NCOR1;SLTM;MED21;MTF2;WAC;GPRC5C;PTMA;RNMT;ZDHHC20;GPS1;AKAP8;GGA1;SCAF8;BCLAF1;ARVCF;RNF138;PPP1R7;HSF1;EXOSC8;BRD9;BRD8;EXOSC1;NKTR;BRD4;RANBP3;MYEF2;MGMT;RRP1B;RAB11A;RNF146;CENPF;SEC23IP;FABP5;CENPH;TTC3;HNRNPA2B1;NBR1;CEP43;EEF1AKMT2;MTCH2;CCNT1;FMR1;CIB1;COMT;CDC14B;EEF1B2;STK11;PAPOLA;KMT5A;GTF2I;BORA;KDM2B;KMT5C;FBXW11;APLP2;IPMK;VRK1;CFAP410;THOC7;CLIP1;ILF3;MSH3;PRPF3;HDGFL2;CSNK1G2;ANKRD17;PDS5B;BAG6;BAG4;DEAF1;BAG1;SAFB2;SMYD2;TBC1D14;RPRD1B;NAE1;ECT2;ZC3H14;SMAD2;UBE2F;CHTOP;TIA1;ANKRD27;CPSF6;CPSF1;UBE2B;VTA1;HMGA1;ASPSCR1;DNAJC13;MACO1;FANCE;NFKB1;AZIN1;LSM2;CLK1;IFT20;NSFL1C;UBOX5;DAB2;LSM6;HOOK2;NASP;CNOT2;TADA3;UBA2;MAN2B1;OSBPL1A;FGFR1;SLC25A1;RBM27;KDM5A;MUS81;DIDO1;KDM5C;NAA40;CELF1;AKAP8L;FHL1;CEP164;DDX42;UFSP2;PIK3CB;RESF1;DTWD1;FLCN;AP1G1;UBTF;TLK2;HMG20B;BUD23;TOPBP1;DNM1L;YAF2;ILKAP;POLG;ACTR2;USP48;NCBP1;AKTIP;ATRX;RAD23A;PEX2;PPP2R5C;TRNAU1AP;REXO4;SENP1;EPN2;SUPV3L1;TRAF7;TFDP1;PKM;TFDP2;THRAP3;TRAPPC6B;TMBIM1;GAPDH;ITGB3BP;VAC14;GTF2A2;RBM47;ATF6B;POLDIP3;NAA20;USP10;WBP4;DPCD;UACA;ADD1;MAPK9;TRA2B;POLD1;MKNK2;RBBP8;BNIP2;RALY;POLR2H;DRAM2;MTA3;SMNDC1;MUTYH;TCF7L2;ATE1;PPIL2;ASCC1;IRX3;SWT1;DTNBP1;PTPN13;CDK11B;CHFR;U2SURP;RAD52;CARM1;ACIN1;QRICH1;FAM98A;ERCC6;TNRC6A;TAF2;SSBP4,Tra2b,SE,rmats,718,GO_Cellular_Component_2023
Nucleus (GO:0005634),244/4487,5.183990297589112e-11,1.8245569023589114,52.167425477290124,RTCA;DCAF8;HNRNPR;ENO1;MKI67;GPATCH8;CCAR1;TIAL1;RPS6KA2;CHEK2;CHEK1;DPF2;FAM53A;UBAP2L;RNF111;TMPO;ESCO1;DDX11;IFRD1;METTL3;DNTTIP1;RECQL;ACTN4;SRRM1;BIN1;TFAM;ANKRA2;BLZF1;MTMR2;CTBP1;STXBP2;COPS7B;UBE2J1;FXR1;RACGAP1;PCBP4;PCBP2;LTA4H;PATZ1;KAT14;TRMT1L;LHPP;PHC1;TIPARP;INTS2;NFATC3;CDC7;MEMO1;PTK2;MLLT10;STAG1;EIF5;STAG2;PPT1;RNPS1;PKIG;RPS24;RPAIN;SETD5;SETD6;MED17;SMG6;ING3;NELFB;NELFCD;PBRM1;STRADA;TFE3;GNL2;BAZ1B;TERF2;MED22;MMP14;NCOR1;SLTM;MED21;MTF2;WAC;PTMA;RNMT;GPS1;AKAP8;SCAF8;BCLAF1;ARVCF;RNF138;PPP1R7;HSF1;EXOSC8;BRD9;BRD8;EXOSC1;NKTR;BRD4;RANBP3;MYEF2;MGMT;RRP1B;RNF146;CENPF;FABP5;CENPH;TTC3;HNRNPA2B1;CEP43;EEF1AKMT2;MTCH2;CCNT1;FMR1;CIB1;CDC14B;EEF1B2;STK11;PAPOLA;KMT5A;GTF2I;BORA;KDM2B;KMT5C;FBXW11;APLP2;IPMK;VRK1;THOC7;CLIP1;ILF3;MSH3;PRPF3;HDGFL2;CSNK1G2;ANKRD17;PDS5B;BAG6;BAG4;DEAF1;BAG1;SAFB2;SMYD2;RPRD1B;NAE1;ECT2;ZC3H14;SMAD2;UBE2F;CHTOP;TIA1;CPSF6;CPSF1;UBE2B;HMGA1;ASPSCR1;MACO1;FANCE;NFKB1;AZIN1;LSM2;CLK1;NSFL1C;UBOX5;LSM6;NASP;CNOT2;TADA3;UBA2;FGFR1;SLC25A1;RBM27;KDM5A;MUS81;DIDO1;KDM5C;NAA40;CELF1;AKAP8L;FHL1;DDX42;UFSP2;PIK3CB;RESF1;DTWD1;FLCN;UBTF;TLK2;HMG20B;BUD23;TOPBP1;YAF2;ILKAP;ACTR2;USP48;NCBP1;AKTIP;ATRX;RAD23A;PPP2R5C;TRNAU1AP;REXO4;SENP1;SUPV3L1;TFDP1;PKM;TFDP2;THRAP3;GAPDH;ITGB3BP;GTF2A2;RBM47;ATF6B;POLDIP3;NAA20;USP10;WBP4;DPCD;UACA;ADD1;MAPK9;TRA2B;POLD1;MKNK2;RBBP8;RALY;POLR2H;MTA3;SMNDC1;MUTYH;TCF7L2;ATE1;PPIL2;ASCC1;IRX3;SWT1;DTNBP1;PTPN13;CDK11B;CHFR;U2SURP;RAD52;CARM1;ACIN1;QRICH1;FAM98A;ERCC6;TAF2;SSBP4,Tra2b,SE,rmats,718,GO_Cellular_Component_2023
Macropinosome (GO:0044354),4/6,0.0014011101786893393,54.00560224089636,576.027832371329,CARMIL1;CLIP1;MMP14;APLP2,Tra2b,SE,rmats,718,GO_Cellular_Component_2023
Pinosome (GO:0044352),4/6,0.0014011101786893393,54.00560224089636,576.027832371329,CARMIL1;CLIP1;MMP14;APLP2,Tra2b,SE,rmats,718,GO_Cellular_Component_2023
Chromosome (GO:0005694),18/164,0.0014011101786893393,3.3703326810176124,35.6014013810966,PBRM1;ESCO1;KRR1;FMR1;DNTTIP1;RECQL;PDS5B;RRP1B;MKI67;FANCE;SYCE2;STAG1;STAG2;CENPH;PPP1R7;EXOSC8;KMT5A;TOPBP1,Tra2b,SE,rmats,718,GO_Cellular_Component_2023
Intracellular Non-Membrane-Bounded Organelle (GO:0043232),70/1195,0.0016442515650178006,1.7434705075445815,17.819714491869348,SRP19;CCNT1;TMEM179B;FMR1;FAF2;HNRNPR;PIK3CB;MKI67;SMG6;CDC14B;EPB41L4A;UBTF;LRRFIP1;BUD23;TOPBP1;SPG11;NOM1;ESCO1;DDX11;TPM1;DNTTIP1;RECQL;VRK1;LARP4B;GNL2;BAZ1B;REXO4;TRAF7;ILF3;MRPS9;SAPCD2;BIN1;LDAH;GAPDH;MAD1L1;INO80B;AKAP8;RRBP1;PDS5B;PKMYT1;SPATA5;ADD1;FXR1;SYCE2;TCOF1;RACGAP1;CALD1;PPP1R7;EXOSC8;BNIP2;UTP20;ZC3H14;EXOSC1;COX10;NOP56;IDH3G;KRR1;RRP1B;FANCE;PTK2;CENPF;STAG1;LSM6;STAG2;ZZZ3;CENPH;TTC3;TSR1;CEP85;ERCC6,Tra2b,SE,rmats,718,GO_Cellular_Component_2023
Mitochondrial Membrane (GO:0031966),37/540,0.005092499133307485,2.028425628315277,17.9883136726049,SLC25A1;MRPS17;MTCH2;MTARC2;TAFAZZIN;SRC;TAMM41;COX15;TIMM9;NDUFA10;OMA1;MFF;MRPL33;RCC1L;RHOT1;OPA1;NNT;MPV17;BID;DNM1L;COX10;PTCD3;TIMMDC1;MUL1;IMMT;TIMM22;NME4;TIMM44;MRPL48;MRPL24;ATAD3A;CLPX;QTRT1;MRPS9;COQ2;KRAS;DAP3,Tra2b,SE,rmats,718,GO_Cellular_Component_2023
Nucleolus (GO:0005730),48/771,0.005092499133307485,1.8390041493775933,16.097118757747122,INO80B;SRP19;CCNT1;TMEM179B;FMR1;AKAP8;HNRNPR;PIK3CB;PKMYT1;MKI67;SMG6;CDC14B;FXR1;TCOF1;EXOSC8;UBTF;BNIP2;UTP20;POLR2H;BUD23;SPG11;ZC3H14;EXOSC1;COX10;NOP56;NOM1;IDH3G;KRR1;DDX11;DNTTIP1;VRK1;RRP1B;LARP4B;GNL2;BAZ1B;REXO4;TRAF7;ILF3;MRPS9;LSM6;STAG2;ZZZ3;CENPH;SAPCD2;TTC3;TSR1;CEP85;ERCC6,Tra2b,SE,rmats,718,GO_Cellular_Component_2023
Mitochondrial Inner Membrane (GO:0005743),28/370,0.005092499133307485,2.2473090939910163,19.36721551621701,MRPS17;SLC25A1;TAFAZZIN;TAMM41;COX15;SRC;TIMM9;NDUFA10;OMA1;MRPL33;RCC1L;OPA1;NNT;MPV17;COX10;PTCD3;TIMMDC1;IMMT;NME4;TIMM22;TIMM44;MRPL48;MRPL24;ATAD3A;CLPX;MRPS9;COQ2;DAP3,Tra2b,SE,rmats,718,GO_Cellular_Component_2023
Mitotic Spindle (GO:0072686),15/143,0.005092499133307485,3.192900960170697,27.22185430990848,CKAP2;CDC7;HAUS2;CDC14B;FLCN;ZZZ3;NCOR1;RACGAP1;TFDP2;TADA3;MAP4;ECT2;LSM14A;MAD1L1;KAT14,Tra2b,SE,rmats,718,GO_Cellular_Component_2023
Nuclear Lumen (GO:0031981),48/780,0.005092499133307485,1.8155126009297773,15.403190396564492,INO80B;SRP19;CCNT1;TMEM179B;FMR1;AKAP8;HNRNPR;PIK3CB;PKMYT1;MKI67;SMG6;CDC14B;FXR1;TCOF1;EXOSC8;UBTF;BNIP2;UTP20;BUD23;SPG11;ZC3H14;EXOSC1;COX10;NOP56;NOM1;PBRM1;IDH3G;KRR1;DDX11;DNTTIP1;VRK1;RRP1B;LARP4B;GNL2;BAZ1B;REXO4;TRAF7;ILF3;MRPS9;LSM6;STAG2;ZZZ3;CENPH;SAPCD2;TTC3;TSR1;CEP85;ERCC6,Tra2b,SE,rmats,718,GO_Cellular_Component_2023
Vesicle Coat (GO:0030120),7/37,0.006775311924753781,6.318049695264885,51.250010265003695,SEC24B;NECAP2;COPG1;SEC24C;EPN1;SEC31A;EPN2,Tra2b,SE,rmats,718,GO_Cellular_Component_2023
Organelle Inner Membrane (GO:0019866),28/398,0.012204374159476974,2.074171562867215,15.438329242772022,SLC25A1;MRPS17;TAFAZZIN;SRC;TAMM41;COX15;TIMM9;NDUFA10;OMA1;MRPL33;RCC1L;OPA1;NNT;MPV17;COX10;PTCD3;TIMMDC1;IMMT;TIMM22;NME4;TIMM44;MRPL48;MRPL24;ATAD3A;CLPX;MRPS9;COQ2;DAP3,Tra2b,SE,rmats,718,GO_Cellular_Component_2023
Cytoplasmic Stress Granule (GO:0010494),9/76,0.030323297603307018,3.6405069153527148,23.513671773395952,TIAL1;FXR1;TIA1;STAU1;CELF1;FMR1;LARP4B;PUM1;LSM14A,Tra2b,SE,rmats,718,GO_Cellular_Component_2023
RNA Binding (GO:0003723),43/1411,3.99950586693505e-6,2.9195943351645104,52.6120438044232,TOP2A;ANKRD17;DDX49;CSTF2;NUDT1;NOLC1;PSIP1;BAZ2A;SMG5;RAD51AP1;MRPL4;MTHFSD;U2AF2;PCBP2;SAFB2;KHDC4;MTPAP;RBM5;AGFG1;PTCD3;RBM39;PRRC2C;ALG13;NOSIP;TRNAU1AP;APTX;PRRC2B;PTBP2;PRRC2A;SRPK1;GNL3;ATXN2L;TBL3;ILF3;SON;DALRD3;GEMIN5;ACIN1;RPL22L1;HNRNPC;TRIM32;METAP2;R3HDM2,Trim71,A3SS,rmats,241,GO_Molecular_Function_2023
RNA Polymerase II-specific DNA-binding Transcription Factor Binding (GO:0061629),12/228,0.0029634237966724994,4.7411450752062105,50.821518356411346,MAD2L2;HDAC5;NCOR1;TBP;MTA1;RNF25;MLX;BAZ2A;GATA4;TCF3;HIF1A;TRIM32,Trim71,A3SS,rmats,241,GO_Molecular_Function_2023
DNA Binding (GO:0003677),24/846,0.008404663825183498,2.5479498133135996,23.62291718011097,CTC1;TOP2A;TSG101;MPG;OGG1;NR1H2;HP1BP3;ATRX;GATA4;HIF1A;APTX;DEDD2;SIRT3;PSMC3IP;RAD51AP1;CAMSAP3;ILF3;MSH3;POLD1;PCBP2;MLX;SAFB2;TCF3;RBM5,Trim71,A3SS,rmats,241,GO_Molecular_Function_2023
Histone H3K9 Methyltransferase Activity (GO:0046974),3/9,0.009217375125414673,41.497899159663866,368.9726608653976,SETD5;EHMT2;EHMT1,Trim71,A3SS,rmats,241,GO_Molecular_Function_2023
Ubiquitin-Like Protein Ligase Binding (GO:0044389),12/289,0.011409865410901039,3.6855264609903364,31.160484868557575,BAG6;KDM4A;CHKB;TSG101;HGS;JKAMP;PCBP2;GLMN;NDUFS2;HIF1A;SCAMP3;SMG5,Trim71,A3SS,rmats,241,GO_Molecular_Function_2023
Ubiquitin Binding (GO:0043130),6/80,0.01801419722062612,6.791834387579068,52.95964086275073,TOP2A;USPL1;TSG101;HGS;USP33;TRIM32,Trim71,A3SS,rmats,241,GO_Molecular_Function_2023
Ubiquitin Protein Ligase Binding (GO:0031625),11/271,0.01801419722062612,3.586772575250836,27.480674755326547,BAG6;KDM4A;CHKB;TSG101;JKAMP;PCBP2;GLMN;NDUFS2;HIF1A;SCAMP3;SMG5,Trim71,A3SS,rmats,241,GO_Molecular_Function_2023
Ubiquitin-Like Protein Transferase Activity (GO:0019787),10/240,0.023192309550279504,3.675701110483719,26.74248983809731,UBE2F;TRAF7;RNF13;UHRF1;RNF25;TTC3;RNF181;CBLL1;TRIM32;CHFR,Trim71,A3SS,rmats,241,GO_Molecular_Function_2023
Histone H3 Methyltransferase Activity (GO:0140938),4/36,0.026644004750959925,10.404535864978904,73.02895362610698,SETD5;PRMT2;EHMT2;EHMT1,Trim71,A3SS,rmats,241,GO_Molecular_Function_2023
Transcription Corepressor Binding (GO:0001222),4/42,0.04306585409810065,8.75904952254053,56.35070334248876,HDAC5;EHMT2;EHMT1;WIZ,Trim71,A3SS,rmats,241,GO_Molecular_Function_2023
Damaged DNA Binding (GO:0003684),4/45,0.04599929450818257,8.116908510857261,50.12635801439476,MPG;OGG1;POLD1;APTX,Trim71,A3SS,rmats,241,GO_Molecular_Function_2023
DNA-binding Transcription Factor Binding (GO:0140297),10/282,0.04599929450818257,3.101445123503947,18.827306588055155,MAD2L2;HDAC5;NCOR1;TBP;MTA1;MLX;GATA4;TCF3;HIF1A;HCFC1,Trim71,A3SS,rmats,241,GO_Molecular_Function_2023
Lysine-Acetylated Histone Binding (GO:0070577),3/23,0.04599929450818257,12.440546218487395,74.23880784269058,BAZ2A;BRD9;BRD7,Trim71,A3SS,rmats,241,GO_Molecular_Function_2023
Acetylation-Dependent Protein Binding (GO:0140033),3/23,0.04599929450818257,12.440546218487395,74.23880784269058,BAZ2A;BRD9;BRD7,Trim71,A3SS,rmats,241,GO_Molecular_Function_2023
Nuclear Receptor Binding (GO:0016922),6/115,0.04599929450818257,4.602771813390591,27.197578017374518,NCOR1;PRMT2;BAZ2A;MMS19;TRIP12;HIF1A,Trim71,A3SS,rmats,241,GO_Molecular_Function_2023
U1 snRNA Binding (GO:0030619),2/7,0.04599929450818257,33.061087866108785,192.97435818299755,GEMIN5;HNRNPC,Trim71,A3SS,rmats,241,GO_Molecular_Function_2023
Oxidized DNA Binding (GO:0032356),2/7,0.04599929450818257,33.061087866108785,192.97435818299755,MSH3;OGG1,Trim71,A3SS,rmats,241,GO_Molecular_Function_2023
Chromatin Remodeling (GO:0006338),15/228,1.7285387662777153e-4,6.090614483360339,96.96298864392395,HDAC5;KDM4A;GLMN;HP1BP3;ATRX;PSIP1;BAZ2A;HCFC1;GATAD2A;MTA1;BRD9;TRIP12;HNRNPC;BRD7;HDGFL2,Trim71,A3SS,rmats,241,GO_Biological_Process_2023
DNA Alkylation (GO:0006305),5/15,4.702155960219023e-4,41.84110169491525,595.2388257008578,EHMT2;ATRX;EHMT1;BAZ2A;GATAD2A,Trim71,A3SS,rmats,241,GO_Biological_Process_2023
Positive Regulation Of DNA Recombination (GO:0045911),7/51,0.0011554830480648348,13.40374902874903,172.93986318070827,RAD51AP1;MAD2L2;MORF4L1;MRGBP;MMS19;TRAPPC13;HDGFL2,Trim71,A3SS,rmats,241,GO_Biological_Process_2023
DNA Methylation (GO:0006306),5/20,0.0011554830480648348,27.887005649717516,352.32289963624635,EHMT2;ATRX;EHMT1;BAZ2A;GATAD2A,Trim71,A3SS,rmats,241,GO_Biological_Process_2023
Positive Regulation Of Double-Strand Break Repair (GO:2000781),8/84,0.002223842175210729,8.892252089451096,104.53805952633112,RAD51AP1;MAD2L2;MORF4L1;MRGBP;MMS19;TRAPPC13;BRD7;HDGFL2,Trim71,A3SS,rmats,241,GO_Biological_Process_2023
Regulation Of Double-Strand Break Repair Via Homologous Recombination (GO:0010569),7/71,0.004831746293252632,9.205729166666666,98.18438763033363,RAD51AP1;MAD2L2;MORF4L1;MRGBP;MMS19;TRAPPC13;HDGFL2,Trim71,A3SS,rmats,241,GO_Biological_Process_2023
Chromatin Organization (GO:0006325),13/268,0.004831746293252632,4.361059511523908,46.41754695030204,HDAC5;KDM4A;ATRX;EHMT1;PSIP1;BAZ2A;HCFC1;GATAD2A;MTA1;BRD9;HNRNPC;BRD7;HDGFL2,Trim71,A3SS,rmats,241,GO_Biological_Process_2023
Positive Regulation Of Nucleic Acid-Templated Transcription (GO:1903508),19/557,0.008646741331206218,3.0576961720084395,30.35721707975746,RNF10;ENY2;PRMT2;CHUK;NR1H2;GATA4;HIF1A;ZFP90;HCFC1;GATAD2A;MAD2L2;MORF4L1;PPP3CB;ILF3;MRGBP;MTA1;MMS19;TCF3;OGT,Trim71,A3SS,rmats,241,GO_Biological_Process_2023
DNA Repair (GO:0006281),13/291,0.008796905608803215,3.995535150826707,39.12880867432571,MPG;OGG1;ATRX;NUDT1;FANCE;APTX;MAD2L2;RAD51AP1;MTA1;MSH3;POLD1;MMS19;ATRIP,Trim71,A3SS,rmats,241,GO_Biological_Process_2023
Positive Regulation Of Double-Strand Break Repair Via Homologous Recombination (GO:1905168),5/36,0.009603433469567366,13.482777474029524,129.43536762540563,RAD51AP1;MORF4L1;MRGBP;MMS19;HDGFL2,Trim71,A3SS,rmats,241,GO_Biological_Process_2023
Heterochromatin Organization (GO:0070828),5/39,0.01294696588136224,12.291251246261217,113.15327430588974,HDAC5;UHRF1;HP1BP3;BAZ2A;TRIP12,Trim71,A3SS,rmats,241,GO_Biological_Process_2023
Protein Deacetylation (GO:0006476),5/40,0.013431235394883853,11.939467312348668,108.43744599458638,HDAC5;MORF4L1;MTA1;GATAD2A;SIRT3,Trim71,A3SS,rmats,241,GO_Biological_Process_2023
mRNA Splice Site Recognition (GO:0006376),4/29,0.0404225386528093,13.32253164556962,104.7319406854305,PRPF39;PSIP1;KHDC4;HNRNPC,Trim71,A3SS,rmats,241,GO_Biological_Process_2023
Histone Modification (GO:0016570),6/81,0.0404225386528093,6.700936170212766,51.802058782977184,MORF4L1;HDAC5;ENY2;MTA1;MRGBP;GATAD2A,Trim71,A3SS,rmats,241,GO_Biological_Process_2023
protein-RNA Complex Assembly (GO:0022618),8/150,0.0404225386528093,4.743275101251284,36.25474367187441,TRAF7;XAB2;RSRP1;GEMIN5;KHDC4;HNRNPC;RBM5;SRPK1,Trim71,A3SS,rmats,241,GO_Biological_Process_2023
Regulation Of Cellular Component Organization (GO:0051128),8/153,0.0404225386528093,4.6444280005919785,34.88875903415649,CAMSAP3;MAD2L2;SETD5;RAB4A;NCLN;ROCK1;TSC2;HCFC1,Trim71,A3SS,rmats,241,GO_Biological_Process_2023
Modification-Dependent Protein Catabolic Process (GO:0019941),9/192,0.0404225386528093,4.149802148106275,31.12677477567233,BAG6;RNF13;UHRF1;RNF25;USP33;TTC3;TRIP12;TRIM32;CHFR,Trim71,A3SS,rmats,241,GO_Biological_Process_2023
Negative Regulation Of Proteasomal Ubiquitin-Dependent Protein Catabolic Process (GO:0032435),4/32,0.0404225386528093,11.893309222423147,88.89992957835888,BAG6;SDCBP;SGTA;OGT,Trim71,A3SS,rmats,241,GO_Biological_Process_2023
Heterochromatin Formation (GO:0031507),4/32,0.0404225386528093,11.893309222423147,88.89992957835888,HDAC5;UHRF1;BAZ2A;TRIP12,Trim71,A3SS,rmats,241,GO_Biological_Process_2023
Positive Regulation Of Exosomal Secretion (GO:1903543),3/14,0.0404225386528093,22.629488158899925,169.03408910015114,SDCBP;TSG101;HGS,Trim71,A3SS,rmats,241,GO_Biological_Process_2023
Regulation Of Double-Strand Break Repair (GO:2000779),6/88,0.046180359792288725,6.126725480020758,44.649620587274846,RAD51AP1;MORF4L1;MRGBP;TRIP12;BRD7;ATRIP,Trim71,A3SS,rmats,241,GO_Biological_Process_2023
DNA Metabolic Process (GO:0006259),11/288,0.04855431560467422,3.3637105634908178,24.07772433580614,CTC1;TOP2A;RAD51AP1;MSH3;OGG1;ORC3;POLD1;ATRX;NUDT1;MMS19;ATRIP,Trim71,A3SS,rmats,241,GO_Biological_Process_2023
Regulation Of mRNA Processing (GO:0050684),4/35,0.04855431560467422,10.740710494079217,76.55248284355379,RBM39;SON;SAFB2;SRPK1,Trim71,A3SS,rmats,241,GO_Biological_Process_2023
DNA Damage Response (GO:0006974),13/384,0.04855431560467422,2.9796661464983214,21.167611101303727,TOP2A;OGG1;ATRX;NUDT1;MAD2L2;RAD51AP1;MSH3;POLD1;MMS19;TRIP12;TRAPPC13;ATRIP;HDGFL2,Trim71,A3SS,rmats,241,GO_Biological_Process_2023
Mitophagy (GO:0000423),3/16,0.048798907668161674,19.146089204912734,135.10759122880197,TAFAZZIN;ATG4B;OGT,Trim71,A3SS,rmats,241,GO_Biological_Process_2023
Histone Deacetylation (GO:0016575),4/36,0.048798907668161674,10.404535864978904,73.02895362610698,HDAC5;MORF4L1;MTA1;GATAD2A,Trim71,A3SS,rmats,241,GO_Biological_Process_2023
Intracellular Membrane-Bounded Organelle (GO:0043231),102/5175,1.6552435610462522e-6,2.1243400312275313,37.93258057966641,SPARC;EHMT2;ECI2;NUDT1;EHMT1;EDC4;CDC27;FAM53A;MTPAP;AGFG1;IPMK;MED8;TSC2;NOSIP;CDC25C;SCAMP3;HCFC1;ILF3;DMTF1;CCNE2;MSH3;GEMIN5;CBLL1;HDGFL2;ANKRD17;CDCA2;BAZ2A;GATA4;HIF1A;BAG6;RAD51AP1;SDCBP;PCBP2;SAFB2;KHDC4;ATRIP;AP1M2;CTC1;UBE2F;CPSF1;NCAPH2;FANCE;SRPK1;RSRP1;MMS19;HNRNPC;TCF3;OGT;TOP2A;SETD5;RNF10;DDX49;RNF13;TCF25;PHF23;OGG1;CDCA7L;HP1BP3;PSIP1;SMG5;RSRC1;MLX;RBM5;TBP;PRMT2;AKTIP;ATRX;TRNAU1AP;PTBP2;SIRT3;GNL3;TRAF7;NCOR1;RABEP2;HDAC5;ATF6B;UHRF1;WIZ;LENG8;RAD54B;NT5C;MAPK9;MTA1;MAPK7;U2AF2;POLD1;BRD9;BRD7;KDM4A;B3GAT3;RNF25;NR1H2;SGTA;APTX;CHFR;GATAD2A;MAD2L2;XAB2;TTC3;ACIN1;TRIP12;TRIM32,Trim71,A3SS,rmats,241,GO_Cellular_Component_2023
Nucleus (GO:0005634),92/4487,1.6552435610462522e-6,2.1584747768589994,38.09460433022874,TOP2A;SETD5;RNF10;DDX49;TCF25;EHMT2;PHF23;OGG1;CDCA7L;HP1BP3;NUDT1;EHMT1;PSIP1;SMG5;EDC4;RSRC1;CDC27;MLX;FAM53A;RBM5;TBP;PRMT2;AKTIP;IPMK;ATRX;MED8;TSC2;NOSIP;TRNAU1AP;CDC25C;PTBP2;HCFC1;SIRT3;GNL3;ILF3;NCOR1;DMTF1;CCNE2;MSH3;GEMIN5;CBLL1;HDGFL2;ANKRD17;HDAC5;CDCA2;ATF6B;UHRF1;WIZ;LENG8;BAZ2A;GATA4;HIF1A;RAD54B;NT5C;BAG6;RAD51AP1;SDCBP;MAPK9;MTA1;MAPK7;U2AF2;POLD1;PCBP2;SAFB2;BRD9;KHDC4;BRD7;ATRIP;CTC1;UBE2F;KDM4A;CPSF1;RNF25;NCAPH2;NR1H2;SGTA;FANCE;APTX;CHFR;SRPK1;GATAD2A;MAD2L2;XAB2;TTC3;RSRP1;ACIN1;MMS19;TRIP12;HNRNPC;TCF3;OGT;TRIM32,Trim71,A3SS,rmats,241,GO_Cellular_Component_2023
Euchromatin (GO:0000791),5/44,0.009199886655696182,10.712733594089526,92.3479388449776,SETD5;TBP;UHRF1;PSIP1;TCF3,Trim71,A3SS,rmats,241,GO_Cellular_Component_2023
Chromosome (GO:0005694),8/164,0.032961155715264895,4.314515241553869,30.44567480840316,RAD51AP1;TOP2A;MAD2L2;CDCA2;HP1BP3;TRAPPC13;FANCE;GNL3,Trim71,A3SS,rmats,241,GO_Cellular_Component_2023
DNA-directed DNA Polymerase Activity (GO:0003887),3/20,0.03291388568494881,24.13995943204868,188.117108388032,POLDIP2;PRIMPOL;POLG,Trim71,A5SS,rmats,148,GO_Molecular_Function_2023
DNA Polymerase Activity (GO:0034061),3/21,0.03291388568494881,22.797701149425286,174.26651827099587,POLDIP2;PRIMPOL;POLG,Trim71,A5SS,rmats,148,GO_Molecular_Function_2023
Nuclear Receptor Coactivator Activity (GO:0030374),4/50,0.03291388568494881,11.960144927536232,90.69505302025782,MED12;CNOT6;HMGA1;PPRC1,Trim71,A5SS,rmats,148,GO_Molecular_Function_2023
Acid Phosphatase Activity (GO:0003993),2/6,0.038805617679641,67.97260273972603,484.6959126300919,ACP2;POLG,Trim71,A5SS,rmats,148,GO_Molecular_Function_2023
mRNA Binding (GO:0003729),8/282,0.04073753188116207,4.083003128258603,27.40410294537049,RBM25;MRPS11;ESRP1;PUM1;TYMS;TARDBP;PUM2;NELFE,Trim71,A5SS,rmats,148,GO_Molecular_Function_2023
miRNA Binding (GO:0035198),3/29,0.04073753188116207,15.776657824933688,105.33607664750609,PUM1;RBM10;PUM2,Trim71,A5SS,rmats,148,GO_Molecular_Function_2023
DNA Binding (GO:0003677),15/846,0.042756080093058986,2.5814988735376345,16.713119043534366,KMT2D;MORC3;SMARCB1;OGG1;HMGA1;PDS5B;USF1;TFPT;EXO1;TAF6;ZMYND11;TARDBP;EZH2;POLG;CENPS,Trim71,A5SS,rmats,148,GO_Molecular_Function_2023
Mitotic Spindle Assembly (GO:0090307),5/44,0.01741782521961395,17.76313430159584,194.2172033104275,RACGAP1;ABRAXAS1;PRC1;CLASP1;CCDC61,Trim71,A5SS,rmats,148,GO_Biological_Process_2023
DNA Metabolic Process (GO:0006259),10/288,0.02065095417197167,5.102179126264206,49.75295397205452,TFPT;SMARCB1;EXO1;OGG1;FANCA;PDS5B;TYMS;ATRIP;POLG;CENPS,Trim71,A5SS,rmats,148,GO_Biological_Process_2023
DNA Repair (GO:0006281),10/291,0.02065095417197167,5.046933828459435,48.777828390363084,POLDIP2;EXO1;ABRAXAS1;OGG1;FANCA;PDS5B;ATRIP;RHNO1;PRIMPOL;CENPS,Trim71,A5SS,rmats,148,GO_Biological_Process_2023
Nucleus (GO:0005634),58/4487,3.5677742056428784e-4,2.244133363437947,28.443485750832235,SMARCB1;PDCD6;OGG1;RESF1;NFU1;MED12;EXO1;XPO6;GPBP1;CWC22;NELFE;TLE3;MORC3;STRADA;PRKCD;PPRC1;JMJD6;ESRP1;ZMYND11;CBLL1;RHNO1;YAP1;KMT2D;GTF2A2;GGNBP2;POLDIP2;ABRAXAS1;PDS5B;UBE2J2;TYMS;UACA;HDAC6;PRIMPOL;BCL2L12;TFPT;RACGAP1;RBBP5;U2AF2;MARCHF7;ATRIP;RBM10;HNRNPA3;HMGA1;FANCA;LSM5;BLTP1;USF1;LSM7;CNOT6;CENPF;PRC1;MOB2;SRRD;CDK2AP2;TAF6;TARDBP;TRMT61A;EZH2,Trim71,A5SS,rmats,148,GO_Cellular_Component_2023
Intracellular Membrane-Bounded Organelle (GO:0043231),60/5175,0.00372471110533542,1.9644094908024528,18.928690864624418,SMARCB1;PDCD6;OGG1;RESF1;NFU1;MED12;EXO1;XPO6;GPBP1;CWC22;NELFE;POLG;TLE3;MORC3;STRADA;PRKCD;PPRC1;JMJD6;ESRP1;ZMYND11;CBLL1;RHNO1;YAP1;KMT2D;GTF2A2;GGNBP2;POLDIP2;ABRAXAS1;UBA5;PDS5B;UBE2J2;TYMS;UACA;HDAC6;PRIMPOL;BCL2L12;TFPT;RACGAP1;RBBP5;U2AF2;MARCHF7;ATRIP;RBM10;HNRNPA3;HMGA1;FANCA;LSM5;BLTP1;USF1;LSM7;CNOT6;CENPF;PRC1;MOB2;SRRD;CDK2AP2;TAF6;TARDBP;TRMT61A;EZH2,Trim71,A5SS,rmats,148,GO_Cellular_Component_2023
U6 snRNP (GO:0005688),2/7,0.04235955291625759,54.37534246575343,369.70597228777467,LSM7;LSM5,Trim71,A5SS,rmats,148,GO_Cellular_Component_2023
"Catalytic Activity, Acting On A tRNA (GO:0140101)",6/39,7.530034449933641e-4,17.60873440285205,223.64552617314308,QTRT1;AARS2;TARS2;FTSJ1;DUS3L;OSGEP,Trim71,RI,rmats,210,GO_Molecular_Function_2023
tRNA Modification (GO:0006400),8/67,5.556377201036976e-4,13.244504111428093,192.27537303207097,QTRT1;CTU2;AARS2;TRMT1;FTSJ1;DUS3L;TRMT61A;OSGEP,Trim71,RI,rmats,210,GO_Biological_Process_2023
RNA Modification (GO:0009451),6/51,0.008493739901705776,12.905228758169935,143.21261580150457,QTRT1;AARS2;TRMT1;FTSJ1;OSGEP;JMJD6,Trim71,RI,rmats,210,GO_Biological_Process_2023
Histone Modification (GO:0016570),7/81,0.008568046805670419,9.187325256290773,98.14892718398663,ING4;HDAC5;MRGBP;CARM1;BRD8;DMAP1;SUDS3,Trim71,RI,rmats,210,GO_Biological_Process_2023
Positive Regulation Of Double-Strand Break Repair Via Homologous Recombination (GO:1905168),5/36,0.009840384384963242,15.546026750590087,159.41825916547626,MRGBP;MMS19;BRD8;DMAP1;HDGFL2,Trim71,RI,rmats,210,GO_Biological_Process_2023
Histone H4 Acetylation (GO:0043967),5/39,0.009840384384963242,14.172166427546628,139.69079100151635,ING4;NAA40;MRGBP;BRD8;DMAP1,Trim71,RI,rmats,210,GO_Biological_Process_2023
DNA Metabolic Process (GO:0006259),12/288,0.009840384384963242,4.285024154589372,41.93852760327041,CTC1;INO80E;PARP2;POLE2;PWWP3A;MMS19;LRWD1;TYMS;MEN1;RAD9A;POLG;MUTYH,Trim71,RI,rmats,210,GO_Biological_Process_2023
Histone H2A Acetylation (GO:0043968),4/21,0.009840384384963242,22.584808680753856,219.01227002264997,NAA40;MRGBP;BRD8;DMAP1,Trim71,RI,rmats,210,GO_Biological_Process_2023
Chromatin Organization (GO:0006325),11/268,0.017893692134530192,4.20122010832372,37.56423357703389,ING4;HDAC5;INO80E;PWWP3A;BRD9;HNRNPC;SUDS3;LRWD1;HMGN2;ARID1A;HDGFL2,Trim71,RI,rmats,210,GO_Biological_Process_2023
Chromatin Remodeling (GO:0006338),10/228,0.017893692134530192,4.488990825688074,39.38458296347794,CDK9;HDAC5;INO80E;PARP2;BRD9;HNRNPC;SIRT7;SUDS3;ARID1A;HDGFL2,Trim71,RI,rmats,210,GO_Biological_Process_2023
Mitotic Sister Chromatid Segregation (GO:0000070),7/111,0.017893692134530192,6.527188328912467,56.58497340307009,ESPL1;ABRAXAS1;NCAPH2;AKAP8L;SPICE1;NCAPG;CHMP7,Trim71,RI,rmats,210,GO_Biological_Process_2023
tRNA Processing (GO:0008033),5/50,0.017893692134530192,10.70189701897019,92.54345771300899,QTRT1;AARS2;TRMT1;FTSJ1;OSGEP,Trim71,RI,rmats,210,GO_Biological_Process_2023
Positive Regulation Of DNA Recombination (GO:0045911),5/51,0.018031575102478787,10.468716861081655,89.53580159428769,MRGBP;MMS19;BRD8;DMAP1;HDGFL2,Trim71,RI,rmats,210,GO_Biological_Process_2023
Positive Regulation Of Double-Strand Break Repair (GO:2000781),6/84,0.022131549559332078,7.432880844645551,61.453410004110246,MRGBP;MMS19;BRD8;DMAP1;ARID1A;HDGFL2,Trim71,RI,rmats,210,GO_Biological_Process_2023
Mitotic Cytokinesis (GO:0000281),5/59,0.030777026968158164,8.914182475158086,70.1002916111534,ESPL1;RACGAP1;EXOC6B;JTB;CENPA,Trim71,RI,rmats,210,GO_Biological_Process_2023
Regulation Of DNA Repair (GO:0006282),7/129,0.032244784668888554,5.559072922555116,43.07350473931877,CDK9;INO80E;MRGBP;DMAP1;SIRT7;BRD8;ARID1A,Trim71,RI,rmats,210,GO_Biological_Process_2023
tRNA Methylation (GO:0030488),4/36,0.03746106835857976,11.989077669902912,90.32380206294701,DALRD3;TRMT1;FTSJ1;TRMT61A,Trim71,RI,rmats,210,GO_Biological_Process_2023
DNA Repair-Dependent Chromatin Remodeling (GO:0140861),3/16,0.038094478125271135,22.0479375696767,164.3993224285278,PARP2;SIRT7;HDGFL2,Trim71,RI,rmats,210,GO_Biological_Process_2023
RNA Processing (GO:0006396),8/183,0.04483927171756179,4.439038189533239,32.122103684625856,AKAP8L;EXOSC8;THOC1;LUC7L3;NOL9;HNRNPC;LSM5;BCAS2,Trim71,RI,rmats,210,GO_Biological_Process_2023
Nucleus (GO:0005634),76/4487,6.548738973286833e-4,1.9774241465535618,24.686873847539868,NAA40;AKAP8L;UFSP2;RPL10A;MED12;ING4;HMGN2;BCAS2;MEN1;ILKAP;HES6;MORC3;TGIF2;PARP2;THOC1;KRT7;DDX51;SIRT7;ARID1A;JMJD6;MAU2;ESPL1;LUC7L3;ANAPC5;ANKRA2;HDGFL2;HDAC5;KDM3A;ABRAXAS1;NCAPG;DLST;HTRA2;LENG8;NOL9;AMBRA1;TYMS;CENPA;OSGEP;PSMB10;FXR1;PRDX5;RACGAP1;ZSCAN10;EXOSC8;BRD9;BRD8;SUDS3;DMAP1;MUTYH;CTC1;RANBP2;PLK2;NCAPH2;NR1H2;ASPSCR1;LARP7;TRMT1;LRWD1;FANCE;LSM5;NR2F6;CDK9;FIBP;HNRNPM;CNOT6;EIF5;MIS18A;CARM1;TCEA2;PWWP3A;MDM2;RSRP1;MMS19;HNRNPC;TRMT61A;RAD9A,Trim71,RI,rmats,210,GO_Cellular_Component_2023
Intracellular Membrane-Bounded Organelle (GO:0043231),82/5175,0.0012636780588352902,1.8486679020223837,20.201826654838488,NAA40;AKAP8L;UFSP2;RPL10A;MED12;ING4;HMGN2;BCAS2;MEN1;POLG;ILKAP;HES6;MORC3;TGIF2;PARP2;THOC1;KRT7;DDX51;SIRT7;ARID1A;JMJD6;MAU2;ESPL1;LUC7L3;ANAPC5;ANKRA2;HDGFL2;HDAC5;KDM3A;SLC66A1;ABRAXAS1;MAK16;NCAPG;DLST;HTRA2;LENG8;NOL9;AMBRA1;TYMS;CENPA;OSGEP;PSMB10;FXR1;PRDX5;RACGAP1;ZSCAN10;EXOSC8;BRD9;BRD8;SUDS3;DMAP1;MUTYH;CTC1;RANBP2;PLK2;NCAPH2;NR1H2;ASPSCR1;LARP7;BRAF;TRMT1;LRWD1;FANCE;LSM5;NR2F6;CDK9;FIBP;HNRNPM;CNOT6;EIF5;MIS18A;POLE2;CARM1;TCEA2;PWWP3A;MDM2;RSRP1;MMS19;MAN2B1;HNRNPC;TRMT61A;RAD9A,Trim71,RI,rmats,210,GO_Cellular_Component_2023
Intracellular Non-Membrane-Bounded Organelle (GO:0043232),29/1195,0.0012636780588352902,2.559138765956237,27.455484865628527,INO80E;PAK1IP1;MAK16;NOLC1;HTRA2;NOL9;AUP1;AMBRA1;FXR1;TAF1D;RACGAP1;EXOSC8;PARP2;DIMT1;SPICE1;SIRT7;LRWD1;FANCE;LSS;NLE1;JMJD6;ABTB1;TBL3;MDM2;JTB;MMS19;ANAPC5;ARHGEF2;LLGL1,Trim71,RI,rmats,210,GO_Cellular_Component_2023
Nuclear Chromosome (GO:0000228),6/95,0.02157490092766948,6.510575016523464,49.501346334965355,INO80E;NCAPH2;NCAPG;BRD8;DMAP1;SUDS3,Trim71,RI,rmats,210,GO_Cellular_Component_2023
RNA Binding (GO:0003723),102/1411,4.280971433875281e-6,1.9593402378212506,36.558232117136534,EIF4A2;TCERG1;TFRC;FMR1;NUDT1;VIRMA;GPATCH8;EIF4ENIF1;PPP1CC;ENDOV;NUSAP1;FBRSL1;UBAP2L;MTPAP;AGFG1;RARS2;DIMT1;SECISBP2;PUS1;METTL3;CIRBP;ZCRB1;SRRM1;ILF3;RPP21;PPIG;DUS3L;AARS2;ZCCHC9;RTN4;RCC1L;HNRNPDL;PCBP4;ERI3;HLTF;DND1;SAFB2;UTP20;MAP4;LYAR;ZC3H14;MARK2;TIA1;CHTOP;PNPT1;CPSF6;HMGA1;MAGOHB;PUM1;TDRD3;SRPK1;FUBP3;HNRNPD;NOL10;RNPS1;RPS24;EIF4G1;RBM25;AKAP8L;ZCCHC17;UBTF;RBM7;RBM5;NCOA5;RBM18;MRPS23;SPATS2;DARS2;PPHLN1;TRNAU1AP;SAFB;DALRD3;SARS2;PKM;SLTM;NOA1;ESRP1;TRUB2;POLDIP3;SRRT;SAMHD1;ADD1;MTHFSD;SCAF8;TCOF1;SRP72;TRA2A;IGF2BP1;RRP36;PTCD3;MYEF2;KRR1;ADAT1;RSRC2;TPD52L2;APTX;U2SURP;KTN1;SEC23IP;TNIP1;ZYX;R3HDM1,Trim71,SE,rmats,813,GO_Molecular_Function_2023
Methylation-Dependent Protein Binding (GO:0140034),12/68,0.004563182424056544,5.117977528089888,56.26549490412,KDM5A;MBTD1;SUZ12;MORC3;ING3;ZZZ3;FMR1;MTF2;CBX1;ZMYND11;TDRD3;BPTF,Trim71,SE,rmats,813,GO_Molecular_Function_2023
Methylated Histone Binding (GO:0035064),12/71,0.0047834415023339915,4.856979622928966,51.1978692574245,KDM5A;MBTD1;SUZ12;MORC3;ING3;ZZZ3;FMR1;MTF2;CBX1;ZMYND11;TDRD3;BPTF,Trim71,SE,rmats,813,GO_Molecular_Function_2023
DNA Binding (GO:0003677),56/846,0.02681188705307699,1.7227095630653981,14.38429269066181,KDM5A;FMR1;PRDM5;HP1BP3;SMC5;SMC6;RBPJ;ENDOV;RUVBL2;DNMT3B;SMARCAD1;RBM5;POLG;MORC3;SECISBP2;ATRX;DNMT3A;SAFB;SIRT3;ILF3;SLTM;IRF1;MTF2;ZMYND11;HDAC4;KDM3A;WBP2;SRRT;PDS5B;SAMHD1;RELA;RNF138;HSF1;IGF2BP1;SAFB2;RBBP8;PMS2;PATZ1;LYAR;NHEJ1;BPTF;SUZ12;SMAD2;TCF7L2;POU2F1;ATAD5;CBX1;HMGA1;APTX;KLF2;CAMSAP3;TFAP4;FUBP3;AUNIP;QRICH1;RAD18,Trim71,SE,rmats,813,GO_Molecular_Function_2023
Ubiquitin-Like Protein Peptidase Activity (GO:0019783),7/32,0.02681188705307699,6.6567741935483875,55.2950363709272,USP47;USP48;USPL1;ATG4B;UFSP2;UCHL3;USP28,Trim71,SE,rmats,813,GO_Molecular_Function_2023
Histone Modification (GO:0016570),15/81,0.002210041931659668,5.445716564137617,76.44747014396664,HDAC4;MEAF6;UBE2B;USP3;MBTD1;ING3;MRGBP;RUVBL2;BRMS1L;MIER1;TADA3;EP400;TBL1X;MTA3;KAT14,Trim71,SE,rmats,813,GO_Biological_Process_2023
Internal Peptidyl-Lysine Acetylation (GO:0018393),10/39,0.003500323556572284,8.226907716751835,106.00453603681083,BAG6;MBTD1;ATAT1;ING3;MRGBP;MEAF6;RUVBL2;TADA3;EP400;KAT14,Trim71,SE,rmats,813,GO_Biological_Process_2023
Histone H2A Acetylation (GO:0043968),7/21,0.010670285389136062,11.8939205955335,134.17990606027223,MBTD1;NAA40;ING3;MRGBP;MEAF6;RUVBL2;EP400,Trim71,SE,rmats,813,GO_Biological_Process_2023
DNA Damage Response (GO:0006974),34/384,0.010670285389136062,2.3490115532734275,25.522840556823432,MUS81;USP16;STXBP4;FMR1;DOT1L;NUDT1;SMC5;CIB1;SMC6;PDS5B;SAMHD1;ENDOV;HPF1;HLTF;EP400;TLK2;RBBP8;MAP2K6;MUTYH;USP47;UBE2B;KMT5C;USP3;METTL3;CBX1;ATRX;VRK1;FANCC;CHD1L;USP28;FOXP1;TTC5;MMS19;RAD18,Trim71,SE,rmats,813,GO_Biological_Process_2023
DNA Metabolic Process (GO:0006259),28/288,0.010670285389136062,2.596550710436061,28.18348790495981,MUS81;FMR1;DOT1L;NUDT1;PDS5B;SAMHD1;ENDOV;HPF1;ORC6;ORC1;CBS;RUVBL2;HLTF;EP400;RBBP8;SMARCAD1;POLG;MUTYH;TCF7L2;UBE2B;KMT5C;USP3;ATRX;FANCC;CHD1L;UBE2V2;MMS19;RAD18,Trim71,SE,rmats,813,GO_Biological_Process_2023
Histone Acetylation (GO:0016573),11/60,0.011926187019366742,5.356964731029569,56.57280164498144,MBTD1;NAA40;ING3;MRGBP;MEAF6;RUVBL2;TADA3;EP400;MAP3K7;KAT14;TAF2,Trim71,SE,rmats,813,GO_Biological_Process_2023
mRNA Polyadenylation (GO:0006378),7/24,0.013196617736353715,9.793460808641074,100.8476434454112,SCAF8;PNPT1;PAPOLA;PEX2;TENT2;MTPAP;CDC73,Trim71,SE,rmats,813,GO_Biological_Process_2023
RNA Polyadenylation (GO:0043631),7/25,0.013196617736353715,9.248897160187482,92.5305885022402,SCAF8;PNPT1;PAPOLA;PEX2;TENT2;MTPAP;CDC73,Trim71,SE,rmats,813,GO_Biological_Process_2023
Establishment Of Mitotic Spindle Localization (GO:0040001),8/34,0.013196617736353715,7.323841376015289,72.38182968020975,GPSM1;SAPCD2;FBXW11;NUSAP1;CENPA;CLASP1;CDK5RAP2;ENKD1,Trim71,SE,rmats,813,GO_Biological_Process_2023
Regulation Of Organelle Organization (GO:0033043),14/100,0.013196617736353715,3.8916960153680473,38.40480133175167,USP6NL;FIS1;RAP1GDS1;MFF;PTK2;CAMSAP3;TJP1;RHOT1;RUVBL2;PREB;NF2;DNM1L;MARK2;ATG5,Trim71,SE,rmats,813,GO_Biological_Process_2023
DNA Repair (GO:0006281),27/291,0.013196617736353715,2.4622224149895904,23.894488821577603,MUS81;ABRAXAS1;FMR1;DOT1L;NUDT1;CIB1;PDS5B;ENDOV;HPF1;HLTF;EP400;RBBP8;PMS2;NHEJ1;MUTYH;USP47;UBE2B;KMT5C;USP3;ATRX;FANCC;CHD1L;APTX;UBE2V2;MMS19;RAD18;RHNO1,Trim71,SE,rmats,813,GO_Biological_Process_2023
Regulation Of mRNA Processing (GO:0050684),8/35,0.013196617736353715,7.052219921785139,68.12117348447657,TIA1;SLTM;PAPOLA;SAFB2;MAGOHB;SAFB;SRPK1;SRRM1,Trim71,SE,rmats,813,GO_Biological_Process_2023
Establishment Of Spindle Orientation (GO:0051294),8/35,0.013196617736353715,7.052219921785139,68.12117348447657,GPSM1;SAPCD2;FBXW11;MAP4;CENPA;CLASP1;CDK5RAP2;ENKD1,Trim71,SE,rmats,813,GO_Biological_Process_2023
Intracellular Protein Transport (GO:0006886),29/325,0.013196617736353715,2.3607237658576943,22.69147890742801,RPAIN;IPO11;FUT10;COX18;SNX13;RAB22A;ARFRP1;EIF4ENIF1;XPO4;ARFIP2;HEATR3;TLK1;ARFIP1;FAM53A;HOMER3;RAB28;SEC31A;APPL1;CTSA;RANBP3;STRADA;STX8;SEC16A;FAM91A1;CAMSAP3;SEC23IP;CTTN;RAB3GAP2;PREB,Trim71,SE,rmats,813,GO_Biological_Process_2023
Selective Autophagy (GO:0061912),10/58,0.019051874969099596,4.96549398090494,45.56281548894066,RETREG3;TAFAZZIN;UBA5;UBQLN1;ARFIP2;ATG4B;PEX2;AMBRA1;ATG13;ATG5,Trim71,SE,rmats,813,GO_Biological_Process_2023
Histone H4 Acetylation (GO:0043967),8/39,0.02492923086345271,6.140973752754959,54.301399045193484,MBTD1;NAA40;ING3;MRGBP;MEAF6;KANSL2;RUVBL2;EP400,Trim71,SE,rmats,813,GO_Biological_Process_2023
Positive Regulation Of Mitochondrial Calcium Ion Concentration (GO:0051561),4/8,0.02672205550638568,23.711990111248454,206.3178690691987,FIS1;RAP1GDS1;MICU1;SLC25A23,Trim71,SE,rmats,813,GO_Biological_Process_2023
mRNA 3'-End Processing (GO:0031124),8/40,0.02672205550638568,5.948757763975156,51.48794078106282,SCAF8;CPSF6;PAPOLA;RPRD1B;PEX2;TENT2;MTPAP;CDC73,Trim71,SE,rmats,813,GO_Biological_Process_2023
Positive Regulation Of DNA Recombination (GO:0045911),9/51,0.027617055223829352,5.102611940298507,43.72035774139201,MBTD1;ING3;MRGBP;TFRC;MEAF6;KMT5C;RUVBL2;EP400;MMS19,Trim71,SE,rmats,813,GO_Biological_Process_2023
Regulation Of mRNA Metabolic Process (GO:1903311),5/15,0.030792780914407035,11.866955445544555,99.19944987155573,SLTM;SAFB2;MAGOHB;SAFB;SRPK1,Trim71,SE,rmats,813,GO_Biological_Process_2023
Regulation Of miRNA-mediated Gene Silencing (GO:0060964),5/15,0.030792780914407035,11.866955445544555,99.19944987155573,FMR1;DND1;LIMD1;PUM1;EIF4G1,Trim71,SE,rmats,813,GO_Biological_Process_2023
Proteasome-Mediated Ubiquitin-Dependent Protein Catabolic Process (GO:0043161),27/319,0.03497578742905236,2.2228249503293944,18.194722469667298,ANAPC15;WDR26;ANAPC16;PSMD14;FAF2;UBR1;AMBRA1;UBE2J2;UBE2J1;ECPAS;BAG6;AMN1;ZNRF1;SHARPIN;RNF216;UBQLN1;TBL1X;BTRC;FBXW5;UBE2B;FBXW11;UBE4A;ARMC8;DNAJC10;MDM2;RBCK1;RNF121,Trim71,SE,rmats,813,GO_Biological_Process_2023
Protein Secretion (GO:0009306),10/67,0.04249128244638099,4.179502304952917,33.21162237772677,TANGO6;CYB5R4;PORCN;RAB13;MIA2;MIA3;PREB;COPG2;NAGPA;RAB8B,Trim71,SE,rmats,813,GO_Biological_Process_2023
Intracellular Membrane-Bounded Organelle (GO:0043231),298/5175,8.214649933669167e-10,1.697836685372792,45.05498767563467,TCERG1;PANK2;TFRC;NUDT1;EHMT1;SMC5;SMC6;RBPJ;GABPB1;GPATCH8;PPP4R2;ANKFY1;FAM53A;UBAP2L;TMPO;AGFG1;ESCO1;METTL3;CIRBP;RFX1;ARMC8;PRKAB1;EML3;SCAMP2;SRRM1;BIN1;PREB;NSMF;KIF20B;RHNO1;MTMR2;MEAF6;SRCAP;CTBP2;UBE2J2;UBE2J1;RAB11FIP1;RNF216;PCBP4;FIGNL1;MIER1;HLTF;DND1;DPH3;PATZ1;LYAR;NHEJ1;KAT14;SEC31A;CTSA;TIPARP;TMEM192;MAGOHB;PTK2;WAPL;SRPK1;MLLT10;FUBP3;HNRNPD;GTF2IRD1;MMS19;RNPS1;PKIG;RAD18;RPS24;CEP57;RPAIN;SETD5;INTS13;SETD6;TDRP;OTUD7B;ZBTB8OS;MIA3;MED16;LIMD1;MED15;N4BP2L2;ING3;XPO4;CTSH;NELFB;ACADS;GABPA;APPL1;SS18;NCOA2;SPHK2;STRADA;KIF23;SIRT3;GAK;NCOR2;NCOR1;CTTN;SLTM;MED20;MTF2;GPRC5C;WDR26;DOT1L;CENPA;RELA;ECPAS;SCAF8;RNF138;HSF1;USP1;PMS2;MARCHF7;METTL6;TBL1X;APBB3;BRD4;SUZ12;RANBP3;MYEF2;ATAD5;PCGF5;MOK;APTX;RNF146;SEC23IP;TFAP4;TTC3;ZYX;TRIP10;FMR1;PRDM5;CTNND1;ARID4B;CIB1;VIRMA;CDC14B;EEF1B2;EIF4ENIF1;PPP1CC;RUVBL2;PAPOLA;NEK1;SMARCAD1;KMT5A;MTPAP;MAP3K7;GTF2I;MORC3;BORA;KMT5C;FBXW11;USP4;USP3;PUS1;IPMK;UBE4A;VRK1;CHD1L;CDC25C;THOC7;FOXP1;ILF3;UBE2V2;PPIG;CSNK1G2;ANKRD16;PSMD14;UBA5;PDS5B;GPATCH2L;PMF1;BAG6;ORC1;YBEY;DEAF1;SAFB2;OTX2;RPRD1B;ZC3H14;BPTF;OSBPL9;SMAD2;TIA1;CHTOP;POU2F1;CPSF6;UBE2B;VTA1;PHF12;CBX1;HMGA1;FANCC;MACO1;CLK4;NFKB1;TDRD3;IFT20;DAB2;DLG1;HOOK2;NASP;P4HA1;TADA3;MDM2;UBA3;PIR;NF2;SERGEF;EIF4G1;KDM5A;MUS81;KDM5C;NAA40;AKAP8L;HP1BP3;CEP164;UFSP2;CDC73;RESF1;SENP6;FLCN;HPF1;PPP6R3;UBTF;DNMT3B;TLK2;TLK1;FLOT2;DNM1L;RBM7;RBM5;ILKAP;POLG;USP47;SUN1;USP48;TBP;ACTR6;CEMIP2;AKTIP;ATRX;CAD;DNMT3A;PEX2;TRNAU1AP;SAFB;EPN2;TRAF7;CREB1;PKM;RABEP2;TRAPPC6B;IRF1;ESRP1;DNAJC5;ZMYND11;GAPDH;ITGB3BP;HDAC4;KDM3A;USP16;CARNMT1;PPM1M;WBP2;POLDIP3;ABRAXAS1;RAP1GDS1;LENG8;AMBRA1;SAMHD1;CLCN3;UACA;ADD1;ZNRF1;NFS1;TNKS2;CBS;TRA2A;NRIP1;IGF2BP1;RBBP8;MTA3;REPS1;MUTYH;SMARCE1;TCF7L2;ATE1;PPIL2;IRX3;LIMK2;MCOLN1;PTPN13;USP28;CHFR;U2SURP;MCM3AP;WEE1;BRMS1L;QRICH1;TAF2,Trim71,SE,rmats,813,GO_Cellular_Component_2023
Nucleus (GO:0005634),259/4487,2.2810839356808126e-8,1.654084084443063,37.249401137359364,TCERG1;PANK2;NUDT1;EHMT1;SMC5;SMC6;RBPJ;GABPB1;GPATCH8;PPP4R2;FAM53A;UBAP2L;TMPO;ESCO1;METTL3;CIRBP;ARMC8;PRKAB1;EML3;SRRM1;BIN1;PREB;NSMF;KIF20B;RHNO1;MTMR2;MEAF6;SRCAP;CTBP2;UBE2J2;UBE2J1;RNF216;PCBP4;FIGNL1;MIER1;HLTF;DND1;DPH3;PATZ1;LYAR;NHEJ1;KAT14;TIPARP;TMEM192;MAGOHB;PTK2;WAPL;SRPK1;MLLT10;FUBP3;HNRNPD;GTF2IRD1;MMS19;RNPS1;PKIG;RAD18;RPS24;CEP57;RPAIN;SETD5;INTS13;SETD6;TDRP;OTUD7B;ZBTB8OS;MED16;LIMD1;MED15;N4BP2L2;ING3;XPO4;NELFB;ACADS;GABPA;APPL1;SS18;NCOA2;SPHK2;STRADA;KIF23;SIRT3;NCOR2;NCOR1;SLTM;MED20;MTF2;WDR26;DOT1L;CENPA;RELA;ECPAS;SCAF8;RNF138;HSF1;USP1;PMS2;MARCHF7;METTL6;TBL1X;APBB3;BRD4;SUZ12;RANBP3;MYEF2;ATAD5;PCGF5;MOK;APTX;RNF146;TFAP4;TTC3;ZYX;FMR1;PRDM5;CTNND1;ARID4B;CIB1;VIRMA;CDC14B;EEF1B2;EIF4ENIF1;PPP1CC;RUVBL2;PAPOLA;NEK1;SMARCAD1;KMT5A;MAP3K7;GTF2I;MORC3;BORA;KMT5C;FBXW11;USP4;USP3;PUS1;IPMK;UBE4A;VRK1;CHD1L;CDC25C;THOC7;FOXP1;ILF3;UBE2V2;PPIG;CSNK1G2;ANKRD16;PSMD14;PDS5B;GPATCH2L;BAG6;ORC1;YBEY;DEAF1;SAFB2;OTX2;RPRD1B;ZC3H14;BPTF;SMAD2;TIA1;CHTOP;POU2F1;CPSF6;UBE2B;PHF12;CBX1;HMGA1;FANCC;MACO1;CLK4;NFKB1;TDRD3;DLG1;NASP;TADA3;MDM2;UBA3;PIR;NF2;SERGEF;EIF4G1;KDM5A;MUS81;KDM5C;NAA40;AKAP8L;HP1BP3;UFSP2;CDC73;RESF1;SENP6;FLCN;HPF1;PPP6R3;UBTF;DNMT3B;TLK2;TLK1;RBM7;RBM5;ILKAP;USP47;USP48;TBP;ACTR6;AKTIP;ATRX;CAD;DNMT3A;TRNAU1AP;SAFB;CREB1;PKM;IRF1;ESRP1;ZMYND11;GAPDH;ITGB3BP;HDAC4;KDM3A;USP16;CARNMT1;PPM1M;WBP2;POLDIP3;ABRAXAS1;RAP1GDS1;LENG8;AMBRA1;SAMHD1;UACA;ADD1;NFS1;TNKS2;HAUS8;CBS;TRA2A;NRIP1;IGF2BP1;RBBP8;MTA3;MUTYH;SMARCE1;TCF7L2;ATE1;PPIL2;IRX3;LIMK2;PTPN13;USP28;CHFR;U2SURP;MCM3AP;WEE1;BRMS1L;QRICH1;TAF2,Trim71,SE,rmats,813,GO_Cellular_Component_2023
Mitotic Spindle (GO:0072686),21/143,3.082724846910055e-5,4.143535767511177,61.760520933745354,LIMK2;CKAP2;HAUS6;KIF23;WAPL;HAUS2;CDC14B;EML3;EML4;ATAT1;FLCN;WRAP73;ZZZ3;NCOR1;HAUS8;TADA3;NUSAP1;MAP4;TBL1X;KAT14;CLASP1,Trim71,SE,rmats,813,GO_Cellular_Component_2023
trans-Golgi Network (GO:0005802),25/241,0.0012326949783116965,2.786443645422072,30.453123975262216,USP6NL;PI4K2B;ATP2C1;ECPAS;SCAMP5;TEPSIN;ARFRP1;GOLGA4;ARFIP2;ARFIP1;ATP9B;SLC30A6;ATP8B2;GPR108;STX8;COG2;TRAPPC9;FAM91A1;PHETA1;TJAP1;SCAMP2;HOOK2;TRAPPC6B;RAB13;LGR5,Trim71,SE,rmats,813,GO_Cellular_Component_2023
Spindle (GO:0005819),21/210,0.007613308177444485,2.665263748597082,23.681376598224592,LIMK2;CBX1;SPICE1;CKAP2;KIF23;WAPL;EML3;CDC14B;EML4;ATAT1;FLCN;WRAP73;ZZZ3;NCOR1;TADA3;NUSAP1;MMS19;MAP4;TBL1X;KAT14;CLASP1,Trim71,SE,rmats,813,GO_Cellular_Component_2023
Sex Chromosome (GO:0000803),3/5,0.028364916295458634,35.52777777777778,261.8714056585334,PCGF5;SMC5;SMC6,Trim71,SE,rmats,813,GO_Cellular_Component_2023
Intracellular Non-Membrane-Bounded Organelle (GO:0043232),71/1195,0.028364916295458634,1.5377226597346787,10.892682630969686,TMEM179B;PAK1IP1;FMR1;PRDM5;HP1BP3;FAF2;RBPJ;CDC14B;PPP1CC;ENDOV;EPB41L4A;CASP8;SH3PXD2B;UBTF;NUSAP1;ARFIP2;RBM7;CDK5RAP2;ESCO1;ACTR6;DIMT1;CEMIP2;TPM1;SPICE1;KIF23;VRK1;ACSL3;EML3;TRAF7;ILF3;CTTN;SAPCD2;AOPEP;BIN1;KIF20B;GAPDH;RHNO1;KANK1;MEAF6;ZCCHC9;PDS5B;AMBRA1;RELA;ADD1;SYCE2;TCOF1;CALD1;EPB41L3;TRA2A;NRIP1;RRP36;UTP20;LYAR;ZC3H14;PLK4;SUZ12;ATP8B2;IDH3G;KRR1;CBX1;APTX;PTK2;WAPL;WEE1;ZZZ3;TTC3;MDM2;NOL10;MMS19;CEP85;NF2,Trim71,SE,rmats,813,GO_Cellular_Component_2023
H4/H2A Histone Acetyltransferase Complex (GO:0043189),6/29,0.028364916295458634,6.194924842411508,43.15563395099181,MBTD1;ING3;MRGBP;MEAF6;RUVBL2;EP400,Trim71,SE,rmats,813,GO_Cellular_Component_2023
NuA4 Histone Acetyltransferase Complex (GO:0035267),6/29,0.028364916295458634,6.194924842411508,43.15563395099181,MBTD1;ING3;MRGBP;MEAF6;RUVBL2;EP400,Trim71,SE,rmats,813,GO_Cellular_Component_2023
Swr1 Complex (GO:0000812),4/12,0.028364916295458634,11.853522867737949,81.4990435687913,ING3;SRCAP;RUVBL2;EP400,Trim71,SE,rmats,813,GO_Cellular_Component_2023
Microbody Membrane (GO:0031903),8/53,0.028364916295458634,4.227356797791581,28.220998859020185,ABCD4;PECR;FIS1;AGPS;PEX2;FAR1;DECR2;RAB8B,Trim71,SE,rmats,813,GO_Cellular_Component_2023
Peroxisomal Membrane (GO:0005778),8/53,0.028364916295458634,4.227356797791581,28.220998859020185,ABCD4;PECR;FIS1;AGPS;PEX2;FAR1;DECR2;RAB8B,Trim71,SE,rmats,813,GO_Cellular_Component_2023
ATAC Complex (GO:0140672),4/13,0.028364916295458634,10.535915396236781,68.90821611692378,ZZZ3;TADA3;MAP3K7;KAT14,Trim71,SE,rmats,813,GO_Cellular_Component_2023
Mitotic Spindle Microtubule (GO:1990498),4/13,0.028364916295458634,10.535915396236781,68.90821611692378,HAUS8;HAUS6;HAUS2;EML3,Trim71,SE,rmats,813,GO_Cellular_Component_2023
DNA Replication Origin Binding (GO:0003688),4/13,0.00383488732228337,31.509192645883292,333.86025781539547,DHX9;DDX11;ORC3;CDC6,Ubr5,A3SS,rmats,282,GO_Molecular_Function_2023
DNA Binding (GO:0003677),28/846,0.00383488732228337,2.5470226979573765,26.811132183048905,TOP2A;MYRF;DHX9;MPG;OGG1;SRRT;CHD4;DEDD2;SBNO1;CUX1;PCBP2;MLX;CAMTA1;RBM5;JMJD4;TCF7L2;RFC1;DDX11;NR1H2;NR2F6;SIRT3;CAMSAP3;MMS22L;MSH3;FUBP1;TIMELESS;TCF4;TCF3,Ubr5,A3SS,rmats,282,GO_Molecular_Function_2023
RNA Binding (GO:0003723),39/1411,0.004001505930141438,2.1460785372349998,21.629175339494864,TOP2A;STAU1;DHX9;YTHDC1;CELF1;FASTKD3;SRRT;NUDT1;BAZ2A;GIGYF2;SMG5;MRPL4;DHX30;RNASEH1;PCBP2;UBAP2L;HEATR6;RBM5;AGFG1;PTCD3;CPSF4;DDX11;PRRC2C;ALG13;HELZ;EDF1;THOC2;PTBP2;PRRC2A;PUM2;SRPK1;DALRD3;CCDC9;FUBP1;GOLGB1;HNRNPC;EIF4G3;EIF4G1;R3HDM2,Ubr5,A3SS,rmats,282,GO_Molecular_Function_2023
Post-Transcriptional Gene Silencing (GO:0016441),4/11,0.014660525845198719,40.51593011305241,459.71592288136276,CELF1;DHX9;HELZ;GIGYF2,Ubr5,A3SS,rmats,282,GO_Biological_Process_2023
Positive Regulation Of Double-Strand Break Repair (GO:2000781),8/84,0.014660525845198719,7.545908567038033,80.14281454860462,MAD2L2;MRGBP;DDX11;TIMELESS;KMT5B;MMS19;FOXM1;BRD7,Ubr5,A3SS,rmats,282,GO_Biological_Process_2023
Chromatin Organization (GO:0006325),14/268,0.014660525845198719,4.003055588200729,41.79171460043835,HDAC5;KDM4B;BRPF1;HDAC10;DDX11;ACTR5;EHMT1;BAZ2A;CHD4;WAC;BRD9;HNRNPC;BRD7;NFRKB,Ubr5,A3SS,rmats,282,GO_Biological_Process_2023
Positive Regulation Of DNA Repair (GO:0045739),8/89,0.014660525845198719,7.078309453005317,72.1913073711452,HDAC10;DHX9;ACTR5;DDX11;TIMELESS;FOXM1;BRD7;NFRKB,Ubr5,A3SS,rmats,282,GO_Biological_Process_2023
Regulation Of DNA Replication (GO:0006275),7/75,0.02580847304614193,7.355614973262032,68.51950717272075,DHX9;EHMT2;ACTR5;ORC3;CDC6;NFRKB;WAPL,Ubr5,A3SS,rmats,282,GO_Biological_Process_2023
Chromatin Remodeling (GO:0006338),12/228,0.02580847304614193,4.012757201646091,36.9224001350713,HDAC5;KDM4B;BRPF1;ACTR5;WAC;BAZ2A;BRD9;TRIP12;CHD4;HNRNPC;BRD7;NFRKB,Ubr5,A3SS,rmats,282,GO_Biological_Process_2023
Regulation Of DNA-templated Transcription (GO:0006355),47/1922,0.02580847304614193,1.9032533333333332,17.010382681512723,HDAC5;HDAC10;MYRF;DHX9;OGG1;SRRT;EHMT1;WIZ;BAZ2A;CHD4;FOXM1;DEDD2;RXRB;SBNO1;ZMYM2;CUX1;NSD2;MLX;CAMTA1;BRD9;E4F1;CCNL2;BRD7;NFRKB;ATXN7L3;TCF7L2;BRPF1;CHUK;NR1H2;ACTR5;MED8;EDF1;VEZF1;FOXP4;LIME1;ACVR2B;FOXP1;MAD2L2;NCOR1;MRGBP;DMTF1;WAC;TIMELESS;MMS19;TCF4;MDM4;TCF3,Ubr5,A3SS,rmats,282,GO_Biological_Process_2023
Regulation Of Sister Chromatid Cohesion (GO:0007063),3/8,0.02580847304614193,42.39354838709677,374.0159411663826,ESPL1;DDX11;WAPL,Ubr5,A3SS,rmats,282,GO_Biological_Process_2023
Negative Regulation Of Chromosome Organization (GO:2001251),3/8,0.02580847304614193,42.39354838709677,374.0159411663826,TOP2A;ESPL1;WAPL,Ubr5,A3SS,rmats,282,GO_Biological_Process_2023
Regulation Of Multicellular Organismal Development (GO:2000026),6/59,0.02826659922154786,8.066037735849056,69.57872710381446,BRPF1;ACTR5;EHMT1;TRIP12;NFRKB;BLTP1,Ubr5,A3SS,rmats,282,GO_Biological_Process_2023
DNA Metabolic Process (GO:0006259),13/288,0.034542994106720834,3.416816492058128,28.463108208882062,TOP2A;TCF7L2;OGG1;ACTR5;NUDT1;FANCA;LIG3;MSH3;ORC3;TIMELESS;MMS19;KMT5B;NFRKB,Ubr5,A3SS,rmats,282,GO_Biological_Process_2023
DNA Repair (GO:0006281),13/291,0.03500314931652098,3.3794228557674306,27.81283888326669,FANCI;MPG;OGG1;ACTR5;NUDT1;FANCA;LIG3;MAD2L2;MSH3;NSD2;TIMELESS;MMS19;KMT5B,Ubr5,A3SS,rmats,282,GO_Biological_Process_2023
Intracellular Membrane-Bounded Organelle (GO:0043231),112/5175,2.9988523815742932e-5,1.9069837692137885,29.279358461786313,PANK4;HDAC10;EHMT2;ECI2;NUDT1;EHMT1;EDC4;FAM53A;UBAP2L;KMT5B;CCNL2;NFRKB;ATXN7L3;AGFG1;JMJD4;DDX11;IPMK;MED8;TSC2;LIG3;CDC25C;FOXP4;SCAMP3;FOXP1;DMTF1;CCNE2;MSH3;TIMELESS;PKP4;SNRNP25;CBLL1;DHX9;YTHDC1;BAZ2A;RNPC3;DHX30;SDCBP;SBNO1;RNF216;IRAK1;PCBP2;CAMTA1;AP1M2;UBE2F;CPSF4;BRPF1;FANCA;CDC7;CDC6;WAPL;AZIN1;BLTP1;SRPK1;NR2F6;CLK2;IFT20;UBE2W;FUBP1;GOLGB1;MMS19;TCF4;MDM4;HNRNPC;TCF3;FGFR2;EIF4G1;TOP2A;RNF13;TCF25;CELF1;OGG1;CHD4;ARRB2;FOXM1;CLINT1;SMG5;ZMYM2;PPP6R3;MLX;DLGAP5;RBM5;RFC1;AKTIP;ACTR5;EDF1;VEZF1;PTBP2;SIRT3;MMS22L;TRAF7;NCOR1;ESPL1;WAC;BIRC6;HDAC5;MVK;MYRF;WIZ;LENG8;RXRB;CUX1;NSD2;BRD9;BRD7;TCF7L2;KDM4B;NR1H2;MAD2L2;CLCN4;GNPDA2;SRRD;TRIP12,Ubr5,A3SS,rmats,282,GO_Cellular_Component_2023
Nucleus (GO:0005634),100/4487,2.9988523815742932e-5,1.9201336616426654,28.423648295917147,PANK4;HDAC10;EHMT2;NUDT1;EHMT1;EDC4;FAM53A;UBAP2L;KMT5B;CCNL2;NFRKB;ATXN7L3;JMJD4;DDX11;IPMK;MED8;TSC2;LIG3;CDC25C;FOXP4;FOXP1;DMTF1;CCNE2;MSH3;TIMELESS;PKP4;SNRNP25;CBLL1;DHX9;YTHDC1;BAZ2A;RNPC3;DHX30;SDCBP;SBNO1;RNF216;IRAK1;PCBP2;CAMTA1;UBE2F;BRPF1;FANCA;CDC7;CDC6;WAPL;AZIN1;BLTP1;SRPK1;NR2F6;CLK2;UBE2W;FUBP1;MMS19;TCF4;MDM4;HNRNPC;TCF3;FGFR2;EIF4G1;TOP2A;TCF25;CELF1;OGG1;CHD4;ARRB2;FOXM1;SMG5;ZMYM2;PPP6R3;MLX;DLGAP5;RBM5;RFC1;AKTIP;ACTR5;EDF1;VEZF1;PTBP2;SIRT3;MMS22L;NCOR1;ESPL1;WAC;BIRC6;HDAC5;MYRF;WIZ;LENG8;RXRB;CUX1;NSD2;BRD9;BRD7;TCF7L2;KDM4B;NR1H2;MAD2L2;GNPDA2;SRRD;TRIP12,Ubr5,A3SS,rmats,282,GO_Cellular_Component_2023
Mitotic Spindle (GO:0072686),9/143,0.008206408855078893,4.81810726586846,41.05706573749269,ATAT1;NCOR1;ESPL1;EPB41;PKP4;CDC7;CDC6;WAPL;DLGAP5,Ubr5,A3SS,rmats,282,GO_Cellular_Component_2023
Spindle (GO:0005819),11/210,0.008206408855078893,3.981327300710193,33.83311980216529,ATAT1;MAD2L2;NCOR1;ESPL1;EPB41;CDC7;MMS19;PKP4;CDC6;WAPL;DLGAP5,Ubr5,A3SS,rmats,282,GO_Cellular_Component_2023
Clathrin Vesicle Coat (GO:0030125),3/12,0.01787926945171692,23.54719235364397,176.51163344399072,NECAP2;CLINT1;EPN1,Ubr5,A3SS,rmats,282,GO_Cellular_Component_2023
Clathrin Coat (GO:0030118),3/16,0.03637412850863466,16.29859387923904,107.62845587329245,NECAP2;CLINT1;EPN1,Ubr5,A3SS,rmats,282,GO_Cellular_Component_2023
Protein Phosphatase Activator Activity (GO:0072542),2/15,0.041985827160703176,48.64957264957265,333.1041915085982,PPP4R3A;PPP2R5C,Ubr5,MXE,rmats,65,GO_Molecular_Function_2023
Phosphatase Activator Activity (GO:0019211),2/17,0.041985827160703176,42.15873015873016,277.931745242601,PPP4R3A;PPP2R5C,Ubr5,MXE,rmats,65,GO_Molecular_Function_2023
Methylation-Dependent Protein Binding (GO:0140034),3/68,0.041985827160703176,14.791563275434243,97.07092352816606,MBTD1;SUZ12;ZZZ3,Ubr5,MXE,rmats,65,GO_Molecular_Function_2023
Methylated Histone Binding (GO:0035064),3/71,0.041985827160703176,14.136859582542694,91.01436236751404,MBTD1;SUZ12;ZZZ3,Ubr5,MXE,rmats,65,GO_Molecular_Function_2023
"Catalytic Activity, Acting On A tRNA (GO:0140101)",7/39,1.552766698685561e-4,17.247125,247.75518251109855,MTFMT;AARS2;TARS2;FTSJ1;DUS3L;OSGEP;ANKZF1,Ubr5,RI,rmats,257,GO_Molecular_Function_2023
Chromatin Organization (GO:0006325),16/268,5.530087652807497e-4,5.134953566488837,75.44050941482298,HDAC5;INO80E;CHTOP;BRPF1;HDAC3;DDX11;ACTR5;CHD1L;LRWD1;ING4;PWWP3A;PCGF1;BRD9;SUDS3;HMGN2;HMGN3,Ubr5,RI,rmats,257,GO_Biological_Process_2023
tRNA Modification (GO:0006400),8/67,0.0015002404857632475,10.718943570893744,139.35068272668565,CTU2;AARS2;ANKRD16;TRMT1;FTSJ1;DUS3L;TRMT61A;OSGEP,Ubr5,RI,rmats,257,GO_Biological_Process_2023
RNA Modification (GO:0009451),7/51,0.0016866963326541901,12.535727272727273,156.41830449963004,AARS2;ANKRD16;TSR3;TRMT1;FTSJ1;OSGEP;JMJD6,Ubr5,RI,rmats,257,GO_Biological_Process_2023
DNA Metabolic Process (GO:0006259),13/288,0.029493039893321533,3.7717436661698955,34.87538392844374,INO80E;PARP2;ACTR5;FANCA;CHD1L;LRWD1;TYMS;POLE2;PWWP3A;ADPRS;MMS19;RAD9A;MUTYH,Ubr5,RI,rmats,257,GO_Biological_Process_2023
protein-DNA Complex Organization (GO:0071824),6/60,0.029493039893321533,8.715803452855246,78.76436109590107,HDAC5;HDAC3;PWWP3A;LRWD1;HMGN2;HMGN3,Ubr5,RI,rmats,257,GO_Biological_Process_2023
RNA Processing (GO:0006396),10/183,0.029493039893321533,4.579813250333482,40.86691402981137,CELF1;KHSRP;EXOSC8;THOC1;NOL9;SNRNP48;LSM5;BCAS2;RBM5;SRPK1,Ubr5,RI,rmats,257,GO_Biological_Process_2023
Chromatin Remodeling (GO:0006338),11/228,0.03537134637849657,4.023565996028624,34.55185955136625,HDAC5;INO80E;CHTOP;BRPF1;PARP2;ACTR5;PCGF1;BRD9;CHD1L;SUDS3;PRIMPOL,Ubr5,RI,rmats,257,GO_Biological_Process_2023
Intracellular Membrane-Bounded Organelle (GO:0043231),94/5175,0.007757835063311447,1.6641185796235947,15.485819607861183,DENND1C;CRTC2;CELF1;TECR;UFSP2;ATRAID;MED12;ING4;KHSRP;SNAPC4;TRAPPC14;CCNL2;HMGN2;HMGN3;BCAS2;RBM5;ILKAP;HES6;PARP2;DDX11;ACTR5;THOC1;ZFP91;CHD1L;CDC25C;CFAP410;DGKZ;WDR77;JMJD6;MAU2;NPEPL1;IRF3;RABEP2;CTDSP1;SYF2;TYRO3;ADPRS;SIK2;HDAC5;VAC14;ANKRD16;HDAC3;DLST;HTRA2;LENG8;NOL9;TYMS;WDR24;CENPA;OSGEP;PRIMPOL;DHX30;PRDX5;MAPK7;RACGAP1;NSD1;ZSCAN10;EXOSC8;POLR2E;PCGF1;BRD9;NAE1;SUDS3;IP6K1;MUTYH;RANBP2;CHTOP;BRPF1;INTS1;NCAPH2;NR1H2;FANCA;ASPSCR1;CDC7;TRMT1;LRWD1;LSM5;SRPK1;GADD45G;CLK2;CLK1;XAB2;CNOT6;MIS18A;CLCN4;FUBP1;POLE2;TCEA2;PWWP3A;MDM2;MMS19;MAN2B1;TRMT61A;RAD9A,Ubr5,RI,rmats,257,GO_Cellular_Component_2023
Nucleus (GO:0005634),84/4487,0.007757835063311447,1.6916474447926335,15.684701807152868,CRTC2;CELF1;TECR;UFSP2;MED12;ING4;KHSRP;SNAPC4;CCNL2;HMGN2;HMGN3;BCAS2;RBM5;ILKAP;HES6;PARP2;DDX11;ACTR5;THOC1;ZFP91;CHD1L;CDC25C;DGKZ;WDR77;JMJD6;MAU2;NPEPL1;IRF3;CTDSP1;SYF2;TYRO3;ADPRS;SIK2;HDAC5;ANKRD16;HDAC3;DLST;HTRA2;LENG8;NOL9;TYMS;CENPA;OSGEP;PRIMPOL;DHX30;PRDX5;MAPK7;RACGAP1;NSD1;ZSCAN10;EXOSC8;POLR2E;PCGF1;BRD9;NAE1;SUDS3;IP6K1;MUTYH;RANBP2;CHTOP;BRPF1;INTS1;NCAPH2;NR1H2;FANCA;ASPSCR1;CDC7;TRMT1;LRWD1;LSM5;SRPK1;GADD45G;CLK2;CLK1;XAB2;CNOT6;MIS18A;FUBP1;TCEA2;PWWP3A;MDM2;MMS19;TRMT61A;RAD9A,Ubr5,RI,rmats,257,GO_Cellular_Component_2023
Ubiquitin-Like Protein Transferase Activity (GO:0019787),32/240,3.2669608312023554e-4,2.9418768604104653,42.3118025044982,MARCHF2;UHRF2;RNF14;UBE3A;BRCA1;KLHL13;TRIM68;FBXO3;ARIH1;TRIM21;HACE1;UBE2B;FBXW11;NSMCE2;HUWE1;WWP1;PJA2;CHFR;RNF146;UBE2W;TRAF7;ITCH;TTC3;MDM2;UBA3;MDM4;BIRC6;RBCK1;BCOR;RNF141;TRIM11;TRIM33,Ubr5,SE,rmats,1014,GO_Molecular_Function_2023
RNA Binding (GO:0003723),107/1411,0.004697836111772806,1.5996695774514513,17.634139562519753,TFRC;FMR1;SPPL2B;PPAN;NUDT1;RPL10A;VIRMA;GPATCH8;PPP1CC;NUSAP1;CAST;RARS2;SECISBP2;ACTN1;DDX11;PUS1;CIRBP;ALG13;ZCRB1;GTPBP1;FAM133B;ILF3;ZC3H11A;SRFBP1;MACF1;AARS2;TRMT2A;RCC1L;MTDH;FXR1;DHX30;RNASEH1;HNRNPDL;DHX33;ERI3;SAFB2;UTP20;MAP4;ZC3H13;ZC3H14;MARK2;PRPF38B;UPF3B;HELZ;PUM1;SRPK1;EIF5;GOLGB1;HNRNPC;EIF4G3;RBM25;TUT7;AKAP8L;BRCA1;ZCCHC17;TENT4B;FARS2;SMG6;RBM5;TOP3B;PRPF40B;DARS2;TRNAU1AP;DDX50;UCHL5;WDR33;DALRD3;SARS2;PKM;NOA1;THRAP3;ESRP1;TUT1;LUC7L2;STAU1;DDX25;SRRT;AKAP8;MTIF2;MTHFSD;GANAB;SCAF8;BCLAF1;UNK;TCOF1;IGF2BP1;FLNB;SMNDC1;SRSF11;EXOSC1;RBM39;TAF15;MYEF2;KRR1;YLPM1;HUWE1;RSRC2;TPD52L2;APTX;KTN1;SEC23IP;XPOT;ZYX;ACIN1;FAM98A;R3HDM1;TNRC6A,Ubr5,SE,rmats,1014,GO_Molecular_Function_2023
Protein-Lysine N-methyltransferase Activity (GO:0016279),11/54,0.013295689138217652,4.8313895522734125,46.27413500024701,SETD5;SUV39H2;METTL22;KMT2D;SETDB1;KMT5C;EHMT2;SETD6;NSD2;KMT5B;EEF1AKMT2,Ubr5,SE,rmats,1014,GO_Molecular_Function_2023
Ubiquitin-Protein Transferase Activity (GO:0004842),39/412,0.020120784750230592,1.9960321715817695,17.716412749286334,MARCHF2;UHRF2;RNF14;RNF38;RNF19B;UBE3A;UBR1;BRCA1;KLHL13;UBE2J2;RNFT1;UBE2J1;RNF138;TRIM68;FBXO3;TRIM26;ARIH1;TRIM21;HACE1;UBE2B;FBXW11;FBXO17;HUWE1;WWP1;PJA2;CHFR;RNF146;TRAF7;UBE2W;ITCH;TTC3;MDM2;MDM4;BIRC6;RBCK1;BCOR;RNF141;TRIM33;TRIM11,Ubr5,SE,rmats,1014,GO_Molecular_Function_2023
Microtubule Binding (GO:0008017),26/239,0.024259479664025228,2.319372374598468,19.634919531031375,CEP57;MACF1;FMR1;KIF15;SPAST;RACGAP1;NUSAP1;TOGARAM1;KIF21A;MAP4;DLGAP5;CLASP1;FBXW11;MTUS1;MACO1;HAUS6;TERF1;EML3;EML4;CAMSAP3;CLIP1;KIF18B;TUBGCP3;KIF20B;GAPDH;MDM1,Ubr5,SE,rmats,1014,GO_Molecular_Function_2023
