ko_symbol,event,database,term,overlap,adjusted_p_value,odds_ratio,combined_score,genes,gene_number
Cd2bp2,SE,GO_Cellular_Component_2023,Nucleus (GO:0005634),136/4487,1.548189421465902e-20,3.4322618774009257,175.16600224489028,ATF2;GEMIN2;FMR1;JADE1;DCAF8;SMC5;RBPJ;RPL10A;VIRMA;UXT;PPP1CC;STK11;PPP4R2;RUVBL2;KAT7;CCNL2;KDM2B;FBXW11;NSMCE2;METTL3;TSC2;ARMC8;PRKAB1;GTF2F2;THOC7;MED7;THOC6;MAU2;RRAGB;BIN1;FANCD2;MSH3;GEMIN5;GEMIN8;ISCU;MYCBP2;COPS7B;PDS5B;OSGEP;BAG6;IRAK1;MIER1;KAT14;BPTF;CHTOP;PHC1;FANCL;BRPF3;XRCC3;FANCC;RFXANK;FANCE;LSM2;STAG1;DLG1;STAG2;TADA2A;LSM6;CNOT2;TADA3;MDM2;RNPS1;CDK12;RPS24;EZH2;EIF4G1;RBM26;NCAPG2;ZBTB8OS;FOXM1;MED15;CDC73;MED14;METTL14;SIN3A;UIMC1;SNAPC4;RBM7;POLE;KDM6A;TOP3B;NCOA2;PBRM1;TBP;STRADA;STRADB;ACTR5;DNMT3A;MSL3;TERF1;TERF2;TTI2;MSL1;MED22;CREB1;TFDP2;MED20;MTF2;ERGIC2;ITGB3BP;BIRC2;LAMA5;POLDIP3;ABRAXAS1;MIS12;AMBRA1;RMND5B;CECR2;BCLAF1;NFS1;MTA1;HAUS8;IGF2BP1;PCGF1;PMS2;ASCC3;MTA3;E2F6;PMS1;SLF1;TRMT10B;NAA10;PCGF5;SEPTIN2;NFYC;PCGF2;TPRKB;DTNBP1;APTX;RAD50;KANSL1;ERCC2;ERCC8;ACIN1;BCOR;TAF2,276
Cd2bp2,SE,GO_Cellular_Component_2023,Intracellular Membrane-Bounded Organelle (GO:0043231),141/5175,2.224041226079193e-17,3.0478523815830134,131.27712364510768,ATF2;GEMIN2;FMR1;JADE1;DCAF8;SMC5;RBPJ;RPL10A;VIRMA;UXT;PPP1CC;STK11;PPP4R2;RUVBL2;KAT7;CCNL2;KDM2B;FBXW11;NSMCE2;METTL3;TSC2;ARMC8;PRKAB1;GTF2F2;THOC7;MED7;THOC6;MAU2;RRAGB;BIN1;FANCD2;MSH3;GEMIN5;GEMIN8;ISCU;MYCBP2;COPS7B;PDS5B;OSGEP;BAG6;IRAK1;MIER1;KAT14;SEC31A;ATP6V0A1;BPTF;OSBPL9;CHTOP;PHC1;FANCL;BRPF3;XRCC3;FANCC;RFXANK;FANCE;LSM2;STAG1;DLG1;STAG2;TADA2A;LSM6;HOOK2;CNOT2;TADA3;MDM2;RNPS1;CDK12;RPS24;EZH2;EIF4G1;RBM26;NCAPG2;ZBTB8OS;FOXM1;MED15;CDC73;MED14;METTL14;SIN3A;UIMC1;SNAPC4;RBM7;POLE;KDM6A;TOP3B;NCOA2;PBRM1;SUN1;TBP;STRADA;STRADB;ACTR5;DNMT3A;MSL3;TERF1;TERF2;TTI2;MSL1;MED22;CREB1;TFDP2;MED20;MTF2;ERGIC2;ITGB3BP;BIRC2;LAMA5;POLDIP3;ABRAXAS1;MIS12;AMBRA1;RMND5B;CECR2;BCLAF1;GANAB;NFS1;MTA1;IGF2BP1;PCGF1;PMS2;ASCC3;MTA3;E2F6;PMS1;SLF1;TRMT10B;NAA10;PCGF5;SEPTIN2;NFYC;PCGF2;TPRKB;DTNBP1;APTX;RAD50;KANSL1;ERCC2;ERCC8;ACIN1;BCOR;TAF2,276
Cd2bp2,SE,GO_Biological_Process_2023,DNA Repair (GO:0006281),24/291,4.515049335291682e-9,6.9402532548599964,185.13256463273387,UVRAG;CENPX;FANCM;FANCL;ABRAXAS1;FMR1;ACTR5;XRCC3;FANCC;PDS5B;FANCE;APTX;FANCG;RAD50;MTA1;FANCD2;MSH3;UIMC1;ERCC2;PMS2;ERCC8;ASCC3;POLE;PMS1,276
Cd2bp2,SE,GO_Biological_Process_2023,Chromatin Organization (GO:0006325),21/268,1.4338130233845437e-7,6.493879495117885,146.2678171845767,PBRM1;CHTOP;PHC1;KDM2B;PCGF2;ACTR5;ARID1B;CECR2;TADA2A;ZZZ3;MTA1;RUVBL2;MIER1;MTF2;PCGF1;KAT7;BCOR;MTA3;EZH2;BPTF;KDM6A,276
Cd2bp2,SE,GO_Biological_Process_2023,Chromatin Remodeling (GO:0006338),18/228,1.7830257314039631e-6,6.483056478405316,127.05445719028552,PBRM1;CHTOP;PHC1;KDM2B;PCGF2;ACTR5;ARID1B;CECR2;TADA2A;MTA1;RUVBL2;MIER1;MTF2;PCGF1;BCOR;MTA3;BPTF;KDM6A,276
Cd2bp2,SE,GO_Biological_Process_2023,Proteasome-Mediated Ubiquitin-Dependent Protein Catabolic Process (GO:0043161),20/319,8.933281803549951e-6,5.07551212374582,89.72194292835718,FBXW5;ANAPC16;FBXW11;FAF2;FBXO17;ARMC8;ERLIN2;AMBRA1;FBXL12;BAG6;RMND5B;MTA1;MDM2;ERCC8;RBCK1;ASCC3;BTRC;FBXL5;BIRC2;KLHDC10,276
Cd2bp2,SE,GO_Biological_Process_2023,Interstrand Cross-Link Repair (GO:0036297),8/36,8.933281803549951e-6,20.997867803837952,366.9509204473994,CENPX;FANCM;FANCL;FANCD2;XRCC3;FANCC;FANCE;FANCG,276
Cd2bp2,SE,GO_Biological_Process_2023,Establishment Or Maintenance Of Apical/Basal Cell Polarity (GO:0035088),7/26,1.343210500936365e-5,26.987869301506553,455.7021084429455,PATJ;DLG1;DLG3;DLG5;SCRIB;PRKCZ;PALS1,276
Cd2bp2,SE,GO_Biological_Process_2023,Establishment Or Maintenance Of Epithelial Cell Apical/Basal Polarity (GO:0045197),8/40,1.5460093650311407e-5,18.369402985074625,304.76083534455046,PATJ;DLG1;DLG3;DLG5;SCRIB;SYNE4;PRKCZ;PALS1,276
Cd2bp2,SE,GO_Biological_Process_2023,Histone Modification (GO:0016570),10/81,3.663091438381528e-5,10.406120936143175,162.27841290493126,MTA1;TADA2A;RUVBL2;MIER1;TADA3;JADE1;MSL3;KAT7;MTA3;KAT14,276
Cd2bp2,SE,GO_Cellular_Component_2023,Intracellular Non-Membrane-Bounded Organelle (GO:0043232),38/1195,1.0106287843920364e-4,2.5622117472745365,34.64543395163905,TSG101;EPB41;GEMIN2;FMR1;FAF2;PDS5B;AMBRA1;RBPJ;FOXM1;TENT4B;UXT;PPP1CC;SYCE2;IRAK1;KAT7;UTP20;RBM7;PLK4;ATP8B2;NAA10;MTX2;IDH3G;KRR1;TERF1;FANCE;APTX;FANCG;STAG1;STAG2;ZZZ3;LSM6;BIN1;FANCD2;ERCC2;MDM2;ERGIC2;EIF4G3;MAD1L1,276
Cd2bp2,SE,GO_Biological_Process_2023,Mitotic Recombination (GO:0006312),5/14,1.501396501058602e-4,40.41615416154161,563.8727468782296,RAD50;MSH3;NSMCE2;XRCC3;SMC5,276
Cd2bp2,SE,GO_Biological_Process_2023,Regulation Of Cell Cycle (GO:0051726),17/298,1.501396501058602e-4,4.541571057585292,63.0863751643179,ANAPC16;ACTR5;METTL3;JADE1;TSC2;FOXM1;STK11;ZZZ3;TADA2A;BIN1;RUVBL2;TADA3;MDM2;KAT7;CCNL2;KAT14;BIRC2,276
Cd2bp2,SE,GO_Biological_Process_2023,"Positive Regulation Of DNA-templated Transcription, Elongation (GO:0032786)",8/56,1.501396501058602e-4,12.2363184079602,169.66130631758313,MED22;MED14;MED20;KAT7;CDK12;MED15;CDC73;MED7,276
Cd2bp2,SE,GO_Cellular_Component_2023,Chromosome (GO:0005694),12/164,1.72886142340142e-4,5.8528708133971294,74.31459109336193,SYCE2;STAG1;PBRM1;STAG2;FANCD2;KRR1;FMR1;SMC5;KAT7;PDS5B;FANCE;SPIDR,276
Cd2bp2,SE,GO_Biological_Process_2023,Regulation Of DNA Metabolic Process (GO:0051052),11/124,1.746689849236841e-4,7.203907163132409,98.1680040825411,SLF1;RUVBL2;ACTR5;NSMCE2;TADA3;UIMC1;JADE1;SMC5;KAT7;TERF2;TAF2,276
Cd2bp2,SE,GO_Biological_Process_2023,Regulation Of Multicellular Organismal Development (GO:2000026),8/59,1.9135287916333658e-4,11.514779045946737,154.94034323315165,BAG6;TADA2A;ZZZ3;BRPF3;RUVBL2;ACTR5;TADA3;KAT14,276
Cd2bp2,SE,GO_Biological_Process_2023,Positive Regulation Of Transcription Elongation By RNA Polymerase II (GO:0032968),7/43,2.307808494236916e-4,14.231309376290788,187.77250069492987,MED22;MED14;MED20;CDK12;MED15;CDC73;MED7,276
Cd2bp2,SE,GO_Biological_Process_2023,Positive Regulation Of DNA Metabolic Process (GO:0051054),10/108,2.878016110287207e-4,7.528770906858984,97.0855545253317,ACD;RAD50;BRPF3;ABRAXAS1;RUVBL2;ACTR5;UIMC1;KAT7;TERF1;TERF2,276
Cd2bp2,SE,GO_Biological_Process_2023,Organelle Assembly (GO:0070925),17/322,2.878016110287207e-4,4.179036647889107,53.635413338182445,PLK4;IQCB1;TSG101;SEPTIN2;FMR1;SEPTIN6;IFT122;AMBRA1;ATG13;AP3M1;IFT81;TMEM237;ATG16L1;CENPJ;B9D2;IFT57;BBS5,276
Cd2bp2,SE,GO_Biological_Process_2023,Transcription By RNA Polymerase II (GO:0006366),13/192,2.878016110287207e-4,5.397221573167364,68.97306294171642,NCOA2;PBRM1;TBP;GTF2F2;CDC73;MED7;CREB1;SNAPC4;MED20;TAF1A;ERCC2;CDK12;TAF2,276
Cd2bp2,SE,GO_Biological_Process_2023,Regulation Of Histone Modification (GO:0031056),5/18,3.4426723411124123e-4,27.974737439682087,350.88879609524685,TADA2A;ZZZ3;NFYC;TADA3;KAT14,276
Cd2bp2,SE,GO_Biological_Process_2023,Telomere Maintenance Via Recombination (GO:0000722),4/9,3.7247895553978036e-4,57.997058823529414,717.558954527279,RAD50;NSMCE2;XRCC3;SMC5,276
Cd2bp2,SE,GO_Biological_Process_2023,Telomere Maintenance (GO:0000723),8/68,3.7247895553978036e-4,9.783084577114428,120.90852241864263,RAD50;RUVBL2;ACTR5;NSMCE2;XRCC3;SMC5;TERF1;TERF2,276
Cd2bp2,SE,GO_Biological_Process_2023,Positive Regulation Of Transcription Initiation By RNA Polymerase II (GO:0060261),7/52,5.508078491610212e-4,11.379843040066088,135.15520122916314,MED22;MED14;TBP;MED20;MED15;TAF2;MED7,276
Cd2bp2,SE,GO_Biological_Process_2023,Histone H3-K14 Acetylation (GO:0044154),4/10,5.508078491610212e-4,48.32843137254902,573.7754826835659,TADA2A;ZZZ3;TADA3;KAT14,276
Cd2bp2,SE,GO_Cellular_Component_2023,Core Mediator Complex (GO:0070847),5/23,5.988228986517677e-4,20.198851988519884,226.86626933848012,MED22;MED14;MED20;MED15;MED7,276
Cd2bp2,SE,GO_Cellular_Component_2023,Serine/Threonine Protein Kinase Complex (GO:1902554),7/60,6.66417929598597e-4,9.658202988005891,105.37669817986126,STK11;CAB39;STRADA;STRADB;CCNL2;AZI2;PRKCZ,276
Cd2bp2,SE,GO_Cellular_Component_2023,ATAC Complex (GO:0140672),4/13,6.66417929598597e-4,32.2140522875817,344.0448461742437,TADA2A;ZZZ3;TADA3;KAT14,276
Cd2bp2,SE,GO_Cellular_Component_2023,Mitotic Spindle (GO:0072686),10/143,6.66417929598597e-4,5.537622251116513,57.60875809476744,IQCB1;TADA2A;ZZZ3;TFDP2;HAUS8;EPB41;TADA3;HAUS6;MAD1L1;KAT14,276
Cd2bp2,SE,GO_Cellular_Component_2023,Histone Acetyltransferase Complex (GO:0000123),5/27,6.66417929598597e-4,16.522978866152297,171.86677145745625,TADA2A;KANSL1;BRPF3;JADE1;KAT7,276
Cd2bp2,SE,GO_Cellular_Component_2023,cullin-RING Ubiquitin Ligase Complex (GO:0031461),11/174,6.66417929598597e-4,4.981386734575761,51.67438482126832,FBXW5;ANAPC16;FBXW11;FBXO17;DCAF8;ERCC8;KLHL13;BTRC;FBXL5;KLHDC10;FBXL12,276
Cd2bp2,SE,GO_Cellular_Component_2023,Nuclear Lumen (GO:0031981),26/780,6.66417929598597e-4,2.6165517241379312,27.0452890328689,TSG101;GEMIN2;FMR1;RBPJ;TENT4B;PPP1CC;KAT7;UTP20;RBM7;PLK4;PBRM1;ATP8B2;NAA10;MTX2;IDH3G;KRR1;TERF1;APTX;SPIDR;FANCG;STAG2;ZZZ3;LSM6;FANCD2;MDM2;ERGIC2,276
Cd2bp2,SE,GO_Biological_Process_2023,Transcription Initiation At RNA Polymerase II Promoter (GO:0006367),8/76,7.511960907331552e-4,8.628621597892888,99.38177586456277,MED22;MED14;TBP;MED20;MED15;GTF2F2;TAF2;MED7,276
Cd2bp2,SE,GO_Biological_Process_2023,RNA Polymerase II Preinitiation Complex Assembly (GO:0051123),7/56,7.982185585428713e-4,10.44875199150292,118.8398335498224,MED22;MED14;TBP;MED20;MED15;TAF2;MED7,276
Cd2bp2,SE,GO_Biological_Process_2023,Positive Regulation Of DNA-templated Transcription Initiation (GO:2000144),7/56,7.982185585428713e-4,10.44875199150292,118.8398335498224,MED22;MED14;TBP;MED20;MED15;TAF2;MED7,276
Cd2bp2,SE,GO_Biological_Process_2023,DNA Metabolic Process (GO:0006259),15/288,8.011873114084747e-4,4.0947749568439225,46.32474085827014,TOP3B;UVRAG;FANCL;FMR1;ACTR5;XRCC3;FANCC;PDS5B;TERF1;TERF2;FANCG;RAD50;MSH3;RUVBL2;POLE,276
Cd2bp2,SE,GO_Biological_Process_2023,Regulation Of Telomere Maintenance (GO:0032204),6/38,8.011873114084747e-4,13.675,154.430651195309,SLF1;RAD50;NSMCE2;SMC5;TERF1;TERF2,276
Cd2bp2,SE,GO_Biological_Process_2023,Regulation Of Transcription Initiation By RNA Polymerase II (GO:0060260),7/57,8.029811555181484e-4,10.239256505576208,115.23580473715546,MED22;MED14;TBP;MED20;MED15;TAF2;MED7,276
Cd2bp2,SE,GO_Cellular_Component_2023,PRC1 Complex (GO:0035102),4/15,8.091747477495783e-4,26.35427807486631,264.9955342125821,PHC1;PCGF5;PCGF2;PCGF1,276
Cd2bp2,SE,GO_Biological_Process_2023,Histone H4 Acetylation (GO:0043967),6/39,8.423756557751383e-4,13.25993265993266,147.68151889456874,KANSL1;RUVBL2;JADE1;MSL3;KAT7;MSL1,276
Cd2bp2,SE,GO_Biological_Process_2023,Internal Peptidyl-Lysine Acetylation (GO:0018393),6/39,8.423756557751383e-4,13.25993265993266,147.68151889456874,BAG6;TADA2A;RUVBL2;TADA3;KAT7;KAT14,276
Cd2bp2,SE,GO_Biological_Process_2023,Transcription Preinitiation Complex Assembly (GO:0070897),7/59,9.141219270374847e-4,9.84443808979125,108.51423975405146,MED22;MED14;TBP;MED20;MED15;TAF2;MED7,276
Cd2bp2,SE,GO_Biological_Process_2023,Regulation Of DNA-templated Transcription (GO:0006355),49/1922,9.822190014052777e-4,2.0572875384257157,22.464138277849457,ATF2;JADE1;RBPJ;FOXM1;IKBKB;MED14;SIN3A;RUVBL2;UIMC1;KAT7;CCNL2;BTRC;NCOA2;PBRM1;KDM2B;FBXW11;ACTR5;DNMT3A;MSL3;ARID1B;MED7;MSL1;MED22;CREB1;TFDP2;MED20;MTF2;BCLAF1;MTA1;MIER1;PCGF1;MTA3;E2F6;KAT14;BPTF;PCGF5;BRPF3;NFYC;RFXANK;GCLC;ZZZ3;TADA2A;KANSL1;CNOT2;TADA3;MDM2;BCOR;TAF2;EZH2,276
Cd2bp2,SE,GO_Biological_Process_2023,Regulation Of Embryonic Development (GO:0045995),7/62,0.0011950681333720101,9.306049340993578,99.50384761981762,BAG6;TADA2A;ZZZ3;RUVBL2;ACTR5;TADA3;KAT14,276
Cd2bp2,SE,GO_Cellular_Component_2023,Protein Kinase Complex (GO:1902911),4/17,0.0012742926453897852,22.297511312217196,212.2934832834643,STK11;CAB39;STRADA;STRADB,276
Cd2bp2,SE,GO_Biological_Process_2023,Regulation Of Chromosome Organization (GO:0033044),6/43,0.0012839701578532534,11.824024024024023,124.84365208977317,SLF1;RUVBL2;ACTR5;NSMCE2;SMC5;TERF2,276
Cd2bp2,SE,GO_Biological_Process_2023,SCF-dependent Proteasomal Ubiquitin-Dependent Protein Catabolic Process (GO:0031146),6/43,0.0012839701578532534,11.824024024024023,124.84365208977317,FBXW5;FBXW11;FBXO17;BTRC;FBXL5;FBXL12,276
Cd2bp2,SE,GO_Biological_Process_2023,DNA Damage Response (GO:0006974),17/384,0.0012839701578532534,3.461952805277056,36.46688932749262,ATF2;UVRAG;SLF1;FANCL;FMR1;METTL3;XRCC3;SMC5;FANCC;PDS5B;SPIDR;FANCG;BCLAF1;STK11;RAD50;MSH3;ERCC8,276
Cd2bp2,SE,GO_Biological_Process_2023,Positive Regulation Of DNA Repair (GO:0045739),8/89,0.0014986995467890863,7.23899023401511,74.93497565577755,PBRM1;SLF1;RUVBL2;ACTR5;UIMC1;FOXM1;ARID1B;SPIDR,276
Cd2bp2,SE,GO_Biological_Process_2023,Regulation Of Gene Expression (GO:0010468),33/1127,0.0017240672893442327,2.3126142595978063,23.553564154019085,ATF2;JADE1;RBPJ;CIAO3;UXT;MTA1;PDCD10;RUVBL2;MIER1;IGF2BP1;PCGF1;KAT7;CCNL2;KAT14;BPTF;KDM6A;NCOA2;BRPF3;NFYC;ACTR5;DTNBP1;MSL3;PRKAB1;TERF2;VEGFA;MSL1;ZZZ3;TADA2A;KANSL1;MTF2;TADA3;MDM2;EZH2,276
Cd2bp2,SE,GO_Molecular_Function_2023,DNA Binding (GO:0003677),29/846,0.001935521293119317,2.71707491117399,32.4265336795783,TSG101;GTF3C4;FMR1;SMC5;PDS5B;RBPJ;BCLAF1;RUVBL2;SNAPC4;IGF2BP1;PMS2;POLE;PMS1;BPTF;KDM6A;CENPX;KDM2B;NFYC;DNMT3A;MSL3;TERF1;APTX;FANCG;MAU2;RAD50;MSH3;MTF2;ERCC2;EZH2,276
Cd2bp2,SE,GO_Cellular_Component_2023,RNA N6-methyladenosine Methyltransferase Complex (GO:0036396),3/8,0.002083707934783065,43.33846153846154,385.1095177780551,METTL14;METTL3;VIRMA,276
Cd2bp2,SE,GO_Cellular_Component_2023,Smc5-Smc6 Complex (GO:0030915),3/8,0.002083707934783065,43.33846153846154,385.1095177780551,SLF1;NSMCE2;SMC5,276
Cd2bp2,SE,GO_Cellular_Component_2023,P-body (GO:0000932),7/83,0.002118034870026898,6.727450596752103,59.236634410732265,PAN2;LSM6;CNOT2;IGF2BP1;EIF4E2;EDC3;LSM2,276
Cd2bp2,SE,GO_Cellular_Component_2023,SAGA-type Complex (GO:0070461),5/38,0.0021721598004992527,11.009169182600917,95.76039110660732,TADA2A;ZZZ3;TADA3;KAT14;TAF2,276
Cd2bp2,SE,GO_Cellular_Component_2023,Condensed Chromosome (GO:0000793),6/60,0.0021721598004992527,8.094650205761317,70.0095920628111,SLF1;RAD50;FANCD2;NCAPG2;NSMCE2;SMC5,276
Cd2bp2,SE,GO_Cellular_Component_2023,Nucleolus (GO:0005730),24/771,0.0021721598004992527,2.419455600178492,20.78132067426854,PLK4;TSG101;ATP8B2;NAA10;MTX2;IDH3G;KRR1;GEMIN2;FMR1;RBPJ;TERF1;APTX;TENT4B;FANCG;PPP1CC;STAG2;ZZZ3;LSM6;FANCD2;MDM2;KAT7;UTP20;RBM7;ERGIC2,276
Cd2bp2,SE,GO_Cellular_Component_2023,SCF Ubiquitin Ligase Complex (GO:0019005),6/61,0.0021721598004992527,7.947070707070707,68.00178097798505,FBXW5;FBXW11;FBXO17;BTRC;FBXL5;FBXL12,276
Cd2bp2,SE,GO_Biological_Process_2023,Histone H2A-K119 Monoubiquitination (GO:0036353),3/6,0.00224420113763567,72.23809523809524,714.8091655160895,PCGF5;PCGF2;PCGF1,276
Cd2bp2,SE,GO_Biological_Process_2023,Proteasomal Protein Catabolic Process (GO:0010498),12/220,0.002537289999788692,4.26486013986014,41.57009562462104,BAG6;RMND5B;FBXW5;MTA1;FBXW11;MDM2;ERCC8;ARMC8;RBCK1;AMBRA1;BTRC;BIRC2,276
Cd2bp2,SE,GO_Biological_Process_2023,Regulation Of Nucleic Acid-Templated Transcription (GO:1903506),18/452,0.0026096732920269108,3.100953809881042,30.061567431683063,ATF2;NCOA2;BRPF3;NFYC;ACTR5;JADE1;MSL3;ZZZ3;TADA2A;RUVBL2;MIER1;MTF2;TADA3;PCGF1;KAT7;KAT14;EZH2;BPTF,276
Cd2bp2,SE,GO_Biological_Process_2023,Regulation Of Tubulin Deacetylation (GO:0090043),4/17,0.003029734136236481,22.297511312217196,212.2934832834643,TADA2A;ZZZ3;TADA3;KAT14,276
Cd2bp2,SE,GO_Biological_Process_2023,Regulation Of DNA Repair (GO:0006282),9/129,0.0031130287091296767,5.5067415730337075,52.15048340140718,PBRM1;PPP4R2;RUVBL2;ACTR5;TADA3;UIMC1;KAT7;ARID1B;TAF2,276
Cd2bp2,SE,GO_Biological_Process_2023,Regulation Of Transcription Elongation By RNA Polymerase II (GO:0034243),7/77,0.0035963424279877292,7.306319702602231,67.81064344089367,MED22;MED14;MED20;CDK12;MED15;CDC73;MED7,276
Cd2bp2,SE,GO_Biological_Process_2023,Regulation Of Protein Deacetylation (GO:0090311),4/18,0.0035963424279877292,20.70378151260504,192.1417413786655,TADA2A;ZZZ3;TADA3;KAT14,276
Cd2bp2,SE,GO_Biological_Process_2023,Regulation Of G1/S Transition Of Mitotic Cell Cycle (GO:2000045),8/106,0.004207856611261682,5.978068839476089,54.409389824904075,DLG1;PBRM1;CENPJ;JADE1;AMBRA1;ARID1B;CDC73;EIF4G1,276
Cd2bp2,SE,GO_Biological_Process_2023,Mitotic Sister Chromatid Cohesion (GO:0007064),4/19,0.004314349179544586,19.322549019607845,174.96568304944864,MAU2;STAG1;STAG2;PDS5B,276
Cd2bp2,SE,GO_Biological_Process_2023,Regulation Of Translation (GO:0006417),11/202,0.004350512917690058,4.2450459349995064,38.31408409922703,EIF4A2;METTL14;POLDIP3;FMR1;METTL3;IGF2BP1;GEMIN5;CNOT10;EIF4E2;EIF4G3;EIF4G1,276
Cd2bp2,SE,GO_Biological_Process_2023,Histone H3 Acetylation (GO:0043966),5/36,0.00446343087644085,11.720628496607548,105.0402498224343,TADA2A;ZZZ3;TADA3;KAT14;TAF2,276
Cd2bp2,SE,GO_Biological_Process_2023,Activation Of Protein Kinase Activity (GO:0032147),7/81,0.00446343087644085,6.9099768913895305,61.90754326210201,CARD10;STK11;CAB39;IRAK1;STRADA;STRADB;VEGFA,276
Cd2bp2,SE,GO_Molecular_Function_2023,Ubiquitin-Like Protein Transferase Activity (GO:0019787),13/240,0.004576978541644056,4.245506775430897,44.07067150390753,FBXW11;FANCL;NSMCE2;KLHL13;RMND5B;ATG16L1;MDM2;ERCC8;RBCK1;BCOR;BTRC;FBXL5;BIRC2,276
Cd2bp2,SE,GO_Biological_Process_2023,Epigenetic Regulation Of Gene Expression (GO:0040029),7/83,0.005104158992700601,6.727450596752103,59.236634410732265,ATF2;MTA1;DNMT3A;MTF2;KAT7;ARID1B;EZH2,276
Cd2bp2,SE,GO_Cellular_Component_2023,SUMO Ligase Complex (GO:0106068),3/12,0.005612361018073096,24.072039072039072,181.9556410915423,SLF1;NSMCE2;SMC5,276
Cd2bp2,SE,GO_Biological_Process_2023,Histone Acetylation (GO:0016573),6/60,0.005780670338063167,8.094650205761317,70.0095920628111,TADA2A;RUVBL2;TADA3;MSL3;KAT14;TAF2,276
Cd2bp2,SE,GO_Biological_Process_2023,Regulation Of Histone Deacetylation (GO:0031063),4/21,0.005780670338063167,17.04757785467128,147.32998562321333,TADA2A;ZZZ3;TADA3;KAT14,276
Cd2bp2,SE,GO_Biological_Process_2023,Organelle Transport Along Microtubule (GO:0072384),5/39,0.0060849946671657235,10.684827436509659,91.59337824274586,UXT;FBXW11;COPG2;COPG1;BORCS7,276
Cd2bp2,SE,GO_Biological_Process_2023,Camera-Type Eye Morphogenesis (GO:0048593),3/9,0.006258815387065734,36.11355311355312,306.6358765702625,KDM2B;IFT122;VEGFA,276
Cd2bp2,SE,GO_Biological_Process_2023,Telomeric Loop Disassembly (GO:0090657),3/9,0.006258815387065734,36.11355311355312,306.6358765702625,XRCC3;TERF1;TERF2,276
Cd2bp2,SE,GO_Biological_Process_2023,Negative Regulation Of DNA-templated Transcription (GO:0045892),29/1025,0.006258815387065734,2.207664666764223,18.74318776299866,ATF2;RBPJ;FOXM1;CDC73;UXT;BCLAF1;MTA1;SIN3A;MIER1;UIMC1;PCGF1;BTRC;MTA3;E2F6;BPTF;KDM2B;FBXW11;PCGF2;DNMT3A;VEGFA;GCLC;DLG1;CREB1;TFDP2;BIN1;CNOT2;MDM2;BCOR;EZH2,276
Cd2bp2,SE,GO_Biological_Process_2023,mRNA Export From Nucleus (GO:0006406),6/62,0.006297140545340419,7.804761904761905,66.07944994791451,CHTOP;POLDIP3;FMR1;ZC3H11A;THOC7;THOC6,276
Cd2bp2,SE,GO_Biological_Process_2023,Regulation Of Double-Strand Break Repair (GO:2000779),7/88,0.006363058019633132,6.310569553444399,53.25519714630405,PBRM1;SLF1;PPP4R2;RUVBL2;FOXM1;ARID1B;SPIDR,276
Cd2bp2,SE,GO_Biological_Process_2023,Telomere Organization (GO:0032200),6/63,0.0066510723737195744,7.667446393762183,64.2376474498834,RAD50;RUVBL2;ACTR5;TERF1;TERF2;EZH2,276
Cd2bp2,SE,GO_Biological_Process_2023,Positive Regulation Of DNA-templated Transcription (GO:0045893),33/1243,0.006818347738969929,2.0778900112233445,17.32254438079046,ATF2;RBPJ;FOXM1;CDC73;IKBKB;MED14;BCLAF1;MTA1;SIN3A;RUVBL2;KAT7;BTRC;MTA3;BPTF;NCOA2;PCGF5;FBXW11;NFYC;ACTR5;MSL3;RFXANK;GTF2F2;ARID1B;VEGFA;MSL1;MED22;MAVS;CREB1;TFDP2;KANSL1;TADA3;CDK12;TAF2,276
Cd2bp2,SE,GO_Molecular_Function_2023,Histone H3K14 Acetyltransferase Activity (GO:0036408),3/8,0.00710106466002053,43.33846153846154,385.1095177780551,BRPF3;JADE1;KAT7,276
Cd2bp2,SE,GO_Molecular_Function_2023,Histone H4K16 Acetyltransferase Activity (GO:0046972),3/8,0.00710106466002053,43.33846153846154,385.1095177780551,JADE1;MSL3;KAT7,276
Cd2bp2,SE,GO_Molecular_Function_2023,Double-Stranded Telomeric DNA Binding (GO:0003691),3/8,0.00710106466002053,43.33846153846154,385.1095177780551,RAD50;TERF1;TERF2,276
Cd2bp2,SE,GO_Molecular_Function_2023,Histone H4 Acetyltransferase Activity (GO:0010485),4/20,0.00710106466002053,18.113970588235293,160.17688667521392,BRPF3;JADE1;MSL3;KAT7,276
Cd2bp2,SE,GO_Biological_Process_2023,Regulation Of Transcription By RNA Polymerase II (GO:0006357),47/2028,0.007609958352099478,1.8382515998051356,15.092968602301424,ATF2;JADE1;RBPJ;FOXM1;CDC73;UXT;IKBKB;MED14;BCLAF1;MTA1;SIN3A;RUVBL2;MIER1;PCGF1;CCNL2;MTA3;E2F6;KAT14;BPTF;NCOA2;PBRM1;KDM2B;PCGF5;BRPF3;NFYC;PCGF2;DNMT3A;RFXANK;GTF2F2;ARID1B;MED7;VEGFA;MAVS;DLG1;ZZZ3;TADA2A;CREB1;TFDP2;BIN1;CNOT2;MED20;TADA3;MDM2;CDK12;BCOR;TAF2;EZH2,276
Cd2bp2,SE,GO_Molecular_Function_2023,Histone H4K12 Acetyltransferase Activity (GO:0043997),3/10,0.0090575268547403,30.952904238618526,252.0945190069522,BRPF3;JADE1;KAT7,276
Cd2bp2,SE,GO_Molecular_Function_2023,Histone H4K5 Acetyltransferase Activity (GO:0043995),3/10,0.0090575268547403,30.952904238618526,252.0945190069522,BRPF3;JADE1;KAT7,276
Cd2bp2,SE,GO_Molecular_Function_2023,Histone H4K8 Acetyltransferase Activity (GO:0043996),3/10,0.0090575268547403,30.952904238618526,252.0945190069522,BRPF3;JADE1;KAT7,276
Cd2bp2,SE,GO_Molecular_Function_2023,GTPase Binding (GO:0051020),11/225,0.0090575268547403,3.784341385998942,30.60983237437563,AP3M1;RRAGB;ATG16L1;MYCBP2;DENND10;DOCK7;TSC2;EXOC5;AMBRA1;LSM2;STRN3,276
Cd2bp2,SE,GO_Molecular_Function_2023,Methylation-Dependent Protein Binding (GO:0140034),6/68,0.009376437224756397,7.047311827956989,56.086986082575365,ZZZ3;FMR1;NCAPG2;MTF2;MSL3;BPTF,276
Cd2bp2,SE,GO_Biological_Process_2023,Cilium Organization (GO:0044782),11/228,0.009470847269868977,3.731449439179202,29.761074564257243,PLK4;IQCB1;IFT81;SEPTIN2;TMEM237;CENPJ;SEPTIN6;IFT122;B9D2;IFT57;BBS5,276
Cd2bp2,SE,GO_Biological_Process_2023,Negative Regulation Of TORC1 Signaling (GO:1904262),4/25,0.00968826444060433,13.797619047619047,109.51578356873769,STK11;NPRL3;DEPDC5;ITFG2,276
Cd2bp2,SE,GO_Molecular_Function_2023,Single-Stranded Telomeric DNA Binding (GO:0043047),3/11,0.009714126230230994,27.082417582417584,212.22440106034094,RAD50;TERF1;TERF2,276
Cd2bp2,SE,GO_Biological_Process_2023,Protein Ubiquitination (GO:0016567),16/434,0.009970717077486004,2.8422524843577475,22.434053475866246,FBXW5;ANAPC16;FBXW11;FANCL;MYCBP2;FANCC;KLHL13;AMBRA1;FANCE;FANCG;MDM2;ERCC8;RBCK1;BTRC;FBXL5;BIRC2,276
Cd2bp2,SE,GO_Molecular_Function_2023,Methylated Histone Binding (GO:0035064),6/71,0.010030012503261673,6.721025641025641,51.914542420727265,ZZZ3;FMR1;NCAPG2;MTF2;MSL3;BPTF,276
Cd2bp2,SE,GO_Molecular_Function_2023,Histone Acetyltransferase Activity (GO:0004402),4/27,0.010217436789558578,12.596547314578006,96.13152776597177,ATF2;TADA2A;KAT7;KAT14,276
Cd2bp2,SE,GO_Biological_Process_2023,Positive Regulation Of Gene Expression (GO:0010628),17/480,0.010278377536060352,2.73053028344605,21.427555187043605,ATF2;POLDIP3;FMR1;METTL3;DTNBP1;RBPJ;PRKAB1;TERF2;TENT4B;ARID1B;VEGFA;UXT;METTL14;PDCD10;TADA3;KAT7;EIF4G3,276
Cd2bp2,SE,GO_Cellular_Component_2023,H4 Histone Acetyltransferase Complex (GO:1902562),3/15,0.010745150966868825,18.05128205128205,123.88221652396945,KANSL1;MSL3;MSL1,276
Cd2bp2,SE,GO_Biological_Process_2023,Regulation Of Nucleotide-Excision Repair (GO:2000819),4/26,0.010819155325787954,13.169786096256685,102.47520332255692,PBRM1;ERCC8;KAT7;ARID1B,276
Cd2bp2,SE,GO_Biological_Process_2023,Golgi Vesicle Transport (GO:0048193),10/197,0.010895162018547976,3.927666760484098,30.47581755539069,RINT1;UVRAG;COG2;COPG2;TRAPPC8;EXOC5;COPG1;ERGIC2;SEC24C;SEC31A,276
Cd2bp2,SE,GO_Cellular_Component_2023,Postsynaptic Density (GO:0014069),8/151,0.011856950897222872,4.087464774031938,27.467280114978863,DLG1;DLG3;FMR1;DLG5;DTNBP1;TSC2;SCRIB;FOXM1,276
Cd2bp2,SE,GO_Biological_Process_2023,Iron-Sulfur Cluster Assembly (GO:0016226),4/27,0.01202540357062623,12.596547314578006,96.13152776597177,ISCA2;NFS1;CIAO3;ISCU,276
Cd2bp2,SE,GO_Biological_Process_2023,Metallo-Sulfur Cluster Assembly (GO:0031163),4/27,0.01202540357062623,12.596547314578006,96.13152776597177,ISCA2;NFS1;CIAO3;ISCU,276
Cd2bp2,SE,GO_Biological_Process_2023,Regulation Of Dosage Compensation By Inactivation Of X Chromosome (GO:1900095),3/12,0.012574006469694737,24.072039072039072,181.9556410915423,KANSL1;MSL3;MSL1,276
Cd2bp2,SE,GO_Biological_Process_2023,Histone H4-K16 Acetylation (GO:0043984),3/12,0.012574006469694737,24.072039072039072,181.9556410915423,KANSL1;MSL3;MSL1,276
Cd2bp2,SE,GO_Molecular_Function_2023,Histone H3 Acetyltransferase Activity (GO:0010484),3/13,0.01290329211383332,21.663736263736265,158.2895777860345,BRPF3;JADE1;KAT7,276
Cd2bp2,SE,GO_Molecular_Function_2023,Kinase Binding (GO:0019900),16/460,0.01290329211383332,2.672210672210672,19.41270046323228,ATF2;FBXW5;CAB39;STRADA;TPRKB;FOXM1;PRKAB1;ATG13;UXT;IKBKB;PPP1CC;MAVS;IRAK1;DLG3;PDCD10;CENPJ,276
Cd2bp2,SE,GO_Biological_Process_2023,Double-Strand Break Repair (GO:0006302),9/168,0.01327486079809367,4.147763408946364,31.069911233068982,SLF1;RAD50;MTA1;ACTR5;NSMCE2;XRCC3;UIMC1;SMC5;SPIDR,276
Cd2bp2,SE,GO_Biological_Process_2023,Cilium Assembly (GO:0060271),11/243,0.013690408023834193,3.4875081327260897,25.948532117741987,PLK4;IQCB1;IFT81;SEPTIN2;TMEM237;CENPJ;SEPTIN6;IFT122;B9D2;IFT57;BBS5,276
Cd2bp2,SE,GO_Biological_Process_2023,Regulation Of DNA Replication (GO:0006275),6/75,0.013690408023834193,6.330112721417069,47.02870936784758,BRPF3;RUVBL2;ACTR5;JADE1;KAT7;TERF1,276
Cd2bp2,SE,GO_Biological_Process_2023,Positive Regulation Of Transcription By RNA Polymerase II (GO:0045944),26/938,0.013690408023834193,2.1452280701754387,15.916874467102371,ATF2;RBPJ;FOXM1;MED15;CDC73;IKBKB;MED14;BCLAF1;SIN3A;RUVBL2;BPTF;NCOA2;TBP;PCGF5;NFYC;RFXANK;GTF2F2;MED7;VEGFA;MED22;MAVS;CREB1;TFDP2;MED20;CDK12;TAF2,276
Cd2bp2,SE,GO_Biological_Process_2023,Regulation Of TORC1 Signaling (GO:1903432),5/50,0.013879814519709011,8.068470684706847,59.649019001777994,STK11;RRAGB;NPRL3;DEPDC5;ITFG2,276
Cd2bp2,SE,GO_Biological_Process_2023,Negative Regulation Of Nucleic Acid-Templated Transcription (GO:1903507),16/456,0.014191289540358282,2.697062937062937,19.84433366084465,EIF4A2;FBXW11;DNMT3A;RBPJ;FOXM1;BCLAF1;GCLC;MTA1;TFDP2;SIN3A;UIMC1;MDM2;BCOR;BTRC;MTA3;EZH2,276
Cd2bp2,SE,GO_Cellular_Component_2023,Vesicle Coat (GO:0030120),4/37,0.015422696642815169,8.774955436720143,56.28604094448711,COPG2;COPG1;SEC24C;SEC31A,276
Cd2bp2,SE,GO_Biological_Process_2023,Regulation Of Cellular Response To Stress (GO:0080135),7/107,0.01544372534657569,5.106617100371747,37.01207004856894,ABRAXAS1;RUVBL2;ACTR5;TADA3;UIMC1;TAF2;EIF4G1,276
Cd2bp2,SE,GO_Biological_Process_2023,Negative Regulation Of Translation (GO:0017148),7/107,0.01544372534657569,5.106617100371747,37.01207004856894,METTL14;FMR1;METTL3;IGF2BP1;CNOT10;EIF4E2;EIF4G1,276
Cd2bp2,SE,GO_Cellular_Component_2023,THO Complex Part Of Transcription Export Complex (GO:0000445),2/5,0.015452458285732997,47.982968369829685,302.0376860902479,THOC7;THOC6,276
Cd2bp2,SE,GO_Cellular_Component_2023,Sex Chromosome (GO:0000803),2/5,0.015452458285732997,47.982968369829685,302.0376860902479,PCGF5;SMC5,276
Cd2bp2,SE,GO_Cellular_Component_2023,Shelterin Complex (GO:0070187),2/5,0.015452458285732997,47.982968369829685,302.0376860902479,TERF1;TERF2,276
Cd2bp2,SE,GO_Biological_Process_2023,Positive Regulation Of Telomere Maintenance (GO:0032206),5/52,0.015826252869091874,7.724346392400094,55.700067833931605,RAD50;RUVBL2;ACTR5;TERF1;TERF2,276
Cd2bp2,SE,GO_Cellular_Component_2023,Nuclear Chromosome (GO:0000228),6/95,0.016450902011838853,4.902621722846442,30.375200170792294,PBRM1;RAD50;RUVBL2;ACTR5;NCAPG2;SPIDR,276
Cd2bp2,SE,GO_Biological_Process_2023,Centromere Complex Assembly (GO:0034508),3/14,0.017265696285829708,19.693306693306692,139.34434881716294,CENPT;CENPI;MIS12,276
Cd2bp2,SE,GO_Biological_Process_2023,Establishment Of Apical/Basal Cell Polarity (GO:0035089),3/14,0.017265696285829708,19.693306693306692,139.34434881716294,PATJ;SCRIB;SYNE4,276
Cd2bp2,SE,GO_Biological_Process_2023,Telomere Capping (GO:0016233),3/14,0.017265696285829708,19.693306693306692,139.34434881716294,RAD50;TERF1;TERF2,276
Cd2bp2,SE,GO_Biological_Process_2023,Histone H2A Monoubiquitination (GO:0035518),3/14,0.017265696285829708,19.693306693306692,139.34434881716294,PCGF5;PCGF2;PCGF1,276
Cd2bp2,SE,GO_Biological_Process_2023,Negative Regulation Of TOR Signaling (GO:0032007),5/54,0.017736758419986863,7.408313879057158,52.13310223439203,STK11;NPRL3;TSC2;DEPDC5;ITFG2,276
Cd2bp2,SE,GO_Biological_Process_2023,Protein Modification Process (GO:0036211),21/711,0.018155044477175,2.271747655583973,15.881272741806587,PLK4;UVRAG;TBP;STRADA;FBXW11;STRADB;JADE1;PRKAB1;ATG13;PRKCZ;IKBKB;PPP1CC;STK11;CREB1;PPP4R2;IRAK1;ATG16L1;PIGK;KAT7;BTRC;TAF2,276
Cd2bp2,SE,GO_Biological_Process_2023,Positive Regulation Of Protein Kinase Activity (GO:0045860),8/145,0.018155044477175,4.267785161782329,29.79592108565706,STK11;DLG3;CAB39;PDCD10;STRADA;STRADB;EZH2;VEGFA,276
Cd2bp2,SE,GO_Biological_Process_2023,NIK/NF-kappaB Signaling (GO:0038061),4/32,0.018155044477175,10.344537815126051,72.08421576894553,CARD10;IRAK1;BTRC;BIRC2,276
Cd2bp2,SE,GO_Biological_Process_2023,Neural Tube Closure (GO:0001843),4/32,0.018155044477175,10.344537815126051,72.08421576894553,KDM2B;IFT122;TSC2;SCRIB,276
Cd2bp2,SE,GO_Biological_Process_2023,Negative Regulation Of Transcription By RNA Polymerase II (GO:0000122),22/763,0.01820181679388155,2.2188891368336043,15.431737690746926,ATF2;KDM2B;PCGF2;DNMT3A;RBPJ;FOXM1;CDC73;VEGFA;UXT;DLG1;MTA1;BIN1;SIN3A;CNOT2;MIER1;MDM2;PCGF1;BCOR;MTA3;E2F6;EZH2;BPTF,276
Cd2bp2,SE,GO_Biological_Process_2023,Regulation Of Cell Division (GO:0051302),6/83,0.01852893289356394,5.67012987012987,39.082229724429986,UVRAG;TADA2A;ZZZ3;TADA3;KLHL13;KAT14,276
Cd2bp2,SE,GO_Biological_Process_2023,Anterograde Synaptic Vesicle Transport (GO:0048490),3/15,0.01852893289356394,18.05128205128205,123.88221652396945,AP3M1;BLOC1S5;DTNBP1,276
Cd2bp2,SE,GO_Biological_Process_2023,Synaptic Vesicle Transport Along Microtubule (GO:0099517),3/15,0.01852893289356394,18.05128205128205,123.88221652396945,AP3M1;BLOC1S5;DTNBP1,276
Cd2bp2,SE,GO_Biological_Process_2023,Histone H4-K5 Acetylation (GO:0043981),3/15,0.01852893289356394,18.05128205128205,123.88221652396945,KANSL1;JADE1;KAT7,276
Cd2bp2,SE,GO_Biological_Process_2023,Histone H4-K8 Acetylation (GO:0043982),3/15,0.01852893289356394,18.05128205128205,123.88221652396945,KANSL1;JADE1;KAT7,276
Cd2bp2,SE,GO_Biological_Process_2023,mRNA Methylation (GO:0080009),3/15,0.01852893289356394,18.05128205128205,123.88221652396945,METTL14;METTL3;VIRMA,276
Cd2bp2,SE,GO_Biological_Process_2023,Negative Regulation Of Telomere Maintenance (GO:0032205),3/15,0.01852893289356394,18.05128205128205,123.88221652396945,RAD50;TERF1;TERF2,276
Cd2bp2,SE,GO_Biological_Process_2023,Positive Regulation Of Chromosome Organization (GO:2001252),4/33,0.01857919275243144,9.987322515212982,68.41248047828917,RAD50;NCAPG2;TERF1;TERF2,276
Cd2bp2,SE,GO_Molecular_Function_2023,RNA Binding (GO:0003723),34/1411,0.018727004925232292,1.8719518416488115,12.788333905731736,EIF4A2;RBM26;POLDIP3;FMR1;RPL10A;VIRMA;TENT4B;EDC3;PPP1CC;BCLAF1;METTL14;GANAB;IGF2BP1;UTP20;ASCC3;RBM7;TOP3B;TRMT10B;CHTOP;KRR1;METTL3;TFB2M;APTX;LSM2;LSM6;ZC3H11A;RPP21;GEMIN5;ACIN1;RNPS1;EIF4E2;EIF4G3;RPS24;EIF4G1,276
Cd2bp2,SE,GO_Biological_Process_2023,Positive Regulation Of Double-Strand Break Repair (GO:2000781),6/84,0.018763997669458604,5.597150997150997,38.22845159913054,PBRM1;SLF1;RUVBL2;FOXM1;ARID1B;SPIDR,276
Cd2bp2,SE,GO_Biological_Process_2023,Endosome To Lysosome Transport (GO:0008333),5/57,0.019335762776048284,6.979846721544138,47.39327986881679,TSG101;HOOK2;BIN1;VIPAS39;VPS16,276
Cd2bp2,SE,GO_Cellular_Component_2023,Spindle (GO:0005819),9/210,0.020579097598048317,3.2740231427133994,19.43695398116484,IQCB1;TADA2A;ZZZ3;TFDP2;EPB41;TADA3;ERCC2;KAT14;MAD1L1,276
Cd2bp2,SE,GO_Cellular_Component_2023,TIM22 Mitochondrial Import Inner Membrane Insertion Complex (GO:0042721),2/6,0.020670955008598703,35.98540145985402,212.25497207393838,TRMT10B;TIMM9,276
Cd2bp2,SE,GO_Molecular_Function_2023,RNA Polymerase II-specific DNA-binding Transcription Factor Binding (GO:0061629),10/228,0.021484132897039564,3.3637994067738153,22.325685408422338,ATF2;NCOA2;TBP;CREB1;MTA1;SIN3A;TADA3;DNMT3A;RBPJ;BBS5,276
Cd2bp2,SE,GO_Cellular_Component_2023,Cell-Cell Junction (GO:0005911),11/299,0.022049032231259,2.801310272536688,16.21640089903691,PATJ;DLG1;DLG3;DLG5;NPHP1;SCRIB;TLN1;FOXM1;PRKCZ;VEGFA;PALS1,276
Cd2bp2,SE,GO_Cellular_Component_2023,Euchromatin (GO:0000791),4/44,0.022049032231259,7.2367647058823525,41.75096287329762,TBP;CREB1;RUVBL2;DNMT3A,276
Cd2bp2,SE,GO_Biological_Process_2023,DNA-templated Transcription Initiation (GO:0006352),5/59,0.022386502578089763,6.720650539838732,44.5825318109995,TBP;TFB2M;GTF2F2;TAF2;MED7,276
Cd2bp2,SE,GO_Biological_Process_2023,Histone Deacetylation (GO:0016575),4/36,0.024887024916834772,9.049632352941176,58.98567205386516,MTA1;MIER1;MSL3;MTA3,276
Cd2bp2,SE,GO_Biological_Process_2023,Positive Chemotaxis (GO:0050918),3/17,0.025566801898313493,15.470957613814758,100.27359720234834,TSC2;SCRIB;VEGFA,276
Cd2bp2,SE,GO_Cellular_Component_2023,U6 snRNP (GO:0005688),2/7,0.026069299437125736,28.786861313868613,160.37230567301066,LSM6;LSM2,276
Cd2bp2,SE,GO_Biological_Process_2023,Plasma Membrane Bounded Cell Projection Assembly (GO:0120031),11/275,0.026455821896035004,3.059748427672956,19.697612659740628,PLK4;IQCB1;IFT81;SEPTIN2;TMEM237;CENPJ;SEPTIN6;IFT122;B9D2;IFT57;BBS5,276
Cd2bp2,SE,GO_Biological_Process_2023,Spliceosomal snRNP Assembly (GO:0000387),4/37,0.02682297682944779,8.774955436720143,56.28604094448711,GEMIN2;GEMIN5;GEMIN8;LSM2,276
Cd2bp2,SE,GO_Biological_Process_2023,Protein Phosphorylation (GO:0006468),16/500,0.026994849450620785,2.446280991735537,15.652820652019603,PLK4;ATF2;UVRAG;TBP;CAB39;STRADA;STRADB;PRKAB1;ATG13;PRKCZ;IKBKB;STK11;CREB1;IRAK1;CDK12;TAF2,276
Cd2bp2,SE,GO_Molecular_Function_2023,Telomerase Activity (GO:0003720),2/5,0.02722982970041224,47.982968369829685,302.0376860902479,TERF1;TERF2,276
Cd2bp2,SE,GO_Molecular_Function_2023,RNA-directed DNA Polymerase Activity (GO:0003964),2/5,0.02722982970041224,47.982968369829685,302.0376860902479,TERF1;TERF2,276
Cd2bp2,SE,GO_Molecular_Function_2023,mRNA Binding (GO:0003729),11/282,0.02738650846507247,2.979642136044002,18.5934368102998,CHTOP;METTL14;POLDIP3;FMR1;METTL3;IGF2BP1;GEMIN5;RNPS1;EIF4G3;EDC3;EIF4G1,276
Cd2bp2,SE,GO_Biological_Process_2023,mRNA Transcription By RNA Polymerase II (GO:0042789),4/38,0.028288469804615114,8.51643598615917,53.77238132701109,NCOA2;TBP;CREB1;TAF2,276
Cd2bp2,SE,GO_Biological_Process_2023,DNA-templated Transcription (GO:0006351),9/199,0.028288469804615114,3.465523358959196,21.834250354955543,TBP;GTF3C4;MED20;TAF1A;ERCC2;RNPS1;CDK12;TFB2M;GTF2F2,276
Cd2bp2,SE,GO_Biological_Process_2023,Regulation Of Mast Cell Chemotaxis (GO:0060753),2/5,0.028288469804615114,47.982968369829685,302.0376860902479,VEGFB;VEGFA,276
Cd2bp2,SE,GO_Biological_Process_2023,Double-Strand Break Repair Via Classical Nonhomologous End Joining (GO:0097680),2/5,0.028288469804615114,47.982968369829685,302.0376860902479,UVRAG;ERCC8,276
Cd2bp2,SE,GO_Biological_Process_2023,Double-Strand Break Repair Via Synthesis-Dependent Strand Annealing (GO:0045003),2/5,0.028288469804615114,47.982968369829685,302.0376860902479,FANCM;XRCC3,276
Cd2bp2,SE,GO_Biological_Process_2023,Radial Glial Cell Differentiation (GO:0060019),2/5,0.028288469804615114,47.982968369829685,302.0376860902479,METTL14;METTL3,276
Cd2bp2,SE,GO_Biological_Process_2023,Ubiquitin-Dependent Protein Catabolic Process (GO:0006511),13/367,0.028288469804615114,2.7046679985392363,17.008146300678895,FBXW5;TSG101;FBXW11;ARMC8;AMBRA1;BAG6;RMND5B;MTA1;MDM2;ERCC8;RBCK1;BTRC;BIRC2,276
Cd2bp2,SE,GO_Molecular_Function_2023,RNA Cap Binding (GO:0000339),3/19,0.028676217885377678,13.535714285714286,83.21242850446129,GEMIN5;EIF4E2;EIF4G3,276
Cd2bp2,SE,GO_Biological_Process_2023,Regulation Of Autophagy (GO:0010506),10/241,0.029618592112793753,3.1723789994466687,19.754022742273328,UVRAG;STK11;RRAGB;NPRL3;AMBRA1;DEPDC5;ATG13;EIF4G3;ATP6V0A1;EIF4G1,276
Cd2bp2,SE,GO_Biological_Process_2023,Positive Regulation Of Nucleic Acid-Templated Transcription (GO:1903508),17/557,0.029618592112793753,2.331817531817532,14.50913936644949,FBXW11;ACTR5;MSL3;FOXM1;ARID1B;MSL1;IKBKB;MED22;MED14;CREB1;MTA1;KANSL1;RUVBL2;TADA3;BTRC;MTA3;TAF2,276
Cd2bp2,SE,GO_Biological_Process_2023,Axonal Transport (GO:0098930),4/39,0.029618592112793753,8.272689075630252,51.42732024374632,AP3M1;BLOC1S5;FBXW11;DTNBP1,276
Cd2bp2,SE,GO_Molecular_Function_2023,Translation Initiation Factor Activity (GO:0003743),4/41,0.030851710631076338,7.824721780604134,47.18341835112934,EIF4A2;EIF4E2;EIF4G3;EIF4G1,276
Cd2bp2,SE,GO_Biological_Process_2023,Negative Regulation Of Telomere Maintenance Via Telomerase (GO:0032211),3/19,0.03146228421368412,13.535714285714286,83.21242850446129,TERF1;TENT4B;TERF2,276
Cd2bp2,SE,GO_Biological_Process_2023,Positive Regulation Of Cell Cycle G1/S Phase Transition (GO:1902808),4/40,0.03174299298593053,8.042483660130719,49.23552540182494,CENPJ;CDC73;EIF4G1;EZH2,276
Cd2bp2,SE,GO_Biological_Process_2023,Protein Deacetylation (GO:0006476),4/40,0.03174299298593053,8.042483660130719,49.23552540182494,MTA1;MIER1;MSL3;MTA3,276
Cd2bp2,SE,GO_Cellular_Component_2023,Adherens Junction (GO:0005912),7/150,0.0324114798692163,3.5632360204850912,18.968591479564363,DLG1;DLG3;DLG5;SCRIB;TLN1;PALS1;VEGFA,276
Cd2bp2,SE,GO_Cellular_Component_2023,BLOC-1 Complex (GO:0031083),2/8,0.03247519859522261,23.987834549878347,126.95478770808306,BLOC1S5;DTNBP1,276
Cd2bp2,SE,GO_Molecular_Function_2023,Aryl Hydrocarbon Receptor Binding (GO:0017162),2/6,0.033727498493012265,35.98540145985402,212.25497207393838,NCOA2;TBP,276
Cd2bp2,SE,GO_Biological_Process_2023,Positive Regulation Of Protein-Containing Complex Assembly (GO:0031334),6/98,0.03394921047478616,4.742028985507246,28.633994101470982,MAVS;SLF1;TERF1;SPIDR;EIF4G1;VEGFA,276
Cd2bp2,SE,GO_Biological_Process_2023,Response To Amino Acid Starvation (GO:1990928),4/41,0.03394921047478616,7.824721780604134,47.18341835112934,RRAGB;NPRL3;DEPDC5;ITFG2,276
Cd2bp2,SE,GO_Biological_Process_2023,Double-Strand Break Repair Via Nonhomologous End Joining (GO:0006303),4/41,0.03394921047478616,7.824721780604134,47.18341835112934,UVRAG;NSMCE2;ERCC8;SMC5,276
Cd2bp2,SE,GO_Biological_Process_2023,Stress-Activated Protein Kinase Signaling Cascade (GO:0031098),3/20,0.03431319090919847,12.738849385908209,76.37299967750627,IKBKB;PDCD10;KAT7,276
Cd2bp2,SE,GO_Biological_Process_2023,Transport Along Microtubule (GO:0010970),3/20,0.03431319090919847,12.738849385908209,76.37299967750627,COPG2;COPG1;BORCS7,276
Cd2bp2,SE,GO_Biological_Process_2023,Nuclear-Transcribed mRNA poly(A) Tail Shortening (GO:0000289),3/20,0.03431319090919847,12.738849385908209,76.37299967750627,PAN2;CNOT2;CNOT10,276
Cd2bp2,SE,GO_Biological_Process_2023,Cellular Response To Amino Acid Starvation (GO:0034198),4/42,0.03595195324999116,7.618421052631579,45.258934295559655,RRAGB;NPRL3;DEPDC5;ITFG2,276
Cd2bp2,SE,GO_Biological_Process_2023,Establishment Of Mitotic Sister Chromatid Cohesion (GO:0034087),2/6,0.0360868643352045,35.98540145985402,212.25497207393838,STAG1;STAG2,276
Cd2bp2,SE,GO_Biological_Process_2023,Histone H4-K12 Acetylation (GO:0043983),2/6,0.0360868643352045,35.98540145985402,212.25497207393838,JADE1;KAT7,276
Cd2bp2,SE,GO_Biological_Process_2023,Negative Regulation Of Telomere Capping (GO:1904354),2/6,0.0360868643352045,35.98540145985402,212.25497207393838,RAD50;TERF2,276
Cd2bp2,SE,GO_Biological_Process_2023,"Neurotransmitter Receptor Transport, Endosome To Postsynaptic Membrane (GO:0098887)",2/6,0.0360868643352045,35.98540145985402,212.25497207393838,NCOA2;SCRIB,276
Cd2bp2,SE,GO_Biological_Process_2023,Positive Regulation Of mRNA Binding (GO:1902416),2/6,0.0360868643352045,35.98540145985402,212.25497207393838,FMR1;EIF4G1,276
Cd2bp2,SE,GO_Molecular_Function_2023,Signaling Receptor Complex Adaptor Activity (GO:0030159),4/44,0.036839445002315924,7.2367647058823525,41.75096287329762,UXT;CARD10;NCOA2;DLG5,276
Cd2bp2,SE,GO_Biological_Process_2023,mRNA Catabolic Process (GO:0006402),4/43,0.03716662999778142,7.422699849170438,43.45131998833598,LSM6;METTL3;CNOT10;LSM2,276
Cd2bp2,SE,GO_Biological_Process_2023,mRNA Transcription (GO:0009299),4/43,0.03716662999778142,7.422699849170438,43.45131998833598,NCOA2;TBP;CREB1;TAF2,276
Cd2bp2,SE,GO_Biological_Process_2023,Autophagosome Maturation (GO:0097352),4/44,0.0398512440952271,7.2367647058823525,41.75096287329762,UVRAG;TSG101;VIPAS39;VPS16,276
Cd2bp2,SE,GO_Biological_Process_2023,Regulation Of DNA Recombination (GO:0000018),4/44,0.0398512440952271,7.2367647058823525,41.75096287329762,RAD50;PPP4R2;MSH3;SPIDR,276
Cd2bp2,SE,GO_Biological_Process_2023,Response To Ionizing Radiation (GO:0010212),5/72,0.040297141618260625,5.413063832130859,31.12962454455804,STK11;MTA1;FANCD2;UIMC1;SPIDR,276
Cd2bp2,SE,GO_Biological_Process_2023,Lysosomal Transport (GO:0007041),6/105,0.042365614089643656,4.405162738496072,25.08080922427723,AP3M1;TSG101;HOOK2;BIN1;VIPAS39;VPS16,276
Cd2bp2,SE,GO_Biological_Process_2023,Regulation Of Cell Cycle G1/S Phase Transition (GO:1902806),5/74,0.044650144288270126,5.255628643242954,29.60053250888177,PBRM1;AMBRA1;ARID1B;CDC73;EZH2,276
Cd2bp2,SE,GO_Biological_Process_2023,Protein Sumoylation (GO:0016925),4/46,0.044650144288270126,6.891456582633054,38.63842448597967,SLF1;NSMCE2;MDM2;SMC5,276
Cd2bp2,SE,GO_Biological_Process_2023,Regulation Of Centrosome Cycle (GO:0046605),3/23,0.044650144288270126,10.826373626373627,60.46820319147657,FBXW5;XRCC3;CCNL2,276
Cd2bp2,SE,GO_Biological_Process_2023,Regulation Of Transcription From RNA Polymerase II Promoter In Response To Hypoxia (GO:0061418),2/7,0.044650144288270126,28.786861313868613,160.37230567301066,RBPJ;VEGFA,276
Cd2bp2,SE,GO_Biological_Process_2023,Single Strand Break Repair (GO:0000012),2/7,0.044650144288270126,28.786861313868613,160.37230567301066,ERCC8;APTX,276
Cd2bp2,SE,GO_Biological_Process_2023,Establishment Of Golgi Localization (GO:0051683),2/7,0.044650144288270126,28.786861313868613,160.37230567301066,PDCD10;COPG1,276
Cd2bp2,SE,GO_Biological_Process_2023,Telomeric D-loop Disassembly (GO:0061820),2/7,0.044650144288270126,28.786861313868613,160.37230567301066,TERF1;TERF2,276
Cd2bp2,SE,GO_Biological_Process_2023,Translocation Of Molecules Into Host (GO:0044417),2/7,0.044650144288270126,28.786861313868613,160.37230567301066,THOC7;THOC6,276
Cd2bp2,SE,GO_Biological_Process_2023,Viral mRNA Export From Host Cell Nucleus (GO:0046784),2/7,0.044650144288270126,28.786861313868613,160.37230567301066,THOC7;THOC6,276
Cd2bp2,SE,GO_Biological_Process_2023,"Neurotransmitter Receptor Transport, Endosome To Plasma Membrane (GO:0099639)",2/7,0.044650144288270126,28.786861313868613,160.37230567301066,NCOA2;SCRIB,276
Cd2bp2,SE,GO_Biological_Process_2023,Positive Regulation Of Translation (GO:0045727),6/108,0.045090246101350984,4.274945533769063,23.745107667053905,METTL14;POLDIP3;FMR1;METTL3;IGF2BP1;EIF4G3,276
Cd2bp2,SE,GO_Biological_Process_2023,Protein Monoubiquitination (GO:0006513),4/47,0.04596844179347087,6.730848153214774,37.2115193703124,FANCL;FANCC;FANCE;FANCG,276
Cd2bp2,SE,GO_Biological_Process_2023,"Retrograde Vesicle-Mediated Transport, Golgi To Endoplasmic Reticulum (GO:0006890)",4/48,0.04928351225930328,6.577540106951871,35.862226960020266,UVRAG;RINT1;COPG2;ERGIC2,276
Qk,SE,GO_Cellular_Component_2023,Intracellular Membrane-Bounded Organelle (GO:0043231),122/5175,2.2099222416720583e-19,3.7836844343575127,182.940336412428,N6AMT1;ATF2;VPS29;FMR1;JADE1;SMC6;RPL10A;UXT;MPC2;TRAPPC12;KAT7;CCNL2;KPNA2;NFRKB;MAP3K7;AQR;KDM2B;FBXW11;TSC2;KNL1;PRKAB1;THOC7;DPM1;RRAGB;BIN1;MSH3;GEMIN8;TELO2;ISCU;MEAF6;DHX9;MAX;VPS26C;PDS5B;FXR1;BAG6;ORC1;IRAK1;KAT14;SEC31A;BPTF;OSBPL9;XRCC3;RFXANK;PALB2;NSFL1C;STAG1;DLG1;LSM6;HOOK2;APPBP2;TADA3;CDK2;HNRNPD;MDM2;RNPS1;RPS24;EZH2;RAD9A;INTS11;INTS13;INTS14;FBH1;MCM8;ZBTB8OS;ECSIT;FOXM1;MED15;METTL14;ING3;AP1G1;DNMT3B;BUD23;TOPBP1;RBM7;POLE;TOP3B;PBRM1;SUN1;TBP;STRADA;STRADB;AKTIP;ACTR5;DNMT3A;PEX2;RAD23A;SMC1A;TERF2;MED22;SLC7A5;TRAPPC6A;TFDP2;THRAP3;MED20;MTF2;GAPDH;ITGB3BP;PRKAA1;RNMT;POLDIP3;GPS1;DDX20;DLST;KATNB1;AMBRA1;CECR2;NFS1;USP1;RBBP8;IGF2BP1;PMS2;BRD8;GINS1;PCGF5;DTNBP1;APTX;PEX14;RAD50;UBAP1;ACIN1;MPHOSPH8,216
Qk,SE,GO_Cellular_Component_2023,Nucleus (GO:0005634),112/4487,2.7676909836806696e-19,3.7929846153846154,179.90726740914567,N6AMT1;ATF2;FMR1;JADE1;SMC6;RPL10A;UXT;MPC2;TRAPPC12;KAT7;CCNL2;KPNA2;NFRKB;MAP3K7;AQR;KDM2B;FBXW11;TSC2;KNL1;PRKAB1;THOC7;DPM1;RRAGB;BIN1;MSH3;GEMIN8;TELO2;ISCU;MEAF6;DHX9;MAX;VPS26C;PDS5B;FXR1;BAG6;ORC1;IRAK1;KAT14;BPTF;XRCC3;RFXANK;PALB2;NSFL1C;STAG1;DLG1;LSM6;APPBP2;TADA3;CDK2;HNRNPD;MDM2;RNPS1;RPS24;EZH2;RAD9A;INTS11;INTS13;INTS14;FBH1;MCM8;ZBTB8OS;ECSIT;FOXM1;MED15;METTL14;ING3;DNMT3B;BUD23;TOPBP1;RBM7;POLE;TOP3B;PBRM1;TBP;STRADA;STRADB;AKTIP;ACTR5;DNMT3A;RAD23A;SMC1A;TERF2;MED22;TFDP2;THRAP3;MED20;MTF2;GAPDH;ITGB3BP;PRKAA1;RNMT;POLDIP3;GPS1;DDX20;DLST;KATNB1;AMBRA1;CECR2;NFS1;USP1;RBBP8;IGF2BP1;PMS2;BRD8;GINS1;PCGF5;DTNBP1;APTX;PEX14;RAD50;ACIN1;MPHOSPH8,216
Qk,SE,GO_Biological_Process_2023,DNA Metabolic Process (GO:0006259),21/288,1.0152960794988739e-8,7.872025352924229,203.09820354559264,TOP3B;INO80E;FBH1;MCM8;FMR1;ACTR5;XRCC3;PDS5B;SMC1A;TERF2;RAD50;ORC6;ORC1;MSH3;CDK2;RBBP8;TOPBP1;KPNA2;NFRKB;POLE;RAD9A,216
Qk,SE,GO_Cellular_Component_2023,Intracellular Non-Membrane-Bounded Organelle (GO:0043232),37/1195,4.5223798246306753e-7,3.3247556468964983,62.851421938283096,INO80E;MEAF6;DHX9;EPB41;FMR1;FAF2;DDX20;DDX21;KATNB1;PDS5B;AMBRA1;FOXM1;UXT;FXR1;SYCE2;IRAK1;KAT7;UTP20;TRAPPC13;BUD23;TOPBP1;RBM7;PLK4;SLC30A5;SMC1A;MIF4GD;APTX;STAG1;ZZZ3;LSM6;BIN1;WDR82;MDM2;MPHOSPH8;EIF4G3;GAPDH;VCL,216
Qk,SE,GO_Biological_Process_2023,Regulation Of Cell Cycle (GO:0051726),19/298,4.910100439561596e-7,6.742626858068155,142.65808622848536,INTS13;INO80E;MEAF6;ACTR5;JADE1;TSC2;RAD23A;FOXM1;ZZZ3;ING3;MRGBP;BIN1;TADA3;MDM2;KAT7;CCNL2;BRD8;NFRKB;KAT14,216
Qk,SE,GO_Biological_Process_2023,Regulation Of DNA Metabolic Process (GO:0051052),13/124,4.910100439561596e-7,11.349975591354902,236.33693326135435,INO80E;MEAF6;ACTR5;JADE1;SMC6;TERF2;TADA3;HNRNPD;USP1;KAT7;KPNA2;NFRKB;MPHOSPH8,216
Qk,SE,GO_Biological_Process_2023,Internal Peptidyl-Lysine Acetylation (GO:0018393),8/39,3.0505960775854807e-6,24.50744416873449,458.49438956312486,BAG6;ING3;MRGBP;MEAF6;TADA3;KAT7;BRD8;KAT14,216
Qk,SE,GO_Biological_Process_2023,Regulation Of DNA Repair (GO:0006282),12/129,5.20920616601204e-6,9.887883358471594,177.48887354114026,INO80E;PBRM1;MRGBP;ING3;MEAF6;DHX9;ACTR5;TADA3;USP1;KAT7;BRD8;NFRKB,216
Qk,SE,GO_Biological_Process_2023,DNA Repair (GO:0006281),17/291,5.309295069053751e-6,6.082786193742435,107.96206511326818,CENPX;FANCM;FBH1;FMR1;ACTR5;XRCC3;RAD23A;PDS5B;SMC1A;APTX;RAD50;MSH3;RBBP8;PMS2;TOPBP1;POLE;RAD9A,216
Qk,SE,GO_Biological_Process_2023,Telomere Maintenance (GO:0000723),9/68,1.1158437343180516e-5,14.535740604274134,244.9548120869799,INO80E;RAD50;ACTR5;TINF2;XRCC3;SMC6;TRAPPC13;NFRKB;TERF2,216
Qk,SE,GO_Biological_Process_2023,Histone H4 Acetylation (GO:0043967),7/39,3.626625821626696e-5,20.673444976076556,321.2586024189407,ING3;MRGBP;MEAF6;KANSL2;JADE1;KAT7;BRD8,216
Qk,SE,GO_Molecular_Function_2023,DNA Binding (GO:0003677),28/846,3.75325632621536e-5,3.453207095666649,54.508918992558925,GTF3C4;DHX9;FBH1;MAX;MCM8;FMR1;SMC6;RTF1;PDS5B;DNMT3B;RBBP8;IGF2BP1;PMS2;POLE;BPTF;CENPX;KDM2B;TINF2;DNMT3A;RAD23A;SMC1A;APTX;PALB2;RAD50;MSH3;THRAP3;MTF2;EZH2,216
Qk,SE,GO_Biological_Process_2023,Regulation Of Multicellular Organismal Development (GO:2000026),8/59,4.060578282699763e-5,14.8815987933635,227.82044044414482,BAG6;INO80E;ZZZ3;MEAF6;ACTR5;TADA3;NFRKB;KAT14,216
Qk,SE,GO_Cellular_Component_2023,Nuclear Chromosome (GO:0000228),9/95,4.8945086874740264e-5,9.958543983822043,138.74387627725704,GINS1;PBRM1;INO80E;RAD50;ING3;ACTR5;BRD8;SMC1A;NFRKB,216
Qk,SE,GO_Biological_Process_2023,Regulation Of Translation (GO:0006417),13/202,5.17948715118876e-5,6.639429718247452,99.32671467000007,EIF4A2;CYFIP1;DHX9;POLDIP3;FMR1;CNOT10;MIF4GD;FXR1;METTL14;HNRNPD;IGF2BP1;EIF4G3;GAPDH,216
Qk,SE,GO_Cellular_Component_2023,Chromosome (GO:0005694),11/164,7.703811469730857e-5,6.88477602423083,91.26045939853344,SYCE2;STAG1;PBRM1;FMR1;DDX21;KAT7;SMC6;TRAPPC13;PDS5B;TOPBP1;SMC1A,216
Qk,SE,GO_Molecular_Function_2023,Histone H4K12 Acetyltransferase Activity (GO:0043997),4/10,1.7758035183765508e-4,62.19496855345912,798.8635462198472,ING3;MEAF6;JADE1;KAT7,216
Qk,SE,GO_Molecular_Function_2023,Histone H4K5 Acetyltransferase Activity (GO:0043995),4/10,1.7758035183765508e-4,62.19496855345912,798.8635462198472,ING3;MEAF6;JADE1;KAT7,216
Qk,SE,GO_Molecular_Function_2023,Histone H4K8 Acetyltransferase Activity (GO:0043996),4/10,1.7758035183765508e-4,62.19496855345912,798.8635462198472,ING3;MEAF6;JADE1;KAT7,216
Qk,SE,GO_Biological_Process_2023,Positive Regulation Of Gene Expression (GO:0010628),19/480,1.8347689576916378e-4,4.042602155984012,54.97946872387946,N6AMT1;ATF2;PRKAA1;POLDIP3;FMR1;DTNBP1;PRKAB1;TERF2;VEGFA;UXT;FXR1;METTL14;PDCD10;TADA3;HNRNPD;DNMT3B;KAT7;EIF4G3;GAPDH,216
Qk,SE,GO_Biological_Process_2023,Positive Regulation Of Telomere Maintenance (GO:0032206),7/52,1.8671502590170068e-4,14.69144072301967,198.26853641444754,INO80E;RAD50;ACTR5;TINF2;HNRNPD;NFRKB;TERF2,216
Qk,SE,GO_Cellular_Component_2023,INO80-type Complex (GO:0097346),5/25,2.291423469551316e-4,23.417061611374407,280.6074740901112,INO80E;ING3;ACTR5;BRD8;NFRKB,216
Qk,SE,GO_Cellular_Component_2023,ATAC Complex (GO:0140672),4/13,2.7545263283128415e-4,41.457023060796644,482.7592509444374,ZZZ3;TADA3;MAP3K7;KAT14,216
Qk,SE,GO_Biological_Process_2023,Positive Regulation Of DNA Metabolic Process (GO:0051054),9/108,3.089495061562916e-4,8.645147123407993,111.09511685555442,GINS1;INO80E;RAD50;DHX9;ACTR5;TINF2;KAT7;NFRKB;TERF2,216
Qk,SE,GO_Biological_Process_2023,Histone Modification (GO:0016570),8/81,3.089495061562916e-4,10.385142255005269,133.32205192780054,ING3;MRGBP;MEAF6;TADA3;JADE1;KAT7;BRD8;KAT14,216
Qk,SE,GO_Biological_Process_2023,Epigenetic Regulation Of Gene Expression (GO:0040029),8/83,3.4713723765948516e-4,10.107179487179486,127.8783925204409,N6AMT1;ATF2;DNMT3A;MTF2;KAT7;PPHLN1;MPHOSPH8;EZH2,216
Qk,SE,GO_Biological_Process_2023,Histone Acetylation (GO:0016573),7/60,3.7575321618297283e-4,12.468809244380248,155.9658804209155,ING3;MRGBP;MEAF6;TADA3;BRD8;MAP3K7;KAT14,216
Qk,SE,GO_Biological_Process_2023,Negative Regulation Of Gene Expression (GO:0010629),15/336,3.779849408738964e-4,4.5248058771562745,56.19052682166627,PRKAA1;FMR1;CNOT10;PPHLN1;TERF2;VEGFA;FXR1;SLC7A5;LSM6;RBL1;PDCD10;IGF2BP1;MPHOSPH8;GAPDH;EZH2,216
Qk,SE,GO_Biological_Process_2023,Establishment Or Maintenance Of Epithelial Cell Apical/Basal Polarity (GO:0045197),6/40,3.779849408738964e-4,16.596638655462186,205.54567784918254,PATJ;DLG1;DLG3;DLG5;SYNE4;PALS1,216
Qk,SE,GO_Biological_Process_2023,Regulation Of Embryonic Development (GO:0045995),7/62,3.9564042506238714e-4,12.014180078294912,147.5949099544783,BAG6;INO80E;ZZZ3;ACTR5;TADA3;NFRKB;KAT14,216
Qk,SE,GO_Biological_Process_2023,Telomere Organization (GO:0032200),7/63,4.189968096610056e-4,11.799043062200957,143.6699633485885,INO80E;RAD50;ACTR5;TINF2;NFRKB;TERF2;EZH2,216
Qk,SE,GO_Biological_Process_2023,Regulation Of Chromosome Organization (GO:0033044),6/43,5.00886684278056e-4,15.248648648648649,182.20764786417593,INO80E;ACTR5;HNRNPD;SMC6;NFRKB;TERF2,216
Qk,SE,GO_Molecular_Function_2023,Single-Stranded DNA Binding (GO:0003697),8/96,5.133958246974275e-4,8.608391608391608,99.51074203373791,FBH1;MCM8;MSH3;DHX9;PMS2;RAD23A;SMC6;RTF1,216
Qk,SE,GO_Molecular_Function_2023,DNA-methyltransferase Activity (GO:0009008),3/5,5.481387001969272e-4,139.30985915492957,1575.8639477545792,N6AMT1;DNMT3A;DNMT3B,216
Qk,SE,GO_Biological_Process_2023,Establishment Or Maintenance Of Apical/Basal Cell Polarity (GO:0035088),5/26,5.671976573238867e-4,22.30083502595351,262.6648852282851,PATJ;DLG1;DLG3;DLG5;PALS1,216
Qk,SE,GO_Cellular_Component_2023,Protein Kinase Complex (GO:1902911),4/17,7.755034800382329e-4,28.69521044992743,300.61630724800494,CAB39;CAB39L;STRADA;STRADB,216
Qk,SE,GO_Biological_Process_2023,Organelle Assembly (GO:0070925),14/322,8.132464430614702e-4,4.382538253825382,49.84469039555901,PLK4;IQCB1;FMR1;SEPTIN6;AMBRA1;FXR1;NSFL1C;AP3M1;AP1G1;CHMP2A;UBAP1;ULK1;CHMP7;ATG5,216
Qk,SE,GO_Biological_Process_2023,Mitotic Recombination (GO:0006312),4/14,8.2478266042032e-4,37.30943396226415,422.2245187535277,RAD50;MSH3;XRCC3;SMC6,216
Qk,SE,GO_Biological_Process_2023,Regulation Of Gene Expression (GO:0010468),29/1127,8.252573972052548e-4,2.6391884125731764,29.7579908166622,ATF2;PRKAA1;MEAF6;JADE1;CIAO3;UXT;ING3;PDCD10;DNMT3B;IGF2BP1;KAT7;CCNL2;KAT14;BPTF;ACTR5;DTNBP1;PRKAB1;TERF2;VEGFA;SLC7A5;ZZZ3;RBL1;KANSL2;MTF2;TADA3;CDK2;HNRNPD;MDM2;EZH2,216
Qk,SE,GO_Biological_Process_2023,Histone H4-K5 Acetylation (GO:0043981),4/15,9.623022541035469e-4,33.915951972555746,373.5897226515036,MEAF6;KANSL2;JADE1;KAT7,216
Qk,SE,GO_Biological_Process_2023,Histone H4-K8 Acetylation (GO:0043982),4/15,9.623022541035469e-4,33.915951972555746,373.5897226515036,MEAF6;KANSL2;JADE1;KAT7,216
Qk,SE,GO_Biological_Process_2023,Regulation Of DNA Replication (GO:0006275),7/75,9.623022541035469e-4,9.710948494230228,106.90269061070157,INO80E;MEAF6;DHX9;ACTR5;JADE1;KAT7;NFRKB,216
Qk,SE,GO_Molecular_Function_2023,Telomeric DNA Binding (GO:0042162),5/33,9.999703935474034e-4,16.71970209884902,176.50297504738018,RAD50;TINF2;HNRNPD;TERF2;TELO2,216
Qk,SE,GO_Biological_Process_2023,Lysosomal Transport (GO:0007041),8/105,0.0010360833705617938,7.806106264869151,85.08269381249896,AP3M1;HOOK2;BIN1;AP1G1;AKTIP;VPS41;CHMP2A;CHMP7,216
Qk,SE,GO_Biological_Process_2023,DNA Damage Response (GO:0006974),15/384,0.001073564138594433,3.9265056829672775,42.524319311477115,ATF2;FBH1;MCM8;FMR1;XRCC3;SMC6;PDS5B;SMC1A;RAD50;MSH3;RBBP8;TRAPPC13;TOPBP1;BID;RAD9A,216
Qk,SE,GO_Cellular_Component_2023,Serine/Threonine Protein Kinase Complex (GO:1902554),6/60,0.0011140462051225158,10.43915343915344,104.3514441859238,CAB39;CAB39L;STRADA;STRADB;CDK2;CCNL2,216
Qk,SE,GO_Biological_Process_2023,Positive Regulation Of Translation (GO:0045727),8/108,0.0011903545661304676,7.570769230769231,80.96188159081382,FXR1;METTL14;DHX9;POLDIP3;FMR1;HNRNPD;IGF2BP1;EIF4G3,216
Qk,SE,GO_Biological_Process_2023,Histone H4-K12 Acetylation (GO:0043983),3/6,0.0012333324547719952,92.86854460093896,986.8947685528138,MEAF6;JADE1;KAT7,216
Qk,SE,GO_Biological_Process_2023,Activation Of Protein Kinase Activity (GO:0032147),7/81,0.001340335071868189,8.920858657700762,93.69100313864665,CAB39;IRAK1;CAB39L;STRADA;STRADB;MAP3K7;VEGFA,216
Qk,SE,GO_Biological_Process_2023,Regulation Of Tubulin Deacetylation (GO:0090043),4/17,0.001340335071868189,28.69521044992743,300.61630724800494,PRKAA1;ZZZ3;TADA3;KAT14,216
Qk,SE,GO_Biological_Process_2023,Positive Regulation Of Protein Kinase Activity (GO:0045860),9/145,0.001340335071868189,6.281329923273657,65.66490171520957,DLG3;CAB39;PDCD10;CAB39L;STRADA;STRADB;TELO2;EZH2;VEGFA,216
Qk,SE,GO_Biological_Process_2023,Positive Regulation Of Double-Strand Break Repair (GO:2000781),7/84,0.0015734693921316317,8.571987820791648,87.99528205158119,PBRM1;ING3;MRGBP;MEAF6;TRAPPC13;BRD8;FOXM1,216
Qk,SE,GO_Biological_Process_2023,Chromatin Organization (GO:0006325),12/268,0.0016191247100335521,4.487132352941177,45.811129945494066,CECR2;PBRM1;INO80E;ZZZ3;KDM2B;ACTR5;MTF2;DDX21;KAT7;NFRKB;EZH2;BPTF,216
Qk,SE,GO_Molecular_Function_2023,RNA Binding (GO:0003723),32/1411,0.001672755763085446,2.32115269413879,22.855779917206068,EIF4A2;FYTTD1;DHX9;RNMT;POLDIP3;FMR1;DDX20;DDX21;RTF1;RPL10A;FXR1;METTL14;FIP1L1;IGF2BP1;UTP20;BUD23;KPNA2;RBM7;TOP3B;AQR;PPHLN1;SMC1A;APTX;SNUPN;LSM6;THRAP3;ZC3H11A;HNRNPD;ACIN1;RNPS1;EIF4G3;RPS24,216
Qk,SE,GO_Molecular_Function_2023,Histone H4 Acetyltransferase Activity (GO:0010485),4/20,0.001672755763085446,23.31132075471698,228.23577191679829,ING3;MEAF6;JADE1;KAT7,216
Qk,SE,GO_Biological_Process_2023,COPII-coated Vesicle Budding (GO:0090114),5/36,0.001723741609491954,15.099373184528359,152.8081471776997,TRAPPC6A;SAR1A;TRAPPC12;SEC24C;SEC31A,216
Qk,SE,GO_Molecular_Function_2023,Histone H3K14 Acetyltransferase Activity (GO:0036408),3/8,0.0017980530146677193,55.71549295774648,535.6029035026731,MEAF6;JADE1;KAT7,216
Qk,SE,GO_Biological_Process_2023,Positive Regulation Of DNA Repair (GO:0045739),7/89,0.002111161745056891,8.0472633912942,79.5990902262492,PBRM1;INO80E;DHX9;ACTR5;USP1;FOXM1;NFRKB,216
Qk,SE,GO_Biological_Process_2023,Regulation Of Telomere Maintenance (GO:0032204),5/38,0.0021423935622330503,14.182823495619704,139.7213090308483,RAD50;TINF2;HNRNPD;SMC6;TERF2,216
Qk,SE,GO_Molecular_Function_2023,Methylation-Dependent Protein Binding (GO:0140034),6/68,0.0021672266521556654,9.088479262672811,84.392436576789,ING3;ZZZ3;FMR1;MTF2;MPHOSPH8;BPTF,216
Qk,SE,GO_Molecular_Function_2023,Single-Stranded RNA Binding (GO:0003727),5/43,0.0021672266521556654,12.313544524819157,113.82778099945565,FXR1;AQR;DHX9;FMR1;RBM7,216
Qk,SE,GO_Biological_Process_2023,mRNA Export From Nucleus (GO:0006406),6/62,0.0021812733047449325,10.06530612244898,98.7282478579032,NUP214;FYTTD1;POLDIP3;FMR1;ZC3H11A;THOC7,216
Qk,SE,GO_Molecular_Function_2023,Methylated Histone Binding (GO:0035064),6/71,0.002444609316960501,8.667692307692308,78.38741934254953,ING3;ZZZ3;FMR1;MTF2;MPHOSPH8;BPTF,216
Qk,SE,GO_Biological_Process_2023,snRNA Metabolic Process (GO:0016073),4/21,0.002593778008743898,21.938956714761375,210.3492419596322,INTS11;INTS13;INTS14;RBM7,216
Qk,SE,GO_Biological_Process_2023,Histone H2A Acetylation (GO:0043968),4/21,0.002593778008743898,21.938956714761375,210.3492419596322,ING3;MRGBP;MEAF6;BRD8,216
Qk,SE,GO_Biological_Process_2023,Negative Regulation Of mRNA Catabolic Process (GO:1902373),5/41,0.0028323380689726937,12.99894681411269,123.19044971967017,DHX9;THRAP3;FMR1;IGF2BP1;HNRNPD,216
Qk,SE,GO_Biological_Process_2023,Regulation Of DNA-templated Transcription (GO:0006355),39/1922,0.003048473316639779,2.0946830247441426,19.622597009815195,ATF2;INO80E;PRKAA1;MEAF6;DHX9;MAX;JADE1;FOXM1;ING3;RBBP8;KAT7;CCNL2;BRD8;BTRC;NFRKB;KAT14;BPTF;PBRM1;KDM2A;KDM2B;PCGF5;FBXW11;ACTR5;DNMT3A;RFXANK;PEX14;MED22;ZZZ3;MRGBP;TFDP2;THRAP3;KANSL2;MED20;MTF2;TADA3;HNRNPD;MDM2;MPHOSPH8;EZH2,216
Qk,SE,GO_Biological_Process_2023,DNA Recombination (GO:0006310),5/42,0.003048473316639779,12.646983476367362,118.36268932325447,RAD50;MSH3;XRCC3;RBBP8;TOPBP1,216
Qk,SE,GO_Biological_Process_2023,Double-Strand Break Repair (GO:0006302),9/168,0.003112092809701713,5.3664205633032545,49.94527250773327,RAD50;KDM2A;FBH1;MCM8;ACTR5;XRCC3;RBBP8;SMC6;PALB2,216
Qk,SE,GO_Biological_Process_2023,DNA-templated DNA Replication Maintenance Of Fidelity (GO:0045005),5/43,0.003112092809701713,12.313544524819157,113.82778099945565,CENPX;FANCM;FBH1;MCM8;POLE,216
Qk,SE,GO_Biological_Process_2023,[2Fe-2S] Cluster Assembly (GO:0044571),3/9,0.003112092809701713,46.42723004694836,427.8598528653119,NFS1;FDX2;ISCU,216
Qk,SE,GO_Biological_Process_2023,Telomere Maintenance Via Recombination (GO:0000722),3/9,0.003112092809701713,46.42723004694836,427.8598528653119,RAD50;XRCC3;SMC6,216
Qk,SE,GO_Biological_Process_2023,Homologous Recombination (GO:0035825),3/9,0.003112092809701713,46.42723004694836,427.8598528653119,RAD50;RBBP8;TOPBP1,216
Qk,SE,GO_Biological_Process_2023,Positive Regulation Of miRNA-mediated Gene Silencing (GO:2000637),3/9,0.003112092809701713,46.42723004694836,427.8598528653119,FXR1;DHX9;FMR1,216
Qk,SE,GO_Biological_Process_2023,Regulation Of DNA-templated Transcription Elongation (GO:0032784),5/44,0.003319171434156701,11.99720500668368,109.56137091335086,INTS11;INTS13;INTS14;WDR82;KAT7,216
Qk,SE,GO_Biological_Process_2023,Regulation Of Double-Strand Break Repair Via Homologous Recombination (GO:0010569),6/71,0.0035100467668137338,8.667692307692308,78.38741934254953,ING3;MRGBP;MEAF6;FBH1;TRAPPC13;BRD8,216
Qk,SE,GO_Biological_Process_2023,Regulation Of Cytoplasmic Translation (GO:2000765),4/24,0.0035100467668137338,18.645283018867925,168.54004276967285,DHX9;FMR1;HNRNPD;IGF2BP1,216
Qk,SE,GO_Biological_Process_2023,Positive Regulation Of Nucleic Acid-Templated Transcription (GO:1903508),17/557,0.003565211558061709,3.0443699981388423,27.41660160842975,INO80E;PRKAA1;MEAF6;FBXW11;MAX;ACTR5;FOXM1;MED22;ING3;MRGBP;THRAP3;KANSL2;TADA3;HNRNPD;BRD8;BTRC;NFRKB,216
Qk,SE,GO_Molecular_Function_2023,Histone Acetyltransferase Activity (GO:0004402),4/27,0.003671122603669327,16.210828547990157,138.81189550096045,ATF2;ING3;KAT7;KAT14,216
Qk,SE,GO_Biological_Process_2023,Replication Fork Processing (GO:0031297),5/46,0.003759727633450908,11.410819558432552,101.74911464252929,RAD50;CENPX;FANCM;FBH1;RBBP8,216
Qk,SE,GO_Biological_Process_2023,Mitotic G2/M Transition Checkpoint (GO:0044818),5/46,0.003759727633450908,11.410819558432552,101.74911464252929,RINT1;RAD50;ORC1;RBBP8;TOPBP1,216
Qk,SE,GO_Biological_Process_2023,CRD-mediated mRNA Stabilization (GO:0070934),3/10,0.003759727633450908,39.79275653923541,352.8434866359859,DHX9;HNRNPD;IGF2BP1,216
Qk,SE,GO_Biological_Process_2023,Histone H3-K14 Acetylation (GO:0044154),3/10,0.003759727633450908,39.79275653923541,352.8434866359859,ZZZ3;TADA3;KAT14,216
Qk,SE,GO_Biological_Process_2023,Positive Regulation Of Post-Transcriptional Gene Silencing By RNA (GO:1900370),3/10,0.003759727633450908,39.79275653923541,352.8434866359859,FXR1;DHX9;FMR1,216
Qk,SE,GO_Cellular_Component_2023,Histone Acetyltransferase Complex (GO:0000123),4/27,0.0038455752500651226,16.210828547990157,138.81189550096045,MEAF6;KANSL2;JADE1;KAT7,216
Qk,SE,GO_Cellular_Component_2023,TRAPPIII Protein Complex (GO:1990072),3/11,0.0038455752500651226,34.816901408450704,297.9130573992722,TRAPPC6A;TRAPPC12;TRAPPC13,216
Qk,SE,GO_Cellular_Component_2023,Postsynaptic Density (GO:0014069),8/151,0.003995148417290321,5.282678859601937,44.01163680139982,FXR1;DLG1;DLG3;FMR1;DLG5;DTNBP1;TSC2;FOXM1,216
Qk,SE,GO_Cellular_Component_2023,H4/H2A Histone Acetyltransferase Complex (GO:0043189),4/29,0.003995148417290321,14.912452830188679,123.43402214331412,ING3;MRGBP;MEAF6;BRD8,216
Qk,SE,GO_Cellular_Component_2023,NuA4 Histone Acetyltransferase Complex (GO:0035267),4/29,0.003995148417290321,14.912452830188679,123.43402214331412,ING3;MRGBP;MEAF6;BRD8,216
Qk,SE,GO_Molecular_Function_2023,Ubiquitin Binding (GO:0043130),6/80,0.0041015501337514785,7.61003861003861,63.79534538573766,NSFL1C;FAF2;MDM2;UBAP1;RAD23A;MAP3K7,216
Qk,SE,GO_Cellular_Component_2023,ER To Golgi Transport Vesicle Membrane (GO:0012507),5/55,0.004405599133502695,9.35260663507109,75.42197395557595,MCFD2;SAR1A;SLC30A5;SEC24C;SEC31A,216
Qk,SE,GO_Cellular_Component_2023,Nuclear Lumen (GO:0031981),20/780,0.004405599133502695,2.5542427497314715,20.55122730982273,PLK4;PBRM1;INO80E;MEAF6;DHX9;FMR1;SLC30A5;DDX21;MIF4GD;APTX;FXR1;ZZZ3;LSM6;WDR82;MDM2;KAT7;UTP20;BUD23;RBM7;MPHOSPH8,216
Qk,SE,GO_Biological_Process_2023,Regulation Of Transcription Elongation By RNA Polymerase II (GO:0034243),6/77,0.004739962827163602,7.932796780684105,68.16832396653913,INTS11;MED22;INTS13;INTS14;MED20;MED15,216
Qk,SE,GO_Biological_Process_2023,Iron-Sulfur Cluster Assembly (GO:0016226),4/27,0.004739962827163602,16.210828547990157,138.81189550096045,NFS1;FDX2;CIAO3;ISCU,216
Qk,SE,GO_Biological_Process_2023,Metallo-Sulfur Cluster Assembly (GO:0031163),4/27,0.004739962827163602,16.210828547990157,138.81189550096045,NFS1;FDX2;CIAO3;ISCU,216
Qk,SE,GO_Biological_Process_2023,"Negative Regulation Of Nuclear-Transcribed mRNA Catabolic Process, Deadenylation-Dependent Decay (GO:1900152)",3/11,0.004739962827163602,34.816901408450704,297.9130573992722,DHX9;HNRNPD;IGF2BP1,216
Qk,SE,GO_Biological_Process_2023,Positive Regulation Of Circadian Rhythm (GO:0042753),3/11,0.004739962827163602,34.816901408450704,297.9130573992722,FBXW11;THRAP3;BTRC,216
Qk,SE,GO_Biological_Process_2023,Cellular Response To Nutrient Levels (GO:0031669),6/78,0.004832823304756433,7.822222222222222,66.6619550453401,PRKAA1;RRAGB;MAPKAP1;VPS41;ULK1;PRKAB1,216
Qk,SE,GO_Biological_Process_2023,Double-Strand Break Repair Via Homologous Recombination (GO:0000724),7/111,0.004886542847922699,6.337872653662127,53.848186099500175,FANCM;FBH1;MCM8;XRCC3;RBBP8;SMC6;PALB2,216
Qk,SE,GO_Biological_Process_2023,Positive Regulation Of DNA Recombination (GO:0045911),5/51,0.005187027529931141,10.16793735833505,85.6341760419401,ING3;MRGBP;MEAF6;TRAPPC13;BRD8,216
Qk,SE,GO_Molecular_Function_2023,Histone H3 Acetyltransferase Activity (GO:0010484),3/13,0.005190169843706141,27.850704225352114,223.43190960038504,MEAF6;JADE1;KAT7,216
Qk,SE,GO_Molecular_Function_2023,DNA Replication Origin Binding (GO:0003688),3/13,0.005190169843706141,27.850704225352114,223.43190960038504,ORC1;DHX9;KAT7,216
Qk,SE,GO_Cellular_Component_2023,Ino80 Complex (GO:0031011),3/14,0.005359474742535031,25.317541613316262,197.20601567198653,INO80E;ACTR5;NFRKB,216
Qk,SE,GO_Biological_Process_2023,Endoplasmic Reticulum To Golgi Vesicle-Mediated Transport (GO:0006888),7/115,0.0059053327461859335,6.101896154527734,50.5108699842653,TRAPPC6A;SAR1A;TRAPPC12;COPG2;TRAPPC13;SEC24C;SEC31A,216
Qk,SE,GO_Biological_Process_2023,Regulation Of Macromolecule Biosynthetic Process (GO:0010556),5/53,0.005967377805861778,9.743285939968404,80.27760899677745,CYFIP1;MEAF6;JADE1;KAT7;ULK1,216
Qk,SE,GO_Biological_Process_2023,"Regulation Of Alternative mRNA Splicing, Via Spliceosome (GO:0000381)",5/53,0.005967377805861778,9.743285939968404,80.27760899677745,FXR1;THRAP3;FMR1;RNPS1;RBM7,216
Qk,SE,GO_Molecular_Function_2023,3'-5' DNA Helicase Activity (GO:0043138),3/14,0.006189110605457752,25.317541613316262,197.20601567198653,FANCM;DHX9;FBH1,216
Qk,SE,GO_Cellular_Component_2023,COPII Vesicle Coat (GO:0030127),3/15,0.006276900770001421,23.206572769953052,175.7697084733366,SAR1A;SEC24C;SEC31A,216
Qk,SE,GO_Biological_Process_2023,Positive Regulation Of Amide Metabolic Process (GO:0034250),6/85,0.007094835948770506,7.1265822784810124,57.38624619085321,FXR1;METTL14;POLDIP3;FMR1;HNRNPD;EIF4G3,216
Qk,SE,GO_Biological_Process_2023,Positive Regulation Of Heterochromatin Formation (GO:0031453),3/13,0.007211640093794241,27.850704225352114,223.43190960038504,CDK2;PPHLN1;MPHOSPH8,216
Qk,SE,GO_Biological_Process_2023,Mitotic DNA Damage Checkpoint Signaling (GO:0044773),5/56,0.0074281748578679495,9.168757550413531,73.16191831514071,ATF2;RINT1;CDK2;TOPBP1;RAD9A,216
Qk,SE,GO_Cellular_Component_2023,Vesicle Coat (GO:0030120),4/37,0.007651552169063012,11.292738707833047,82.68583168950833,SAR1A;COPG2;SEC24C;SEC31A,216
Qk,SE,GO_Cellular_Component_2023,Nucleolus (GO:0005730),19/771,0.007672371131093048,2.4409223458256832,17.626911020843842,PLK4;INO80E;MEAF6;DHX9;FMR1;SLC30A5;DDX21;MIF4GD;APTX;FXR1;ZZZ3;LSM6;WDR82;MDM2;KAT7;UTP20;BUD23;RBM7;MPHOSPH8,216
Qk,SE,GO_Cellular_Component_2023,SAGA-type Complex (GO:0070461),4/38,0.007672371131093048,10.960044395116537,79.12313255264053,ZZZ3;TADA3;MAP3K7;KAT14,216
Qk,SE,GO_Biological_Process_2023,Positive Regulation Of Macromolecule Biosynthetic Process (GO:0010557),7/122,0.007804032818577942,5.728437695028084,45.351321841783005,FXR1;METTL14;POLDIP3;FMR1;HNRNPD;RFXANK;EIF4G3,216
Qk,SE,GO_Biological_Process_2023,Regulation Of Double-Strand Break Repair (GO:2000779),6/88,0.008114390582756408,6.864808362369338,53.99037133280089,PBRM1;ING3;MRGBP;MEAF6;BRD8;FOXM1,216
Qk,SE,GO_Biological_Process_2023,COPII-coated Vesicle Cargo Loading (GO:0090110),3/14,0.008318614584948173,25.317541613316262,197.20601567198653,SAR1A;SEC24C;SEC31A,216
Qk,SE,GO_Biological_Process_2023,Telomere Capping (GO:0016233),3/14,0.008318614584948173,25.317541613316262,197.20601567198653,RAD50;TINF2;TERF2,216
Qk,SE,GO_Biological_Process_2023,Positive Regulation Of Cytoplasmic Translation (GO:2000767),3/14,0.008318614584948173,25.317541613316262,197.20601567198653,DHX9;HNRNPD;IGF2BP1,216
Qk,SE,GO_Biological_Process_2023,Positive Regulation Of Telomere Maintenance In Response To DNA Damage (GO:1904507),3/14,0.008318614584948173,25.317541613316262,197.20601567198653,INO80E;ACTR5;NFRKB,216
Qk,SE,GO_Cellular_Component_2023,Cytoskeleton (GO:0005856),16/599,0.0083279035100035,2.634785591766724,18.682549621403567,NDC1;IQCB1;DHX9;EPB41;DDX20;DTNBP1;SEPTIN6;KATNB1;AMBRA1;FOXM1;UXT;BIN1;KANSL2;TOPBP1;GAPDH;VCL,216
Qk,SE,GO_Biological_Process_2023,Positive Regulation Of DNA-templated Transcription (GO:0045893),27/1243,0.008396779621175582,2.181390977443609,16.944348998260025,ATF2;INO80E;PRKAA1;MEAF6;DHX9;MAX;DDX21;FOXM1;ING3;KAT7;BRD8;BTRC;NFRKB;BPTF;PCGF5;FBXW11;ACTR5;RFXANK;PEX2;VEGFA;MED22;MRGBP;TFDP2;THRAP3;KANSL2;TADA3;HNRNPD,216
Qk,SE,GO_Biological_Process_2023,Protein Localization (GO:0008104),12/351,0.008946323590227174,3.3741107062293945,25.95421662659611,VPS29;SAR1A;HOOK2;RRAGB;AKTIP;NPHP1;VPS26C;TSC2;ULK1;PEX14;VCL;SEC31A,216
Qk,SE,GO_Cellular_Component_2023,Mitotic Spindle (GO:0072686),7/143,0.0089967234835801,4.83872783563186,33.72123052445273,IQCB1;ZZZ3;TFDP2;EPB41;TADA3;HAUS3;KAT14,216
Qk,SE,GO_Biological_Process_2023,Regulation Of DNA Biosynthetic Process (GO:2000278),4/34,0.009217779194702446,12.423899371069183,95.04652564097502,MEAF6;JADE1;KAT7;TERF2,216
Qk,SE,GO_Cellular_Component_2023,Cdc73/Paf1 Complex (GO:0016593),2/5,0.009615534976228789,61.62305295950156,417.79852314077834,PEX2;RTF1,216
Qk,SE,GO_Cellular_Component_2023,Sex Chromosome (GO:0000803),2/5,0.009615534976228789,61.62305295950156,417.79852314077834,PCGF5;SMC6,216
Qk,SE,GO_Cellular_Component_2023,Shelterin Complex (GO:0070187),2/5,0.009615534976228789,61.62305295950156,417.79852314077834,TINF2;TERF2,216
Qk,SE,GO_Biological_Process_2023,Regulation Of miRNA-mediated Gene Silencing (GO:0060964),3/15,0.009660696560587228,23.206572769953052,175.7697084733366,FXR1;DHX9;FMR1,216
Qk,SE,GO_Biological_Process_2023,Regulation Of Telomere Maintenance In Response To DNA Damage (GO:1904505),3/15,0.009660696560587228,23.206572769953052,175.7697084733366,INO80E;ACTR5;NFRKB,216
Qk,SE,GO_Biological_Process_2023,Negative Regulation Of Amide Metabolic Process (GO:0034249),6/93,0.009660696560587228,6.46863711001642,48.95642138134921,FXR1;BIN1;FMR1;IGF2BP1;CNOT10;GAPDH,216
Qk,SE,GO_Biological_Process_2023,Response To Nutrient Levels (GO:0031667),4/35,0.009850689244543907,12.022519780888619,90.61818166320009,PRKAA1;MAPKAP1;ULK1;PRKAB1,216
Qk,SE,GO_Biological_Process_2023,Recombinational Repair (GO:0000725),6/95,0.010398182953517989,6.322632423756019,47.13462289469332,FBH1;MCM8;XRCC3;RBBP8;SMC6;PALB2,216
Qk,SE,GO_Biological_Process_2023,Histone H3 Acetylation (GO:0043966),4/36,0.010398182953517989,11.64622641509434,86.50837732579896,ZZZ3;TADA3;MAP3K7;KAT14,216
Qk,SE,GO_Biological_Process_2023,Interstrand Cross-Link Repair (GO:0036297),4/36,0.010398182953517989,11.64622641509434,86.50837732579896,CENPX;FANCM;MCM8;XRCC3,216
Qk,SE,GO_Biological_Process_2023,Positive Regulation Of Double-Strand Break Repair Via Homologous Recombination (GO:1905168),4/36,0.010398182953517989,11.64622641509434,86.50837732579896,ING3;MRGBP;MEAF6;BRD8,216
Qk,SE,GO_Biological_Process_2023,Protein Destabilization (GO:0031648),4/36,0.010398182953517989,11.64622641509434,86.50837732579896,FBXW11;MDM2;PEX2;RAD23A,216
Qk,SE,GO_Biological_Process_2023,Late Endosome To Lysosome Transport (GO:1902774),3/16,0.010739250790399273,21.420368364030335,157.96378178010872,VPS41;CHMP2A;CHMP7,216
Qk,SE,GO_Biological_Process_2023,Regulation Of DNA Strand Elongation (GO:0060382),3/16,0.010739250790399273,21.420368364030335,157.96378178010872,INO80E;ACTR5;NFRKB,216
Qk,SE,GO_Biological_Process_2023,Organelle Organization (GO:0006996),13/418,0.011013083076462328,3.064246183786414,22.487939712356923,CUL7;SAR1A;MAPKAP1;FAF2;PEX2;PEX14;NSFL1C;CECR2;BIN1;TRAPPC12;CHMP2A;CHMP7;SEC31A,216
Qk,SE,GO_Molecular_Function_2023,GTPase Binding (GO:0051020),9/225,0.01112403143128908,3.9388083735909825,28.15822563322532,CYFIP1;AP3M1;RRAGB;AP1G1;MAPKAP1;TSC2;ULK1;AMBRA1;STRN3,216
Qk,SE,GO_Biological_Process_2023,Negative Regulation Of DNA-templated Transcription (GO:0045892),23/1025,0.012349240494138582,2.2338018263990156,16.08838829376023,ATF2;KDM2A;KDM2B;FBXW11;MAX;DNMT3A;DDX20;PEX2;RTF1;FOXM1;PEX14;VEGFA;UXT;DLG1;TFDP2;BIN1;WDR82;MDM2;DNMT3B;BTRC;MPHOSPH8;EZH2;BPTF,216
Qk,SE,GO_Biological_Process_2023,DNA Replication Checkpoint Signaling (GO:0000076),3/17,0.012349240494138582,19.88933601609658,142.9700564221135,ORC1;TOPBP1;RAD9A,216
Qk,SE,GO_Biological_Process_2023,Regulation Of Organelle Organization (GO:0033043),6/100,0.012349240494138582,5.984802431610942,42.99173034103084,INO80E;SAR1A;PDCD10;ACTR5;NFRKB;ATG5,216
Qk,SE,GO_Biological_Process_2023,ncRNA Processing (GO:0034470),6/100,0.012349240494138582,5.984802431610942,42.99173034103084,INTS11;INTS13;INTS14;UTP20;TSEN2;RPS24,216
Qk,SE,GO_Biological_Process_2023,Organelle Transport Along Microtubule (GO:0072384),4/39,0.013035607596960203,10.646361185983828,75.79616386026169,UXT;FBXW11;COPG2;PEX14,216
Qk,SE,GO_Molecular_Function_2023,mRNA Binding (GO:0003729),10/282,0.013290721664771571,3.4822958309537406,23.96700127998152,FXR1;FYTTD1;AQR;METTL14;DHX9;POLDIP3;FMR1;IGF2BP1;RNPS1;EIF4G3,216
Qk,SE,GO_Molecular_Function_2023,RNA Cap Binding (GO:0000339),3/19,0.013290721664771571,17.401408450704224,119.20011452078661,CYFIP1;EIF4G3;SNUPN,216
Qk,SE,GO_Molecular_Function_2023,Protein Heterodimerization Activity (GO:0046982),8/190,0.013290721664771571,4.142434488588335,28.214928960059552,FXR1;QTRT1;LSM6;IRAK1;FMR1;KATNB1;BUD23;SMC1A,216
Qk,SE,GO_Molecular_Function_2023,Annealing Activity (GO:0140666),2/5,0.013290721664771571,61.62305295950156,417.79852314077834,FXR1;FMR1,216
Qk,SE,GO_Biological_Process_2023,Intracellular Protein Transport (GO:0006886),11/325,0.01349925899650246,3.327171042411061,23.519464745757908,NUP214;VPS29;SAR1A;STRADA;STRADB;VPS26C;UBAP1;TSC2;KATNB1;KPNA2;SEC31A,216
Qk,SE,GO_Biological_Process_2023,Apoptotic Process (GO:0006915),9/228,0.01349925899650246,3.884256501886043,27.404294614703115,FXR1;BAG6;JADE1;MDM2;TSC2;NDUFS1;BID;MAP3K7;GAPDH,216
Qk,SE,GO_Biological_Process_2023,Chromatin Remodeling (GO:0006338),9/228,0.01349925899650246,3.884256501886043,27.404294614703115,CECR2;PBRM1;INO80E;KDM2B;ACTR5;MTF2;DDX21;NFRKB;BPTF,216
Qk,SE,GO_Biological_Process_2023,Protein Localization To Chromosome (GO:0034502),4/40,0.01355076515304242,10.350104821802935,72.68363111652607,MCM8;TINF2;TERF2;CHMP7,216
Qk,SE,GO_Biological_Process_2023,Regulation Of Histone Modification (GO:0031056),3/18,0.01355076515304242,18.56244131455399,130.19544620156347,ZZZ3;TADA3;KAT14,216
Qk,SE,GO_Biological_Process_2023,Regulation Of Protein Deacetylation (GO:0090311),3/18,0.01355076515304242,18.56244131455399,130.19544620156347,ZZZ3;TADA3;KAT14,216
Qk,SE,GO_Biological_Process_2023,DNA-templated DNA Replication (GO:0006261),5/69,0.01355076515304242,7.30154028436019,51.21062430734244,GINS1;ORC6;ORC1;TOPBP1;POLE,216
Qk,SE,GO_Biological_Process_2023,DNA Duplex Unwinding (GO:0032508),4/41,0.014490654032061793,10.069862315145334,69.76666585500735,GINS1;RAD50;DHX9;MCM8,216
Qk,SE,GO_Biological_Process_2023,Positive Regulation Of Viral Process (GO:0048524),4/41,0.014490654032061793,10.069862315145334,69.76666585500735,DHX9;RAD23A;KPNA2;ATG5,216
Qk,SE,GO_Cellular_Component_2023,Core Mediator Complex (GO:0070847),3/23,0.015283282684445378,13.91830985915493,87.39009414379228,MED22;MED20;MED15,216
Qk,SE,GO_Biological_Process_2023,snRNA Processing (GO:0016180),3/19,0.015390073121308176,17.401408450704224,119.20011452078661,INTS11;INTS13;INTS14,216
Qk,SE,GO_Biological_Process_2023,Mitotic Sister Chromatid Cohesion (GO:0007064),3/19,0.015390073121308176,17.401408450704224,119.20011452078661,STAG1;PDS5B;SMC1A,216
Qk,SE,GO_Biological_Process_2023,Negative Regulation Of Translation (GO:0017148),6/107,0.015567923900762783,5.568033946251768,38.027711516526715,FXR1;METTL14;FMR1;IGF2BP1;CNOT10;GAPDH,216
Qk,SE,GO_Biological_Process_2023,Response To DNA Damage Checkpoint Signaling (GO:0072423),2/5,0.016077326504522937,61.62305295950156,417.79852314077834,FBH1;SMC1A,216
Qk,SE,GO_Biological_Process_2023,Double-Strand Break Repair Via Synthesis-Dependent Strand Annealing (GO:0045003),2/5,0.016077326504522937,61.62305295950156,417.79852314077834,FANCM;XRCC3,216
Qk,SE,GO_Cellular_Component_2023,Spindle (GO:0005819),8/210,0.016290013835755568,3.7284843869002287,23.036910734586,IQCB1;ZZZ3;TFDP2;EPB41;TADA3;HAUS3;KATNB1;KAT14,216
Qk,SE,GO_Biological_Process_2023,Regulation Of mRNA Stability (GO:0043488),5/74,0.017049163081918818,6.770726011401882,45.34458559202252,FXR1;METTL14;THRAP3;FMR1;IGF2BP1,216
Qk,SE,GO_Biological_Process_2023,DNA Methylation (GO:0006306),3/20,0.017049163081918818,16.376967688483845,109.65137540177784,N6AMT1;DNMT3A;DNMT3B,216
Qk,SE,GO_Biological_Process_2023,Stress-Activated Protein Kinase Signaling Cascade (GO:0031098),3/20,0.017049163081918818,16.376967688483845,109.65137540177784,PDCD10;KAT7;MAP3K7,216
Qk,SE,GO_Molecular_Function_2023,Kinase Binding (GO:0019900),13/460,0.017338471988780732,2.770313309308912,17.928040974874744,ATF2;CAB39;STRADA;MAPKAP1;RAD23A;FOXM1;PRKAB1;UXT;IRAK1;DLG3;PDCD10;TELO2;RAD9A,216
Qk,SE,GO_Biological_Process_2023,Nucleus Organization (GO:0006997),4/44,0.017508058055742716,9.313207547169812,62.03028040557889,NDC1;BIN1;CHMP2A;CHMP7,216
Qk,SE,GO_Biological_Process_2023,Regulation Of Nucleic Acid-Templated Transcription (GO:1903506),13/452,0.017944265945296103,2.821964383899817,18.702529518650547,ATF2;MEAF6;ACTR5;JADE1;ZZZ3;ING3;MTF2;TADA3;HNRNPD;KAT7;KAT14;EZH2;BPTF,216
Qk,SE,GO_Biological_Process_2023,Positive Regulation Of Protein Metabolic Process (GO:0051247),8/196,0.01806226459315596,4.009001636661211,26.51005614969557,FXR1;METTL14;FBXW11;POLDIP3;FMR1;HNRNPD;BTRC;EIF4G3,216
Qk,SE,GO_Molecular_Function_2023,MutSalpha Complex Binding (GO:0032407),2/6,0.018210731224264434,46.21495327102804,294.92441159092215,MCM8;PMS2,216
Qk,SE,GO_Biological_Process_2023,Golgi Vesicle Transport (GO:0048193),8/197,0.018502808298331643,3.9875864875864875,26.239534588396936,RINT1;TRAPPC6A;SAR1A;TRAPPC12;COPG2;TRAPPC13;SEC24C;SEC31A,216
Qk,SE,GO_Biological_Process_2023,DNA Replication Initiation (GO:0006270),3/21,0.018778341581351173,15.466353677621283,101.29321260272566,ORC6;ORC1;TOPBP1,216
Qk,SE,GO_Biological_Process_2023,Regulation Of Histone Deacetylation (GO:0031063),3/21,0.018778341581351173,15.466353677621283,101.29321260272566,ZZZ3;TADA3;KAT14,216
Qk,SE,GO_Biological_Process_2023,Vacuolar Transport (GO:0007034),4/46,0.019702128743134806,8.868823000898473,57.587112113829065,AP1G1;VPS41;CHMP2A;CHMP7,216
Qk,SE,GO_Biological_Process_2023,Regulation Of Telomere Capping (GO:1904353),3/22,0.021061684841066516,14.651593773165308,93.92559193778936,RAD50;HNRNPD;TERF2,216
Qk,SE,GO_Biological_Process_2023,Platelet Dense Granule Organization (GO:0060155),3/22,0.021061684841066516,14.651593773165308,93.92559193778936,AP3M1;AP1G1;DTNBP1,216
Qk,SE,GO_Biological_Process_2023,DNA Strand Resection Involved In Replication Fork Processing (GO:0110025),2/6,0.02118162689582373,46.21495327102804,294.92441159092215,RAD50;RBBP8,216
Qk,SE,GO_Biological_Process_2023,Establishment Of Mitotic Sister Chromatid Cohesion (GO:0034087),2/6,0.02118162689582373,46.21495327102804,294.92441159092215,STAG1;SMC1A,216
Qk,SE,GO_Biological_Process_2023,Negative Regulation Of Telomere Capping (GO:1904354),2/6,0.02118162689582373,46.21495327102804,294.92441159092215,RAD50;TERF2,216
Qk,SE,GO_Biological_Process_2023,Positive Regulation Of Protein Serine/Threonine Kinase Activity (GO:0071902),6/117,0.02126405107421782,5.063835263835264,32.25679854296117,IRAK1;CAB39;PDCD10;TELO2;EZH2;VEGFA,216
Qk,SE,GO_Cellular_Component_2023,Coated Vesicle Membrane (GO:0030662),4/55,0.022254742682665727,7.300406955234924,42.57255571517759,MCFD2;SLC30A5;SEC24C;SEC31A,216
Qk,SE,GO_Biological_Process_2023,Regulation Of Centrosome Cycle (GO:0046605),3/23,0.022774061229477647,13.91830985915493,87.39009414379228,XRCC3;CHMP2A;CCNL2,216
Qk,SE,GO_Biological_Process_2023,"Regulation Of Nuclear-Transcribed mRNA Catabolic Process, Deadenylation-Dependent Decay (GO:1900151)",3/23,0.022774061229477647,13.91830985915493,87.39009414379228,DHX9;HNRNPD;IGF2BP1,216
Qk,SE,GO_Biological_Process_2023,Nuclear Membrane Reassembly (GO:0031468),3/23,0.022774061229477647,13.91830985915493,87.39009414379228,NSFL1C;CHMP2A;CHMP7,216
Qk,SE,GO_Cellular_Component_2023,Asymmetric Synapse (GO:0032279),6/133,0.023886209018617745,4.4222722159730035,25.325840792378965,FXR1;FMR1;DLG5;DTNBP1;TSC2;FOXM1,216
Qk,SE,GO_Molecular_Function_2023,Unmethylated CpG Binding (GO:0045322),2/7,0.024340207925099545,36.970093457943925,223.75189656421483,KDM2A;KDM2B,216
Qk,SE,GO_Biological_Process_2023,Protein Localization To Nucleus (GO:0034504),6/122,0.025510384151622403,4.844334975369458,29.830872294475327,NUP214;INTS13;MDM2;TSC2;PEX2;KPNA2,216
Qk,SE,GO_Molecular_Function_2023,Protein Kinase Activator Activity (GO:0030295),5/88,0.025537886858023894,5.624678810026837,33.35408282342019,UXT;CAB39;CAB39L;STRADA;STRADB,216
Qk,SE,GO_Molecular_Function_2023,N-methyltransferase Activity (GO:0008170),3/27,0.025537886858023894,11.5962441314554,67.35985728716435,N6AMT1;RNMT;TRMT11,216
Qk,SE,GO_Molecular_Function_2023,Nuclear Thyroid Hormone Receptor Binding (GO:0046966),3/27,0.025537886858023894,11.5962441314554,67.35985728716435,MED22;THRAP3;BRD8,216
Qk,SE,GO_Molecular_Function_2023,Histone H4K16 Acetyltransferase Activity (GO:0046972),2/8,0.025537886858023894,30.806853582554517,177.80746994389892,JADE1;KAT7,216
Qk,SE,GO_Molecular_Function_2023,Double-Stranded Telomeric DNA Binding (GO:0003691),2/8,0.025537886858023894,30.806853582554517,177.80746994389892,RAD50;TERF2,216
Qk,SE,GO_Molecular_Function_2023,Single-Stranded DNA Endodeoxyribonuclease Activity (GO:0000014),2/8,0.025537886858023894,30.806853582554517,177.80746994389892,RAD50;RBBP8,216
Qk,SE,GO_Molecular_Function_2023,Protein Serine/Threonine Kinase Activator Activity (GO:0043539),4/56,0.025537886858023894,7.1596516690856316,41.28109087240627,CAB39;CAB39L;STRADA;STRADB,216
Qk,SE,GO_Biological_Process_2023,Ubiquitin-Dependent Protein Catabolic Process (GO:0006511),11/367,0.02673400747836308,2.9283091257878873,17.873394661230346,BAG6;NSFL1C;APPBP2;FBXW11;CHMP2A;MDM2;UBAP1;RAD23A;AMBRA1;BTRC;CHMP7,216
Qk,SE,GO_Cellular_Component_2023,Amphisome Membrane (GO:1904930),2/9,0.027655043334699664,26.404539385847798,145.95088454737277,CHMP2A;CHMP7,216
Qk,SE,GO_Cellular_Component_2023,Transport Vesicle Membrane (GO:0030658),4/60,0.027655043334699664,6.646900269541779,36.66323048699048,MCFD2;SLC30A5;SEC24C;SEC31A,216
Qk,SE,GO_Biological_Process_2023,Positive Regulation Of Transcription Initiation By RNA Polymerase II (GO:0060261),4/52,0.0278633357805109,7.7578616352201255,46.83683107829624,MED22;TBP;MED20;MED15,216
Qk,SE,GO_Biological_Process_2023,Secretory Granule Organization (GO:0033363),3/25,0.0278633357805109,12.651728553137003,76.33160136905578,AP3M1;AP1G1;DTNBP1,216
Qk,SE,GO_Biological_Process_2023,Vesicle Cargo Loading (GO:0035459),3/25,0.0278633357805109,12.651728553137003,76.33160136905578,SAR1A;SEC24C;SEC31A,216
Qk,SE,GO_Biological_Process_2023,Mismatch Repair (GO:0006298),3/25,0.0278633357805109,12.651728553137003,76.33160136905578,MCM8;MSH3;PMS2,216
Qk,SE,GO_Biological_Process_2023,Proteasome-Mediated Ubiquitin-Dependent Protein Catabolic Process (GO:0043161),10/319,0.02934652339319436,3.0595092217299777,18.276269944721225,BAG6;NSFL1C;APPBP2;FBXW11;FAF2;MDM2;RAD23A;ERLIN2;AMBRA1;BTRC,216
Qk,SE,GO_Biological_Process_2023,mRNA Stabilization (GO:0048255),4/53,0.02934652339319436,7.599152868694648,45.34602400276742,THRAP3;DHX9;IGF2BP1;HNRNPD,216
Qk,SE,GO_Biological_Process_2023,DNA-templated Transcription Elongation (GO:0006354),3/26,0.03017134297965047,12.101041028781385,71.62148859799329,PBRM1;PEX2;RTF1,216
Qk,SE,GO_Biological_Process_2023,Nuclear Membrane Organization (GO:0071763),3/26,0.03017134297965047,12.101041028781385,71.62148859799329,NSFL1C;CHMP2A;CHMP7,216
Qk,SE,GO_Biological_Process_2023,Protein Export From Nucleus (GO:0006611),3/26,0.03017134297965047,12.101041028781385,71.62148859799329,NUP214;STRADA;STRADB,216
Qk,SE,GO_Biological_Process_2023,Proteasomal Protein Catabolic Process (GO:0010498),8/220,0.030793367741622675,3.550798258345428,20.91896844247689,BAG6;NSFL1C;APPBP2;FBXW11;MDM2;RAD23A;AMBRA1;BTRC,216
Qk,SE,GO_Molecular_Function_2023,siRNA Binding (GO:0035197),2/9,0.03145676206468269,26.404539385847798,145.95088454737277,DHX9;FMR1,216
Qk,SE,GO_Biological_Process_2023,GPI Anchor Metabolic Process (GO:0006505),3/27,0.03321663412470971,11.5962441314554,67.35985728716435,DPM1;SLC30A5;PIGP,216
Qk,SE,GO_Biological_Process_2023,Positive Regulation Of MAP Kinase Activity (GO:0043406),5/91,0.03353440332846216,5.427642455637606,31.395876736959103,IRAK1;PDCD10;MAP3K7;VEGFA;EZH2,216
Qk,SE,GO_Biological_Process_2023,Anoikis (GO:0043276),2/8,0.03353440332846216,30.806853582554517,177.80746994389892,TSC2;MAP3K7,216
Qk,SE,GO_Biological_Process_2023,RNA Polymerase II Preinitiation Complex Assembly (GO:0051123),4/56,0.03353440332846216,7.1596516690856316,41.28109087240627,MED22;TBP;MED20;MED15,216
Qk,SE,GO_Biological_Process_2023,Positive Regulation Of DNA-templated Transcription Initiation (GO:2000144),4/56,0.03353440332846216,7.1596516690856316,41.28109087240627,MED22;TBP;MED20;MED15,216
Qk,SE,GO_Biological_Process_2023,"Positive Regulation Of DNA-templated Transcription, Elongation (GO:0032786)",4/56,0.03353440332846216,7.1596516690856316,41.28109087240627,MED22;MED20;KAT7;MED15,216
Qk,SE,GO_Biological_Process_2023,Transcription Elongation By RNA Polymerase II (GO:0006368),3/28,0.034847682899789574,11.131830985915492,63.488818978235464,PBRM1;PEX2;RTF1,216
Qk,SE,GO_Biological_Process_2023,Vesicle Coating (GO:0006901),3/28,0.034847682899789574,11.131830985915492,63.488818978235464,TRAPPC6A;TRAPPC12;TRAPPC13,216
Qk,SE,GO_Biological_Process_2023,Regulation Of Transcription Initiation By RNA Polymerase II (GO:0060260),4/57,0.034847682899789574,7.024207903168388,40.04785920024333,MED22;TBP;MED20;MED15,216
Qk,SE,GO_Biological_Process_2023,Endosome To Lysosome Transport (GO:0008333),4/57,0.034847682899789574,7.024207903168388,40.04785920024333,HOOK2;BIN1;AKTIP;VPS41,216
Qk,SE,GO_Cellular_Component_2023,Cell-Cell Junction (GO:0005911),9/299,0.0357083432876142,2.92263868065967,15.283912375296985,PATJ;DLG1;DLG3;DLG5;NPHP1;FOXM1;VCL;VEGFA;PALS1,216
Qk,SE,GO_Biological_Process_2023,"Regulation Of mRNA Splicing, Via Spliceosome (GO:0048024)",5/94,0.03641684104208342,5.24388945098248,29.599640548812605,FXR1;THRAP3;FMR1;RNPS1;RBM7,216
Qk,SE,GO_Biological_Process_2023,Selective Autophagy (GO:0061912),4/58,0.03641684104208342,6.893780573025856,38.8692915923425,PEX2;ULK1;AMBRA1;ATG5,216
Qk,SE,GO_Biological_Process_2023,mRNA Transport (GO:0051028),4/58,0.03641684104208342,6.893780573025856,38.8692915923425,NUP214;FYTTD1;FMR1;THOC7,216
Qk,SE,GO_Biological_Process_2023,Morphogenesis Of An Epithelium (GO:0002009),3/29,0.03729157854664018,10.703141928494041,59.95981983404807,KDM2B;VCL;PALS1,216
Qk,SE,GO_Biological_Process_2023,Multivesicular Body Assembly (GO:0036258),3/29,0.03729157854664018,10.703141928494041,59.95981983404807,CHMP2A;UBAP1;CHMP7,216
Qk,SE,GO_Biological_Process_2023,Negative Regulation Of Cellular Biosynthetic Process (GO:0031327),6/137,0.03760492250800481,4.286368593238822,23.922594150810124,FXR1;FMR1;IGF2BP1;CNOT10;ERLIN2;GAPDH,216
Qk,SE,GO_Biological_Process_2023,Transcription Preinitiation Complex Assembly (GO:0070897),4/59,0.03760492250800481,6.768096054888508,37.742095788919904,MED22;TBP;MED20;MED15,216
Qk,SE,GO_Biological_Process_2023,Regulation Of Macroautophagy (GO:0016241),5/96,0.03760492250800481,5.12811832717046,28.48328270142009,TSC2;ULK1;MAP3K7;GAPDH;ATG5,216
Qk,SE,GO_Biological_Process_2023,ESCRT III Complex Disassembly (GO:1904903),2/9,0.03760492250800481,26.404539385847798,145.95088454737277,CHMP2A;CHMP7,216
Qk,SE,GO_Biological_Process_2023,ESCRT Complex Disassembly (GO:1904896),2/9,0.03760492250800481,26.404539385847798,145.95088454737277,CHMP2A;CHMP7,216
Qk,SE,GO_Biological_Process_2023,Camera-Type Eye Morphogenesis (GO:0048593),2/9,0.03760492250800481,26.404539385847798,145.95088454737277,KDM2B;VEGFA,216
Qk,SE,GO_Biological_Process_2023,Endodermal Cell Fate Commitment (GO:0001711),2/9,0.03760492250800481,26.404539385847798,145.95088454737277,PEX2;RTF1,216
Qk,SE,GO_Biological_Process_2023,Telomeric Loop Disassembly (GO:0090657),2/9,0.03760492250800481,26.404539385847798,145.95088454737277,XRCC3;TERF2,216
Qk,SE,GO_Biological_Process_2023,Vesicle Fusion With Vacuole (GO:0051469),2/9,0.03760492250800481,26.404539385847798,145.95088454737277,CHMP2A;CHMP7,216
Qk,SE,GO_Biological_Process_2023,Mitotic DNA Replication Checkpoint Signaling (GO:0033314),2/9,0.03760492250800481,26.404539385847798,145.95088454737277,ORC1;TOPBP1,216
Qk,SE,GO_Biological_Process_2023,Multivesicular Body-Lysosome Fusion (GO:0061763),2/9,0.03760492250800481,26.404539385847798,145.95088454737277,CHMP2A;CHMP7,216
Qk,SE,GO_Biological_Process_2023,DNA Geometric Change (GO:0032392),3/30,0.03760492250800481,10.306207616066771,56.731853771272775,RAD50;DHX9;MCM8,216
Qk,SE,GO_Biological_Process_2023,GPI Anchor Biosynthetic Process (GO:0006506),3/30,0.03760492250800481,10.306207616066771,56.731853771272775,DPM1;SLC30A5;PIGP,216
Qk,SE,GO_Biological_Process_2023,Multivesicular Body Organization (GO:0036257),3/30,0.03760492250800481,10.306207616066771,56.731853771272775,CHMP2A;UBAP1;CHMP7,216
Qk,SE,GO_Biological_Process_2023,Nucleic Acid Metabolic Process (GO:0090304),3/30,0.03760492250800481,10.306207616066771,56.731853771272775,RAD50;TOPBP1;KPNA2,216
Qk,SE,GO_Cellular_Component_2023,Adherens Junction (GO:0005912),6/150,0.03764246742596221,3.8968253968253967,20.038260000408435,DLG1;DLG3;DLG5;VCL;PALS1;VEGFA,216
Qk,SE,GO_Cellular_Component_2023,Amphisome (GO:0044753),2/11,0.03764246742596221,20.53478712357217,105.09502599440822,CHMP2A;CHMP7,216
Qk,SE,GO_Cellular_Component_2023,Autophagosome Membrane (GO:0000421),3/35,0.03852274366951555,8.693661971830986,44.0474388064137,CHMP2A;ULK1;CHMP7,216
Qk,SE,GO_Biological_Process_2023,Negative Regulation Of Macromolecule Biosynthetic Process (GO:0010558),5/98,0.03885243029669538,5.01732660653315,27.426353029187073,FXR1;FMR1;IGF2BP1;CNOT10;GAPDH,216
Qk,SE,GO_Molecular_Function_2023,DNA Secondary Structure Binding (GO:0000217),3/33,0.04029759529438032,9.274178403755869,48.53002837803599,FANCM;XRCC3;SMC6,216
Qk,SE,GO_Molecular_Function_2023,DNA-directed 5'-3' RNA Polymerase Activity (GO:0003899),3/34,0.04029759529438032,8.974557019536574,46.20402493066531,POLR3B;MED20;POLR3E,216
Qk,SE,GO_Molecular_Function_2023,mRNA Methyltransferase Activity (GO:0008174),2/11,0.04029759529438032,20.53478712357217,105.09502599440822,METTL14;RNMT,216
Qk,SE,GO_Molecular_Function_2023,Sequence-Specific mRNA Binding (GO:1990825),2/11,0.04029759529438032,20.53478712357217,105.09502599440822,DHX9;FMR1,216
Qk,SE,GO_Molecular_Function_2023,Single-Stranded Telomeric DNA Binding (GO:0043047),2/11,0.04029759529438032,20.53478712357217,105.09502599440822,RAD50;TERF2,216
Qk,SE,GO_Molecular_Function_2023,Small GTPase Binding (GO:0031267),7/199,0.04029759529438032,3.417663476874003,17.489193614288318,CYFIP1;AP3M1;AP1G1;MAPKAP1;TSC2;ULK1;STRN3,216
Qk,SE,GO_Biological_Process_2023,Protein Localization To Chromatin (GO:0071168),3/31,0.040841913511922505,9.937625754527163,53.77006807612963,MCM8;PPHLN1;CHMP7,216
Qk,SE,GO_Biological_Process_2023,Protein Lipidation (GO:0006497),4/62,0.040905140760823314,6.41704619388419,34.63944501545296,DPM1;SLC30A5;PIGP;ATG5,216
Qk,SE,GO_Biological_Process_2023,Protein-Containing Complex Disassembly (GO:0032984),4/62,0.040905140760823314,6.41704619388419,34.63944501545296,CHMP2A;PEX2;CHMP7;PEX14,216
Qk,SE,GO_Cellular_Component_2023,Swr1 Complex (GO:0000812),2/12,0.042426865600045764,18.4803738317757,91.3426319460225,ING3;BRD8,216
Qk,SE,GO_Biological_Process_2023,NIK/NF-kappaB Signaling (GO:0038061),3/32,0.043165348504165285,9.594463331714424,51.04466492297387,IRAK1;BTRC;MAP3K7,216
Qk,SE,GO_Biological_Process_2023,Negative Regulation Of G1/S Transition Of Mitotic Cell Cycle (GO:2000134),3/32,0.043165348504165285,9.594463331714424,51.04466492297387,DLG1;RBL1;JADE1,216
Qk,SE,GO_Biological_Process_2023,Regulation Of Gene Expression By Genomic Imprinting (GO:0006349),2/10,0.043165348504165285,23.102803738317757,122.70970243239833,PCGF5;DNMT3A,216
Qk,SE,GO_Biological_Process_2023,Vacuole Fusion (GO:0097576),2/10,0.043165348504165285,23.102803738317757,122.70970243239833,CHMP2A;CHMP7,216
Qk,SE,GO_Biological_Process_2023,Nuclear Pore Complex Assembly (GO:0051292),2/10,0.043165348504165285,23.102803738317757,122.70970243239833,FXR1;NDC1,216
Qk,SE,GO_Biological_Process_2023,Positive Regulation Of DNA Methylation-Dependent Heterochromatin Formation (GO:0090309),2/10,0.043165348504165285,23.102803738317757,122.70970243239833,PPHLN1;MPHOSPH8,216
Qk,SE,GO_Biological_Process_2023,Gene Expression (GO:0010467),9/296,0.04369006399859933,2.9536433873655508,15.636644393735144,NUP214;FYTTD1;FMR1;HNRNPD;DDX20;RPL10A;MRPL24;RPS24;THOC7,216
Qk,SE,GO_Biological_Process_2023,Positive Regulation Of Type I Interferon Production (GO:0032481),4/64,0.043868989900169734,6.20251572327044,32.77780673447107,IRAK1;POLR3B;DHX9;GAPDH,216
Qk,SE,GO_Molecular_Function_2023,Basal RNA Polymerase II Transcription Machinery Binding (GO:0001099),3/36,0.044763934808995154,8.429790866410585,42.04351284934773,TBP;DHX9;PEX2,216
Qk,SE,GO_Biological_Process_2023,Negative Regulation Of Protein Metabolic Process (GO:0051248),6/147,0.04492345844099719,3.9803444782168187,20.85322265730517,BAG6;FXR1;FMR1;IGF2BP1;CNOT10;GAPDH,216
Qk,SE,GO_Biological_Process_2023,Regulation Of Potassium Ion Transmembrane Transport (GO:1901379),3/33,0.04492345844099719,9.274178403755869,48.53002837803599,DLG1;CAB39;BIN1,216
Qk,SE,GO_Biological_Process_2023,Ubiquitin-Dependent Protein Catabolic Process Via The Multivesicular Body Sorting Pathway (GO:0043162),3/33,0.04492345844099719,9.274178403755869,48.53002837803599,CHMP2A;UBAP1;CHMP7,216
Qk,SE,GO_Biological_Process_2023,Positive Regulation Of Chromosome Organization (GO:2001252),3/33,0.04492345844099719,9.274178403755869,48.53002837803599,RAD50;TINF2;TERF2,216
Qk,SE,GO_Biological_Process_2023,RNA Export From Nucleus (GO:0006405),4/65,0.04492345844099719,6.100525827404887,31.902273443257425,NUP214;FYTTD1;FMR1;THOC7,216
Qk,SE,GO_Biological_Process_2023,Regulation Of Translational Initiation (GO:0006446),4/65,0.04492345844099719,6.100525827404887,31.902273443257425,EIF4A2;FMR1;MIF4GD;EIF4G3,216
Qk,SE,GO_Biological_Process_2023,Macroautophagy (GO:0016236),5/104,0.04534539288763925,4.711810043563598,24.571807829412016,VPS41;CHMP2A;ULK1;CHMP7;ATG5,216
Qk,SE,GO_Molecular_Function_2023,Methyltransferase Activity (GO:0008168),3/37,0.047180410740411766,8.181441590720796,40.17757276127521,N6AMT1;DNMT3B;BUD23,216
Qk,SE,GO_Biological_Process_2023,Transcription Initiation-Coupled Chromatin Remodeling (GO:0045815),3/34,0.04822120430170623,8.974557019536574,46.20402493066531,N6AMT1;ATF2;KAT7,216
Qk,SE,GO_Biological_Process_2023,Regulation Of G1/S Transition Of Mitotic Cell Cycle (GO:2000045),5/106,0.048234705390896,4.618037633147201,23.71398637000718,DLG1;PBRM1;RBL1;JADE1;AMBRA1,216
Qk,SE,GO_Biological_Process_2023,"RNA Splicing, Via Endonucleolytic Cleavage And Ligation (GO:0000394)",2/11,0.048234705390896,20.53478712357217,105.09502599440822,ZBTB8OS;TSEN2,216
Qk,SE,GO_Biological_Process_2023,"tRNA Splicing, Via Endonucleolytic Cleavage And Ligation (GO:0006388)",2/11,0.048234705390896,20.53478712357217,105.09502599440822,ZBTB8OS;TSEN2,216
Qk,SE,GO_Biological_Process_2023,Telomere Maintenance In Response To DNA Damage (GO:0043247),2/11,0.048234705390896,20.53478712357217,105.09502599440822,TRAPPC13;TERF2,216
Qk,SE,GO_Biological_Process_2023,Lysosomal Membrane Organization (GO:0097212),2/11,0.048234705390896,20.53478712357217,105.09502599440822,CHMP2A;CHMP7,216
Qk,SE,GO_Biological_Process_2023,Negative Regulation Of Potassium Ion Transmembrane Transport (GO:1901380),2/11,0.048234705390896,20.53478712357217,105.09502599440822,CAB39;BIN1,216
Qk,SE,GO_Cellular_Component_2023,ISWI-type Complex (GO:0031010),2/13,0.04847610598637899,16.79949022939677,80.34735281254864,CECR2;BPTF,216
Qk,SE,GO_Biological_Process_2023,Regulation Of Cellular Response To Stress (GO:0080135),5/107,0.04906763989452017,4.572530433974538,23.300895626379344,INO80E;ACTR5;TADA3;USP1;NFRKB,216
Rbm24,SE,GO_Cellular_Component_2023,Nucleus (GO:0005634),101/4487,8.392660830999345e-14,3.195265032474335,113.05433455940513,ATF2;CCNT1;FMR1;DCAF8;RBPJ;VIRMA;KAT5;PPP4R2;RBMX2;KNTC1;MAP3K7;MED1;KDM2B;FBXW11;DNTTIP1;TSC2;ARMC8;PRKAB1;THOC7;INIP;MED7;BIN1;MSH3;GEMIN8;PAXIP1;MEAF6;SRCAP;CUL3;FXR1;BAG6;FIGNL1;MIER1;BPTF;CPSF7;BRPF3;XRCC3;INTS2;RFXANK;FANCE;LSM2;POLA1;STAG1;DLG1;CNOT2;TADA3;MDM2;RNPS1;MMS19;MDM4;MYD88;EIF4G1;NCAPG2;ZBTB8OS;MED15;ING1;MED14;ING3;UBXN7;YAF2;KDM6A;TOP3B;TBP;RING1;STRADA;STRADB;ACTR5;TOP3A;MSL2;RAD23A;TERF2;UCHL5;MED22;CREB1;TFDP2;MTF2;SPOPL;GAPDH;ITGB3BP;BIRC2;NAA20;PNKP;AMBRA1;CENPA;CECR2;USP1;RBBP8;PMS2;BRD8;SMARCE1;SLF2;PCGF5;PCGF2;TPRKB;APTX;GATAD2A;KANSL1;TAF8;ERCC8;NAA16;BCOR;TAF2,212
Rbm24,SE,GO_Cellular_Component_2023,Intracellular Membrane-Bounded Organelle (GO:0043231),106/5175,3.6294124875288376e-12,2.9037285460643125,89.78852121875661,ATF2;CCNT1;FMR1;DCAF8;RBPJ;VIRMA;KAT5;PPP4R2;RBMX2;KNTC1;MAP3K7;MED1;KDM2B;FBXW11;DNTTIP1;TSC2;ARMC8;PRKAB1;THOC7;INIP;MED7;BIN1;MSH3;GEMIN8;PAXIP1;MEAF6;SRCAP;CUL3;FXR1;BAG6;FIGNL1;MIER1;SEC31A;BPTF;OSBPL9;CPSF7;BRPF3;XRCC3;INTS2;RFXANK;FANCE;LSM2;POLA1;STAG1;DLG1;HOOK2;CNOT2;TADA3;MDM2;RNPS1;MMS19;MDM4;MYD88;EIF4G1;NCAPG2;ZBTB8OS;MED15;ING1;MED14;ING3;AP1G1;UBXN7;YAF2;KDM6A;TOP3B;SUN1;TBP;RING1;STRADA;STRADB;ACTR5;TOP3A;MSL2;RAD23A;TERF2;UCHL5;MED22;CREB1;TFDP2;MTF2;SPOPL;GAPDH;ITGB3BP;BIRC2;NAA20;PNKP;AMBRA1;CENPA;CECR2;USP1;RBBP8;PMS2;BRD8;SMARCE1;SLF2;PCGF5;PCGF2;TPRKB;APTX;GATAD2A;KANSL1;TAF8;ERCC8;NAA16;BCOR;TAF2,212
Rbm24,SE,GO_Biological_Process_2023,DNA Repair (GO:0006281),21/291,7.704899582101887e-9,7.947993019197208,206.35211393270293,UVRAG;FANCM;FMR1;ACTR5;PNKP;XRCC3;GTF2H1;RAD23A;FANCE;APTX;INIP;FANCG;POLA1;KAT5;EME2;MSH3;EP400;RBBP8;PMS2;ERCC8;MMS19,212
Rbm24,SE,GO_Cellular_Component_2023,INO80-type Complex (GO:0097346),8/25,8.406881183856466e-9,45.6078431372549,1038.4268534541202,INO80E;ING3;SRCAP;KAT5;ACTR5;EP400;BRD8;UCHL5,212
Rbm24,SE,GO_Cellular_Component_2023,Nuclear Chromosome (GO:0000228),12/95,1.8137945083083922e-8,14.244578313253012,309.2777840264025,SMARCE1;INO80E;ING3;KAT5;SRCAP;ACTR5;FIGNL1;NCAPG2;EP400;BRD8;NCAPD3;UCHL5,212
Rbm24,SE,GO_Biological_Process_2023,Positive Regulation Of Nucleic Acid-Templated Transcription (GO:1903508),27/557,3.461708593663775e-8,5.303069862315145,126.03889371632808,INO80E;MEAF6;PHF20;ING1;IKBKB;MED14;ING3;KAT5;EP400;BRD8;YAF2;MED1;SMARCC2;CHUK;FBXW11;ACTR5;MSL2;GTF2H1;UCHL5;GATAD2A;MED22;CREB1;KANSL1;TADA3;MMS19;NAA16;TAF2,212
Rbm24,SE,GO_Biological_Process_2023,Regulation Of DNA Repair (GO:0006282),14/129,4.752751584864038e-8,12.09582784365393,278.74509147065015,SMARCE1;INO80E;SMARCC2;MEAF6;ACTR5;UCHL5;ING3;KAT5;PPP4R2;TADA3;EP400;USP1;BRD8;TAF2,212
Rbm24,SE,GO_Biological_Process_2023,Chromatin Remodeling (GO:0006338),17/228,1.3350470555101782e-7,8.088686353141329,175.72040520024578,SMARCE1;INO80E;SMARCC2;PAXIP1;RING1;KDM2B;PCGF2;ACTR5;UCHL5;GATAD2A;CECR2;KAT5;MIER1;MTF2;BCOR;BPTF;KDM6A,212
Rbm24,SE,GO_Biological_Process_2023,Regulation Of DNA-templated Transcription (GO:0006355),50/1922,4.56760918612646e-7,2.9538619816397595,59.877894226289555,ATF2;CCNT1;PHF20;RBPJ;ING1;IKBKB;MED14;ING3;KAT5;YAF2;MED1;SMARCC2;KDM2A;RING1;KDM2B;CHUK;FBXW11;ACTR5;MSL2;UCHL5;MED7;MED22;CREB1;TFDP2;MTF2;INO80E;MEAF6;SRCAP;MIER1;EP400;RBBP8;BRD8;BPTF;SMARCE1;PCGF5;BRPF3;GTF2H1;RFXANK;GATAD2A;ZZZ3;KANSL1;CNOT2;TADA3;MDM2;MMS19;MDM4;NAA16;BCOR;RCOR2;TAF2,212
Rbm24,SE,GO_Biological_Process_2023,DNA Metabolic Process (GO:0006259),18/288,4.584210857956764e-7,6.707216494845361,134.715139965905,TOP3B;UVRAG;INO80E;FMR1;ACTR5;PNKP;XRCC3;TOP3A;GTF2H1;TERF2;UCHL5;INIP;FANCG;POLA1;MSH3;EP400;RBBP8;MMS19,212
Rbm24,SE,GO_Biological_Process_2023,Positive Regulation Of Transcription Initiation By RNA Polymerase II (GO:0060261),9/52,7.33385703932354e-7,20.358002062091877,396.18849482092776,MED1;MED22;MED14;TBP;PAXIP1;TAF8;MED15;TAF2;MED7,212
Rbm24,SE,GO_Biological_Process_2023,Chromatin Organization (GO:0006325),17/268,7.888078833168548e-7,6.78575952599857,130.65767682651136,SMARCE1;INO80E;SMARCC2;PAXIP1;RING1;KDM2B;PCGF2;ACTR5;UCHL5;GATAD2A;CECR2;ZZZ3;MIER1;MTF2;BCOR;BPTF;KDM6A,212
Rbm24,SE,GO_Biological_Process_2023,Histone H4 Acetylation (GO:0043967),8/39,1.019113201239858e-6,24.99304237824162,471.2405239550188,ING3;MEAF6;KAT5;KANSL1;PHF20;EP400;MSL2;BRD8,212
Rbm24,SE,GO_Biological_Process_2023,Positive Regulation Of DNA-templated Transcription Initiation (GO:2000144),9/56,1.019113201239858e-6,18.6216329525207,349.6282030601754,MED1;MED22;MED14;TBP;PAXIP1;TAF8;MED15;TAF2;MED7,212
Rbm24,SE,GO_Biological_Process_2023,Regulation Of Transcription Initiation By RNA Polymerase II (GO:0060260),9/57,1.0901516857245254e-6,18.232758620689655,339.3605764959881,MED1;MED22;MED14;TBP;PAXIP1;TAF8;MED15;TAF2;MED7,212
Rbm24,SE,GO_Biological_Process_2023,Positive Regulation Of Double-Strand Break Repair (GO:2000781),10/84,2.4451610770945205e-6,13.188386406208188,233.67022888982083,SMARCE1;ING3;SMARCC2;SLF2;KAT5;MEAF6;PNKP;EP400;MMS19;BRD8,212
Rbm24,SE,GO_Biological_Process_2023,Regulation Of Double-Strand Break Repair (GO:2000779),10/88,3.539519087115745e-6,12.50952018278751,215.95407613953188,SMARCE1;ING3;SMARCC2;SLF2;KAT5;PPP4R2;MEAF6;FIGNL1;EP400;BRD8,212
Rbm24,SE,GO_Biological_Process_2023,Positive Regulation Of DNA-templated Transcription (GO:0045893),36/1243,3.539519087115745e-6,3.1488476312419973,54.14080762576933,ATF2;INO80E;MEAF6;CCNT1;PHF20;RBPJ;ING1;IKBKB;RPTOR;MED14;ING3;KAT5;EP400;BRD8;YAF2;BPTF;MED1;SMARCC2;CHUK;PCGF5;FBXW11;ACTR5;MSL2;GTF2H1;RFXANK;UCHL5;GATAD2A;MED22;MAVS;CREB1;TFDP2;KANSL1;TADA3;MMS19;NAA16;TAF2,212
Rbm24,SE,GO_Cellular_Component_2023,Swr1 Complex (GO:0000812),5/12,3.7112918397201644e-6,68.25741890959283,1103.5649381573671,ING3;KAT5;SRCAP;EP400;BRD8,212
Rbm24,SE,GO_Biological_Process_2023,Regulation Of Cell Cycle (GO:0051726),16/298,1.1639104415650395e-5,5.646547980894486,89.6249213583678,INO80E;MEAF6;ACTR5;TSC2;RAD23A;UCHL5;ZZZ3;ING3;KAT5;BIN1;FIGNL1;TADA3;EP400;MDM2;BRD8;BIRC2,212
Rbm24,SE,GO_Biological_Process_2023,RNA Polymerase II Preinitiation Complex Assembly (GO:0051123),8/56,1.1639104415650395e-5,16.127450980392158,255.9416310324398,MED1;MED22;MED14;TBP;TAF8;MED15;TAF2;MED7,212
Rbm24,SE,GO_Biological_Process_2023,Internal Peptidyl-Lysine Acetylation (GO:0018393),7/39,1.2750313277559972e-5,21.08109756097561,330.2725544498943,BAG6;ING3;MEAF6;KAT5;TADA3;EP400;BRD8,212
Rbm24,SE,GO_Biological_Process_2023,DNA Damage Response (GO:0006974),18/384,1.2750313277559972e-5,4.923609937468312,77.10850073542721,ATF2;UVRAG;SLF2;FMR1;PNKP;XRCC3;GTF2H1;INIP;FANCG;RPTOR;POLA1;KAT5;MSH3;EP400;RBBP8;ERCC8;MMS19;BID,212
Rbm24,SE,GO_Biological_Process_2023,Regulation Of Multicellular Organismal Development (GO:2000026),8/59,1.4144991982775284e-5,15.176470588235293,234.50383846965147,BAG6;INO80E;ZZZ3;MEAF6;BRPF3;ACTR5;TADA3;UCHL5,212
Rbm24,SE,GO_Biological_Process_2023,Transcription Preinitiation Complex Assembly (GO:0070897),8/59,1.4144991982775284e-5,15.176470588235293,234.50383846965147,MED1;MED22;MED14;TBP;TAF8;MED15;TAF2;MED7,212
Rbm24,SE,GO_Biological_Process_2023,Histone Acetylation (GO:0016573),8/60,1.5403523617437205e-5,14.883861236802414,227.98767468043306,ING3;KAT5;MEAF6;TADA3;EP400;BRD8;MAP3K7;TAF2,212
Rbm24,SE,GO_Biological_Process_2023,Double-Strand Break Repair (GO:0006302),12/168,1.6139067564659104e-5,7.550769230769231,114.95752337339543,POLA1;KDM2A;SLF2;KAT5;EME2;ACTR5;PNKP;XRCC3;TOP3A;RBBP8;ZSWIM7;INIP,212
Rbm24,SE,GO_Biological_Process_2023,Proteasome-Mediated Ubiquitin-Dependent Protein Catabolic Process (GO:0043161),16/319,2.0300095086200746e-5,5.249545362699536,78.48477910583803,FBXW11;CUL3;FAF2;FBXO17;RAD23A;ARMC8;AMBRA1;FBXL12;BAG6;KAT5;MDM2;UBXN7;SPOPL;ERCC8;BIRC2;KLHDC10,212
Rbm24,SE,GO_Biological_Process_2023,Regulation Of Double-Strand Break Repair Via Homologous Recombination (GO:0010569),8/71,5.072175780329124e-5,12.278244631185808,171.80318359868343,ING3;KAT5;PPP4R2;MEAF6;FIGNL1;EP400;MMS19;BRD8,212
Rbm24,SE,GO_Biological_Process_2023,Positive Regulation Of DNA Recombination (GO:0045911),7/51,6.168742278472853e-5,15.32239467849224,210.77394692828395,ING3;PAXIP1;KAT5;MEAF6;EP400;MMS19;BRD8,212
Rbm24,SE,GO_Biological_Process_2023,Transcription Initiation At RNA Polymerase II Promoter (GO:0006367),8/76,7.930275064823557e-5,11.372549019607844,153.13736439099156,MED1;MED22;MED14;TBP;TAF8;MED15;TAF2;MED7,212
Rbm24,SE,GO_Biological_Process_2023,Regulation Of Transcription Elongation By RNA Polymerase II (GO:0034243),8/77,8.445073598025246e-5,11.207161125319693,149.78248682943575,MED1;MED22;MED14;CCNT1;SRCAP;INTS2;MED15;MED7,212
Rbm24,SE,GO_Molecular_Function_2023,Methylation-Dependent Protein Binding (GO:0140034),8/68,1.0179259859215228e-4,12.894117647058824,184.76525027695564,ING3;ZZZ3;FMR1;NCAPG2;MTF2;NCAPD3;ING1;BPTF,212
Rbm24,SE,GO_Molecular_Function_2023,Methylated Histone Binding (GO:0035064),8/71,1.0179259859215228e-4,12.278244631185808,171.80318359868343,ING3;ZZZ3;FMR1;NCAPG2;MTF2;NCAPD3;ING1;BPTF,212
Rbm24,SE,GO_Biological_Process_2023,Positive Regulation Of Double-Strand Break Repair Via Homologous Recombination (GO:1905168),6/36,1.0243525328117296e-4,19.18252427184466,251.97129538148593,ING3;MEAF6;KAT5;EP400;MMS19;BRD8,212
Rbm24,SE,GO_Biological_Process_2023,Histone H2A Acetylation (GO:0043968),5/21,1.1204435456689407e-4,29.84903381642512,388.0143015901315,ING3;MEAF6;KAT5;EP400;BRD8,212
Rbm24,SE,GO_Biological_Process_2023,Histone Modification (GO:0016570),8/81,1.1204435456689407e-4,10.59092130002686,137.43631014463824,ING3;KAT5;MEAF6;MIER1;TADA3;EP400;BRD8;GATAD2A,212
Rbm24,SE,GO_Biological_Process_2023,Proteasomal Protein Catabolic Process (GO:0010498),12/220,1.9834351265488308e-4,5.648076923076923,69.88313940610298,BAG6;KAT5;FBXW11;CUL3;MDM2;UBXN7;SPOPL;ERCC8;RAD23A;ARMC8;AMBRA1;BIRC2,212
Rbm24,SE,GO_Biological_Process_2023,Positive Regulation Of Transcription Elongation By RNA Polymerase II (GO:0032968),6/43,2.637320805920144e-4,15.547887693518762,187.4488568289266,MED1;MED22;MED14;CCNT1;MED15;MED7,212
Rbm24,SE,GO_Cellular_Component_2023,Nuclear Lumen (GO:0031981),23/780,2.669549012097177e-4,3.0593682945069998,35.31743808776954,SMARCE1;MED1;INO80E;MEAF6;CCNT1;KRR1;FMR1;PNKP;DNTTIP1;RBPJ;APTX;TENT4B;UCHL5;FANCG;FXR1;POLA1;ZZZ3;KAT5;RBMX2;FIGNL1;MDM2;UTP20;NOL11,212
Rbm24,SE,GO_Cellular_Component_2023,Intracellular Non-Membrane-Bounded Organelle (GO:0043232),30/1195,2.669549012097177e-4,2.634957317360751,30.388435320020907,INO80E;MEAF6;CCNT1;FMR1;PNKP;FAF2;AMBRA1;RBPJ;TENT4B;FXR1;KAT5;RBMX2;UTP20;MED1;KRR1;DNTTIP1;FANCE;APTX;UCHL5;FANCG;POLA1;STAG1;ZZZ3;BIN1;SASS6;MDM2;MMS19;NOL11;EIF4G3;GAPDH,212
Rbm24,SE,GO_Cellular_Component_2023,H4/H2A Histone Acetyltransferase Complex (GO:0043189),5/29,2.669549012097177e-4,19.891304347826086,224.85539806548897,ING3;MEAF6;KAT5;EP400;BRD8,212
Rbm24,SE,GO_Cellular_Component_2023,NuA4 Histone Acetyltransferase Complex (GO:0035267),5/29,2.669549012097177e-4,19.891304347826086,224.85539806548897,ING3;MEAF6;KAT5;EP400;BRD8,212
Rbm24,SE,GO_Biological_Process_2023,Regulation Of DNA Metabolic Process (GO:0051052),9/124,3.1069109533821794e-4,7.584364960376955,89.96262380911243,INO80E;SLF2;MEAF6;ACTR5;TADA3;USP1;TERF2;UCHL5;TAF2,212
Rbm24,SE,GO_Cellular_Component_2023,cullin-RING Ubiquitin Ligase Complex (GO:0031461),10/174,3.361173478469647e-4,5.9236899299686065,64.97378374251187,FBXW11;CUL3;FBXO17;DCAF8;SPOPL;ERCC8;KLHL13;KLHDC10;DDA1;FBXL12,212
Rbm24,SE,GO_Biological_Process_2023,Double-Strand Break Repair Via Homologous Recombination (GO:0000724),8/111,0.001034497907321859,7.494764896249762,79.66083846272237,SLF2;KAT5;FANCM;XRCC3;TOP3A;RBBP8;ZSWIM7;INIP,212
Rbm24,SE,GO_Biological_Process_2023,Nucleotide-Excision Repair (GO:0006289),6/56,0.001113381039928691,11.497864077669902,120.7071139353891,POLA1;KAT5;PNKP;ERCC8;RAD23A;MMS19,212
Rbm24,SE,GO_Biological_Process_2023,"Positive Regulation Of DNA-templated Transcription, Elongation (GO:0032786)",6/56,0.001113381039928691,11.497864077669902,120.7071139353891,MED1;MED22;MED14;CCNT1;MED15;MED7,212
Rbm24,SE,GO_Cellular_Component_2023,Nucleolus (GO:0005730),21/771,0.001341142638715183,2.7909109947643977,26.483896637189666,MED1;INO80E;MEAF6;CCNT1;KRR1;FMR1;PNKP;DNTTIP1;RBPJ;APTX;TENT4B;UCHL5;FANCG;FXR1;POLA1;ZZZ3;KAT5;RBMX2;MDM2;UTP20;NOL11,212
Rbm24,SE,GO_Cellular_Component_2023,Core Mediator Complex (GO:0070847),4/23,0.0015075012050088888,20.00910931174089,185.792478331242,MED22;MED14;MED15;MED7,212
Rbm24,SE,GO_Biological_Process_2023,Positive Regulation Of DNA Repair (GO:0045739),7/89,0.0017654128293612078,8.205948839976205,82.14022237482578,SMARCE1;INO80E;SMARCC2;SLF2;ACTR5;USP1;UCHL5,212
Rbm24,SE,GO_Biological_Process_2023,mRNA Transcription By RNA Polymerase II (GO:0042789),5/38,0.0018427689795363917,14.459815546772068,143.73469426595776,MED1;TBP;CREB1;TAF8;TAF2,212
Rbm24,SE,GO_Biological_Process_2023,Regulation Of Embryonic Development (GO:0045995),6/62,0.0018458132865270306,10.262829403606103,101.73193143819869,BAG6;INO80E;ZZZ3;ACTR5;TADA3;UCHL5,212
Rbm24,SE,GO_Biological_Process_2023,Regulation Of Autophagy (GO:0010506),11/241,0.002011162999110472,4.653644819381354,45.61292459466502,RPTOR;UVRAG;KAT5;NPRL3;ATP6V1H;AMBRA1;DEPDC5;ATG13;EIF4G3;GAPDH;EIF4G1,212
Rbm24,SE,GO_Biological_Process_2023,Recombinational Repair (GO:0000725),7/95,0.002421760780765137,7.644124168514413,73.31536060279913,SLF2;KAT5;TOP3A;XRCC3;RBBP8;ZSWIM7;INIP,212
Rbm24,SE,GO_Biological_Process_2023,Double-Strand Break Repair Via Nonhomologous End Joining (GO:0006303),5/41,0.0024258235687545484,13.252818035426731,126.76718355554914,UVRAG;POLA1;KDM2A;PNKP;ERCC8,212
Rbm24,SE,GO_Molecular_Function_2023,Nuclear Receptor Binding (GO:0016922),8/115,0.0025334956580184893,7.213120762323621,74.81884816818634,SMARCE1;MED1;MED22;MED14;TADA3;MMS19;GTF2H1;BRD8,212
Rbm24,SE,GO_Cellular_Component_2023,Histone Acetyltransferase Complex (GO:0000123),4/27,0.0026678652268401796,16.525919732441473,142.69349794792066,MEAF6;KANSL1;PHF20;BRPF3,212
Rbm24,SE,GO_Biological_Process_2023,Regulation Of Chromosome Organization (GO:0033044),5/43,0.002923629823693409,12.554030002542587,117.15578193325055,INO80E;SLF2;ACTR5;TERF2;UCHL5,212
Rbm24,SE,GO_Biological_Process_2023,mRNA Transcription (GO:0009299),5/43,0.002923629823693409,12.554030002542587,117.15578193325055,MED1;TBP;CREB1;TAF8;TAF2,212
Rbm24,SE,GO_Biological_Process_2023,Negative Regulation Of DNA-templated Transcription (GO:0045892),25/1025,0.0029503058365790555,2.511764705882353,23.360842502020265,ATF2;RBPJ;ING1;KAT5;MIER1;YAF2;BPTF;SMARCE1;MED1;SMARCC2;KDM2A;RING1;KDM2B;FBXW11;PCGF2;GATAD2A;DLG1;CREB1;TFDP2;BIN1;CNOT2;MDM2;MDM4;BCOR;RCOR2,212
Rbm24,SE,GO_Molecular_Function_2023,Histone H4 Acetyltransferase Activity (GO:0010485),4/20,0.003161424283025471,23.764423076923077,234.40038019105668,ING3;MEAF6;KAT5;BRPF3,212
Rbm24,SE,GO_Biological_Process_2023,I-kappaB kinase/NF-kappaB Signaling (GO:0007249),5/45,0.0034889542720605697,11.92512077294686,108.64855292130575,IKBKB;CHUK;AZI2;MAP3K7;BIRC2,212
Rbm24,SE,GO_Biological_Process_2023,Regulation Of G1/S Transition Of Mitotic Cell Cycle (GO:2000045),7/106,0.0042238230042543476,6.790983000739098,60.42788280648538,RPTOR;SMARCE1;DLG1;SMARCC2;SASS6;AMBRA1;EIF4G1,212
Rbm24,SE,GO_Molecular_Function_2023,Histone H4K12 Acetyltransferase Activity (GO:0043997),3/10,0.004321941667481091,40.562542720437456,361.91173207903086,ING3;MEAF6;BRPF3,212
Rbm24,SE,GO_Molecular_Function_2023,Histone H4K5 Acetyltransferase Activity (GO:0043995),3/10,0.004321941667481091,40.562542720437456,361.91173207903086,ING3;MEAF6;BRPF3,212
Rbm24,SE,GO_Molecular_Function_2023,Histone H4K8 Acetyltransferase Activity (GO:0043996),3/10,0.004321941667481091,40.562542720437456,361.91173207903086,ING3;MEAF6;BRPF3,212
Rbm24,SE,GO_Molecular_Function_2023,Histone Acetyltransferase Activity (GO:0004402),4/27,0.004321941667481091,16.525919732441473,142.69349794792066,ATF2;ING3;SRCAP;KAT5,212
Rbm24,SE,GO_Molecular_Function_2023,Nuclear Thyroid Hormone Receptor Binding (GO:0046966),4/27,0.004321941667481091,16.525919732441473,142.69349794792066,MED1;MED22;GTF2H1;BRD8,212
Rbm24,SE,GO_Molecular_Function_2023,Acetyltransferase Activity (GO:0016407),4/27,0.004321941667481091,16.525919732441473,142.69349794792066,SMARCE1;KAT5;DBT;NAA16,212
Rbm24,SE,GO_Cellular_Component_2023,ATAC Complex (GO:0140672),3/13,0.004324838536022488,28.389473684210525,229.31094025764475,ZZZ3;TADA3;MAP3K7,212
Rbm24,SE,GO_Biological_Process_2023,Regulation Of Cellular Response To Stress (GO:0080135),7/107,0.004386075211224029,6.722731707317073,59.425621439814265,INO80E;ACTR5;TADA3;USP1;UCHL5;TAF2;EIF4G1,212
Rbm24,SE,GO_Biological_Process_2023,Establishment Or Maintenance Of Apical/Basal Cell Polarity (GO:0035088),4/26,0.004530118711318017,17.277972027972027,151.81415387158637,DLG1;DLG3;DLG5;SCRIB,212
Rbm24,SE,GO_Molecular_Function_2023,Ubiquitin Binding (GO:0043130),6/80,0.0045677406642575065,7.759380739963264,65.8298316062582,FAF2;MDM2;UBXN7;RAD23A;MAP3K7;BIRC2,212
Rbm24,SE,GO_Cellular_Component_2023,Ino80 Complex (GO:0031011),3/14,0.005097320313235114,25.807307525010874,202.4322534709355,INO80E;ACTR5;UCHL5,212
Rbm24,SE,GO_Cellular_Component_2023,H4 Histone Acetyltransferase Complex (GO:1902562),3/15,0.005578222123807772,23.6555023923445,180.46005416682297,KANSL1;PHF20;MSL2,212
Rbm24,SE,GO_Cellular_Component_2023,PRC1 Complex (GO:0035102),3/15,0.005578222123807772,23.6555023923445,180.46005416682297,RING1;PCGF5;PCGF2,212
Rbm24,SE,GO_Biological_Process_2023,Transcription By RNA Polymerase II (GO:0006366),9/192,0.006287736890362654,4.7496567875312925,40.08005824438275,MED1;TBP;CREB1;CCNT1;SRCAP;TAF8;GTF2H1;TAF2;MED7,212
Rbm24,SE,GO_Biological_Process_2023,Positive Regulation Of Telomere Maintenance (GO:0032206),5/52,0.006303831275518552,10.14544146366533,85.38563552057948,INO80E;ACTR5;PNKP;TERF2;UCHL5,212
Rbm24,SE,GO_Molecular_Function_2023,Protein Serine/Threonine Kinase Activator Activity (GO:0043539),5/56,0.006363350246487427,9.347826086956522,75.39353648241567,CCNT1;KAT5;CAB39L;STRADA;STRADB,212
Rbm24,SE,GO_Biological_Process_2023,Regulation Of Dosage Compensation By Inactivation Of X Chromosome (GO:1900095),3/12,0.006599505923354132,31.545454545454547,262.832129297743,KANSL1;PHF20;MSL2,212
Rbm24,SE,GO_Biological_Process_2023,Histone H4-K16 Acetylation (GO:0043984),3/12,0.006599505923354132,31.545454545454547,262.832129297743,KANSL1;PHF20;MSL2,212
Rbm24,SE,GO_Cellular_Component_2023,SAGA-type Complex (GO:0070461),4/38,0.007343390780005608,11.173076923076923,81.44177661317913,ZZZ3;TADA3;MAP3K7;TAF2,212
Rbm24,SE,GO_Cellular_Component_2023,Protein Kinase Complex (GO:1902911),3/17,0.007343390780005608,20.274094326725905,146.8354355833745,CAB39L;STRADA;STRADB,212
Rbm24,SE,GO_Biological_Process_2023,NIK/NF-kappaB Signaling (GO:0038061),4/32,0.009236739592753456,13.571428571428571,108.00982646099078,CARD10;CHUK;MAP3K7;BIRC2,212
Rbm24,SE,GO_Biological_Process_2023,Neural Tube Closure (GO:0001843),4/32,0.009236739592753456,13.571428571428571,108.00982646099078,KDM2B;IFT122;TSC2;SCRIB,212
Rbm24,SE,GO_Biological_Process_2023,Regulation Of Transcription By RNA Polymerase II (GO:0006357),38/2028,0.009383693125239064,1.9532258996130076,15.478955554044697,ATF2;SRCAP;CCNT1;PHF20;RBPJ;ING1;IKBKB;MED14;KAT5;MIER1;RBBP8;BRD8;BPTF;SMARCE1;MED1;SMARCC2;KDM2A;KDM2B;CHUK;PCGF5;BRPF3;PCGF2;RFXANK;MED7;GATAD2A;MAVS;DLG1;ZZZ3;CREB1;TFDP2;BIN1;CNOT2;TADA3;MDM2;MDM4;BCOR;RCOR2;TAF2,212
Rbm24,SE,GO_Biological_Process_2023,Histone H2A Monoubiquitination (GO:0035518),3/14,0.0097173744101254,25.807307525010874,202.4322534709355,RING1;PCGF5;PCGF2,212
Rbm24,SE,GO_Biological_Process_2023,Positive Regulation Of Telomere Maintenance In Response To DNA Damage (GO:1904507),3/14,0.0097173744101254,25.807307525010874,202.4322534709355,INO80E;ACTR5;UCHL5,212
Rbm24,SE,GO_Biological_Process_2023,Positive Regulation Of Chromosome Organization (GO:2001252),4/33,0.0097173744101254,13.102785145888594,102.69554241655389,KAT5;NCAPG2;NCAPD3;TERF2,212
Rbm24,SE,GO_Biological_Process_2023,Regulation Of Type I Interferon Production (GO:0032479),5/59,0.009720704248441667,8.82716049382716,69.03314681878447,POLA1;MAVS;CUL3;GAPDH;MYD88,212
Rbm24,SE,GO_Biological_Process_2023,Positive Regulation Of Transcription By RNA Polymerase II (GO:0045944),22/938,0.010027879655323181,2.3855665364284073,18.542765118977577,ATF2;MED1;PAXIP1;TBP;CCNT1;CHUK;PCGF5;RFXANK;RBPJ;MED15;MED7;IKBKB;MED22;MED14;MAVS;CREB1;KAT5;TFDP2;TAF8;BRD8;TAF2;BPTF,212
Rbm24,SE,GO_Biological_Process_2023,Negative Regulation Of Amide Metabolic Process (GO:0034249),6/93,0.01070611225176191,6.595580850351523,50.56795116016684,FXR1;BIN1;FMR1;CNOT10;EIF4E2;GAPDH,212
Rbm24,SE,GO_Biological_Process_2023,Regulation Of miRNA-mediated Gene Silencing (GO:0060964),3/15,0.01070611225176191,23.6555023923445,180.46005416682297,FXR1;FMR1;EIF4G1,212
Rbm24,SE,GO_Biological_Process_2023,Regulation Of Telomere Maintenance In Response To DNA Damage (GO:1904505),3/15,0.01070611225176191,23.6555023923445,180.46005416682297,INO80E;ACTR5;UCHL5,212
Rbm24,SE,GO_Biological_Process_2023,Histone H4-K5 Acetylation (GO:0043981),3/15,0.01070611225176191,23.6555023923445,180.46005416682297,MEAF6;KANSL1;PHF20,212
Rbm24,SE,GO_Biological_Process_2023,Histone H4-K8 Acetylation (GO:0043982),3/15,0.01070611225176191,23.6555023923445,180.46005416682297,MEAF6;KANSL1;PHF20,212
Rbm24,SE,GO_Biological_Process_2023,mRNA Export From Nucleus (GO:0006406),5/62,0.010966546966741477,8.361301805237732,63.45892672443841,NUP214;FYTTD1;FMR1;ZC3H11A;THOC7,212
Rbm24,SE,GO_Biological_Process_2023,COPII-coated Vesicle Budding (GO:0090114),4/36,0.011181573220444248,11.872596153846153,89.0231912861485,CUL3;TRAPPC8;SEC24C;SEC31A,212
Rbm24,SE,GO_Biological_Process_2023,"DNA Damage Response, Signal Transduction By P53 Class Mediator (GO:0030330)",4/36,0.011181573220444248,11.872596153846153,89.0231912861485,PAXIP1;KAT5;MDM2;MDM4,212
Rbm24,SE,GO_Biological_Process_2023,Histone H3 Acetylation (GO:0043966),4/36,0.011181573220444248,11.872596153846153,89.0231912861485,ZZZ3;TADA3;MAP3K7;TAF2,212
Rbm24,SE,GO_Biological_Process_2023,Interstrand Cross-Link Repair (GO:0036297),4/36,0.011181573220444248,11.872596153846153,89.0231912861485,FANCM;XRCC3;FANCE;FANCG,212
Rbm24,SE,GO_Biological_Process_2023,Protein Destabilization (GO:0031648),4/36,0.011181573220444248,11.872596153846153,89.0231912861485,FBXW11;CUL3;MDM2;RAD23A,212
Rbm24,SE,GO_Biological_Process_2023,Positive Regulation Of I-kappaB kinase/NF-kappaB Signaling (GO:0043123),8/175,0.01125596752929315,4.607490900551838,34.406703021173186,IKBKB;MAVS;CHUK;MIER1;MAP3K7;GAPDH;MYD88;BIRC2,212
Rbm24,SE,GO_Biological_Process_2023,Ubiquitin-Dependent Protein Catabolic Process (GO:0006511),12/367,0.01125596752929315,3.284450704225352,24.515722764817394,BAG6;KAT5;FBXW11;CUL3;MDM2;UBXN7;SPOPL;ERCC8;RAD23A;ARMC8;AMBRA1;BIRC2,212
Rbm24,SE,GO_Cellular_Component_2023,Postsynaptic Density (GO:0014069),7/151,0.011302276030816088,4.658130081300813,31.48904524504322,FXR1;DLG1;DLG3;FMR1;DLG5;TSC2;SCRIB,212
Rbm24,SE,GO_Biological_Process_2023,Positive Regulation Of Type I Interferon Production (GO:0032481),5/64,0.011347339035633501,8.07704904609842,60.11480706013095,MAVS;CHUK;POLR3B;GAPDH;MYD88,212
Rbm24,SE,GO_Biological_Process_2023,Regulation Of DNA Strand Elongation (GO:0060382),3/16,0.011353818242915224,21.834744203165254,162.20711602289333,INO80E;ACTR5;UCHL5,212
Rbm24,SE,GO_Molecular_Function_2023,Ubiquitin Protein Ligase Binding (GO:0031625),10/271,0.012267776282901594,3.7037669284169796,27.144505421129335,BAG6;SLF2;CUL3;FAF2;DBT;MDM2;UBXN7;SPOPL;AMBRA1;EIF4E2,212
Rbm24,SE,GO_Biological_Process_2023,Organelle Assembly (GO:0070925),11/322,0.012765393925766467,3.427348786613556,25.01483966483702,FXR1;AP3M1;IFT81;KIF3A;AP1G1;FMR1;MKS1;IFT122;AMBRA1;IFT57;ATG13,212
Rbm24,SE,GO_Biological_Process_2023,Phosphorylation (GO:0016310),13/429,0.012927453946184327,3.0420854271356785,22.12532718927133,UVRAG;TBP;CCNT1;CHUK;STRADA;STRADB;PRKAB1;ATG13;IKBKB;RPTOR;CREB1;TAF8;TAF2,212
Rbm24,SE,GO_Molecular_Function_2023,RNA Polymerase II-specific DNA-binding Transcription Factor Binding (GO:0061629),9/228,0.013119503142289496,3.961603347054457,28.47465585409314,SMARCE1;ATF2;MED1;TBP;CREB1;TADA3;RBBP8;UBXN7;RBPJ,212
Rbm24,SE,GO_Biological_Process_2023,Apoptotic Process (GO:0006915),9/228,0.013902012445718231,3.961603347054457,28.47465585409314,FXR1;BAG6;MDM2;TSC2;BID;IFT57;MAP3K7;GAPDH;MYD88,212
Rbm24,SE,GO_Biological_Process_2023,Telomere Maintenance (GO:0000723),5/68,0.014055417343828383,7.562686910512998,54.17989377500769,INO80E;ACTR5;XRCC3;TERF2;UCHL5,212
Rbm24,SE,GO_Molecular_Function_2023,DNA-binding Transcription Factor Binding (GO:0140297),10/282,0.014414131130104813,3.551980198019802,24.9510890238688,ATF2;MED1;TBP;CREB1;KAT5;CCNT1;RBBP8;UBXN7;BCOR;RBPJ,212
Rbm24,SE,GO_Cellular_Component_2023,H3 Histone Acetyltransferase Complex (GO:0070775),2/6,0.014457251440789484,47.10476190476191,302.34268047722435,MEAF6;BRPF3,212
Rbm24,SE,GO_Cellular_Component_2023,MOZ/MORF Histone Acetyltransferase Complex (GO:0070776),2/6,0.014457251440789484,47.10476190476191,302.34268047722435,MEAF6;BRPF3,212
Rbm24,SE,GO_Biological_Process_2023,Establishment Or Maintenance Of Epithelial Cell Apical/Basal Polarity (GO:0045197),4/40,0.014918922448387544,10.551282051282051,74.83034034285602,DLG1;DLG3;DLG5;SCRIB,212
Rbm24,SE,GO_Biological_Process_2023,Positive Regulation Of Chromosome Segregation (GO:0051984),3/18,0.015095765259415589,18.921531100478468,133.7375225413182,KAT5;NCAPG2;NCAPD3,212
Rbm24,SE,GO_Molecular_Function_2023,Ubiquitin-Like Protein Ligase Binding (GO:0044389),10/289,0.015652443283675963,3.4616203555839453,23.6744252971388,BAG6;SLF2;CUL3;FAF2;DBT;MDM2;UBXN7;SPOPL;AMBRA1;EIF4E2,212
Rbm24,SE,GO_Molecular_Function_2023,Annealing Activity (GO:0140666),2/5,0.015652443283675963,62.80952380952381,428.1710385591926,FXR1;FMR1,212
Rbm24,SE,GO_Cellular_Component_2023,Chromosome (GO:0005694),7/164,0.01579425175859963,4.269597638651546,26.837045085098083,SMARCE1;STAG1;KRR1;FMR1;FIGNL1;DNTTIP1;FANCE,212
Rbm24,SE,GO_Biological_Process_2023,Regulation Of Gene Expression (GO:0010468),24/1127,0.015838875417794742,2.162574024420825,15.154957499184349,ATF2;MED1;MEAF6;SRCAP;PHF20;BRPF3;ACTR5;MSL2;RBPJ;PRKAB1;CIAO3;TERF2;ZZZ3;ING3;KANSL1;PDCD10;MIER1;MTF2;TADA3;MDM2;YAF2;MYD88;BPTF;KDM6A,212
Rbm24,SE,GO_Biological_Process_2023,Protein Phosphorylation (GO:0006468),14/500,0.016205717712299672,2.8082055119092155,19.57547487665107,ATF2;UVRAG;TBP;CCNT1;CHUK;STRADA;STRADB;PRKAB1;ATG13;IKBKB;CREB1;TAF8;MAP3K7;TAF2,212
Rbm24,SE,GO_Biological_Process_2023,Positive Regulation Of Cellular Catabolic Process (GO:0031331),7/146,0.016205717712299672,4.826917002982979,33.57764625788835,RPTOR;KAT5;NPRL3;PHKG2;AMBRA1;DEPDC5;ATG13,212
Rbm24,SE,GO_Biological_Process_2023,Negative Regulation Of Translation (GO:0017148),6/107,0.016205717712299672,5.6773046236662505,39.32091311608581,FXR1;FMR1;CNOT10;EIF4E2;GAPDH;EIF4G1,212
Rbm24,SE,GO_Biological_Process_2023,Positive Regulation Of Autophagy (GO:0010508),6/107,0.016205717712299672,5.6773046236662505,39.32091311608581,KAT5;NPRL3;TSC2;DEPDC5;MAP3K7;ATG13,212
Rbm24,SE,GO_Biological_Process_2023,Negative Regulation Of Protein Metabolic Process (GO:0051248),7/147,0.016205717712299672,4.792195121951219,33.14477161388821,BAG6;FXR1;FMR1;CNOT10;MDM4;EIF4E2;GAPDH,212
Rbm24,SE,GO_Biological_Process_2023,DNA Recombination (GO:0006310),4/42,0.016205717712299672,9.994939271255062,69.02344298303134,MSH3;TOP3A;XRCC3;RBBP8,212
Rbm24,SE,GO_Biological_Process_2023,Interleukin-1-Mediated Signaling Pathway (GO:0070498),3/19,0.016205717712299672,17.73803827751196,122.4628335210693,IKBKB;MAP3K7;MYD88,212
Rbm24,SE,GO_Biological_Process_2023,Resolution Of Recombination Intermediates (GO:0071139),2/5,0.017108323445731224,62.80952380952381,428.1710385591926,TOP3A;XRCC3,212
Rbm24,SE,GO_Biological_Process_2023,Double-Strand Break Repair Via Classical Nonhomologous End Joining (GO:0097680),2/5,0.017108323445731224,62.80952380952381,428.1710385591926,UVRAG;ERCC8,212
Rbm24,SE,GO_Biological_Process_2023,Double-Strand Break Repair Via Synthesis-Dependent Strand Annealing (GO:0045003),2/5,0.017108323445731224,62.80952380952381,428.1710385591926,FANCM;XRCC3,212
Rbm24,SE,GO_Molecular_Function_2023,Damaged DNA Binding (GO:0003684),4/45,0.017564727081982773,9.262195121951219,61.54313912660153,PNKP;RBBP8;APTX;FANCG,212
Rbm24,SE,GO_Biological_Process_2023,Nuclear-Transcribed mRNA poly(A) Tail Shortening (GO:0000289),3/20,0.017921654861387613,16.69377990430622,112.67056581062545,PAN2;CNOT2;CNOT10,212
Rbm24,SE,GO_Biological_Process_2023,Stress-Activated Protein Kinase Signaling Cascade (GO:0031098),3/20,0.017921654861387613,16.69377990430622,112.67056581062545,IKBKB;PDCD10;MAP3K7,212
Rbm24,SE,GO_Biological_Process_2023,Regulation Of DNA Replication (GO:0006275),5/75,0.018118159058753826,6.8040027605245,45.72037638188741,INO80E;MEAF6;BRPF3;ACTR5;UCHL5,212
Rbm24,SE,GO_Biological_Process_2023,Negative Regulation Of Nucleic Acid-Templated Transcription (GO:1903507),13/456,0.018118159058753826,2.8526946243633517,19.163019687810905,SMARCE1;SMARCC2;RING1;FBXW11;RBPJ;GATAD2A;KAT5;TFDP2;MDM2;MDM4;BCOR;RCOR2;YAF2,212
Rbm24,SE,GO_Biological_Process_2023,Golgi Vesicle Transport (GO:0048193),8/197,0.018265700904437215,4.066604419545596,27.242786613397346,RINT1;UVRAG;CUL3;COG2;TRAPPC8;TRAPPC9;SEC24C;SEC31A,212
Rbm24,SE,GO_Biological_Process_2023,Regulation Of TOR Signaling (GO:0032006),5/78,0.021120737977498978,6.52339355436437,42.687558936944946,RPTOR;NPRL3;TSC2;DEPDC5;ITFG2,212
Rbm24,SE,GO_Molecular_Function_2023,DNA Binding (GO:0003677),19/846,0.022039794461718634,2.257106339788611,14.363159583192411,GTF3C4;CCNT1;KDM2B;FMR1;PNKP;TOP3A;DNTTIP1;RAD23A;RBPJ;APTX;FANCG;POLA1;MSH3;MTF2;RBBP8;PMS2;YAF2;BPTF;KDM6A,212
Rbm24,SE,GO_Biological_Process_2023,Vesicle-Mediated Transport (GO:0016192),12/411,0.022065047186423097,2.9156390977443607,18.922427697082203,UVRAG;CECR2;AP3M1;AP5M1;HOOK2;BIN1;AP1G1;FHIP1B;EXOC6B;TSC2;ATP6V1H;SCRIB,212
Rbm24,SE,GO_Biological_Process_2023,Positive Regulation Of mRNA Binding (GO:1902416),2/6,0.023234816468389975,47.10476190476191,302.34268047722435,FMR1;EIF4G1,212
Rbm24,SE,GO_Biological_Process_2023,Histone H2A-K119 Monoubiquitination (GO:0036353),2/6,0.023234816468389975,47.10476190476191,302.34268047722435,PCGF5;PCGF2,212
Rbm24,SE,GO_Molecular_Function_2023,Nuclear Receptor Coactivator Activity (GO:0030374),4/50,0.023448462820363444,8.253344481605351,51.585709880853,MED1;MED22;MED14;BRD8,212
Rbm24,SE,GO_Biological_Process_2023,Activation Of Protein Kinase Activity (GO:0032147),5/81,0.024016083709187168,6.264937706585304,39.94328937126117,CARD10;CAB39L;STRADA;STRADB;MAP3K7,212
Rbm24,SE,GO_Molecular_Function_2023,Unmethylated CpG Binding (GO:0045322),2/7,0.025046413940266857,37.68190476190476,229.4467613186399,KDM2A;KDM2B,212
Rbm24,SE,GO_Molecular_Function_2023,Crossover Junction DNA Endonuclease Activity (GO:0008821),2/7,0.025046413940266857,37.68190476190476,229.4467613186399,EME2;XRCC3,212
Rbm24,SE,GO_Molecular_Function_2023,Protein Kinase Activator Activity (GO:0030295),5/88,0.02591163362296124,5.73453233222746,34.468154732334924,RPTOR;KAT5;CAB39L;STRADA;STRADB,212
Rbm24,SE,GO_Biological_Process_2023,Positive Regulation Of Gene Expression (GO:0010628),13/480,0.026622600644815364,2.7027320757965416,16.92718272032233,ATF2;MED1;FMR1;RBPJ;PRKAB1;TERF2;TENT4B;FXR1;PDCD10;TADA3;EIF4G3;GAPDH;MYD88,212
Rbm24,SE,GO_Cellular_Component_2023,Condensed Chromosome (GO:0000793),4/60,0.027684943151763976,6.7760989010989015,37.82605373063426,SLF2;NCAPG2;NCAPD3;CENPA,212
Rbm24,SE,GO_Cellular_Component_2023,Serine/Threonine Protein Kinase Complex (GO:1902554),4/60,0.027684943151763976,6.7760989010989015,37.82605373063426,CAB39L;STRADA;STRADB;AZI2,212
Rbm24,SE,GO_Cellular_Component_2023,bBAF Complex (GO:0140092),2/9,0.027684943151763976,26.91292517006803,149.74430351308848,SMARCE1;SMARCC2,212
Rbm24,SE,GO_Cellular_Component_2023,"Condensed Chromosome, Centromeric Region (GO:0000779)",2/9,0.027684943151763976,26.91292517006803,149.74430351308848,NCAPD3;CENPA,212
Rbm24,SE,GO_Molecular_Function_2023,GTPase Binding (GO:0051020),8/225,0.028631887907654096,3.5368211800849374,20.754922006410418,AP3M1;KIF3A;AP1G1;TSC2;KNTC1;AMBRA1;LSM2;STRN3,212
Rbm24,SE,GO_Biological_Process_2023,Regulation Of Smoothened Signaling Pathway (GO:0008589),4/51,0.028741674445628217,8.077332242225859,49.89232791604774,IFT81;DLG5;IFT122;UCHL5,212
Rbm24,SE,GO_Biological_Process_2023,Nuclear-Transcribed mRNA Catabolic Process (GO:0000956),5/85,0.028875776357726434,5.950483091787439,36.671034968192835,PAN2;CNOT2;CNOT10;RNPS1;TENT4B,212
Rbm24,SE,GO_Molecular_Function_2023,Histone H3K14 Acetyltransferase Activity (GO:0036408),2/8,0.029182972602276112,31.4,182.38236233342835,MEAF6;BRPF3,212
Rbm24,SE,GO_Biological_Process_2023,Regulation Of Mitotic Cell Cycle Phase Transition (GO:1901990),5/86,0.029497250655726347,5.87672213276078,35.91445757620338,SMARCE1;SMARCC2;CUL3;KNTC1;AMBRA1,212
Rbm24,SE,GO_Biological_Process_2023,Regulation Of Chromosome Condensation (GO:0060623),2/7,0.029497250655726347,37.68190476190476,229.4467613186399,NCAPG2;NCAPD3,212
Rbm24,SE,GO_Biological_Process_2023,N-terminal Peptidyl-Methionine Acetylation (GO:0017196),2/7,0.029497250655726347,37.68190476190476,229.4467613186399,NAA20;NAA16,212
Rbm24,SE,GO_Biological_Process_2023,Positive Regulation Of Chromosome Condensation (GO:1905821),2/7,0.029497250655726347,37.68190476190476,229.4467613186399,NCAPG2;NCAPD3,212
Rbm24,SE,GO_Biological_Process_2023,Single Strand Break Repair (GO:0000012),2/7,0.029497250655726347,37.68190476190476,229.4467613186399,ERCC8;APTX,212
Rbm24,SE,GO_Biological_Process_2023,Negative Regulation Of TORC1 Signaling (GO:1904262),3/25,0.029497250655726347,12.896476729012614,78.49240679092375,NPRL3;DEPDC5;ITFG2,212
Rbm24,SE,GO_Biological_Process_2023,Protein Ubiquitination (GO:0016567),12/434,0.030658866588737184,2.7534597156398104,16.627678488803834,FBXW11;CUL3;MDM2;MSL2;ERCC8;MDM4;KLHL13;AMBRA1;FANCE;FANCG;BIRC2;DDA1,212
Rbm24,SE,GO_Cellular_Component_2023,CD40 Receptor Complex (GO:0035631),2/10,0.031995359706558674,23.547619047619047,125.92956131132573,IKBKB;CHUK,212
Rbm24,SE,GO_Cellular_Component_2023,NSL Complex (GO:0044545),2/10,0.031995359706558674,23.547619047619047,125.92956131132573,KANSL1;PHF20,212
Rbm24,SE,GO_Molecular_Function_2023,Histone Demethylase Activity (GO:0032452),3/29,0.03212040884504393,10.910195068089806,61.69210707052649,KDM2A;KDM2B;KDM6A,212
Rbm24,SE,GO_Molecular_Function_2023,Single-Stranded DNA Binding (GO:0003697),5/96,0.03212040884504393,5.22827414131762,29.454671268009022,POLA1;MSH3;TOP3A;PMS2;RAD23A,212
Rbm24,SE,GO_Molecular_Function_2023,Kinase Binding (GO:0019900),12/460,0.03212040884504393,2.5901785714285714,14.4273814927425,IKBKB;RPTOR;ATF2;POLA1;MAVS;DLG3;PDCD10;STRADA;TPRKB;RAD23A;PRKAB1;ATG13,212
Rbm24,SE,GO_Molecular_Function_2023,"DNA Endonuclease Activity, Producing 3'-Phosphomonoesters (GO:0016889)",2/9,0.03212040884504393,26.91292517006803,149.74430351308848,EME2;XRCC3,212
Rbm24,SE,GO_Biological_Process_2023,Regulation Of Nucleotide-Excision Repair (GO:2000819),3/26,0.03212125155171669,12.335136259621386,73.65957619463337,SMARCE1;SMARCC2;ERCC8,212
Rbm24,SE,GO_Biological_Process_2023,Protein Export From Nucleus (GO:0006611),3/26,0.03212125155171669,12.335136259621386,73.65957619463337,NUP214;STRADA;STRADB,212
Rbm24,SE,GO_Biological_Process_2023,Negative Regulation Of TOR Signaling (GO:0032007),4/54,0.03212125155171669,7.591538461538462,45.29136820989699,NPRL3;TSC2;DEPDC5;ITFG2,212
Rbm24,SE,GO_Biological_Process_2023,Positive Regulation Of Proteasomal Protein Catabolic Process (GO:1901800),5/90,0.033592921044601536,5.599033816425121,33.10513651169626,BAG6;FMR1;MDM2;RAD23A;DDA1,212
Rbm24,SE,GO_Molecular_Function_2023,Ubiquitin-Like Protein Transferase Activity (GO:0019787),8/240,0.03384693189771657,3.3056118999323867,18.10738494844918,FBXW11;CUL3;MDM2;ERCC8;MDM4;KLHL13;BCOR;BIRC2,212
Rbm24,SE,GO_Biological_Process_2023,Regulation Of Chromatin Organization (GO:1902275),3/27,0.03447135341554713,11.820574162679426,69.28653844339811,KANSL1;PHF20;MSL2,212
Rbm24,SE,GO_Biological_Process_2023,Iron-Sulfur Cluster Assembly (GO:0016226),3/27,0.03447135341554713,11.820574162679426,69.28653844339811,ISCA2;MMS19;CIAO3,212
Rbm24,SE,GO_Biological_Process_2023,Metallo-Sulfur Cluster Assembly (GO:0031163),3/27,0.03447135341554713,11.820574162679426,69.28653844339811,ISCA2;MMS19;CIAO3,212
Rbm24,SE,GO_Biological_Process_2023,DNA Topological Change (GO:0006265),2/8,0.03546694368422094,31.4,182.38236233342835,TOP3B;TOP3A,212
Rbm24,SE,GO_Biological_Process_2023,Anoikis (GO:0043276),2/8,0.03546694368422094,31.4,182.38236233342835,TSC2;MAP3K7,212
Rbm24,SE,GO_Biological_Process_2023,Protein Localization To Perinuclear Region Of Cytoplasm (GO:1905719),2/8,0.03546694368422094,31.4,182.38236233342835,HOOK2;FHIP1B,212
Rbm24,SE,GO_Molecular_Function_2023,Ubiquitin-Protein Transferase Activity (GO:0004842),11/412,0.03613322113014727,2.645835659607201,14.211161299194467,RING1;FBXW11;CUL3;FBXO17;MDM2;MSL2;ERCC8;MDM4;KLHL13;BCOR;BIRC2,212
Rbm24,SE,GO_Molecular_Function_2023,Transferrin Receptor Binding (GO:1990459),2/10,0.03613322113014727,23.547619047619047,125.92956131132573,IKBKB;CHUK,212
Rbm24,SE,GO_Cellular_Component_2023,MLL3/4 Complex (GO:0044666),2/11,0.03632817717144565,20.93015873015873,107.87767915342954,PAXIP1;KDM6A,212
Rbm24,SE,GO_Cellular_Component_2023,Transcription Factor TFIIH Holo Complex (GO:0005675),2/11,0.03632817717144565,20.93015873015873,107.87767915342954,GTF2H1;MMS19,212
Rbm24,SE,GO_Cellular_Component_2023,Cul4-RING E3 Ubiquitin Ligase Complex (GO:0080008),3/35,0.03648212579372571,8.861842105263158,45.35664923238536,DCAF8;ERCC8;DDA1,212
Rbm24,SE,GO_Biological_Process_2023,Vesicle Coating (GO:0006901),3/28,0.036776566875335995,11.347177033492823,65.31396897473583,CUL3;TRAPPC8;TRAPPC9,212
Rbm24,SE,GO_Biological_Process_2023,Primary Neural Tube Formation (GO:0014020),3/28,0.036776566875335995,11.347177033492823,65.31396897473583,IFT122;TSC2;SCRIB,212
Rbm24,SE,GO_Biological_Process_2023,Regulation Of Nucleic Acid-Templated Transcription (GO:1903506),12/452,0.03808779567693983,2.6383636363636365,15.064831012302578,ATF2;ZZZ3;ING3;MEAF6;SRCAP;BRPF3;ACTR5;MIER1;MTF2;TADA3;YAF2;BPTF,212
Rbm24,SE,GO_Biological_Process_2023,mRNA Transport (GO:0051028),4/58,0.03808779567693983,7.027777777777778,40.093893528473416,NUP214;FYTTD1;FMR1;THOC7,212
Rbm24,SE,GO_Biological_Process_2023,Regulation Of I-kappaB kinase/NF-kappaB Signaling (GO:0043122),8/232,0.0386806202255856,3.4250700280112043,19.46046689204748,IKBKB;MAVS;CHUK;MIER1;MAP3K7;GAPDH;MYD88;BIRC2,212
Rbm24,SE,GO_Biological_Process_2023,Establishment Of Mitotic Spindle Orientation (GO:0000132),3/29,0.03883827098804926,10.910195068089806,61.69210707052649,KAT5;FBXW11;CENPA,212
Rbm24,SE,GO_Biological_Process_2023,Tube Closure (GO:0060606),3/29,0.03883827098804926,10.910195068089806,61.69210707052649,IFT122;TSC2;SCRIB,212
Rbm24,SE,GO_Biological_Process_2023,Protein Acetylation (GO:0006473),3/29,0.03883827098804926,10.910195068089806,61.69210707052649,KAT5;NAA20;NAA16,212
Rbm24,SE,GO_Biological_Process_2023,DNA-templated Transcription Initiation (GO:0006352),4/59,0.03895191640971133,6.89965034965035,38.93516637545794,TBP;TAF8;TAF2;MED7,212
Rbm24,SE,GO_Biological_Process_2023,Regulation Of Apoptotic Process (GO:0042981),16/705,0.03895191640971133,2.262847664464915,12.754459039431028,MED1;MEAF6;SCRIB;ING3;KAT5;BIN1;PDCD10;FIGNL1;EP400;MDM2;RNPS1;NAA16;BRD8;BID;IFT57;BIRC2,212
Rbm24,SE,GO_Molecular_Function_2023,Small GTPase Binding (GO:0031267),7/199,0.03993439383400561,3.485060975609756,18.181811271947957,AP3M1;KIF3A;AP1G1;TSC2;KNTC1;LSM2;STRN3,212
Rbm24,SE,GO_Biological_Process_2023,Negative Regulation Of Transcription By Competitive Promoter Binding (GO:0010944),2/9,0.04007039309304012,26.91292517006803,149.74430351308848,CREB1;KDM2A,212
Rbm24,SE,GO_Biological_Process_2023,Camera-Type Eye Morphogenesis (GO:0048593),2/9,0.04007039309304012,26.91292517006803,149.74430351308848,KDM2B;IFT122,212
Rbm24,SE,GO_Biological_Process_2023,Telomeric Loop Disassembly (GO:0090657),2/9,0.04007039309304012,26.91292517006803,149.74430351308848,XRCC3;TERF2,212
Rbm24,SE,GO_Biological_Process_2023,Positive Regulation Of miRNA-mediated Gene Silencing (GO:2000637),2/9,0.04007039309304012,26.91292517006803,149.74430351308848,FXR1;FMR1,212
Rbm24,SE,GO_Biological_Process_2023,Kinetochore Assembly (GO:0051382),2/9,0.04007039309304012,26.91292517006803,149.74430351308848,CENPT;KNTC1,212
Rbm24,SE,GO_Biological_Process_2023,Protein Insertion Into ER Membrane By Stop-Transfer Membrane-Anchor Sequence (GO:0045050),2/9,0.04007039309304012,26.91292517006803,149.74430351308848,MMGT1;EMC8,212
Rbm24,SE,GO_Biological_Process_2023,Negative Regulation Of Macromolecule Biosynthetic Process (GO:0010558),5/98,0.04024475682867612,5.11531868474365,28.366494996424507,FXR1;FMR1;CNOT10;EIF4E2;GAPDH,212
Rbm24,SE,GO_Biological_Process_2023,Positive Regulation Of Protein-Containing Complex Assembly (GO:0031334),5/98,0.04024475682867612,5.11531868474365,28.366494996424507,MAVS;SLF2;BID;MYD88;EIF4G1,212
Rbm24,SE,GO_Cellular_Component_2023,npBAF Complex (GO:0071564),2/12,0.040667296585049174,18.836190476190477,93.78205894668916,SMARCE1;SMARCC2,212
Rbm24,SE,GO_Biological_Process_2023,Positive Regulation Of G1/S Transition Of Mitotic Cell Cycle (GO:1900087),3/31,0.04325262189500507,10.12987012987013,55.33870172786905,RPTOR;SASS6;EIF4G1,212
Rbm24,SE,GO_Biological_Process_2023,Regulation Of Organelle Organization (GO:0033043),5/100,0.04325262189500507,5.007119247393847,27.33505796368206,INO80E;MAVS;PDCD10;ACTR5;UCHL5,212
Rbm24,SE,GO_Cellular_Component_2023,ISWI-type Complex (GO:0031010),2/13,0.04375046622518595,17.122943722943724,82.51090475836101,CECR2;BPTF,212
Rbm24,SE,GO_Cellular_Component_2023,Brahma Complex (GO:0035060),2/13,0.04375046622518595,17.122943722943724,82.51090475836101,SMARCE1;SMARCC2,212
Rbm24,SE,GO_Cellular_Component_2023,mRNA Cleavage And Polyadenylation Specificity Factor Complex (GO:0005847),2/13,0.04375046622518595,17.122943722943724,82.51090475836101,CPSF7;FIP1L1,212
Rbm24,SE,GO_Biological_Process_2023,Telomere Organization (GO:0032200),4/63,0.044954223251369795,6.430573663624511,34.76858446854437,INO80E;ACTR5;TERF2;UCHL5,212
Rbm24,SE,GO_Biological_Process_2023,Positive Regulation Of Mitotic Cell Cycle Phase Transition (GO:1901992),4/63,0.044954223251369795,6.430573663624511,34.76858446854437,RPTOR;CUL3;SASS6;EIF4G1,212
Rbm24,SE,GO_Biological_Process_2023,Positive Regulation Of Protein Kinase Activity (GO:0045860),6/145,0.04516949396345538,4.117273171753859,22.213151436786656,RPTOR;DLG3;PDCD10;CAB39L;STRADA;STRADB,212
Rbm24,SE,GO_Biological_Process_2023,Positive Regulation Of T Cell Differentiation (GO:0045582),4/64,0.04518815055992166,6.323076923076923,33.83110075355249,SMARCE1;SMARCC2;KAT5;AMBRA1,212
Rbm24,SE,GO_Biological_Process_2023,Positive Regulation Of Macroautophagy (GO:0016239),4/64,0.04518815055992166,6.323076923076923,33.83110075355249,UVRAG;TSC2;AMBRA1;MAP3K7,212
Rbm24,SE,GO_Biological_Process_2023,Negative Regulation Of Intracellular Estrogen Receptor Signaling Pathway (GO:0033147),2/10,0.04518815055992166,23.547619047619047,125.92956131132573,CNOT2;STRN3,212
Rbm24,SE,GO_Biological_Process_2023,TORC1 Signaling (GO:0038202),2/10,0.04518815055992166,23.547619047619047,125.92956131132573,RPTOR;NPRL3,212
Rbm24,SE,GO_Biological_Process_2023,Regulation Of mRNA Polyadenylation (GO:1900363),2/10,0.04518815055992166,23.547619047619047,125.92956131132573,CPSF7;VIRMA,212
Rbm24,SE,GO_Biological_Process_2023,Positive Regulation Of Post-Transcriptional Gene Silencing By RNA (GO:1900370),2/10,0.04518815055992166,23.547619047619047,125.92956131132573,FXR1;FMR1,212
Rbm24,SE,GO_Biological_Process_2023,Histone H3-K14 Acetylation (GO:0044154),2/10,0.04518815055992166,23.547619047619047,125.92956131132573,ZZZ3;TADA3,212
Rbm24,SE,GO_Cellular_Component_2023,Cytoplasmic Stress Granule (GO:0010494),4/76,0.045789241167704754,5.266025641025641,24.99144008568194,RPTOR;FXR1;FMR1;EIF4G1,212
Rbm24,SE,GO_Biological_Process_2023,Regulation Of Programmed Cell Death (GO:0043067),7/195,0.04587638460863369,3.5599377270368446,18.96107507255982,ING3;KAT5;MEAF6;EP400;BRD8;IFT57;BIRC2,212
Rbm24,SE,GO_Cellular_Component_2023,RSC-type Complex (GO:0016586),2/14,0.046789158716500696,15.695238095238095,73.320958730443,SMARCE1;SMARCC2,212
Rbm24,SE,GO_Cellular_Component_2023,nBAF Complex (GO:0071565),2/14,0.046789158716500696,15.695238095238095,73.320958730443,SMARCE1;SMARCC2,212
Rbm24,SE,GO_Biological_Process_2023,RNA Export From Nucleus (GO:0006405),4/65,0.047022271271135015,6.219104665825977,32.930746782360416,NUP214;FYTTD1;FMR1;THOC7,212
Rbm24,SE,GO_Biological_Process_2023,Monoubiquitinated Protein Deubiquitination (GO:0035520),3/33,0.047209700628227644,9.45358851674641,49.95924255487914,TADA3;USP1;TAF2,212
Rbm24,SE,GO_Biological_Process_2023,Lysosomal Transport (GO:0007041),5/105,0.04843213937376788,4.7555555555555555,24.97965650094572,AP3M1;HOOK2;BIN1;AP1G1;FHIP1B,212
Rbm24,SE,GO_Cellular_Component_2023,Transcription Factor TFIID Complex (GO:0005669),3/42,0.048495709742373314,7.268678689731321,33.51151658236979,TBP;TAF8;TAF2,212
Rbm24,SE,GO_Molecular_Function_2023,poly(A)-specific Ribonuclease Activity (GO:0004535),2/12,0.04918718722707532,18.836190476190477,93.78205894668916,PAN2;CNOT2,212
Rbm24,SE,GO_Cellular_Component_2023,Cytoplasmic Side Of Plasma Membrane (GO:0009898),5/124,0.04943372047176696,3.992408557625949,18.231533214469177,IKBKB;DLG1;CHUK;MYD88;BIRC2,212
Rbm24,SE,GO_Cellular_Component_2023,COPII Vesicle Coat (GO:0030127),2/15,0.04978390153763716,14.487179487179487,65.70506040078747,SEC24C;SEC31A,212
Rpl22l1,SE,GO_Cellular_Component_2023,Nucleus (GO:0005634),102/4487,6.306760479072818e-12,2.8635366020524518,88.50849752063907,ATF2;FMR1;JADE1;CCNC;SMC6;RBPJ;RPL10A;MAP3K7;KDM2B;FBXW11;NSMCE2;DNTTIP1;TSC2;ARMC8;PRKAB1;MED6;THOC7;RRAGB;FANCD2;UBE2V2;PHIP;GEMIN8;BLM;PAXIP1;SRCAP;PSMD14;COPS7B;FXR1;BAG6;ORC1;IRAK1;ZC3H13;KAT14;UBE2I;INTS3;XRCC3;INTS2;FANCA;RFXANK;PALB2;LSM4;LSM2;COPRS;STAG1;CNOT2;TADA3;CDK2;UBA3;MDM2;MDM4;RAD9A;EIF4G1;INTS14;ZBTB8OS;BRCA1;MED15;MED14;SNAPC4;DNMT3B;POLE;TOP3B;PBRM1;TBP;STRADA;AKTIP;RAD23A;UCHL5;MED22;RAD51D;CREB1;TFDP2;MED20;MTF2;ITGB3BP;BIRC2;LAMA5;PRKAA1;POLDIP3;PNKP;AMBRA1;RMND5B;CECR2;NFS1;TAF1B;USP1;FLNA;PMS2;MTA3;E2F6;TRMT10B;PCGF5;PCGF2;APTX;USF2;GATAD2A;RAD50;KANSL1;BRMS1L;TAF8;ACIN1;BCOR;PFKM,227
Rpl22l1,SE,GO_Cellular_Component_2023,Intracellular Membrane-Bounded Organelle (GO:0043231),111/5175,6.306760479072818e-12,2.77942167837882,84.38030145604537,ATF2;FMR1;JADE1;CCNC;SMC6;RBPJ;RPL10A;MAP3K7;KDM2B;FBXW11;NSMCE2;DNTTIP1;TSC2;ARMC8;PRKAB1;MED6;THOC7;RRAGB;FANCD2;UBE2V2;PHIP;GEMIN8;BLM;PAXIP1;SRCAP;PSMD14;COPS7B;FXR1;BAG6;ORC1;IRAK1;ATP6V0A2;ZC3H13;KAT14;SEC31A;OSBPL9;UBE2I;INTS3;XRCC3;INTS2;FANCA;RFXANK;PALB2;LSM4;LSM2;COPRS;STAG1;HOOK2;CNOT2;TADA3;CDK2;UBA3;MDM2;MDM4;RAD9A;EIF4G1;INTS14;ZBTB8OS;BRCA1;OSBPL11;MED15;MED14;SNAPC4;DNMT3B;POLE;TOP3B;PBRM1;SUN1;TBP;STRADA;AKTIP;PEX2;RAD23A;VPS37A;UCHL5;MED22;RAD51D;CREB1;TFDP2;MED20;MTF2;ITGB3BP;BIRC2;LAMA5;PRKAA1;POLDIP3;PNKP;AMBRA1;RMND5B;CECR2;NFS1;TAF1B;USP1;FLNA;PMS2;MTA3;E2F6;TRMT10B;PCGF5;PCGF2;APTX;USF2;GATAD2A;RAD50;KANSL1;BRMS1L;TAF8;ACIN1;BCOR;PFKM;TNRC6A,227
Rpl22l1,SE,GO_Biological_Process_2023,DNA Metabolic Process (GO:0006259),19/288,8.2959348529896e-7,6.6231055190163,138.3555037959618,TOP3B;UVRAG;BLM;INTS3;PRIM1;FMR1;PNKP;XRCC3;FANCA;BRCA1;UCHL5;FANCG;RAD51D;RAD50;ORC1;CDK2;UBE2V2;POLE;RAD9A,227
Rpl22l1,SE,GO_Biological_Process_2023,DNA Repair (GO:0006281),19/291,8.2959348529896e-7,6.549049066742081,135.6733786769232,UVRAG;BLM;CENPX;INTS3;FMR1;PNKP;XRCC3;FANCA;RAD23A;BRCA1;APTX;FANCG;RAD51D;RAD50;FANCD2;UBE2V2;PMS2;POLE;RAD9A,227
Rpl22l1,SE,GO_Biological_Process_2023,Double-Strand Break Repair (GO:0006302),14/168,4.341000050360049e-6,8.37345283824157,156.21606754486055,BLM;PSMD14;INTS3;PNKP;NSMCE2;XRCC3;SMC6;BRCA1;PALB2;MBTD1;MORF4L1;RAD51D;RAD50;UBE2V2,227
Rpl22l1,SE,GO_Biological_Process_2023,Recombinational Repair (GO:0000725),11/95,4.404468696125207e-6,11.93667328042328,219.08467804618542,MBTD1;MORF4L1;RAD51D;BLM;PSMD14;INTS3;NSMCE2;XRCC3;BRCA1;SMC6;PALB2,227
Rpl22l1,SE,GO_Biological_Process_2023,Telomere Maintenance Via Recombination (GO:0000722),5/9,7.212529059922726e-6,111.31193693693693,1963.2721569301855,RAD50;RAD51D;NSMCE2;XRCC3;SMC6,227
Rpl22l1,SE,GO_Biological_Process_2023,Organelle Assembly (GO:0070925),18/322,8.674559230329762e-6,5.515644673885671,95.25890262811733,PLK4;IQCB1;FMR1;VPS37C;IFT122;VPS37A;AMBRA1;FXR1;AP3M1;IFT81;KIF3A;ATG16L1;MKS1;CHMP2A;FLNA;B9D1;PHIP;ATG5,227
Rpl22l1,SE,GO_Biological_Process_2023,Double-Strand Break Repair Via Homologous Recombination (GO:0000724),11/111,1.3013647070536734e-5,10.018657407407407,167.4209778128534,MBTD1;MORF4L1;BLM;RAD51D;PSMD14;INTS3;NSMCE2;XRCC3;SMC6;BRCA1;PALB2,227
Rpl22l1,SE,GO_Biological_Process_2023,Positive Regulation Of Transcription Initiation By RNA Polymerase II (GO:0060261),8/52,2.455244084544423e-5,16.379410543794105,261.1299884867399,MED22;MED14;TBP;PAXIP1;MED20;TAF8;MED15;MED6,227
Rpl22l1,SE,GO_Biological_Process_2023,Positive Regulation Of DNA-templated Transcription Initiation (GO:2000144),8/56,3.629925575050393e-5,15.011415525114156,230.36893059857778,MED22;MED14;TBP;PAXIP1;MED20;TAF8;MED15;MED6,227
Rpl22l1,SE,GO_Biological_Process_2023,Regulation Of Transcription Elongation By RNA Polymerase II (GO:0034243),9/77,3.629925575050393e-5,11.96337021046951,183.37987349693336,MED22;MED14;INTS14;SRCAP;INTS3;MED20;INTS2;MED15;MED6,227
Rpl22l1,SE,GO_Biological_Process_2023,Regulation Of Transcription Initiation By RNA Polymerase II (GO:0060260),8/57,3.734394060584345e-5,14.70431460255335,223.57560875726813,MED22;MED14;TBP;PAXIP1;MED20;TAF8;MED15;MED6,227
Rpl22l1,SE,GO_Biological_Process_2023,Transcription Preinitiation Complex Assembly (GO:0070897),8/59,4.2079311833302915e-5,14.126242277733011,210.90642617097342,MED22;MED14;TBP;TAF1B;MED20;TAF8;MED15;MED6,227
Rpl22l1,SE,GO_Biological_Process_2023,Mitotic Recombination (GO:0006312),5/14,4.2079311833302915e-5,49.45945945945946,737.8521766080911,RAD50;RAD51D;NSMCE2;XRCC3;SMC6,227
Rpl22l1,SE,GO_Molecular_Function_2023,Ubiquitin-Like Protein Transferase Activity (GO:0019787),14/240,1.796943101835391e-4,5.684864348331879,80.79046154459976,UBE2I;FBXW11;NSMCE2;BRCA1;RMND5B;ATG16L1;UBA3;MDM2;MDM4;RBCK1;BCOR;BTRC;BIRC2;ATG5,227
Rpl22l1,SE,GO_Cellular_Component_2023,Chromosome (GO:0005694),11/164,1.82368307951144e-4,6.530501089324619,83.41774844751673,SYCE2;BLM;STAG1;PBRM1;FANCD2;KRR1;FMR1;PES1;DNTTIP1;SMC6;BRCA1,227
Rpl22l1,SE,GO_Cellular_Component_2023,Core Mediator Complex (GO:0070847),5/23,2.476571423484961e-4,24.71846846846847,301.06751222034467,MED22;MED14;MED20;MED15;MED6,227
Rpl22l1,SE,GO_Biological_Process_2023,RNA Polymerase II Preinitiation Complex Assembly (GO:0051123),7/56,3.764168705474634e-4,12.807792207792208,162.0579388844139,MED22;MED14;TBP;MED20;TAF8;MED15;MED6,227
Rpl22l1,SE,GO_Biological_Process_2023,Histone Modification (GO:0016570),8/81,4.0728179821887295e-4,9.858009632826672,122.92676596624175,MBTD1;MORF4L1;BRMS1L;TADA3;JADE1;MTA3;KAT14;GATAD2A,227
Rpl22l1,SE,GO_Biological_Process_2023,Proteasome-Mediated Ubiquitin-Dependent Protein Catabolic Process (GO:0043161),15/319,4.0728179821887295e-4,4.531327581926514,56.37304211693238,FBXW5;PSMD14;FBXW11;FAF2;LTN1;RAD23A;ARMC8;AMBRA1;BAG6;FBXL20;RMND5B;MDM2;RBCK1;BTRC;BIRC2,227
Rpl22l1,SE,GO_Cellular_Component_2023,ATAC Complex (GO:0140672),4/13,4.115848482644104e-4,39.39013452914798,450.9677098460506,ZZZ3;TADA3;MAP3K7;KAT14,227
Rpl22l1,SE,GO_Biological_Process_2023,Ubiquitin-Dependent Protein Catabolic Process (GO:0006511),16/367,4.7832199755312455e-4,4.195892575039495,51.27099930697578,FBXW5;UBE2I;PSMD14;FBXW11;VPS37C;RAD23A;VPS37A;ARMC8;AMBRA1;BAG6;RMND5B;CHMP2A;MDM2;RBCK1;BTRC;BIRC2,227
Rpl22l1,SE,GO_Biological_Process_2023,Protein Modification Process (GO:0036211),23/711,6.160748755899947e-4,3.1275293547651617,37.246022318202854,PLK4;UVRAG;PRKAA1;PIGT;UBE2I;TBP;CHUK;STRADA;FBXW11;JADE1;RABGGTB;PRKAB1;PRKCZ;PDP1;PPP3CA;CREB1;IRAK1;ATG16L1;CDK2;UBA3;TAF8;BTRC;ATG5,227
Rpl22l1,SE,GO_Biological_Process_2023,Proteasomal Protein Catabolic Process (GO:0010498),12/220,7.373110513510357e-4,5.25,61.2957420360412,BAG6;RMND5B;FBXW5;PSMD14;FBXW11;MDM2;RAD23A;ARMC8;RBCK1;AMBRA1;BTRC;BIRC2,227
Rpl22l1,SE,GO_Biological_Process_2023,Telomere Maintenance (GO:0000723),7/68,9.81447277515734e-4,10.281967213114754,116.57764033955408,RAD51D;BLM;RAD50;NSMCE2;XRCC3;SMC6;UCHL5,227
Rpl22l1,SE,GO_Biological_Process_2023,Response To Ionizing Radiation (GO:0010212),7/72,0.001366817063244555,9.647272727272727,105.71544959130661,BLM;PRKAA1;PAXIP1;FANCD2;INTS3;BRCA1;RAD9A,227
Rpl22l1,SE,GO_Molecular_Function_2023,DNA Binding (GO:0003677),25/846,0.0016672964259731662,2.8569361199213708,32.25667536981788,GTF3C2;BLM;GTF3C4;FMR1;PNKP;SMC6;RTF1;BRCA1;RBPJ;SNAPC4;DNMT3B;PMS2;POLE;CENPX;KDM2B;DNTTIP1;RAD23A;APTX;PALB2;USF2;FANCG;RAD51D;RAD50;POLR3C;MTF2,227
Rpl22l1,SE,GO_Biological_Process_2023,Regulation Of Smoothened Signaling Pathway (GO:0008589),6/51,0.0017080479055664344,11.902262443438914,126.84944471522999,IFT81;DLG5;IFT122;PHIP;BTRC;UCHL5,227
Rpl22l1,SE,GO_Biological_Process_2023,Macroautophagy (GO:0016236),8/104,0.0017080479055664344,7.487442922374429,79.46159198949222,UVRAG;ATG16L1;VPS33A;CHMP2A;VPS37C;VPS37A;ATG5;VPS16,227
Rpl22l1,SE,GO_Biological_Process_2023,Transcription Initiation At RNA Polymerase II Promoter (GO:0006367),7/76,0.0017080479055664344,9.086166007905138,96.32851555748196,MED22;MED14;TBP;MED20;TAF8;MED15;MED6,227
Rpl22l1,SE,GO_Biological_Process_2023,NIK/NF-kappaB Signaling (GO:0038061),5/32,0.001863229824295626,16.47147147147147,172.5203098010527,IRAK1;CHUK;BTRC;MAP3K7;BIRC2,227
Rpl22l1,SE,GO_Cellular_Component_2023,Serine/Threonine Protein Kinase Complex (GO:1902554),6/60,0.0019319479529460212,9.914027149321267,96.36590240324291,CAB39L;STRADA;CDK2;CCNC;AZI2;PRKCZ,227
Rpl22l1,SE,GO_Biological_Process_2023,Regulation Of Tubulin Deacetylation (GO:0090043),4/17,0.0020792694212533815,27.26457399103139,280.33114145998104,PRKAA1;ZZZ3;TADA3;KAT14,227
Rpl22l1,SE,GO_Biological_Process_2023,rRNA Transcription (GO:0009303),4/17,0.0020792694212533815,27.26457399103139,280.33114145998104,GTF3C2;GTF3C4;TAF1B;TCOF1,227
Rpl22l1,SE,GO_Biological_Process_2023,DNA Damage Response (GO:0006974),15/384,0.0020792694212533815,3.7206626783248966,38.139962037162036,ATF2;UVRAG;BLM;INTS3;FMR1;PNKP;XRCC3;FANCA;SMC6;BRCA1;FANCG;RAD51D;RAD50;BID;RAD9A,227
Rpl22l1,SE,GO_Biological_Process_2023,Regulation Of Cell Cycle (GO:0051726),13/298,0.002186646360872366,4.153861288735858,42.225695321251116,JADE1;TSC2;RAD23A;BRCA1;UCHL5;MBTD1;MORF4L1;ZZZ3;PES1;TADA3;MDM2;KAT14;BIRC2,227
Rpl22l1,SE,GO_Biological_Process_2023,Mitotic DNA Damage Checkpoint Signaling (GO:0044773),6/56,0.0022220599858673337,10.709321266968326,108.32950657570493,ATF2;BLM;FANCD2;CDK2;BRCA1;RAD9A,227
Rpl22l1,SE,GO_Cellular_Component_2023,Nuclear Lumen (GO:0031981),22/780,0.0023308377172046165,2.692129480661561,25.247618316419402,PLK4;PBRM1;BLM;ATP8B2;KRR1;FMR1;PNKP;DNTTIP1;RBPJ;APTX;UCHL5;FANCG;RRP7A;FXR1;ZZZ3;TCOF1;TAF1B;FANCD2;PES1;MDM2;FLNA;UTP20,227
Rpl22l1,SE,GO_Cellular_Component_2023,Nuclear Chromosome (GO:0000228),7/95,0.0025283213149395575,7.117510330578512,65.22093833449773,PBRM1;BLM;RAD50;SRCAP;BRMS1L;NCAPD3;UCHL5,227
Rpl22l1,SE,GO_Biological_Process_2023,Interstrand Cross-Link Repair (GO:0036297),5/36,0.002711009430067219,14.343214181923859,141.76495453233593,CENPX;FANCD2;XRCC3;FANCA;FANCG,227
Rpl22l1,SE,GO_Biological_Process_2023,Chromatin Organization (GO:0006325),12/268,0.0030696067291211965,4.25515988372093,41.39329169977387,COPRS;CECR2;PBRM1;PAXIP1;ZZZ3;KDM2B;PCGF2;MTF2;BCOR;MTA3;UCHL5;GATAD2A,227
Rpl22l1,SE,GO_Biological_Process_2023,Chromatin Remodeling (GO:0006338),11/228,0.0031082037393860974,4.589435057176993,44.44647763954625,COPRS;CECR2;PBRM1;PAXIP1;KDM2B;PCGF2;MTF2;BCOR;MTA3;UCHL5;GATAD2A,227
Rpl22l1,SE,GO_Biological_Process_2023,Internal Peptidyl-Lysine Acetylation (GO:0018393),5/39,0.0035965290121269195,13.075649178590355,124.06145736148298,BAG6;MBTD1;MORF4L1;TADA3;KAT14,227
Rpl22l1,SE,GO_Biological_Process_2023,Positive Regulation Of DNA-templated Transcription (GO:0045893),30/1243,0.0035965290121269195,2.330087336427283,22.08865873439829,ATF2;BLM;PRKAA1;CCNC;BRCA1;RBPJ;MBTD1;PPP3CA;MED14;BTRC;MTA3;CHUK;PCGF5;FBXW11;RFXANK;PEX2;USF2;MED6;UCHL5;VEGFA;GATAD2A;ASXL1;MED22;MORF4L1;CREB1;TFDP2;KANSL1;TADA3;PHIP;PFKM,227
Rpl22l1,SE,GO_Biological_Process_2023,Protein Deacetylation (GO:0006476),5/40,0.0038584345879982907,12.701415701415701,118.93181067657711,MORF4L1;BRMS1L;FLNA;MTA3;GATAD2A,227
Rpl22l1,SE,GO_Biological_Process_2023,Regulation Of DNA Metabolic Process (GO:0051052),8/124,0.0038584345879982907,6.190206266729649,57.902530302773265,NSMCE2;TADA3;JADE1;UBE2V2;USP1;SMC6;BRCA1;UCHL5,227
Rpl22l1,SE,GO_Cellular_Component_2023,Nucleolus (GO:0005730),21/771,0.0042535556144424926,2.585650485436893,22.04107713035424,PLK4;BLM;ATP8B2;KRR1;FMR1;PNKP;DNTTIP1;RBPJ;APTX;UCHL5;FANCG;RRP7A;FXR1;ZZZ3;TCOF1;TAF1B;FANCD2;PES1;MDM2;FLNA;UTP20,227
Rpl22l1,SE,GO_Cellular_Component_2023,Intracellular Non-Membrane-Bounded Organelle (GO:0043232),28/1195,0.0042535556144424926,2.2432987559907507,18.888811355725885,BLM;EPB41;FMR1;PNKP;FAF2;BRCA1;AMBRA1;RBPJ;RRP7A;FXR1;SYCE2;TCOF1;IRAK1;TAF1B;PES1;FLNA;UTP20;PLK4;ATP8B2;KRR1;DNTTIP1;APTX;UCHL5;FANCG;STAG1;ZZZ3;FANCD2;MDM2,227
Rpl22l1,SE,GO_Biological_Process_2023,DNA Recombination (GO:0006310),5/42,0.00472181019208155,12.0136352568785,109.62796079635702,BLM;RAD50;RAD51D;XRCC3;BRCA1,227
Rpl22l1,SE,GO_Biological_Process_2023,Regulation Of DNA Repair (GO:0006282),8/129,0.0047478382479049066,5.93290312841994,53.85250250103109,MBTD1;MORF4L1;PBRM1;TADA3;UBE2V2;USP1;BRCA1;UCHL5,227
Rpl22l1,SE,GO_Biological_Process_2023,Camera-Type Eye Morphogenesis (GO:0048593),3/9,0.0047478382479049066,44.122767857142854,400.1275023889548,KDM2B;IFT122;VEGFA,227
Rpl22l1,SE,GO_Biological_Process_2023,Positive Regulation Of Transcription Elongation By RNA Polymerase II (GO:0032968),5/43,0.004906725413828013,11.696894262683736,105.39947579539722,MED22;MED14;MED20;MED15;MED6,227
Rpl22l1,SE,GO_Molecular_Function_2023,GTPase Binding (GO:0051020),11/225,0.004915931869947598,4.6544868466597435,45.63217161140009,AP3M1;RRAGB;KIF3A;ATG16L1;MAPKAP1;DOCK7;FLNA;TSC2;AMBRA1;RABGGTB;LSM2,227
Rpl22l1,SE,GO_Cellular_Component_2023,SUMO Ligase Complex (GO:0106068),3/12,0.005163672587442584,29.410714285714285,239.1356393426207,UBE2I;NSMCE2;SMC6,227
Rpl22l1,SE,GO_Biological_Process_2023,ncRNA Processing (GO:0034470),7/100,0.005678836661646948,6.733137829912024,59.525361902832195,RRP7A;INTS14;INTS3;PES1;INTS2;UTP20;TSEN2,227
Rpl22l1,SE,GO_Biological_Process_2023,Histone H3-K14 Acetylation (GO:0044154),3/10,0.006256598386553577,37.817602040816325,329.77842326140365,ZZZ3;TADA3;KAT14,227
Rpl22l1,SE,GO_Biological_Process_2023,Mitotic G2/M Transition Checkpoint (GO:0044818),5/46,0.006333434407880473,10.83937596132718,94.14042145201684,BLM;RAD50;ORC1;INTS3;BRCA1,227
Rpl22l1,SE,GO_Biological_Process_2023,Positive Regulation Of Transcription By RNA Polymerase II (GO:0045944),24/938,0.006503452354879522,2.4394261137639996,21.067072564800718,ATF2;PAXIP1;TBP;CHUK;PCGF5;CCNC;RFXANK;PEX2;BRCA1;RBPJ;MED15;USF2;MED6;VEGFA;ASXL1;PPP3CA;MED22;MED14;CREB1;TFDP2;MED20;TAF8;PHIP;PFKM,227
Rpl22l1,SE,GO_Biological_Process_2023,DNA-templated Transcription Elongation (GO:0006354),4/26,0.007113450664754329,16.103546677537707,137.27378412975267,PBRM1;SRCAP;PEX2;RTF1,227
Rpl22l1,SE,GO_Molecular_Function_2023,Single-Stranded DNA Binding (GO:0003697),7/96,0.007473803521884746,7.037180796731358,64.01938380416856,RAD51D;BLM;POLR3C;PMS2;RAD23A;SMC6;RTF1,227
Rpl22l1,SE,GO_Biological_Process_2023,Positive Regulation Of Nucleic Acid-Templated Transcription (GO:1903508),17/557,0.0078073464229199896,2.8832539682539684,24.247762933127774,BLM;PRKAA1;CHUK;FBXW11;BRCA1;UCHL5;GATAD2A;MBTD1;MED22;MORF4L1;MED14;CREB1;KANSL1;TADA3;PHIP;BTRC;MTA3,227
Rpl22l1,SE,GO_Biological_Process_2023,Regulation Of DNA-templated Transcription (GO:0006355),39/1922,0.008609103965985535,1.9709099332210935,16.340916220397318,ATF2;BLM;PRKAA1;SRCAP;JADE1;BRCA1;RBPJ;MBTD1;MED14;BTRC;MTA3;E2F6;KAT14;PBRM1;UBE2I;KDM2B;CHUK;PCGF5;FBXW11;RFXANK;USF2;MED6;UCHL5;GATAD2A;MED22;MORF4L1;ZZZ3;CREB1;TFDP2;KANSL1;POLR3C;CNOT2;MED20;MTF2;TADA3;MDM2;PHIP;MDM4;BCOR,227
Rpl22l1,SE,GO_Biological_Process_2023,Transcription By RNA Polymerase III (GO:0006383),4/28,0.008804970928440833,14.760089686098654,121.44208501967726,GTF3C2;GTF3C4;TBP;SNAPC4,227
Rpl22l1,SE,GO_Biological_Process_2023,Transcription Elongation By RNA Polymerase II (GO:0006368),4/28,0.008804970928440833,14.760089686098654,121.44208501967726,PBRM1;SRCAP;PEX2;RTF1,227
Rpl22l1,SE,GO_Biological_Process_2023,Protein Modification By Small Protein Conjugation (GO:0032446),13/364,0.009131132607612811,3.3613707165109035,27.467634480070725,FBXW5;UBE2I;FBXW11;AKTIP;NSMCE2;COPS7B;SMC6;BRCA1;UBE2V2;UBA3;MDM2;MDM4;BTRC,227
Rpl22l1,SE,GO_Biological_Process_2023,Cilium Organization (GO:0044782),10/228,0.009186208677295842,4.133725108865683,33.67384545531237,RRP7A;PLK4;IQCB1;IFT81;KIF3A;MKS1;FLNA;IFT122;B9D1;PHIP,227
Rpl22l1,SE,GO_Cellular_Component_2023,Condensed Chromosome (GO:0000793),5/60,0.009527771538224941,8.074529074529075,60.00447370985575,RAD50;FANCD2;NSMCE2;SMC6;NCAPD3,227
Rpl22l1,SE,GO_Biological_Process_2023,Organelle Organization (GO:0006996),14/418,0.009906923601101767,3.1511876539766654,25.37193616213178,CENPT;ATP8B2;MAPKAP1;FAF2;TRAPPC8;PEX2;FANCG;CECR2;KIF3A;PEX6;RANBP10;CHMP2A;PHIP;SEC31A,227
Rpl22l1,SE,GO_Biological_Process_2023,Transcription By RNA Polymerase II (GO:0006366),9/192,0.010931553841539833,4.419461573168897,35.065932743153404,PBRM1;TBP;CREB1;SRCAP;SNAPC4;MED20;TAF8;PEX2;RTF1,227
Rpl22l1,SE,GO_Biological_Process_2023,"Positive Regulation Of DNA-templated Transcription, Elongation (GO:0032786)",5/56,0.012879018793443041,8.709591944886062,67.51797842577005,MED22;MED14;MED20;MED15;MED6,227
Rpl22l1,SE,GO_Cellular_Component_2023,SAGA-type Complex (GO:0070461),4/38,0.013084057773962059,10.413611184384068,73.25039893910619,ZZZ3;TADA3;MAP3K7;KAT14,227
Rpl22l1,SE,GO_Biological_Process_2023,Protein Ubiquitination (GO:0016567),14/434,0.013605437403134645,3.028638497652582,23.2495117972879,FBXW5;FBXW11;FANCA;PEX2;BRCA1;AMBRA1;FANCG;DDA1;UBE2V2;MDM2;MDM4;RBCK1;BTRC;BIRC2,227
Rpl22l1,SE,GO_Biological_Process_2023,Histone H2A Monoubiquitination (GO:0035518),3/14,0.013605437403134645,24.060876623376622,183.92520164544683,PCGF5;PCGF2;BRCA1,227
Rpl22l1,SE,GO_Biological_Process_2023,miRNA-mediated Gene Silencing By Inhibition Of Translation (GO:0035278),3/14,0.013605437403134645,24.060876623376622,183.92520164544683,EIF4E2;TNRC6A;EIF4G1,227
Rpl22l1,SE,GO_Molecular_Function_2023,Ubiquitin Binding (GO:0043130),6/80,0.014761170814771062,7.227222697810933,58.65857062954221,FAF2;MDM2;RAD23A;RBCK1;MAP3K7;BIRC2,227
Rpl22l1,SE,GO_Molecular_Function_2023,Protein Heterodimerization Activity (GO:0046982),9/190,0.014761170814771062,4.468751583962694,35.80026078309522,FXR1;QTRT1;EXT2;IRAK1;CHUK;TCOF1;FMR1;UBA3;USF2,227
Rpl22l1,SE,GO_Cellular_Component_2023,Cdc73/Paf1 Complex (GO:0016593),2/5,0.015125975123118498,58.577777777777776,391.38409927233437,PEX2;RTF1,227
Rpl22l1,SE,GO_Cellular_Component_2023,Sex Chromosome (GO:0000803),2/5,0.015125975123118498,58.577777777777776,391.38409927233437,PCGF5;SMC6,227
Rpl22l1,SE,GO_Cellular_Component_2023,Transcription Factor TFIIIC Complex (GO:0000127),2/5,0.015125975123118498,58.577777777777776,391.38409927233437,GTF3C2;GTF3C4,227
Rpl22l1,SE,GO_Biological_Process_2023,Regulation Of Multicellular Organismal Development (GO:2000026),5/59,0.01530792161361236,8.224474474474475,61.75893667814368,BAG6;ZZZ3;TADA3;UCHL5;KAT14,227
Rpl22l1,SE,GO_Biological_Process_2023,Histone Acetylation (GO:0016573),5/60,0.01603536231180998,8.074529074529075,60.00447370985575,MBTD1;MORF4L1;TADA3;MAP3K7;KAT14,227
Rpl22l1,SE,GO_Biological_Process_2023,Regulation Of miRNA-mediated Gene Silencing (GO:0060964),3/15,0.01603536231180998,22.0546875,163.85315480120323,FXR1;FMR1;EIF4G1,227
Rpl22l1,SE,GO_Biological_Process_2023,Response To Nutrient Levels (GO:0031667),4/35,0.017064534543318702,11.423115868653262,83.97059707440992,PRKAA1;MAPKAP1;PRKAB1;EIF4G1,227
Rpl22l1,SE,GO_Biological_Process_2023,Regulation Of Embryonic Development (GO:0045995),5/62,0.017608160728350114,7.7904220009483165,56.714771123417144,BAG6;ZZZ3;TADA3;UCHL5;KAT14,227
Rpl22l1,SE,GO_Biological_Process_2023,Protein-Containing Complex Disassembly (GO:0032984),5/62,0.017608160728350114,7.7904220009483165,56.714771123417144,UVRAG;VPS33A;CHMP2A;PEX2;VPS16,227
Rpl22l1,SE,GO_Biological_Process_2023,Histone H3 Acetylation (GO:0043966),4/36,0.017608160728350114,11.065582959641256,80.13714984258927,ZZZ3;TADA3;MAP3K7;KAT14,227
Rpl22l1,SE,GO_Biological_Process_2023,Histone Deacetylation (GO:0016575),4/36,0.017608160728350114,11.065582959641256,80.13714984258927,MORF4L1;BRMS1L;MTA3;GATAD2A,227
Rpl22l1,SE,GO_Biological_Process_2023,Protein Destabilization (GO:0031648),4/36,0.017608160728350114,11.065582959641256,80.13714984258927,FBXW11;MDM2;PEX2;RAD23A,227
Rpl22l1,SE,GO_Molecular_Function_2023,DNA Secondary Structure Binding (GO:0000217),4/33,0.01914675141639467,12.21215401267976,92.56472607211259,BLM;RAD51D;XRCC3;SMC6,227
Rpl22l1,SE,GO_Molecular_Function_2023,DNA-directed 5'-3' RNA Polymerase Activity (GO:0003899),4/34,0.01914675141639467,11.804484304932735,88.10193442587614,POLR3B;POLR3C;PRIM1;MED20,227
Rpl22l1,SE,GO_Cellular_Component_2023,TIM22 Mitochondrial Import Inner Membrane Insertion Complex (GO:0042721),2/6,0.021194631278360816,43.931111111111115,276.04044324969095,TRMT10B;TIMM9,227
Rpl22l1,SE,GO_Molecular_Function_2023,Four-Way Junction DNA Binding (GO:0000400),3/16,0.021491008645687034,20.357142857142858,147.1850888392352,BLM;RAD51D;XRCC3,227
Rpl22l1,SE,GO_Biological_Process_2023,Histone H4 Acetylation (GO:0043967),4/39,0.023589985175758228,10.115566944266495,70.148857252692,MBTD1;MORF4L1;KANSL1;JADE1,227
Rpl22l1,SE,GO_Biological_Process_2023,Regulation Of Histone Modification (GO:0031056),3/18,0.024438535001693684,17.64107142857143,121.20150923565573,ZZZ3;TADA3;KAT14,227
Rpl22l1,SE,GO_Biological_Process_2023,Regulation Of Protein Deacetylation (GO:0090311),3/18,0.024438535001693684,17.64107142857143,121.20150923565573,ZZZ3;TADA3;KAT14,227
Rpl22l1,SE,GO_Cellular_Component_2023,P-body (GO:0000932),5/83,0.025033164614409544,5.686936936936937,33.956210018742574,CNOT2;EIF4E2;LSM4;TNRC6A;LSM2,227
Rpl22l1,SE,GO_Cellular_Component_2023,Autophagosome (GO:0005776),5/83,0.025033164614409544,5.686936936936937,33.956210018742574,UVRAG;ATG16L1;VPS33A;CHMP2A;ATG5,227
Rpl22l1,SE,GO_Cellular_Component_2023,U6 snRNP (GO:0005688),2/7,0.025033164614409544,35.14311111111111,209.26006502121504,LSM4;LSM2,227
Rpl22l1,SE,GO_Biological_Process_2023,DNA-templated DNA Replication (GO:0006261),5/69,0.026055403176934486,6.935881193693693,47.10966994948837,BLM;ORC1;PNKP;PRIM1;POLE,227
Rpl22l1,SE,GO_Biological_Process_2023,Double-Strand Break Repair Via Nonhomologous End Joining (GO:0006303),4/41,0.026949861707667402,9.567809962428797,64.52941215013661,UVRAG;PSMD14;PNKP;NSMCE2,227
Rpl22l1,SE,GO_Biological_Process_2023,snRNA Processing (GO:0016180),3/19,0.027076198739967982,16.537667410714285,110.91704847078469,INTS14;INTS3;INTS2,227
Rpl22l1,SE,GO_Biological_Process_2023,5S Class rRNA Transcription By RNA Polymerase III (GO:0042791),2/5,0.027076198739967982,58.577777777777776,391.38409927233437,GTF3C2;GTF3C4,227
Rpl22l1,SE,GO_Biological_Process_2023,C-terminal Protein Lipidation (GO:0006501),2/5,0.027076198739967982,58.577777777777776,391.38409927233437,ATG16L1;ATG5,227
Rpl22l1,SE,GO_Biological_Process_2023,Regulation Of Mast Cell Chemotaxis (GO:0060753),2/5,0.027076198739967982,58.577777777777776,391.38409927233437,VEGFB;VEGFA,227
Rpl22l1,SE,GO_Biological_Process_2023,Lysosomal Transport (GO:0007041),6/105,0.027076198739967982,5.39531057178116,36.000816767504105,AP3M1;HOOK2;VPS33A;AKTIP;CHMP2A;VPS16,227
Rpl22l1,SE,GO_Biological_Process_2023,Phosphorylation (GO:0016310),13/429,0.02743551624026381,2.826664719626168,18.787499917914094,PLK4;UVRAG;PRKAA1;TBP;CHUK;STRADA;MAPKAP1;PRKAB1;PRKCZ;CREB1;IRAK1;CDK2;TAF8,227
Rpl22l1,SE,GO_Molecular_Function_2023,Methylation-Dependent Protein Binding (GO:0140034),5/68,0.028055373282274445,7.046332046332046,48.325426921107756,MBTD1;ZZZ3;FMR1;MTF2;NCAPD3,227
Rpl22l1,SE,GO_Biological_Process_2023,Regulation Of Transcription By RNA Polymerase II (GO:0006357),38/2028,0.028331084152837395,1.7966924569939646,11.836908435412099,ATF2;SRCAP;JADE1;CCNC;RTF1;BRCA1;RBPJ;PPP3CA;MED14;DNMT3B;MTA3;E2F6;KAT14;PBRM1;UBE2I;KDM2B;CHUK;PCGF5;PCGF2;RFXANK;PEX2;USF2;MED6;VEGFA;GATAD2A;ASXL1;ZZZ3;CREB1;TFDP2;CNOT2;BRMS1L;MED20;TADA3;MDM2;PHIP;MDM4;BCOR;PFKM,227
Rpl22l1,SE,GO_Biological_Process_2023,Regulation Of Cellular Response To Stress (GO:0080135),6/107,0.028331084152837395,5.287935128354464,34.76996100086102,TADA3;UBE2V2;USP1;BRCA1;UCHL5;EIF4G1,227
Rpl22l1,SE,GO_Biological_Process_2023,Negative Regulation Of Translation (GO:0017148),6/107,0.028331084152837395,5.287935128354464,34.76996100086102,FXR1;FMR1;CNOT10;EIF4E2;TNRC6A;EIF4G1,227
Rpl22l1,SE,GO_Biological_Process_2023,SCF-dependent Proteasomal Ubiquitin-Dependent Protein Catabolic Process (GO:0031146),4/43,0.028331084152837395,9.076233183856502,59.579972110147054,FBXL20;FBXW5;FBXW11;BTRC,227
Rpl22l1,SE,GO_Molecular_Function_2023,Annealing Activity (GO:0140666),2/5,0.028410657006171434,58.577777777777776,391.38409927233437,FXR1;FMR1,227
Rpl22l1,SE,GO_Molecular_Function_2023,Methylated Histone Binding (GO:0035064),5/71,0.028410657006171434,6.725020475020475,44.81105062902571,MBTD1;ZZZ3;FMR1;MTF2;NCAPD3,227
Rpl22l1,SE,GO_Biological_Process_2023,Negative Regulation Of DNA-templated Transcription (GO:0045892),23/1025,0.028852970618556593,2.1121140072795583,13.793748011625743,ATF2;UBE2I;KDM2B;FBXW11;PCGF2;PEX2;RTF1;BRCA1;RBPJ;VEGFA;GATAD2A;CREB1;TFDP2;CNOT2;BRMS1L;MDM2;DNMT3B;FLNA;MDM4;BCOR;BTRC;MTA3;E2F6,227
Rpl22l1,SE,GO_Biological_Process_2023,Negative Regulation Of Protein Metabolic Process (GO:0051248),7/147,0.028852970618556593,4.462045454545454,29.10165337215459,BAG6;FXR1;FMR1;FLNA;CNOT10;MDM4;EIF4E2,227
Rpl22l1,SE,GO_Biological_Process_2023,Regulation Of Proteasomal Ubiquitin-Dependent Protein Catabolic Process (GO:0032434),6/109,0.029114667491222844,5.184729605060844,33.598374652793396,BAG6;CDK2;MDM2;RAD23A;UCHL5;DDA1,227
Rpl22l1,SE,GO_Biological_Process_2023,Autophagosome Maturation (GO:0097352),4/44,0.029114667491222844,8.848878923766817,57.3223544117506,UVRAG;VPS33A;CHMP2A;VPS16,227
Rpl22l1,SE,GO_Biological_Process_2023,Regulation Of DNA-templated Transcription Elongation (GO:0032784),4/44,0.029114667491222844,8.848878923766817,57.3223544117506,INTS14;SRCAP;INTS3;INTS2,227
Rpl22l1,SE,GO_Biological_Process_2023,Regulation Of Histone Deacetylation (GO:0031063),3/21,0.030552592828548598,14.698660714285714,94.17412908490559,ZZZ3;TADA3;KAT14,227
Rpl22l1,SE,GO_Biological_Process_2023,snRNA Metabolic Process (GO:0016073),3/21,0.030552592828548598,14.698660714285714,94.17412908490559,INTS14;INTS3;INTS2,227
Rpl22l1,SE,GO_Biological_Process_2023,I-kappaB kinase/NF-kappaB Signaling (GO:0007249),4/45,0.030618224996510127,8.632615115388822,55.1940741505663,CHUK;AZI2;MAP3K7;BIRC2,227
Rpl22l1,SE,GO_Biological_Process_2023,Protein Phosphorylation (GO:0006468),14/500,0.03153869389137323,2.608415927664754,16.489754831819912,PLK4;ATF2;UVRAG;PRKAA1;TBP;CHUK;STRADA;PRKAB1;PRKCZ;CREB1;IRAK1;CDK2;TAF8;MAP3K7,227
Rpl22l1,SE,GO_Biological_Process_2023,Replication Fork Processing (GO:0031297),4/46,0.03153869389137323,8.426649583600256,53.18503799061347,BLM;RAD50;CENPX;BRCA1,227
Rpl22l1,SE,GO_Biological_Process_2023,Protein Sumoylation (GO:0016925),4/46,0.03153869389137323,8.426649583600256,53.18503799061347,UBE2I;NSMCE2;MDM2;SMC6,227
Rpl22l1,SE,GO_Biological_Process_2023,DNA Strand Resection Involved In Replication Fork Processing (GO:0110025),2/6,0.03153869389137323,43.931111111111115,276.04044324969095,RAD50;BRCA1,227
Rpl22l1,SE,GO_Biological_Process_2023,Histone H2A-K119 Monoubiquitination (GO:0036353),2/6,0.03153869389137323,43.931111111111115,276.04044324969095,PCGF5;PCGF2,227
Rpl22l1,SE,GO_Biological_Process_2023,Positive Regulation Of mRNA Binding (GO:1902416),2/6,0.03153869389137323,43.931111111111115,276.04044324969095,FMR1;EIF4G1,227
Rpl22l1,SE,GO_Biological_Process_2023,"Protein Import Into Peroxisome Matrix, Receptor Recycling (GO:0016562)",2/6,0.03153869389137323,43.931111111111115,276.04044324969095,PEX6;PEX2,227
Rpl22l1,SE,GO_Biological_Process_2023,Cilium Assembly (GO:0060271),9/243,0.03153869389137323,3.447247706422018,21.610997576261138,PLK4;IQCB1;IFT81;KIF3A;MKS1;FLNA;IFT122;B9D1;PHIP,227
Rpl22l1,SE,GO_Biological_Process_2023,Response To Gamma Radiation (GO:0010332),3/22,0.03153869389137323,13.924342105263158,87.28805206002431,PRKAA1;FANCD2;MDM2,227
Rpl22l1,SE,GO_Cellular_Component_2023,Smc5-Smc6 Complex (GO:0030915),2/8,0.03155084282044638,29.284444444444443,166.16938868009856,NSMCE2;SMC6,227
Rpl22l1,SE,GO_Biological_Process_2023,Cellular Response To Nutrient Levels (GO:0031669),5/78,0.032005966276989276,6.077995804023201,37.950887108530445,PRKAA1;RRAGB;MAPKAP1;PRKAB1;EIF4G1,227
Rpl22l1,SE,GO_Molecular_Function_2023,Damaged DNA Binding (GO:0003684),4/45,0.03434260393325889,8.632615115388822,55.1940741505663,PNKP;SMC6;APTX;FANCG,227
Rpl22l1,SE,GO_Biological_Process_2023,Regulation Of Centrosome Cycle (GO:0046605),3/23,0.03525567949396597,13.227455357142857,81.18120350706063,FBXW5;XRCC3;CHMP2A,227
Rpl22l1,SE,GO_Molecular_Function_2023,NEDD8 Transferase Activity (GO:0019788),2/6,0.03560415668855653,43.931111111111115,276.04044324969095,MDM2;UBA3,227
Rpl22l1,SE,GO_Biological_Process_2023,Regulation Of Translation (GO:0006417),8/202,0.03582054799096269,3.686673257072918,22.531392945098982,EIF4A2;FXR1;TCOF1;POLDIP3;FMR1;CNOT10;EIF4E2;EIF4G1,227
Rpl22l1,SE,GO_Molecular_Function_2023,Small GTPase Binding (GO:0031267),8/199,0.03595643126636177,3.7451528843625237,23.237347014547385,AP3M1;KIF3A;MAPKAP1;DOCK7;FLNA;TSC2;RABGGTB;LSM2,227
Rpl22l1,SE,GO_Biological_Process_2023,Activation Of Protein Kinase Activity (GO:0032147),5/81,0.03669437753033057,5.8371858700806065,35.47678398386005,IRAK1;CAB39L;STRADA;MAP3K7;VEGFA,227
Rpl22l1,SE,GO_Biological_Process_2023,Protein Localization (GO:0008104),11/351,0.03691157082033922,2.9107162309368193,17.645218821105193,ACD;HOOK2;RRAGB;KIF3A;VPS33A;AKTIP;NPHP1;FLNA;TSC2;PHIP;SEC31A,227
Rpl22l1,SE,GO_Cellular_Component_2023,Vacuolar Membrane (GO:0005774),4/59,0.039608636170631525,6.430656339176519,34.72783248369132,UVRAG;ATG16L1;ATP6V0A2;CHMP2A,227
Rpl22l1,SE,GO_Biological_Process_2023,Regulation Of Cell Division (GO:0051302),5/83,0.039954147774487365,5.686936936936937,33.956210018742574,UVRAG;BLM;ZZZ3;TADA3;KAT14,227
Rpl22l1,SE,GO_Biological_Process_2023,Regulation Of Transcription From RNA Polymerase II Promoter In Response To Hypoxia (GO:0061418),2/7,0.039954147774487365,35.14311111111111,209.26006502121504,RBPJ;VEGFA,227
Rpl22l1,SE,GO_Biological_Process_2023,tRNA Transcription By RNA Polymerase III (GO:0042797),2/7,0.039954147774487365,35.14311111111111,209.26006502121504,GTF3C2;GTF3C4,227
Rpl22l1,SE,GO_Molecular_Function_2023,SUMO Transferase Activity (GO:0019789),3/24,0.04086506529276896,12.596938775510203,75.73455528756153,UBE2I;NSMCE2;MDM2,227
Rpl22l1,SE,GO_Biological_Process_2023,Positive Regulation Of Double-Strand Break Repair (GO:2000781),5/84,0.04098988007006704,5.614665298209602,33.2312977691759,MBTD1;MORF4L1;PBRM1;PNKP;UBE2V2,227
Rpl22l1,SE,GO_Biological_Process_2023,Protein Localization To Nucleus (GO:0034504),6/122,0.04098988007006704,4.600639725386175,27.19162056616169,RRP7A;NUP155;MDM2;TAF8;TSC2;PEX2,227
Rpl22l1,SE,GO_Biological_Process_2023,Mitotic Cell Cycle Checkpoint Signaling (GO:0007093),3/25,0.041344760645469394,12.023741883116884,70.85166554680679,RAD50;INTS3;BRCA1,227
Rpl22l1,SE,GO_Biological_Process_2023,Cellular Response To Ionizing Radiation (GO:0071479),4/52,0.0424068196903097,7.371076233183857,43.18148643589302,BLM;MDM2;BRCA1;RAD9A,227
Rpl22l1,SE,GO_Cellular_Component_2023,SCF Ubiquitin Ligase Complex (GO:0019005),4/61,0.04268481812512708,6.2043898985130985,32.76605277057399,FBXL20;FBXW5;FBXW11;BTRC,227
Rpl22l1,SE,GO_Molecular_Function_2023,RNA Binding (GO:0003723),28/1411,0.043731519631677526,1.8709600061042742,11.008207572733212,EIF4A2;POLDIP3;FMR1;RTF1;BRCA1;RPL10A;RRP7A;FXR1;TCOF1;FIP1L1;PES1;FLNA;UTP20;MRPL9;ZC3H13;TOP3B;TRMT10B;UBE2I;KRR1;APTX;LSM4;SNUPN;UCHL5;LSM2;ACIN1;EIF4E2;TNRC6A;EIF4G1,227
Rpl22l1,SE,GO_Biological_Process_2023,Regulation Of Proteasomal Protein Catabolic Process (GO:0061136),4/53,0.04472326953098897,7.220280040267228,41.79510406550879,PSMD14;FMR1;RAD23A;UCHL5,227
Rpl22l1,SE,GO_Biological_Process_2023,Establishment Or Maintenance Of Apical/Basal Cell Polarity (GO:0035088),3/26,0.04472326953098897,11.500388198757763,66.45362010300553,DLG5;PRKCZ;PALS1,227
Rpl22l1,SE,GO_Biological_Process_2023,miRNA-mediated Gene Silencing (GO:0035195),3/26,0.04472326953098897,11.500388198757763,66.45362010300553,EIF4E2;TNRC6A;EIF4G1,227
Rpl22l1,SE,GO_Biological_Process_2023,Negative Regulation Of TOR Signaling (GO:0032007),4/54,0.04698014729709752,7.075515695067264,40.474891397006594,PRKAA1;CASTOR2;TSC2;ITFG2,227
Rpl22l1,SE,GO_Cellular_Component_2023,Mitotic Spindle (GO:0072686),6/143,0.047380868825673765,3.8912706014466427,19.978456852930794,IQCB1;ZZZ3;TFDP2;EPB41;TADA3;KAT14,227
Rpl22l1,SE,GO_Biological_Process_2023,Anoikis (GO:0043276),2/8,0.04801256993328466,29.284444444444443,166.16938868009856,TSC2;MAP3K7,227
Rpl22l1,SE,GO_Biological_Process_2023,tRNA Transcription (GO:0009304),2/8,0.04801256993328466,29.284444444444443,166.16938868009856,GTF3C2;GTF3C4,227
Rpl22l1,SE,GO_Biological_Process_2023,Positive Regulation Of DNA Repair (GO:0045739),5/89,0.04801256993328466,5.279118404118404,29.922960110073898,PBRM1;UBE2V2;USP1;BRCA1;UCHL5,227
Rpl22l1,SE,GO_Biological_Process_2023,Positive Regulation Of Signal Transduction (GO:0009967),9/266,0.04801256993328466,3.1350444436511617,17.758417386007515,ASXL1;PDCD10;DLG5;FLNA;PHIP;RBPJ;PRKCZ;UCHL5;VEGFA,227
Rpl22l1,SE,GO_Biological_Process_2023,Positive Regulation Of Proteasomal Protein Catabolic Process (GO:1901800),5/90,0.04977264078148669,5.216746157922628,29.318717483266834,BAG6;FMR1;MDM2;RAD23A;DDA1,227
Spen,SE,GO_Cellular_Component_2023,Nucleus (GO:0005634),103/4487,1.2643847075131682e-12,2.9639692024649995,96.92102352565631,ATF2;CCNT1;GEMIN2;FMR1;SMC6;RBPJ;MAP3K7;NSMCE2;DNTTIP1;TSC2;ARMC8;PRKAB1;MED7;MAU2;RRAGB;BIN1;DKC1;ZCCHC8;MEAF6;SRCAP;PSMD14;PRKDC;COPS7B;BAG6;IRAK1;ATRIP;KAT14;BPTF;PHC1;INTS2;FANCC;FANCE;POLA1;NSFL1C;STAG1;DLG1;STAG2;AGO2;TADA3;MDM2;RNPS1;MDM4;EZH2;MUS81;AHCTF1;INTS13;NXT1;RBM26;ZBTB8OS;BRCA1;FOXM1;MED15;BABAM2;FLCN;SNAPC4;RBM7;POLE;KDM6A;TOP3B;SS18;PBRM1;TBP;RING1;NCOA6;STRADA;AKTIP;DNMT3A;RAD23A;TERF2;MED23;CREB1;TFDP2;MED20;MTF2;LCOR;ITGB3BP;PRKAA1;WDR26;PNKP;AMBRA1;CECR2;MTA1;HAUS8;U2AF2;USP1;RBBP8;METTL5;FLNA;PMS2;BRD8;E2F6;PMS1;CENPU;PCGF5;APTX;RAD50;TAF8;ERCC8;ACIN1;NAA16;ERCC6;CENPP;TAF2,225
Spen,SE,GO_Biological_Process_2023,DNA Repair (GO:0006281),24/291,4.401866966029228e-11,8.724020347699703,271.82558584471104,MUS81;FANCM;PRKDC;FMR1;PNKP;GTF2H1;FANCC;RAD23A;BRCA1;FANCE;APTX;FANCG;POLA1;BABAM2;RAD50;MTA1;EP400;RBBP8;PMS2;ERCC8;ERCC6;ATRIP;POLE;PMS1,225
Spen,SE,GO_Cellular_Component_2023,Intracellular Membrane-Bounded Organelle (GO:0043231),106/5175,4.6523700257697906e-10,2.5842300621175673,67.44486909664207,ATF2;CCNT1;GEMIN2;FMR1;SMC6;RBPJ;MAP3K7;NSMCE2;DNTTIP1;TSC2;ARMC8;PRKAB1;MED7;MAU2;RRAGB;BIN1;DKC1;ZCCHC8;MEAF6;SRCAP;PSMD14;PRKDC;COPS7B;BAG6;IRAK1;ATRIP;KAT14;SEC31A;BPTF;OSBPL9;PHC1;INTS2;FANCC;FANCE;POLA1;NSFL1C;STAG1;DLG1;STAG2;AGO2;TADA3;MDM2;RNPS1;MDM4;EZH2;MUS81;AHCTF1;INTS13;NXT1;RBM26;ZBTB8OS;BRCA1;FOXM1;MED15;BABAM2;FLCN;SNAPC4;RBM7;POLE;KDM6A;POLG;TOP3B;SS18;PBRM1;TBP;RING1;NCOA6;STRADA;AKTIP;DNMT3A;RAD23A;TERF2;MED23;TRAPPC6A;CREB1;TFDP2;MED20;MTF2;LCOR;ITGB3BP;PRKAA1;WDR26;PNKP;AMBRA1;CECR2;MTA1;U2AF2;USP1;RBBP8;METTL5;FLNA;PMS2;BRD8;E2F6;PMS1;CENPU;PCGF5;APTX;RAD50;TAF8;ERCC8;ACIN1;NAA16;ERCC6;CENPP;TAF2,225
Spen,SE,GO_Biological_Process_2023,Proteasome-Mediated Ubiquitin-Dependent Protein Catabolic Process (GO:0043161),21/319,6.942043077646508e-8,6.728138570864587,155.43227045198344,ANAPC15;WDR26;FBXW5;ANAPC16;PSMD14;FBXL19;FAF2;FBXO17;RAD23A;ARMC8;AMBRA1;FBXL12;BAG6;NSFL1C;SHARPIN;MTA1;MDM2;ERCC8;RBCK1;BTRC;KLHDC10,225
Spen,SE,GO_Biological_Process_2023,Positive Regulation Of Double-Strand Break Repair (GO:2000781),12/84,8.087547606084736e-8,15.417057902973395,346.8388079581443,MBTD1;PBRM1;SMARCC2;MEAF6;PRKDC;PNKP;EP400;TRAPPC13;BRD8;ERCC6;FOXM1;ARID1B,225
Spen,SE,GO_Biological_Process_2023,Regulation Of DNA Repair (GO:0006282),14/129,8.087547606084736e-8,11.34308675046363,252.45113754290614,PBRM1;SMARCC2;MEAF6;BRCA1;ARID1B;MBTD1;BABAM2;TADA3;EP400;USP1;BRD8;ERCC6;ATRIP;TAF2,225
Spen,SE,GO_Cellular_Component_2023,Intracellular Non-Membrane-Bounded Organelle (GO:0043232),39/1195,1.1390890086412778e-7,3.3771486773077353,68.19327541314453,ZCCHC8;MEAF6;CCNT1;PRKDC;EPB41;GEMIN2;FMR1;PNKP;FAF2;BRCA1;AMBRA1;RBPJ;FOXM1;TENT4B;SYCE2;TAF1D;IRAK1;PES1;METTL5;FLNA;UTP20;TRAPPC13;RBM7;WDR36;KRR1;DNTTIP1;FANCE;APTX;FANCG;POLA1;STAG1;ZZZ3;STAG2;BIN1;DKC1;MDM2;ERCC6;CENPP;EIF4G3,225
Spen,SE,GO_Cellular_Component_2023,Nuclear Lumen (GO:0031981),28/780,3.127758546982736e-6,3.595447672534831,59.656402965679334,ZCCHC8;MEAF6;CCNT1;PRKDC;GEMIN2;FMR1;PNKP;RBPJ;TENT4B;TAF1D;PES1;METTL5;FLNA;UTP20;RBM7;WDR36;PBRM1;KRR1;DNTTIP1;APTX;FANCG;POLA1;ZZZ3;STAG2;DKC1;MDM2;ERCC6;CENPP,225
Spen,SE,GO_Biological_Process_2023,DNA Damage Response (GO:0006974),20/384,4.456503332086409e-6,5.202626641651032,93.77003218174406,MUS81;ATF2;PRKDC;NCOA6;FMR1;PNKP;GTF2H1;FANCC;SMC6;BRCA1;FANCG;POLA1;BABAM2;RAD50;EP400;RBBP8;ERCC8;TRAPPC13;BID;ATRIP,225
Spen,SE,GO_Biological_Process_2023,DNA Metabolic Process (GO:0006259),17/288,6.5884370285504464e-6,5.882202668180528,101.745044658738,TOP3B;MUS81;PRKDC;FMR1;PNKP;GTF2H1;FANCC;BRCA1;TERF2;FANCG;POLA1;RAD50;EP400;RBBP8;ATRIP;POLE;POLG,225
Spen,SE,GO_Biological_Process_2023,Proteasomal Protein Catabolic Process (GO:0010498),15/220,6.5884370285504464e-6,6.818815331010453,117.93939206729007,WDR26;FBXW5;PSMD14;FBXL19;RAD23A;ARMC8;AMBRA1;BAG6;NSFL1C;SHARPIN;MTA1;MDM2;ERCC8;RBCK1;BTRC,225
Spen,SE,GO_Cellular_Component_2023,Nucleolus (GO:0005730),27/771,7.208356334750023e-6,3.48808651026393,54.18441231781294,ZCCHC8;MEAF6;CCNT1;PRKDC;GEMIN2;FMR1;PNKP;RBPJ;TENT4B;TAF1D;PES1;METTL5;FLNA;UTP20;RBM7;WDR36;KRR1;DNTTIP1;APTX;FANCG;POLA1;ZZZ3;STAG2;DKC1;MDM2;ERCC6;CENPP,225
Spen,SE,GO_Biological_Process_2023,Transcription By RNA Polymerase II (GO:0006366),14/192,7.256741174047514e-6,7.304915064699931,124.6658581964342,PBRM1;TBP;CCNT1;SRCAP;GTF2H1;MED7;MED23;CREB1;SNAPC4;MED20;TAF1A;TAF8;ERCC6;TAF2,225
Spen,SE,GO_Biological_Process_2023,Regulation Of Cell Cycle (GO:0051726),17/298,8.420796877536872e-6,5.669963044073365,95.25236090508989,INTS13;ANAPC15;ANAPC16;MEAF6;TSC2;RAD23A;BRCA1;FOXM1;MBTD1;ZZZ3;BIN1;PES1;TADA3;EP400;MDM2;BRD8;KAT14,225
Spen,SE,GO_Biological_Process_2023,Double-Strand Break Repair (GO:0006302),13/168,8.927536381506586e-6,7.762020693852708,129.12642374844265,MUS81;PSMD14;PRKDC;PNKP;NSMCE2;SMC6;BRCA1;MBTD1;POLA1;BABAM2;RAD50;MTA1;RBBP8,225
Spen,SE,GO_Cellular_Component_2023,Chromosome (GO:0005694),12/164,1.195929476008239e-5,7.273165307635286,107.97411898834359,SYCE2;STAG1;PBRM1;STAG2;KRR1;FMR1;PES1;DNTTIP1;SMC6;TRAPPC13;BRCA1;FANCE,225
Spen,SE,GO_Biological_Process_2023,Internal Peptidyl-Lysine Acetylation (GO:0018393),7/39,3.20366721539782e-5,19.810923165137616,302.36659603717,BAG6;MBTD1;MEAF6;TADA3;EP400;BRD8;KAT14,225
Spen,SE,GO_Biological_Process_2023,Double-Strand Break Repair Via Nonhomologous End Joining (GO:0006303),7/41,4.03833098992002e-5,18.643685914732867,277.8307083625902,POLA1;PSMD14;PRKDC;PNKP;NSMCE2;ERCC8;ERCC6,225
Spen,SE,GO_Biological_Process_2023,Histone Acetylation (GO:0016573),8/60,4.03833098992002e-5,13.982984757178306,207.84351591475212,MBTD1;MEAF6;TADA3;EP400;BRD8;MAP3K7;KAT14;TAF2,225
Spen,SE,GO_Biological_Process_2023,Regulation Of Double-Strand Break Repair (GO:2000779),9/88,6.958456540108666e-5,10.388185654008439,147.98797998594483,MBTD1;PBRM1;SMARCC2;MEAF6;EP400;BRD8;FOXM1;ARID1B;ATRIP,225
Spen,SE,GO_Molecular_Function_2023,DNA Binding (GO:0003677),28/846,8.321760804179736e-5,3.2938825661201645,49.16923795041722,GTF3C4;CCNT1;PRKDC;FMR1;PNKP;SMC6;BRCA1;RBPJ;SNAPC4;RBBP8;PMS2;POLE;PMS1;BPTF;KDM6A;POLG;DNMT3A;DNTTIP1;RAD23A;APTX;FANCG;POLA1;MAU2;RAD50;MTF2;POLR3F;ERCC6;EZH2,225
Spen,SE,GO_Biological_Process_2023,Ubiquitin-Dependent Protein Catabolic Process (GO:0006511),17/367,9.609460702502331e-5,4.5360576923076925,62.842603711762784,WDR26;FBXW5;PSMD14;FBXL19;KEAP1;RAD23A;ARMC8;AMBRA1;BAG6;NSFL1C;SHARPIN;MTA1;CHMP2A;MDM2;ERCC8;RBCK1;BTRC,225
Spen,SE,GO_Cellular_Component_2023,Mitotic Spindle (GO:0072686),10/143,1.4801754346430927e-4,6.869033047735618,83.6344237070792,IQCB1;FLCN;TAF1D;ZZZ3;TFDP2;HAUS8;EPB41;TADA3;HAUS6;KAT14,225
Spen,SE,GO_Biological_Process_2023,Positive Regulation Of Transcription Initiation By RNA Polymerase II (GO:0060261),7/52,1.692256137649995e-4,14.07849133537207,186.16798862942147,MED23;TBP;MED20;TAF8;MED15;TAF2;MED7,225
Spen,SE,GO_Biological_Process_2023,Chromatin Organization (GO:0006325),14/268,1.9741446577260986e-4,5.09933947829981,66.33668501175885,SS18;PBRM1;SMARCC2;PHC1;RING1;ARID1B;CECR2;ZZZ3;MTA1;MTF2;ERCC6;EZH2;BPTF;KDM6A,225
Spen,SE,GO_Biological_Process_2023,Regulation Of Transcription Elongation By RNA Polymerase II (GO:0034243),8/77,2.0358561250874893e-4,10.528818540038737,136.04221522726047,MED23;INTS13;CCNT1;SRCAP;MED20;INTS2;MED15;MED7,225
Spen,SE,GO_Biological_Process_2023,RNA Polymerase II Preinitiation Complex Assembly (GO:0051123),7/56,2.1514573728495694e-4,12.926605504587156,164.31730386170358,MED23;TBP;MED20;TAF8;MED15;TAF2;MED7,225
Spen,SE,GO_Biological_Process_2023,Nucleotide-Excision Repair (GO:0006289),7/56,2.1514573728495694e-4,12.926605504587156,164.31730386170358,POLA1;PNKP;ERCC8;RAD23A;FANCC;ERCC6;POLE,225
Spen,SE,GO_Biological_Process_2023,Positive Regulation Of DNA-templated Transcription Initiation (GO:2000144),7/56,2.1514573728495694e-4,12.926605504587156,164.31730386170358,MED23;TBP;MED20;TAF8;MED15;TAF2;MED7,225
Spen,SE,GO_Biological_Process_2023,Regulation Of Transcription Initiation By RNA Polymerase II (GO:0060260),7/57,2.3189698239485426e-4,12.667431192660551,159.48373189802322,MED23;TBP;MED20;TAF8;MED15;TAF2;MED7,225
Spen,SE,GO_Biological_Process_2023,Regulation Of DNA-templated Transcription (GO:0006355),44/1922,2.5105383091206674e-4,2.3166410722586037,28.879792305131105,ATF2;PRKAA1;MEAF6;SRCAP;CCNT1;BRCA1;RBPJ;FOXM1;MBTD1;IKBKB;MTA1;EP400;RBBP8;BRD8;BTRC;E2F6;KAT14;BPTF;SS18;PBRM1;SMARCC2;RING1;NCOA6;PCGF5;FBXL19;DNMT3A;GTF2H1;ARID1B;MED7;MED23;ZZZ3;CREB1;TFDP2;MED20;MTF2;TADA3;MDM2;POLR3F;LCOR;MDM4;NAA16;ERCC6;TAF2;EZH2,225
Spen,SE,GO_Cellular_Component_2023,ATAC Complex (GO:0140672),4/13,2.5871176234351883e-4,39.75062845651081,456.48267690090256,ZZZ3;TADA3;MAP3K7;KAT14,225
Spen,SE,GO_Biological_Process_2023,Transcription Preinitiation Complex Assembly (GO:0070897),7/59,2.6911399726994395e-4,12.178987297106563,150.46174010789753,MED23;TBP;MED20;TAF8;MED15;TAF2;MED7,225
Spen,SE,GO_Biological_Process_2023,Positive Regulation Of DNA Repair (GO:0045739),8/89,4.382802339496237e-4,8.963531888263072,105.99970191328961,BABAM2;PBRM1;SMARCC2;USP1;BRCA1;ERCC6;FOXM1;ARID1B,225
Spen,SE,GO_Biological_Process_2023,Chromatin Remodeling (GO:0006338),12/228,6.316756109582696e-4,5.101460615545123,58.17814758966815,SS18;CECR2;PBRM1;SMARCC2;PHC1;MTA1;RING1;MTF2;ERCC6;ARID1B;BPTF;KDM6A,225
Spen,SE,GO_Biological_Process_2023,Regulation Of DNA Metabolic Process (GO:0051052),9/124,6.316756109582696e-4,7.1231884057971016,81.08456334575158,BABAM2;MEAF6;NSMCE2;TADA3;USP1;SMC6;BRCA1;TERF2;TAF2,225
Spen,SE,GO_Cellular_Component_2023,cullin-RING Ubiquitin Ligase Complex (GO:0031461),10/174,6.41689537854544e-4,5.561826432217811,58.162723650368875,FBXW5;ANAPC15;ANAPC16;FBXL19;FBXO17;KEAP1;ERCC8;BTRC;KLHDC10;FBXL12,225
Spen,SE,GO_Biological_Process_2023,ncRNA Processing (GO:0034470),8/100,9.27525756127985e-4,7.887397315167301,86.46694692633521,ZCCHC8;INTS13;WDR36;DKC1;PES1;INTS2;UTP20;TSEN2,225
Spen,SE,GO_Biological_Process_2023,Positive Regulation Of DNA Recombination (GO:0045911),6/51,0.0011559498926568537,12.012176560121766,128.61945785278826,MBTD1;MEAF6;EP400;TRAPPC13;BRD8;ERCC6,225
Spen,SE,GO_Biological_Process_2023,Transcription Initiation At RNA Polymerase II Promoter (GO:0006367),7/76,0.0011735445593103612,9.170456056375482,97.74252963920298,MED23;TBP;MED20;TAF8;MED15;TAF2;MED7,225
Spen,SE,GO_Cellular_Component_2023,SAGA-type Complex (GO:0070461),5/38,0.0012848317707965424,13.59641873278237,131.31213597442843,ZZZ3;TADA3;MAP3K7;KAT14;TAF2,225
Spen,SE,GO_Biological_Process_2023,DNA Strand Resection Involved In Replication Fork Processing (GO:0110025),3/6,0.0012887748745072129,89.06306306306307,935.5883793046584,RAD50;RBBP8;BRCA1,225
Spen,SE,GO_Biological_Process_2023,Regulation Of TOR Signaling (GO:0032006),7/78,0.0012887748745072129,8.911228840935522,93.4617602366555,FLCN;PRKAA1;RRAGB;NPRL3;TSC2;SH3BP4;ITFG2,225
Spen,SE,GO_Biological_Process_2023,Positive Regulation Of Autophagy (GO:0010508),8/107,0.0012887748745072129,7.327095843224876,76.7106036707134,FLCN;PRKAA1;RB1CC1;NPRL3;TSC2;SH3BP4;MAP3K7;ATG13,225
Spen,SE,GO_Biological_Process_2023,Negative Regulation Of TOR Signaling (GO:0032007),6/54,0.001374795338332979,11.259703196347031,116.81915091622663,FLCN;PRKAA1;NPRL3;TSC2;SH3BP4;ITFG2,225
Spen,SE,GO_Biological_Process_2023,Positive Regulation Of Gene Expression (GO:0010628),17/480,0.0013766444439895652,3.4090380461870744,35.18558081690399,ATF2;PRKAA1;PRKDC;FMR1;BRCA1;RBPJ;PRKAB1;TERF2;TENT4B;ARID1B;MED23;PDCD10;U2AF2;AGO2;TADA3;METTL5;EIF4G3,225
Spen,SE,GO_Biological_Process_2023,Regulation Of Tubulin Deacetylation (GO:0090043),4/17,0.0013766444439895652,27.51409676296554,283.8484509242264,PRKAA1;ZZZ3;TADA3;KAT14,225
Spen,SE,GO_Biological_Process_2023,Histone Modification (GO:0016570),7/81,0.0014418310248929716,8.548661046367469,87.55423801787352,MBTD1;MTA1;MEAF6;TADA3;EP400;BRD8;KAT14,225
Spen,SE,GO_Biological_Process_2023,Double-Strand Break Repair Via Homologous Recombination (GO:0000724),8/111,0.0014418310248929716,7.0411167285580065,71.85021151770066,MBTD1;MUS81;PSMD14;FANCM;NSMCE2;RBBP8;SMC6;BRCA1,225
Spen,SE,GO_Biological_Process_2023,"Positive Regulation Of DNA-templated Transcription, Elongation (GO:0032786)",6/56,0.0014418310248929716,10.808219178082192,109.863906587659,MED23;CCNT1;MED20;ERCC6;MED15;MED7,225
Spen,SE,GO_Biological_Process_2023,Mitotic DNA Damage Checkpoint Signaling (GO:0044773),6/56,0.0014418310248929716,10.808219178082192,109.863906587659,MUS81;ATF2;BABAM2;RINT1;PRKDC;BRCA1,225
Spen,SE,GO_Biological_Process_2023,Regulation Of Histone Modification (GO:0031056),4/18,0.0015404434353088092,25.547511312217196,257.36560485192757,FLCN;ZZZ3;TADA3;KAT14,225
Spen,SE,GO_Biological_Process_2023,Single Strand Break Repair (GO:0000012),3/7,0.0016646748942689715,66.79391891891892,664.8341068184973,ERCC8;ERCC6;APTX,225
Spen,SE,GO_Biological_Process_2023,Positive Regulation Of Double-Strand Break Repair Via Homologous Recombination (GO:1905168),5/36,0.0016646748942689715,14.47507331378299,143.67700062080607,MBTD1;MEAF6;EP400;BRD8;ERCC6,225
Spen,SE,GO_Biological_Process_2023,Histone H3 Acetylation (GO:0043966),5/36,0.0016646748942689715,14.47507331378299,143.67700062080607,ZZZ3;TADA3;MAP3K7;KAT14;TAF2,225
Spen,SE,GO_Biological_Process_2023,DNA-templated Transcription Initiation (GO:0006352),6/59,0.0017293453114138903,10.194882398552597,100.574921354656,MED23;TBP;NCOA6;TAF8;TAF2;MED7,225
Spen,SE,GO_Biological_Process_2023,Positive Regulation Of Nucleic Acid-Templated Transcription (GO:1903508),18/557,0.0020639818142124517,3.1033314511575383,29.997928347031817,PRKAA1;SMARCC2;MEAF6;NCOA6;GTF2H1;BRCA1;FOXM1;ARID1B;MBTD1;IKBKB;CREB1;MTA1;TADA3;EP400;NAA16;BRD8;BTRC;TAF2,225
Spen,SE,GO_Cellular_Component_2023,Core Mediator Complex (GO:0070847),4/23,0.0021331007393453503,18.81971898070969,170.42362601207498,MED23;MED20;MED15;MED7,225
Spen,SE,GO_Biological_Process_2023,snRNA Metabolic Process (GO:0016073),4/21,0.002506231213421583,21.035932925206282,198.36170191482185,ZCCHC8;INTS13;INTS2;RBM7,225
Spen,SE,GO_Biological_Process_2023,Histone H2A Acetylation (GO:0043968),4/21,0.002506231213421583,21.035932925206282,198.36170191482185,MBTD1;MEAF6;EP400;BRD8,225
Spen,SE,GO_Biological_Process_2023,Regulation Of Autophagy (GO:0010506),11/241,0.0028857682096487345,4.368041446566436,40.48313918225868,FLCN;PRKAA1;RRAGB;EXOC7;RB1CC1;NPRL3;KEAP1;SH3BP4;AMBRA1;ATG13;EIF4G3,225
Spen,SE,GO_Biological_Process_2023,Telomere Maintenance Via Recombination (GO:0000722),3/9,0.003297276696929703,44.52477477477478,404.9403118163773,RAD50;NSMCE2;SMC6,225
Spen,SE,GO_Biological_Process_2023,Homologous Recombination (GO:0035825),3/9,0.003297276696929703,44.52477477477478,404.9403118163773,RAD50;RBBP8;BRCA1,225
Spen,SE,GO_Biological_Process_2023,Telomere Maintenance (GO:0000723),6/68,0.0033100943783482386,8.711003093239063,78.93704547844341,RAD50;PRKDC;NSMCE2;SMC6;TRAPPC13;TERF2,225
Spen,SE,GO_Biological_Process_2023,Positive Regulation Of Transcription Elongation By RNA Polymerase II (GO:0032968),5/43,0.0033100943783482386,11.804425837320574,106.85806369315632,MED23;CCNT1;MED20;MED15;MED7,225
Spen,SE,GO_Biological_Process_2023,Regulation Of DNA-templated Transcription Elongation (GO:0032784),5/44,0.0036320011476753972,11.5011655011655,102.83046722593468,INTS13;CCNT1;SRCAP;INTS2;ERCC6,225
Spen,SE,GO_Biological_Process_2023,Regulation Of Double-Strand Break Repair Via Homologous Recombination (GO:0010569),6/71,0.003958842816698227,8.307692307692308,73.28120067479458,MBTD1;MEAF6;EP400;TRAPPC13;BRD8;ERCC6,225
Spen,SE,GO_Biological_Process_2023,Positive Regulation Of Transcription By RNA Polymerase II (GO:0045944),24/938,0.003958842816698227,2.463960286096868,21.612393624687616,ATF2;SS18;TBP;CCNT1;PRKDC;NCOA6;PCGF5;BRCA1;RBPJ;FOXM1;MED15;MED7;IKBKB;MED23;FLCN;CREB1;TFDP2;AGO2;MED20;TAF8;BRD8;ERCC6;TAF2;BPTF,225
Spen,SE,GO_Biological_Process_2023,Positive Regulation Of DNA-templated Transcription (GO:0045893),29/1243,0.003958842816698227,2.2621667283058198,19.83542348492954,ATF2;PRKAA1;MEAF6;CCNT1;PRKDC;BRCA1;RBPJ;FOXM1;MBTD1;IKBKB;FLCN;MTA1;EP400;BRD8;BTRC;BPTF;SS18;SMARCC2;NCOA6;PCGF5;GTF2H1;ARID1B;CREB1;TFDP2;AGO2;TADA3;NAA16;ERCC6;TAF2,225
Spen,SE,GO_Biological_Process_2023,Histone H3-K14 Acetylation (GO:0044154),3/10,0.003958842816698227,38.16216216216216,333.78061432656835,ZZZ3;TADA3;KAT14,225
Spen,SE,GO_Biological_Process_2023,Replication Fork Processing (GO:0031297),5/46,0.003958842816698227,10.939024390243903,95.45690408477255,MUS81;RAD50;FANCM;RBBP8;BRCA1,225
Spen,SE,GO_Biological_Process_2023,Mitotic G2/M Transition Checkpoint (GO:0044818),5/46,0.003958842816698227,10.939024390243903,95.45690408477255,BABAM2;RINT1;RAD50;RBBP8;BRCA1,225
Spen,SE,GO_Biological_Process_2023,Regulation Of Double-Strand Break Repair Via Nonhomologous End Joining (GO:2001032),4/25,0.003958842816698227,17.025641025641026,148.4049414065554,PRKDC;PNKP;TRAPPC13;ERCC6,225
Spen,SE,GO_Biological_Process_2023,Mitotic Cell Cycle Checkpoint Signaling (GO:0007093),4/25,0.003958842816698227,17.025641025641026,148.4049414065554,BABAM2;RAD50;RBBP8;BRCA1,225
Spen,SE,GO_Cellular_Component_2023,Swr1 Complex (GO:0000812),3/12,0.0039795719967328155,29.67867867867868,242.08576846210312,SRCAP;EP400;BRD8,225
Spen,SE,GO_Cellular_Component_2023,H4/H2A Histone Acetyltransferase Complex (GO:0043189),4/29,0.0039795719967328155,14.298642533936652,116.13122555001623,MBTD1;MEAF6;EP400;BRD8,225
Spen,SE,GO_Cellular_Component_2023,NuA4 Histone Acetyltransferase Complex (GO:0035267),4/29,0.0039795719967328155,14.298642533936652,116.13122555001623,MBTD1;MEAF6;EP400;BRD8,225
Spen,SE,GO_Cellular_Component_2023,SWI/SNF Complex (GO:0016514),4/29,0.0039795719967328155,14.298642533936652,116.13122555001623,SS18;PBRM1;SMARCC2;ARID1B,225
Spen,SE,GO_Molecular_Function_2023,Ubiquitin Binding (GO:0043130),7/80,0.004158896932510299,8.666205856478573,89.45905664628452,NSFL1C;SHARPIN;FAF2;MDM2;RAD23A;RBCK1;MAP3K7,225
Spen,SE,GO_Biological_Process_2023,Protein Phosphorylation (GO:0006468),16/500,0.004323363034041573,3.051287120882597,26.279128362388054,ATF2;PRKAA1;TBP;CCNT1;PRKDC;STRADA;PRKAG2;PRKAB1;ATG13;IKBKB;CREB1;IRAK1;RB1CC1;TAF8;MAP3K7;TAF2,225
Spen,SE,GO_Biological_Process_2023,Regulation Of Nucleotide-Excision Repair (GO:2000819),4/26,0.004423523120749615,16.25092554504319,139.0805838706191,PBRM1;SMARCC2;ERCC8;ARID1B,225
Spen,SE,GO_Biological_Process_2023,Establishment Or Maintenance Of Apical/Basal Cell Polarity (GO:0035088),4/26,0.004423523120749615,16.25092554504319,139.0805838706191,DLG1;DLG3;DLG5;PALS1,225
Spen,SE,GO_Biological_Process_2023,Regulation Of Mitotic Metaphase/Anaphase Transition (GO:0030071),5/49,0.004985154663208727,10.19163223140496,85.84944109316044,PBRM1;SMARCC2;ANAPC15;NSMCE2;ARID1B,225
Spen,SE,GO_Biological_Process_2023,Positive Regulation Of Cellular Catabolic Process (GO:0031331),8/146,0.005643827530825349,5.245976090295866,43.45969270497559,FLCN;PRKAA1;RB1CC1;NPRL3;PHKG2;SH3BP4;AMBRA1;ATG13,225
Spen,SE,GO_Biological_Process_2023,Negative Regulation Of G2/M Transition Of Mitotic Cell Cycle (GO:0010972),4/28,0.005689858770453069,14.895173453996984,123.05570556927822,BABAM2;RAD50;RBBP8;BRCA1,225
Spen,SE,GO_Biological_Process_2023,"Base-Excision Repair, Gap-Filling (GO:0006287)",3/12,0.006225434353103568,29.67867867867868,242.08576846210312,PNKP;POLE;POLG,225
Spen,SE,GO_Biological_Process_2023,Organelle Assembly (GO:0070925),12/322,0.00651107520519105,3.537482962289868,28.645269181780716,IQCB1;NSFL1C;IFT43;TCTN2;FMR1;RB1CC1;CHMP2A;FLNA;IFT122;AMBRA1;ATG13;ATG5,225
Spen,SE,GO_Cellular_Component_2023,PRC1 Complex (GO:0035102),3/15,0.007263541058269751,22.25563063063063,165.91946217182482,PHC1;RING1;PCGF5,225
Spen,SE,GO_Cellular_Component_2023,SCF Ubiquitin Ligase Complex (GO:0019005),5/61,0.007263541058269751,8.002840909090908,59.180843536048954,FBXW5;FBXL19;FBXO17;BTRC;FBXL12,225
Spen,SE,GO_Biological_Process_2023,Epigenetic Regulation Of Gene Expression (GO:0040029),6/83,0.007339642222362137,7.008717310087173,55.81512207050875,ATF2;MTA1;DNMT3A;MTF2;ARID1B;EZH2,225
Spen,SE,GO_Molecular_Function_2023,Methylation-Dependent Protein Binding (GO:0140034),6/68,0.0074694516453388815,8.711003093239063,78.93704547844341,MBTD1;ZZZ3;FMR1;MTF2;NCAPD3;BPTF,225
Spen,SE,GO_Molecular_Function_2023,Damaged DNA Binding (GO:0003684),5/45,0.0074694516453388815,11.213068181818182,99.03625311414588,PNKP;RBBP8;SMC6;APTX;FANCG,225
Spen,SE,GO_Molecular_Function_2023,Methylated Histone Binding (GO:0035064),6/71,0.0074694516453388815,8.307692307692308,73.28120067479458,MBTD1;ZZZ3;FMR1;MTF2;NCAPD3;BPTF,225
Spen,SE,GO_Biological_Process_2023,Positive Regulation Of Double-Strand Break Repair Via Nonhomologous End Joining (GO:2001034),3/13,0.007691595769508372,26.70945945945946,211.0807728899701,PRKDC;PNKP;TRAPPC13,225
Spen,SE,GO_Biological_Process_2023,Phosphorylation (GO:0016310),14/429,0.007756788964732017,3.0953006338148805,24.392868105506324,PRKAA1;TBP;CCNT1;PRKDC;STRADA;PRKAG2;PRKAB1;ATG13;IKBKB;CREB1;IRAK1;RB1CC1;TAF8;TAF2,225
Spen,SE,GO_Cellular_Component_2023,Nuclear Chromosome (GO:0000228),6/95,0.008000173110457224,6.060027705094659,43.88202562711754,PBRM1;RAD50;SRCAP;EP400;BRD8;NCAPD3,225
Spen,SE,GO_Biological_Process_2023,Protein Ubiquitination (GO:0016567),14/434,0.00858856745077793,3.057661927330174,23.743186383464398,FBXW5;ANAPC16;KEAP1;FANCC;BRCA1;AMBRA1;FANCE;FANCG;BABAM2;MDM2;ERCC8;MDM4;RBCK1;BTRC,225
Spen,SE,GO_Biological_Process_2023,DNA-templated Transcription (GO:0006351),9/199,0.00871079575285999,4.294956140350878,33.23261046369185,TBP;GTF3C4;CCNT1;NCOA6;MED20;TAF1A;RNPS1;GTF2H1;ERCC6,225
Spen,SE,GO_Biological_Process_2023,Telomere Capping (GO:0016233),3/14,0.008961452037873848,24.28009828009828,186.22836217805326,RAD50;PRKDC;TERF2,225
Spen,SE,GO_Biological_Process_2023,Histone H2A Monoubiquitination (GO:0035518),3/14,0.008961452037873848,24.28009828009828,186.22836217805326,RING1;PCGF5;BRCA1,225
Spen,SE,GO_Biological_Process_2023,Mitotic Recombination (GO:0006312),3/14,0.008961452037873848,24.28009828009828,186.22836217805326,RAD50;NSMCE2;SMC6,225
Spen,SE,GO_Molecular_Function_2023,Kinase Binding (GO:0019900),15/460,0.009761957425293247,3.102728731942215,25.9060451632798,ATF2;FBXW5;STRADA;PRKAG2;RAD23A;FOXM1;PRKAB1;ATG13;IKBKB;POLA1;IRAK1;DLG3;PDCD10;RB1CC1;FLNA,225
Spen,SE,GO_Molecular_Function_2023,RNA Polymerase II-specific DNA-binding Transcription Factor Binding (GO:0061629),10/228,0.009761957425293247,4.172605077874973,34.28521806785198,ATF2;TBP;CREB1;MTA1;PRKDC;TADA3;DNMT3A;RBBP8;KEAP1;RBPJ,225
Spen,SE,GO_Biological_Process_2023,Regulation Of Multicellular Organismal Development (GO:2000026),5/59,0.009982798273583228,8.300084175084175,62.66007572241746,BAG6;ZZZ3;MEAF6;TADA3;KAT14,225
Spen,SE,GO_Molecular_Function_2023,Polyubiquitin Modification-Dependent Protein Binding (GO:0031593),5/53,0.010079107363926516,9.340435606060606,75.20207496820161,BAG6;BABAM2;SHARPIN;RAD23A;ATRIP,225
Spen,SE,GO_Molecular_Function_2023,DNA-binding Transcription Factor Binding (GO:0140297),11/282,0.010357830499433285,3.6994171810876986,29.248248461171265,ATF2;TBP;CREB1;MTA1;CCNT1;PRKDC;DNMT3A;RBBP8;KEAP1;FLNA;RBPJ,225
Spen,SE,GO_Biological_Process_2023,Histone Deubiquitination (GO:0016578),4/34,0.010391057843796741,11.912518853695325,89.30421312308533,BABAM2;TADA3;BRCA1;TAF2,225
Spen,SE,GO_Biological_Process_2023,Regulation Of Transcription By RNA Polymerase II (GO:0006357),39/2028,0.01121543061943191,1.8749736453721273,13.889620500780113,ATF2;SRCAP;CCNT1;PRKDC;BRCA1;RBPJ;FOXM1;IKBKB;FLCN;MTA1;RBBP8;BRD8;E2F6;KAT14;BPTF;SS18;PBRM1;SMARCC2;NCOA6;PCGF5;FBXL19;DNMT3A;ARID1B;MED7;MED23;DLG1;ZZZ3;CREB1;TFDP2;BIN1;AGO2;MED20;TADA3;MDM2;LCOR;MDM4;ERCC6;TAF2;EZH2,225
Spen,SE,GO_Biological_Process_2023,Base-Excision Repair (GO:0006284),4/36,0.01249965288339083,11.16685520361991,81.23998785264891,PNKP;ERCC6;POLE;POLG,225
Spen,SE,GO_Biological_Process_2023,Interstrand Cross-Link Repair (GO:0036297),4/36,0.01249965288339083,11.16685520361991,81.23998785264891,FANCM;FANCC;FANCE;FANCG,225
Spen,SE,GO_Biological_Process_2023,Recombinational Repair (GO:0000725),6/95,0.012776395862969,6.060027705094659,43.88202562711754,MBTD1;PSMD14;NSMCE2;RBBP8;BRCA1;SMC6,225
Spen,SE,GO_Cellular_Component_2023,Sex Chromosome (GO:0000803),2/5,0.01303503083768401,59.10911808669656,395.9708468563215,PCGF5;SMC6,225
Spen,SE,GO_Biological_Process_2023,Positive Regulation Of Peptidyl-Lysine Acetylation (GO:2000758),3/17,0.014683247542308391,19.074324324324323,134.85512221938134,PRKAA1;BRCA1;ERCC6,225
Spen,SE,GO_Biological_Process_2023,Regulation Of Telomere Maintenance (GO:0032204),4/38,0.014683247542308391,10.508916688847485,74.26678855913258,RAD50;NSMCE2;SMC6;TERF2,225
Spen,SE,GO_Biological_Process_2023,mRNA Transcription By RNA Polymerase II (GO:0042789),4/38,0.014683247542308391,10.508916688847485,74.26678855913258,TBP;CREB1;TAF8;TAF2,225
Spen,SE,GO_Biological_Process_2023,Positive Regulation Of Lymphocyte Differentiation (GO:0045621),4/39,0.01585391086637608,10.20814479638009,71.1261559755665,PBRM1;SMARCC2;PRKDC;ARID1B,225
Spen,SE,GO_Biological_Process_2023,Histone H4 Acetylation (GO:0043967),4/39,0.01585391086637608,10.20814479638009,71.1261559755665,MBTD1;MEAF6;EP400;BRD8,225
Spen,SE,GO_Biological_Process_2023,Autophagy Of Nucleus (GO:0044804),3/18,0.01665688886456267,17.8018018018018,122.76047861882789,RB1CC1;ATG13;ATG5,225
Spen,SE,GO_Biological_Process_2023,Regulation Of Protein Deacetylation (GO:0090311),3/18,0.01665688886456267,17.8018018018018,122.76047861882789,ZZZ3;TADA3;KAT14,225
Spen,SE,GO_Biological_Process_2023,Establishment Or Maintenance Of Epithelial Cell Apical/Basal Polarity (GO:0045197),4/40,0.016892189218097507,9.924082453494218,68.18838569562143,DLG1;DLG3;DLG5;PALS1,225
Spen,SE,GO_Biological_Process_2023,Response To Amino Acid Starvation (GO:1990928),4/41,0.01835541386015477,9.65537483184542,65.4356086380435,FLCN;RRAGB;NPRL3;ITFG2,225
Spen,SE,GO_Biological_Process_2023,Interleukin-1-Mediated Signaling Pathway (GO:0070498),3/19,0.018790720340401933,16.688344594594593,112.35263455234461,IKBKB;IRAK1;MAP3K7,225
Spen,SE,GO_Biological_Process_2023,Mitotic Sister Chromatid Cohesion (GO:0007064),3/19,0.018790720340401933,16.688344594594593,112.35263455234461,MAU2;STAG1;STAG2,225
Spen,SE,GO_Biological_Process_2023,Cellular Response To Amino Acid Starvation (GO:0034198),4/42,0.01948202976751432,9.40080971659919,62.85194076002132,FLCN;RRAGB;NPRL3;ITFG2,225
Spen,SE,GO_Biological_Process_2023,Positive Regulation Of Developmental Process (GO:0051094),9/233,0.02063245804595451,3.63671875,24.068041057742253,SS18;PBRM1;PRKAA1;SMARCC2;FMR1;DLG5;AGO2;TRAPPC13;ARID1B,225
Spen,SE,GO_Biological_Process_2023,SCF-dependent Proteasomal Ubiquitin-Dependent Protein Catabolic Process (GO:0031146),4/43,0.020647529059072068,9.15929922264764,60.42321862342259,FBXW5;FBXO17;BTRC;FBXL12,225
Spen,SE,GO_Biological_Process_2023,mRNA Transcription (GO:0009299),4/43,0.020647529059072068,9.15929922264764,60.42321862342259,TBP;CREB1;TAF8;TAF2,225
Spen,SE,GO_Biological_Process_2023,Stress-Activated Protein Kinase Signaling Cascade (GO:0031098),3/20,0.020828028687614387,15.705882352941176,103.31598994461064,IKBKB;PDCD10;MAP3K7,225
Spen,SE,GO_Molecular_Function_2023,RNA Polymerase Binding (GO:0070063),3/17,0.02151129322476249,19.074324324324323,134.85512221938134,CCNT1;BIN1;BRCA1,225
Spen,SE,GO_Biological_Process_2023,Regulation Of Cell Cycle G1/S Phase Transition (GO:1902806),5/74,0.021926544247683144,6.490777338603426,42.29924677061174,PBRM1;SMARCC2;AMBRA1;ARID1B;EZH2,225
Spen,SE,GO_Biological_Process_2023,Regulation Of Histone Deacetylation (GO:0031063),3/21,0.023402279706232966,14.832582582582583,95.40770532520939,ZZZ3;TADA3;KAT14,225
Spen,SE,GO_Biological_Process_2023,Mitotic Sister Chromatid Segregation (GO:0000070),6/111,0.023402279706232966,5.132420091324201,33.01213155976122,STAG1;STAG2;CENPI;CHMP2A;FLNA;NCAPD3,225
Spen,SE,GO_Cellular_Component_2023,Spindle (GO:0005819),8/210,0.02576116585161074,3.572204225030798,21.170206106853144,IQCB1;FLCN;TAF1D;ZZZ3;TFDP2;EPB41;TADA3;KAT14,225
Spen,SE,GO_Cellular_Component_2023,INO80-type Complex (GO:0097346),3/25,0.02576116585161074,12.133292383292384,71.80081537399941,SRCAP;EP400;BRD8,225
Spen,SE,GO_Biological_Process_2023,Negative Regulation Of Telomere Capping (GO:1904354),2/6,0.025863433447021165,44.32959641255606,279.3187890829529,RAD50;TERF2,225
Spen,SE,GO_Biological_Process_2023,Establishment Of Mitotic Sister Chromatid Cohesion (GO:0034087),2/6,0.025863433447021165,44.32959641255606,279.3187890829529,STAG1;STAG2,225
Spen,SE,GO_Biological_Process_2023,Regulation Of Histone Acetylation (GO:0035065),3/22,0.025863433447021165,14.051209103840684,88.4380638309696,FLCN;BRCA1;ERCC6,225
Spen,SE,GO_Biological_Process_2023,Regulation Of Telomere Capping (GO:1904353),3/22,0.025863433447021165,14.051209103840684,88.4380638309696,RAD50;PNKP;TERF2,225
Spen,SE,GO_Molecular_Function_2023,Single-Stranded RNA Binding (GO:0003727),4/43,0.02590111270770427,9.15929922264764,60.42321862342259,U2AF2;FMR1;AGO2;RBM7,225
Spen,SE,GO_Molecular_Function_2023,DNA-directed DNA Polymerase Activity (GO:0003887),3/20,0.02590111270770427,15.705882352941176,103.31598994461064,POLA1;POLE;POLG,225
Spen,SE,GO_Molecular_Function_2023,Ubiquitin-Specific Protease Binding (GO:1990381),3/20,0.02590111270770427,15.705882352941176,103.31598994461064,BAG6;LCOR;RAD23A,225
Spen,SE,GO_Molecular_Function_2023,Ubiquitin Ligase-Substrate Adaptor Activity (GO:1990756),4/44,0.02590111270770427,8.929864253393665,58.13677579849362,FBXL19;KEAP1;BTRC;KLHDC10,225
Spen,SE,GO_Molecular_Function_2023,DNA Polymerase Activity (GO:0034061),3/21,0.02590111270770427,14.832582582582583,95.40770532520939,POLA1;POLE;POLG,225
Spen,SE,GO_Molecular_Function_2023,Ubiquitin-Like Protein Transferase Activity (GO:0019787),9/240,0.02590111270770427,3.525252525252525,22.611921924080058,SHARPIN;NSMCE2;MDM2;ERCC8;MDM4;RBCK1;BRCA1;BTRC;ATG5,225
Spen,SE,GO_Biological_Process_2023,Cellular Response To Nutrient Levels (GO:0031669),5/78,0.02591723675093724,6.13387297633873,38.536682364920715,FLCN;PRKAA1;RRAGB;PRKAG2;PRKAB1,225
Spen,SE,GO_Biological_Process_2023,Endoplasmic Reticulum To Golgi Vesicle-Mediated Transport (GO:0006888),6/115,0.02648194997756843,4.943068995852708,30.903227993545197,TRAPPC6A;COPG2;TRAPPC13;TRAPPC9;SEC24C;SEC31A,225
Spen,SE,GO_Biological_Process_2023,Negative Regulation Of Nucleic Acid-Templated Transcription (GO:1903507),13/456,0.02801049989733784,2.6759657566335875,16.55508062207248,EIF4A2;SMARCC2;RING1;DNMT3A;BRCA1;RBPJ;FOXM1;MTA1;TFDP2;MDM2;MDM4;BTRC;EZH2,225
Spen,SE,GO_Biological_Process_2023,Spindle Assembly (GO:0051225),5/81,0.029785191171167385,5.89084928229665,36.029022778923355,STAG1;STAG2;HAUS8;FLNA;HAUS6,225
Spen,SE,GO_Cellular_Component_2023,Smc5-Smc6 Complex (GO:0030915),2/8,0.030825970246542635,29.550074738415546,168.18898456650322,NSMCE2;SMC6,225
Spen,SE,GO_Biological_Process_2023,Regulation Of TORC1 Signaling (GO:1903432),4/50,0.03203508527692135,7.762738540232147,46.84277743540076,FLCN;RRAGB;NPRL3;ITFG2,225
Spen,SE,GO_Biological_Process_2023,N-terminal Peptidyl-Methionine Acetylation (GO:0017196),2/7,0.0332080931556015,35.46188340807175,211.775378231324,NAA35;NAA16,225
Spen,SE,GO_Biological_Process_2023,Regulation Of Lipoprotein Metabolic Process (GO:0050746),2/7,0.0332080931556015,35.46188340807175,211.775378231324,RB1CC1;ATG13,225
Spen,SE,GO_Biological_Process_2023,Histone H2A K63-linked Deubiquitination (GO:0070537),2/7,0.0332080931556015,35.46188340807175,211.775378231324,BABAM2;BRCA1,225
Spen,SE,GO_Biological_Process_2023,Positive Regulation Of Amide Metabolic Process (GO:0034250),5/85,0.03519291230325571,5.595170454545454,33.040637186584334,PRKDC;FMR1;AGO2;METTL5;EIF4G3,225
Spen,SE,GO_Biological_Process_2023,Protein Modification By Small Protein Conjugation (GO:0032446),11/364,0.03682108932707098,2.828122104259882,16.54846448294795,FBXW5;ANAPC16;AKTIP;NSMCE2;MDM2;KEAP1;COPS7B;MDM4;SMC6;BRCA1;BTRC,225
Spen,SE,GO_Biological_Process_2023,Protein Modification Process (GO:0036211),17/711,0.037125872875582666,2.2471250831301264,13.111171984624159,PRKAA1;TBP;MEAF6;CCNT1;PRKDC;STRADA;PRKAG2;PRKAB1;ATG13;IKBKB;CREB1;IRAK1;RB1CC1;TAF8;BTRC;TAF2;ATG5,225
Spen,SE,GO_Cellular_Component_2023,bBAF Complex (GO:0140092),2/9,0.03762994496910088,25.327354260089685,137.97749507528843,SMARCC2;ARID1B,225
Spen,SE,GO_Biological_Process_2023,Cellular Response To Starvation (GO:0009267),6/126,0.03835485573432314,4.487442922374429,25.998614515209137,FLCN;PRKAA1;RRAGB;NPRL3;ITFG2;ATG5,225
Spen,SE,GO_Cellular_Component_2023,Condensed Chromosome (GO:0000793),4/60,0.038925484521748765,6.373303167420814,34.23328780179819,RAD50;NSMCE2;SMC6;NCAPD3,225
Spen,SE,GO_Biological_Process_2023,Anoikis (GO:0043276),2/8,0.041428132919217805,29.550074738415546,168.18898456650322,TSC2;MAP3K7,225
Spen,SE,GO_Biological_Process_2023,Transcription-Coupled Nucleotide-Excision Repair (GO:0006283),2/8,0.041428132919217805,29.550074738415546,168.18898456650322,ERCC8;ERCC6,225
Spen,SE,GO_Biological_Process_2023,Glucan Metabolic Process (GO:0044042),2/8,0.041428132919217805,29.550074738415546,168.18898456650322,PHKG2;PRKAG2,225
Spen,SE,GO_Biological_Process_2023,Positive Regulation Of Proteasomal Protein Catabolic Process (GO:1901800),5/90,0.04250769342295922,5.264705882352941,29.786505563223177,BAG6;FMR1;MDM2;KEAP1;RAD23A,225
Spen,SE,GO_Molecular_Function_2023,Histone Acetyltransferase Activity (GO:0004402),3/27,0.04268093293339709,11.121058558558559,63.32112964895711,ATF2;SRCAP;KAT14,225
Spen,SE,GO_Molecular_Function_2023,Nuclear Thyroid Hormone Receptor Binding (GO:0046966),3/27,0.04268093293339709,11.121058558558559,63.32112964895711,NCOA6;GTF2H1;BRD8,225
Spen,SE,GO_Molecular_Function_2023,Double-Stranded Telomeric DNA Binding (GO:0003691),2/8,0.04268093293339709,29.550074738415546,168.18898456650322,RAD50;TERF2,225
Spen,SE,GO_Molecular_Function_2023,Single-Stranded DNA Endodeoxyribonuclease Activity (GO:0000014),2/8,0.04268093293339709,29.550074738415546,168.18898456650322,RAD50;RBBP8,225
Spen,SE,GO_Biological_Process_2023,Regulation Of Cell Cycle Process (GO:0010564),6/130,0.042952864992245085,4.341802916482545,24.48454043119671,FLCN;AHCTF1;PBRM1;SMARCC2;BIN1;ARID1B,225
Spen,SE,GO_Biological_Process_2023,Transcription By RNA Polymerase III (GO:0006383),3/28,0.04446182246658868,10.675675675675675,59.66345437075447,GTF3C4;TBP;SNAPC4,225
Spen,SE,GO_Biological_Process_2023,Vesicle Coating (GO:0006901),3/28,0.04446182246658868,10.675675675675675,59.66345437075447,TRAPPC6A;TRAPPC13;TRAPPC9,225
Spen,SE,GO_Biological_Process_2023,Signal Transduction In Response To DNA Damage (GO:0042770),4/57,0.045228728009679135,6.735080679586784,37.41929141683873,MDM4;ERCC6;BID;ATRIP,225
Spen,SE,GO_Biological_Process_2023,Endosome To Lysosome Transport (GO:0008333),4/57,0.045228728009679135,6.735080679586784,37.41929141683873,SNAPIN;BIN1;AKTIP;FHIP1B,225
Spen,SE,GO_Biological_Process_2023,Selective Autophagy (GO:0061912),4/58,0.04767127737961184,6.610021786492375,36.30973936631582,RB1CC1;AMBRA1;ATG13;ATG5,225
Spen,SE,GO_Biological_Process_2023,RNA Biosynthetic Process (GO:0032774),3/29,0.04767127737961184,10.264553014553014,56.3295874683653,POLA1;TBP;NCOA6,225
Spen,SE,GO_Cellular_Component_2023,MLL3/4 Complex (GO:0044666),2/11,0.04825268775324414,19.69706028898854,99.24899173152043,NCOA6;KDM6A,225
Spen,SE,GO_Cellular_Component_2023,TRAPPII Protein Complex (GO:1990071),2/11,0.04825268775324414,19.69706028898854,99.24899173152043,TRAPPC13;TRAPPC9,225
Spen,SE,GO_Cellular_Component_2023,TRAPPIII Protein Complex (GO:1990072),2/11,0.04825268775324414,19.69706028898854,99.24899173152043,TRAPPC6A;TRAPPC13,225
Spen,SE,GO_Biological_Process_2023,Regulation Of Protein Lipidation (GO:1903059),2/9,0.04923862078786987,25.327354260089685,137.97749507528843,RB1CC1;ATG13,225
Spen,SE,GO_Molecular_Function_2023,Endonuclease Activity (GO:0004519),4/58,0.04957505244906888,6.610021786492375,36.30973936631582,MUS81;PNKP;AGO2;PMS2,225
Strap,SE,GO_Cellular_Component_2023,Nucleus (GO:0005634),105/4487,1.2099747263389422e-19,4.152636680188103,202.88468369268054,N6AMT1;ATF2;CCNT1;GEMIN2;FMR1;SMC6;RBPJ;VIRMA;MPC2;KDM2B;FBXW11;DICER1;ARMC8;PRKAB1;THOC7;FOXP1;RRAGB;BIN1;MSH3;TIMELESS;GEMIN8;ZCCHC8;PSMD14;OSGEP;FXR1;HLTF;NAE1;KAT14;CTC1;CPSF7;CHTOP;BRPF1;BRPF3;XRCC3;INTS2;RFXANK;FANCE;LSM2;NSFL1C;STAG1;TADA2A;LSM6;CNOT2;AGO2;TADA3;UBA3;MDM2;RNPS1;RPS24;EIF4G1;MUS81;ZBTB8OS;BRCA1;FLCN;MED14;SIN3A;POLE;TOP3B;SS18;BRD1;PBRM1;TBP;RING1;NCOA6;STRADA;ACTR6;AKTIP;ACTR5;ACAD9;DNMT3A;ARID1A;MSL1;MED22;CREB1;TFDP2;THRAP3;MTF2;ITGB3BP;LAMA5;PRKAA1;POLDIP3;PNKP;AMBRA1;CECR2;RBBP5;USP1;RBBP8;METTL5;PMS2;MTA3;E2F6;CENPU;NFYC;MLH1;APTX;CENPH;BRMS1L;TRMT6;TAF8;ERCC8;ACIN1;NAA16;BCOR;TAF2;PFKP,194
Strap,SE,GO_Cellular_Component_2023,Intracellular Membrane-Bounded Organelle (GO:0043231),112/5175,4.35257025384507e-19,3.977242837804637,186.46714579877715,N6AMT1;ATF2;VPS29;CCNT1;GEMIN2;FMR1;SMC6;RBPJ;VIRMA;MPC2;KDM2B;FBXW11;DICER1;ARMC8;PRKAB1;THOC7;FOXP1;RRAGB;BIN1;MSH3;TIMELESS;GEMIN8;LLGL2;ZCCHC8;PSMD14;OSGEP;FXR1;HLTF;NAE1;KAT14;CTC1;CPSF7;CHTOP;BRPF1;BRPF3;XRCC3;INTS2;RFXANK;STAM;FANCE;LSM2;NSFL1C;STAG1;TADA2A;LSM6;CNOT2;AGO2;TADA3;UBA3;MDM2;RNPS1;RPS24;EIF4G1;MUS81;ZBTB8OS;BRCA1;OSBPL11;FLCN;MED14;AP1G1;SIN3A;POLE;POLG;TOP3B;SS18;BRD1;PBRM1;TBP;RING1;NCOA6;STRADA;ACTR6;AKTIP;ACTR5;ACAD9;DNMT3A;ARID1A;MSL1;MED22;CREB1;TFDP2;THRAP3;MTF2;ITGB3BP;LAMA5;PRKAA1;POLDIP3;PNKP;AMBRA1;CECR2;RBBP5;USP1;RBBP8;METTL5;PMS2;MTA3;E2F6;CENPU;NFYC;MLH1;APTX;CENPH;BRMS1L;TRMT6;TAF8;ERCC8;ACIN1;NAA16;BCOR;TAF2;TNRC6A;PFKP,194
Strap,SE,GO_Biological_Process_2023,Regulation Of DNA-templated Transcription (GO:0006355),50/1922,7.391612282582388e-8,3.3264334045584047,78.5554618526828,ATF2;CCNT1;BRCA1;RBPJ;MED14;SIN3A;ELOC;BTRC;SS18;BRD1;PBRM1;KDM2A;RING1;KDM2B;CHUK;NCOA6;FBXW11;ACTR6;ACTR5;DNMT3A;ARID1A;FOXP1;MSL1;MED22;CREB1;AEBP2;TFDP2;THRAP3;MTF2;TIMELESS;PRKAA1;RBBP8;MTA3;E2F6;KAT14;BRPF1;PHF10;BRPF3;NFYC;GTF2H1;RFXANK;ZZZ3;TADA2A;POLR3C;CNOT2;TADA3;MDM2;NAA16;BCOR;TAF2,194
Strap,SE,GO_Biological_Process_2023,DNA Repair (GO:0006281),17/291,2.595813450137415e-6,6.846550373211266,132.57421035010591,MUS81;FMR1;ACTR5;PNKP;XRCC3;GTF2H1;BRCA1;MLH1;FANCE;APTX;MSH3;HLTF;TIMELESS;RBBP8;PMS2;ERCC8;POLE,194
Strap,SE,GO_Biological_Process_2023,Regulation Of Histone Modification (GO:0031056),6/18,5.770625751031661e-6,52.6436170212766,955.9715012555955,FLCN;TADA2A;ZZZ3;NFYC;TADA3;KAT14,194
Strap,SE,GO_Biological_Process_2023,Organelle Assembly (GO:0070925),17/322,5.850970564567073e-6,6.140909511901454,109.66310907891547,PLK4;IQCB1;FMR1;SEPTIN6;IFT122;STAM;AMBRA1;ATG13;FXR1;NSFL1C;AP3M1;IFT81;TMEM237;AP1G1;CHMP2A;IFT57;ATG5,194
Strap,SE,GO_Biological_Process_2023,DNA Damage Response (GO:0006974),18/384,1.087566651455264e-5,5.432190760059613,92.4272705089271,MUS81;ATF2;NCOA6;FMR1;PNKP;XRCC3;GTF2H1;SMC6;BRCA1;FOXP1;MSH3;RBBP5;HLTF;TIMELESS;RBBP8;ERCC8;NAE1;BID,194
Strap,SE,GO_Biological_Process_2023,Chromatin Remodeling (GO:0006338),14/228,1.113831056216137e-5,7.120664589823468,119.41339535463365,SS18;PBRM1;CHTOP;BRPF1;RING1;KDM2B;PHF10;ACTR5;ARID1A;CECR2;TADA2A;MTF2;BCOR;MTA3,194
Strap,SE,GO_Biological_Process_2023,Chromatin Organization (GO:0006325),15/268,1.113831056216137e-5,6.476361869852275,107.85990274011687,SS18;PBRM1;CHTOP;BRPF1;RING1;KDM2B;PHF10;ACTR5;ARID1A;CECR2;ZZZ3;TADA2A;MTF2;BCOR;MTA3,194
Strap,SE,GO_Biological_Process_2023,Regulation Of Multicellular Organismal Development (GO:2000026),8/59,1.6412390676080663e-5,16.66034155597723,268.78495156378887,BRD1;BRPF1;TADA2A;ZZZ3;BRPF3;ACTR5;TADA3;KAT14,194
Strap,SE,GO_Biological_Process_2023,DNA Metabolic Process (GO:0006259),15/288,2.215019742411987e-5,5.995764012523789,94.22719014912279,CTC1;TOP3B;MUS81;FMR1;ACTR5;PNKP;XRCC3;GTF2H1;BRCA1;MSH3;HLTF;TIMELESS;RBBP8;POLE;POLG,194
Strap,SE,GO_Biological_Process_2023,Regulation Of Tubulin Deacetylation (GO:0090043),5/17,6.118975194611704e-5,43.63756613756614,636.8524466922192,PRKAA1;TADA2A;ZZZ3;TADA3;KAT14,194
Strap,SE,GO_Biological_Process_2023,Regulation Of Transcription By RNA Polymerase II (GO:0006357),43/2028,7.611497057048138e-5,2.5566016648039103,36.50969743030681,ATF2;CCNT1;BRCA1;RBPJ;FLCN;MED14;SIN3A;HLTF;RBBP8;ELOC;MTA3;E2F6;KAT14;SS18;BRD1;PBRM1;KDM2A;BRPF1;KDM2B;PHF10;CHUK;NCOA6;BRPF3;NFYC;DNMT3A;RFXANK;DICER1;ARID1A;FOXP1;ZZZ3;TADA2A;CREB1;AEBP2;TFDP2;BIN1;THRAP3;CNOT2;BRMS1L;AGO2;TADA3;MDM2;BCOR;TAF2,194
Strap,SE,GO_Biological_Process_2023,Positive Regulation Of DNA-templated Transcription (GO:0045893),31/1243,1.3049373509046829e-4,2.9177245945453443,39.83997130192654,ATF2;PRKAA1;CCNT1;BRCA1;RBPJ;FLCN;MED14;SIN3A;HLTF;BTRC;MTA3;SS18;BRPF1;CHUK;NCOA6;FBXW11;ACTR6;NFYC;ACTR5;GTF2H1;RFXANK;ARID1A;MSL1;MED22;CREB1;TFDP2;THRAP3;AGO2;TADA3;NAA16;TAF2,194
Strap,SE,GO_Biological_Process_2023,Histone H3-K14 Acetylation (GO:0044154),4/10,1.765645843819332e-4,69.47368421052632,922.0590299032108,TADA2A;ZZZ3;TADA3;KAT14,194
Strap,SE,GO_Biological_Process_2023,Positive Regulation Of Nucleic Acid-Templated Transcription (GO:1903508),19/557,2.1011473139180136e-4,3.8883908656399364,50.642351412471896,PRKAA1;BRPF1;CHUK;NCOA6;FBXW11;ACTR5;GTF2H1;BRCA1;ARID1A;MSL1;MED22;MED14;CREB1;THRAP3;TADA3;NAA16;BTRC;MTA3;TAF2,194
Strap,SE,GO_Cellular_Component_2023,Chromosome (GO:0005694),10/164,2.865217140970691e-4,6.9353472614342175,85.07363596854334,SYCE2;STAG1;PBRM1;CENPH;KRR1;FMR1;SMC6;BRCA1;FANCE;MLH1,194
Strap,SE,GO_Cellular_Component_2023,ATAC Complex (GO:0140672),4/13,2.865217140970691e-4,46.30877192982456,558.9338755048915,TADA2A;ZZZ3;TADA3;KAT14,194
Strap,SE,GO_Cellular_Component_2023,cullin-RING Ubiquitin Ligase Complex (GO:0031461),10/174,3.1811296445120966e-4,6.509146341463414,76.43028866882729,ANAPC15;ANAPC16;FBXW11;ERCC8;ELOC;BTRC;DCAF4;KLHDC10;DDA1;FBXL12,194
Strap,SE,GO_Biological_Process_2023,Establishment Or Maintenance Of Apical/Basal Cell Polarity (GO:0035088),5/26,4.039487695795386e-4,24.924414210128496,306.6041823942967,DLG3;DLG5;SCRIB;LLGL2;PALS1,194
Strap,SE,GO_Biological_Process_2023,Double-Strand Break Repair (GO:0006302),10/168,4.857852626810698e-4,6.758392955421024,81.45446648599028,MUS81;KDM2A;PSMD14;ACTR5;PNKP;XRCC3;RBBP8;SMC6;BRCA1;ZSWIM7,194
Strap,SE,GO_Cellular_Component_2023,SAGA-type Complex (GO:0070461),5/38,0.0010520315523341389,15.851370851370852,164.27710954676854,TADA2A;ZZZ3;TADA3;KAT14;TAF2,194
Strap,SE,GO_Biological_Process_2023,Proteasome-Mediated Ubiquitin-Dependent Protein Catabolic Process (GO:0043161),13/319,0.0011780815030935513,4.576968909110605,50.831093472931904,ANAPC15;ANAPC16;PSMD14;FBXW11;LTN1;ARMC8;AMBRA1;FBXL12;NSFL1C;MDM2;ERCC8;BTRC;KLHDC10,194
Strap,SE,GO_Biological_Process_2023,Regulation Of Stem Cell Population Maintenance (GO:2000036),6/56,0.001238484204987295,12.610212765957447,138.69572804320603,SS18;PHF10;SIN3A;BRMS1L;CNOT2;ARID1A,194
Strap,SE,GO_Biological_Process_2023,Positive Regulation Of Gene Expression (GO:0010628),16/480,0.0013456388360589663,3.7469972878729174,40.698515945080594,N6AMT1;ATF2;PRKAA1;POLDIP3;FMR1;FN1;BRCA1;RBPJ;ARID1A;PRKAB1;FXR1;RBBP5;AGO2;TADA3;METTL5;EIF4G3,194
Strap,SE,GO_Biological_Process_2023,Negative Regulation Of DNA-templated Transcription (GO:0045892),25/1025,0.0013821919662170934,2.7819526627218933,29.999296996627546,ATF2;BRCA1;RBPJ;FLCN;SIN3A;BTRC;MTA3;E2F6;KDM2A;RING1;KDM2B;FBXW11;ACTR6;DNMT3A;DICER1;FOXP1;CREB1;TFDP2;BIN1;WDR82;CNOT2;BRMS1L;TIMELESS;MDM2;BCOR,194
Strap,SE,GO_Biological_Process_2023,Regulation Of Protein Deacetylation (GO:0090311),4/18,0.0014590242977972248,29.762406015037595,317.0842435403174,TADA2A;ZZZ3;TADA3;KAT14,194
Strap,SE,GO_Biological_Process_2023,Histone H3 Acetylation (GO:0043966),5/36,0.0014590242977972248,16.87574671445639,179.4589219177678,TADA2A;ZZZ3;TADA3;KAT14;TAF2,194
Strap,SE,GO_Biological_Process_2023,Positive Regulation Of DNA Repair (GO:0045739),7/89,0.0014793590360224426,9.00404330246511,95.22531657510129,PBRM1;PHF10;ACTR5;TIMELESS;USP1;BRCA1;ARID1A,194
Strap,SE,GO_Biological_Process_2023,mRNA Transcription By RNA Polymerase II (GO:0042789),5/38,0.0017529475740767585,15.851370851370852,164.27710954676854,TBP;CREB1;HLTF;TAF8;TAF2,194
Strap,SE,GO_Biological_Process_2023,Regulation Of DNA Repair (GO:0006282),8/129,0.0020108062780254533,6.997245179063361,71.21965575925809,PBRM1;PHF10;ACTR5;TADA3;USP1;BRCA1;ARID1A;TAF2,194
Strap,SE,GO_Biological_Process_2023,Establishment Or Maintenance Of Epithelial Cell Apical/Basal Polarity (GO:0045197),5/40,0.0020108062780254533,14.944066515495088,151.06314183145787,DLG3;DLG5;SCRIB;LLGL2;PALS1,194
Strap,SE,GO_Biological_Process_2023,Positive Regulation Of Stem Cell Population Maintenance (GO:1902459),5/40,0.0020108062780254533,14.944066515495088,151.06314183145787,SS18;PHF10;SIN3A;BRMS1L;ARID1A,194
Strap,SE,GO_Biological_Process_2023,Regulation Of Histone Deacetylation (GO:0031063),4/21,0.002148865493600324,24.506501547987614,245.2071057323078,TADA2A;ZZZ3;TADA3;KAT14,194
Strap,SE,GO_Biological_Process_2023,mRNA Transcription (GO:0009299),5/43,0.002674970789227881,13.762183235867447,134.20479660844813,TBP;CREB1;HLTF;TAF8;TAF2,194
Strap,SE,GO_Cellular_Component_2023,Intracellular Non-Membrane-Bounded Organelle (GO:0043232),26/1195,0.002711536422070474,2.4673204611185793,22.85391865676466,ZCCHC8;CCNT1;GEMIN2;FMR1;PNKP;BRCA1;AMBRA1;RBPJ;FXR1;SYCE2;RBBP5;METTL5;PLK4;ACTR6;KRR1;MLH1;FANCE;APTX;STAG1;ZZZ3;LSM6;CENPH;BIN1;WDR82;MDM2;EIF4G3,194
Strap,SE,GO_Molecular_Function_2023,Nuclear Receptor Binding (GO:0016922),8/115,0.0029333118222878082,7.9184001607878605,87.17768349125731,MED22;MED14;NCOA6;THRAP3;TADA3;GTF2H1;ARID1A;FOXP1,194
Strap,SE,GO_Molecular_Function_2023,DNA Binding (GO:0003677),22/846,0.0029333118222878082,2.946517272522014,31.112308286994207,CTC1;CCNT1;KDM2B;NFYC;FMR1;PNKP;DNMT3A;SMC6;BRCA1;RBPJ;MLH1;ARID1A;APTX;MSH3;THRAP3;POLR3C;MTF2;TIMELESS;RBBP8;PMS2;POLE;POLG,194
Strap,SE,GO_Biological_Process_2023,Transcription Initiation At RNA Polymerase II Promoter (GO:0006367),6/76,0.00399947636182499,8.998176291793314,83.25246747955678,MED22;MED14;TBP;TAF8;ELOC;TAF2,194
Strap,SE,GO_Biological_Process_2023,Positive Regulation Of Developmental Process (GO:0051094),10/233,0.00399947636182499,4.772616494443361,44.13195954857436,SS18;PBRM1;PRKAA1;PHF10;SIN3A;FMR1;DLG5;BRMS1L;AGO2;ARID1A,194
Strap,SE,GO_Biological_Process_2023,Regulation Of Peptidyl-Lysine Acetylation (GO:2000756),3/10,0.00399947636182499,44.42557965594615,408.05235891578644,FLCN;PRKAA1;NFYC,194
Strap,SE,GO_Biological_Process_2023,Double-Strand Break Repair Via Homologous Recombination (GO:0000724),7/111,0.00399947636182499,7.091423282599753,64.95609303115044,MUS81;PSMD14;XRCC3;RBBP8;SMC6;BRCA1;ZSWIM7,194
Strap,SE,GO_Biological_Process_2023,Regulation Of Nucleotide-Excision Repair (GO:2000819),4/26,0.00399947636182499,18.93205741626794,172.8171631264076,PBRM1;PHF10;ERCC8;ARID1A,194
Strap,SE,GO_Biological_Process_2023,Histone H3-K4 Methylation (GO:0051568),4/26,0.00399947636182499,18.93205741626794,172.8171631264076,RBBP5;NCOA6;WDR82;NFYC,194
Strap,SE,GO_Biological_Process_2023,Cellular Response To Nutrient Levels (GO:0031669),6/78,0.00399947636182499,8.747340425531915,79.66209969304357,FLCN;PRKAA1;RRAGB;MAPKAP1;PRKAB1;EIF4G1,194
Strap,SE,GO_Biological_Process_2023,Transcription By RNA Polymerase II (GO:0006366),9/192,0.00399947636182499,5.216570669029686,47.501368679147845,PBRM1;TBP;CREB1;CCNT1;HLTF;TAF8;GTF2H1;ELOC;TAF2,194
Strap,SE,GO_Cellular_Component_2023,SWI/SNF Complex (GO:0016514),4/29,0.004214472029860616,16.657684210526316,144.72373912960092,SS18;PBRM1;PHF10;ARID1A,194
Strap,SE,GO_Biological_Process_2023,Positive Regulation Of Protein Metabolic Process (GO:0051247),9/196,0.004553423250910388,5.103945656886833,45.677644911295495,FXR1;FBXW11;POLDIP3;FMR1;AGO2;METTL5;BTRC;EIF4G3;EIF4G1,194
Strap,SE,GO_Biological_Process_2023,Positive Regulation Of Circadian Rhythm (GO:0042753),3/11,0.00476027550709532,38.87041884816754,344.9278313193513,FBXW11;THRAP3;BTRC,194
Strap,SE,GO_Biological_Process_2023,Positive Regulation Of Transcription Initiation By RNA Polymerase II (GO:0060261),5/52,0.00476027550709532,11.121805696273782,98.19514525680547,MED22;MED14;TBP;TAF8;TAF2,194
Strap,SE,GO_Biological_Process_2023,Regulation Of Cell Development (GO:0060284),5/52,0.00476027550709532,11.121805696273782,98.19514525680547,FXR1;BRD1;BRPF1;BRPF3;HLTF,194
Strap,SE,GO_Cellular_Component_2023,Nuclear Lumen (GO:0031981),19/780,0.0047847156575493155,2.717139102684438,22.886401830885532,PLK4;ZCCHC8;PBRM1;CCNT1;ACTR6;KRR1;GEMIN2;FMR1;PNKP;RBPJ;APTX;FXR1;ZZZ3;LSM6;CENPH;WDR82;RBBP5;MDM2;METTL5,194
Strap,SE,GO_Cellular_Component_2023,RISC Complex (GO:0016442),3/13,0.0047847156575493155,31.093193717277487,259.2569444414084,AGO2;DICER1;TNRC6A,194
Strap,SE,GO_Biological_Process_2023,Positive Regulation Of Amide Metabolic Process (GO:0034250),6/85,0.005665811631162817,7.969431726366819,68.78275325013108,FXR1;POLDIP3;FMR1;AGO2;METTL5;EIF4G3,194
Strap,SE,GO_Biological_Process_2023,"Base-Excision Repair, Gap-Filling (GO:0006287)",3/12,0.005745837915998819,34.54973821989529,296.89511602543797,PNKP;POLE;POLG,194
Strap,SE,GO_Biological_Process_2023,Positive Regulation Of Macromolecule Biosynthetic Process (GO:0010557),7/122,0.005747050255007324,6.4095326668216694,54.93011952974289,FXR1;POLDIP3;FMR1;AGO2;METTL5;RFXANK;EIF4G3,194
Strap,SE,GO_Biological_Process_2023,RNA Polymerase II Preinitiation Complex Assembly (GO:0051123),5/56,0.006043576953547035,10.247432306255835,86.85011585236848,MED22;MED14;TBP;TAF8;TAF2,194
Strap,SE,GO_Biological_Process_2023,Positive Regulation Of DNA-templated Transcription Initiation (GO:2000144),5/56,0.006043576953547035,10.247432306255835,86.85011585236848,MED22;MED14;TBP;TAF8;TAF2,194
Strap,SE,GO_Biological_Process_2023,Regulation Of Transcription Initiation By RNA Polymerase II (GO:0060260),5/57,0.006433177841479067,10.049857549857549,84.33163457455984,MED22;MED14;TBP;TAF8;TAF2,194
Strap,SE,GO_Molecular_Function_2023,Nuclear Receptor Coactivator Activity (GO:0030374),5/50,0.007145443572967075,11.617283950617283,104.76083586304995,SS18;MED22;MED14;NCOA6;THRAP3,194
Strap,SE,GO_Molecular_Function_2023,Nuclear Thyroid Hormone Receptor Binding (GO:0046966),4/27,0.007145443572967075,18.10800915331808,162.52881689621435,MED22;NCOA6;THRAP3;GTF2H1,194
Strap,SE,GO_Biological_Process_2023,DNA-templated Transcription Initiation (GO:0006352),5/59,0.007263398042454438,9.6766607877719,79.62222151279312,TBP;NCOA6;TAF8;ELOC;TAF2,194
Strap,SE,GO_Biological_Process_2023,Transcription Preinitiation Complex Assembly (GO:0070897),5/59,0.007263398042454438,9.6766607877719,79.62222151279312,MED22;MED14;TBP;TAF8;TAF2,194
Strap,SE,GO_Biological_Process_2023,miRNA-mediated Gene Silencing By Inhibition Of Translation (GO:0035278),3/14,0.007901578907562955,28.265111851499285,229.06200308347275,AGO2;TNRC6A;EIF4G1,194
Strap,SE,GO_Biological_Process_2023,Mitotic Recombination (GO:0006312),3/14,0.007901578907562955,28.265111851499285,229.06200308347275,MSH3;XRCC3;SMC6,194
Strap,SE,GO_Biological_Process_2023,Positive Regulation Of Transcription By RNA Polymerase II (GO:0045944),21/938,0.008170129197771145,2.500419185456471,20.122657869852052,ATF2;SS18;TBP;CCNT1;CHUK;NCOA6;NFYC;RFXANK;BRCA1;RBPJ;MED22;FLCN;MED14;CREB1;TFDP2;SIN3A;THRAP3;HLTF;AGO2;TAF8;TAF2,194
Strap,SE,GO_Biological_Process_2023,Recombinational Repair (GO:0000725),6/95,0.008170129197771145,7.070404016256275,56.73347416427478,PSMD14;XRCC3;RBBP8;BRCA1;SMC6;ZSWIM7,194
Strap,SE,GO_Biological_Process_2023,Regulation Of Embryonic Development (GO:0045995),5/62,0.008170129197771145,9.165970481759956,73.28307692028669,TADA2A;ZZZ3;ACTR5;TADA3;KAT14,194
Strap,SE,GO_Biological_Process_2023,mRNA Export From Nucleus (GO:0006406),5/62,0.008170129197771145,9.165970481759956,73.28307692028669,CHTOP;POLDIP3;FMR1;ZC3H11A;THOC7,194
Strap,SE,GO_Biological_Process_2023,Response To Nutrient Levels (GO:0031667),4/35,0.008453542558717424,13.429541595925297,106.6709203039147,PRKAA1;MAPKAP1;PRKAB1;EIF4G1,194
Strap,SE,GO_Biological_Process_2023,Regulation Of miRNA-mediated Gene Silencing (GO:0060964),3/15,0.008774309786006315,25.908376963350786,204.36691546459275,FXR1;FMR1;EIF4G1,194
Strap,SE,GO_Cellular_Component_2023,Mitotic Spindle (GO:0072686),7/143,0.008893902562707697,5.41404529726329,41.16051349959702,IQCB1;FLCN;TADA2A;ZZZ3;TFDP2;TADA3;KAT14,194
Strap,SE,GO_Cellular_Component_2023,Nucleolus (GO:0005730),18/771,0.008893902562707697,2.587785222745382,19.501032034527885,PLK4;ZCCHC8;CCNT1;ACTR6;KRR1;GEMIN2;FMR1;PNKP;RBPJ;APTX;FXR1;ZZZ3;LSM6;CENPH;WDR82;RBBP5;MDM2;METTL5,194
Strap,SE,GO_Molecular_Function_2023,Nuclear Vitamin D Receptor Binding (GO:0042809),3/13,0.009276908952458711,31.093193717277487,259.2569444414084,MED22;MED14;THRAP3,194
Strap,SE,GO_Molecular_Function_2023,Endonuclease Activity (GO:0004519),5/58,0.009276908952458711,9.859738444644105,81.92459044659216,MUS81;PNKP;AGO2;PMS2;DICER1,194
Strap,SE,GO_Biological_Process_2023,Spliceosomal snRNP Assembly (GO:0000387),4/37,0.01014079530030907,12.614354066985646,97.45765639758024,GEMIN2;STRAP;GEMIN8;LSM2,194
Strap,SE,GO_Molecular_Function_2023,Single-Stranded DNA Binding (GO:0003697),6/96,0.01118808330583271,6.991489361702127,55.70490758153523,CTC1;MSH3;POLR3C;PMS2;SMC6;MLH1,194
Strap,SE,GO_Molecular_Function_2023,RNA Polymerase II-specific DNA-binding Transcription Factor Binding (GO:0061629),9/228,0.011270815711588915,4.351055164753795,34.05410772597958,ATF2;TBP;CREB1;SIN3A;TADA3;DNMT3A;RBBP8;RBPJ;ARID1A,194
Strap,SE,GO_Biological_Process_2023,Negative Regulation Of Nucleic Acid-Templated Transcription (GO:1903507),13/456,0.012017416034740717,3.139306336754674,23.667381854569093,RING1;FBXW11;DNMT3A;BRCA1;RBPJ;FOXP1;TFDP2;SIN3A;TIMELESS;MDM2;BCOR;BTRC;MTA3,194
Strap,SE,GO_Molecular_Function_2023,RNA Binding (GO:0003723),27/1411,0.012492667157416919,2.1520283133155655,16.178966532531057,ZCCHC8;POLDIP3;FMR1;BRCA1;VIRMA;FXR1;HLTF;TOP3B;CPSF7;CHTOP;KRR1;IMMT;DICER1;APTX;LSM2;LSM6;THRAP3;ZC3H11A;AGO2;TRMT6;STRAP;ACIN1;RNPS1;EIF4G3;RPS24;TNRC6A;EIF4G1,194
Strap,SE,GO_Molecular_Function_2023,RNA Polymerase Binding (GO:0070063),3/17,0.012492667157416919,22.20493642483171,166.54953212604704,CCNT1;BIN1;BRCA1,194
Strap,SE,GO_Biological_Process_2023,Protein Modification Process (GO:0036211),17/711,0.012995084058855801,2.6449795665836304,19.68929904442538,PLK4;PRKAA1;PIGT;TBP;CCNT1;CHUK;STRADA;FBXW11;FN1;PRKAB1;ATG13;CREB1;UBA3;TAF8;BTRC;TAF2;ATG5,194
Strap,SE,GO_Biological_Process_2023,Regulation Of Cellular Response To Stress (GO:0080135),6/107,0.01330325534866791,6.22656414577628,46.000607145278984,ACTR5;TADA3;USP1;BRCA1;TAF2;EIF4G1,194
Strap,SE,GO_Biological_Process_2023,Negative Regulation Of Translation (GO:0017148),6/107,0.01330325534866791,6.22656414577628,46.000607145278984,FXR1;FMR1;AGO2;CNOT10;TNRC6A;EIF4G1,194
Strap,SE,GO_Biological_Process_2023,Double-Strand Break Repair Via Nonhomologous End Joining (GO:0006303),4/41,0.013889220888181047,11.248364153627312,82.43582798400371,KDM2A;PSMD14;PNKP;ERCC8,194
Strap,SE,GO_Biological_Process_2023,Regulation Of Cell Cycle (GO:0051726),10/298,0.014297675018096695,3.6831974637681157,26.82827249310667,ANAPC15;ZZZ3;TADA2A;ANAPC16;BIN1;ACTR5;TADA3;MDM2;BRCA1;KAT14,194
Strap,SE,GO_Biological_Process_2023,DNA Recombination (GO:0006310),4/42,0.01476701153196744,10.95180055401662,79.24897657216863,MSH3;XRCC3;RBBP8;BRCA1,194
Strap,SE,GO_Molecular_Function_2023,Histone H4 Acetyltransferase Activity (GO:0010485),3/20,0.015127002326256038,18.283646442870342,128.08228529850425,BRD1;BRPF1;BRPF3,194
Strap,SE,GO_Molecular_Function_2023,DNA-methyltransferase Activity (GO:0009008),2/5,0.015127002326256038,68.76041666666667,480.8460106799223,N6AMT1;DNMT3A,194
Strap,SE,GO_Molecular_Function_2023,Annealing Activity (GO:0140666),2/5,0.015127002326256038,68.76041666666667,480.8460106799223,FXR1;FMR1,194
Strap,SE,GO_Molecular_Function_2023,Damaged DNA Binding (GO:0003684),4/45,0.015127002326256038,10.148908857509628,70.76582015250462,PNKP;RBBP8;SMC6;APTX,194
Strap,SE,GO_Biological_Process_2023,DNA Catabolic Process (GO:0006308),3/19,0.015676815450378797,19.42735602094241,139.1129714434836,MUS81;CECR2;DICER1,194
Strap,SE,GO_Biological_Process_2023,mRNA Catabolic Process (GO:0006402),4/43,0.015676815450378797,10.670445344129554,76.25171822131087,LSM6;THRAP3;CNOT10;LSM2,194
Strap,SE,GO_Biological_Process_2023,Protein Modification By Small Protein Conjugation (GO:0032446),11/364,0.017402843800585082,3.312481617362498,23.276150016864445,ANAPC16;FBXW11;AKTIP;HLTF;UBA3;MDM2;SMC6;BRCA1;ELOC;NAE1;BTRC,194
Strap,SE,GO_Biological_Process_2023,Ubiquitin-Dependent Protein Catabolic Process (GO:0006511),11/367,0.018330454160771767,3.284060907472217,22.857958021648688,NSFL1C;PSMD14;FBXW11;CHMP2A;MDM2;ERCC8;ARMC8;ELOC;NAE1;AMBRA1;BTRC,194
Strap,SE,GO_Biological_Process_2023,Mitotic G2/M Transition Checkpoint (GO:0044818),4/46,0.01919201945193441,9.906766917293233,68.25087659316553,RINT1;RBBP8;BRCA1;NAE1,194
Strap,SE,GO_Biological_Process_2023,Phosphorylation (GO:0016310),12/429,0.01919201945193441,3.0656968930350224,21.109678124901325,PLK4;PRKAA1;TBP;CREB1;CCNT1;CHUK;STRADA;MAPKAP1;TAF8;PRKAB1;ATG13;TAF2,194
Strap,SE,GO_Molecular_Function_2023,MutSalpha Complex Binding (GO:0032407),2/6,0.019330778623477447,51.567708333333336,340.0376225781537,PMS2;MLH1,194
Strap,SE,GO_Molecular_Function_2023,NEDD8 Transferase Activity (GO:0019788),2/6,0.019330778623477447,51.567708333333336,340.0376225781537,MDM2;UBA3,194
Strap,SE,GO_Cellular_Component_2023,H3 Histone Acetyltransferase Complex (GO:0070775),2/6,0.019550724271532188,51.567708333333336,340.0376225781537,BRPF1;BRPF3,194
Strap,SE,GO_Cellular_Component_2023,MOZ/MORF Histone Acetyltransferase Complex (GO:0070776),2/6,0.019550724271532188,51.567708333333336,340.0376225781537,BRPF1;BRPF3,194
Strap,SE,GO_Biological_Process_2023,Protein Ubiquitination (GO:0016567),12/434,0.020895193882113514,3.028592260819749,20.55432065123263,ANAPC16;FBXW11;HLTF;MDM2;ERCC8;BRCA1;ELOC;NAE1;AMBRA1;BTRC;FANCE;DDA1,194
Strap,SE,GO_Biological_Process_2023,Histone Modification (GO:0016570),5/81,0.021013936500229306,6.86786410470621,46.476878195612656,TADA2A;BRMS1L;TADA3;MTA3;KAT14,194
Strap,SE,GO_Molecular_Function_2023,DNA-binding Transcription Factor Binding (GO:0140297),9/282,0.02151236365388567,3.4807840807840806,22.026251375784714,ATF2;TBP;CREB1;CCNT1;SIN3A;DNMT3A;RBBP8;BCOR;RBPJ,194
Strap,SE,GO_Molecular_Function_2023,mRNA Binding (GO:0003729),9/282,0.02151236365388567,3.4807840807840806,22.026251375784714,FXR1;CPSF7;CHTOP;POLDIP3;FMR1;AGO2;RNPS1;EIF4G3;EIF4G1,194
Strap,SE,GO_Molecular_Function_2023,Unmethylated CpG Binding (GO:0045322),2/7,0.02151236365388567,41.25208333333333,258.40016982812483,KDM2A;KDM2B,194
Strap,SE,GO_Molecular_Function_2023,Crossover Junction DNA Endonuclease Activity (GO:0008821),2/7,0.02151236365388567,41.25208333333333,258.40016982812483,MUS81;XRCC3,194
Strap,SE,GO_Biological_Process_2023,Regulation Of Histone Acetylation (GO:0035065),3/22,0.021760051177973413,16.35739873243318,109.90211893518634,FLCN;NFYC;BRCA1,194
Strap,SE,GO_Biological_Process_2023,Epigenetic Regulation Of Gene Expression (GO:0040029),5/83,0.022383663889462734,6.691086691086691,44.54808015893519,N6AMT1;ATF2;RBBP5;DNMT3A;MTF2,194
Strap,SE,GO_Biological_Process_2023,Regulation Of Cell Division (GO:0051302),5/83,0.022383663889462734,6.691086691086691,44.54808015893519,FLCN;TADA2A;ZZZ3;TADA3;KAT14,194
Strap,SE,GO_Biological_Process_2023,Regulation Of Mitotic Metaphase/Anaphase Transition (GO:0030071),4/49,0.022383663889462734,9.244912280701755,61.486115987310576,PBRM1;ANAPC15;PHF10;ARID1A,194
Strap,SE,GO_Biological_Process_2023,Regulation Of DNA Metabolic Process (GO:0051052),6/124,0.022521951626872448,5.324918860439957,35.2437695374263,ACTR5;TADA3;USP1;SMC6;BRCA1;TAF2,194
Strap,SE,GO_Biological_Process_2023,Positive Regulation Of Double-Strand Break Repair (GO:2000781),5/84,0.022521951626872448,6.606054517446922,43.62796431782189,PBRM1;PHF10;PNKP;TIMELESS;ARID1A,194
Strap,SE,GO_Biological_Process_2023,DNA Strand Resection Involved In Replication Fork Processing (GO:0110025),2/6,0.022521951626872448,51.567708333333336,340.0376225781537,RBBP8;BRCA1,194
Strap,SE,GO_Biological_Process_2023,Positive Regulation Of mRNA Binding (GO:1902416),2/6,0.022521951626872448,51.567708333333336,340.0376225781537,FMR1;EIF4G1,194
Strap,SE,GO_Biological_Process_2023,Proteasomal Protein Catabolic Process (GO:0010498),8/220,0.022773044635197155,3.9752485291134105,26.083203655660615,NSFL1C;PSMD14;FBXW11;MDM2;ERCC8;ARMC8;AMBRA1;BTRC,194
Strap,SE,GO_Biological_Process_2023,Regulation Of Gene Expression (GO:0010468),22/1127,0.022773044635197155,2.164695359360202,14.197207349508504,ATF2;BRD1;PRKAA1;BRPF1;BRPF3;ACTR6;NFYC;ACTR5;FN1;DICER1;BRCA1;RBPJ;PRKAB1;FOXP1;MSL1;FLCN;ZZZ3;TADA2A;MTF2;TADA3;MDM2;KAT14,194
Strap,SE,GO_Cellular_Component_2023,RISC-loading Complex (GO:0070578),2/7,0.02379686244898857,41.25208333333333,258.40016982812483,AGO2;DICER1,194
Strap,SE,GO_Cellular_Component_2023,U6 snRNP (GO:0005688),2/7,0.02379686244898857,41.25208333333333,258.40016982812483,LSM6;LSM2,194
Strap,SE,GO_Molecular_Function_2023,Histone Acetyltransferase Activity (GO:0004402),3/27,0.023828341742885204,12.946335078534032,79.13954992778537,ATF2;TADA2A;KAT14,194
Strap,SE,GO_Biological_Process_2023,Regulation Of Smoothened Signaling Pathway (GO:0008589),4/51,0.02383898317500854,8.850615901455766,57.53611581251013,IFT81;DLG5;IFT122;BTRC,194
Strap,SE,GO_Molecular_Function_2023,Transcription Cis-Regulatory Region Binding (GO:0000976),12/474,0.023930937330066307,2.7606679035250465,16.70256924422069,ATF2;TBP;TFDP2;RBBP5;NFYC;AGO2;RFXANK;BRCA1;BCOR;E2F6;TAF2;FOXP1,194
Strap,SE,GO_Molecular_Function_2023,Ubiquitin-Like Protein Transferase Activity (GO:0019787),8/240,0.023930937330066307,3.6288468668891363,21.83703596770005,FBXW11;UBA3;MDM2;ERCC8;BRCA1;BCOR;BTRC;ATG5,194
Strap,SE,GO_Biological_Process_2023,Regulation Of Nucleic Acid-Templated Transcription (GO:1903506),12/452,0.024947614444589757,2.901998001998002,18.69906225373876,ATF2;BRD1;ZZZ3;TADA2A;BRPF1;BRPF3;ACTR6;NFYC;ACTR5;MTF2;TADA3;KAT14,194
Strap,SE,GO_Cellular_Component_2023,Histone Acetyltransferase Complex (GO:0000123),3/27,0.02593313162487448,12.946335078534032,79.13954992778537,BRPF1;TADA2A;BRPF3,194
Strap,SE,GO_Cellular_Component_2023,Nuclear Chromosome (GO:0000228),5/95,0.02593313162487448,5.795414462081129,35.121252051034745,PBRM1;ACTR6;ACTR5;BRMS1L;NCAPD3,194
Strap,SE,GO_Biological_Process_2023,Negative Regulation Of Gene Expression (GO:0010629),10/336,0.026233820940584993,3.2475326753801013,20.724278664093017,FXR1;FLCN;PRKAA1;LSM6;FMR1;AGO2;CNOT10;DICER1;FOXP1;LSM2,194
Strap,SE,GO_Biological_Process_2023,"Regulation Of Alternative mRNA Splicing, Via Spliceosome (GO:0000381)",4/53,0.026567721747915534,8.488506981740064,53.96430349674708,FXR1;THRAP3;FMR1;RNPS1,194
Strap,SE,GO_Biological_Process_2023,Mismatch Repair (GO:0006298),3/25,0.02675066889294487,14.124702522608281,89.53714335366077,MSH3;PMS2;MLH1,194
Strap,SE,GO_Biological_Process_2023,Single Strand Break Repair (GO:0000012),2/7,0.028196637906223794,41.25208333333333,258.40016982812483,ERCC8;APTX,194
Strap,SE,GO_Biological_Process_2023,Somatic Hypermutation Of Immunoglobulin Genes (GO:0016446),2/7,0.028196637906223794,41.25208333333333,258.40016982812483,PMS2;MLH1,194
Strap,SE,GO_Biological_Process_2023,miRNA-mediated Gene Silencing (GO:0035195),3/26,0.02903557705947907,13.509902117004325,84.07970289329644,AGO2;TNRC6A;EIF4G1,194
Strap,SE,GO_Molecular_Function_2023,"DNA Endonuclease Activity, Producing 3'-Phosphomonoesters (GO:0016889)",2/9,0.029127881133586823,29.46279761904762,169.0492425948402,MUS81;XRCC3,194
Strap,SE,GO_Molecular_Function_2023,siRNA Binding (GO:0035197),2/9,0.029127881133586823,29.46279761904762,169.0492425948402,FMR1;DICER1,194
Strap,SE,GO_Biological_Process_2023,Mitotic DNA Damage Checkpoint Signaling (GO:0044773),4/56,0.03080997085672877,7.997570850202429,49.21157791777463,MUS81;ATF2;RINT1;BRCA1,194
Strap,SE,GO_Molecular_Function_2023,Histone H4K12 Acetyltransferase Activity (GO:0043997),2/10,0.03230187814238262,25.778645833333332,142.32288262374024,BRPF1;BRPF3,194
Strap,SE,GO_Molecular_Function_2023,Histone H4K5 Acetyltransferase Activity (GO:0043995),2/10,0.03230187814238262,25.778645833333332,142.32288262374024,BRPF1;BRPF3,194
Strap,SE,GO_Molecular_Function_2023,Histone H4K8 Acetyltransferase Activity (GO:0043996),2/10,0.03230187814238262,25.778645833333332,142.32288262374024,BRPF1;BRPF3,194
Strap,SE,GO_Molecular_Function_2023,Methylation-Dependent Protein Binding (GO:0140034),4/68,0.03358079172893901,6.494078947368421,35.37350921493085,ZZZ3;FMR1;MTF2;NCAPD3,194
Strap,SE,GO_Molecular_Function_2023,Core Promoter Sequence-Specific DNA Binding (GO:0001046),3/35,0.035262328814063396,9.705824607329843,52.06473825752725,TBP;AGO2;FOXP1,194
Strap,SE,GO_Biological_Process_2023,Regulation Of Autophagy (GO:0010506),8/241,0.03576625596032406,3.613087821311551,21.649673988702645,VPS29;FLCN;PRKAA1;RRAGB;AMBRA1;ATG13;EIF4G3;EIF4G1,194
Strap,SE,GO_Biological_Process_2023,RISC Complex Assembly (GO:0070922),2/8,0.03576625596032406,34.375,205.65335102551873,AGO2;DICER1,194
Strap,SE,GO_Molecular_Function_2023,Methylated Histone Binding (GO:0035064),4/71,0.036648124831133194,6.202356637863315,32.8287065727443,ZZZ3;FMR1;MTF2;NCAPD3,194
Strap,SE,GO_Biological_Process_2023,Morphogenesis Of An Epithelium (GO:0002009),3/29,0.038040604489716585,11.949254933548128,70.55535789232914,KDM2B;TIMELESS;PALS1,194
Strap,SE,GO_Biological_Process_2023,Histone Acetylation (GO:0016573),4/60,0.038040604489716585,7.424812030075188,43.80594756206506,TADA2A;TADA3;KAT14;TAF2,194
Strap,SE,GO_Biological_Process_2023,Regulation Of Cell Differentiation (GO:0045595),7/193,0.03885284666496042,3.948594100396757,23.17212812761939,SS18;PBRM1;PHF10;BIN1;TAF8;ARID1A;MTA3,194
Strap,SE,GO_Biological_Process_2023,Negative Regulation Of Transcription By Competitive Promoter Binding (GO:0010944),2/9,0.042108564930452064,29.46279761904762,169.0492425948402,CREB1;KDM2A,194
Strap,SE,GO_Biological_Process_2023,Camera-Type Eye Morphogenesis (GO:0048593),2/9,0.042108564930452064,29.46279761904762,169.0492425948402,KDM2B;IFT122,194
Strap,SE,GO_Biological_Process_2023,Telomere Maintenance Via Recombination (GO:0000722),2/9,0.042108564930452064,29.46279761904762,169.0492425948402,XRCC3;SMC6,194
Strap,SE,GO_Biological_Process_2023,Positive Regulation Of miRNA-mediated Gene Silencing (GO:2000637),2/9,0.042108564930452064,29.46279761904762,169.0492425948402,FXR1;FMR1,194
Strap,SE,GO_Biological_Process_2023,Homologous Recombination (GO:0035825),2/9,0.042108564930452064,29.46279761904762,169.0492425948402,RBBP8;BRCA1,194
Strap,SE,GO_Biological_Process_2023,Negative Regulation Of Intracellular Steroid Hormone Receptor Signaling Pathway (GO:0033144),3/31,0.0428013579871888,11.094614809274495,63.36848766882086,CNOT2;BRCA1;FOXP1,194
Strap,SE,GO_Biological_Process_2023,Positive Regulation Of T Cell Differentiation (GO:0045582),4/64,0.043219033302827295,6.928421052631579,39.25153277120655,PBRM1;PHF10;AMBRA1;ARID1A,194
Strap,SE,GO_Biological_Process_2023,protein-RNA Complex Assembly (GO:0022618),6/150,0.043219033302827295,4.357712765957447,24.670527596245925,CPSF7;GEMIN2;AGO2;STRAP;DICER1;GEMIN8,194
Strap,SE,GO_Biological_Process_2023,Lysosomal Transport (GO:0007041),5/105,0.043219033302827295,5.213227513227514,29.3346955928956,AP3M1;BIN1;AP1G1;AKTIP;CHMP2A,194
Strap,SE,GO_Biological_Process_2023,NIK/NF-kappaB Signaling (GO:0038061),3/32,0.043219033302827295,10.711500270807004,60.20185699361298,CHUK;DICER1;BTRC,194
Strap,SE,GO_Biological_Process_2023,Regulation Of Metaphase/Anaphase Transition Of Cell Cycle (GO:1902099),3/32,0.043219033302827295,10.711500270807004,60.20185699361298,PBRM1;PHF10;ARID1A,194
Strap,SE,GO_Biological_Process_2023,Neural Tube Closure (GO:0001843),3/32,0.043219033302827295,10.711500270807004,60.20185699361298,KDM2B;IFT122;SCRIB,194
Strap,SE,GO_Biological_Process_2023,Histone Lysine Methylation (GO:0034968),3/32,0.043219033302827295,10.711500270807004,60.20185699361298,RBBP5;NCOA6;WDR82,194
Strap,SE,GO_Biological_Process_2023,Protein Phosphorylation (GO:0006468),12/500,0.043219033302827295,2.610070257611241,14.666215090154251,PLK4;ATF2;PRKAA1;TBP;CREB1;CCNT1;CHUK;STRADA;TAF8;PRKAB1;ATG13;TAF2,194
Strap,SE,GO_Biological_Process_2023,Regulation Of Translation (GO:0006417),7/202,0.043219033302827295,3.764623611682435,21.145410294453313,FXR1;POLDIP3;FMR1;METTL5;CNOT10;EIF4G3;EIF4G1,194
Strap,SE,GO_Biological_Process_2023,RNA Export From Nucleus (GO:0006405),4/65,0.043219033302827295,6.814495254529767,38.22436966770441,CHTOP;NUP188;FMR1;THOC7,194
Strap,SE,GO_Biological_Process_2023,Regulation Of G1/S Transition Of Mitotic Cell Cycle (GO:2000045),5/106,0.0438311042314202,5.161349468280162,28.833364956830597,PBRM1;PHF10;AMBRA1;ARID1A;EIF4G1,194
Strap,SE,GO_Biological_Process_2023,Monoubiquitinated Protein Deubiquitination (GO:0035520),3/33,0.044358072821723056,10.35392670157068,57.278802844106615,TADA3;USP1;TAF2,194
Strap,SE,GO_Biological_Process_2023,Regulation Of G0 To G1 Transition (GO:0070316),3/33,0.044358072821723056,10.35392670157068,57.278802844106615,PBRM1;PHF10;ARID1A,194
Strap,SE,GO_Biological_Process_2023,ncRNA Catabolic Process (GO:0034661),3/33,0.044358072821723056,10.35392670157068,57.278802844106615,ZCCHC8;WDR82;DICER1,194
Strap,SE,GO_Biological_Process_2023,Regulation Of mRNA Polyadenylation (GO:1900363),2/10,0.044358072821723056,25.778645833333332,142.32288262374024,CPSF7;VIRMA,194
Strap,SE,GO_Biological_Process_2023,Nuclear Pore Complex Assembly (GO:0051292),2/10,0.044358072821723056,25.778645833333332,142.32288262374024,FXR1;NDC1,194
Strap,SE,GO_Biological_Process_2023,Positive Regulation Of Post-Transcriptional Gene Silencing By RNA (GO:1900370),2/10,0.044358072821723056,25.778645833333332,142.32288262374024,FXR1;FMR1,194
Strap,SE,GO_Biological_Process_2023,Positive Regulation Of DNA Metabolic Process (GO:0051054),5/108,0.044358072821723056,5.060615400421225,27.866920575412024,CTC1;ACD;BRPF3;ACTR5;BRCA1,194
Strap,SE,GO_Biological_Process_2023,Positive Regulation Of Translation (GO:0045727),5/108,0.044358072821723056,5.060615400421225,27.866920575412024,FXR1;POLDIP3;FMR1;METTL5;EIF4G3,194
Strap,SE,GO_Biological_Process_2023,Telomere Maintenance (GO:0000723),4/68,0.04596252628221629,6.494078947368421,35.37350921493085,CTC1;ACTR5;XRCC3;SMC6,194
Strap,SE,GO_Biological_Process_2023,Transcription Initiation-Coupled Chromatin Remodeling (GO:0045815),3/34,0.04596252628221629,10.019422394865732,54.57381438193792,N6AMT1;ATF2;RBBP5,194
Strap,SE,GO_Biological_Process_2023,Histone Deubiquitination (GO:0016578),3/34,0.04596252628221629,10.019422394865732,54.57381438193792,TADA3;BRCA1;TAF2,194
Strap,SE,GO_Cellular_Component_2023,Spindle (GO:0005819),7/210,0.04628787440372912,3.6147888622533655,19.53882637760705,IQCB1;FLCN;ZZZ3;TADA2A;TFDP2;TADA3;KAT14,194
Strap,SE,GO_Cellular_Component_2023,Cul4-RING E3 Ubiquitin Ligase Complex (GO:0080008),3/35,0.04628787440372912,9.705824607329843,52.06473825752725,ERCC8;DCAF4;DDA1,194
Strap,SE,GO_Cellular_Component_2023,MLL3/4 Complex (GO:0044666),2/11,0.04628787440372912,22.913194444444443,122.05102941405032,NCOA6;RBBP5,194
Strap,SE,GO_Molecular_Function_2023,Histone H3 Acetyltransferase Activity (GO:0010484),2/13,0.04806304451315437,18.745265151515152,93.53963789377018,BRD1;BRPF3,194
Strap,SE,GO_Biological_Process_2023,Regulation Of Transforming Growth Factor Beta Receptor Signaling Pathway (GO:0017015),5/111,0.04824965041475782,4.916641709094539,26.502036678119715,FLCN;SIN3A;BRMS1L;STRAP;PALS1,194
Strap,SE,GO_Biological_Process_2023,"mRNA Splicing, Via Spliceosome (GO:0000398)",7/211,0.04838618823368902,3.596885813148789,19.34959508821743,ZCCHC8;LSM6;GEMIN2;STRAP;RNPS1;GEMIN8;LSM2,194
Strap,SE,GO_Biological_Process_2023,Establishment Of Spindle Orientation (GO:0051294),3/35,0.04874656143785935,9.705824607329843,52.06473825752725,NSFL1C;FBXW11;LLGL2,194
Strap,SE,GO_Biological_Process_2023,"RNA Splicing, Via Endonucleolytic Cleavage And Ligation (GO:0000394)",2/11,0.04945559038868661,22.913194444444443,122.05102941405032,ZBTB8OS;TSEN2,194
Strap,SE,GO_Biological_Process_2023,"tRNA Splicing, Via Endonucleolytic Cleavage And Ligation (GO:0006388)",2/11,0.04945559038868661,22.913194444444443,122.05102941405032,ZBTB8OS;TSEN2,194
Strap,SE,GO_Biological_Process_2023,Histone H2A Ubiquitination (GO:0033522),2/11,0.04945559038868661,22.913194444444443,122.05102941405032,RING1;BRCA1,194
Tra2b,SE,GO_Cellular_Component_2023,Intracellular Membrane-Bounded Organelle (GO:0043231),98/5175,2.8213158086118668e-11,2.9615627667257565,87.4322666765923,VPS29;CCNT1;FMR1;DCAF8;STK11;DPF2;KDM2B;FBXW11;METTL3;DNTTIP1;THOC7;BIN1;MSH3;TFAM;BLZF1;LLGL2;COPS7B;PDS5B;FXR1;BAG6;NAE1;KAT14;SEC31A;SMAD2;CHTOP;PHC1;CPSF6;CPSF1;INTS2;FANCE;LSM2;IFT20;NSFL1C;STAG1;STAG2;LSM6;HOOK2;CNOT2;TADA3;UBA2;RNPS1;RPS24;RBM27;MUS81;PIK3CB;MED17;FLCN;ING3;AP1G1;AP3S1;NELFCD;BUD23;TOPBP1;YAF2;POLG;ACTR2;PBRM1;NCBP1;STRADA;AKTIP;PEX2;RAD23A;BAZ1B;TERF2;SUPV3L1;MED22;TFDP1;TFDP2;THRAP3;TRAPPC6B;MED21;MTF2;GAPDH;ITGB3BP;GTF2A2;ATF6B;RNMT;POLDIP3;NAA20;GPS1;ADD1;BCLAF1;POLD1;EXOSC8;RBBP8;BRD9;BRD8;POLR2H;MTA3;EXOSC1;ASCC1;DTNBP1;CENPH;ACIN1;FAM98A;ERCC6;TAF2;TNRC6A,194
Tra2b,SE,GO_Cellular_Component_2023,Nucleus (GO:0005634),87/4487,2.976026263518131e-10,2.8469031435853864,75.36670298718272,RBM27;MUS81;CCNT1;FMR1;DCAF8;PIK3CB;MED17;FLCN;STK11;ING3;DPF2;NELFCD;BUD23;TOPBP1;YAF2;ACTR2;PBRM1;KDM2B;NCBP1;STRADA;FBXW11;AKTIP;METTL3;DNTTIP1;RAD23A;BAZ1B;TERF2;THOC7;SUPV3L1;MED22;TFDP1;TFDP2;BIN1;MSH3;THRAP3;MED21;MTF2;TFAM;GAPDH;BLZF1;ITGB3BP;GTF2A2;ATF6B;RNMT;POLDIP3;NAA20;GPS1;COPS7B;PDS5B;ADD1;FXR1;BAG6;BCLAF1;POLD1;EXOSC8;RBBP8;BRD9;BRD8;NAE1;POLR2H;MTA3;KAT14;EXOSC1;SMAD2;CHTOP;PHC1;CPSF6;CPSF1;ASCC1;INTS2;DTNBP1;FANCE;LSM2;NSFL1C;STAG1;STAG2;LSM6;CENPH;CNOT2;TADA3;UBA2;ACIN1;RNPS1;FAM98A;ERCC6;RPS24;TAF2,194
Tra2b,SE,GO_Molecular_Function_2023,RNA Binding (GO:0003723),40/1411,1.4208232174645865e-7,3.4925687004461623,73.9984298827718,RBM27;SRP19;RNMT;POLDIP3;FMR1;U2AF1;RTF1;ADD1;FXR1;BCLAF1;TCOF1;FIP1L1;UTP20;NELFCD;BUD23;EXOSC1;PTCD3;NOP56;DYNC1H1;CHTOP;CPSF6;NCBP1;KRR1;METTL3;IMMT;PPHLN1;LSM2;SUPV3L1;MRPS9;LSM6;THRAP3;CSDE1;TFAM;ACIN1;RNPS1;FAM98A;EIF4E2;RPS24;TNRC6A;DAP3,194
Tra2b,SE,GO_Cellular_Component_2023,Chromosome (GO:0005694),12/164,4.451403562081689e-6,8.525448235974551,140.28443848968905,SYCE2;STAG1;PBRM1;STAG2;CENPH;KRR1;FMR1;EXOSC8;DNTTIP1;PDS5B;TOPBP1;FANCE,194
Tra2b,SE,GO_Cellular_Component_2023,Intracellular Non-Membrane-Bounded Organelle (GO:0043232),32/1195,7.437358226769289e-6,3.1664384361432227,49.56682282198107,SRP19;INO80B;CCNT1;FMR1;FAF2;PDS5B;PIK3CB;ADD1;FXR1;SYCE2;TCOF1;EXOSC8;UTP20;BUD23;TOPBP1;EXOSC1;NOP56;IDH3G;KRR1;DNTTIP1;BAZ1B;FANCE;STAG1;MRPS9;STAG2;ZZZ3;LSM6;CENPH;BIN1;ERCC6;GAPDH;MAD1L1,194
Tra2b,SE,GO_Molecular_Function_2023,Protein Heterodimerization Activity (GO:0046982),12/190,4.014543534521069e-5,7.270527225583406,107.97016213564243,FXR1;QTRT1;EXT2;GTF2A2;LSM6;TCOF1;FMR1;METTL3;UBA2;NAE1;BUD23;ADD1,194
Tra2b,SE,GO_Biological_Process_2023,Transcription By RNA Polymerase II (GO:0006366),13/192,4.7461070329453034e-5,7.875273928207661,132.3210225721153,PBRM1;GTF2A2;CCNT1;NCBP1;PEX2;GTF2H1;RTF1;MED17;TFDP1;TAF1A;POLR2H;ERCC6;TAF2,194
Tra2b,SE,GO_Biological_Process_2023,RNA Catabolic Process (GO:0006401),8/57,4.7461070329453034e-5,17.342111037963573,284.5979039998355,SUPV3L1;RNASEH2A;LSM6;NCBP1;METTL3;EXOSC8;EXOSC1;LSM2,194
Tra2b,SE,GO_Biological_Process_2023,DNA Metabolic Process (GO:0006259),15/288,6.340971745719537e-5,5.995764012523789,94.22719014912279,MUS81;INO80B;RNASEH2A;FMR1;GTF2H1;PDS5B;TERF2;SUPV3L1;ORC6;MSH3;POLD1;ERCC1;RBBP8;TOPBP1;POLG,194
Tra2b,SE,GO_Cellular_Component_2023,Nucleolus (GO:0005730),23/771,6.65934687027405e-5,3.426947493510961,45.367900581754135,NOP56;SRP19;INO80B;CCNT1;IDH3G;KRR1;FMR1;DNTTIP1;PIK3CB;BAZ1B;FXR1;MRPS9;STAG2;ZZZ3;LSM6;TCOF1;CENPH;EXOSC8;UTP20;BUD23;POLR2H;ERCC6;EXOSC1,194
Tra2b,SE,GO_Cellular_Component_2023,Nuclear Lumen (GO:0031981),23/780,6.74451724041642e-5,3.3846052824708184,44.14725028853103,NOP56;SRP19;INO80B;PBRM1;CCNT1;IDH3G;KRR1;FMR1;DNTTIP1;PIK3CB;BAZ1B;FXR1;MRPS9;STAG2;ZZZ3;LSM6;TCOF1;CENPH;EXOSC8;UTP20;BUD23;ERCC6;EXOSC1,194
Tra2b,SE,GO_Biological_Process_2023,DNA Repair (GO:0006281),14/291,3.239663976900396e-4,5.483473726434015,75.65506006672673,MUS81;RNASEH2A;ASCC1;FMR1;GTF2H1;RAD23A;PDS5B;FANCE;MSH3;POLD1;ERCC1;RBBP8;TOPBP1;ERCC6,194
Tra2b,SE,GO_Molecular_Function_2023,Nuclear Thyroid Hormone Receptor Binding (GO:0046966),5/27,4.169613489532988e-4,23.79028379028379,287.9680565233541,MED22;THRAP3;GTF2H1;BRD8;MED17,194
Tra2b,SE,GO_Biological_Process_2023,Nucleobase-Containing Compound Catabolic Process (GO:0034655),6/44,8.58402117991913e-4,16.60246360582307,206.337225219032,MUS81;SUPV3L1;RNASEH2A;NCBP1;EXOSC8;EXOSC1,194
Tra2b,SE,GO_Biological_Process_2023,DNA-templated Transcription (GO:0006351),11/199,8.58402117991913e-4,6.272468317637484,77.88539073044696,SMAD2;GTF2A2;TFDP1;GTF3C4;CCNT1;TAF1A;TFAM;RNPS1;GTF2H1;POLR2H;ERCC6,194
Tra2b,SE,GO_Biological_Process_2023,DNA Damage Response (GO:0006974),15/384,9.92333381854991e-4,4.414089112958169,53.489433218087306,MUS81;FMR1;METTL3;GTF2H1;PDS5B;BAZ1B;BCLAF1;STK11;MSH3;POLD1;ERCC1;RBBP8;NAE1;TOPBP1;BID,194
Tra2b,SE,GO_Biological_Process_2023,Mitochondrial Gene Expression (GO:0140053),8/103,0.0011673629041839275,8.924052065647992,105.49936002722548,MRPS17;PTCD3;MRPS9;TFAM;MRPL48;MRPL24;DAP3;MRPL33,194
Tra2b,SE,GO_Biological_Process_2023,Regulation Of Transcription Elongation By RNA Polymerase II (GO:0034243),7/77,0.0013885938261569018,10.554010695187166,121.69391578972568,MED22;CCNT1;NCBP1;MED21;INTS2;NELFCD;MED17,194
Tra2b,SE,GO_Molecular_Function_2023,DNA Binding (GO:0003677),22/846,0.0014666559111439041,2.946517272522014,31.112308286994207,SMAD2;GTF3C4;CCNT1;KDM2B;FMR1;DNTTIP1;RAD23A;RTF1;PDS5B;SUPV3L1;BCLAF1;MSH3;THRAP3;POLD1;ERCC1;MTF2;RBBP8;TFAM;POLR2H;ERCC6;YAF2;POLG,194
Tra2b,SE,GO_Biological_Process_2023,Chromatin Organization (GO:0006325),12/268,0.0016140366287797996,5.035199175824176,56.770751210873236,INO80B;PBRM1;CHTOP;PHC1;ZZZ3;KDM2B;MTF2;DPF2;BRD9;ERCC6;BAZ1B;MTA3,194
Tra2b,SE,GO_Biological_Process_2023,Chromatin Remodeling (GO:0006338),11/228,0.0017000761034664216,5.426179144317695,60.37998604502942,INO80B;PBRM1;CHTOP;PHC1;KDM2B;MTF2;DPF2;BRD9;ERCC6;BAZ1B;MTA3,194
Tra2b,SE,GO_Biological_Process_2023,"Positive Regulation Of DNA-templated Transcription, Elongation (GO:0032786)",6/56,0.0017727140758557831,12.610212765957447,138.69572804320603,MED22;CCNT1;NCBP1;MED21;ERCC6;MED17,194
Tra2b,SE,GO_Biological_Process_2023,Nuclear-Transcribed mRNA Catabolic Process (GO:0000956),7/85,0.0018484446491997411,9.467708761826408,102.97844197703259,PAN2;NCBP1;THRAP3;CSDE1;CNOT2;EXOSC8;RNPS1,194
Tra2b,SE,GO_Cellular_Component_2023,Mitochondrial Inner Membrane (GO:0005743),13/370,0.0018589298693466555,3.9128557500348204,37.457583266209355,MRPS17;PTCD3;TIMM9;NDUFA10;IMMT;TIMM22;TIMM44;MRPL48;MRPL24;CLPX;MRPL33;MRPS9;DAP3,194
Tra2b,SE,GO_Biological_Process_2023,Regulation Of Histone Modification (GO:0031056),4/18,0.0021451136691674967,29.762406015037595,317.0842435403174,FLCN;ZZZ3;TADA3;KAT14,194
Tra2b,SE,GO_Biological_Process_2023,mRNA Export From Nucleus (GO:0006406),6/62,0.002558743243544102,11.255699088145896,117.1553334547799,CHTOP;NCBP1;POLDIP3;FMR1;NUP88;THOC7,194
Tra2b,SE,GO_Biological_Process_2023,Internal Peptidyl-Lysine Acetylation (GO:0018393),5/39,0.002842390822270743,15.384375972611267,157.447486867012,BAG6;ING3;TADA3;BRD8;KAT14,194
Tra2b,SE,GO_Biological_Process_2023,Regulation Of DNA Repair (GO:0006282),8/129,0.002842390822270743,6.997245179063361,71.21965575925809,INO80B;PBRM1;ING3;TADA3;DPF2;BRD8;ERCC6;TAF2,194
Tra2b,SE,GO_Cellular_Component_2023,Organelle Inner Membrane (GO:0019866),13/398,0.0032527987380614096,3.623060916983569,32.04666830708381,MRPS17;PTCD3;TIMM9;NDUFA10;IMMT;TIMM22;TIMM44;MRPL48;MRPL24;CLPX;MRPL33;MRPS9;DAP3,194
Tra2b,SE,GO_Cellular_Component_2023,P-body (GO:0000932),6/83,0.0032527987380614096,8.177258911301465,71.65015282034923,PAN2;LSM6;CNOT2;EIF4E2;TNRC6A;LSM2,194
Tra2b,SE,GO_Biological_Process_2023,Mitochondrial Translation (GO:0032543),7/98,0.003365573350265137,8.109831345125462,80.71010336686449,MRPS17;PTCD3;MRPS9;MRPL48;MRPL24;DAP3;MRPL33,194
Tra2b,SE,GO_Biological_Process_2023,DNA Recombination (GO:0006310),5/42,0.0034701250209963432,14.134849134849135,139.47521988251728,SUPV3L1;MSH3;ERCC1;RBBP8;TOPBP1,194
Tra2b,SE,GO_Biological_Process_2023,Positive Regulation Of Transcription Elongation By RNA Polymerase II (GO:0032968),5/43,0.0035249641865122737,13.762183235867447,134.20479660844813,MED22;CCNT1;NCBP1;MED21;MED17,194
Tra2b,SE,GO_Biological_Process_2023,mRNA Catabolic Process (GO:0006402),5/43,0.0035249641865122737,13.762183235867447,134.20479660844813,SUPV3L1;LSM6;THRAP3;METTL3;LSM2,194
Tra2b,SE,GO_Biological_Process_2023,Positive Regulation Of DNA-templated Transcription (GO:0045893),27/1243,0.004086730131701524,2.4716849196344155,23.6226673981168,INO80B;GTF2A2;CCNT1;ATF6B;MED17;FLCN;BCLAF1;ING3;BRD8;YAF2;MTA3;SMAD2;ACTR2;FBXW11;GTF2H1;PEX2;BAZ1B;MED22;TFDP1;TFDP2;THRAP3;MED21;TADA3;TFAM;UBA2;ERCC6;TAF2,194
Tra2b,SE,GO_Biological_Process_2023,Lysosomal Transport (GO:0007041),7/105,0.004093331677417741,7.527883880825057,71.59956732476117,HOOK2;BIN1;AP1G1;AKTIP;VPS41;CHMP2A;VPS16,194
Tra2b,SE,GO_Cellular_Component_2023,ATAC Complex (GO:0140672),3/13,0.004473709139808609,31.093193717277487,259.2569444414084,ZZZ3;TADA3;KAT14,194
Tra2b,SE,GO_Cellular_Component_2023,Mitochondrial Membrane (GO:0031966),15/540,0.004480756058516965,3.0775738228252196,25.36283007447573,MRPS17;PTCD3;TIMM9;NDUFA10;IMMT;TIMM22;TIMM44;MRPL48;MRPL24;CLPX;MRPL33;QTRT1;MRPS9;BID;DAP3,194
Tra2b,SE,GO_Biological_Process_2023,Histone H3-K14 Acetylation (GO:0044154),3/10,0.005435602880507962,44.42557965594615,408.05235891578644,ZZZ3;TADA3;KAT14,194
Tra2b,SE,GO_Cellular_Component_2023,COPII Vesicle Coat (GO:0030127),3/15,0.005846797199865048,25.908376963350786,204.36691546459275,SEC24B;SEC24C;SEC31A,194
Tra2b,SE,GO_Cellular_Component_2023,Vesicle Coat (GO:0030120),4/37,0.006223114160396131,12.614354066985646,97.45765639758024,SEC24B;COPG1;SEC24C;SEC31A,194
Tra2b,SE,GO_Cellular_Component_2023,SAGA-type Complex (GO:0070461),4/38,0.006223114160396131,12.242724458204334,93.31728752968353,ZZZ3;TADA3;KAT14;TAF2,194
Tra2b,SE,GO_Cellular_Component_2023,Mitotic Spindle (GO:0072686),7/143,0.006223114160396131,5.41404529726329,41.16051349959702,FLCN;ZZZ3;TFDP2;TADA3;MAD1L1;KAT14;HAUS2,194
Tra2b,SE,GO_Biological_Process_2023,Positive Regulation Of Transcription Initiation By RNA Polymerase II (GO:0060261),5/52,0.00744959904714284,11.121805696273782,98.19514525680547,MED22;GTF2A2;MED21;TAF2;MED17,194
Tra2b,SE,GO_Biological_Process_2023,Regulation Of Translation (GO:0006417),9/202,0.007569150302156598,4.943761377958269,43.12029945755507,FXR1;TCOF1;NCBP1;POLDIP3;CSDE1;FMR1;METTL3;EIF4E2;GAPDH,194
Tra2b,SE,GO_Biological_Process_2023,Regulation Of Cell Cycle (GO:0051726),11/298,0.007569150302156598,4.088060014089602,35.6085448080457,INO80B;STK11;ZZZ3;ING3;BIN1;METTL3;TADA3;RAD23A;BRD8;KAT14;ANAPC2,194
Tra2b,SE,GO_Biological_Process_2023,Positive Regulation Of Double-Strand Break Repair (GO:2000781),6/84,0.007569150302156598,8.072013093289689,70.19439941566965,ACTR2;PBRM1;ING3;DPF2;BRD8;ERCC6,194
Tra2b,SE,GO_Biological_Process_2023,mRNA Metabolic Process (GO:0016071),6/85,0.007569150302156598,7.969431726366819,68.78275325013108,CPSF6;LSM6;NCBP1;METTL3;U2AF1;LSM2,194
Tra2b,SE,GO_Biological_Process_2023,Macromolecule Catabolic Process (GO:0009057),6/85,0.007569150302156598,7.969431726366819,68.78275325013108,MUS81;SUPV3L1;RNASEH2A;NCBP1;EXOSC8;EXOSC1,194
Tra2b,SE,GO_Biological_Process_2023,Primary miRNA Processing (GO:0031053),3/12,0.0076053130376175825,34.54973821989529,296.89511602543797,SMAD2;NCBP1;METTL3,194
Tra2b,SE,GO_Biological_Process_2023,RNA Polymerase II Preinitiation Complex Assembly (GO:0051123),5/56,0.00803886823310246,10.247432306255835,86.85011585236848,MED22;GTF2A2;MED21;TAF2;MED17,194
Tra2b,SE,GO_Biological_Process_2023,Positive Regulation Of DNA-templated Transcription Initiation (GO:2000144),5/56,0.00803886823310246,10.247432306255835,86.85011585236848,MED22;GTF2A2;MED21;TAF2;MED17,194
Tra2b,SE,GO_Molecular_Function_2023,Ribosome Binding (GO:0043022),6/85,0.008068999850412224,7.969431726366819,68.78275325013108,SEC61A2;BAG6;PTCD3;SRP19;CPSF6;FMR1,194
Tra2b,SE,GO_Biological_Process_2023,Regulation Of Transcription Initiation By RNA Polymerase II (GO:0060260),5/57,0.008243513108455355,10.049857549857549,84.33163457455984,MED22;GTF2A2;MED21;TAF2;MED17,194
Tra2b,SE,GO_Biological_Process_2023,Endosome To Lysosome Transport (GO:0008333),5/57,0.008243513108455355,10.049857549857549,84.33163457455984,HOOK2;BIN1;AKTIP;VPS41;VPS16,194
Tra2b,SE,GO_Biological_Process_2023,mRNA Transport (GO:0051028),5/58,0.008702233176642687,9.859738444644105,81.92459044659216,CHTOP;NCBP1;FMR1;NUP88;THOC7,194
Tra2b,SE,GO_Biological_Process_2023,Regulation Of Multicellular Organismal Development (GO:2000026),5/59,0.008937360784737636,9.6766607877719,79.62222151279312,BAG6;INO80B;ZZZ3;TADA3;KAT14,194
Tra2b,SE,GO_Biological_Process_2023,Transcription Preinitiation Complex Assembly (GO:0070897),5/59,0.008937360784737636,9.6766607877719,79.62222151279312,MED22;GTF2A2;MED21;TAF2;MED17,194
Tra2b,SE,GO_Molecular_Function_2023,Nuclear Vitamin D Receptor Binding (GO:0042809),3/13,0.009011214488384543,31.093193717277487,259.2569444414084,MED22;THRAP3;MED17,194
Tra2b,SE,GO_Biological_Process_2023,Histone Acetylation (GO:0016573),5/60,0.00942581610633373,9.5002405002405,77.41828690493647,ING3;TADA3;BRD8;KAT14;TAF2,194
Tra2b,SE,GO_Biological_Process_2023,COPII-coated Vesicle Cargo Loading (GO:0090110),3/14,0.009613488876433308,28.265111851499285,229.06200308347275,SEC24B;SEC24C;SEC31A,194
Tra2b,SE,GO_Biological_Process_2023,Organelle Assembly (GO:0070925),11/322,0.009950374850859369,3.767944054961081,30.31280370987849,FXR1;IFT20;NSFL1C;IFT52;ACTR2;AP1G1;FMR1;CHMP2A;IFT27;AP3S1;ATG5,194
Tra2b,SE,GO_Biological_Process_2023,Regulation Of Embryonic Development (GO:0045995),5/62,0.010209378035152882,9.165970481759956,73.28307692028669,BAG6;INO80B;ZZZ3;TADA3;KAT14,194
Tra2b,SE,GO_Cellular_Component_2023,Cdc73/Paf1 Complex (GO:0016593),2/5,0.010731796142369233,68.76041666666667,480.8460106799223,PEX2;RTF1,194
Tra2b,SE,GO_Biological_Process_2023,Positive Regulation Of Double-Strand Break Repair Via Homologous Recombination (GO:1905168),4/36,0.01127746516038631,13.009210526315789,101.89833623696674,ACTR2;ING3;BRD8;ERCC6,194
Tra2b,SE,GO_Biological_Process_2023,Histone H3 Acetylation (GO:0043966),4/36,0.01127746516038631,13.009210526315789,101.89833623696674,ZZZ3;TADA3;KAT14;TAF2,194
Tra2b,SE,GO_Biological_Process_2023,Apoptotic Process (GO:0006915),9/228,0.01127746516038631,4.351055164753795,34.05410772597958,FXR1;BAG6;BCLAF1;STK11;DPF2;NDUFS1;NAE1;BID;GAPDH,194
Tra2b,SE,GO_Biological_Process_2023,Regulation Of DNA-templated Transcription (GO:0006355),34/1922,0.01132114965863366,2.0167240466101695,15.695753541211166,INO80B;CCNT1;ATF6B;MED17;BCLAF1;ING3;DPF2;RBBP8;BRD9;BRD8;YAF2;MTA3;KAT14;SMAD2;PBRM1;KDM2B;FBXW11;ASCC1;FBXL19;GTF2H1;BAZ1B;MED22;ZZZ3;TFDP1;TFDP2;THRAP3;MED21;CNOT2;MTF2;TADA3;TFAM;UBA2;ERCC6;TAF2,194
Tra2b,SE,GO_Biological_Process_2023,RNA Export From Nucleus (GO:0006405),5/65,0.01132114965863366,8.706349206349206,67.68748360780532,CHTOP;NCBP1;FMR1;NUP88;THOC7,194
Tra2b,SE,GO_Biological_Process_2023,RNA Processing (GO:0006396),8/183,0.01132114965863366,4.824823348694316,37.432076628762516,CPSF6;LSM6;NCBP1;METTL3;EXOSC8;RNPS1;U2AF1;EXOSC1,194
Tra2b,SE,GO_Biological_Process_2023,Intraciliary Anterograde Transport (GO:0035720),3/16,0.011677159259191446,23.914216673378977,183.84229045330696,IFT20;IFT52;IFT27,194
Tra2b,SE,GO_Biological_Process_2023,Negative Regulation Of Gene Expression (GO:0010629),11/336,0.011677159259191446,3.603043295502312,27.694587939758527,FXR1;FLCN;LSM6;PDCD10;FMR1;METTL3;PPHLN1;EIF4E2;TERF2;GAPDH;LSM2,194
Tra2b,SE,GO_Biological_Process_2023,RNA 3'-End Processing (GO:0031123),4/38,0.012207012767077944,12.242724458204334,93.31728752968353,SUPV3L1;CPSF6;NCBP1;INTS2,194
Tra2b,SE,GO_Biological_Process_2023,Axonal Transport (GO:0098930),4/39,0.013240113043682684,11.892330827067669,89.44942946905404,DYNC1H1;FBXW11;DTNBP1;AP3S1,194
Tra2b,SE,GO_Biological_Process_2023,Regulation Of Tubulin Deacetylation (GO:0090043),3/17,0.01326654919371708,22.20493642483171,166.54953212604704,ZZZ3;TADA3;KAT14,194
Tra2b,SE,GO_Biological_Process_2023,mRNA 3'-End Processing (GO:0031124),4/40,0.014059783879391006,11.56140350877193,85.8295295796163,CPSF6;CPSF1;NCBP1;PEX2,194
Tra2b,SE,GO_Biological_Process_2023,Negative Regulation Of Translation (GO:0017148),6/107,0.014310140214381041,6.22656414577628,46.000607145278984,FXR1;FMR1;METTL3;EIF4E2;GAPDH;TNRC6A,194
Tra2b,SE,GO_Cellular_Component_2023,TIM22 Mitochondrial Import Inner Membrane Insertion Complex (GO:0042721),2/6,0.014329571465597693,51.567708333333336,340.0376225781537,TIMM9;TIMM22,194
Tra2b,SE,GO_Cellular_Component_2023,Core Mediator Complex (GO:0070847),3/23,0.014329571465597693,15.538743455497382,102.34075627975642,MED22;MED21;MED17,194
Tra2b,SE,GO_Biological_Process_2023,Gene Expression (GO:0010467),10/296,0.014697316637857083,3.709334144116753,27.21069592658591,MRPS17;CHTOP;NCBP1;FMR1;EXOSC8;NUP88;MRPL24;RPS24;EXOSC1;THOC7,194
Tra2b,SE,GO_Biological_Process_2023,Regulation Of Protein Deacetylation (GO:0090311),3/18,0.014697316637857083,20.723560209424083,151.80805336552052,ZZZ3;TADA3;KAT14,194
Tra2b,SE,GO_Biological_Process_2023,Vesicle-Mediated Transport (GO:0016192),12/411,0.015477278098897257,3.2069734776501693,23.27071351894791,AP5M1;HOOK2;BIN1;AP1G1;AKTIP;VPS41;CHMP2A;KXD1;IFT27;AP3S1;EXOC2;VPS16,194
Tra2b,SE,GO_Cellular_Component_2023,cullin-RING Ubiquitin Ligase Complex (GO:0031461),7/174,0.015510829209802067,4.402094207307311,28.406214185200263,FBXW5;FBXW11;FBXL19;DCAF8;DCAF4;ANAPC2;FBXL12,194
Tra2b,SE,GO_Cellular_Component_2023,INO80-type Complex (GO:0097346),3/25,0.016174921053557587,14.124702522608281,89.53714335366077,INO80B;ING3;BRD8,194
Tra2b,SE,GO_Cellular_Component_2023,U6 snRNP (GO:0005688),2/7,0.016174921053557587,41.25208333333333,258.40016982812483,LSM6;LSM2,194
Tra2b,SE,GO_Cellular_Component_2023,ER To Golgi Transport Vesicle Membrane (GO:0012507),4/55,0.016174921053557587,8.154798761609907,50.722095774844675,MCFD2;SEC24B;SEC24C;SEC31A,194
Tra2b,SE,GO_Cellular_Component_2023,Coated Vesicle Membrane (GO:0030662),4/55,0.016174921053557587,8.154798761609907,50.722095774844675,MCFD2;SEC24B;SEC24C;SEC31A,194
Tra2b,SE,GO_Biological_Process_2023,RNA Destabilization (GO:0050779),3/19,0.0161925738319605,19.42735602094241,139.1129714434836,RBM27;FXR1;METTL3,194
Tra2b,SE,GO_Biological_Process_2023,Neuron Apoptotic Process (GO:0051402),3/19,0.0161925738319605,19.42735602094241,139.1129714434836,NAE1;BID;GAPDH,194
Tra2b,SE,GO_Biological_Process_2023,Mitotic Sister Chromatid Cohesion (GO:0007064),3/19,0.0161925738319605,19.42735602094241,139.1129714434836,STAG1;STAG2;PDS5B,194
Tra2b,SE,GO_Biological_Process_2023,Positive Regulation Of Transcription By RNA Polymerase II (GO:0045944),20/938,0.016806146986145937,2.364961310194576,16.808304878707617,SMAD2;ACTR2;GTF2A2;CCNT1;NCBP1;ATF6B;PEX2;BAZ1B;MED17;MED22;FLCN;BCLAF1;TFDP1;TFDP2;THRAP3;MED21;UBA2;BRD8;ERCC6;TAF2,194
Tra2b,SE,GO_Biological_Process_2023,Transcription Initiation At RNA Polymerase II Promoter (GO:0006367),5/76,0.017419753219398055,7.353379536478128,51.88075081535001,MED22;GTF2A2;MED21;TAF2;MED17,194
Tra2b,SE,GO_Biological_Process_2023,7-Methylguanosine RNA Capping (GO:0009452),2/5,0.018249792370446074,68.76041666666667,480.8460106799223,NCBP1;RNMT,194
Tra2b,SE,GO_Cellular_Component_2023,Mitochondrial Matrix (GO:0005759),10/355,0.019674680699721964,3.0656899810964084,18.337355644050056,SUPV3L1;SUCLA2;IDH3G;TFAM;PYCR1;TIMM44;NDUFS1;MRPL48;CLPX;POLG,194
Tra2b,SE,GO_Cellular_Component_2023,SWI/SNF Complex (GO:0016514),3/29,0.019704106751670385,11.949254933548128,70.55535789232914,PBRM1;DPF2;BRD9,194
Tra2b,SE,GO_Cellular_Component_2023,Transport Vesicle Membrane (GO:0030658),4/60,0.019704106751670385,7.424812030075188,43.80594756206506,MCFD2;SEC24B;SEC24C;SEC31A,194
Tra2b,SE,GO_Cellular_Component_2023,SCF Ubiquitin Ligase Complex (GO:0019005),4/61,0.02015404966455391,7.294182825484764,42.59526893675666,FBXW5;FBXW11;FBXL19;FBXL12,194
Tra2b,SE,GO_Molecular_Function_2023,Methylated Histone Binding (GO:0035064),5/71,0.02041137444179957,7.912457912457913,58.285442291867234,ING3;ZZZ3;FMR1;MTF2;DPF2,194
Tra2b,SE,GO_Biological_Process_2023,Regulation Of Histone Deacetylation (GO:0031063),3/21,0.020561878292616912,17.267015706806284,118.42194145466569,ZZZ3;TADA3;KAT14,194
Tra2b,SE,GO_Biological_Process_2023,Positive Regulation Of Nucleic Acid-Templated Transcription (GO:1903508),14/557,0.021341065446364525,2.7591774094536525,18.757546717064805,SMAD2;INO80B;FBXW11;GTF2H1;MED17;MED22;ING3;THRAP3;TADA3;TFAM;BRD8;YAF2;MTA3;TAF2,194
Tra2b,SE,GO_Biological_Process_2023,Histone Modification (GO:0016570),5/81,0.021341065446364525,6.86786410470621,46.476878195612656,ING3;TADA3;BRD8;MTA3;KAT14,194
Tra2b,SE,GO_Biological_Process_2023,Proteasome-Mediated Ubiquitin-Dependent Protein Catabolic Process (GO:0043161),10/319,0.021341065446364525,3.4291895314478684,23.205714837559515,BAG6;NSFL1C;FBXW5;FBXW11;FBXL19;FAF2;RAD23A;RBCK1;ANAPC2;FBXL12,194
Tra2b,SE,GO_Biological_Process_2023,mRNA Processing (GO:0006397),8/214,0.021341065446364525,4.092285207224136,27.57076883749043,CPSF6;LSM6;NCBP1;RNMT;METTL3;RNPS1;U2AF1;LSM2,194
Tra2b,SE,GO_Biological_Process_2023,Regulation Of Histone Acetylation (GO:0035065),3/22,0.021341065446364525,16.35739873243318,109.90211893518634,FLCN;ERCC6;BAZ1B,194
Tra2b,SE,GO_Biological_Process_2023,Platelet Dense Granule Organization (GO:0060155),3/22,0.021341065446364525,16.35739873243318,109.90211893518634,AP1G1;DTNBP1;AP3S1,194
Tra2b,SE,GO_Biological_Process_2023,Protein Neddylation (GO:0045116),3/22,0.021341065446364525,16.35739873243318,109.90211893518634,GPS1;COPS7B;NAE1,194
Tra2b,SE,GO_Biological_Process_2023,Ribosomal Small Subunit Biogenesis (GO:0042274),5/84,0.022607746612171766,6.606054517446922,43.62796431782189,NOP56;LSM6;KRR1;UTP20;RPS24,194
Tra2b,SE,GO_Biological_Process_2023,7-Methylguanosine mRNA Capping (GO:0006370),2/6,0.022607746612171766,51.567708333333336,340.0376225781537,NCBP1;RNMT,194
Tra2b,SE,GO_Biological_Process_2023,Negative Regulation Of Telomere Capping (GO:1904354),2/6,0.022607746612171766,51.567708333333336,340.0376225781537,ERCC1;TERF2,194
Tra2b,SE,GO_Biological_Process_2023,Positive Regulation Of RNA Binding (GO:1905216),2/6,0.022607746612171766,51.567708333333336,340.0376225781537,NCBP1;FMR1,194
Tra2b,SE,GO_Biological_Process_2023,Establishment Of Mitotic Sister Chromatid Cohesion (GO:0034087),2/6,0.022607746612171766,51.567708333333336,340.0376225781537,STAG1;STAG2,194
Tra2b,SE,GO_Molecular_Function_2023,Nuclear Receptor Binding (GO:0016922),6/115,0.023057739067621593,5.767226234628148,40.42172113444653,MED22;THRAP3;TADA3;GTF2H1;BRD8;MED17,194
Tra2b,SE,GO_Molecular_Function_2023,Annealing Activity (GO:0140666),2/5,0.023057739067621593,68.76041666666667,480.8460106799223,FXR1;FMR1,194
Tra2b,SE,GO_Biological_Process_2023,Mitotic Spindle Organization (GO:0007052),5/85,0.02328933535881197,6.523148148148148,42.73573092734727,DYNC1H1;STAG1;STAG2;CENPH;SPC25,194
Tra2b,SE,GO_Cellular_Component_2023,Postsynaptic Density (GO:0014069),6/151,0.023997238794546148,4.327439471753485,24.357947752531906,FXR1;DLG3;FMR1;DLG5;DTNBP1;ADD1,194
Tra2b,SE,GO_Biological_Process_2023,Positive Regulation Of DNA Recombination (GO:0045911),4/51,0.02418782867504831,8.850615901455766,57.53611581251013,ACTR2;ING3;BRD8;ERCC6,194
Tra2b,SE,GO_Molecular_Function_2023,Lysine-Acetylated Histone Binding (GO:0070577),3/23,0.024249278335279772,15.538743455497382,102.34075627975642,ZZZ3;DPF2;BRD9,194
Tra2b,SE,GO_Molecular_Function_2023,mRNA 3'-UTR AU-rich Region Binding (GO:0035925),3/23,0.024249278335279772,15.538743455497382,102.34075627975642,FXR1;CPSF1;EXOSC8,194
Tra2b,SE,GO_Molecular_Function_2023,Acetylation-Dependent Protein Binding (GO:0140033),3/23,0.024249278335279772,15.538743455497382,102.34075627975642,ZZZ3;DPF2;BRD9,194
Tra2b,SE,GO_Molecular_Function_2023,Nuclear Receptor Coactivator Activity (GO:0030374),4/50,0.024249278335279772,9.043478260869565,59.46045413696525,MED22;THRAP3;BRD8;MED17,194
Tra2b,SE,GO_Biological_Process_2023,Stress Granule Assembly (GO:0034063),3/24,0.024886244360132318,14.798055347793568,95.59187377136229,DYNC1H1;FMR1;CSDE1,194
Tra2b,SE,GO_Biological_Process_2023,Regulation Of Double-Strand Break Repair (GO:2000779),5/88,0.02616709321903775,6.286415503282973,40.21513810167971,ACTR2;PBRM1;ING3;DPF2;BRD8,194
Tra2b,SE,GO_Biological_Process_2023,"Regulation Of Alternative mRNA Splicing, Via Spliceosome (GO:0000381)",4/53,0.02674206831351299,8.488506981740064,53.96430349674708,FXR1;THRAP3;FMR1;RNPS1,194
Tra2b,SE,GO_Biological_Process_2023,Secretory Granule Organization (GO:0033363),3/25,0.02674206831351299,14.124702522608281,89.53714335366077,AP1G1;DTNBP1;AP3S1,194
Tra2b,SE,GO_Biological_Process_2023,Vesicle Cargo Loading (GO:0035459),3/25,0.02674206831351299,14.124702522608281,89.53714335366077,SEC24B;SEC24C;SEC31A,194
Tra2b,SE,GO_Biological_Process_2023,Establishment Of Golgi Localization (GO:0051683),2/7,0.028489043797753848,41.25208333333333,258.40016982812483,PDCD10;COPG1,194
Tra2b,SE,GO_Biological_Process_2023,DNA-templated Transcription Elongation (GO:0006354),3/26,0.028651419523535615,13.509902117004325,84.07970289329644,PBRM1;PEX2;RTF1,194
Tra2b,SE,GO_Biological_Process_2023,Establishment Or Maintenance Of Apical/Basal Cell Polarity (GO:0035088),3/26,0.028651419523535615,13.509902117004325,84.07970289329644,DLG3;DLG5;LLGL2,194
Tra2b,SE,GO_Biological_Process_2023,miRNA-mediated Gene Silencing (GO:0035195),3/26,0.028651419523535615,13.509902117004325,84.07970289329644,NCBP1;EIF4E2;TNRC6A,194
Tra2b,SE,GO_Biological_Process_2023,Non-Membrane-Bounded Organelle Assembly (GO:0140694),6/135,0.02940006221287246,4.868134586838199,30.114123992850207,FXR1;CENPT;DYNC1H1;FMR1;CSDE1;HAUS2,194
Tra2b,SE,GO_Biological_Process_2023,Translation (GO:0006412),8/234,0.02940006221287246,3.726329812541631,23.007521102755398,MRPS17;PTCD3;MRPS9;MRPL48;MRPL24;RPS24;MRPL33;DAP3,194
Tra2b,SE,GO_Biological_Process_2023,Negative Regulation Of Amide Metabolic Process (GO:0034249),5/93,0.02940006221287246,5.927729677729678,36.47553842397862,FXR1;BIN1;FMR1;EIF4E2;GAPDH,194
Tra2b,SE,GO_Biological_Process_2023,Nucleotide-Excision Repair (GO:0006289),4/56,0.02940006221287246,7.997570850202429,49.21157791777463,POLD1;ERCC1;RAD23A;ERCC6,194
Tra2b,SE,GO_Cellular_Component_2023,Cul4-RING E3 Ubiquitin Ligase Complex (GO:0080008),3/35,0.030183348283017337,9.705824607329843,52.06473825752725,FBXW5;DCAF8;DCAF4,194
Tra2b,SE,GO_Biological_Process_2023,"Regulation Of mRNA Splicing, Via Spliceosome (GO:0048024)",5/94,0.030478436128538896,5.860828725997266,35.78904575538031,FXR1;NCBP1;THRAP3;FMR1;RNPS1,194
Tra2b,SE,GO_Molecular_Function_2023,Unmethylated CpG Binding (GO:0045322),2/7,0.030731948076979525,41.25208333333333,258.40016982812483,KDM2B;FBXL19,194
Tra2b,SE,GO_Molecular_Function_2023,mRNA 3'-UTR Binding (GO:0003730),5/93,0.0320361819919123,5.927729677729678,36.47553842397862,FXR1;CPSF1;FMR1;EXOSC8;RNPS1,194
Tra2b,SE,GO_Biological_Process_2023,Positive Regulation Of mRNA Processing (GO:0050685),3/28,0.032968416012134016,12.427853403141361,74.65006538715203,NCBP1;THRAP3;PEX2,194
Tra2b,SE,GO_Biological_Process_2023,Transcription Elongation By RNA Polymerase II (GO:0006368),3/28,0.032968416012134016,12.427853403141361,74.65006538715203,PBRM1;PEX2;RTF1,194
Tra2b,SE,GO_Molecular_Function_2023,Single-Stranded DNA Binding (GO:0003697),5/96,0.033529779869428726,5.731437874295017,34.47146779527021,MSH3;ERCC1;RAD23A;RTF1;POLR2H,194
Tra2b,SE,GO_Molecular_Function_2023,Single-Stranded DNA Endodeoxyribonuclease Activity (GO:0000014),2/8,0.033529779869428726,34.375,205.65335102551873,ERCC1;RBBP8,194
Tra2b,SE,GO_Biological_Process_2023,DNA-templated Transcription Initiation (GO:0006352),4/59,0.034135099125784475,7.560191387559809,45.06952661810961,GTF2A2;TFAM;TAF2;MED17,194
Tra2b,SE,GO_Cellular_Component_2023,Small-Subunit Processome (GO:0032040),4/73,0.034580299008966926,6.021967963386728,31.2804043245818,NOP56;KRR1;UTP20;RPS24,194
Tra2b,SE,GO_Cellular_Component_2023,Swr1 Complex (GO:0000812),2/12,0.03495817978856576,20.620833333333334,106.21222542808383,ING3;BRD8,194
Tra2b,SE,GO_Cellular_Component_2023,COPII-coated ER To Golgi Transport Vesicle (GO:0030134),4/76,0.037366695766381734,5.770175438596492,29.15293533430905,MCFD2;SEC24B;SEC24C;SEC31A,194
Tra2b,SE,GO_Cellular_Component_2023,mRNA Cleavage And Polyadenylation Specificity Factor Complex (GO:0005847),2/13,0.03856385872441885,18.745265151515152,93.53963789377018,CPSF6;FIP1L1,194
Tra2b,SE,GO_Biological_Process_2023,Endodermal Cell Fate Commitment (GO:0001711),2/9,0.0401816163477382,29.46279761904762,169.0492425948402,PEX2;RTF1,194
Tra2b,SE,GO_Biological_Process_2023,Positive Regulation Of mRNA 3'-End Processing (GO:0031442),2/9,0.0401816163477382,29.46279761904762,169.0492425948402,NCBP1;PEX2,194
Tra2b,SE,GO_Biological_Process_2023,Positive Regulation Of miRNA-mediated Gene Silencing (GO:2000637),2/9,0.0401816163477382,29.46279761904762,169.0492425948402,FXR1;FMR1,194
Tra2b,SE,GO_Biological_Process_2023,Homologous Recombination (GO:0035825),2/9,0.0401816163477382,29.46279761904762,169.0492425948402,RBBP8;TOPBP1,194
Tra2b,SE,GO_Biological_Process_2023,Leucine Transport (GO:0015820),2/9,0.0401816163477382,29.46279761904762,169.0492425948402,SLC7A6;SLC7A8,194
Tra2b,SE,GO_Biological_Process_2023,Mitotic DNA Replication Checkpoint Signaling (GO:0033314),2/9,0.0401816163477382,29.46279761904762,169.0492425948402,NAE1;TOPBP1,194
Tra2b,SE,GO_Biological_Process_2023,miRNA Processing (GO:0035196),3/32,0.0447490811856189,10.711500270807004,60.20185699361298,SMAD2;NCBP1;METTL3,194
Tra2b,SE,GO_Biological_Process_2023,SRP-dependent Cotranslational Protein Targeting To Membrane (GO:0006614),2/10,0.04560793410948351,25.778645833333332,142.32288262374024,SEC61A2;SRP19,194
Tra2b,SE,GO_Biological_Process_2023,Regulation Of mRNA Polyadenylation (GO:1900363),2/10,0.04560793410948351,25.778645833333332,142.32288262374024,CPSF6;NCBP1,194
Tra2b,SE,GO_Biological_Process_2023,Branched-Chain Amino Acid Transport (GO:0015803),2/10,0.04560793410948351,25.778645833333332,142.32288262374024,SLC7A6;SLC7A8,194
Tra2b,SE,GO_Biological_Process_2023,Endosomal Vesicle Fusion (GO:0034058),2/10,0.04560793410948351,25.778645833333332,142.32288262374024,VPS41;VPS16,194
Tra2b,SE,GO_Biological_Process_2023,Vacuole Fusion (GO:0097576),2/10,0.04560793410948351,25.778645833333332,142.32288262374024,CHMP2A;VPS16,194
Tra2b,SE,GO_Biological_Process_2023,Positive Regulation Of Post-Transcriptional Gene Silencing By RNA (GO:1900370),2/10,0.04560793410948351,25.778645833333332,142.32288262374024,FXR1;FMR1,194
Tra2b,SE,GO_Biological_Process_2023,Kinetochore Organization (GO:0051383),2/10,0.04560793410948351,25.778645833333332,142.32288262374024,CENPT;CENPH,194
Tra2b,SE,GO_Biological_Process_2023,Protein Deneddylation (GO:0000338),2/10,0.04560793410948351,25.778645833333332,142.32288262374024,GPS1;COPS7B,194
Tra2b,SE,GO_Biological_Process_2023,Negative Regulation Of Cell Population Proliferation (GO:0008285),10/379,0.04560793410948351,2.8627606928243194,15.795340684930936,FLCN;PBRM1;STK11;TFDP1;KDM2B;DLG3;DLG5;UTP20;PEX2;PDS5B,194
Tra2b,SE,GO_Biological_Process_2023,Positive Regulation Of Translation (GO:0045727),5/108,0.0456994547714336,5.060615400421225,27.866920575412024,FXR1;POLDIP3;FMR1;CSDE1;METTL3,194
Tra2b,SE,GO_Biological_Process_2023,Inner Mitochondrial Membrane Organization (GO:0007007),3/34,0.047673059648862585,10.019422394865732,54.57381438193792,TIMM9;IMMT;TIMM22,194
Tra2b,SE,GO_Biological_Process_2023,Negative Regulation Of Cell Cycle Process (GO:0010948),3/34,0.047673059648862585,10.019422394865732,54.57381438193792,CHMP2A;BAZ1B;TERF2,194
Tra2b,SE,GO_Biological_Process_2023,DNA-templated DNA Replication (GO:0006261),4/69,0.04958334436990059,6.3938461538461535,34.49355915852166,ORC6;POLD1;TOPBP1;POLG,194
Tra2b,SE,GO_Biological_Process_2023,RNA Metabolic Process (GO:0016070),5/111,0.04958334436990059,4.916641709094539,26.502036678119715,SUPV3L1;RNASEH2A;NCBP1;EXOSC8;EXOSC1,194
Trim71,SE,GO_Cellular_Component_2023,Intracellular Membrane-Bounded Organelle (GO:0043231),94/5175,1.0338457653505346e-10,2.899232434560126,80.04435837114251,MUS81;INTS13;FMR1;ZBTB8OS;SMC5;ARID4B;SMC6;RBPJ;MED16;VIRMA;MED15;CDC73;PPP1CC;FLCN;ING3;PPP4R2;RUVBL2;DNMT3B;RBM7;MAP3K7;POLG;SS18;NCOA2;SUN1;TBP;FBXW11;ACTR6;STRADA;AKTIP;METTL3;DNMT3A;PEX2;ARMC8;PRKAB1;THOC7;FOXP1;CREB1;BIN1;TRAPPC6B;MED20;MTF2;UBE2V2;GAPDH;ITGB3BP;WDR26;MEAF6;PSMD14;SRCAP;POLDIP3;ABRAXAS1;PDS5B;AMBRA1;PMF1;CENPA;RELA;ADD1;BAG6;NFS1;ORC1;FIGNL1;MIER1;HLTF;RBBP8;USP1;IGF2BP1;PMS2;MTA3;KAT14;BPTF;SEC31A;SMAD2;OSBPL9;SMARCE1;SUZ12;CHTOP;CPSF6;PCGF5;FANCC;MAGOHB;APTX;IFT20;DLG1;MCM3AP;HOOK2;BRMS1L;TADA3;UBA3;HNRNPD;MDM2;RNPS1;MMS19;RPS24;TAF2;EIF4G1,188
Trim71,SE,GO_Cellular_Component_2023,Nucleus (GO:0005634),86/4487,1.0338457653505346e-10,2.9524172313778956,81.26577091473776,MUS81;INTS13;FMR1;ZBTB8OS;SMC5;ARID4B;SMC6;RBPJ;MED16;VIRMA;MED15;CDC73;PPP1CC;FLCN;ING3;PPP4R2;RUVBL2;DNMT3B;RBM7;MAP3K7;SS18;NCOA2;TBP;FBXW11;ACTR6;STRADA;AKTIP;METTL3;DNMT3A;ARMC8;PRKAB1;THOC7;FOXP1;CREB1;BIN1;MED20;MTF2;UBE2V2;GAPDH;ITGB3BP;WDR26;MEAF6;PSMD14;SRCAP;POLDIP3;ABRAXAS1;PDS5B;AMBRA1;CENPA;RELA;ADD1;BAG6;NFS1;ORC1;HAUS8;FIGNL1;MIER1;HLTF;RBBP8;USP1;IGF2BP1;PMS2;MTA3;KAT14;BPTF;SMAD2;SMARCE1;SUZ12;CHTOP;CPSF6;PCGF5;FANCC;MAGOHB;APTX;DLG1;MCM3AP;BRMS1L;TADA3;UBA3;HNRNPD;MDM2;RNPS1;MMS19;RPS24;TAF2;EIF4G1,188
Trim71,SE,GO_Biological_Process_2023,Internal Peptidyl-Lysine Acetylation (GO:0018393),9/39,9.628803654537513e-8,33.15418994413408,771.40589054481,BAG6;MBTD1;ING3;MRGBP;MEAF6;RUVBL2;TADA3;EP400;KAT14,188
Trim71,SE,GO_Biological_Process_2023,Histone Acetylation (GO:0016573),10/60,9.628803654537513e-8,22.20449438202247,494.5409166670261,MBTD1;ING3;MRGBP;MEAF6;RUVBL2;TADA3;EP400;MAP3K7;KAT14;TAF2,188
Trim71,SE,GO_Biological_Process_2023,Histone Modification (GO:0016570),11/81,9.628803654537513e-8,17.527199354317997,386.9510848099035,MBTD1;ING3;MRGBP;MEAF6;RUVBL2;BRMS1L;MIER1;TADA3;EP400;MTA3;KAT14,188
Trim71,SE,GO_Biological_Process_2023,Regulation Of DNA Repair (GO:0006282),13/129,9.628803654537513e-8,12.613201970443349,277.9854376824059,SMARCE1;MEAF6;PHF10;MBTD1;MRGBP;ING3;PPP4R2;RUVBL2;TADA3;UBE2V2;EP400;USP1;TAF2,188
Trim71,SE,GO_Biological_Process_2023,Regulation Of Double-Strand Break Repair (GO:2000779),11/88,1.8493711092105326e-7,15.92816787732042,337.0946475475235,MBTD1;SMARCE1;ING3;MRGBP;PPP4R2;MEAF6;PHF10;RUVBL2;FIGNL1;UBE2V2;EP400,188
Trim71,SE,GO_Biological_Process_2023,Regulation Of Cell Cycle (GO:0051726),17/298,8.257302495599774e-7,6.909887411292169,134.63815407859536,INTS13;ANAPC15;PNPT1;ANAPC16;MEAF6;METTL3;MBTD1;ZZZ3;MRGBP;ING3;BIN1;RUVBL2;FIGNL1;TADA3;EP400;MDM2;KAT14,188
Trim71,SE,GO_Biological_Process_2023,Positive Regulation Of Double-Strand Break Repair (GO:2000781),10/84,1.3139474963970312e-6,14.984816276951108,282.7062590747182,MBTD1;SMARCE1;ING3;MRGBP;MEAF6;PHF10;RUVBL2;UBE2V2;EP400;MMS19,188
Trim71,SE,GO_Biological_Process_2023,Regulation Of Double-Strand Break Repair Via Homologous Recombination (GO:0010569),9/71,3.827205995379912e-6,16.01639935123446,282.90648251719335,MBTD1;ING3;MRGBP;PPP4R2;MEAF6;RUVBL2;FIGNL1;EP400;MMS19,188
Trim71,SE,GO_Biological_Process_2023,Histone H2A Acetylation (GO:0043968),6/21,4.9031625249406275e-6,43.50989010989011,752.6350502640635,MBTD1;ING3;MRGBP;MEAF6;RUVBL2;EP400,188
Trim71,SE,GO_Biological_Process_2023,Positive Regulation Of Double-Strand Break Repair Via Homologous Recombination (GO:1905168),7/36,5.5192811544993105e-6,26.382358544484664,450.4601617254198,MBTD1;ING3;MRGBP;MEAF6;RUVBL2;EP400;MMS19,188
Trim71,SE,GO_Biological_Process_2023,Histone H4 Acetylation (GO:0043967),7/39,9.027667646851362e-6,23.90538674033149,394.12662881703335,MBTD1;ING3;MRGBP;MEAF6;KANSL2;RUVBL2;EP400,188
Trim71,SE,GO_Cellular_Component_2023,H4/H2A Histone Acetyltransferase Complex (GO:0043189),6/29,1.1751110987980462e-5,28.36454849498328,430.8862839890313,MBTD1;ING3;MRGBP;MEAF6;RUVBL2;EP400,188
Trim71,SE,GO_Cellular_Component_2023,NuA4 Histone Acetyltransferase Complex (GO:0035267),6/29,1.1751110987980462e-5,28.36454849498328,430.8862839890313,MBTD1;ING3;MRGBP;MEAF6;RUVBL2;EP400,188
Trim71,SE,GO_Biological_Process_2023,Positive Regulation Of DNA Recombination (GO:0045911),7/51,5.663934738518925e-5,17.375188347564038,253.04384619741393,MBTD1;ING3;MRGBP;MEAF6;RUVBL2;EP400;MMS19,188
Trim71,SE,GO_Cellular_Component_2023,INO80-type Complex (GO:0097346),5/25,9.376368732434891e-5,27.038251366120218,342.32566266655704,ING3;SRCAP;ACTR6;RUVBL2;EP400,188
Trim71,SE,GO_Cellular_Component_2023,Nuclear Chromosome (GO:0000228),8/95,9.376368732434891e-5,10.076628352490422,127.56672378249846,SMARCE1;ING3;SRCAP;ACTR6;RUVBL2;FIGNL1;BRMS1L;EP400,188
Trim71,SE,GO_Cellular_Component_2023,Swr1 Complex (GO:0000812),4/12,9.376368732434891e-5,53.81521739130435,675.6268831459231,ING3;SRCAP;RUVBL2;EP400,188
Trim71,SE,GO_Cellular_Component_2023,ATAC Complex (GO:0140672),4/13,1.1763686880338829e-4,47.833333333333336,583.2898644192733,ZZZ3;TADA3;MAP3K7;KAT14,188
Trim71,SE,GO_Cellular_Component_2023,Sex Chromosome (GO:0000803),3/5,1.666030251901125e-4,160.6216216216216,1883.837641311702,PCGF5;SMC5;SMC6,188
Trim71,SE,GO_Biological_Process_2023,Proteasome-Mediated Ubiquitin-Dependent Protein Catabolic Process (GO:0043161),14/319,2.1665554306914952e-4,5.14599585453175,67.35542497687915,FBXW5;ANAPC15;WDR26;ANAPC16;PSMD14;FBXW11;FAF2;ARMC8;AMBRA1;BAG6;SHARPIN;MDM2;RBCK1;BTRC,188
Trim71,SE,GO_Biological_Process_2023,Transcription By RNA Polymerase II (GO:0006366),11/192,2.1665554306914952e-4,6.740362705621625,88.0814505399753,NCOA2;TBP;CREB1;SRCAP;HLTF;MED20;PEX2;MED16;PMF1;CDC73;TAF2,188
Trim71,SE,GO_Biological_Process_2023,Regulation Of DNA Metabolic Process (GO:0051052),9/124,2.536997303084909e-4,8.611756133106631,110.58292067670453,MEAF6;RUVBL2;TADA3;UBE2V2;HNRNPD;USP1;SMC5;SMC6;TAF2,188
Trim71,SE,GO_Biological_Process_2023,DNA Metabolic Process (GO:0006259),13/288,3.195437126285632e-4,5.277527272727273,66.20998102978912,MUS81;FMR1;FANCC;PDS5B;ORC6;ORC1;RUVBL2;HLTF;UBE2V2;EP400;RBBP8;MMS19;POLG,188
Trim71,SE,GO_Biological_Process_2023,Positive Regulation Of DNA-templated Transcription (GO:0045893),29/1243,4.454465282630018e-4,2.794141721840581,33.95674820232495,MEAF6;RBPJ;MED16;CDC73;RELA;MBTD1;FLCN;ING3;RUVBL2;HLTF;EP400;BTRC;MTA3;BPTF;SMAD2;SS18;NCOA2;FBXW11;ACTR6;PCGF5;PEX2;VEGFA;MRGBP;CREB1;KANSL2;TADA3;HNRNPD;MMS19;TAF2,188
Trim71,SE,GO_Biological_Process_2023,Positive Regulation Of Nucleic Acid-Templated Transcription (GO:1903508),18/557,4.4661521085098563e-4,3.786030775946742,45.7846903373574,SMAD2;MEAF6;FBXW11;MED16;RELA;MBTD1;MRGBP;ING3;CREB1;KANSL2;RUVBL2;TADA3;EP400;HNRNPD;MMS19;BTRC;MTA3;TAF2,188
Trim71,SE,GO_Cellular_Component_2023,SAGA-type Complex (GO:0070461),5/38,5.050154419626075e-4,16.37605563835072,172.17921035148467,ZZZ3;TADA3;MAP3K7;KAT14;TAF2,188
Trim71,SE,GO_Molecular_Function_2023,Methylation-Dependent Protein Binding (GO:0140034),7/68,5.545906757317971e-4,12.522144733266915,157.44094940480517,MBTD1;SUZ12;ING3;ZZZ3;FMR1;MTF2;BPTF,188
Trim71,SE,GO_Molecular_Function_2023,Methylated Histone Binding (GO:0035064),7/71,5.545906757317971e-4,11.93335635359116,146.54873556865834,MBTD1;SUZ12;ING3;ZZZ3;FMR1;MTF2;BPTF,188
Trim71,SE,GO_Biological_Process_2023,Regulation Of DNA-templated Transcription (GO:0006355),38/1922,5.608697461713394e-4,2.4107006369426753,28.36679747238699,MEAF6;SRCAP;ARID4B;RBPJ;MED16;RELA;MBTD1;ING3;RUVBL2;MIER1;EP400;RBBP8;BTRC;MTA3;KAT14;BPTF;SMAD2;SMARCE1;SS18;NCOA2;KDM2A;PHF10;FBXW11;ACTR6;PCGF5;DNMT3A;FOXP1;ZZZ3;MRGBP;CREB1;KANSL2;TADA3;MED20;MTF2;HNRNPD;MDM2;MMS19;TAF2,188
Trim71,SE,GO_Biological_Process_2023,Proteasomal Protein Catabolic Process (GO:0010498),11/220,5.608697461713394e-4,5.829021706809397,68.54874930822497,BAG6;FBXW5;SHARPIN;WDR26;PSMD14;FBXW11;MDM2;ARMC8;RBCK1;AMBRA1;BTRC,188
Trim71,SE,GO_Cellular_Component_2023,Intracellular Non-Membrane-Bounded Organelle (GO:0043232),26/1195,9.427822299291152e-4,2.5595264497460106,25.069349988049524,MEAF6;FMR1;FAF2;PDS5B;AMBRA1;RBPJ;RELA;ADD1;PPP1CC;SYCE2;CASP8;TCOF1;UTP20;RBM7;PLK4;SUZ12;ATP8B2;ACTR6;IDH3G;KRR1;APTX;ZZZ3;BIN1;MDM2;MMS19;GAPDH,188
Trim71,SE,GO_Biological_Process_2023,Regulation Of Multicellular Organismal Development (GO:2000026),6/59,0.001256121431001942,12.290483101803856,133.628315784051,BAG6;ZZZ3;MEAF6;RUVBL2;TADA3;KAT14,188
Trim71,SE,GO_Biological_Process_2023,Histone H3 Acetylation (GO:0043966),5/36,0.001256121431001942,17.4343380927199,188.03147409055052,ZZZ3;TADA3;MAP3K7;KAT14;TAF2,188
Trim71,SE,GO_Biological_Process_2023,Regulation Of Histone Modification (GO:0031056),4/18,0.001256121431001942,30.742236024844722,331.31349248907196,FLCN;ZZZ3;TADA3;KAT14,188
Trim71,SE,GO_Biological_Process_2023,DNA Repair (GO:0006281),12/291,0.001256121431001942,4.773460410557185,51.41632377996842,MUS81;ABRAXAS1;FMR1;HLTF;UBE2V2;EP400;RBBP8;PMS2;FANCC;MMS19;PDS5B;APTX,188
Trim71,SE,GO_Biological_Process_2023,Regulation Of Translation (GO:0006417),10/202,0.0012742167723745785,5.740870786516854,61.52011577923017,EIF4A2;TCOF1;POLDIP3;FMR1;METTL3;HNRNPD;IGF2BP1;CNOT10;GAPDH;EIF4G1,188
Trim71,SE,GO_Biological_Process_2023,mRNA Export From Nucleus (GO:0006406),6/62,0.0013967146888426481,11.630298273155416,123.10848273146277,CHTOP;MCM3AP;POLDIP3;FMR1;MAGOHB;THOC7,188
Trim71,SE,GO_Biological_Process_2023,mRNA Transcription By RNA Polymerase II (GO:0042789),5/38,0.0014440505269978183,16.37605563835072,172.17921035148467,NCOA2;TBP;CREB1;HLTF;TAF2,188
Trim71,SE,GO_Biological_Process_2023,Double-Strand Break Repair (GO:0006302),9/168,0.0015885070640714225,6.214714872984083,64.52348725792649,MBTD1;MUS81;KDM2A;PSMD14;UBE2V2;RBBP8;SMC5;SMC6;AP5S1,188
Trim71,SE,GO_Biological_Process_2023,Positive Regulation Of Stem Cell Population Maintenance (GO:1902459),5/40,0.0016838713168102755,15.43871975019516,158.3791276455084,SMARCE1;SS18;PHF10;BRMS1L;ARID4B,188
Trim71,SE,GO_Biological_Process_2023,Negative Regulation Of DNA-templated Transcription (GO:0045892),24/1025,0.0016838713168102755,2.7500791891035794,28.202279750889875,SMAD2;SMARCE1;KDM2A;FBXW11;ACTR6;DNMT3A;ARID4B;PEX2;RBPJ;CDC73;RELA;FOXP1;VEGFA;FLCN;DLG1;CREB1;BIN1;BRMS1L;MIER1;MDM2;DNMT3B;BTRC;MTA3;BPTF,188
Trim71,SE,GO_Biological_Process_2023,Protein Modification By Small Protein Conjugation (GO:0032446),13/364,0.0019752131992472315,4.118730158730159,41.44558090576232,FBXW5;ANAPC16;FBXW11;AKTIP;SMC5;SMC6;KLHL13;DCAF15;HLTF;UBE2V2;UBA3;MDM2;BTRC,188
Trim71,SE,GO_Biological_Process_2023,mRNA Transcription (GO:0009299),5/43,0.0022494283335773206,14.217716422203049,140.76904181253028,NCOA2;TBP;CREB1;HLTF;TAF2,188
Trim71,SE,GO_Cellular_Component_2023,Nuclear Lumen (GO:0031981),19/780,0.0022625970668061087,2.814491987341477,24.85782403399599,PLK4;SMARCE1;SUZ12;MEAF6;ATP8B2;ACTR6;IDH3G;KRR1;FMR1;RBPJ;APTX;RELA;PPP1CC;ZZZ3;TCOF1;FIGNL1;MDM2;UTP20;RBM7,188
Trim71,SE,GO_Cellular_Component_2023,Chromosome (GO:0005694),8/164,0.0023543205169865855,5.6,48.78888244841206,SMARCE1;SYCE2;KRR1;FMR1;FIGNL1;SMC5;SMC6;PDS5B,188
Trim71,SE,GO_Biological_Process_2023,Chromatin Remodeling (GO:0006338),10/228,0.0026959525843102943,5.049479435109783,48.92497613936151,SMARCE1;SS18;CHTOP;MCM3AP;PHF10;RUVBL2;MIER1;MTF2;MTA3;BPTF,188
Trim71,SE,GO_Biological_Process_2023,Regulation Of Cellular Response To Stress (GO:0080135),7/107,0.0028926671949917357,7.6234254143646405,73.0997495470519,ABRAXAS1;RUVBL2;TADA3;UBE2V2;USP1;TAF2;EIF4G1,188
Trim71,SE,GO_Cellular_Component_2023,Mitotic Spindle Microtubule (GO:1990498),3/13,0.0028976307372965853,32.11135135135135,270.7163918981164,HAUS8;HAUS6;HAUS2,188
Trim71,SE,GO_Cellular_Component_2023,RSC-type Complex (GO:0016586),3/14,0.003418260144456971,29.190663390663392,239.2560199035724,SMARCE1;SUZ12;PHF10,188
Trim71,SE,GO_Biological_Process_2023,Double-Strand Break Repair Via Homologous Recombination (GO:0000724),7/111,0.0034625618085399297,7.328729281767956,68.5680671338161,MBTD1;MUS81;PSMD14;RBBP8;SMC5;SMC6;AP5S1,188
Trim71,SE,GO_Biological_Process_2023,Regulation Of Transcription Elongation By RNA Polymerase II (GO:0034243),6/77,0.0034625618085399297,9.166228138059124,85.72113898814494,INTS13;SRCAP;MED20;MED16;MED15;CDC73,188
Trim71,SE,GO_Biological_Process_2023,Histone H3-K14 Acetylation (GO:0044154),3/10,0.003626297469204715,45.88030888030888,425.688607410352,ZZZ3;TADA3;KAT14,188
Trim71,SE,GO_Biological_Process_2023,Regulation Of Nucleic Acid-Templated Transcription (GO:1903506),14/452,0.00378109149409198,3.5589670917965677,32.77727954903942,NCOA2;MEAF6;SRCAP;ACTR6;RELA;ZZZ3;ING3;RUVBL2;MIER1;TADA3;MTF2;HNRNPD;KAT14;BPTF,188
Trim71,SE,GO_Biological_Process_2023,Iron-Sulfur Cluster Assembly (GO:0016226),4/27,0.004022213194057376,18.704158790170133,170.14537829161725,ISCA2;NFS1;FDX2;MMS19,188
Trim71,SE,GO_Biological_Process_2023,Metallo-Sulfur Cluster Assembly (GO:0031163),4/27,0.004022213194057376,18.704158790170133,170.14537829161725,ISCA2;NFS1;FDX2;MMS19,188
Trim71,SE,GO_Biological_Process_2023,Positive Regulation Of Transcription Initiation By RNA Polymerase II (GO:0060261),5/52,0.004426948383548448,11.489943029880246,103.13475661462454,TBP;MED20;MED16;MED15;TAF2,188
Trim71,SE,GO_Biological_Process_2023,Regulation Of Transcription By RNA Polymerase II (GO:0006357),36/2028,0.004599526840960637,2.118738110336081,18.885899654562362,SRCAP;ARID4B;RBPJ;MED16;CDC73;RELA;FLCN;RUVBL2;MIER1;HLTF;DNMT3B;RBBP8;MTA3;KAT14;BPTF;SMAD2;SMARCE1;SS18;NCOA2;KDM2A;PHF10;PCGF5;DNMT3A;PEX2;FOXP1;VEGFA;DLG1;ZZZ3;MRGBP;CREB1;BIN1;BRMS1L;TADA3;MED20;MDM2;TAF2,188
Trim71,SE,GO_Cellular_Component_2023,Mitotic Spindle (GO:0072686),7/143,0.004808233584866321,5.595222619434514,43.59004874843835,FLCN;ZZZ3;HAUS8;TADA3;HAUS6;KAT14;HAUS2,188
Trim71,SE,GO_Molecular_Function_2023,RNA Polymerase II-specific DNA-binding Transcription Factor Binding (GO:0061629),10/228,0.004935695922111256,5.049479435109783,48.92497613936151,SMARCE1;NCOA2;TBP;CREB1;TADA3;DNMT3A;RBBP8;RBPJ;RELA;ADD1,188
Trim71,SE,GO_Biological_Process_2023,Regulation Of Gene Expression (GO:0010468),24/1127,0.005105535582082703,2.482232492315857,21.80851378770968,NCOA2;MEAF6;SRCAP;ACTR6;RBPJ;PRKAB1;RELA;FOXP1;VEGFA;FLCN;ZZZ3;ING3;CASP8;KANSL2;RUVBL2;MIER1;TADA3;MTF2;HNRNPD;MDM2;DNMT3B;IGF2BP1;KAT14;BPTF,188
Trim71,SE,GO_Biological_Process_2023,RNA Polymerase II Preinitiation Complex Assembly (GO:0051123),5/56,0.005625938906003614,10.586628093860496,91.2709496954908,TBP;MED20;MED16;MED15;TAF2,188
Trim71,SE,GO_Biological_Process_2023,Regulation Of Stem Cell Population Maintenance (GO:2000036),5/56,0.005625938906003614,10.586628093860496,91.2709496954908,SMARCE1;SS18;PHF10;BRMS1L;ARID4B,188
Trim71,SE,GO_Biological_Process_2023,Positive Regulation Of DNA-templated Transcription Initiation (GO:2000144),5/56,0.005625938906003614,10.586628093860496,91.2709496954908,TBP;MED20;MED16;MED15;TAF2,188
Trim71,SE,GO_Biological_Process_2023,Regulation Of Transcription Initiation By RNA Polymerase II (GO:0060260),5/57,0.005990092532961669,10.382513661202186,88.63673976630763,TBP;MED20;MED16;MED15;TAF2,188
Trim71,SE,GO_Biological_Process_2023,mRNA Transport (GO:0051028),5/58,0.006370154397206644,10.186101659964946,86.1188783908034,CHTOP;MCM3AP;FMR1;MAGOHB;THOC7,188
Trim71,SE,GO_Biological_Process_2023,Transcription Preinitiation Complex Assembly (GO:0070897),5/59,0.006688862877292834,9.996964177292046,83.7103118618648,TBP;MED20;MED16;MED15;TAF2,188
Trim71,SE,GO_Biological_Process_2023,Chromatin Organization (GO:0006325),10/268,0.006688862877292834,4.257904363731383,35.61696608489504,SMARCE1;SS18;CHTOP;ZZZ3;PHF10;RUVBL2;MIER1;MTF2;MTA3;BPTF,188
Trim71,SE,GO_Molecular_Function_2023,Histone Acetyltransferase Activity (GO:0004402),4/27,0.006694352043034213,18.704158790170133,170.14537829161725,MCM3AP;ING3;SRCAP;KAT14,188
Trim71,SE,GO_Molecular_Function_2023,Ribosome Binding (GO:0043022),6/85,0.006729343579485944,8.234664070107108,72.47826192729329,SEC61A2;BAG6;PTCD3;CPSF6;SRP72;FMR1,188
Trim71,SE,GO_Molecular_Function_2023,RNA Polymerase II Core Promoter Sequence-Specific DNA Binding (GO:0000979),3/12,0.006729343579485944,35.68108108108108,309.925219421179,TBP;RUVBL2;RELA,188
Trim71,SE,GO_Biological_Process_2023,Organelle Assembly (GO:0070925),11/322,0.006788819606439906,3.8968699474994097,32.40210990121592,PLK4;IFT20;ATG16L1;FMR1;MKS1;IFT122;B9D1;BBIP1;AMBRA1;ATG13;ATG5,188
Trim71,SE,GO_Biological_Process_2023,Protein Ubiquitination (GO:0016567),13/434,0.006788819606439906,3.421554122836783,28.43602727828116,FBXW5;ANAPC16;FBXW11;FANCC;PEX2;KLHL13;AMBRA1;DCAF15;HLTF;UBE2V2;MDM2;RBCK1;BTRC,188
Trim71,SE,GO_Biological_Process_2023,Positive Regulation Of Transcription From RNA Polymerase II Promoter Involved In Cellular Response To Chemical Stimulus (GO:1901522),3/14,0.007359923001828282,29.190663390663392,239.2560199035724,RBPJ;RELA;VEGFA,188
Trim71,SE,GO_Biological_Process_2023,Recombinational Repair (GO:0000725),6/95,0.007359923001828282,7.3057167551549576,59.85090472406521,MBTD1;PSMD14;RBBP8;SMC5;SMC6;AP5S1,188
Trim71,SE,GO_Biological_Process_2023,DNA Damage Response (GO:0006974),12/384,0.0074807627355819506,3.563049853372434,29.01338551863466,MUS81;FMR1;METTL3;HLTF;EP400;RBBP8;SMC5;FANCC;MMS19;SMC6;PDS5B;FOXP1,188
Trim71,SE,GO_Biological_Process_2023,Regulation Of Embryonic Development (GO:0045995),5/62,0.0074807627355819506,9.469370146678171,77.07769564472886,BAG6;ZZZ3;RUVBL2;TADA3;KAT14,188
Trim71,SE,GO_Biological_Process_2023,Response To Nutrient Levels (GO:0031667),4/35,0.007941322104529277,13.871669004207574,111.83673841010128,PRKAG2;RICTOR;PRKAB1;EIF4G1,188
Trim71,SE,GO_Cellular_Component_2023,Euchromatin (GO:0000791),4/44,0.008371909167408105,10.745652173913044,77.10442410686157,TBP;CREB1;RUVBL2;DNMT3A,188
Trim71,SE,GO_Biological_Process_2023,Protein Destabilization (GO:0031648),4/36,0.008715879443859216,13.4375,106.85207643869998,FBXW11;MDM2;PEX2;CDC73,188
Trim71,SE,GO_Biological_Process_2023,RNA Export From Nucleus (GO:0006405),5/65,0.008856468805261758,8.994535519125684,71.22161844985649,CHTOP;MCM3AP;FMR1;MAGOHB;THOC7,188
Trim71,SE,GO_Biological_Process_2023,Regulation Of Apoptotic Process (GO:0042981),17/705,0.008856468805261758,2.7633958928328575,21.83602090250379,MEAF6;RELA;VEGFA;MBTD1;FLCN;MRGBP;ING3;CASP8;BIN1;RUVBL2;FIGNL1;EP400;MDM2;IGF2BP1;NAA35;RNPS1;RICTOR,188
Trim71,SE,GO_Biological_Process_2023,Protein Modification Process (GO:0036211),17/711,0.009595221125005464,2.7386453646122995,21.375765146043722,PLK4;PIGT;TBP;MEAF6;FBXW11;STRADA;PRKAG2;PRKAB1;ATG13;PPP1CC;CREB1;PPP4R2;ATG16L1;UBA3;BTRC;TAF2;ATG5,188
Trim71,SE,GO_Molecular_Function_2023,Core Promoter Sequence-Specific DNA Binding (GO:0001046),4/35,0.009805194238655815,13.871669004207574,111.83673841010128,TBP;RUVBL2;RELA;FOXP1,188
Trim71,SE,GO_Molecular_Function_2023,RNA Binding (GO:0003723),27/1411,0.009805194238655815,2.2329551574336697,17.91246486779264,EIF4A2;POLDIP3;FMR1;VIRMA;ADD1;PPP1CC;TCOF1;SRP72;HLTF;IGF2BP1;UTP20;RBM7;PTCD3;CHTOP;PNPT1;CPSF6;KRR1;METTL3;MRPS23;PPHLN1;MAGOHB;APTX;RPP21;HNRNPD;RNPS1;RPS24;EIF4G1,188
Trim71,SE,GO_Cellular_Component_2023,Nucleolus (GO:0005730),17/771,0.010376989186525276,2.512805001008268,17.34724837480696,PLK4;SUZ12;MEAF6;ATP8B2;ACTR6;IDH3G;KRR1;FMR1;RBPJ;APTX;RELA;PPP1CC;ZZZ3;TCOF1;MDM2;UTP20;RBM7,188
Trim71,SE,GO_Biological_Process_2023,Regulation Of Autophagy (GO:0010506),9/241,0.010992837364442018,4.243402041995762,32.47472922772679,FLCN;EXOC7;NPRL3;ATP6V1H;AMBRA1;ATG13;GAPDH;EIF4G1;RMC1,188
Trim71,SE,GO_Biological_Process_2023,Regulation Of G1/S Transition Of Mitotic Cell Cycle (GO:2000045),6/106,0.01127662599810823,6.498461538461538,49.407982350792224,SMARCE1;DLG1;PHF10;AMBRA1;CDC73;EIF4G1,188
Trim71,SE,GO_Biological_Process_2023,Regulation Of Tubulin Deacetylation (GO:0090043),3/17,0.01127662599810823,22.932046332046333,174.1036878963936,ZZZ3;TADA3;KAT14,188
Trim71,SE,GO_Biological_Process_2023,Gene Expression (GO:0010467),10/296,0.01127662599810823,3.835546475995914,29.074411419455057,MRPS17;CHTOP;MCM3AP;CASP8;FMR1;HNRNPD;MAGOHB;THOC7;RPS24;EIF4G1,188
Trim71,SE,GO_Biological_Process_2023,Negative Regulation Of Translation (GO:0017148),6/107,0.011368313494024415,6.433793928843434,48.59474283965661,FMR1;METTL3;IGF2BP1;CNOT10;GAPDH;EIF4G1,188
Trim71,SE,GO_Biological_Process_2023,Nucleic Acid-Templated Transcription (GO:0097659),4/40,0.011368313494024415,11.942028985507246,90.06498463950325,SMAD2;MED20;MMS19;RNPS1,188
Trim71,SE,GO_Biological_Process_2023,Positive Regulation Of Protein Metabolic Process (GO:0051247),8/196,0.011544456064993316,4.639243498817967,34.848415162778444,CASP8;FBXW11;POLDIP3;FMR1;METTL3;HNRNPD;BTRC;EIF4G1,188
Trim71,SE,GO_Biological_Process_2023,Response To Amino Acid Starvation (GO:1990928),4/41,0.012143040419339751,11.618683901292597,86.51863799562007,FLCN;NPRL3;PEX2;ITFG2,188
Trim71,SE,GO_Molecular_Function_2023,Ubiquitin-Like Protein Transferase Activity (GO:0019787),9/240,0.012230527199175573,4.2619894072408036,32.745116916062194,SHARPIN;FBXW11;ATG16L1;UBA3;MDM2;RBCK1;KLHL13;BTRC;ATG5,188
Trim71,SE,GO_Cellular_Component_2023,Core Mediator Complex (GO:0070847),3/23,0.012240140578996618,16.04756756756757,107.14031945830344,MED20;MED16;MED15,188
Trim71,SE,GO_Cellular_Component_2023,cullin-RING Ubiquitin Ligase Complex (GO:0031461),7/174,0.012240140578996618,4.549409468356106,30.176455546664023,DCAF15;FBXW5;ANAPC15;ANAPC16;FBXW11;KLHL13;BTRC,188
Trim71,SE,GO_Biological_Process_2023,Regulation Of Protein Deacetylation (GO:0090311),3/18,0.012331073346008197,21.402162162162163,158.73458084740201,ZZZ3;TADA3;KAT14,188
Trim71,SE,GO_Biological_Process_2023,Regulation Of Cell Cycle G1/S Phase Transition (GO:1902806),5/74,0.013413482927355516,7.817771442147778,57.21382682911349,SMARCE1;PHF10;PEX2;AMBRA1;CDC73,188
Trim71,SE,GO_Biological_Process_2023,Regulation Of Chromosome Organization (GO:0033044),4/43,0.013783930396379368,11.021739130434783,80.05540071471528,RUVBL2;HNRNPD;SMC5;SMC6,188
Trim71,SE,GO_Biological_Process_2023,Positive Regulation Of Transcription Elongation By RNA Polymerase II (GO:0032968),4/43,0.013783930396379368,11.021739130434783,80.05540071471528,MED20;MED16;MED15;CDC73,188
Trim71,SE,GO_Biological_Process_2023,Ubiquitin-Dependent Protein Catabolic Process (GO:0006511),11/367,0.014225678312537281,3.3964324255697327,24.516326451068498,BAG6;FBXW5;SHARPIN;WDR26;PSMD14;FBXW11;MDM2;ARMC8;RBCK1;AMBRA1;BTRC,188
Trim71,SE,GO_Biological_Process_2023,Transcription Initiation At RNA Polymerase II Promoter (GO:0006367),5/76,0.014344840866519026,7.596782883090895,54.67019908719882,TBP;MED20;MED16;MED15;TAF2,188
Trim71,SE,GO_Biological_Process_2023,Regulation Of Meiotic Cell Cycle (GO:0051445),3/20,0.015649260564969437,18.88235294117647,133.9932365669352,ANAPC15;ANAPC16;METTL3,188
Trim71,SE,GO_Biological_Process_2023,Cellular Response To Nutrient Levels (GO:0031669),5/78,0.015726699402091787,7.387903286174115,52.2931068339561,FLCN;PRKAG2;RICTOR;PRKAB1;EIF4G1,188
Trim71,SE,GO_Biological_Process_2023,C-terminal Protein Lipidation (GO:0006501),2/5,0.015882275052493358,71,500.9376238661725,ATG16L1;ATG5,188
Trim71,SE,GO_Biological_Process_2023,Regulation Of Histone Deacetylation (GO:0031063),3/21,0.01722515192909637,17.832432432432434,123.91712282511412,ZZZ3;TADA3;KAT14,188
Trim71,SE,GO_Biological_Process_2023,Modulation By Host Of Viral Genome Replication (GO:0044827),3/21,0.01722515192909637,17.832432432432434,123.91712282511412,FMR1;SMC5;SMC6,188
Trim71,SE,GO_Molecular_Function_2023,Nuclear Receptor Binding (GO:0016922),6/115,0.018080022892956526,5.959169271095877,42.739832447111645,SMARCE1;NCOA2;TADA3;MMS19;MED16;FOXP1,188
Trim71,SE,GO_Molecular_Function_2023,DNA-methyltransferase Activity (GO:0009008),2/5,0.018080022892956526,71,500.9376238661725,DNMT3A;DNMT3B,188
Trim71,SE,GO_Molecular_Function_2023,Ubiquitin Binding (GO:0043130),5/80,0.018080022892956526,7.19016393442623,50.067851200015554,SHARPIN;FAF2;MDM2;RBCK1;MAP3K7,188
Trim71,SE,GO_Molecular_Function_2023,DNA Binding (GO:0003677),18/846,0.018080022892956526,2.427621483375959,16.601730979146012,SMAD2;SUZ12;FMR1;DNMT3A;SMC5;SMC6;PDS5B;RBPJ;APTX;RELA;RUVBL2;MTF2;DNMT3B;RBBP8;IGF2BP1;PMS2;BPTF;POLG,188
Trim71,SE,GO_Molecular_Function_2023,Ubiquitin Protein Ligase Binding (GO:0031625),9/271,0.018080022892956526,3.7517591368501857,25.58602698635237,BAG6;SMAD2;CASP8;HLTF;FAF2;MDM2;SMC6;AMBRA1;RELA,188
Trim71,SE,GO_Molecular_Function_2023,Disordered Domain Specific Binding (GO:0097718),3/23,0.018080022892956526,16.04756756756757,107.14031945830344,SMAD2;MDM2;GAPDH,188
Trim71,SE,GO_Molecular_Function_2023,NEDD8 Transferase Activity (GO:0019788),2/6,0.018080022892956526,53.24731182795699,354.42464334302275,MDM2;UBA3,188
Trim71,SE,GO_Molecular_Function_2023,Aryl Hydrocarbon Receptor Binding (GO:0017162),2/6,0.018080022892956526,53.24731182795699,354.42464334302275,NCOA2;TBP,188
Trim71,SE,GO_Biological_Process_2023,Regulation Of Cell Division (GO:0051302),5/83,0.01979979822400798,6.912568306010929,46.98646270833117,FLCN;ZZZ3;TADA3;KLHL13;KAT14,188
Trim71,SE,GO_Cellular_Component_2023,RNA N6-methyladenosine Methyltransferase Complex (GO:0036396),2/8,0.020045836212849017,35.494623655913976,214.5450533466253,METTL3;VIRMA,188
Trim71,SE,GO_Cellular_Component_2023,Smc5-Smc6 Complex (GO:0030915),2/8,0.020045836212849017,35.494623655913976,214.5450533466253,SMC5;SMC6,188
Trim71,SE,GO_Cellular_Component_2023,SWI/SNF Complex (GO:0016514),3/29,0.02017617198248564,12.340540540540541,73.96309678166013,SMARCE1;SS18;PHF10,188
Trim71,SE,GO_Biological_Process_2023,Positive Regulation Of Amide Metabolic Process (GO:0034250),5/85,0.021765268153227504,6.7390710382513666,45.086658240286496,POLDIP3;FMR1;METTL3;HNRNPD;RELA,188
Trim71,SE,GO_Biological_Process_2023,Positive Regulation Of mRNA Binding (GO:1902416),2/6,0.022249811910210953,53.24731182795699,354.42464334302275,FMR1;EIF4G1,188
Trim71,SE,GO_Molecular_Function_2023,Ubiquitin-Like Protein Ligase Binding (GO:0044389),9/289,0.022507640729884565,3.507342378292099,22.36282676293467,BAG6;SMAD2;CASP8;HLTF;FAF2;MDM2;SMC6;AMBRA1;RELA,188
Trim71,SE,GO_Molecular_Function_2023,poly(G) Binding (GO:0034046),2/7,0.022507640729884565,42.59569892473118,269.4571972396255,PNPT1;FMR1,188
Trim71,SE,GO_Biological_Process_2023,Negative Regulation Of Gene Expression (GO:0010629),10/336,0.022897124541145657,3.3580340525263668,22.21522166854149,FLCN;PNPT1;FMR1;METTL3;IGF2BP1;CNOT10;PPHLN1;GAPDH;FOXP1;VEGFA,188
Trim71,SE,GO_Biological_Process_2023,Positive Regulation Of I-kappaB kinase/NF-kappaB Signaling (GO:0043123),7/175,0.022981165956846055,4.5220994475138125,29.846063298747797,SHARPIN;CASP8;MIER1;RBCK1;MAP3K7;GAPDH;RELA,188
Trim71,SE,GO_Biological_Process_2023,Positive Regulation Of Transcription By RNA Polymerase II (GO:0045944),19/938,0.02309576329145588,2.3112786602365576,15.216015395444185,SMAD2;SS18;NCOA2;TBP;PCGF5;PEX2;RBPJ;MED16;MED15;CDC73;RELA;VEGFA;FLCN;CREB1;RUVBL2;HLTF;MED20;TAF2;BPTF,188
Trim71,SE,GO_Biological_Process_2023,Regulation Of Cytoplasmic Translation (GO:2000765),3/24,0.023224914233149926,15.282625482625482,100.09800466207594,FMR1;HNRNPD;IGF2BP1,188
Trim71,SE,GO_Biological_Process_2023,mRNA Polyadenylation (GO:0006378),3/24,0.023224914233149926,15.282625482625482,100.09800466207594,PNPT1;PEX2;CDC73,188
Trim71,SE,GO_Biological_Process_2023,Regulation Of Proteolysis (GO:0030162),4/52,0.023224914233149926,8.951086956521738,58.57152761088496,BAG6;CASP8;FBXW11;BTRC,188
Trim71,SE,GO_Biological_Process_2023,Positive Regulation Of DNA Repair (GO:0045739),5/89,0.02434892266961128,6.416861826697892,41.61382862746357,SMARCE1;PHF10;RUVBL2;UBE2V2;USP1,188
Trim71,SE,GO_Biological_Process_2023,RNA Polyadenylation (GO:0043631),3/25,0.025473952253492808,14.587223587223587,93.77916093571022,PNPT1;PEX2;CDC73,188
Trim71,SE,GO_Biological_Process_2023,Positive Regulation Of Developmental Process (GO:0051094),8/233,0.02599085280650869,3.869037037037037,24.753475237651582,SMARCE1;SS18;NCOA2;PHF10;FMR1;BRMS1L;ARID4B;VEGFA,188
Trim71,SE,GO_Biological_Process_2023,Regulation Of Transcription From RNA Polymerase II Promoter In Response To Hypoxia (GO:0061418),2/7,0.027334570892645352,42.59569892473118,269.4571972396255,RBPJ;VEGFA,188
Trim71,SE,GO_Biological_Process_2023,Somatic Hypermutation Of Immunoglobulin Genes (GO:0016446),2/7,0.027334570892645352,42.59569892473118,269.4571972396255,MCM3AP;PMS2,188
Trim71,SE,GO_Biological_Process_2023,DNA-templated Transcription Elongation (GO:0006354),3/26,0.02739460545231475,13.95229142185664,88.08289497638943,SRCAP;PEX2;CDC73,188
Trim71,SE,GO_Biological_Process_2023,Negative Regulation Of Amide Metabolic Process (GO:0034249),5/93,0.027733702454842392,6.123944361649279,38.52190938225607,BIN1;FMR1;IGF2BP1;CNOT10;GAPDH,188
Trim71,SE,GO_Biological_Process_2023,"Positive Regulation Of DNA-templated Transcription, Elongation (GO:0032786)",4/56,0.028080030767974096,8.26086956521739,51.775845708209765,MED20;MED16;MED15;CDC73,188
Trim71,SE,GO_Biological_Process_2023,RNA Catabolic Process (GO:0006401),4/57,0.029674315076520394,8.104593929450369,50.26568590725663,PNPT1;METTL3;HNRNPD;CNOT10,188
Trim71,SE,GO_Biological_Process_2023,Regulation Of Macroautophagy (GO:0016241),5/96,0.03092367973075031,5.921155347384856,36.41942755571686,EXOC7;ATP6V1H;MAP3K7;GAPDH;ATG5,188
Trim71,SE,GO_Biological_Process_2023,Selective Autophagy (GO:0061912),4/58,0.03100847758026873,7.954106280193237,48.82183668751557,PEX2;AMBRA1;ATG13;ATG5,188
Trim71,SE,GO_Biological_Process_2023,Transcription Elongation By RNA Polymerase II (GO:0006368),3/28,0.03202231012734329,12.834810810810811,78.23867924317898,SRCAP;PEX2;CDC73,188
Trim71,SE,GO_Biological_Process_2023,Mitochondrial Translation (GO:0032543),5/98,0.03265862916945926,5.7932310946589105,35.10974533058298,MRPS17;PTCD3;MRPS23;MRPS2;QRSL1,188
Trim71,SE,GO_Biological_Process_2023,Negative Regulation Of Transcription By RNA Polymerase II (GO:0000122),16/763,0.03265862916945926,2.3741477538059215,14.379106417367021,DNMT3A;ARID4B;PEX2;RBPJ;CDC73;RELA;VEGFA;FLCN;DLG1;BIN1;BRMS1L;MIER1;MDM2;DNMT3B;MTA3;BPTF,188
Trim71,SE,GO_Biological_Process_2023,Negative Regulation By Host Of Viral Genome Replication (GO:0044828),2/8,0.03273821637904912,35.494623655913976,214.5450533466253,SMC5;SMC6,188
Trim71,SE,GO_Molecular_Function_2023,General Transcription Initiation Factor Binding (GO:0140296),3/30,0.03289953952875354,11.882882882882884,70.04992607679566,TBP;RUVBL2;RELA,188
Trim71,SE,GO_Biological_Process_2023,TOR Signaling (GO:0031929),3/29,0.03412076847094397,12.340540540540541,73.96309678166013,FLCN;NPRL3;RICTOR,188
Trim71,SE,GO_Biological_Process_2023,ncRNA Processing (GO:0034470),5/100,0.03452013949385794,5.670693126258269,33.867591075220275,INTS13;RPP21;UTP20;TSEN2;RPS24,188
Trim71,SE,GO_Cellular_Component_2023,TRAPPII Protein Complex (GO:1990071),2/11,0.035430751604313235,23.659498207885303,127.47425305165838,TRAPPC6B;TRAPPC9,188
Trim71,SE,GO_Cellular_Component_2023,Vesicle Coat (GO:0030120),3/37,0.03735966598921743,9.433068362480126,49.93898892581112,COPG2;SEC24C;SEC31A,188
Trim71,SE,GO_Cellular_Component_2023,npBAF Complex (GO:0071564),2/12,0.03756006994492844,21.29247311827957,110.97048401698518,SMARCE1;PHF10,188
Trim71,SE,GO_Cellular_Component_2023,SUMO Ligase Complex (GO:0106068),2/12,0.03756006994492844,21.29247311827957,110.97048401698518,SMC5;SMC6,188
Trim71,SE,GO_Biological_Process_2023,DNA-templated Transcription (GO:0006351),7/199,0.03777276611059439,3.952002762430939,23.209933689791914,SMAD2;TBP;MED20;RNPS1;MMS19;MED16;PMF1,188
Trim71,SE,GO_Biological_Process_2023,Mitochondrial Gene Expression (GO:0140053),5/103,0.03850044890840849,5.496264079402253,32.12087446426473,MRPS17;PTCD3;MRPS23;MRPS2;QRSL1,188
Trim71,SE,GO_Biological_Process_2023,Protein Localization To Chromatin (GO:0071168),3/31,0.03850044890840849,11.457915057915057,66.45734053880396,RUVBL2;PPHLN1;CENPA,188
Trim71,SE,GO_Biological_Process_2023,[2Fe-2S] Cluster Assembly (GO:0044571),2/9,0.03850044890840849,30.422427035330262,176.42921641117604,NFS1;FDX2,188
Trim71,SE,GO_Biological_Process_2023,Negative Regulation Of Transcription By Competitive Promoter Binding (GO:0010944),2/9,0.03850044890840849,30.422427035330262,176.42921641117604,CREB1;KDM2A,188
Trim71,SE,GO_Biological_Process_2023,Camera-Type Eye Morphogenesis (GO:0048593),2/9,0.03850044890840849,30.422427035330262,176.42921641117604,IFT122;VEGFA,188
Trim71,SE,GO_Biological_Process_2023,Telomere Maintenance Via Recombination (GO:0000722),2/9,0.03850044890840849,30.422427035330262,176.42921641117604,SMC5;SMC6,188
Trim71,SE,GO_Molecular_Function_2023,Histone H4K12 Acetyltransferase Activity (GO:0043997),2/10,0.03910958708399672,26.618279569892472,148.59273886129486,ING3;MEAF6,188
Trim71,SE,GO_Molecular_Function_2023,Histone H4K5 Acetyltransferase Activity (GO:0043995),2/10,0.03910958708399672,26.618279569892472,148.59273886129486,ING3;MEAF6,188
Trim71,SE,GO_Molecular_Function_2023,Histone H4K8 Acetyltransferase Activity (GO:0043996),2/10,0.03910958708399672,26.618279569892472,148.59273886129486,ING3;MEAF6,188
Trim71,SE,GO_Biological_Process_2023,NIK/NF-kappaB Signaling (GO:0038061),3/32,0.04178810750047311,11.062255358807082,63.149568260293165,BTRC;MAP3K7;RELA,188
Trim71,SE,GO_Biological_Process_2023,Positive Regulation Of Translation (GO:0045727),5/108,0.0443638677416259,5.228128813199639,29.486722584599708,POLDIP3;FMR1;METTL3;HNRNPD;IGF2BP1,188
Trim71,SE,GO_Biological_Process_2023,Monoubiquitinated Protein Deubiquitination (GO:0035520),3/33,0.04466653211418941,10.692972972972973,60.0958477197196,TADA3;USP1;TAF2,188
Trim71,SE,GO_Biological_Process_2023,Positive Regulation Of Multicellular Organismal Process (GO:0051240),10/387,0.04466653211418941,2.896164277411856,16.19801927523116,SMAD2;SMARCE1;SS18;NCOA2;PHF10;BRMS1L;ARID4B;PRKAB1;GAPDH;VEGFA,188
Trim71,SE,GO_Biological_Process_2023,CRD-mediated mRNA Stabilization (GO:0070934),2/10,0.04466653211418941,26.618279569892472,148.59273886129486,HNRNPD;IGF2BP1,188
Trim71,SE,GO_Biological_Process_2023,Regulation Of Gene Expression By Genomic Imprinting (GO:0006349),2/10,0.04466653211418941,26.618279569892472,148.59273886129486,PCGF5;DNMT3A,188
Trim71,SE,GO_Biological_Process_2023,SRP-dependent Cotranslational Protein Targeting To Membrane (GO:0006614),2/10,0.04466653211418941,26.618279569892472,148.59273886129486,SEC61A2;SRP72,188
Trim71,SE,GO_Biological_Process_2023,Regulation Of mRNA Polyadenylation (GO:1900363),2/10,0.04466653211418941,26.618279569892472,148.59273886129486,CPSF6;VIRMA,188
Trim71,SE,GO_Molecular_Function_2023,Basal RNA Polymerase II Transcription Machinery Binding (GO:0001099),3/36,0.046267247342419306,9.71941031941032,52.21005470741969,TBP;PEX2;CDC73,188
Trim71,SE,GO_Biological_Process_2023,Negative Regulation Of Nucleic Acid-Templated Transcription (GO:1903507),11/456,0.0472929088105691,2.704716561924713,14.92189589929127,EIF4A2;SMAD2;SMARCE1;FBXW11;DNMT3A;MDM2;RBPJ;BTRC;MTA3;RELA;FOXP1,188
Ubr5,SE,GO_Cellular_Component_2023,Nucleus (GO:0005634),102/4487,6.18401589386136e-11,2.7313168591746675,78.88520127218007,CCNT1;GEMIN2;FMR1;ARID4B;RBPJ;RPL10A;VIRMA;PPP1CC;RUVBL2;KPNA4;CCNL2;FBXW11;NSMCE2;TSC2;ARMC8;PRKAB1;GTF2F2;THOC7;FOXP1;BIN1;BLZF1;ISCU;KMT2D;MEAF6;SRCAP;COPS7B;FXR1;ZC3H13;KAT14;BPTF;SMAD2;PHC1;BRPF3;XRCC3;FANCE;POLA1;STAG1;DLG1;STAG2;CNOT2;TADA3;UBA3;MDM2;TAF4B;MDM4;MYD88;NXT1;MCM8;ZBTB8OS;BRCA1;MED15;ING1;MED14;ING3;DBP;UBXN7;POLE;KDM6A;TOP3B;PBRM1;TBP;NCOA6;STRADA;ACTR5;ACAD9;RAD23A;TERF1;UCHL5;WDR33;MSL1;MED22;CREB1;TFDP2;THRAP3;MTF2;GAPDH;ITGB3BP;LAMA5;PRKAA1;PNKP;CENPA;CECR2;BCLAF1;USP1;IGF2BP1;MTA3;E2F6;EXOSC1;SUZ12;PCGF5;ASCC1;PCGF2;TPRKB;APTX;USF2;KANSL1;BRMS1L;TAF8;ACIN1;FAM98A;BCOR;TAF2,233
Ubr5,SE,GO_Cellular_Component_2023,Intracellular Membrane-Bounded Organelle (GO:0043231),108/5175,1.116663846510388e-9,2.5065719360568384,63.40386629227058,CCNT1;GEMIN2;FMR1;ARID4B;RBPJ;RPL10A;VIRMA;PPP1CC;RUVBL2;KPNA4;CCNL2;FBXW11;NSMCE2;TSC2;ARMC8;PRKAB1;GTF2F2;THOC7;FOXP1;BIN1;BLZF1;ISCU;KMT2D;MEAF6;SRCAP;COPS7B;FXR1;ZC3H13;KAT14;SEC31A;BPTF;SMAD2;OSBPL9;PHC1;BRPF3;XRCC3;FANCE;POLA1;STAG1;DLG1;STAG2;CNOT2;TADA3;UBA3;MDM2;TAF4B;MDM4;MYD88;NXT1;MCM8;ZBTB8OS;BRCA1;MED15;ING1;MED14;ING3;DBP;AP1G1;UBXN7;POLE;KDM6A;TOP3B;PBRM1;SUN1;TBP;NCOA6;STRADA;ACTR5;ACAD9;RAD23A;TERF1;UCHL5;WDR33;MSL1;MED22;CREB1;TFDP2;THRAP3;MTF2;GAPDH;ITGB3BP;LAMA5;PRKAA1;PNKP;CENPA;CECR2;BCLAF1;GANAB;USP1;IGF2BP1;MTA3;E2F6;EXOSC1;SUZ12;PCGF5;ASCC1;PCGF2;TPRKB;APTX;USF2;KANSL1;BRMS1L;TAF8;ACIN1;FAM98A;BCOR;TAF2;TNRC6A,233
Ubr5,SE,GO_Biological_Process_2023,Positive Regulation Of Nucleic Acid-Templated Transcription (GO:1903508),26/557,2.7833634052989993e-6,4.5501241846120255,91.1658409536163,PRKAA1;MEAF6;PHF20;BRCA1;ING1;MBTD1;IKBKB;MED14;ING3;RUVBL2;MTA3;SMAD2;SMARCC2;CHUK;NCOA6;FBXW11;ACTR5;UCHL5;MSL1;MED22;MRGBP;CREB1;KANSL1;THRAP3;TADA3;TAF2,233
Ubr5,SE,GO_Biological_Process_2023,Regulation Of DNA Repair (GO:0006282),13/129,2.7833634052989993e-6,10.010305642633229,194.29924879054155,PBRM1;SMARCC2;MEAF6;ACTR5;BRCA1;UCHL5;MBTD1;MRGBP;ING3;RUVBL2;TADA3;USP1;TAF2,233
Ubr5,SE,GO_Biological_Process_2023,Histone H4 Acetylation (GO:0043967),8/39,5.980748464508086e-6,22.636272401433693,410.08309074139663,MBTD1;ING3;MRGBP;MEAF6;KANSL1;PHF20;RUVBL2;MSL1,233
Ubr5,SE,GO_Biological_Process_2023,Regulation Of DNA-templated Transcription (GO:0006355),51/1922,5.980748464508086e-6,2.6802849742454233,48.11617797036506,CCNT1;PHF20;ARID4B;BRCA1;RBPJ;ING1;IKBKB;MED14;ING3;DBP;RUVBL2;CCNL2;PBRM1;SMARCC2;CHUK;NCOA6;FBXW11;ACTR5;UCHL5;FOXP1;MSL1;MED22;CREB1;TFDP2;THRAP3;MTF2;KMT2D;PRKAA1;MEAF6;SRCAP;MBTD1;BCLAF1;MTA3;E2F6;KAT14;BPTF;SMAD2;PCGF5;BRPF3;ASCC1;FBXL19;USF2;ZZZ3;MRGBP;KANSL1;CNOT2;TADA3;MDM2;MDM4;BCOR;TAF2,233
Ubr5,SE,GO_Biological_Process_2023,Positive Regulation Of DNA-templated Transcription (GO:0045893),38/1243,1.3066684693135244e-5,3.00183423768486,50.87276081583874,KMT2D;PRKAA1;MEAF6;CCNT1;PHF20;BRCA1;RBPJ;ING1;MBTD1;IKBKB;PPP3CA;MED14;BCLAF1;ING3;DBP;RUVBL2;MTA3;BPTF;SMAD2;SMARCC2;CHUK;NCOA6;PCGF5;FBXW11;ACTR5;GTF2F2;USF2;UCHL5;MSL1;MED22;MAVS;MRGBP;CREB1;TFDP2;KANSL1;THRAP3;TADA3;TAF2,233
Ubr5,SE,GO_Molecular_Function_2023,Methylation-Dependent Protein Binding (GO:0140034),9/68,1.7172644522573124e-5,13.421004842615012,217.45989683043445,MBTD1;SUZ12;ING3;ZZZ3;FMR1;MTF2;NCAPD3;ING1;BPTF,233
Ubr5,SE,GO_Molecular_Function_2023,Methylated Histone Binding (GO:0035064),9/71,1.7172644522573124e-5,12.769657258064516,202.01992670579014,MBTD1;SUZ12;ING3;ZZZ3;FMR1;MTF2;NCAPD3;ING1;BPTF,233
Ubr5,SE,GO_Biological_Process_2023,DNA Metabolic Process (GO:0006259),16/288,5.761396513758219e-5,5.2846299810246675,79.51164469428976,TOP3B;UVRAG;MCM8;FMR1;ACTR5;PNKP;XRCC3;BRCA1;TERF1;UCHL5;FANCG;POLA1;ORC6;RUVBL2;ORC3;POLE,233
Ubr5,SE,GO_Biological_Process_2023,Internal Peptidyl-Lysine Acetylation (GO:0018393),7/39,5.761396513758219e-5,19.101908185840706,287.02620667631743,MBTD1;ING3;MRGBP;MEAF6;RUVBL2;TADA3;KAT14,233
Ubr5,SE,GO_Biological_Process_2023,DNA Repair (GO:0006281),16/291,5.761396513758219e-5,5.226175115207373,77.90359171469925,UVRAG;CENPX;FANCM;ASCC1;FMR1;ACTR5;PNKP;XRCC3;RAD23A;BRCA1;FANCE;APTX;FANCG;WDR33;POLA1;POLE,233
Ubr5,SE,GO_Biological_Process_2023,Regulation Of Multicellular Organismal Development (GO:2000026),8/59,5.761396513758219e-5,13.745359477124182,202.49422092847516,ZZZ3;MEAF6;BRPF3;RUVBL2;ACTR5;TADA3;UCHL5;KAT14,233
Ubr5,SE,GO_Biological_Process_2023,Histone Modification (GO:0016570),9/81,5.761396513758219e-5,10.990513392857142,161.20420674079315,MBTD1;ING3;MRGBP;MEAF6;RUVBL2;BRMS1L;TADA3;MTA3;KAT14,233
Ubr5,SE,GO_Biological_Process_2023,Histone Acetylation (GO:0016573),8/60,5.761396513758219e-5,13.48034188034188,196.7958852343537,MBTD1;ING3;MRGBP;MEAF6;RUVBL2;TADA3;KAT14;TAF2,233
Ubr5,SE,GO_Biological_Process_2023,Regulation Of Cell Cycle (GO:0051726),16/298,5.761396513758219e-5,5.094617119325424,74.32056647853202,MEAF6;ACTR5;TSC2;RAD23A;BRCA1;UCHL5;MBTD1;ZZZ3;ING3;MRGBP;BIN1;RUVBL2;TADA3;MDM2;CCNL2;KAT14,233
Ubr5,SE,GO_Biological_Process_2023,Positive Regulation Of Double-Strand Break Repair (GO:2000781),9/84,6.724255666196265e-5,10.549285714285714,151.4188903506249,MBTD1;PBRM1;ING3;SMARCC2;MRGBP;MEAF6;RUVBL2;PNKP;SPIDR,233
Ubr5,SE,GO_Cellular_Component_2023,Nuclear Chromosome (GO:0000228),9/95,1.2010516352895896e-4,9.194819352159469,122.32612003906016,PBRM1;ING3;SRCAP;RUVBL2;ACTR5;BRMS1L;NCAPD3;SPIDR;UCHL5,233
Ubr5,SE,GO_Biological_Process_2023,Regulation Of DNA Metabolic Process (GO:0051052),10/124,2.0775035070681806e-4,7.7307056879867835,101.66909635353375,MEAF6;RUVBL2;ORC3;ACTR5;NSMCE2;TADA3;USP1;BRCA1;UCHL5;TAF2,233
Ubr5,SE,GO_Biological_Process_2023,Positive Regulation Of Transcription Initiation By RNA Polymerase II (GO:0060261),7/52,2.274949645999196e-4,13.574631268436578,176.35550949927156,MED22;MED14;TBP;TAF8;TAF4B;MED15;TAF2,233
Ubr5,SE,GO_Biological_Process_2023,Transcription Initiation At RNA Polymerase II Promoter (GO:0006367),8/76,2.570864247711776e-4,10.300130718954248,131.4437848200824,MED22;MED14;TBP;TAF8;TAF4B;MED15;GTF2F2;TAF2,233
Ubr5,SE,GO_Biological_Process_2023,Chromatin Remodeling (GO:0006338),13/228,2.570864247711776e-4,5.37369978858351,68.48298513799926,PBRM1;SMARCC2;PHC1;PCGF2;ACTR5;UCHL5;CECR2;RUVBL2;MTF2;BCOR;MTA3;BPTF;KDM6A,233
Ubr5,SE,GO_Biological_Process_2023,Chromatin Organization (GO:0006325),14/268,2.58464180985034e-4,4.91104879013411,61.88118360044299,PBRM1;SMARCC2;PHC1;PCGF2;ACTR5;UCHL5;CECR2;ZZZ3;RUVBL2;MTF2;BCOR;MTA3;BPTF;KDM6A,233
Ubr5,SE,GO_Biological_Process_2023,Interstrand Cross-Link Repair (GO:0036297),6/36,2.58464180985034e-4,17.38942731277533,218.92202821079047,CENPX;FANCM;MCM8;XRCC3;FANCE;FANCG,233
Ubr5,SE,GO_Biological_Process_2023,Histone H2A Acetylation (GO:0043968),5/21,2.58464180985034e-4,27.070997807017545,339.3817411883306,MBTD1;ING3;MRGBP;MEAF6;RUVBL2,233
Ubr5,SE,GO_Biological_Process_2023,RNA Polymerase II Preinitiation Complex Assembly (GO:0051123),7/56,2.58464180985034e-4,12.463969658659924,155.56192497373559,MED22;MED14;TBP;TAF8;TAF4B;MED15;TAF2,233
Ubr5,SE,GO_Biological_Process_2023,Positive Regulation Of DNA-templated Transcription Initiation (GO:2000144),7/56,2.58464180985034e-4,12.463969658659924,155.56192497373559,MED22;MED14;TBP;TAF8;TAF4B;MED15;TAF2,233
Ubr5,SE,GO_Cellular_Component_2023,Nuclear Lumen (GO:0031981),25/780,2.6502229155676924e-4,3.0266174223127864,36.999431476839945,MEAF6;CCNT1;GEMIN2;FMR1;PNKP;RBPJ;TENT4B;FXR1;PPP1CC;TCOF1;UTP20;EXOSC1;PLK4;SUZ12;PBRM1;KRR1;TERF1;APTX;SPIDR;UCHL5;FANCG;POLA1;ZZZ3;STAG2;MDM2,233
Ubr5,SE,GO_Biological_Process_2023,Regulation Of Transcription Initiation By RNA Polymerase II (GO:0060260),7/57,2.7906770332045627e-4,12.214070796460177,150.96323173308713,MED22;MED14;TBP;TAF8;TAF4B;MED15;TAF2,233
Ubr5,SE,GO_Biological_Process_2023,Double-Strand Break Repair (GO:0006302),11/168,2.8688369890300186e-4,6.18895966029724,76.05982755495164,MBTD1;POLA1;MCM8;ACTR5;PNKP;NSMCE2;XRCC3;BRCA1;ZSWIM7;AP5S1;SPIDR,233
Ubr5,SE,GO_Cellular_Component_2023,SCF Ubiquitin Ligase Complex (GO:0019005),7/61,2.9133736152337793e-4,11.307030481809242,134.53592133819893,FBXL20;FBXW5;FBXW11;FBXL19;FBXO17;FBXO3;FBXL12,233
Ubr5,SE,GO_Cellular_Component_2023,INO80-type Complex (GO:0097346),5/25,2.9133736152337793e-4,21.652412280701753,251.4936442403219,ING3;SRCAP;RUVBL2;ACTR5;UCHL5,233
Ubr5,SE,GO_Cellular_Component_2023,Intracellular Non-Membrane-Bounded Organelle (GO:0043232),32/1195,2.9133736152337793e-4,2.5467161184618607,29.466516289774532,MEAF6;CCNT1;EPB41;GEMIN2;FMR1;PNKP;FAF2;BRCA1;RBPJ;TENT4B;FXR1;PPP1CC;SYCE2;TCOF1;UTP20;EXOSC1;PLK4;SUZ12;KRR1;TERF1;FANCE;APTX;UCHL5;FANCG;POLA1;STAG1;ZZZ3;STAG2;BIN1;MDM2;EIF4G3;GAPDH,233
Ubr5,SE,GO_Biological_Process_2023,Transcription Preinitiation Complex Assembly (GO:0070897),7/59,3.0802318225048086e-4,11.743107556160654,142.3807618219978,MED22;MED14;TBP;TAF8;TAF4B;MED15;TAF2,233
Ubr5,SE,GO_Biological_Process_2023,"RNA Splicing, Via Endonucleolytic Cleavage And Ligation (GO:0000394)",4/11,3.0802318225048086e-4,49.30754834684966,596.6566899484021,ZBTB8OS;FAM98A;TSEN2;TSEN54,233
Ubr5,SE,GO_Biological_Process_2023,"tRNA Splicing, Via Endonucleolytic Cleavage And Ligation (GO:0006388)",4/11,3.0802318225048086e-4,49.30754834684966,596.6566899484021,ZBTB8OS;FAM98A;TSEN2;TSEN54,233
Ubr5,SE,GO_Biological_Process_2023,Double-Strand Break Repair Via Homologous Recombination (GO:0000724),9/111,3.2645615558400996e-4,7.746192226890757,93.00255603923921,MBTD1;FANCM;MCM8;NSMCE2;XRCC3;BRCA1;ZSWIM7;AP5S1;SPIDR,233
Ubr5,SE,GO_Biological_Process_2023,Regulation Of Transcription By RNA Polymerase II (GO:0006357),46/2028,3.877722527413962e-4,2.207325825477425,26.04427035381208,KMT2D;SRCAP;CCNT1;PHF20;ARID4B;BRCA1;RBPJ;ING1;IKBKB;PPP3CA;MED14;BCLAF1;DBP;RUVBL2;CCNL2;MTA3;E2F6;KAT14;BPTF;SMAD2;PBRM1;SMARCC2;CHUK;NCOA6;PCGF5;BRPF3;PCGF2;FBXL19;GTF2F2;USF2;FOXP1;MAVS;DLG1;ZZZ3;MRGBP;CREB1;TFDP2;BIN1;THRAP3;CNOT2;BRMS1L;TADA3;MDM2;MDM4;BCOR;TAF2,233
Ubr5,SE,GO_Biological_Process_2023,Regulation Of Double-Strand Break Repair (GO:2000779),8/88,4.329836273969758e-4,8.749777777777778,101.97718693510288,MBTD1;PBRM1;ING3;SMARCC2;MRGBP;MEAF6;RUVBL2;SPIDR,233
Ubr5,SE,GO_Biological_Process_2023,Positive Regulation Of DNA Repair (GO:0045739),8/89,4.5582882242615536e-4,8.641316872427984,99.98543175094426,PBRM1;SMARCC2;RUVBL2;ACTR5;USP1;BRCA1;SPIDR;UCHL5,233
Ubr5,SE,GO_Biological_Process_2023,SCF-dependent Proteasomal Ubiquitin-Dependent Protein Catabolic Process (GO:0031146),6/43,4.6617803543265077e-4,14.094535063698059,162.3186620053338,FBXL20;FBXW5;FBXW11;FBXO17;FBXO3;FBXL12,233
Ubr5,SE,GO_Cellular_Component_2023,H4/H2A Histone Acetyltransferase Complex (GO:0043189),5/29,4.663131448736005e-4,18.04002192982456,195.71091210292576,MBTD1;ING3;MRGBP;MEAF6;RUVBL2,233
Ubr5,SE,GO_Cellular_Component_2023,NuA4 Histone Acetyltransferase Complex (GO:0035267),5/29,4.663131448736005e-4,18.04002192982456,195.71091210292576,MBTD1;ING3;MRGBP;MEAF6;RUVBL2,233
Ubr5,SE,GO_Molecular_Function_2023,DNA Binding (GO:0003677),26/846,5.645353794937486e-4,2.9022151525863085,34.60066980130587,KMT2D;GTF3C4;CCNT1;MCM8;FMR1;PNKP;BRCA1;RBPJ;BCLAF1;RUVBL2;IGF2BP1;POLE;BPTF;KDM6A;SUZ12;SMAD2;CENPX;RAD23A;TERF1;APTX;USF2;FANCG;POLA1;THRAP3;MTF2;TAF4B,233
Ubr5,SE,GO_Biological_Process_2023,Positive Regulation Of Transcription By RNA Polymerase II (GO:0045944),27/938,6.45904379719494e-4,2.7128622126543966,30.27437551044886,KMT2D;CCNT1;BRCA1;RBPJ;MED15;IKBKB;PPP3CA;MED14;BCLAF1;DBP;RUVBL2;BPTF;SMAD2;TBP;CHUK;NCOA6;PCGF5;GTF2F2;USF2;MED22;MAVS;CREB1;TFDP2;THRAP3;TAF8;TAF4B;TAF2,233
Ubr5,SE,GO_Biological_Process_2023,Recombinational Repair (GO:0000725),8/95,6.737311147747229e-4,8.042911877394635,89.17608564999067,MBTD1;MCM8;NSMCE2;XRCC3;BRCA1;ZSWIM7;AP5S1;SPIDR,233
Ubr5,SE,GO_Cellular_Component_2023,Nucleolus (GO:0005730),23/771,7.994851037722334e-4,2.7848039215686273,28.416796352784054,PLK4;SUZ12;MEAF6;CCNT1;KRR1;GEMIN2;FMR1;PNKP;RBPJ;TERF1;APTX;TENT4B;UCHL5;FANCG;FXR1;POLA1;PPP1CC;ZZZ3;STAG2;TCOF1;MDM2;UTP20;EXOSC1,233
Ubr5,SE,GO_Biological_Process_2023,Regulation Of DNA Replication (GO:0006275),7/75,0.0011527126905624583,8.972735554398751,94.40670511237478,MEAF6;BRPF3;RUVBL2;ACTR5;ORC3;TERF1;UCHL5,233
Ubr5,SE,GO_Biological_Process_2023,Regulation Of Tubulin Deacetylation (GO:0090043),4/17,0.0015769293783336653,26.542156533422908,270.198495271514,PRKAA1;ZZZ3;TADA3;KAT14,233
Ubr5,SE,GO_Biological_Process_2023,Positive Regulation Of Double-Strand Break Repair Via Homologous Recombination (GO:1905168),5/36,0.0023352510272312563,13.961516694963214,136.26351441943942,MBTD1;ING3;MRGBP;MEAF6;RUVBL2,233
Ubr5,SE,GO_Biological_Process_2023,DNA-templated Transcription Initiation (GO:0006352),6/59,0.0024841687804271688,9.83160169561965,95.08583826980745,TBP;NCOA6;TAF8;TAF4B;GTF2F2;TAF2,233
Ubr5,SE,GO_Cellular_Component_2023,Chromosome (GO:0005694),9/164,0.0026356542706596066,5.083755760368663,45.326801755784786,SYCE2;STAG1;PBRM1;STAG2;KRR1;FMR1;BRCA1;FANCE;SPIDR,233
Ubr5,SE,GO_Biological_Process_2023,mRNA Transcription By RNA Polymerase II (GO:0042789),5/38,0.002894430320278995,13.114035087719298,124.48660035724156,TBP;CREB1;TAF8;TAF4B;TAF2,233
Ubr5,SE,GO_Biological_Process_2023,Regulation Of Embryonic Development (GO:0045995),6/62,0.0031276073366378276,9.303492762743865,87.35817754829098,ZZZ3;RUVBL2;ACTR5;TADA3;UCHL5;KAT14,233
Ubr5,SE,GO_Biological_Process_2023,Proteasome-Mediated Ubiquitin-Dependent Protein Catabolic Process (GO:0043161),13/319,0.0036600353240640237,3.758065953654189,34.604003719237106,FBXW5;FBXW11;FBXL19;FAF2;FBXO17;RAD23A;ARMC8;FBXL12;FBXL20;MDM2;FBXO3;UBXN7;RBCK1,233
Ubr5,SE,GO_Cellular_Component_2023,cullin-RING Ubiquitin Ligase Complex (GO:0031461),9/174,0.003772390815655507,4.773214285714285,40.43112052724038,FBXL20;FBXW5;FBXW11;FBXL19;FBXO17;FBXO3;KLHL13;DDA1;FBXL12,233
Ubr5,SE,GO_Cellular_Component_2023,MLL3/4 Complex (GO:0044666),3/11,0.003937311438200533,32.215760869565216,268.4663489333519,KMT2D;NCOA6;KDM6A,233
Ubr5,SE,GO_Cellular_Component_2023,Histone Acetyltransferase Complex (GO:0000123),4/27,0.003937311438200533,14.994494019365863,124.05662003037297,MEAF6;KANSL1;PHF20;BRPF3,233
Ubr5,SE,GO_Cellular_Component_2023,Mitotic Spindle (GO:0072686),8/143,0.003995612413139436,5.170567901234568,42.34584783183074,IQCB1;ZZZ3;TFDP2;EPB41;TADA3;HAUS3;HAUS6;KAT14,233
Ubr5,SE,GO_Cellular_Component_2023,Swr1 Complex (GO:0000812),3/12,0.004289276243861972,28.63478260869565,230.63390137122192,ING3;SRCAP;RUVBL2,233
Ubr5,SE,GO_Biological_Process_2023,Regulation Of Gene Expression (GO:0010468),28/1127,0.004640181787450721,2.3200869970483144,20.75677548654348,KMT2D;PRKAA1;MEAF6;SRCAP;PHF20;BRCA1;RBPJ;CIAO3;ING3;RUVBL2;IGF2BP1;CCNL2;KAT14;BPTF;KDM6A;BRPF3;ASCC1;ACTR5;PRKAB1;FOXP1;MSL1;ZZZ3;KANSL1;MTF2;TADA3;MDM2;FAM98A;MYD88,233
Ubr5,SE,GO_Biological_Process_2023,Regulation Of Centrosome Cycle (GO:0046605),4/23,0.004649537879521516,18.154906917949898,161.96002834845817,FBXW5;XRCC3;CHMP2A;CCNL2,233
Ubr5,SE,GO_Biological_Process_2023,mRNA Transcription (GO:0009299),5/43,0.0046706052907612,11.38561865189289,101.20449801635583,TBP;CREB1;TAF8;TAF4B;TAF2,233
Ubr5,SE,GO_Biological_Process_2023,Telomere Maintenance (GO:0000723),6/68,0.0046706052907612,8.400596845246554,74.52188360885205,RUVBL2;ACTR5;NSMCE2;XRCC3;TERF1;UCHL5,233
Ubr5,SE,GO_Cellular_Component_2023,MLL1 Complex (GO:0071339),4/30,0.004913959686282332,13.262344642257306,104.17811046493168,KANSL1;PHF20;RUVBL2;E2F6,233
Ubr5,SE,GO_Cellular_Component_2023,ATAC Complex (GO:0140672),3/13,0.004913959686282332,25.77,201.02099449495077,ZZZ3;TADA3;KAT14,233
Ubr5,SE,GO_Cellular_Component_2023,MLL1/2 Complex (GO:0044665),4/31,0.00501506626644937,12.770499757399321,98.66677208580326,KANSL1;PHF20;RUVBL2;E2F6,233
Ubr5,SE,GO_Molecular_Function_2023,Protein Heterodimerization Activity (GO:0046982),10/190,0.0051695947992461905,4.8796711509716,45.966161411563625,FXR1;IKBKB;EXT2;QTRT2;CHUK;TCOF1;FMR1;UBA3;MICU1;USF2,233
Ubr5,SE,GO_Biological_Process_2023,Phosphorylation (GO:0016310),15/429,0.005309477688323531,3.2164938173115276,28.05052408286382,PLK4;UVRAG;PRKAA1;TBP;CCNT1;CHUK;STRADA;PRKAB1;ATG13;IKBKB;GNPTG;CREB1;TAF8;TAF4B;TAF2,233
Ubr5,SE,GO_Cellular_Component_2023,Ino80 Complex (GO:0031011),3/14,0.00531470158751032,23.42608695652174,177.2894315710907,ACTR5;RUVBL2;UCHL5,233
Ubr5,SE,GO_Cellular_Component_2023,RSC-type Complex (GO:0016586),3/14,0.00531470158751032,23.42608695652174,177.2894315710907,SUZ12;PBRM1;SMARCC2,233
Ubr5,SE,GO_Biological_Process_2023,Histone H3-K14 Acetylation (GO:0044154),3/10,0.0055656580450117125,36.81987577639752,318.24195184600376,ZZZ3;TADA3;KAT14,233
Ubr5,SE,GO_Biological_Process_2023,Regulation Of Double-Strand Break Repair Via Homologous Recombination (GO:0010569),6/71,0.0055656580450117125,8.01165706540156,69.14987338802501,MBTD1;ING3;MRGBP;MEAF6;RUVBL2;SPIDR,233
Ubr5,SE,GO_Cellular_Component_2023,H4 Histone Acetyltransferase Complex (GO:1902562),3/15,0.0059988066332636834,21.472826086956523,157.90044340497576,KANSL1;PHF20;MSL1,233
Ubr5,SE,GO_Cellular_Component_2023,PRC1 Complex (GO:0035102),3/15,0.0059988066332636834,21.472826086956523,157.90044340497576,PHC1;PCGF5;PCGF2,233
Ubr5,SE,GO_Cellular_Component_2023,Serine/Threonine Protein Kinase Complex (GO:1902554),5/60,0.0059988066332636834,7.859649122807017,57.48090959640629,CAB39;CAB39L;STRADA;CCNL2;AZI2,233
Ubr5,SE,GO_Molecular_Function_2023,Histone H4K12 Acetyltransferase Activity (GO:0043997),3/10,0.006423080104368312,36.81987577639752,318.24195184600376,ING3;MEAF6;BRPF3,233
Ubr5,SE,GO_Molecular_Function_2023,Histone H4K5 Acetyltransferase Activity (GO:0043995),3/10,0.006423080104368312,36.81987577639752,318.24195184600376,ING3;MEAF6;BRPF3,233
Ubr5,SE,GO_Molecular_Function_2023,Histone H4K8 Acetyltransferase Activity (GO:0043996),3/10,0.006423080104368312,36.81987577639752,318.24195184600376,ING3;MEAF6;BRPF3,233
Ubr5,SE,GO_Biological_Process_2023,Establishment Or Maintenance Of Apical/Basal Cell Polarity (GO:0035088),4/26,0.006702386373742073,15.676855895196507,132.07264681386783,DLG1;DLG3;DLG5;PALS1,233
Ubr5,SE,GO_Biological_Process_2023,Iron-Sulfur Cluster Assembly (GO:0016226),4/27,0.0074117280465111415,14.994494019365863,124.05662003037297,ISCA2;FDX2;CIAO3;ISCU,233
Ubr5,SE,GO_Biological_Process_2023,Metallo-Sulfur Cluster Assembly (GO:0031163),4/27,0.0074117280465111415,14.994494019365863,124.05662003037297,ISCA2;FDX2;CIAO3;ISCU,233
Ubr5,SE,GO_Biological_Process_2023,Regulation Of Cellular Response To Stress (GO:0080135),7/107,0.0074117280465111415,6.091548672566372,50.320368055840675,RUVBL2;ACTR5;TADA3;USP1;BRCA1;UCHL5;TAF2,233
Ubr5,SE,GO_Biological_Process_2023,Protein Modification Process (GO:0036211),20/711,0.0074117280465111415,2.592147190911994,21.373855880976244,PLK4;UVRAG;PRKAA1;TBP;MEAF6;CCNT1;CHUK;STRADA;FBXW11;PRKAB1;ATG13;IKBKB;PDP1;PPP3CA;PPP1CC;CREB1;UBA3;TAF8;TAF4B;TAF2,233
Ubr5,SE,GO_Biological_Process_2023,Protein Phosphorylation (GO:0006468),16/500,0.0074495681403846615,2.9375785504817764,24.136064327770406,PLK4;SMAD2;UVRAG;PRKAA1;TBP;CAB39;CCNT1;CHUK;STRADA;PRKAB1;ATG13;IKBKB;CREB1;TAF8;TAF4B;TAF2,233
Ubr5,SE,GO_Biological_Process_2023,Positive Regulation Of DNA Metabolic Process (GO:0051054),7/108,0.0074495681403846615,6.03092964163673,49.47463732428411,ACD;BRPF3;RUVBL2;ACTR5;BRCA1;TERF1;UCHL5,233
Ubr5,SE,GO_Biological_Process_2023,Positive Regulation Of DNA Recombination (GO:0045911),5/51,0.008061577573209508,9.401697177726925,75.89301012028852,MBTD1;ING3;MRGBP;MEAF6;RUVBL2,233
Ubr5,SE,GO_Biological_Process_2023,Regulation Of Dosage Compensation By Inactivation Of X Chromosome (GO:1900095),3/12,0.008061577573209508,28.63478260869565,230.63390137122192,KANSL1;PHF20;MSL1,233
Ubr5,SE,GO_Biological_Process_2023,Positive Regulation Of Histone H3-K4 Methylation (GO:0051571),3/12,0.008061577573209508,28.63478260869565,230.63390137122192,KANSL1;PHF20;BRCA1,233
Ubr5,SE,GO_Biological_Process_2023,Histone H4-K16 Acetylation (GO:0043984),3/12,0.008061577573209508,28.63478260869565,230.63390137122192,KANSL1;PHF20;MSL1,233
Ubr5,SE,GO_Cellular_Component_2023,Protein Kinase Complex (GO:1902911),3/17,0.008066692687572844,18.403416149068324,128.25177383576602,CAB39;CAB39L;STRADA,233
Ubr5,SE,GO_Cellular_Component_2023,SAGA-type Complex (GO:0070461),4/38,0.008066692687572844,10.137683020806575,70.32706955203051,ZZZ3;TADA3;KAT14;TAF2,233
Ubr5,SE,GO_Biological_Process_2023,Positive Regulation Of Telomere Maintenance (GO:0032206),5/52,0.00853366629228653,9.20119447555058,73.43114483211265,RUVBL2;ACTR5;PNKP;TERF1;UCHL5,233
Ubr5,SE,GO_Biological_Process_2023,Negative Regulation Of TOR Signaling (GO:0032007),5/54,0.010022911349146757,8.824740422484783,68.86144560204546,PRKAA1;NPRL3;TSC2;DEPDC5;ITFG2,233
Ubr5,SE,GO_Biological_Process_2023,Organelle Assembly (GO:0070925),12/322,0.010075302675191805,3.408028025105824,26.520429339283666,FXR1;PLK4;IQCB1;AP3M1;TMEM237;AP1G1;FMR1;MKS1;CHMP2A;IFT122;ATG13;BBS5,233
Ubr5,SE,GO_Biological_Process_2023,Transcription By RNA Polymerase II (GO:0006366),9/192,0.01029170229471894,4.29976580796253,33.29954046581386,PBRM1;TBP;CREB1;CCNT1;SRCAP;TAF8;TAF4B;GTF2F2;TAF2,233
Ubr5,SE,GO_Biological_Process_2023,Negative Regulation Of Intracellular Steroid Hormone Receptor Signaling Pathway (GO:0033144),4/31,0.01031854237678092,12.770499757399321,98.66677208580326,CNOT2;BRCA1;STRN3;FOXP1,233
Ubr5,SE,GO_Biological_Process_2023,Regulation Of Stem Cell Population Maintenance (GO:2000036),5/56,0.01114884081281862,8.47781217750258,64.71326712858541,BRMS1L;CNOT2;ARID4B;ZC3H13;ING1,233
Ubr5,SE,GO_Cellular_Component_2023,Transcription Factor TFIID Complex (GO:0005669),4/42,0.011358560348866028,9.0687198345208,59.46563773417638,TBP;TAF8;TAF4B;TAF2,233
Ubr5,SE,GO_Biological_Process_2023,Regulation Of Histone H3-K4 Methylation (GO:0051569),3/14,0.011375154807091635,23.42608695652174,177.2894315710907,KANSL1;PHF20;BRCA1,233
Ubr5,SE,GO_Biological_Process_2023,Histone H2A Monoubiquitination (GO:0035518),3/14,0.011375154807091635,23.42608695652174,177.2894315710907,PCGF5;PCGF2;BRCA1,233
Ubr5,SE,GO_Biological_Process_2023,Positive Regulation Of Telomere Maintenance In Response To DNA Damage (GO:1904507),3/14,0.011375154807091635,23.42608695652174,177.2894315710907,ACTR5;RUVBL2;UCHL5,233
Ubr5,SE,GO_Biological_Process_2023,Protein Localization To Nucleus (GO:0034504),7/122,0.012436404600982434,5.292958830319353,39.50791042788167,POM121;NXT1;NUP155;MDM2;TAF8;TSC2;KPNA4,233
Ubr5,SE,GO_Biological_Process_2023,DNA Damage Response (GO:0006974),13/384,0.012844753461503966,3.0892918402352363,22.91495501604821,UVRAG;NCOA6;MCM8;FMR1;PNKP;XRCC3;BRCA1;SPIDR;FANCG;FOXP1;POLA1;BCLAF1;BID,233
Ubr5,SE,GO_Molecular_Function_2023,Nuclear Vitamin D Receptor Binding (GO:0042809),3/13,0.013052705416687444,25.77,201.02099449495077,MED22;MED14;THRAP3,233
Ubr5,SE,GO_Biological_Process_2023,Regulation Of Telomere Maintenance In Response To DNA Damage (GO:1904505),3/15,0.013131493658429793,21.472826086956523,157.90044340497576,ACTR5;RUVBL2;UCHL5,233
Ubr5,SE,GO_Biological_Process_2023,Histone H4-K5 Acetylation (GO:0043981),3/15,0.013131493658429793,21.472826086956523,157.90044340497576,MEAF6;KANSL1;PHF20,233
Ubr5,SE,GO_Biological_Process_2023,Histone H4-K8 Acetylation (GO:0043982),3/15,0.013131493658429793,21.472826086956523,157.90044340497576,MEAF6;KANSL1;PHF20,233
Ubr5,SE,GO_Cellular_Component_2023,Sin3 Complex (GO:0016580),3/21,0.013240936910978105,14.310869565217391,90.62250169515558,BRMS1L;ARID4B;ING1,233
Ubr5,SE,GO_Cellular_Component_2023,Sin3-type Complex (GO:0070822),3/21,0.013240936910978105,14.310869565217391,90.62250169515558,BRMS1L;ARID4B;ING1,233
Ubr5,SE,GO_Cellular_Component_2023,H3 Histone Acetyltransferase Complex (GO:0070775),2/6,0.013695255483689822,42.777056277056275,266.58648743065515,MEAF6;BRPF3,233
Ubr5,SE,GO_Cellular_Component_2023,MOZ/MORF Histone Acetyltransferase Complex (GO:0070776),2/6,0.013695255483689822,42.777056277056275,266.58648743065515,MEAF6;BRPF3,233
Ubr5,SE,GO_Molecular_Function_2023,Ubiquitin-Like Protein Transferase Activity (GO:0019787),10/240,0.015105802288687884,3.809124585689218,28.70828761794329,FBXW11;NSMCE2;UBA3;MDM2;FBXO3;MDM4;RBCK1;BRCA1;KLHL13;BCOR,233
Ubr5,SE,GO_Biological_Process_2023,Negative Regulation Of Amide Metabolic Process (GO:0034249),6/93,0.015539889530544268,5.979036913261431,42.878653262378535,FXR1;BIN1;FMR1;IGF2BP1;CNOT10;GAPDH,233
Ubr5,SE,GO_Biological_Process_2023,Regulation Of DNA Strand Elongation (GO:0060382),3/16,0.015542883840488093,19.820066889632106,141.80200840850364,ACTR5;RUVBL2;UCHL5,233
Ubr5,SE,GO_Biological_Process_2023,Histone H3 Acetylation (GO:0043966),4/36,0.015542883840488093,10.772379912663755,76.96474862724854,ZZZ3;TADA3;KAT14;TAF2,233
Ubr5,SE,GO_Cellular_Component_2023,Core Mediator Complex (GO:0070847),3/23,0.015706743362106163,12.878478260869565,78.08488791445626,MED22;MED14;MED15,233
Ubr5,SE,GO_Biological_Process_2023,Positive Regulation Of Type I Interferon Production (GO:0032481),5/64,0.017422109181707644,7.325304787392209,51.404800383395326,MAVS;CHUK;POLR3B;GAPDH;MYD88,233
Ubr5,SE,GO_Biological_Process_2023,RNA Export From Nucleus (GO:0006405),5/65,0.018457537229306452,7.202850877192983,50.0367070506437,POM121;NXT1;NUP155;FMR1;THOC7,233
Ubr5,SE,GO_Biological_Process_2023,Regulation Of Histone Modification (GO:0031056),3/18,0.020942100217111164,17.175652173913043,116.711743144768,ZZZ3;TADA3;KAT14,233
Ubr5,SE,GO_Biological_Process_2023,Regulation Of Protein Deacetylation (GO:0090311),3/18,0.020942100217111164,17.175652173913043,116.711743144768,ZZZ3;TADA3;KAT14,233
Ubr5,SE,GO_Biological_Process_2023,Establishment Or Maintenance Of Epithelial Cell Apical/Basal Polarity (GO:0045197),4/40,0.02181780827093157,9.573508005822417,64.54265692796723,DLG1;DLG3;DLG5;PALS1,233
Ubr5,SE,GO_Biological_Process_2023,DNA-templated DNA Replication (GO:0006261),5/69,0.02300697327232742,6.751302083333333,45.074778461208005,POLA1;ORC6;PNKP;ORC3;POLE,233
Ubr5,SE,GO_Biological_Process_2023,Double-Strand Break Repair Via Nonhomologous End Joining (GO:0006303),4/41,0.023256083468854622,9.314292458397261,61.923539313502296,UVRAG;POLA1;PNKP;NSMCE2,233
Ubr5,SE,GO_Biological_Process_2023,Positive Regulation Of Histone Methylation (GO:0031062),3/19,0.023256083468854622,16.101358695652173,106.78302508457156,KANSL1;PHF20;BRCA1,233
Ubr5,SE,GO_Biological_Process_2023,Double-Strand Break Repair Via Synthesis-Dependent Strand Annealing (GO:0045003),2/5,0.023256083468854622,57.03896103896104,378.1543744765272,FANCM;XRCC3,233
Ubr5,SE,GO_Cellular_Component_2023,RNA N6-methyladenosine Methyltransferase Complex (GO:0036396),2/8,0.023648292143559742,28.515151515151516,160.34740449390065,ZC3H13;VIRMA,233
Ubr5,SE,GO_Molecular_Function_2023,RNA Polymerase Binding (GO:0070063),3/17,0.023987251011643042,18.403416149068324,128.25177383576602,CCNT1;BIN1;BRCA1,233
Ubr5,SE,GO_Biological_Process_2023,Negative Regulation Of Stem Cell Population Maintenance (GO:1902455),3/20,0.026093164898756866,15.153452685421994,98.16397141594548,BRMS1L;ARID4B;ING1,233
Ubr5,SE,GO_Biological_Process_2023,Regulation Of Chromosome Organization (GO:0033044),4/43,0.026093164898756866,8.835740678535439,57.15543671204347,RUVBL2;ACTR5;NSMCE2;UCHL5,233
Ubr5,SE,GO_Biological_Process_2023,DNA-templated DNA Replication Maintenance Of Fidelity (GO:0045005),4/43,0.026093164898756866,8.835740678535439,57.15543671204347,CENPX;FANCM;MCM8;POLE,233
Ubr5,SE,GO_Biological_Process_2023,Positive Regulation Of Transcription Elongation By RNA Polymerase II (GO:0032968),4/43,0.026093164898756866,8.835740678535439,57.15543671204347,MED22;MED14;CCNT1;MED15,233
Ubr5,SE,GO_Biological_Process_2023,Negative Regulation Of Translation (GO:0017148),6/107,0.026479936924450453,5.146595716840406,33.158366680635105,FXR1;FMR1;IGF2BP1;CNOT10;GAPDH;TNRC6A,233
Ubr5,SE,GO_Biological_Process_2023,DNA Replication (GO:0006260),5/73,0.026686456051162658,6.352876676986584,40.810612851651705,POLA1;MCM8;PNKP;ORC3;POLE,233
Ubr5,SE,GO_Biological_Process_2023,Import Into Nucleus (GO:0051170),5/74,0.028044775936571623,6.26048817696415,39.8378822392923,POM121;NXT1;NUP155;TSC2;KPNA4,233
Ubr5,SE,GO_Molecular_Function_2023,"RNA Endonuclease Activity, Producing 3'-Phosphomonoesters (GO:0016892)",2/5,0.028060321152717876,57.03896103896104,378.1543744765272,TSEN2;TSEN54,233
Ubr5,SE,GO_Molecular_Function_2023,Annealing Activity (GO:0140666),2/5,0.028060321152717876,57.03896103896104,378.1543744765272,FXR1;FMR1,233
Ubr5,SE,GO_Biological_Process_2023,DNA Replication Initiation (GO:0006270),3/21,0.0283111108213304,14.310869565217391,90.62250169515558,POLA1;ORC6;ORC3,233
Ubr5,SE,GO_Biological_Process_2023,Regulation Of Histone Deacetylation (GO:0031063),3/21,0.0283111108213304,14.310869565217391,90.62250169515558,ZZZ3;TADA3;KAT14,233
Ubr5,SE,GO_Cellular_Component_2023,"Condensed Chromosome, Centromeric Region (GO:0000779)",2/9,0.029284741901955236,24.440321583178726,131.47931372753902,NCAPD3;CENPA,233
Ubr5,SE,GO_Molecular_Function_2023,Histone H4 Acetyltransferase Activity (GO:0010485),3/20,0.030146708342333895,15.153452685421994,98.16397141594548,ING3;MEAF6;BRPF3,233
Ubr5,SE,GO_Biological_Process_2023,Establishment Of Mitotic Sister Chromatid Cohesion (GO:0034087),2/6,0.030649870815566818,42.777056277056275,266.58648743065515,STAG1;STAG2,233
Ubr5,SE,GO_Biological_Process_2023,Histone H2A-K119 Monoubiquitination (GO:0036353),2/6,0.030649870815566818,42.777056277056275,266.58648743065515,PCGF5;PCGF2,233
Ubr5,SE,GO_Biological_Process_2023,Regulation Of Transcription Elongation By RNA Polymerase II (GO:0034243),5/77,0.03139582308706959,5.998720760233918,37.1160728599457,MED22;MED14;CCNT1;SRCAP;MED15,233
Ubr5,SE,GO_Biological_Process_2023,Positive Regulation Of Response To Stimulus (GO:0048584),5/77,0.03139582308706959,5.998720760233918,37.1160728599457,MAVS;RUVBL2;ACTR5;BRCA1;UCHL5,233
Ubr5,SE,GO_Biological_Process_2023,Regulation Of TOR Signaling (GO:0032006),5/78,0.03289757836774022,5.916246094688777,36.26927905646906,PRKAA1;NPRL3;TSC2;DEPDC5;ITFG2,233
Ubr5,SE,GO_Cellular_Component_2023,CD40 Receptor Complex (GO:0035631),2/10,0.03430781437703686,21.384199134199132,110.43103223714621,IKBKB;CHUK,233
Ubr5,SE,GO_Cellular_Component_2023,NSL Complex (GO:0044545),2/10,0.03430781437703686,21.384199134199132,110.43103223714621,KANSL1;PHF20,233
Ubr5,SE,GO_Biological_Process_2023,Protein Import Into Nucleus (GO:0006606),5/79,0.03444491170324233,5.836000474158369,35.45044751150317,POM121;NXT1;NUP155;TSC2;KPNA4,233
Ubr5,SE,GO_Molecular_Function_2023,NEDD8 Transferase Activity (GO:0019788),2/6,0.03580059345190743,42.777056277056275,266.58648743065515,MDM2;UBA3,233
Ubr5,SE,GO_Molecular_Function_2023,Nuclear Receptor Binding (GO:0016922),6/115,0.036471614322746204,4.766923978498969,28.967590393006873,MED22;MED14;NCOA6;THRAP3;TADA3;FOXP1,233
Ubr5,SE,GO_Molecular_Function_2023,Disordered Domain Specific Binding (GO:0097718),3/23,0.036471614322746204,12.878478260869565,78.08488791445626,SMAD2;MDM2;GAPDH,233
Ubr5,SE,GO_Molecular_Function_2023,Ubiquitin Binding (GO:0043130),5/80,0.036471614322746204,5.757894736842105,34.65833003028595,FAF2;MDM2;UBXN7;RAD23A;RBCK1,233
Ubr5,SE,GO_Biological_Process_2023,Regulation Of Nucleic Acid-Templated Transcription (GO:1903506),13/452,0.03830598819156686,2.6016152412507765,15.501065979855632,KMT2D;MEAF6;SRCAP;BRPF3;ASCC1;ACTR5;ZZZ3;ING3;RUVBL2;MTF2;TADA3;KAT14;BPTF,233
Ubr5,SE,GO_Molecular_Function_2023,Nuclear Receptor Coactivator Activity (GO:0030374),4/50,0.03849046992456784,7.488513385228783,44.243907289754354,MED22;MED14;NCOA6;THRAP3,233
Ubr5,SE,GO_Biological_Process_2023,tRNA Processing (GO:0008033),4/50,0.039875594101784116,7.488513385228783,44.243907289754354,ZBTB8OS;FAM98A;TSEN2;TSEN54,233
Ubr5,SE,GO_Molecular_Function_2023,Kinase Binding (GO:0019900),13/460,0.04029734999738185,2.5539963392312384,14.83436195815306,FBXW5;CAB39;STRADA;TPRKB;RAD23A;PRKAB1;ATG13;IKBKB;POLA1;PPP1CC;MAVS;DLG3;ORC3,233
Ubr5,SE,GO_Biological_Process_2023,Regulation Of Cell Division (GO:0051302),5/83,0.04149812313591259,5.535593792172739,32.43081027563448,UVRAG;ZZZ3;TADA3;KLHL13;KAT14,233
Ubr5,SE,GO_Biological_Process_2023,Regulation Of Intracellular Estrogen Receptor Signaling Pathway (GO:0033146),3/25,0.042353087401130925,11.706521739130435,68.11992213274864,KMT2D;CNOT2;STRN3,233
Ubr5,SE,GO_Biological_Process_2023,Negative Regulation Of TORC1 Signaling (GO:1904262),3/25,0.042353087401130925,11.706521739130435,68.11992213274864,NPRL3;DEPDC5;ITFG2,233
Ubr5,SE,GO_Molecular_Function_2023,Histone H3K14 Acetyltransferase Activity (GO:0036408),2/8,0.043046467335795736,28.515151515151516,160.34740449390065,MEAF6;BRPF3,233
Ubr5,SE,GO_Molecular_Function_2023,Histone Acetyltransferase Activity (GO:0004402),3/27,0.043046467335795736,10.729891304347825,60.04121202861406,ING3;SRCAP;KAT14,233
Ubr5,SE,GO_Molecular_Function_2023,Nuclear Thyroid Hormone Receptor Binding (GO:0046966),3/27,0.043046467335795736,10.729891304347825,60.04121202861406,MED22;NCOA6;THRAP3,233
Ubr5,SE,GO_Biological_Process_2023,Establishment Of Protein Localization To Organelle (GO:0072594),5/85,0.044711044703877614,5.396655701754386,31.059448184143836,POM121;NXT1;NUP155;TSC2;KPNA4,233
Ubr5,SE,GO_Molecular_Function_2023,Protein Serine/Threonine Kinase Activator Activity (GO:0043539),4/56,0.04550465259633101,6.622438696674505,36.39500278571018,CCNT1;CAB39;CAB39L;STRADA,233
Ubr5,SE,GO_Biological_Process_2023,DNA-templated Transcription Elongation (GO:0006354),3/26,0.046150857063979527,11.196975425330812,63.87792635001631,PBRM1;SRCAP;GTF2F2,233
Ubr5,SE,GO_Biological_Process_2023,Histone H3-K4 Methylation (GO:0051568),3/26,0.046150857063979527,11.196975425330812,63.87792635001631,KMT2D;NCOA6;KDM6A,233
Wt1,SE,GO_Cellular_Component_2023,Intracellular Membrane-Bounded Organelle (GO:0043231),125/5175,5.516874132813245e-16,3.1661644425312097,127.8515380125226,ATF2;VPS29;CCNT1;FMR1;JADE1;SMC5;CCNC;RBPJ;RPL10A;VIRMA;PPP1CC;STK11;KAT5;CCNL2;MAP3K7;COG7;FBXW11;AP1B1;TSC2;ARMC8;PRKAB1;THOC7;HCFC1;MAU2;UBE2V2;BLM;SRCAP;COPS7B;PDS5B;BAG6;IRAK1;AP4S1;NAE1;ATRIP;KAT14;SEC31A;BPTF;OSBPL9;UBE2I;BRPF3;XRCC3;RFXANK;STAM;FANCE;NSFL1C;STAG1;HOOK2;CNOT2;AGO2;TADA3;TAF4B;MDM4;EZH2;RAD9A;EIF4G1;INTS14;ZBTB8OS;BRCA1;FOXM1;MED15;AP1G1;SNAPC4;DNMT3B;UBXN7;GET1;POLE;YAF2;KDM6A;SS18;SREBF1;ACTR2;PBRM1;SUN1;TBP;STRADA;AKTIP;ACTR5;DNMT3A;PEX2;RAD23A;TERF2;UCHL5;MSL1;MED22;TAF6L;CREB1;TFDP2;MED20;MTF2;SPOPL;GAPDH;ITGB3BP;LAMA5;PRKAA1;NAA20;PNKP;DLST;CENPA;ADD1;CECR2;GANAB;NFS1;VPS53;USP1;RBBP8;MTA3;EXOSC1;CENPU;SLF1;TRMT10B;PCGF5;ASCC1;MCRS1;TPRKB;MLH1;APTX;TARBP2;GATAD2A;KANSL3;ACIN1;NAA16;BCOR;TAF2;TNRC6A;TAF1,240
Wt1,SE,GO_Cellular_Component_2023,Nucleus (GO:0005634),111/4487,2.1473156185517226e-14,3.0249989371200203,108.9781569937973,ATF2;CCNT1;FMR1;JADE1;SMC5;CCNC;RBPJ;RPL10A;VIRMA;PPP1CC;STK11;KAT5;CCNL2;MAP3K7;FBXW11;TSC2;ARMC8;PRKAB1;THOC7;HCFC1;MAU2;UBE2V2;BLM;SRCAP;COPS7B;PDS5B;BAG6;IRAK1;NAE1;ATRIP;KAT14;BPTF;UBE2I;BRPF3;XRCC3;RFXANK;FANCE;NSFL1C;STAG1;CNOT2;AGO2;TADA3;TAF4B;MDM4;EZH2;RAD9A;EIF4G1;INTS14;ZBTB8OS;BRCA1;FOXM1;MED15;SNAPC4;DNMT3B;UBXN7;GET1;POLE;YAF2;KDM6A;SS18;SREBF1;ACTR2;PBRM1;TBP;STRADA;AKTIP;ACTR5;DNMT3A;RAD23A;TERF2;UCHL5;MSL1;MED22;TAF6L;CREB1;TFDP2;MED20;MTF2;SPOPL;GAPDH;ITGB3BP;LAMA5;PRKAA1;NAA20;PNKP;DLST;CENPA;ADD1;CECR2;NFS1;HAUS8;USP1;RBBP8;MTA3;EXOSC1;CENPU;SLF1;TRMT10B;PCGF5;ASCC1;MCRS1;TPRKB;MLH1;APTX;TARBP2;GATAD2A;ACIN1;NAA16;BCOR;TAF2;TAF1,240
Wt1,SE,GO_Biological_Process_2023,DNA Repair (GO:0006281),21/291,8.825016383741768e-8,6.921867072552004,163.35170325157463,BLM;CENPX;ASCC1;FMR1;ACTR5;PNKP;XRCC3;RAD23A;BRCA1;PDS5B;MLH1;FANCE;APTX;FANCG;KAT5;UBE2V2;EP400;RBBP8;ATRIP;POLE;RAD9A,240
Wt1,SE,GO_Biological_Process_2023,Regulation Of DNA Repair (GO:0006282),14/129,3.9511167296877834e-7,10.582146979607542,226.53445525575984,PBRM1;ACTR5;MCRS1;BRCA1;UCHL5;MBTD1;TAF6L;KAT5;TADA3;UBE2V2;EP400;USP1;ATRIP;TAF2,240
Wt1,SE,GO_Molecular_Function_2023,DNA Binding (GO:0003677),33/846,6.04784620915289e-7,3.715296718184573,73.69605479919807,BLM;GTF3C4;CCNT1;GTF3C5;FMR1;PNKP;SMC5;RTF1;BRCA1;PDS5B;RBPJ;SNAPC4;DNMT3B;RBBP8;GET1;POLE;YAF2;BPTF;KDM6A;SREBF1;CENPX;TINF2;DNMT3A;RAD23A;MLH1;APTX;FANCG;TAF6L;MAU2;MTF2;TAF4B;EZH2;TAF1,240
Wt1,SE,GO_Biological_Process_2023,Regulation Of DNA Metabolic Process (GO:0051052),13/124,1.7042644691056446e-6,10.13759574552526,198.08907224004645,SLF1;ACTR5;MCRS1;JADE1;SMC5;BRCA1;TERF2;UCHL5;TAF6L;TADA3;UBE2V2;USP1;TAF2,240
Wt1,SE,GO_Biological_Process_2023,Regulation Of DNA-templated Transcription (GO:0006355),53/1922,2.3827583307813435e-6,2.7130611182164386,51.323620967177355,ATF2;CCNT1;JADE1;BRCA1;RBPJ;FOXM1;KAT5;GET1;CCNL2;BTRC;YAF2;SS18;SREBF1;PBRM1;CHUK;FBXW11;ACTR5;DNMT3A;UCHL5;HCFC1;MSL1;MED22;TAF6L;CREB1;TFDP2;MED20;MTF2;BLM;PRKAA1;SRCAP;MBTD1;EP400;RBBP8;MTA3;KAT14;BPTF;UBE2I;PCGF5;BRPF3;ASCC1;MCRS1;FBXL19;RFXANK;GATAD2A;ZZZ3;CNOT2;KANSL3;TADA3;MDM4;NAA16;BCOR;TAF2;EZH2,240
Wt1,SE,GO_Biological_Process_2023,DNA Metabolic Process (GO:0006259),18/288,3.4228425880537434e-6,5.852852852852853,106.07987476893668,BLM;MCRS1;FMR1;ACTR5;PNKP;XRCC3;BRCA1;PDS5B;TERF2;UCHL5;FANCG;ORC6;UBE2V2;EP400;RBBP8;ATRIP;POLE;RAD9A,240
Wt1,SE,GO_Biological_Process_2023,Positive Regulation Of Nucleic Acid-Templated Transcription (GO:1903508),25/557,3.4228425880537434e-6,4.20265780730897,75.29795631033106,BLM;PRKAA1;BRCA1;FOXM1;MBTD1;KAT5;EP400;BTRC;YAF2;MTA3;CHUK;FBXW11;MCRS1;ACTR5;UCHL5;HCFC1;GATAD2A;MSL1;MED22;TAF6L;CREB1;KANSL3;TADA3;NAA16;TAF2,240
Wt1,SE,GO_Biological_Process_2023,Histone H4 Acetylation (GO:0043967),8/39,3.4228425880537434e-6,21.945494994438263,392.5065885454902,MBTD1;KAT5;MCRS1;KANSL3;JADE1;EP400;HCFC1;MSL1,240
Wt1,SE,GO_Biological_Process_2023,Chromatin Remodeling (GO:0006338),16/228,3.4228425880537434e-6,6.586253369272237,117.64285100349207,SS18;PBRM1;MCRS1;ACTR5;UCHL5;HCFC1;GATAD2A;TAF6L;CECR2;KAT5;MTF2;GET1;BCOR;MTA3;BPTF;KDM6A,240
Wt1,SE,GO_Biological_Process_2023,Regulation Of Cell Cycle (GO:0051726),18/298,3.962518150534971e-6,5.640926640926641,99.26725655117724,ANAPC16;MCRS1;ACTR5;JADE1;TSC2;RAD23A;BRCA1;FOXM1;UCHL5;HCFC1;MBTD1;STK11;ZZZ3;KAT5;TADA3;EP400;CCNL2;KAT14,240
Wt1,SE,GO_Biological_Process_2023,Chromatin Organization (GO:0006325),17/268,4.3392092949961835e-6,5.925231808193236,103.107999523929,SS18;PBRM1;MCRS1;ACTR5;UCHL5;HCFC1;GATAD2A;TAF6L;CECR2;ZZZ3;MTF2;GET1;BCOR;MTA3;EZH2;BPTF;KDM6A,240
Wt1,SE,GO_Biological_Process_2023,Positive Regulation Of DNA-templated Transcription (GO:0045893),39/1243,4.58288198794863e-6,2.9903803242921603,51.58874683841723,ATF2;BLM;PRKAA1;CCNT1;CCNC;BRCA1;RBPJ;FOXM1;MBTD1;KAT5;EP400;BTRC;YAF2;MTA3;BPTF;SS18;SREBF1;ACTR2;CHUK;PCGF5;FBXW11;MCRS1;ACTR5;RFXANK;PEX2;UCHL5;HCFC1;VEGFA;GATAD2A;MSL1;MED22;TAF6L;CREB1;TFDP2;KANSL3;AGO2;TADA3;NAA16;TAF2,240
Wt1,SE,GO_Biological_Process_2023,Response To Nutrient Levels (GO:0031667),7/35,2.163536100033691e-5,21.17167381974249,330.5439161358348,PRKAA1;MAPKAP1;PRKAG2;RICTOR;ULK1;PRKAB1;EIF4G1,240
Wt1,SE,GO_Biological_Process_2023,DNA Damage Response (GO:0006974),19/384,2.5832365573281075e-5,4.568338188805554,70.14780545059094,ATF2;SLF1;BLM;FMR1;PNKP;XRCC3;SMC5;BRCA1;PDS5B;FANCG;STK11;KAT5;EP400;RBBP8;NAE1;BID;ATRIP;RAD9A;TAF1,240
Wt1,SE,GO_Cellular_Component_2023,INO80-type Complex (GO:0097346),6/25,2.59895395161564e-5,26.641025641025642,391.78900284381456,SRCAP;KAT5;ACTR5;MCRS1;EP400;UCHL5,240
Wt1,SE,GO_Biological_Process_2023,RNA Polymerase II Preinitiation Complex Assembly (GO:0051123),8/56,3.539072998850281e-5,14.160919540229886,211.30618448068626,MED22;TAF6L;TBP;MED20;TAF4B;MED15;TAF2;TAF1,240
Wt1,SE,GO_Biological_Process_2023,Proteasome-Mediated Ubiquitin-Dependent Protein Catabolic Process (GO:0043161),17/319,3.539072998850281e-5,4.9117393757609955,73.17160741905296,ANAPC16;FBXW11;FBXL19;LTN1;RAD23A;ARMC8;FBXL12;BAG6;NSFL1C;KAT5;UBXN7;SPOPL;BTRC;FBXL5;FBXO9;KLHDC10;TAF1,240
Wt1,SE,GO_Biological_Process_2023,Internal Peptidyl-Lysine Acetylation (GO:0018393),7/39,3.561153630212114e-5,18.521459227467812,274.5995852194758,BAG6;MBTD1;TAF6L;KAT5;TADA3;EP400;KAT14,240
Wt1,SE,GO_Biological_Process_2023,Organelle Assembly (GO:0070925),17/322,3.561153630212114e-5,4.86267735058443,71.80184372603445,IQCB1;ACTR2;FMR1;AP1B1;IFT122;STAM;ATG13;WDR35;NSFL1C;AP3M1;IFT81;AP1G1;CHMP3;ULK1;IFT57;BBS5;ATG5,240
Wt1,SE,GO_Biological_Process_2023,Regulation Of Multicellular Organismal Development (GO:2000026),8/59,4.126313194445212e-5,13.325895875591616,193.32386253327203,BAG6;ZZZ3;BRPF3;ACTR5;MCRS1;TADA3;UCHL5;KAT14,240
Wt1,SE,GO_Biological_Process_2023,Transcription Preinitiation Complex Assembly (GO:0070897),8/59,4.126313194445212e-5,13.325895875591616,193.32386253327203,MED22;TAF6L;TBP;MED20;TAF4B;MED15;TAF2;TAF1,240
Wt1,SE,GO_Biological_Process_2023,Histone Modification (GO:0016570),9/81,4.263470097206531e-5,10.653679653679653,153.618946470093,MBTD1;TAF6L;KAT5;TADA3;JADE1;EP400;MTA3;KAT14;GATAD2A,240
Wt1,SE,GO_Biological_Process_2023,Histone Acetylation (GO:0016573),8/60,4.263470097206531e-5,13.068965517241379,187.86114516737078,MBTD1;TAF6L;KAT5;TADA3;EP400;MAP3K7;KAT14;TAF2,240
Wt1,SE,GO_Biological_Process_2023,Regulation Of Cellular Response To Stress (GO:0080135),10/107,4.6388500917901495e-5,8.81353653070372,125.53733835696511,TAF6L;ACTR5;MCRS1;TADA3;UBE2V2;USP1;BRCA1;UCHL5;TAF2;EIF4G1,240
Wt1,SE,GO_Biological_Process_2023,Positive Regulation Of Double-Strand Break Repair (GO:2000781),9/84,5.0913385787146226e-05,10.225974025974025,144.2493315798822,MBTD1;ACTR2;PBRM1;SLF1;KAT5;PNKP;UBE2V2;EP400;FOXM1,240
Wt1,SE,GO_Biological_Process_2023,Double-Strand Break Repair (GO:0006302),12/168,5.9920724127689827e-5,6.614035087719298,91.93981133169133,MBTD1;BLM;SLF1;KAT5;ACTR5;PNKP;XRCC3;UBE2V2;RBBP8;SMC5;BRCA1;AP5S1,240
Wt1,SE,GO_Biological_Process_2023,Regulation Of Double-Strand Break Repair (GO:2000779),9/88,6.9734852863896307e-05,9.706230478382377,133.05508817830142,MBTD1;ACTR2;PBRM1;SLF1;KAT5;UBE2V2;EP400;FOXM1;ATRIP,240
Wt1,SE,GO_Biological_Process_2023,Positive Regulation Of DNA Repair (GO:0045739),9/89,7.382468627525031e-5,9.584415584415584,130.46307182094895,PBRM1;SLF1;ACTR5;MCRS1;UBE2V2;USP1;BRCA1;FOXM1;UCHL5,240
Wt1,SE,GO_Biological_Process_2023,Telomere Maintenance (GO:0000723),8/68,8.821477510078171e-5,11.32183908045977,151.66938407882094,BLM;ACTR5;MCRS1;TINF2;XRCC3;SMC5;TERF2;UCHL5,240
Wt1,SE,GO_Cellular_Component_2023,Nuclear Chromosome (GO:0000228),9/95,1.0111759789943878e-4,8.913017215342796,116.40361349600491,PBRM1;BLM;KAT5;SRCAP;ACTR5;MCRS1;EP400;NCAPD3;UCHL5,240
Wt1,SE,GO_Biological_Process_2023,Recombinational Repair (GO:0000725),9/95,1.1906026940640687e-4,8.913017215342796,116.40361349600491,MBTD1;BLM;SLF1;KAT5;XRCC3;RBBP8;SMC5;BRCA1;AP5S1,240
Wt1,SE,GO_Biological_Process_2023,Positive Regulation Of Transcription Initiation By RNA Polymerase II (GO:0060261),7/52,1.4975367066515048e-4,13.162136385312351,168.41615370773496,MED22;TBP;MED20;TAF4B;MED15;TAF2;TAF1,240
Wt1,SE,GO_Biological_Process_2023,Positive Regulation Of Transcription By RNA Polymerase II (GO:0045944),29/938,1.5792854958025803e-4,2.850270335090381,36.22251900893929,ATF2;CCNT1;CCNC;BRCA1;RBPJ;FOXM1;MED15;KAT5;BPTF;SS18;SREBF1;ACTR2;TBP;CHUK;PCGF5;MCRS1;RFXANK;PEX2;HCFC1;VEGFA;MED22;CREB1;TFDP2;KANSL3;AGO2;MED20;TAF4B;TAF2;TAF1,240
Wt1,SE,GO_Cellular_Component_2023,Chromosome (GO:0005694),11/164,1.7778915820691098e-4,6.155692553586209,75.33814944828633,SYCE2;BLM;STAG1;PBRM1;KRR1;FMR1;SMC5;PDS5B;BRCA1;FANCE;MLH1,240
Wt1,SE,GO_Cellular_Component_2023,SAGA-type Complex (GO:0070461),6/38,1.7778915820691098e-4,15.807692307692308,191.11779507094457,TAF6L;ZZZ3;TADA3;MAP3K7;KAT14;TAF2,240
Wt1,SE,GO_Biological_Process_2023,Transcription Initiation At RNA Polymerase II Promoter (GO:0006367),8/76,1.8047699685617353e-4,9.98580121703854,125.2439150419207,MED22;TAF6L;TBP;MED20;TAF4B;MED15;TAF2;TAF1,240
Wt1,SE,GO_Biological_Process_2023,Transcription By RNA Polymerase II (GO:0006366),12/192,1.823820097523094e-4,5.7251461988304095,71.56404746666647,PBRM1;TBP;CREB1;CCNT1;SRCAP;SNAPC4;MED20;TAF4B;PEX2;RTF1;TAF2;TAF1,240
Wt1,SE,GO_Biological_Process_2023,Histone H3 Acetylation (GO:0043966),6/36,1.917856241333949e-4,16.863247863247864,209.4230675692437,TAF6L;ZZZ3;TADA3;MAP3K7;KAT14;TAF2,240
Wt1,SE,GO_Cellular_Component_2023,Serine/Threonine Protein Kinase Complex (GO:1902554),7/60,2.002939730716772e-4,11.170864037573892,132.0042943200761,STK11;CAB39;CAB39L;STRADA;CCNC;CCNL2;AZI2,240
Wt1,SE,GO_Biological_Process_2023,Cellular Response To Nutrient Levels (GO:0031669),8/78,2.0044528948422874e-4,9.699507389162562,119.73933791077566,SREBF1;PRKAA1;MAPKAP1;PRKAG2;ULK1;RICTOR;PRKAB1;EIF4G1,240
Wt1,SE,GO_Biological_Process_2023,Positive Regulation Of DNA-templated Transcription Initiation (GO:2000144),7/56,2.043629385983831e-4,12.08522378908645,148.48029402372748,MED22;TBP;MED20;TAF4B;MED15;TAF2;TAF1,240
Wt1,SE,GO_Biological_Process_2023,Phosphorylation (GO:0016310),18/429,2.043629385983831e-4,3.817123693036102,46.829900964240615,PRKAA1;TBP;CCNT1;CHUK;STRADA;MAPKAP1;PRKAG2;PRKAB1;ATG13;GNPTG;STK11;CREB1;IRAK1;TAF4B;ULK1;RICTOR;TAF2;TAF1,240
Wt1,SE,GO_Cellular_Component_2023,Mitotic Spindle (GO:0072686),10/143,2.1593658813418132e-4,6.416149068322981,74.47935323680827,IQCB1;TAF1D;ZZZ3;TFDP2;HAUS8;TADA3;HAUS6;SKA1;KAT14;HAUS2,240
Wt1,SE,GO_Biological_Process_2023,Regulation Of Transcription Initiation By RNA Polymerase II (GO:0060260),7/57,2.2043757336612333e-4,11.842918454935623,144.07215825287804,MED22;TBP;MED20;TAF4B;MED15;TAF2;TAF1,240
Wt1,SE,GO_Molecular_Function_2023,Methylated Histone Binding (GO:0035064),8/71,2.6423815976970785e-4,10.781061850027367,140.8326385372154,MBTD1;ZZZ3;FMR1;MTF2;GET1;NCAPD3;BPTF;TAF1,240
Wt1,SE,GO_Cellular_Component_2023,ATAC Complex (GO:0140672),4/13,2.8035489998460487e-4,37.195856873822976,417.6817153694309,ZZZ3;TADA3;MAP3K7;KAT14,240
Wt1,SE,GO_Cellular_Component_2023,Histone Acetyltransferase Complex (GO:0000123),5/27,2.950387064876374e-4,19.088974854932303,211.36922123626024,BRPF3;MCRS1;KANSL3;JADE1;HCFC1,240
Wt1,SE,GO_Biological_Process_2023,Regulation Of Transcription By RNA Polymerase II (GO:0006357),47/2028,3.104444946551821e-4,2.1855633701511508,25.78134077049331,ATF2;SRCAP;CCNT1;JADE1;CCNC;RTF1;BRCA1;RBPJ;FOXM1;KAT5;DNMT3B;RBBP8;GET1;CCNL2;MTA3;KAT14;BPTF;SS18;SREBF1;ACTR2;PBRM1;UBE2I;CHUK;PCGF5;BRPF3;MCRS1;FBXL19;DNMT3A;RFXANK;PEX2;HCFC1;VEGFA;GATAD2A;TAF6L;ZZZ3;CREB1;TFDP2;CNOT2;KANSL3;AGO2;MED20;TADA3;MDM4;BCOR;TAF2;EZH2;TAF1,240
Wt1,SE,GO_Biological_Process_2023,Double-Strand Break Repair Via Homologous Recombination (GO:0000724),9/111,3.1132881095727506e-4,7.508785332314744,88.35872407216084,MBTD1;BLM;SLF1;KAT5;XRCC3;RBBP8;SMC5;BRCA1;AP5S1,240
Wt1,SE,GO_Biological_Process_2023,Regulation Of Embryonic Development (GO:0045995),7/62,3.5449541416654457e-4,10.763558330081935,124.80887486041121,BAG6;ZZZ3;ACTR5;MCRS1;TADA3;UCHL5;KAT14,240
Wt1,SE,GO_Biological_Process_2023,Positive Regulation Of Histone H3-K4 Methylation (GO:0051571),4/12,3.5449541416654457e-4,41.847457627118644,484.9083759874467,KANSL3;MCRS1;BRCA1;HCFC1,240
Wt1,SE,GO_Biological_Process_2023,Ubiquitin-Dependent Protein Catabolic Process (GO:0006511),16/367,3.7251882967418484e-4,3.9497354497354498,45.476595271776404,UBE2I;FBXW11;FBXL19;RAD23A;ARMC8;BAG6;CNOT4;NSFL1C;KAT5;UBXN7;CHMP3;SPOPL;NAE1;BTRC;FBXO9;TAF1,240
Wt1,SE,GO_Biological_Process_2023,Telomere Organization (GO:0032200),7/63,3.730428942598189e-4,10.570815450643776,121.4364286031663,BLM;ACTR5;MCRS1;TINF2;TERF2;UCHL5;EZH2,240
Wt1,SE,GO_Biological_Process_2023,Protein Phosphorylation (GO:0006468),19/500,3.730428942598189e-4,3.445884798825975,39.510195978393696,ATF2;PRKAA1;TBP;CAB39;CCNT1;CHUK;STRADA;PRKAG2;PRKAB1;ATG13;STK11;CREB1;IRAK1;TAF4B;ULK1;RICTOR;MAP3K7;TAF2;TAF1,240
Wt1,SE,GO_Biological_Process_2023,Regulation Of Chromosome Organization (GO:0033044),6/43,4.103782178107921e-4,13.668052668052669,155.1057276912868,SLF1;ACTR5;MCRS1;SMC5;TERF2;UCHL5,240
Wt1,SE,GO_Cellular_Component_2023,H4 Histone Acetyltransferase Complex (GO:1902562),4/15,4.2971008431081194e-4,30.42989214175655,322.6033717919892,MCRS1;KANSL3;HCFC1;MSL1,240
Wt1,SE,GO_Cellular_Component_2023,trans-Golgi Network Membrane (GO:0032588),8/100,4.3610899756312395e-4,7.371814092953524,77.40210014973667,SLC30A6;COG7;COG6;AP1G1;VPS53;AP1B1;COG2;AP4S1,240
Wt1,SE,GO_Biological_Process_2023,Protein Modification Process (GO:0036211),23/711,5.70387103199121e-4,2.938163112206623,32.31049136135169,PRKAA1;COG7;UBE2I;TBP;CCNT1;CHUK;STRADA;FBXW11;MCRS1;JADE1;PRKAG2;PRKAB1;ATG13;PPP1CC;STK11;CREB1;IRAK1;TAF4B;ULK1;BTRC;TAF2;ATG5;TAF1,240
Wt1,SE,GO_Biological_Process_2023,Regulation Of Histone H3-K4 Methylation (GO:0051569),4/14,6.136401979820691e-4,33.47457627118644,364.9476660094237,MCRS1;KANSL3;BRCA1;HCFC1,240
Wt1,SE,GO_Cellular_Component_2023,Protein Kinase Complex (GO:1902911),4/17,6.221078049779893e-4,25.74576271186441,259.1175047150618,STK11;CAB39;CAB39L;STRADA,240
Wt1,SE,GO_Biological_Process_2023,Positive Regulation Of Telomere Maintenance (GO:0032206),6/52,0.0011237840401052545,10.988851727982162,112.44150665981678,ACTR5;PNKP;MCRS1;TINF2;TERF2;UCHL5,240
Wt1,SE,GO_Biological_Process_2023,Protein Modification By Small Protein Conjugation (GO:0032446),15/364,0.0011237840401052545,3.70792741165234,37.89644471396378,SLF1;UBE2I;ANAPC16;FBXW11;AKTIP;COPS7B;SMC5;BRCA1;CNOT4;UBE2V2;MDM4;NAE1;BTRC;FBXL5;FBXO9,240
Wt1,SE,GO_Biological_Process_2023,Regulation Of Gene Expression (GO:0010468),30/1127,0.0011237840401052545,2.4303945826279465,24.837126815508473,ATF2;PRKAA1;SRCAP;JADE1;BRCA1;RBPJ;CIAO3;PDCD10;DNMT3B;CCNL2;YAF2;KAT14;BPTF;KDM6A;BRPF3;ASCC1;MCRS1;ACTR5;PRKAB1;TERF2;HCFC1;VEGFA;MSL1;TAF6L;ZZZ3;KANSL3;MTF2;TADA3;EZH2;TAF1,240
Wt1,SE,GO_Biological_Process_2023,Regulation Of Autophagy (GO:0010506),12/241,0.0011237840401052545,4.488853137209837,45.855914797036675,VPS29;SREBF1;STK11;PRKAA1;KAT5;NPRL3;EXOC4;ULK1;ATG13;GAPDH;EIF4G1;RMC1,240
Wt1,SE,GO_Cellular_Component_2023,SCF Ubiquitin Ligase Complex (GO:0019005),6/61,0.001217524665510208,9.186480186480187,85.60791029705811,FBXW11;FBXL19;BTRC;FBXL5;FBXO9;FBXL12,240
Wt1,SE,GO_Biological_Process_2023,Regulation Of Tubulin Deacetylation (GO:0090043),4/17,0.001281869503415173,25.74576271186441,259.1175047150618,PRKAA1;ZZZ3;TADA3;KAT14,240
Wt1,SE,GO_Molecular_Function_2023,Histone Acetyltransferase Activity (GO:0004402),5/27,0.0012888532967617844,19.088974854932303,211.36922123626024,ATF2;SRCAP;KAT5;KAT14;TAF1,240
Wt1,SE,GO_Molecular_Function_2023,RNA Polymerase II-specific DNA-binding Transcription Factor Binding (GO:0061629),12/228,0.001321222283694587,4.762183235867447,51.242789496651646,ATF2;TBP;CREB1;TADA3;DNMT3A;RBBP8;UBXN7;TAF4B;RBPJ;BBS5;ADD1;TAF1,240
Wt1,SE,GO_Biological_Process_2023,Positive Regulation Of Autophagy (GO:0010508),8/107,0.0013266148688497687,6.84813653779171,68.5574670462298,STK11;PRKAA1;KAT5;NPRL3;TSC2;ULK1;MAP3K7;ATG13,240
Wt1,SE,GO_Biological_Process_2023,Activation Of Protein Kinase Activity (GO:0032147),7/81,0.0015563945412361466,7.992228279781928,78.58501640180286,STK11;CAB39;IRAK1;CAB39L;STRADA;MAP3K7;VEGFA,240
Wt1,SE,GO_Molecular_Function_2023,DNA-binding Transcription Factor Binding (GO:0140297),13/282,0.0018155134064807988,4.149534087745443,42.15111058050549,ATF2;TBP;CCNT1;DNMT3A;RBPJ;HCFC1;CREB1;KAT5;RBBP8;UBXN7;BCOR;BBS5;TAF1,240
Wt1,SE,GO_Molecular_Function_2023,Kinase Binding (GO:0019900),17/460,0.0018155134064807988,3.324145400803733,33.364714682123804,ATF2;CAB39;STRADA;MAPKAP1;AP1B1;TPRKB;PRKAG2;RAD23A;FOXM1;PRKAB1;ATG13;PPP1CC;IRAK1;DLG3;PDCD10;RICTOR;RAD9A,240
Wt1,SE,GO_Biological_Process_2023,Positive Regulation Of Protein Kinase Activity (GO:0045860),9/145,0.0018616743908876742,5.621848739495798,54.167781329062066,STK11;DLG3;CAB39;PDCD10;CAB39L;STRADA;PRKAG2;EZH2;VEGFA,240
Wt1,SE,GO_Biological_Process_2023,Positive Regulation Of Histone Methylation (GO:0031062),4/19,0.0019022521873504976,22.310734463276837,214.08588578832033,MCRS1;KANSL3;BRCA1;HCFC1,240
Wt1,SE,GO_Molecular_Function_2023,Protein Serine/Threonine Kinase Activator Activity (GO:0043539),6/56,0.001961597682656108,10.107692307692307,99.11136850504731,CCNT1;KAT5;CAB39;CAB39L;STRADA;RICTOR,240
Wt1,SE,GO_Biological_Process_2023,Proteasomal Protein Catabolic Process (GO:0010498),11/220,0.002044979827422024,4.493449781659389,42.71291810265827,BAG6;NSFL1C;KAT5;FBXW11;FBXL19;UBXN7;SPOPL;RAD23A;ARMC8;BTRC;FBXO9,240
Wt1,SE,GO_Biological_Process_2023,mRNA Transcription By RNA Polymerase II (GO:0042789),5/38,0.0023410564905250986,12.718891038039974,118.95965847464304,TBP;CREB1;TAF4B;TAF2;TAF1,240
Wt1,SE,GO_Biological_Process_2023,Anoikis (GO:0043276),3/8,0.0023856413588531065,50.0126582278481,465.12885391440244,STK11;TSC2;MAP3K7,240
Wt1,SE,GO_Biological_Process_2023,"Retrograde Transport, Vesicle Recycling Within Golgi (GO:0000301)",3/8,0.0023856413588531065,50.0126582278481,465.12885391440244,COG7;COG6;COG2,240
Wt1,SE,GO_Molecular_Function_2023,Protein Kinase Activator Activity (GO:0030295),7/88,0.0028406670630931334,7.298945583638002,67.89280451905366,STK11;KAT5;CAB39;CAB39L;STRADA;PRKAG2;RICTOR,240
Wt1,SE,GO_Cellular_Component_2023,Intracellular Non-Membrane-Bounded Organelle (GO:0043232),29/1195,0.0030990976768850535,2.1917439620202743,18.22463768313973,BLM;CCNT1;FMR1;PNKP;BRCA1;PDS5B;RBPJ;FOXM1;ADD1;PPP1CC;SYCE2;TAF1D;KAT5;TCOF1;IRAK1;EXOSC1;COG7;ATP8B2;KRR1;MCRS1;MLH1;FANCE;APTX;UCHL5;FANCG;STAG1;ZZZ3;GAPDH;TAF1,240
Wt1,SE,GO_Cellular_Component_2023,cullin-RING Ubiquitin Ligase Complex (GO:0031461),9/174,0.0030990976768850535,4.626918536009445,38.17707329025244,ANAPC16;FBXW11;FBXL19;SPOPL;BTRC;FBXL5;FBXO9;KLHDC10;FBXL12,240
Wt1,SE,GO_Biological_Process_2023,Negative Regulation Of Nucleic Acid-Templated Transcription (GO:1903507),16/456,0.00343976009348561,3.1363636363636362,27.969336810198683,EIF4A2;UBE2I;FBXW11;DNMT3A;BRCA1;RBPJ;FOXM1;GATAD2A;KAT5;TFDP2;MDM4;BCOR;BTRC;YAF2;MTA3;EZH2,240
Wt1,SE,GO_Cellular_Component_2023,SUMO Ligase Complex (GO:0106068),3/12,0.003657896303184248,27.779184247538677,221.33118917602707,SLF1;UBE2I;SMC5,240
Wt1,SE,GO_Cellular_Component_2023,Swr1 Complex (GO:0000812),3/12,0.003657896303184248,27.779184247538677,221.33118917602707,KAT5;SRCAP;EP400,240
Wt1,SE,GO_Biological_Process_2023,SCF-dependent Proteasomal Ubiquitin-Dependent Protein Catabolic Process (GO:0031146),5/43,0.003936486947464465,11.042553191489361,96.62909561111405,FBXW11;BTRC;FBXL5;FBXO9;FBXL12,240
Wt1,SE,GO_Biological_Process_2023,mRNA Transcription (GO:0009299),5/43,0.003936486947464465,11.042553191489361,96.62909561111405,TBP;CREB1;TAF4B;TAF2;TAF1,240
Wt1,SE,GO_Cellular_Component_2023,Mitotic Spindle Microtubule (GO:1990498),3/13,0.004241897408949431,25,192.85091015833146,HAUS8;HAUS6;HAUS2,240
Wt1,SE,GO_Cellular_Component_2023,RISC Complex (GO:0016442),3/13,0.004241897408949431,25,192.85091015833146,AGO2;TARBP2;TNRC6A,240
Wt1,SE,GO_Molecular_Function_2023,Methylation-Dependent Protein Binding (GO:0140034),6/68,0.0045626869608561054,8.146401985111662,70.95574703552246,MBTD1;ZZZ3;FMR1;MTF2;NCAPD3;BPTF,240
Wt1,SE,GO_Biological_Process_2023,Histone H3-K14 Acetylation (GO:0044154),3/10,0.004708050381440349,35.719710669077756,305.6134931663387,ZZZ3;TADA3;KAT14,240
Wt1,SE,GO_Cellular_Component_2023,Ino80 Complex (GO:0031011),3/14,0.005096256174535645,22.726121979286535,170.031179633247,ACTR5;MCRS1;UCHL5,240
Wt1,SE,GO_Biological_Process_2023,Protein Stabilization (GO:0050821),10/208,0.005196658656673425,4.2955643390426,36.23776208233652,BAG6;COG7;CREB1;PDCD10;MDM4;GET1;NAA16;GAPDH;HCFC1;TAF1,240
Wt1,SE,GO_Biological_Process_2023,Mitotic G2/M Transition Checkpoint (GO:0044818),5/46,0.005196658656673425,10.233004670472237,86.22702790246746,RINT1;BLM;RBBP8;BRCA1;NAE1,240
Wt1,SE,GO_Biological_Process_2023,Response To Ionizing Radiation (GO:0010212),6/72,0.005287259186273797,7.651126651126651,64.22388256380087,STK11;BLM;PRKAA1;KAT5;BRCA1;RAD9A,240
Wt1,SE,GO_Biological_Process_2023,DNA-templated Transcription Elongation (GO:0006354),4/26,0.005656639113087021,15.206471494607088,126.3915915736462,PBRM1;SRCAP;PEX2;RTF1,240
Wt1,SE,GO_Cellular_Component_2023,trans-Golgi Network (GO:0005802),10/241,0.005765007947163563,3.675701110483719,26.74248983809731,SLC30A6;COG7;COG6;ATP8B2;HOOK2;AP1G1;VPS53;COG2;AP1B1;AP4S1,240
Wt1,SE,GO_Cellular_Component_2023,COPII Vesicle Coat (GO:0030127),3/15,0.005765007947163563,20.831223628691983,151.39047199528824,SEC24B;SEC24C;SEC31A,240
Wt1,SE,GO_Biological_Process_2023,Positive Regulation Of Circadian Rhythm (GO:0042753),3/11,0.005950346048198045,31.253164556962027,257.72345035061255,KAT5;FBXW11;BTRC,240
Wt1,SE,GO_Biological_Process_2023,Negative Regulation Of DNA-templated Transcription (GO:0045892),26/1025,0.005950346048198045,2.281655487262964,18.78279454369439,ATF2;RTF1;BRCA1;RBPJ;FOXM1;KAT5;DNMT3B;GET1;BTRC;YAF2;MTA3;BPTF;UBE2I;FBXW11;DNMT3A;PEX2;HCFC1;VEGFA;GATAD2A;CREB1;TFDP2;CNOT2;MDM4;BCOR;EZH2;TAF1,240
Wt1,SE,GO_Biological_Process_2023,Regulation Of DNA Replication (GO:0006275),6/75,0.006212759151071268,7.3173541434411,59.78431817927109,BLM;BRPF3;ACTR5;MCRS1;JADE1;UCHL5,240
Wt1,SE,GO_Biological_Process_2023,Regulation Of Chromatin Organization (GO:1902275),4/27,0.006212759151071268,14.544583640383198,118.69491357121078,MCRS1;KANSL3;HCFC1;MSL1,240
Wt1,SE,GO_Biological_Process_2023,Negative Regulation Of Translation (GO:0017148),7/107,0.0066346453068687975,5.906437768240344,47.73152133155584,FMR1;AGO2;CNOT10;GAPDH;GIGYF2;TNRC6A;EIF4G1,240
Wt1,SE,GO_Biological_Process_2023,Regulation Of Transcription Elongation By RNA Polymerase II (GO:0034243),6/77,0.006714107719223914,7.1105092091007585,57.07429000502718,MED22;INTS14;CCNT1;SRCAP;MED20;MED15,240
Wt1,SE,GO_Biological_Process_2023,Positive Regulation Of DNA Metabolic Process (GO:0051054),7/108,0.006714107719223914,5.84766073173841,46.923785354678735,BRPF3;ACTR5;MCRS1;TINF2;BRCA1;TERF2;UCHL5,240
Wt1,SE,GO_Biological_Process_2023,Transcription By RNA Polymerase III (GO:0006383),4/28,0.006714107719223914,13.937853107344633,111.7260924185564,GTF3C4;TBP;GTF3C5;SNAPC4,240
Wt1,SE,GO_Biological_Process_2023,Transcription Elongation By RNA Polymerase II (GO:0006368),4/28,0.006714107719223914,13.937853107344633,111.7260924185564,PBRM1;SRCAP;PEX2;RTF1,240
Wt1,SE,GO_Biological_Process_2023,Regulation Of Dosage Compensation By Inactivation Of X Chromosome (GO:1900095),3/12,0.0068575494426517235,27.779184247538677,221.33118917602707,KANSL3;MCRS1;MSL1,240
Wt1,SE,GO_Biological_Process_2023,Histone H4-K16 Acetylation (GO:0043984),3/12,0.0068575494426517235,27.779184247538677,221.33118917602707,KANSL3;MCRS1;MSL1,240
Wt1,SE,GO_Biological_Process_2023,Regulation Of TOR Signaling (GO:0032006),6/78,0.0068575494426517235,7.011396011396012,55.78728273873431,PRKAA1;NPRL3;TSC2;RICTOR;ITFG2;FBXO9,240
Wt1,SE,GO_Biological_Process_2023,Regulation Of Smoothened Signaling Pathway (GO:0008589),5/51,0.006911631937574997,9.11840888066605,72.36715988339319,IFT81;DLG5;IFT122;BTRC;UCHL5,240
Wt1,SE,GO_Biological_Process_2023,Establishment Of Mitotic Spindle Orientation (GO:0000132),4/29,0.007245025593702192,13.379661016949152,105.39160053290104,NSFL1C;KAT5;FBXW11;CENPA,240
Wt1,SE,GO_Biological_Process_2023,Regulation Of Nucleic Acid-Templated Transcription (GO:1903506),15/452,0.007385520002423029,2.9478260869565216,23.12768019031825,ATF2;SRCAP;BRPF3;ASCC1;ACTR5;JADE1;HCFC1;TAF6L;ZZZ3;MTF2;TADA3;YAF2;KAT14;EZH2;BPTF,240
Wt1,SE,GO_Cellular_Component_2023,Vesicle Coat (GO:0030120),4/37,0.007747334190968604,10.131997945557268,70.208430609585335,SEC24B;COPG2;SEC24C;SEC31A,240
Wt1,SE,GO_Biological_Process_2023,Regulation Of Macromolecule Biosynthetic Process (GO:0010556),5/53,0.007985086070521152,8.73758865248227,67.7656164875149,TCOF1;JADE1;ELP1;ULK1;ATG13,240
Wt1,SE,GO_Biological_Process_2023,Apoptotic Process (GO:0006915),10/228,0.008291651587518769,3.8974870362983647,30.034560183868212,BAG6;STK11;JADE1;TSC2;NDUFS1;NAE1;BID;IFT57;MAP3K7;GAPDH,240
Wt1,SE,GO_Biological_Process_2023,Negative Regulation Of TOR Signaling (GO:0032007),5/54,0.008512094081729414,8.558836300477639,65.6308674401083,STK11;PRKAA1;NPRL3;TSC2;ITFG2,240
Wt1,SE,GO_Cellular_Component_2023,Nuclear Lumen (GO:0031981),20/780,0.008867998433505971,2.272727272727273,15.263981747697121,PBRM1;BLM;COG7;CCNT1;ATP8B2;KRR1;MCRS1;FMR1;PNKP;RBPJ;APTX;UCHL5;FANCG;PPP1CC;TAF1D;ZZZ3;KAT5;TCOF1;EXOSC1;TAF1,240
Wt1,SE,GO_Cellular_Component_2023,Spindle Microtubule (GO:0005876),5/68,0.008867998433505971,6.652144545761567,43.97900319342434,HAUS8;CHMP3;HAUS6;HAUS2;SKA1,240
Wt1,SE,GO_Cellular_Component_2023,Cdc73/Paf1 Complex (GO:0016593),2/5,0.008867998433505971,55.34173669467787,363.65790421240854,PEX2;RTF1,240
Wt1,SE,GO_Cellular_Component_2023,Sex Chromosome (GO:0000803),2/5,0.008867998433505971,55.34173669467787,363.65790421240854,PCGF5;SMC5,240
Wt1,SE,GO_Cellular_Component_2023,Shelterin Complex (GO:0070187),2/5,0.008867998433505971,55.34173669467787,363.65790421240854,TINF2;TERF2,240
Wt1,SE,GO_Cellular_Component_2023,Transcription Factor TFIIIC Complex (GO:0000127),2/5,0.008867998433505971,55.34173669467787,363.65790421240854,GTF3C4;GTF3C5,240
Wt1,SE,GO_Biological_Process_2023,Mitotic DNA Damage Checkpoint Signaling (GO:0044773),5/56,0.009587842137058307,8.222361284939508,61.65782067069011,ATF2;RINT1;BLM;BRCA1;RAD9A,240
Wt1,SE,GO_Biological_Process_2023,Organelle Organization (GO:0006996),14/418,0.009587842137058307,2.9679313064049766,22.239584061687385,CENPT;COG7;COG6;ATP8B2;MAPKAP1;COG2;PEX2;FANCG;NSFL1C;CECR2;RANBP10;CHMP3;RICTOR;SEC31A,240
Wt1,SE,GO_Biological_Process_2023,NIK/NF-kappaB Signaling (GO:0038061),4/32,0.009587842137058307,11.944309927360775,89.46769460230794,IRAK1;CHUK;BTRC;MAP3K7,240
Wt1,SE,GO_Biological_Process_2023,COPII-coated Vesicle Cargo Loading (GO:0090110),3/14,0.009587842137058307,22.726121979286535,170.031179633247,SEC24B;SEC24C;SEC31A,240
Wt1,SE,GO_Biological_Process_2023,miRNA-mediated Gene Silencing By Inhibition Of Translation (GO:0035278),3/14,0.009587842137058307,22.726121979286535,170.031179633247,AGO2;TNRC6A;EIF4G1,240
Wt1,SE,GO_Biological_Process_2023,Positive Regulation Of Telomere Maintenance In Response To DNA Damage (GO:1904507),3/14,0.009587842137058307,22.726121979286535,170.031179633247,ACTR5;MCRS1;UCHL5,240
Wt1,SE,GO_Cellular_Component_2023,Transcription Factor TFIID Complex (GO:0005669),4/42,0.00970014488203461,8.796610169491526,56.72627182471374,TBP;TAF4B;TAF2;TAF1,240
Wt1,SE,GO_Biological_Process_2023,Endomembrane System Organization (GO:0010256),9/196,0.010268777140073767,4.077991527189388,30.105175484747328,WASHC4;NSFL1C;COG7;COG6;ATP8B2;HOOK2;AKTIP;COG2;SEC31A,240
Wt1,SE,GO_Biological_Process_2023,intra-Golgi Vesicle-Mediated Transport (GO:0006891),4/33,0.010268777140073767,11.531852717708942,84.99643168312998,COG7;COG6;COG2;COPG2,240
Wt1,SE,GO_Biological_Process_2023,Monoubiquitinated Protein Deubiquitination (GO:0035520),4/33,0.010268777140073767,11.531852717708942,84.99643168312998,TAF6L;TADA3;USP1;TAF2,240
Wt1,SE,GO_Biological_Process_2023,Positive Regulation Of Chromosome Organization (GO:2001252),4/33,0.010268777140073767,11.531852717708942,84.99643168312998,KAT5;TINF2;NCAPD3;TERF2,240
Wt1,SE,GO_Biological_Process_2023,DNA Alkylation (GO:0006305),3/15,0.010851054689213572,20.831223628691983,151.39047199528824,DNMT3A;DNMT3B;GATAD2A,240
Wt1,SE,GO_Biological_Process_2023,Regulation Of Telomere Maintenance In Response To DNA Damage (GO:1904505),3/15,0.010851054689213572,20.831223628691983,151.39047199528824,ACTR5;MCRS1;UCHL5,240
Wt1,SE,GO_Biological_Process_2023,Histone H4-K5 Acetylation (GO:0043981),3/15,0.010851054689213572,20.831223628691983,151.39047199528824,MCRS1;KANSL3;JADE1,240
Wt1,SE,GO_Biological_Process_2023,Histone H4-K8 Acetylation (GO:0043982),3/15,0.010851054689213572,20.831223628691983,151.39047199528824,MCRS1;KANSL3;JADE1,240
Wt1,SE,GO_Biological_Process_2023,Establishment Of Mitotic Spindle Localization (GO:0040001),4/34,0.010851054689213572,11.146892655367232,80.86847751174069,NSFL1C;KAT5;FBXW11;CENPA,240
Wt1,SE,GO_Biological_Process_2023,Histone Deubiquitination (GO:0016578),4/34,0.010851054689213572,11.146892655367232,80.86847751174069,TAF6L;TADA3;BRCA1;TAF2,240
Wt1,SE,GO_Biological_Process_2023,Establishment Of Spindle Orientation (GO:0051294),4/35,0.012018971755906275,10.786768726079824,77.04794508676717,NSFL1C;KAT5;FBXW11;CENPA,240
Wt1,SE,GO_Biological_Process_2023,Protein Ubiquitination (GO:0016567),14/434,0.01208443316614097,2.8525073746312684,20.33189139939677,ANAPC16;FBXW11;PEX2;BRCA1;FANCE;FANCG;CNOT4;UBE2V2;MDM4;NAE1;BTRC;FBXL5;FBXO9;TAF1,240
Wt1,SE,GO_Biological_Process_2023,Regulation Of DNA Strand Elongation (GO:0060382),3/16,0.012697042952473892,19.227848101265824,135.9159990377903,ACTR5;MCRS1;UCHL5,240
Wt1,SE,GO_Biological_Process_2023,Interstrand Cross-Link Repair (GO:0036297),4/36,0.012894393462152516,10.44915254237288,73.5036620013518,CENPX;XRCC3;FANCE;FANCG,240
Wt1,SE,GO_Biological_Process_2023,Positive Regulation Of Double-Strand Break Repair Via Homologous Recombination (GO:1905168),4/36,0.012894393462152516,10.44915254237288,73.5036620013518,MBTD1;ACTR2;KAT5;EP400,240
Wt1,SE,GO_Biological_Process_2023,Negative Regulation Of Transcription By RNA Polymerase II (GO:0000122),20/763,0.013464928714505857,2.3268077817202983,16.245342627306705,ATF2;UBE2I;DNMT3A;PEX2;RTF1;RBPJ;FOXM1;HCFC1;VEGFA;GATAD2A;KAT5;CNOT2;DNMT3B;MDM4;GET1;BCOR;MTA3;EZH2;BPTF;TAF1,240
Wt1,SE,GO_Cellular_Component_2023,Nucleolus (GO:0005730),19/771,0.014570602102463144,2.1731009916241457,13.022402309404136,BLM;COG7;CCNT1;ATP8B2;KRR1;MCRS1;FMR1;PNKP;RBPJ;APTX;UCHL5;FANCG;PPP1CC;TAF1D;ZZZ3;KAT5;TCOF1;EXOSC1;TAF1,240
Wt1,SE,GO_Cellular_Component_2023,Core Mediator Complex (GO:0070847),3/23,0.014570602102463144,12.49367088607595,74.70297961420843,MED22;MED20;MED15,240
Wt1,SE,GO_Biological_Process_2023,rRNA Transcription (GO:0009303),3/17,0.014721016891180017,17.853526220614828,122.8931602059758,GTF3C4;GTF3C5;TCOF1,240
Wt1,SE,GO_Biological_Process_2023,Regulation Of Macroautophagy (GO:0016241),6/96,0.015054268936573986,5.603988603988604,38.397931344078835,EXOC4;TSC2;ULK1;MAP3K7;GAPDH;ATG5,240
Wt1,SE,GO_Biological_Process_2023,Regulation Of Telomere Maintenance (GO:0032204),4/38,0.015286715295420122,9.833499501495513,67.13842222927578,SLF1;TINF2;SMC5;TERF2,240
Wt1,SE,GO_Cellular_Component_2023,RISC-loading Complex (GO:0070578),2/7,0.016173108543323815,33.20168067226891,194.0661121219417,AGO2;TARBP2,240
Wt1,SE,GO_Biological_Process_2023,Regulation Of Histone Modification (GO:0031056),3/18,0.016452855932610103,16.662447257383967,111.8041194813529,ZZZ3;TADA3;KAT14,240
Wt1,SE,GO_Biological_Process_2023,Autophagy Of Nucleus (GO:0044804),3/18,0.016452855932610103,16.662447257383967,111.8041194813529,ULK1;ATG13;ATG5,240
Wt1,SE,GO_Biological_Process_2023,Regulation Of Protein Deacetylation (GO:0090311),3/18,0.016452855932610103,16.662447257383967,111.8041194813529,ZZZ3;TADA3;KAT14,240
Wt1,SE,GO_Biological_Process_2023,Melanosome Assembly (GO:1903232),3/18,0.016452855932610103,16.662447257383967,111.8041194813529,AP3M1;AP1G1;AP1B1,240
Wt1,SE,GO_Biological_Process_2023,Positive Regulation Of Chromosome Segregation (GO:0051984),3/18,0.016452855932610103,16.662447257383967,111.8041194813529,KAT5;SMC5;NCAPD3,240
Wt1,SE,GO_Molecular_Function_2023,Ubiquitin-Like Protein Transferase Activity (GO:0019787),10/240,0.016695311299602243,3.6918714555765595,26.978332803872018,CNOT4;UBE2I;FBXW11;MDM4;BRCA1;BCOR;BTRC;FBXL5;FBXO9;ATG5,240
Wt1,SE,GO_Biological_Process_2023,Protein Localization To Chromosome (GO:0034502),4/40,0.017622668801032536,9.286252354048964,61.59269520111918,SLF1;TINF2;CENPA;TERF2,240
Wt1,SE,GO_Biological_Process_2023,5S Class rRNA Transcription By RNA Polymerase III (GO:0042791),2/5,0.018272744140618885,55.34173669467787,363.65790421240854,GTF3C4;GTF3C5,240
Wt1,SE,GO_Biological_Process_2023,Positive Regulation Of Cholesterol Biosynthetic Process (GO:0045542),2/5,0.018272744140618885,55.34173669467787,363.65790421240854,SREBF1;PRKAA1,240
Wt1,SE,GO_Biological_Process_2023,Positive Regulation Of Sterol Biosynthetic Process (GO:0106120),2/5,0.018272744140618885,55.34173669467787,363.65790421240854,SREBF1;PRKAA1,240
Wt1,SE,GO_Biological_Process_2023,Mitotic Sister Chromatid Cohesion (GO:0007064),3/19,0.018413188775736618,15.620253164556962,102.26496837124101,MAU2;STAG1;PDS5B,240
Wt1,SE,GO_Biological_Process_2023,Neuron Apoptotic Process (GO:0051402),3/19,0.018413188775736618,15.620253164556962,102.26496837124101,NAE1;BID;GAPDH,240
Wt1,SE,GO_Biological_Process_2023,Vesicle-Mediated Transport (GO:0016192),13/411,0.018600628709805892,2.7860226241338855,18.188981700864833,WASHC4;AKTIP;AP1B1;TSC2;CECR2;AP3M1;AP5M1;HOOK2;AP1G1;EXOC4;CHMP3;AP4S1;AP5S1,240
Wt1,SE,GO_Biological_Process_2023,Positive Regulation Of Macromolecule Metabolic Process (GO:0010604),12/364,0.019736406009507223,2.901913875598086,18.75010315542839,ATF2;PRKAA1;PDCD10;TADA3;DNMT3B;BRCA1;RBPJ;PRKAB1;TERF2;HCFC1;VEGFA;EIF4G1,240
Wt1,SE,GO_Biological_Process_2023,DNA Recombination (GO:0006310),4/42,0.01982750456603167,8.796610169491526,56.72627182471374,BLM;XRCC3;RBBP8;BRCA1,240
Wt1,SE,GO_Molecular_Function_2023,Basal RNA Polymerase II Transcription Machinery Binding (GO:0001099),4/36,0.01994341837989838,10.44915254237288,73.5036620013518,TBP;AGO2;PEX2;TAF1,240
Wt1,SE,GO_Biological_Process_2023,DNA Methylation (GO:0006306),3/20,0.020384826267580054,14.700670141474312,93.98541486301063,DNMT3A;DNMT3B;GATAD2A,240
Wt1,SE,GO_Biological_Process_2023,Stress-Activated Protein Kinase Signaling Cascade (GO:0031098),3/20,0.020384826267580054,14.700670141474312,93.98541486301063,PDCD10;CCM2;MAP3K7,240
Wt1,SE,GO_Biological_Process_2023,Nuclear-Transcribed mRNA poly(A) Tail Shortening (GO:0000289),3/20,0.020384826267580054,14.700670141474312,93.98541486301063,CNOT4;CNOT2;CNOT10,240
Wt1,SE,GO_Biological_Process_2023,Lysosomal Transport (GO:0007041),6/105,0.020384826267580054,5.092204092204092,32.53629145898683,AP3M1;HOOK2;AP1G1;AKTIP;VPS53;CHMP3,240
Wt1,SE,GO_Cellular_Component_2023,Smc5-Smc6 Complex (GO:0030915),2/8,0.020782654783313894,27.666666666666668,153.97364736845176,SLF1;SMC5,240
Wt1,SE,GO_Biological_Process_2023,Positive Regulation Of Transcription Elongation By RNA Polymerase II (GO:0032968),4/43,0.02082463128942085,8.570621468926554,54.51227415444532,MED22;CCNT1;MED20;MED15,240
Wt1,SE,GO_Cellular_Component_2023,ER To Golgi Transport Vesicle Membrane (GO:0012507),4/55,0.02193544438931988,6.550016616816218,35.735303230196614,MCFD2;SEC24B;SEC24C;SEC31A,240
Wt1,SE,GO_Cellular_Component_2023,Coated Vesicle Membrane (GO:0030662),4/55,0.02193544438931988,6.550016616816218,35.735303230196614,MCFD2;SEC24B;SEC24C;SEC31A,240
Wt1,SE,GO_Biological_Process_2023,Regulation Of Histone Deacetylation (GO:0031063),3/21,0.022855083010410948,13.883263009845288,86.74213539124817,ZZZ3;TADA3;KAT14,240
Wt1,SE,GO_Biological_Process_2023,Histone H2A Acetylation (GO:0043968),3/21,0.022855083010410948,13.883263009845288,86.74213539124817,MBTD1;KAT5;EP400,240
Wt1,SE,GO_Biological_Process_2023,Positive Regulation Of Cellular Catabolic Process (GO:0031331),7/146,0.022855083010410948,4.240806496433755,26.481769107037746,STK11;PRKAA1;KAT5;NPRL3;PHKG2;ULK1;ATG13,240
Wt1,SE,GO_Cellular_Component_2023,"Condensed Chromosome, Centromeric Region (GO:0000779)",2/9,0.023524368471649865,23.713085234093636,126.19905504831083,NCAPD3;CENPA,240
Wt1,SE,GO_Cellular_Component_2023,H4/H2A Histone Acetyltransferase Complex (GO:0043189),3/29,0.023524368471649865,9.60759493670886,50.99579823027307,MBTD1;KAT5;EP400,240
Wt1,SE,GO_Cellular_Component_2023,NuA4 Histone Acetyltransferase Complex (GO:0035267),3/29,0.023524368471649865,9.60759493670886,50.99579823027307,MBTD1;KAT5;EP400,240
Wt1,SE,GO_Biological_Process_2023,Positive Regulation Of Gene Expression (GO:0010628),14/480,0.02381810875388823,2.564814463139504,15.852315103088525,ATF2;PRKAA1;FMR1;BRCA1;RBPJ;PRKAB1;TERF2;HCFC1;VEGFA;PDCD10;AGO2;TADA3;DNMT3B;GAPDH,240
Wt1,SE,GO_Biological_Process_2023,DNA Strand Resection Involved In Replication Fork Processing (GO:0110025),2/6,0.02381810875388823,41.50420168067227,256.2306742824512,RBBP8;BRCA1,240
Wt1,SE,GO_Biological_Process_2023,Positive Regulation Of mRNA Binding (GO:1902416),2/6,0.02381810875388823,41.50420168067227,256.2306742824512,FMR1;EIF4G1,240
Wt1,SE,GO_Biological_Process_2023,Positive Regulation Of Trophoblast Cell Migration (GO:1901165),2/6,0.02381810875388823,41.50420168067227,256.2306742824512,AGO2;VEGFA,240
Wt1,SE,GO_Biological_Process_2023,Negative Regulation Of Cell Population Proliferation (GO:0008285),12/379,0.02468637712918764,2.781155886992686,17.037221222136825,PBRM1;STK11;DLG3;DLG5;TINF2;TSC2;ULK1;MDM4;GET1;PEX2;PDS5B;ATG13,240
Wt1,SE,GO_Biological_Process_2023,Negative Regulation Of Cellular Process (GO:0048523),15/537,0.02468637712918764,2.4569604086845467,15.03694694746246,SS18;PBRM1;BLM;JADE1;TSC2;BRCA1;PDS5B;ATG13;STK11;DLG3;DLG5;CHMP3;ULK1;MDM4;GET1,240
Wt1,SE,GO_Biological_Process_2023,Platelet Dense Granule Organization (GO:0060155),3/22,0.02468637712918764,13.151898734177216,80.36069247161349,AP3M1;AP1G1;AP1B1,240
Wt1,SE,GO_Biological_Process_2023,Replication Fork Processing (GO:0031297),4/46,0.02468637712918764,7.957223567393059,48.61086741432712,BLM;CENPX;RBBP8;BRCA1,240
Wt1,SE,GO_Cellular_Component_2023,MLL1 Complex (GO:0071339),3/30,0.025277395793191673,9.251289263947491,48.21121353552661,MCRS1;HCFC1;TAF1,240
Wt1,SE,GO_Cellular_Component_2023,Condensed Chromosome (GO:0000793),4/60,0.025570350971538366,5.963680387409201,30.681396655459714,SLF1;SMC5;NCAPD3;CENPA,240
Wt1,SE,GO_Cellular_Component_2023,Transport Vesicle Membrane (GO:0030658),4/60,0.025570350971538366,5.963680387409201,30.681396655459714,MCFD2;SEC24B;SEC24C;SEC31A,240
Wt1,SE,GO_Cellular_Component_2023,MLL1/2 Complex (GO:0044665),3/31,0.025570350971538366,8.920433996383364,45.65748364590476,MCRS1;HCFC1;TAF1,240
Wt1,SE,GO_Cellular_Component_2023,NSL Complex (GO:0044545),2/10,0.025570350971538366,20.747899159663866,105.95295110838458,KANSL3;MCRS1,240
Wt1,SE,GO_Molecular_Function_2023,DNA-methyltransferase Activity (GO:0009008),2/5,0.02730749290587448,55.34173669467787,363.65790421240854,DNMT3A;DNMT3B,240
Wt1,SE,GO_Molecular_Function_2023,Protein Kinase Regulator Activity (GO:0019887),6/103,0.02730749290587448,5.197726671953476,33.72237026230655,STK11;CAB39;STRADA;PRKAG2;CCNC;CCNL2,240
Wt1,SE,GO_Molecular_Function_2023,Histone H4 Acetyltransferase Activity (GO:0010485),3/20,0.02730749290587448,14.700670141474312,93.98541486301063,KAT5;BRPF3;JADE1,240
Wt1,SE,GO_Molecular_Function_2023,Ubiquitin-Specific Protease Binding (GO:1990381),3/20,0.02730749290587448,14.700670141474312,93.98541486301063,BAG6;CHMP3;RAD23A,240
Wt1,SE,GO_Molecular_Function_2023,Ubiquitin Ligase-Substrate Adaptor Activity (GO:1990756),4/44,0.02730749290587448,8.35593220338983,52.42847530746288,FBXL19;BTRC;FBXO9;KLHDC10,240
Wt1,SE,GO_Molecular_Function_2023,Kinase Activator Activity (GO:0019209),4/44,0.02730749290587448,8.35593220338983,52.42847530746288,STK11;CAB39;STRADA;PRKAG2,240
Wt1,SE,GO_Molecular_Function_2023,Damaged DNA Binding (GO:0003684),4/45,0.02730749290587448,8.15171558495246,50.464460848097886,PNKP;RBBP8;APTX;FANCG,240
Wt1,SE,GO_Molecular_Function_2023,G-quadruplex RNA Binding (GO:0002151),2/6,0.02730749290587448,41.50420168067227,256.2306742824512,FMR1;MCRS1,240
Wt1,SE,GO_Biological_Process_2023,Regulation Of Centrosome Cycle (GO:0046605),3/23,0.027713639140636376,12.49367088607595,74.70297961420843,XRCC3;CHMP3;CCNL2,240
Wt1,SE,GO_Biological_Process_2023,Nuclear Membrane Reassembly (GO:0031468),3/23,0.027713639140636376,12.49367088607595,74.70297961420843,NSFL1C;UBE2I;CHMP3,240
Wt1,SE,GO_Biological_Process_2023,Negative Regulation Of Gene Expression (GO:0010629),11/336,0.02783888972737417,2.8724890829694325,17.142405597306105,PRKAA1;PDCD10;FMR1;AGO2;CNOT10;TERF2;GAPDH;GIGYF2;EZH2;VEGFA;TAF1,240
Wt1,SE,GO_Biological_Process_2023,Golgi Vesicle Transport (GO:0048193),8/197,0.02891156076700731,3.570698777595329,21.149462642586055,RINT1;SEC24B;COG7;COG6;COG2;COPG2;SEC24C;SEC31A,240
Wt1,SE,GO_Biological_Process_2023,Nuclear Export (GO:0051168),4/49,0.030099940493849477,7.425612052730696,43.632193506133014,WASHC4;NUP214;UBE2I;STRADA,240
Wt1,SE,GO_Biological_Process_2023,N-terminal Peptidyl-Methionine Acetylation (GO:0017196),2/7,0.030214771623885375,33.20168067226891,194.0661121219417,NAA20;NAA16,240
Wt1,SE,GO_Biological_Process_2023,Regulation Of Lipoprotein Metabolic Process (GO:0050746),2/7,0.030214771623885375,33.20168067226891,194.0661121219417,ULK1;ATG13,240
Wt1,SE,GO_Biological_Process_2023,Regulation Of Transcription From RNA Polymerase II Promoter In Response To Hypoxia (GO:0061418),2/7,0.030214771623885375,33.20168067226891,194.0661121219417,RBPJ;VEGFA,240
Wt1,SE,GO_Biological_Process_2023,tRNA Transcription By RNA Polymerase III (GO:0042797),2/7,0.030214771623885375,33.20168067226891,194.0661121219417,GTF3C4;GTF3C5,240
Wt1,SE,GO_Cellular_Component_2023,AP-1 Adaptor Complex (GO:0030121),2/11,0.030332579487394682,18.441643323996264,90.62067861983672,AP1G1;AP1B1,240
Wt1,SE,GO_Biological_Process_2023,Regulation Of Translation (GO:0006417),8/202,0.03236524137091512,3.4777817276928547,20.065653836245122,EIF4A2;TCOF1;FMR1;ELP1;CNOT10;GAPDH;GIGYF2;EIF4G1,240
Wt1,SE,GO_Biological_Process_2023,Secretory Granule Organization (GO:0033363),3/25,0.032822609132974565,11.356731875719218,65.13707018664526,AP3M1;AP1G1;AP1B1,240
Wt1,SE,GO_Biological_Process_2023,Vesicle Cargo Loading (GO:0035459),3/25,0.032822609132974565,11.356731875719218,65.13707018664526,SEC24B;SEC24C;SEC31A,240
Wt1,SE,GO_Biological_Process_2023,Negative Regulation Of TORC1 Signaling (GO:1904262),3/25,0.032822609132974565,11.356731875719218,65.13707018664526,STK11;NPRL3;ITFG2,240
Wt1,SE,GO_Biological_Process_2023,Positive Regulation Of DNA Recombination (GO:0045911),4/51,0.032822609132974565,7.108907320591417,40.73043087687631,MBTD1;ACTR2;KAT5;EP400,240
Wt1,SE,GO_Biological_Process_2023,Regulation Of Proteolysis (GO:0030162),4/52,0.03500222675558878,6.96045197740113,39.38757920693041,BAG6;FBXW11;SPOPL;BTRC,240
Wt1,SE,GO_Molecular_Function_2023,poly(G) Binding (GO:0034046),2/7,0.03603198340204721,33.20168067226891,194.0661121219417,FMR1;MCRS1,240
Wt1,SE,GO_Biological_Process_2023,miRNA-mediated Gene Silencing (GO:0035195),3/26,0.036090490933919986,10.862410566868464,61.06586445256905,AGO2;TNRC6A;EIF4G1,240
Wt1,SE,GO_Biological_Process_2023,RISC Complex Assembly (GO:0070922),2/8,0.03723757138520545,27.666666666666668,153.97364736845176,AGO2;TARBP2,240
Wt1,SE,GO_Biological_Process_2023,Regulation Of Protein ADP-ribosylation (GO:0010835),2/8,0.03723757138520545,27.666666666666668,153.97364736845176,PNKP;TINF2,240
Wt1,SE,GO_Biological_Process_2023,tRNA Transcription (GO:0009304),2/8,0.03723757138520545,27.666666666666668,153.97364736845176,GTF3C4;GTF3C5,240
Wt1,SE,GO_Biological_Process_2023,Glucan Metabolic Process (GO:0044042),2/8,0.03723757138520545,27.666666666666668,153.97364736845176,PHKG2;PRKAG2,240
Wt1,SE,GO_Molecular_Function_2023,RNA Binding (GO:0003723),29/1411,0.038027093435248835,1.8277035136933217,10.495380617087491,EIF4A2;FMR1;RTF1;BRCA1;RPL10A;VIRMA;GIGYF2;ADD1;PPP1CC;GANAB;TCOF1;FIP1L1;MRPL9;EXOSC1;PTCD3;TRMT10B;UBE2I;KRR1;MCRS1;ELP1;APTX;UCHL5;TARBP2;CNOT4;ZC3H11A;AGO2;ACIN1;TNRC6A;EIF4G1,240
Wt1,SE,GO_Biological_Process_2023,Iron-Sulfur Cluster Assembly (GO:0016226),3/27,0.03829436775625489,10.40928270042194,57.38415681205158,ISCA2;NFS1;CIAO3,240
Wt1,SE,GO_Biological_Process_2023,Metallo-Sulfur Cluster Assembly (GO:0031163),3/27,0.03829436775625489,10.40928270042194,57.38415681205158,ISCA2;NFS1;CIAO3,240
Wt1,SE,GO_Biological_Process_2023,Monoubiquitinated Histone H2A Deubiquitination (GO:0035522),3/27,0.03829436775625489,10.40928270042194,57.38415681205158,TAF6L;TADA3;TAF2,240
Wt1,SE,GO_Biological_Process_2023,Monoubiquitinated Histone Deubiquitination (GO:0035521),3/27,0.03829436775625489,10.40928270042194,57.38415681205158,TAF6L;TADA3;TAF2,240
Wt1,SE,GO_Biological_Process_2023,Cellular Response To Starvation (GO:0009267),6/126,0.03940532830397917,4.196581196581197,22.989485854891853,SREBF1;PRKAA1;KAT5;NPRL3;ITFG2;ATG5,240
Wt1,SE,GO_Molecular_Function_2023,Ribosome Binding (GO:0043022),5/85,0.03971948167468873,5.23404255319149,29.46285474314955,BAG6;PTCD3;FMR1;LTN1;NAA16,240
Wt1,SE,GO_Molecular_Function_2023,Histone H3K14 Acetyltransferase Activity (GO:0036408),2/8,0.03971948167468873,27.666666666666668,153.97364736845176,BRPF3;JADE1,240
Wt1,SE,GO_Molecular_Function_2023,Histone H4K16 Acetyltransferase Activity (GO:0046972),2/8,0.03971948167468873,27.666666666666668,153.97364736845176,KAT5;JADE1,240
Wt1,SE,GO_Cellular_Component_2023,Postsynaptic Density (GO:0014069),6/151,0.03975105360148041,3.4686118479221926,16.015636379545438,DLG3;FMR1;DLG5;TSC2;FOXM1;ADD1,240
Wt1,SE,GO_Cellular_Component_2023,ISWI-type Complex (GO:0031010),2/13,0.03975105360148041,15.087089381207027,69.10373806902459,CECR2;BPTF,240
Wt1,SE,GO_Cellular_Component_2023,Clathrin Coat Of trans-Golgi Network Vesicle (GO:0030130),2/13,0.03975105360148041,15.087089381207027,69.10373806902459,AP1G1;AP1B1,240
Wt1,SE,GO_Biological_Process_2023,Nucleotide-Excision Repair (GO:0006289),4/56,0.042483637207586064,6.423728813559322,34.63001485898331,KAT5;PNKP;RAD23A;POLE,240
Wt1,SE,GO_Biological_Process_2023,"Positive Regulation Of DNA-templated Transcription, Elongation (GO:0032786)",4/56,0.042483637207586064,6.423728813559322,34.63001485898331,MED22;CCNT1;MED20;MED15,240
Wt1,SE,GO_Biological_Process_2023,Positive Regulation Of MAP Kinase Activity (GO:0043406),5/91,0.042722813027737006,4.867392380009896,25.980962591272753,IRAK1;PDCD10;MAP3K7;VEGFA;EZH2,240
Wt1,SE,GO_Biological_Process_2023,Signal Transduction In Response To DNA Damage (GO:0042770),4/57,0.042722813027737006,6.302206587783818,33.57495208750717,MDM4;BID;ATRIP;RAD9A,240
Wt1,SE,GO_Biological_Process_2023,Golgi Organization (GO:0007030),6/130,0.042722813027737006,4.0603804797353185,21.626486796320076,NSFL1C;COG7;COG6;ATP8B2;PDCD10;COG2,240
Wt1,SE,GO_Biological_Process_2023,Camera-Type Eye Morphogenesis (GO:0048593),2/9,0.042722813027737006,23.713085234093636,126.19905504831083,IFT122;VEGFA,240
Wt1,SE,GO_Biological_Process_2023,Regulation Of Protein Lipidation (GO:1903059),2/9,0.042722813027737006,23.713085234093636,126.19905504831083,ULK1;ATG13,240
Wt1,SE,GO_Biological_Process_2023,Endodermal Cell Fate Commitment (GO:0001711),2/9,0.042722813027737006,23.713085234093636,126.19905504831083,PEX2;RTF1,240
Wt1,SE,GO_Biological_Process_2023,Endothelial Tube Morphogenesis (GO:0061154),2/9,0.042722813027737006,23.713085234093636,126.19905504831083,CCM2;RBPJ,240
Wt1,SE,GO_Biological_Process_2023,Telomere Maintenance Via Recombination (GO:0000722),2/9,0.042722813027737006,23.713085234093636,126.19905504831083,XRCC3;SMC5,240
Wt1,SE,GO_Biological_Process_2023,Telomeric Loop Disassembly (GO:0090657),2/9,0.042722813027737006,23.713085234093636,126.19905504831083,XRCC3;TERF2,240
Wt1,SE,GO_Biological_Process_2023,Homologous Recombination (GO:0035825),2/9,0.042722813027737006,23.713085234093636,126.19905504831083,RBBP8;BRCA1,240
Wt1,SE,GO_Biological_Process_2023,Positive Regulation Of Protein Acetylation (GO:1901985),2/9,0.042722813027737006,23.713085234093636,126.19905504831083,PRKAA1;KAT5,240
Wt1,SE,GO_Biological_Process_2023,TOR Signaling (GO:0031929),3/29,0.042848689766331716,9.60759493670886,50.99579823027307,MAPKAP1;NPRL3;RICTOR,240
Wt1,SE,GO_Biological_Process_2023,Protein Acetylation (GO:0006473),3/29,0.042848689766331716,9.60759493670886,50.99579823027307,KAT5;NAA20;NAA16,240
Wt1,SE,GO_Biological_Process_2023,Selective Autophagy (GO:0061912),4/58,0.04422196494349781,6.185185185185185,32.56702498398774,PEX2;ULK1;ATG13;ATG5,240
Wt1,SE,GO_Biological_Process_2023,Peptidyl-Threonine Phosphorylation (GO:0018107),4/58,0.04422196494349781,6.185185185185185,32.56702498398774,ATF2;STK11;ULK1;TAF1,240
Wt1,SE,GO_Biological_Process_2023,Mitotic G2 DNA Damage Checkpoint Signaling (GO:0007095),3/30,0.046423354527965234,9.251289263947491,48.21121353552661,RINT1;BLM;BRCA1,240
Wt1,SE,GO_Biological_Process_2023,DNA-templated Transcription Initiation (GO:0006352),4/59,0.046491299819426304,6.072419106317412,31.603383836782143,TBP;TAF4B;TAF2;TAF1,240
Wt1,SE,GO_Molecular_Function_2023,RNA Polymerase II General Transcription Initiation Factor Binding (GO:0001091),2/9,0.04676781853471034,23.713085234093636,126.19905504831083,TBP;TAF1,240
Wt1,SE,GO_Molecular_Function_2023,siRNA Binding (GO:0035197),2/9,0.04676781853471034,23.713085234093636,126.19905504831083,FMR1;TARBP2,240
Wt1,SE,GO_Biological_Process_2023,Non-Membrane-Bounded Organelle Assembly (GO:0140694),6/135,0.04909482931245078,3.902007553170344,20.074013498416218,CENPT;HAUS8;FMR1;HAUS6;CENPA;HAUS2,240
Wt1,SE,GO_Biological_Process_2023,Endodermal Cell Differentiation (GO:0035987),3/31,0.049395357263276,8.920433996383364,45.65748364590476,LAMB1;PEX2;RTF1,240
Wt1,SE,GO_Biological_Process_2023,Negative Regulation Of Intracellular Steroid Hormone Receptor Signaling Pathway (GO:0033144),3/31,0.049395357263276,8.920433996383364,45.65748364590476,CNOT2;BRCA1;STRN3,240
Wt1,SE,GO_Biological_Process_2023,Regulation Of Gene Expression By Genomic Imprinting (GO:0006349),2/10,0.049395357263276,20.747899159663866,105.95295110838458,PCGF5;DNMT3A,240
Wt1,SE,GO_Biological_Process_2023,Insulin-Like Growth Factor Receptor Signaling Pathway (GO:0048009),2/10,0.049395357263276,20.747899159663866,105.95295110838458,TSC2;GIGYF2,240
Wt1,SE,GO_Biological_Process_2023,Negative Regulation Of Intracellular Estrogen Receptor Signaling Pathway (GO:0033147),2/10,0.049395357263276,20.747899159663866,105.95295110838458,CNOT2;STRN3,240
Wt1,SE,GO_Biological_Process_2023,Positive Regulation Of Cholesterol Metabolic Process (GO:0090205),2/10,0.049395357263276,20.747899159663866,105.95295110838458,SREBF1;PRKAA1,240
Wt1,SE,GO_Biological_Process_2023,Endosomal Transport (GO:0016197),7/180,0.04988566797604383,3.4014488079585203,17.31885491497141,WASHC4;VPS29;AP5M1;VPS50;VPS53;CHMP3;AP5S1,240
Wt1,SE,GO_Biological_Process_2023,Autophagosome Organization (GO:1905037),4/61,0.049899346044334617,5.858757062146893,29.79862912875382,NSFL1C;ULK1;ATG13;ATG5,240
Ybx1,SE,GO_Cellular_Component_2023,Intracellular Membrane-Bounded Organelle (GO:0043231),109/5175,1.124526649798131e-13,3.136647735045909,110.09460327473681,GEMIN2;CCNC;SMC6;RBPJ;RPL10A;VIRMA;CCND3;PPP4R2;RUVBL2;PRKCI;SMARCC1;FBXW11;DNTTIP1;MED8;TSC2;ARMC8;MED6;THOC7;DPM1;PRPF4;RRAGB;BIN1;KAT6A;UBE2V2;KMT2D;BLM;PAXIP1;PSMD14;MAX;BAG6;ORC5;ORC1;ORC2;KAT14;SEC31A;CTC1;SMAD2;OSBPL9;XRCC6;CHTOP;PHC1;CPSF1;INTS2;RFXANK;LSM2;IFT20;STAG2;CDK5;HOOK2;CNOT2;UBA3;RNPS1;MMS19;RPS24;RAD9A;EIF4G1;INTS13;NXT1;YBX1;MED15;CHAF1A;DGCR8;RBM7;POLE;POLG;SS18;PBRM1;SUN1;TBP;STRADA;AKTIP;PEX2;RAD23A;MED22;TRAPPC6A;TFDP1;TRAPPC6B;MED20;MTF2;GAPDH;ITGB3BP;LAMA5;NAA20;PNKP;GANAB;NFS1;POLR2A;USP1;RBBP8;FLNA;PMS2;MTA3;PMS1;SUZ12;MCRS1;PCGF2;GTF2H4;USF2;TARBP2;CENPH;KANSL1;BRMS1L;GID8;ACIN1;NCAPD2;NAA16;MPHOSPH8;TAF2;TNRC6A,210
Ybx1,SE,GO_Cellular_Component_2023,Nucleus (GO:0005634),99/4487,1.9649870770776248e-13,3.1305649313853507,105.96391618411546,GEMIN2;CCNC;SMC6;RBPJ;RPL10A;VIRMA;CCND3;PPP4R2;RUVBL2;PRKCI;SMARCC1;FBXW11;DNTTIP1;MED8;TSC2;ARMC8;MED6;THOC7;DPM1;PRPF4;RRAGB;BIN1;KAT6A;UBE2V2;KMT2D;BLM;PAXIP1;PSMD14;MAX;BAG6;ORC5;ORC1;ORC2;KAT14;CTC1;SMAD2;XRCC6;CHTOP;PHC1;CPSF1;INTS2;RFXANK;LSM2;STAG2;CDK5;CNOT2;UBA3;RNPS1;MMS19;RPS24;RAD9A;EIF4G1;INTS13;NXT1;YBX1;MED15;CHAF1A;DGCR8;RBM7;POLE;SS18;PBRM1;TBP;STRADA;AKTIP;RAD23A;MED22;TFDP1;MED20;MTF2;GAPDH;ITGB3BP;LAMA5;NAA20;PNKP;NFS1;POLR2A;HAUS8;USP1;RBBP8;FLNA;PMS2;MTA3;PMS1;SUZ12;MCRS1;PCGF2;GTF2H4;USF2;TARBP2;CENPH;KANSL1;BRMS1L;GID8;ACIN1;NCAPD2;NAA16;MPHOSPH8;TAF2,210
Ybx1,SE,GO_Biological_Process_2023,DNA Metabolic Process (GO:0006259),19/288,3.267002847504757e-7,7.218883201307928,160.36193827129836,CTC1;XRCC6;BLM;MCRS1;PNKP;GTF2H4;ORC5;POLD3;POLA2;ORC6;ORC1;RUVBL2;ORC2;UBE2V2;RBBP8;MMS19;POLE;RAD9A;POLG,210
Ybx1,SE,GO_Biological_Process_2023,DNA-templated DNA Replication (GO:0006261),10/69,1.8903742788354132e-6,16.721186440677965,330.5042290317174,ORC5;POLD3;BLM;POLA2;ORC6;ORC1;PNKP;ORC2;POLE;POLG,210
Ybx1,SE,GO_Biological_Process_2023,Positive Regulation Of Transcription Initiation By RNA Polymerase II (GO:0060261),8/52,3.165158552884108e-5,17.773177317731772,294.0060013861704,MED22;TBP;PAXIP1;MED20;MED8;MED15;MED6;TAF2,210
Ybx1,SE,GO_Biological_Process_2023,Regulation Of DNA Repair (GO:0006282),11/129,3.3222699063035935e-5,9.215228685801891,146.95645801942982,MBTD1;SMARCC1;PBRM1;PPP4R2;RUVBL2;MCRS1;UBE2V2;USP1;SGF29;ARID1B;TAF2,210
Ybx1,SE,GO_Biological_Process_2023,Positive Regulation Of DNA-templated Transcription Initiation (GO:2000144),8/56,3.3222699063035935e-5,16.28877887788779,259.6882361101303,MED22;TBP;PAXIP1;MED20;MED8;MED15;MED6;TAF2,210
Ybx1,SE,GO_Biological_Process_2023,Regulation Of Transcription Initiation By RNA Polymerase II (GO:0060260),8/57,3.3222699063035935e-5,15.95554657506567,252.10602838548053,MED22;TBP;PAXIP1;MED20;MED8;MED15;MED6;TAF2,210
Ybx1,SE,GO_Biological_Process_2023,Positive Regulation Of Nucleic Acid-Templated Transcription (GO:1903508),21/557,9.539081068372164e-5,3.9912935323383083,58.2394641247055,SMAD2;SMARCC1;XRCC6;BLM;CHUK;FBXW11;MAX;MCRS1;SGF29;ARID1B;MBTD1;IKBKB;MED22;PPP3CB;KANSL1;RUVBL2;KAT6A;MMS19;NAA16;MTA3;TAF2,210
Ybx1,SE,GO_Biological_Process_2023,Chromatin Organization (GO:0006325),14/268,1.79387395949153e-4,5.493813273340832,75.96037172373318,SS18;SMARCC1;PBRM1;CHTOP;PAXIP1;PHC1;MCRS1;PCGF2;ARID1B;ZZZ3;CHAF1A;RUVBL2;MTF2;MTA3,210
Ybx1,SE,GO_Cellular_Component_2023,Core Mediator Complex (GO:0070847),5/23,2.304935722984562e-4,26.791327913279133,336.49583742665584,MED22;MED20;MED8;MED15;MED6,210
Ybx1,SE,GO_Biological_Process_2023,RNA Polymerase II Preinitiation Complex Assembly (GO:0051123),7/56,2.947776951989979e-4,13.892329345531316,182.94888309120915,MED22;TBP;MED20;MED8;MED15;MED6;TAF2,210
Ybx1,SE,GO_Biological_Process_2023,DNA Replication Initiation (GO:0006270),5/21,2.947776951989979e-4,30.14329268292683,393.2413872407353,ORC5;POLA2;ORC6;ORC1;ORC2,210
Ybx1,SE,GO_Biological_Process_2023,Positive Regulation Of DNA-templated Transcription (GO:0045893),32/1243,2.947776951989979e-4,2.758088310338749,35.81271606723766,KMT2D;BLM;MAX;CCNC;SGF29;YBX1;RBPJ;MBTD1;IKBKB;PPP3CB;RUVBL2;MTA3;SMAD2;SS18;SMARCC1;XRCC6;CHUK;FBXW11;MCRS1;RFXANK;PEX2;ARID1B;USF2;MED6;VEGFA;MED22;TFDP1;KANSL1;KAT6A;MMS19;NAA16;TAF2,210
Ybx1,SE,GO_Biological_Process_2023,Regulation Of Multicellular Organismal Development (GO:2000026),7/59,2.947776951989979e-4,13.088859416445624,167.66496226499476,BAG6;ZZZ3;RUVBL2;KAT6A;MCRS1;SGF29;KAT14,210
Ybx1,SE,GO_Biological_Process_2023,Transcription Preinitiation Complex Assembly (GO:0070897),7/59,2.947776951989979e-4,13.088859416445624,167.66496226499476,MED22;TBP;MED20;MED8;MED15;MED6;TAF2,210
Ybx1,SE,GO_Biological_Process_2023,Positive Regulation Of Double-Strand Break Repair (GO:2000781),8/84,2.947776951989979e-4,10.273058884835852,131.18942733498127,MBTD1;PBRM1;SMARCC1;RUVBL2;PNKP;UBE2V2;MMS19;ARID1B,210
Ybx1,SE,GO_Biological_Process_2023,Regulation Of Cell Cycle (GO:0051726),14/298,3.3230065288693847e-4,4.905935613682092,61.72367800018147,INTS13;ANAPC15;ANAPC16;MCRS1;TSC2;RAD23A;SGF29;MBTD1;ZZZ3;CDK5;BIN1;RUVBL2;KAT14;ANAPC1,210
Ybx1,SE,GO_Biological_Process_2023,Chromatin Remodeling (GO:0006338),12/228,5.020630745248707e-4,5.492143658810326,66.47802905785383,SS18;SMARCC1;PBRM1;CHTOP;PAXIP1;PHC1;MCRS1;PCGF2;RUVBL2;MTF2;ARID1B;MTA3,210
Ybx1,SE,GO_Biological_Process_2023,Positive Regulation Of Transcription By RNA Polymerase II (GO:0045944),26/938,5.268634035557473e-4,2.9249380244088483,35.06316279789398,KMT2D;PAXIP1;MAX;CCNC;YBX1;RBPJ;MED15;IKBKB;PPP3CB;RUVBL2;SMAD2;SS18;XRCC6;TBP;CHUK;MCRS1;MED8;RFXANK;PEX2;USF2;MED6;VEGFA;MED22;TFDP1;MED20;TAF2,210
Ybx1,SE,GO_Biological_Process_2023,Regulation Of DNA Metabolic Process (GO:0051052),9/124,5.268634035557473e-4,7.6606099935107075,91.45393815274247,ORC5;RUVBL2;MCRS1;UBE2V2;USP1;SMC6;SGF29;MPHOSPH8;TAF2,210
Ybx1,SE,GO_Molecular_Function_2023,DNA Binding (GO:0003677),25/846,8.096025915371202e-4,3.1222635546630673,39.565094725891,KMT2D;BLM;MAX;PNKP;SMC6;RTF1;YBX1;RBPJ;POLR2A;RUVBL2;RBBP8;PMS2;POLE;PMS1;POLG;CTC1;SUZ12;SMAD2;XRCC6;DNTTIP1;RAD23A;GTF2H4;USF2;KAT6A;MTF2,210
Ybx1,SE,GO_Molecular_Function_2023,Methylation-Dependent Protein Binding (GO:0140034),7/68,8.240404085390668e-4,11.152628603730921,132.10483782056818,MBTD1;SUZ12;ZZZ3;MTF2;SGF29;NCAPD3;MPHOSPH8,210
Ybx1,SE,GO_Molecular_Function_2023,Methylated Histone Binding (GO:0035064),7/71,8.240404085390668e-4,10.62823275862069,122.81601337826567,MBTD1;SUZ12;ZZZ3;MTF2;SGF29;NCAPD3;MPHOSPH8,210
Ybx1,SE,GO_Biological_Process_2023,DNA Replication (GO:0006260),7/73,8.8077450136659e-4,10.305120167189132,117.17208314512676,ORC5;POLD3;BLM;POLA2;PNKP;POLE;POLG,210
Ybx1,SE,GO_Biological_Process_2023,DNA Repair (GO:0006281),13/291,9.601199307208833e-4,4.631632764854107,52.025872584906935,XRCC6;BLM;PNKP;RAD23A;GTF2H4;POLD3;UBE2V2;RBBP8;PMS2;MMS19;POLE;PMS1;RAD9A,210
Ybx1,SE,GO_Biological_Process_2023,Transcription Initiation At RNA Polymerase II Promoter (GO:0006367),7/76,0.001041190735174371,9.855572213893053,109.42519716834035,MED22;TBP;MED20;MED8;MED15;MED6;TAF2,210
Ybx1,SE,GO_Biological_Process_2023,Regulation Of Transcription Elongation By RNA Polymerase II (GO:0034243),7/77,0.0010836099185043897,9.714285714285714,107.01668148487937,MED22;INTS13;MED20;INTS2;MED8;MED15;MED6,210
Ybx1,SE,GO_Biological_Process_2023,Regulation Of DNA-templated Transcription (GO:0006355),40/1922,0.0012518205213568367,2.238919797462024,24.24228563481456,KMT2D;BLM;MAX;SGF29;YBX1;RBPJ;MBTD1;IKBKB;PPP3CB;POLR2A;RUVBL2;RBBP8;MTA3;KAT14;SMAD2;SS18;SMARCC1;XRCC6;PBRM1;CHUK;FBXW11;MCRS1;MED8;RFXANK;ARID1B;USF2;MED6;MED22;ZZZ3;TFDP1;CDK5;KANSL1;KAT6A;CNOT2;MED20;MTF2;MMS19;NAA16;MPHOSPH8;TAF2,210
Ybx1,SE,GO_Cellular_Component_2023,Nuclear Lumen (GO:0031981),22/780,0.0012807505114514107,2.938191208667827,31.01912630093162,SUZ12;XRCC6;PBRM1;BLM;KRR1;MCRS1;GEMIN2;PNKP;DNTTIP1;RBPJ;STAG2;ZZZ3;TCOF1;CENPH;POLR2A;WDR82;KAT6A;FLNA;NCAPD2;RBM7;UTP14A;MPHOSPH8,210
Ybx1,SE,GO_Cellular_Component_2023,Serine/Threonine Protein Kinase Complex (GO:1902554),6/60,0.001534492665472107,10.749455337690632,109.14267362826983,CCND3;PRKCI;CDK5;STRADA;CCNC;AZI2,210
Ybx1,SE,GO_Molecular_Function_2023,GTPase Binding (GO:0051020),11/225,0.001555535292471059,5.056497440473395,53.16412644841377,IFT20;AP3M1;RRAGB;ATG16L1;MAPKAP1;DENND10;FLNA;TSC2;YBX1;LSM2;STRN3,210
Ybx1,SE,GO_Molecular_Function_2023,RNA Binding (GO:0003723),32/1411,0.001555535292471059,2.400175994654977,24.984529350138658,EIF4A2;FYTTD1;RTF1;YBX1;RPL10A;VIRMA;GANAB;TCOF1;FIP1L1;POLR2A;FLNA;DGCR8;RBM7;UTP14A;PTCD3;XRCC6;CHTOP;KRR1;MCRS1;PPHLN1;MRPL45;TARBP2;LSM2;ZC3H11A;CSDE1;ACIN1;RNPS1;EIF4E2;EIF4G3;RPS24;TNRC6A;EIF4G1,210
Ybx1,SE,GO_Biological_Process_2023,Nucleotide-Excision Repair (GO:0006289),6/56,0.0015812548191118782,11.611764705882353,122.52143056029222,POLD3;PNKP;RAD23A;MMS19;POLE;GTF2H4,210
Ybx1,SE,GO_Biological_Process_2023,Proteasome-Mediated Ubiquitin-Dependent Protein Catabolic Process (GO:0043161),13/319,0.0020097432395076863,4.201784944096082,43.15603203335488,ANAPC15;FBXW5;ANAPC16;PSMD14;FBXW11;FAF2;FBXO17;RAD23A;ARMC8;BAG6;GID8;RBCK1;ANAPC1,210
Ybx1,SE,GO_Cellular_Component_2023,Nuclear Chromosome (GO:0000228),7/95,0.0021138115607131996,7.720219435736677,74.50557415772478,PBRM1;BLM;RUVBL2;MCRS1;BRMS1L;NCAPD2;NCAPD3,210
Ybx1,SE,GO_Biological_Process_2023,Regulation Of Double-Strand Break Repair (GO:2000779),7/88,0.0021959302703333807,8.390378884631758,85.10412671717425,MBTD1;PBRM1;SMARCC1;PPP4R2;RUVBL2;UBE2V2;ARID1B,210
Ybx1,SE,GO_Biological_Process_2023,Positive Regulation Of DNA Repair (GO:0045739),7/89,0.0022749039803228546,8.287636669470142,83.45640861242718,PBRM1;SMARCC1;RUVBL2;MCRS1;UBE2V2;USP1;ARID1B,210
Ybx1,SE,GO_Biological_Process_2023,Regulation Of Embryonic Development (GO:0045995),6/62,0.002435467470040892,10.364495798319327,103.28655687032392,BAG6;ZZZ3;RUVBL2;MCRS1;SGF29;KAT14,210
Ybx1,SE,GO_Biological_Process_2023,Telomere Maintenance (GO:0000723),6/68,0.003973666370669532,9.358633776091082,88.35278867653956,CTC1;BLM;XRCC6;RUVBL2;MCRS1;SMC6,210
Ybx1,SE,GO_Biological_Process_2023,Positive Regulation Of Transcription Elongation By RNA Polymerase II (GO:0032968),5/43,0.0040949637334409695,12.677792041078305,118.87722550005567,MED22;MED20;MED8;MED15;MED6,210
Ybx1,SE,GO_Cellular_Component_2023,Nucleolus (GO:0005730),20/771,0.004900812223281638,2.66858224122223,22.8697938291831,SUZ12;XRCC6;BLM;KRR1;MCRS1;GEMIN2;PNKP;DNTTIP1;RBPJ;STAG2;ZZZ3;TCOF1;CENPH;POLR2A;WDR82;KAT6A;FLNA;RBM7;UTP14A;MPHOSPH8,210
Ybx1,SE,GO_Cellular_Component_2023,SWI/SNF Complex (GO:0016514),4/29,0.004900812223281638,15.351456310679612,128.71780606525058,SS18;PBRM1;SMARCC1;ARID1B,210
Ybx1,SE,GO_Cellular_Component_2023,MLL1 Complex (GO:0071339),4/30,0.004900812223281638,14.760268857356236,121.7698303077272,KANSL1;MAX;RUVBL2;MCRS1,210
Ybx1,SE,GO_Cellular_Component_2023,MLL1/2 Complex (GO:0044665),4/31,0.004900812223281638,14.212873067241999,115.40703707317984,KANSL1;MAX;RUVBL2;MCRS1,210
Ybx1,SE,GO_Cellular_Component_2023,ATAC Complex (GO:0140672),3/13,0.004900812223281638,28.666666666666668,232.34741723598566,ZZZ3;SGF29;KAT14,210
Ybx1,SE,GO_Cellular_Component_2023,Mitotic Spindle Microtubule (GO:1990498),3/13,0.004900812223281638,28.666666666666668,232.34741723598566,HAUS8;HAUS3;HAUS6,210
Ybx1,SE,GO_Cellular_Component_2023,Intracellular Non-Membrane-Bounded Organelle (GO:0043232),26/1195,0.004900812223281638,2.250836835645479,17.956585830455246,BLM;GEMIN2;PNKP;FAF2;RBPJ;TCOF1;POLR2A;FLNA;RBM7;UTP14A;SUZ12;XRCC6;KRR1;MCRS1;DNTTIP1;STAG2;ZZZ3;CENPH;BIN1;WDR82;KAT6A;MMS19;MPHOSPH8;EIF4G3;GAPDH;MAD1L1,210
Ybx1,SE,GO_Cellular_Component_2023,Chromosome (GO:0005694),8/164,0.004900812223281638,4.9845138359989845,39.68919504224314,BLM;PBRM1;STAG2;CENPH;KRR1;DNTTIP1;NCAPD2;SMC6,210
Ybx1,SE,GO_Cellular_Component_2023,RSC-type Complex (GO:0016586),3/14,0.005008689037535357,26.059288537549406,205.1318030999545,SUZ12;PBRM1;SMARCC1,210
Ybx1,SE,GO_Cellular_Component_2023,COPII Vesicle Coat (GO:0030127),3/15,0.005824241172779482,23.886473429951693,182.88299936974383,SAR1A;SEC24C;SEC31A,210
Ybx1,SE,GO_Biological_Process_2023,Histone H3-K14 Acetylation (GO:0044154),3/10,0.006070359725305233,40.958592132505174,366.5940816539631,ZZZ3;SGF29;KAT14,210
Ybx1,SE,GO_Biological_Process_2023,Regulation Of Cellular Response To Stress (GO:0080135),7/107,0.006196110829369404,6.789655172413793,60.415070201558144,RUVBL2;MCRS1;UBE2V2;USP1;SGF29;TAF2;EIF4G1,210
Ybx1,SE,GO_Cellular_Component_2023,Vesicle Coat (GO:0030120),4/37,0.006890365047662489,11.625183877611063,86.34746684771306,SAR1A;COPG2;SEC24C;SEC31A,210
Ybx1,SE,GO_Cellular_Component_2023,SAGA-type Complex (GO:0070461),4/38,0.007213849980696739,11.28269560251285,82.64105691247362,ZZZ3;SGF29;KAT14;TAF2,210
Ybx1,SE,GO_Cellular_Component_2023,Mitotic Spindle (GO:0072686),7/143,0.008271438550082146,4.983265720081136,35.54918040660147,ZZZ3;HAUS8;HAUS3;HAUS6;SGF29;MAD1L1;KAT14,210
Ybx1,SE,GO_Biological_Process_2023,Transcription By RNA Polymerase II (GO:0006366),9/192,0.00886525482910962,4.7974064105701,40.82168901758368,PBRM1;TBP;TFDP1;POLR2A;MED20;PEX2;RTF1;GTF2H4;TAF2,210
Ybx1,SE,GO_Biological_Process_2023,"Base-Excision Repair, Gap-Filling (GO:0006287)",3/12,0.009990694349895711,31.853462157809982,266.286945633461,PNKP;POLE;POLG,210
Ybx1,SE,GO_Cellular_Component_2023,Cdc73/Paf1 Complex (GO:0016593),2/5,0.010585114382558367,63.419871794871796,433.52416587102323,PEX2;RTF1,210
Ybx1,SE,GO_Biological_Process_2023,Regulation Of Translation (GO:0006417),9/202,0.012125082333875034,4.546516124042998,36.97430708988512,EIF4A2;TCOF1;CSDE1;CNOT10;YBX1;EIF4E2;EIF4G3;GAPDH;EIF4G1,210
Ybx1,SE,GO_Biological_Process_2023,"Positive Regulation Of DNA-templated Transcription, Elongation (GO:0032786)",5/56,0.012125082333875034,9.439980870396939,76.54850625545957,MED22;MED20;MED8;MED15;MED6,210
Ybx1,SE,GO_Molecular_Function_2023,DNA Replication Origin Binding (GO:0003688),3/13,0.01298523487273382,28.666666666666668,232.34741723598566,ORC5;ORC1;ORC2,210
Ybx1,SE,GO_Biological_Process_2023,COPII-coated Vesicle Cargo Loading (GO:0090110),3/14,0.014562398731225895,26.059288537549406,205.1318030999545,SAR1A;SEC24C;SEC31A,210
Ybx1,SE,GO_Biological_Process_2023,miRNA-mediated Gene Silencing By Inhibition Of Translation (GO:0035278),3/14,0.014562398731225895,26.059288537549406,205.1318030999545,EIF4E2;TNRC6A;EIF4G1,210
Ybx1,SE,GO_Biological_Process_2023,Double-Strand Break Repair (GO:0006302),8/168,0.015082126414539931,4.858910891089109,37.90501066008242,MBTD1;BLM;XRCC6;PSMD14;PNKP;UBE2V2;RBBP8;SMC6,210
Ybx1,SE,GO_Biological_Process_2023,Histone Acetylation (GO:0016573),5/60,0.015082126414539931,8.751662971175167,68.13496686875492,MBTD1;RUVBL2;SGF29;KAT14;TAF2,210
Ybx1,SE,GO_Biological_Process_2023,mRNA Export From Nucleus (GO:0006406),5/62,0.01714095170090648,8.443731279418058,64.4486452945177,FYTTD1;CHTOP;NXT1;ZC3H11A;THOC7,210
Ybx1,SE,GO_Biological_Process_2023,Recombinational Repair (GO:0000725),6/95,0.01723379094194793,6.510575016523464,49.501346334965355,MBTD1;BLM;XRCC6;PSMD14;RBBP8;SMC6,210
Ybx1,SE,GO_Biological_Process_2023,Telomere Organization (GO:0032200),5/63,0.01724048296189489,8.297729184188393,62.71840803044583,CTC1;BLM;XRCC6;RUVBL2;MCRS1,210
Ybx1,SE,GO_Biological_Process_2023,COPII-coated Vesicle Budding (GO:0090114),4/36,0.01724048296189489,11.989077669902912,90.32380206294701,TRAPPC6A;SAR1A;SEC24C;SEC31A,210
Ybx1,SE,GO_Biological_Process_2023,Histone H3 Acetylation (GO:0043966),4/36,0.01724048296189489,11.989077669902912,90.32380206294701,ZZZ3;SGF29;KAT14;TAF2,210
Ybx1,SE,GO_Biological_Process_2023,RNA Export From Nucleus (GO:0006405),5/65,0.01901193822151652,8.020325203252032,59.46313238394753,FYTTD1;POM121;CHTOP;NXT1;THOC7,210
Ybx1,SE,GO_Molecular_Function_2023,Single-Stranded DNA Binding (GO:0003697),6/96,0.019442475998583956,6.437908496732026,48.58911365606579,CTC1;BLM;PMS2;RAD23A;SMC6;RTF1,210
Ybx1,SE,GO_Biological_Process_2023,Regulation Of Tubulin Deacetylation (GO:0090043),3/17,0.021140356433778967,20.472049689440993,148.8325399713667,ZZZ3;SGF29;KAT14,210
Ybx1,SE,GO_Biological_Process_2023,Positive Regulation Of Lymphocyte Differentiation (GO:0045621),4/39,0.021140356433778967,10.959778085991678,79.17953804280623,PBRM1;SMARCC1;XRCC6;ARID1B,210
Ybx1,SE,GO_Biological_Process_2023,Histone H4 Acetylation (GO:0043967),4/39,0.021140356433778967,10.959778085991678,79.17953804280623,MBTD1;KANSL1;RUVBL2;MCRS1,210
Ybx1,SE,GO_Biological_Process_2023,Internal Peptidyl-Lysine Acetylation (GO:0018393),4/39,0.021140356433778967,10.959778085991678,79.17953804280623,BAG6;MBTD1;RUVBL2;KAT14,210
Ybx1,SE,GO_Biological_Process_2023,Nucleic Acid-Templated Transcription (GO:0097659),4/40,0.022271896487939792,10.65480043149946,75.94080378274634,SMAD2;MED20;MMS19;RNPS1,210
Ybx1,SE,GO_Biological_Process_2023,Regulation Of Histone Modification (GO:0031056),3/18,0.022271896487939792,19.106280193236714,135.56772933321614,ZZZ3;SGF29;KAT14,210
Ybx1,SE,GO_Biological_Process_2023,Regulation Of Protein Deacetylation (GO:0090311),3/18,0.022271896487939792,19.106280193236714,135.56772933321614,ZZZ3;SGF29;KAT14,210
Ybx1,SE,GO_Biological_Process_2023,Positive Regulation Of Chromosome Segregation (GO:0051984),3/18,0.022271896487939792,19.106280193236714,135.56772933321614,NCAPD2;SMC6;NCAPD3,210
Ybx1,SE,GO_Cellular_Component_2023,cullin-RING Ubiquitin Ligase Complex (GO:0031461),7/174,0.023137098659944014,4.051827379723312,24.331220328220276,FBXW5;ANAPC15;ANAPC16;FBXW11;FBXO17;ANAPC1;FBXO42,210
Ybx1,SE,GO_Biological_Process_2023,Negative Regulation Of Translation (GO:0017148),6/107,0.024308202265644337,5.733546884100175,39.991280153563686,CNOT10;YBX1;EIF4E2;GAPDH;TNRC6A;EIF4G1,210
Ybx1,SE,GO_Biological_Process_2023,Negative Regulation Of Protein Metabolic Process (GO:0051248),7/147,0.024308202265644337,4.8399014778325125,33.74184749181785,BAG6;CDK5;FLNA;CNOT10;YBX1;EIF4E2;GAPDH,210
Ybx1,SE,GO_Cellular_Component_2023,Histone Acetyltransferase Complex (GO:0000123),3/27,0.02481917498035549,11.93599033816425,70.28269209026529,KANSL1;MCRS1;SGF29,210
Ybx1,SE,GO_Biological_Process_2023,Neuron Apoptotic Process (GO:0051402),3/19,0.02486281055606838,17.911231884057973,124.14882240632652,CDK5;BID;GAPDH,210
Ybx1,SE,GO_Biological_Process_2023,C-terminal Protein Lipidation (GO:0006501),2/5,0.025988157308108613,63.419871794871796,433.52416587102323,ATG16L1;ATG5,210
Ybx1,SE,GO_Biological_Process_2023,Regulation Of Mast Cell Chemotaxis (GO:0060753),2/5,0.025988157308108613,63.419871794871796,433.52416587102323,VEGFB;VEGFA,210
Ybx1,SE,GO_Biological_Process_2023,"Nucleotide-Excision Repair, DNA Gap Filling (GO:0006297)",2/5,0.025988157308108613,63.419871794871796,433.52416587102323,POLD3;POLE,210
Ybx1,SE,GO_Biological_Process_2023,Regulation Of DNA Replication (GO:0006275),5/75,0.027488352981810654,6.871080139372823,46.4601343061597,ORC5;CTC1;BLM;RUVBL2;MCRS1,210
Ybx1,SE,GO_Biological_Process_2023,Regulation Of Transcription By RNA Polymerase II (GO:0006357),36/2028,0.027488352981810654,1.8485666805151642,12.464447907122105,KMT2D;MAX;CCNC;RTF1;SGF29;YBX1;RBPJ;IKBKB;PPP3CB;RUVBL2;ORC2;RBBP8;MTA3;KAT14;SMAD2;SS18;SMARCC1;XRCC6;PBRM1;CHUK;MCRS1;PCGF2;MED8;RFXANK;PEX2;ARID1B;USF2;MED6;VEGFA;ZZZ3;TFDP1;BIN1;CNOT2;BRMS1L;MED20;TAF2,210
Ybx1,SE,GO_Biological_Process_2023,Gene Expression (GO:0010467),10/296,0.027488352981810654,3.4097902097902097,22.95084241703552,MRPS17;FYTTD1;PRPF4;CHTOP;NXT1;MRPS18B;RPL10A;RPS24;THOC7;EIF4G1,210
Ybx1,SE,GO_Biological_Process_2023,DNA-templated Transcription (GO:0006351),8/199,0.028043340097137284,4.063863978020839,27.208094686511952,SMAD2;TBP;TFDP1;POLR2A;MED20;MMS19;RNPS1;GTF2H4,210
Ybx1,SE,GO_Molecular_Function_2023,Translation Initiation Factor Activity (GO:0003743),4/41,0.02845624953636403,10.366308055628444,72.90526513002852,EIF4A2;EIF4E2;EIF4G3;EIF4G1,210
Ybx1,SE,GO_Biological_Process_2023,Regulation Of Histone Deacetylation (GO:0031063),3/21,0.029019836814814414,15.919484702093397,105.54823982462416,ZZZ3;SGF29;KAT14,210
Ybx1,SE,GO_Biological_Process_2023,snRNA Metabolic Process (GO:0016073),3/21,0.029019836814814414,15.919484702093397,105.54823982462416,INTS13;INTS2;RBM7,210
Ybx1,SE,GO_Biological_Process_2023,Endoplasmic Reticulum To Golgi Vesicle-Mediated Transport (GO:0006888),6/115,0.029421213316600664,5.310577441985969,35.057006720844356,TRAPPC6A;SAR1A;TRAPPC6B;COPG2;SEC24C;SEC31A,210
Ybx1,SE,GO_Molecular_Function_2023,DNA-directed DNA Polymerase Activity (GO:0003887),3/20,0.030959825905811655,16.85677749360614,114.230828110504,POLD3;POLE;POLG,210
Ybx1,SE,GO_Molecular_Function_2023,Small GTPase Binding (GO:0031267),8/199,0.030959825905811655,4.063863978020839,27.208094686511952,IFT20;AP3M1;MAPKAP1;DENND10;FLNA;TSC2;LSM2;STRN3,210
Ybx1,SE,GO_Molecular_Function_2023,DNA Polymerase Activity (GO:0034061),3/21,0.030959825905811655,15.919484702093397,105.54823982462416,POLD3;POLE;POLG,210
Ybx1,SE,GO_Cellular_Component_2023,"Condensed Chromosome, Centromeric Region (GO:0000779)",2/9,0.03170806638796486,27.17445054945055,151.70312169609983,NCAPD2;NCAPD3,210
Ybx1,SE,GO_Cellular_Component_2023,SCF Ubiquitin Ligase Complex (GO:0019005),4/61,0.03170806638796486,6.722193834099813,37.3507546166141,FBXW5;FBXW11;FBXO17;FBXO42,210
Ybx1,SE,GO_Biological_Process_2023,Spindle Assembly (GO:0051225),5/81,0.03434275361412098,6.326700898587934,40.600122494223505,STAG2;HAUS8;HAUS3;FLNA;HAUS6,210
Ybx1,SE,GO_Biological_Process_2023,Histone Modification (GO:0016570),5/81,0.03434275361412098,6.326700898587934,40.600122494223505,MBTD1;RUVBL2;BRMS1L;MTA3;KAT14,210
Ybx1,SE,GO_Cellular_Component_2023,CD40 Receptor Complex (GO:0035631),2/10,0.03539340464225065,23.776442307692307,127.59240152438093,IKBKB;CHUK,210
Ybx1,SE,GO_Cellular_Component_2023,NSL Complex (GO:0044545),2/10,0.03539340464225065,23.776442307692307,127.59240152438093,KANSL1;MCRS1,210
Ybx1,SE,GO_Biological_Process_2023,Regulation Of Mitotic Metaphase/Anaphase Transition (GO:0030071),4/49,0.03584589227372114,8.519956850053937,54.187260488100456,PBRM1;SMARCC1;ANAPC15;ARID1B,210
Ybx1,SE,GO_Biological_Process_2023,Epigenetic Regulation Of Gene Expression (GO:0040029),5/83,0.03718835605743369,6.163852407754847,38.888286962145436,MTF2;SGF29;PPHLN1;ARID1B;MPHOSPH8,210
Ybx1,SE,GO_Cellular_Component_2023,MLL3/4 Complex (GO:0044666),2/11,0.03989208335774806,21.13354700854701,109.31489084599424,KMT2D;PAXIP1,210
Ybx1,SE,GO_Cellular_Component_2023,Transcription Factor TFIIH Holo Complex (GO:0005675),2/11,0.03989208335774806,21.13354700854701,109.31489084599424,MMS19;GTF2H4,210
Ybx1,SE,GO_Cellular_Component_2023,Mitochondrial Inner Membrane (GO:0005743),10/370,0.040071460855142245,2.698611111111111,13.851967584670701,MRPL30;MRPS17;PTCD3;CHCHD3;MPC1;TIMM9;MRPS18B;SPG7;MRPL45;CLPX,210
Ybx1,SE,GO_Biological_Process_2023,Positive Regulation Of DNA Recombination (GO:0045911),4/51,0.04043958543441379,8.156579219169593,50.66286482837408,MBTD1;PAXIP1;RUVBL2;MMS19,210
Ybx1,SE,GO_Biological_Process_2023,Regulation Of Intracellular Estrogen Receptor Signaling Pathway (GO:0033146),3/25,0.041402568035064057,13.02239789196311,79.60946185599988,KMT2D;CNOT2;STRN3,210
Ybx1,SE,GO_Biological_Process_2023,Vesicle Cargo Loading (GO:0035459),3/25,0.041402568035064057,13.02239789196311,79.60946185599988,SAR1A;SEC24C;SEC31A,210
Ybx1,SE,GO_Biological_Process_2023,Mismatch Repair (GO:0006298),3/25,0.041402568035064057,13.02239789196311,79.60946185599988,POLD3;PMS2;PMS1,210
Ybx1,SE,GO_Biological_Process_2023,DNA Ligation (GO:0006266),2/7,0.041402568035064057,38.04807692307692,232.38668825481054,XRCC6;PNKP,210
Ybx1,SE,GO_Biological_Process_2023,N-terminal Peptidyl-Methionine Acetylation (GO:0017196),2/7,0.041402568035064057,38.04807692307692,232.38668825481054,NAA20;NAA16,210
Ybx1,SE,GO_Biological_Process_2023,Regulation Of Transcription From RNA Polymerase II Promoter In Response To Hypoxia (GO:0061418),2/7,0.041402568035064057,38.04807692307692,232.38668825481054,RBPJ;VEGFA,210
Ybx1,SE,GO_Biological_Process_2023,Proteasomal Protein Catabolic Process (GO:0010498),8/220,0.042669957864132926,3.6573883803474687,22.1814042804477,BAG6;FBXW5;PSMD14;FBXW11;GID8;RAD23A;ARMC8;RBCK1,210
Ybx1,SE,GO_Biological_Process_2023,DNA-templated Transcription Elongation (GO:0006354),3/26,0.04340369396888671,12.455576559546314,74.71326104675511,PBRM1;PEX2;RTF1,210
Ybx1,SE,GO_Biological_Process_2023,Regulation Of Nucleotide-Excision Repair (GO:2000819),3/26,0.04340369396888671,12.455576559546314,74.71326104675511,PBRM1;SMARCC1;ARID1B,210
Ybx1,SE,GO_Biological_Process_2023,Histone H3-K4 Methylation (GO:0051568),3/26,0.04340369396888671,12.455576559546314,74.71326104675511,KMT2D;PAXIP1;WDR82,210
Ybx1,SE,GO_Biological_Process_2023,miRNA-mediated Gene Silencing (GO:0035195),3/26,0.04340369396888671,12.455576559546314,74.71326104675511,EIF4E2;TNRC6A;EIF4G1,210
Ybx1,SE,GO_Cellular_Component_2023,npBAF Complex (GO:0071564),2/12,0.04437170728054062,19.01923076923077,95.04213130249194,SMARCC1;ARID1B,210
Ybx1,SE,GO_Biological_Process_2023,Iron-Sulfur Cluster Assembly (GO:0016226),3/27,0.04731428508348211,11.93599033816425,70.28269209026529,NFS1;MMS19;CIAO3,210
Ybx1,SE,GO_Biological_Process_2023,Metallo-Sulfur Cluster Assembly (GO:0031163),3/27,0.04731428508348211,11.93599033816425,70.28269209026529,NFS1;MMS19;CIAO3,210
Ybx1,SE,GO_Cellular_Component_2023,GBAF Complex (GO:0140288),2/13,0.04734433802205727,17.289335664335663,83.62858941238636,SS18;SMARCC1,210
Ybx1,SE,GO_Cellular_Component_2023,RISC Complex (GO:0016442),2/13,0.04734433802205727,17.289335664335663,83.62858941238636,TARBP2;TNRC6A,210
Ybx1,SE,GO_Cellular_Component_2023,Brahma Complex (GO:0035060),2/13,0.04734433802205727,17.289335664335663,83.62858941238636,SMARCC1;ARID1B,210
Ybx1,SE,GO_Biological_Process_2023,Regulation Of Stem Cell Population Maintenance (GO:2000036),4/56,0.04777470139457064,7.370425690814041,43.241697862629934,SS18;SMARCC1;BRMS1L;CNOT2,210
Ybx1,SE,GO_Cellular_Component_2023,Cyclin-Dependent Protein Kinase Holoenzyme Complex (GO:0000307),3/40,0.04909296218039757,7.737171954563259,36.913140560177766,CCND3;CDK5;CCNC,210
Ybx1,SE,GO_Biological_Process_2023,Establishment Of Protein Localization To Chromatin (GO:0071169),2/8,0.04915105444326511,31.705128205128204,184.74442232209134,RUVBL2;SGF29,210
Ybx1,SE,GO_Biological_Process_2023,Negative Regulation Of Amide Metabolic Process (GO:0034249),5/93,0.04936968876970959,5.460643015521065,31.73228839879821,BIN1;CNOT10;YBX1;EIF4E2;GAPDH,210
Ybx1,SE,GO_Biological_Process_2023,Regulation Of Chromosome Segregation (GO:0051983),3/28,0.04966407169872331,11.457971014492754,66.25768923135189,NCAPD2;SMC6;NCAPD3,210
Ybx1,SE,GO_Biological_Process_2023,Transcription Elongation By RNA Polymerase II (GO:0006368),3/28,0.04966407169872331,11.457971014492754,66.25768923135189,PBRM1;PEX2;RTF1,210
complex_genes,SE,GO_Cellular_Component_2023,Nucleus (GO:0005634),1226/4487,1.4887439787229279e-91,2.368625719284954,509.65813609552765,ATF1;ATF2;RAMAC;POP7;RBPJ;ALKBH8;PSMD8;LSM11;PSMD7;PPP4R2;PSMD4;PSMD2;PSMD3;PSMD1;PRKAB2;CSNK2A1;CSNK2A2;DNTTIP1;DICER1;PRKAB1;DDX39A;EID3;DDX39B;DDIT3;CLNS1A;PSME3;PSME4;RFX5;ATF7;ATF5;CLOCK;ATF6;ATF3;ATF4;SLBP;URI1;MEAF6;MRPL19;COPS7B;NCAPG;BAZ2A;COPS7A;AAAS;FIGNL1;MYO6;ATRIP;CTC1;JUN;NCAPH2;SNF8;MAGOHB;AGO1;TDP1;AGO2;PSMG1;PSMG2;EZH1;EZH2;LIN54;NCAPG2;RPLP0;PRKAG1;MED19;MRPL36;ECSIT;MED16;MED15;MED18;MED17;MED12;MED11;NIPBL;CHAF1B;MED14;CHAF1A;MED13;MRPL40;MED10;IKBKG;NELFA;NELFCD;JAK2;IKBKE;JAK1;NELFE;DFFB;SS18;RMI2;DFFA;CNOT6L;RING1;ACTL6B;RMI1;TEX10;ACTL6A;BAZ1A;FOS;DYNLL1;BAZ1B;MED27;DYNLL2;SIRT1;MED26;MED29;DDB2;MED28;DDB1;MED23;GON7;PSMA5;MED22;PSMA6;PSMA3;PSMA4;PSMA1;INCENP;PSMA2;MED21;MED20;PPARG;DLD;ERGIC2;KARS1;DLST;CENPA;PSMA7;PSMA8;PSMB6;PSMB7;PSMB4;EXOSC10;PSMB5;PSMB2;H3C14;PSMB3;PSMB1;STAT4;SPOP;LEO1;PMS2;FLNA;STAT6;PRAME;RPS27A;PMS1;MBD3;CENPU;SLF1;TRMT10B;SLF2;TRMT10C;CRBN;STAT1;UTP3;MCRS1;STAT2;MBD2;STAT3;TARBP2;GATAD2B;PSMB8;GATAD2A;NUDT21;PSMC5;PSMC6;MYBBP1A;CENPH;PSMC3;PSMC4;PSMC1;GID8;PSMC2;NCAPD2;CENPP;YPEL5;CENPQ;CCNT1;GMNN;FBXO25;CASC3;YY1;STK11;RUVBL2;RUVBL1;KPNA6;KPNA7;KPNA4;PMPCA;MTREX;KPNA5;KPNA2;MAP3K7;KPNA3;KPNA1;ANAPC7;FBXW7;CTNNBIP1;FOXP4;FBXO11;FOXP3;FOXP2;FOXP1;RBX1;SAP30;MSH6;MAF;MSH2;MSH3;MSH4;MSH5;ANAPC4;ANAPC5;SNRNP200;S100A9;KPNB1;S100A8;KMT2D;BLM;INO80D;KMT2A;MAX;KMT2C;KMT2B;GPR88;FBXO43;FOXO3;MED30;ATXN7;MED31;NAE1;MDN1;BRPF1;BRPF3;FBXO38;RFXANK;ARPC4;ARPC5;FBXO32;NDC80;DRAP1;MLXIPL;ARPC2;ARPC3;MDM2;NFE2L3;MDM4;OGT;MYD88;NFE2L2;ISY1;NXT1;HSP90AB1;ITGB3;PTEN;PIK3CB;FOXM1;NXT2;CDC73;DGCR8;CEP290;YAF2;BCAS2;CTNNBL1;PELP1;ACTR3;ACTR2;HSP90AA1;ACTR6;ACTR5;MSL2;MSL3;ARNT;RAD23A;ACTR8;RAD23B;MSL1;NSMCE4A;LCOR;BIRC5;ETF1;GAPDH;BIRC2;BIRC3;PRKAA1;PRKAA2;CXXC1;KATNB1;PARD6G;MALT1;CECR2;PARD6B;CDC45;PARD6A;U2AF2;E2F1;IGF2BP1;SAP18;E2F3;E2F6;H2AZ1;NDUFA9;H2AZ2;FEM1B;CDC5L;RPL23A;HNRNPAB;REC8;MCM3AP;APLF;EIF3G;EIF3E;EIF4A1;CCNK;SMARCB1;CCNH;EIF4A3;RTCB;CCNF;CCNC;ACTB;CCAR2;UXT;MCIDAS;SNRPD2;SNRPD1;CDC27;EPC1;FBXO5;TRIM27;CCNL2;SNRPD3;ATXN7L3;FBXO7;SMARCC1;NSMCE3;NSMCE2;NSMCE1;CCNY;CSNK2B;BCORL1;CCNQ;L3MBTL1;PAXIP1;L3MBTL2;DHX9;EPAS1;MYCBP2;SUPT4H1;PIK3R2;PIK3R1;OSGEP;MIER2;HLTF;MIER1;SWI5;H3C1;SYMPK;STAT5A;STAT5B;XBP1;XRCC6;CRADD;INTS1;XRCC4;XRCC5;INTS3;INTS2;XRCC3;SMARCA5;XRCC1;SMARCA1;SMARCA2;SMARCA4;POLA1;SNW1;INTS5;INTS4;FBXL3;INTS7;CALM3;INTS6;INTS9;CALM1;INTS8;CALM2;RCOR1;LDHAL6B;INTS11;INTS12;INTS13;INTS14;FBH1;SUV39H1;INTS10;NAT10;BRCA1;AATF;BMI1;BRCA2;BABAM1;SYNCRIP;BABAM2;SUFU;UIMC1;ENC1;MLX;REV3L;UFD1;RAC1;NCOA1;APOBEC1;NCOA2;SREBF1;PBRM1;NCOA6;ACAD9;COMMD1;SREBF2;OOEP;COMMD5;PABPC1;EEF1E1;YAP1;PCNA;MIS12;RELA;RELB;EXOSC7;RXRB;EXOSC6;EXOSC5;EXOSC4;RXRA;NFIL3;EXOSC9;EXOSC8;EXOSC3;RAE1;EXOSC2;EXOSC1;TSNAX;IL33;H2BC8;RPA1;RPA2;APTX;PEX14;PPP1CA;MAD2L2;PER2;PER1;PER3;MIS18A;RPA4;MAD2L1;UBXN2B;UBXN2A;RPP30;GEMIN2;JADE1;SRP14;KLHL31;CCND3;CCND2;CCND1;SNIP1;PDGFRB;PDGFRA;PCID2;FBXW11;SUPT7L;BRMS1;CCNE2;PSPC1;CCNE1;DKC1;UBE2V2;PLAA;PPIE;GEMIN5;UBE2V1;GEMIN8;DDX6;VCP;PSMD11;RBM8A;PSMD14;KLHL15;PSMD13;DDX1;PDS5B;TAF5L;CCNB3;SYCE3;CCNB2;VCPIP1;CCNB1;IRAK1;IRAK2;CYC1;PDHA2;PDHA1;UBE2I;RPP40;KLHL22;NUP153;APPBP2;UBA3;NABP2;UBE2N;UBA2;CYCS;TAF4B;NABP1;FGF12;PHF19;RBM27;GSK3B;GSK3A;RBM26;DDX46;DPY30;CHD4;CHD3;TENT4A;PIDD1;UFL1;SFR1;H2BC21;MYBL2;GET1;BUD23;NAA30;TBP;GLRX3;NCBP1;EED;NCBP2;IRAK4;UTP18;YWHAZ;TTI2;TTI1;CCNA2;H2BC12;CCNA1;CREB3;H2BC13;SFPQ;CREB1;H2BC15;MYOD1;CRY2;H2BC11;CRY1;SPOPL;NCBP3;IRF9;PSMB11;LAMA5;NAA20;MVP;PNKP;TAF9;DDX23;DDX20;MAT2B;PSMB10;ADD1;RNF2;AURKB;MTA1;TAF1B;PABPN1;NUP42;POLD1;POLD2;MXI1;VHL;MTA2;MTA3;NAA10;TAF12;TAF13;TAF10;TAF11;SSRP1;USF2;USF1;SOD1;POLE4;RSPH1;ERCC3;ERCC4;KATNBL1;BRMS1L;SHLD2;ERCC2;POLE3;TAF8;ERCC8;ACIN1;RBM42;TAF7;FAM98B;NAA16;TAF6;BUD13;ERCC6;FAM98A;NAA15;TAF5;TAF4;TAF3;TAF2;TAF1;NUP37;RB1;RPL4;RPL5;RPL30;PHB1;RPL3;MAML1;TRRAP;DCAF8;HNRNPU;SMC5;SMC6;SMC3;H2AC15;SMC4;PHB2;BACH1;RPL9;DCAF7;BACH2;RPL6;SMC2;DCAF6;RPL7;DCAF1;H2AC13;MYC;MYB;JUNB;NFRKB;CDK5RAP3;MED1;PRKCI;DAPK1;PIH1D1;MED8;HUS1;MED9;ARMC8;HCFC2;MED4;MED6;HCFC1;WDR77;MED7;BIN1;SARNP;RPL27;VPS25;UBA52;SRCAP;PRKDC;VPS26C;XPC;SNU13;BCL10;MEFV;HIF1A;ANAPC11;LDHC;LDHA;PPP4C;TERT;RAD21;NKX2-1;NKX2-5;HOXC9;KAT14;BTF3;BARD1;NFE2;CDK19;PHC2;JUND;PHC1;SETD1A;NFATC2;TRIP4;INO80;PHC3;ELL3;FOSL2;FOSL1;TADA2B;NPLOC4;TADA2A;HNRNPD;OGDH;REL;CDK10;RAD17;MMS19;CDK12;CDK13;CDK14;CDK16;SMG1;WDR48;TCF25;PHF1;ARPC1A;SRP54;ASH2L;GLI1;ING1;GLI3;GLI2;ING4;ING5;ING2;ING3;TCTN3;RACK1;TNKS1BP1;JARID2;TEAD1;BATF2;BATF3;BRD1;ANXA2;TET1;TERF1;TERF2;WDR33;KAT2B;TAF6L;KAT2A;MTF2;RARA;SINHCAF;JDP2;SF3B4;SF3B5;SF3B2;WDR26;SF3B3;AP5Z1;RPL10;AHNAK;RNMT;GPS1;SF3B6;HOXD10;BCLAF1;USP1;RPS3;PCGF1;RPL13;BRD9;RPL15;BRD8;RPS2;RPL18;BRD7;RPL17;SF3B1;SF3A3;PCGF6;SF3A1;SF3A2;PCGF5;CSNK1A1;SEPTIN2;PCGF2;NR1H2;PCGF3;NR1H3;ELP3;GTF2H2;ELP5;GTF2H3;ELP6;GTF2H4;SEPTIN7;XAB2;PHF5A;RYBP;TRMT6;N6AMT1;GTF2B;FMR1;RPL10L;YEATS4;RPL10A;VIRMA;EDC4;PPP1CB;PYCARD;PPP1CC;MAEA;MPC2;OIP5;NBN;TXNL4A;MEN1;USP7;RPS9;RARS1;RPS7;RPS8;RPS6;THOC1;RPSA;THOC5;GTF2F1;GTF2F2;THOC7;RNF40;INIP;THOC6;KAT6B;KAT6A;SNRPG;SNRNP27;ERH;PHIP;SNRPE;SNRPF;SNRPA;SNRPB;NOTCH1;CUL3;CUL1;GTF2E1;ORC5;BAG6;ORC4;ORC1;ORC2;TPR;SMN1;MCL1;EIF2B5;TRAPPC2;CHTOP;FANCL;POLR3GL;FANCA;FANCC;FANCE;LSM5;LSM4;PALB2;LSM3;LSM2;COPRS;COPS4;CDK9;COPS3;LSM8;CDK8;NSFL1C;COPS6;CNOT6;LSM7;CDK7;COPS5;CNOT7;LSM6;CDK6;MAFB;CDK5;CDK4;COPS2;CNOT2;CDK3;MAFG;TADA3;CDK2;MAFF;BCL2;CDK1;MAFK;COPS8;CNOT8;EIF4G1;RAD9A;MCM7;SYCP2;MCM8;MCM9;ZC3H3;WDR4;ZC3H8;SYNE2;SYNE1;RPL7A;SART1;DNMT3L;METTL14;SIN3B;VPS72;SNRNP70;SIN3A;DNMT3B;IDH3B;WDR5;IDH3A;RFC5;RFC3;RFC4;RFC1;DIS3;RFC2;ELAC2;DNMT3A;RPL13A;PLRG1;SMC1A;RANGAP1;TSN;SMC1B;DNAJC2;SKIC8;TFDP1;TFDP2;SKIC3;TRAF6;RPL37A;MCM3;MCM4;MCM5;SNRPA1;MCM6;MCM2;CEBPA;SMARCD1;GTF2A1;CEBPB;HDAC2;SMARCD2;GTF2A2;SMARCD3;CEBPD;CEBPE;HDAC1;VPS4B;CEBPG;VPS4A;PDHB;AMBRA1;LAGE3;NFS1;FZR1;RBBP4;HAUS8;POLR2A;RBBP5;POLR2B;POLR2C;POLR2D;RBBP8;POLR2E;POLR2F;SNRPB2;ASCC2;POLR2G;RBBP7;ASCC3;POLR2H;POLR2I;POLR2J;POLR2K;FKTN;POLR2L;RNF20;SMARCE1;MLXIP;ASCC1;FBXL17;TPRKB;MTOR;CUL4A;SNRNP40;RAD50;POLR3A;RAD51;APC;POLR3G;BCOR;SYCP3;PFKM;TRMT61A;PFKP;CUL4B;TP53RK;RPS15;FRAT1;FRAT2;KAT5;RPS18;PPP2R1A;RPL36AL;MAGOH;DPF2;KAT8;KAT7;CIAO2B;RPS13;SKP1;AQR;TIPIN;METTL1;KRT1;METTL3;KRT8;KNL1;KRT5;RRAGA;RRAGC;XRN1;RRAGB;ZW10;RRAGD;BOLA2;TFAM;AURKAIP1;CBLL1;BLZF1;TELO2;CSTF3;HTATSF1;FXR1;STRIP1;FXR2;ZNHIT1;CDT1;H4C9;DTNB;RPS25;STAG1;STAG2;STAG3;RNPS1;RPS24;ATR;AHCTF1;UBXN1;FAF1;ZBTB8OS;RSF1;PRPF19;UBXN7;TOP3B;PRMT5;PARP4;STRADA;STRADB;TOP3A;TYK2;UCHL5;RAD51B;RAD51D;RAD51C;NOL9;PPP2CA;CHRAC1;ATP5F1B;METTL5;SHOC2;RTRAF;GINS1;UBL4A;RANBP2;SUZ12;GINS2;NFYA;NFYB;ATP5PB;GINS3;NFYC;GINS4;RANBP9;KRT10;MLH1;MLH3;BATF;KBTBD6;PRKRA;KRT14;ATP5PO;CTNNB1;BMAL2;PRPF31;MPHOSPH8;BMAL1;CDK5R1;KDM1A;ARID4A;ARID4B;EFTUD2;FBL;RBMX2;TRAPPC12;KNTC1;PDIA3;H2AC8;TRAPPC2L;H2AC6;KDM2B;H2AC7;LIG4;ARID5B;TSC2;TRAPPC2B;LIG3;TSC1;TRNT1;DPM1;PRPF4;MAU2;MYCN;PRPF6;FANCD2;TIMELESS;CHMP4A;ISCU;ZCCHC8;PRPF8;SDCBP;EMG1;NLRP5;PMAIP1;NLRP3;SUDS3;NLRP1;DMAP1;ZC3H13;PDZD7;BPTF;CBX8;KLHDC2;SMAD2;HSPA8;CBX7;CPSF7;CBX6;SMAD4;CPSF6;SMAD3;CPSF1;CBX4;CBX3;NONO;CBX2;ALYREF;CWC15;EIF2S2;COQ7;ESR1;SEM1;DLG1;EIF2S3;RFXAP;SAE1;CREBZF;MUS81;THRB;C2ORF49;YBX1;USP39;PKD1;POLB;SNAPC5;FLCN;DBP;SNAPC2;SNAPC3;SNAPC4;CASP2;TOPBP1;RBM7;POLE;KDM6A;USP46;AKTIP;AXIN1;AXIN2;ARID1A;SENP3;TGFBR1;SUPV3L1;THRAP3;TERF2IP;PFDN2;ITGB1BP1;PFDN4;ITGB3BP;ATF6B;POLDIP3;ABRAXAS1;LEF1;ABRAXAS2;BICRA;RMND5B;NXF1;TFPT;NXF2;NXF3;RMND5A;SAP30L;NOS2;WTAP;DTNBP1;ZFC3H1;DEK;H3-4;KANSL1;BAX,3351
complex_genes,SE,GO_Biological_Process_2023,Translation (GO:0006412),173/234,1.8148051209301875e-80,14.803227104375367,2842.4659882472547,RPL4;RPL5;RPL30;RPL3;RPL32;RPL31;RPL34;RPL8;RPL10A;RPL9;RPL6;RPL7;RPS15;RPS14;RPS17;RPS16;RPL18A;RPS19;RPL36AL;RPS18;RPL36;RPL35;RPL38;RPL37;RPS11;RPL39;RPS10;CHCHD1;RPS13;RPS9;RARS1;RPL21;RPS7;RPS8;RPS5;RPS6;MRPS18B;MRPS18A;RPSA;MRPS18C;LARS1;RPL24;RPL27;RPL26;AURKAIP1;RPL29;RPL28;UBA52;DAP3;MRPL18;MRPL19;MRPL16;MRPL17;MRPL14;MRPL12;GSPT2;MRPL13;GSPT1;MRPL10;MRPL11;MRPL20;RPL41;MRPL27;MRPL28;MRPL23;MRPL24;MRPL21;RPL3L;MRPL22;MRPL30;RPS26;RPS25;RPS28;COPS5;EPRS1;RPS29;RPL27A;AGO2;RPS20;RPS21;RPS24;FARSB;RPS23;EIF4G1;MRPS17;MRPS15;MRPS16;MRPS14;MRPS11;RPLP1;MRPS12;RPLP0;MRPL38;MRPL39;MRPS10;MRPL36;MRPL37;MRPL34;MRPL35;MRPL33;MRPL41;MRPL4;RPS4X;MRPL42;MRPL3;RPL7A;MRPL2;MRPL40;MRPL1;QARS1;RACK1;RPLP2;MRPL9;MRPS28;MRPS26;MRPS27;MRPS24;MRPS25;MRPS22;MRPS23;MARS1;MRPL49;MRPS2;MRPS21;RPL13A;MRPL47;MRPL48;MRPL45;MRPS7;QRSL1;MRPL46;MRPS6;MRPL43;MRPS5;DARS1;MRPL44;MRPL52;MRPL53;MRPL50;MRPS9;MRPL51;RPL37A;ETF1;RPL10;MRPS33;RPL12;MRPS34;RPL11;MRPS31;MRPL58;MRPS30;MRPL57;MRPL54;MRPL55;RPS15A;RPL14;RPS3;RPL13;RPL15;RPS2;IARS1;RPL18;RPS27A;RPL17;RPL19;GADD45GIP1;PTCD3;NDUFA7;GATC;GATB;RPL35A;RPL23A;FAU,3351
complex_genes,SE,GO_Cellular_Component_2023,Intracellular Membrane-Bounded Organelle (GO:0043231),1327/5175,6.062888005520192e-80,2.181068215714955,409.48369298151755,ATF1;ATF2;RAMAC;POP7;RBPJ;ALKBH8;PSMD8;TBK1;LSM11;PSMD7;PPP4R2;PSMD4;PSMD2;PSMD3;PSMD1;PRKAB2;CSNK2A1;CSNK2A2;DNTTIP1;DICER1;PRKAB1;DDX39A;EID3;DDX39B;DDIT3;CLNS1A;PSME3;PSME4;RFX5;ATF7;ATF5;CLOCK;ATF6;ATF3;ATF4;SLBP;URI1;MEAF6;MRPL19;COPS7B;NCAPG;BAZ2A;COPS7A;AAAS;FIGNL1;MYO6;ATRIP;CTC1;JUN;CCZ1B;NCAPH2;SNF8;MAGOHB;AGO1;TDP1;AGO2;PSMG1;PSMG2;EZH1;EZH2;LIN54;NCAPG2;HEXA;RPLP0;PRKAG1;MED19;MRPL36;ECSIT;MED16;OSBPL11;MED15;MED18;MED17;OSBPL10;MED12;MED11;NIPBL;CHAF1B;MED14;CHAF1A;MED13;MRPL40;MED10;IKBKG;NELFA;NELFCD;JAK2;IKBKE;JAK1;NELFE;DFFB;SS18;RMI2;DFFA;CNOT6L;RING1;ACTL6B;RMI1;TEX10;ACTL6A;BAZ1A;FOS;DYNLL1;BAZ1B;MED27;DYNLL2;SIRT1;MED26;MED29;DDB2;MED28;DDB1;MED23;GON7;PSMA5;MED22;SLC7A5;PSMA6;PSMA3;PSMA4;VAMP7;PSMA1;INCENP;PSMA2;MED21;MED20;PPARG;DLD;ERGIC2;KARS1;DLST;CENPA;PSMA7;PSMA8;PSMB6;GLRA1;PSMB7;GLRA2;PSMB4;GLRA3;EXOSC10;PSMB5;PSMB2;H3C14;PSMB3;PSMB1;STAT4;SPOP;AP2S1;LEO1;PMS2;FLNA;STAT6;PRAME;RPS27A;PMS1;MBD3;CENPU;SLF1;TRMT10B;SLF2;TRMT10C;CRBN;STAT1;UTP3;MCRS1;STAT2;MBD2;STAT3;TARBP2;GATAD2B;PSMB8;GATAD2A;NUDT21;PSMC5;PSMC6;MYBBP1A;CENPH;PSMC3;PSMC4;PSMC1;GID8;PSMC2;UBAP1;NCAPD2;CENPP;YPEL5;CENPQ;CCNT1;GMNN;FBXO25;CASC3;YY1;STK11;RUVBL2;OSBP;RUVBL1;KPNA6;KPNA7;KPNA4;PMPCA;MTREX;KPNA5;KPNA2;MAP3K7;KPNA3;KPNA1;ANAPC7;FBXW7;CTNNBIP1;ATP11A;FOXP4;FBXO11;FOXP3;FOXP2;FOXP1;RBX1;SAP30;MSH6;MAF;MSH2;MSH3;MSH4;MSH5;ANAPC4;ANAPC5;SNRNP200;S100A9;KPNB1;S100A8;KMT2D;BLM;INO80D;KMT2A;MAX;KMT2C;KMT2B;GPR88;FBXO43;FOXO3;MED30;ATXN7;MED31;AP4S1;NAE1;MDN1;BRPF1;BRPF3;FBXO38;RFXANK;ARPC4;ARPC5;FBXO32;NDC80;DRAP1;MLXIPL;ARPC2;ARPC3;MDM2;NFE2L3;MDM4;OGT;MYD88;NFE2L2;ISY1;NXT1;HSP90AB1;ITGB3;PTEN;PIK3CB;FOXM1;NXT2;CDC73;DGCR8;CEP290;YAF2;BCAS2;CTNNBL1;PELP1;ACTR3;ACTR2;HSP90AA1;ACTR6;VBP1;ACTR5;MSL2;MSL3;ARNT;RAD23A;VPS37A;ACTR8;RAD23B;DDOST;MSL1;NSMCE4A;LCOR;BIRC5;ETF1;GAPDH;BIRC2;BIRC3;PRKAA1;PRKAA2;CXXC1;KATNB1;PARD6G;MALT1;CECR2;GANAB;PARD6B;CDC45;PARD6A;U2AF2;E2F1;IGF2BP1;SAP18;E2F3;E2F5;E2F6;H2AZ1;NDUFA9;H2AZ2;FEM1B;CDC5L;RPL23A;HNRNPAB;REC8;MCM3AP;APLF;EIF3G;EIF3E;SEC24D;EIF4A1;CCNK;SMARCB1;CCNH;EIF4A3;RTCB;CCNF;CCNC;ACTB;CCAR2;UXT;MCIDAS;SNRPD2;SNRPD1;CDC27;EPC1;FBXO5;TRIM27;CCNL2;SNRPD3;ATXN7L3;FBXO7;CCDC93;SMARCC1;NSMCE3;NSMCE2;NSMCE1;CCNY;CSNK2B;BCORL1;CCNQ;L3MBTL1;PAXIP1;L3MBTL2;DHX9;EPAS1;MYCBP2;PIK3R4;SUPT4H1;PIK3R2;PIK3R1;OSGEP;SNX1;MIER2;HLTF;MIER1;SWI5;H3C1;SNX5;SEC31A;STAT5A;STAT5B;XBP1;XRCC6;CRADD;INTS1;XRCC4;XRCC5;INTS3;XRCC2;INTS2;XRCC3;SMARCA5;XRCC1;SMARCA1;SMARCA2;SMARCA4;POLA1;SNW1;INTS5;INTS4;FBXL3;INTS7;CALM3;INTS6;INTS9;CALM1;INTS8;CALM2;RCOR1;LDHAL6B;INTS11;INTS12;INTS13;INTS14;FBH1;SUV39H1;MRPS12;INTS10;NAT10;GRIK1;BRCA1;AATF;BMI1;BRCA2;BABAM1;SYNCRIP;BABAM2;SUFU;UIMC1;ENC1;MLX;REV3L;UFD1;RAC1;NCOA1;APOBEC1;NCOA2;SREBF1;PBRM1;SEC13;NCOA6;ACAD9;COMMD1;COMMD4;SREBF2;OOEP;COMMD5;PABPC1;EEF1E1;YAP1;PCNA;MIS12;FAAP24;RELA;RELB;EXOSC7;RXRB;EXOSC6;EXOSC5;EXOSC4;RXRA;NFIL3;EXOSC9;EXOSC8;EXOSC3;RAE1;EXOSC2;EXOSC1;TSNAX;IL33;H2BC8;IL37;RPA1;RPA2;APTX;PEX14;PPP1CA;MAD2L2;PER2;PER1;PER3;MIS18A;RPA4;MAD2L1;UBXN2B;UBXN2A;RPP30;GEMIN2;JADE1;WASHC2C;SRP14;KLHL31;WASHC2A;CCND3;CCND2;CCND1;SNIP1;BORCS5;PDGFRB;PDGFRA;PCID2;FBXW11;SLC30A2;SUPT7L;BRMS1;CCNE2;PSPC1;CCNE1;DKC1;UBE2V2;PLAA;PPIE;GEMIN5;UBE2V1;GEMIN8;DDX6;VCP;PSMD11;RBM8A;PSMD14;KLHL15;PSMD13;DDX1;KLHL12;PDS5B;TAF5L;CCNB3;SYCE3;CCNB2;VCPIP1;CCNB1;IRAK1;IRAK2;NPHP4;CYC1;PDHA2;PDHA1;UBE2I;RPP40;CCZ1;KLHL22;HOOK3;IFT20;APPBP2;HOOK2;UBA3;NABP2;UBE2N;UBA2;CYCS;TAF4B;NABP1;FGF12;PHF19;RBM27;GSK3B;GSK3A;RBM26;DDX46;PRKCSH;DPY30;CHD4;CHD3;TENT4A;PIDD1;UFL1;SFR1;H2BC21;MYBL2;GET1;BUD23;SUN1;NAA30;TBP;GLRX3;NCBP1;EED;NCBP2;PEX2;IRAK4;UTP18;YWHAZ;TTI2;TTI1;CCNA2;H2BC12;CCNA1;CREB3;H2BC13;SFPQ;CREB1;H2BC15;GORASP2;GORASP1;MYOD1;CAT;CRY2;H2BC11;CRY1;SPOPL;NCBP3;IRF9;PSMB11;LAMA5;NAA20;MVP;PNKP;TAF9;TGFBRAP1;DDX23;DDX20;CSTF2T;MAT2B;PSMB10;ADD1;RNF2;AURKB;MTA1;TAF1B;PABPN1;NUP42;POLD1;POLD2;MXI1;MVB12A;VHL;MTA2;MTA3;NAA10;TAF12;TAF13;TAF10;TAF11;SSRP1;USF2;USF1;SOD1;POLE4;CLCN7;RSPH1;ERCC3;ERCC4;KATNBL1;POLE2;BRMS1L;SHLD2;ERCC2;POLE3;TAF8;ERCC8;ACIN1;RBM42;TAF7;FAM98B;NAA16;TAF6;BUD13;ERCC6;FAM98A;NAA15;TAF5;TAF4;TAF3;CLUAP1;TAF2;TAF1;NUP37;RB1;RPL4;VPS29;RPL5;RPL30;PHB1;RPL3;MAML1;TRRAP;DCAF8;HNRNPU;SMC5;SMC6;SMC3;H2AC15;SMC4;PHB2;BACH1;RPL9;DCAF7;BACH2;RPL6;SMC2;DCAF6;RPL7;DCAF1;H2AC13;MYC;MYB;AP1S2;AP1S1;AP1S3;JUNB;NFRKB;CDK5RAP3;MED1;PRKCI;DAPK1;PIH1D1;MED8;HUS1;MED9;ARMC8;HCFC2;MED4;MED6;ATG12;HCFC1;WDR77;MED7;BIN1;SARNP;RPL27;VPS25;UBA52;SRCAP;PRKDC;VPS26C;XPC;SNU13;BCL10;MEFV;HIF1A;ANAPC11;LDHC;LDHA;PPP4C;TERT;RAD21;NKX2-1;NKX2-5;HOXC9;KAT14;BTF3;BARD1;NFE2;CDK19;PHC2;WDR59;JUND;PHC1;SETD1A;NFATC2;TRIP4;INO80;PHC3;ELL3;FOSL2;FOSL1;TADA2B;NPLOC4;TADA2A;HNRNPD;OGDH;REL;CDK10;RAD17;MMS19;CDK12;CDK13;CDK14;CDK16;SMG1;WDR48;TCF25;PHF1;ARPC1A;SRP54;ASH2L;GLI1;ING1;GLI3;GLI2;ING4;ING5;ING2;ING3;TCTN3;RACK1;TNKS1BP1;AP3S2;AP3S1;JARID2;TEAD1;BATF2;BATF3;BRD1;ANXA2;COPZ2;TET1;TERF1;TERF2;WDR33;KAT2B;TAF6L;KAT2A;MTF2;RARA;SINHCAF;JDP2;SF3B4;SF3B5;SF3B2;WDR26;SF3B3;AP5Z1;RPL10;AHNAK;RNMT;GPS1;SF3B6;WDR24;HOXD10;BCLAF1;USP1;RPS3;PCGF1;RPL13;BRD9;RPL15;BRD8;RPS2;RPL18;BRD7;RPL17;SF3B1;SF3A3;PCGF6;SF3A1;SF3A2;PCGF5;CSNK1A1;AGK;SEPTIN2;PCGF2;NR1H2;PCGF3;NR1H3;ELP3;GTF2H2;ELP5;GTF2H3;ELP6;GTF2H4;SEPTIN7;XAB2;PHF5A;RYBP;TRMT6;LAMTOR4;N6AMT1;CSF2;ATP8A1;GTF2B;FMR1;RPL10L;YEATS4;RPL10A;VIRMA;EDC4;PPP1CB;PYCARD;PPP1CC;MAEA;MPC2;OIP5;NBN;TXNL4A;MEN1;USP7;RPS9;RARS1;RPS7;RPS8;RPS6;THOC1;RPSA;THOC5;GTF2F1;GTF2F2;THOC7;RNF40;INIP;THOC6;KAT6B;KAT6A;SNRPG;SNRNP27;ERH;PHIP;SNRPE;SNRPF;SNRPA;SNRPB;CSF1R;NOTCH1;CUL3;CUL1;GTF2E1;ORC5;BAG6;ORC4;VTN;ORC1;ORC2;TPR;SMN1;AP1M2;MCL1;AP1M1;OSBPL9;EIF2B5;TRAPPC2;CHTOP;FANCL;POLR3GL;FANCA;FANCC;FANCE;LSM5;LSM4;PALB2;LSM3;LSM2;COPRS;COPS4;CDK9;COPS3;LSM8;CDK8;NSFL1C;COPS6;CNOT6;LSM7;CDK7;COPS5;CNOT7;LSM6;CDK6;MAFB;CDK5;CDK4;COPS2;CNOT2;CDK3;MAFG;TADA3;CDK2;MAFF;BCL2;CDK1;MAFK;COPS8;CNOT8;EIF4G1;RAD9A;MCM7;SYCP2;MCM8;MCM9;ZC3H3;WDR4;ZC3H8;SYNE2;SYNE1;RPL7A;SART1;DNMT3L;METTL14;SIN3B;VPS72;AP1G1;SNRNP70;SIN3A;DNMT3B;IDH3B;WDR5;IDH3A;RFC5;RFC3;RFC4;RFC1;DIS3;RFC2;ELAC2;DNMT3A;RPL13A;PLRG1;SMC1A;RANGAP1;TSN;SMC1B;DNAJC2;SKIC8;TFDP1;TFDP2;SKIC3;TRAF6;RPL37A;MCM3;MCM4;MCM5;SNRPA1;MCM6;MCM2;CEBPA;SMARCD1;GTF2A1;CEBPB;HDAC2;SMARCD2;GTF2A2;SMARCD3;CEBPD;CEBPE;HDAC1;VPS4B;CEBPG;VPS4A;PDHB;NLRC4;AMBRA1;LAGE3;NFS1;FZR1;VPS51;RBBP4;POLR2A;RBBP5;POLR2B;VPS53;POLR2C;POLR2D;RBBP8;POLR2E;POLR2F;SNRPB2;ASCC2;POLR2G;RBBP7;ASCC3;POLR2H;POLR2I;POLR2J;POLR2K;FKTN;POLR2L;RNF20;SMARCE1;MLXIP;ASCC1;FBXL17;TPRKB;MTOR;CUL4A;SNRNP40;RAD50;POLR3A;RAD51;APC;POLR3G;POLR3H;BCOR;SYCP3;PFKM;TRMT61A;PFKP;TNRC6A;CUL4B;TP53RK;RPS15;GOLGA2;FRAT1;FRAT2;KAT5;RPS18;PPP2R1A;RPL36AL;MAGOH;DPF2;KAT8;KAT7;CIAO2B;RPS13;SKP1;AQR;TIPIN;COG7;METTL1;KRT1;METTL3;AP1B1;KRT8;KNL1;KRT5;RRAGA;RRAGC;XRN1;RRAGB;ZW10;RRAGD;BOLA2;TFAM;AURKAIP1;CBLL1;BLZF1;TELO2;LLGL2;CSTF3;HTATSF1;FXR1;STRIP1;FXR2;ZNHIT1;ATP6V0A2;ATP6V0A1;CDT1;H4C9;DTNB;STAM;RPS25;STAG1;STAG2;STAG3;RNPS1;RPS24;TECPR1;DCP1B;ATR;AHCTF1;UBXN1;FAF1;MCUB;ZBTB8OS;RSF1;PRPF19;UBXN7;DLAT;TOP3B;PRMT5;PARP4;STRADA;STRADB;TOP3A;TYK2;AP3B2;IL17RB;UCHL5;RAD51B;RAD51D;RAD51C;NOL9;PPP2CA;CHRAC1;ATP5F1B;METTL5;SHOC2;RTRAF;GINS1;UBL4A;RANBP2;SUZ12;GINS2;NFYA;NFYB;ATP5PB;GINS3;NFYC;GINS4;RANBP9;KRT10;MLH1;MLH3;BATF;KBTBD6;PRKRA;KRT14;ATP5PO;CTNNB1;BMAL2;PRPF31;MPHOSPH8;BMAL1;CDK5R1;KDM1A;ARID4A;ARID4B;EFTUD2;FBL;RBMX2;TRAPPC12;KNTC1;PDIA3;H2AC8;TRAPPC2L;H2AC6;KDM2B;H2AC7;LIG4;ARID5B;TSC2;TRAPPC2B;LIG3;TSC1;TRNT1;DPM1;PRPF4;MAU2;MYCN;PRPF6;FANCD2;COL4A3;TIMELESS;CHMP4A;STAM2;ISCU;ZCCHC8;ATP6V1A;COPB1;PMF1;PRPF8;SDCBP;EMG1;NLRP5;NLRP2;PMAIP1;NLRP3;SUDS3;NLRP1;DMAP1;ZC3H13;PDZD7;BPTF;CBX8;KLHDC2;SMAD2;CPSF4;HSPA8;CBX7;CPSF7;CBX6;SMAD4;CPSF6;SMAD3;CPSF1;CBX4;CBX3;NONO;CBX2;ALYREF;CWC15;EIF2S2;COQ7;ESR1;SEM1;DLG1;EIF2S3;RFXAP;SAE1;CREBZF;MUS81;THRB;C2ORF49;YBX1;USP39;PKD1;POLB;SNAPC5;FLCN;DBP;SNAPC2;SNAPC3;SNAPC4;CASP2;TOPBP1;RBM7;POLE;POLG;KDM6A;USP46;AKTIP;AXIN1;AXIN2;ARID1A;SENP3;TGFBR1;SUPV3L1;TRAPPC6A;THRAP3;TRAPPC6B;TERF2IP;PFDN2;ITGB1BP1;PFDN4;ITGB3BP;ATF6B;POLDIP3;ABRAXAS1;LEF1;ABRAXAS2;BICRA;RMND5B;NXF1;TFPT;NXF2;NXF3;RMND5A;SAP30L;NOS2;WTAP;DTNBP1;ZFC3H1;DEK;H3-4;KANSL1;KANSL3;BAX,3351
complex_genes,SE,GO_Cellular_Component_2023,Mitochondrial Inner Membrane (GO:0005743),210/370,2.0766259329785544e-67,6.8901026743075455,1091.9223242714215,PHB1;MICOS13;PHB2;MRPS18B;MRPS18A;CLPX;MRPS18C;AFG3L2;UQCRC1;TMEM126B;UQCRC2;AURKAIP1;MRPL18;MRPL19;MRPL16;MRPL17;MRPL14;MRPL12;MRPL13;MRPL10;MRPL11;APOO;LDHB;MRPL20;MRPL27;MRPL28;MRPL23;MRPL24;MRPL21;MRPL22;MRPL30;NDUFAF1;MRPS17;COX7B;MRPS15;MRPS16;MRPS14;MRPS11;MCUB;MRPS12;MRPL38;MRPL39;MRPS10;MRPL36;MRPL37;ECSIT;MRPL34;COX7C;MRPL35;TMEM186;MRPL33;MRPL41;MRPL42;IMMP2L;MRPL40;COX8A;MRPS28;MRPS26;MRPS27;TIMM29;MRPS24;MRPS25;MRPS22;ACAD9;MRPS23;MRPL49;MRPS2;MRPS21;TIMM23;MRPL47;TIMM22;MRPL48;MRPL45;MRPS7;MRPL46;MRPS6;MRPL43;MRPS5;MRPL44;HADHB;MRPL52;HADHA;IMMP1L;MRPL53;MRPL50;MRPS9;MRPL51;MICU3;MICU2;MICU1;TOMM40;MRPS36;MRPS33;TIMM9;MRPS34;MRPS31;TIMM13;MRPL58;UQCR11;MRPS30;TIMM10;UQCR10;COX5B;COX5A;MRPL57;MRPL54;MRPL55;ATP5F1A;ATP5F1B;RPS3;ATP5PF;ATP5PD;AGK;ATP5PB;ATP5F1C;COX6C;ATP5F1D;ATP5F1E;NDUFAB1;ATP5PO;NDUFA13;NDUFA11;NDUFA12;NDUFA10;COX6A1;CHCHD3;MPC1;CHCHD6;MPC2;PMPCB;PMPCA;CHCHD1;SLC30A2;PAM16;SDHC;SDHD;SDHA;SDHB;COX6B1;DAP3;FECH;NDUFB10;UQCRB;NDUFB11;ATP5MC2;ATP5MC3;UQCRH;ATP5MC1;TIMM50;ATP5MK;MPC1L;ATP5MJ;CYC1;NDUFV3;NDUFV2;ATP5MG;NDUFV1;ATP5MF;ATP5ME;DNAJC19;COA1;TIMM44;COQ9;COQ7;COQ6;COQ5;COQ4;TIMM10B;COQ3;UQCRQ;CYCS;MCU;COX4I1;MRPL4;MRPL3;MRPL2;MRPL1;TIMM17A;TIMM17B;MRPL9;CCDC51;NDUFC2;NDUFC1;SMDT1;NDUFS6;NDUFS5;NDUFS4;NDUFS3;NDUFB9;NDUFB8;NDUFB7;NDUFB6;NDUFB5;NDUFB4;NDUFB3;NDUFB2;NDUFB1;SPG7;ATP5MGL;GADD45GIP1;PTCD3;NDUFA8;NDUFA7;NDUFA6;NDUFA5;NDUFA4;NDUFA3;NDUFA2;NDUFA1;IMMT,3351
complex_genes,SE,GO_Biological_Process_2023,Gene Expression (GO:0010467),184/296,1.699476797339274e-66,8.578442870675268,1365.2846018498453,RPL4;RPL5;RPL30;NUP107;RPL3;RPL32;RPL31;RPL34;FMR1;EIF4A3;HNRNPU;CASC3;RPL8;RPL10A;RPL9;RPL6;RPL7;GLE1;RPS15;RPS14;RPS17;RPS16;RPL18A;RPS19;RPL36AL;RPS18;MAGOH;DUOXA2;RPL36;RPL35;RPL38;KPNA4;RPL37;RPS11;RPL39;RPS10;RPS13;NUP214;RPS9;RPL21;RPS7;RPS8;RPS5;RPS6;MRPS18B;THOC1;DNTTIP2;MRPS18A;RPSA;THOC3;THOC2;THOC5;THOC7;MRPS18C;THOC6;PRPF4;DDX39A;DDX39B;DKC1;SARNP;RPL24;RPL27;RPL26;RPL29;RPL28;RBM8A;MRPL18;MRPL14;MRPL12;GSPT2;MRPL13;GSPT1;MRPL10;NUP160;MRPL11;NUP85;TPR;H3C1;NLRP3;NUP88;RPL41;CHTOP;ALYREF;MRPL27;MRPL28;MAGOHB;MRPL23;MRPL24;RPL3L;RPS26;RPS25;RPS28;COPS5;RPS29;RPL27A;AGO2;HNRNPD;MPHOSPH10;RPS20;RPS21;RPS24;FARSB;RPS23;EIF4G1;MRPS17;MRPS15;SMG1;MRPS16;NXT1;MRPS14;MRPS11;RPLP1;DIS3L;MRPS12;RPLP0;MRPL36;MRPL37;MRPL34;NXT2;MRPL35;MRPL41;CASP9;RPS4X;MRPL42;SYNCRIP;MRPL3;RPL7A;CASP8;CASP1;RPLP2;MRPL9;NCBP1;NUP133;DIS3;NCBP2;MRPS21;RPL13A;MRPS7;MRPS6;MRPL43;MRPS5;DARS1;MRPL52;MRPL51;RPL37A;NCBP3;FYTTD1;RPL10;MRPS33;RPL12;RPL11;DDX20;NOL9;MRPL55;EXOSC7;EXOSC6;NXF1;EXOSC5;NXF2;EXOSC10;EXOSC4;RPS15A;NXF3;PABPN1;EXOSC9;EXOSC8;RPL14;RPS3;RPL13;RPL15;RPS2;EXOSC3;RPL18;RPS27A;EXOSC2;RAE1;RPL17;EXOSC1;RPL19;RPL35A;RPL23A;MCM3AP;SNRNP40;FAU,3351
complex_genes,SE,GO_Cellular_Component_2023,Organelle Inner Membrane (GO:0019866),213/398,2.3802657459598936e-62,6.040742080512635,885.2094715119167,PHB1;MICOS13;PHB2;MRPS18B;MRPS18A;CLPX;MRPS18C;AFG3L2;UQCRC1;TMEM126B;UQCRC2;AURKAIP1;MRPL18;MRPL19;MRPL16;MRPL17;MRPL14;MRPL12;MRPL13;MRPL10;MRPL11;LDHB;MRPL20;APOO;MRPL27;MRPL28;MRPL23;MRPL24;MRPL21;MRPL22;MRPL30;NDUFAF1;MRPS17;COX7B;MRPS15;MRPS16;MRPS14;MRPS11;MCUB;MRPS12;MRPL38;MRPL39;MRPS10;MRPL36;MRPL37;ECSIT;MRPL34;MRPL35;COX7C;TMEM186;MRPL33;MRPL41;MRPL42;IMMP2L;MRPL40;COX8A;MRPS28;MRPS26;TIMM29;MRPS27;MRPS24;MRPS25;MRPS22;ACAD9;MRPS23;MRPL49;TIMM23;MRPS2;MRPS21;MRPL47;TIMM22;MRPL48;MRPL45;MRPS7;MRPL46;SIRT1;MRPS6;MRPL43;MRPS5;MRPL44;HADHB;MRPL52;HADHA;MRPL53;IMMP1L;MRPL50;MRPS9;MRPL51;MICU3;MICU2;MICU1;TOMM40;MRPS36;TIMM9;MRPS33;MRPS34;TIMM13;MRPS31;MRPL58;UQCR11;TIMM10;MRPS30;UQCR10;COX5B;MRPL57;COX5A;MRPL54;MRPL55;ATP5F1A;ATP5F1B;RPS3;ATP5PF;ATP5PD;AGK;ATP5PB;ATP5F1C;COX6C;ATP5F1D;ATP5F1E;NDUFAB1;ATP5PO;NDUFA13;NDUFA11;NDUFA12;NDUFA10;COX6A1;CHCHD3;MPC1;MPC2;CHCHD6;PMPCB;PMPCA;CHCHD1;SLC30A2;ATP11B;SDHC;SDHD;SDHA;SDHB;COX6B1;DAP3;FECH;UQCRB;NDUFB10;NDUFB11;ATP5MC2;ATP5MC3;UQCRH;ATP5MC1;TIMM50;MPC1L;ATP5MK;ATP5MJ;CYC1;NDUFV3;NDUFV2;ATP5MG;NDUFV1;ATP5MF;ATP5ME;DNAJC19;COA1;SMAD3;CBX3;TIMM44;COQ9;COQ7;COQ6;COQ5;COQ4;TIMM10B;COQ3;UQCRQ;CYCS;MCU;COX4I1;MRPL4;MRPL3;MRPL2;MRPL1;TIMM17A;TIMM17B;MRPL9;CCDC51;NDUFC2;NDUFC1;SMDT1;NDUFS6;NDUFS5;NDUFS4;NDUFS3;NDUFB9;NDUFB8;NDUFB7;NDUFB6;NDUFB5;NDUFB4;NDUFB3;NDUFB2;NDUFB1;SPG7;ATP5MGL;GADD45GIP1;PTCD3;NDUFA8;NDUFA7;NDUFA6;NDUFA5;NDUFA4;NDUFA3;NDUFA2;NDUFA1;IMMT,3351
complex_genes,SE,GO_Molecular_Function_2023,RNA Binding (GO:0003723),482/1411,6.500939602834035e-59,2.8428458924526723,399.82838321453954,RPL4;POP5;RPL5;RAMAC;RPL30;POP7;RPL3;RPL32;POP1;RPL31;POP4;RPL34;HNRNPU;RPL8;RPL9;RPL6;RRP8;ALKBH8;RPL7;RRP9;LSM10;PSMD4;PSMD2;RPL36;RPL35;RPL38;RPL37;RPL39;RPL21;NGDN;DNTTIP2;WDR75;DICER1;DDX39A;DDX39B;CLNS1A;DDIT3;ZC3H11A;SARNP;RPL24;RPL27;RPL26;RPL29;RPL28;SLBP;PRKDC;MRPL19;MRPL16;NOLC1;BAZ2A;MRPL14;SNU13;MRPL12;MRPL13;GIGYF2;MRPL10;MRPL11;RRP7A;MRPL20;TERT;BARD1;BTF3;JUN;RPL41;PNO1;MTERF4;MRPL27;MRPL28;MAGOHB;MRPL23;MRPL21;SNUPN;RPL3L;MRPL22;TBL3;AGO3;LAS1L;AGO4;AGO1;AGO2;HNRNPD;CDK13;FARSA;SMG1;RPLP0;SRP54;MRPL39;MRPL37;WDR46;WDR43;MRPL41;MRPL42;MRPL40;RACK1;NELFCD;NELFE;WDR36;ANXA2;MRPL45;MRPL43;SRP9;MRPL44;WDR33;HADHB;PSMA6;PSMA1;TCP1;SF3B4;SF3B5;SF3B2;AHNAK;RPL10;KARS1;RNMT;RPL12;SF3B6;RPL11;NOC4L;MRPL54;BCLAF1;EXOSC10;RPS15A;TCOF1;SRP72;RPL14;RPS3;FLNA;RPL13;RPL15;RPS2;RPS27A;RPL18;RPL17;SF3B1;RPL19;SF3A3;TRMT10B;UTP6;SF3A1;TRMT10C;SF3A2;UTP4;UTP3;MCRS1;STAT3;ELP1;SRP68;ELP5;TARBP2;ARCN1;NUDT21;PHF5A;MYBBP1A;PSMC1;TRMT6;FMR1;C1ORF131;CASC3;RPL10A;VIRMA;EDC3;YY1;PPP1CC;MTREX;KPNA2;RPS9;RPS7;RPS8;RPS5;RPS6;RPSA;THOC2;POLRMT;GTF2F1;THOC5;NHP2;SNRPG;ERH;SNRPF;SNRNP200;KPNB1;SNRPA;SNRPB;KMT2C;GTF2E2;TPR;NOP14;CHTOP;LSM5;LSM4;LSM3;LSM2;CNOT4;LSM8;LSM7;LSM6;CNOT1;EIF4G3;NOP10;EIF4G1;WRAP53;ISY1;HSP90AB1;COL14A1;CCDC47;WDR3;PTEN;ZC3H8;SYNE1;MRPL4;MRPL3;RPL7A;SART1;MRPL2;METTL14;MRPL1;SNRNP70;DGCR8;MRPL9;SGCG;PELP1;HSP90AA1;ELAC2;RPL13A;RANGAP1;SMC1A;TSN;DNAJC2;NEMF;RPL37A;ETF1;SNRPA1;POLR1G;EIF4E2;HDAC2;U2AF1;HSD17B10;GANAB;FIP1L1;POLR2A;U2AF2;POLR2B;IGF2BP1;SAP18;POLR2G;ASCC3;EIF4E;DCAF13;NOP56;NOP58;KRR1;CDC5L;IMMT;RPL35A;RPL23A;HNRNPAB;SNRNP40;EIF3L;EIF3I;EIF3G;EIF3H;EIF3E;EIF3C;EIF3D;TNRC6A;EIF3B;TNRC6B;EIF4A2;EIF4A1;EIF4A3;RTCB;FCF1;PWP2;CCAR2;RPS15;PNN;RPS14;RPS17;LGALS1;RPS16;SNRPD2;RPL18A;RPS19;SNRPD1;RPL36AL;RPS18;MAGOH;SNRPD3;RPS11;RPS10;RPS13;AQR;METTL3;XRN1;TFAM;SUCLG1;DHX9;CSTF3;CSTF2;RTF1;HTATSF1;GSPT2;GSPT1;FXR1;FXR2;HLTF;CSTF1;XRCC6;H4C9;XRCC5;AIMP1;CCT6A;RPS26;RPS25;RPS28;SNW1;EPRS1;RPL27A;MPHOSPH10;RNPS1;RPS20;NOL11;DCP1A;RPS21;RPS24;DCP1B;RPS23;MRPS15;MRPS14;MRPS11;MRPS12;NAT10;PCSK9;BRCA1;AATF;SYNCRIP;PCF11;SEC61B;UTP14A;APOBEC1;CCT3;MRPS28;TOP3B;MRPS26;MRPS27;MRPS24;MRPS23;MRPS21;TFB2M;PPHLN1;MRPS7;MRPS5;OOEP;UCHL5;MRPS9;CSDE1;STRAP;PABPC1;DCP2;FYTTD1;HEATR1;MRPS31;IBA57;MRPS30;NOL6;EXOSC7;EXOSC6;ATP5F1A;EXOSC9;PES1;EXOSC3;EXOSC2;RAE1;EXOSC1;CCT4;RTRAF;TSNAX;DYNC1H1;ATP5F1C;APTX;BOP1;KRT18;PRKRA;PRPF31;FAU;SRP19;KDM1A;RPP30;SRP14;EFTUD2;FBL;RBMX2;SNIP1;CHCHD1;RPP38;PDIA3;PCID2;TRNT1;PRPF6;DKC1;PSPC1;RPP21;GEMIN5;PPIE;RPP25;DAP3;ZCCHC8;DDX6;ZCCHC7;VCP;RBM8A;DDX1;PRPF8;EMG1;TASOR;UTP20;NDUFV3;NLRP1;ZC3H13;HSPA9;CPSF4;HSPA8;CPSF7;UBE2I;CPSF6;PNPT1;ALYREF;CPSF3;NONO;RPP40;CPSF2;CWC15;EIF2S2;EIF2S1;EIF2S3;UBE2N;SRPRA;RBM27;RBM26;DDX46;CHD3;YBX1;TENT4B;RPS4X;BUD23;RBM7;UTP15;GLRX3;NCBP1;UTP11;NCBP2;UTP18;YWHAZ;DARS1;SUPV3L1;SFPQ;THRAP3;NCBP3;POLDIP3;DDX23;DDX20;CSTF2T;DDX21;SLC3A2;ADD1;NXF1;NXF2;NXF3;PABPN1;NUP42;BMS1;DROSHA;RPP14;PTCD3;SSRP1;DEK;ACIN1;RBM42;BUD13;FAM98B;FAM98A;NAA15,3351
complex_genes,SE,GO_Biological_Process_2023,Peptide Biosynthetic Process (GO:0043043),117/158,4.6067756143895437e-54,14.654780759310375,1906.8693620581066,RPL4;RPL5;RPL30;RPL3;RPL32;RPL31;RPL34;RPL10A;RPL8;RPL9;RPL6;RPL7;RPS15;RPS14;RPS17;RPS16;RPL18A;RPS19;RPL36AL;RPS18;RPL36;RPL35;RPL38;RPL37;RPS11;RPL39;RPS10;RPS13;RPS9;RPL21;RPS7;RPS8;RPS5;RPS6;MRPS18B;MRPS18A;RPSA;MRPS18C;RPL24;RPL27;RPL26;RPL29;RPL28;MRPL18;MRPL14;MRPL12;GSPT2;MRPL13;GSPT1;MRPL10;MRPL11;RPL41;MRPL27;MRPL28;MRPL23;MRPL24;RPL3L;RPS26;RPS25;RPS28;COPS5;RPS29;RPL27A;AGO2;RPS20;RPS21;RPS24;EIF4G1;FARSB;RPS23;MRPS17;MRPS15;MRPS16;MRPS14;MRPS11;RPLP1;MRPS12;RPLP0;MRPL36;MRPL37;MRPL34;MRPL35;MRPL41;RPS4X;MRPL3;MRPL42;RPL7A;RPLP2;MRPL9;MRPS21;RPL13A;MRPS7;MRPS6;DARS1;MRPL43;MRPS5;MRPL52;MRPL51;RPL37A;RPL10;MRPS33;RPL12;RPL11;MRPL55;RPS15A;RPL14;RPS3;RPL13;RPL15;RPS2;RPL18;RPS27A;RPL17;RPL19;RPL35A;RPL23A;FAU,3351
complex_genes,SE,GO_Cellular_Component_2023,cullin-RING Ubiquitin Ligase Complex (GO:0031461),121/174,2.807887924737987e-52,11.73033471581284,1443.8578261499217,FBXO27;CCNF;FBXO25;BUB1B;DCAF8;KEAP1;DCAF5;DCAF4;DCAF7;DCAF6;CDC20;DCAF1;CDC23;CDC26;CDC27;FBXO4;FBXO3;FBXO6;BTRC;SKP2;FBXO7;FBXO9;SKP1;FBXW4;FBXW5;ANAPC7;FBXW8;FBXW11;FBXW7;FBXO2;FBXO17;FBXO15;KLHL40;KLHL41;KLHL42;RBX1;ANAPC4;ANAPC5;ANAPC1;ANAPC2;ANAPC13;CUL7;ANAPC15;ANAPC16;CUL3;CUL2;CUL1;FBXO45;KLHL12;KLHL13;FBXO44;ANAPC10;ANAPC11;FBXO42;KLHDC10;WDTC1;KLHDC2;KLHDC3;KLHL25;FBXO38;FBXO39;KLHL21;KLHL22;KLHL24;FBXO32;FBXO31;KLHL20;FBXL8;APPBP2;CDC16;FBXL3;FBXL2;FBXL5;FBXL4;FBXL7;FBXL6;FBH1;DDA1;ENC1;ELOB;ELOC;ZYG11B;ZER1;COMMD1;DDB2;DDB1;GAN;SPOPL;DCAF15;FBXL20;DCAF16;DCAF17;FZR1;SPOP;FEM1C;PRAME;DCAF10;DCAF11;DCAF12;DCAF13;FEM1A;FEM1B;FBXL19;FBXL17;FBXL18;KLHL2;FBXL15;KLHL3;FBXL16;FBXL13;FBXL14;FBXL12;CUL4A;KLHL9;KBTBD6;KLHL7;KLHL8;ERCC8;KBTBD7;KBTBD8;CUL4B,3351
complex_genes,SE,GO_Cellular_Component_2023,Mitochondrial Membrane (GO:0031966),242/540,2.807887924737987e-52,4.270932408832551,525.082605633749,ATF2;PHB1;MICOS13;PHB2;MRPS18B;MRPS18A;CLPX;MRPS18C;AFG3L2;UQCRC1;ULK1;TMEM126B;UQCRC2;AURKAIP1;UBA52;ABCB7;MRPL18;MRPL19;MRPL16;MRPL17;ABCB8;MRPL14;MRPL12;MRPL13;MRPL10;MRPL11;LDHB;MRPL20;APOO;MRPL27;MRPL28;MRPL23;MRPL24;MRPL21;MRPL22;MRPL30;OGDH;NDUFAF1;MRPS17;COX7B;MRPS15;MRPS16;MRPS14;MRPS11;MCUB;MRPS12;MRPL38;MRPL39;MRPS10;MRPL36;MRPL37;ECSIT;MRPL34;MRPL35;COX7C;TMEM186;MRPL33;MRPL41;MRPL42;IMMP2L;MRPL40;RAC2;IKBKE;COX8A;MRPS28;MRPS26;TIMM29;MRPS27;MRPS24;MRPS25;MRPS22;ACAD9;MRPS23;MRPL49;TIMM23;MRPS2;MRPS21;MRPL47;TIMM22;MRPL48;MRPL45;MRPS7;MRPL46;MRPS6;MRPL43;MRPS5;MRPL44;HADHB;MRPL52;HADHA;MRPL53;IMMP1L;MRPL50;MRPS9;MRPL51;MICU3;MICU2;MICU1;TOMM40;MRPS36;TIMM9;MRPS33;MRPS34;TIMM13;MRPS31;MRPL58;UQCR11;TIMM10;MRPS30;UQCR10;COX5B;MRPL57;COX5A;MRPL54;MRPL55;ATP5F1A;ATP5F1B;SAMM50;RPS3;BID;RPS27A;ATP5PF;ATP5PD;MTX1;AGK;ATP5PB;MTX2;ATP5F1C;COX6C;ATP5F1D;ATP5F1E;STING1;NDUFAB1;ATP5PO;TOMM7;TOMM5;NDUFA13;NDUFA11;NDUFA12;NDUFA10;COX6A1;TOMM20;TOMM22;CHCHD3;MPC1;MPC2;CHCHD6;PMPCB;PMPCA;CHCHD1;SLC30A2;SDHC;SDHD;SDHA;SDHB;COX6B1;DAP3;FECH;UQCRB;NDUFB10;NDUFB11;ATP5MC2;ATP5MC3;FOXO3;UQCRH;ATP5MC1;TIMM50;BCL2L11;MPC1L;ATP5MK;PMAIP1;ATP5MJ;CYC1;NDUFV3;NDUFV2;ATP5MG;NDUFV1;ATP5MF;MCL1;ATP5ME;DNAJC19;COA1;TIMM44;COQ9;COQ7;COQ6;COQ5;COQ4;TIMM10B;COQ3;MAVS;UQCRQ;BCL2;CYCS;BCL2L2;MCU;COX4I1;MRPL4;MRPL3;MRPL2;MRPL1;CASP8;TIMM17A;TIMM17B;MRPL9;CCDC51;NDUFC2;NDUFC1;QTRT1;QTRT2;SMDT1;NDUFS6;NDUFS5;NDUFS4;NDUFS3;NDUFB9;NDUFB8;NDUFB7;NDUFB6;NDUFB5;NDUFB4;NDUFB3;NDUFB2;NDUFB1;AMBRA1;SPG7;ATP5MGL;BAK1;GADD45GIP1;NDUFA9;PTCD3;NDUFA8;NDUFA7;NDUFA6;NDUFA5;NDUFA4;BAD;NDUFA3;NDUFA2;NDUFA1;IMMT;BAX,3351
complex_genes,SE,GO_Biological_Process_2023,Macromolecule Biosynthetic Process (GO:0009059),124/183,1.8315627104555174e-50,10.804809000330895,1313.2554410120981,RPL4;RPL5;RPL30;RPL3;RPL32;RPL31;RPL34;RPL10A;RPL8;RPL9;RPL6;RPL7;RPS15;RPS14;RPS17;RPS16;RPL18A;RPS19;RPL36AL;RPS18;RPL36;RPL35;RPL38;RPL37;RPS11;RPL39;RPS10;RPS13;RPS9;RPL21;RPS7;RPS8;RPS5;RPS6;MRPS18B;MRPS18A;RPSA;MRPS18C;RPL24;RPL27;RPL26;RPL29;RPL28;MRPL18;MRPL14;MRPL12;GSPT2;MRPL13;GSPT1;MRPL10;MRPL11;TERT;RPL41;MRPL27;MRPL28;MRPL23;MRPL24;RPL3L;EXT1;RPS26;EXT2;RPS25;RPS28;COPS5;COL5A1;RPS29;RPL27A;AGO2;RPS20;RPS21;RPS24;EIF4G1;FARSB;RPS23;MRPS17;MRPS15;MRPS16;MRPS14;MRPS11;RPLP1;MRPS12;RPLP0;MRPL36;MRPL37;MRPL34;MRPL35;MRPL41;RPS4X;MRPL3;MRPL42;RPL7A;RPLP2;MRPL9;MRPS21;RPL13A;MRPS7;MRPS6;DARS1;MRPL43;MRPS5;MRPL52;MRPL51;RPL37A;RPL10;MRPS33;RPL12;RPL11;MRPL55;POLD3;RPS15A;POLD1;POLD2;RPL14;RPS3;RPL13;RPL15;RPS2;RPL18;RPS27A;RPL17;RPL19;RPL35A;RPL23A;FAU,3351
complex_genes,SE,GO_Biological_Process_2023,Regulation Of DNA Repair (GO:0006282),100/129,2.398068853677685e-49,17.628528092152017,2093.359196420802,SMARCB1;TRRAP;YEATS4;ACTB;YY1;KAT5;PPP4R2;RUVBL2;DPF1;RUVBL1;DPF2;DPF3;EPC1;EPC2;KAT7;ARID2;ATXN7L3;NFRKB;SMARCC1;SMARCC2;PPP4R3B;SUPT7L;MORF4L1;MORF4L2;UBE2V2;UBE2V1;INO80C;INO80B;ENY2;INO80E;INO80D;MEAF6;DHX9;TAF5L;MBTD1;PPP4C;ATXN7;EP400;DMAP1;ATRIP;BARD1;PHF10;INO80;SMARCA2;SMARCA4;CDK9;TADA2B;MRGBP;TADA3;UBE2N;ATR;WRAP53;BRCA1;SGF29;BABAM1;BABAM2;ING3;BCL7A;VPS72;BCL7C;BCL7B;UIMC1;PBRM1;ACTL6B;ACTR5;ACTL6A;ACTR8;AXIN2;ARID1A;ARID1B;SIRT1;UCHL5;KAT2B;TAF6L;KAT2A;SF3B5;SMARCD1;SMARCD2;PCNA;SF3B3;SMARCD3;CEBPG;TAF9;TFPT;RPS3;USP1;BRD8;BRD7;SMARCE1;TAF12;MCRS1;TAF10;USP22;DEK;TAF7;TAF6;ERCC6;TAF5;TAF4;TAF2,3351
complex_genes,SE,GO_Biological_Process_2023,Cytoplasmic Translation (GO:0002181),82/93,6.722353617377716e-49,37.940877110041995,4459.391855765167,EIF4A2;RPL4;EIF4A1;RPL5;RPL30;RPL3;RPL32;RPL31;RPL34;RPLP1;MRPS12;RPLP0;RPL10A;RPL8;RPL9;RPL6;RPL7;RPS15;RPS4X;RPL7A;RPS14;RPS17;RPS16;RPL18A;RPS19;RPL36AL;RPS18;RACK1;RPL36;RPL35;RPLP2;RPL38;RPL37;RPS11;RPL39;RPS10;RPS13;RPS9;RPL21;RPS7;RPS8;RPS5;RPS6;RPL13A;RPSA;RPL37A;RPL24;ETF1;RPL27;RPL26;RPL29;RPL28;UBA52;RPL10;RPL12;RPL11;RPS15A;RPL14;RPS3;RPL13;RPL15;RPS2;RPL18;RPS27A;RPL17;RPL19;EIF2B3;RPL41;RPL35A;RPL23A;RPS26;RPS25;EIF3M;RPS28;RPS29;EIF3I;RPL27A;RPS20;FAU;RPS21;RPS24;RPS23,3351
complex_genes,SE,GO_Biological_Process_2023,Mitochondrial Gene Expression (GO:0140053),87/103,1.0425090475751141e-48,27.708926930147058,3240.347268508591,MRPS17;MRPS15;MRPS16;MRPS14;MRPS11;MRPS12;MRPL38;MRPL39;MRPS10;MRPL36;MRPL37;MRPL34;MRPL35;MRPL33;MRPL4;MRPL41;MRPL3;MRPL42;MRPL2;MRPL1;MRPL40;MRPL9;CHCHD1;MRPS28;MRPS26;MRPS27;MRPS24;MRPS25;MRPS22;MRPS23;MRPS18B;MRPL49;MRPS18A;MRPS2;MRPS21;MRPL47;MRPL48;TFB2M;POLRMT;MRPL45;MRPS7;QRSL1;MRPL46;MRPS6;MRPL43;MRPS5;MRPS18C;MRPL44;MRPL52;MRPL53;MRPL50;MRPS9;MRPL51;TFAM;DAP3;MRPL18;MRPS33;MRPL19;MRPS34;MRPL16;MRPS31;MRPL17;MRPL14;MRPL58;MRPS30;FOXO3;MRPL12;MRPL13;MRPL57;MRPL10;MRPL54;MRPL11;MRPL55;MRPL20;GADD45GIP1;PTCD3;NDUFA7;MTERF4;MRPL27;GATC;MRPL28;GATB;MRPL23;MRPL24;MRPL21;MRPL22;MRPL30,3351
complex_genes,SE,GO_Cellular_Component_2023,Nucleolus (GO:0005730),297/771,1.3007195359755984e-47,3.3185881972594564,371.8337295304484,RPL4;POP5;RPL5;POP7;SMARCB1;RPL3;POP1;POP4;RPL34;EIF4A3;FCF1;THUMPD3;RBPJ;RRP8;RPL7;RRP9;SMC2;GLE1;RPS14;MCIDAS;KAT5;RPS19;MYC;RPL36;RPL35;KAT7;TRIM27;RPS11;SKP2;RPS10;CDK5RAP3;RPS13;MED1;COG7;METTL1;PIH1D1;NGDN;DNTTIP1;DNTTIP2;WDR75;GABRG3;MIF4GD;EID3;CCNY;WDR82;RPL27;RPL26;ATF3;L3MBTL1;SLBP;MEAF6;DHX9;PRKDC;CDCA8;NOLC1;ABCB8;BAZ2A;SNU13;XPC;ANAPC11;RRP7A;FXR1;DSN1;TERT;NKX2-1;PLK4;XRCC6;CRADD;XRCC5;PNO1;SMARCA5;XRCC1;ELL3;SMARCA4;POLA1;RPS25;TBL3;STAG2;ZZZ3;STAG3;INTS4;RAD17;MPHOSPH10;NOL11;MRPS15;SUV39H1;PHF1;SRP54;NAT10;WDR46;GLI3;WDR43;GLI2;MRPL40;UTP14A;DFFB;BATF3;WDR36;MRPS27;BAZ1B;MED27;TERF1;SIRT1;UCHL5;GON7;MRPS9;RARA;EEF1E1;ERGIC2;PAFAH1B2;SF3B3;HEATR1;RPL11;MRPS31;NOC4L;NOL9;GNAI1;RELA;NOL6;EXOSC7;EXOSC6;EXOSC5;EXOSC10;EXOSC4;TCOF1;EXOSC9;PES1;EXOSC8;RPS3;FLNA;RPL13;METTL5;RPS2;RPS27A;EXOSC3;RPL18;EXOSC2;RPL17;SF3B1;EXOSC1;RPL19;SUZ12;UTP6;UTP4;STAT1;UTP3;MTX2;MCRS1;ELP3;WDR12;APTX;GTF2H5;MAD2L2;BOP1;CENPH;MYBBP1A;KLHL7;BMAL2;CENPP;MPHOSPH8;SPC24;SRP19;CCNT1;GEMIN2;FMR1;FBXO25;WASHC2C;WASHC2A;PYCARD;PPP1CC;FBL;CCND2;RBMX2;OSBP;NBN;RPP38;RPS9;RARS1;RPS7;SLC30A5;RPS6;CASK;SDHA;FBXO11;MYCN;DKC1;FANCD2;KAT6A;MORF4L2;GEMIN4;ZCCHC8;INO80B;ZCCHC7;BLM;INO80E;TSG101;ORC4;EMG1;DDRGK1;NLRP5;MBIP;UTP20;NLRP1;MDN1;NOP14;PDHA2;PDHA1;ATP8B2;NUP153;FANCG;RCL1;CDK8;LSM6;CDK4;MDM2;POMT2;MCM7;ITGB4;WDR3;PIK3CB;CHD3;TENT4A;TENT4B;SYNE1;SNAPC5;PIDD1;RPL7A;SFR1;SNAPC1;SNAPC3;CASP1;CASP2;BUD23;SCN5A;GET3;RBM7;PELP1;GET4;UTP15;UTP11;ACTR6;DIS3;BCKDHB;MARS1;RPL13A;UTP18;SENP3;RBL2;DNAJC2;POLR1A;POLR1B;POLR1C;MCM3;POLR1D;POLR1E;POLR1F;POLR1G;POLR1H;MCM2;GTF3C1;PNKP;NRXN1;DDX23;DDX21;FBXL22;TAF1D;TAF1B;POLR2A;VPS51;TAF1C;HAUS7;RBBP5;BMS1;SAP30L;MXI1;POLR2E;POLR2F;POLR2H;E2F5;RPP14;DCAF13;POLR2K;POLR2L;NOP56;RNF20;NOP58;NAA10;TAF13;IDH3G;KRR1;ZFC3H1;RPL23A;DEK;KATNBL1;ERCC6;TAF5;TAF1,3351
complex_genes,SE,GO_Biological_Process_2023,Proteasome-Mediated Ubiquitin-Dependent Protein Catabolic Process (GO:0043161),169/319,1.3686544509367697e-47,5.841883511418395,667.3419800015746,UBXN2B;UBXN2A;FBXO27;CCNF;LTN1;CDC20;PSMD8;PSMD6;CDC23;PSMD7;MAEA;KAT5;PSMD4;CDC26;PSMD2;CDC27;PSMD3;FBXO4;FBXO3;PSMD1;FBXO6;BTRC;SKP2;FBXO7;FBXO9;SKP1;FBXW4;FBXW5;ANAPC7;FBXW11;FBXW7;FBXO2;FBXO17;ARMC8;KLHL42;RBX1;DDIT3;ANAPC4;PLAA;ANAPC5;RBCK1;CLOCK;ANAPC1;ANAPC2;ANAPC13;PSMD12;VCP;ANAPC15;PSMD11;ANAPC16;PSMD14;KLHL15;PSMD13;CUL3;CUL2;CUL1;FBXO45;FBXO44;ANAPC10;ANAPC11;BAG6;SHARPIN;KLHDC10;KLHDC2;KLHDC3;FBXO38;FBXO39;ERLIN1;TRIP4;KLHL22;ERLIN2;FBXO31;KLHL20;FBXL8;NSFL1C;NPLOC4;APPBP2;CDC16;MDM2;FBXL3;FBXL2;STT3B;FBXL5;FBXL4;FBXL7;FBXL6;NFE2L2;GSK3B;GSK3A;UBXN1;FAF1;FAF2;UBXN7;UFD1;SEC61B;APC2;AXIN1;RAD23A;AXIN2;SIRT1;RAD23B;DDB1;PSMA5;PSMA6;PSMA3;PSMA4;PSMA1;NEMF;PSMA2;SPOPL;BIRC2;WDR26;DERL3;DERL1;DERL2;AMBRA1;PSMA7;FBXL22;PSMB6;FBXL20;RMND5B;PSMB7;PSMB4;FZR1;PSMB5;MTA1;RMND5A;PSMB2;PSMB3;TMEM67;PSMB1;SPOP;PRAME;ASCC2;FEM1C;ASCC3;DCAF11;DCAF12;CRBN;FEM1A;CSNK1A1;FEM1B;AMFR;FBXL19;FBXL17;FBXL18;PEX10;FBXL15;FBXL16;PEX12;FBXL13;FBXL14;FBXL12;CUL4A;PSMC5;GID4;KBTBD6;PSMC6;PSMC3;APC;PSMC4;PSMC1;GID8;PSMC2;CTNNB1;ERCC8;KBTBD7;BMAL1;TAF1,3351
complex_genes,SE,GO_Cellular_Component_2023,Nuclear Lumen (GO:0031981),298/780,5.680397730551034e-47,3.2739486227409813,361.5687400312142,RPL4;POP5;RPL5;POP7;SMARCB1;RPL3;POP1;POP4;RPL34;EIF4A3;FCF1;THUMPD3;HNRNPU;RBPJ;RRP8;RPL7;RRP9;SMC2;GLE1;RPS14;MCIDAS;KAT5;RPS19;MYC;RPL36;RPL35;KAT7;TRIM27;RPS11;SKP2;RPS10;CDK5RAP3;RPS13;MED1;COG7;METTL1;PIH1D1;NGDN;DNTTIP1;DNTTIP2;WDR75;GABRG3;MIF4GD;EID3;CCNY;WDR82;RPL27;RPL26;ATF3;L3MBTL1;SLBP;MEAF6;DHX9;PRKDC;CDCA8;NOLC1;ABCB8;BAZ2A;SNU13;XPC;ANAPC11;RRP7A;FXR1;DSN1;TERT;FIGNL1;NKX2-1;PLK4;JUN;XRCC6;CRADD;XRCC5;PNO1;SMARCA5;XRCC1;ELL3;SMARCA4;POLA1;RPS25;TBL3;STAG2;ZZZ3;STAG3;INTS4;RAD17;MPHOSPH10;NOL11;MRPS15;SUV39H1;PHF1;SRP54;NAT10;WDR46;GLI3;WDR43;GLI2;MRPL40;UTP14A;DFFB;PBRM1;BATF3;WDR36;MRPS27;BAZ1A;BAZ1B;MED27;TERF1;SIRT1;UCHL5;GON7;MRPS9;RARA;EEF1E1;ERGIC2;PAFAH1B2;SF3B3;HEATR1;RPL11;MRPS31;NOC4L;NOL9;GNAI1;RELA;NOL6;EXOSC7;EXOSC6;EXOSC5;EXOSC10;EXOSC4;TCOF1;EXOSC9;PES1;EXOSC8;RPS3;FLNA;RPL13;METTL5;RPS2;RPS27A;EXOSC3;RPL18;EXOSC2;RPL17;SF3B1;EXOSC1;RPL19;SUZ12;UTP6;UTP4;STAT1;UTP3;MTX2;MCRS1;ELP3;WDR12;APTX;GTF2H5;MAD2L2;BOP1;CENPH;MYBBP1A;KLHL7;NCAPD2;BMAL2;CENPP;MPHOSPH8;SPC24;SRP19;CCNT1;GEMIN2;FMR1;FBXO25;WASHC2C;WASHC2A;PYCARD;PPP1CC;FBL;CCND2;RBMX2;OSBP;NBN;RPP38;RPS9;RARS1;RPS7;SLC30A5;RPS6;CASK;SDHA;FBXO11;MYCN;DKC1;FANCD2;KAT6A;MORF4L2;GEMIN4;ZCCHC8;INO80B;ZCCHC7;BLM;INO80E;TSG101;ORC4;EMG1;DDRGK1;NLRP5;MBIP;UTP20;NLRP1;MDN1;NOP14;PDHA2;PDHA1;ATP8B2;NUP153;FANCG;RCL1;CDK8;LSM6;CDK4;MDM2;POMT2;MCM7;ITGB4;WDR3;PIK3CB;CHD3;TENT4A;TENT4B;SYNE2;SYNE1;SNAPC5;PIDD1;RPL7A;SFR1;SNAPC1;SNAPC3;CASP1;CASP2;BUD23;SCN5A;GET3;RBM7;PELP1;GET4;UTP15;UTP11;ACTR6;DIS3;BCKDHB;MARS1;RPL13A;SPIDR;UTP18;SENP3;RBL2;DNAJC2;MCM3;BIRC5;POLR1E;TERF2IP;POLR1G;MCM2;GTF3C1;PNKP;NRXN1;DDX23;DDX21;FBXL22;TAF1D;TAF1B;POLR2A;VPS51;TAF1C;HAUS7;RBBP5;BMS1;SAP30L;MXI1;E2F5;RPP14;DCAF13;NOP56;RNF20;SMARCE1;NOP58;NAA10;TAF13;IDH3G;KRR1;ZFC3H1;RPL23A;DEK;RAD51;KATNBL1;ERCC6;TAF5;TAF1,3351
complex_genes,SE,GO_Biological_Process_2023,Mitochondrial Translation (GO:0032543),83/98,1.087122642154463e-46,28.164463484292124,3155.6582982015047,MRPS17;MRPS15;MRPS16;MRPS14;MRPS11;MRPS12;MRPL38;MRPL39;MRPS10;MRPL36;MRPL37;MRPL34;MRPL35;MRPL33;MRPL4;MRPL41;MRPL3;MRPL42;MRPL2;MRPL1;MRPL40;MRPL9;CHCHD1;MRPS28;MRPS26;MRPS27;MRPS24;MRPS25;MRPS22;MRPS23;MRPS18B;MRPL49;MRPS18A;MRPS2;MRPS21;MRPL47;MRPL48;MRPL45;MRPS7;QRSL1;MRPL46;MRPS6;MRPL43;MRPS5;MRPS18C;MRPL44;MRPL52;MRPL53;MRPL50;MRPS9;MRPL51;DAP3;MRPL18;MRPS33;MRPL19;MRPS34;MRPL16;MRPS31;MRPL17;MRPL14;MRPL58;MRPS30;MRPL12;MRPL13;MRPL57;MRPL10;MRPL54;MRPL11;MRPL55;MRPL20;DROSHA;GADD45GIP1;PTCD3;NDUFA7;MRPL27;GATC;MRPL28;GATB;MRPL23;MRPL24;MRPL21;MRPL22;MRPL30,3351
complex_genes,SE,GO_Biological_Process_2023,Transcription By RNA Polymerase II (GO:0006366),121/192,1.8270202473545502e-44,8.74694981031701,934.2992095353387,CCNK;CCNT1;ICE1;CCNH;ICE2;GTF2B;MED1;PCID2;GTF2F1;MED4;GTF2F2;MED7;MAF;ATF4;SRCAP;CTR9;SUPT4H1;RTF1;GTF2E1;PMF1;GTF2E2;TAF5L;HLTF;S100A10;XBP1;ELL2;ELL3;CDK9;DRAP1;CDK7;COPS2;NFE2L3;TAF4B;CDK12;MNAT1;THRB;ELL;ZC3H8;MED16;CDC73;MED18;MED17;SNAPC5;SNAPC1;PCF11;SNAPC2;SNAPC3;SNAPC4;ELOB;ELOC;NCOA1;NCOA2;PBRM1;TBP;ANXA2;NCBP1;NCBP2;PEX2;MED27;MED26;MED23;SKIC8;CREB1;TFDP1;MED20;RARA;NCBP3;PPARG;IRF9;GTF2A1;GTF2A2;CEBPD;TAF9;DDX21;RXRB;MNT;RXRA;POLR2A;POLR2B;TAF1C;POLR2C;POLR2D;TAF1A;LEO1;POLR2E;E2F2;POLR2F;E2F3;POLR2G;POLR2H;POLR2I;POLR2J;POLR2K;POLR2L;NFYA;TAF12;TAF13;NR1H2;TAF10;ADRM1;TAF11;ELP2;NR1H3;GTF2H1;DEK;ELP4;GTF2H2;GTF2H3;GTF2H4;GTF2H5;ERCC3;ERCC2;TAF8;TAF7;TAF6;ERCC6;TAF5;TAF4;TAF3;TAF2;TAF1,3351
complex_genes,SE,GO_Cellular_Component_2023,Intracellular Non-Membrane-Bounded Organelle (GO:0043232),391/1195,8.329557728019898e-43,2.6032821534220787,262.221348891937,RPL4;POP5;RPL5;POP7;RPL3;POP1;POP4;RPL34;RBPJ;SMC3;RPL9;RRP8;RPL7;RRP9;SMC2;GLE1;MYC;RPL36;RPL35;CDK5RAP3;MED1;PIH1D1;NGDN;DNTTIP1;DNTTIP2;WDR75;GABRG3;EID3;BIN1;WDR82;RPL27;RPL26;CLOCK;ATF3;SLBP;MEAF6;PRKDC;CDCA8;NOLC1;ABCB8;BAZ2A;SNU13;XPC;MRPL13;ANAPC11;RRP7A;TERT;RAD21;NKX2-1;PLK4;PNO1;ELL3;RPL3L;TBL3;SASS6;RAD17;MMS19;PHF1;SRP54;WDR46;GLI3;WDR43;GLI2;MRPL40;DFFB;BATF3;WDR36;ANXA2;TEX12;BAZ1B;DYNLL1;MED27;TERF1;DYNLL2;SIRT1;GON7;INCENP;RARA;ERGIC2;PAFAH1B2;SF3B3;RPL11;NOC4L;HSPA14;EXOSC10;TCOF1;RPS3;FLNA;RPL13;RPL15;RPS2;RPS27A;RPL18;RPL17;SF3B1;RPL19;UTP6;UTP4;STAT1;UTP3;CSNK1A1;MCRS1;ELP3;SRP68;WDR12;GTF2H5;CENPH;MYBBP1A;CENPP;CCNT1;FMR1;GTF2B;RPL10L;FBXO25;C1ORF131;PYCARD;PPP1CC;MAEA;OSBP;NBN;RPS9;RARS1;ANAPC7;RPS7;RPS5;RPS6;FBXO11;MSH4;KAT6A;MORF4L2;ANAPC5;S100A9;S100A8;MAD1L1;INO80B;BLM;INO80E;ORC4;DDRGK1;MBIP;MDN1;NOP14;ATP8B2;FANCE;FANCG;CDK8;CNOT7;LSM6;CDK4;MDM2;EIF4G3;POMT2;MCM7;ITGB4;SYCP1;WDR3;PIK3CB;FOXM1;SYNE1;RPL7A;CAPZB;PELP1;ACTR6;DIS3;RPL13A;SMC1A;DNAJC2;POLR1A;POLR1B;TRAF6;MCM3;POLR1E;POLR1G;GAPDH;MCM2;GTF3C1;KATNB1;AMBRA1;FBXL22;POLR2A;VPS51;HAUS7;RBBP5;KATNA1;E2F5;DCAF13;NOP56;RNF20;NOP58;IDH3G;KRR1;CEP152;RPL23A;SMARCB1;EIF4A3;FCF1;THUMPD3;ACTB;CCAR2;CDC20;UXT;RPS14;RPS17;MCIDAS;KAT5;RPS19;RPL36AL;RPS18;CDC27;KAT7;FBXO5;TRIM27;CIAO2B;RPS11;SKP2;RPS10;RPS13;COG7;METTL1;KRT1;MIF4GD;CCNY;KATNAL1;KATNAL2;ZW10;LLGL1;L3MBTL1;DHX9;EPB41;FXR1;DSN1;XRCC6;CRADD;XRCC5;SMARCA5;XRCC1;SMARCA4;POLA1;RPS25;STAG1;STAG2;ZZZ3;STAG3;INTS4;MPHOSPH10;INTS7;NOL11;ATR;RPS23;MRPS15;SUV39H1;MRPS12;FAF2;NAT10;BRCA1;RAC3;RAC1;UTP14A;CCT3;MRPS27;MRPS7;UCHL5;MRPS9;EEF1E1;HEATR1;MRPS31;NOL9;FAAP20;GNAI1;RELA;NOL6;EXOSC7;EXOSC6;EXOSC5;EXOSC4;EXOSC9;PES1;EXOSC8;METTL5;EXOSC3;EXOSC2;EXOSC1;SUZ12;MTX2;MLH1;APTX;MAD2L2;BOP1;KLHL7;CAPZA1;BMAL2;MPHOSPH8;SPC24;SRP19;GEMIN2;BUB1B;WASHC2C;ARID4A;WASHC2A;FBL;CCND2;RBMX2;TRAPPC13;RPP38;SLC30A5;CASK;TSC1;SDHA;KLHL41;MYCL;MYCN;DKC1;FANCD2;GEMIN4;VCL;ZCCHC8;ZCCHC7;VCP;TSG101;PDS5B;SYCE3;SYCE2;SDCBP;SYCE1;EMG1;IRAK1;SNTG1;NLRP5;UTP20;NLRP1;PDHA2;PDHA1;CBX3;NUP153;RCL1;CHD3;TENT4A;TENT4B;RPS4X;SNAPC5;PIDD1;CASP8;SFR1;SNAPC1;SNAPC3;CASP1;CASP2;BUD23;SCN5A;TOPBP1;GET3;RBM7;GET4;UTP15;UTP11;BCKDHB;MARS1;UTP18;SENP3;RBL2;ITGB1BP1;MVP;PNKP;NRXN1;DDX23;DDX20;DDX21;ADD3;ADD1;AURKB;ADD2;TAF1D;TAF1B;TAF1C;BMS1;SAP30L;MXI1;VHL;RPP14;NAA10;TAF13;ZFC3H1;DEK;ERCC4;KATNBL1;SHLD2;ERCC2;SHLD1;ERCC6;TAF5;TAF1,3351
complex_genes,SE,GO_Biological_Process_2023,DNA Repair (GO:0006281),150/291,3.0509119817741855e-40,5.4863174406934005,532.1157275777385,TRRAP;FMR1;BACH1;KAT5;EME1;EME2;FBXO6;NBN;FAAP100;MEN1;NSMCE3;HUS1;LIG4;LIG3;INIP;MSH6;EID3;MSH2;FANCD2;MSH3;PSME4;TIMELESS;UBE2V2;SLX1A;UBE2V1;RNASEH2C;BLM;RNASEH2B;VCP;RNASEH2A;PRKDC;DDX1;XPC;PDS5B;VCPIP1;RAD21;HLTF;EP400;ATRIP;BARD1;FANCI;UVRAG;XRCC6;XRCC4;FANCM;XRCC5;FANCL;INTS3;XRCC2;XRCC3;SMARCA5;FANCA;XRCC1;FANCC;INO80;FANCB;FANCE;FANCG;FANCF;POLA1;TDP1;CDK1;NABP2;UBE2N;RAD17;NABP1;MMS19;MNAT1;ATR;RAD9A;MUS81;GTF2H2C;FBH1;CETN2;MRPL36;BRCA1;BRCA2;TENT4A;BABAM1;POLB;BABAM2;UIMC1;TNKS1BP1;TOPBP1;POLE;RFC5;RMI2;RFC3;PARP4;RFC4;RFC2;ACTR5;RAD23A;COMMD1;ACTR8;SMC1A;SIRT1;RAD23B;DDB2;WDR33;DDB1;RAD51B;RAD51D;RAD51C;NSMCE4A;RRM2B;PCNA;ABRAXAS1;PNKP;FAAP24;FAAP20;POLD3;SLX4;MTA1;POLD1;RPS3;RBBP8;PMS2;ASCC2;ASCC3;PMS1;RRM1;CENPX;ASCC1;RPA1;RPA2;GTF2H1;GTF2H2;GTF2H3;MLH1;APTX;GTF2H4;GTF2H5;MLH3;REC8;MAD2L2;RAD50;RAD51;ERCC3;ERCC4;RPA3;ERCC1;POLE2;RPA4;APLF;ERCC2;ERCC8;ERCC6;CENPS;CUL4B,3351
complex_genes,SE,GO_Biological_Process_2023,Proton Motive Force-Driven ATP Synthesis (GO:0015986),58/60,3.0509119817741855e-40,146.602793805041,14207.11125025427,NDUFA13;NDUFA11;NDUFA12;NDUFA10;NDUFC2;NDUFC1;SDHC;SDHD;SDHA;SDHB;NDUFS8;NDUFS7;NDUFS6;NDUFS5;NDUFS4;NDUFS3;NDUFS2;NDUFS1;NDUFB9;NDUFB8;NDUFB7;NDUFB10;NDUFB6;NDUFB11;NDUFB5;NDUFB4;NDUFB3;ATP5MC2;NDUFB2;ATP5MC3;NDUFB1;ATP5MC1;ATP5F1B;ATP5MGL;ATP5MK;ATP5MJ;NDUFV3;NDUFV2;ATP5MG;NDUFV1;ATP5MF;ATP5ME;NDUFA9;ATP5PF;NDUFA8;NDUFA7;ATP5PD;NDUFA6;NDUFA5;ATP5PB;NDUFA3;NDUFA2;NDUFA1;ATP5F1C;ATP5F1D;ATP5F1E;NDUFAB1;ATP5PO,3351
complex_genes,SE,GO_Biological_Process_2023,Regulation Of DNA Metabolic Process (GO:0051052),89/124,2.0646390219725537e-39,12.951265656477183,1229.2917656504987,SMG1;TRRAP;GMNN;JADE1;JADE3;SMC5;JADE2;SMC6;BRCA1;SGF29;SMC3;YY1;BABAM1;ING4;BABAM2;ING5;PPP2R1A;MYC;RUVBL2;RUVBL1;UIMC1;KAT7;FBXO5;KPNA2;ATXN7L3;NFRKB;KPNA1;NSMCE3;ACTR5;NSMCE2;ACTL6A;NSMCE1;THOC1;ACTR8;BAZ1A;TERF2;SUPT7L;UCHL5;CCNA2;KAT2B;TAF6L;KAT2A;EID3;NSMCE4A;UBE2V2;TERF2IP;UBE2V1;INO80C;INO80B;SF3B5;ENY2;INO80E;INO80D;SF3B3;MEAF6;TAF9;PDGFA;BAZ2A;TAF5L;ORC5;PPP2CA;TFPT;CHRAC1;ATXN7;ORC3;USP1;BARD1;SLF1;SLF2;TAF12;XRCC5;ALYREF;MCRS1;TAF10;USP22;SMARCA5;INO80;CDK9;TADA2B;TADA3;POLE3;HNRNPD;UBE2N;TAF7;TAF6;TAF5;TAF4;MPHOSPH8;TAF2,3351
complex_genes,SE,GO_Biological_Process_2023,DNA Metabolic Process (GO:0006259),147/288,7.662850850391085e-39,5.371556830557548,502.40811225004256,SMARCB1;TRRAP;FMR1;BACH1;YY1;RUVBL2;RUVBL1;FBXO6;NBN;KPNA2;NFRKB;MEN1;NSMCE3;HUS1;LIG4;LIG3;INIP;MSH6;EID3;MSH2;MSH3;PSME4;TIMELESS;UBE2V2;SLX1A;INO80C;INO80B;BLM;INO80E;VCP;INO80D;RNASEH2A;PRKDC;XPC;PDS5B;ORC5;ORC4;ORC6;TERT;ORC1;RAD21;ORC3;HLTF;ORC2;EP400;ATRIP;BARD1;CTC1;UVRAG;XRCC6;XRCC5;FANCL;INTS3;XRCC2;XRCC3;SMARCA5;FANCA;FANCC;INO80;FANCG;POLA1;POLA2;TDP1;CDK2;CDK1;NABP2;UBE2N;RAD17;NABP1;MMS19;MNAT1;ATR;RAD9A;MUS81;MCM7;FBH1;MCM8;MCM9;MRPL36;BRCA1;TENT4A;POLB;TOPBP1;POLE;POLG;TOP3B;RFC5;DFFB;RMI2;RFC3;PARP4;RFC4;RMI1;RFC2;ACTR5;ACTL6A;TOP3A;ACTR8;AXIN2;TERF1;SMC1A;TERF2;UCHL5;TSN;DDB2;DDB1;RAD51B;SUPV3L1;RAD51D;RAD51C;NSMCE4A;RRM2B;MCM3;MCM4;TERF2IP;MCM5;MCM6;MCM2;PRIM2;PRIM1;PNKP;POLD3;TFPT;SLX4;CDC45;POLD1;POLD2;RPS3;RBBP8;RRM1;MCRS1;RPA1;RPA2;GTF2H1;GTF2H3;GTF2H4;RAD50;RAD51;ERCC3;ERCC4;RPA3;ERCC1;POLE2;RPA4;APLF;POLE3;CENPS,3351
complex_genes,SE,GO_Biological_Process_2023,Proton Motive Force-Driven Mitochondrial ATP Synthesis (GO:0042776),52/53,4.2837660337866774e-37,262.411639890876,23469.72452760356,NDUFA13;NDUFA11;NDUFA12;NDUFA10;NDUFC2;NDUFC1;SDHC;SDHD;SDHA;SDHB;NDUFS8;NDUFS7;NDUFS6;NDUFS5;NDUFS4;NDUFS3;NDUFS2;NDUFS1;NDUFB9;NDUFB8;NDUFB7;NDUFB10;NDUFB6;NDUFB11;NDUFB5;NDUFB4;NDUFB3;NDUFB2;NDUFB1;ATP5F1B;NDUFV3;NDUFV2;ATP5MG;NDUFV1;ATP5MF;ATP5ME;NDUFA9;ATP5PF;NDUFA8;NDUFA7;ATP5PD;NDUFA6;NDUFA5;ATP5PB;NDUFA3;NDUFA2;NDUFA1;ATP5F1C;ATP5F1D;ATP5F1E;NDUFAB1;ATP5PO,3351
complex_genes,SE,GO_Biological_Process_2023,Chromatin Remodeling (GO:0006338),125/228,4.387664847365449e-37,6.224456629689597,556.1556801532763,RB1;PHB1;SMARCB1;KDM1A;YEATS4;YY1;KAT5;MYC;RUVBL2;DPF1;RUVBL1;DPF2;DPF3;ARID2;NFRKB;SKP1;SMARCC1;PCID2;SMARCC2;KDM2B;PIH1D1;HCFC2;FOXP3;HCFC1;INO80C;INO80B;INO80E;PAXIP1;INO80D;BAZ2A;ZNHIT1;MIER1;H3C1;SUDS3;BPTF;CHTOP;DR1;PHC1;BRPF1;PHF10;BICRAL;CBX3;SMARCA5;INO80;SMARCA1;SMARCA2;ESR1;SMARCA4;TADA2B;CDK9;COPRS;TADA2A;YEATS2;EZH1;LIN54;PHF1;RSF1;CHD4;CHD3;BMI1;BABAM1;BCL7A;BCL7C;BCL7B;GET1;JARID2;KDM6A;SS18;PBRM1;ACTL6B;RING1;ACTR5;ACTL6A;TET1;BAZ1A;ACTR8;BAZ1B;ARID1A;ARID1B;UCHL5;TTI1;KAT2B;TAF6L;KAT2A;SFPQ;MTF2;SMARCD1;HDAC2;SMARCD2;SMARCD3;HDAC1;DDX23;DDX21;RNF2;BICRA;CECR2;TFPT;CHRAC1;MTA1;RBBP4;PCGF1;BRD9;RBBP7;BRD7;MTA2;SF3B1;MTA3;MBD3;SMARCE1;PCGF6;MCRS1;PCGF2;MBD2;DEK;GATAD2B;GATAD2A;PER2;PER1;MCM3AP;RYBP;MYBBP1A;APLF;POLE3;BCOR;ERCC6,3351
complex_genes,SE,GO_Biological_Process_2023,Chromatin Organization (GO:0006325),138/268,5.182662831305993e-37,5.457688716512246,486.4052133505112,RB1;SMARCB1;HNRNPU;YEATS4;YY1;MYC;RUVBL2;DPF1;RUVBL1;DPF2;DPF3;KAT7;ARID2;NFRKB;SKP1;SMARCC1;SMARCC2;KDM2B;PIH1D1;HCFC2;FOXP3;HCFC1;KAT6B;L3MBTL1;INO80C;INO80B;INO80E;PAXIP1;INO80D;SUPT4H1;BAZ2A;ZNHIT1;MIER1;H3C1;SUDS3;BPTF;CHTOP;DR1;H4C9;PHC1;BRPF1;PHF10;BICRAL;CBX3;SMARCA5;INO80;SMARCA1;SMARCA2;ESR1;SMARCA4;TADA2B;COPRS;TADA2A;ZZZ3;YEATS2;EZH1;EZH2;PHF19;PHF1;SUV39H1;RSF1;CHD4;CHD3;BMI1;ING4;ING5;CHAF1B;CHAF1A;BCL7A;BCL7C;H2BC21;BCL7B;GET1;JARID2;KDM6A;SS18;PBRM1;ACTL6B;RING1;ACTR5;ACTL6A;TET1;BAZ1A;ACTR8;BAZ1B;ARID1A;SIRT1;ARID1B;UCHL5;TTI1;KAT2B;TAF6L;H2BC13;KAT2A;SFPQ;H2BC15;MTF2;H2BC11;SMARCD1;HDAC2;SMARCD2;SMARCD3;HDAC1;DDX21;RNF2;BICRA;CECR2;TFPT;CHRAC1;MTA1;RBBP4;H3C14;PCGF1;BRD9;RBBP7;BRD7;MTA2;SF3B1;MTA3;MBD3;SMARCE1;PCGF6;H2BC8;MCRS1;PCGF2;MBD2;DEK;SSRP1;GATAD2B;GATAD2A;PER2;PER1;RYBP;H3-4;MYBBP1A;POLE3;BCOR;ERCC6,3351
complex_genes,SE,GO_Biological_Process_2023,DNA Damage Response (GO:0006974),171/384,1.5291582475472137e-35,4.149402072814244,355.5257641564972,ATF2;CCNK;KDM1A;TRRAP;FMR1;SMC5;SMC6;BACH1;ALKBH8;YY1;STK11;KAT5;CCND1;MYC;CHCHD6;FBXO6;MTREX;FBXO5;TRAPPC13;MEN1;NSMCE3;METTL3;NSMCE1;HUS1;PPP4R3A;PPP4R3B;INIP;FOXP1;RBX1;MSH6;EID3;MSH2;MSH3;DDIT3;PSME4;TIMELESS;SLX1A;BLM;VCP;PRKDC;XPC;FBXO45;PDS5B;VCPIP1;BCL2L11;HLTF;EP400;NAE1;ATRIP;MCL1;BARD1;UVRAG;CRADD;XRCC5;CBX3;FANCL;INTS3;XRCC2;XRCC3;SMARCA5;FANCA;NFATC2;FANCC;INO80;FANCG;FANCF;FBXO31;POLA1;TDP1;CDK3;BCL2;CDK1;NABP2;RAD17;NABP1;MMS19;MNAT1;BCL2L2;ATR;RAD9A;MUS81;SMG1;WDR48;MCM7;FBH1;MCM8;PHF1;SUV39H1;MCM9;ASH2L;MRPL36;BRCA1;TENT4A;BABAM1;RPTOR;CASP9;POLB;BABAM2;PIDD1;ING2;NIPBL;MLST8;CASP2;IKBKG;TOPBP1;IKBKE;RFC5;RMI2;RFC3;PARP4;RFC4;NCOA6;RFC2;BAZ1B;SMC1A;TNFRSF1B;SIRT1;SPIDR;DDB2;DDB1;RAD51B;RAD51D;RAD51C;AIM2;NSMCE4A;RRM2B;CRY1;YAP1;PNKP;TAF9;FAAP20;TANK;BCLAF1;SLX4;RBBP5;POLD1;RPS3;E2F1;RBBP8;BAK1;BID;FNIP2;SLF1;RRM1;SLF2;RPA1;GTF2H1;GTF2H3;GTF2H4;MTOR;BATF;MAD2L2;CUL4A;RAD50;RAD51;APC;ERCC3;ERCC4;RPA3;ERCC1;POLE2;SHLD2;RPA4;APLF;POLE3;SHLD1;BAX;ERCC8;CENPS;CUL4B;TAF1,3351
complex_genes,SE,GO_Biological_Process_2023,Positive Regulation Of DNA-templated Transcription (GO:0045893),384/1243,6.592073865072314e-35,2.3790449307928543,200.23466205597995,ATF1;ATF2;CCNK;PHB1;SMARCB1;MAML1;TRRAP;HNRNPU;CCNC;RBPJ;ACTB;DCAF6;TBK1;MCIDAS;KAT5;MYC;MYB;EPC1;KAT8;EPC2;KAT7;BTRC;ATXN7L3;JUNB;NFRKB;MED1;SMARCC1;SMARCC2;MED9;WDR75;MED4;MED6;HCFC1;DDX39B;DDIT3;RFX5;TFAM;ATF7;ATF5;ATF6;CLOCK;ATF3;ATF4;MEAF6;DHX9;EPAS1;PRKDC;CTR9;PDGFB;SUPT4H1;PIK3R2;XPC;PIK3R1;BCL10;MRPL12;HIF1A;MBTD1;PPP3R1;TERT;NUP85;HLTF;NKX2-1;FADD;CGA;NKX2-5;SNX5;S100A10;STAT5A;STAT5B;NFE2;JUN;XBP1;XRCC6;JUND;SMARCA5;NFATC2;TRIP4;INO80;SMARCA1;SMARCA2;ELL3;SMARCA4;FOSL2;COL1A1;FOSL1;TADA2B;SNW1;AGO1;AGO2;HNRNPD;REL;MMS19;CDK12;CDK13;ELL;IL26;PHF20;MED19;RSF1;BRCA1;SGF29;MED16;BRCA2;GLI1;ING1;GLI3;WDR43;MED17;GLI2;IKBKB;MED12;RPTOR;PPP3CA;MED14;PPP3CB;ING2;MED13;ING3;MED10;MLX;IKBKG;TEAD1;HRAS;IL10;NCOA1;SS18;IL11;NCOA2;SREBF1;ANXA2;NCOA6;FSHB;ACTL6A;IL18;TET1;FOS;BAZ1B;SIRT1;SREBF2;UCHL5;MED22;KAT2B;TAF6L;KAT2A;MED21;RARA;PPARG;TLR4;TLR2;YAP1;SF3B5;SF3B3;KARS1;HEATR1;NR1I2;RELA;RELB;RXRB;BCLAF1;RXRA;NFIL3;HAS3;LEO1;STAT4;STAT6;BRD8;SF3B1;RTRAF;MBD3;IL33;NFYA;STAT1;PCGF5;IFNB1;NFYB;MCRS1;STAT2;NR1H2;NFYC;MBD2;STAT3;NR1H3;GTF2H1;GATAD2B;GATAD2A;GRIN1;VEGFA;MAD2L2;PER1;PSMC5;PHF5A;RYBP;MYBBP1A;PSMC3;STING1;PRKRA;CTNNB1;BMAL2;BMAL1;IL17A;CCNT1;NCF1;ICE1;KDM1A;ICE2;YEATS4;YY1;RUVBL2;RUVBL1;MEN1;KCNH2;PCID2;FBXW11;THOC1;GTF2F1;THOC5;FOXP3;GTF2F2;SUPT7L;RNF40;MORF4L1;MYCN;PRPF6;KAT6B;KAT6A;MORF4L2;PHIP;UBE2V1;INO80C;INO80B;KMT2D;BLM;INO80E;ENY2;INO80D;NOTCH1;KMT2A;MAX;KMT2C;KMT2B;FOXO3;TAF5L;MED30;ATXN7;DDRGK1;EP400;NLRP3;RIPK1;DMAP1;BPTF;SMAD2;DR1;SMAD4;BRPF1;SMAD3;AUTS2;BICRAL;ALYREF;RFXANK;ESR1;IL4;CDK9;SEM1;MLXIPL;AHI1;IL6;CDK7;MAVS;COPS5;MAFB;MRGBP;MAFF;TADA3;RFXAP;UBA2;OGT;NFE2L2;CREBZF;THRB;ILK;ZC3H8;CHD4;CHD3;YBX1;FOXM1;PKD2;PKD1;CDC73;FLCN;DBP;SFR1;SIN3A;VPS72;NUP62;WDR5;MYBL2;CEP290;YAF2;PELP1;ACTR3;UTP15;ACTR2;CHUK;ACTR6;ACTR5;MSL2;AXIN1;ARNT;MSL3;PEX2;ACTR8;ARID1A;ARID1B;TGFBR1;MSL1;TNFRSF1A;CCNA2;CREB3;DNAJC2;SFPQ;CREB1;TFDP1;TFDP2;THRAP3;MYOD1;TRAF6;ITGA6;ITGB1BP1;IRF9;CEBPA;GTF2A1;PRKAA1;CEBPB;GTF2A2;HDAC2;SMARCD3;ATF6B;CEBPE;HDAC1;TAF9;CEBPG;LEF1;CXXC1;DDX21;BICRA;TFPT;MTA1;IFNL1;RBBP4;E2F1;E2F2;E2F3;E2F4;VHL;RBBP7;MTA2;MTA3;H2AZ1;MLXIP;RNF20;TAF12;TAF10;USP22;CDC5L;DEK;HNRNPAB;USF2;USF1;MTOR;ASXL1;CD4;KANSL1;KANSL2;KANSL3;TAF7;NAA16;TAF6;ERCC6;NAA15;TAF5;TAF4;TAF3;PFKM;TAF2,3351
complex_genes,SE,GO_Biological_Process_2023,Oxidative Phosphorylation (GO:0006119),56/63,8.661167109024909e-34,40.40546282245827,3294.6261244955185,NDUFA13;NDUFA11;NDUFA12;NDUFA10;NDUFC2;NDUFC1;SDHC;SDHD;SDHA;SDHB;NDUFS8;NDUFS7;NDUFS6;NDUFS5;NDUFS4;NDUFS3;UQCRC1;NDUFS2;NDUFS1;UQCRC2;NDUFB9;NDUFB8;NDUFB7;NDUFB10;NDUFB6;UQCRB;NDUFB11;NDUFB5;NDUFB4;NDUFB3;NDUFB2;NDUFB1;UQCRH;ATP5F1B;NDUFV3;NDUFV2;ATP5MG;NDUFV1;ATP5MF;ATP5ME;NDUFA9;ATP5PF;NDUFA8;NDUFA7;ATP5PD;NDUFA6;NDUFA5;ATP5PB;NDUFA3;NDUFA2;NDUFA1;ATP5F1C;ATP5F1D;ATP5F1E;NDUFAB1;ATP5PO,3351
complex_genes,SE,GO_Biological_Process_2023,Aerobic Electron Transport Chain (GO:0019646),58/68,6.832048791162247e-33,29.30646826601883,2327.1501401807886,COX7B;COX4I1;NDUFA10;COX6A1;COX7C;COX8A;NDUFC2;NDUFC1;SDHC;SDHD;SDHA;SDHB;COX6B1;NDUFS8;NDUFS7;NDUFS6;NDUFS5;NDUFS4;NDUFS3;UQCRC1;NDUFS2;NDUFS1;UQCRC2;NDUFB9;NDUFB8;NDUFB7;NDUFB10;NDUFB6;UQCRB;NDUFB5;NDUFB4;NDUFB3;NDUFB2;NDUFB1;COX7A2;UQCR11;UQCR10;COX5B;COX5A;UQCRH;CYC1;NDUFV3;NDUFV2;NDUFV1;NDUFA9;NDUFA8;NDUFA7;NDUFA6;NDUFA5;NDUFA4;NDUFA3;NDUFA2;NDUFA1;COX6C;UQCRQ;NDUFAB1;CYCS;NDUFAF1,3351
complex_genes,SE,GO_Biological_Process_2023,Mitochondrial ATP Synthesis Coupled Electron Transport (GO:0042775),59/70,6.832048791162247e-33,27.10819617806252,2151.806747281732,COX7B;NDUFA12;COX4I1;NDUFA10;COX6A1;COX7C;COX8A;NDUFC2;NDUFC1;SDHC;SDHD;SDHA;SDHB;COX6B1;NDUFS8;NDUFS7;NDUFS6;NDUFS5;NDUFS4;NDUFS3;UQCRC1;NDUFS2;NDUFS1;UQCRC2;NDUFB9;NDUFB8;NDUFB7;NDUFB10;NDUFB6;UQCRB;NDUFB5;NDUFB4;NDUFB3;NDUFB2;NDUFB1;COX7A2;UQCR11;UQCR10;COX5B;COX5A;UQCRH;CYC1;NDUFV3;NDUFV2;NDUFV1;NDUFA9;NDUFA8;NDUFA7;NDUFA6;NDUFA5;NDUFA4;NDUFA3;NDUFA2;NDUFA1;COX6C;UQCRQ;NDUFAB1;CYCS;NDUFAF1,3351
complex_genes,SE,GO_Biological_Process_2023,Proteasomal Protein Catabolic Process (GO:0010498),116/220,2.593665212841169e-32,5.704494114849601,444.9503775123943,UBXN2B;UBXN2A;PSMD8;PSMD6;PSMD7;MAEA;KAT5;PSMD4;PSMD2;PSMD3;PSMD1;BTRC;SKP2;FBXO7;FBXO9;SKP1;FBXW5;FBXW11;FBXW7;ARMC8;KLHL42;RBX1;DDIT3;PSME4;PLAA;RBCK1;ATF6;CLOCK;PSMD12;VCP;PSMD11;PSMD14;PSMD13;CUL3;CUL1;FBXO45;FBXO44;BAG6;SHARPIN;PMAIP1;KLHDC2;KLHDC3;XBP1;KLHL22;KLHL20;NSFL1C;APPBP2;MDM2;NFE2L2;GSK3B;GSK3A;UBXN1;FAF1;CCDC47;PRPF19;ENC1;UBXN7;UBXN6;APC2;AXIN1;RAD23A;AXIN2;SIRT1;RAD23B;DDB1;PSMA5;PSMA6;PSMA3;PSMA4;PSMA1;PSMA2;SPOPL;BIRC2;WDR26;DERL1;AMBRA1;PSMA7;FBXL22;PSMA8;PSMB6;RMND5B;PSMB7;PSMB4;PSMB5;MTA1;RMND5A;PSMB2;PSMB3;PSMB1;SPOP;PRAME;FEM1C;DCAF11;CRBN;CSNK1A1;FEM1B;FBXL19;FBXL17;PEX10;PEX12;CUL4A;PSMC5;GID4;KBTBD6;PSMC6;PSMC3;APC;PSMC4;PSMC1;GID8;PSMC2;CTNNB1;ERCC8;KBTBD7;BMAL1;CUL4B,3351
complex_genes,SE,GO_Biological_Process_2023,Double-Strand Break Repair Via Homologous Recombination (GO:0000724),76/111,1.8154376084516884e-31,11.015607415485277,837.313637404881,MUS81;SWSAP1;WDR48;MCM7;FBH1;MCM8;MCM9;SMC5;CHD4;SMC6;BRCA1;BRCA2;YY1;NIPBL;KAT5;SFR1;REV3L;EPC1;NBN;AP5S1;RMI2;RMI1;NSMCE3;NSMCE2;TOP3A;NSMCE1;HUS1;LIG3;SPIDR;INIP;RAD51B;MORF4L1;RAD51D;SFPQ;EID3;NSMCE4A;RAD51C;MCM3;MCM4;SLX1A;MCM5;MCM6;MCM2;BLM;PSMD14;AP5Z1;MBTD1;PPP4C;CDC45;SLX4;RAD21;SWI5;RBBP8;ZSWIM7;GINS2;SLF1;SLF2;FANCM;INTS3;XRCC2;XRCC3;GINS4;RPA1;XRCC1;RPA2;FANCB;INO80;PALB2;SEM1;RAD51;ERCC4;RPA3;RPA4;NABP2;UBE2N;NABP1,3351
complex_genes,SE,GO_Cellular_Component_2023,Nuclear Chromosome (GO:0000228),68/95,1.314251984563894e-30,12.7513904400898,924.9193799351046,IHO1;MCM7;TRRAP;SUV39H1;NCAPG2;HNRNPU;SMC4;SMC2;YY1;ING3;KAT5;RUVBL2;CHMP1A;RUVBL1;KIFAP3;NFRKB;PBRM1;ACTR6;ACTR5;ACTR8;BAZ1A;SMC1A;SPIDR;UCHL5;BRMS1;MCM3;BIRC5;MCM4;TERF2IP;MCM5;MCM6;MCM2;INO80C;INO80B;BLM;INO80E;INO80D;SF3B3;SRCAP;NCAPG;NCAPH;NOL6;TTN;PSMC3IP;TFPT;CDC45;ZNHIT1;EXOSC9;FIGNL1;EP400;BRD8;DMAP1;SUDS3;GINS1;H2AZ1;SMARCE1;GINS2;JUN;GINS3;MCRS1;NCAPH2;GINS4;INO80;RAD50;RAD51;BRMS1L;NCAPD2;NCAPD3,3351
complex_genes,SE,GO_Biological_Process_2023,Transcription Initiation At RNA Polymerase II Promoter (GO:0006367),60/76,2.049612391338805e-30,18.952825888787604,1393.9204696891213,GTF2B;MED19;MED16;MED15;MED18;MED17;MED11;MED14;MED10;ELOB;ELOC;MED1;TBP;MED8;MED9;GTF2F1;MED27;MED4;GTF2F2;MED26;MED29;MED6;MED28;MED7;MED23;MED22;TAF6L;MED21;MED20;GTF2A1;GTF2A2;TAF9;GTF2E1;GTF2E2;MED30;MED31;POLR2D;E2F2;E2F3;POLR2G;POLR2I;DR1;TAF12;TAF13;TAF10;TAF11;GTF2H2;ESR1;CDK9;CDK7;ERCC3;TAF8;TAF4B;TAF7;TAF6;TAF5;TAF4;TAF3;TAF2;TAF1,3351
complex_genes,SE,GO_Cellular_Component_2023,Small-Subunit Processome (GO:0032040),58/73,2.5545967132488358e-30,19.531774471100313,1401.8901705880749,WDR3;MRPS12;FCF1;C1ORF131;NAT10;PWP2;WDR46;WDR43;RRP9;RPS4X;FBL;RPS14;RPS17;RPS16;RPS19;RPS11;UTP14A;RPS13;UTP15;RPS9;WDR36;RPS7;UTP11;RPS8;RPS5;NGDN;RPS6;DNTTIP2;WDR75;UTP18;PRKDC;HEATR1;NOC4L;SNU13;NOL6;RRP7A;EMG1;EXOSC10;RPS15A;BMS1;UTP20;RPS27A;DCAF13;NOP56;NOP14;NOP58;UTP6;UTP4;KRR1;PNO1;UTP3;XRCC5;RCL1;RPS28;TBL3;MPHOSPH10;RPS24;RPS23,3351
complex_genes,SE,GO_Biological_Process_2023,Positive Regulation Of Nucleic Acid-Templated Transcription (GO:1903508),208/557,3.6318516634840166e-30,3.0908727904918103,225.43443968751794,PHB1;TRRAP;KAT5;MYC;MYB;EPC1;KAT8;EPC2;BTRC;NFRKB;ATXN7L3;MED1;SMARCC1;SMARCC2;MED4;HCFC1;DDIT3;TFAM;ATF5;CLOCK;ATF4;MEAF6;PDGFB;XPC;BCL10;MRPL12;HIF1A;MBTD1;NUP85;NKX2-1;NKX2-5;SNX5;NFE2;JUN;XRCC6;NFATC2;TRIP4;INO80;SMARCA1;SMARCA2;SMARCA4;COL1A1;TADA2B;HNRNPD;MMS19;PHF20;RSF1;BRCA1;SGF29;GLI1;MED16;BRCA2;ING1;GLI3;GLI2;MED17;IKBKB;MED12;ING2;MED14;PPP3CB;ING3;MED13;TEAD1;IL10;NCOA1;NCOA6;ACTL6A;FOS;UCHL5;KAT2B;MED22;TAF6L;KAT2A;RARA;PPARG;YAP1;SF3B5;SF3B3;KARS1;NR1I2;RELA;RXRB;RXRA;NFIL3;HAS3;BRD8;MBD3;NFYA;STAT1;MCRS1;NR1H2;MBD2;STAT3;NR1H3;GTF2H1;GATAD2B;GATAD2A;MAD2L2;PSMC5;PHF5A;RYBP;CTNNB1;BMAL2;BMAL1;NCF1;YEATS4;YY1;RUVBL2;RUVBL1;KCNH2;PCID2;FBXW11;FOXP3;SUPT7L;MORF4L1;MYCN;KAT6B;KAT6A;MORF4L2;PHIP;UBE2V1;INO80C;INO80B;BLM;ENY2;INO80E;INO80D;NOTCH1;KMT2A;MAX;KMT2B;FOXO3;TAF5L;MED30;ATXN7;EP400;DMAP1;SMAD2;SMAD4;BRPF1;SMAD3;BICRAL;ESR1;IL4;MLXIPL;IL6;MAFB;MRGBP;TADA3;OGT;ILK;CHD4;CHD3;FOXM1;SFR1;VPS72;NUP62;WDR5;CEP290;YAF2;CHUK;ACTR5;MSL2;AXIN1;MSL3;ACTR8;ARID1A;ARID1B;TGFBR1;MSL1;DNAJC2;CREB1;THRAP3;CEBPB;HDAC2;PRKAA1;SMARCD3;HDAC1;LEF1;TAF9;CXXC1;BICRA;TFPT;IFNL1;MTA1;RBBP4;E2F1;RBBP7;VHL;MTA2;MTA3;RNF20;TAF12;TAF10;USP22;HNRNPAB;CD4;KANSL1;KANSL2;KANSL3;TAF7;NAA16;TAF6;NAA15;TAF5;TAF4;TAF2,3351
complex_genes,SE,GO_Cellular_Component_2023,Cytosolic Large Ribosomal Subunit (GO:0022625),47/52,8.982180874635402e-30,47.35278450363196,3331.2895537900476,RPL4;RPL5;RPL30;RPL3;RPL32;RPL31;RPL34;RPLP1;RPL12;RPL10L;RPLP0;RPL11;RPL10A;RPL8;RPL9;RPL6;RPL7;RPL7A;RPL18A;RPL36AL;RPL36;RPL14;RPL35;RPLP2;RPL13;RPL38;RPL37;RPL15;RPL18;RPL39;RPL17;RPL19;RPL39L;RPL41;RPL21;RPL13A;RPL35A;RPL23A;RPL3L;RPL27A;RPL37A;RPL24;RPL27;RPL26;RPL29;RPL28;UBA52,3351
complex_genes,SE,GO_Cellular_Component_2023,Large Ribosomal Subunit (GO:0015934),47/52,8.982180874635402e-30,47.35278450363196,3331.2895537900476,RPL4;RPL5;RPL30;RPL3;RPL32;RPL31;RPL34;RPLP1;RPL12;RPL10L;RPLP0;RPL11;RPL10A;RPL8;RPL9;RPL6;RPL7;RPL7A;RPL18A;RPL36AL;RPL36;RPL14;RPL35;RPLP2;RPL13;RPL38;RPL37;RPL15;RPL18;RPL39;RPL17;RPL19;RPL39L;RPL41;RPL21;RPL13A;RPL35A;RPL23A;RPL3L;RPL27A;RPL37A;RPL24;RPL27;RPL26;RPL29;RPL28;UBA52,3351
complex_genes,SE,GO_Biological_Process_2023,Ubiquitin-Dependent Protein Catabolic Process (GO:0006511),156/367,1.2943975926842128e-29,3.8038226197628107,272.4560225051585,UBXN2B;UBXN2A;KEAP1;FBXO21;FBXO22;PSMD8;PSMD6;CDC23;PSMD7;MAEA;KAT5;PSMD4;PSMD2;PSMD3;PSMD1;BTRC;FBXO8;SKP2;FBXO7;FBXO9;SKP1;FBXW4;FBXW5;FBXW11;FBXW7;ARMC8;FBXO10;FBXO11;RNF40;KLHL42;RBX1;DDIT3;CHMP4C;PLAA;CHMP4A;RBCK1;CLOCK;VPS28;PSMD12;VCP;PSMD11;TSG101;PSMD14;KLHL15;PSMD13;CUL3;CUL1;UBR4;FBXO45;ANAPC11;BAG6;SHARPIN;NAE1;KLHDC2;KLHDC3;XBP1;UBE2I;KLHL25;KLHL22;KLHL20;CNOT4;COPS3;NSFL1C;NPLOC4;APPBP2;CHMP2B;CHMP2A;MDM2;FBXL4;FBXL7;NFE2L2;GSK3B;GSK3A;UBXN1;FAF1;CHMP1B;CHMP1A;UBXN7;UFD1;ELOC;GET4;APC2;AXIN1;VPS37C;VPS37D;RAD23A;VPS37A;AXIN2;VPS37B;SIRT1;RAD23B;DDB1;PSMA5;PSMA6;PSMA3;PSMA4;PSMA1;PSMA2;CHMP3;SPOPL;CHMP6;CHMP7;BIRC2;CHMP5;WDR26;VPS4B;VPS4A;AMBRA1;PSMA7;FBXL22;PSMB6;RMND5B;PSMB7;PSMB4;PSMB5;MTA1;RMND5A;PSMB2;PSMB3;PSMB1;SPOP;MVB12A;PRAME;FEM1C;DCAF11;UBL4A;RNF20;CRBN;FEM1A;CSNK1A1;FEM1B;AMFR;FBXL19;FBXL17;KLHL3;PEX10;PEX12;FBXL14;CUL4A;PSMC5;GID4;KBTBD6;PSMC6;PSMC3;APC;PSMC4;PSMC1;GID8;KLHL8;PSMC2;CTNNB1;UBAP1;ERCC8;KBTBD7;BMAL1;TAF1,3351
complex_genes,SE,GO_Biological_Process_2023,Cellular Respiration (GO:0045333),63/85,3.315226987398932e-29,14.481046781685468,1023.0867037378545,COX7B;NDUFA13;NDUFA11;NDUFA12;COX4I1;NDUFA10;ETFA;ETFB;COX6A1;COX7C;COX8A;NDUFC2;NDUFC1;SDHC;SDHA;SDHB;COX6B1;NDUFS8;NDUFS7;NDUFS6;NDUFS5;NDUFS4;NDUFS3;UQCRC1;NDUFS2;NDUFS1;UQCRC2;NDUFB9;NDUFB8;NDUFB7;NDUFB10;NDUFB6;UQCRB;NDUFB11;NDUFB5;NDUFB4;NDUFB3;NDUFB2;NDUFB1;COX7A2;UQCR11;UQCR10;COX5B;COX5A;UQCRH;BLOC1S1;CYC1;NDUFV3;NDUFV2;NDUFV1;NDUFA9;NDUFA8;NDUFA7;NDUFA6;NDUFA5;NDUFA4;NDUFA3;NDUFA2;NDUFA1;COX6C;UQCRQ;NDUFAB1;CYCS,3351
complex_genes,SE,GO_Biological_Process_2023,Positive Regulation Of Transcription Initiation By RNA Polymerase II (GO:0060261),47/52,4.3190675240153303e-29,47.35278450363196,3331.2895537900476,GTF2A1;GTF2A2;PAXIP1;TAF9;MED19;MED16;MED15;MED18;MED17;MED12;MED11;MED14;MED13;ZNHIT1;MED30;MED10;MED31;NKX2-5;MED1;TBP;TAF12;TAF13;TAF10;TAF11;MED8;MED9;MED27;MED4;MED26;MED29;MED6;MED28;MED7;MED23;MED22;PSMC6;MED21;MED20;TAF8;TAF4B;TAF7;TAF6;TAF5;TAF4;TAF3;TAF2;TAF1,3351
complex_genes,SE,GO_Biological_Process_2023,ncRNA Processing (GO:0034470),69/100,6.458124886770405e-29,11.270094946039983,787.6793933449646,INTS11;RPL5;INTS12;INTS13;POP7;INTS14;POP1;POP4;RPP30;INTS10;TSEN2;TSEN54;RPL7;RRP9;RPS15;FBL;RPS17;RPS16;RPS19;MTREX;PELP1;UTP15;WDR36;RPS7;DIS3;PIH1D1;RPS6;DKC1;RPP21;PIH1D2;RPL27;RPL26;ZCCHC8;TSEN34;KARS1;RPL11;NOLC1;NOC4L;NOL6;RRP7A;EXOSC7;EMG1;EXOSC5;EXOSC10;EXOSC4;EXOSC9;PES1;RPL14;UTP20;EXOSC3;EXOSC2;DCAF13;NOP56;NOP14;NOP58;INTS1;INTS3;WDR18;INTS2;RPL35A;RPS25;RPS28;INTS5;INTS4;INTS7;INTS6;INTS9;INTS8;RPS24,3351
complex_genes,SE,GO_Biological_Process_2023,Regulation Of Double-Strand Break Repair (GO:2000779),64/88,6.458124886770405e-29,13.48747591522158,942.5244558713873,SMARCB1;KDM1A;TRRAP;YEATS4;FOXM1;ING3;BCL7A;KAT5;PPP4R2;VPS72;BCL7C;RUVBL2;BCL7B;DPF1;RUVBL1;DPF2;DPF3;EPC1;EPC2;ARID2;ACTR2;PBRM1;SMARCC1;SMARCC2;ACTL6B;ACTL6A;PPP4R3B;ARID1A;ARID1B;SIRT1;SPIDR;OOEP;MORF4L1;MORF4L2;TIMELESS;UBE2V2;POT1;TERF2IP;SMARCD1;SMARCD2;SMARCD3;MEAF6;MBTD1;PPP4C;FIGNL1;EP400;BRD8;DMAP1;BRD7;ATRIP;SMARCE1;SLF1;SLF2;PHF10;RPA2;DEK;SMARCA2;SMARCA4;MRGBP;RAD51;SHLD2;UBE2N;ATR;WRAP53,3351
complex_genes,SE,GO_Biological_Process_2023,Ribosome Biogenesis (GO:0042254),89/155,2.1024842332141e-28,6.855280270516322,470.7475832815679,RPL5;POP4;WDR3;MRPS12;FCF1;C1ORF131;NAT10;MRPL36;PWP2;WDR46;WDR43;RPL7;RRP9;RPS15;RPS4X;FBL;RPS14;RPS17;RPS16;RPS19;MTREX;RIOK1;RPS11;RPS13;PELP1;UTP15;RPS9;WDR36;RPS7;UTP11;RPS8;DIS3;PIH1D1;RPS5;NGDN;RPS6;DNTTIP2;WDR75;TSC1;UTP18;DKC1;CINP;PIH1D2;RPL27;RPL26;HEATR1;RPL11;NOLC1;SNU13;NOC4L;NOL6;RRP7A;EXOSC7;EMG1;EXOSC5;EXOSC10;EXOSC4;RPS15A;BMS1;EXOSC9;PES1;RPL14;UTP20;EXOSC3;EXOSC2;DCAF13;NOP56;NOP14;NOP58;UTP6;UTP4;PNO1;KRR1;UTP3;WDR18;RPL35A;WDR12;EIF2S1;MRPL22;RCL1;CUL4A;RPS25;BOP1;RPS28;TBL3;MPHOSPH10;RPS24;RPS23;CUL4B,3351
complex_genes,SE,GO_Biological_Process_2023,Double-Strand Break Repair (GO:0006302),93/168,4.955567314772417e-28,6.308090853284224,427.56982891097056,MUS81;SWSAP1;WDR48;FBH1;MCM8;MCM9;SMC5;CHD4;MRPL36;SMC6;BRCA1;BRCA2;PRPF19;TENT4A;YY1;BABAM1;POLB;BABAM2;EME1;KAT5;SFR1;EME2;UIMC1;REV3L;EPC1;TNKS1BP1;NBN;AP5S1;RMI2;KDM2A;RMI1;NSMCE3;ACTR5;NSMCE2;TOP3A;NSMCE1;HUS1;LIG4;LIG3;ACTR8;SPIDR;INIP;RAD51B;MORF4L1;RAD51D;SFPQ;EID3;NSMCE4A;RAD51C;UBE2V2;SLX1A;BLM;VCP;PSMD14;AP5Z1;PRKDC;DDX1;PNKP;MBTD1;PPP4C;MTA1;SLX4;RAD21;SWI5;RBBP8;ZSWIM7;XRCC6;SLF1;SLF2;XRCC4;XRCC5;INTS3;XRCC2;XRCC3;RPA1;RPA2;INO80;PALB2;REC8;SEM1;MAD2L2;POLA1;RAD50;RAD51;ERCC4;TDP1;ERCC1;RPA3;APLF;RPA4;NABP2;UBE2N;NABP1,3351
complex_genes,SE,GO_Biological_Process_2023,DNA-templated Transcription (GO:0006351),103/199,7.442253593872046e-28,5.467977088464696,368.23907419008077,CCNK;CRCP;CCNT1;CCNH;GTF2B;EPC1;MED4;GTF2F1;POLRMT;GTF2F2;MAF;RRAGC;TFAM;ATF4;BAZ2A;MRPL12;FOXO3;GTF2E1;PMF1;GTF2E2;TAF5L;NKX2-1;SMN1;SMAD2;XBP1;SMAD4;POLR3GL;MTERF4;SMARCA5;ELL3;CDK9;DRAP1;CDK7;COPS2;NFE2L3;MMS19;RNPS1;CDK12;MNAT1;THRB;RSF1;MED16;SNAPC2;SNAPC3;PRMT5;TBP;NCOA6;TFB2M;TFDP1;MED20;POLR1C;IRF9;GTF3C1;GTF2A1;GTF3C2;GTF2A2;GTF3C3;GTF3C4;CEBPD;GTF3C5;GTF3C6;DDX21;MNT;POLR2A;TAF1B;POLR2B;TAF1C;POLR2C;POLR2D;TAF1A;E2F1;POLR2E;POLR2F;POLR2G;POLR2H;POLR2I;POLR2J;POLR2K;POLR2L;NFYA;TAF12;TAF13;TAF10;TAF11;GTF2H1;GTF2H2;DEK;GTF2H3;GTF2H4;GTF2H5;XAB2;POLR3A;ERCC3;ERCC2;POLR3G;TAF7;POLR3H;TAF6;ERCC6;TAF5;TAF4;POLR3K;TAF1,3351
complex_genes,SE,GO_Biological_Process_2023,Regulation Of Transcription Elongation By RNA Polymerase II (GO:0034243),58/77,1.4811642062061637e-27,15.416113925871466,1027.1361385447065,INTS11;INTS12;CCNK;INTS13;INTS14;CCNT1;ELL;INTS10;HNRNPU;MED19;MED16;MED15;CDC73;MED18;WDR43;MED17;MED11;MED14;MED10;NELFA;NELFCD;NELFE;MED1;NCBP1;NCBP2;MED8;MED9;MED27;MED4;MED26;MED29;MED6;MED28;MED7;MED23;MED22;MED21;MED20;SRCAP;SUPT4H1;MED30;MED31;LEO1;VHL;INTS1;INTS3;INTS2;ELL2;ELL3;CDK9;INTS5;INTS4;INTS7;CDK12;INTS6;CDK13;INTS9;INTS8,3351
complex_genes,SE,GO_Biological_Process_2023,Positive Regulation Of Double-Strand Break Repair (GO:2000781),61/84,1.5861523482327412e-27,13.40274877758689,891.6953571098319,SMARCB1;WDR48;TRRAP;YEATS4;FOXM1;ING3;BCL7A;KAT5;VPS72;BCL7C;RUVBL2;BCL7B;DPF1;RUVBL1;DPF2;DPF3;EPC1;EPC2;TRAPPC13;ARID2;ACTR2;PBRM1;SMARCC1;SMARCC2;ACTL6B;ACTL6A;ARID1A;ARID1B;SIRT1;SPIDR;OOEP;MORF4L1;MORF4L2;TIMELESS;UBE2V2;SMARCD1;SMARCD2;SMARCD3;MEAF6;PRKDC;PNKP;MBTD1;EP400;BRD8;DMAP1;BRD7;SMARCE1;SLF1;SLF2;PHF10;FANCB;SMARCA2;SMARCA4;MAD2L2;MRGBP;SHLD2;SHLD1;UBE2N;MMS19;ERCC6;WRAP53,3351
complex_genes,SE,GO_Biological_Process_2023,Positive Regulation Of DNA-templated Transcription Initiation (GO:2000144),48/56,1.7903430897204282e-27,30.228882833787466,2006.4623318471813,GTF2A1;GTF2A2;PAXIP1;TAF9;MED19;MED16;MED15;MED18;MED17;MED12;MED11;MED14;MED13;ZNHIT1;MED30;MED10;MED31;NKX2-5;MED1;JUN;TBP;TAF12;TAF13;TAF10;TAF11;MED8;MED9;MED27;MED4;MED26;MED29;MED6;MED28;MED7;MED23;FOSL1;MED22;MED21;MED20;TAF8;TAF4B;TAF7;TAF6;TAF5;TAF4;TAF3;TAF2;TAF1,3351
complex_genes,SE,GO_Biological_Process_2023,Histone Acetylation (GO:0016573),50/60,1.7903430897204282e-27,25.20296879733414,1672.3585871910295,TRRAP;YEATS4;SGF29;ING3;KAT5;VPS72;RUVBL2;RUVBL1;WDR5;EPC1;EPC2;ATXN7L3;MAP3K7;ACTL6B;ACTL6A;MSL3;SUPT7L;KAT2B;MORF4L1;TAF6L;KAT2A;MORF4L2;SF3B5;ENY2;SF3B3;MEAF6;TAF9;TAF5L;MBTD1;ATXN7;EP400;MBIP;BRD8;DMAP1;KAT14;DR1;TAF12;TAF10;USP22;TADA2B;MRGBP;TADA2A;YEATS2;POLE3;TADA3;TAF7;TAF6;TAF5;TAF4;TAF2,3351
complex_genes,SE,GO_Biological_Process_2023,protein-RNA Complex Assembly (GO:0022618),86/150,1.938986405268971e-27,6.825756125574273,452.2055590611711,ISY1;RPL5;RAMAC;HSP90AB1;GEMIN2;MRPS11;RPL10L;RPLP0;PWP2;PRPF19;USP39;RPL6;CDC73;RPS15;RPS14;SART1;RPS19;SNRPD2;SNRPD1;RPL38;SNRPD3;TXNL4A;PRMT5;HSP90AA1;NCBP1;RPS5;RPSA;DICER1;MRPS7;WDR77;PRPF6;DDX39B;CLNS1A;GEMIN4;SNRPG;GEMIN5;STRAP;GEMIN6;SNRPE;GEMIN7;SNRPF;GEMIN8;SNRNP200;SNRPB;RPL10;DHX9;PRKDC;DDX1;DDX23;RPL11;DDX20;RRP7A;MRPL20;POLR2D;SMN1;SF3B1;MDN1;CPSF7;CPSF6;SF3A2;XRCC5;RPL23A;EIF2S2;LSM4;TARBP2;BOP1;NUDT21;XAB2;RPS28;EIF3M;EIF2S3;AGO3;EIF3K;AGO4;EIF3L;AGO1;EIF3I;AGO2;EIF3J;EIF3G;EIF3H;EIF3E;EIF3F;EIF3C;EIF3D;EIF3B,3351
complex_genes,SE,GO_Biological_Process_2023,Regulation Of Cell Cycle (GO:0051726),132/298,3.441419495044078e-27,4.071750188077567,267.3138552565678,RB1;TRRAP;CCNF;GMNN;JADE1;HNRNPU;JADE3;YEATS4;JADE2;ACTB;RRP8;CDC20;YY1;STK11;CDC23;MAEA;KAT5;MCIDAS;CDC26;MYC;RUVBL2;CDC27;RUVBL1;EPC1;EPC2;KAT7;CCNL2;FBXO5;NBN;JUNB;NFRKB;CDK5RAP3;MEN1;ANAPC7;METTL3;TSC2;TSC1;RNF40;HCFC1;MORF4L1;BIN1;MORF4L2;ANAPC4;ANAPC5;ANAPC1;ANAPC2;L3MBTL1;INO80C;ANAPC13;INO80B;INO80E;ANAPC15;INO80D;ANAPC16;MEAF6;ANAPC10;ANAPC11;MBTD1;SDCBP;FIGNL1;EP400;MBIP;DMAP1;HOXC9;KAT14;BARD1;CDT1;JUN;DR1;JUND;PNPT1;INO80;IFNW1;CDK9;CDK7;TADA2A;ZZZ3;CDK6;MRGBP;CDK5;YEATS2;CDK4;CDC16;TADA3;MDM2;CDK10;INTS13;HSP90AB1;SUV39H1;ETFA;BRCA1;SGF29;FOXM1;PKD2;PKD1;ING4;ING5;ING3;VPS72;RACK1;WDR5;HRAS;ACTR5;ACTL6A;RAD23A;ACTR8;SIRT1;UCHL5;TGFBR1;KAT2B;KAT2A;RARA;BIRC2;BIRC3;MCM2;LIN9;HOXD10;RNF2;TFPT;FZR1;RPS15A;PES1;BRD8;BRD7;RNF20;MCRS1;STAT3;WDR12;PER2;BOP1;TAF6;BMAL1,3351
complex_genes,SE,GO_Cellular_Component_2023,Mitochondrial Respiratory Chain Complex I (GO:0005747),39/41,7.329562213572181e-27,98.01222826086956,6224.062469030501,NDUFB9;NDUFA13;NDUFB8;NDUFB7;NDUFA11;NDUFB10;NDUFB6;NDUFA12;NDUFB11;NDUFB5;NDUFB4;NDUFA10;NDUFB3;NDUFB2;NDUFB1;NDUFV3;NDUFV2;NDUFV1;NDUFA9;NDUFA8;NDUFA7;NDUFA6;NDUFA5;NDUFA4;NDUFA3;NDUFA2;NDUFA1;NDUFC2;NDUFC1;NDUFS8;NDUFS7;NDUFS6;NDUFS5;NDUFAB1;NDUFS4;NDUFS3;NDUFS2;NDUFS1;NDUFAF1,3351
complex_genes,SE,GO_Cellular_Component_2023,Respiratory Chain Complex I (GO:0045271),39/41,7.329562213572181e-27,98.01222826086956,6224.062469030501,NDUFB9;NDUFA13;NDUFB8;NDUFB7;NDUFA11;NDUFB10;NDUFB6;NDUFA12;NDUFB11;NDUFB5;NDUFB4;NDUFA10;NDUFB3;NDUFB2;NDUFB1;NDUFV3;NDUFV2;NDUFV1;NDUFA9;NDUFA8;NDUFA7;NDUFA6;NDUFA5;NDUFA4;NDUFA3;NDUFA2;NDUFA1;NDUFC2;NDUFC1;NDUFS8;NDUFS7;NDUFS6;NDUFS5;NDUFAB1;NDUFS4;NDUFS3;NDUFS2;NDUFS1;NDUFAF1,3351
complex_genes,SE,GO_Biological_Process_2023,Regulation Of Transcription Initiation By RNA Polymerase II (GO:0060260),48/57,8.631471118086899e-27,26.86850338076496,1738.5701750263006,GTF2A1;GTF2A2;PAXIP1;TAF9;MED19;MED16;MED15;MED18;MED17;MED12;MED11;MED14;MED13;ZNHIT1;MED30;MED10;MED31;NKX2-5;MED1;PCID2;TBP;TAF12;TAF13;TAF10;TAF11;MED8;MED9;MED27;MED4;MED26;MED29;MED6;MED28;MED7;MED23;MED22;CDK4;MED21;MED20;TAF8;TAF4B;TAF7;TAF6;TAF5;TAF4;TAF3;TAF2;TAF1,3351
complex_genes,SE,GO_Biological_Process_2023,Ribosomal Small Subunit Biogenesis (GO:0042274),60/84,1.7544116445507689e-26,12.629140079003342,807.9268052762006,MRPS11;WDR3;MRPS12;FCF1;C1ORF131;NAT10;PWP2;WDR46;WDR43;RRP9;RPS15;RPS4X;FBL;RPS14;RPS17;RPS16;RPS19;RIOK1;RPS11;RPS13;UTP15;RPS9;WDR36;RPS7;UTP11;RPS8;RPS5;NGDN;RPS6;DNTTIP2;WDR75;RPSA;MRPS7;UTP18;HEATR1;SNU13;NOL6;RRP7A;EMG1;EXOSC10;RPS15A;BMS1;UTP20;NOP56;NOP14;NOP58;UTP6;UTP4;KRR1;PNO1;UTP3;RCL1;RPS25;RPS28;TBL3;LSM6;MPHOSPH10;NOL11;RPS24;RPS23,3351
complex_genes,SE,GO_Cellular_Component_2023,Ribosome (GO:0005840),49/61,3.887302122977091e-26,20.57371794871795,1270.838445401701,RPL30;RPL32;RPL31;MRPS12;RPL10L;RPL10A;RPL8;RPL9;RPL6;RPS4X;RPL7A;RPS17;RPL18A;RPS19;RPL36AL;RPS18;RPL36;RPL38;RPS11;RPL39;RPS10;RPS13;RPS9;RPS7;RPS5;RPL13A;MRPS7;RPL24;RPL27;DHX9;RPL11;HSPA14;MRPL13;RPS3;RPL15;RPL18;RPL17;RPL19;BTF3;RPL41;SRP68;RPL3L;RPS26;RPS25;RPS28;RPS29;EIF3H;RPS21;RPS23,3351
complex_genes,SE,GO_Biological_Process_2023,Histone Modification (GO:0016570),58/81,1.115789770897255e-25,12.731987483330913,790.6523401229632,TRRAP;JADE1;CHD4;JADE3;YEATS4;CHD3;JADE2;ING4;ING5;ING3;KAT5;VPS72;RUVBL2;RUVBL1;EPC1;EPC2;KAT7;ATXN7L3;ACTL6A;MSL3;SIRT1;KAT2B;MORF4L1;TAF6L;BRMS1;MORF4L2;ENY2;HDAC2;MEAF6;HDAC1;TAF9;AURKB;TAF5L;MBTD1;MTA1;RBBP4;MIER2;MIER1;EP400;BRD8;DMAP1;RBBP7;SUDS3;MTA2;MTA3;KAT14;MBD3;TAF12;TAF10;MBD2;GATAD2B;GATAD2A;MRGBP;TADA2A;YEATS2;BRMS1L;TADA3;UBE2N,3351
complex_genes,SE,GO_Biological_Process_2023,"Mitochondrial Electron Transport, NADH To Ubiquinone (GO:0006120)",34/34,3.685769659195667e-25,566066,34463101.67414438,NDUFB9;NDUFB8;NDUFB7;NDUFB10;NDUFB6;NDUFB5;NDUFB4;NDUFA10;NDUFB3;NDUFB2;NDUFB1;NDUFV3;NDUFV2;NDUFV1;NDUFA9;NDUFA8;NDUFA7;NDUFA6;NDUFA5;NDUFA4;NDUFA3;NDUFA2;NDUFC2;NDUFC1;NDUFS8;NDUFS7;NDUFS6;NDUFS5;NDUFAB1;NDUFS4;NDUFS3;NDUFS2;NDUFS1;NDUFAF1,3351
complex_genes,SE,GO_Biological_Process_2023,Recombinational Repair (GO:0000725),63/95,5.499651099712555e-25,9.949731979927007,601.5517888568007,SWSAP1;WDR48;FBH1;MCM8;MCM9;CHD4;SMC5;BRCA1;SMC6;BRCA2;YY1;KAT5;SFR1;REV3L;EPC1;NBN;AP5S1;RMI2;RMI1;NSMCE3;NSMCE2;TOP3A;NSMCE1;HUS1;LIG3;SPIDR;INIP;RAD51B;MORF4L1;RAD51D;SFPQ;EID3;NSMCE4A;RAD51C;SLX1A;BLM;AP5Z1;PSMD14;MBTD1;PPP4C;SLX4;SWI5;RBBP8;ZSWIM7;SLF1;XRCC6;SLF2;XRCC5;INTS3;XRCC2;XRCC3;RPA1;RPA2;INO80;PALB2;SEM1;RAD51;ERCC4;RPA3;RPA4;NABP2;UBE2N;NABP1,3351
complex_genes,SE,GO_Biological_Process_2023,Histone H4 Acetylation (GO:0043967),37/39,8.413309726982655e-25,92.92984308992155,5576.904404265097,MEAF6;PHF20;TRRAP;JADE1;JADE3;YEATS4;JADE2;ING4;MBTD1;ING5;ING3;KAT5;VPS72;RUVBL2;RUVBL1;EP400;WDR5;EPC1;KAT8;EPC2;KAT7;BRD8;DMAP1;ACTL6B;MCRS1;ACTL6A;MSL2;MSL3;HCFC1;MSL1;MORF4L1;MRGBP;KANSL1;KANSL2;KANSL3;MORF4L2;OGT,3351
complex_genes,SE,GO_Molecular_Function_2023,DNA Binding (GO:0003677),265/846,2.6901221844068784e-24,2.374847041159732,142.12844697366978,SMARCB1;HNRNPU;SMC5;SMC6;RBPJ;H2AC15;SMC3;RPL6;RPL7;RPS15;H2AC13;MYC;JUNB;TIPIN;TINF2;DNTTIP1;XRN1;DDIT3;RFX5;TFAM;ATF5;ATF6;CLOCK;ATF4;DHX9;EPAS1;PRKDC;XPC;RTF1;HIF1A;TERT;NKX2-1;NKX2-5;CTC1;NFE2;CDT1;JUN;XBP1;XRCC6;H4C9;XRCC4;XRCC5;SMARCA5;NFATC2;INO80;SMARCA1;SMARCA2;SMARCA4;POLA1;TDP1;EZH1;EZH2;WDR48;FBH1;PHF1;MRPL36;BRCA1;BRCA2;GLI1;GLI2;ING2;MLX;TEAD1;SREBF1;PARP4;TOP3A;TET1;BAZ1A;TERF1;DDB2;DDB1;RAD51B;TAF6L;RAD51D;RAD51C;MTF2;RARA;PPARG;PCNA;RELA;PSMC3IP;BCLAF1;RXRA;CHRAC1;RPS3;PMS2;PMS1;MBD3;TSNAX;SUZ12;H2BC8;CENPX;NFYA;STAT1;NFYB;NR1H2;NFYC;STAT3;RPA1;RPA2;NR1H3;MLH1;APTX;GTF2H4;BATF;PER1;RYBP;MYBBP1A;RPA3;RPA4;BMAL1;CENPS;CCNT1;FMR1;ARID4A;YY1;EME1;RUVBL2;NBN;MEN1;PCID2;H2AC8;H2AC6;KDM2B;H2AC7;ARID5B;LIG4;POLRMT;FOXP3;FOXP2;MSH6;MYCL;MAU2;MYCN;MSH2;POLG2;MSH3;MSH4;KAT6A;MSH5;TIMELESS;SNRPA;KMT2D;BLM;TSG101;MAX;PDS5B;FOXO3;NLRP3;NLRP1;BPTF;SMAD2;SMAD4;SMAD3;PALB2;FANCG;DRAP1;CDK9;MLXIPL;MAFB;MAFF;NABP2;BCL2;NABP1;TAF4B;MAFK;NFE2L2;PHF19;CREBZF;SWSAP1;THRB;MCM7;SYCP2;MCM8;SYCP1;MCM9;CHD4;CHD3;YBX1;DNMT3L;SNAPC1;H2BC21;SNAPC3;SNAPC4;DNMT3B;GET1;YAF2;POLE;KDM6A;POLG;RFC3;RFC1;NCBP2;DNMT3A;ARNT;MSL3;RAD23A;SMC1A;ARID1A;RAD23B;TSN;SMC1B;SUPV3L1;H2BC13;SFPQ;H2BC15;AIM2;THRAP3;CRY2;H2BC11;CRY1;MCM3;MCM4;MCM5;MCM6;MCM2;GTF3C1;GTF3C2;CEBPA;GTF2A1;COLEC11;GTF3C3;CEBPB;HDAC2;GTF3C4;GTF3C5;GTF3C6;PNKP;TAF9;CEBPG;LEF1;LIN9;TFPT;CDC45;POLR2A;POLD1;SAP30L;E2F1;IGF2BP1;RBBP8;E2F2;E2F3;POLR2G;E2F4;POLR2H;H2AZ1;H2AZ2;TAF12;CDC5L;USF2;USF1;RAD50;RAD51;ERCC3;ERCC4;POLR3C;ERCC1;ERCC2;POLE3;POLR3F;TAF6;ERCC6;TAF4;TAF1;CUL4B,3351
complex_genes,SE,GO_Molecular_Function_2023,Oxidoreduction-Driven Active Transmembrane Transporter Activity (GO:0015453),45/54,2.6901221844068784e-24,25.16636418632789,1505.879130450826,NDUFB9;COX7B;NDUFB8;NDUFB7;NDUFB10;NDUFB6;UQCRB;NDUFA12;NDUFB5;COX4I1;NDUFB4;NDUFA10;NDUFB3;NDUFB2;NDUFB1;UQCR10;COX5B;COX7C;COX5A;UQCRH;NDUFV3;NDUFV2;NDUFV1;COX8A;NDUFA9;NDUFA8;NDUFA7;NDUFA6;NDUFA5;NDUFA4;NDUFA3;NDUFA2;NDUFA1;NDUFC2;NDUFC1;COX6B1;NDUFS8;NDUFS7;NDUFS6;NDUFS5;NDUFS4;NDUFS3;UQCRC1;NDUFS2;NDUFS1,3351
complex_genes,SE,GO_Molecular_Function_2023,NADH Dehydrogenase (Ubiquinone) Activity (GO:0008137),33/33,4.2713461223479196e-24,549417,32463375.65317166,NDUFB9;NDUFB8;NDUFB7;NDUFB10;NDUFB6;NDUFA12;NDUFB5;NDUFB4;NDUFA10;NDUFB3;NDUFB2;NDUFB1;NDUFV3;NDUFV2;NDUFV1;NDUFA9;NDUFA8;NDUFA7;NDUFA6;NDUFA5;NDUFA4;NDUFA3;NDUFA2;NDUFC2;NDUFC1;NDUFS8;NDUFS7;NDUFS6;NDUFS5;NDUFS4;NDUFS3;NDUFS2;NDUFS1,3351
complex_genes,SE,GO_Biological_Process_2023,Regulation Of Stem Cell Population Maintenance (GO:2000036),45/56,1.9290768306777614e-23,20.58818676786009,1170.6048233819233,SMARCD1;HDAC2;SMARCB1;SF3B3;HDAC1;ARID4A;ARID4B;ING1;WDR43;TAF5L;BICRA;ING2;BCL7A;RBBP4;SIN3A;BCL7C;MYC;SAP30L;BCL7B;DPF2;BRD9;RBBP7;SUDS3;ZC3H13;SMARCE1;SS18;SMARCC1;ACTL6B;PHF10;BICRAL;ACTL6A;TET1;ARID1A;SMARCA2;SAP30;SMARCA4;TAF6L;KAT2A;BRMS1;CNOT1;BRMS1L;CNOT2;CNOT3;SINHCAF;OGT,3351
complex_genes,SE,GO_Biological_Process_2023,Positive Regulation Of DNA Repair (GO:0045739),59/89,2.2477798897010336e-23,9.928321182665046,562.7782259433563,SMARCB1;BRCA1;FOXM1;ACTB;BABAM1;YY1;BABAM2;BCL7A;BCL7C;RUVBL2;BCL7B;DPF1;RUVBL1;UIMC1;DPF2;DPF3;ARID2;NFRKB;PBRM1;SMARCC1;SMARCC2;ACTL6B;ACTR5;ACTL6A;ACTR8;ARID1A;ARID1B;SIRT1;SPIDR;OOEP;UCHL5;TIMELESS;UBE2V2;INO80C;INO80B;SMARCD1;INO80E;SMARCD2;INO80D;PCNA;SMARCD3;DHX9;CEBPG;TFPT;RPS3;USP1;BRD7;SMARCE1;SLF1;SLF2;PHF10;MCRS1;XRCC1;INO80;SMARCA2;SMARCA4;UBE2N;ERCC6;WRAP53,3351
complex_genes,SE,GO_Biological_Process_2023,DNA-templated Transcription Initiation (GO:0006352),46/59,5.731453531205157e-23,17.811148609333177,992.2106350062953,GTF3C1;GTF2A2;CRCP;CCNH;GTF2B;RSF1;GTF2E1;GTF2E2;MED17;TAF1C;POLR2D;E2F2;ELOB;E2F3;POLR2G;ELOC;POLR2I;TBP;TAF12;NCOA6;TAF13;TAF10;TAF11;SMARCA5;TFB2M;GTF2H2;GTF2F1;MED27;POLRMT;GTF2F2;MED26;MED7;MED23;CDK9;CDK7;ERCC3;TAF8;TFAM;TAF4B;TAF7;POLR3H;TAF6;TAF5;TAF4;TAF2;TAF1,3351
complex_genes,SE,GO_Biological_Process_2023,Transcription Preinitiation Complex Assembly (GO:0070897),46/59,5.731453531205157e-23,17.811148609333177,992.2106350062953,GTF2A1;GTF2A2;GTF2B;TAF9;MED19;MED16;MED15;MED18;MED17;MED11;MED14;MED30;TAF1B;MED10;MED31;MED1;TBP;TAF12;TAF13;TAF10;TAF11;MED8;MED9;MED27;MED4;MED26;ESR1;MED29;MED6;MED28;MED7;MED23;MED22;TAF6L;MED21;MED20;TAF8;POLR1E;TAF4B;TAF7;TAF6;TAF5;TAF4;TAF3;TAF2;TAF1,3351
complex_genes,SE,GO_Molecular_Function_2023,NADH Dehydrogenase (Quinone) Activity (GO:0050136),33/34,9.745991014881598e-23,165.57685352622062,9228.640502316419,NDUFB9;NDUFB8;NDUFB7;NDUFB10;NDUFB6;NDUFA12;NDUFB5;NDUFB4;NDUFA10;NDUFB3;NDUFB2;NDUFB1;NDUFV3;NDUFV2;NDUFV1;NDUFA9;NDUFA8;NDUFA7;NDUFA6;NDUFA5;NDUFA4;NDUFA3;NDUFA2;NDUFC2;NDUFC1;NDUFS8;NDUFS7;NDUFS6;NDUFS5;NDUFS4;NDUFS3;NDUFS2;NDUFS1,3351
complex_genes,SE,GO_Biological_Process_2023,Ribonucleoprotein Complex Biogenesis (GO:0022613),69/118,1.088466302418044e-22,7.122337051822557,392.0568161452068,RPL5;WDR3;MRPS12;FCF1;C1ORF131;NAT10;MRPL36;PWP2;WDR46;WDR43;RPL7;RRP9;RPS15;RPS4X;FBL;RPS14;RPS17;RPS16;RPS19;RPL38;RIOK1;RPS11;RPS13;UTP15;RPS9;WDR36;RPS7;UTP11;RPS8;RPS5;NGDN;RPS6;DNTTIP2;WDR75;UTP18;CINP;RPL26;HEATR1;RPL11;SNU13;NOL6;RRP7A;EMG1;EXOSC10;RPS15A;BMS1;PES1;RPL14;UTP20;NOP56;NOP14;NOP58;UTP6;UTP4;PNO1;KRR1;UTP3;RPL35A;WDR12;RCL1;CUL4A;RPS25;BOP1;RPS28;TBL3;MPHOSPH10;RPS24;RPS23;CUL4B,3351
complex_genes,SE,GO_Biological_Process_2023,RNA Polymerase II Preinitiation Complex Assembly (GO:0051123),44/56,3.309018488577024e-22,18.44642677149481,994.5352498821629,GTF2A1;GTF2A2;GTF2B;TAF9;MED19;MED16;MED15;MED18;MED17;MED11;MED14;MED30;MED10;MED31;MED1;TBP;TAF12;TAF13;TAF10;TAF11;MED8;MED9;MED27;MED4;MED26;ESR1;MED29;MED6;MED28;MED7;MED23;MED22;TAF6L;MED21;MED20;TAF8;TAF4B;TAF7;TAF6;TAF5;TAF4;TAF3;TAF2;TAF1,3351
complex_genes,SE,GO_Biological_Process_2023,Positive Regulation Of Stem Cell Population Maintenance (GO:1902459),36/40,3.8150711795369303e-22,45.19004524886878,2429.120178612766,SMARCD1;HDAC2;SF3B3;SMARCB1;HDAC1;ARID4A;ARID4B;ING1;BICRA;ING2;BCL7A;RBBP4;SIN3A;BCL7C;SAP30L;BCL7B;DPF2;BRD9;RBBP7;SUDS3;SMARCE1;SS18;SMARCC1;ACTL6B;PHF10;BICRAL;ACTL6A;TET1;ARID1A;SMARCA2;SAP30;SMARCA4;BRMS1;BRMS1L;SINHCAF;OGT,3351
complex_genes,SE,GO_Molecular_Function_2023,Protein Heterodimerization Activity (GO:0046982),92/190,4.654693116982166e-22,4.767619966059453,257.40556259971606,ITGB1;PHB1;FMR1;HEXA;SMC3;PHB2;IKBKB;TRMT112;PPP2R1A;KRT25;MLX;IL12A;BUD23;IKBKG;FBXO7;PRMT5;CHUK;ITGA3;KRT1;METTL3;CYBB;ARNT;CYBA;ATP1B1;SMC1A;QTRT1;QTRT2;RRAGA;RRAGC;SLC7A9;DDIT3;RRAGD;MICU2;TLR6;MICU1;ATF6;PAFAH1B3;TLR4;ATF3;PAFAH1B2;ATF4;PAFAH1B1;GTF2A1;GTF2A2;EPAS1;PDGFB;SUPT4H1;NOLC1;PDGFA;KATNB1;SLC3A1;PIK3R2;ATP1A1;HIF1A;ADD1;ADD2;FXR1;PPP2CA;SDCBP;SNX1;FXR2;SNX2;IRAK1;TCOF1;IRAK2;KATNA1;NAE1;BAK1;GPHA2;MCL1;BARD1;GABBR2;XBP1;KRT10;LSM5;USF2;USF1;EXT1;EXT2;MLXIPL;LSM6;VAPA;BCL2;UBA3;UBA2;BAX;TAF7;CD247;SAE1;BCL2L2;GPHB5;TAF1,3351
complex_genes,SE,GO_Biological_Process_2023,Aerobic Respiration (GO:0009060),45/59,8.826904707722997e-22,16.17351568576614,855.5126391258998,NDUFB9;NDUFA13;NDUFB8;NDUFB7;NDUFA11;NDUFB10;NDUFB6;UQCRB;NDUFA12;NDUFB11;NDUFB5;NDUFB4;NDUFA10;NDUFB3;NDUFB2;NDUFB1;UQCRH;BLOC1S1;NDUFV3;NDUFV2;NDUFV1;NDUFA9;NDUFA8;NDUFA7;NDUFA6;NDUFA5;NDUFA3;NDUFA2;NDUFA1;NDUFC2;NDUFC1;SDHC;SDHB;ATP5F1D;NDUFS8;NDUFS7;NDUFS6;NDUFS5;NDUFS4;NDUFAB1;NDUFS3;UQCRC1;NDUFS2;NDUFS1;UQCRC2,3351
complex_genes,SE,GO_Biological_Process_2023,Organelle Assembly (GO:0070925),129/322,9.292978331368501e-22,3.413745525419477,180.3348432714581,UBXN2B;TRAF3IP1;UBXN2A;IFT172;FMR1;MCIDAS;AP1S2;AP1S1;AP1S3;VPS36;FBXW8;AP1B1;IFT80;ATG14;ATG13;ATG12;IFT88;IFT81;HGS;CHMP4C;ULK1;WDPCP;CHMP4A;PHIP;VPS25;STAM2;VPS28;NOTCH1;TSG101;INTU;FXR1;KIF3B;ATG101;KIF3A;TTC21B;ATP6V1D;ATG5;AP1M1;BBS2;PLK4;BBS1;HPS1;HPS4;HPS3;IFT122;PARVA;FUZ;HPS6;BBIP1;SNF8;STAM;HPS5;TMEM231;IFT20;AHI1;NSFL1C;IFT22;TMEM17;ATG16L2;ATG16L1;TMEM237;CHMP2B;MKS1;CHMP2A;IFT27;AP4M1;IFT52;TCTN3;AP1G1;CHMP1B;TCTN2;RB1CC1;CHMP1A;TCTN1;IQUB;TMEM107;BBS9;AP3S2;AP3S1;BBS7;IFT57;BBS5;CC2D2A;CEP290;SNAP29;BBS4;ACTR3;IQCB1;ACTR2;PDCD6IP;IFT140;VPS37C;VPS37D;AP3B1;VPS37A;VPS37B;WDR35;IFT43;GORASP2;TMEM216;CHMP3;PIK3C3;CHMP6;IFT46;CHMP7;CHMP5;BECN1;VPS4B;VPS4A;AMBRA1;AP3M1;IFT74;TMEM67;MVB12A;FLNA;EMC6;SEPTIN2;WDR19;AP3D1;SEPTIN6;SEPTIN7;TTC8;STING1;CENPJ;UBAP1;B9D1;CCDC65;B9D2;CLUAP1,3351
complex_genes,SE,GO_Biological_Process_2023,Interferon-Mediated Signaling Pathway (GO:0140888),40/49,2.5465617727554107e-21,22.336320010738614,1157.0215047805684,IFNA5;IFNA4;IFNA7;IFNA6;IFNA1;IFNA2;IFNA8;TANK;IFNL2;TBK1;IFNL1;IRAK1;JAK2;IFNL4;IKBKE;IFNL3;JAK1;IFNA21;IFNAR2;IFNA14;IFNA16;IFNGR1;IFNB1;IL10RB;STAT1;IFNA17;IFNGR2;STAT2;IFNLR1;TYK2;IFNW1;MAVS;IFNG;TRAF3;IFNE;IFNK;TBKBP1;MYD88;IFNA10;IFNAR1,3351
complex_genes,SE,GO_Biological_Process_2023,SCF-dependent Proteasomal Ubiquitin-Dependent Protein Catabolic Process (GO:0031146),37/43,2.7613835032992224e-21,30.969171192918928,1601.1469824430224,FBXO27;CCNF;CUL2;CUL1;FBXO44;FBXL20;FBXO4;FBXO3;FBXO6;BTRC;SKP2;FBXO9;SKP1;FBXW4;FBXW5;FBXW11;FBXW7;FBXO2;FBXO38;FBXO17;FBXO39;FBXL17;FBXL18;FBXL15;FBXL16;FBXL13;FBXL14;FBXL12;FBXO31;RBX1;FBXL8;FBXL3;FBXL2;FBXL5;FBXL4;FBXL7;FBXL6,3351
complex_genes,SE,GO_Cellular_Component_2023,SCF Ubiquitin Ligase Complex (GO:0019005),45/61,2.79989416141648e-21,14.150124773139746,714.9290858333337,FBH1;FBXO27;CCNF;CUL2;FBXO25;CUL1;FBXO45;FBXO44;FBXO42;FBXL20;FBXO4;FBXO3;FBXO6;BTRC;SKP2;FBXO7;FBXO9;SKP1;FBXW4;FBXW5;FBXW11;FBXW7;FBXO2;FBXL19;FBXO38;FBXO17;FBXO39;FBXL17;FBXO15;FBXL18;FBXL15;FBXL16;FBXL13;FBXO32;FBXL14;RBX1;FBXL12;FBXO31;FBXL8;FBXL3;FBXL2;FBXL5;FBXL4;FBXL7;FBXL6,3351
complex_genes,SE,GO_Cellular_Component_2023,Spliceosomal snRNP Complex (GO:0097525),43/57,5.208936393857705e-21,15.445348937640352,769.8985277469058,SF3B4;SF3B5;SF3B2;SF3B3;DDX46;SF3B6;DDX23;SNU13;HTATSF1;PRPF8;SNRPD2;RBMX2;SNRNP70;SNRPD1;SNIP1;SNRPB2;SNRPD3;TXNL4A;SF3B1;SF3A3;SF3A1;SF3A2;LSM5;LSM4;LSM3;LSM2;PRPF4;LSM8;LSM7;SNRNP40;PRPF6;LSM6;PHF5A;DDX39B;SNRPG;SNRPA1;SNRPE;BUD13;PRPF31;SNRPF;SNRNP200;SNRPA;SNRPB,3351
complex_genes,SE,GO_Biological_Process_2023,Regulation Of Cellular Response To Stress (GO:0080135),63/107,5.990070523033826e-21,7.230943098871931,368.1240979987799,GSK3B;TRRAP;BRCA1;SGF29;BRCA2;YY1;BABAM1;BABAM2;RUVBL2;RUVBL1;UIMC1;ATXN7L3;NFRKB;ACTR5;ACTL6A;ACTR8;SIRT1;SUPT7L;UCHL5;DNAJC2;KAT2B;TAF6L;KAT2A;UBE2V2;CRY1;UBE2V1;INO80C;INO80B;SF3B5;ENY2;INO80E;INO80D;SF3B3;ABRAXAS1;TAF9;TAF5L;TFPT;ATXN7;USP1;VHL;BARD1;TAF12;FEM1B;AMFR;MCRS1;TAF10;USP22;RPA2;INO80;MTOR;CDK9;TADA2B;RAD51;TADA3;UBE2N;TAF7;TAF6;TAF5;TAF4;TAF2;ATR;EIF4G1;NFE2L2,3351
complex_genes,SE,GO_Biological_Process_2023,rRNA Processing (GO:0006364),60/101,3.248205455780655e-20,7.385107944060297,363.36116784350264,RPL5;POP4;WDR3;NAT10;RPL7;RRP9;RPS15;FBL;RPS14;SART1;RPS17;RPS16;RPS19;MTREX;RIOK1;PELP1;UTP15;WDR36;RPS7;DIS3;PIH1D1;RPS6;DKC1;NHP2;PIH1D2;RPL27;RPL26;PRKDC;RPL11;NOLC1;SNU13;NOC4L;NOL9;NOL6;RRP7A;EXOSC7;EMG1;EXOSC5;EXOSC10;EXOSC4;EXOSC9;PES1;RPL14;UTP20;EXOSC3;EXOSC2;DCAF13;NOP56;NOP14;NOP58;UTP4;WDR18;RPL35A;RPS25;RPS28;LSM6;LAS1L;MPHOSPH10;NOL11;RPS24,3351
complex_genes,SE,GO_Biological_Process_2023,"mRNA Splicing, Via Spliceosome (GO:0000398)",95/211,3.739377125216515e-20,4.158463420316869,203.94873144349512,ISY1;DDX46;GEMIN2;EIF4A3;HNRNPU;CASC3;PRPF19;USP39;EFTUD2;PNN;SYNCRIP;SART1;METTL14;SNRPD2;SNRPD1;RBMX2;SNRNP70;MAGOH;SNIP1;MTREX;SNRPD3;TXNL4A;BCAS2;CTNNBL1;PRMT5;AQR;NCBP1;NCBP2;METTL3;PLRG1;WDR77;PRPF4;SFPQ;DDX39A;PRPF6;DDX39B;CLNS1A;GEMIN4;SNRPG;STRAP;GEMIN5;PPIE;SNRNP27;GEMIN6;SNRPE;SNRPA1;PABPC1;GEMIN7;SNRPF;GEMIN8;SNRNP200;SNRPA;SNRPB;SF3B4;ZCCHC8;SF3B5;SF3B2;SF3B3;RBM8A;DHX9;SF3B6;DDX1;DDX23;DDX20;SNU13;U2AF1;HTATSF1;PRPF8;U2AF2;SNRPB2;SMN1;SF3B1;SF3A3;HSPA8;SF3A1;SF3A2;CDC5L;CWC15;MAGOHB;LSM5;LSM4;LSM3;LSM2;XAB2;LSM8;LSM7;SNRNP40;SNW1;PHF5A;LSM6;RBM42;RNPS1;PRPF31;BUD13;CDK13,3351
complex_genes,SE,GO_Biological_Process_2023,Positive Regulation Of Transcription By RNA Polymerase II (GO:0045944),272/938,5.50977195361122e-20,2.120036242803375,103.11881590715261,ATF1;ATF2;CCNK;SMARCB1;MAML1;HNRNPU;CCNC;RBPJ;DCAF6;TBK1;MCIDAS;KAT5;MYC;MYB;EPC1;JUNB;MED1;MED8;MED9;MED4;MED6;HCFC1;MED7;DDIT3;RFX5;ATF7;ATF5;ATF6;ATF3;ATF4;PAXIP1;DHX9;EPAS1;PRKDC;CTR9;SUPT4H1;PIK3R2;PIK3R1;HIF1A;PPP3R1;ZNHIT1;HLTF;NKX2-1;FADD;CGA;NKX2-5;S100A10;STAT5A;STAT5B;JUN;XBP1;XRCC6;JUND;SMARCA5;INO80;SMARCA1;SMARCA2;ELL2;ELL3;SMARCA4;FOSL2;SNW1;AGO1;AGO2;REL;CDK12;CDK13;ELL;IL26;MED19;BRCA1;MED16;GLI1;MED15;MED18;GLI3;MED17;GLI2;IKBKB;MED12;MED11;PPP3CA;MED14;PPP3CB;MED13;MED10;MLX;IKBKG;TEAD1;HRAS;NCOA1;SS18;IL11;NCOA2;SREBF1;ANXA2;NCOA6;FSHB;IL18;TET1;FOS;BAZ1B;MED27;MED26;SIRT1;MED29;SREBF2;MED28;MED23;MED22;KAT2B;KAT2A;MED21;MED20;RARA;PPARG;TLR4;TLR2;YAP1;NR1I2;RELA;RELB;RXRB;BCLAF1;RXRA;LEO1;STAT4;STAT6;BRD8;SF3B1;RTRAF;IL33;NFYA;STAT1;PCGF5;IFNB1;NFYB;MCRS1;STAT2;NR1H2;NFYC;STAT3;NR1H3;GRIN1;VEGFA;PER1;MYBBP1A;PSMC3;STING1;PRKRA;CTNNB1;BMAL2;BMAL1;IL17A;CCNT1;KDM1A;YY1;RUVBL2;MEN1;GTF2F1;FOXP3;GTF2F2;RNF40;MYCN;PRPF6;PHIP;KMT2D;NOTCH1;KMT2A;MAX;KMT2C;FOXO3;MED30;DDRGK1;MED31;NLRP3;RIPK1;BPTF;SMAD2;DR1;SMAD4;SMAD3;AUTS2;RFXANK;ESR1;IL4;CDK9;SEM1;MLXIPL;AHI1;IL6;CDK7;MAVS;COPS5;MAFF;RFXAP;TAF4B;UBA2;OGT;NFE2L2;CREBZF;THRB;YBX1;FOXM1;PKD2;PKD1;CDC73;FLCN;DBP;SIN3A;MYBL2;PELP1;ACTR3;ACTR2;TBP;NCBP1;CHUK;NCBP2;ARNT;PEX2;TNFRSF1A;CCNA2;CREB3;SFPQ;CREB1;TFDP1;TFDP2;THRAP3;MYOD1;TRAF6;ITGA6;ITGB1BP1;IRF9;CEBPA;GTF2A1;CEBPB;GTF2A2;HDAC2;ATF6B;CEBPE;HDAC1;TAF9;CEBPG;LEF1;DDX21;E2F1;E2F2;E2F3;E2F4;H2AZ1;MLXIP;RNF20;TAF12;TAF13;TAF10;TAF11;CDC5L;DEK;USF2;USF1;ASXL1;KANSL3;TAF8;TAF7;TAF6;ERCC6;TAF5;TAF4;TAF3;PFKM;TAF2;TAF1,3351
complex_genes,SE,GO_Biological_Process_2023,Positive Regulation Of Transcription Elongation By RNA Polymerase II (GO:0032968),36/43,6.781330555091735e-20,25.818228829993537,1250.0207565496792,CCNK;CCNT1;ELL;MED19;MED16;MED15;CDC73;MED18;MED17;MED11;MED14;MED30;MED10;MED31;LEO1;MED1;NCBP1;NCBP2;MED8;MED9;MED27;MED4;ELL2;MED26;ELL3;MED29;MED6;MED28;MED7;CDK9;MED23;MED22;MED21;MED20;CDK12;CDK13,3351
complex_genes,SE,GO_Biological_Process_2023,"Positive Regulation Of DNA-templated Transcription, Elongation (GO:0032786)",42/56,7.270521826784577e-20,15.081595648232094,728.9018679039036,CCNK;CCNT1;ELL;SUPT4H1;MED19;MED16;MED15;CDC73;MED18;MED17;MED11;MED14;MED30;MED10;MED31;LEO1;KAT7;MED1;NCBP1;NCBP2;MED8;THOC1;MED9;MED27;MED4;THOC5;MED26;ELL2;MED29;MED6;ELL3;MED28;MED7;MED23;CDK9;MED22;DDX39B;MED21;MED20;CDK12;ERCC6;CDK13,3351
complex_genes,SE,GO_Cellular_Component_2023,U2-type Spliceosomal Complex (GO:0005684),55/90,7.422796461924379e-20,7.921029819694868,373.3640237868329,ISY1;EIF4A3;CASC3;PRPF19;EFTUD2;SART1;SNRPD2;RBMX2;SNRNP70;SNRPD1;SNIP1;SNRPD3;TXNL4A;BCAS2;PLRG1;PRPF4;PRPF6;SNRPG;PPIE;SNRPA1;SNRPE;SNRPF;SNRNP200;SNRPB;SF3B4;SF3B5;SF3B2;SF3B3;RBM8A;SF3B6;SNU13;HTATSF1;PRPF8;U2AF2;SNRPB2;SF3B1;SF3A3;SF3A1;SF3A2;CDC5L;CWC15;LSM5;MAGOHB;LSM4;LSM3;LSM2;LSM8;XAB2;LSM7;SNRNP40;LSM6;PHF5A;SNW1;BUD13;PRPF31,3351
complex_genes,SE,GO_Cellular_Component_2023,Serine/Threonine Protein Kinase Complex (GO:1902554),43/60,1.3892978437556847e-19,12.717405220854967,590.8210435445727,CAB39;CAB39L;CCNF;PARD6G;CCNC;PRKCZ;TANK;CCNB3;CCNB2;CCND3;STK11;PARD6B;CCND2;TBK1;PARD6A;CCND1;CCNL2;AZI2;IKBKE;PRKCI;DAPK1;STRADA;STRADB;TGFBR1;TGFBR2;CCNA2;CDK6;CCNY;CDK5;STING1;TRAF3;CDK4;PARD3;CDK3;CDK2;CDK1;TBKBP1;CCNQ;CDK14;CDK5R2;MCM2;CDK16;CDK5R1,3351
complex_genes,SE,GO_Biological_Process_2023,Protein-Containing Complex Assembly (GO:0065003),126/328,1.994699748874115e-19,3.181091411466728,150.48329392913774,SRP19;COL16A1;GTF2B;IL1RAP;PPP2R1A;TRAPPC12;TRAPPC11;RPL38;KNTC1;KIFAP3;KPNA3;AP2M1;CARD10;TRAPPC2L;DNAAF2;COG4;PIH1D1;TRAPPC2B;CYBA;PARD3;ZW10;CSNK2B;GEMIN5;CHMP4A;LLGL1;KMT2D;BLM;PSMD11;KMT2A;DHX9;CUL3;COX7A2;KLHL12;LIN7A;MEFV;CLTRN;RIPK1;FADD;SMAD2;TRAPPC2;TRAPPC3;UVRAG;SMAD4;SMAD3;TRAPPC1;TRAPPC4;TRAPPC5;FN1;FANCA;FANCC;TRAPPC8;EPRS1;DLG4;PSMG3;CHMP2A;MDM2;SRPRA;SRPRB;PSMG1;MDM4;NDUFAF1;PSMG2;MNAT1;MCU;HSP90AB1;GPAA1;SRP54;SLC2A1;CD3G;LAMC1;CD3E;DNAAF10;CASP1;ELOB;IKBKG;TEAD1;RAB5IF;FGB;CCT2;FGA;HSP90AA1;VBP1;FGG;AXIN1;TRAF2;DARS1;TAPBP;VAMP8;TRAPPC6A;AIM2;NEMF;SLC7A9;TCP1;MATN1;CHMP3;ITGB1BP1;PFDN5;PFDN6;YAP1;BECN1;MIS12;RSPH9;CENPA;ADD2;PARD6B;SAMM50;AP2S1;KRIT1;CENPT;RSPH4A;CENPW;BAD;WDR19;ADRM1;RANBP9;PEX14;STING1;APC;CAPZA1;CAPZA2;IL2RB;SPAG1;TCAP;APBA1;CCDC65;CD247,3351
complex_genes,SE,GO_Biological_Process_2023,DNA-templated DNA Replication (GO:0006261),47/69,2.1635635299501493e-19,10.751004292317852,507.5418765717787,PRIM2;BLM;MCM7;PNKP;PRIM1;POLB;ORC5;POLD3;ORC4;CDC45;CHRAC1;ORC6;ORC1;ORC3;POLD1;ORC2;POLD2;REV3L;TOPBP1;POLE;POLG;RFC5;GINS1;GINS2;RFC3;RRM1;RFC4;RFC1;RFC2;GINS3;WDR18;GINS4;RPA1;POLE4;POLA1;POLA2;RAD51;POLG2;RRM2B;POLE2;POLE3;RPA4;MCM3;MCM4;MCM5;MCM6;MCM2,3351
complex_genes,SE,GO_Biological_Process_2023,Membrane Fission (GO:0090148),33/38,3.0832249136247443e-19,33.10741410488246,1550.7281190033982,TSG101;VPS4B;VPS4A;CHMP1B;MVB12A;VPS36;EXOC8;EXOC7;EXOC6B;VPS37C;VPS37D;VPS37A;SNF8;STAM;VPS37B;HGS;CHMP2B;CHMP2A;CHMP4C;EXOC4;CHMP3;EXOC3;UBAP1;CHMP4A;EXOC6;EXOC5;CHMP6;CHMP7;STAM2;VPS25;EXOC2;VPS28;CHMP5,3351
complex_genes,SE,GO_Molecular_Function_2023,DNA-directed 5'-3' RNA Polymerase Activity (GO:0003899),31/34,3.1228095719691337e-19,51.809839357429716,2452.0356750866536,PRIM2;PRIM1;POLR2A;POLR2B;POLR2C;POLR2E;POLR2F;POLR2H;POLR2I;POLR2J;POLR2K;POLR2L;POLRMT;POLR3A;POLR3B;POLR1A;POLR3C;MED21;POLR1B;POLR3D;MED20;POLR1C;POLR3E;POLR1D;POLR3F;POLR1E;POLR3G;POLR1F;POLR3H;POLR1H;POLR3K,3351
complex_genes,SE,GO_Biological_Process_2023,Telomere Maintenance (GO:0000723),46/68,8.641496198551204e-19,10.519075780497868,481.7070114895637,INO80C;INO80B;BLM;INO80E;INO80D;PRKDC;PTEN;SMC5;SMC6;YY1;TFPT;TERT;RUVBL2;RUVBL1;NBN;TRAPPC13;NFRKB;CTC1;XRCC6;XRCC5;ACTR5;MCRS1;ACTL6A;NSMCE2;TINF2;XRCC3;RPA1;HUS1;RPA2;ACTR8;INO80;TERF1;TERF2;UCHL5;MAD2L2;RAD51D;RAD50;RAD51;ERCC4;RPA3;SHLD2;SHLD1;POT1;TERF2IP;SLX1A;ATR,3351
complex_genes,SE,GO_Biological_Process_2023,Nucleotide-Excision Repair (GO:0006289),41/56,9.54349273061457e-19,13.736032225579054,627.4559649725944,GTF2H2C;CETN2;PNKP;MRPL36;XPC;BRCA2;TENT4A;POLB;POLD3;SLX4;KAT5;POLD1;POLR2I;POLE;USP7;RPA1;HUS1;LIG4;RPA2;RAD23A;FANCC;COMMD1;GTF2H2;GTF2H3;RAD23B;SIRT1;GTF2H4;GTF2H5;DDB2;DDB1;POLA1;XAB2;ERCC3;ERCC4;ERCC1;RPA3;ERCC2;RPA4;ERCC8;MMS19;ERCC6,3351
complex_genes,SE,GO_Biological_Process_2023,Regulation Of DNA-templated Transcription (GO:0006355),472/1922,1.5280820200902516e-18,1.718491334395324,77.66588644230318,ATF1;RB1;ATF2;PHB1;TRRAP;RBPJ;PHB2;BACH1;RRP8;BACH2;RPL6;MYC;MYB;JUNB;NFRKB;MED1;MED8;HCFC2;MED4;MED6;HCFC1;MED7;DDIT3;RFX5;ATF7;ATF5;ATF6;CLOCK;ATF3;ATF4;URI1;MEAF6;SRCAP;PDGFB;BAZ2A;XPC;BCL10;MRPL12;HIF1A;CIAO1;NUP85;RAD21;NKX2-1;HOXC9;NKX2-5;KAT14;NFE2;JUN;JUND;NFATC2;TRIP4;SNF8;INO80;FOSL2;FOSL1;COL1A1;TADA2B;TADA2A;HNRNPD;REL;MMS19;CDK14;EZH2;CDK16;LIN54;GTF2H2C;PHF20;PHF1;MRPL36;MED16;GLI1;ING1;MED18;GLI3;MED17;GLI2;MED12;IKBKB;ING4;ING5;MED14;NIPBL;ING2;MED13;ING3;ELOC;TEAD1;SS18;BATF2;BATF3;BRD1;RING1;ACTL6B;ACTL6A;BAZ1A;FOS;BAZ1B;MED27;MED26;SIRT1;MED29;MED23;MED22;KAT2B;TAF6L;KAT2A;AEBP2;MED21;MED20;MTF2;RARA;PPARG;JDP2;SF3B5;SF3B3;KARS1;NR1I2;HOXD10;BCLAF1;HAS3;STAT4;PCGF1;PRAME;STAT6;BRD9;BRD8;BRD7;MBD3;PCGF6;UTP4;PCGF5;STAT1;MCRS1;NR1H2;STAT2;MBD2;PCGF3;STAT3;ELP2;NR1H3;ELP3;GTF2H1;ELP4;GTF2H2;GATAD2B;GATAD2A;PSMC5;PHF5A;RYBP;MYBBP1A;LIMS1;CSF2;CCNT1;NCF1;GMNN;YEATS4;YY1;RUVBL2;RUVBL1;MEN1;KCNH2;THOC1;FOXP4;FOXP3;FOXP2;FOXP1;SAP30;MORF4L1;MAF;KAT6B;KAT6A;MORF4L2;PHIP;INO80C;INO80B;KMT2D;BLM;INO80E;ENY2;INO80D;NOTCH1;KMT2A;MAX;KMT2B;FOXO3;MED30;ATXN7;TTC21B;MED31;MBIP;DR1;BRPF1;BICRAL;BRPF3;ATP8B1;RFXANK;MLXIPL;CNOT7;MAFB;CDK5;YEATS2;CNOT2;MAFG;MAFF;TADA3;MDM2;NFE2L3;MDM4;MAFK;MNAT1;OGT;NFE2L2;ZC3H8;FOXM1;DNMT3L;VPS72;SIN3A;WDR5;CEP290;YAF2;CHUK;ACTR6;ACTR5;DNMT3A;MSL2;MSL3;ARNT;ACTR8;MSL1;DNAJC2;TFDP1;TFDP2;TRAF6;LCOR;BIRC5;SOS1;MCM2;CEBPA;SMARCD1;PRKAA1;CEBPB;HDAC2;SMARCD2;SMARCD3;CEBPD;CEBPE;HDAC1;CEBPG;CXXC1;POLR2A;RBBP4;E2F1;RBBP8;E2F2;SAP18;E2F3;ASCC2;E2F4;RBBP7;E2F5;E2F6;POLR2K;POLR2L;MLXIP;RNF20;SMARCE1;ASCC1;FBXL19;CDC5L;HNRNPAB;POLR3C;POLR3F;POLR3G;BCOR;CCNK;SMARCB1;ACTB;CCAR2;KAT5;PPP2R1A;DPF1;DPF2;EPC1;KAT8;DPF3;EPC2;KAT7;CCNL2;BTRC;ATXN7L3;SMARCC1;SMARCC2;TFAM;CCNQ;L3MBTL1;DHX9;EPAS1;SUPT4H1;HTATSF1;MBTD1;ZNHIT1;MIER1;SNX5;SNX6;STAT5A;STAT5B;XBP1;XRCC6;XRCC5;SMARCA5;SMARCA1;SMARCA2;SMARCA4;ZZZ3;SNW1;RCOR3;RCOR2;RCOR1;SUV39H1;IFNA2;RSF1;SGF29;BRCA1;BRCA2;PPP3CB;QARS1;SUFU;UIMC1;MLX;BBS7;HRAS;IL10;NCOA1;SREBF1;NCOA2;PRMT5;PBRM1;NCOA6;COMMD7;UCHL5;YAP1;RELA;RELB;PPP2CA;RXRB;MNT;RXRA;NFIL3;NFYA;NFYB;NFYC;PEX14;BATF;MAD2L2;PER2;PER1;PRKRA;CTNNB1;BMAL2;MPHOSPH8;BMAL1;CDK5R1;NDUFA13;KDM1A;JADE1;ARID4A;JADE3;ARID4B;JADE2;ARID2;PCID2;KDM2A;KDM2B;FBXW11;ARID5B;SUPT7L;MYCL;BRMS1;MYCN;PSPC1;TIMELESS;PPIE;UBE2V1;TAF5L;EP400;DMAP1;SUDS3;BPTF;SMAD2;HSPA8;SMAD4;UBE2I;SMAD3;CBX4;PHF10;CBX3;NONO;ESR1;IL4;GCLC;IL6;MRGBP;RFXAP;UBA2;MXD1;MXD3;MXD4;PHF19;CREBZF;MIDEAS;ILK;CHD4;YBX1;CHD3;DBP;BCL7A;SFR1;BCL7C;BCL7B;NUP62;GET1;EED;AXIN1;ARID1A;ARID1B;TGFBR1;CREB3;SFPQ;CREB1;IFNG;THRAP3;MYOD1;CRY2;CRY1;IFNK;TERF2IP;PFDN5;IRF9;ATF6B;LEF1;TAF9;TGFBRAP1;LIN9;RNF2;BICRA;TFPT;MTA1;IFNL1;SAP30L;MXI1;VHL;MTA2;MTA3;TAF12;TAF10;USP22;DEK;EPOP;USF2;USF1;CD4;KANSL1;KANSL2;KANSL3;TAF7;NAA16;TAF6;ERCC6;NAA15;TAF5;TAF4;TAF2,3351
complex_genes,SE,GO_Cellular_Component_2023,Small Ribosomal Subunit (GO:0015935),34/42,2.0817108866065484e-18,21.321751582755503,931.8011697943457,MRPS12;RPS15;RPS4X;RPS14;RPS17;RPS15A;RPS16;RPS19;RPS18;RACK1;RPS3;RPS2;RPS11;RPS27A;RPS10;RPS13;RPS9;RPS7;RPS8;RPS5;RPS6;RPSA;EIF2S1;MRPS6;RPS26;RPS25;RPS28;RPS29;RPS20;FAU;RPS21;UBA52;RPS24;RPS23,3351
complex_genes,SE,GO_Cellular_Component_2023,SAGA-type Complex (GO:0070461),32/38,2.39567044274895e-18,26.743798332831172,1163.7540394580335,SF3B5;ENY2;SF3B3;TRRAP;TAF9;SGF29;TAF5L;MBIP;WDR5;ATXN7L3;MAP3K7;KAT14;DR1;TAF12;TAF10;USP22;SUPT7L;POLE4;TADA2B;KAT2B;TAF6L;KAT2A;TADA2A;ZZZ3;YEATS2;POLE3;TADA3;TAF7;TAF6;TAF5;TAF4;TAF2,3351
complex_genes,SE,GO_Biological_Process_2023,Positive Regulation Of DNA Metabolic Process (GO:0051054),60/108,3.0029099659670104e-18,6.305454269219083,280.61963440272,FAF1;BRCA1;GLI1;GLI2;YY1;BABAM1;BABAM2;DNMT3L;MYC;RUVBL2;RUVBL1;UIMC1;KAT7;NBN;NFRKB;PDGFRB;APOBEC1;USP7;ACTR5;TINF2;ACTL6A;ACTR8;BAZ1A;TERF1;SIRT1;TERF2;UCHL5;POT1;TERF2IP;INO80C;INO80B;PRIM2;INO80E;INO80D;PCNA;DHX9;ABRAXAS1;CEBPG;PDGFB;TFPT;SLX4;RPS3;CTC1;GINS1;CDT1;GINS2;ACD;BRPF3;GINS3;MCRS1;GINS4;SMARCA5;INO80;HNRNPAB;RAD50;RAD51;APLF;UBE2N;ERCC6;WRAP53,3351
complex_genes,SE,GO_Biological_Process_2023,mRNA Export From Nucleus (GO:0006406),43/62,3.2163306652286878e-18,11.377362693311271,505.23953971001083,FYTTD1;SMG1;ENY2;NUP107;NXT1;RBM8A;POLDIP3;FMR1;EIF4A3;CASC3;NXT2;NUP160;GLE1;NXF1;NXF2;NXF3;PABPN1;NUP85;MAGOH;TPR;NUP88;RAE1;NUP214;PCID2;CHTOP;NCBP1;NUP133;NCBP2;ALYREF;THOC1;THOC3;THOC2;THOC5;MAGOHB;THOC7;THOC6;NUP93;MCM3AP;DDX39A;DDX39B;SARNP;ZC3H11A;NCBP3,3351
complex_genes,SE,GO_Biological_Process_2023,Protein-Containing Complex Disassembly (GO:0032984),43/62,3.2163306652286878e-18,11.377362693311271,505.23953971001083,GSK3B;BECN1;VCP;TSG101;STX17;VPS4B;VPS4A;PIK3R4;GSPT2;GSPT1;FRAT1;FRAT2;CHMP1B;MYC;CHMP1A;SNAP29;RPL17;VPS16;HSPA8;UVRAG;VPS33A;VPS33B;PEX2;PEX10;ATG14;PEX12;SEPTIN9;PEX14;PPP1CA;VAMP8;VAMP7;CHMP2B;CHMP4C;CHMP2A;CHMP3;CHMP4A;ETF1;PIK3C3;VIPAS39;CHMP6;CHMP7;TECPR1;CHMP5,3351
complex_genes,SE,GO_Cellular_Component_2023,U2-type Precatalytic Spliceosome (GO:0071005),37/49,3.356640649863782e-18,15.479003218668277,667.6586786821355,SF3B4;SF3B5;SF3B2;SF3B3;SNU13;PRPF8;EFTUD2;SART1;SNRPD2;RBMX2;SNRPD1;SNIP1;SNRPB2;SNRPD3;TXNL4A;SF3B1;SF3A3;SF3A1;SF3A2;LSM5;MAGOHB;LSM4;LSM3;LSM2;PRPF4;LSM8;LSM7;PRPF6;LSM6;PHF5A;SNRPG;SNRPA1;SNRPE;PRPF31;SNRPF;SNRNP200;SNRPB,3351
complex_genes,SE,GO_Biological_Process_2023,Cytokine-Mediated Signaling Pathway (GO:0019221),104/257,6.283950315139785e-18,3.453331481447933,150.9930789989928,CSF2;TRAF3IP2;IL5RA;IL1RAP;IL27RA;PYCARD;IL18RAP;IL12A;IL13RA2;MAP3K7;IL13RA1;IL15RA;IFNA14;IL1R1;IFNA16;IFNA17;RRAGA;CSNK2B;IL6ST;CARD14;IFNA10;CSF1R;CTR9;EBI3;PDGFB;CSF2RB;FOXO3;CSF2RA;IRAK1;IRAK2;RIPK1;IFNA21;STAT5A;STAT5B;SMAD4;IFNW1;IL2;IL4;IL3;IL6;IL5;MYD88;IFNA5;IFNA4;IFNA7;IFNA6;CXCL8;IFNA1;TRADD;IFNA2;ILK;IFNA8;IKBKB;JAK2;JAK1;IL11;CHUK;IL15;IL18;TRAF2;TYK2;IRAK4;TNFRSF1B;COMMD7;IL17RC;SIRT1;IL17RA;TNFRSF1A;IL1A;AIM2;TRAF3;IFNE;TRAF6;IL3RA;TRAF5;IFNK;SOS1;BIRC2;BIRC3;YAP1;CEBPA;IL2RG;RELA;DUOX1;IL1RL1;CXCR2;STAT4;IL21R;STAT6;DUOX2;IL12RB2;IL33;IFNB1;IL37;STAT1;IL34;STAT3;CD4;IL2RA;IL2RB;IL17F;IL18R1;IL17A;LIMS1,3351
complex_genes,SE,GO_Biological_Process_2023,mRNA Processing (GO:0006397),92/214,6.5430484712139794e-18,3.8241741658660255,167.00121927472892,ISY1;RAMAC;DDX46;GEMIN2;EIF4A3;HNRNPU;CASC3;PRPF19;USP39;EFTUD2;PNN;SYNCRIP;SART1;METTL14;SNRPD2;SNRPD1;RBMX2;SNRNP70;MAGOH;SNIP1;MTREX;SNRPD3;TXNL4A;BCAS2;CTNNBL1;AQR;NCBP1;NCBP2;METTL3;PLRG1;FBXO11;PRPF4;SFPQ;DDX39A;PRPF6;DDX39B;SNRPG;GEMIN5;PPIE;SNRNP27;GEMIN6;SNRPE;SNRPA1;PABPC1;GEMIN7;SNRPF;SNRNP200;SNRPA;SNRPB;SF3B4;ZCCHC8;SF3B5;SF3B2;SF3B3;RBM8A;RNMT;SF3B6;DDX23;SNU13;U2AF1;HTATSF1;PRPF8;U2AF2;SNRPB2;SF3B1;SF3A3;HSPA8;SF3A1;CPSF7;SF3A2;CPSF6;ALYREF;CPSF3;CDC5L;CWC15;MAGOHB;LSM5;LSM4;LSM3;LSM2;NUDT21;XAB2;LSM8;LSM7;SNRNP40;SNW1;PHF5A;LSM6;RBM42;RNPS1;PRPF31;BUD13,3351
complex_genes,SE,GO_Cellular_Component_2023,Precatalytic Spliceosome (GO:0071011),38/52,7.190122776607198e-18,13.628778405415893,576.890596094686,SF3B4;SF3B5;SF3B2;SF3B3;SF3B6;SNU13;PRPF8;EFTUD2;SART1;SNRPD2;RBMX2;SNRPD1;SNIP1;SNRPB2;SNRPD3;TXNL4A;SF3B1;SF3A3;SF3A1;SF3A2;LSM5;MAGOHB;LSM4;LSM3;LSM2;PRPF4;LSM8;LSM7;PRPF6;LSM6;PHF5A;SNRPG;SNRPA1;SNRPE;PRPF31;SNRPF;SNRNP200;SNRPB,3351
complex_genes,SE,GO_Biological_Process_2023,Histone H3 Acetylation (GO:0043966),31/36,7.385384408609563e-18,31.082168674698796,1353.1732535317572,SF3B5;ENY2;SF3B3;TRRAP;TAF9;SGF29;TAF5L;MBIP;WDR5;ATXN7L3;MAP3K7;KAT14;DR1;TAF12;TAF10;USP22;SUPT7L;TADA2B;KAT2B;TAF6L;KAT2A;TADA2A;ZZZ3;YEATS2;POLE3;TADA3;TAF7;TAF6;TAF5;TAF4;TAF2,3351
complex_genes,SE,GO_Biological_Process_2023,mRNA Transcription By RNA Polymerase II (GO:0042789),32/38,7.438733610663674e-18,26.743798332831172,1163.7540394580335,THRB;TAF9;RXRB;RXRA;HLTF;S100A10;NCOA1;MED1;NCOA2;TBP;NCBP1;TAF12;NCBP2;TAF13;NR1H2;TAF10;TAF11;NR1H3;CREB1;RARA;TAF8;TAF4B;TAF7;NCBP3;PPARG;TAF6;TAF5;TAF4;TAF3;TAF2;ATF4;TAF1,3351
complex_genes,SE,GO_Cellular_Component_2023,MLL1/2 Complex (GO:0044665),28/31,7.61321115234408e-18,46.75373658340857,1974.4503649507085,INO80C;KMT2A;MAX;PHF20;KMT2B;TAF9;DPY30;RNF2;RBBP5;RUVBL2;RUVBL1;WDR5;KAT8;E2F6;MEN1;PELP1;MCRS1;TEX10;HCFC2;SENP3;HCFC1;KANSL1;LAS1L;TAF7;PRPF31;TAF6;TAF4;TAF1,3351
complex_genes,SE,GO_Biological_Process_2023,"RNA Splicing, Via Transesterification Reactions With Bulged Adenosine As Nucleophile (GO:0000377)",82/180,7.895358050677718e-18,4.236401321005612,184.03887246499792,ISY1;DDX46;EIF4A3;HNRNPU;CASC3;PRPF19;USP39;EFTUD2;PNN;SART1;SYNCRIP;METTL14;SNRPD2;RBMX2;SNRPD1;SNRNP70;MAGOH;SNIP1;MTREX;SNRPD3;TXNL4A;BCAS2;CTNNBL1;AQR;NCBP1;NCBP2;METTL3;PLRG1;PRPF4;DDX39A;PRPF6;DDX39B;SNRPG;GEMIN5;PPIE;SNRNP27;GEMIN6;SNRPE;SNRPA1;GEMIN7;SNRPF;PABPC1;SNRNP200;SNRPA;SNRPB;ZCCHC8;SF3B4;SF3B5;SF3B2;SF3B3;RBM8A;SF3B6;DDX23;SNU13;U2AF1;HTATSF1;PRPF8;U2AF2;SNRPB2;SF3B1;SF3A3;HSPA8;SF3A1;SF3A2;CDC5L;CWC15;LSM5;MAGOHB;LSM4;LSM3;LSM2;LSM8;XAB2;LSM7;SNRNP40;LSM6;SNW1;PHF5A;RBM42;RNPS1;BUD13;PRPF31,3351
complex_genes,SE,GO_Cellular_Component_2023,Cytosolic Small Ribosomal Subunit (GO:0022627),33/41,8.199612511238282e-18,20.688404159132006,871.3425062385832,MRPS12;RPS15;RPS4X;RPS14;RPS17;RPS15A;RPS16;RPS19;RPS18;RACK1;RPS3;RPS2;RPS11;RPS27A;RPS10;RPS13;RPS9;RPS7;RPS8;RPS5;RPS6;RPSA;EIF2S1;RPS26;RPS25;RPS28;RPS29;RPS20;FAU;RPS21;UBA52;RPS24;RPS23,3351
complex_genes,SE,GO_Cellular_Component_2023,Core Mediator Complex (GO:0070847),23/23,2.071937290220608e-17,382927,15758484.501341967,MED8;MED19;MED9;MED16;MED27;MED4;MED15;MED26;MED18;MED29;MED6;MED17;MED28;MED7;MED23;MED11;MED22;MED14;MED30;MED10;MED21;MED20;MED31,3351
complex_genes,SE,GO_Cellular_Component_2023,MLL1 Complex (GO:0071339),27/30,3.691621007719244e-17,45.07039711191336,1827.0981303150932,INO80C;KMT2A;MAX;PHF20;TAF9;DPY30;RNF2;RBBP5;RUVBL2;RUVBL1;WDR5;KAT8;E2F6;MEN1;PELP1;MCRS1;TEX10;HCFC2;SENP3;HCFC1;KANSL1;LAS1L;TAF7;PRPF31;TAF6;TAF4;TAF1,3351
complex_genes,SE,GO_Biological_Process_2023,Regulation Of Nucleotide-Excision Repair (GO:2000819),25/26,4.661174929591687e-17,125.13529765484066,5212.358760708899,SMARCD1;SMARCD2;SMARCB1;SMARCD3;BCL7A;BCL7C;BCL7B;DPF1;DPF2;DPF3;KAT7;ARID2;BRD7;SMARCE1;PBRM1;SMARCC1;SMARCC2;ACTL6B;PHF10;ACTL6A;ARID1A;ARID1B;SMARCA2;SMARCA4;ERCC8,3351
complex_genes,SE,GO_Biological_Process_2023,U2-type Prespliceosome Assembly (GO:1903241),23/23,7.59584550518268e-17,382927,15758484.501341967,SF3A3;SF3B4;SF3B5;SF3A1;SF3B2;SF3A2;SF3B3;DDX46;SF3B6;HTATSF1;PHF5A;SNRPD2;RBMX2;SNRPD1;SNRPG;SNIP1;SNRPA1;SNRPB2;SNRPE;SNRPD3;SNRPF;SF3B1;SNRPB,3351
complex_genes,SE,GO_Biological_Process_2023,rRNA Metabolic Process (GO:0016072),52/91,1.5011518103138787e-16,6.71314539759523,271.6065909040457,RPL5;POP4;DIS3L;RPL7;RRP9;RPS15;FBL;RPS17;RPS16;RPS19;MTREX;PELP1;UTP15;WDR36;RPS7;DIS3;PIH1D1;MARS1;RPS6;XRN1;DKC1;PIH1D2;RPL27;POLR1G;RPL26;GTF3C1;RPL11;NOLC1;NOC4L;NOL6;EXOSC7;RRP7A;EXOSC6;EMG1;EXOSC5;EXOSC10;EXOSC4;EXOSC9;PES1;RPL14;UTP20;EXOSC3;EXOSC2;DCAF13;NOP56;NOP14;NOP58;WDR18;RPL35A;RPS25;RPS28;RPS24,3351
complex_genes,SE,GO_Cellular_Component_2023,SWI/SNF Complex (GO:0016514),26/29,1.928432976710774e-16,43.3880701754386,1685.6457965092545,RB1;SMARCD1;SMARCD2;SMARCB1;SMARCD3;BICRA;BCL7A;BCL7C;BCL7B;DPF2;DPF3;BRD9;ARID2;SMARCE1;SS18;PBRM1;SMARCC1;SMARCC2;ACTL6B;PHF10;BICRAL;ACTL6A;ARID1A;ARID1B;SMARCA2;SMARCA4,3351
complex_genes,SE,GO_Cellular_Component_2023,U4/U6 X U5 tri-snRNP Complex (GO:0046540),29/35,2.252778873393684e-16,24.21467991169978,936.1658181467184,DDX23;SNU13;USP39;PRPF8;EFTUD2;SART1;SNRPD2;SNRPD1;SNRPD3;TXNL4A;LSM5;LSM4;LSM3;LSM2;LSM8;PRPF4;LSM7;SNRNP40;LSM6;PRPF6;SNRPG;RBM42;SNRNP27;PRPF31;SNRPE;SNRPF;SNRNP200;SNRPA;SNRPB,3351
complex_genes,SE,GO_Biological_Process_2023,RNA Export From Nucleus (GO:0006405),42/65,4.521643905334775e-16,9.175135007292365,360.98514750427063,FYTTD1;SMG1;POM121;NUP107;NXT1;NUP188;RBM8A;FMR1;EIF4A3;CASC3;NXT2;NUP160;GLE1;NXF1;NXF2;NXF3;NUP85;MAGOH;NUP62;TPR;NUP88;RAE1;NUP214;CHTOP;NCBP1;NUP133;NUP155;NCBP2;ALYREF;THOC1;THOC3;NUP153;THOC2;THOC5;MAGOHB;THOC7;THOC6;MCM3AP;DDX39A;DDX39B;SARNP;NCBP3,3351
complex_genes,SE,GO_Biological_Process_2023,Internal Peptidyl-Lysine Acetylation (GO:0018393),31/39,6.513511769659688e-16,19.42285391566265,756.8421538538901,MEAF6;TRRAP;TAF9;YEATS4;TAF5L;BAG6;MBTD1;ING3;KAT5;VPS72;RUVBL2;RUVBL1;EP400;EPC1;EPC2;KAT7;BRD8;DMAP1;KAT14;TAF12;TAF10;ACTL6A;KAT2B;MORF4L1;TAF6L;KAT2A;MRGBP;TADA2A;YEATS2;MORF4L2;TADA3,3351
complex_genes,SE,GO_Biological_Process_2023,Multivesicular Body Assembly (GO:0036258),26/29,7.227486649908743e-16,43.3880701754386,1685.6457965092545,TSG101;VPS4B;VPS4A;CHMP1B;MVB12A;VPS36;PDCD6IP;VPS37C;VPS37D;VPS37A;SNF8;STAM;VPS37B;HGS;CHMP2B;CHMP2A;CHMP4C;CHMP3;UBAP1;CHMP4A;CHMP6;CHMP7;STAM2;VPS25;VPS28;CHMP5,3351
complex_genes,SE,GO_Biological_Process_2023,Regulation Of Double-Strand Break Repair Via Homologous Recombination (GO:0010569),44/71,7.543860672328695e-16,8.191020170457728,317.68162696595186,WDR48;KDM1A;MEAF6;FBH1;TRRAP;KLHL15;YEATS4;ACTB;MBTD1;ING3;PPP4C;KAT5;PPP4R2;VPS72;RUVBL2;FIGNL1;RUVBL1;EP400;EPC1;EPC2;TRAPPC13;BRD8;DMAP1;ARID2;ACTR2;RMI2;ACTL6A;RPA2;FANCB;SENP3;SPIDR;OOEP;MAD2L2;MORF4L1;MRGBP;RAD51;MORF4L2;SHLD2;SHLD1;TIMELESS;TERF2IP;MMS19;ERCC6;WRAP53,3351
complex_genes,SE,GO_Biological_Process_2023,Type I Interferon-Mediated Signaling Pathway (GO:0060337),30/37,7.543860672328695e-16,21.476319525100013,832.933082721159,IFNA5;IFNA4;IFNA7;IFNA6;IFNA1;IFNA2;IFNA8;TANK;TBK1;IRAK1;IKBKE;IFNA21;JAK1;IFNAR2;IFNA14;IFNA16;IFNB1;STAT1;IFNA17;STAT2;TYK2;IFNW1;MAVS;TRAF3;IFNE;IFNK;TBKBP1;MYD88;IFNA10;IFNAR1,3351
complex_genes,SE,GO_Biological_Process_2023,NADH Dehydrogenase Complex Assembly (GO:0010257),37/53,7.574170572111139e-16,11.606461225105612,449.8260944501445,NDUFB9;NDUFA13;NDUFB8;NDUFB7;NDUFA11;NDUFB10;NDUFB6;NDUFB11;NDUFB5;NDUFB4;NDUFA10;NDUFB3;NDUFB2;NDUFB1;ECSIT;TMEM186;NDUFA9;NDUFA8;COA1;NDUFA6;NDUFA5;NDUFA3;NDUFA2;NDUFA1;NDUFC2;NDUFC1;TIMM21;NDUFS8;NDUFS7;NDUFS5;NDUFS4;NDUFAB1;NDUFS3;NDUFS2;NDUFS1;TMEM126B;NDUFAF1,3351
complex_genes,SE,GO_Biological_Process_2023,Mitochondrial Respiratory Chain Complex I Assembly (GO:0032981),37/53,7.574170572111139e-16,11.606461225105612,449.8260944501445,NDUFB9;NDUFA13;NDUFB8;NDUFB7;NDUFA11;NDUFB10;NDUFB6;NDUFB11;NDUFB5;NDUFB4;NDUFA10;NDUFB3;NDUFB2;NDUFB1;ECSIT;TMEM186;NDUFA9;NDUFA8;COA1;NDUFA6;NDUFA5;NDUFA3;NDUFA2;NDUFA1;NDUFC2;NDUFC1;TIMM21;NDUFS8;NDUFS7;NDUFS5;NDUFS4;NDUFAB1;NDUFS3;NDUFS2;NDUFS1;TMEM126B;NDUFAF1,3351
complex_genes,SE,GO_Cellular_Component_2023,Spliceosomal tri-snRNP Complex (GO:0097526),29/36,9.411485443249212e-16,20.75419282704051,772.025458403536,DDX23;SNU13;USP39;PRPF8;EFTUD2;SART1;SNRPD2;SNRPD1;SNRPD3;TXNL4A;LSM5;LSM4;LSM3;LSM2;LSM8;PRPF4;LSM7;SNRNP40;LSM6;PRPF6;SNRPG;RBM42;SNRNP27;PRPF31;SNRPE;SNRPF;SNRNP200;SNRPA;SNRPB,3351
complex_genes,SE,GO_Biological_Process_2023,Regulation Of Mitotic Metaphase/Anaphase Transition (GO:0030071),35/49,1.7615767813625684e-15,12.541465621230397,475.3346513385139,RB1;SMARCD1;SMARCD2;SMARCB1;ANAPC15;SMARCD3;CUL3;ANAPC11;CDC20;CCNB1;CDC23;BCL7A;BCL7C;BCL7B;DPF1;DPF2;DPF3;FBXO5;ARID2;BRD7;SMARCE1;PBRM1;SMARCC1;SMARCC2;ACTL6B;ANAPC7;PHF10;ACTL6A;NSMCE2;ARID1A;ARID1B;SMARCA2;SMARCA4;CDC16;ANAPC5,3351
complex_genes,SE,GO_Biological_Process_2023,Regulation Of DNA Replication (GO:0006275),45/75,1.867351490434287e-15,7.54038112522686,285.2634272314332,INO80C;INO80B;BLM;INO80E;INO80D;PCNA;MEAF6;DHX9;FAF1;GMNN;JADE1;JADE3;JADE2;GLI1;SMC3;GLI2;YY1;ORC5;PPP2CA;ING5;TFPT;CHRAC1;MCIDAS;PPP2R1A;RUVBL2;ORC3;RUVBL1;KAT7;FBXO5;NFRKB;CTC1;CDT1;BRPF3;ACTR5;MCRS1;SMARCA5;ACTR8;BAZ1A;INO80;TERF1;UCHL5;CCNA2;POLE3;RAD17;ATR,3351
complex_genes,SE,GO_Biological_Process_2023,Cellular Response To Type I Interferon (GO:0071357),30/38,2.8403600737299803e-15,18.790650406504064,702.7863066016697,IFNA5;IFNA4;IFNA7;IFNA6;IFNA1;IFNA2;IFNA8;TANK;TBK1;IRAK1;IKBKE;IFNA21;JAK1;IFNAR2;IFNA14;IFNA16;IFNB1;STAT1;IFNA17;STAT2;TYK2;IFNW1;MAVS;TRAF3;IFNE;IFNK;TBKBP1;MYD88;IFNA10;IFNAR1,3351
complex_genes,SE,GO_Cellular_Component_2023,INO80-type Complex (GO:0097346),23/25,3.59232136010153e-15,57.52418870192308,2059.1678677233,INO80C;INO80B;INO80E;INO80D;SRCAP;TRRAP;ACTR6;ACTR5;MCRS1;ACTR8;INO80;UCHL5;YY1;TFPT;ING3;ZNHIT1;KAT5;RUVBL2;RUVBL1;EP400;BRD8;DMAP1;NFRKB,3351
complex_genes,SE,GO_Cellular_Component_2023,U2 snRNP (GO:0005686),23/25,3.59232136010153e-15,57.52418870192308,2059.1678677233,SF3B4;SF3A3;SF3B5;SF3B2;SF3A1;SF3B3;SF3A2;DDX46;SF3B6;HTATSF1;PHF5A;SNRPD2;RBMX2;SNRPD1;SNRPG;SNIP1;SNRPB2;SNRPA1;SNRPE;SNRPD3;SNRPF;SF3B1;SNRPB,3351
complex_genes,SE,GO_Biological_Process_2023,Histone Deubiquitination (GO:0016578),28/34,3.9718677637403524e-15,23.372655231216772,866.0619372971967,SF3B5;ENY2;SF3B3;TRRAP;TAF9;BRCA1;SGF29;TAF5L;BABAM1;BABAM2;ATXN7;UIMC1;ATXN7L3;BARD1;TAF12;TAF10;USP22;SUPT7L;TADA2B;KAT2B;TAF6L;KAT2A;TADA3;TAF7;TAF6;TAF5;TAF4;TAF2,3351
complex_genes,SE,GO_Biological_Process_2023,Multivesicular Body Organization (GO:0036257),26/30,4.107193502277247e-15,32.5390977443609,1204.2740403075989,TSG101;VPS4B;VPS4A;CHMP1B;MVB12A;VPS36;PDCD6IP;VPS37C;VPS37D;VPS37A;SNF8;STAM;VPS37B;HGS;CHMP2B;CHMP2A;CHMP4C;CHMP3;UBAP1;CHMP4A;CHMP6;CHMP7;STAM2;VPS25;VPS28;CHMP5,3351
complex_genes,SE,GO_Cellular_Component_2023,Histone Acetyltransferase Complex (GO:0000123),24/27,4.755590518919805e-15,40.02645025548542,1420.385867149713,BRPF1;MEAF6;PHF20;BRPF3;MCRS1;JADE1;JADE3;JADE2;SGF29;TAF5L;HCFC1;ING4;TADA2B;ING5;KAT2B;KAT2A;TADA2A;KANSL1;KANSL2;KANSL3;WDR5;KAT8;KAT7;OGT,3351
complex_genes,SE,GO_Biological_Process_2023,Regulation Of G1/S Transition Of Mitotic Cell Cycle (GO:2000045),55/106,4.933086507164483e-15,5.430765752903103,199.93921667071166,RB1;SMARCB1;CCNH;JADE1;PTEN;PKD2;PKD1;CDC73;LSM10;RPTOR;CCND2;LSM11;BCL7A;BCL7C;DPF1;BCL7B;DPF2;DPF3;ARID2;SMARCC1;PBRM1;SMARCC2;ACTL6B;ACTL6A;ARID1A;ARID1B;RBL2;RBL1;TFDP1;PSME3;PSME1;PSME2;SMARCD1;SMARCD2;SMARCD3;AMBRA1;PPP2CA;E2F1;BRD7;SMARCE1;STIL;RRM1;RRM2;PHF10;CPSF3;INO80;SMARCA2;SMARCA4;CDK7;DLG1;APC;CENPJ;SASS6;MNAT1;EIF4G1,3351
complex_genes,SE,GO_Biological_Process_2023,mRNA Transcription (GO:0009299),32/43,5.155866999314521e-15,14.583143882330384,535.9389786519266,THRB;TAF9;RXRB;RXRA;HLTF;S100A10;NCOA1;MED1;NCOA2;TBP;NCBP1;TAF12;NCBP2;TAF13;NR1H2;TAF10;TAF11;NR1H3;CREB1;RARA;TAF8;TAF4B;TAF7;NCBP3;PPARG;TAF6;TAF5;TAF4;TAF3;TAF2;ATF4;TAF1,3351
complex_genes,SE,GO_Biological_Process_2023,Regulation Of Chromosome Organization (GO:0033044),32/43,5.155866999314521e-15,14.583143882330384,535.9389786519266,INO80C;RB1;INO80B;INO80E;SMG1;INO80D;SMC5;SMC6;YY1;TFPT;MYC;RUVBL2;RUVBL1;NFRKB;RMI2;SLF1;SLF2;XRCC5;ACTR5;MCRS1;NSMCE3;NSMCE2;NSMCE1;LIG4;ACTR8;INO80;TERF2;UCHL5;EID3;NSMCE4A;HNRNPD;TERF2IP,3351
complex_genes,SE,GO_Biological_Process_2023,Regulation Of Cell Cycle G1/S Phase Transition (GO:1902806),44/74,6.279604677801505e-15,7.370587642374761,269.34291085973825,SMARCD1;SMARCD2;SMARCB1;SMARCD3;CCNH;PTEN;AMBRA1;GLI1;PHB2;PKD1;CDC73;PPP2CA;BCL7A;DDRGK1;BCL7C;BCL7B;DPF1;DPF2;E2F1;DPF3;ARID2;BRD7;SMARCE1;PBRM1;SMARCC1;SMARCC2;ACTL6B;PHF10;FBXW7;ACTL6A;PEX2;INO80;ARID1A;ARID1B;SMARCA2;SMARCA4;CDK7;APC;PSME3;PSME1;PSME2;MNAT1;EZH2;TAF1,3351
complex_genes,SE,GO_Biological_Process_2023,mRNA Transport (GO:0051028),38/58,6.9285067045013966e-15,9.536703893751886,347.46251758636004,FYTTD1;SLBP;SMG1;NUP107;NXT1;RBM8A;FMR1;EIF4A3;CASC3;NXT2;NUP160;GLE1;NXF1;NXF2;NXF3;NUP85;MAGOH;TPR;NUP88;RAE1;NUP214;CHTOP;NCBP1;NUP133;NCBP2;ALYREF;THOC1;THOC3;THOC2;THOC5;MAGOHB;THOC7;THOC6;MCM3AP;DDX39A;DDX39B;SARNP;NCBP3,3351
complex_genes,SE,GO_Biological_Process_2023,Protein-Containing Complex Organization (GO:0043933),61/126,7.713681725704786e-15,4.730530745849895,171.79692496136477,GPAA1;SLC2A1;CD3G;IL1RAP;LAMC1;CD3E;PPP2R1A;KNTC1;ELOB;IKBKG;KIFAP3;KPNA3;TEAD1;AP2M1;FGB;NDC1;CARD10;FGA;NUP133;FGG;AXIN1;TRAF2;DARS1;TAPBP;NEMF;SLC7A9;PARD3;ZW10;CSNK2B;MATN1;GEMIN5;NUP54;LLGL1;YAP1;BECN1;NUP205;SEH1L;KMT2A;DHX9;LIN7A;PARD6B;TPR;WDR19;FANCA;RANBP9;FANCC;PEX14;EPRS1;APC;DLG4;CAPZA1;CAPZA2;IL2RB;MDM2;NUP35;TCAP;MDM4;APBA1;NDUFAF1;CD247;MNAT1,3351
complex_genes,SE,GO_Biological_Process_2023,Nuclear Transport (GO:0051169),30/39,9.391271844272137e-15,16.701796647596105,603.0967063605092,AHCTF1;NUP205;POM121;NUP107;SEH1L;NUP188;NUP160;GLE1;NUP42;NUP85;NUP62;TPR;NUP43;NUP88;RAE1;NDC1;NUP214;RANBP2;SEC13;NUP133;NUP155;NUP210;NUP153;RANGAP1;NUP93;NUP50;NUP35;NUP54;NUP58;NUP37,3351
complex_genes,SE,GO_Biological_Process_2023,Monoubiquitinated Histone H2A Deubiquitination (GO:0035522),24/27,1.7172156547198562e-14,40.02645025548542,1420.385867149713,SF3B5;ENY2;SF3B3;TAF12;TRRAP;TAF10;USP22;TAF9;SGF29;RNF2;TAF5L;SUPT7L;TADA2B;KAT2B;TAF6L;KAT2A;ATXN7;TADA3;TAF7;TAF6;TAF5;TAF4;ATXN7L3;TAF2,3351
complex_genes,SE,GO_Biological_Process_2023,Monoubiquitinated Histone Deubiquitination (GO:0035521),24/27,1.7172156547198562e-14,40.02645025548542,1420.385867149713,SF3B5;ENY2;SF3B3;TAF12;TRRAP;TAF10;USP22;TAF9;SGF29;RNF2;TAF5L;SUPT7L;TADA2B;KAT2B;TAF6L;KAT2A;ATXN7;TADA3;TAF7;TAF6;TAF5;TAF4;ATXN7L3;TAF2,3351
complex_genes,SE,GO_Cellular_Component_2023,Polysomal Ribosome (GO:0042788),24/28,2.7173181690618883e-14,30.018034265103697,1012.0365334028854,RPL30;RPL41;RPL32;DHX9;RPL31;RPL11;RPL10A;RPL8;RPL6;RPS26;RPL7A;RPS28;RPL18A;RPL36AL;RPS29;RPL36;EIF3H;RPL24;RPL38;RPL18;RPL39;RPS21;RPL19;RPS23,3351
complex_genes,SE,GO_Biological_Process_2023,Telomere Organization (GO:0032200),39/63,4.576559837514461e-14,8.156891606280194,281.3808302918544,INO80C;INO80B;BLM;INO80E;INO80D;PRKDC;YY1;TFPT;TERT;RUVBL2;RUVBL1;H3C1;NBN;NFRKB;CTC1;XRCC6;H4C9;XRCC5;ACTR5;MCRS1;ACTL6A;TINF2;RPA1;HUS1;RPA2;ACTR8;INO80;TERF1;TERF2;UCHL5;RAD51D;RAD50;ERCC4;RPA3;POT1;TERF2IP;EZH1;ATR;EZH2,3351
complex_genes,SE,GO_Cellular_Component_2023,Chromosome (GO:0005694),70/164,4.5908718650585214e-14,3.7574494024266083,124.60336712779271,SYCP1;FMR1;GTF2B;C1ORF131;HNRNPU;SMC5;SMC6;BRCA1;SMC3;SMC2;KAT7;TRAPPC13;TOPBP1;GET4;PBRM1;DNTTIP1;TEX12;DNTTIP2;LIG4;BAZ1A;SMC1A;SPIDR;RBL2;MYCL;FANCD2;POLR1A;MSH4;POLR1B;BIRC5;TERF2IP;CLOCK;L3MBTL1;BLM;NCAPG;DDX21;PDS5B;FAAP20;SYCE3;SYCE2;EMG1;SYCE1;FIGNL1;RAD21;BMS1;EXOSC9;PES1;EXOSC8;SMARCE1;JUN;UTP6;XRCC4;UTP4;KRR1;SMARCA5;FANCE;MLH1;ELL3;MAD2L2;BOP1;STAG1;STAG2;RAD51;CENPH;ERCC4;SHLD2;SHLD1;MPHOSPH10;INTS7;NCAPD2;ATR,3351
complex_genes,SE,GO_Biological_Process_2023,Regulation Of Autophagy (GO:0010506),92/241,4.612338162147801e-14,3.12608759223297,107.76702244414038,VPS29;GSK3B;GSK3A;WDR41;KEAP1;PIK3CB;GOLGA2;RPTOR;FLCN;UFL1;STK11;TBK1;CAPNS1;KAT5;RB1CC1;MLST8;KAT8;VPS35;TRIM27;CAPN1;WASHC1;IL10;SREBF1;ATP6V0B;EXOC8;DAPK1;EXOC7;FBXW7;CSNK2A2;ATG14;TICAM1;ATG13;SREBF2;RRAGA;CCNY;RRAGC;IFNG;RRAGB;DDIT3;RRAGD;EXOC4;ULK1;PIK3C3;SMCR8;DEPDC5;ATF6;ATP6V0C;GAPDH;ATP6V1A;BECN1;PRKAA1;PRKAA2;NPRL2;NPRL3;PIK3R4;PIK3R2;VPS26A;SNX32;VPS26B;AMBRA1;MEFV;FOXO3;WDR24;ATG101;ATP6V0A2;ATP6V1H;SH3BP4;VHL;ATP6V1D;DCAF12;EIF4E;SNX5;ATP6V0A1;SNX6;MCL1;UVRAG;IFNB1;BAD;IL10RA;STAT3;KLHL22;MTOR;RMC1;CDK5;BCL2;TAB3;TAB2;FBXL2;EIF4G3;CDK16;CDK5R1;EIF4G1,3351
complex_genes,SE,GO_Biological_Process_2023,Nucleocytoplasmic Transport (GO:0006913),34/50,4.612338162147801e-14,10.655750678323786,367.2917923388535,AHCTF1;NUP205;POM121;NUP107;SEH1L;NUP188;BACH2;MALT1;NUP160;GLE1;NUP42;NUP85;NUP62;TPR;NUP43;NUP88;RAE1;NDC1;NUP214;RANBP2;SEC13;UBE2I;NUP133;NUP210;NUP155;NUP153;RANGAP1;NUP93;NEMF;NUP50;NUP35;NUP54;NUP58;NUP37,3351
complex_genes,SE,GO_Biological_Process_2023,Regulation Of Mitotic Cell Cycle Phase Transition (GO:1901990),47/86,5.190174462650728e-14,6.058468367790402,208.05554794727826,KLHL18;SMARCD1;SMARCD2;SMARCB1;SMARCD3;CCNH;CUL3;XPC;AMBRA1;PKD1;PPP2CA;CDC23;BCL7A;BCL7C;BCL7B;DPF1;DPF2;E2F1;DPF3;KNTC1;ARID2;BRD7;SMARCE1;PBRM1;SMARCC1;SMARCC2;ACTL6B;PHF10;ACTL6A;INO80;ARID1A;ARID1B;SMARCA2;SMARCA4;DDB1;CDK7;CDK6;ERCC3;CDK4;PSME3;ZW10;CDK3;CDK2;ERCC2;PSME1;PSME2;MNAT1,3351
complex_genes,SE,GO_Cellular_Component_2023,Sin3 Complex (GO:0016580),20/21,5.618250102700651e-14,99.95797057940558,3289.1841055281575,HDAC2;SF3B3;CSNK2A1;HDAC1;TET1;ARID4B;ING1;SAP30;MORF4L1;ING2;BRMS1;RBBP4;SIN3B;SIN3A;BRMS1L;SAP30L;RBBP7;SINHCAF;SUDS3;OGT,3351
complex_genes,SE,GO_Cellular_Component_2023,Sin3-type Complex (GO:0070822),20/21,5.618250102700651e-14,99.95797057940558,3289.1841055281575,HDAC2;SF3B3;CSNK2A1;HDAC1;TET1;ARID4B;ING1;SAP30;MORF4L1;ING2;BRMS1;RBBP4;SIN3B;SIN3A;BRMS1L;SAP30L;RBBP7;SINHCAF;SUDS3;OGT,3351
complex_genes,SE,GO_Molecular_Function_2023,Transmitter-Gated Monoatomic Ion Channel Activity (GO:0022824),30/40,6.830090958432512e-14,15.030713640469738,524.5500283263297,GABRB3;GRIA1;GABRB2;GRIA2;GABRB1;GRIK5;GRIK3;GRIK4;GRIK1;GRIK2;CHRND;GLRA2;GRIN2A;GLRA3;GABRA2;GABRA1;GABRA6;GABRA5;GABRA4;HTR3E;GABRA3;HTR3C;HTR3D;HTR3A;HTR3B;GRIN2C;GABRG3;GRIN2B;GABRG2;GRIN2D,3351
complex_genes,SE,GO_Biological_Process_2023,Cellular Response To Virus (GO:0098586),39/64,9.454046899874863e-14,7.830144927536232,264.1274189917767,IFNA5;IL21;IFNA4;IFNA7;IFNA6;IFNA1;FMR1;IFNA2;IFNA8;HIF1A;IFNL2;IFNL1;NLRP3;IL12A;JAK2;IFNL4;IFNL3;JAK1;IFNA21;IFNAR2;HSP90AA1;IFNA14;CHUK;IFNA16;IFNGR1;IFNB1;IL10RB;IFNA17;IFNGR2;IFNLR1;TYK2;IFNW1;IL6;IFNG;IFNE;IFNK;BAX;IFNA10;IFNAR1,3351
complex_genes,SE,GO_Biological_Process_2023,Positive Regulation Of Cellular Process (GO:0048522),175/594,1.7438053363939934e-13,2.1343323734692774,70.66885959972122,N6AMT1;PHB1;CSF2;SMARCB1;CSF1;ACTB;CCND2;CAPNS1;MYC;DPF1;DUOXA2;DPF3;IL12A;FBXO5;CAPN1;ARID2;PDGFRB;PDGFRA;RPS9;SMARCC1;TIPIN;SMARCC2;CSNK2A1;SLC30A2;RPS6;HBE1;DICER1;HCFC1;PARD3;PHIP;IL6ST;S100A9;S100A8;CSF1R;KMT2D;NOTCH1;MAPKAP1;CUL3;PDGFB;PDGFA;NID1;CIAO1;SDCBP;DDRGK1;PDCD10;PDGFD;PDGFC;SSR1;CGA;NKX2-5;XBP1;HBG2;PHF10;BICRAL;HBG1;FN1;KLHL22;INO80;SMARCA2;IL2;SMARCA4;FOSL1;IL4;MLXIPL;IL3;CNOT6;IL6;CNOT7;CDK4;CDK2;BCL2;MDM2;CNOT8;EZH2;EIF4G1;IL21;PRR5;RYR2;GSK3B;HSP90AB1;FAF1;PTEN;HBB;ASH2L;LAMC2;TCIRG1;HBD;LAMC1;GLI1;FOXM1;RPTOR;RPS4X;PPP3CA;FLCN;UFL1;BCL7A;BCL7C;BCL7B;ITGAX;MLST8;ITGAV;TEAD1;HRAS;SS18;IL11;PBRM1;CNOT6L;ACTL6B;NCBP1;IL15;FSHB;ACTL6A;RAD23A;HBA1;AXIN2;TNFRSF1B;ARID1A;SIRT1;ARID1B;TGFBR1;TGFBR2;SUPV3L1;IFNG;RARA;BIRC5;PFDN1;ITGB1BP1;SINHCAF;FXN;TLR4;TLR2;YAP1;SMARCD1;HDAC2;PRKAA1;SMARCD2;PRKAA2;SMARCD3;TNXB;LAMA2;HDAC1;LAMA1;LEF1;DERL2;THBS1;RELA;BICRA;DUOX1;RPS15A;EXOSC4;EXOSC9;CXCR2;HAS2;BRD9;PRAME;RICTOR;ROMO1;VHL;BRD7;RPL17;EXOSC2;DUOX2;IL12RB2;SMARCE1;DYNC1H1;LAMB2;IL34;VEGFC;LAMB1;MTOR;VEGFA;GID8;CTNNB1;FAM98B;FAM98A,3351
complex_genes,SE,GO_Biological_Process_2023,Macroautophagy (GO:0016236),52/104,2.152753394779397e-13,5.0309184601394366,165.46963447756383,TCIRG1;CHMP1B;CHMP1A;VPS36;SNAP29;VPS39;UBXN6;VPS33A;VPS33B;VPS37C;VPS37D;VPS37A;VPS37B;ATG14;ATG12;VAMP8;VAMP7;HGS;CHMP4C;PLAA;CHMP3;CHMP4A;ULK1;PIK3C3;CHMP6;STAM2;VPS25;CHMP7;VPS28;CHMP5;BECN1;VCP;TSG101;STX17;VPS4B;VPS4A;PIK3R4;MVB12A;VHL;ATG5;VPS16;UVRAG;KLHL3;SNF8;STAM;ATG16L2;ATG16L1;CHMP2B;VPS41;CHMP2A;VIPAS39;TECPR1,3351
complex_genes,SE,GO_Biological_Process_2023,Monoubiquitinated Protein Deubiquitination (GO:0035520),26/33,3.172905986425247e-13,18.590418904403865,603.896606571274,SF3B5;ENY2;SF3B3;TRRAP;TAF9;SGF29;RNF2;TAF5L;ATXN7;USP1;ATXN7L3;USP7;TAF12;TAF10;USP22;SUPT7L;TADA2B;KAT2B;TAF6L;KAT2A;TADA3;TAF7;TAF6;TAF5;TAF4;TAF2,3351
complex_genes,SE,GO_Biological_Process_2023,Ubiquitin-Dependent Protein Catabolic Process Via The Multivesicular Body Sorting Pathway (GO:0043162),26/33,3.172905986425247e-13,18.590418904403865,603.896606571274,TSG101;VPS4B;VPS4A;CHMP1B;MVB12A;VPS36;VPS37C;VPS37D;VPS37A;SNF8;STAM;VPS37B;HGS;CHMP2B;CHMP2A;CHMP4C;CHMP3;PLAA;UBAP1;CHMP4A;CHMP6;CHMP7;STAM2;VPS25;VPS28;CHMP5,3351
complex_genes,SE,GO_Biological_Process_2023,Protein Insertion Into ER Membrane (GO:0045048),24/29,4.479423192444873e-13,24.012984670874662,771.5467144115513,NOMO3;UBL4A;WDR83OS;MMGT1;CCDC47;EMC10;TMCO1;SEC61A1;NCLN;TMEM147;EMC1;EMC2;EMC3;EMC4;GET1;EMC6;EMC7;GET3;EMC8;EMC9;NOMO1;GET4;NOMO2;RAB5IF,3351
complex_genes,SE,GO_Cellular_Component_2023,Mitochondrial Ribosome (GO:0005761),20/22,5.066214138933177e-13,49.975983188231766,1533.2899995228183,NDUFA7;MRPS14;MRPL18;MRPS22;MRPS12;MRPL49;MRPL28;MRPL39;MRPL14;MRPL37;MRPL48;MRPL34;MRPL13;MRPL35;MRPL57;MRPL43;MRPL20;MRPL40;MRPL51;MRPL9,3351
complex_genes,SE,GO_Biological_Process_2023,Regulation Of Transcription By RNA Polymerase II (GO:0006357),466/2028,6.102272385038468e-13,1.5601342100182631,49.63139624278776,ATF1;RB1;ATF2;PHB1;MAML1;TRRAP;HNRNPU;RBPJ;BACH1;BACH2;DCAF6;DCAF1;TBK1;MYC;MYB;JUNB;MED1;MED8;MED9;DICER1;HCFC2;MED4;MED6;HCFC1;MED7;BIN1;DDIT3;RFX5;ATF7;ATF5;ATF6;CLOCK;ATF3;ATF4;URI1;SRCAP;PRKDC;HIF1A;CIAO1;PPP3R1;RAD21;NKX2-1;CGA;HOXC9;NKX2-5;KAT14;S100A10;NFE2;JUN;JUND;NFATC2;SNF8;INO80;ELL3;FOSL2;FOSL1;TADA2B;TADA2A;AGO1;AGO2;REL;CDK12;CDK13;EZH1;EZH2;GTF2H2C;PHF20;TCF25;PHF1;MED19;MRPL36;MED16;GLI1;ING1;MED18;GLI3;MED17;GLI2;MED12;IKBKB;MED14;NIPBL;ING2;MED13;MED10;ELOC;IKBKG;TEAD1;SS18;BATF2;BATF3;BRD1;ACTL6B;ANXA2;ACTL6A;TET1;BAZ1A;FOS;BAZ1B;MED27;MED26;SIRT1;MED29;MED23;KAT2B;TAF6L;KAT2A;AEBP2;MED21;MED20;RARA;PPARG;SINHCAF;JDP2;SF3B3;LIN37;RPL10;NR1I2;HOXD10;BCLAF1;LEO1;STAT4;PCGF1;STAT6;BRD9;BRD8;BRD7;RPL17;SF3B1;MBD3;PCGF6;PCGF5;STAT1;MCRS1;NR1H2;PCGF2;STAT2;MBD2;PCGF3;STAT3;ELP2;NR1H3;ELP3;ELP4;GTF2H2;GATAD2B;GATAD2A;PSMC5;MYBBP1A;PSMC3;STING1;CCNT1;YEATS4;YY1;RUVBL2;RUVBL1;MEN1;FOXP4;GTF2F1;FOXP3;GTF2F2;FOXP2;RNF40;FOXP1;SAP30;MAF;PHIP;KMT2D;ENY2;NOTCH1;KMT2A;MAX;KMT2C;FOXO3;DDRGK1;ATXN7;TTC21B;MED31;ORC2;TPR;MBIP;DR1;BRPF1;BICRAL;BRPF3;RFXANK;DRAP1;CDK9;MLXIPL;CDK7;COPS5;MAFB;YEATS2;CDK4;CNOT1;COPS2;CNOT2;MAFG;MAFF;TADA3;MDM2;NFE2L3;MDM4;MAFK;MNAT1;OGT;NFE2L2;FOXM1;CDC73;DNMT3L;SIN3B;VPS72;SIN3A;WDR5;DNMT3B;PELP1;ACTR3;ACTR2;CHUK;DNMT3A;ARNT;TNFRSF1A;TFDP1;TFDP2;TRAF6;LCOR;ITGA6;SOS1;MCM2;CEBPA;GTF2A1;SMARCD1;CEBPB;HDAC2;GTF2A2;SMARCD2;SMARCD3;CEBPD;CEBPE;HDAC1;CEBPG;RBBP4;E2F1;RBBP8;E2F2;SAP18;E2F3;E2F4;RBBP7;E2F5;FNIP1;E2F6;FNIP2;H2AZ1;MLXIP;RNF20;SMARCE1;FBXL19;CDC5L;ASXL1;BCOR;PFKM;CCNK;SMARCB1;CCNC;ACTB;UXT;RPS14;MCIDAS;KAT5;DPF1;DPF2;EPC1;DPF3;EPC2;TRIM27;CCNL2;ATXN7L3;SMARCC1;SMARCC2;NSMCE3;BCORL1;CCNQ;DHX9;EPAS1;CTR9;SUPT4H1;PIK3R2;PIK3R1;RTF1;HTATSF1;MIER2;HLTF;MIER1;FADD;STAT5A;STAT5B;XBP1;XRCC6;SMARCA5;SMARCA1;SMARCA2;SMARCA4;ZZZ3;SNW1;RCOR3;RCOR2;RCOR1;IL26;SUV39H1;SGF29;BRCA1;AATF;BMI1;PPP3CA;PPP3CB;SUFU;MLX;BBS7;HRAS;NCOA1;IL11;SREBF1;NCOA2;PBRM1;NCOA6;FSHB;IL18;SREBF2;TLR4;TLR2;YAP1;RELA;RELB;RXRB;MNT;RXRA;NFIL3;RTRAF;IL33;NFYA;IFNB1;NFYB;NFYC;GRIN1;VEGFA;BATF;MAD2L2;PER2;PER1;PER3;PRKRA;CTNNB1;BMAL2;BMAL1;IL17A;KDM1A;JADE1;ARID4A;JADE3;ARID4B;JADE2;CCND1;ARID2;KDM2A;KDM2B;ARID5B;MYCL;BRMS1;MYCN;PRPF6;UBE2V1;TAF5L;SDCBP;NLRP3;RIPK1;DMAP1;SUDS3;BPTF;CBX8;SMAD2;CBX7;CBX6;SMAD4;UBE2I;SMAD3;AUTS2;CBX4;PHF10;CBX3;CBX2;ESR1;SEM1;IL4;AHI1;IL6;DLG1;MAVS;MRGBP;RFXAP;UBA2;MXD1;MXD3;MXD4;CREBZF;THRB;MIDEAS;CHD4;YBX1;CHD3;PKD2;PKD1;FLCN;DBP;BCL7A;BCL7C;BCL7B;GET1;MYBL2;EED;PEX2;ARID1A;YWHAZ;ARID1B;CCNA2;CREB3;SFPQ;CREB1;IFNG;THRAP3;MYOD1;CRY2;CRY1;ITGB1BP1;IRF9;ATF6B;LEF1;TAF9;DDX20;DDX21;LIN9;RNF2;AURKB;BICRA;MTA1;SAP30L;MXI1;MTA2;MTA3;TAF12;TAF10;USP22;DEK;EPOP;USF2;USF1;KANSL3;BRMS1L;TAF7;TAF6;ERCC6;TAF5;TAF4;TAF3;TAF2;TAF1,3351
complex_genes,SE,GO_Cellular_Component_2023,RNA Polymerase III Complex (GO:0005666),17/17,6.510872514108941e-13,283033,8605431.422445873,POLR3GL;POLR3A;POLR3B;POLR3C;POLR3D;POLR1C;POLR3E;POLR1D;POLR2E;POLR3F;POLR2F;POLR3G;POLR3H;POLR2H;POLR3K;POLR2K;POLR2L,3351
complex_genes,SE,GO_Biological_Process_2023,Positive Regulation Of Double-Strand Break Repair Via Homologous Recombination (GO:1905168),27/36,7.97806951083053e-13,15.018050541516246,473.59927781197314,WDR48;MEAF6;TRRAP;YEATS4;MBTD1;ING3;KAT5;VPS72;RUVBL2;RUVBL1;EP400;EPC1;EPC2;BRD8;DMAP1;ARID2;ACTR2;ACTL6A;FANCB;OOEP;MORF4L1;MRGBP;MORF4L2;TIMELESS;MMS19;ERCC6;WRAP53,3351
complex_genes,SE,GO_Molecular_Function_2023,5'-3' RNA Polymerase Activity (GO:0034062),18/18,9.064922040992995e-13,299682,9648292.582559912,TRNT1;POLRMT;POLR3A;POLR2A;TERT;POLR1A;POLR3C;MED21;MED20;POLR1C;POLR2E;POLR3F;POLR3G;POLR3H;POLR2I;POLR2J;POLR3K;POLR2L,3351
complex_genes,SE,GO_Biological_Process_2023,Regulation Of Multicellular Organismal Development (GO:2000026),36/59,9.89570423559205e-13,7.850167224080267,245.79754066371282,INO80C;INO80B;INO80E;INO80D;MEAF6;SGF29;YY1;BAG6;ING5;TFPT;NIPBL;TNN;RUVBL2;RUVBL1;WDR5;MBIP;NFRKB;KAT14;BRD1;DR1;BRPF1;BRPF3;ACTR5;MCRS1;ACTR8;INO80;UCHL5;KAT2B;KAT2A;TADA2A;ZZZ3;YEATS2;KAT6B;KAT6A;TADA3;CDK1,3351
complex_genes,SE,GO_Biological_Process_2023,Positive Regulation Of DNA Recombination (GO:0045911),33/51,1.0036385464219482e-12,9.189320876029736,287.51796783052646,WDR48;PAXIP1;MEAF6;TRRAP;YEATS4;MBTD1;ING3;KAT5;VPS72;RUVBL2;RUVBL1;EP400;EPC1;EPC2;TRAPPC13;BRD8;DMAP1;ARID2;ACTR2;ACTL6A;FANCB;OOEP;MAD2L2;MORF4L1;MRGBP;MORF4L2;SHLD2;ERCC2;SHLD1;TIMELESS;MMS19;ERCC6;WRAP53,3351
complex_genes,SE,GO_Cellular_Component_2023,Cyclin-Dependent Protein Kinase Holoenzyme Complex (GO:0000307),28/40,1.1963193917241557e-12,11.682114555120874,347.79156884655004,CCNK;CCNF;CCNC;CCNB3;CCNB2;CCNB1;CCND3;CCND2;CCND1;CCNL2;CCNA2;CDK6;CCNE2;CCNY;CDK5;CCNE1;CDK4;CDK3;CDK2;CDK1;CDK12;CCNQ;CDK13;CDK14;CDK5R2;CDK16;CDK5R1;MCM2,3351
complex_genes,SE,GO_Biological_Process_2023,Mitotic Sister Chromatid Segregation (GO:0000070),53/111,1.270048024570015e-12,4.5969500846908264,142.70859559101203,NCAPG2;SMC3;TENT4A;SMC4;SMC2;GOLGA2;CDC23;CHMP1B;CHMP1A;NUP62;KNTC1;PDCD6IP;SMC1A;ZW10;CHMP4C;CHMP3;CHMP4A;CHMP6;CHMP7;KPNB1;CHMP5;BECN1;SEH1L;ABRAXAS1;CUL3;VPS4B;MIS12;VPS4A;CDCA8;NCAPG;ABRAXAS2;NCAPH;NSL1;TTN;CCNB1;DSN1;KIF3B;FLNA;CEP192;BOD1;NCAPH2;KLHL22;INO80;NDC80;ZWINT;STAG1;STAG2;CENPI;CHMP2B;CENPK;CHMP2A;NCAPD2;NCAPD3,3351
complex_genes,SE,GO_Biological_Process_2023,Platelet Dense Granule Organization (GO:0060155),20/22,1.811444911546611e-12,49.975983188231766,1533.2899995228183,HPS1;AP1B1;AP3D1;DTNBP1;HPS4;HPS3;AP3B1;HPS6;HPS5;AP3M1;AP1G1;BLOC1S1;BLOC1S2;BLOC1S3;AP1S2;AP1S1;AP3S2;AP1S3;AP3S1;AP1M1,3351
complex_genes,SE,GO_Biological_Process_2023,Transcription By RNA Polymerase III (GO:0006383),23/28,2.096424577974583e-12,23.005528846153847,702.2648821149581,GTF3C1;GTF3C2;GTF3C3;GTF3C4;TBP;ELL;GTF3C5;ICE1;GTF3C6;ICE2;POLR3GL;ZC3H8;SNAPC5;SNAPC1;SNAPC2;SNAPC3;SNAPC4;POLR2F;POLR3G;POLR3H;POLR3K;POLR2K;POLR2L,3351
complex_genes,SE,GO_Biological_Process_2023,Histone H3-K4 Methylation (GO:0051568),22/26,2.2606309169327732e-12,27.5,837.156877841379,KMT2D;PAXIP1;KMT2A;NFYA;BOD1;NCOA6;NFYB;KMT2C;NFYC;SETD1B;KMT2B;SETD1A;CXXC1;DPY30;HCFC2;HCFC1;SKIC8;RBBP5;WDR82;WDR5;KDM6A;MEN1,3351
complex_genes,SE,GO_Biological_Process_2023,Regulation Of G0 To G1 Transition (GO:0070316),25/33,4.7782570512019805e-12,15.635335237522549,464.1391188315892,SMARCD1;SMARCD2;SMARCB1;SMARCD3;BCL7A;BCL7C;BCL7B;DPF1;DPF2;DPF3;ARID2;BRD7;SMARCE1;PBRM1;RRM1;SMARCC1;SMARCC2;ACTL6B;PHF10;ACTL6A;ARID1A;ARID1B;SMARCA2;SMARCA4;RRM2B,3351
complex_genes,SE,GO_Biological_Process_2023,Negative Regulation Of Nucleic Acid-Templated Transcription (GO:1903507),139/456,6.399267432139053e-12,2.229561070276683,65.51534359850831,RB1;EIF4A2;PHB1;NDUFA13;CSF2;KDM1A;GMNN;ARID4A;RBPJ;PHB2;RRP8;CCAR2;KAT5;MYB;EPC1;KAT8;BTRC;MEN1;SMARCC2;FBXW11;ARID5B;FOXP3;FOXP2;FOXP1;BRMS1;KAT6B;PSPC1;DDIT3;KAT6A;TIMELESS;UBE2V1;ATF5;CLOCK;L3MBTL1;NOTCH1;PDGFB;NKX2-1;DMAP1;SUDS3;NKX2-5;SNX6;SMAD2;HSPA8;JUN;XRCC6;SMAD4;UBE2I;CBX4;ATP8B1;XRCC5;CBX3;NONO;SMARCA2;SMARCA4;IL4;MLXIPL;GCLC;CNOT7;SNW1;CDK5;YEATS2;MDM2;MDM4;RCOR3;RCOR2;RCOR1;EZH2;CREBZF;SUV39H1;MIDEAS;IFNA2;ZC3H8;RSF1;CHD4;BRCA1;CHD3;FOXM1;GLI3;ING4;NIPBL;DNMT3L;QARS1;BCL7A;SIN3A;UIMC1;MLX;YAF2;RING1;EED;DNMT3A;SIRT1;COMMD7;SFPQ;TFDP2;IFNG;TRAF6;CRY2;RARA;CRY1;BIRC5;PPARG;PFDN5;CEBPA;HDAC2;HDAC1;NR1I2;LEF1;RELA;RNF2;BCLAF1;IFNL1;MTA1;RBBP4;NFIL3;E2F1;SAP18;PRAME;RBBP7;BRD7;MTA2;MTA3;MBD3;SMARCE1;PCGF6;NR1H2;MBD2;GATAD2B;PEX14;GATAD2A;PER2;PER1;MYBBP1A;CTNNB1;TAF7;BCOR;BMAL1;MPHOSPH8;LIMS1;CDK5R1,3351
complex_genes,SE,GO_Biological_Process_2023,Protein Targeting To Mitochondrion (GO:0006626),35/59,7.0257268917485285e-12,7.311457076799357,214.10312302987234,NDUFA13;TOMM40;TIMM9;TIMM13;TIMM10;TOMM20;TOMM22;TIMM50;IMMP2L;SAMM50;GRPEL1;GRPEL2;TIMM17A;PMPCB;TIMM17B;PMPCA;ROMO1;FBXO7;DNAJC19;TIMM8B;HSP90AA1;TRMT10B;TIMM29;MTX1;MTX2;PAM16;TIMM23;TIMM22;TIMM44;TIMM21;DNAJC15;TIMM10B;IMMP1L;TOMM7;TOMM5,3351
complex_genes,SE,GO_Molecular_Function_2023,Ubiquitin-Like Protein Ligase Binding (GO:0044389),100/289,7.756115582641154e-12,2.6788664131020328,80.2135302813371,RB1;RPL5;SMC6;CASC3;PSMD1;FBXO7;WASHC1;CDK5RAP3;KCNH2;FBXW7;RNF40;RBX1;RRAGA;HGS;UQCRC1;UBA52;BLZF1;VCL;VCP;TSG101;CUL3;CUL2;CUL1;BCL10;HIF1A;BAG6;CCNB1;DDRGK1;HLTF;RIPK1;TNFRSF14;NAE1;HSPA9;SMAD2;HSPA8;JUN;SMAD3;XRCC5;FANCL;TRIP4;ERLIN2;STAM;NPLOC4;BCL2;MDM2;UBE2N;NFE2L2;WRAP53;GSK3B;UBXN1;HSP90AB1;FAF1;FAF2;BRCA1;CASP8;DBT;UBXN7;ELOB;IKBKG;SCN5A;IKBKE;JAK1;CCT2;HSP90AA1;AXIN1;TRAF2;AXIN2;TNFRSF1B;YWHAZ;PSMA3;TRAF3;TCP1;TRAF5;NDUFS2;SPOPL;EIF4E2;ATP6V0C;RNF31;BECN1;RPL11;DERL1;AMBRA1;TANK;RELA;POLR2A;SPOP;RPS27A;RPL17;RNF20;SLF1;SLF2;STAT1;STAT2;RPA2;CUL4A;PER1;APC;CTNNB1;LTBR;CUL4B,3351
complex_genes,SE,GO_Cellular_Component_2023,Mitochondrial Proton-Transporting ATP Synthase Complex (GO:0005753),17/18,8.976010384691965e-12,84.8878224355129,2350.1501103342894,ATP5PF;ATP5PD;ATP5PB;ATP5MC2;ATP5MC3;ATP5F1C;ATP5F1D;ATP5F1E;ATP5MC1;ATP5F1B;ATP5MGL;ATP5PO;ATP5MK;ATP5MJ;ATP5MG;ATP5MF;ATP5ME,3351
complex_genes,SE,GO_Cellular_Component_2023,Proton-Transporting ATP Synthase Complex (GO:0045259),17/18,8.976010384691965e-12,84.8878224355129,2350.1501103342894,ATP5PF;ATP5PD;ATP5PB;ATP5MC2;ATP5MC3;ATP5F1C;ATP5F1D;ATP5F1E;ATP5MC1;ATP5F1B;ATP5MGL;ATP5PO;ATP5MK;ATP5MJ;ATP5MG;ATP5MF;ATP5ME,3351
complex_genes,SE,GO_Cellular_Component_2023,Sodium Channel Complex (GO:0034706),17/18,8.976010384691965e-12,84.8878224355129,2350.1501103342894,GRIK5;GRIK3;GRIK4;GRIK2;SCNN1G;SCN10A;SCNN1D;SCN8A;SCNN1B;SCNN1A;SCN4A;SCN5A;SCN2A;SCN3B;SCN4B;SCN1B;SCN2B,3351
complex_genes,SE,GO_Biological_Process_2023,Histone H2A Acetylation (GO:0043968),19/21,9.326144354642657e-12,47.46293517406963,1375.6530156470035,MEAF6;TRRAP;ACTL6A;MSL3;YEATS4;MBTD1;MORF4L1;ING3;MRGBP;KAT5;VPS72;MORF4L2;RUVBL2;RUVBL1;EP400;EPC1;EPC2;BRD8;DMAP1,3351
complex_genes,SE,GO_Biological_Process_2023,Regulation Of Histone Deacetylation (GO:0031063),19/21,9.326144354642657e-12,47.46293517406963,1375.6530156470035,DR1;SUV39H1;SMARCA5;BAZ2A;SGF29;FOXP3;SIRT1;RRP8;KAT2B;ING2;KAT2A;NIPBL;TADA2A;ZZZ3;YEATS2;TADA3;MBIP;WDR5;KAT14,3351
complex_genes,SE,GO_Biological_Process_2023,Iron-Sulfur Cluster Assembly (GO:0016226),22/27,9.694352375695044e-12,21.998678281766296,636.3999911665462,HSPA9;ISCA2;ISCA1;GLRX3;GLRX5;BOLA1;IBA57;CIAO3;NUBP1;CIAO1;NUBP2;NFS1;LYRM4;BOLA3;BOLA2;NDUFAB1;FDX2;MMS19;CIAO2A;CIAO2B;FXN;ISCU,3351
complex_genes,SE,GO_Biological_Process_2023,Metallo-Sulfur Cluster Assembly (GO:0031163),22/27,9.694352375695044e-12,21.998678281766296,636.3999911665462,HSPA9;ISCA2;ISCA1;GLRX3;GLRX5;BOLA1;IBA57;CIAO3;NUBP1;CIAO1;NUBP2;NFS1;LYRM4;BOLA3;BOLA2;NDUFAB1;FDX2;MMS19;CIAO2A;CIAO2B;FXN;ISCU,3351
complex_genes,SE,GO_Biological_Process_2023,Secretory Granule Organization (GO:0033363),21/25,1.0769261530108423e-11,26.242117117117118,756.1916058936549,HPS1;VPS33B;AP1B1;AP3D1;DTNBP1;HPS4;HPS3;AP3B1;HPS6;HPS5;AP3M1;AP1G1;BLOC1S1;BLOC1S2;BLOC1S3;AP1S2;AP1S1;AP3S2;AP1S3;AP3S1;AP1M1,3351
complex_genes,SE,GO_Cellular_Component_2023,Spindle Microtubule (GO:0005876),37/68,1.441663980072201e-11,5.985029298966262,162.72733128559798,ZWILCH;HNRNPU;SKA3;AURKB;SKA1;SKA2;POLB;HAUS8;KIF3B;HAUS7;KIF3A;CHMP1B;CHMP1A;KNTC1;KIFAP3;PARP4;BOD1;HAUS4;HAUS3;HAUS6;HAUS5;HAUS2;HAUS1;ZW10;CHMP2B;CHMP4C;CDK1;CHMP2A;CHMP3;CHMP4A;CALM3;CHMP6;CALM1;CHMP7;CALM2;CHMP5;PAFAH1B1,3351
complex_genes,SE,GO_Biological_Process_2023,Regulation Of DNA-templated Transcription Elongation (GO:0032784),29/44,1.6617675169144178e-11,9.680634156130845,274.68159099559705,INTS11;INTS12;CCNK;INTS13;INTS14;CCNT1;ELL;SRCAP;INTS10;SUPT4H1;HTATSF1;CCAR2;WDR43;KAT7;INTS1;INTS3;INTS2;THOC1;THOC5;ELL3;DDX39B;WDR82;INTS5;INTS4;INTS7;ERCC6;INTS6;INTS9;INTS8,3351
complex_genes,SE,GO_Biological_Process_2023,Regulation Of Metaphase/Anaphase Transition Of Cell Cycle (GO:1902099),24/32,2.0263224728413124e-11,15.005410279531109,422.6756328445993,SMARCE1;SMARCD1;SMARCD2;PBRM1;SMARCC1;SMARCB1;SMARCD3;SMARCC2;ACTL6B;PHF10;ACTL6A;ARID1A;ARID1B;SMARCA2;SMARCA4;CDC23;BCL7A;BCL7C;BCL7B;DPF1;DPF2;DPF3;ARID2;BRD7,3351
complex_genes,SE,GO_Cellular_Component_2023,PRC1 Complex (GO:0035102),15/15,2.0325838970000064e-11,249735,6698785.005382512,CBX8;CBX7;CBX6;PCGF6;PHC2;PHC1;CBX4;RING1;PCGF5;CBX2;PCGF2;PCGF3;PHC3;RNF2;PCGF1,3351
complex_genes,SE,GO_Cellular_Component_2023,Condensed Chromosome (GO:0000793),34/60,2.3355161098933825e-11,6.553442638157742,174.73536997402545,L3MBTL1;IHO1;SUV39H1;NCAPG2;NCAPG;SMC5;SMC6;SMC4;CENPA;NCAPH;SMC2;NOL6;TTN;PSMC3IP;CHMP1A;KIFAP3;SLF1;SLF2;XRCC4;CBX3;NSMCE3;NCAPH2;NSMCE2;NSMCE1;SMARCA5;LIG4;SMC1A;RAD50;EID3;NSMCE4A;RAD51;FANCD2;NCAPD2;NCAPD3,3351
complex_genes,SE,GO_Biological_Process_2023,RNA Processing (GO:0006396),71/183,2.6490624275276252e-11,3.1961209712543552,89.14783742860891,GEMIN2;DIS3L;HNRNPU;TENT4A;USP39;TENT4B;CCAR2;SYNCRIP;SNRPD2;PPP2R1A;SNRPD1;MAGOH;SNRPD3;BCAS2;NCBP1;DIS3;NCBP2;METTL3;THOC1;DNTTIP2;FBXO11;PRPF4;SFPQ;PRPF6;DDX39B;RRAGC;DKC1;SNRPG;SNRPA1;SNRPF;SNRPB;ZCCHC8;SF3B4;SF3B2;SF3B3;RBM8A;CSTF3;DDX23;DDX20;NOL9;U2AF1;PRPF8;EXOSC7;PPP2CA;EXOSC6;EXOSC5;EXOSC10;EXOSC4;PABPN1;U2AF2;EXOSC9;EXOSC8;EXOSC3;EXOSC2;SF3B1;EXOSC1;SF3A3;SF3A1;CPSF6;SF3A2;LSM5;MAGOHB;LSM4;LSM3;NUDT21;SNRNP40;LSM6;HNRNPD;MPHOSPH10;RNPS1;CDK12,3351
complex_genes,SE,GO_Biological_Process_2023,Spliceosomal snRNP Assembly (GO:0000387),26/37,2.6552036017317883e-11,11.827423103212578,329.77850274199346,GEMIN2;DDX20;PRPF19;PRPF8;SART1;SNRPD2;SNRPD1;SMN1;SNRPD3;PRMT5;LSM4;LSM2;WDR77;PRPF6;CLNS1A;GEMIN4;SNRPG;GEMIN5;STRAP;GEMIN6;PRPF31;SNRPE;GEMIN7;SNRPF;GEMIN8;SNRPB,3351
complex_genes,SE,GO_Biological_Process_2023,DNA Replication (GO:0006260),39/73,2.884130486261563e-11,5.754342497868713,159.92598281170385,BLM;RNASEH2A;MCM7;MCM8;MCM9;PNKP;POLB;ORC5;POLD3;CHRAC1;ORC3;POLD1;POLD2;REV3L;POLE;POLG;RFC5;RFC3;RFC4;RFC1;RFC2;WDR18;RPA1;RPA2;BAZ1A;POLE4;POLA1;POLA2;POLG2;POLE2;RPA3;CDK2;POLE3;RPA4;CDK1;MCM4;MCM5;MCM6;MCM2,3351
complex_genes,SE,GO_Cellular_Component_2023,Mitochondrial Matrix (GO:0005759),112/355,3.0807802747199226e-11,2.3345517655832912,61.55078024509691,ISCA2;ISCA1;PRORP;CCAR2;MCCC2;PDHX;MCCC1;PAM16;TRNT1;POLRMT;CLPX;POLG2;BOLA3;CLPP;FDX2;SUCLG2;TFAM;SUCLG1;ISCU;FECH;MRPL18;MRPL14;FOXO3;MRPL13;MRPL11;MRPL20;CCNB1;GRPEL1;BLOC1S1;GRPEL2;DNAJC19;HSPA9;PDHA2;PDHA1;MTERF4;MRPL28;PYCR1;TIMM44;DNAJC15;COQ5;COQ3;OGDH;CDK1;LDHAL6B;MRPS14;MRPS12;MRPL39;ETFA;MRPL37;ETFB;MRPL34;MRPL35;MRPL40;QARS1;DBT;IDH3B;DLAT;MRPL9;IDH3A;POLG;BCKDHA;NSUN4;MRPS22;ELAC2;GLRX5;BCKDHB;MRPL49;MRPL48;TFB2M;MRPL43;SUPV3L1;HADHA;SMDT1;MRPL51;NDUFS8;NDUFS7;PCCA;PCCB;NDUFS3;NDUFS2;NDUFS1;DLD;FXN;NDUFB8;KARS1;DLST;IBA57;MRPL58;PDHB;HSD17B8;MRPL57;HSD17B10;ATP5F1A;NFS1;ATP5F1B;PDPR;RPS3;CBR4;GADD45GIP1;NDUFA9;NDUFA7;TRMT10C;ATP5PB;IDH3G;ATP5F1C;ATP5F1D;ATP5F1E;SOD1;PDP1;SUCLA2;LYRM4;NDUFAB1,3351
complex_genes,SE,GO_Biological_Process_2023,Regulation Of Peptidyl-Serine Phosphorylation Of STAT Protein (GO:0033139),17/18,3.1852771421936044e-11,84.8878224355129,2350.1501103342894,IFNA5;IFNA4;IFNA7;IFNA14;IFNA6;IFNA1;IFNA16;IFNB1;IFNA17;IFNA2;IFNA8;IFNW1;IFNG;IFNE;IFNK;IFNA10;IFNA21,3351
complex_genes,SE,GO_Biological_Process_2023,Regulation Of Macromolecule Biosynthetic Process (GO:0010556),32/53,3.5009299353892946e-11,7.634198482044218,210.5770145009331,CYFIP1;MEAF6;RPL10;JADE1;NOLC1;PDGFA;JADE3;JADE2;FOXO3;ING4;ING5;TCOF1;ATG101;RB1CC1;KAT7;EIF4E;MED1;EIF2B4;IFNB1;ELP1;ELP2;TSC1;ELP3;ELP4;TNFRSF1B;ELP5;ATG13;EIF2S1;ELP6;GEMIN5;ULK1;S100A9,3351
complex_genes,SE,GO_Molecular_Function_2023,RNA Polymerase II-specific DNA-binding Transcription Factor Binding (GO:0061629),83/228,3.983887089094877e-11,2.890794749504073,81.5534116528583,ATF2;GSK3B;SMARCB1;KDM1A;FAF1;KEAP1;CHD4;RBPJ;SIN3A;MLX;KAT8;UBXN7;BBS7;BBS5;CDK5RAP3;BBS4;NCOA1;MED1;NCOA2;TBP;DNMT3A;ARNT;FOS;COMMD6;ARID1A;COMMD7;SIRT1;FOXP3;RBX1;PSMA6;BRMS1;CREB1;DDIT3;MYOD1;CSNK2B;CRY1;PPARG;ATF4;CEBPA;HDAC2;SMARCD3;DHX9;EPAS1;PRKDC;HDAC1;NR1I2;BAZ2A;BCL10;HIF1A;RELA;ADD1;RXRA;MTA1;DDRGK1;NKX2-1;RBBP8;DMAP1;NKX2-5;MTA2;BBS2;SMARCE1;BBS1;JUN;SMAD3;STAT1;SETD1A;STAT3;TRIP4;SMARCA1;SMARCA4;MAD2L2;MLXIPL;TTC8;SNW1;STING1;TADA3;CTNNB1;TAF4B;TAF6;TAF4;BMAL1;NFE2L2;TAF1,3351
complex_genes,SE,GO_Biological_Process_2023,Regulation Of Cell Cycle Process (GO:0010564),56/130,4.542125466702431e-11,3.806750604929664,103.9836036619191,AHCTF1;SMARCB1;CETN2;RRP8;FLCN;BCL7A;MYC;BCL7C;DPF1;BCL7B;DPF2;DPF3;CCNL2;FBXO5;ARID2;BBS4;PRMT5;SMARCC1;TIPIN;PBRM1;SMARCC2;ACTL6B;ACTL6A;ARID1A;ARID1B;BIN1;PIK3C3;ATF5;OBSL1;MCM2;L3MBTL1;BECN1;SMARCD1;CUL7;SMARCD2;SMARCD3;PIK3R4;KLHL13;FBXO43;AURKB;BRD7;RPL17;SMARCE1;UVRAG;PHF10;KLHL21;SMARCA2;SMARCA4;KLHL9;APC;MYBBP1A;CCDC8;CTNNB1;CALM3;CALM1;CALM2,3351
complex_genes,SE,GO_Cellular_Component_2023,Endoribonuclease Complex (GO:1902555),16/17,4.5643925627581415e-11,79.8704647676162,2072.7516976680763,TSNAX;POP5;POP7;DHX9;POP1;POP4;RPP30;RPP40;DICER1;TARBP2;TSN;AGO3;AGO4;PRKRA;AGO2;RPP25,3351
complex_genes,SE,GO_Molecular_Function_2023,Nuclear Receptor Binding (GO:0016922),52/115,5.615266630596075e-11,4.149751969091163,115.28497734655592,KDM1A;GTF2B;MED16;PHB2;MED17;DCAF1;MED12;MED14;MED13;NCOA1;MED1;NCOA2;NCOA6;MED9;MED4;ARID1A;SIRT1;FOXP1;MED22;THRAP3;MYOD1;CRY1;LCOR;SMARCD3;LEF1;NR1I2;BAZ2A;HIF1A;RXRA;MED30;PRAME;BRD8;DCAF13;SMARCE1;STAT5B;SMAD3;STAT1;TAF10;TAF11;TRIP4;GTF2H1;ESR1;SMARCA4;ASXL1;SNW1;CNOT1;TADA3;CTNNB1;TAF7;MMS19;STRN;TAF1,3351
complex_genes,SE,GO_Cellular_Component_2023,Transcription Factor TFIID Complex (GO:0005669),27/42,6.186216201358687e-11,9.007581227436823,230.83886598682375,GTF2A1;GTF2A2;GTF2B;TAF9;GTF2E1;GTF2E2;TAF5L;TBP;TAF12;TAF13;TAF10;TAF11;GTF2H2;GTF2F1;GTF2H3;GTF2H4;GTF2H5;ERCC3;TAF8;TAF4B;TAF7;TAF6;TAF5;TAF4;TAF3;TAF2;TAF1,3351
complex_genes,SE,GO_Biological_Process_2023,Histone H4-K5 Acetylation (GO:0043981),15/15,7.320632209191956e-11,249735,6698785.005382512,MEAF6;PHF20;MCRS1;JADE1;JADE3;JADE2;ING4;ING5;KANSL1;KANSL2;KANSL3;WDR5;KAT8;KAT7;OGT,3351
complex_genes,SE,GO_Biological_Process_2023,Histone H4-K8 Acetylation (GO:0043982),15/15,7.320632209191956e-11,249735,6698785.005382512,MEAF6;PHF20;MCRS1;JADE1;JADE3;JADE2;ING4;ING5;KANSL1;KANSL2;KANSL3;WDR5;KAT8;KAT7;OGT,3351
complex_genes,SE,GO_Biological_Process_2023,Regulation Of TOR Signaling (GO:0032006),40/78,8.070096362627338e-11,5.280961388672527,141.10111759781552,GSK3A;PRKAA1;PRKAA2;SEH1L;NPRL2;NPRL3;WDR24;RPTOR;FLCN;MLST8;SH3BP4;RICTOR;FNIP1;FBXO9;SEC13;WDR59;MIOS;PIH1D1;TSC2;TSC1;ITFG2;SIRT1;TTI1;TBCK;RRAGA;PIK3CA;RRAGC;RRAGB;LARS1;RRAGD;TBC1D7;SMCR8;LAMTOR2;LAMTOR1;DEPDC5;LAMTOR4;BMAL1;LAMTOR3;TELO2;LAMTOR5,3351
complex_genes,SE,GO_Molecular_Function_2023,Single-Stranded DNA Binding (GO:0003697),46/96,8.232119293006886e-11,4.620599092284418,126.22818687510009,SWSAP1;BLM;WDR48;MCM7;FBH1;MCM8;DHX9;MCM9;HNRNPU;SMC5;XPC;SMC6;RTF1;BRCA2;CDC45;PMS2;POLR2G;POLR2H;CTC1;TOP3A;RPA1;RPA2;RAD23A;MLH1;RAD23B;RAD51B;POLA1;RAD51D;RAD51;MSH2;MSH3;ERCC4;POLR3C;ERCC1;RPA3;TDP1;CRY2;RPA4;MCM3;NABP2;MCM4;POT1;NABP1;MCM5;MCM6;MCM2,3351
complex_genes,SE,GO_Cellular_Component_2023,Lysosomal Membrane (GO:0005765),111/356,8.282164397722663e-11,2.293832199546485,58.06972071575615,ATP8A1;AP1S2;AP1S1;VPS35;AP1S3;BORCS8;BORCS7;VPS39;AP2M1;BORCS6;BORCS5;VPS18;SZT2;SLC30A2;VPS33A;AP1B1;ATP11C;IRAG2;ATP11B;ATP11A;AP5B1;RRAGA;RRAGB;CHMP4C;CHMP4A;PHIP;UBA52;ATP6V1A;SEH1L;NPRL2;NPRL3;NCSTN;BLOC1S1;BLOC1S2;MYO6;ATP6V0A2;VPS11;ATP6V1H;ATP6V0A4;ATP6V1D;AP1M2;ATP6V0A1;VPS16;AP1M1;HSPA8;SNAPIN;WDR59;HPS4;HPS6;ATG16L1;CHMP2B;GNB1;CHMP2A;TECPR1;WDR41;PCSK9;AP2A1;MAGT1;TCIRG1;AP2A2;RPTOR;FLCN;AP1G1;CHMP1B;CHMP1A;SNAP29;UBXN6;ATP6V0B;SEC13;ANXA2;MIOS;ATP6AP2;NDUFC2;AP3B1;ITFG2;DDOST;VAMP8;VAMP7;COL6A1;KXD1;CHMP3;DEPDC5;KPTN;CHMP6;ATP6V0C;CHMP7;CHMP5;AHNAK;STX17;ATP10B;WDR24;GNAI1;AP3M1;AP2S1;FNIP1;LDLR;TMEM30A;KICS2;AP3D1;AP2B1;MTOR;RMC1;CLCN7;OSTM1;VAPA;VPS41;LAMTOR2;LAMTOR1;LAMTOR4;LAMTOR3;LAMTOR5,3351
complex_genes,SE,GO_Cellular_Component_2023,Ino80 Complex (GO:0031011),14/14,1.0370541922345714e-10,233086,5834974.444967565,INO80C;INO80B;INO80E;INO80D;ACTR5;MCRS1;ACTR8;INO80;UCHL5;YY1;TFPT;RUVBL2;RUVBL1;NFRKB,3351
complex_genes,SE,GO_Cellular_Component_2023,RSC-type Complex (GO:0016586),14/14,1.0370541922345714e-10,233086,5834974.444967565,SMARCE1;SUZ12;SMARCD1;PBRM1;SMARCC1;SMARCD2;SMARCB1;SMARCC2;ACTL6B;PHF10;ACTL6A;SMARCA4;ARID2;BRD7,3351
complex_genes,SE,GO_Cellular_Component_2023,nBAF Complex (GO:0071565),14/14,1.0370541922345714e-10,233086,5834974.444967565,SMARCE1;SMARCD1;SMARCC1;SMARCB1;SMARCC2;SMARCD3;ACTL6B;ARID1A;ARID1B;SMARCA2;SMARCA4;DPF1;DPF2;DPF3,3351
complex_genes,SE,GO_Cellular_Component_2023,Cul3-RING Ubiquitin Ligase Complex (GO:0031463),24/35,1.043657119462245e-10,10.911058283465858,272.87327047717304,KLHL25;KLHL21;KEAP1;KLHL2;KLHL22;KLHL12;KLHL3;KLHL13;KLHL24;KLHL40;KLHL41;KLHL20;KLHL42;RBX1;KLHL9;KBTBD6;GAN;KLHL7;ENC1;KLHL8;SPOP;SPOPL;KBTBD7;KBTBD8,3351
complex_genes,SE,GO_Biological_Process_2023,Intracellular Protein Transport (GO:0006886),105/325,1.0711153264910677e-10,2.415623424634515,63.8412822596915,VPS29;NUP107;NUP188;PHB2;KPNA6;KPNA7;VPS35;KPNA4;AP1S3;KPNA5;KPNA2;VPS36;KPNA3;KPNA1;NUP214;COG7;VPS33A;PAM16;VPS33B;TSC2;NUP93;HGS;CDC37;PHIP;VPS25;STAM2;VPS28;KPNB1;COPB2;POM121;COPA;TSG101;SAR1A;SAR1B;VPS26C;VPS26A;VPS26B;TIMM50;SNX1;GRPEL1;NUP85;GRPEL2;MYO6;TPR;NUP88;AP4S1;SEC31B;AP1M2;GPIHBP1;SEC31A;SNX6;DNAJC19;HSPA9;ACD;NUP155;HPS4;NUP153;TIMM44;SNF8;STAM;DNAJC15;AP4B1;IFT22;GIPC1;IFT27;NXT1;AP4E1;AP2A1;NXT2;PKD1;AP4M1;NUP62;TIMM17A;TIMM17B;SEC13;ATP6AP1;NUP133;STRADA;STRADB;VPS37C;COPZ2;TIMM23;VPS37D;AP3B1;VPS37A;TIMM21;VPS37B;COPZ1;NUP50;NLGN1;STX17;RPL11;KATNB1;LMAN1;NUP42;MVB12A;E2F3;ROMO1;RIC1;STAT3;AP3D1;SEPTIN9;ARCN1;UBAP1;VIPAS39,3351
complex_genes,SE,GO_Molecular_Function_2023,RNA Polymerase III Activity (GO:0001056),15/15,1.1704173749343922e-10,249735,6698785.005382512,POLR3A;POLR3B;POLR3C;POLR3D;POLR1C;POLR3E;POLR1D;POLR2E;POLR3F;POLR2F;POLR3H;POLR2H;POLR3K;POLR2K;POLR2L,3351
complex_genes,SE,GO_Molecular_Function_2023,tRNA-specific Ribonuclease Activity (GO:0004549),15/15,1.1704173749343922e-10,249735,6698785.005382512,TSEN34;POP5;POP7;POP1;ELAC2;POP4;PRORP;RPP30;RPP40;TSEN2;TSEN54;RPP21;RPP14;RPP25;RPP38,3351
complex_genes,SE,GO_Biological_Process_2023,Autophagosome Maturation (GO:0097352),28/44,1.394281374891903e-10,8.759479386096901,229.12734315869918,BECN1;VCP;TSG101;STX17;VPS4B;VPS4A;PIK3R4;CHMP1B;CHMP1A;SNAP29;VPS16;UVRAG;VPS33A;VPS33B;VAMP8;VAMP7;CHMP2B;CHMP2A;CHMP4C;CHMP3;CHMP4A;PIK3C3;VIPAS39;CALM1;CHMP6;CHMP7;TECPR1;CHMP5,3351
complex_genes,SE,GO_Molecular_Function_2023,Translation Initiation Factor Activity (GO:0003743),27/41,1.519613338036014e-10,9.651560082516761,255.5971648911062,EIF4A2;EIF4A1;EIF2B1;EIF4E;EIF2B5;EIF2B4;EIF2B3;EIF2B2;EIF2S2;EIF2S1;EIF3M;COPS5;EIF2S3;EIF3K;EIF3L;EIF3I;EIF3J;EIF3G;EIF3H;EIF3E;EIF3F;EIF3C;EIF4E2;EIF3D;EIF4G3;EIF3B;EIF4G1,3351
complex_genes,SE,GO_Molecular_Function_2023,Ubiquitin Protein Ligase Binding (GO:0031625),92/271,1.519613338036014e-10,2.5974310932681477,68.66910234700939,RB1;RPL5;GSK3B;UBXN1;HSP90AB1;FAF1;FAF2;SMC6;BRCA1;CASC3;CASP8;DBT;PSMD1;UBXN7;ELOB;IKBKG;SCN5A;FBXO7;IKBKE;WASHC1;JAK1;KCNH2;CCT2;HSP90AA1;FBXW7;AXIN1;TRAF2;AXIN2;TNFRSF1B;YWHAZ;RNF40;RBX1;RRAGA;PSMA3;TRAF3;TCP1;TRAF5;UQCRC1;NDUFS2;SPOPL;EIF4E2;UBA52;ATP6V0C;BLZF1;VCL;RNF31;BECN1;VCP;TSG101;CUL3;RPL11;CUL2;DERL1;CUL1;BCL10;AMBRA1;HIF1A;TANK;RELA;BAG6;POLR2A;HLTF;SPOP;RIPK1;TNFRSF14;NAE1;RPS27A;RPL17;HSPA9;SMAD2;RNF20;HSPA8;JUN;SLF1;SLF2;SMAD3;XRCC5;FANCL;RPA2;ERLIN2;CUL4A;PER1;NPLOC4;APC;BCL2;MDM2;UBE2N;CTNNB1;LTBR;NFE2L2;WRAP53;CUL4B,3351
complex_genes,SE,GO_Biological_Process_2023,Positive Regulation Of Peptidyl-Serine Phosphorylation Of STAT Protein (GO:0033141),16/17,1.7014641371628505e-10,79.8704647676162,2072.7516976680763,IFNA5;IFNA4;IFNA7;IFNA14;IFNA6;IFNA16;IFNB1;IFNA17;IFNA2;IFNA8;IFNW1;IFNG;IFNE;IFNK;IFNA10;IFNA21,3351
complex_genes,SE,GO_Cellular_Component_2023,Intracellular Organelle Lumen (GO:0070013),218/856,1.8961704438281077e-10,1.7461995723549595,42.59635435949473,CYFIP1;ISCA2;ISCA1;COL12A1;CCAR2;PSMD6;PSMD7;LGALS1;PSMD2;PSMD3;IL12A;MCCC2;PDHX;COL23A1;KRT1;MCCC1;ARMC8;CLPX;ACE2;CLPP;BOLA3;CSNK2B;FDX2;COL8A2;COL8A1;SUCLG2;TFAM;SUCLG1;COL13A1;EBI3;PDGFB;PDGFA;CFP;COMMD9;GRPEL1;BLOC1S1;PDGFD;PDGFC;CGA;XRCC6;COL24A1;MTERF4;FN1;PYCR1;COL1A1;COL1A2;COL9A1;OGDH;SDC1;COL9A3;COL9A2;CDK13;LDHAL6B;COL18A1;AP4E1;PCSK9;HBB;QARS1;COL10A1;DLAT;JAK2;CTSB;NSUN4;COMMD3;HBA1;TFB2M;PSMA5;HADHA;COL2A1;PSMA2;COL21A1;DLD;PAFAH1B2;MATN3;CAB39;KARS1;COL11A1;COL11A2;DLST;IBA57;MRPL58;HSD17B8;COL19A1;PSMB7;ATP5F1A;ATP5F1B;PDPR;PSMB1;RPS3;CCT8;CBR4;TRMT10C;ATP5PB;COL22A1;ATP5F1C;ATP5F1D;ATP5F1E;PDP1;COL3A1;LYRM4;PSMC3;PSMC2;NDUFAB1;YPEL5;FCN1;COL16A1;CSF1;PRORP;TNC;SRP14;CAPN1;MEN1;KCMF1;PDIA3;COL27A1;PAM16;TRNT1;POLRMT;POLG2;COL4A2;COL4A1;COL4A4;COL4A3;COL4A6;PPIE;COL4A5;KPNB1;VCL;ISCU;COL17A1;PSMD12;VCP;PSMD11;PSMD14;FECH;PSMD13;FOXO3;VCPIP1;CCNB1;AP4S1;COL28A1;HSPA9;HSPA8;PDHA2;PDHA1;TIMM44;ARPC5;AP4B1;COQ5;COQ3;IL6;COL5A1;COL5A3;COL5A2;CDK1;COL20A1;HSP90AB1;PRKCSH;COL14A1;ETFA;CGB3;ETFB;LAMC1;SYNE2;AP4M1;DBT;IDH3B;SGCG;IDH3A;POLG;BCKDHA;ACTR2;FGA;HSP90AA1;APAF1;DYNLT1;COL25A1;GLRX5;ELAC2;BCKDHB;FGG;PLAUR;CCNA2;SUPV3L1;SMDT1;NDUFS8;PCCA;NDUFS7;COL6A2;PCCB;CAT;COL6A1;NDUFS3;NDUFS2;COL6A3;NDUFS1;LALBA;FXN;COL15A1;NDUFB8;MVP;PDHB;HSD17B10;THBS1;GANAB;NFS1;GADD45GIP1;NDUFA9;COL26A1;ERAP2;LAMB2;IDH3G;ERAP1;LAMB1;SOD1;PFKL;SUCLA2;COL7A1,3351
complex_genes,SE,GO_Biological_Process_2023,DNA Recombination (GO:0006310),27/42,2.3365205077074177e-10,9.007581227436823,230.83886598682375,BLM;MRPL36;BRCA1;RAD21;RBBP8;NBN;TOPBP1;BARD1;RMI2;XRCC6;RMI1;XRCC5;XRCC2;TOP3A;XRCC3;RPA1;LIG4;TSN;RAD51B;SUPV3L1;RAD50;RAD51D;RAD51;RAD51C;MSH2;MSH3;ERCC1,3351
complex_genes,SE,GO_Biological_Process_2023,Positive Regulation Of Histone Methylation (GO:0031062),17/19,2.3712891956161845e-10,42.44136172765447,1086.7274974231918,SMAD4;PHF20;MCRS1;SUV39H1;SMARCA5;BAZ2A;BRCA1;SIRT1;RRP8;HCFC1;KANSL1;KANSL2;KANSL3;WDR5;CTNNB1;KAT8;OGT,3351
complex_genes,SE,GO_Biological_Process_2023,Positive Regulation Of Response To Stimulus (GO:0048584),39/77,2.3991454163945663e-10,5.147382723112128,131.70474154494696,INO80C;INO80B;INO80E;INO80D;PCNA;DHX9;CEBPG;TAF9;ILK;BRCA1;C8B;CFP;C8A;BABAM1;YY1;BABAM2;TFPT;C8G;C6;IFNL1;C7;RUVBL2;C9;RUVBL1;UIMC1;RPS3;NFRKB;IL15;ACTR5;MCRS1;ACTL6A;ACTR8;INO80;SIRT1;UCHL5;MAVS;UBE2N;ERCC6;WRAP53,3351
complex_genes,SE,GO_Cellular_Component_2023,Anaphase-Promoting Complex (GO:0005680),17/20,3.1155060146231295e-10,28.29254149170166,675.61158329368,ANAPC13;CUL7;ANAPC15;ANAPC16;ANAPC7;BUB1B;ANAPC10;ANAPC11;CDC20;FZR1;CDC23;CDC26;CDC16;CDC27;ANAPC4;ANAPC5;ANAPC2,3351
complex_genes,SE,GO_Molecular_Function_2023,Voltage-Gated Sodium Channel Activity (GO:0005248),17/19,3.297698287800241e-10,42.44136172765447,1086.7274974231918,HCN4;HCN3;PKD2;NALCN;SCN10A;SCN8A;SCN9A;SCN4A;SCN5A;SCN2A;SCN3B;SCN3A;SCN4B;HCN2;SCN1B;SCN1A;SCN2B,3351
complex_genes,SE,GO_Molecular_Function_2023,Sodium Channel Activity (GO:0005272),25/37,3.514271278776544e-10,10.421051312888354,265.6087593995924,HCN4;HCN3;GRIK5;GRIK3;GRIK4;GRIK1;GRIK2;PKD2;NALCN;SCN9A;SCN5A;SCN3A;SCN1B;SCN1A;SCNN1G;SCN10A;SCNN1D;SCN8A;SCNN1B;SCNN1A;SCN4A;SCN2A;SCN4B;HCN2;HCN1,3351
complex_genes,SE,GO_Biological_Process_2023,Cytoplasmic Translational Initiation (GO:0002183),22/30,3.625879723141259e-10,13.74669570441574,345.9368947237893,EIF4A2;EIF4A1;SLBP;EIF2B3;NCBP1;NCBP2;EIF2S2;MIF4GD;EIF3M;EIF2S3;EIF3K;EIF3L;EIF3I;EIF3J;EIF3G;EIF3H;EIF3E;EIF3F;EIF3C;EIF3D;EIF3B;EIF4G1,3351
complex_genes,SE,GO_Biological_Process_2023,Negative Regulation Of DNA-templated Transcription (GO:0045892),254/1025,3.625879723141259e-10,1.6890166501450925,42.49559468528479,RB1;ATF2;PHB1;HNRNPU;RBPJ;BACH1;PHB2;CCAR2;BACH2;RRP8;UXT;DCAF1;RPS14;KAT5;MYC;MYB;DPF2;EPC1;KAT8;TRIM27;BTRC;MED1;SMARCC2;NSMCE3;MED9;DICER1;HCFC2;HCFC1;BIN1;WDR82;DDIT3;ATF5;BCORL1;CLOCK;ATF3;ATF4;L3MBTL1;URI1;CTR9;PDGFB;SUPT4H1;BAZ2A;RTF1;HIF1A;MIER2;MIER1;NKX2-1;NKX2-5;SNX6;JUN;XRCC6;JUND;XRCC5;SMARCA5;SMARCA2;SMARCA4;SNW1;RCOR3;RCOR2;EZH1;RCOR1;EZH2;TCF25;SUV39H1;IFNA2;RSF1;BRCA1;BMI1;ING1;GLI3;GLI2;ING4;NIPBL;ING2;QARS1;SUFU;UIMC1;MLX;BATF3;RING1;TET1;SIRT1;COMMD7;SREBF2;RARA;PPARG;SINHCAF;JDP2;YAP1;SF3B3;LIN37;RPL10;NR1I2;RELA;MNT;BCLAF1;RXRA;NFIL3;FLNA;PCGF1;PRAME;BRD7;RPL17;MBD3;IL33;PCGF6;STAT1;NR1H2;PCGF2;MBD2;STAT3;NR1H3;GATAD2B;PEX14;GATAD2A;VEGFA;MAD2L2;PER2;PER1;PER3;MYBBP1A;CTNNB1;BMAL1;MPHOSPH8;LIMS1;CDK5R1;NDUFA13;CSF2;KDM1A;GMNN;ARID4A;ARID4B;YY1;CCND1;MEN1;KDM2A;KDM2B;FBXW11;ARID5B;FOXP3;FOXP2;FOXP1;SAP30;MAF;BRMS1;PSPC1;KAT6B;KAT6A;TIMELESS;UBE2V1;NOTCH1;MAX;FOXO3;SDCBP;ORC2;TPR;DMAP1;SUDS3;BPTF;CBX8;SMAD2;CBX7;HSPA8;DR1;CBX6;SMAD4;UBE2I;SMAD3;CBX4;ATP8B1;CBX3;CBX2;NONO;ESR1;DRAP1;IL4;MLXIPL;GCLC;DLG1;CNOT7;MAFB;CDK5;YEATS2;CNOT1;CNOT2;COPS2;MAFG;MAFF;MDM2;UBA2;MDM4;MAFK;MXD1;OGT;MXD4;CREBZF;THRB;MIDEAS;ZC3H8;CHD4;CHD3;FOXM1;CDC73;FLCN;DNMT3L;BCL7A;SIN3B;SIN3A;VPS72;DNMT3B;GET1;YAF2;ACTR6;EED;DNMT3A;PEX2;YWHAZ;SFPQ;CREB1;TFDP2;IFNG;TRAF6;CRY2;CRY1;BIRC5;LCOR;PFDN5;CEBPA;CEBPB;HDAC2;HDAC1;LEF1;DDX20;AURKB;RNF2;MTA1;IFNL1;RBBP4;SAP30L;MXI1;E2F1;SAP18;RBBP7;MTA2;FNIP1;E2F6;MTA3;FNIP2;SMARCE1;BRMS1L;TAF7;BCOR;TAF3;TAF1,3351
complex_genes,SE,GO_Cellular_Component_2023,H4/H2A Histone Acetyltransferase Complex (GO:0043189),21/29,3.6723297172193147e-10,13.117905405405406,310.6395224213408,MEAF6;ACTL6B;TRRAP;ACTL6A;MSL3;YEATS4;MBTD1;MORF4L1;ING3;MRGBP;KAT5;YEATS2;VPS72;RUVBL2;MORF4L2;RUVBL1;EP400;EPC1;EPC2;BRD8;DMAP1,3351
complex_genes,SE,GO_Cellular_Component_2023,NuA4 Histone Acetyltransferase Complex (GO:0035267),21/29,3.6723297172193147e-10,13.117905405405406,310.6395224213408,MEAF6;ACTL6B;TRRAP;ACTL6A;MSL3;YEATS4;MBTD1;MORF4L1;ING3;MRGBP;KAT5;YEATS2;VPS72;RUVBL2;MORF4L2;RUVBL1;EP400;EPC1;EPC2;BRD8;DMAP1,3351
complex_genes,SE,GO_Biological_Process_2023,Positive Regulation Of Telomere Maintenance In Response To DNA Damage (GO:1904507),14/14,4.0587877325284014e-10,233086,5834974.444967565,INO80C;INO80B;INO80E;INO80D;ACTR5;MCRS1;ACTR8;INO80;UCHL5;YY1;TFPT;RUVBL2;RUVBL1;NFRKB,3351
complex_genes,SE,GO_Biological_Process_2023,Regulation Of Histone H3-K4 Methylation (GO:0051569),14/14,4.0587877325284014e-10,233086,5834974.444967565,SMAD4;KDM1A;PHF20;MCRS1;CTR9;BRCA1;HCFC1;KANSL1;KANSL2;KANSL3;WDR5;CTNNB1;KAT8;OGT,3351
complex_genes,SE,GO_Biological_Process_2023,Vesicle Coating (GO:0006901),21/28,5.098606506234119e-10,14.992792792792793,371.75607554853104,TRAPPC2;TRAPPC3;TRAPPC1;TRAPPC2L;CUL3;TRAPPC10;TRAPPC4;TRAPPC5;AP3D1;TRAPPC2B;KLHL12;TRAPPC8;TRAPPC9;AP3M2;TRAPPC6A;TRAPPC6B;TRAPPC12;TRAPPC11;AP3S2;AP3S1;TRAPPC13,3351
complex_genes,SE,GO_Biological_Process_2023,Nuclear-Transcribed mRNA Catabolic Process (GO:0000956),41/85,5.098606506234119e-10,4.674574292776709,115.89234022892173,SMG1;NBAS;RBM8A;EIF4A3;SMG9;SMG8;TENT4B;GSPT1;EXOSC7;EXOSC6;EXOSC5;EXOSC10;EXOSC4;EXOSC9;MAGOH;EXOSC8;TNKS1BP1;POLR2G;CNOT6L;NCBP1;NCBP2;CNOT10;MAGOHB;CNOT4;PAN2;CNOT6;CNOT7;XRN1;THRAP3;CNOT1;CNOT11;CSDE1;CNOT2;CNOT3;EIF3E;RNPS1;CNOT8;DCP1A;CNOT9;DCP2;DCP1B,3351
complex_genes,SE,GO_Cellular_Component_2023,ATAC Complex (GO:0140672),13/13,5.408572990143874e-10,216437,5030822.12418856,SGF29;POLE4;KAT2B;KAT2A;TADA2A;ZZZ3;YEATS2;POLE3;TADA3;MBIP;WDR5;MAP3K7;KAT14,3351
complex_genes,SE,GO_Cellular_Component_2023,GBAF Complex (GO:0140288),13/13,5.408572990143874e-10,216437,5030822.12418856,SMARCD1;SS18;SMARCC1;ACTL6B;BICRAL;ACTL6A;SMARCA2;BICRA;SMARCA4;BCL7A;BCL7C;BCL7B;BRD9,3351
complex_genes,SE,GO_Cellular_Component_2023,Brahma Complex (GO:0035060),13/13,5.408572990143874e-10,216437,5030822.12418856,SMARCE1;SMARCD1;SMARCC1;SMARCD2;SMARCB1;SMARCC2;SMARCD3;ACTL6B;ACTL6A;ARID1A;ARID1B;SMARCA2;DPF3,3351
complex_genes,SE,GO_Cellular_Component_2023,Cilium (GO:0005929),85/257,6.618402921954652e-10,2.493173144020849,57.407676004344836,ODAD1;CLXN;ODAD3;TRAF3IP1;IFT172;PKD2;PKD1;GLI3;GLI2;FLCN;IFT52;TCTN3;TCTN2;IQUB;BBS9;ROPN1L;PMPCA;BBS7;KIFAP3;IFT57;BBS5;BBS4;IQCB1;PDGFRA;IFT140;CASK;DNAJB13;IFT80;NME5;RPGRIP1L;DYNLL1;DYNLL2;WDR35;IQCG;IFT88;CATSPERB;IFT43;IFT81;CATSPERG;TMEM216;SCNN1A;WDPCP;IFT46;GAS8;PAFAH1B1;DRC7;INTU;GPR88;RSPH9;CFAP206;RRP7A;IFT74;KIF3B;KIF3A;TMEM67;TTC21B;NPHP1;NPHP4;KIF3C;ATP6V1D;PDZD7;BBS2;BBS1;RSPH4A;CSNK1A1;SEPTIN2;WHRN;WDR19;IFT122;FUZ;BBIP1;SEPTIN9;SEPTIN7;TMEM231;IFT20;RSPH3;AHI1;TTC8;IFT22;RSPH1;TMEM17;TTLL1;IFT27;DYNLRB1;CLUAP1,3351
complex_genes,SE,GO_Biological_Process_2023,Establishment Or Maintenance Of Apical/Basal Cell Polarity (GO:0035088),20/26,7.013677238586122e-10,16.654658260782547,407.4815887651386,CRB2;CRB1;PATJ;PRKCI;PARD6G;SCRIB;PRKCZ;OOEP;PARD6B;DLG1;PARD6A;DLG2;DLG3;DLG4;DLG5;PARD3;LLGL1;CRB3;LLGL2;PALS1,3351
complex_genes,SE,GO_Biological_Process_2023,Positive Regulation Of Gene Expression (GO:0010628),138/480,7.075850491968692e-10,2.047935743498179,50.07427626224112,N6AMT1;ATF2;RPL5;PHB1;CSF2;SMARCB1;CSF1;FMR1;EIF4A3;TNC;RBPJ;UXT;MYC;VPS35;KAT7;MEN1;MED1;RPS7;METTL3;TRAPPC2B;TICAM1;PRKAB1;HCFC1;MYCN;HGS;RPL26;ATF4;NOTCH1;KMT2A;PRKDC;PDGFB;PIK3R3;PIK3R1;HIF1A;FXR1;FXR2;CALCR;DDRGK1;PDCD10;NKX2-1;MBIP;RIPK1;SMAD3;FN1;SNF8;SMARCA4;IL4;IL6;AGO2;TADA3;HNRNPD;EIF4G3;OGT;MYD88;NFE2L2;IL21;GSK3B;GSK3A;CXCL8;IL26;PHF1;PRKAG1;PIK3CD;NAT10;DPY30;ASH2L;PIK3CB;BRCA1;SGF29;CD3E;TENT4A;TENT4B;PIK3CG;RPS4X;TRMT112;METTL14;VPS72;DNMT3B;ITGAX;WDR5;ITGB8;EMILIN1;IL10;IFNGR1;IL15;IL13;ARID1A;MED26;TERF2;ARID1B;TGFBR1;MED23;KAT2B;IL1A;KAT2A;IFNG;PPARG;TLR6;GAPDH;TLR4;TLR2;YAP1;SMARCD1;PRKAA1;RAMP2;RAMP3;HDAC1;POLDIP3;RPL11;LEF1;THBS1;RELA;TTN;POLR2A;RBBP5;U2AF2;RPS3;E2F1;METTL5;BRD7;RPL17;IL33;IL37;CARD9;STAT3;DTNBP1;MTOR;BATF;VEGFA;SOD1;EIF3E;IL17F;FAM98B;FAM98A;EIF3C;EIF3D;LAMTOR5;LIMS1,3351
complex_genes,SE,GO_Biological_Process_2023,Regulation Of DNA Strand Elongation (GO:0060382),15/16,8.847356248038939e-10,74.85611510791367,1813.0981178527252,INO80C;INO80B;INO80E;INO80D;ACTR5;MCRS1;ACTR8;INO80;UCHL5;YY1;TFPT;RUVBL2;RUVBL1;POT1;NFRKB,3351
complex_genes,SE,GO_Cellular_Component_2023,Cul4-RING E3 Ubiquitin Ligase Complex (GO:0080008),23/35,9.085544714707215e-10,9.581605568910257,217.43891472327073,FBXW5;CRBN;DCAF8;DCAF5;DCAF4;DCAF7;DCAF6;DDA1;DDB2;RBX1;DCAF1;DCAF15;CUL4A;DDB1;DCAF16;DCAF17;ERCC8;DCAF10;DCAF11;DCAF12;DCAF13;WDTC1;CUL4B,3351
complex_genes,SE,GO_Cellular_Component_2023,SAGA Complex (GO:0000124),18/23,9.528967622861648e-10,17.977317731773176,406.8305384135399,SF3B5;ENY2;SF3B3;TAF12;TRRAP;TAF10;USP22;TAF9;SGF29;SUPT7L;TAF5L;TADA2B;KAT2B;TAF6L;KAT2A;TADA2A;TADA3;ATXN7L3,3351
complex_genes,SE,GO_Biological_Process_2023,Protein Stabilization (GO:0050821),74/208,1.027281213266142e-9,2.783101580896251,66.97592990796079,RPL5;SWSAP1;PHB1;HSP90AB1;CCNH;MCM8;PTEN;PHB2;DNAAF10;UXT;RUVBL2;RUVBL1;GET1;CCT3;CCT2;USP7;HSP90AA1;COG7;CSNK2A1;RPS7;DNAAF2;FBXW7;VBP1;PIH1D1;COG3;TSC1;ASDURF;ATP1B1;TTI2;HCFC1;PDRG1;TTI1;CREB1;CDC37;PEX6;TCP1;PIH1D2;PFDN1;PFDN2;IFT46;PFDN4;GAPDH;PFDN5;TELO2;PFDN6;URI1;RPL11;TAF9;PIK3R1;RPAP3;BAG6;NCLN;PDCD10;POLR2E;FLNA;CCT8;ZSWIM7;VHL;CCT7;RPL17;CCT5;GPIHBP1;CCT4;HPS4;PARVA;CCT6A;CDK7;PER3;PRKRA;SPAG1;MDM4;NAA16;NAA15;TAF1,3351
complex_genes,SE,GO_Biological_Process_2023,Nucleus Organization (GO:0006997),27/44,1.0508045462883373e-9,7.946910172011043,191.01272137208827,NUP205;SEH1L;VPS4B;VPS4A;SYNE1;RPS19;ATXN7;CHMP1B;CHMP1A;TPR;NDC1;PDCD6IP;NUP133;NUP155;IRAG2;NUP93;BIN1;CHMP2B;CHMP2A;CHMP4C;CHMP3;NUP35;CHMP4A;NUP54;CHMP6;CHMP7;CHMP5,3351
complex_genes,SE,GO_Cellular_Component_2023,Voltage-Gated Calcium Channel Complex (GO:0005891),28/49,1.08032527244982e-9,6.671882836794062,150.04687633799637,CATSPER1;CATSPER3;CATSPER2;CATSPER4;CACNA1C;TMEM262;EFCAB9;SCN11A;TMEM249;SCN9A;SCN7A;SCN5A;CACNA1S;SCN3A;SCN1A;CATSPERZ;CACNB1;CACNB2;CACNB3;SCN10A;CACNB4;CATSPERB;CATSPERE;CATSPERD;CATSPERG;SCN8A;SCN4A;SCN2A,3351
complex_genes,SE,GO_Biological_Process_2023,Melanosome Assembly (GO:1903232),16/18,1.1668687837467814e-9,39.93283358320839,955.3890711634659,HPS1;AP1B1;AP3D1;HPS4;HPS3;AP3B1;HPS6;HPS5;AP3M1;AP1G1;AP1S2;AP1S1;AP3S2;AP1S3;AP3S1;AP1M1,3351
complex_genes,SE,GO_Biological_Process_2023,Negative Regulation Of Stem Cell Population Maintenance (GO:1902455),17/20,1.2132956498408831e-9,28.29254149170166,675.61158329368,HDAC2;SF3B3;HDAC1;TET1;ARID4B;ING1;SAP30;ING2;BRMS1;RBBP4;SIN3A;BRMS1L;SAP30L;RBBP7;SINHCAF;SUDS3;OGT,3351
complex_genes,SE,GO_Biological_Process_2023,Regulation Of Cell Differentiation (GO:0045595),70/193,1.2350347949170867e-9,2.8665165042384957,68.38185843972929,GSK3B;SMARCB1;HSP90AB1;CSF1;CHD4;CHD3;BCL7A;PPP2R1A;BCL7C;DPF1;BCL7B;DPF3;TNR;ARID2;CDK5RAP3;APC2;SS18;SMARCC1;PBRM1;SMARCC2;ACTL6B;ACTL6A;ARID1A;ARID1B;KLHL41;TGFBR1;BIN1;SINHCAF;BIRC2;ATF4;SMARCD1;CEBPB;HDAC2;NLGN1;SMARCD2;TNXB;SMARCD3;CEBPD;HDAC1;LEF1;BICRA;PPP2CA;RELN;MTA1;RBBP4;BRD9;PRAME;RBBP7;VHL;BRD7;MTA2;MTA3;MBD3;SUZ12;SMARCE1;PHF10;BICRAL;TRIP4;SMARCA2;ELL3;GATAD2B;SMARCA4;GATAD2A;CDK9;CDK6;APC;APLF;TAF8;CTNNB1;CDK5R1,3351
complex_genes,SE,GO_Biological_Process_2023,Positive Regulation Of Developmental Process (GO:0051094),80/233,1.2520817885310182e-9,2.636918213734082,62.85191770134196,GSK3B;SMARCB1;HSP90AB1;FMR1;ARID4A;ARID4B;ING1;CDC20;ING2;BCL7A;SIN3A;BCL7C;DPF1;BCL7B;DPF2;DPF3;VPS35;FBXO5;TRAPPC13;ARID2;NCOA1;NCOA2;SS18;SMARCC1;PBRM1;SMARCC2;ACTL6B;ACTL6A;TET1;ARID1A;SIRT1;ARID1B;SAP30;BRMS1;MMRN2;PPARG;SINHCAF;ANAPC2;SMARCD1;CEBPB;HDAC2;NLGN1;PRKAA1;SMARCD2;PAXIP1;SF3B3;TNXB;SMARCD3;HDAC1;NRXN1;LEF1;PDGFB;BICRA;RELN;RBBP4;SAP30L;NLRP5;BRD9;SUDS3;RBBP7;VHL;BRD7;SMARCE1;XBP1;PHF10;BICRAL;KRT10;SMARCA2;SMARCA4;VEGFA;MAD2L2;DLG4;DLG5;BRMS1L;SHLD2;AGO2;SHLD1;CTNNB1;OGT;MCU,3351
complex_genes,SE,GO_Cellular_Component_2023,Transcription Factor TFTC Complex (GO:0033276),15/17,1.3506680658060077e-9,37.42580935251799,832.7639334091618,ENY2;TAF12;TRRAP;TAF10;USP22;TAF9;TAF5L;KAT2A;TADA3;TAF7;TAF6;TAF5;TAF4;ATXN7L3;TAF2,3351
complex_genes,SE,GO_Molecular_Function_2023,Ubiquitin Ligase-Substrate Adaptor Activity (GO:1990756),27/44,1.425563310533021e-9,7.946910172011043,191.01272137208827,KLHL15;KEAP1;FBXO45;FBXO42;DCAF1;FZR1;FBXO4;FBXO3;FEM1C;PRAME;VHL;BTRC;DCAF12;FBXO7;DCAF13;FBXO9;KLHDC10;SKP1;KLHDC2;KLHDC3;FEM1A;KLHL25;FEM1B;FBXL19;KLHL22;APPBP2;FBXL2,3351
complex_genes,SE,GO_Biological_Process_2023,Integrated Stress Response Signaling (GO:0140467),21/29,1.452568223444541e-9,13.117905405405406,310.6395224213408,CREBZF;CEBPA;BATF2;NFE2;CEBPB;BATF3;JUN;CEBPD;CEBPE;CEBPG;FOS;EIF2S1;BATF;FOSL1;CREB3;MAF;MAFB;DDIT3;NFE2L3;JUNB;NFE2L2,3351
complex_genes,SE,GO_Molecular_Function_2023,DNA-binding Transcription Factor Binding (GO:0140297),92/282,1.4874327773967872e-9,2.4454191631272106,58.55513251752623,RB1;ATF2;GSK3B;CCNT1;KDM1A;GTF2B;KEAP1;CHD4;RBPJ;YY1;KAT5;SIN3A;MYC;MLX;KAT8;UBXN7;BBS7;NBN;BBS5;BBS4;MED1;TBP;DNMT3A;ARNT;FOS;SIRT1;YWHAZ;HCFC1;RBX1;KAT2B;KAT2A;CREB1;TFDP1;DDIT3;KAT6A;MYOD1;CSNK2B;PPARG;ATF4;YAP1;CEBPA;HDAC2;SMARCD3;DHX9;EPAS1;PRKDC;MAX;HDAC1;CEBPG;TAF9;DDX20;HIF1A;RELA;MTA1;DDRGK1;NKX2-1;RPS3;E2F1;RBBP8;FLNA;NLRP3;DMAP1;VHL;NKX2-5;MTA2;EIF4E;BBS2;STAT5A;SMAD2;BBS1;JUN;SMAD3;TAF12;NFYB;SETD1A;STAT3;SMARCA1;USF2;USF1;MAD2L2;MLXIPL;PSMC5;TTC8;CNOT7;STING1;BCL2;CTNNB1;TAF7;BCOR;BMAL1;NFE2L2;TAF1,3351
complex_genes,SE,GO_Biological_Process_2023,Spliceosomal Complex Assembly (GO:0000245),33/62,1.5321465517837294e-9,5.699943879778013,134.63841056872462,SF3B4;SF3B5;SF3B2;SF3B3;DDX46;DDX1;SF3B6;DDX23;PRPF19;USP39;HTATSF1;SNRPD2;RBMX2;SNRPD1;SNIP1;SNRPB2;SNRPD3;SMN1;TXNL4A;SF3B1;SF3A3;SF3A1;SF3A2;NCBP1;PRPF6;PHF5A;DDX39B;SNRPG;SNRPA1;SNRPE;SNRPF;SNRNP200;SNRPB,3351
complex_genes,SE,GO_Cellular_Component_2023,Calcium Channel Complex (GO:0034704),31/59,1.98597443429233e-9,5.542717297762478,121.11244497430721,RYR1;RYR2;MCUB;CACNA1C;PKD1;RYR3;SCN11A;SCN9A;SCN7A;SCN5A;CACNA1S;SCN3A;SCN1A;TRPC5;TRPC4;CACNB1;CACNB2;CACNB3;SCN10A;SMDT1;CACNB4;SCN8A;MICU3;SCN4A;CALM3;MICU2;MICU1;CALM1;SCN2A;CALM2;MCU,3351
complex_genes,SE,GO_Biological_Process_2023,Cellular Component Assembly (GO:0022607),86/260,2.134975335602429e-9,2.4939712379644785,58.06720468598702,SYCP2;GPAA1;SYCP1;SLC2A1;CD3G;IL1RAP;LAMC1;CD3E;PPP2R1A;RAC3;ELOB;KNTC1;IKBKG;KIFAP3;TEAD1;KPNA3;AP2M1;RSPH6A;FGB;CARD10;FGA;TINF2;FGG;TEX12;AXIN1;DNAJB13;TRAF2;YWHAZ;DARS1;TAPBP;NEMF;SLC7A9;GORASP2;PARD3;ZW10;CSNK2B;MATN1;POT1;GEMIN5;LLGL1;GAS8;YAP1;BECN1;NLGN1;KMT2A;DHX9;PDGFA;LIN7A;RSPH9;CFAP206;ADD1;ADD2;BAG6;SYCE3;SYCE2;VCPIP1;SYCE1;PARD6B;PDCD10;HAS1;HAS3;HAS2;ACD;RSPH4A;WDR19;FANCA;RANBP9;FANCC;PARVB;PEX14;RSPH1;EPRS1;STAG3;APC;DLG4;CAPZA1;CAPZA2;KRT14;IL2RB;MDM2;TCAP;APBA1;MDM4;NDUFAF1;CD247;MNAT1,3351
complex_genes,SE,GO_Biological_Process_2023,Response To Ionizing Radiation (GO:0010212),36/72,2.1674021737262627e-9,5.011463046757164,116.5756558326157,BLM;PRKAA1;PAXIP1;BRCA1;BRCA2;TANK;BABAM1;BABAM2;STK11;MTA1;KAT5;MYC;FIGNL1;UIMC1;SWI5;TNKS1BP1;TOPBP1;MEN1;BARD1;XRCC4;INTS3;HUS1;LIG4;INO80;SIRT1;SPIDR;INIP;RAD51;MSH2;FANCD2;ERCC4;NABP2;NABP1;INTS7;CLOCK;RAD9A,3351
complex_genes,SE,GO_Biological_Process_2023,Cell-Matrix Adhesion (GO:0007160),47/109,2.222538489121637e-9,3.805694954307584,88.4084402247202,COL17A1;ITGB1;ITGAM;COL13A1;ITGB5;ITGB4;ITGB3;ITGA2B;ITGB2;ILK;ITGAE;ITGAL;PKD1;THBS3;SGCE;VTN;TNN;ITGAX;ITGB8;EMILIN1;ITGAV;ITGB7;ITGB6;RAC1;FGB;FGA;ITGA4;ITGA3;ITGA2;FGG;ITGA1;FN1;TSC1;DYNLL1;TIMM10B;MKLN1;COL3A1;ITGAD;ITGA10;ITGA11;ITGA8;ITGA7;ITGA6;ITGB1BP1;ITGA5;VCL;ITGA9,3351
complex_genes,SE,GO_Biological_Process_2023,Melanosome Organization (GO:0032438),24/37,2.2516687866693905e-9,9.23132413123396,214.272541672187,SNAPIN;HPS1;AP1B1;AP3D1;DTNBP1;HPS4;HPS3;AP3B1;HPS6;HPS5;BLOC1S4;AP3M1;BLOC1S5;BLOC1S6;AP1G1;BLOC1S1;BLOC1S2;BLOC1S3;AP1S2;AP1S1;AP3S2;AP1S3;AP3S1;AP1M1,3351
complex_genes,SE,GO_Molecular_Function_2023,Nuclear Vitamin D Receptor Binding (GO:0042809),13/13,2.8620512794803196e-9,216437,5030822.12418856,TAF11;MED16;MED4;MED17;MED12;MED22;MED14;MED13;RXRA;SNW1;MED30;THRAP3;TAF7,3351
complex_genes,SE,GO_Cellular_Component_2023,RNA Polymerase I Complex (GO:0005736),12/12,2.867779992048367e-9,199788,4286315.406091295,POLR1B;POLR1C;POLR1D;POLR2E;POLR1E;POLR2F;POLR1F;POLR1G;POLR2H;POLR1H;POLR2K;POLR2L,3351
complex_genes,SE,GO_Cellular_Component_2023,npBAF Complex (GO:0071564),12/12,2.867779992048367e-9,199788,4286315.406091295,SMARCE1;SMARCD1;SMARCC1;SMARCB1;SMARCC2;SMARCD3;PHF10;ACTL6A;ARID1A;ARID1B;SMARCA2;SMARCA4,3351
complex_genes,SE,GO_Biological_Process_2023,ATP Biosynthetic Process (GO:0006754),19/25,2.9332548595828534e-9,15.8171768707483,362.76653946024305,ATP5PF;ATP5PD;ATP5PB;ATP5MC2;ATP5MC3;PRKAG2;ATP5F1C;ATP5F1D;ATP5F1E;ATP5MC1;ATP5F1A;ATP5F1B;ATP5MGL;ATP5PO;ATP5MK;ATP5MJ;ATP5MG;ATP5MF;ATP5ME,3351
complex_genes,SE,GO_Biological_Process_2023,Response To dsRNA (GO:0043331),19/25,2.9332548595828534e-9,15.8171768707483,362.76653946024305,IFNA5;IFNA4;IFNA7;IFNA6;IFNA14;TICAM2;IFNA16;IFNB1;IFNA17;IFNA2;SLC3A2;TICAM1;IFNA8;IFNW1;IFNE;IFNK;PMAIP1;IFNA21;IFNA10,3351
complex_genes,SE,GO_Biological_Process_2023,Regulation Of Macroautophagy (GO:0016241),43/96,3.0893597124955013e-9,4.070338345006959,93.11775146994971,ATP6V1A;BECN1;PRKAA2;PIK3R4;SNX32;VPS26A;VPS26B;WDR24;TBK1;CAPNS1;ATP6V0A2;ATP6V1H;VPS35;CAPN1;IKBKG;MAP3K7;ATP6V1D;SNX5;ATG5;ATP6V0A1;SNX6;ATP6V0B;EXOC8;EXOC7;TSC2;TSC1;ATG14;SIRT1;ATG12;MTOR;IL4;PIK3CA;CDK5;STING1;EXOC4;PIK3C3;SMCR8;ULK1;ATP6V0C;GAPDH;PAFAH1B2;TECPR1;CDK5R1,3351
complex_genes,SE,GO_Molecular_Function_2023,Transcription Coregulator Binding (GO:0001221),44/99,3.302185437579859e-9,4.014272754762625,92.55435645410004,THRB;SMARCD3;EPAS1;HDAC1;PHF1;LEF1;CHD4;HIF1A;RELA;RXRA;TERT;MYC;ELOB;STAT6;ELOC;RPL17;SUZ12;MED1;SREBF1;SMAD4;SMAD3;UBE2I;CBX3;EED;STAT1;MED9;TRAPPC2B;FOS;ESR1;MED6;SMARCA4;CDK9;PER2;CREB3;PER1;PER3;CNOT2;MTF2;RARA;LCOR;CTNNB1;ATF7;PPARG;EZH2,3351
complex_genes,SE,GO_Cellular_Component_2023,U2-type Catalytic Step 2 Spliceosome (GO:0071007),20/29,3.607004860768907e-9,11.101104106207679,235.4632371671129,CDC5L;CWC15;PLRG1;PRPF19;PRPF8;EFTUD2;XAB2;SNRNP40;SNW1;SNRPD2;SNRPD1;SNRPG;PPIE;SNRPB2;SNRPA1;SNRPE;SNRPD3;SNRPF;BCAS2;SNRPB,3351
complex_genes,SE,GO_Biological_Process_2023,Intracellular Protein Transmembrane Transport (GO:0065002),27/46,4.117521482786184e-9,7.1095382861485845,160.5613172970559,TOMM40;SRP54;TOMM20;PEX26;TIMM50;SEC61A2;SEC61A1;GRPEL1;SEC61G;GRPEL2;TIMM17A;TIMM17B;ROMO1;SEC61B;DNAJC19;PAM16;TIMM23;PEX10;PEX2;TIMM44;PEX1;TIMM21;DNAJC15;PEX12;PEX13;PEX14;PEX6,3351
complex_genes,SE,GO_Biological_Process_2023,Regulation Of Translation (GO:0006417),71/202,4.326441001235772e-9,2.7294218953639917,61.48988144583125,EIF4A2;CYFIP1;RPL5;FMR1;EIF4A3;NAT10;YBX1;RPS4X;SYNCRIP;METTL14;ENC1;RACK1;CSNK2A1;NCBP1;DAPK1;NCBP2;METTL3;RPL13A;TSC1;MIF4GD;CSDE1;GEMIN5;ETF1;RPL26;EIF4E2;GAPDH;DDX6;RPL10;DHX9;PRKDC;POLDIP3;DDX1;NOLC1;FOXO3;MRPL13;THBS1;GIGYF2;GSPT1;FXR1;FXR2;TCOF1;RPS3;IGF2BP1;METTL5;EIF4E;PAIP1;EIF2B4;EIF2B2;KLHL25;ELP1;ELP2;ELP3;CNOT10;ELP4;ELP5;ELP6;EIF2S1;MTOR;IL6;EPRS1;CNOT1;HNRNPD;EIF3H;EIF3E;EIF3C;CNOT9;EIF4G3;OGT;EIF3D;EIF4G1;EIF3B,3351
complex_genes,SE,GO_Biological_Process_2023,Protein Targeting (GO:0006605),52/129,4.346728373424226e-9,3.3923857288513246,76.33370396527539,NCF1;AP4E1;SRP54;SRP14;TOMM20;TOMM22;AP4M1;SEC61A1;SEC61G;TIMM17A;TIMM17B;AP1S3;FBXO7;PRKCI;VPS37C;TIMM23;VPS37D;VPS37A;PEX1;VPS37B;CDC37;PARD3;PEX6;NLGN1;TOMM40;TIMM9;RPL11;PIK3R4;TIMM13;KATNB1;TIMM10;SDCBP;VPS8;AP4S1;AP1M2;DNAJC19;TIMM8B;HPS4;AP3D1;TIMM44;PEX12;AP4B1;SPCS3;SPCS2;SPCS1;NACA;GIPC1;VPS41;SRPRA;TOMM7;SRPRB;TOMM5,3351
complex_genes,SE,GO_Biological_Process_2023,Anterograde Synaptic Vesicle Transport (GO:0048490),14/15,4.346728373424226e-9,69.84477075217261,1571.1491082613584,SNAPIN;AP3D1;DTNBP1;AP3B2;AP3M2;BLOC1S4;AP3M1;BLOC1S5;BLOC1S6;BLOC1S1;BLOC1S2;BLOC1S3;AP3S2;AP3S1,3351
complex_genes,SE,GO_Biological_Process_2023,Endosome To Lysosome Transport Via Multivesicular Body Sorting Pathway (GO:0032510),14/15,4.346728373424226e-9,69.84477075217261,1571.1491082613584,VCP;VPS4B;VPS4A;CHMP1B;CHMP2B;CHMP2A;CHMP4C;MVB12A;CHMP3;CHMP4A;CHMP6;CHMP7;UBXN6;CHMP5,3351
complex_genes,SE,GO_Biological_Process_2023,Regulation Of Telomere Maintenance In Response To DNA Damage (GO:1904505),14/15,4.346728373424226e-9,69.84477075217261,1571.1491082613584,INO80C;INO80B;INO80E;INO80D;ACTR5;MCRS1;ACTR8;INO80;UCHL5;YY1;TFPT;RUVBL2;RUVBL1;NFRKB,3351
complex_genes,SE,GO_Biological_Process_2023,Synaptic Vesicle Transport Along Microtubule (GO:0099517),14/15,4.346728373424226e-9,69.84477075217261,1571.1491082613584,SNAPIN;AP3D1;DTNBP1;AP3B2;AP3M2;BLOC1S4;AP3M1;BLOC1S5;BLOC1S6;BLOC1S1;BLOC1S2;BLOC1S3;AP3S2;AP3S1,3351
complex_genes,SE,GO_Biological_Process_2023,Positive Regulation Of Telomere Maintenance (GO:0032206),29/52,4.5883399920158165e-9,6.310420647593121,141.5747803514958,INO80C;INO80B;INO80E;INO80D;PNKP;AURKB;YY1;TFPT;SLX4;RUVBL2;RUVBL1;NBN;NFRKB;ACTR5;MCRS1;ACTL6A;TINF2;ACTR8;INO80;TERF1;TERF2;UCHL5;RAD50;ERCC1;HNRNPD;NABP2;POT1;TERF2IP;SLX1A,3351
complex_genes,SE,GO_Biological_Process_2023,Regulation Of Nucleic Acid-Templated Transcription (GO:1903506),129/452,4.618752560219587e-9,2.0236781569434594,45.376542816274416,RB1;ATF2;PHB1;TRRAP;JADE1;YEATS4;JADE3;JADE2;BACH1;RPL6;PPP2R1A;RUVBL2;MYB;RUVBL1;KAT7;HCFC2;FOXP3;HCFC1;SAP30;KAT6B;PSPC1;DDIT3;KAT6A;PPIE;ATF7;UBE2V1;ATF5;CLOCK;ATF4;KMT2D;NOTCH1;MEAF6;SRCAP;SUPT4H1;BAZ2A;HIF1A;TAF5L;ZNHIT1;MIER1;NKX2-1;MBIP;DMAP1;KAT14;BPTF;DR1;BRPF1;SMAD3;BRPF3;NONO;SMARCA5;NFATC2;TRIP4;SMARCA1;SMARCA2;ESR1;MLXIPL;TADA2A;MAFB;ZZZ3;YEATS2;TADA3;HNRNPD;EZH2;PHF19;LIN54;PHF1;RSF1;SGF29;CHD3;YBX1;BRCA2;ING4;ING5;ING2;ING3;VPS72;SUFU;WDR5;MLX;YAF2;NCOA2;PRMT5;BRD1;ACTR6;ACTR5;ACTL6A;MSL3;BAZ1A;ACTR8;TGFBR1;MED23;KAT2B;TAF6L;KAT2A;SFPQ;MTF2;IFNK;TERF2IP;PFDN5;CEBPA;CEBPB;NR1I2;TAF9;TGFBRAP1;CXXC1;RELA;PPP2CA;POLR2A;RBBP4;NFIL3;SAP30L;E2F1;PCGF1;ASCC2;RBBP7;VHL;RNF20;UTP4;NFYA;TAF12;ASCC1;NFYB;NFYC;TAF10;STAT3;RYBP;MYBBP1A;BMAL2;BMAL1,3351
complex_genes,SE,GO_Biological_Process_2023,DNA Replication Initiation (GO:0006270),17/21,4.682002296639475e-9,21.218131373725257,475.12483680562235,PRIM2;MCM7;PRIM1;ORC5;ORC4;POLA1;POLA2;CDC45;ORC6;ORC1;ORC3;ORC2;RPA4;MCM3;MCM5;TOPBP1;MCM2,3351
complex_genes,SE,GO_Biological_Process_2023,Anaphase-Promoting Complex-Dependent Catabolic Process (GO:0031145),17/21,4.682002296639475e-9,21.218131373725257,475.12483680562235,ANAPC13;ANAPC15;ANAPC16;ANAPC7;CUL3;ANAPC10;ANAPC11;FBXO31;CDC20;FZR1;CDC23;CDC26;CDC16;CDC27;ANAPC4;ANAPC5;ANAPC2,3351
complex_genes,SE,GO_Biological_Process_2023,snRNA Metabolic Process (GO:0016073),17/21,4.682002296639475e-9,21.218131373725257,475.12483680562235,INTS11;ZCCHC8;INTS12;INTS13;INTS14;INTS3;INTS10;INTS2;SNAPC3;INTS5;INTS4;INTS7;MTREX;INTS6;INTS9;RBM7;INTS8,3351
complex_genes,SE,GO_Biological_Process_2023,Regulation Of Telomere Maintenance (GO:0032204),24/38,4.683985555383024e-9,8.571428571428571,191.88372040460223,SMG1;SLF1;USP7;SLF2;XRCC5;NSMCE3;NSMCE2;TINF2;NSMCE1;SMC5;SMC6;TERF1;TERF2;RAD50;SLX4;EID3;NSMCE4A;ERCC4;MYC;ERCC1;HNRNPD;POT1;TERF2IP;NBN,3351
complex_genes,SE,GO_Cellular_Component_2023,Endopeptidase Complex (GO:1905369),13/14,5.5094426341305e-9,64.83642899940084,1346.8615642194875,FCN1;COLEC11;FCN2;COLEC10;FCN3;CFH;CRADD;PLAUR;CASP9;PIDD1;THBD;PLAU;MBL2,3351
complex_genes,SE,GO_Biological_Process_2023,DNA Duplex Unwinding (GO:0032508),25/41,5.819156795277902e-9,7.813909350571257,173.18684909503193,BLM;MCM7;DHX9;MCM8;DDX1;MCM9;CDC45;ASCC2;ASCC3;NBN;GINS1;GINS2;ASCC1;GINS3;GINS4;SUPV3L1;RAD50;RAD51;ERCC3;MCM3;MCM4;POT1;MCM5;MCM6;MCM2,3351
complex_genes,SE,GO_Biological_Process_2023,Positive Regulation Of DNA Biosynthetic Process (GO:2000573),33/65,7.021691384909674e-9,5.164641726943942,113.47022670850075,HSP90AB1;PCNA;PNKP;PDGFB;AURKB;MYC;FBXO4;USP1;CCT8;CCT7;CCT5;CCT4;CCT3;PDGFRB;RFC5;GINS1;CCT2;GINS2;HSP90AA1;RFC3;RFC4;RFC2;XRCC5;GINS3;GINS4;CCT6A;POLG2;DKC1;TCP1;POT1;CTNNB1;ATR;WRAP53,3351
complex_genes,SE,GO_Biological_Process_2023,Regulation Of T Cell Differentiation (GO:0045580),27/47,7.4431300061635305e-9,6.75365523465704,147.92939492879665,SMARCD1;SMARCD2;SMARCB1;SMARCD3;IFNA2;ACTB;IFNL1;ARID2;BRD7;SMARCE1;PBRM1;SMARCC1;XBP1;SMARCC2;ACTL6B;PHF10;IFNB1;ACTL6A;METTL3;FANCA;ARID1A;ARID1B;SMARCA2;SMARCA4;SOD1;IL4;KAT2A,3351
complex_genes,SE,GO_Biological_Process_2023,Regulation Of Embryonic Development (GO:0045995),32/62,7.4431300061635305e-9,5.341046499949784,116.9765728973161,CRB2;INO80C;INO80B;INO80E;INO80D;SGF29;YY1;BAG6;TFPT;NIPBL;RUVBL2;RUVBL1;NLRP5;WDR5;MBIP;NFRKB;KAT14;DR1;ACTR5;MCRS1;ACTR8;INO80;UCHL5;SEPTIN7;KAT2B;KAT2A;TADA2A;ZZZ3;YEATS2;TADA3;CDK1;WDPCP,3351
complex_genes,SE,GO_Biological_Process_2023,Receptor Signaling Pathway Via JAK-STAT (GO:0007259),23/36,7.808824848911867e-9,8.844027366863905,193.22441906067596,IL21;IFNAR2;STAT5A;STAT5B;CSF2;IFNB1;IL15;STAT1;STAT2;CTR9;STAT3;CSF2RB;TYK2;PKD2;CSF2RA;PKD1;IFNG;STAT4;STAT6;IFNL4;JAK2;JAK1;IFNAR1,3351
complex_genes,SE,GO_Biological_Process_2023,Mitotic Metaphase Plate Congression (GO:0007080),28/50,7.808824848911867e-9,6.36823242962274,139.09950090601242,BECN1;SEH1L;CUL3;VPS4B;MIS12;VPS4A;CDCA8;CCNB1;CDC23;CHMP1B;CHMP1A;NUF2;NUP62;CDT1;PDCD6IP;BOD1;NDC80;ZW10;CHMP2B;CHMP4C;CHMP2A;CHMP3;CHMP4A;CHMP6;CHMP7;KPNB1;MAD1L1;CHMP5,3351
complex_genes,SE,GO_Biological_Process_2023,Pattern Recognition Receptor Signaling Pathway (GO:0002221),30/56,7.934167032381372e-9,5.775484677923703,126.02950847448837,FCN1;FCN2;COLEC11;FCN3;COLEC10;LY96;BCL10;NLRC4;MEFV;PYCARD;TBK1;IRAK1;TIFA;CASP1;NLRP3;NLRP1;MAP3K7;MBL2;IRAK4;TICAM1;TLR1;MAVS;STING1;TRAF3;TRAF6;TLR10;TLR6;TLR4;NAIP;TLR2,3351
complex_genes,SE,GO_Cellular_Component_2023,Lytic Vacuole Membrane (GO:0098852),89/287,8.651291231806128e-9,2.2669041735565343,46.036707140492815,WDR41;PCSK9;TCIRG1;RPTOR;FLCN;AP1G1;CHMP1B;CHMP1A;AP1S2;AP1S1;VPS35;AP1S3;VPS39;UBXN6;AP2M1;VPS18;ATP6V0B;SEC13;SZT2;ANXA2;MIOS;SLC30A2;VPS33A;ATP6AP2;AP1B1;ATP11C;AP3B1;ATP11A;AP5B1;ITFG2;VAMP8;RRAGA;VAMP7;RRAGB;COL6A1;CHMP4C;CHMP3;CHMP4A;PHIP;DEPDC5;KPTN;CHMP6;UBA52;ATP6V0C;CHMP7;CHMP5;ATP6V1A;SEH1L;AHNAK;STX17;NPRL2;NPRL3;ATP10B;WDR24;GNAI1;AP3M1;NCSTN;BLOC1S1;MYO6;ATP6V0A2;VPS11;ATP6V1H;ATP6V0A4;FNIP1;ATP6V1D;AP1M2;ATP6V0A1;VPS16;AP1M1;HSPA8;WDR59;KICS2;AP3D1;HPS4;HPS6;MTOR;RMC1;CLCN7;OSTM1;CHMP2B;GNB1;VPS41;CHMP2A;LAMTOR2;LAMTOR1;LAMTOR4;LAMTOR3;TECPR1;LAMTOR5,3351
complex_genes,SE,GO_Biological_Process_2023,DNA Strand Elongation Involved In DNA Replication (GO:0006271),12/12,1.1273878404839657e-8,199788,4286315.406091295,POLD3;POLA1;RFC3;PCNA;RFC4;MCM7;POLD2;POLE3;MCM3;MCM4;LIG3;POLE,3351
complex_genes,SE,GO_Biological_Process_2023,Positive Regulation Of Histone H3-K4 Methylation (GO:0051571),12/12,1.1273878404839657e-8,199788,4286315.406091295,SMAD4;KANSL1;KANSL2;PHF20;KANSL3;MCRS1;WDR5;CTNNB1;KAT8;BRCA1;OGT;HCFC1,3351
complex_genes,SE,GO_Biological_Process_2023,Protein Heterotetramerization (GO:0051290),12/12,1.1273878404839657e-8,199788,4286315.406091295,NUDT21;CPSF7;CPSF6;KRT1;KRT10;FARSA;PKD2;GRIN2B;HSD17B8;PKD1;FARSB;GRIN1,3351
complex_genes,SE,GO_Biological_Process_2023,Protein Modification By Small Protein Conjugation (GO:0032446),108/364,1.16475266982557e-8,2.132530642923219,45.671323772329224,CCNF;FBXO25;KEAP1;SMC5;SMC6;FBXO24;FBXO4;TRIM27;BTRC;FBXO7;CDK5RAP3;FBXO9;SKP1;VPS18;USP7;FBXW5;ANAPC7;FBXW8;FBXW11;FBXW7;FBXO2;NSMCE3;NSMCE2;NSMCE1;FBXO10;FBXO11;KLHL41;RBX1;EID3;UBE2V2;CBLL1;UBA52;KLHL18;CUL7;VCP;ANAPC16;CUL3;MYCBP2;CUL2;CUL1;COPS7B;COPS7A;FBXO45;KLHL13;MEFV;ANAPC11;VCPIP1;DDRGK1;HLTF;VPS11;NAE1;BARD1;UBE2I;CBX4;KLHL25;KLHL21;KLHL24;FBXO32;KLHL20;CNOT4;COPS4;COPS3;COPS6;COPS5;COPS2;MDM2;UBA3;UBE2N;UBA2;FBXL3;MDM4;FBXL2;FBXL5;COPS8;SAE1;FBXL7;NFE2L2;FBH1;BRCA1;UFL1;ENC1;RACK1;ELOC;AKTIP;MSL2;RANGAP1;SIRT1;DDB1;NSMCE4A;GAN;GPS1;DCAF15;VHL;RPS27A;RANBP2;SLF1;SLF2;CRBN;FBXL17;KLHL2;KLHL3;FBXL15;KLHL9;CUL4A;KLHL7;KLHL8;TSPAN17;CUL4B,3351
complex_genes,SE,GO_Biological_Process_2023,Positive Regulation Of Mitotic Cell Cycle Phase Transition (GO:1901992),32/63,1.217375668384323e-8,5.168443662587837,110.43469242198816,RB1;KLHL18;CUL3;VPS4B;PHB2;ANAPC11;CDC20;LSM10;RPTOR;CCNB1;CCND2;CDC23;LSM11;CCND1;FBXO5;RRM1;STIL;RRM2;ANAPC7;CPSF3;NSMCE2;RAD51B;RAD51C;TFDP1;RRM2B;CDK4;CENPJ;CDC16;CDK1;SASS6;ANAPC5;EIF4G1,3351
complex_genes,SE,GO_Biological_Process_2023,Cardiac Muscle Cell Action Potential (GO:0086001),20/29,1.4160095734104329e-8,11.101104106207679,235.4632371671129,HCN4;KCNH2;KCNE1;KCNE2;KCND3;KCNIP2;ATP1A1;CACNA1C;ATP1B1;SCN10A;KCNQ1;SCN5A;SCN3B;FGF12;SCN4B;KCNJ2;SCN1B;HCN2;SCN1A;SCN2B,3351
complex_genes,SE,GO_Cellular_Component_2023,TRAPPIII Protein Complex (GO:1990072),11/11,1.6019259772751443e-8,183139,3601441.659665203,TRAPPC2;TRAPPC3;TRAPPC6A;TRAPPC2L;TRAPPC4;TRAPPC5;TRAPPC12;TRAPPC11;TRAPPC2B;TRAPPC8;TRAPPC13,3351
complex_genes,SE,GO_Cellular_Component_2023,Transcription Factor TFIIH Holo Complex (GO:0005675),11/11,1.6019259772751443e-8,183139,3601441.659665203,CDK7;GTF2H2C;ERCC3;ERCC2;GTF2H1;MMS19;GTF2H2;GTF2H3;MNAT1;GTF2H4;GTF2H5,3351
complex_genes,SE,GO_Biological_Process_2023,Natural Killer Cell Activation Involved In Immune Response (GO:0002323),17/22,1.6026699490600506e-8,16.973485302939412,357.8320439480888,IFNA5;IFNA4;IFNA7;IFNA14;IFNA6;IFNA1;IFNA16;IFNB1;IFNA17;IFNA2;IFNA8;IFNW1;VAMP7;IFNE;IFNK;IFNA10;IFNA21,3351
complex_genes,SE,GO_Biological_Process_2023,Establishment Or Maintenance Of Epithelial Cell Apical/Basal Polarity (GO:0045197),24/40,1.9875999552539935e-8,7.4990982867448155,156.4420851758702,CRB2;CRB1;PATJ;PRKCI;PDCD6IP;PARD6G;LIN7A;SCRIB;LIN7C;SYNE4;LIN7B;PRKCZ;PARD6B;DLG1;PARD6A;DLG2;DLG3;DLG4;DLG5;PARD3;LLGL1;CRB3;LLGL2;PALS1,3351
complex_genes,SE,GO_Biological_Process_2023,Regulation Of Protein Serine/Threonine Kinase Activity (GO:0071900),46/112,2.061227842567536e-8,3.497079723100903,72.80916407146563,RB1;CSF1R;CCNK;BLM;TSG101;CCNT1;CAB39;CCNH;CCNF;ACTB;PYCARD;CCNB3;RPTOR;PPP2CA;CCNB2;CCND3;CCNB1;CCND2;CCND1;PDCD10;HRAS;CDK5RAP3;UVRAG;PIH1D1;GTF2H1;SNF8;SIRT1;CCNA2;CCNA1;CDK7;CCNE2;IFNG;CCNE1;HGS;CDC37;CALM3;CDK12;TAB1;CALM1;MNAT1;SOS1;CALM2;TELO2;CDK5R2;EZH2;CDK5R1,3351
complex_genes,SE,GO_Biological_Process_2023,Regulation Of Meiotic Cell Cycle (GO:0051445),16/20,2.0698794233222667e-8,19.964017991004496,415.4659470537494,ANAPC13;ANAPC15;ANAPC16;ANAPC7;METTL3;ANAPC10;ANAPC11;CDC20;FZR1;CDC23;CDC26;CDC16;CDC27;ANAPC4;ANAPC5;ANAPC2,3351
complex_genes,SE,GO_Biological_Process_2023,NIK/NF-kappaB Signaling (GO:0038061),21/32,2.0708020916583533e-8,9.53857493857494,198.35709268250562,CARD10;CHUK;AMFR;TRAF2;DICER1;MALT1;RELA;RELB;IRAK1;TRAF6;REL;CHI3L1;TAB3;TAB2;TLR6;BTRC;COPS8;MAP3K7;CARD14;BIRC2;BIRC3,3351
complex_genes,SE,GO_Biological_Process_2023,Protein Transmembrane Import Into Intracellular Organelle (GO:0044743),21/32,2.0708020916583533e-8,9.53857493857494,198.35709268250562,DNAJC19;TOMM40;PAM16;TIMM23;PEX10;PEX2;TIMM44;PEX1;TIMM21;DNAJC15;PEX12;TOMM20;PEX14;PEX26;TIMM50;GRPEL1;PEX6;GRPEL2;TIMM17A;TIMM17B;ROMO1,3351
complex_genes,SE,GO_Biological_Process_2023,Vesicle Budding From Membrane (GO:0006900),21/32,2.0708020916583533e-8,9.53857493857494,198.35709268250562,TRAPPC2;TRAPPC3;SEC13;TRAPPC1;TRAPPC2L;TRAPPC10;TRAPPC4;VPS4A;TRAPPC5;TRAPPC2B;TRAPPC9;VAPA;TRAPPC6B;CHMP4C;CHMP4A;TRAPPC13;CHMP6;CHMP7;AP2M1;S100A10;CHMP5,3351
complex_genes,SE,GO_Biological_Process_2023,Protein Transport To Vacuole Involved In Ubiquitin-Dependent Protein Catabolic Process Via The Multivesicular Body Sorting Pathway (GO:0043328),13/14,2.1064523315733934e-8,64.83642899940084,1346.8615642194875,TSG101;VPS37C;VPS37D;VPS37A;SNF8;STAM;VPS37B;MVB12A;UBAP1;STAM2;VPS25;VPS36;VPS28,3351
complex_genes,SE,GO_Biological_Process_2023,Lysosomal Transport (GO:0007041),44/105,2.15570097671102e-8,3.6181175549133235,75.05847612506324,BECN1;TSG101;TGFBRAP1;VPS4A;PIK3R4;PCSK9;AP4M1;AP3M1;VPS51;AP1G1;CHMP1B;FHIP1B;VPS53;CHMP1A;VPS52;VPS11;VPS54;VPS35;VPS39;VPS16;VPS18;SNAPIN;SLC30A2;VPS33A;AKTIP;VPS33B;HOOK3;ATG14;VAMP7;HOOK2;BIN1;HGS;HOOK1;CHMP2B;VPS41;CHMP4C;CHMP2A;CHMP3;CHMP4A;PIK3C3;VIPAS39;CHMP6;CHMP7;CHMP5,3351
complex_genes,SE,GO_Biological_Process_2023,Regulation Of Histone Modification (GO:0031056),15/18,2.408914104882238e-8,24.94904076738609,514.6787339965882,NFYA;NFYB;NFYC;SGF29;FLCN;KAT2B;KAT2A;TADA2A;ZZZ3;YEATS2;TADA3;MBIP;UBE2N;WDR5;KAT14,3351
complex_genes,SE,GO_Biological_Process_2023,Cellular Response To Ionizing Radiation (GO:0071479),28/52,2.415496080411881e-8,5.836844217072926,120.36495397350143,YAP1;BLM;KDM1A;BRCA1;BRCA2;TANK;BABAM2;NIPBL;FIGNL1;SWI5;TNKS1BP1;HRAS;BARD1;XRCC6;XRCC5;HUS1;LIG4;INO80;SIRT1;SPIDR;RAD51;ERCC4;MDM2;INTS7;RPL26;CLOCK;ATR;RAD9A,3351
complex_genes,SE,GO_Biological_Process_2023,Late Endosome To Lysosome Transport (GO:1902774),14/16,2.4821391243864954e-8,34.920287683548096,718.822102946516,VPS4B;VPS4A;CHMP1B;CHMP1A;CHMP2B;VPS41;CHMP2A;CHMP4C;CHMP3;CHMP4A;CHMP6;CHMP7;VPS39;CHMP5,3351
complex_genes,SE,GO_Biological_Process_2023,Tail-Anchored Membrane Protein Insertion Into ER Membrane (GO:0071816),14/16,2.4821391243864954e-8,34.920287683548096,718.822102946516,UBL4A;MMGT1;EMC10;EMC1;EMC2;EMC3;EMC4;GET1;EMC6;EMC7;GET3;EMC8;EMC9;GET4,3351
complex_genes,SE,GO_Biological_Process_2023,Response To Exogenous dsRNA (GO:0043330),22/35,2.6896442057265836e-8,8.45696328303718,173.36392770081736,IFNA5;IFNA4;IFNA7;IFNA6;IFNA14;TICAM2;IFNA1;DHX9;IFNA16;IFNB1;IFNA17;IFNA2;SLC3A2;TICAM1;IFNA8;IFNW1;MAVS;STING1;IFNE;IFNK;IFNA21;IFNA10,3351
complex_genes,SE,GO_Cellular_Component_2023,CatSper Complex (GO:0036128),12/13,2.904428163892709e-8,59.83108715184187,1140.1888881258694,CATSPER1;CATSPER3;CATSPER2;CATSPERB;CATSPERE;CATSPER4;CATSPERD;CATSPERG;TMEM249;CATSPERZ;TMEM262;EFCAB9,3351
complex_genes,SE,GO_Molecular_Function_2023,Histone Acetyltransferase Activity (GO:0004402),19/27,3.0927267871172114e-8,11.861457082833134,246.12765846999477,ATF2;SRCAP;TAF10;USP22;TAF9;BAZ1A;BRCA2;KAT2B;KAT2A;MCM3AP;ING3;TADA2A;KAT5;KAT6B;KAT6A;KAT7;CLOCK;KAT14;TAF1,3351
complex_genes,SE,GO_Molecular_Function_2023,snRNA Binding (GO:0017069),25/43,3.0927267871172114e-8,6.944862029798891,144.0078566261223,SF3B3;CCNT1;DDX21;HNRNPU;SNU13;PRPF8;EFTUD2;LSM10;LSM11;SNRNP70;SNRPB2;SNRPD3;RBM7;NCBP2;LSM4;LSM2;CDK9;LSM8;PRPF4;LSM7;DDX39B;GEMIN5;PRPF31;SNRPA1;SNRPA,3351
complex_genes,SE,GO_Biological_Process_2023,Late Endosome To Vacuole Transport Via Multivesicular Body Sorting Pathway (GO:0032511),18/25,3.207531620634966e-8,12.83939822553684,260.8180736707891,TSG101;VPS37C;VPS37D;VPS37A;SNF8;STAM;VPS37B;HGS;MVB12A;CHMP4C;UBAP1;CHMP6;VPS36;CHMP7;STAM2;VPS25;VPS28;CHMP5,3351
complex_genes,SE,GO_Biological_Process_2023,Mismatch Repair (GO:0006298),18/25,3.207531620634966e-8,12.83939822553684,260.8180736707891,RNASEH2C;RNASEH2B;PCNA;RNASEH2A;MCM8;MCM9;RPA1;RPA2;XPC;MLH1;MLH3;POLD3;MSH6;MSH2;MSH3;RPA3;PMS2;PMS1,3351
complex_genes,SE,GO_Biological_Process_2023,Maturation Of SSU-rRNA (GO:0030490),23/38,3.2448248131518396e-8,7.663902243589743,155.52240109898545,NOP14;UTP6;UTP4;RPS8;UTP3;MRPS11;WDR3;HEATR1;NGDN;NAT10;SNU13;PWP2;WDR46;WDR43;RPS14;RPS28;RPS16;LSM6;RPS19;MPHOSPH10;RIOK1;NOL11;DCAF13,3351
complex_genes,SE,GO_Biological_Process_2023,Tumor Necrosis Factor-Mediated Signaling Pathway (GO:0033209),23/38,3.2448248131518396e-8,7.663902243589743,155.52240109898545,CHUK;STAT1;TRADD;ILK;TRAF2;FOXO3;TNFRSF1B;COMMD7;RELA;TNFRSF1A;IKBKB;PYCARD;RRAGA;AIM2;TRAF3;TRAF6;TRAF5;RIPK1;JAK2;CARD14;BIRC2;BIRC3;LIMS1,3351
complex_genes,SE,GO_Biological_Process_2023,"Maturation Of SSU-rRNA From Tricistronic rRNA Transcript (SSU-rRNA, 5.8S rRNA, LSU-rRNA) (GO:0000462)",20/30,3.257095475325407e-8,9.990393275292705,202.6488070863418,NOP14;UTP6;UTP4;RPS8;UTP3;MRPS11;HEATR1;NGDN;RPP40;PWP2;WDR46;WDR43;RPS14;TBL3;RPS16;RPS19;BMS1;UTP20;RPS21;DCAF13,3351
complex_genes,SE,GO_Cellular_Component_2023,TIM23 Mitochondrial Import Inner Membrane Translocase Complex (GO:0005744),13/15,3.265222169453338e-8,32.416267225883765,613.5308169280256,DNAJC19;HSPA9;PAM16;TIMM23;TIMM44;TIMM10;TIMM21;TIMM50;GRPEL1;GRPEL2;TIMM17A;TIMM17B;ROMO1,3351
complex_genes,SE,GO_Molecular_Function_2023,Ligand-Gated Monoatomic Anion Channel Activity (GO:0099095),15/18,3.308575107061598e-8,24.94904076738609,514.6787339965882,GABRA2;GABRB3;GABRA1;GABRB2;GABRB1;GABRA6;GABRA5;GABRA4;GABRA3;GABRG3;GABRG2;GLRA1;GLRA2;GLRA3;GLRB,3351
complex_genes,SE,GO_Biological_Process_2023,Regulation Of Gene Expression (GO:0010468),264/1127,4.262015263258301e-8,1.5643308142657824,31.30347541866504,RB1;ATF2;RPL5;PHB1;TRRAP;RBPJ;BACH1;RPL6;UXT;PPP2R1A;MYC;MYB;KAT8;VPS35;KAT7;CCNL2;ATXN7L3;MED1;DICER1;ATG14;HCFC2;PRKAB1;HCFC1;ACE2;DDIT3;ATF7;ATF5;CLOCK;ATF4;MEAF6;SRCAP;PDGFB;SUPT4H1;PIK3R3;BAZ2A;MEFV;CIAO3;HIF1A;ZNHIT1;TERT;PDCD10;MIER1;H3C1;NKX2-1;KAT14;FN1;SMARCA5;NFATC2;TRIP4;SNF8;SMARCA1;SMARCA2;TADA2B;TADA2A;ZZZ3;HNRNPD;REL;EZH2;LIN54;PHF20;PHF1;IFNA2;PRKAG1;RSF1;BRCA1;SGF29;BMI1;BRCA2;CD3E;ING4;ING5;ING2;ING3;SUFU;CHMP1A;MLX;RACK1;HRAS;IL10;NCOA2;PRMT5;BRD1;IFNGR1;ACTL6A;IL13;BAZ1A;MED26;SIRT1;TERF2;MED23;SLC7A5;IL1A;KAT2B;TAF6L;KAT2A;MTF2;PPARG;TLR6;TLR4;TLR2;YAP1;SF3B5;RAMP2;RAMP3;SF3B3;AHNAK;NR1I2;RPL11;RELA;PPP2CA;NFIL3;RPS3;PCGF1;RPL17;IL33;UTP4;NFYA;IL37;NFYB;MCRS1;NFYC;STAT3;VEGFA;NUDT21;PER1;RYBP;MYBBP1A;BMAL2;BMAL1;LIMS1;LAMTOR5;CSF2;CSF1;JADE1;TNC;JADE3;YEATS4;JADE2;YY1;RUVBL2;RUVBL1;RPS7;FBXW7;TRAPPC2B;TICAM1;ATP1B1;FOXP3;SUPT7L;FOXP1;SAP30;MYCN;PSPC1;KAT6B;HGS;KAT6A;PPIE;UBE2V1;KMT2D;ENY2;NOTCH1;TAF5L;CALCR;ATXN7;DDRGK1;MBIP;RIPK1;DMAP1;BPTF;DR1;BRPF1;SMAD3;BRPF3;NONO;COQ7;ESR1;IL4;MLXIPL;IL6;CDK6;CNOT7;MAFB;YEATS2;CDK4;CDK3;CDK2;TADA3;MDM2;OGT;MYD88;NFE2L2;PHF19;GSK3B;GSK3A;CXCL8;PIK3CD;CHD4;PIK3CB;CHD3;YBX1;FLCN;CASP8;SNRNP70;VPS72;ITGAX;DNMT3B;WDR5;ITGB8;EMILIN1;YAF2;KDM6A;ACTR6;ACTR5;MSL2;MSL3;ACTR8;TGFBR1;MSL1;TAPBP;RBL2;SFPQ;RBL1;IFNG;TRAF3;MYOD1;IFNK;TERF2IP;SMCR8;PFDN5;MCM2;CEBPA;PRKAA1;CEBPB;PRKAA2;HDAC1;TAF9;TGFBRAP1;LEF1;CXXC1;RNF2;TTN;MTA1;POLR2A;RBBP4;SAP30L;E2F1;IGF2BP1;ASCC2;VHL;RBBP7;RNF20;TAF12;NOS2;ASCC1;TAF10;USP22;DTNBP1;HNRNPAB;MTOR;KANSL1;KANSL2;KANSL3;FAM98B;FAM98A;TAF1,3351
complex_genes,SE,GO_Biological_Process_2023,Positive Regulation Of Chromosome Organization (GO:2001252),21/33,4.4804372652431067e-08,8.743168168168168,174.479858925498,NCAPH2;NCAPG2;TINF2;NCAPG;LIG4;TERF1;SMC4;TERF2;AURKB;NCAPH;SMC2;RAD50;SLX4;KAT5;RAD21;CDK1;POT1;TERF2IP;NCAPD2;NBN;NCAPD3,3351
complex_genes,SE,GO_Molecular_Function_2023,General Transcription Initiation Factor Binding (GO:0140296),20/30,4.4978937516398485e-8,9.990393275292705,202.6488070863418,GTF2A1;GTF2A2;DR1;JUN;TBP;TAF12;TAF13;GTF2B;TAF11;BCL10;GTF2F1;ESR1;RELA;DRAP1;PSMC5;TAF1B;YEATS2;RUVBL2;RUVBL1;TAF1,3351
complex_genes,SE,GO_Biological_Process_2023,Protein Insertion Into Mitochondrial Membrane (GO:0051204),19/28,5.2815394949073425e-8,10.542883820194744,208.61203491225342,TIMM8B;NDUFA13;HSP90AA1;TRMT10B;TOMM40;TIMM29;MTX1;MTX2;TIMM9;TIMM13;TIMM22;TIMM10;TOMM20;TOMM22;TIMM10B;SAMM50;TOMM7;ROMO1;TOMM5,3351
complex_genes,SE,GO_Biological_Process_2023,COPII-coated Vesicle Budding (GO:0090114),22/36,5.5775612456268966e-8,7.852422434879629,154.91138339421076,TRAPPC2;TRAPPC3;SEC13;SEC24B;SEC24A;TRAPPC1;TRAPPC2L;SAR1A;CUL3;TRAPPC4;TRAPPC5;TRAPPC2B;KLHL12;TRAPPC8;TRAPPC6A;VAPA;TRAPPC12;TRAPPC11;SEC24D;SEC24C;SEC31B;SEC31A,3351
complex_genes,SE,GO_Biological_Process_2023,Regulation Of Cell Population Proliferation (GO:0042127),191/766,5.71671619875116e-8,1.6896719867914145,33.28418228959121,PHB1;ATP8A2;CSF2;CSF1;ACTB;STK11;CCND2;CAPNS1;MYC;FBXO5;CAPN1;ARID2;JUNB;MEN1;PDGFRB;PDGFRA;RPS9;SMARCC1;TIPIN;H2AC8;CSNK2A1;H2AC6;RPS6;TSC2;TSC1;ATG13;FOXP3;KLHL41;ACE2;HGS;CSNK2B;COL4A3;TIMELESS;PHIP;ULK1;ATF5;IL6ST;CSF1R;KMT2D;NOTCH1;PRKDC;CUL3;PDGFB;PDGFA;PDS5B;CIAO1;SDCBP;ATG101;DDRGK1;PDCD10;PDGFD;PDGFC;SSR1;UTP20;CGA;NKX2-5;STAT5A;STAT5B;JUN;XBP1;XRCC6;JUND;SMAD3;BICRAL;XRCC5;FN1;FUZ;IFNLR1;SMARCA2;IL2;SMARCA4;FOSL1;IL4;MLXIPL;IL3;CNOT6;IL6;CDK6;CNOT7;AGO3;DLG3;CDK4;DLG5;CDK2;BCL2;MDM2;CDK10;STRN;MDM4;CNOT8;COPS8;EZH2;IL21;COL18A1;CXCL8;PTEN;ASH2L;LAMC2;TCIRG1;GLI1;FOXM1;PKD2;ING1;CDC73;ING4;RPS4X;ING5;PPP3CA;UFL1;BCL7A;BCL7C;RB1CC1;BCL7B;NUP62;ITGAX;EMILIN2;EMILIN1;ITGAV;GET1;JAK2;HRAS;IL10;SS18;IL11;PBRM1;CNOT6L;ACTL6B;IL15;FSHB;ACTL6A;ITGA1;AXIN2;DYNLL1;SIRT1;TGFBR1;TGFBR2;KAT2B;IL1A;IFNG;MMRN2;RARA;IFNK;BIRC5;PFDN1;ITGB1BP1;SINHCAF;SOS1;EEF1E1;FXN;GAS8;BIRC2;YAP1;CEBPA;SMARCD1;HDAC2;TNXB;HDAC1;DERL2;THBS1;RELA;RNF2;BICRA;RPS15A;IFNL1;RBBP4;CXCR2;STAT4;HAS2;SH3BP4;CHRNA10;BRD9;PRAME;STAT6;ROMO1;VHL;RPL17;IL12RB2;FKTN;STAT1;STAT2;IL34;STAT3;VEGFC;VEGFA;APC;PRKRA;GID8;CTNNB1;FAM98B;FAM98A;LIMS1,3351
complex_genes,SE,GO_Cellular_Component_2023,Cation Channel Complex (GO:0034703),27/53,5.767880179285053e-8,5.193244931963344,95.26879820768775,RYR1;RYR2;MCUB;PKD2;PKD1;RYR3;UNC80;TRPC5;TRPC4;KCNIP2;HTR3E;TRPC1;HTR3C;HTR3D;HTR3A;HTR3B;SCNN1G;SCNN1D;SCNN1B;SCNN1A;CALM3;MICU2;MICU1;CALM1;SCN2A;CALM2;MCU,3351
complex_genes,SE,GO_Molecular_Function_2023,Kinase Binding (GO:0019900),127/460,6.905735492145159e-8,1.9300926236410108,38.253001032822496,RB1;ATF2;CCNK;MAML1;ACTB;PPP1CB;GOLGA2;UXT;PPP1CC;CCND3;CCND2;RPS19;CCND1;FBXO5;FBXO7;CDK5RAP3;IFNAR2;PDGFRB;IL15RA;PRKAB2;FBXW5;TICAM2;RPS7;PIH1D1;RPS6;AP1B1;TICAM1;ATG13;PRKAB1;MYCN;CDC37;UBE2V1;ATF5;UTRN;LLGL1;TELO2;ATF4;PFKFB2;MAPKAP1;FOXO3;HIF1A;CCNB1;IRAK1;PDCD10;ORC3;CEP192;BARD1;SMAD3;TRIP4;ESR1;POLA1;MAVS;DLG2;DLG3;DLG4;CALM3;CALM1;CNOT9;CALM2;RAD9A;GSK3B;HSP90AB1;TRADD;FAF1;ITGB2;PRKAG1;PRKAG2;ILK;AP2A1;FOXM1;CD3E;AP2A2;PKD1;PRKAG3;IKBKB;RPTOR;CASP9;UFL1;QARS1;SUFU;RB1CC1;CASP1;RAC3;RAC1;SCN5A;JAK2;STRADA;AXIN1;RAD23A;TRAF2;AXIN2;IRAK4;YWHAZ;CCNA2;KAT2B;SMCR8;EXOC2;BECN1;CEBPA;CAB39;MVP;RELA;AURKB;TTN;RELB;ADD2;POLR2A;RPS3;FLNA;RICTOR;TNNI3;BAD;CEP152;STAT3;TPRKB;USF1;PER1;PFKL;CD4;STING1;APC;CENPJ;CTNNB1;PFKM;CDK5R2;LIMS1;CDK5R1,3351
complex_genes,SE,GO_Biological_Process_2023,Metaphase Plate Congression (GO:0051310),27/51,7.357499277941568e-8,5.626692238267148,109.3924822641915,BECN1;SEH1L;CUL3;VPS4B;VPS4A;CDCA8;CCNB1;CDC23;CHMP1B;CHMP1A;NUP62;TRAPPC12;PDCD6IP;BOD1;NDC80;INCENP;ZW10;CHMP2B;CHMP4C;CHMP2A;CHMP3;CHMP4A;CHMP6;CHMP7;CENPQ;KPNB1;CHMP5,3351
complex_genes,SE,GO_Biological_Process_2023,Endodermal Cell Differentiation (GO:0035987),20/31,7.448067046198545e-8,9.081629868180453,176.36868584088796,ITGB5;ITGA4;LAMB3;COL11A1;COL12A1;CTR9;ITGB2;FN1;LAMB1;PEX2;RTF1;VTN;COL4A2;COL7A1;COL6A1;LEO1;COL8A1;ITGA7;ITGAV;ITGA5,3351
complex_genes,SE,GO_Biological_Process_2023,Receptor Signaling Pathway Via STAT (GO:0097696),20/31,7.448067046198545e-8,9.081629868180453,176.36868584088796,IFNAR2;STAT5A;STAT5B;CSF2;IFNB1;STAT1;STAT2;CTR9;STAT3;CSF2RB;TYK2;PKD2;CSF2RA;PKD1;IFNG;STAT4;STAT6;JAK2;JAK1;IFNAR1,3351
complex_genes,SE,GO_Molecular_Function_2023,RNA Polymerase I Activity (GO:0001054),11/11,7.779136940005197e-8,183139,3601441.659665203,POLR1B;POLR1C;POLR1D;POLR2E;POLR1E;POLR2F;POLR1F;POLR2H;POLR1H;POLR2K;POLR2L,3351
complex_genes,SE,GO_Biological_Process_2023,DNA-templated Transcription Elongation (GO:0006354),18/26,8.271119071957689e-8,11.233798379837983,216.88593233810417,PBRM1;PCID2;SRCAP;CTR9;SUPT4H1;ELP2;PEX2;RTF1;ELP4;GTF2F1;GTF2F2;CDC73;ELL3;CDK9;SKIC8;ERCC3;LEO1;POLR1E,3351
complex_genes,SE,GO_Biological_Process_2023,Telomere Maintenance Via Telomere Lengthening (GO:0010833),18/26,8.271119071957689e-8,11.233798379837983,216.88593233810417,CTC1;HSP90AA1;HSP90AB1;RFC1;RPA1;TERF1;RAD50;RAD51;TERT;DKC1;NHP2;TNKS1BP1;POT1;TERF2IP;SLX1A;NOP10;TELO2;WRAP53,3351
complex_genes,SE,GO_Biological_Process_2023,RNA-templated DNA Biosynthetic Process (GO:0006278),15/19,8.754488978231204e-8,18.710656474820144,360.0085295530806,HSP90AA1;HSP90AB1;RFC1;RPA1;TERF1;RAD50;TERT;DKC1;NHP2;POT1;TERF2IP;TNKS1BP1;NOP10;TELO2;WRAP53,3351
complex_genes,SE,GO_Biological_Process_2023,Telomere Maintenance Via Telomerase (GO:0007004),15/19,8.754488978231204e-8,18.710656474820144,360.0085295530806,HSP90AA1;HSP90AB1;RFC1;RPA1;TERF1;RAD50;TERT;DKC1;NHP2;POT1;TERF2IP;TNKS1BP1;NOP10;TELO2;WRAP53,3351
complex_genes,SE,GO_Cellular_Component_2023,CMG Complex (GO:0071162),10/10,9.099695139062968e-8,166490,2976188.2597717955,GINS1;GINS2;MCM7;GINS3;GINS4;MCM3;MCM4;MCM5;MCM6;MCM2,3351
complex_genes,SE,GO_Biological_Process_2023,Positive Regulation Of Cell Population Proliferation (GO:0008284),131/483,9.199153730865116e-8,1.8835641939582157,36.13966149640395,PHB1;CSF2;CSF1;KDM1A;HNRNPU;IL5RA;RBPJ;ACTB;CCND2;CAPNS1;MYC;FBXO5;CAPN1;PDGFRB;PDGFRA;PRKCI;RPS9;SMARCC1;TIPIN;CSNK2A1;RPS6;LIG4;FOXP1;PHIP;IL6ST;CSF1R;KMT2D;NOTCH1;DHX9;CUL3;PDGFB;PDGFA;CSF2RB;CSF2RA;CIAO1;SDCBP;TERT;DDRGK1;PDCD10;PDGFD;PDGFC;SSR1;CGA;NKX2-5;XBP1;BICRAL;FN1;SMARCA2;IL2;SMARCA4;FOSL1;IL4;MLXIPL;IL3;CNOT6;IL6;CDK6;CNOT7;CDK4;CDK2;BCL2;MDM2;CNOT8;EZH2;IL21;PTEN;ASH2L;LAMC2;TCIRG1;LAMC1;GLI1;FOXM1;BMI1;RPS4X;UFL1;BCL7A;BCL7C;BCL7B;ITGAX;ITGAV;SCN5A;JAK2;HRAS;SS18;IL11;CNOT6L;ACTL6B;IL15;FSHB;ACTL6A;IL18;SIRT1;TGFBR1;TGFBR2;CCNA2;IFNG;NDUFS4;RARA;BIRC5;PFDN1;ITGB1BP1;SINHCAF;FXN;YAP1;SMARCD1;HDAC2;TNXB;HDAC1;LEF1;DERL2;THBS1;RELA;BICRA;RPS15A;CXCR2;E2F1;HAS2;BRD9;PRAME;ROMO1;RPL17;IL12RB2;STAT1;BAD;IL34;VEGFC;LAMB1;VEGFA;GID8;FAM98B;FAM98A,3351
complex_genes,SE,GO_Biological_Process_2023,Inner Mitochondrial Membrane Organization (GO:0007007),21/34,9.341005273413749e-8,8.070131670131671,154.6812745601419,HSPA9;TIMM8B;NDUFA13;TRMT10B;TIMM29;APOOL;MTX1;MTX2;TIMM9;TIMM13;IMMT;TIMM22;MICOS13;TIMM10;MICOS10;TIMM10B;APOO;CHCHD3;SAMM50;CHCHD6;ROMO1,3351
complex_genes,SE,GO_Biological_Process_2023,Regulation Of Cell Fate Commitment (GO:0010453),12/13,1.0384897823414937e-7,59.83108715184187,1140.1888881258694,MBD3;HDAC2;MTA1;RBBP4;HDAC1;CHD4;CHD3;RBBP7;MTA2;MTA3;GATAD2B;GATAD2A,3351
complex_genes,SE,GO_Biological_Process_2023,"Nuclear-Transcribed mRNA Catabolic Process, Exonucleolytic (GO:0000291)",14/17,1.064333346909292e-7,23.278793327339926,442.74272025186235,DIS3;EXOSC7;EXOSC6;EXOSC5;CNOT7;EXOSC4;SKIC3;EXOSC9;EXOSC8;POLR2G;CNOT8;EXOSC3;EXOSC2;DCP2,3351
complex_genes,SE,GO_Biological_Process_2023,Regulation Of Telomerase RNA Localization To Cajal Body (GO:1904872),14/17,1.064333346909292e-7,23.278793327339926,442.74272025186235,CCT3;CCT6A;EXOSC10;DKC1;RUVBL2;RUVBL1;TCP1;NHP2;CCT8;CCT7;CCT5;DCP2;NOP10;CCT4,3351
complex_genes,SE,GO_Biological_Process_2023,Regulation Of Tubulin Deacetylation (GO:0090043),14/17,1.064333346909292e-7,23.278793327339926,442.74272025186235,DR1;PRKAA1;PRKAA2;SGF29;KAT2B;KAT2A;TADA2A;ZZZ3;FNTA;YEATS2;TADA3;MBIP;WDR5;KAT14,3351
complex_genes,SE,GO_Cellular_Component_2023,Focal Adhesion (GO:0005925),108/387,1.0714772653387625e-7,1.9539852585718123,34.585767536637434,RPL4;CYFIP1;RPL5;RPL30;RPL3;RPL31;ARPC5L;TNC;RPL8;RPL10A;RPL9;RPL6;ACTB;DCAF6;RPL7;PPP1CB;RPS15;PPP1CC;RPS14;RPS17;RPS16;RPS19;RPS18;PLAU;CAPN2;RPL38;CAPN1;RPS11;RPS10;RPS13;PDGFRB;PDIA3;RPS9;RPS7;RPS8;RPS5;CASK;RPL27;TLN1;VCL;NCSTN;ATP6V0A2;HSPA9;HSPA8;PARVA;ARPC5;PARVB;ARPC2;ARPC3;RPS29;ITGA11;ITGB1;ITGB5;ITGB4;ARPC1B;RPLP1;ITGB3;RPLP0;ITGB2;DOCK7;ILK;SYNE2;RPS4X;RPL7A;RAC2;RPLP2;ITGB8;ITGAV;ITGB7;ITGB6;RAC1;JAK2;JAK1;ACTR3;ACTR2;PDCD6IP;ITGA4;ITGA3;ITGA2;ITGA1;PLAUR;RPL13A;DYNLL1;YWHAZ;RPL37A;CAT;ITGA8;ITGA6;ITGB1BP1;ITGA5;PABPC1;ATP6V0C;AHNAK;RPL12;ADD1;IL1RL1;RPS3;FLNA;RPS2;RPL18;RPL17;RPL19;SRP68;CTNNB1;LAMTOR3;LIMS2;SNTB1;LIMS1,3351
complex_genes,SE,GO_Biological_Process_2023,Regulation Of Mitotic Cell Cycle (GO:0007346),48/125,1.0867977785828732e-7,3.1276407516189533,59.40621242123395,RB1;L3MBTL1;ANAPC13;CUL7;INTS13;ANAPC15;ANAPC16;GMNN;HNRNPU;XPC;FBXO43;ANAPC10;ANAPC11;CDC20;SDCBP;CCNB1;FZR1;CDC23;MAEA;MCIDAS;CDC26;CDC27;FBXO5;BRD7;EIF4E;CDK5RAP3;IL10;RNF20;PRMT5;ANAPC7;USP22;SCRIB;SIRT1;RNF40;CDK9;DDB1;ERCC3;CCDC8;CDC16;ERCC2;MDM2;ANAPC4;CDK10;ANAPC5;OBSL1;ANAPC1;ANAPC2;MAD2L1,3351
complex_genes,SE,GO_Biological_Process_2023,Midbody Abscission (GO:0061952),13/15,1.1525252462904428e-7,32.416267225883765,613.5308169280256,PDCD6IP;VPS4B;VPS4A;CHMP1B;CHMP1A;CHMP2B;CHMP2A;CHMP4C;CHMP3;CHMP4A;CHMP6;CHMP7;CHMP5,3351
complex_genes,SE,GO_Biological_Process_2023,Positive Regulation Of Transcription By RNA Polymerase III (GO:0045945),13/15,1.1525252462904428e-7,32.416267225883765,613.5308169280256,ELL;ICE1;ICE2;SMARCA5;DDX21;ZC3H8;DEK;BAZ1B;MTOR;RPTOR;MYBBP1A;ERCC6;SF3B1,3351
complex_genes,SE,GO_Biological_Process_2023,RNA Biosynthetic Process (GO:0032774),19/29,1.1828230407192597e-7,9.488025210084034,179.26649395796193,PRIM2;PRMT5;TBP;TAF12;NCOA6;TAF13;PRIM1;TAF10;SMARCA5;RSF1;POLA1;POLA2;POLR2A;NKX2-1;TAF7;TAF6;SMN1;TAF5;TAF4,3351
complex_genes,SE,GO_Biological_Process_2023,mRNA 3'-End Processing (GO:0031124),23/40,1.1828230407192597e-7,6.761453619909502,127.73856139559389,SLBP;CPSF4;CPSF7;CPSF6;CPSF1;NCBP1;NCBP2;CSTF3;CPSF3;CSTF2;CPSF2;CSTF2T;PEX2;TENT4B;CDC73;WDR33;LSM10;NUDT21;LSM11;PCF11;LEO1;SYMPK;PABPC1,3351
complex_genes,SE,GO_Cellular_Component_2023,Condensed Nuclear Chromosome (GO:0000794),18/28,1.2662565259035393e-7,8.985958595859586,157.4399953129168,IHO1;SUV39H1;NCAPH2;NCAPG2;NCAPG;SMC1A;SMC4;NCAPH;NOL6;SMC2;TTN;PSMC3IP;RAD50;RAD51;CHMP1A;NCAPD2;NCAPD3;KIFAP3,3351
complex_genes,SE,GO_Molecular_Function_2023,Histone H3 Acetyltransferase Activity (GO:0010484),12/13,1.3815884186804743e-7,59.83108715184187,1140.1888881258694,ING4;KAT2B;BRD1;KAT2A;MCM3AP;MEAF6;BRPF3;KAT6B;KAT6A;JADE1;KAT7;JADE2,3351
complex_genes,SE,GO_Cellular_Component_2023,SUMO Ligase Complex (GO:0106068),11/12,1.48896912155824e-7,54.82874251497006,951.0801263589939,RANBP2;SLF1;NSMCE4A;SLF2;UBE2I;NSMCE3;NSMCE2;NSMCE1;SMC5;SMC6;RANGAP1,3351
complex_genes,SE,GO_Biological_Process_2023,Histone Lysine Methylation (GO:0034968),20/32,1.5593715364949444e-7,8.324327028920244,154.92877217976715,KMT2D;PAXIP1;KMT2A;BOD1;NCOA6;KMT2C;SUV39H1;SETD1B;KMT2B;SETD1A;CXXC1;DPY30;HCFC2;HCFC1;SKIC8;RBBP5;WDR82;WDR5;KDM6A;MEN1,3351
complex_genes,SE,GO_Cellular_Component_2023,"RNA Polymerase II, Core Complex (GO:0005665)",12/14,1.5749146853380765e-7,29.91374663072776,516.8539070619347,POLR2M;POLR2B;POLR2C;POLR2D;POLR2E;POLR2F;POLR2G;POLR2H;POLR2I;POLR2J;POLR2K;POLR2L,3351
complex_genes,SE,GO_Biological_Process_2023,Positive Regulation Of Cellular Component Biogenesis (GO:0044089),39/93,1.5793311315603922e-7,3.618743290391841,67.28922207068558,GSK3B;VCP;TSG101;ICE1;FAF1;VPS4B;VPS4A;SDCBP;CHAF1B;BCL2L11;SLX4;SIN3A;TPR;RACK1;HAS3;RPS3;EMILIN1;BAK1;BID;FNIP1;FNIP2;SLF1;PDCD6IP;SLF2;SMAD3;BIK;SNF8;STAM;SPIDR;VEGFA;IFNG;HGS;ERCC1;CDK2;CHMP2A;BAX;SDC1;SLX1A;CRB3,3351
complex_genes,SE,GO_Cellular_Component_2023,Cell-Substrate Junction (GO:0030055),109/395,1.685048348122132e-7,1.9235805835127242,33.082836888276006,RPL4;CYFIP1;RPL5;RPL30;RPL3;RPL31;ARPC5L;TNC;RPL8;RPL10A;RPL9;RPL6;ACTB;DCAF6;RPL7;PPP1CB;RPS15;PPP1CC;RPS14;RPS17;RPS16;RPS19;RPS18;PLAU;CAPN2;RPL38;CAPN1;RPS11;RPS10;RPS13;PDGFRB;PDIA3;RPS9;RPS7;RPS8;RPS5;CASK;RPL27;TLN1;VCL;COL17A1;NCSTN;ATP6V0A2;HSPA9;HSPA8;PARVA;ARPC5;PARVB;ARPC2;ARPC3;RPS29;ITGA11;ITGB1;ITGB5;ITGB4;ARPC1B;RPLP1;ITGB3;RPLP0;ITGB2;DOCK7;ILK;SYNE2;RPS4X;RPL7A;RAC2;RPLP2;ITGB8;ITGAV;ITGB7;ITGB6;RAC1;JAK2;JAK1;ACTR3;ACTR2;PDCD6IP;ITGA4;ITGA3;ITGA2;ITGA1;PLAUR;RPL13A;DYNLL1;YWHAZ;RPL37A;CAT;ITGA8;ITGA6;ITGB1BP1;ITGA5;PABPC1;ATP6V0C;AHNAK;RPL12;ADD1;IL1RL1;RPS3;FLNA;RPS2;RPL18;RPL17;RPL19;SRP68;CTNNB1;LAMTOR3;LIMS2;SNTB1;LIMS1,3351
complex_genes,SE,GO_Biological_Process_2023,snRNA 3'-End Processing (GO:0034472),16/22,1.8784136811131287e-7,13.307746126936532,245.0890141778562,INTS12;INTS14;INTS1;INTS2;EXOSC7;EXOSC6;EXOSC5;EXOSC4;EXOSC9;EXOSC8;INTS5;INTS7;INTS6;EXOSC3;INTS9;INTS8,3351
complex_genes,SE,GO_Biological_Process_2023,Positive Regulation Of Multicellular Organismal Process (GO:0051240),109/387,1.918205600940013e-7,1.9799029376128956,36.41413954650998,SMARCB1;KDM1A;SERPINE1;ARID4A;ARID4B;ACTB;RPS19;DPF2;MED1;PRKAB2;SMARCC1;PRKAB1;SAP30;CACNB1;BRMS1;EPAS1;NPR1;PDGFB;SDCBP;TERT;PDGFC;NLRP5;CACNA1S;SUDS3;SMAD2;XBP1;SMAD4;SMAD3;PHF10;BICRAL;SMARCA2;IL2;SMARCA4;COL1A1;IL4;IL6;AGO2;CNOT3;OGT;EZH2;IL21;IL20;IL26;PIK3CD;ING1;PIK3CG;ING2;BCL7A;SIN3A;BCL7C;BCL7B;ITGAX;JAK2;IL10;NCOA1;FGB;SS18;NCOA2;FGA;ACTL6B;IL15;ACTL6A;IL13;FGG;IL18;TET1;AXIN2;ARID1A;SIRT1;TGFBR1;TGFBR2;HADHA;IL1A;KAT2A;IFNG;MMRN2;PPARG;SINHCAF;GAPDH;CRB2;SMARCD1;CEBPB;HDAC2;PRKAA1;SF3B3;TNXB;HDAC1;LEF1;BICRA;RBBP4;SAP30L;BRD9;STAT6;CACNG1;RBBP7;SMARCE1;DYNC1H1;IL33;BAD;CARD9;MTOR;BATF;VEGFA;SOD1;PER2;APC;BRMS1L;CTNNB1;IL17F,3351
complex_genes,SE,GO_Biological_Process_2023,Mitochondrial Respiratory Chain Complex Assembly (GO:0033108),38/90,1.924936461001665e-7,3.660904594952286,67.30287679411747,NDUFB9;NDUFA13;NDUFB8;NDUFB7;NDUFA11;NDUFB10;NDUFB6;NDUFB11;NDUFB5;NDUFB4;NDUFA10;NDUFB3;NDUFB2;NDUFB1;ECSIT;TMEM186;SAMM50;NDUFA9;NDUFA8;COA1;NDUFA6;NDUFA5;NDUFA3;NDUFA2;NDUFA1;NDUFC2;NDUFC1;TIMM21;NDUFS8;NDUFS7;NDUFS5;NDUFS4;NDUFAB1;NDUFS3;NDUFS2;NDUFS1;TMEM126B;NDUFAF1,3351
complex_genes,SE,GO_Biological_Process_2023,Regulation Of TORC1 Signaling (GO:1903432),26/50,2.1307837817223366e-7,5.416666666666667,99.00844765261061,SEH1L;NPRL2;NPRL3;WDR24;FLCN;STK11;SEC13;SZT2;WDR59;MIOS;PIH1D1;KICS2;KLHL22;CASTOR1;ITFG2;RRAGA;RRAGC;RRAGB;CASTOR2;LARS1;RRAGD;SMCR8;DEPDC5;KPTN;TELO2;LAMTOR5,3351
complex_genes,SE,GO_Cellular_Component_2023,Mitochondrial Outer Membrane Translocase Complex (GO:0005742),15/21,2.154599931003282e-7,12.472272182254196,211.2918345638634,HSPA9;TOMM40;APOOL;MTX1;MTX2;IMMT;MICOS13;MICOS10;TOMM20;TOMM22;CHCHD3;SAMM50;CHCHD6;TOMM7;TOMM5,3351
complex_genes,SE,GO_Biological_Process_2023,Positive Regulation Of TOR Signaling (GO:0032008),25/47,2.2145936347768515e-7,5.68079319958454,103.59369435972536,SEH1L;WDR24;RPTOR;FLCN;MLST8;RICTOR;FNIP1;SEC13;WDR59;MIOS;PIH1D1;KLHL22;CASTOR1;RRAGA;PIK3CA;RRAGB;LARS1;RRAGD;LAMTOR2;SMCR8;LAMTOR1;LAMTOR4;LAMTOR3;TELO2;LAMTOR5,3351
complex_genes,SE,GO_Cellular_Component_2023,Spindle (GO:0005819),67/210,2.2186567259491612e-7,2.354927046157253,39.79810845724548,HNRNPU;BUB1B;SGF29;PKD2;CCAR2;CDC20;GOLGA2;POLB;FLCN;MAEA;CDC27;NUP62;WDR5;FBXO5;IKBKG;CIAO2B;KIFAP3;IQCB1;PARP4;ANAPC7;HAUS3;DYNLL1;KAT2B;KAT2A;KATNAL1;TFDP2;KATNAL2;INCENP;ANAPC5;MAD1L1;EPB41;CUL3;KATNB1;SKA3;SKA1;AURKB;SKA2;TAF1D;KIF3B;KIF3A;KATNA1;CXCR2;TPR;RPS3;MBIP;KAT14;RTRAF;DR1;CSNK1A1;BOD1;CBX3;KLHL22;MAD2L2;TBCK;TADA2A;ZZZ3;YEATS2;KATNBL1;CDC16;TADA3;ERCC2;CDK1;CALM3;MMS19;CALM1;CALM2;MAD2L1,3351
complex_genes,SE,GO_Molecular_Function_2023,Core Promoter Sequence-Specific DNA Binding (GO:0001046),21/35,2.519532297823863e-7,7.493243243243243,138.0492780431251,H2AZ1;GTF2A1;SMARCB1;TBP;HDAC1;STAT1;GTF2B;BAZ2A;FOS;RELA;FOXP1;SMARCA4;DRAP1;TAF1B;TAF1C;MYC;RUVBL2;SNAPC3;AGO2;TAF4;TAF1,3351
complex_genes,SE,GO_Biological_Process_2023,Positive Regulation Of Intracellular Signal Transduction (GO:1902533),138/525,2.8510501554047225e-7,1.8048094345403967,32.44876741512035,PHB1;NCF1;TRAF3IP2;PHB2;PYCARD;RPS15;TBK1;LGALS1;RPL37;MAP3K7;CDK5RAP3;PDGFRB;PDGFRA;TICAM2;TICAM1;NUP93;RRAGA;RRAGB;DDIT3;LARS1;RRAGD;RBCK1;UBE2V1;S100A9;S100A8;CARD11;SEH1L;DDX1;PDGFB;PDGFA;BCL10;PIK3R5;CALCR;SHARPIN;IRAK1;PDGFD;PDGFC;MIER1;NLRP3;PMAIP1;RIPK1;FADD;SMAD4;WDR59;TNFSF14;FN1;IL6;MAVS;DLG5;REL;UBE2N;TAB3;RPS20;TAB2;CCDC22;MYD88;ITGB1;HSP90AB1;IL26;TRADD;PIK3CD;ILK;ETFA;PIK3CB;PIK3CG;BBC3;IKBKB;RPTOR;FLCN;CASP8;NUP62;RACK1;CASP1;MLST8;ITGAV;GET1;IKBKG;JAK2;IKBKE;HRAS;IL11;HSP90AA1;SEC13;ADGRV1;MIOS;CHUK;IL18;TRAF2;IRAK4;SIRT1;TGFBR1;TNFRSF1A;PIK3CA;TRAF6;TRAF5;CHI3L1;TERF2IP;PPARG;SMCR8;ITGB1BP1;TLR6;LTB;GAPDH;TLR4;BIRC2;BIRC3;TLR2;RNF31;BECN1;NLGN1;RAMP3;DDX21;WDR24;THBS1;MALT1;RELA;BCLAF1;RELN;TIFA;RPS3;FLNA;RICTOR;BID;FNIP1;RPL17;CARD9;VEGFA;SOD1;CD4;VAPA;BAX;LAMTOR2;LAMTOR1;LTBR;LAMTOR4;LAMTOR3;LAMTOR5;LIMS1,3351
complex_genes,SE,GO_Biological_Process_2023,Mitotic Cell Cycle Checkpoint Signaling (GO:0007093),17/25,3.059963431355167e-7,10.606516196760648,189.6336447558759,BARD1;INTS3;VPS4A;BRCA1;AURKB;INIP;ZWINT;BABAM1;BABAM2;RAD50;UIMC1;RBBP8;CHMP4C;NABP2;NABP1;NBN;CDK5RAP3,3351
complex_genes,SE,GO_Biological_Process_2023,Cellular Response To Type III Interferon (GO:0071358),10/10,3.059963431355167e-7,166490,2976188.2597717955,IFNL2;IFNL1;IFNGR1;IL10RB;IFNGR2;IFNLR1;TYK2;IFNL4;IFNL3;JAK1,3351
complex_genes,SE,GO_Biological_Process_2023,Histone H3-K14 Acetylation (GO:0044154),10/10,3.059963431355167e-7,166490,2976188.2597717955,KAT2B;KAT2A;TADA2A;ZZZ3;YEATS2;TADA3;MBIP;WDR5;SGF29;KAT14,3351
complex_genes,SE,GO_Biological_Process_2023,"Nuclear-Transcribed mRNA Catabolic Process, Exonucleolytic, 3'-5' (GO:0034427)",10/10,3.059963431355167e-7,166490,2976188.2597717955,EXOSC7;EXOSC6;EXOSC5;SKIC8;EXOSC4;SKIC2;SKIC3;EXOSC9;EXOSC8;EXOSC3,3351
complex_genes,SE,GO_Biological_Process_2023,Regulation Of Establishment Of Protein Localization To Telomere (GO:0070203),10/10,3.059963431355167e-7,166490,2976188.2597717955,CCT3;CCT6A;DKC1;TCP1;CCT8;CCT7;TERF1;CCT5;CCT4;WRAP53,3351
complex_genes,SE,GO_Biological_Process_2023,snRNA Transcription By RNA Polymerase II (GO:0042795),10/10,3.059963431355167e-7,166490,2976188.2597717955,SNAPC5;ELL;ICE1;SNAPC1;ICE2;SNAPC3;SNAPC4;ZC3H8;ELL2;ELL3,3351
complex_genes,SE,GO_Biological_Process_2023,Type III Interferon-Mediated Signaling Pathway (GO:0038196),10/10,3.059963431355167e-7,166490,2976188.2597717955,IFNL2;IFNL1;IFNGR1;IL10RB;IFNGR2;IFNLR1;TYK2;IFNL4;IFNL3;JAK1,3351
complex_genes,SE,GO_Biological_Process_2023,Vacuole Fusion (GO:0097576),10/10,3.059963431355167e-7,166490,2976188.2597717955,CHMP1B;CHMP2B;CHMP2A;CHMP4C;CHMP3;CHMP4A;CHMP6;CHMP7;CHMP5;VPS16,3351
complex_genes,SE,GO_Cellular_Component_2023,Euchromatin (GO:0000791),23/44,3.399314029889353e-7,5.4722413003663,90.08239515462803,H2AZ1;JUN;TBP;ELL;ICE1;ICE2;CBX3;CTR9;DNMT3A;ZC3H8;ESR1;SIRT1;EXOSC5;SKIC8;EXOSC10;EXOSC4;CREB1;SKIC3;RUVBL2;MYOD1;CTNNB1;EXOSC3;PELP1,3351
complex_genes,SE,GO_Biological_Process_2023,Histone Deacetylation (GO:0016575),21/36,3.5488731867381226e-7,6.993273273273274,123.92042369188212,MBD3;HDAC2;HDAC1;MBD2;MSL3;CHD4;CHD3;SIRT1;GATAD2B;GATAD2A;MORF4L1;MTA1;RBBP4;MIER2;BRMS1L;MORF4L2;MIER1;RBBP7;SUDS3;MTA2;MTA3,3351
complex_genes,SE,GO_Biological_Process_2023,Interstrand Cross-Link Repair (GO:0036297),21/36,3.5488731867381226e-7,6.993273273273274,123.92042369188212,FANCI;VCP;CENPX;FANCM;MCM8;FANCL;MCM9;XRCC3;FANCA;FAAP24;FANCC;FANCB;FANCE;FAAP20;FANCG;FANCF;RAD51;ERCC4;FANCD2;FAAP100;CENPS,3351
complex_genes,SE,GO_Molecular_Function_2023,Histone H4 Acetyltransferase Activity (GO:0010485),15/20,3.637564608101405e-7,14.967625899280575,269.7791541964026,BRD1;BRPF1;MEAF6;BRPF3;USP22;JADE1;MSL3;JADE2;BRCA2;ING4;ING3;KAT5;KAT6A;KAT8;KAT7,3351
complex_genes,SE,GO_Biological_Process_2023,Regulation Of DNA Damage Checkpoint (GO:2000001),14/18,3.6642906296522773e-7,17.45804614923584,308.7282966437531,BARD1;FEM1B;THOC1;RPA2;BRCA1;BRCA2;THOC5;CCAR2;TTI2;TTI1;RAD51;DDX39B;CRY1;TELO2,3351
complex_genes,SE,GO_Molecular_Function_2023,Histone H4K5 Acetyltransferase Activity (GO:0043995),10/10,3.7495326553225284e-7,166490,2976188.2597717955,ING4;BRPF1;ING3;MEAF6;BRPF3;KAT6A;JADE1;KAT8;KAT7;JADE2,3351
complex_genes,SE,GO_Molecular_Function_2023,Histone H4K8 Acetyltransferase Activity (GO:0043996),10/10,3.7495326553225284e-7,166490,2976188.2597717955,ING4;BRPF1;ING3;MEAF6;BRPF3;KAT6A;JADE1;KAT8;KAT7;JADE2,3351
complex_genes,SE,GO_Molecular_Function_2023,Platelet-Derived Growth Factor Binding (GO:0048407),10/10,3.7495326553225284e-7,166490,2976188.2597717955,PDGFRB;PDGFRA;COL3A1;COL1A2;COL2A1;COL5A1;COL4A1;COL6A1;PDGFB;PDGFA,3351
complex_genes,SE,GO_Molecular_Function_2023,Ribonuclease P Activity (GO:0004526),10/10,3.7495326553225284e-7,166490,2976188.2597717955,POP5;POP7;POP4;PRORP;RPP30;RPP40;RPP21;RPP14;RPP25;RPP38,3351
complex_genes,SE,GO_Biological_Process_2023,"Nuclear-Transcribed mRNA Catabolic Process, Deadenylation-Dependent Decay (GO:0000288)",22/39,3.7858132269882873e-7,6.465534606753486,114.10034152533584,CNOT6L;DIS3;CNOT10;EXOSC7;CNOT4;PAN2;EXOSC5;CNOT6;CNOT7;CNOT11;EXOSC9;CNOT2;EXOSC8;CNOT3;TNKS1BP1;EXOSC3;CNOT8;DCP1A;EXOSC2;CNOT9;DCP2;DCP1B,3351
complex_genes,SE,GO_Biological_Process_2023,Natural Killer Cell Activation (GO:0030101),24/45,3.828365188766208e-7,5.711881145605221,100.7141519840424,IFNA5;IFNA4;IFNA7;IFNA6;IFNA14;IFNA1;IFNA16;IFNB1;IFNA17;IFNA2;PIK3CD;IFNA8;IFNW1;IL2;BAG6;CASP8;NFIL3;IFNE;IL2RB;IL21R;IFNK;KAT7;IFNA21;IFNA10,3351
complex_genes,SE,GO_Biological_Process_2023,Protein Ubiquitination (GO:0016567),118/434,4.012423415826183e-7,1.886492930890696,33.1674797263802,FBXO28;CCNF;FBXO25;KEAP1;FBXO24;FBXO22;FBXO4;BTRC;FBXO7;FAAP100;FBXO9;SKP1;VPS18;USP7;FBXW5;ANAPC7;FBXW8;FBXW7;FBXW11;FBXO2;FBXO10;FBXO11;KLHL41;RBX1;KLHL42;UBE2V2;RBCK1;UBE2V1;UBA52;CBLL1;KLHL18;CUL7;VCP;ANAPC16;CUL3;CUL2;MYCBP2;CUL1;FBXO45;KLHL12;KLHL13;MEFV;ANAPC11;VCPIP1;HLTF;VPS11;NAE1;BARD1;KLHL25;FANCL;FANCA;KLHL21;KLHL22;FANCC;FANCB;KLHL24;FANCE;FBXO32;FANCG;FANCF;KLHL20;CNOT4;BCL2;MDM2;UBE2N;MDM4;FBXL3;FBXL2;FBXL5;FBXL7;NFE2L2;FBH1;BRCA1;BRCA2;PRPF19;DDA1;BABAM2;ENC1;RACK1;ELOC;MSL2;TRAF2;PEX2;SIRT1;DDB2;DDB1;GAN;TRAF6;BIRC2;RNF31;AMBRA1;FAAP20;DCAF15;RMND5A;SPOP;PRAME;VHL;RPS27A;RNF20;CRBN;AMFR;FBXL17;KLHL2;FBXL15;KLHL3;PEX10;PEX12;CUL4A;KLHL9;RAD51;KLHL7;TSPAN17;KLHL8;CTNNB1;ERCC8;KBTBD8;CUL4B;TAF1,3351
complex_genes,SE,GO_Biological_Process_2023,Transcription Elongation By RNA Polymerase II (GO:0006368),18/28,4.2478560842725574e-7,8.985958595859586,157.4399953129168,PBRM1;PCID2;SRCAP;CTR9;SUPT4H1;ELP2;PEX2;RTF1;ELP4;GTF2F1;GTF2F2;CDC73;ELL3;CDK9;SKIC8;ERCC3;LEO1;POLR2I,3351
complex_genes,SE,GO_Molecular_Function_2023,Basal RNA Polymerase II Transcription Machinery Binding (GO:0001099),21/36,4.264669078282616e-7,6.993273273273274,123.92042369188212,GTF2A1;GTF2A2;URI1;TBP;DHX9;GTF2B;CTR9;SUPT4H1;HNRNPU;ELP2;PEX2;ELP4;GTF2F1;CCAR2;CDC73;WDR43;DRAP1;PCF11;AGO2;RTRAF;TAF1,3351
complex_genes,SE,GO_Molecular_Function_2023,TBP-class Protein Binding (GO:0017025),14/18,4.3043676595804175e-7,17.45804614923584,308.7282966437531,GTF2A1;DR1;GTF2A2;TAF12;TAF13;GTF2B;TAF11;ESR1;DRAP1;TAF1B;YEATS2;RUVBL2;RUVBL1;TAF1,3351
complex_genes,SE,GO_Molecular_Function_2023,Methylated Histone Binding (GO:0035064),32/71,4.509891349914898e-7,4.106272355745088,72.31717884401206,L3MBTL1;L3MBTL2;FMR1;PHF1;NCAPG2;CXXC1;SGF29;ING1;RRP8;ING4;MBTD1;ING5;ING2;ING3;DPF2;WDR5;GET1;BPTF;CBX8;SUZ12;CBX6;CBX3;CBX2;MSL3;MSH6;ZZZ3;MTF2;TAF7;NCAPD3;MPHOSPH8;PHF19;TAF1,3351
complex_genes,SE,GO_Cellular_Component_2023,Amphisome Membrane (GO:1904930),9/9,4.674194296858511e-7,149841,2410542.587108694,CHMP1B;CHMP2B;CHMP2A;CHMP4C;CHMP3;CHMP4A;CHMP6;CHMP7;CHMP5,3351
complex_genes,SE,GO_Cellular_Component_2023,bBAF Complex (GO:0140092),9/9,4.674194296858511e-7,149841,2410542.587108694,SMARCE1;SMARCD2;SMARCB1;SMARCC2;ACTL6B;ARID1A;ARID1B;SMARCA2;SMARCA4,3351
complex_genes,SE,GO_Cellular_Component_2023,Multimeric Ribonuclease P Complex (GO:0030681),9/9,4.674194296858511e-7,149841,2410542.587108694,POP5;POP7;POP4;RPP30;RPP40;RPP21;RPP14;RPP25;RPP38,3351
complex_genes,SE,GO_Cellular_Component_2023,Nucleolar Exosome (RNase Complex) (GO:0101019),9/9,4.674194296858511e-7,149841,2410542.587108694,EXOSC7;EXOSC6;EXOSC5;EXOSC10;EXOSC4;EXOSC9;EXOSC8;EXOSC3;EXOSC2,3351
complex_genes,SE,GO_Cellular_Component_2023,Transcription Factor TFIIH Core Complex (GO:0000439),9/9,4.674194296858511e-7,149841,2410542.587108694,CDK7;ERCC3;ERCC2;GTF2H1;GTF2H2;GTF2H3;MNAT1;GTF2H4;GTF2H5,3351
complex_genes,SE,GO_Biological_Process_2023,Intraciliary Anterograde Transport (GO:0035720),13/16,4.675875205594344e-7,21.609546634711403,376.45585512862334,TRAF3IP1;IFT172;IFT80;IFT20;IFT52;IFT74;IFT22;IFT88;IFT81;IFT27;IFT46;IFT57;CLUAP1,3351
complex_genes,SE,GO_Biological_Process_2023,Lymphocyte Activation Involved In Immune Response (GO:0002285),16/23,4.7311863157734957e-7,11.405954165774256,198.4360028634494,IFNA5;IFNA4;IFNA7;IFNA14;IFNA6;IFNA1;IFNA16;IFNB1;IFNA17;IFNA2;IFNA8;IFNW1;IFNE;IFNK;IFNA10;IFNA21,3351
complex_genes,SE,GO_Biological_Process_2023,Nuclear Membrane Reassembly (GO:0031468),16/23,4.7311863157734957e-7,11.405954165774256,198.4360028634494,UBE2I;UBXN2B;UBXN2A;VPS4B;VPS4A;NSFL1C;CHMP1B;CHMP1A;CHMP2B;CHMP2A;CHMP4C;CHMP3;CHMP4A;CHMP6;CHMP7;CHMP5,3351
complex_genes,SE,GO_Biological_Process_2023,Regulation Of Centrosome Cycle (GO:0046605),16/23,4.7311863157734957e-7,11.405954165774256,198.4360028634494,FBXW5;PDCD6IP;VPS4B;XRCC3;NAT10;SIRT1;CHMP1B;CHMP1A;CHMP2B;CHMP2A;CHMP4C;CHMP3;CHMP4A;CCNL2;CHMP5;MCM2,3351
complex_genes,SE,GO_Biological_Process_2023,DNA Strand Elongation (GO:0022616),11/12,4.923577182343093e-7,54.82874251497006,951.0801263589939,POLD3;POLA1;RAD50;RFC3;RFC4;MCM7;TERT;POLD2;MCM3;MCM4;NBN,3351
complex_genes,SE,GO_Biological_Process_2023,Histone H4-K16 Acetylation (GO:0043984),11/12,4.923577182343093e-7,54.82874251497006,951.0801263589939,KANSL1;KANSL2;PHF20;KANSL3;MCRS1;MSL2;WDR5;KAT8;MSL3;OGT;MSL1,3351
complex_genes,SE,GO_Biological_Process_2023,Regulation Of Dosage Compensation By Inactivation Of X Chromosome (GO:1900095),11/12,4.923577182343093e-7,54.82874251497006,951.0801263589939,KANSL1;KANSL2;PHF20;KANSL3;MCRS1;MSL2;WDR5;KAT8;MSL3;OGT;MSL1,3351
complex_genes,SE,GO_Biological_Process_2023,Cellular Response To Cytokine Stimulus (GO:0071345),90/308,5.0723411973483e-7,2.0801718389979995,36.013721973885886,IFNA5;IFNA4;GSK3B;PHB1;IFNA7;NDUFA13;GSK3A;IFNA6;CSF2;CXCL8;IFNA1;TRADD;IFNA2;HNRNPU;IL5RA;BRCA1;IFNA8;IL27RA;IKBKB;PYCARD;SYNCRIP;CASP1;JAK2;IL13RA2;JAK1;IL13RA1;IFNAR2;IFNA14;CHUK;DAPK1;IFNA16;IFNA17;RPL13A;TYK2;IRAK4;SIRT1;TNFRSF1A;IL1A;AIM2;IFNE;TRAF6;IL3RA;IFNK;CHI3L1;IL6ST;SOS1;TLR4;GAPDH;TLR2;IFNA10;IFNAR1;CSF1R;CEBPA;DHX9;EBI3;LEF1;CSF2RB;IL2RG;HIF1A;TANK;CSF2RA;RELA;DUOX1;NLRP7;TPR;RPS3;STAT4;IL21R;HAS2;STAT6;RIPK1;DUOX2;IL12RB2;IFNA21;STAT5A;STAT5B;XBP1;PNPT1;IFNB1;IL37;STAT1;STAT3;IFNW1;CDK9;IL6;CD4;EPRS1;IL2RB;CALM1;NFE2L2,3351
complex_genes,SE,GO_Biological_Process_2023,Formation Of Cytoplasmic Translation Initiation Complex (GO:0001732),12/14,5.174026840495977e-7,29.91374663072776,516.8539070619347,EIF3M;EIF3K;EIF3L;EIF3I;EIF3J;EIF3G;EIF3H;EIF3E;EIF3F;EIF3C;EIF3D;EIF3B,3351
complex_genes,SE,GO_Biological_Process_2023,Histone H2A Monoubiquitination (GO:0035518),12/14,5.174026840495977e-7,29.91374663072776,516.8539070619347,BARD1;PCGF6;RAD51;RING1;PCGF5;PCGF2;PCGF3;PCGF1;BRCA1;BMI1;BRCA2;RNF2,3351
complex_genes,SE,GO_Biological_Process_2023,Positive Regulation Of Telomerase RNA Localization To Cajal Body (GO:1904874),12/14,5.174026840495977e-7,29.91374663072776,516.8539070619347,CCT3;CCT6A;DKC1;RUVBL2;RUVBL1;TCP1;NHP2;CCT8;CCT7;CCT5;NOP10;CCT4,3351
complex_genes,SE,GO_Biological_Process_2023,tRNA 5'-End Processing (GO:0099116),12/14,5.174026840495977e-7,29.91374663072776,516.8539070619347,POP5;POP7;TRMT10C;POP1;POP4;PRORP;RPP30;RPP40;RPP21;RPP14;RPP25;RPP38,3351
complex_genes,SE,GO_Molecular_Function_2023,High Voltage-Gated Calcium Channel Activity (GO:0008331),16/23,5.445386020684775e-7,11.405954165774256,198.4360028634494,CACNA1C;CACNB1;CACNB2;CACNB3;SCN10A;CACNB4;SCN11A;SCN8A;SCN9A;SCN7A;SCN4A;CACNA1S;SCN5A;SCN2A;SCN3A;SCN1A,3351
complex_genes,SE,GO_Molecular_Function_2023,RNA Exonuclease Activity (GO:0004532),12/14,5.844017956231372e-7,29.91374663072776,516.8539070619347,EXOSC7;EXOSC6;EXOSC5;CNOT7;EXOSC10;EXOSC4;EXOSC9;EXOSC8;EXOSC3;EXOSC2;DCP2;EXOSC1,3351
complex_genes,SE,GO_Molecular_Function_2023,Endopeptidase Activator Activity (GO:0061133),12/14,5.844017956231372e-7,29.91374663072776,516.8539070619347,PSENEN;APH1A;AIM2;APH1B;PSMD14;PSME3;CASP1;PSME1;NLRP3;PSME2;NLRC4;NLRP1,3351
complex_genes,SE,GO_Cellular_Component_2023,H4 Histone Acetyltransferase Complex (GO:1902562),12/15,5.946560403539456e-7,19.941299790356393,315.7858252285222,KANSL1;PHF20;KANSL2;MCRS1;KANSL3;MSL2;WDR5;MSL3;KAT8;OGT;HCFC1;MSL1,3351
complex_genes,SE,GO_Biological_Process_2023,Protein Deacetylation (GO:0006476),22/40,6.663106783019665e-7,6.105971095757819,103.93233576394049,MBD3;HDAC2;HDAC1;MBD2;MSL3;CHD4;CHD3;SIRT1;GATAD2B;GATAD2A;MORF4L1;MTA1;RBBP4;MIER2;BRMS1L;MORF4L2;MIER1;FLNA;RBBP7;SUDS3;MTA2;MTA3,3351
complex_genes,SE,GO_Biological_Process_2023,Epigenetic Regulation Of Gene Expression (GO:0040029),35/83,6.663106783019665e-7,3.6504510956976275,62.12283866821741,CREBZF;N6AMT1;ATF2;SMARCD1;PHB1;SMARCB1;KMT2A;PHF1;DPY30;ASH2L;SGF29;BMI1;RNF2;TRMT112;DNMT3L;MTA1;VPS72;RBBP5;TASOR;WDR5;H3C1;EPC1;KAT7;TRIM27;BRD7;MEN1;DNMT3A;PPHLN1;ARID1B;SMARCA4;KAT2B;MTF2;MPHOSPH8;EZH2;PHF19,3351
complex_genes,SE,GO_Cellular_Component_2023,TRAPPII Protein Complex (GO:1990071),10/11,6.930198835519945e-7,49.82939239748578,779.4788005099279,TRAPPC2;TRAPPC3;TRAPPC2L;TRAPPC6B;TRAPPC10;TRAPPC4;TRAPPC5;TRAPPC2B;TRAPPC13;TRAPPC9,3351
complex_genes,SE,GO_Cellular_Component_2023,ISWI-type Complex (GO:0031010),11/13,6.930198835519945e-7,27.412724550898204,428.75097685815155,CECR2;CHRAC1;RBBP4;POLE3;SMARCA5;BAZ2A;RSF1;RBBP7;BAZ1B;SMARCA1;BPTF,3351
complex_genes,SE,GO_Cellular_Component_2023,RISC Complex (GO:0016442),11/13,6.930198835519945e-7,27.412724550898204,428.75097685815155,DDX6;AGO3;DHX9;AGO4;PRKRA;AGO2;DICER1;EIF4E;TARBP2;DCP2;TNRC6A,3351
complex_genes,SE,GO_Cellular_Component_2023,mRNA Cleavage And Polyadenylation Specificity Factor Complex (GO:0005847),11/13,6.930198835519945e-7,27.412724550898204,428.75097685815155,CPSF4;NUDT21;CPSF7;CPSF6;FIP1L1;CPSF3;CPSF2;CSTF2;CSTF2T;SYMPK;WDR33,3351
complex_genes,SE,GO_Biological_Process_2023,Vesicle Organization (GO:0016050),38/94,6.976112380574981e-7,3.398592126255875,57.66829798607722,WASHC4;WASHC5;SAR1A;STX17;SAR1B;VPS4A;FHIP1B;VPS11;TRAPPC13;AP2M1;S100A10;TRAPPC2;VPS18;TRAPPC3;TRAPPC2L;TRAPPC1;ANXA2;EXOC8;TRAPPC10;TRAPPC4;VPS33B;TRAPPC5;IRAG2;TRAPPC2B;HOOK3;TRAPPC9;VAMP8;VAMP7;HOOK2;TRAPPC6B;HOOK1;CHMP2B;CHMP4C;CHMP4A;LAMTOR1;CHMP6;CHMP7;CHMP5,3351
complex_genes,SE,GO_Molecular_Function_2023,rRNA Binding (GO:0019843),24/46,7.044422163079208e-7,5.45192228871219,93.052276224288,PTCD3;RPL5;RPS9;MRPS27;MRPL18;MRPS11;RPL12;RPS5;RPL11;RPLP0;MTERF4;MRPL16;DDX21;MRPS18A;MRPS7;MRPS6;MRPL11;MRPS18C;RPS14;EMG1;RPS3;MDM2;RPL17;RPS13,3351
complex_genes,SE,GO_Molecular_Function_2023,Cytokine Receptor Activity (GO:0004896),33/76,7.444469764441873e-7,3.8409100466798436,65.2553996152726,EBI3;IL5RA;CSF2RB;IL1RAP;IL2RG;CSF2RA;IL22RA2;IL1RL1;IL1RL2;IL18RAP;CXCR1;IL21R;IL13RA2;IL13RA1;IL12RB2;IFNAR2;IL15RA;IL1R1;IL10RB;IL1R2;IL10RA;IFNLR1;IL17RE;IL17RC;IL17RB;IL17RA;IL22RA1;CD4;IL2RA;IL3RA;IL2RB;IL6ST;IL18R1,3351
complex_genes,SE,GO_Biological_Process_2023,RNA Splicing (GO:0008380),39/98,7.719030668892991e-7,3.311072218128224,55.83610199406349,SF3B4;SF3B2;SF3B3;RBM8A;GEMIN2;DDX23;U2AF1;USP39;PRPF8;CCAR2;PPP2CA;SYNCRIP;SNRPD2;PPP2R1A;SNRPD1;MAGOH;SNRPD3;TXNL4A;SF3B1;BCAS2;SF3A3;NCBP1;NCBP2;MAGOHB;LSM4;PRPF4;SFPQ;SNRNP40;PRPF6;LSM6;DDX39B;RRAGC;SNRPG;MPHOSPH10;RNPS1;SNRPA1;SNRPF;CDK12;SNRPB,3351
complex_genes,SE,GO_Molecular_Function_2023,Ubiquitin-Like Protein Transferase Activity (GO:0019787),74/240,8.002037320200481e-7,2.242246986113511,37.88247062725305,FBXO25;BRCA1;FBXO24;PRPF19;FBXO21;FBXO22;UFL1;CDC23;MAEA;FBXO4;FBXO3;TRIM27;BTRC;FBXO7;FBXO9;FBXW8;FBXW11;FBXO2;NSMCE2;NSMCE1;TRAF2;FBXO10;FBXO11;FBXW2;RNF40;DDB2;KLHL42;RBX1;RNF123;TRAF3;TRAF6;ANAPC4;RBCK1;CBLL1;BIRC2;BIRC3;RNF31;CUL3;CUL2;UBR4;KLHL13;MALT1;RNF2;ANAPC11;RMND5B;SHARPIN;RMND5A;VHL;ATG5;BARD1;RANBP2;UBL4A;RNF20;UBE2I;CBX4;FANCL;AMFR;KLHL21;PEX12;FBXL14;KLHL20;KLHL9;CNOT4;ATG16L1;TSPAN17;MDM2;UBA3;UBE2N;ERCC8;FBXL3;MDM4;BCOR;FBXL5;FBXL6,3351
complex_genes,SE,GO_Biological_Process_2023,Regulation Of Spindle Assembly (GO:0090169),18/29,8.857137470918968e-7,8.168562310776533,136.59703321575884,DYNC1H1;STIL;PDCD6IP;VPS4B;HNRNPU;CHMP1B;CENPJ;CHMP1A;TPR;CHMP2B;CHMP2A;CHMP4C;SASS6;CHMP3;CHMP4A;CHMP6;CHMP7;CHMP5,3351
complex_genes,SE,GO_Biological_Process_2023,Protein Heterooligomerization (GO:0051291),14/19,1.0827456146413042e-6,13.96559784237339,230.681058239486,CPSF7;CPSF6;KRT1;KRT10;PKD2;GRIN2B;HSD17B8;PKD1;GRIN1;NUDT21;MAT2A;FARSA;CBR4;FARSB,3351
complex_genes,SE,GO_Cellular_Component_2023,Ficolin-1-Rich Granule Lumen (GO:1904813),44/123,1.1236366622998053e-6,2.790704795734403,42.27096979087949,FCN1;PSMD12;VCP;PSMD11;HSP90AB1;PSMD14;CAB39;PSMD13;MVP;HBB;SRP14;PSMB7;PSMD6;PSMD7;COMMD9;PSMD2;PSMD3;PSMB1;CAPN1;CCT8;CTSB;KCMF1;HSPA8;ACTR2;XRCC6;HSP90AA1;APAF1;DYNLT1;KRT1;COMMD3;ARPC5;PSMA5;PFKL;PSMC3;PSMA2;CSNK2B;CAT;PSMC2;PPIE;CDK13;YPEL5;KPNB1;VCL;PAFAH1B2,3351
complex_genes,SE,GO_Biological_Process_2023,Nucleobase-Containing Compound Catabolic Process (GO:0034655),23/44,1.1411128254623396e-6,5.4722413003663,90.08239515462803,MUS81;RNASEH2C;DFFB;RNASEH2B;RNASEH2A;PNPT1;NCBP1;FBH1;DIS3;DIS3L;EXOSC7;SUPV3L1;EXOSC6;EXOSC5;EXOSC10;EXOSC4;EXOSC9;EXOSC8;HNRNPD;MTREX;EXOSC3;EXOSC2;EXOSC1,3351
complex_genes,SE,GO_Biological_Process_2023,RNA Catabolic Process (GO:0006401),27/57,1.2448129438725769e-6,4.499729241877256,73.66564386483334,RNASEH2C;RNASEH2B;RNASEH2A;DIS3L;EXOSC7;EXOSC6;EXOSC5;EXOSC10;EXOSC4;EXOSC9;EXOSC8;MTREX;EXOSC3;EXOSC2;EXOSC1;PNPT1;NCBP1;DIS3;METTL3;CNOT10;LSM5;LSM2;SUPV3L1;LSM6;AGO4;HNRNPD;DCP2,3351
complex_genes,SE,GO_Cellular_Component_2023,Kinetochore Microtubule (GO:0005828),13/18,1.2519614819241476e-6,12.964170161773517,194.83547226074415,ZWILCH;CHMP1B;ZW10;CHMP1A;CHMP2B;CHMP2A;CHMP4C;CHMP3;CHMP4A;KNTC1;CHMP6;CHMP7;CHMP5,3351
complex_genes,SE,GO_Biological_Process_2023,Cilium Assembly (GO:0060271),74/243,1.2922571280452193e-6,2.2020429278474865,35.95968065403285,TRAF3IP1;IFT172;IFT52;MCIDAS;TCTN3;TCTN2;TCTN1;IQUB;TMEM107;BBS9;BBS7;IFT57;BBS5;CC2D2A;CEP290;SNAP29;BBS4;RSPH6A;ACTR3;IQCB1;ACTR2;FBXW8;IFT140;IFT80;RPGRIP1L;DYNLL1;WDR35;IFT88;IFT43;IFT81;TMEM216;WDPCP;PHIP;IFT46;GAS8;NOTCH1;INTU;RSPH9;CFAP206;IFT74;KIF3B;KIF3A;TMEM67;TTC21B;FLNA;E2F4;ATP6V1D;BBS2;PLK4;BBS1;RSPH4A;SEPTIN2;WDR19;SEPTIN6;IFT122;PARVA;FUZ;BBIP1;SEPTIN7;TMEM231;IFT20;AHI1;TTC8;IFT22;RSPH1;TMEM17;TMEM237;CENPJ;MKS1;IFT27;B9D1;CCDC65;B9D2;CLUAP1,3351
complex_genes,SE,GO_Biological_Process_2023,Integrin-Mediated Signaling Pathway (GO:0007229),35/85,1.3300834175936353e-6,3.5040108564535584,57.107418762167974,ITGB1;LAMA5;COL16A1;ITGAM;ITGB5;ITGB4;ITGB3;CUL3;ITGA2B;ITGB2;ILK;ITGAE;ITGAL;ORC3;ITGAX;ITGB8;ITGAV;ITGB7;ITGB6;ITGA4;ITGA3;ITGA2;ITGA1;FN1;COL3A1;ITGAD;ITGA10;ITGA11;ITGA8;ITGA7;ITGA6;ITGB1BP1;CCM2;ITGA5;ITGA9,3351
complex_genes,SE,GO_Biological_Process_2023,Membrane Organization (GO:0061024),56/167,1.385547091290834e-6,2.5321685874037922,41.15615398471112,UBXN2B;UBXN2A;CHMP1B;CHMP1A;VPS36;SNAP29;AP2M1;PRKCI;PDCD6IP;ANXA2;EXOC8;EXOC7;VPS33B;VPS37C;VPS37D;VPS37A;VPS37B;NUP93;ACE2;BIN1;HGS;CHMP4C;EXOC4;CHMP3;EXOC3;CHMP4A;EXOC6;EXOC5;CHMP6;STAM2;VPS25;CHMP7;VPS28;EXOC2;CHMP5;TSG101;SAR1A;SAR1B;VPS4B;VPS4A;ATP10B;TIMM50;MVB12A;S100A10;HSPA8;NUP155;EXOC6B;AP3D1;SNF8;STAM;SGCZ;NSFL1C;VAPA;CHMP2B;CHMP2A;UBAP1,3351
complex_genes,SE,GO_Biological_Process_2023,Negative Regulation Of TOR Signaling (GO:0032007),26/54,1.4063734405494662e-6,4.641740064446831,75.35801820867172,GSK3A;PRKAA1;PRKAA2;SEH1L;NPRL2;NPRL3;WDR24;FLCN;STK11;SH3BP4;FNIP1;SEC13;SZT2;WDR59;MIOS;KICS2;TSC2;TSC1;CASTOR1;ITFG2;SIRT1;CASTOR2;TBC1D7;DEPDC5;KPTN;BMAL1,3351
complex_genes,SE,GO_Biological_Process_2023,T Cell Activation Involved In Immune Response (GO:0002286),17/27,1.4909195164203698e-6,8.484193161367726,137.15496010512067,IFNA5;IFNA4;IFNA7;IFNA6;IFNA14;IFNA1;IFNA16;IFNB1;IFNA17;IFNA2;ITGAL;IFNA8;IFNW1;IFNE;IFNK;IFNA21;IFNA10,3351
complex_genes,SE,GO_Biological_Process_2023,Cellular Response To Acid Chemical (GO:0071229),17/27,1.4909195164203698e-6,8.484193161367726,137.15496010512067,XBP1;MTOR;VEGFA;RPTOR;GLRA1;GLRA2;RRAGA;RRAGC;RRAGB;LARS1;RRAGD;SH3BP4;LAMTOR2;LAMTOR1;LAMTOR4;LAMTOR3;LAMTOR5,3351
complex_genes,SE,GO_Biological_Process_2023,Establishment Of Protein Localization To Vacuole (GO:0072666),17/27,1.4909195164203698e-6,8.484193161367726,137.15496010512067,TSG101;PIK3R4;VPS37C;VPS37D;VPS37A;SNF8;STAM;VPS37B;HGS;VPS8;VPS41;MVB12A;UBAP1;VPS36;STAM2;VPS25;VPS28,3351
complex_genes,SE,GO_Biological_Process_2023,Regulation Of DNA-templated DNA Replication (GO:0090329),13/17,1.5219019797189504e-6,16.206186339125225,261.59834902378867,CDT1;BLM;TIPIN;MCM7;GMNN;MCIDAS;MCM3;MCM4;KAT7;MCM5;MCM6;NBN;MCM2,3351
complex_genes,SE,GO_Biological_Process_2023,Regulation Of Telomere Maintenance Via Telomerase (GO:0032210),25/51,1.5622491093212508e-6,4.805668624820759,77.43007740864815,PNKP;HNRNPU;NAT10;TENT4B;AURKB;EXOSC10;FBXO4;CCT8;CCT7;CCT5;CCT4;CCT3;CTC1;CCT2;XRCC5;TINF2;TERF1;TERF2;CCT6A;XRN1;TCP1;POT1;CTNNB1;DCP2;ATR,3351
complex_genes,SE,GO_Biological_Process_2023,Golgi Lumen Acidification (GO:0061795),9/9,1.5636351178848326e-6,149841,2410542.587108694,ATP6V1A;ATP6V0B;RNASEK;ATP6AP2;ATP6V0A2;ATP6V1H;ATP6V0C;ATP6V1D;ATP6V1F,3351
complex_genes,SE,GO_Biological_Process_2023,Multivesicular Body-Lysosome Fusion (GO:0061763),9/9,1.5636351178848326e-6,149841,2410542.587108694,CHMP1B;CHMP2B;CHMP2A;CHMP4C;CHMP3;CHMP4A;CHMP6;CHMP7;CHMP5,3351
complex_genes,SE,GO_Biological_Process_2023,Nuclear mRNA Surveillance (GO:0071028),9/9,1.5636351178848326e-6,149841,2410542.587108694,EXOSC7;EXOSC6;ZCCHC7;EXOSC5;EXOSC10;EXOSC4;XRN1;EXOSC9;EXOSC8,3351
complex_genes,SE,GO_Biological_Process_2023,Positive Regulation Of Establishment Of Protein Localization To Telomere (GO:1904851),9/9,1.5636351178848326e-6,149841,2410542.587108694,CCT3;CCT6A;DKC1;TCP1;CCT8;CCT7;CCT5;CCT4;WRAP53,3351
complex_genes,SE,GO_Biological_Process_2023,Protein Insertion Into ER Membrane By Stop-Transfer Membrane-Anchor Sequence (GO:0045050),9/9,1.5636351178848326e-6,149841,2410542.587108694,MMGT1;EMC2;EMC3;EMC4;EMC10;EMC6;EMC7;EMC8;EMC9,3351
complex_genes,SE,GO_Biological_Process_2023,Telomere Maintenance Via Recombination (GO:0000722),9/9,1.5636351178848326e-6,149841,2410542.587108694,RAD50;RAD51D;RAD51;ERCC4;NSMCE2;XRCC3;PTEN;SMC5;SMC6,3351
complex_genes,SE,GO_Biological_Process_2023,Vesicle Fusion With Vacuole (GO:0051469),9/9,1.5636351178848326e-6,149841,2410542.587108694,CHMP1B;CHMP2B;CHMP2A;CHMP4C;CHMP3;CHMP4A;CHMP6;CHMP7;CHMP5,3351
complex_genes,SE,GO_Biological_Process_2023,Nucleosome Organization (GO:0034728),32/75,1.6642367802981932e-6,3.7233966521157256,59.65476837208368,LIN54;SMARCD1;SMARCD2;SMARCB1;SMARCD3;RSF1;CHAF1B;CHAF1A;CHRAC1;RBBP4;H3C14;H2BC21;H3C1;ARID2;SMARCE1;NFE2;SMARCC1;SMARCC2;H2BC8;H4C9;SMARCA5;BAZ1A;SSRP1;ARID1A;SMARCA4;H2BC13;MCM3AP;H2BC15;H3-4;KAT6B;H2BC11;POLE3,3351
complex_genes,SE,GO_Biological_Process_2023,Response To Amino Acid (GO:0043200),18/30,1.7344413407377847e-6,7.487398739873988,119.62547824206545,XBP1;MTOR;GRIN1;RPTOR;GLRA1;GLRA2;RRAGA;GLRA3;RRAGC;RRAGB;LARS1;RRAGD;SH3BP4;LAMTOR2;LAMTOR1;LAMTOR4;LAMTOR3;LAMTOR5,3351
complex_genes,SE,GO_Molecular_Function_2023,Ribonuclease P RNA Binding (GO:0033204),9/9,1.7553449086044192e-6,149841,2410542.587108694,POP5;POP7;POP4;RPP30;RPP40;RPP21;RPP14;RPP25;RPP38,3351
complex_genes,SE,GO_Biological_Process_2023,Positive Regulation Of Mitotic Sister Chromatid Separation (GO:1901970),12/15,1.9906520815894735e-6,19.941299790356393,315.7858252285222,RB1;CDC20;CDC23;ANAPC7;INCENP;CUL3;NSMCE2;CDC16;CDCA8;BIRC5;ANAPC5;AURKB,3351
complex_genes,SE,GO_Biological_Process_2023,Axonal Transport (GO:0098930),21/39,1.9949169684339217e-6,5.826676676676676,92.17974805710112,DYNC1H1;SNAPIN;FBXW11;AP3D1;DTNBP1;HIF1A;AP3B2;SOD1;AP3M2;BLOC1S4;AP3M1;BLOC1S5;BLOC1S6;KIF3B;BLOC1S1;KIF3A;BLOC1S2;BLOC1S3;AP3S2;AP3S1;PAFAH1B1,3351
complex_genes,SE,GO_Biological_Process_2023,Negative Regulation Of Ubiquitin-Dependent Protein Catabolic Process (GO:2000059),21/39,1.9949169684339217e-6,5.826676676676676,92.17974805710112,RPL5;USP7;HSP90AB1;UBXN1;CSNK2A1;RPS7;RPL11;TAF9;CSNK2A2;KLHL40;CCAR2;UCHL5;BAG6;SDCBP;RYBP;DDRGK1;GIPC1;EIF3H;RPL17;OGT;TAF1,3351
complex_genes,SE,GO_Biological_Process_2023,Positive Regulation Of Lymphocyte Differentiation (GO:0045621),21/39,1.9949169684339217e-6,5.826676676676676,92.17974805710112,SMARCE1;SMARCD1;SMARCD2;PBRM1;SMARCC1;XBP1;XRCC6;SMARCB1;SMARCD3;SMARCC2;ACTL6B;PHF10;PRKDC;ACTL6A;ARID1A;ARID1B;SMARCA2;SMARCA4;IL4;ARID2;BRD7,3351
complex_genes,SE,GO_Biological_Process_2023,Regulation Of Mitotic Spindle Organization (GO:0060236),21/39,1.9949169684339217e-6,5.826676676676676,92.17974805710112,DYNC1H1;STIL;PDCD6IP;VPS4B;HNRNPU;GNAI1;CHMP1B;CENPJ;CHMP1A;NUP62;TPR;CHMP2B;CHMP2A;CHMP4C;SASS6;CHMP3;CHMP4A;CHMP6;RAE1;CHMP7;CHMP5,3351
complex_genes,SE,GO_Biological_Process_2023,Regulation Of Apoptotic Process (GO:0042981),171/705,2.1155684490261516e-6,1.6227740089039644,25.572109049016134,PHB1;TNFRSF6B;TRRAP;YEATS4;PHB2;ACTB;CCAR2;PYCARD;COMP;LGALS2;LGALS1;CCND2;KAT5;MYC;RUVBL2;RUVBL1;EPC1;EPC2;CCNL2;SKP2;MED1;PRKCI;PCID2;DAPK1;RPS6;SCRIB;FBXO10;FBXO11;THOC6;MORF4L1;BRMS1;BIN1;MORF4L2;PHIP;ATF5;IL6ST;ATF6;CARD14;NAIP;ATF4;VCP;MEAF6;PRKDC;MAPKAP1;BCL10;PIK3R1;FOXO3;MBTD1;BCL2L11;DDRGK1;PDCD10;FIGNL1;EP400;PMAIP1;RIPK1;NAE1;FADD;DMAP1;NKX2-5;MCL1;BARD1;HSPA9;JUN;XBP1;STIL;CRADD;CBX4;IL2;KLHL20;IL4;LSM8;AHI1;GCLC;IL6;COPS5;MRGBP;CDK5;BCL2;CDK1;MDM2;RNPS1;BCL2L2;ITGB1;PRR5;GSK3B;TRADD;FAF1;PCSK9;ETFA;CD3E;ING4;CASP9;ING5;BABAM2;FLCN;PIDD1;ING3;SPTLC1;CASP8;TCTN3;VPS72;NUP62;RACK1;MLST8;EMILIN2;CASP2;EMILIN1;IFT57;CTNNBL1;CTSB;IL10;DFFA;HSP90AA1;APAF1;UTP11;ACTL6A;PLAUR;TRAF2;SIRT1;YWHAZ;SUPV3L1;CAT;BIRC5;NAA35;ITGA6;EEF1E1;FXN;BIRC2;BIRC3;MCM2;HDAC2;PRKAA1;PRKAA2;RPL10;HDAC1;LEF1;TAF9;DDX20;NLRC4;THBS1;MALT1;RELA;TFPT;BCLAF1;RPS3;E2F1;IGF2BP1;FLNA;SAP18;PRAME;RICTOR;BRD8;BAK1;VHL;BID;BIK;STAT1;BAD;MTOR;VEGFA;SOD1;RYBP;KRT18;APC;ERCC3;IL2RB;CTNNB1;BAX;NAA16;NAA15;MAD2L1,3351
complex_genes,SE,GO_Biological_Process_2023,Lysosomal Membrane Organization (GO:0097212),10/11,2.3564533478740377e-6,49.82939239748578,779.4788005099279,CHMP1B;CHMP1A;CHMP2B;CHMP2A;CHMP4C;CHMP3;CHMP4A;CHMP6;CHMP7;CHMP5,3351
complex_genes,SE,GO_Biological_Process_2023,"Negative Regulation Of Nuclear-Transcribed mRNA Catabolic Process, Deadenylation-Dependent Decay (GO:1900152)",10/11,2.3564533478740377e-6,49.82939239748578,779.4788005099279,SYNCRIP;DHX9;HNRNPD;IGF2BP1;HNRNPU;PABPC1;YBX1;TENT4A;TENT4B;PAIP1,3351
complex_genes,SE,GO_Biological_Process_2023,Positive Regulation Of Chromosome Separation (GO:1905820),11/13,2.3564533478740377e-6,27.412724550898204,428.75097685815155,INCENP;NCAPH2;NCAPG2;CDCA8;NCAPG;BIRC5;NCAPD2;NCAPD3;SMC4;NCAPH;SMC2,3351
complex_genes,SE,GO_Cellular_Component_2023,BLOC-1 Complex (GO:0031083),8/8,2.496827186564946e-6,133192,1904492.0284325907,BLOC1S4;BLOC1S5;BLOC1S6;SNAPIN;BLOC1S1;BLOC1S2;BLOC1S3;DTNBP1,3351
complex_genes,SE,GO_Cellular_Component_2023,Smc5-Smc6 Complex (GO:0030915),8/8,2.496827186564946e-6,133192,1904492.0284325907,SLF1;NSMCE4A;SLF2;NSMCE3;NSMCE2;NSMCE1;SMC5;SMC6,3351
complex_genes,SE,GO_Cellular_Component_2023,"Phosphatidylinositol 3-Kinase Complex, Class I (GO:0097651)",8/8,2.496827186564946e-6,133192,1904492.0284325907,PIK3CD;PIK3R3;PIK3R2;PIK3CB;PIK3R1;PIK3CG;PIK3R6;PIK3R5,3351
complex_genes,SE,GO_Cellular_Component_2023,"Phosphatidylinositol 3-Kinase Complex, Class IA (GO:0005943)",8/8,2.496827186564946e-6,133192,1904492.0284325907,PIK3CD;PIK3R3;PIK3R2;PIK3CB;PIK3R1;PIK3CG;PIK3R6;PIK3R5,3351
complex_genes,SE,GO_Molecular_Function_2023,Inhibitory Extracellular Ligand-Gated Monoatomic Ion Channel Activity (GO:0005237),11/13,2.6856244285758226e-6,27.412724550898204,428.75097685815155,GABRA2;GLRA1;GLRA2;GLRA3;GABRA6;GLRB;GABRA5;GABRA4;GABRA3;GABRG3;GABRG2,3351
complex_genes,SE,GO_Biological_Process_2023,Regulation Of Mitotic Spindle Assembly (GO:1901673),14/20,2.751094888568009e-6,11.637298971131756,180.1742304212102,PDCD6IP;VPS4B;HNRNPU;CHMP1B;CHMP1A;CHMP2B;TPR;CHMP2A;CHMP4C;CHMP3;CHMP4A;CHMP6;CHMP7;CHMP5,3351
complex_genes,SE,GO_Biological_Process_2023,Negative Regulation Of Transcription By RNA Polymerase II (GO:0000122),182/763,2.837191871124741e-6,1.5883084246104011,24.536840691998886,RB1;ATF2;PHB1;KDM1A;HNRNPU;ARID4A;ARID4B;RBPJ;BACH1;BACH2;DCAF1;YY1;UXT;RPS14;KAT5;CCND1;MYC;MYB;DPF2;EPC1;TRIM27;MEN1;MED1;PCID2;KDM2B;NSMCE3;MED9;ARID5B;DICER1;HCFC2;HCFC1;SAP30;MAF;BRMS1;BIN1;DDIT3;UBE2V1;BCORL1;ATF3;ATF4;URI1;NOTCH1;MAX;CTR9;SUPT4H1;RTF1;FOXO3;SDCBP;MIER2;ORC2;TPR;MIER1;NKX2-1;DMAP1;SUDS3;NKX2-5;BPTF;CBX8;CBX7;JUN;DR1;CBX6;SMAD4;JUND;SMAD3;UBE2I;CBX4;CBX3;CBX2;SMARCA2;ESR1;SMARCA4;DRAP1;IL4;DLG1;MAFB;SNW1;YEATS2;CNOT1;CNOT2;COPS2;MAFG;MAFF;MDM2;UBA2;MAFK;MDM4;MXD1;OGT;EZH1;EZH2;MXD4;THRB;TCF25;SUV39H1;CHD4;CHD3;FOXM1;BMI1;ING1;GLI3;CDC73;GLI2;FLCN;ING2;NIPBL;DNMT3L;SIN3B;SIN3A;VPS72;SUFU;DNMT3B;MLX;GET1;BATF3;EED;DNMT3A;TET1;PEX2;SIRT1;YWHAZ;SREBF2;SFPQ;IFNG;TRAF6;CRY2;RARA;CRY1;LCOR;PPARG;SINHCAF;JDP2;YAP1;CEBPA;CEBPB;HDAC2;SF3B3;LIN37;RPL10;HDAC1;NR1I2;LEF1;DDX20;RELA;AURKB;RNF2;MNT;RXRA;MTA1;RBBP4;NFIL3;SAP30L;MXI1;E2F1;PCGF1;RBBP7;FNIP1;MTA2;RPL17;E2F6;FNIP2;MTA3;MBD3;IL33;STAT1;NR1H2;PCGF2;MBD2;STAT3;NR1H3;GATAD2B;GATAD2A;VEGFA;MAD2L2;PER2;PER1;PER3;BRMS1L;TAF7;BCOR;TAF3;TAF1,3351
complex_genes,SE,GO_Biological_Process_2023,Negative Regulation Of Mitotic Metaphase/Anaphase Transition (GO:0045841),17/28,2.9527933660718887e-6,7.712439330315755,118.78700011231672,ZWILCH;BUB1B;KLHL22;NDC80;ZWINT;CDC20;MAD2L2;ZW10;NUF2;TPR;KNTC1;BUB3;FBXO5;MAD1L1;SPC24;MAD2L1;SPC25,3351
complex_genes,SE,GO_Biological_Process_2023,Regulation Of Sodium Ion Transmembrane Transport (GO:1902305),17/28,2.9527933660718887e-6,7.712439330315755,118.78700011231672,COMMD1;DLG1;FXYD4;FXYD3;FXYD2;FXYD1;FXYD7;FXYD6;SCN5A;FXYD5;SCN3B;UTRN;FGF12;SCN4B;SCN1B;SNTA1;SCN2B,3351
complex_genes,SE,GO_Molecular_Function_2023,Ubiquitin Binding (GO:0043130),33/80,3.0113448404177544e-6,3.513177638413297,54.47201417091371,RNF31;UBXN1;WDR48;TSG101;UBXN2B;UBXN2A;FAF1;FAF2;DNAAF10;SHARPIN;NUP62;MVB12A;UBXN7;IKBKG;BUB3;FBXO7;MAP3K7;VPS36;RAE1;SMAD3;FBXW7;RAD23A;RAD23B;NSFL1C;NPLOC4;HGS;MDM2;UBE2N;PLAA;UBAP1;RBCK1;BIRC2;VPS28,3351
complex_genes,SE,GO_Cellular_Component_2023,Vacuolar Membrane (GO:0005774),26/59,3.1315696706132947e-6,3.937261335156072,55.32481325713035,STX17;NPRL2;VPS4A;TCIRG1;WDR24;CHMP1B;CHMP1A;ATP6V0A2;ATP6V0A4;ATP6V0A1;ATP6V1F;UVRAG;WDR59;ATP6AP2;ATG16L2;ATG16L1;CHMP2B;CHMP4C;CHMP2A;CHMP3;CHMP4A;ULK1;CHMP6;CHMP7;TECPR1;CHMP5,3351
complex_genes,SE,GO_Cellular_Component_2023,U5 snRNP (GO:0005682),13/19,3.1315696706132947e-6,10.802826043539046,151.7119349205661,DDX23;PRPF8;SNRNP40;PRPF6;SNRPD2;SNRPD1;SNRPG;SNRPE;SNRPD3;SNRPF;SNRNP200;TXNL4A;SNRPB,3351
complex_genes,SE,GO_Cellular_Component_2023,MIB Complex (GO:0140275),10/12,3.1315696706132947e-6,24.9131996408261,349.1762941069814,HSPA9;CHCHD3;SAMM50;APOOL;MTX1;MTX2;CHCHD6;IMMT;MICOS13;MICOS10,3351
complex_genes,SE,GO_Cellular_Component_2023,SAM Complex (GO:0001401),10/12,3.1315696706132947e-6,24.9131996408261,349.1762941069814,HSPA9;CHCHD3;SAMM50;APOOL;MTX1;MTX2;CHCHD6;IMMT;MICOS13;MICOS10,3351
complex_genes,SE,GO_Cellular_Component_2023,Set1C/COMPASS Complex (GO:0048188),10/12,3.1315696706132947e-6,24.9131996408261,349.1762941069814,BOD1;RBBP5;WDR82;SETD1B;SETD1A;CXXC1;WDR5;DPY30;HCFC2;HCFC1,3351
complex_genes,SE,GO_Cellular_Component_2023,Swr1 Complex (GO:0000812),10/12,3.1315696706132947e-6,24.9131996408261,349.1762941069814,ING3;ZNHIT1;KAT5;SRCAP;TRRAP;RUVBL2;RUVBL1;EP400;BRD8;DMAP1,3351
complex_genes,SE,GO_Biological_Process_2023,Energy Derivation By Oxidation Of Organic Compounds (GO:0015980),22/43,3.2250343976984797e-6,5.232745426196913,80.1164126421005,COX8A;COX7B;UQCRB;NDUFA4;COX4I1;COX7A2;UQCR11;UQCR10;COX5B;COX6A1;COX6C;COX5A;COX7C;UQCRH;COX6B1;UQCRQ;NDUFS4;UQCRC1;CYCS;NDUFS1;CYC1;UQCRC2,3351
complex_genes,SE,GO_Molecular_Function_2023,"RNA Endonuclease Activity, Producing 5'-Phosphomonoesters (GO:0016891)",17/28,3.2701037688563558e-6,7.712439330315755,118.78700011231672,POP5;POP7;RNASEH2A;POP1;POP4;PRORP;RPP30;ELAC2;RPP40;DICER1;MRPL44;AGO3;RPP21;DROSHA;RPP14;RPP25;RPP38,3351
complex_genes,SE,GO_Biological_Process_2023,Regulation Of Centrosome Duplication (GO:0010824),18/31,3.3189474458199916e-6,6.911029564494911,105.59136962300254,STIL;FBXW5;PDCD6IP;VPS4B;CCNF;XRCC3;NAT10;SIRT1;CHMP1B;TMEM67;CENPJ;CHMP1A;CHMP2B;CHMP2A;CHMP4C;CHMP3;CHMP4A;CHMP5,3351
complex_genes,SE,GO_Cellular_Component_2023,Serine-Type Endopeptidase Complex (GO:1905370),9/10,3.3212349077252984e-6,44.833034111310596,625.3212848624426,FCN1;COLEC11;FCN2;THBD;COLEC10;FCN3;PLAU;PLAUR;MBL2,3351
complex_genes,SE,GO_Biological_Process_2023,Protein Localization To Chromosome (GO:0034502),21/40,3.412201501359267e-6,5.519677572309151,84.16274255895182,RB1;SLF1;SLF2;XRCC4;MCM8;BOD1;XRCC5;MCM9;LEF1;TINF2;RPA1;RPA2;CENPA;ESR1;TERF2;MSH2;RAD21;APLF;TERF2IP;CHMP7;ATR,3351
complex_genes,SE,GO_Biological_Process_2023,Regulation Of Cellular Biosynthetic Process (GO:0031326),30/70,3.4500578288399807e-6,3.750903342366757,57.13954053790902,CYFIP1;CXCL8;MEAF6;RPL10;JADE1;NOLC1;PDGFA;JADE3;JADE2;FOXO3;ING4;ING5;TCOF1;KAT7;RAC1;JAK2;EIF4E;MED1;EIF2B4;ELP1;ELP2;TSC1;ELP3;ELP4;TNFRSF1B;ELP5;SIRT1;EIF2S1;ELP6;GEMIN5,3351
complex_genes,SE,GO_Biological_Process_2023,Transcription Initiation-Coupled Chromatin Remodeling (GO:0045815),19/34,3.478881155787065e-6,6.323449379751901,96.25581069932784,N6AMT1;ATF2;SMARCD1;SMARCB1;KMT2A;PHF1;DPY30;ASH2L;SGF29;ARID1B;SMARCA4;TRMT112;KAT2B;RBBP5;VPS72;WDR5;KAT7;BRD7;MEN1,3351
complex_genes,SE,GO_Biological_Process_2023,Endoplasmic Reticulum To Golgi Vesicle-Mediated Transport (GO:0006888),42/115,3.6056561002787277e-6,2.882102360933444,43.75918839798044,COPB2;COPA;SAR1A;STX17;SAR1B;COPB1;CUL3;KLHL12;GOLGA2;LMAN1;TRAPPC12;TRAPPC11;TRAPPC13;YKT6;SEC31A;TRAPPC2;TRAPPC3;SEC13;SEC24B;TRAPPC2L;TRAPPC1;SEC24A;TRAPPC4;TRAPPC10;COG3;TRAPPC5;TRAPPC2B;TRAPPC8;TRAPPC9;ARCN1;TRAPPC6A;VAMP7;VAPA;TRAPPC6B;ZW10;COPG2;COPG1;ERGIC3;SEC24D;ERGIC2;SEC24C;COPE,3351
complex_genes,SE,GO_Biological_Process_2023,Protein Targeting To ER (GO:0045047),15/23,3.991140292831133e-6,9.353080035971223,141.0289807806839,UBL4A;SRP54;SRP14;SRP9;SEC61A1;SPCS3;SPCS2;SPCS1;SRP72;SEC61G;SRPRA;SRPRB;CHMP4A;GET3;GET4,3351
complex_genes,SE,GO_Biological_Process_2023,Cilium Organization (GO:0044782),69/228,3.994710855653032e-6,2.1803893162245753,32.86784829186249,TRAF3IP1;IFT172;PKD2;IFT52;MCIDAS;TCTN3;TCTN2;TCTN1;IQUB;TMEM107;BBS9;BBS7;KIFAP3;IFT57;BBS5;CC2D2A;CEP290;SNAP29;BBS4;ACTR3;IQCB1;ACTR2;FBXW8;IFT140;IFT80;WDR35;IQCG;IFT88;IFT43;IFT81;TMEM216;WDPCP;PHIP;IFT46;NOTCH1;INTU;RRP7A;IFT74;KIF3B;KIF3A;TMEM67;TTC21B;FLNA;ATP6V1D;BBS2;PLK4;BBS1;SEPTIN2;WDR19;SEPTIN6;IFT122;PARVA;FUZ;BBIP1;SEPTIN7;TMEM231;IFT20;AHI1;TTC8;IFT22;TMEM17;TMEM237;CENPJ;MKS1;IFT27;B9D1;CCDC65;B9D2;CLUAP1,3351
complex_genes,SE,GO_Biological_Process_2023,Mitotic Cytokinetic Process (GO:1902410),13/18,4.116105360833497e-6,12.964170161773517,194.83547226074415,PDCD6IP;VPS4B;VPS4A;CHMP1B;CHMP1A;CHMP2B;CHMP2A;CHMP4C;CHMP3;CHMP4A;CHMP6;CHMP7;CHMP5,3351
complex_genes,SE,GO_Biological_Process_2023,Positive Regulation Of Chromosome Segregation (GO:0051984),13/18,4.116105360833497e-6,12.964170161773517,194.83547226074415,NCAPH2;NCAPG2;NCAPG;SMC5;SMC6;SMC4;NCAPH;SMC2;CCNB1;KAT5;CDK1;NCAPD2;NCAPD3,3351
complex_genes,SE,GO_Biological_Process_2023,Protein Import Into Mitochondrial Matrix (GO:0030150),13/18,4.116105360833497e-6,12.964170161773517,194.83547226074415,DNAJC19;TOMM40;PAM16;TIMM23;TIMM44;TIMM21;TOMM20;TIMM50;GRPEL1;GRPEL2;TIMM17A;TIMM17B;ROMO1,3351
complex_genes,SE,GO_Biological_Process_2023,Regulation Of Exosomal Secretion (GO:1903541),13/18,4.116105360833497e-6,12.964170161773517,194.83547226074415,PDCD6IP;TSG101;VPS4B;VPS4A;SNF8;STAM;SDCBP;IFNG;HGS;CHMP2A;CHMP3;SDC1;CHMP6,3351
complex_genes,SE,GO_Biological_Process_2023,Regulation Of Protein Deacetylation (GO:0090311),13/18,4.116105360833497e-6,12.964170161773517,194.83547226074415,DR1;SGF29;CCAR2;KAT2B;KAT2A;TADA2A;ZZZ3;IFNG;YEATS2;TADA3;MBIP;WDR5;KAT14,3351
complex_genes,SE,GO_Biological_Process_2023,Positive Regulation Of DNA-binding Transcription Factor Activity (GO:0051091),73/246,4.2222666683413975e-6,2.120897064684162,31.813900375732377,ATF2;SMARCB1;KDM1A;TRADD;PTEN;IL1RAP;PHB2;IKBKB;PYCARD;PIDD1;IL18RAP;TRIM27;IKBKG;IKBKE;MAP3K7;IL10;PRKCI;TICAM2;CHUK;IL18;ARID5B;TRAF2;TICAM1;PSMA6;AIM2;TFDP1;DDIT3;TRAF6;TRAF5;TERF2IP;PPARG;RBCK1;TLR6;UBE2V1;CLOCK;TLR4;CARD14;S100A9;CARD11;S100A8;TLR2;RNF31;DHX9;CEBPG;BCL10;NLRC4;PRKCZ;RELA;MALT1;RELN;IRAK1;DDRGK1;IRAK2;RPS3;NLRP3;RIPK1;SMAD3;TAF12;CARD9;STAT3;ESR1;SMARCA4;VEGFA;IL6;MAVS;COPS5;STING1;UBE2N;CTNNB1;IL18R1;MYD88;LAMTOR5;TAF1,3351
complex_genes,SE,GO_Biological_Process_2023,Positive Regulation Of Peptidyl-Serine Phosphorylation (GO:0033138),35/89,4.415548230357934e-6,3.243672653352991,48.50058711386846,IFNA5;IFNA4;IFNA7;HSP90AB1;IFNA6;RAMP3;IFNA1;DOCK7;IFNA2;IFNA8;RPTOR;TBK1;CALCR;PDCD10;TNKS1BP1;FNIP1;FNIP2;IFNA21;IL11;HSP90AA1;IFNA14;IFNA16;IFNB1;IFNA17;AXIN1;IFNW1;VEGFA;MAD2L2;IL6;IFNG;IFNE;IFNK;CNOT9;IFNA10;EIF4G1,3351
complex_genes,SE,GO_Molecular_Function_2023,Nuclear Receptor Coactivator Activity (GO:0030374),24/50,4.67494640417095e-6,4.612055212596241,69.29337409779627,NCOA1;MED1;NCOA2;SS18;ENY2;KDM1A;NCOA6;USP22;MED4;DCAF6;MED17;WDR77;MED12;PSMC3IP;MED22;MED14;CNOT6;MED13;SFR1;MED30;THRAP3;BRD8;ATXN7L3;CNOT9,3351
complex_genes,SE,GO_Cellular_Component_2023,Mitochondrial Respiratory Chain Complex IV (GO:0005751),12/17,4.8540766700785285e-6,11.963342318059299,162.21392152375026,COX8A;COX7B;NDUFA4;COX4I1;COX7A2;UQCRC2;COX5B;COX6A1;COX6C;COX5A;COX7C;COX6B1,3351
complex_genes,SE,GO_Cellular_Component_2023,Ficolin-1-Rich Granule (GO:0101002),57/184,4.858570003385213e-6,2.251179668115256,30.50202968224033,FCN1;HSP90AB1;ITGB2;HBB;TCIRG1;SRP14;AP2A2;PSMD6;PSMD7;PSMD2;PSMD3;ITGAX;CAPN1;RAC1;CTSB;KCMF1;ACTR2;HSP90AA1;APAF1;DYNLT1;KRT1;ATP6AP2;COMMD3;DYNLL1;PSMA5;PSMA2;CSNK2B;CAT;PPIE;ATP6V0C;KPNB1;VCL;PAFAH1B2;PSMD12;VCP;PSMD11;PSMD14;CAB39;PSMD13;COPB1;MVP;UBR4;PSMB7;COMMD9;PSMB1;CCT8;ATP6V0A1;HSPA8;XRCC6;ARPC5;PFKL;PSMC3;PSMC2;LAMTOR1;CDK13;YPEL5;VPS35L,3351
complex_genes,SE,GO_Biological_Process_2023,Mitotic Spindle Assembly Checkpoint Signaling (GO:0007094),16/26,4.9223182735851295e-6,7.982728635682159,118.39574234916839,ZWILCH;BUB1B;KLHL22;NDC80;ZWINT;CDC20;MAD2L2;ZW10;NUF2;TPR;KNTC1;BUB3;MAD1L1;SPC24;MAD2L1;SPC25,3351
complex_genes,SE,GO_Biological_Process_2023,Mitotic Spindle Checkpoint Signaling (GO:0071174),16/26,4.9223182735851295e-6,7.982728635682159,118.39574234916839,ZWILCH;BUB1B;KLHL22;NDC80;ZWINT;CDC20;MAD2L2;ZW10;NUF2;TPR;KNTC1;BUB3;MAD1L1;SPC24;MAD2L1;SPC25,3351
complex_genes,SE,GO_Biological_Process_2023,Regulation Of Transcription By RNA Polymerase III (GO:0006359),16/26,4.9223182735851295e-6,7.982728635682159,118.39574234916839,ELL;ICE1;ICE2;SMARCA5;DDX21;ZC3H8;DEK;BAZ1B;MTOR;RPTOR;MYBBP1A;POLR3C;POLR3F;POLR3G;ERCC6;SF3B1,3351
complex_genes,SE,GO_Biological_Process_2023,Spindle Assembly Checkpoint Signaling (GO:0071173),16/26,4.9223182735851295e-6,7.982728635682159,118.39574234916839,ZWILCH;BUB1B;KLHL22;NDC80;ZWINT;CDC20;MAD2L2;ZW10;NUF2;TPR;KNTC1;BUB3;MAD1L1;SPC24;MAD2L1;SPC25,3351
complex_genes,SE,GO_Molecular_Function_2023,Phosphatase Binding (GO:0019902),41/112,5.027891462793561e-6,2.8922088421769288,43.18593291795988,VCP;ELL;STX17;MVP;PIK3R2;PIK3R1;PPP3R1;CHCHD3;TBK1;PPP3R2;KIF3A;CDC27;RACK1;CEP192;SHOC2;STAT6;KIFAP3;IKBKE;JAK1;SMAD2;SMAD3;ANAPC7;ITGA1;STAT3;TSC2;NFATC2;RPA2;AP3B1;TRAF2;GTF2F1;DLG1;DLG3;DLG4;TRAF3;CRY2;CRY1;ANAPC4;TERF2IP;CTNNB1;ANAPC5;FBXL2,3351
complex_genes,SE,GO_Biological_Process_2023,Establishment Of Protein Localization To Mitochondrion (GO:0072655),22/44,5.117421130645596e-6,4.99459297086212,73.86794170082709,DNAJC19;TIMM8B;TOMM40;TIMM9;PAM16;TIMM13;TIMM23;TIMM44;TIMM10;TIMM21;DNAJC15;TOMM20;TIMM50;TOMM22;GRPEL1;GRPEL2;TIMM17A;TOMM7;TIMM17B;ROMO1;FBXO7;TOMM5,3351
complex_genes,SE,GO_Cellular_Component_2023,U12-type Spliceosomal Complex (GO:0005689),16/28,5.4511649520865705e-6,6.6514742628685655,89.29856702857153,SF3B4;SF3B5;SF3B2;SF3B3;SF3B6;YBX1;LSM7;PHF5A;SNRPD2;SNRPD1;SNRPG;SNRPE;SNRPD3;SNRPF;SF3B1;SNRPB,3351
complex_genes,SE,GO_Biological_Process_2023,B Cell Differentiation (GO:0030183),29/68,5.855585749453821e-6,3.717948717948718,54.46657378000854,IFNA5;ITGB1;IFNA4;IFNA7;IFNA6;IFNA1;IFNA2;CEBPG;PIK3CD;PIK3R3;PIK3R2;PIK3R1;IFNA8;DCAF1;FNIP1;IFNA21;IL10;IL11;IFNA14;ITGA4;IFNA16;IFNB1;IFNA17;IFNW1;IL4;MSH2;IFNE;IFNK;IFNA10,3351
complex_genes,SE,GO_Biological_Process_2023,RNA 3'-End Processing (GO:0031123),20/38,5.855585749453821e-6,5.54754995163281,81.21501398716829,INTS12;CPSF7;INTS14;CPSF6;PNPT1;NCBP1;NCBP2;CSTF3;ELAC2;INTS2;TRNT1;TENT4A;TENT4B;SUPV3L1;NUDT21;INTS5;INTS7;INTS6;INTS9;INTS8,3351
complex_genes,SE,GO_Biological_Process_2023,Lymphocyte Proliferation (GO:0046651),20/38,5.855585749453821e-6,5.54754995163281,81.21501398716829,IFNA5;IL10;IFNA4;IFNA7;IFNA6;IFNA14;IFNA1;TNFSF14;IFNA16;IFNB1;IFNA17;IFNA2;IFNA8;PIK3CG;IFNW1;PPP3CB;IFNE;IFNK;IFNA21;IFNA10,3351
complex_genes,SE,GO_Biological_Process_2023,Membrane Assembly (GO:0071709),20/38,5.855585749453821e-6,5.54754995163281,81.21501398716829,NLGN1;UBXN2B;ANXA2;UBXN2A;NRXN1;VPS4B;VPS4A;PTEN;NSFL1C;CHMP1B;CHMP1A;CHMP2B;CHMP2A;CHMP4C;CHMP3;CHMP4A;CHMP6;CHMP7;S100A10;CHMP5,3351
complex_genes,SE,GO_Biological_Process_2023,Positive Regulation Of Myoblast Differentiation (GO:0045663),20/38,5.855585749453821e-6,5.54754995163281,81.21501398716829,SMARCE1;SMARCD1;SMARCD2;PBRM1;SMARCC1;SMARCB1;SMARCD3;SMARCC2;ACTL6B;PHF10;ACTL6A;ARID1A;ARID1B;SMARCA2;SMARCA4;KAT5;MYOD1;DPF3;ARID2;BRD7,3351
complex_genes,SE,GO_Cellular_Component_2023,Postsynaptic Density (GO:0014069),49/151,5.913503962689731e-6,2.4073437370102493,32.102313398998554,RPL30;FMR1;GRIK5;RPLP0;GRIK3;GRIK4;GRIK1;GRIK2;RPL8;FOXM1;RPL7;RPS14;RPS19;RPS18;RPL38;RPS13;KCND2;KCND3;TSC2;SCRIB;GRIA1;GRIA2;NLGN1;RPL12;CACNA1C;AKAP5;ADD3;ADD1;ADD2;FXR1;GRIN2A;FXR2;RPL14;RPS3;DTNB;DTNBP1;GRIN2C;GRIN2B;GRIN2D;GRIN1;RPS25;DLG1;DLG2;CDK5;DLG3;DLG4;DLG5;STRN;CDK5R1,3351
complex_genes,SE,GO_Biological_Process_2023,"Mitochondrial Electron Transport, Cytochrome C To Oxygen (GO:0006123)",12/16,5.9766797010395326e-6,14.95507637017071,218.5886128802427,COX8A;COX7B;NDUFA4;COX4I1;CYCS;COX7A2;COX5B;COX6A1;COX6C;COX5A;COX7C;COX6B1,3351
complex_genes,SE,GO_Biological_Process_2023,Cellular Response To Amino Acid Stimulus (GO:0071230),19/35,5.99460019527028e-6,5.9278774009603845,86.60856000228938,XBP1;KLHL22;CASTOR1;MTOR;RPTOR;GLRA1;GLRA2;RRAGA;RRAGC;CASTOR2;RRAGB;LARS1;RRAGD;SH3BP4;LAMTOR2;LAMTOR1;LAMTOR4;LAMTOR3;LAMTOR5,3351
complex_genes,SE,GO_Biological_Process_2023,Protein Import Into Nucleus (GO:0006606),32/79,6.115996330727124e-6,3.40569128101902,49.680084195477626,POM121;NUP107;NXT1;NUP188;NXT2;PHB2;NUP85;NUP62;TPR;KPNA6;KPNA7;KPNA4;E2F3;NUP88;KPNA5;KPNA2;KPNA3;RPL17;KPNA1;NUP214;RANBP2;SEC13;NUP133;NUP155;STAT3;TSC2;NUP153;NUP93;NUP50;NUP35;NUP54;KPNB1,3351
complex_genes,SE,GO_Biological_Process_2023,poly(A)+ mRNA Export From Nucleus (GO:0016973),14/21,6.3152821498854305e-6,9.974228348816302,145.14848804333323,ENY2;PCID2;NUP133;POLDIP3;THOC2;GLE1;NUP93;NXF1;MCM3AP;NXF2;NXF3;PABPN1;SARNP;ZC3H11A,3351
complex_genes,SE,GO_Molecular_Function_2023,GABA Receptor Activity (GO:0016917),14/21,7.206957763758359e-6,9.974228348816302,145.14848804333323,GABRA2;GABRB3;GABRQ;GABBR2;GABRA1;GABRB2;GABRB1;GABRA6;GABRA5;GABRA4;GABRA3;GABRG3;GABRG2;GABRD,3351
complex_genes,SE,GO_Cellular_Component_2023,Cytoplasmic Vesicle Lumen (GO:0060205),40/115,7.46720574665134e-6,2.6697271720527533,34.9551217320123,FCN1;CYFIP1;PSMD12;VCP;PSMD11;HSP90AB1;PSMD14;CAB39;PSMD13;MVP;SRP14;PYCARD;PSMB7;PSMD6;PSMD7;COMMD9;PSMD2;PSMD3;PSMB1;CCT8;SGCG;HSPA8;XRCC6;HSP90AA1;APAF1;DYNLT1;XRCC5;ARPC5;PSMA5;PFKL;PSMC3;PSMA2;CSNK2B;CAT;PSMC2;PPIE;S100A9;S100A8;VCL;PAFAH1B2,3351
complex_genes,SE,GO_Biological_Process_2023,Multi-Pass Transmembrane Protein Insertion Into ER Membrane (GO:0160063),8/8,8.11352605844982e-6,133192,1904492.0284325907,NOMO3;WDR83OS;NCLN;TMEM147;NOMO1;NOMO2;RAB5IF;TMCO1,3351
complex_genes,SE,GO_Biological_Process_2023,Positive Regulation Of Response To External Stimulus (GO:0032103),51/155,8.145515607296265e-6,2.4586101398601397,35.126687544110695,IL21;TRADD;SERPINE1;PLAT;PYCARD;THBD;LGALS2;LGALS1;PLAU;CASP1;EMILIN2;EMILIN1;PDGFRB;IL15;IL18;CYBA;IL17RA;TNFRSF1A;AIM2;IFNG;MMRN2;IFNK;S100A9;TLR4;NAIP;S100A8;TLR2;RNF31;CEBPA;DHX9;PDGFB;LY96;NLRC4;MEFV;THBS1;VTN;IGF2BP1;NLRP3;RIPK1;FADD;NLRP1;IL33;FEM1A;IFNB1;IL2;USF1;POLR3B;POLR3C;POLR3D;POLR3F;POLR3G,3351
complex_genes,SE,GO_Biological_Process_2023,Apoptotic Process (GO:0006915),68/228,8.145515607296265e-6,2.134579652756625,30.49195989494893,TRADD;IFNA2;ITGB2;JADE1;CGB3;BBC3;PYCARD;CASP9;PIDD1;STK11;CASP8;PPP2R1A;MYC;DPF1;DPF2;CASP2;IKBKG;JAK2;IFT57;MAP3K7;TRPC5;APAF1;DAPK1;THOC1;LIG4;TSC2;DYNLL1;TGFBR2;IL1A;RRAGC;IFNG;PIK3CA;LTA;NDUFS1;LALBA;GAPDH;TLR2;MCM2;MRPS30;FXR1;PPP2CA;BAG6;BCLAF1;BCL2L11;NLRP3;PMAIP1;RIPK1;FADD;NAE1;NLRP1;BAK1;BID;TNFSF14;BIK;BAD;FEM1B;MTOR;CDK5;ERCC3;IL2RA;ERCC2;BCL2;MDM2;BAX;SCN2A;OGT;MYD88;IL17A,3351
complex_genes,SE,GO_Biological_Process_2023,"Blood Coagulation, Fibrin Clot Formation (GO:0072378)",11/14,8.145515607296265e-6,18.274051896207585,260.6962439902293,FGB;FGA;GP9;THBD;GP1BB;FGG;F13A1;FLNA;GP1BA;F13B;GP5,3351
complex_genes,SE,GO_Biological_Process_2023,Mitotic Recombination (GO:0006312),11/14,8.145515607296265e-6,18.274051896207585,260.6962439902293,RAD50;RAD51D;RAD51;MSH2;MSH3;ERCC1;NSMCE2;XRCC3;PTEN;SMC5;SMC6,3351
complex_genes,SE,GO_Biological_Process_2023,Nuclear Pore Organization (GO:0006999),11/14,8.145515607296265e-6,18.274051896207585,260.6962439902293,NDC1;FXR1;NUP93;NUP205;NUP107;SEH1L;NUP133;TPR;NUP35;NUP153;NUP54,3351
complex_genes,SE,GO_Biological_Process_2023,Positive Regulation Of Exosomal Secretion (GO:1903543),11/14,8.145515607296265e-6,18.274051896207585,260.6962439902293,SDCBP;PDCD6IP;TSG101;IFNG;HGS;VPS4B;VPS4A;CHMP2A;SDC1;SNF8;STAM,3351
complex_genes,SE,GO_Biological_Process_2023,Protein Activation Cascade (GO:0072376),11/14,8.145515607296265e-6,18.274051896207585,260.6962439902293,FGB;FGA;GP9;THBD;GP1BB;FGG;F13A1;FLNA;GP1BA;F13B;GP5,3351
complex_genes,SE,GO_Biological_Process_2023,Regulation Of MHC Class II Biosynthetic Process (GO:0045346),11/14,8.145515607296265e-6,18.274051896207585,260.6962439902293,IL10;IL4;HDAC2;XBP1;IFNG;RFX5;RFXAP;TAF7;RFXANK;JAK2;SIRT1,3351
complex_genes,SE,GO_Biological_Process_2023,Regulation Of Cell Fate Specification (GO:0042659),11/14,8.145515607296265e-6,18.274051896207585,260.6962439902293,MBD3;HDAC2;MTA1;RBBP4;HDAC1;CHD4;RBBP7;MTA2;MTA3;GATAD2B;GATAD2A,3351
complex_genes,SE,GO_Biological_Process_2023,"Synaptic Transmission, GABAergic (GO:0051932)",11/14,8.145515607296265e-6,18.274051896207585,260.6962439902293,GABRA2;GABRB3;GABBR2;GABRA1;GABRB2;GABRA6;GABRA5;GABRA4;GABRA3;GABRG3;GABRG2,3351
complex_genes,SE,GO_Cellular_Component_2023,Cul2-RING Ubiquitin Ligase Complex (GO:0031462),14/23,8.617060232692144e-6,7.756800852395698,100.36499599114049,KLHDC2;KLHDC3;ZYG11B;ZER1;FEM1A;FEM1B;CUL2;COMMD1;RBX1;ELOB;FEM1C;PRAME;ELOC;KLHDC10,3351
complex_genes,SE,GO_Cellular_Component_2023,Nuclear Membrane (GO:0031965),66/227,8.617060232692144e-6,2.0575512635071895,26.609649726349907,AHCTF1;NUP107;MRPS14;PHF20;ITGB4;WDR3;MRPL36;YEATS4;CASC3;SYNE4;TENT4A;SYNE3;SYNE2;SYNE1;GLE1;CCND2;TMEM147;RBMX2;RB1CC1;NUP62;MLX;EPC1;KPNA4;TRIM27;KPNA2;TXNL4A;NDC1;SUN2;SUN1;NUP133;MRPS23;TRAPPC2B;ATP11B;SLC30A1;PLRG1;RANGAP1;SIRT1;UTP18;NUP93;RNF123;DNAJC2;NUP50;GAPDH;KPNB1;NUP205;POM121;GTF3C3;NRXN1;SDCBP;FZR1;KASH5;MYO6;TPR;ATP5MF;RANBP2;KLHDC2;SMAD3;NUP155;WTAP;CBX3;NUP153;MCM3AP;CDK4;BCL2;NUP35;TAF3,3351
complex_genes,SE,GO_Biological_Process_2023,DNA Integrity Checkpoint Signaling (GO:0031570),21/42,8.84817087118914e-6,4.993393393393394,70.80795705762475,CDT1;TIPIN;CDC5L;HUS1;MRPL36;PRPF19;UFL1;CDC45;ERCC4;RPA4;E2F1;TIMELESS;RAD17;FBXO6;INTS7;NBN;ERCC6;ATRIP;CLOCK;ATR;RAD9A,3351
complex_genes,SE,GO_Molecular_Function_2023,Histone H3K14 Acetyltransferase Activity (GO:0036408),8/8,8.853741424868232e-6,133192,1904492.0284325907,ING4;MEAF6;BRPF3;KAT6B;KAT6A;JADE1;KAT7;JADE2,3351
complex_genes,SE,GO_Molecular_Function_2023,Histone H4K16 Acetyltransferase Activity (GO:0046972),8/8,8.853741424868232e-6,133192,1904492.0284325907,ING4;KAT5;KAT6A;JADE1;KAT8;MSL3;KAT7;JADE2,3351
complex_genes,SE,GO_Molecular_Function_2023,Damaged DNA Binding (GO:0003684),22/45,8.853741424868232e-6,4.7771494246868755,68.26771024840355,PCNA;PNKP;RPA1;RPA2;XRCC1;XPC;SMC6;APTX;FANCG;DDB2;DDB1;ERCC3;ERCC4;POLD1;ERCC1;RPA3;CRY2;ERCC2;RBBP8;RPS3;NBN;CUL4B,3351
complex_genes,SE,GO_Biological_Process_2023,RNA Metabolic Process (GO:0016070),40/111,9.234233235767773e-6,2.82081495314381,39.86358632151322,RNASEH2C;RNASEH2B;RNASEH2A;TP53RK;DHX9;DIS3L;DDX20;HNRNPU;NOL9;LAGE3;EXOSC7;SYNCRIP;EXOSC6;EXOSC5;EXOSC10;EXOSC4;PABPN1;EXOSC9;EXOSC8;MTREX;EXOSC3;EXOSC2;EXOSC1;PNPT1;NCBP1;DIS3;THOC1;DNTTIP2;DICER1;SUPV3L1;PRPF4;SNRNP40;DDX39B;AGO3;DKC1;AGO4;AGO1;AGO2;HNRNPD;MPHOSPH10,3351
complex_genes,SE,GO_Biological_Process_2023,Mitotic Cell Cycle Phase Transition (GO:0044772),40/111,9.234233235767773e-6,2.82081495314381,39.86358632151322,CUL3;CCNF;CUL2;CUL1;FOXM1;GSPT1;CCNB3;CCNB2;CCND3;CCNB1;CCND2;CDC23;CCND1;MYC;CDC27;E2F1;E2F3;POLE;EIF4E;FBXL15;CCNA2;CUL4A;CCNA1;CDK6;CCNE2;CCNY;CCNE1;CDK4;CDK3;CDK2;CDK1;CHMP2A;CHMP4A;CDK14;CHMP7;ANAPC1;FBXL7;TAF2;ANAPC2;CUL4B,3351
complex_genes,SE,GO_Biological_Process_2023,Regulation Of Chromatin Organization (GO:1902275),16/27,9.476819320950619e-6,7.256589886874744,102.34098975397114,PHF20;MCRS1;SETD1A;MSL2;HNRNPU;MSL3;SSRP1;HCFC1;MSL1;LSM11;KANSL1;KANSL2;KANSL3;WDR5;KAT8;OGT,3351
complex_genes,SE,GO_Biological_Process_2023,COPII Vesicle Coating (GO:0048208),13/19,9.944957364744994e-6,10.802826043539046,151.7119349205661,TRAPPC2;TRAPPC3;TRAPPC1;TRAPPC2L;CUL3;TRAPPC4;TRAPPC5;TRAPPC2B;KLHL12;TRAPPC8;TRAPPC6A;TRAPPC12;TRAPPC11,3351
complex_genes,SE,GO_Biological_Process_2023,rRNA Catabolic Process (GO:0016075),13/19,9.944957364744994e-6,10.802826043539046,151.7119349205661,ZCCHC7;DIS3;DIS3L;EXOSC7;EXOSC6;EXOSC5;EXOSC10;EXOSC4;XRN1;EXOSC9;EXOSC8;EXOSC3;EXOSC2,3351
complex_genes,SE,GO_Biological_Process_2023,snRNA Processing (GO:0016180),13/19,9.944957364744994e-6,10.802826043539046,151.7119349205661,INTS11;INTS12;INTS13;INTS14;INTS3;INTS10;INTS2;INTS5;INTS4;INTS7;INTS6;INTS9;INTS8,3351
complex_genes,SE,GO_Biological_Process_2023,"Vesicle Targeting, Rough ER To cis-Golgi (GO:0048207)",13/19,9.944957364744994e-6,10.802826043539046,151.7119349205661,TRAPPC2;TRAPPC3;TRAPPC1;TRAPPC2L;CUL3;TRAPPC4;TRAPPC5;TRAPPC2B;KLHL12;TRAPPC8;TRAPPC6A;TRAPPC12;TRAPPC11,3351
complex_genes,SE,GO_Biological_Process_2023,Exonucleolytic Catabolism Of Deadenylated mRNA (GO:0043928),10/12,1.0003922854471873e-5,24.9131996408261,349.1762941069814,EXOSC7;EXOSC5;CNOT7;DIS3;EXOSC9;EXOSC8;CNOT8;EXOSC3;EXOSC2;DCP2,3351
complex_genes,SE,GO_Biological_Process_2023,Positive Regulation Of DNA-directed DNA Polymerase Activity (GO:1900264),10/12,1.0003922854471873e-5,24.9131996408261,349.1762941069814,GINS1;RFC5;GINS2;RFC3;PCNA;RFC4;POLG2;RFC2;GINS3;GINS4,3351
complex_genes,SE,GO_Biological_Process_2023,Protein Insertion Into Mitochondrial Inner Membrane (GO:0045039),10/12,1.0003922854471873e-5,24.9131996408261,349.1762941069814,TIMM10B;TIMM8B;NDUFA13;TRMT10B;TIMM29;TIMM9;TIMM13;ROMO1;TIMM22;TIMM10,3351
complex_genes,SE,GO_Biological_Process_2023,Regulation Of DNA-directed DNA Polymerase Activity (GO:1900262),10/12,1.0003922854471873e-5,24.9131996408261,349.1762941069814,GINS1;RFC5;GINS2;RFC3;PCNA;RFC4;POLG2;RFC2;GINS3;GINS4,3351
complex_genes,SE,GO_Biological_Process_2023,Regulation Of DNA-templated DNA Replication Initiation (GO:0030174),10/12,1.0003922854471873e-5,24.9131996408261,349.1762941069814,MCIDAS;MCM7;GMNN;MCM3;MCM4;KAT7;MCM5;MCM6;NBN;MCM2,3351
complex_genes,SE,GO_Biological_Process_2023,Regulation Of Chromosome Separation (GO:1905818),10/12,1.0003922854471873e-5,24.9131996408261,349.1762941069814,NCAPH2;CSNK2A2;NCAPG2;TPR;NCAPG;NCAPD2;NCAPD3;SMC4;NCAPH;SMC2,3351
complex_genes,SE,GO_Biological_Process_2023,snRNA Transcription (GO:0009301),10/12,1.0003922854471873e-5,24.9131996408261,349.1762941069814,SNAPC5;ELL;ICE1;SNAPC1;ICE2;SNAPC3;SNAPC4;ZC3H8;ELL2;ELL3,3351
complex_genes,SE,GO_Biological_Process_2023,tRNA 5'-Leader Removal (GO:0001682),10/12,1.0003922854471873e-5,24.9131996408261,349.1762941069814,POP5;POP7;POP4;PRORP;RPP30;RPP40;RPP21;RPP14;RPP25;RPP38,3351
complex_genes,SE,GO_Biological_Process_2023,TORC1 Signaling (GO:0038202),9/10,1.0562852434912955e-5,44.833034111310596,625.3212848624426,RPTOR;NPRL3;MLST8;LAMTOR2;LAMTOR1;LAMTOR4;LAMTOR3;MTOR;LAMTOR5,3351
complex_genes,SE,GO_Biological_Process_2023,Cardiac Muscle Cell Membrane Repolarization (GO:0099622),9/10,1.0562852434912955e-5,44.833034111310596,625.3212848624426,KCNH2;KCNJ5;KCNE1;KCND3;KCNIP2;KCNQ1;ATP1B1;KCNJ2;KCNJ3,3351
complex_genes,SE,GO_Biological_Process_2023,Endosomal Vesicle Fusion (GO:0034058),9/10,1.0562852434912955e-5,44.833034111310596,625.3212848624426,VPS18;VPS33A;TGFBRAP1;VPS41;VPS4A;VPS8;VPS11;VPS39;VPS16,3351
complex_genes,SE,GO_Biological_Process_2023,Nuclear RNA Surveillance (GO:0071027),9/10,1.0562852434912955e-5,44.833034111310596,625.3212848624426,EXOSC7;EXOSC6;EXOSC5;EXOSC10;EXOSC4;XRN1;WDR82;EXOSC9;EXOSC8,3351
complex_genes,SE,GO_Biological_Process_2023,"Regulation Of Nuclear-Transcribed mRNA Catabolic Process, Nonsense-Mediated Decay (GO:2000622)",9/10,1.0562852434912955e-5,44.833034111310596,625.3212848624426,APOBEC1;NBAS;RBM8A;EIF4A3;MAGOH;CASC3;PABPC1;MAGOHB;HNRNPAB,3351
complex_genes,SE,GO_Biological_Process_2023,Response To UV (GO:0009411),37/100,1.0730852167485581e-5,2.9393434299891754,40.943020937259995,PCNA;KDM1A;TENT4A;CCAR2;AURKB;RELA;YY1;CASP9;CCND1;MYC;RUVBL2;POLD1;USP1;IL12A;BAK1;MEN1;NSMCE3;METTL3;INO80;GTF2H2;EIF2S1;USF1;RBX1;DDB2;MSH6;DDB1;CUL4A;MSH2;ERCC3;ERCC4;CAT;ERCC8;RPL26;ATF4;ATR;CUL4B;TAF1,3351
complex_genes,SE,GO_Molecular_Function_2023,"RNA Exonuclease Activity, Producing 5'-Phosphomonoesters (GO:0016896)",17/30,1.1050610959969935e-5,6.525125744081953,91.50669014293719,PNPT1;DIS3;CPSF3;DIS3L;POLRMT;EXOSC7;PAN2;EXOSC5;EXOSC10;EXOSC4;CNOT7;XRN1;EXOSC9;EXOSC3;CNOT8;EXOSC2;DCP2,3351
complex_genes,SE,GO_Molecular_Function_2023,GABA-gated Chloride Ion Channel Activity (GO:0022851),10/12,1.1050610959969935e-5,24.9131996408261,349.1762941069814,GABRA2;GABRB3;GABRB2;GABRB1;GABRA6;GABRA5;GABRA4;GABRA3;GABRG3;GABRG2,3351
complex_genes,SE,GO_Molecular_Function_2023,Platelet-Derived Growth Factor Receptor Binding (GO:0005161),10/12,1.1050610959969935e-5,24.9131996408261,349.1762941069814,PDGFRB;PDGFRA;IL1R1;ITGB3;PDGFD;PDGFC;PDGFB;PDGFA;ITGA5;VEGFA,3351
complex_genes,SE,GO_Cellular_Component_2023,Lysosome (GO:0005764),124/503,1.1073112270017231e-5,1.6495711890030769,20.90566281087643,AP1S2;AP1S1;VPS35;AP1S3;AP5S1;VPS39;AP2M1;CUBN;VPS18;SZT2;SLC30A2;VPS33A;VPS33B;AP1B1;ATP11C;TSC2;ATP11A;AP5B1;RRAGA;RRAGC;RRAGB;HGS;LARS1;KCNQ1;RRAGD;CHMP4C;PHIP;CHMP4A;UBA52;ATP6V1A;KCNE1;SEH1L;CALCRL;KCNE2;NPRL2;NPRL3;VPS26A;BCL10;NCSTN;SNX1;AP5M1;SNX2;BLOC1S1;MYO6;VPS11;ATP6V0A2;ATP6V1H;ATP6V0A4;ATP6V1D;AP1M2;VPS16;AP1M1;ATP6V0A1;SNX6;UVRAG;HSPA8;WDR59;HPS1;HPS4;KLHL22;HPS6;GRIN2B;GNPTG;CHMP2B;GNB1;CHMP2A;SDC1;TECPR1;HEXB;HEXA;WDR41;PCSK9;TCIRG1;BBC3;RPTOR;FLCN;AP1G1;CHMP1B;RB1CC1;CHMP1A;UBXN6;CTSB;HSP90AA1;ATP6V0B;SEC13;ANXA2;MIOS;ATP6AP2;AP3B1;ITFG2;VAMP8;VAMP7;COL6A1;CHMP3;DEPDC5;KPTN;CHMP6;ATP6V0C;CHMP7;CHMP5;RAMP2;RAMP3;AHNAK;STX17;VPS4A;ATP10B;WDR24;GNAI1;AP3M1;CXCR2;FNIP1;LDLR;KICS2;AP3D1;MTOR;RMC1;CLCN7;OSTM1;VPS41;LAMTOR2;LAMTOR1;LAMTOR4;LAMTOR3;LAMTOR5,3351
complex_genes,SE,GO_Biological_Process_2023,Mitotic DNA Damage Checkpoint Signaling (GO:0044773),25/56,1.1423673401390172e-5,4.029348437530309,55.863124168802514,MUS81;ATF2;BLM;PRKDC;BRCA1;BABAM1;BABAM2;FZR1;CCND1;EME1;EME2;UIMC1;NBN;TOPBP1;CDK5RAP3;TIPIN;HUS1;RPA2;FBXO31;RINT1;FANCD2;CDK2;CDK1;RAD17;RAD9A,3351
complex_genes,SE,GO_Cellular_Component_2023,GABA-A Receptor Complex (GO:1902711),12/18,1.1500249326978132e-5,9.968852949985026,125.87774865149122,GABRA2;GABRB3;GABRQ;GABRB2;GABRB1;GABRA6;GABRA5;GABRA4;GABRA3;GABRG3;GABRD;GABRG2,3351
complex_genes,SE,GO_Molecular_Function_2023,Histone H4K12 Acetyltransferase Activity (GO:0043997),9/10,1.1626954542225742e-5,44.833034111310596,625.3212848624426,ING4;BRPF1;ING3;MEAF6;BRPF3;KAT6A;JADE1;KAT7;JADE2,3351
complex_genes,SE,GO_Molecular_Function_2023,Cytokine Receptor Binding (GO:0005126),37/100,1.1646321245757995e-5,2.9393434299891754,40.943020937259995,IFNA5;IL21;IL22;IL1RN;IL20;CSF1;TGFBRAP1;IL1RAP;IFNA8;TIMM50;PYCARD;SDCBP;IFNL1;IL12A;FADD;JAK2;IFNA21;JAK1;SMAD2;IL10;IL11;IFNA14;SMAD3;IFNB1;IL37;IL34;ERAP1;IL18;TYK2;IFNW1;IL2;VEGFA;IL4;IL3;IL6;TRAF6;IL6ST,3351
complex_genes,SE,GO_Biological_Process_2023,Mitotic G2/M Transition Checkpoint (GO:0044818),22/46,1.1971706574126135e-5,4.577826174026234,63.228262427355126,BARD1;BLM;INTS3;HUS1;BRCA1;INIP;BABAM1;BABAM2;RINT1;FZR1;RAD50;ORC1;UIMC1;RBBP8;CDK1;NABP2;NABP1;RAD17;NAE1;NBN;TOPBP1;CDK5RAP3,3351
complex_genes,SE,GO_Biological_Process_2023,Vacuolar Transport (GO:0007034),22/46,1.1971706574126135e-5,4.577826174026234,63.228262427355126,BECN1;PIK3R4;AP3D1;VPS37C;PCSK9;VPS37D;VPS37A;VPS37B;VPS51;AP1G1;CHMP1B;VPS53;CHMP1A;VPS52;VPS8;CHMP2B;VPS41;CHMP2A;VPS54;CHMP3;VIPAS39;CHMP7,3351
complex_genes,SE,GO_Biological_Process_2023,Import Into Nucleus (GO:0051170),30/74,1.2185630722968734e-5,3.409090909090909,47.01640421598947,POM121;NUP107;NXT1;NUP188;NXT2;PHB2;BACH2;NUP85;NUP62;TPR;KPNA6;KPNA7;KPNA4;E2F3;NUP88;KPNA5;KPNA2;KPNA3;KPNA1;NUP214;SEC13;NUP133;NUP155;STAT3;TSC2;NUP153;SNUPN;NUP93;NUP50;KPNB1,3351
complex_genes,SE,GO_Cellular_Component_2023,ESC/E(Z) Complex (GO:0035098),7/7,1.2400113184618353e-5,116543,1458023.9762207326,SUZ12;HDAC2;RBBP4;EED;RBBP7;EZH1;EZH2,3351
complex_genes,SE,GO_Cellular_Component_2023,RISC-loading Complex (GO:0070578),7/7,1.2400113184618353e-5,116543,1458023.9762207326,AGO3;AGO4;DHX9;PRKRA;AGO2;DICER1;TARBP2,3351
complex_genes,SE,GO_Cellular_Component_2023,U6 snRNP (GO:0005688),7/7,1.2400113184618353e-5,116543,1458023.9762207326,LSM8;LSM7;LSM6;LSM5;LSM4;LSM3;LSM2,3351
complex_genes,SE,GO_Cellular_Component_2023,"Mitochondrial Proton-Transporting ATP Synthase Complex, Coupling Factor F(o) (GO:0000276)",7/7,1.2400113184618353e-5,116543,1458023.9762207326,ATP5PD;ATP5PB;ATP5MGL;ATP5MC2;ATP5PO;ATP5MC3;ATP5MG,3351
complex_genes,SE,GO_Cellular_Component_2023,Voltage-Gated Sodium Channel Complex (GO:0001518),7/7,1.2400113184618353e-5,116543,1458023.9762207326,SCN8A;SCN4A;SCN5A;SCN3B;SCN4B;SCN1B;SCN2B,3351
complex_genes,SE,GO_Biological_Process_2023,Protein Modification Process (GO:0036211),168/711,1.2804463431491195e-5,1.5655268059077663,21.508822628184674,CSF2;CCNT1;TP53RK;MAML1;JADE1;F13A1;JADE3;PLAT;JADE2;FBXO22;DCAF1;PPP1CB;GOLGA2;PPP1CC;STK11;PPP4R1;TBK1;PPP4R2;PPP2R1A;KAT7;BTRC;PRKCI;COG7;CSNK2A1;DAPK1;FBXW11;FBXO2;CSNK2A2;COG3;KRT1;PPP4R3A;PPP4R3B;ATG14;ATG13;PHKA2;PRKAB1;FBXO11;ATG12;FBXW2;RBX1;CCNE1;CSNK2B;ULK1;UBA52;MEAF6;RPN2;PRKDC;PDGFB;PIK3R4;CDCA8;CSF2RB;PRKCZ;CSF2RA;TIMM50;PPP3R1;PPP3R2;IRAK1;ATG101;ATG5;PLK4;UVRAG;CDK19;UBE2I;FN1;CDK9;CDK8;TBCK;CDK6;COPS5;CDK5;ATG16L2;CDK4;ATG16L1;CDK3;COPS2;CDK2;CDK1;STT3A;UBA3;CDK10;TAF4B;F13B;FBXL2;STT3B;TAB1;COPS8;CDK14;CDK16;ATR;PIGS;GSK3B;SMG1;GSK3A;PIGT;GPAA1;PRKAG1;PTEN;PRKAG2;PIK3CD;ILK;PRKAG3;IKBKB;ING4;GMPPB;ING5;PPP3CA;PPP3CB;PPP3CC;RB1CC1;JAK2;IKBKE;JAK1;PARP4;TBP;CHUK;STRADA;STRADB;BAZ1B;RABGGTB;RABGGTA;YWHAZ;DDOST;TGFBR1;TGFBR2;CCNA2;CREB1;INCENP;DAD1;MYOD1;PIGK;RARA;BIRC5;PFDN1;PIK3C3;PIGH;BECN1;PRKAA1;CSTA;PRKAA2;TAF9;THBS1;AURKB;RNF2;PPP2CA;PDPR;FNIP2;FKTN;UBL4A;TAF12;CSNK1A1;TAF13;MCRS1;GAD1;TAF10;TAF11;KRT10;MTOR;PPP1CA;PDP1;COL3A1;TAF8;TAF7;TAF6;TAF5;TAF4;TAF3;TAF2;TAF1,3351
complex_genes,SE,GO_Biological_Process_2023,Positive Regulation Of Protein Metabolic Process (GO:0051247),60/196,1.2804463431491195e-5,2.2136575687704436,30.40821079666227,RPL5;GSK3B;NDUFA13;GSK3A;CSF1;FAF1;FMR1;EIF4A3;NAT10;DCAF1;RPS4X;METTL14;CASP8;VPS35;BTRC;APC2;HSP90AA1;CSNK2A1;FBXW11;METTL3;IL18;AXIN1;RBX1;DDB1;RPL26;AURKAIP1;VPS28;VCP;HDAC2;PRKDC;POLDIP3;BCL10;THBS1;FXR1;FXR2;VPS11;METTL5;FADD;BAK1;BARD1;BAD;NR1H2;CARD9;NR1H3;RANBP9;SNF8;MTOR;CUL4A;IL6;ABCB10;APC;AGO2;HNRNPD;IL17F;EIF3E;EIF3C;EIF4G3;OGT;EIF3D;EIF4G1,3351
complex_genes,SE,GO_Biological_Process_2023,Negative Regulation Of Gene Expression (GO:0010629),91/336,1.280482121486238e-5,1.8689921121822963,25.668676363706258,RB1;CREBZF;GSK3B;CXCL8;FMR1;EIF4A3;IFNA2;CHD4;YBX1;BMI1;CD3E;YY1;SYNCRIP;FLCN;CHMP1A;ENC1;RACK1;EPC1;ITGB8;EMILIN1;TRIM27;HRAS;RPS13;IL10;CSNK2A1;DAPK1;FBXW7;METTL3;RPL13A;TSC1;DICER1;PPHLN1;SIRT1;TERF2;FOXP3;FOXP1;RBL2;KAT2B;SLC7A5;MYCN;RBL1;IFNG;PPARG;SMCR8;PABPC1;EIF4E2;GAPDH;DCP2;YAP1;DDX6;PRKAA1;NOTCH1;PRKAA2;HDAC1;PDGFB;HIF1A;MRPL13;GIGYF2;FXR1;FXR2;TERT;PDCD10;DDRGK1;TASOR;RPS3;IGF2BP1;VHL;PNPT1;SMAD3;NOS2;STAT3;CNOT10;LSM5;ESR1;VEGFA;LSM2;RPS26;CNOT7;LSM6;AGO3;EPRS1;AGO4;CNOT1;AGO2;REL;MPHOSPH8;CNOT9;EZH2;PHF19;TAF1;TNRC6B,3351
complex_genes,SE,GO_Molecular_Function_2023,Cyclin-Dependent Protein Serine/Threonine Kinase Regulator Activity (GO:0016538),22/46,1.2883099481507574e-5,4.577826174026234,63.228262427355126,CCNK;CCNT1;CCNH;CCNF;CCNC;CCNB3;CCNA2;CCNB2;KAT2B;CCNB1;CCND3;CCND2;CCND1;CCNE2;CCNY;CCNE1;CDK4;CCNL2;CCNQ;CDK5R2;CDK5R1;MCM2,3351
complex_genes,SE,GO_Cellular_Component_2023,Amphisome (GO:0044753),9/11,1.3660675749948353e-5,22.41517055655296,278.0772648443051,CHMP1B;CHMP2B;CHMP2A;CHMP4C;CHMP3;CHMP4A;CHMP6;CHMP7;CHMP5,3351
complex_genes,SE,GO_Molecular_Function_2023,Single-Stranded DNA Helicase Activity (GO:0017116),14/22,1.4047322590771047e-5,8.726925382079711,119.63809250939485,RFC5;RFC3;RFC4;MCM7;DHX9;MCM8;RFC2;MCM9;RAD51;MCM3;MCM4;MCM5;MCM6;MCM2,3351
complex_genes,SE,GO_Biological_Process_2023,Regulation Of Protein Ubiquitination (GO:0031396),40/113,1.4557853252785731e-5,2.7432013669668973,37.31583216139148,GSK3B;GSK3A;PAXIP1;HSP90AB1;UBXN1;KDM1A;CUL3;MYCBP2;DERL1;BCL10;BRCA1;MALT1;UFL1;U2AF2;FBXO4;RPS3;WASHC1;CDK5RAP3;FANCI;HSP90AA1;CENPX;FBXW7;NSMCE3;AXIN1;COMMD1;KLHL40;FBXO33;TGFBR1;PER2;TRAF6;TBC1D7;UBE2N;CRY1;SPOPL;CTNNB1;OGT;VPS28;BIRC2;BIRC3;CENPS,3351
complex_genes,SE,GO_Cellular_Component_2023,Basement Membrane (GO:0005604),21/46,1.492785846044898e-5,4.193441441441442,51.617430123544615,LAMA5;COL15A1;LAMA2;LAMA1;LAMB2;LAMA4;COL23A1;TNC;CASK;LAMB1;LAMC1;NID1;USH2A;THBS4;COL4A2;COL4A1;COL4A4;COL4A3;COL4A6;COL8A2;COL4A5,3351
complex_genes,SE,GO_Biological_Process_2023,Regulation Of Ubiquitin Protein Ligase Activity (GO:1904666),12/17,1.5129657293582932e-5,11.963342318059299,162.21392152375026,CDC20;MAD2L2;RPL5;FZR1;RPS7;RPL11;PTEN;FBXO5;BTRC;RPL17;MAD2L1;SKP1,3351
complex_genes,SE,GO_Biological_Process_2023,Ribosomal Small Subunit Assembly (GO:0000028),12/17,1.5129657293582932e-5,11.963342318059299,162.21392152375026,RPS15;RRP7A;RPS14;RPS28;RPS19;PRKDC;XRCC5;MRPS11;RPS5;RPSA;MRPS7;PWP2,3351
complex_genes,SE,GO_Biological_Process_2023,Negative Regulation Of TORC1 Signaling (GO:1904262),15/25,1.5705864426296405e-5,7.481564748201439,101.1451891060489,SEC13;SZT2;SEH1L;WDR59;MIOS;NPRL2;NPRL3;KICS2;CASTOR1;WDR24;ITFG2;STK11;CASTOR2;DEPDC5;KPTN,3351
complex_genes,SE,GO_Biological_Process_2023,Ribosome Assembly (GO:0042255),23/50,1.572262808150295e-5,4.254651887464387,57.493029577959135,RPL5;RPL10;MRPS11;RPS5;RPL10L;RPLP0;RPL11;MTERF4;MRPS2;RPSA;RPL23A;PWP2;MRPS7;EIF2S1;RPL6;MRPL22;RPS15;RRP7A;RPS14;MRPL20;RPS28;RPS19;MDN1,3351
complex_genes,SE,GO_Biological_Process_2023,tRNA Processing (GO:0008033),23/50,1.572262808150295e-5,4.254651887464387,57.493029577959135,POP7;TRMT10C;POP1;METTL1;KARS1;RPP30;ELAC2;DDX1;RTCB;WDR4;RPP40;ZBTB8OS;C2ORF49;TRNT1;TSEN2;ELP5;TSEN54;OSGEP;QTRT1;RPP21;FAM98B;FAM98A;RTRAF,3351
complex_genes,SE,GO_Biological_Process_2023,Positive Regulation Of T Cell Differentiation (GO:0045582),27/64,1.613766041668273e-5,3.646892379744365,49.1759079639033,SMARCD1;SMARCD2;SMARCB1;SMARCD3;LEF1;AMBRA1;FOXO3;GLI3;GLI2;SART1;KAT5;ARID2;BRD7;SMARCE1;PBRM1;SMARCC1;XBP1;SMARCC2;ACTL6B;PHF10;ACTL6A;ARID1A;ARID1B;FOXP3;SMARCA2;SMARCA4;IL4,3351
complex_genes,SE,GO_Biological_Process_2023,Signal Transduction In Response To DNA Damage (GO:0042770),25/57,1.65017913048559e-5,3.9031964070956104,52.53480478719238,PAXIP1;MRPL36;PRPF19;CASP9;UFL1;MYO6;E2F1;FBXO6;NBN;BID;ATRIP;HUS1;CDC5L;BATF;MAD2L2;ERCC4;RPA4;CRY1;RAD17;INTS7;MDM4;ERCC6;CLOCK;ATR;RAD9A,3351
complex_genes,SE,GO_Biological_Process_2023,Negative Regulation Of G2/M Transition Of Mitotic Cell Cycle (GO:0010972),16/28,1.702938189984428e-5,6.6514742628685655,89.29856702857153,BARD1;INTS3;VPS4A;BRCA1;AURKB;INIP;BABAM1;BABAM2;RAD50;UIMC1;RBBP8;CHMP4C;NABP2;NABP1;NBN;CDK5RAP3,3351
complex_genes,SE,GO_Biological_Process_2023,Positive Regulation Of Transcription By RNA Polymerase I (GO:0045943),18/34,1.705148997281648e-5,5.614198919891989,75.35101700500033,UTP15;SMARCB1;PIH1D1;HEATR1;MARS1;SMARCA5;DDX21;WDR75;DEK;BAZ1B;WDR43;MTOR;SMARCA4;MYBBP1A;ERCC6;NOL11;SF3B1;ATF4,3351
complex_genes,SE,GO_Biological_Process_2023,B Cell Proliferation (GO:0042100),17/31,1.7398092005201582e-5,6.058681120918673,81.17916491363766,IFNA5;IL10;IFNA4;IFNA7;IFNA6;IFNA14;IFNA1;IFNA16;IFNB1;IFNA17;IFNA2;IFNA8;IFNW1;IFNE;IFNK;IFNA21;IFNA10,3351
complex_genes,SE,GO_Biological_Process_2023,Positive Regulation Of Cytokine Production (GO:0001819),87/320,1.7849097223178345e-5,1.8779348649330978,25.109237351492915,IL21;FCN1;PHB1;CSF2;IL26;SERPINE1;PIK3CD;BRCA1;PIK3CG;PYCARD;TBK1;CASP1;IL12A;TRIM27;JAK2;IKBKE;MAP3K7;MBL2;IL10;TICAM2;IL1R1;IL15;IL13;IL18;ARNT;SCRIB;CYBA;TRAF2;TYK2;TICAM1;IL17RA;FOXP1;TLR1;IL1A;SLC7A5;KAT2A;IFNG;TRAF3;DDIT3;TRAF6;RARA;CHI3L1;TLR6;LTB;IL6ST;TLR4;GAPDH;CARD11;ATF4;TLR2;CSF1R;CEBPB;DHX9;EBI3;CEBPG;BCL10;HIF1A;PRKCZ;TANK;RELA;MALT1;IFNL1;IRAK1;RPS3;NLRP3;RIPK1;TNFRSF14;FADD;IL12RB2;IL33;XBP1;NOS2;CARD9;STAT3;IL2;BATF;SOD1;IL4;IL6;MAVS;CD4;STING1;IL17F;IL18R1;MYD88;IL17A;LAMTOR5,3351
complex_genes,SE,GO_Molecular_Function_2023,3'-5'-RNA Exonuclease Activity (GO:0000175),18/34,1.843037830634691e-5,5.614198919891989,75.35101700500033,CNOT6L;PNPT1;DIS3;DIS3L;POLRMT;EXOSC7;PAN2;EXOSC5;CNOT6;EXOSC10;EXOSC4;CNOT7;CNOT1;EXOSC9;CNOT2;EXOSC3;CNOT8;EXOSC2,3351
complex_genes,SE,GO_Molecular_Function_2023,Voltage-Gated Calcium Channel Activity (GO:0005245),22/47,1.9352839460269432e-5,4.394448783418444,58.67672238012979,CATSPER1;RYR1;CATSPER3;CATSPER4;CACNA1C;PKD2;CACNB1;CACNB2;CACNB3;SCN10A;CACNB4;SCN11A;SCN8A;SCN9A;SCN7A;ITGAV;SCN4A;CACNA1S;SCN5A;SCN2A;SCN3A;SCN1A,3351
complex_genes,SE,GO_Molecular_Function_2023,Methylation-Dependent Protein Binding (GO:0140034),28/68,1.9352839460269432e-5,3.4987360818537465,46.67809645742529,L3MBTL1;L3MBTL2;FMR1;PHF1;NCAPG2;CXXC1;SGF29;ING1;RRP8;ING4;MBTD1;ING5;ING2;ING3;WDR5;BPTF;CBX8;SUZ12;CBX6;CBX3;CBX2;MSL3;MSH6;ZZZ3;MTF2;NCAPD3;MPHOSPH8;PHF19,3351
complex_genes,SE,GO_Biological_Process_2023,Negative Regulation Of Autophagy (GO:0010507),26/61,1.961221997241756e-5,3.711828141783029,49.2704744773533,GOLGA2;RPTOR;SNRNP70;MLST8;TRIM27;VHL;WASHC1;EIF4E;MCL1;IL10;IL10RA;STAT3;KLHL22;TSC1;MTOR;RRAGA;PIK3CA;RRAGC;RRAGB;RRAGD;BCL2;TAB3;SMCR8;TAB2;EIF4G3;EIF4G1,3351
complex_genes,SE,GO_Cellular_Component_2023,Collagen-Containing Extracellular Matrix (GO:0062023),96/373,2.000395728251921e-5,1.743179889866742,20.93294010335903,FCN1;COL18A1;FCN2;FCN3;COL16A1;COL14A1;COL12A1;SERPINE1;IFNA2;TNC;F13A1;PLAT;LAMC2;LAMC1;COMP;LGALS1;TNN;COL10A1;TNR;EMILIN2;EMILIN1;CTSB;FGB;FGA;COL27A1;ANXA2;COL25A1;COL23A1;KRT1;FGG;CASK;CCNA2;COL2A1;COL4A2;MMRN1;COL4A1;COL4A4;COL6A2;COL4A3;COL6A1;MMRN2;COL8A2;MATN1;COL4A6;COL8A1;COL21A1;COL4A5;COL6A3;MATN4;S100A9;MATN3;S100A8;MATN2;C1QB;COL17A1;C1QA;LAMA5;COL15A1;TNXB;COL13A1;LAMA2;LAMA1;COL11A1;LAMA4;COL11A2;PDGFB;CFP;NID1;THBS2;THBS1;COL19A1;THBS4;THBS3;LMAN1;VTN;S100A10;COL28A1;COL26A1;COL24A1;LAMB3;LAMB2;FN1;LAMB1;USH2A;COL1A1;COL3A1;COL1A2;COL5A1;COL5A3;COL7A1;COL5A2;COL9A1;COL20A1;COL9A3;COL9A2;C1QC,3351
complex_genes,SE,GO_Biological_Process_2023,Positive Regulation Of Signal Transduction (GO:0009967),75/266,2.1227235158858053e-5,1.9727000747943155,26.02431412371753,PHB1;SMARCB1;THRB;ITGB3;PTEN;ILK;LAMC1;RBPJ;GLI1;PKD2;CDC73;ING5;VPS35;ITGAV;JAK2;PRKCI;CSNK2A1;PIH1D1;ATP6AP2;ARNT;SIRT1;UCHL5;TGFBR1;PHIP;ITGB1BP1;UBE2V1;ITGA5;IL6ST;ATP6V0C;GAS8;TLR2;YAP1;NLGN1;TNXB;LAMA2;LAMA1;NRXN1;LY96;PIK3R1;NID1;HIF1A;PRKCZ;RXRB;VTN;GRIN2A;RELN;RXRA;TERT;PDCD10;RPS3;FLNA;BAK1;SNX5;XBP1;CRADD;CRBN;IFNB1;LAMB2;STAT3;LAMB1;GRIN2C;GRIN2B;GRIN2D;SMARCA4;GRIN1;VEGFA;ASXL1;IL6;SNW1;DLG4;DLG5;UBE2N;BAX;LIMS2;LIMS1,3351
complex_genes,SE,GO_Biological_Process_2023,Lymphocyte Differentiation (GO:0030098),34/91,2.1416058507828258e-5,2.9837149400483423,39.32784898264895,IFNA5;ITGB1;IFNA4;IFNA7;IFNA6;IFNA1;IFNA2;CEBPG;PIK3CD;PIK3R3;PIK3R2;PIK3R1;IFNA8;RELB;DCAF1;NFIL3;KAT7;FNIP1;IFNA21;IL10;IL11;IFNA14;ITGA4;IFNA16;IFNB1;IFNA17;IFNW1;IL2;IL4;CD4;MSH2;IFNE;IFNK;IFNA10,3351
complex_genes,SE,GO_Biological_Process_2023,Late Endosome To Vacuole Transport (GO:0045324),13/20,2.172681249914869e-5,9.25900881622871,121.86118395112628,VPS4B;VPS4A;PIK3R4;CHMP1B;CHMP1A;CHMP2B;CHMP2A;CHMP4C;CHMP3;CHMP4A;CHMP6;CHMP7;CHMP5,3351
complex_genes,SE,GO_Biological_Process_2023,protein-DNA Complex Disassembly (GO:0032986),13/20,2.172681249914869e-5,9.25900881622871,121.86118395112628,SMARCE1;NFE2;SMARCD1;SMARCC1;SMARCD2;SMARCB1;SMARCC2;SMARCD3;SSRP1;SMARCA4;MYC;ARID2;RPL17,3351
complex_genes,SE,GO_Biological_Process_2023,Positive Regulation Of NF-kappaB Transcription Factor Activity (GO:0051092),49/152,2.255288142810471e-5,2.383827394988621,31.27945324633148,TRADD;IL1RAP;PYCARD;IKBKB;PIDD1;IL18RAP;IKBKG;MAP3K7;PRKCI;TICAM2;CHUK;IL18;TRAF2;TICAM1;PSMA6;AIM2;TRAF6;TRAF5;TERF2IP;RBCK1;UBE2V1;TLR6;CARD14;CLOCK;S100A9;TLR4;CARD11;S100A8;TLR2;RNF31;DHX9;BCL10;NLRC4;PRKCZ;MALT1;RELA;IRAK1;DDRGK1;IRAK2;RPS3;NLRP3;RIPK1;CARD9;STAT3;IL6;UBE2N;MYD88;IL18R1;LAMTOR5,3351
complex_genes,SE,GO_Biological_Process_2023,Protein Polyubiquitination (GO:0000209),66/226,2.2986651329698556e-5,2.0705365296803655,27.123944652344363,TRAF3IP2;FBXO28;BRCA1;PRPF19;FBXO22;DDA1;CDC23;CDC26;CDC27;FBXO4;TRIM27;BTRC;SKP2;FBXO7;FBXO9;SKP1;ANAPC7;FBXW11;TRAF2;DDB2;KLHL42;RBX1;TRAF3;TRAF6;TRAF5;UBE2V2;ANAPC4;ANAPC5;RBCK1;UBE2V1;ANAPC1;BIRC2;ANAPC2;RNF31;ANAPC13;CUL3;MYCBP2;CUL1;FBXO45;ANAPC10;ANAPC11;DCAF15;FZR1;SHARPIN;RMND5A;SPOP;PRAME;BARD1;RNF20;FBXO38;AMFR;FBXL17;KLHL3;PEX10;PEX12;KLHL20;KBTBD6;CDC16;BCL2;MDM2;UBE2N;CTNNB1;ERCC8;KBTBD7;FBXL7;TAF1,3351
complex_genes,SE,GO_Biological_Process_2023,Positive Regulation Of Autophagy (GO:0010508),38/107,2.31191418541785e-5,2.756116659448724,36.082048720138815,GSK3B;BECN1;GSK3A;PRKAA1;PRKAA2;NPRL2;NPRL3;PIK3CB;FOXO3;MEFV;WDR24;FLCN;UFL1;STK11;TBK1;KAT5;ATG101;RB1CC1;SH3BP4;IKBKG;FBXO7;MAP3K7;DAPK1;BAD;IFNB1;TSC2;TICAM1;ATG13;SIRT1;IL4;CCNY;IFNG;STING1;ULK1;DEPDC5;ATF6;PAFAH1B2;CDK16,3351
complex_genes,SE,GO_Biological_Process_2023,Regulation Of Transforming Growth Factor Beta Receptor Signaling Pathway (GO:0017015),39/111,2.31191418541785e-5,2.7111136272141705,35.48630764402715,HDAC2;HSP90AB1;SF3B3;TNXB;HDAC1;ARID4A;ARID4B;ING1;THBS1;SDCBP;FLCN;STK11;ING2;RBBP4;SIN3A;SAP30L;NKX2-1;EMILIN1;SUDS3;RBBP7;MEN1;SNX6;SMAD2;SMAD4;SMAD3;ITGA3;TET1;SIRT1;SAP30;BRMS1;SNW1;GIPC1;BRMS1L;STRAP;PPARG;IL17F;SINHCAF;OGT;PALS1,3351
complex_genes,SE,GO_Cellular_Component_2023,Vesicle Coat (GO:0030120),18/37,2.324602040837561e-5,4.72689374200578,56.01573552537576,COPB2;COPA;SEC13;SEC24B;SEC24A;SAR1A;SAR1B;COPB1;COPZ2;KLHL12;COPZ1;COPG2;COPG1;SEC24D;SEC24C;SEC31B;COPE;SEC31A,3351
complex_genes,SE,GO_Biological_Process_2023,Regulation Of Heart Rate By Cardiac Conduction (GO:0086091),20/41,2.345418222629327e-5,4.754185072407829,62.14820440010496,HCN4;KCNH2;HCN3;KCNJ5;KCNE1;KCNE2;KCND3;CACNA1C;CACNB2;BIN1;KCNQ1;SCN5A;SCN3B;SCN4B;KCNJ2;SCN1B;HCN2;KCNJ3;HCN1;SCN2B,3351
complex_genes,SE,GO_Cellular_Component_2023,Clathrin Adaptor Complex (GO:0030131),12/19,2.4196982414742923e-5,8.54421768707483,100.77763267545522,AP1G1;AP1B1;AP1S2;AP2S1;AP1S1;AP2A1;AP2B1;AP1S3;AP2A2;AP1M2;AP2M1;AP1M1,3351
complex_genes,SE,GO_Cellular_Component_2023,Respiratory Chain Complex IV (GO:0045277),12/19,2.4196982414742923e-5,8.54421768707483,100.77763267545522,COX8A;COX7B;NDUFA4;COX4I1;COX7A2;UQCRC2;COX5B;COX6A1;COX6C;COX5A;COX7C;COX6B1,3351
complex_genes,SE,GO_Molecular_Function_2023,Signal Sequence Binding (GO:0005048),20/41,2.494500504020161e-5,4.754185072407829,62.14820440010496,NUP214;POM121;KCNIP2;SRP54;NUP153;TIMM22;TOMM20;SEC61A2;BABAM2;SEC61A1;KPNA6;KPNA7;KPNA4;KPNA5;KPNA2;KPNA3;AP2M1;KPNB1;NUP58;KPNA1,3351
complex_genes,SE,GO_Biological_Process_2023,Positive Regulation Of Protein Ubiquitination (GO:0031398),32/84,2.5592906054069803e-5,3.0772939022411756,39.95114615947934,GSK3B;GSK3A;PAXIP1;KDM1A;CUL3;MYCBP2;DERL1;BRCA1;BCL10;BMI1;MALT1;MTA1;FBXO4;RPS2;CDK5RAP3;FANCI;CENPX;FANCM;FBXW7;NSMCE3;AXIN1;COMMD1;KLHL40;FBXO33;RBX1;TRAF6;TBC1D7;CRY1;UBE2N;BIRC2;BIRC3;CENPS,3351
complex_genes,SE,GO_Molecular_Function_2023,Cyclin-Dependent Protein Kinase Activity (GO:0097472),14/23,2.7664992610528655e-5,7.756800852395698,100.36499599114049,CDK19;CDK9;CDK8;CDK7;CDK6;CDK5;CDK4;CDK3;CDK2;CDK1;CDK10;CDK12;CDK13;CDK14,3351
complex_genes,SE,GO_Molecular_Function_2023,Cyclin-Dependent Protein Serine/Threonine Kinase Activity (GO:0004693),14/23,2.7664992610528655e-5,7.756800852395698,100.36499599114049,CDK19;CDK9;CDK8;CDK7;CDK6;CDK5;CDK4;CDK3;CDK2;CDK1;CDK10;CDK12;CDK13;CDK14,3351
complex_genes,SE,GO_Biological_Process_2023,B Cell Activation (GO:0042113),34/92,2.7903741082328757e-5,2.932094850976682,37.805339772628855,IFNA5;ITGB1;IFNA4;IFNA7;PHB1;IFNA6;IFNA1;IFNA2;CEBPG;PIK3CD;PIK3R3;PIK3R2;PIK3R1;IFNA8;PHB2;MALT1;DCAF1;CASP8;FNIP1;IFNA21;IL10;IL11;IFNA14;ITGA4;IFNA16;IFNB1;IFNA17;IFNW1;IL4;MSH2;IFNE;IFNK;BCL2;IFNA10,3351
complex_genes,SE,GO_Biological_Process_2023,Positive Regulation Of Defense Response (GO:0031349),42/124,2.8239468488048856e-5,2.5643809565928843,33.02714878310912,IL21;RNF31;CEBPA;DHX9;TRADD;SERPINE1;NLRC4;MEFV;PYCARD;LGALS2;LGALS1;CASP1;IGF2BP1;NLRP3;EMILIN2;RIPK1;EMILIN1;FADD;NLRP1;IL33;FEM1A;IL15;IFNB1;IL18;CYBA;IL2;IL17RA;TNFRSF1A;AIM2;IFNG;POLR3B;POLR3C;POLR3D;MMRN2;IFNK;POLR3F;POLR3G;S100A9;TLR4;NAIP;S100A8;TLR2,3351
complex_genes,SE,GO_Biological_Process_2023,Nuclear Membrane Organization (GO:0071763),15/26,2.965388322100794e-5,6.801013734466972,87.24235008815252,UBXN2B;UBXN2A;VPS4B;VPS4A;NSFL1C;CHMP1B;CHMP1A;CHMP2B;CHMP2A;CHMP4C;CHMP3;CHMP4A;CHMP6;CHMP7;CHMP5,3351
complex_genes,SE,GO_Biological_Process_2023,TOR Signaling (GO:0031929),16/29,3.057305664470595e-5,6.139453350247953,78.53829918158658,PRR5;MAPKAP1;NPRL3;RPS6;MTOR;RPTOR;FLCN;MLST8;RICTOR;LAMTOR2;LAMTOR1;FNIP1;LAMTOR4;LAMTOR3;CARD11;LAMTOR5,3351
complex_genes,SE,GO_Biological_Process_2023,Protein Acetylation (GO:0006473),16/29,3.057305664470595e-5,6.139453350247953,78.53829918158658,NAA10;NAA20;GTF2B;NAA11;NAT10;SIRT1;ING4;ING5;KAT2B;KAT5;BLOC1S1;KAT6A;NAA35;NAA16;NAA15;CLOCK,3351
complex_genes,SE,GO_Biological_Process_2023,Golgi Vesicle Transport (GO:0048193),59/197,3.178170254741705e-5,2.1443045943613854,27.342386527077707,GOLGA2;AP4M1;TRAPPC12;TRAPPC11;TRAPPC13;COG8;COG7;TRAPPC2L;COG6;COG5;COG4;COG3;COG2;COG1;COPZ2;TRAPPC2B;COPZ1;TAPBP;RINT1;TRAPPC6A;VAMP7;TRAPPC6B;ZW10;EXOC5;ERGIC3;ERGIC2;COPB2;NBAS;COPA;SAR1A;STX17;SAR1B;COPB1;CUL3;KLHL12;LMAN1;SNX1;SNX2;VPS51;YKT6;SEC31A;TRAPPC2;TRAPPC3;UVRAG;SEC24B;TRAPPC1;SEC24A;TRAPPC10;TRAPPC4;TRAPPC5;TRAPPC8;TRAPPC9;ARCN1;VAPA;COPG2;COPG1;SEC24D;SEC24C;COPE,3351
complex_genes,SE,GO_Biological_Process_2023,Membrane Depolarization During Action Potential (GO:0086010),10/13,3.2836096310694204e-5,16.607802055272874,211.14560978146778,HCN4;KCNH2;CACNA1C;SCN5A;SCN3B;SCN4B;HCN2;KCNJ2;SCN1B;SCN2B,3351
complex_genes,SE,GO_Biological_Process_2023,Positive Regulation Of Protein Deacetylation (GO:0090312),10/13,3.2836096310694204e-5,16.607802055272874,211.14560978146778,ING2;NIPBL;BRMS1;FNTA;IFNG;SUV39H1;SMARCA5;BAZ2A;SIRT1;RRP8,3351
complex_genes,SE,GO_Cellular_Component_2023,Mitotic Spindle (GO:0072686),45/143,3.3116135916517014e-5,2.298835142042298,26.375406390388175,EPB41;CUL3;HNRNPU;SGF29;SKA3;PKD2;SKA1;GOLGA2;FLCN;TAF1D;HAUS8;HAUS7;CDC27;TPR;NUP62;CXCR2;MBIP;WDR5;RPS3;IKBKG;KAT14;RTRAF;IQCB1;DR1;HAUS4;KLHL22;HAUS3;HAUS6;HAUS5;DYNLL1;HAUS2;HAUS1;TBCK;KAT2B;KAT2A;TADA2A;ZZZ3;YEATS2;TFDP2;KATNBL1;CDC16;TADA3;CDK1;MAD1L1;MAD2L1,3351
complex_genes,SE,GO_Biological_Process_2023,Regulation Of Cell Death (GO:0010941),25/59,3.3557472960591824e-5,3.6731544692441016,46.61039213824259,PHB1;FAF1;VPS4B;VPS4A;HBB;HBD;TBK1;CHMP1B;CHMP1A;VPS35;HBG2;HBG1;HBE1;TSC1;AXIN2;HBA1;CHMP2B;CHMP4C;CHMP2A;CHMP3;CHMP4A;CHMP6;CHMP7;CHMP5;EIF4G1,3351
complex_genes,SE,GO_Biological_Process_2023,Establishment Of Protein Localization To Organelle (GO:0072594),32/85,3.365878213149444e-5,3.0190498388352935,38.29371210172415,RYR2;POM121;NUP107;NXT1;NUP188;NXT2;PHB2;NUP85;NUP62;TPR;KPNA6;KPNA7;KPNA4;E2F3;NUP88;KPNA5;KPNA2;KPNA3;KPNA1;NUP214;SEC13;NUP133;NUP155;IL10RA;STAT3;TSC2;SCRIB;NUP153;NUP93;NUP50;TSPAN17;KPNB1,3351
complex_genes,SE,GO_Molecular_Function_2023,Ribosome Binding (GO:0043022),32/85,3.518109779608919e-5,3.0190498388352935,38.29371210172415,NOMO3;SRP19;DHX9;CCDC47;FMR1;LTN1;SEC61A2;BAG6;SEC61A1;TMEM147;NCLN;SRP72;SEC61G;RACK1;SEC61B;NOMO1;NOMO2;PTCD3;MRPS27;CPSF6;NAA10;RPSA;SRP68;EIF2S1;TMCO1;DNAJC2;NEMF;GEMIN5;ETF1;NAA16;NAA15;EIF3C,3351
complex_genes,SE,GO_Biological_Process_2023,Vesicle-Mediated Transport (GO:0016192),105/411,3.537276133893392e-5,1.7276315948437293,21.818766878504032,WASHC4;WASHC5;WASHC2C;WASHC2A;AP1S2;AP1S1;AP1S3;AP5S1;WASHC1;VPS39;AP2M1;WASHC3;VPS18;PRKCI;VPS33A;VPS33B;AP1B1;IRAG2;TSC2;SCRIB;ATG14;AP5B1;BIN1;HGS;CHMP4C;CHMP4A;TSG101;PIK3R4;AP5M1;BLOC1S1;BLOC1S2;MYO6;NLRP5;VPS11;ATP6V1H;AP4S1;AP1M2;S100A10;VPS16;AP1M1;UVRAG;SNAPIN;CCZ1B;EXOC6B;CCZ1;SNF8;HOOK3;AP4B1;AHI1;HOOK2;HOOK1;CHMP2B;CHMP2A;IFT27;CDK16;AP4E1;DPY30;AP2A1;AP2A2;AP4M1;AP1G1;CHMP1B;CHMP1A;AP3S2;AP3S1;SNAP29;ANXA2;EXOC8;EXOC7;AKTIP;AP3B1;COMMD1;AP3B2;VAMP8;VAMP7;EXOC4;EXOC3;KXD1;CHMP3;EXOC6;PIK3C3;EXOC5;CHMP6;CHMP7;EXOC2;CHMP5;BECN1;AP5Z1;STX17;VPS4B;VPS4A;TGFBRAP1;AP3M2;AP3M1;CECR2;VPS51;FHIP1B;AP2S1;LDLR;AP3D1;AP2B1;SEPTIN9;VPS41;VIPAS39;LAMTOR1,3351
complex_genes,SE,GO_Biological_Process_2023,Cardiac Muscle Cell Contraction (GO:0086003),12/18,3.537276133893392e-5,9.968852949985026,125.87774865149122,KCNE1;KCNE2;PIK3CA;CACNA1C;SCN5A;SCN3B;FGF12;SCN4B;KCNJ2;SCN1B;SCN1A;SCN2B,3351
complex_genes,SE,GO_Biological_Process_2023,Regulation Of Protein Neddylation (GO:2000434),12/18,3.537276133893392e-5,9.968852949985026,125.87774865149122,COPS4;RPL5;COPS3;COPS6;COPS5;EPAS1;GPS1;RPL11;COPS7B;COPS7A;COPS8;HIF1A,3351
complex_genes,SE,GO_Biological_Process_2023,Cellular Response To Amino Acid Starvation (GO:0034198),20/42,3.63748028776325e-5,4.537812832619197,57.161755490092176,SZT2;SEH1L;WDR59;MIOS;NPRL2;NPRL3;KICS2;WDR24;EIF2S1;ITFG2;MTOR;FLCN;RRAGA;RRAGC;RRAGB;LARS1;RRAGD;DEPDC5;KPTN;ATF4,3351
complex_genes,SE,GO_Molecular_Function_2023,GABA-A Receptor Activity (GO:0004890),12/18,3.670978867899423e-5,9.968852949985026,125.87774865149122,GABRA2;GABRB3;GABRQ;GABRB2;GABRB1;GABRA6;GABRA5;GABRA4;GABRA3;GABRG3;GABRD;GABRG2,3351
complex_genes,SE,GO_Biological_Process_2023,Regulation Of Proteasomal Ubiquitin-Dependent Protein Catabolic Process (GO:0032434),38/109,3.695764132812916e-5,2.678156472793902,33.687101506240076,GSK3B;CEBPA;VCP;GSK3A;HSP90AB1;UBXN1;RPL11;TAF9;KEAP1;FBXO22;CCAR2;DDA1;BAG6;SDCBP;UFL1;DDRGK1;RACK1;ELOB;BBS7;ZYG11B;USP7;ZER1;CSNK1A1;AXIN1;RAD23A;AXIN2;COMMD1;KLHL40;RAD23B;UCHL5;RBX1;RYBP;GIPC1;CDK2;MDM2;EIF3H;OGT;TAF1,3351
complex_genes,SE,GO_Molecular_Function_2023,3'-5' Exonuclease Activity (GO:0008408),20/42,3.730770158265864e-5,4.537812832619197,57.161755490092176,PNPT1;DIS3;DIS3L;POLRMT;EXOSC7;PAN2;EXOSC5;RAD50;EXOSC10;EXOSC4;CNOT7;ERCC4;EXOSC9;POLD1;APLF;EXOSC3;CNOT8;EXOSC2;POLG;RAD9A,3351
complex_genes,SE,GO_Biological_Process_2023,G1/S Transition Of Mitotic Cell Cycle (GO:0000082),26/63,3.817667349919284e-5,3.510766104450315,44.0377125568407,CUL3;CUL2;CUL1;BACH1;GSPT1;CCND3;CCND2;CCND1;MYC;E2F1;E2F2;E2F3;POLE;EIF4E;CUL4A;TFDP1;CDK6;CCNE2;CDK5;CCNE1;CDK4;CDK3;CDK2;CDK14;CDK16;CUL4B,3351
complex_genes,SE,GO_Biological_Process_2023,U4 snRNA 3'-End Processing (GO:0034475),7/7,3.844615260560748e-5,116543,1458023.9762207326,EXOSC7;EXOSC6;EXOSC5;EXOSC4;EXOSC9;EXOSC8;EXOSC3,3351
complex_genes,SE,GO_Biological_Process_2023,Positive Regulation Of Attachment Of Mitotic Spindle Microtubules To Kinetochore (GO:1902425),7/7,3.844615260560748e-5,116543,1458023.9762207326,BECN1;KAT2B;KAT5;INCENP;BIRC5;CDCA8;HNRNPU,3351
complex_genes,SE,GO_Biological_Process_2023,Positive Regulation Of Chromosome Condensation (GO:1905821),7/7,3.844615260560748e-5,116543,1458023.9762207326,NCAPH2;NCAPG2;NCAPG;NCAPD3;SMC4;NCAPH;SMC2,3351
complex_genes,SE,GO_Biological_Process_2023,Regulation Of Attachment Of Mitotic Spindle Microtubules To Kinetochore (GO:1902423),7/7,3.844615260560748e-5,116543,1458023.9762207326,BECN1;KAT2B;KAT5;INCENP;BIRC5;CDCA8;HNRNPU,3351
complex_genes,SE,GO_Biological_Process_2023,Regulation Of Chromosome Condensation (GO:0060623),7/7,3.844615260560748e-5,116543,1458023.9762207326,NCAPH2;NCAPG2;NCAPG;NCAPD3;SMC4;NCAPH;SMC2,3351
complex_genes,SE,GO_Biological_Process_2023,Regulation Of Lysosome Size (GO:0062196),7/7,3.844615260560748e-5,116543,1458023.9762207326,SNAPIN;BLOC1S2;KXD1;BORCS8;BORCS7;BORCS6;BORCS5,3351
complex_genes,SE,GO_Biological_Process_2023,snRNA Transcription By RNA Polymerase III (GO:0042796),7/7,3.844615260560748e-5,116543,1458023.9762207326,SNAPC5;ICE1;SNAPC1;ICE2;SNAPC3;SNAPC4;ZC3H8,3351
complex_genes,SE,GO_Biological_Process_2023,tRNA Surveillance (GO:0106354),7/7,3.844615260560748e-5,116543,1458023.9762207326,EXOSC7;ZCCHC7;EXOSC9;EXOSC8;TRNT1;EXOSC3;EXOSC2,3351
complex_genes,SE,GO_Biological_Process_2023,tRNA Transcription By RNA Polymerase III (GO:0042797),7/7,3.844615260560748e-5,116543,1458023.9762207326,GTF3C2;GTF3C3;GTF3C4;GTF3C5;GTF3C6;POLR2F;POLR2L,3351
complex_genes,SE,GO_Biological_Process_2023,Translocation Of Molecules Into Host (GO:0044417),7/7,3.844615260560748e-5,116543,1458023.9762207326,DDX39B;THOC1;THOC3;THOC2;THOC5;THOC7;THOC6,3351
complex_genes,SE,GO_Biological_Process_2023,Viral mRNA Export From Host Cell Nucleus (GO:0046784),7/7,3.844615260560748e-5,116543,1458023.9762207326,DDX39B;THOC1;THOC3;THOC2;THOC5;THOC7;THOC6,3351
complex_genes,SE,GO_Biological_Process_2023,Cellular Response To Nutrient Levels (GO:0031669),30/78,3.9011763314670446e-5,3.124247214694369,39.03333472063912,PRR5;PRKAA1;PRKAA2;MAPKAP1;PRKAG1;PCSK9;PRKAG2;PRKAG3;RPTOR;FLCN;MLST8;RICTOR;FNIP1;SREBF1;HSPA8;PRKAB2;XBP1;TSC1;ATG14;PRKAB1;SIRT1;SREBF2;MTOR;RRAGA;RRAGC;RRAGB;RRAGD;VPS41;ULK1;EIF4G1,3351
complex_genes,SE,GO_Molecular_Function_2023,Ubiquitin Ligase Inhibitor Activity (GO:1990948),7/7,4.00996465934241e-5,116543,1458023.9762207326,RPS15;RPL5;RPS7;RPL11;RPS20;RPL37;RPL17,3351
complex_genes,SE,GO_Cellular_Component_2023,Protein Kinase Complex (GO:1902911),11/17,4.168987334860208e-5,9.135379241516967,102.64088785236846,STK11;TBK1;CAB39;STING1;CAB39L;STRADA;TRAF3;STRADB;TBKBP1;TANK;IKBKE,3351
complex_genes,SE,GO_Biological_Process_2023,Cellular Response To Starvation (GO:0009267),42/126,4.181873859098953e-5,2.503022061045633,31.072757552313405,BECN1;PRKAA1;SEH1L;PRKAA2;NPRL2;SUV39H1;NPRL3;PIK3R4;PCSK9;FOXO3;WDR24;RRP8;RPTOR;FLCN;KAT5;PMAIP1;FNIP1;ATG5;HSPA8;SREBF1;SZT2;XBP1;WDR59;MIOS;KICS2;ATG14;EIF2S1;ITFG2;SIRT1;SREBF2;MTOR;RRAGA;RRAGC;MYBBP1A;RRAGB;LARS1;RRAGD;VPS41;PIK3C3;DEPDC5;KPTN;ATF4,3351
complex_genes,SE,GO_Biological_Process_2023,Double-Strand Break Repair Via Break-Induced Replication (GO:0000727),9/11,4.181873859098953e-5,22.41517055655296,278.0772648443051,MUS81;GINS2;MCM7;GINS4;MCM3;MCM4;MCM5;MCM6;MCM2,3351
complex_genes,SE,GO_Biological_Process_2023,Endosomal Lumen Acidification (GO:0048388),9/11,4.181873859098953e-5,22.41517055655296,278.0772648443051,ATP6V1A;ATP6V0B;RNASEK;ATP6AP2;ATP6V1H;ATP6V0C;ATP6V1D;ATP6V0A1;ATP6V1F,3351
complex_genes,SE,GO_Biological_Process_2023,Positive Regulation Of Mitotic Cell Cycle Spindle Assembly Checkpoint (GO:0090267),9/11,4.181873859098953e-5,22.41517055655296,278.0772648443051,PCID2;INCENP;TPR;XRCC3;BIRC5;CDCA8;MAD1L1;NDC80;MAD2L1,3351
complex_genes,SE,GO_Biological_Process_2023,"Positive Regulation Of Protein Localization To Chromosome, Telomeric Region (GO:1904816)",9/11,4.181873859098953e-5,22.41517055655296,278.0772648443051,CCT3;CCT6A;DKC1;TCP1;CCT8;CCT7;CCT5;CCT4;WRAP53,3351
complex_genes,SE,GO_Biological_Process_2023,Positive Regulation Of Spindle Checkpoint (GO:0090232),9/11,4.181873859098953e-5,22.41517055655296,278.0772648443051,PCID2;INCENP;TPR;XRCC3;BIRC5;CDCA8;MAD1L1;NDC80;MAD2L1,3351
complex_genes,SE,GO_Biological_Process_2023,pre-mRNA Cleavage Required For Polyadenylation (GO:0098789),9/11,4.181873859098953e-5,22.41517055655296,278.0772648443051,CPSF4;NUDT21;CPSF7;CPSF6;NCBP1;NCBP2;CPSF2;CSTF2;CSTF2T,3351
complex_genes,SE,GO_Biological_Process_2023,"tRNA Splicing, Via Endonucleolytic Cleavage And Ligation (GO:0006388)",9/11,4.181873859098953e-5,22.41517055655296,278.0772648443051,TSEN34;DDX1;RTCB;ZBTB8OS;FAM98B;FAM98A;TSEN2;TSEN54;RTRAF,3351
complex_genes,SE,GO_Biological_Process_2023,Protein Localization (GO:0008104),92/351,4.324891120652495e-5,1.786416232565358,22.09770742569668,FCN1;VPS29;AP4E1;AP2A1;PRPF19;ACTB;AP4M1;NIPBL;DUOXA1;DUOXA2;TIMM17A;TIMM17B;VPS35;BBS7;BBS4;SEC13;COG7;EXOC8;VPS33A;AKTIP;COG3;PAM16;VPS33B;COPZ2;TIMM23;TSC2;AP3B1;TIMM21;AXIN2;ATG13;COPZ1;RRAGA;RRAGC;RRAGB;HGS;PARD3;RRAGD;ULK1;PHIP;VCL;COPB2;COPA;SAR1A;STX17;SAR1B;VPS26C;VPS26A;VPS26B;TIMM50;SNX1;GRPEL1;FHIP1A;KIF3A;FHIP1B;GRPEL2;MYO6;NPHP1;FLNA;AP4S1;ROMO1;SPTSSA;SEC31B;GPIHBP1;SEC31A;SNX6;BBS2;DNAJC19;HSPA9;ACD;RIC1;ATP8B1;AP3D1;HPS6;TIMM44;HOOK3;SEPTIN9;DNAJC15;PEX13;AP4B1;PEX14;ARCN1;AHI1;IFT22;HOOK2;ERCC3;HOOK1;CTNNB1;IFT27;LAMTOR2;VIPAS39;LAMTOR1;LAMTOR3,3351
complex_genes,SE,GO_Biological_Process_2023,"Maturation Of 5.8S rRNA From Tricistronic rRNA Transcript (SSU-rRNA, 5.8S rRNA, LSU-rRNA) (GO:0000466)",13/21,4.342319864666821e-5,8.101145895745956,100.1589758487152,NOP14;RPP40;NOL9;WDR12;EXOSC7;EXOSC10;EXOSC9;PES1;EXOSC8;UTP20;EXOSC3;EXOSC2;RPS21,3351
complex_genes,SE,GO_Cellular_Component_2023,Serine-Type Peptidase Complex (GO:1905286),9/12,4.365692153660479e-5,14.942549371633753,167.08588082621412,FCN1;COLEC11;FCN2;THBD;COLEC10;FCN3;PLAU;PLAUR;MBL2,3351
complex_genes,SE,GO_Cellular_Component_2023,Endosome Membrane (GO:0010008),92/361,4.463754826040678e-5,1.7189572827206558,19.170123755012625,WASHC4;ITGB1;WASHC5;NCF4;PCSK9;WASHC2C;AP2A1;TCIRG1;AP2A2;WASHC2A;CHMP1B;VPS35;RAC1;VPS36;MAP3K7;WASHC1;VPS39;UBXN6;AP2M1;WASHC3;PSENEN;PDIA3;VPS18;ATP6V0B;TICAM2;ANXA2;ATP6AP1;VPS33A;SLC30A4;VPS33B;ATP6AP2;VPS37C;VPS37D;ATP11B;VPS37A;IRAK4;VPS37B;TICAM1;VAMP8;VAMP7;CD8B;TRAF6;CHMP6;UBA52;VPS25;ATP6V0C;TLR4;LLGL1;VPS28;GRIA1;TSG101;VPS4B;VPS4A;LY96;ATP10B;VPS26A;SLC30A10;APH1A;NCSTN;SNX1;APH1B;SNX2;IRAK1;IRAK2;ATP6V0A2;VPS11;AP2S1;MVB12A;ATP6V0A4;RIPK1;RPS27A;LDLR;ATP6V0A1;SNX6;VPS16;TMEM30A;AP3D1;SNF8;AP2B1;RMC1;ATG16L1;VPS41;UBAP1;TAB3;LAMTOR2;TAB2;LAMTOR1;TAB1;LAMTOR4;LAMTOR3;MYD88;LAMTOR5,3351
complex_genes,SE,GO_Molecular_Function_2023,Neurotransmitter Receptor Activity Involved In Regulation Of Postsynaptic Membrane Potential (GO:0099529),13/21,4.519658611654953e-5,8.101145895745956,100.1589758487152,GABRA2;GRIA1;GRIA2;GRIK5;GRIK3;GRIK4;GRIK1;GRIK2;GRIN2C;GRIN2B;GRIN2D;CHRND;GRIN2A,3351
complex_genes,SE,GO_Molecular_Function_2023,Telomerase RNA Binding (GO:0070034),13/21,4.519658611654953e-5,8.101145895745956,100.1589758487152,PTEN;HNRNPU;TENT4B;EXOSC10;TERT;XRN1;DKC1;NHP2;SNRPD3;DCP2;NOP10;SNRPB;WRAP53,3351
complex_genes,SE,GO_Biological_Process_2023,Mitochondrial Transport (GO:0006839),23/53,4.7162981059239665e-5,3.828495592948718,47.000166245447176,DNAJC19;TIMM8B;HSP90AA1;TOMM40;BAD;MTX2;TIMM9;TIMM13;TIMM23;TIMM44;SPG7;TIMM10;TOMM20;TOMM22;TIMM17A;BCL2;TOMM7;TIMM17B;PMAIP1;VPS35;BAK1;FBXO7;TOMM5,3351
complex_genes,SE,GO_Biological_Process_2023,Regulation Of Cyclin-Dependent Protein Kinase Activity (GO:1904029),23/53,4.7162981059239665e-5,3.828495592948718,47.000166245447176,CCNK;BLM;HSP90AB1;CCNT1;CCNH;CCNF;GTF2H1;CCNA2;CCNB3;CCNA1;CCNB2;CCND3;CCNB1;CDK7;CCND2;CCND1;CCNE2;CCNE1;CDC37;MNAT1;CDK5RAP3;CDK5R2;CDK5R1,3351
complex_genes,SE,GO_Biological_Process_2023,[2Fe-2S] Cluster Assembly (GO:0044571),8/9,4.771474310386905e-5,39.83966497158241,488.5344877738745,NFS1;GLRX3;LYRM4;GLRX5;NDUFAB1;FDX2;FXN;ISCU,3351
complex_genes,SE,GO_Biological_Process_2023,intra-Golgi Vesicle-Mediated Transport (GO:0006891),17/33,4.777074527203743e-5,5.300708608278344,64.9699237851616,COPB2;TRAPPC3;COPA;COG8;COG7;COG6;COG5;COPB1;COG4;TRAPPC10;COG3;COG2;COPZ2;COPZ1;COPG2;COPG1;COPE,3351
complex_genes,SE,GO_Biological_Process_2023,ncRNA Catabolic Process (GO:0034661),17/33,4.777074527203743e-5,5.300708608278344,64.9699237851616,ZCCHC8;POP1;DIS3;ELAC2;DIS3L;DICER1;TENT4B;EXOSC6;EXOSC5;EXOSC10;EXOSC4;XRN1;WDR82;MTREX;EXOSC3;RBM7;EXOSC2,3351
complex_genes,SE,GO_Biological_Process_2023,Endosome Transport Via Multivesicular Body Sorting Pathway (GO:0032509),14/24,4.8668963188987514e-5,6.980701228648487,85.38438012100633,VCP;VPS4B;CHMP1B;CHMP2B;DENND10;CHMP2A;CHMP4C;MVB12A;CHMP3;CHMP4A;CHMP6;CHMP7;UBXN6;CHMP5,3351
complex_genes,SE,GO_Biological_Process_2023,Lipid Translocation (GO:0034204),14/24,4.8668963188987514e-5,6.980701228648487,85.38438012100633,ATP8B4;ATP8A2;ATP8B3;TMEM30A;ATP8A1;ATP8B2;TMEM30B;ATP8B1;ATP10D;ATP10B;ATP11C;ATP10A;ATP11B;ATP11A,3351
complex_genes,SE,GO_Biological_Process_2023,Multivesicular Body Sorting Pathway (GO:0071985),14/24,4.8668963188987514e-5,6.980701228648487,85.38438012100633,UVRAG;VPS4B;VPS4A;SNF8;CHMP1B;CHMP2B;DENND10;CHMP2A;CHMP4C;CHMP3;CHMP4A;CHMP6;CHMP7;CHMP5,3351
complex_genes,SE,GO_Biological_Process_2023,GPI Anchor Biosynthetic Process (GO:0006506),16/30,5.0029174801020404e-5,5.700578282287427,69.54404084804366,PIGS;PIGT;PIGO;GPAA1;PIGQ;SLC30A5;PIGP;DPM1;PIGC;DPM2;DPM3;PIGA;PIGK;PIGM;PIGG;PIGH,3351
complex_genes,SE,GO_Biological_Process_2023,Cardiac Muscle Cell Action Potential Involved In Contraction (GO:0086002),16/30,5.0029174801020404e-5,5.700578282287427,69.54404084804366,KCNH2;RYR2;KCNE1;KCNE2;ATP1A1;CACNA1C;KCNQ1;SCN5A;SCN3B;FGF12;SCN4B;KCNJ2;SCN1B;SCN1A;SNTA1;SCN2B,3351
complex_genes,SE,GO_Biological_Process_2023,Regulation Of Cyclin-Dependent Protein Serine/Threonine Kinase Activity (GO:0000079),30/79,5.041985629528094e-5,3.0603027118706563,37.30347651399155,CEBPA;CCNK;BLM;CCNT1;CCNH;CCNF;PTEN;PDGFB;PKD2;PKD1;CCNB3;CCNB2;CCND3;CCNB1;CCND2;CCND1;CDK5RAP3;MEN1;GTF2H1;CCNA2;CCNA1;CDK7;CCNE2;CCNY;APC;CCNE1;CDC37;MNAT1;CDK5R2;CDK5R1,3351
complex_genes,SE,GO_Biological_Process_2023,Positive Regulation Of TORC1 Signaling (GO:1904263),15/27,5.050599808358876e-5,6.2338878896882495,75.9633580500639,SEC13;SEH1L;WDR59;MIOS;PIH1D1;KLHL22;CASTOR1;WDR24;FLCN;RRAGA;RRAGB;LARS1;RRAGD;TELO2;LAMTOR5,3351
complex_genes,SE,GO_Biological_Process_2023,DNA-templated DNA Replication Maintenance Of Fidelity (GO:0045005),20/43,5.263620163052732e-5,4.340255570203491,52.6995086057518,MUS81;BLM;TIPIN;PCNA;CENPX;FANCM;FBH1;MCM8;MCM9;THOC1;OOEP;CDK9;RAD51;EME1;EME2;POLD1;TIMELESS;POLE;ATR;CENPS,3351
complex_genes,SE,GO_Molecular_Function_2023,Nuclear Thyroid Hormone Receptor Binding (GO:0046966),15/27,5.3282303652288246e-5,6.2338878896882495,75.9633580500639,MED1;NCOA6;GTF2B;TAF11;GTF2H1;MED16;MED4;MED17;MED12;MED22;MED13;MED30;THRAP3;TAF7;BRD8,3351
complex_genes,SE,GO_Biological_Process_2023,Endosome To Lysosome Transport (GO:0008333),24/57,5.444986381967416e-5,3.6322102904609666,43.97134750296993,VPS18;VCP;TSG101;SNAPIN;AKTIP;VPS33A;VPS4B;VPS33B;TGFBRAP1;AP3D1;HOOK3;ATG14;VAMP7;HOOK2;BIN1;HOOK1;FHIP1B;VPS41;MVB12A;VPS11;VIPAS39;UBXN6;VPS39;VPS16,3351
complex_genes,SE,GO_Biological_Process_2023,T Cell Activation (GO:0042110),38/111,5.5504853617121076e-5,2.6044680771886592,31.47384364437401,IFNA5;IFNA4;IFNA7;IFNA6;IFNA1;IFNA2;PIK3R3;PIK3CD;PIK3R2;CD3G;PIK3R1;CD3E;CD3D;IFNA8;PIK3CG;PPP3CA;PPP3CB;CASP8;ORC3;IFNA21;IFNA14;TNFSF14;IFNA16;IFNB1;IFNA17;SCRIB;FOXP3;IFNW1;IL2;DDOST;IL4;CD4;CD8B;CD8A;IFNE;IFNK;CD247;IFNA10,3351
complex_genes,SE,GO_Molecular_Function_2023,Four-Way Junction DNA Binding (GO:0000400),11/16,5.586473853042592e-5,10.96311377245509,132.78418644803648,MSH6;RAD51B;YY1;BLM;RAD51D;RAD51C;FANCM;MSH2;XRCC2;XRCC3;MEN1,3351
complex_genes,SE,GO_Molecular_Function_2023,Ionotropic Glutamate Receptor Activity (GO:0004970),11/16,5.586473853042592e-5,10.96311377245509,132.78418644803648,GRIA2;GRIN2A;GRIK5;GRIK3;GRIK4;GRIK1;GRIK2;GRIN2C;GRIN2B;GRIN1;GRIN2D,3351
complex_genes,SE,GO_Molecular_Function_2023,Protein Kinase Regulator Activity (GO:0019887),36/103,5.7891537463782334e-5,2.6877017626798136,32.42272256648606,CAB39;CCNH;FAF1;RPLP1;CCNF;PRKAG1;PRKAG2;CCNC;ETFA;CCNB3;RPTOR;CCNB2;CCND3;STK11;CCNB1;CCND2;CCND1;QARS1;MBIP;CCNL2;STRADA;PARVA;ELP3;ELP4;CCNA2;CCNA1;CCNE2;CCNY;APC;CCNE1;CDK4;CSNK2B;SMCR8;CCNQ;MCM2;CDK5R1,3351
complex_genes,SE,GO_Biological_Process_2023,Positive Regulation Of Protein Localization To Nucleus (GO:1900182),28/72,5.975291338170795e-5,3.1799031543238585,38.186230818310634,YAP1;PIK3R2;PIK3R1;PPP3CB;TERT;TPR;FLNA;KAT7;CCT8;DMAP1;CCT7;CDK5RAP3;CCT5;JAK1;CCT4;CCT3;CARD10;CCT2;SMAD3;MCRS1;TYK2;CCT6A;MAVS;IFNG;DKC1;TCP1;CDK1;LAMTOR5,3351
complex_genes,SE,GO_Cellular_Component_2023,NSL Complex (GO:0044545),8/10,6.170323430783498e-5,19.918635955728387,215.3922722115238,KANSL1;KANSL2;PHF20;KANSL3;MCRS1;WDR5;KAT8;OGT,3351
complex_genes,SE,GO_Cellular_Component_2023,U4 snRNP (GO:0005687),8/10,6.170323430783498e-5,19.918635955728387,215.3922722115238,SNRPD2;SNRPD1;SNRPG;PRPF31;SNRPE;SNRPD3;SNRPF;SNRPB,3351
complex_genes,SE,GO_Biological_Process_2023,Positive Regulation Of I-kappaB kinase/NF-kappaB Signaling (GO:0043123),53/175,6.191110761756586e-5,2.1770049408981103,26.06080023466735,TRAF3IP2;TRADD;IKBKB;LGALS1;TBK1;CASP8;NUP62;CASP1;IKBKG;MAP3K7;IKBKE;TICAM2;CHUK;TRAF2;IRAK4;TICAM1;TNFRSF1A;TRAF6;TRAF5;TERF2IP;RBCK1;UBE2V1;LTB;TLR6;GAPDH;CARD11;BIRC2;BIRC3;RNF31;DDX1;DDX21;BCL10;MALT1;RELA;SHARPIN;IRAK1;MIER1;TIFA;FLNA;RIPK1;FADD;CARD9;MAVS;CD4;VAPA;REL;UBE2N;TAB3;TAB2;CCDC22;LTBR;MYD88;LAMTOR5,3351
complex_genes,SE,GO_Cellular_Component_2023,AP-3 Adaptor Complex (GO:0030123),6/6,6.382590927551868e-5,99894,1071125.8289049044,AP3M2;AP3M1;AP3D1;AP3S2;AP3S1;AP3B2,3351
complex_genes,SE,GO_Cellular_Component_2023,B-WICH Complex (GO:0110016),6/6,6.382590927551868e-5,99894,1071125.8289049044,MYBBP1A;SMARCA5;DDX21;DEK;ERCC6;SF3B1,3351
complex_genes,SE,GO_Cellular_Component_2023,H3 Histone Acetyltransferase Complex (GO:0070775),6/6,6.382590927551868e-5,99894,1071125.8289049044,ING5;BRPF1;MEAF6;BRPF3;KAT6B;KAT6A,3351
complex_genes,SE,GO_Cellular_Component_2023,MOZ/MORF Histone Acetyltransferase Complex (GO:0070776),6/6,6.382590927551868e-5,99894,1071125.8289049044,ING5;BRPF1;MEAF6;BRPF3;KAT6B;KAT6A,3351
complex_genes,SE,GO_Cellular_Component_2023,TIM22 Mitochondrial Import Inner Membrane Insertion Complex (GO:0042721),6/6,6.382590927551868e-5,99894,1071125.8289049044,TIMM10B;TRMT10B;TIMM29;TIMM9;TIMM22;TIMM10,3351
complex_genes,SE,GO_Cellular_Component_2023,U7 snRNP (GO:0005683),6/6,6.382590927551868e-5,99894,1071125.8289049044,LSM11;SNRPG;SNRPE;SNRPD3;SNRPF;SNRPB,3351
complex_genes,SE,GO_Cellular_Component_2023,Dystroglycan Complex (GO:0016011),6/6,6.382590927551868e-5,99894,1071125.8289049044,SGCE;SGCD;SGCA;SGCB;SGCZ;SGCG,3351
complex_genes,SE,GO_Cellular_Component_2023,Membrane Attack Complex (GO:0005579),6/6,6.382590927551868e-5,99894,1071125.8289049044,C6;C8G;C7;C9;C8B;C8A,3351
complex_genes,SE,GO_Cellular_Component_2023,COPII Vesicle Coat (GO:0030127),10/15,6.548943046853794e-5,9.96348398683029,106.50938750475314,SEC13;SEC24B;SEC24A;SAR1A;SAR1B;KLHL12;SEC24D;SEC24C;SEC31B;SEC31A,3351
complex_genes,SE,GO_Biological_Process_2023,Regulation Of Myoblast Differentiation (GO:0045661),23/54,6.676574501546794e-5,3.7047727977667493,44.06184771409537,SMARCE1;SMARCD1;PBRM1;SMARCC1;SMARCD2;SMARCB1;SMARCC2;NOTCH1;SMARCD3;ACTL6B;PHF10;ACTL6A;TRIP4;ARID1A;ARID1B;SMARCA2;KLHL41;SMARCA4;KAT5;MYOD1;DPF3;ARID2;BRD7,3351
complex_genes,SE,GO_Cellular_Component_2023,Motile Cilium (GO:0031514),27/73,7.402187746141111e-5,2.9317807251608854,30.961449917425185,DRC7;INTU;ODAD4;RSPH9;CFAP206;PKD2;PKD1;IFT52;IFT74;IQUB;NPHP1;ROPN1L;BBS4;BBS2;RSPH4A;WDR19;DNAJB13;IQCG;IFT88;RSPH1;IFT81;CATSPERG;SCNN1A;IFT27;IFT46;GAS8;PAFAH1B1,3351
complex_genes,SE,GO_Biological_Process_2023,DNA Damage Checkpoint Signaling (GO:0000077),17/34,7.817658048024448e-5,4.988602279544091,58.53279122645703,CDC5L;HUS1;MRPL36;PRPF19;UFL1;ERCC4;RPA4;E2F1;RAD17;FBXO6;INTS7;NBN;ERCC6;ATRIP;CLOCK;ATR;RAD9A,3351
complex_genes,SE,GO_Molecular_Function_2023,Transcription Coactivator Binding (GO:0001223),17/34,7.95106178416729e-5,4.988602279544091,58.53279122645703,MED1;SMAD4;THRB;SMAD3;EPAS1;STAT1;MED9;HIF1A;ESR1;RELA;MED6;CDK9;TERT;RARA;STAT6;ATF7;RPL17,3351
complex_genes,SE,GO_Molecular_Function_2023,Protease Binding (GO:0002020),41/125,8.070504420640784e-5,2.4426881024313047,28.593656349553804,ITGB1;GSK3B;VCP;CSTA;ITGB3;DERL3;SERPINE1;PTEN;DERL1;DERL2;BCL10;NLRC4;BRCA2;THBS1;TTN;COMP;PYCARD;BAG6;NLRP7;CASP1;ITGAV;FADD;RPS27A;NFRKB;LDLR;POLG;CRADD;ANXA2;ITGA3;AMFR;ADRM1;FN1;TRIP4;RAD23A;COL1A1;COL3A1;COL1A2;BIN1;BCL2;CHMP3;LCOR,3351
complex_genes,SE,GO_Biological_Process_2023,Negative Regulation Of Intracellular Steroid Hormone Receptor Signaling Pathway (GO:0033144),16/31,8.522703801509045e-5,5.320219890054973,61.94123671431062,VPS18;PHB1;HDAC1;BRCA1;SIRT1;STRN3;FOXP1;SMARCA4;PER1;CNOT1;CNOT2;CRY2;VPS11;CRY1;CLOCK;CNOT9,3351
complex_genes,SE,GO_Biological_Process_2023,Protein Localization To Chromatin (GO:0071168),16/31,8.522703801509045e-5,5.320219890054973,61.94123671431062,H2AC8;H4C9;MCM8;MCM9;LEF1;SGF29;PPHLN1;CENPA;ESR1;NIPBL;MSH2;RAD21;RUVBL2;TASOR;H2BC11;CHMP7,3351
complex_genes,SE,GO_Biological_Process_2023,Regulation Of Histone Acetylation (GO:0035065),13/22,8.53513323768729e-5,7.200585846481593,83.79193613289182,NFYA;NFYB;NFYC;SMARCA5;DDX21;BRCA1;DEK;BAZ1B;FOXP3;FLCN;MYBBP1A;ERCC6;SF3B1,3351
complex_genes,SE,GO_Biological_Process_2023,Response To Gamma Radiation (GO:0010332),13/22,8.53513323768729e-5,7.200585846481593,83.79193613289182,YAP1;PRKAA1;XRCC6;KDM1A;XRCC5;LIG4;FANCD2;MYC;MDM2;RPL26;HRAS;ATR;MEN1,3351
complex_genes,SE,GO_Biological_Process_2023,Membrane Repolarization During Cardiac Muscle Cell Action Potential (GO:0086013),10/14,8.60060587385987e-5,12.455103262496259,144.78895640743647,KCNH2;KCNJ5;KCNE1;KCNE2;KCND3;KCNIP2;KCNQ1;ATP1B1;KCNJ2;KCNJ3,3351
complex_genes,SE,GO_Biological_Process_2023,Positive Regulation Of Histone Acetylation (GO:0035066),10/14,8.60060587385987e-5,12.455103262496259,144.78895640743647,SMAD4;MYBBP1A;SMARCA5;DDX21;BRCA1;DEK;ERCC6;BAZ1B;FOXP3;SF3B1,3351
complex_genes,SE,GO_Molecular_Function_2023,Nucleosome Binding (GO:0031491),25/62,8.649929852732147e-5,3.3747216850043067,39.2279599081533,L3MBTL1;HDAC2;SMARCD2;SMARCB1;HDAC1;CHD4;ZNHIT1;RBBP4;SAP30L;MTA2;H2AZ1;MBD3;SMARCE1;SMARCC1;SMARCC2;ACTR6;EED;ACTL6A;MBD2;DNTTIP1;SSRP1;ARID1A;ARID1B;GATAD2B;SMARCA4,3351
complex_genes,SE,GO_Biological_Process_2023,"Nuclear-Transcribed mRNA Catabolic Process, Nonsense-Mediated Decay (GO:0000184)",15/28,8.908236291565448e-5,5.754012174875484,66.67043975457565,SMG1;RBM8A;NCBP1;NCBP2;EIF4A3;SMG9;MAGOHB;SMG8;GSPT1;SKIC8;SKIC2;SKIC3;MAGOH;EIF3E;RNPS1,3351
complex_genes,SE,GO_Biological_Process_2023,Negative Regulation Of Developmental Process (GO:0051093),37/109,8.908236291565448e-5,2.570529906792731,29.78070595777212,SMARCD1;HDAC2;NOTCH1;SF3B3;HDAC1;ARID4A;ARID4B;ING1;BICRA;ING2;BCL7A;RBBP4;SIN3A;BCL7C;SAP30L;BCL7B;BRD9;PRAME;SUDS3;RBBP7;SUZ12;SS18;SMARCC1;ACTL6B;BICRAL;ACTL6A;TET1;FUZ;SMARCA2;SAP30;SMARCA4;BRMS1;CDK6;BRMS1L;PPARG;SINHCAF;OGT,3351
complex_genes,SE,GO_Biological_Process_2023,RNA Polyadenylation (GO:0043631),14/25,8.933505562263306e-5,6.345710627400768,73.47272171461633,ZCCHC7;PNPT1;CPSF1;CSTF3;CPSF3;CPSF2;PEX2;TENT4B;CDC73;WDR33;PCF11;LEO1;SYMPK;PABPC1,3351
complex_genes,SE,GO_Biological_Process_2023,Negative Regulation Of Telomere Maintenance Via Telomere Lengthening (GO:1904357),14/25,8.933505562263306e-5,6.345710627400768,73.47272171461633,CTC1;TINF2;HNRNPU;NAT10;TERF1;TENT4B;TERF2;EXOSC10;SLX4;XRN1;ERCC4;POT1;SLX1A;DCP2,3351
complex_genes,SE,GO_Biological_Process_2023,mRNA Metabolic Process (GO:0016071),31/85,8.942446006300624e-5,2.8695058009817047,33.21509843820022,SF3B4;SF3B2;GEMIN2;CSTF3;U2AF1;USP39;PRPF8;PCF11;U2AF2;APOBEC1;SF3A3;SF3A1;CPSF6;PNPT1;SF3A2;NCBP1;NCBP2;CPSF3;METTL3;CNOT10;LSM5;FBXO11;HNRNPAB;LSM3;LSM2;NUDT21;SFPQ;LSM6;AGO3;AGO4;DCP2,3351
complex_genes,SE,GO_Cellular_Component_2023,Proton-Transporting V-type ATPase Complex (GO:0033176),12/21,8.95730184007235e-5,6.644704003194569,68.8597988498901,ATP6V1A;ATP6V0B;RNASEK;ATP6AP2;ATP6V0A2;ATP6V1H;ATP6V0A4;TCIRG1;ATP6V0C;ATP6V1D;ATP6V0A1;ATP6V1F,3351
complex_genes,SE,GO_Biological_Process_2023,Heart Contraction (GO:0060047),19/41,9.260472737399144e-5,4.309628396813271,49.71589897405574,KCNH2;RYR2;TNNC1;ATP1B1;SGCZ;TTN;SOD1;SGCD;PIK3CA;KCNQ1;TNNT2;TCAP;TNNI3;SCN5A;SCN3B;SCN4B;SCN1B;SGCG;SCN2B,3351
complex_genes,SE,GO_Biological_Process_2023,Response To Amino Acid Starvation (GO:1990928),19/41,9.260472737399144e-5,4.309628396813271,49.71589897405574,SZT2;SEH1L;WDR59;MIOS;NPRL2;NPRL3;KICS2;PEX2;WDR24;EIF2S1;ITFG2;MTOR;FLCN;RRAGA;RRAGC;RRAGB;LARS1;DEPDC5;KPTN,3351
complex_genes,SE,GO_Biological_Process_2023,Negative Regulation Of Protein Metabolic Process (GO:0051248),46/147,9.300175951576292e-5,2.2803972379083595,26.292093900427993,DDX6;PHB1;CSTA;HSP90AB1;SF3B3;FMR1;ITGB3;EIF4A3;PLAT;YBX1;MRPL13;GIGYF2;BAG6;FXR1;SYNCRIP;FXR2;ENC1;RACK1;IGF2BP1;RPS3;FLNA;ITGAV;LDLR;CDK5RAP3;RIC1;CSNK2A1;DAPK1;VBP1;RPL13A;TSC1;CNOT10;MAD2L2;RGP1;CDK5;EPRS1;CNOT1;PFDN1;MDM4;PFDN2;EIF4E2;PFDN4;CNOT9;GAPDH;PFDN5;PFDN6;MAD2L1,3351
complex_genes,SE,GO_Biological_Process_2023,Protein Localization To Nucleus (GO:0034504),40/122,1.0081024852837462e-4,2.440792333021488,27.939451613559473,POM121;INTS13;NUP107;NXT1;NUP188;RPL11;HNRNPU;NXT2;PHB2;RRP7A;NUP85;TPR;NUP62;KPNA6;KPNA7;KPNA4;NUP88;E2F3;KPNA5;KPNA2;KPNA3;BBS4;KPNA1;SKP1;NUP214;SEC13;NUP155;NUP133;STAT3;TSC2;NUP153;PEX2;SUPT7L;NUP93;COL1A1;NUP50;MDM2;TAF8;TAF3;KPNB1,3351
complex_genes,SE,GO_Biological_Process_2023,Positive Regulation Of Cell Cycle Process (GO:0090068),39/118,1.043307051495816e-4,2.4698449825720052,28.18202945800497,UBXN2B;CUL3;NCAPG2;PDGFB;CDCA8;NCAPG;SMC5;SMC6;SMC4;NCAPH;AURKB;SMC2;RAD21;TPR;NUP62;PDGFRB;PLK4;DYNC1H1;PCID2;STIL;RRM1;NCAPH2;XRCC3;INO80;NDC80;OOEP;NSFL1C;IL1A;RRM2B;INCENP;GIPC1;CENPJ;SASS6;BIRC5;PHIP;NCAPD2;NCAPD3;MAD1L1;MAD2L1,3351
complex_genes,SE,GO_Cellular_Component_2023,Mitotic Spindle Microtubule (GO:1990498),9/13,1.0842484625798817e-4,11.206238779174146,113.91508425528782,HAUS8;HAUS7;HAUS4;HAUS3;HNRNPU;HAUS6;HAUS5;HAUS2;HAUS1,3351
complex_genes,SE,GO_Biological_Process_2023,Proteolysis Involved In Protein Catabolic Process (GO:0051603),29/78,1.1038465763214608e-4,2.9574021059356914,33.57223988740979,VCP;VPS4B;VPS4A;PRPF19;FBXO44;MALT1;PSMA8;BAG6;CASP8;CAPN2;PMAIP1;RPS27A;CTSB;ZYG11B;PDCD6IP;ZER1;FBXL17;PEX10;PEX12;CLPX;DDB1;PSMA6;RNF123;CLPP;CHMP4C;MDM2;CHMP4A;UBA52;CUL4B,3351
complex_genes,SE,GO_Biological_Process_2023,I-kappaB kinase/NF-kappaB Signaling (GO:0007249),20/45,1.1697819593185664e-4,3.992554788351846,45.07485307812248,CHUK;BCL10;TANK;RELA;RELB;IKBKB;TBK1;IRAK2;TRAF6;TIFA;REL;TBKBP1;IKBKG;AZI2;MAP3K7;TLR4;BIRC2;CARD11;BIRC3;TLR2,3351
complex_genes,SE,GO_Biological_Process_2023,Regulation Of Stem Cell Differentiation (GO:2000736),20/45,1.1697819593185664e-4,3.992554788351846,45.07485307812248,MBD3;PDGFRA;HDAC2;NOTCH1;HDAC1;PRKDC;METTL3;SETD1A;HNRNPU;CHD4;CHD3;GATAD2B;GATAD2A;NUDT21;MTA1;KAT5;RBBP4;RBBP7;MTA2;MTA3,3351
complex_genes,SE,GO_Biological_Process_2023,Negative Regulation Of Cellular Process (GO:0048523),128/537,1.2103867974204479e-4,1.5769298752016945,17.74600306181419,RB1;PHB1;NDUFA13;ATP8A2;GMNN;JADE1;RRP8;ACTB;CCAR2;STK11;MCIDAS;PPP2R1A;MYC;VPS35;ARID2;MEN1;SMARCC1;H2AC8;H2AC6;TSC2;TSC1;ATG13;FOXP3;HGS;CSNK2B;COL4A3;CHMP4C;ULK1;CHMP4A;ATF5;CBLL1;BLM;NOTCH1;NPR1;PDS5B;ATG101;UTP20;HOXC9;BARD1;CDT1;SMAD4;SMAD3;BICRAL;FUZ;IFNLR1;SMARCA2;SMARCA4;IL6;CDK6;CNOT7;DLG3;DLG5;CHMP2B;CHMP2A;CDK10;STRN;MDM4;COPS8;COL18A1;CXCL8;SUV39H1;PTEN;BRCA1;PKD2;ING1;CDC73;ING4;ING5;FLCN;BCL7A;CHMP1B;BCL7C;RB1CC1;CHMP1A;BCL7B;NUP62;RACK1;EMILIN1;GET1;JAK2;HRAS;IL10;SS18;PBRM1;ACTL6B;ACTL6A;ITGA1;AXIN2;DYNLL1;SIRT1;VAMP8;KAT2B;IL1A;MMRN2;IFNK;NDUFS3;CHMP3;ITGB1BP1;SINHCAF;EEF1E1;CHMP6;CHMP7;GAS8;CHMP5;CEBPA;SMARCD1;VPS4B;VPS4A;HOXD10;THBS1;RNF2;BICRA;PPP2CA;IFNL1;RBBP4;SH3BP4;BRD9;PRAME;RBBP7;VHL;FKTN;SUZ12;NR1H2;NR1H3;APC;PRKRA;CTNNB1;TAF6,3351
complex_genes,SE,GO_Biological_Process_2023,Regulation Of Postsynaptic Membrane Potential (GO:0060078),17/35,1.2170981759971923e-4,4.711174431780311,52.94327263985352,GABRA2;GSK3B;GABRA1;GSK3A;GABRA6;GABRA5;GABRA4;GABRA3;FOXM1;GRIN2C;GABRG3;GRIN2B;GABRG2;GRIN1;GRIN2D;GLRA1;GRIN2A,3351
complex_genes,SE,GO_Biological_Process_2023,NLS-bearing Protein Import Into Nucleus (GO:0006607),11/17,1.2170981759971923e-4,9.135379241516967,102.64088785236846,RANBP2;KPNA6;KPNA7;NUP35;KPNA4;NUP54;KPNA5;KPNA2;KPNA3;KPNB1;KPNA1,3351
complex_genes,SE,GO_Biological_Process_2023,Positive Regulation Of Peptidyl-Lysine Acetylation (GO:2000758),11/17,1.2170981759971923e-4,9.135379241516967,102.64088785236846,PRKAA1;PRKAA2;MYBBP1A;SMARCA5;DDX21;BRCA1;DEK;ERCC6;BAZ1B;FOXP3;SF3B1,3351
complex_genes,SE,GO_Biological_Process_2023,rRNA Transcription (GO:0009303),11/17,1.2170981759971923e-4,9.135379241516967,102.64088785236846,GTF3C1;GTF3C2;GTF3C3;GTF3C4;GTF3C5;TAF1B;TCOF1;GTF3C6;MARS1;POLR1E;POLR1G,3351
complex_genes,SE,GO_Biological_Process_2023,Regulation Of Mitotic Cell Cycle Spindle Assembly Checkpoint (GO:0090266),11/17,1.2170981759971923e-4,9.135379241516967,102.64088785236846,PCID2;CCNB1;INCENP;XRCC3;TPR;CDCA8;BIRC5;AURKB;NDC80;MAD1L1;MAD2L1,3351
complex_genes,SE,GO_Biological_Process_2023,Transcription By RNA Polymerase I (GO:0006360),11/17,1.2170981759971923e-4,9.135379241516967,102.64088785236846,TAF1B;TCOF1;TAF1C;POLR1C;NKX2-1;POLR1E;POLR2F;GTF2H1;POLR1H;POLR2L;TAF1,3351
complex_genes,SE,GO_Cellular_Component_2023,P-body (GO:0000932),29/83,1.2716649084324233e-4,2.6827602738198766,26.82533123000886,DDX6;EDC3;SYNE1;EDC4;IGF2BP1;POLR2G;EIF4E;LSM4;LSM3;LSM2;PAN2;PSMA6;PSMA4;CNOT7;LSM6;PSMC3;PSMA2;CNOT1;CNOT2;CNOT3;PSMC2;EIF4E2;CNOT8;DCP1A;CNOT9;DCP2;TNRC6A;DCP1B;TNRC6B,3351
complex_genes,SE,GO_Biological_Process_2023,Regulation Of Protein-Containing Complex Assembly (GO:0043254),39/119,1.2736753191027554e-4,2.4388247282608697,27.284961261602454,RB1;GSK3B;VCP;ICE1;SAR1A;TRAF3IP1;SAR1B;FAF1;TGFBRAP1;PRKCZ;CHAF1B;BCL2L11;NCLN;VPS8;VPS11;RACK1;RPS3;BAK1;BID;FNIP1;FNIP2;VPS39;VPS16;VPS18;HSPA8;HSP90AA1;SLF1;SLF2;BIK;VPS33A;TRAF2;SEPTIN9;SPIDR;HCFC1;VEGFA;IFNG;VPS41;BAX;ULK1,3351
complex_genes,SE,GO_Biological_Process_2023,UV-damage Excision Repair (GO:0070914),9/12,1.2736753191027554e-4,14.942549371633753,167.08588082621412,DDB1;POLD3;POLA1;ERCC1;XPC;INO80;SIRT1;CUL4B;DDB2,3351
complex_genes,SE,GO_Biological_Process_2023,mRNA Cleavage Involved In mRNA Processing (GO:0098787),9/12,1.2736753191027554e-4,14.942549371633753,167.08588082621412,CPSF4;NUDT21;CPSF7;CPSF6;NCBP1;NCBP2;CPSF2;CSTF2;CSTF2T,3351
complex_genes,SE,GO_Biological_Process_2023,Positive Regulation Of Integrin-Mediated Signaling Pathway (GO:2001046),9/12,1.2736753191027554e-4,14.942549371633753,167.08588082621412,LAMA2;LAMA1;LAMB2;FLNA;LAMB1;LAMC1;NID1;LIMS2;LIMS1,3351
complex_genes,SE,GO_Molecular_Function_2023,RNA Polymerase II Core Promoter Sequence-Specific DNA Binding (GO:0000979),9/12,1.329586521582876e-4,14.942549371633753,167.08588082621412,H2AZ1;GTF2A1;TBP;HDAC1;STAT1;GTF2B;RUVBL2;RELA;TAF1,3351
complex_genes,SE,GO_Biological_Process_2023,Mitochondrial Membrane Organization (GO:0007006),16/32,1.3516456950567115e-4,4.987406296851574,55.451918143523365,HSPA9;APOOL;MTX1;BAD;MTX2;IMMT;MICOS13;SPG7;MICOS10;TIMM50;CHCHD3;SAMM50;CHCHD6;BCL2;PMAIP1;BAK1,3351
complex_genes,SE,GO_Biological_Process_2023,Regulation Of Transcription By RNA Polymerase I (GO:0006356),16/32,1.3516456950567115e-4,4.987406296851574,55.451918143523365,UTP15;HEATR1;SMARCA5;DDX21;WDR75;BAZ2A;DEK;BAZ1B;WDR43;MYBBP1A;FLNA;ERCC6;SF3B1;POLR2K;POLR2L;ATF4,3351
complex_genes,SE,GO_Biological_Process_2023,Cellular Response To Glucose Starvation (GO:0042149),19/42,1.3682337303398543e-4,4.122005323868678,45.77138849531532,BECN1;PRKAA1;SZT2;XBP1;PRKAA2;SUV39H1;KICS2;PIK3R4;FOXO3;ATG14;ITFG2;SIRT1;RRP8;KAT5;MYBBP1A;PMAIP1;PIK3C3;KPTN;ATF4,3351
complex_genes,SE,GO_Cellular_Component_2023,Ciliary Membrane (GO:0060170),17/38,1.397542501238698e-4,4.037421087211129,39.96270061082205,BBS2;BBS1;SEPTIN2;CASK;BBIP1;PKD1;TMEM231;TTC8;TMEM17;TCTN3;TCTN2;TMEM67;SCNN1A;BBS9;BBS7;BBS5;BBS4,3351
complex_genes,SE,GO_Biological_Process_2023,Cellular Response To UV (GO:0034644),29/79,1.413549695694678e-4,2.8980794701986756,32.07453917492023,PCNA;KDM1A;XPC;TENT4A;AURKB;CASP9;YY1;STK11;MYC;RUVBL2;POLD1;BAK1;NLRP1;NSMCE3;METTL3;INO80;SIRT1;EIF2S1;DDB2;RBX1;DDB1;CUL4A;ERCC4;ERCC1;RPL26;ATF4;ATR;CUL4B;TAF1,3351
complex_genes,SE,GO_Biological_Process_2023,Positive Regulation Of Protein Modification By Small Protein Conjugation Or Removal (GO:1903322),29/79,1.413549695694678e-4,2.8980794701986756,32.07453917492023,GSK3B;GSK3A;PAXIP1;KDM1A;CUL3;MYCBP2;DERL1;BRCA1;BCL10;TANK;MALT1;FBXO4;CDK5RAP3;FANCI;CENPX;FBXW7;NSMCE3;AXIN1;COMMD1;KLHL40;FBXO33;TRAF6;TBC1D7;CRY1;UBA2;SAE1;BIRC2;BIRC3;CENPS,3351
complex_genes,SE,GO_Molecular_Function_2023,Promoter-Specific Chromatin Binding (GO:1990841),19/42,1.419744408462028e-4,4.122005323868678,45.77138849531532,KDM1A;DHX9;STAT1;GTF2B;PCGF2;TAF10;HNRNPU;BMI1;GTF2F1;GLI2;RBL2;NIPBL;RBL1;POLR2A;MYOD1;PCGF1;E2F4;ATF4;EZH2,3351
complex_genes,SE,GO_Biological_Process_2023,Regulation Of Cell Division (GO:0051302),30/83,1.4347182243624985e-4,2.828654701641356,31.245035457857494,BECN1;BLM;CETN2;PIK3R4;SGF29;KLHL13;AURKB;FLCN;MYC;NLRP5;RACK1;WDR5;MBIP;BBS4;KAT14;UVRAG;DR1;KLHL21;OOEP;KLHL9;KAT2B;KAT2A;TADA2A;ZZZ3;YEATS2;TADA3;PIK3C3;CALM3;CALM1;CALM2,3351
complex_genes,SE,GO_Biological_Process_2023,DNA Unwinding Involved In DNA Replication (GO:0006268),12/20,1.4347182243624985e-4,7.475741239892184,82.56647023573147,GINS1;GINS2;CDC45;RAD51;MCM7;GINS3;GINS4;MCM3;MCM4;MCM5;MCM6;MCM2,3351
complex_genes,SE,GO_Biological_Process_2023,Gamma-Aminobutyric Acid Signaling Pathway (GO:0007214),12/20,1.4347182243624985e-4,7.475741239892184,82.56647023573147,GABRA2;GABRB3;GABBR2;GABRA1;GABRB2;GABRB1;GABRA6;GABRA5;GABRA4;GABRA3;GABRG3;GABRG2,3351
complex_genes,SE,GO_Biological_Process_2023,Nuclear-Transcribed mRNA poly(A) Tail Shortening (GO:0000289),12/20,1.4347182243624985e-4,7.475741239892184,82.56647023573147,CNOT4;PAN2;CNOT6;CNOT6L;CNOT7;CNOT11;CNOT2;CNOT3;TNKS1BP1;CNOT10;CNOT8;CNOT9,3351
complex_genes,SE,GO_Biological_Process_2023,Regulation Of Protein Modification By Small Protein Conjugation Or Removal (GO:1903320),15/29,1.457460931927728e-4,5.3426901336074,58.91305897160789,HSP90AA1;HSP90AB1;EPAS1;GPS1;COPS7B;COPS7A;HIF1A;TGFBR1;COPS4;COPS3;COPS6;COPS5;CTNNB1;COPS8;WASHC1,3351
complex_genes,SE,GO_Biological_Process_2023,miRNA-mediated Gene Silencing (GO:0035195),14/26,1.5353626198864152e-4,5.81655179302767,63.82374486676725,DDX6;NCBP1;NCBP2;CNOT6;CNOT7;AGO3;AGO4;CNOT1;AGO2;CNOT8;EIF4E2;TNRC6A;EIF4G1;TNRC6B,3351
complex_genes,SE,GO_Biological_Process_2023,Positive Regulation Of Cysteine-Type Endopeptidase Activity (GO:2001056),25/64,1.5403233589183279e-4,3.201273571087161,35.110148784035964,NDUFA13;BCL10;NLRC4;MEFV;MALT1;CASP9;PYCARD;GRIN2A;CASP8;MYC;CASP1;NLRP2;NLRP3;PMAIP1;BAK1;FADD;APAF1;DAPK1;BAD;CARD9;SIRT1;GRIN2B;GRIN1;AIM2;CYCS,3351
complex_genes,SE,GO_Cellular_Component_2023,Heterochromatin (GO:0000792),20/49,1.557220345127016e-4,3.441029410242342,33.664431553461704,H2AZ1;CBX3;SUV39H1;CBX2;SMARCA5;BAZ2A;BAZ1A;BAZ1B;SIRT1;RRP8;CHRAC1;INCENP;ORC2;TASOR;POLE3;TNKS1BP1;GET1;NCAPD3;MPHOSPH8;EZH1,3351
complex_genes,SE,GO_Biological_Process_2023,Endosome Organization (GO:0007032),22/53,1.5769627578506265e-4,3.542631227046774,38.763662768842735,WASHC4;ATP6V1A;WASHC5;VPS18;ATP6V0B;RNASEK;ATP6AP1;EXOC8;ATP6AP2;VPS33B;HOOK3;HOOK2;HOOK1;FHIP1B;CHMP2B;VPS11;ATP6V1H;LAMTOR1;ATP6V0C;ATP6V1D;ATP6V0A1;ATP6V1F,3351
complex_genes,SE,GO_Biological_Process_2023,RNA Transport (GO:0050658),18/39,1.5875936820108802e-4,4.276199048476276,46.73619188618312,NUP214;SLBP;POM121;NUP188;NUP155;FMR1;NUP153;YBX1;SNUPN;TGFBR2;NXF2;DDX39A;DDX39B;NUP62;TPR;RAE1;KPNB1;RTRAF,3351
complex_genes,SE,GO_Biological_Process_2023,Anterograde Axonal Transport (GO:0008089),18/39,1.5875936820108802e-4,4.276199048476276,46.73619188618312,SNAPIN;AP3D1;DTNBP1;AP3B2;SOD1;AP3M2;BLOC1S4;AP3M1;BLOC1S5;BLOC1S6;DLG2;KIF3B;BLOC1S1;KIF3A;BLOC1S2;BLOC1S3;AP3S2;AP3S1,3351
complex_genes,SE,GO_Biological_Process_2023,Regulation Of Monoatomic Cation Transmembrane Transport (GO:1904062),18/39,1.5875936820108802e-4,4.276199048476276,46.73619188618312,HCN4;KCNH2;HCN3;KCNE1;KCNE2;KCNIP1;KCNIP2;GRIN2C;GRIN2B;GRIN1;GRIN2D;GRIN2A;DLG1;SCN5A;FGF12;HCN2;SNTA1;HCN1,3351
complex_genes,SE,GO_Biological_Process_2023,Cardiac Conduction (GO:0061337),20/46,1.6451258446200924e-4,3.8387640579174653,41.803476827101946,HCN4;KCNH2;HCN3;KCNJ5;KCNE1;KCNE2;KCND3;CACNA1C;CACNB2;BIN1;KCNQ1;SCN5A;SCN3B;SCN4B;KCNJ2;SCN1B;HCN2;KCNJ3;HCN1;SCN2B,3351
complex_genes,SE,GO_Biological_Process_2023,Replication Fork Processing (GO:0031297),20/46,1.6451258446200924e-4,3.8387640579174653,41.803476827101946,MUS81;BARD1;BLM;PCNA;CENPX;FANCM;FBH1;THOC1;BRCA1;BRCA2;OOEP;CDK9;RAD50;RAD51;EME1;EME2;RBBP8;NBN;ATR;CENPS,3351
complex_genes,SE,GO_Cellular_Component_2023,MLL3/4 Complex (GO:0044666),8/11,1.7023367432089632e-4,13.278292950443713,128.46047507382895,KMT2D;PAXIP1;NCOA6;RBBP5;KMT2C;WDR5;DPY30;KDM6A,3351
complex_genes,SE,GO_Cellular_Component_2023,Mitochondrial Respiratory Chain Complex III (GO:0005750),8/11,1.7023367432089632e-4,13.278292950443713,128.46047507382895,UQCRB;UQCRQ;UQCRC1;UQCR11;CYC1;UQCR10;UQCRC2;UQCRH,3351
complex_genes,SE,GO_Cellular_Component_2023,Respiratory Chain Complex III (GO:0045275),8/11,1.7023367432089632e-4,13.278292950443713,128.46047507382895,UQCRB;UQCRQ;UQCRC1;UQCR11;CYC1;UQCR10;UQCRC2;UQCRH,3351
complex_genes,SE,GO_Biological_Process_2023,Positive Regulation Of Inflammatory Response (GO:0050729),35/104,1.7428470522233913e-4,2.536231884057971,27.4677806536591,IL21;CEBPA;DHX9;KARS1;TRADD;SERPINE1;NLRC4;MEFV;PYCARD;LGALS2;LGALS1;RPS19;CASP1;IGF2BP1;NLRP3;RIPK1;NLRP1;IL33;FEM1A;IL15;IL18;IL2;IL17RA;TNFRSF1A;VAMP8;IL6;AIM2;VAMP7;IFNG;IL6ST;S100A9;TLR4;NAIP;S100A8;TLR2,3351
complex_genes,SE,GO_Biological_Process_2023,CRD-mediated mRNA Stabilization (GO:0070934),8/10,1.747843129147942e-4,19.918635955728387,215.3922722115238,SYNCRIP;DHX9;HNRNPD;IGF2BP1;HNRNPU;PABPC1;YBX1;PAIP1,3351
complex_genes,SE,GO_Biological_Process_2023,SRP-dependent Cotranslational Protein Targeting To Membrane (GO:0006614),8/10,1.747843129147942e-4,19.918635955728387,215.3922722115238,SEC61A2;SRP19;SRP72;SRP54;SRPRA;SRPRB;SEC61B;SRP9,3351
complex_genes,SE,GO_Biological_Process_2023,Positive Regulation Of MHC Class II Biosynthetic Process (GO:0045348),8/10,1.747843129147942e-4,19.918635955728387,215.3922722115238,IL4;XBP1;IFNG;RFX5;RFXAP;RFXANK;JAK2;SIRT1,3351
complex_genes,SE,GO_Biological_Process_2023,Positive Regulation Of Attachment Of Spindle Microtubules To Kinetochore (GO:0051987),8/10,1.747843129147942e-4,19.918635955728387,215.3922722115238,BECN1;KAT2B;CCNB1;KAT5;INCENP;BIRC5;CDCA8;HNRNPU,3351
complex_genes,SE,GO_Biological_Process_2023,Positive Regulation Of Protein Localization To Cajal Body (GO:1904871),8/10,1.747843129147942e-4,19.918635955728387,215.3922722115238,CCT3;CCT6A;DKC1;TCP1;CCT8;CCT7;CCT5;CCT4,3351
complex_genes,SE,GO_Biological_Process_2023,Protein Deneddylation (GO:0000338),8/10,1.747843129147942e-4,19.918635955728387,215.3922722115238,COPS4;COPS3;COPS6;COPS5;GPS1;COPS7B;COPS7A;COPS8,3351
complex_genes,SE,GO_Biological_Process_2023,Regulation Of Protein Localization To Cajal Body (GO:1904869),8/10,1.747843129147942e-4,19.918635955728387,215.3922722115238,CCT3;CCT6A;DKC1;TCP1;CCT8;CCT7;CCT5;CCT4,3351
complex_genes,SE,GO_Biological_Process_2023,Positive Regulation Of Immune Response (GO:0050778),29/80,1.784359798263362e-4,2.8410832123336993,30.65600044167268,ITGAM;DHX9;KARS1;ITGB2;C8B;CFP;C8A;PYCARD;C8G;C6;IFNL1;C7;C9;NLRP3;FADD;IL10;XBP1;IL15;IFNB1;SIRT1;IL2;IFNG;POLR3B;POLR3C;POLR3D;IFNK;POLR3F;POLR3G;IL6ST,3351
complex_genes,SE,GO_Biological_Process_2023,Regulation Of Protein Metabolic Process (GO:0051246),33/96,1.784359798263362e-4,2.6184161428284396,28.250228986835857,CYFIP1;HSP90AB1;CSF1;RPL10;FAF1;NOLC1;FOXO3;TCOF1;SPOP;VPS35;EIF4E;LDLR;EIF2B4;NR1H2;PLAUR;ELP1;ELP2;NR1H3;TSC1;ELP3;ELP4;SNF8;ELP5;EIF2S1;ELP6;HGS;TRAF3;MDM2;GEMIN5;SPOPL;IL17F;CHMP6;EIF4G1,3351
complex_genes,SE,GO_Molecular_Function_2023,RNA Polymerase II Activity (GO:0001055),8/10,1.853760478197977e-4,19.918635955728387,215.3922722115238,POLR2B;POLR2C;POLR2E;POLR2F;POLR2H;POLR2J;POLR2K;POLR2L,3351
complex_genes,SE,GO_Molecular_Function_2023,Glycerophospholipid Flippase Activity (GO:0140333),8/10,1.853760478197977e-4,19.918635955728387,215.3922722115238,ATP8A2;ATP8A1;ATP8B2;ATP8B1;ATP10B;ATP11C;ATP10A;ATP11A,3351
complex_genes,SE,GO_Biological_Process_2023,Clathrin-Coated Vesicle Cargo Loading (GO:0035652),6/6,1.877859270310512e-4,99894,1071125.8289049044,AP3M2;AP3M1;AP3D1;AP3S2;AP3S1;AP3B2,3351
complex_genes,SE,GO_Biological_Process_2023,"Clathrin-Coated Vesicle Cargo Loading, AP-3-mediated (GO:0035654)",6/6,1.877859270310512e-4,99894,1071125.8289049044,AP3M2;AP3M1;AP3D1;AP3S2;AP3S1;AP3B2,3351
complex_genes,SE,GO_Biological_Process_2023,Establishment Of Mitotic Sister Chromatid Cohesion (GO:0034087),6/6,1.877859270310512e-4,99894,1071125.8289049044,NIPBL;STAG1;STAG2;RAD21;SMC1A;SMC3,3351
complex_genes,SE,GO_Biological_Process_2023,Histone H4-K12 Acetylation (GO:0043983),6/6,1.877859270310512e-4,99894,1071125.8289049044,ING5;MEAF6;JADE1;JADE3;KAT7;JADE2,3351
complex_genes,SE,GO_Biological_Process_2023,Nuclear Polyadenylation-Dependent ncRNA Catabolic Process (GO:0071046),6/6,1.877859270310512e-4,99894,1071125.8289049044,EXOSC7;ZCCHC7;EXOSC9;EXOSC8;EXOSC3;EXOSC2,3351
complex_genes,SE,GO_Biological_Process_2023,Nuclear Polyadenylation-Dependent rRNA Catabolic Process (GO:0071035),6/6,1.877859270310512e-4,99894,1071125.8289049044,EXOSC7;ZCCHC7;EXOSC9;EXOSC8;EXOSC3;EXOSC2,3351
complex_genes,SE,GO_Biological_Process_2023,Nuclear Polyadenylation-Dependent tRNA Catabolic Process (GO:0071038),6/6,1.877859270310512e-4,99894,1071125.8289049044,EXOSC7;ZCCHC7;EXOSC9;EXOSC8;EXOSC3;EXOSC2,3351
complex_genes,SE,GO_Biological_Process_2023,Zinc Ion Import Into Organelle (GO:0062111),6/6,1.877859270310512e-4,99894,1071125.8289049044,SLC30A7;SLC30A6;SLC30A8;SLC30A2;SLC30A5;SLC30A10,3351
complex_genes,SE,GO_Biological_Process_2023,N-terminal Protein Amino Acid Acetylation (GO:0006474),10/15,1.9328201466350267e-4,9.96348398683029,106.50938750475314,KAT2B;LSM8;NAA30;NAA10;NAA20;NAA11;NAA25;NAA35;NAA16;NAA15,3351
complex_genes,SE,GO_Biological_Process_2023,Mitotic Chromosome Condensation (GO:0007076),10/15,1.9328201466350267e-4,9.96348398683029,106.50938750475314,NCAPH2;CHMP1A;NCAPG;NCAPD2;NCAPD3;TENT4A;SMC4;NCAPH;SMC2;TTN,3351
complex_genes,SE,GO_Molecular_Function_2023,Aminophospholipid Flippase Activity (GO:0015247),6/6,1.9611126342471336e-4,99894,1071125.8289049044,ATP8A2;TMEM30A;ATP8A1;TMEM30B;ATP8B1;ATP11C,3351
complex_genes,SE,GO_Molecular_Function_2023,Phosphofructokinase Activity (GO:0008443),6/6,1.9611126342471336e-4,99894,1071125.8289049044,PFKFB2;PFKFB4;PFKL;PFKFB3;PFKM;PFKP,3351
complex_genes,SE,GO_Molecular_Function_2023,Signal Recognition Particle Binding (GO:0005047),6/6,1.9611126342471336e-4,99894,1071125.8289049044,SRP72;DERL3;SRPRA;DERL2;SRP68;SRP9,3351
complex_genes,SE,GO_Biological_Process_2023,Cellular Response To Light Stimulus (GO:0071482),25/65,1.9996055184371808e-4,3.121053818400481,33.25204686256572,PCNA;KDM1A;GPR88;TENT4A;AURKB;CASP9;YY1;MYC;RUVBL2;POLD1;BAK1;NSMCE3;METTL3;INO80;EIF2S1;DDB2;RBX1;DDB1;CUL4A;ERCC4;RPL26;ATF4;ATR;CUL4B;TAF1,3351
complex_genes,SE,GO_Biological_Process_2023,Positive Regulation Of Cysteine-Type Endopeptidase Activity Involved In Apoptotic Process (GO:0043280),36/109,2.0412550840580854e-4,2.4659021880617367,26.21648986403421,NDUFA13;VCP;BCL10;NLRC4;MALT1;BBC3;PYCARD;CASP9;PIDD1;CASP8;MYC;NLRP2;CASP1;RACK1;RPS3;NLRP3;PMAIP1;CASP2;NLRP1;IFT57;JAK2;BID;SMAD3;CRADD;APAF1;DAPK1;BAD;CARD9;DYNLL1;SIRT1;COL4A3;CYCS;BAX;PPARG;S100A9;S100A8,3351
complex_genes,SE,GO_Biological_Process_2023,RISC Complex Assembly (GO:0070922),7/8,2.1053980737804594e-4,34.84928229665072,369.03242088334775,AGO3;AGO4;DHX9;AGO1;AGO2;DICER1;TARBP2,3351
complex_genes,SE,GO_Biological_Process_2023,Negative Regulation Of Ubiquitin Protein Ligase Activity (GO:1904667),7/8,2.1053980737804594e-4,34.84928229665072,369.03242088334775,MAD2L2;RPL5;RPS7;RPL11;FBXO5;RPL17;MAD2L1,3351
complex_genes,SE,GO_Biological_Process_2023,Positive Regulation Of Calcium Ion Import Across Plasma Membrane (GO:1905665),7/8,2.1053980737804594e-4,34.84928229665072,369.03242088334775,PPP3CA;PPP3CB;PPP3R1;CALCR;PPP3CC;PPP3R2;RAMP3,3351
complex_genes,SE,GO_Biological_Process_2023,Regulation Of Interleukin-23 Production (GO:0032667),7/8,2.1053980737804594e-4,34.84928229665072,369.03242088334775,CSF2;IFNG;RAC1;TLR4;MYD88;IL17A;IL17RA,3351
complex_genes,SE,GO_Biological_Process_2023,"Retrograde Transport, Vesicle Recycling Within Golgi (GO:0000301)",7/8,2.1053980737804594e-4,34.84928229665072,369.03242088334775,COG8;COG7;COG6;COG5;COG4;COG3;COG2,3351
complex_genes,SE,GO_Biological_Process_2023,tRNA Transcription (GO:0009304),7/8,2.1053980737804594e-4,34.84928229665072,369.03242088334775,GTF3C2;GTF3C3;GTF3C4;GTF3C5;GTF3C6;POLR2F;POLR2L,3351
complex_genes,SE,GO_Molecular_Function_2023,DNA Secondary Structure Binding (GO:0000217),16/33,2.1165627368061924e-4,4.6937472440250465,49.86576041757245,LIN54;BLM;KMT2A;FANCM;XRCC2;XRCC3;SMC5;XPC;SMC6;YY1;MSH6;RAD51B;RAD51D;RAD51C;MSH2;MEN1,3351
complex_genes,SE,GO_Molecular_Function_2023,Telomeric DNA Binding (GO:0042162),16/33,2.1165627368061924e-4,4.6937472440250465,49.86576041757245,CTC1;BLM;SMG1;XRCC6;KDM1A;XRCC5;TINF2;RPA1;TERF1;TERF2;RAD50;TERT;HNRNPD;POT1;TERF2IP;TELO2,3351
complex_genes,SE,GO_Molecular_Function_2023,Ubiquitin-Protein Transferase Inhibitor Activity (GO:0055105),7/8,2.1667533407944694e-4,34.84928229665072,369.03242088334775,RPS15;RPL5;RPS7;RPL11;RPS20;RPL37;RPL17,3351
complex_genes,SE,GO_Biological_Process_2023,Positive Regulation Of Cell Cycle G1/S Phase Transition (GO:1902808),18/40,2.2950513513714558e-4,4.081580885361263,42.86176492771828,RRM1;STIL;RRM2;CPSF3;PEX2;GLI1;PHB2;CDC73;LSM10;RPTOR;CCND2;LSM11;TFDP1;DDRGK1;CENPJ;SASS6;EIF4G1;EZH2,3351
complex_genes,SE,GO_Biological_Process_2023,Maintenance Of Protein Location In Nucleus (GO:0051457),11/18,2.379335989535817e-4,7.829854576561163,81.86828799394178,BARD1;SUN2;SUN1;TAF8;HNRNPU;RANGAP1;TAF3;SUPT7L;BBS4;SYNE1;SKP1,3351
complex_genes,SE,GO_Biological_Process_2023,Nucleosome Disassembly (GO:0006337),11/18,2.379335989535817e-4,7.829854576561163,81.86828799394178,SMARCE1;NFE2;SMARCD1;SMARCC1;SMARCD2;SMARCB1;SMARCC2;SMARCD3;SSRP1;ARID2;SMARCA4,3351
complex_genes,SE,GO_Biological_Process_2023,Positive Regulation Of DNA Replication (GO:0045740),11/18,2.379335989535817e-4,7.829854576561163,81.86828799394178,CTC1;CDT1;PCNA;BRPF3;DHX9;FAF1;SMARCA5;KAT7;BAZ1A;GLI1;GLI2,3351
complex_genes,SE,GO_Biological_Process_2023,Positive Regulation Of Cytokine Production Involved In Inflammatory Response (GO:1900017),11/18,2.379335989535817e-4,7.829854576561163,81.86828799394178,IL6;TICAM2;CARD9;STAT3;TLR6;TICAM1;HIF1A;TLR4;MYD88;IL17RA;IL17A,3351
complex_genes,SE,GO_Biological_Process_2023,"Protein Localization To Chromosome, Centromeric Region (GO:0071459)",11/18,2.379335989535817e-4,7.829854576561163,81.86828799394178,RB1;H2AC8;H4C9;BOD1;ZWILCH;ZW10;H2BC11;CDK1;KNL1;BUB3;CENPA,3351
complex_genes,SE,GO_Cellular_Component_2023,Late Endosome (GO:0005770),56/205,2.4713534582405906e-4,1.882046216048314,17.49406283296731,PCSK9;CHMP1B;CHMP1A;DENND10;IL12A;VPS35;VPS36;AP5S1;VPS39;UBXN6;MBL2;VPS18;ANXA2;EXOC8;SLC30A3;SLC30A2;VPS33A;SLC30A4;VPS33B;AP5B1;VAMP8;VAMP7;KCNQ1;CHMP4C;CHMP3;CHMP4A;PIK3C3;CHMP6;CHMP7;CHMP5;COLEC10;TSG101;AP5Z1;VPS4A;PIK3R4;ATP10B;VPS26B;AP5M1;VPS8;VPS11;LDLR;VPS16;UVRAG;TMEM30A;SNF8;GRIN2B;RMC1;CHMP2B;VPS41;CHMP2A;LAMTOR2;VIPAS39;LAMTOR1;LAMTOR4;LAMTOR3;LAMTOR5,3351
complex_genes,SE,GO_Biological_Process_2023,RNA Methylation (GO:0001510),24/62,2.4846285984929243e-4,3.1533387119738028,32.82285815706275,TRMT10C;NSUN4;WTAP;METTL1;METTL3;THUMPD2;THUMPD3;TFB2M;VIRMA;FBL;TRMT112;METTL14;SNRPD2;SNRPD1;TRMT6;SNRPG;METTL5;SNRPE;SNRPD3;SNRPF;ZC3H13;CBLL1;TRMT61A;SNRPB,3351
complex_genes,SE,GO_Biological_Process_2023,Positive Regulation Of Apoptotic Signaling Pathway (GO:2001235),24/62,2.4846285984929243e-4,3.1533387119738028,32.82285815706275,BECN1;CRADD;IFNB1;TRAF2;BCL10;TGFBR1;BBC3;PYCARD;ING5;BCLAF1;DDIT3;RACK1;RPS3;PMAIP1;BAX;RIPK1;LTB;TLR6;FADD;LTBR;BID;S100A9;TLR4;S100A8,3351
complex_genes,SE,GO_Molecular_Function_2023,Protein Kinase Binding (GO:0019901),121/511,2.5822272885107325e-4,1.5617520044455029,16.246956350499993,ATF2;CCNK;MAML1;ACTB;PPP1CB;GOLGA2;UXT;PPP1CC;CCND3;CCND2;RPS19;CCND1;FBXO5;FBXO7;CDK5RAP3;IFNAR2;PDGFRB;IL15RA;PRKAB2;FBXW5;TICAM2;RPS7;PIH1D1;RPS6;AP1B1;TICAM1;ATG13;PRKAB1;KCNQ1;ATF7;UBE2V1;UTRN;LLGL1;NAIP;TELO2;ATF4;PFKFB2;MAPKAP1;BCL10;FOXO3;HIF1A;CCNB1;IRAK1;PDCD10;ORC3;TPR;CEP192;SMAD3;TRIP4;ESR1;POLA1;MAVS;CALM3;CALM1;CALM2;RAD9A;ITGB1;RYR2;GSK3B;GSK3A;PRKCSH;FAF1;ITGB2;PRKAG1;PRKAG2;ILK;AP2A1;FOXM1;CD3E;AP2A2;PKD1;PRKAG3;IKBKB;RPTOR;CASP9;UFL1;QARS1;SUFU;RB1CC1;RACK1;RAC3;ITGAV;RAC1;SCN5A;JAK2;HSP90AA1;AXIN1;TRAF2;AXIN2;IRAK4;SIRT1;YWHAZ;CCNA2;KAT2B;TRAF6;RARA;SMCR8;EXOC2;BECN1;MVP;RELA;TTN;RELB;ADD2;RPS3;RICTOR;TNNI3;BAD;CEP152;STAT3;TPRKB;USF1;MAD2L2;CD4;STING1;APC;CENPJ;CD247;CDK5R2;LIMS1;CDK5R1,3351
complex_genes,SE,GO_Biological_Process_2023,Plasma Membrane Repair (GO:0001778),12/21,2.5963216057468493e-4,6.644704003194569,68.8597988498901,VPS4B;CHMP1B;VPS4A;CHMP1A;CHMP2B;CHMP2A;CHMP4C;CHMP3;CHMP4A;CHMP6;CHMP7;CHMP5,3351
complex_genes,SE,GO_Cellular_Component_2023,Asymmetric Synapse (GO:0032279),40/133,2.5984246688464887e-4,2.1506675370141237,19.869297377705426,GRIA1;GRIA2;RPL30;NLGN1;FMR1;RPL12;RPLP0;CACNA1C;AKAP5;RPL8;FOXM1;ADD3;ADD1;RPL7;ADD2;FXR1;RPS14;GRIN2A;FXR2;RPS19;RPS18;RPL14;RPS3;RPL38;RPS13;DTNB;KCND2;KCND3;DTNBP1;TSC2;SCRIB;GRIN2B;GRIN1;RPS25;DLG2;CDK5;DLG4;DLG5;STRN;CDK5R1,3351
complex_genes,SE,GO_Biological_Process_2023,mRNA Polyadenylation (GO:0006378),13/24,2.606576079898204e-4,5.890680320278882,61.01172982385901,PNPT1;CPSF1;CPSF3;CSTF3;CPSF2;PEX2;TENT4B;CDC73;WDR33;PCF11;LEO1;SYMPK;PABPC1,3351
complex_genes,SE,GO_Molecular_Function_2023,DNA Polymerase Activity (GO:0034061),12/21,2.645464378363229e-4,6.644704003194569,68.8597988498901,POLB;POLD3;POLE4;POLA1;TERT;POLD1;POLE2;POLE3;REV3L;TENT4A;POLE;POLG,3351
complex_genes,SE,GO_Molecular_Function_2023,Peptidase Activator Activity (GO:0016504),13/24,2.645464378363229e-4,5.890680320278882,61.01172982385901,PSENEN;VCP;WDR48;PSMD14;NLRC4;TANK;CLPX;APH1A;APH1B;PSME3;PSME4;PSME1;PSME2,3351
complex_genes,SE,GO_Biological_Process_2023,Negative Regulation Of Transferase Activity (GO:0051348),17/37,2.6951464974199897e-4,4.239547090581883,43.76095880751975,EIF4A2;GSK3B;GSK3A;NPRL2;PNKP;TINF2;BUB1B;HNRNPU;XRCC1;TERF1;CDC20;ERCC4;POT1;BUB3;FBXO5;MEN1;MAD2L1,3351
complex_genes,SE,GO_Cellular_Component_2023,Cytoplasmic Vesicle Membrane (GO:0030659),94/389,2.7316354534017735e-4,1.5999708580736145,14.691380876933746,ITGB1;NCF4;AP2A1;TCIRG1;AP2A2;PKD1;AP1G1;CHMP1B;AP1S2;ITGAX;AP1S1;VPS35;AP1S3;RAC1;MAP3K7;VPS39;AP2M1;SGCG;PSENEN;VPS18;ATP6V0B;TICAM2;SLC30A8;ATP6AP1;VPS33A;SLC30A5;VPS33B;SLC30A4;ATP6AP2;VPS37C;AP1B1;VPS37D;VPS37A;SLC30A1;VPS37B;IRAK4;TICAM1;VAMP8;ACE2;VAMP7;TRAF6;EXOC3;CHMP6;UBA52;VPS25;ATP6V0C;TLR4;VPS28;TLR2;GRIA1;GRIA2;TSG101;VPS4B;COPB1;VPS4A;LY96;VPS26A;APH1A;NCSTN;SNX1;APH1B;SNX2;CXCR1;IRAK1;IRAK2;TMEM67;CXCR2;VPS11;AP2S1;ATP6V0A2;MVB12A;ATP6V0A4;RIPK1;RPS27A;LDLR;AP1M2;VPS16;AP1M1;ATP6V0A1;AP3D1;SNF8;AP2B1;STING1;APPBP2;DLG4;VPS41;MDM2;UBAP1;TAB3;LAMTOR2;TAB2;TAB1;LAMTOR3;MYD88,3351
complex_genes,SE,GO_Biological_Process_2023,Regulation Of DNA Recombination (GO:0000018),19/44,2.7613567619000687e-4,3.7917887154861947,39.04019607360295,IL10;BLM;KDM1A;THOC1;RPA2;SPIDR;IL4;MSH6;RAD50;PPP4C;RAD51;PPP4R2;MSH2;MSH3;FIGNL1;SHLD2;TERF2IP;KPNA2;KPNA1,3351
complex_genes,SE,GO_Molecular_Function_2023,mRNA Binding (GO:0003729),74/282,2.7899540193477055e-4,1.7849258233374803,18.37326080147655,EIF4A1;RPL5;MRPS11;FMR1;EIF4A3;HNRNPU;RPL7;EDC3;RPS14;SYNCRIP;METTL14;PCF11;SNRNP70;RPL35;SNIP1;RPS13;NELFE;AQR;RPS7;NCBP1;NCBP2;RPS5;METTL3;RPL13A;THOC2;MRPS7;THOC5;RNF40;RPL24;GEMIN5;PPIE;ETF1;NCBP3;RPL26;PABPC1;FYTTD1;SLBP;DDX6;RBM8A;DHX9;POLDIP3;CSTF3;SF3B6;CSTF2;CSTF2T;MRPL12;MRPL13;FXR1;FXR2;TPR;RPS3;IGF2BP1;RPS2;SF3B1;CCT5;RNF20;RPL41;CHTOP;CPSF7;CPSF6;ALYREF;EIF2S2;EIF2S1;HNRNPAB;RPS26;NUDT21;AGO2;RBM42;RNPS1;DCP1A;EIF4G3;EIF3D;DCP1B;EIF4G1,3351
complex_genes,SE,GO_Biological_Process_2023,Organelle Organization (GO:0006996),102/418,2.882665078082018e-4,1.6226667601715816,16.634223802617804,RB1;PHB1;UBXN2B;UBXN2A;PHB2;GOLGA2;MYC;TRAPPC12;TRAPPC11;KIFAP3;VPS18;PRKCI;COG8;COG7;FBXW8;COG6;COG5;COG4;COG3;COG2;COG1;IRAG2;LIG4;BIN1;KAT6A;ZW10;CHMP4C;PHIP;WDPCP;CHMP4A;OBSL1;BLZF1;CUL7;SAR1A;SAR1B;MAPKAP1;CDCA8;STRIP1;STRIP2;TERT;ATXN7;KIF3A;VPS11;SEC31B;SEC31A;ATP8B4;ATP8B3;ATP8B2;ATP8B1;HPS3;HPS6;TRAPPC8;FANCG;KLHL20;NSFL1C;NPLOC4;CHMP2B;RANBP10;CHMP2A;PRR5;FAF2;PKD2;SYNE3;SYNE1;SEC61A1;CAPZB;CHMP1B;CHMP1A;KRT25;MLST8;PDCD6IP;PEX2;PEX1;IQCG;GORASP2;GORASP1;PEX6;CHMP3;CHMP6;CHMP7;CHMP5;STX17;VPS4B;VPS4A;HSD17B10;LMAN1;CECR2;VPS51;RICTOR;SPTSSB;CENPT;CENPW;MTX1;NAA10;CSNK1A1;MTX2;RANBP9;PEX10;PEX12;MTOR;PEX14;VAPA,3351
complex_genes,SE,GO_Biological_Process_2023,Cotranslational Protein Targeting To Membrane (GO:0006613),9/13,3.135313909404638e-4,11.206238779174146,113.91508425528782,SRP19;SEC61A1;SRP72;SSR2;SRP54;SRPRA;SSR1;SRP14;SRP9,3351
complex_genes,SE,GO_Molecular_Function_2023,Nucleosomal DNA Binding (GO:0031492),16/34,3.166481938701578e-4,4.432716974845911,45.020906371187294,H2AZ1;MBD3;SMARCE1;HDAC2;SMARCD2;SMARCC1;SMARCB1;SMARCC2;HDAC1;ACTL6A;MBD2;CHD4;GATAD2B;SMARCA4;RBBP4;MTA2,3351
complex_genes,SE,GO_Biological_Process_2023,Cellular Response To Radiation (GO:0071478),20/48,3.218024380664829e-4,3.5641377535703564,36.131336246236934,BARD1;BLM;NSMCE3;GPR88;HUS1;LIG4;BRCA1;INO80;BRCA2;TANK;SIRT1;SPIDR;RAD51;ERCC4;FIGNL1;SWI5;TNKS1BP1;INTS7;CLOCK;RAD9A,3351
complex_genes,SE,GO_Cellular_Component_2023,Cdc73/Paf1 Complex (GO:0016593),5/5,3.2804467558516896e-4,83245,743784.9907973944,SKIC8;CTR9;LEO1;PEX2;RTF1,3351
complex_genes,SE,GO_Cellular_Component_2023,PAR Polarity Complex (GO:0120157),5/5,3.2804467558516896e-4,83245,743784.9907973944,PARD6B;PRKCI;PARD6A;PARD6G;PRKCZ,3351
complex_genes,SE,GO_Cellular_Component_2023,THO Complex Part Of Transcription Export Complex (GO:0000445),5/5,3.2804467558516896e-4,83245,743784.9907973944,THOC3;THOC2;THOC5;THOC7;THOC6,3351
complex_genes,SE,GO_Cellular_Component_2023,Sarcoglycan Complex (GO:0016012),5/5,3.2804467558516896e-4,83245,743784.9907973944,SGCE;SGCD;SGCB;SGCZ;SGCG,3351
complex_genes,SE,GO_Cellular_Component_2023,Shelterin Complex (GO:0070187),5/5,3.2804467558516896e-4,83245,743784.9907973944,TINF2;POT1;TERF2IP;TERF1;TERF2,3351
complex_genes,SE,GO_Cellular_Component_2023,"Signal Recognition Particle, Endoplasmic Reticulum Targeting (GO:0005786)",5/5,3.2804467558516896e-4,83245,743784.9907973944,SRP19;SRP72;SRP54;SRP68;SRP9,3351
complex_genes,SE,GO_Cellular_Component_2023,Transcription Factor TFIIIC Complex (GO:0000127),5/5,3.2804467558516896e-4,83245,743784.9907973944,GTF3C2;GTF3C3;GTF3C4;GTF3C5;GTF3C6,3351
complex_genes,SE,GO_Cellular_Component_2023,Uniplex Complex (GO:1990246),5/5,3.2804467558516896e-4,83245,743784.9907973944,SMDT1;MCUB;MICU3;MICU2;MICU1,3351
complex_genes,SE,GO_Cellular_Component_2023,MICOS Complex (GO:0061617),6/7,3.2804467558516896e-4,29.861883408071748,266.71090386379393,CHCHD3;APOOL;CHCHD6;IMMT;MICOS13;MICOS10,3351
complex_genes,SE,GO_Cellular_Component_2023,TORC2 Complex (GO:0031932),6/7,3.2804467558516896e-4,29.861883408071748,266.71090386379393,PRR5;MLST8;RICTOR;MTOR;TELO2;TTI1,3351
complex_genes,SE,GO_Cellular_Component_2023,Ribonuclease MRP Complex (GO:0000172),6/7,3.2804467558516896e-4,29.861883408071748,266.71090386379393,POP5;POP7;POP4;RPP30;RPP40;RPP25,3351
complex_genes,SE,GO_Biological_Process_2023,Double-Strand Break Repair Via Nonhomologous End Joining (GO:0006303),18/41,3.358986332843244e-4,3.9038860407779907,39.4010665635961,UVRAG;XRCC6;KDM2A;PSMD14;XRCC4;PRKDC;XRCC5;PNKP;NSMCE2;LIG4;SMC5;PRPF19;POLB;POLA1;ERCC4;ERCC1;ERCC8;ERCC6,3351
complex_genes,SE,GO_Molecular_Function_2023,Histone Deacetylase Binding (GO:0042826),33/99,3.391184000494242e-4,2.4989451476793247,25.183327054137607,PHB1;HDAC2;HSP90AB1;HDAC1;GMNN;LEF1;CHD4;GLI3;RELA;NIPBL;MTA1;CCND1;RBBP4;MIER2;MIER1;SUDS3;KPNA2;MTA2;MTA3;HSP90AA1;FOXP3;USF1;KAT2B;NUDT21;KAT2A;SFPQ;BRMS1;TRAF6;BRMS1L;LCOR;UBE2V1;BCOR;RAD9A,3351
complex_genes,SE,GO_Cellular_Component_2023,Endoplasmic Reticulum Lumen (GO:0005788),72/284,3.4125307773919493e-4,1.7024633603203922,15.12821489027653,COL18A1;COL16A1;CSF1;COL14A1;PRKCSH;COL12A1;TNC;PCSK9;LAMC1;LGALS1;COL10A1;IL12A;SGCG;MEN1;PDIA3;FGA;COL27A1;COL25A1;COL23A1;FGG;PLAUR;CCNA2;COL2A1;COL4A2;COL4A1;COL4A4;COL6A2;COL4A3;COL6A1;COL8A2;COL4A6;COL8A1;COL21A1;COL4A5;COL6A3;MATN3;COL17A1;COL15A1;COL13A1;COL11A1;EBI3;COL11A2;PDGFB;PDGFA;CFP;THBS1;COL19A1;VCPIP1;GANAB;PDGFD;PDGFC;COL28A1;COL26A1;COL24A1;ERAP2;LAMB2;COL22A1;ERAP1;FN1;LAMB1;COL1A1;COL3A1;IL6;COL1A2;COL5A1;COL5A3;COL7A1;COL5A2;COL9A1;COL20A1;COL9A3;COL9A2,3351
complex_genes,SE,GO_Biological_Process_2023,Positive Regulation Of Cellular Catabolic Process (GO:0031331),44/146,3.437960175045108e-4,2.15842805220062,21.730467845122,RBM27;GSK3B;BECN1;GSK3A;PRKAA1;PRKAA2;NPRL2;NPRL3;PIK3CB;AMBRA1;FOXO3;MEFV;HIF1A;RPTOR;FLCN;UFL1;STK11;TBK1;KAT5;ATG101;RB1CC1;PHKG2;MLST8;SH3BP4;PNPT1;DAPK1;BAD;IFNB1;ARNT;TICAM1;TNFRSF1B;ATG13;MTOR;SUPV3L1;MLXIPL;CNOT7;CCNY;IFNG;CNOT1;ULK1;CNOT8;DEPDC5;ATF6;CDK16,3351
complex_genes,SE,GO_Molecular_Function_2023,RNA Polymerase II Complex Binding (GO:0000993),15/31,3.5578256564049285e-4,4.674291816546763,46.78239032104467,URI1;DHX9;GTF2B;CTR9;SUPT4H1;HNRNPU;ELP2;PEX2;ELP4;CCAR2;CDC73;WDR43;PCF11;AGO2;RTRAF,3351
complex_genes,SE,GO_Molecular_Function_2023,snoRNA Binding (GO:0030515),15/31,3.5578256564049285e-4,4.674291816546763,46.78239032104467,NOP56;NOP14;NOP58;UTP6;PRKDC;XRCC5;WDR3;HEATR1;DDX21;SNU13;RRP9;TBL3;DKC1;NHP2;NOP10,3351
complex_genes,SE,GO_Molecular_Function_2023,Chromatin DNA Binding (GO:0031490),29/83,3.5578256564049285e-4,2.6827602738198766,26.82533123000886,HDAC2;SMARCD2;SMARCB1;DHX9;HDAC1;HNRNPU;CHD4;FOXO3;RELA;RBBP4;RUVBL2;MTA2;KDM6A;H2AZ1;MBD3;SMARCE1;SUZ12;SMARCC1;SMARCC2;ACTL6A;MBD2;STAT3;GATAD2B;SMARCA4;PER1;POLE3;RARA;CLOCK;EZH2,3351
complex_genes,SE,GO_Biological_Process_2023,Cell Cycle G1/S Phase Transition (GO:0044843),21/52,3.6160667292904527e-4,3.3805870386515546,33.85796549521729,CUL3;CUL2;CUL1;GSPT1;CCNA2;CUL4A;CCND3;CCND2;CDK6;CCND1;CCNE2;CCNE1;CDK4;MYC;CDK3;CDK2;E2F1;E2F3;POLE;EIF4E;CUL4B,3351
complex_genes,SE,GO_Biological_Process_2023,Plasma Membrane Bounded Cell Projection Assembly (GO:0120031),72/275,3.748373890612416e-4,1.7789155350438752,17.749428914494644,ITGB1;CYFIP1;TRAF3IP1;IFT172;IFT52;MCIDAS;TCTN3;TCTN2;TCTN1;IQUB;TMEM107;BBS9;BBS7;RAC1;IFT57;BBS5;CC2D2A;CEP290;SNAP29;BBS4;ACTR3;IQCB1;ACTR2;FBXW8;IFT140;IFT80;WDR35;IFT88;IFT43;IFT81;TMEM216;WDPCP;PHIP;IFT46;VCL;NOTCH1;INTU;SDCBP;IFT74;KIF3B;KIF3A;TMEM67;TTC21B;FLNA;ATP6V1D;BBS2;PLK4;BBS1;SEPTIN2;WDR19;SEPTIN6;IFT122;PARVA;FUZ;BBIP1;PARVB;SEPTIN7;TMEM231;IFT20;AHI1;TTC8;IFT22;TMEM17;TMEM237;CENPJ;MKS1;IFT27;B9D1;CCDC65;FXYD5;B9D2;CLUAP1,3351
complex_genes,SE,GO_Molecular_Function_2023,Protein Serine/Threonine Kinase Activator Activity (GO:0043539),22/56,3.803758897396604e-4,3.229463007792483,32.04390357951566,CCNK;CCNT1;CAB39;CAB39L;STRADA;STRADB;CCND3;CCNB1;CCND2;CCND1;KAT5;CCNY;STING1;TRAF6;MLST8;RICTOR;CALM3;TAB2;CALM1;CALM2;CDK5R2;CDK5R1,3351
complex_genes,SE,GO_Cellular_Component_2023,COPI Vesicle Coat (GO:0030126),8/12,3.9432688295195284e-4,9.958121447801377,86.99034621259239,COPB2;COPA;COPB1;COPZ2;COPG2;COPG1;COPE;COPZ1,3351
complex_genes,SE,GO_Biological_Process_2023,Chromosome Organization (GO:0051276),19/45,3.9669988327409723e-4,3.645731369470865,36.15609182609823,RB1;CENPT;CENPW;H4C9;NAA10;NUP133;NUP155;CDCA8;LIG4;AXIN2;MSH6;CENPH;MSH2;MSH3;MYC;KAT6A;NUF2;H3C1;RAE1,3351
complex_genes,SE,GO_Biological_Process_2023,Mitotic Nuclear Division (GO:0140014),19/45,3.9669988327409723e-4,3.645731369470865,36.15609182609823,MIS12;NCAPG2;KLHL22;INO80;SMC1A;SMC4;NSL1;NDC80;ZWINT;DSN1;KIF3B;CENPI;ZW10;NUP62;CENPK;CHMP2A;KNTC1;CHMP4A;CHMP7,3351
complex_genes,SE,GO_Biological_Process_2023,Response To Peptide (GO:1901652),17/38,4.037048169174985e-4,4.037421087211129,39.96270061082205,EIF2B5;STAT5A;EIF2B4;STAT5B;EIF2B3;RAMP3;EIF2B2;STAT1;STAT2;STAT3;GNAI1;CALCR;STAT4;KAT7;STAT6;NLRP1;EIF2B1,3351
complex_genes,SE,GO_Biological_Process_2023,Regulation Of Chromosome Segregation (GO:0051983),14/28,4.0890535099200466e-4,4.985016481869943,49.26932308809767,RMI2;IHO1;CSNK2A1;NCAPH2;NCAPG2;CSNK2A2;NCAPG;SMC5;SMC6;SMC4;NCAPH;SMC2;NCAPD2;NCAPD3,3351
complex_genes,SE,GO_Cellular_Component_2023,Postsynaptic Density Membrane (GO:0098839),15/34,4.1000205011373274e-4,3.935535781900795,34.20284049191402,GRIA1;GRIA2;GRIK5;GRIK3;GRIK4;GRIK1;GRIK2;GRIN2C;GRIN2B;GRIN2D;GRIN2A;DLG1;DLG2;DLG3;DLG4,3351
complex_genes,SE,GO_Biological_Process_2023,Establishment Of Protein Localization To Endoplasmic Reticulum (GO:0072599),10/16,4.1191269195719446e-4,8.302404469719646,81.96612710941635,RYR2;SEC61A1;SPCS3;SPCS2;SPCS1;SEC61G;SRP54;SRPRA;SRPRB;SRP14,3351
complex_genes,SE,GO_Biological_Process_2023,Membrane Depolarization During Cardiac Muscle Cell Action Potential (GO:0086012),10/16,4.1191269195719446e-4,8.302404469719646,81.96612710941635,HCN4;CACNB2;CACNA1C;SCN5A;SCN3B;SCN4B;HCN2;KCNJ2;SCN1B;SCN2B,3351
complex_genes,SE,GO_Biological_Process_2023,Monoatomic Cation Transmembrane Transport (GO:0098655),73/281,4.327309493737088e-4,1.7602680457126765,17.28845163742887,TCIRG1;PKD2;PKD1;RYR3;SCN9A;ITGAV;SCN5A;SCN1B;CCDC51;KCNH2;SLC6A19;ATP6V0B;TRPC5;SLC30A8;KCND2;SLC30A3;ATP6AP1;SLC30A2;ABCC8;TRPC4;SLC30A5;TRPC1;SLC30A4;ATP6AP2;SLC30A1;ATP1B1;CACNB1;SCNN1G;SCN10A;SCNN1D;KCNQ1;SCNN1B;SCNN1A;SCN4A;ATP6V0C;SCN4B;ATP6V1A;HCN4;HCN3;KCNE1;RNASEK;KCNE2;ABCB8;CACNA1C;ATP1A1;SLC30A10;NALCN;GRIN2A;ATP5F1B;ATP6V0A2;ATP6V1H;ATP6V0A4;CACNA1S;CACNG1;SCN3B;ATP6V1D;ATP5MF;KCNJ2;ATP6V0A1;ATP6V1F;KCNJ11;GRIN2C;GRIN2B;GRIN2D;GRIN1;TMCO1;ATP4A;FXYD2;ATP5PO;SCN2A;HCN2;SCN2B;HCN1,3351
complex_genes,SE,GO_Molecular_Function_2023,DNA Polymerase Binding (GO:0070182),11/19,4.407207232403221e-4,6.850711077844311,66.83213159186175,FANCI;CDT1;HSP90AA1;HSP90AB1;PCNA;RAD51;POLG2;FANCD2;NABP2;NAT10;SMARCA4,3351
complex_genes,SE,GO_Molecular_Function_2023,RNA Cap Binding (GO:0000339),11/19,4.407207232403221e-4,6.850711077844311,66.83213159186175,CYFIP1;EIF4A1;NCBP1;NCBP2;GEMIN5;NCBP3;EIF4E2;EIF3D;EIF4E;EIF4G3;SNUPN,3351
complex_genes,SE,GO_Biological_Process_2023,Nuclear Export (GO:0051168),20/49,4.4720922715730583e-4,3.441029410242342,33.664431553461704,WASHC4;NUP214;RANBP2;POM121;UBE2I;NUP188;NUP155;STRADA;STRADB;NUP153;RANGAP1;PKD1;MALT1;DDX39A;DDX39B;NEMF;NUP42;NUP62;TPR;RAE1,3351
complex_genes,SE,GO_Biological_Process_2023,Positive Regulation Of miRNA Metabolic Process (GO:2000630),20/49,4.4720922715730583e-4,3.441029410242342,33.664431553461704,IL10;SREBF1;JUN;PNPT1;SMAD3;STAT3;PDGFB;FOS;FOXO3;HIF1A;RELA;SMARCA4;FOSL1;MYCN;TERT;MYC;MYB;PPARG;HRAS;TEAD1,3351
complex_genes,SE,GO_Biological_Process_2023,Proton Transmembrane Transport (GO:1902600),20/49,4.4720922715730583e-4,3.441029410242342,33.664431553461704,ATP6V1A;ATP6V0B;RNASEK;ATP6AP1;ATP6AP2;TCIRG1;ATP1A1;ATP1B1;ATP4A;ATP5F1B;FXYD2;ATP6V0A2;ATP5PO;ATP6V1H;ATP6V0A4;ATP6V0C;ATP6V1D;ATP5MF;ATP6V0A1;ATP6V1F,3351
complex_genes,SE,GO_Biological_Process_2023,Positive Regulation Of Cellular Component Organization (GO:0051130),36/113,4.53703273120774e-4,2.3372392313568784,22.82794652659332,RB1;GSK3B;VCP;ICE1;AHNAK;ABCB7;FAF1;NRXN1;ATP10A;ADD1;CDC20;LMAN1;CHAF1B;BCL2L11;RELN;RACK1;HAS3;RPS3;BAK1;BID;FNIP1;FNIP2;S100A10;SLF1;SLF2;TMEM30A;ANXA2;BIK;SPIDR;TGFBR1;VEGFA;IFNG;BAX;CBLL1;ANAPC2;CRB3,3351
complex_genes,SE,GO_Biological_Process_2023,Negative Regulation Of Telomere Maintenance Via Telomerase (GO:0032211),11/19,4.581644641443347e-4,6.850711077844311,66.83213159186175,CTC1;EXOSC10;XRN1;TINF2;HNRNPU;NAT10;POT1;TERF1;TENT4B;TERF2;DCP2,3351
complex_genes,SE,GO_Molecular_Function_2023,Transcription Corepressor Binding (GO:0001222),18/42,4.601852112708728e-4,3.740999099909991,36.297505081327216,SUZ12;HDAC1;EED;STAT1;PHF1;LEF1;TRAPPC2B;ESR1;PER2;PER1;PER3;CNOT2;MTF2;CTNNB1;LCOR;ELOB;ELOC;EZH2,3351
complex_genes,SE,GO_Biological_Process_2023,Protein Neddylation (GO:0045116),12/22,4.643870657051435e-4,5.979874213836478,58.24545462159674,COPS4;COPS3;COPS6;COPS5;GPS1;COPS2;UBA3;COPS7B;COPS7A;NAE1;COPS8;RBX1,3351
complex_genes,SE,GO_Molecular_Function_2023,Single-Stranded Telomeric DNA Binding (GO:0043047),8/11,4.688161908635907e-4,13.278292950443713,128.46047507382895,RAD50;NABP2;RPA1;POT1;RPA2;TERF2IP;TERF1;TERF2,3351
complex_genes,SE,GO_Cellular_Component_2023,Postsynaptic Specialization Membrane (GO:0099634),16/38,4.846113977393229e-4,3.625896142837672,30.88449490931661,GRIA1;GRIA2;NLGN1;GRIK5;GRIK3;GRIK4;GRIK1;GRIK2;GRIN2C;GRIN2B;GRIN2D;GRIN2A;DLG1;DLG2;DLG3;DLG4,3351
complex_genes,SE,GO_Biological_Process_2023,"RNA Splicing, Via Endonucleolytic Cleavage And Ligation (GO:0000394)",8/11,4.890589289398597e-4,13.278292950443713,128.46047507382895,DDX1;RTCB;ZBTB8OS;FAM98B;FAM98A;TSEN2;TSEN54;RTRAF,3351
complex_genes,SE,GO_Biological_Process_2023,Phosphatidylinositol-3-Phosphate Biosynthetic Process (GO:0036092),8/11,4.890589289398597e-4,13.278292950443713,128.46047507382895,BECN1;UVRAG;PIK3CA;PIK3R4;PIK3CD;PIK3C3;PIK3CB;PIK3CG,3351
complex_genes,SE,GO_Biological_Process_2023,Positive Regulation Of Circadian Rhythm (GO:0042753),8/11,4.890589289398597e-4,13.278292950443713,128.46047507382895,NLGN1;KAT5;FBXW11;THRAP3;NKX2-1;BMAL2;BTRC;CLOCK,3351
complex_genes,SE,GO_Biological_Process_2023,Positive Regulation Of Metaphase/Anaphase Transition Of Cell Cycle (GO:1902101),8/11,4.890589289398597e-4,13.278292950443713,128.46047507382895,CDC20;RB1;CDC23;ANAPC7;CUL3;CDC16;NSMCE2;ANAPC5,3351
complex_genes,SE,GO_Biological_Process_2023,Positive Regulation Of Mitotic Metaphase/Anaphase Transition (GO:0045842),8/11,4.890589289398597e-4,13.278292950443713,128.46047507382895,CDC20;RB1;CDC23;ANAPC7;CUL3;CDC16;NSMCE2;ANAPC5,3351
complex_genes,SE,GO_Biological_Process_2023,Regulation Of Endosome Size (GO:0051036),8/11,4.890589289398597e-4,13.278292950443713,128.46047507382895,SNAPIN;BLOC1S1;BLOC1S2;KXD1;BORCS8;BORCS7;BORCS6;BORCS5,3351
complex_genes,SE,GO_Biological_Process_2023,Regulation Of mRNA 3'-End Processing (GO:0031440),8/11,4.890589289398597e-4,13.278292950443713,128.46047507382895,BARD1;CDK9;NCBP1;NCBP2;ZC3H3;LEO1;PEX2;CDC73,3351
complex_genes,SE,GO_Biological_Process_2023,sno(s)RNA 3'-End Processing (GO:0031126),8/11,4.890589289398597e-4,13.278292950443713,128.46047507382895,EXOSC6;FBL;EXOSC5;EXOSC10;EXOSC4;EXOSC3;EXOSC2;TENT4B,3351
complex_genes,SE,GO_Biological_Process_2023,Cellular Response To Organonitrogen Compound (GO:0071417),34/105,4.891108986547301e-4,2.393355611510486,23.145887572412352,GABRB3;HCN4;GABRB2;HCN3;KCNE1;GABRB1;BRCA1;PKD2;ACTB;RYR3;RELA;RPTOR;GLRA1;GLRA2;CAPN2;SH3BP4;XBP1;GABRG2;MTOR;RRAGA;RRAGC;RRAGB;KCNQ1;LARS1;RRAGD;CTNNB1;LAMTOR2;LAMTOR1;LAMTOR4;LAMTOR3;HCN2;HCN1;LAMTOR5;TAF1,3351
complex_genes,SE,GO_Biological_Process_2023,Intrinsic Apoptotic Signaling Pathway (GO:0097193),34/105,4.891108986547301e-4,2.393355611510486,23.145887572412352,CEBPB;PRKDC;CUL3;CUL2;CUL1;BRCA1;RRP8;BBC3;PYCARD;BAG6;CASP9;STK11;BCL2L11;E2F1;PMAIP1;CASP2;BAK1;IKBKE;FNIP2;MCL1;APAF1;BAD;TRAF2;TNFRSF1B;MSH6;CUL4A;MYBBP1A;DDIT3;BCL2;CYCS;BAX;SCN2A;BCL2L2;ATF4,3351
complex_genes,SE,GO_Cellular_Component_2023,U1 snRNP (GO:0005685),10/18,4.902828492270148e-4,6.226055073331338,52.92347737950375,SNRPD2;SNRNP70;SNRPD1;SNRPG;SNRPB2;SNRPE;SNRPD3;SNRPF;SNRPA;SNRPB,3351
complex_genes,SE,GO_Biological_Process_2023,Regulation Of Inflammatory Response (GO:0050727),64/240,5.152596891085467e-4,1.8223857067787703,17.526029622179195,RB1;IL21;IL22;IL20;TRADD;SERPINE1;TNC;PYCARD;UFL1;LGALS2;LGALS1;CASP1;VPS35;JAK2;IL10;IL1R1;IL15;IL13;IL18;ARNT;TNFRSF1B;IL17RA;FOXP1;TNFRSF1A;ACE2;PSMA6;AIM2;IFNG;PPARG;TLR4;S100A9;NAIP;S100A8;BIRC2;TLR2;BIRC3;CEBPA;DHX9;NLRC4;MEFV;RELA;FXR1;IL1RL2;SHARPIN;NLRP7;NLRP5;NLRP2;IGF2BP1;NLRP3;RIPK1;NLRP1;SNX6;IL33;FEM1A;IL37;IL10RA;STAT3;NR1H3;IL2;IL22RA1;IL4;IL6;FBXL2;MYD88,3351
complex_genes,SE,GO_Biological_Process_2023,miRNA Processing (GO:0035196),15/32,5.516092748238164e-4,4.399068980110029,41.98354614861817,SMAD2;SMAD3;NCBP1;NCBP2;METTL3;DICER1;TARBP2;AGO3;AGO4;PRKRA;AGO1;AGO2;DGCR8;DROSHA;SNIP1,3351
complex_genes,SE,GO_Biological_Process_2023,Negative Regulation Of Proteasomal Ubiquitin-Dependent Protein Catabolic Process (GO:0032435),15/32,5.516092748238164e-4,4.399068980110029,41.98354614861817,USP7;HSP90AB1;UBXN1;RPL11;TAF9;KLHL40;CCAR2;UCHL5;BAG6;SDCBP;RYBP;DDRGK1;GIPC1;EIF3H;OGT,3351
complex_genes,SE,GO_Biological_Process_2023,Positive Regulation Of Telomere Maintenance Via Telomerase (GO:0032212),15/32,5.516092748238164e-4,4.399068980110029,41.98354614861817,CCT3;CCT2;XRCC5;PNKP;AURKB;CCT6A;TCP1;FBXO4;CTNNB1;POT1;CCT8;CCT7;CCT5;CCT4;ATR,3351
complex_genes,SE,GO_Biological_Process_2023,Sodium Ion Transport (GO:0006814),30/89,5.602016738354232e-4,2.5400762482201094,24.198183354896166,HCN4;HCN3;CATSPER3;CATSPER4;PKD2;SLC5A2;NALCN;SCN11A;SCN9A;SCN7A;SCN5A;SCN3B;SCN3A;SCN1B;SCN1A;NDUFA9;SLC6A19;ATP1B1;SCNN1G;SCN10A;SCNN1D;SCN8A;SCNN1B;SCNN1A;SCN4A;SCN2A;SCN4B;HCN2;HCN1;SCN2B,3351
complex_genes,SE,GO_Biological_Process_2023,Macromolecule Catabolic Process (GO:0009057),29/85,5.722253329643221e-4,2.586635632579341,24.582363647800104,MUS81;BECN1;RNASEH2C;RNASEH2B;RNASEH2A;FBH1;DIS3L;PIK3R4;EXOSC7;EXOSC6;EXOSC5;EXOSC10;EXOSC4;EXOSC9;EXOSC8;MVB12A;MTREX;RIPK1;EXOSC3;EXOSC2;EXOSC1;DFFB;UVRAG;PNPT1;NCBP1;DIS3;MTOR;SUPV3L1;HNRNPD,3351
complex_genes,SE,GO_Biological_Process_2023,Regulation Of Cell Growth (GO:0001558),61/227,5.88501989576552e-4,1.841035265682792,17.44168066829638,RB1;N6AMT1;PRR5;PHB1;NDUFA13;JADE1;TNC;JADE3;BRCA1;JADE2;ING1;CCAR2;NUBP1;ING4;RPTOR;ING5;FLCN;STK11;PPP2R1A;RACK1;MLST8;KAT7;TEAD1;CSNK2A1;NCBP1;SIRT1;IL17RB;TGFBR1;SUPV3L1;NDUFS3;S100A9;FXN;S100A8;YAP1;URI1;MEAF6;NPR1;MAPKAP1;DERL2;RNF2;PPP2CA;SDCBP;EXOSC4;EXOSC9;SH3BP4;RICTOR;RBBP7;EXOSC2;SMAD4;SMAD3;KLHL22;INO80;SMARCA2;IL2;MTOR;SMARCA4;MAD2L2;BCL2;LAMTOR2;LAMTOR1;EIF4G1,3351
complex_genes,SE,GO_Cellular_Component_2023,Autophagosome Membrane (GO:0000421),15/35,5.96519835672816e-4,3.7385341726618706,31.02396034405632,UVRAG;STX17;ATG16L2;CHMP1B;CHMP1A;CHMP2B;CHMP2A;CHMP4C;CHMP3;CHMP4A;ULK1;CHMP6;CHMP7;TECPR1;CHMP5,3351
complex_genes,SE,GO_Biological_Process_2023,Inorganic Cation Transmembrane Transport (GO:0098662),73/284,5.988747896439254e-4,1.7349239074802865,16.403117007360414,TCIRG1;PKD2;PKD1;RYR3;SCN9A;ITGAV;SCN5A;SCN1B;CCDC51;KCNH2;SLC6A19;ATP6V0B;TRPC5;SLC30A8;KCND2;SLC30A3;ATP6AP1;SLC30A2;ABCC8;TRPC4;SLC30A5;HTR3E;TRPC1;SLC30A4;ATP6AP2;HTR3C;HTR3D;SLC30A1;HTR3A;HTR3B;ATP1B1;CACNB1;SCNN1G;SCN10A;SCNN1D;KCNQ1;SCNN1B;SCNN1A;SCN4A;ATP6V0C;SCN4B;ATP6V1A;HCN4;HCN3;KCNE1;RNASEK;KCNE2;ABCB8;CACNA1C;ATP1A1;SLC30A10;NALCN;ATP5F1B;ATP6V0A2;ATP6V1H;ATP6V0A4;CACNA1S;CACNG1;SCN3B;ATP6V1D;ATP5MF;KCNJ2;ATP6V0A1;ATP6V1F;KCNJ11;TMCO1;ATP4A;FXYD2;ATP5PO;SCN2A;HCN2;SCN2B;HCN1,3351
complex_genes,SE,GO_Biological_Process_2023,Regulation Of I-kappaB kinase/NF-kappaB Signaling (GO:0043122),62/232,6.121741372263132e-4,1.8272995546652835,17.233241253903483,TRAF3IP2;TRADD;IKBKB;PYCARD;PIDD1;UFL1;LGALS1;TBK1;CASP8;NUP62;CASP1;IKBKG;IKBKE;MAP3K7;TICAM2;CHUK;TRAF2;IRAK4;TICAM1;SIRT1;TNFRSF1A;TRAF3;TRAF6;TRAF5;TERF2IP;RBCK1;TLR6;UBE2V1;LTB;GAPDH;CARD11;BIRC2;BIRC3;RNF31;DDX1;DDX21;BCL10;TANK;RELA;MALT1;SHARPIN;IRAK1;MIER1;TIFA;FLNA;RIPK1;FADD;STAT1;CARD9;ESR1;PER1;MAVS;CD4;VAPA;REL;UBE2N;TAB3;TAB2;CCDC22;LTBR;MYD88;LAMTOR5,3351
complex_genes,SE,GO_Biological_Process_2023,Regulation Of Programmed Cell Death (GO:0043067),54/195,6.261349112788907e-4,1.9175652914641939,18.03802754575628,PHB1;TRRAP;YEATS4;ETFA;CD3E;ACTB;LGALS1;ING3;KAT5;VPS72;RUVBL2;RUVBL1;NUP62;EPC1;EPC2;CCNL2;SKP2;IFT57;CTSB;DFFA;HSP90AA1;APAF1;DAPK1;ACTL6A;TRAF2;FBXO10;SIRT1;FBXO11;MORF4L1;BRMS1;MORF4L2;NAIP;BIRC2;BIRC3;MCM2;BECN1;VCP;MEAF6;MALT1;MBTD1;BCL2L11;RPS3;EP400;RIPK1;BRD8;DMAP1;NAE1;BIK;STAT1;PSMC5;MRGBP;CDK5;BAX;BCL2L2,3351
complex_genes,SE,GO_Biological_Process_2023,Positive Regulation Of Endopeptidase Activity (GO:0010950),14/29,6.336997601820201e-4,4.652402357406852,43.69221652038557,PSENEN;STAT3;MEFV;GRIN2B;GRIN1;APH1A;PYCARD;NCSTN;APH1B;AIM2;PSME3;PSME1;PSME2;MBL2,3351
complex_genes,SE,GO_Biological_Process_2023,Vacuolar Acidification (GO:0007035),14/29,6.336997601820201e-4,4.652402357406852,43.69221652038557,ATP6V1A;ATP6V0B;RNASEK;ATP6AP2;TCIRG1;DMXL1;DMXL2;ATP6V0A2;ATP6V1H;ATP6V0A4;ATP6V1D;ATP6V0C;ATP6V0A1;ATP6V1F,3351
complex_genes,SE,GO_Molecular_Function_2023,Protein Phosphatase Binding (GO:0019903),36/115,6.363940763250838e-4,2.2777936880691905,21.31875074569674,VCP;STX17;MVP;PIK3R2;PIK3R1;AKAP5;AMBRA1;STRN4;STRN3;PPP3CB;TBK1;KIF3A;CDC27;RACK1;SHOC2;STAT6;KIFAP3;IKBKE;JAK1;ANAPC7;BOD1;ITGA1;STAT3;RPA2;AP3B1;TRAF2;GTF2F1;SOD1;DLG4;TRAF3;KCNQ1;ANAPC4;CTNNB1;ANAPC5;STRN;FBXL2,3351
complex_genes,SE,GO_Biological_Process_2023,Positive Regulation Of Protein-Containing Complex Assembly (GO:0031334),32/98,6.480657257634745e-4,2.4224894318295944,22.69196845321667,GSK3B;VCP;CSF2;ICE1;FAF1;PPP2CA;CHAF1B;BCL2L11;RACK1;RPS3;BAK1;BID;FNIP1;FNIP2;HSP90AA1;SLF1;SLF2;BIK;MED9;TERF1;SPIDR;VEGFA;MAVS;IL5;PSMC6;IFNG;BAX;TLR6;TLR4;MYD88;ATR;EIF4G1,3351
complex_genes,SE,GO_Cellular_Component_2023,CD40 Receptor Complex (GO:0035631),7/10,6.568245674739147e-4,11.615031897926634,95.20137594137123,IKBKB;RNF31;CHUK;TRAF3;TRAF6;TRAF5;TRAF2,3351
complex_genes,SE,GO_Molecular_Function_2023,Voltage-Gated Potassium Channel Activity Involved In Cardiac Muscle Cell Action Potential Repolarization (GO:0086008),9/14,6.707133541305824e-4,8.964452423698384,83.34675047720125,KCNH2;KCNJ5;KCNE1;KCNE2;KCND3;KCNIP2;KCNQ1;KCNJ2;KCNJ3,3351
complex_genes,SE,GO_Biological_Process_2023,Positive Regulation Of miRNA Transcription (GO:1902895),18/43,6.717523013816716e-4,3.591143114311431,33.50399872081742,IL10;SREBF1;JUN;SMAD3;STAT3;PDGFB;FOS;FOXO3;HIF1A;RELA;SMARCA4;FOSL1;MYCN;TERT;MYC;MYB;PPARG;TEAD1,3351
complex_genes,SE,GO_Molecular_Function_2023,NF-kappaB Binding (GO:0051059),13/26,6.765955837476569e-4,4.98382264829239,46.16502765773906,GSK3B;HDAC2;HDAC1;FAF1;BCL10;COMMD6;COMMD7;FOXP3;RELA;PSMA6;BRMS1;TAF4B;CDK5RAP3,3351
complex_genes,SE,GO_Molecular_Function_2023,G-rich Strand Telomeric DNA Binding (GO:0098505),7/9,6.765955837476569e-4,17.423594497607656,161.0475149786077,NABP2;RPA1;POT1;RPA2;TERF2IP;TERF1;TERF2,3351
complex_genes,SE,GO_Molecular_Function_2023,RNA Polymerase II General Transcription Initiation Factor Binding (GO:0001091),7/9,6.765955837476569e-4,17.423594497607656,161.0475149786077,DRAP1;GTF2A1;GTF2A2;TBP;GTF2F1;ESR1;TAF1,3351
complex_genes,SE,GO_Molecular_Function_2023,Benzodiazepine Receptor Activity (GO:0008503),7/9,6.765955837476569e-4,17.423594497607656,161.0475149786077,GABRA2;GABRA6;GABRA5;GABRA4;GABRA3;GABRG3;GABRG2,3351
complex_genes,SE,GO_Molecular_Function_2023,Small Ribosomal Subunit rRNA Binding (GO:0070181),7/9,6.765955837476569e-4,17.423594497607656,161.0475149786077,RPS14;MRPS11;RPS3;MRPS18A;MRPS6;RPS13;MRPS18C,3351
complex_genes,SE,GO_Biological_Process_2023,Positive Regulation Of Cytoplasmic Translation (GO:2000767),9/14,6.878782970629917e-4,8.964452423698384,83.34675047720125,SYNCRIP;DHX9;CSDE1;HNRNPD;IGF2BP1;HNRNPU;YBX1;PABPC1;PAIP1,3351
complex_genes,SE,GO_Biological_Process_2023,Protein Maturation By Iron-Sulfur Cluster Transfer (GO:0097428),9/14,6.878782970629917e-4,8.964452423698384,83.34675047720125,ISCA2;ISCA1;GLRX3;GLRX5;BOLA3;MMS19;CIAO2A;CIAO2B;CIAO1,3351
complex_genes,SE,GO_Biological_Process_2023,Regulation Of Vesicle Size (GO:0097494),9/14,6.878782970629917e-4,8.964452423698384,83.34675047720125,SNAPIN;BLOC1S1;BLOC1S2;KXD1;BORCS8;BORCS7;AP2M1;BORCS6;BORCS5,3351
complex_genes,SE,GO_Biological_Process_2023,Resolution Of Meiotic Recombination Intermediates (GO:0000712),9/14,6.878782970629917e-4,8.964452423698384,83.34675047720125,MUS81;SLX4;CENPX;FANCM;EME1;RMI1;EME2;ERCC4;CENPS,3351
complex_genes,SE,GO_Biological_Process_2023,Telomere Capping (GO:0016233),9/14,6.878782970629917e-4,8.964452423698384,83.34675047720125,CTC1;RAD50;PRKDC;TINF2;POT1;TERF2IP;NBN;TERF1;TERF2,3351
complex_genes,SE,GO_Molecular_Function_2023,Transcription Cis-Regulatory Region Binding (GO:0000976),111/474,7.085168880433568e-4,1.53704213855729,14.122468499574227,ATF1;RB1;ATF2;ARID4A;ARID4B;YY1;MYC;MEN1;KCNH2;ARID5B;POLRMT;FOXP1;DDIT3;RFX5;TFAM;ATF7;ATF5;ATF6;ATF3;ATF4;KMT2D;MAX;EPAS1;FOXO3;HIF1A;NKX2-1;NKX2-5;SMAD2;NFE2;JUN;XBP1;XRCC6;SMAD4;JUND;SMAD3;XRCC5;RFXANK;ELL2;SMARCA2;ELL3;FOSL2;DRAP1;AGO1;AGO2;RFXAP;UBA2;MAFK;NFE2L2;ELL;SUV39H1;ASH2L;BRCA1;CHD3;GLI1;FOXM1;GLI3;DBP;SNAPC3;MLX;SREBF1;TBP;ARNT;FOS;RBL2;CREB3;SFPQ;TFDP1;RBL1;TFDP2;MYOD1;CRY2;RARA;PPARG;YAP1;CEBPA;CEBPB;ATF6B;HDAC1;NR1I2;LEF1;TAF9;RELA;RXRB;MNT;RXRA;NFIL3;RBBP5;MXI1;RPS3;E2F1;E2F2;STAT6;E2F3;BRD7;E2F6;MLXIP;NFYA;STAT1;NFYB;NFYC;STAT3;NR1H3;CDC5L;PER2;PER1;PER3;TAF7;BCOR;TAF4;BMAL1;TAF2,3351
complex_genes,SE,GO_Biological_Process_2023,Endomembrane System Organization (GO:0010256),54/196,7.13219601268027e-4,1.9039459688064695,17.629813656268155,WASHC4;WASHC5;UBXN2B;UBXN2A;SYNE1;GOLGA2;SEC61A1;TRAPPC12;TRAPPC11;VPS18;COG8;COG7;COG6;EXOC8;FBXW8;COG5;COG4;AKTIP;COG3;VPS33B;COG2;COG1;NUP93;GORASP2;ZW10;GORASP1;OBSL1;BLZF1;CUL7;STX17;VPS4A;LMAN1;VPS51;FHIP1B;VPS11;SPTSSB;SEC31B;SEC31A;ATP8B4;ATP8B3;ATP8B2;NUP155;CSNK1A1;ATP8B1;AP3D1;TRAPPC8;HOOK3;NSFL1C;NPLOC4;HOOK2;VAPA;HOOK1;CHMP2B;LAMTOR1,3351
complex_genes,SE,GO_Biological_Process_2023,ESCRT III Complex Disassembly (GO:1904903),7/9,7.202940802442207e-4,17.423594497607656,161.0475149786077,CHMP1B;VPS4B;CHMP2B;VPS4A;CHMP2A;CHMP7;CHMP5,3351
complex_genes,SE,GO_Biological_Process_2023,ESCRT Complex Disassembly (GO:1904896),7/9,7.202940802442207e-4,17.423594497607656,161.0475149786077,CHMP1B;VPS4B;CHMP2B;VPS4A;CHMP2A;CHMP7;CHMP5,3351
complex_genes,SE,GO_Biological_Process_2023,rRNA 3'-End Processing (GO:0031125),7/9,7.202940802442207e-4,17.423594497607656,161.0475149786077,EXOSC7;EXOSC10;EXOSC9;EXOSC8;EXOSC3;EXOSC2;RPS21,3351
complex_genes,SE,GO_Biological_Process_2023,Type II Interferon-Mediated Signaling Pathway (GO:0060333),7/9,7.202940802442207e-4,17.423594497607656,161.0475149786077,IFNG;IFNGR1;STAT1;IFNGR2;TYK2;JAK2;JAK1,3351
complex_genes,SE,GO_Molecular_Function_2023,DNA-directed DNA Polymerase Activity (GO:0003887),11/20,7.507879155492637e-4,6.08915502328676,55.54114121779567,POLB;POLD3;POLE4;POLA1;POLD1;POLE2;POLE3;REV3L;TENT4A;POLE;POLG,3351
complex_genes,SE,GO_Molecular_Function_2023,RNA Polymerase Core Enzyme Binding (GO:0043175),15/33,7.563284350803019e-4,4.154426458832933,37.82703088382535,URI1;DHX9;GTF2B;CTR9;SUPT4H1;HNRNPU;ELP2;PEX2;ELP4;CCAR2;CDC73;WDR43;PCF11;AGO2;RTRAF,3351
complex_genes,SE,GO_Biological_Process_2023,Histone mRNA Metabolic Process (GO:0008334),12/23,7.714214070929382e-4,5.435922567998039,49.83659813830601,LSM10;SLBP;EXOSC10;EXOSC4;LSM11;NCBP1;XRN1;NCBP2;CPSF3;CPSF2;TENT4B;DCP2,3351
complex_genes,SE,GO_Biological_Process_2023,Protein N-linked Glycosylation Via Asparagine (GO:0018279),12/23,7.714214070929382e-4,5.435922567998039,49.83659813830601,DPM1;OST4;RPN2;TUSC3;DAD1;DERL3;OSTC;PSMD2;STT3A;MAGT1;STT3B;DDOST,3351
complex_genes,SE,GO_Biological_Process_2023,"Regulation Of Nuclear-Transcribed mRNA Catabolic Process, Deadenylation-Dependent Decay (GO:1900151)",12/23,7.714214070929382e-4,5.435922567998039,49.83659813830601,SYNCRIP;CNOT7;DHX9;CNOT1;CSDE1;HNRNPD;IGF2BP1;HNRNPU;YBX1;PABPC1;PAIP1;TNRC6B,3351
complex_genes,SE,GO_Biological_Process_2023,Phosphorylation (GO:0016310),102/429,7.714214070929382e-4,1.5670255632643495,14.366273968768542,CSF2;CCNT1;TP53RK;MAML1;STK11;PPP4R1;TBK1;PRKCI;CSNK2A1;DAPK1;CSNK2A2;ATG14;ATG13;PRKAB1;CCNE1;CSNK2B;ULK1;PRKDC;MAPKAP1;PDGFB;PIK3R4;CDCA8;CSF2RB;PRKCZ;CSF2RA;IRAK1;ATG101;PLK4;UVRAG;CDK19;CDK9;GNPTG;CDK8;TBCK;CDK6;CDK5;CDK4;CDK3;COPS2;CDK2;CDK1;CDK10;TAF4B;COPS8;CDK14;CDK16;ATR;PRR5;GSK3B;SMG1;GSK3A;PRKAG1;PRKAG2;PIK3CD;ILK;PIK3CB;PRKAG3;PIK3CG;IKBKB;RPTOR;PPP3CB;RB1CC1;MLST8;JAK2;IKBKE;JAK1;TBP;CHUK;STRADA;STRADB;YWHAZ;TGFBR1;TGFBR2;CREB1;PIK3CA;INCENP;MYOD1;RARA;BIRC5;PIK3C3;BECN1;PRKAA1;PRKAA2;TAF9;AURKB;RICTOR;FNIP2;TAF12;CSNK1A1;TAF13;TAF10;STAT3;TAF11;MTOR;TAF8;TAF7;TAF6;TAF5;TAF4;TAF3;TAF2;TAF1,3351
complex_genes,SE,GO_Biological_Process_2023,DNA Biosynthetic Process (GO:0071897),10/17,7.826901444341245e-4,7.115919100354898,65.09936958307031,POLD3;POLA1;RFC3;RRM1;RRM2B;TERT;POLD1;POLD2;SIRT1;POLE,3351
complex_genes,SE,GO_Biological_Process_2023,DNA Replication Checkpoint Signaling (GO:0000076),10/17,7.826901444341245e-4,7.115919100354898,65.09936958307031,CDT1;TIPIN;CDC45;ORC1;TIMELESS;HUS1;RAD17;NAE1;TOPBP1;RAD9A,3351
complex_genes,SE,GO_Biological_Process_2023,Negative Regulation Of Ubiquitin-Protein Transferase Activity (GO:0051444),10/17,7.826901444341245e-4,7.115919100354898,65.09936958307031,CDC20;MAD2L2;RPL5;RPS7;RPL11;BUB1B;BUB3;FBXO5;RPL17;MAD2L1,3351
complex_genes,SE,GO_Biological_Process_2023,Transport Along Microtubule (GO:0010970),11/20,8.020691522831207e-4,6.08915502328676,55.54114121779567,DYNC1I2;SNAPIN;BLOC1S1;BLOC1S2;KXD1;COPG2;COPG1;BORCS8;BORCS7;BORCS6;BORCS5,3351
complex_genes,SE,GO_Biological_Process_2023,Positive Regulation Of Cellular Biosynthetic Process (GO:0031328),49/174,8.020691522831207e-4,1.9616620230163537,17.891674661315736,RPL5;CXCL8;HSP90AB1;FMR1;EIF4A3;HBB;NAT10;PKD2;RPS4X;METTL14;KAT5;DUOXA1;DUOXA2;PDGFRB;SREBF1;HSP90AA1;METTL3;ARNT;SIRT1;DDB1;KAT2B;IFNG;RPL26;TLR6;TLR4;PRKDC;POLDIP3;PDGFB;HIF1A;THBS1;FXR1;FXR2;METTL5;LDLR;SMAD3;NR1H2;NR1H3;MTOR;MLXIPL;IL6;GIPC1;AGO2;HNRNPD;CTNNB1;EIF3E;EIF3C;EIF4G3;OGT;EIF3D,3351
complex_genes,SE,GO_Biological_Process_2023,Cardiac Muscle Contraction (GO:0060048),15/33,8.132127792579464e-4,4.154426458832933,37.82703088382535,KCNH2;RYR2;TNNC1;ATP1B1;TTN;PIK3CA;KCNQ1;TNNT2;TCAP;TNNI3;SCN5A;SCN3B;SCN4B;SCN1B;SCN2B,3351
complex_genes,SE,GO_Cellular_Component_2023,Clathrin Coat Of trans-Golgi Network Vesicle (GO:0030130),8/13,8.444207226431638e-4,7.966018546215974,63.24590096373545,AP1G1;AP1B1;AP1S2;AP1S1;AP2A1;AP1S3;AP1M2;AP1M1,3351
complex_genes,SE,GO_Cellular_Component_2023,Multivesicular Body Membrane (GO:0032585),10/19,8.598922873377059e-4,5.533938607868569,43.804665320909784,CHMP1B;CHMP1A;CHMP2B;CHMP2A;CHMP4C;CHMP3;CHMP4A;CHMP6;CHMP7;CHMP5,3351
complex_genes,SE,GO_Biological_Process_2023,Positive Regulation Of Translation (GO:0045727),34/108,8.634535434863803e-4,2.2959121316070368,20.763432138514766,RPL5;DHX9;PRKDC;POLDIP3;FMR1;EIF4A3;HNRNPU;NAT10;YBX1;THBS1;FXR1;RPS4X;SYNCRIP;METTL14;FXR2;IGF2BP1;METTL5;POLR2G;PAIP1;EIF2B5;MRPS27;TRMT10C;METTL3;MTOR;IL6;CSDE1;HNRNPD;EIF3E;RPL26;PABPC1;EIF3C;EIF4G3;OGT;EIF3D,3351
complex_genes,SE,GO_Molecular_Function_2023,Oligosaccharyl Transferase Activity (GO:0004576),5/5,8.696029825922548e-4,83245,743784.9907973944,RPN2;OSTC;PSMD2;STT3A;STT3B,3351
complex_genes,SE,GO_Molecular_Function_2023,NADH Dehydrogenase Activity (GO:0003954),6/7,8.696029825922548e-4,29.861883408071748,266.71090386379393,NDUFA9;NDUFS8;NDUFS7;NDUFS3;NDUFS2;NDUFV2,3351
complex_genes,SE,GO_Molecular_Function_2023,Armadillo Repeat Domain Binding (GO:0070016),6/7,8.696029825922548e-4,29.861883408071748,266.71090386379393,CNOT1;CTNNBIP1;LEF1;STRN;STRN4;STRN3,3351
complex_genes,SE,GO_Molecular_Function_2023,"Oxidoreductase Activity, Acting On The Aldehyde Or Oxo Group Of Donors, Disulfide As Acceptor (GO:0016624)",6/7,8.696029825922548e-4,29.861883408071748,266.71090386379393,PDHA2;PDHA1;MRPS36;BCKDHB;OGDH;PDHB,3351
complex_genes,SE,GO_Cellular_Component_2023,Bounding Membrane Of Organelle (GO:0098588),174/819,8.768647624268582e-4,1.3589418128847603,10.720627789614898,NCF4;PYCARD;GOLGA2;OSBP;AP1S2;AP1S1;VPS35;AP1S3;MAP3K7;AP2M1;VPS39;SLC30A7;VPS18;COG8;TICAM2;SLC30A8;COG7;COG6;COG5;VPS33A;SLC30A5;COG4;VPS33B;SLC30A4;COG3;AP1B1;COG2;CASK;COG1;TICAM1;KLHL41;ACE2;SCNN1A;ULK1;ATF6;UBA52;VPS25;VPS28;BLZF1;GRIA1;GRIA2;COPB2;COPA;TSG101;NOTCH1;NPRL2;COPB1;PDGFB;PDGFA;LY96;VPS26A;APH1A;APOO;SNX1;NCSTN;APH1B;SNX2;IRAK1;IRAK2;PDGFD;PDGFC;VPS11;ATP6V0A2;NLRP3;ATP6V0A4;RIPK1;AP1M2;VPS16;AP1M1;ATP6V0A1;BBS2;BBS1;TRAPPC3;UVRAG;WDR59;BBIP1;SNF8;TMEM231;EXT1;IFT20;EXT2;TMEM17;DLG4;MDM2;IFT27;TAB3;TAB2;TAB1;MYD88;COPE;PALS1;ITGB1;RYR1;RYR2;MCFD2;SLC2A1;AP2A1;TCIRG1;AP2A2;PKD1;RYR3;TCTN3;AP1G1;TCTN2;CHMP1B;ITGAX;BBS9;BBS7;RAC1;SNAP29;BBS5;HRAS;BBS4;SGCG;PSENEN;SREBF1;ATP6V0B;ATP6AP1;ATP6AP2;VPS37C;VPS37D;COPZ2;VPS37A;VPS37B;IRAK4;SREBF2;COPZ1;TNFRSF1A;TAPBP;VAMP8;CREB3;VAMP7;GORASP2;GORASP1;TRAF6;EXOC3;LALBA;CHMP6;ATP6V0C;TLR4;TLR2;STX17;VPS4B;VPS4A;WDR24;LMAN1;PLN;CXCR1;TMEM67;CXCR2;AP2S1;MVB12A;EMC6;RPS27A;YKT6;LDLR;FKTN;RIC1;FKRP;SEPTIN2;AP3D1;AP2B1;ARCN1;RGP1;TTC8;STING1;VAPA;COL7A1;VPS41;UBAP1;LAMTOR2;COPG2;COPG1;LAMTOR3,3351
complex_genes,SE,GO_Cellular_Component_2023,Protein Serine/Threonine Phosphatase Complex (GO:0008287),13/29,8.768647624268582e-4,4.048625674056321,31.92283933752332,PPP4R3A;PPP4R3B;PPP2CA;PPP3CA;PPP3CB;PPP3R1;PPP3CC;PPP3R2;PPP4C;PPP4R1;PPP4R2;PPP2R1A;PPP4R4,3351
complex_genes,SE,GO_Biological_Process_2023,Vesicle Fusion (GO:0006906),27/79,9.187990801268648e-4,2.5925610941405166,23.280920588278793,STX17;TGFBRAP1;VPS4A;CLTRN;CHMP1B;CHMP1A;VPS8;VPS11;VPS39;VPS16;VPS18;UVRAG;VPS33A;VPS33B;IRAG2;VAMP8;VAMP7;CHMP2B;VPS41;CHMP4C;CHMP2A;CHMP3;CHMP4A;VIPAS39;CHMP6;CHMP7;CHMP5,3351
complex_genes,SE,GO_Biological_Process_2023,Activation Of Cysteine-Type Endopeptidase Activity Involved In Apoptotic Process (GO:0006919),24/67,9.309607964422795e-4,2.785832616855747,24.96205699355364,VCP;SMAD3;APAF1;CRADD;BAD;NLRC4;DYNLL1;BBC3;CASP9;PYCARD;PIDD1;CASP8;COL4A3;RACK1;CASP2;BAX;CYCS;PPARG;NLRP1;IFT57;JAK2;BID;S100A9;S100A8,3351
complex_genes,SE,GO_Biological_Process_2023,Extrinsic Apoptotic Signaling Pathway (GO:0097191),24/67,9.309607964422795e-4,2.785832616855747,24.96205699355364,GSK3B;GSK3A;SMAD3;CRADD;BAD;TRADD;TNFRSF1B;TNFRSF1A;IL4;CASP8;IFNG;BLOC1S2;BCL2;CASP2;BAX;IL12A;ITGAV;RIPK1;BAK1;FADD;JAK2;BID;BCL2L2;MCL1,3351
complex_genes,SE,GO_Biological_Process_2023,5S Class rRNA Transcription By RNA Polymerase III (GO:0042791),5/5,9.309607964422795e-4,83245,743784.9907973944,GTF3C2;GTF3C3;GTF3C4;GTF3C5;GTF3C6,3351
complex_genes,SE,GO_Biological_Process_2023,acetyl-CoA Biosynthetic Process From Pyruvate (GO:0006086),5/5,9.309607964422795e-4,83245,743784.9907973944,PDHX;PDHA2;PDHA1;PDHB;DLD,3351
complex_genes,SE,GO_Biological_Process_2023,Cap-Dependent Translational Initiation (GO:0002191),5/5,9.309607964422795e-4,83245,743784.9907973944,SLBP;NCBP1;NCBP2;MIF4GD;EIF4G1,3351
complex_genes,SE,GO_Biological_Process_2023,interleukin-17A-mediated Signaling Pathway (GO:0038173),5/5,9.309607964422795e-4,83245,743784.9907973944,TRAF3IP2;TRAF6;IL17RC;MAP3K7;IL17RA,3351
complex_genes,SE,GO_Biological_Process_2023,Mitochondrial RNA 3'-End Processing (GO:0000965),5/5,9.309607964422795e-4,83245,743784.9907973944,SUPV3L1;PNPT1;TRMT10C;TRNT1;HSD17B10,3351
complex_genes,SE,GO_Biological_Process_2023,Negative Regulation Of Glucocorticoid Receptor Signaling Pathway (GO:2000323),5/5,9.309607964422795e-4,83245,743784.9907973944,PER1;PHB1;CRY2;CRY1;CLOCK,3351
complex_genes,SE,GO_Biological_Process_2023,"Nucleotide-Excision Repair, DNA Gap Filling (GO:0006297)",5/5,9.309607964422795e-4,83245,743784.9907973944,POLB;POLD3;POLD1;TENT4A;POLE,3351
complex_genes,SE,GO_Biological_Process_2023,Regulation Of Basement Membrane Organization (GO:0110011),5/5,9.309607964422795e-4,83245,743784.9907973944,LAMA2;LAMB2;LAMB1;LAMC1;NID1,3351
complex_genes,SE,GO_Biological_Process_2023,Response To DNA Damage Checkpoint Signaling (GO:0072423),5/5,9.309607964422795e-4,83245,743784.9907973944,MUS81;SLX4;EME1;FBH1;SMC1A,3351
complex_genes,SE,GO_Biological_Process_2023,7-Methylguanosine Cap Hypermethylation (GO:0036261),6/7,9.309607964422795e-4,29.861883408071748,266.71090386379393,SNRPD2;SNRPD1;SNRPG;SNRPE;SNRPD3;SNRPF,3351
complex_genes,SE,GO_Biological_Process_2023,N-terminal Peptidyl-Methionine Acetylation (GO:0017196),6/7,9.309607964422795e-4,29.861883408071748,266.71090386379393,NAA30;NAA20;NAA25;NAA35;NAA16;NAA15,3351
complex_genes,SE,GO_Biological_Process_2023,RNA Capping (GO:0036260),6/7,9.309607964422795e-4,29.861883408071748,266.71090386379393,SNRPD2;SNRPD1;SNRPG;SNRPE;SNRPD3;SNRPF,3351
complex_genes,SE,GO_Biological_Process_2023,SREBP Signaling Pathway (GO:0032933),6/7,9.309607964422795e-4,29.861883408071748,266.71090386379393,SREBF1;INSIG2;INSIG1;ERLIN1;ERLIN2;SREBF2,3351
complex_genes,SE,GO_Biological_Process_2023,Cellular Response To Interleukin-2 (GO:0071352),6/7,9.309607964422795e-4,29.861883408071748,266.71090386379393,STAT5A;IL2RA;IL2RB;STAT3;IL2RG;JAK1,3351
complex_genes,SE,GO_Biological_Process_2023,Interleukin-2-Mediated Signaling Pathway (GO:0038110),6/7,9.309607964422795e-4,29.861883408071748,266.71090386379393,STAT5A;IL2RA;IL2RB;STAT3;IL2RG;JAK1,3351
complex_genes,SE,GO_Biological_Process_2023,Negative Regulation Of DNA-templated DNA Replication (GO:2000104),6/7,9.309607964422795e-4,29.861883408071748,266.71090386379393,CDT1;TIPIN;GMNN;TIMELESS;LIG3;FBXO5,3351
complex_genes,SE,GO_Biological_Process_2023,Regulation Of Lipoprotein Metabolic Process (GO:0050746),6/7,9.309607964422795e-4,29.861883408071748,266.71090386379393,ATG101;ITGB3;RB1CC1;ITGAV;ULK1;ATG13,3351
complex_genes,SE,GO_Biological_Process_2023,siRNA Processing (GO:0030422),6/7,9.309607964422795e-4,29.861883408071748,266.71090386379393,TSNAX;TERT;PRKRA;DICER1;TARBP2;TSN,3351
complex_genes,SE,GO_Biological_Process_2023,Single Strand Break Repair (GO:0000012),6/7,9.309607964422795e-4,29.861883408071748,266.71090386379393,TDP1;ERCC8;LIG4;ERCC6;APTX;SIRT1,3351
complex_genes,SE,GO_Biological_Process_2023,Ventricular Cardiac Muscle Cell Membrane Repolarization (GO:0099625),6/7,9.309607964422795e-4,29.861883408071748,266.71090386379393,KCNH2;KCNJ5;KCNE1;KCNE2;KCNQ1;KCNJ3,3351
complex_genes,SE,GO_Biological_Process_2023,Homologous Chromosome Pairing At Meiosis (GO:0007129),14/30,9.312410058600616e-4,4.3613649985016485,38.945281903548135,IHO1;SYCP2;SYCP1;MEI4;TEX12;MND1;BAG6;PSMC3IP;SYCE3;SYCE2;SYCE1;STAG3;KASH5;FANCD2,3351
complex_genes,SE,GO_Biological_Process_2023,Positive Regulation Of Macromolecule Biosynthetic Process (GO:0010557),37/122,0.0010091516242525151,2.175682487841244,19.243186445960262,RPL5;PRKDC;POLDIP3;FMR1;EIF4A3;PDGFB;NAT10;THBS1;FXR1;RPS4X;METTL14;FXR2;IFNL1;METTL5;JAK2;PDGFRB;IL33;XBP1;METTL3;RFXANK;SIRT1;MTOR;IL4;IL6;IFNG;RFX5;AGO2;RFXAP;HNRNPD;EIF3E;RPL26;EIF3C;EIF4G3;OGT;TLR4;EIF3D;TLR2,3351
complex_genes,SE,GO_Biological_Process_2023,Regulation Of Protein Catabolic Process (GO:0042176),37/122,0.0010091516242525151,2.175682487841244,19.243186445960262,GSK3B;NDUFA13;PHB1;VCP;GSK3A;SF3B3;PSMD14;FAF1;PKD1;DCAF1;VPS11;FLNA;VPS35;CDK5RAP3;BARD1;APC2;HSP90AA1;RIC1;CSNK2A1;AXIN1;SNF8;UCHL5;RBX1;DDB1;CUL4A;MAD2L2;RGP1;APC;HGS;PSME3;PSME1;MDM2;PSME2;MDM4;CHMP6;VPS28;MAD2L1,3351
complex_genes,SE,GO_Biological_Process_2023,Positive Regulation Of Protein Catabolic Process (GO:0045732),30/92,0.0010091516242525151,2.416732231838447,21.37438309371716,GSK3B;GSK3A;NDUFA13;VCP;KCNE2;FAF1;FMR1;PCSK9;DCAF1;DDRGK1;VPS11;VPS35;APC2;BARD1;HSP90AA1;CSNK2A1;FBXW7;AXIN1;SNF8;TNFRSF1B;RBX1;DDB1;CUL4A;PSMC5;PSMC6;IFNG;APC;PSMC3;PSMC2;VPS28,3351
complex_genes,SE,GO_Biological_Process_2023,Extracellular Structure Organization (GO:0043062),34/109,0.0010091516242525151,2.265163300170837,20.03082027200833,COL17A1;COL15A1;COL16A1;COL13A1;COL14A1;COL11A1;COL19A1;COL10A1;COL28A1;COL24A1;COL22A1;COL23A1;TGFBR1;COL1A1;COL3A1;COL1A2;COL4A2;COL5A1;COL4A1;COL5A3;COL7A1;COL4A3;COL5A2;COL4A6;COL8A2;COL9A1;MATN1;COL4A5;COL8A1;COL9A3;COL9A2;MATN4;MATN3;MATN2,3351
complex_genes,SE,GO_Molecular_Function_2023,Acetyltransferase Activity (GO:0016407),13/27,0.001011200663950993,4.627557134297698,40.59412431059228,SMARCE1;NAA10;GTF2B;NAT10;ELP3;KAT2B;KAT5;KAT6A;DBT;NAA16;NAA15;PAFAH1B3;PAFAH1B2,3351
complex_genes,SE,GO_Biological_Process_2023,Positive Regulation Of Apoptotic Process (GO:0043065),69/270,0.001018322457166938,1.7203925527754282,15.19516731613891,ITGB1;FAF1;TRADD;PCSK9;CCAR2;ING4;PYCARD;CASP9;ING5;FLCN;PIDD1;LGALS2;LGALS1;CASP8;TCTN3;RACK1;CASP2;EMILIN2;EMILIN1;CTNNBL1;APAF1;UTP11;DAPK1;RPS6;SCRIB;DYNLL1;SIRT1;TGFBR1;BRMS1;BIN1;DDIT3;ITGA6;EEF1E1;ATF6;ATF4;DDX20;BCL10;NLRC4;FOXO3;TFPT;BCLAF1;BCL2L11;RPS3;E2F1;IGF2BP1;PMAIP1;SAP18;RIPK1;FADD;BAK1;BID;MCL1;BARD1;JUN;CRADD;IFNB1;BAD;SOD1;IL6;RYBP;MYBBP1A;CDK5;APC;ERCC3;BCL2;CTNNB1;BAX;RNPS1;CDK5R1,3351
complex_genes,SE,GO_Biological_Process_2023,Regulation Of Cell Development (GO:0060284),20/52,0.0010509942082533514,3.1178700090063045,27.43490207974835,YAP1;BRD1;BRPF1;ANXA2;MEAF6;BRPF3;DOCK7;LEF1;FBXO22;FXR1;PER2;ING5;RPS19;KAT6B;KAT6A;HLTF;CTNNB1;CLOCK;BMAL1;S100A10,3351
complex_genes,SE,GO_Molecular_Function_2023,Nuclear Estrogen Receptor Binding (GO:0030331),15/34,0.0010702931215199162,3.935535781900795,34.20284049191402,NCOA1;MED1;NCOA6;TAF10;LEF1;TRIP4;PHB2;ESR1;DCAF1;CNOT1;CTNNB1;LCOR;MMS19;STRN;DCAF13,3351
complex_genes,SE,GO_Molecular_Function_2023,Sodium Channel Regulator Activity (GO:0017080),15/34,0.0010702931215199162,3.935535781900795,34.20284049191402,PCSK9;COMMD1;FXYD4;FXYD3;FXYD2;FXYD1;FXYD7;FXYD6;FXYD5;SCN3B;FGF12;SCN4B;SCN1B;SNTA1;SCN2B,3351
complex_genes,SE,GO_Molecular_Function_2023,Transmitter-Gated Monoatomic Ion Channel Activity Involved In Regulation Of Postsynaptic Membrane Potential (GO:1904315),15/34,0.0010702931215199162,3.935535781900795,34.20284049191402,GRIA1;GABRA2;GRIA2;GRIK5;CHRNA9;GRIK3;GRIK4;GRIK1;GRIK2;GRIN2C;GRIN2B;GRIN2D;CHRND;GRIN2A;CHRNA10,3351
complex_genes,SE,GO_Biological_Process_2023,Fibrinolysis (GO:0042730),8/12,0.001113103715413407,9.958121447801377,86.99034621259239,FGB;FGA;PLAU;FGG;KRT1;SERPINE1;GP1BA;PLAT,3351
complex_genes,SE,GO_Biological_Process_2023,Histone Monoubiquitination (GO:0010390),8/12,0.001113103715413407,9.958121447801377,86.99034621259239,BARD1;RNF20;RAD51;RING1;BRCA1;BRCA2;RNF2;RNF40,3351
complex_genes,SE,GO_Biological_Process_2023,"Mitochondrial Electron Transport, Ubiquinol To Cytochrome C (GO:0006122)",8/12,0.001113103715413407,9.958121447801377,86.99034621259239,UQCRB;UQCRQ;UQCRC1;CYCS;UQCR11;UQCR10;UQCRC2;UQCRH,3351
complex_genes,SE,GO_Biological_Process_2023,Regulation Of SNARE Complex Assembly (GO:0035542),8/12,0.001113103715413407,9.958121447801377,86.99034621259239,VPS18;VPS33A;TGFBRAP1;VPS41;VPS8;VPS11;VPS39;VPS16,3351
complex_genes,SE,GO_Molecular_Function_2023,Nuclear Localization Sequence Binding (GO:0008139),12/24,0.0011169680150525385,4.9826295297993415,43.049861958701655,NUP214;POM121;KPNA6;KPNA7;NUP153;KPNA4;KPNA5;KPNA2;KPNA3;KPNB1;NUP58;KPNA1,3351
complex_genes,SE,GO_Molecular_Function_2023,Transcription Regulatory Region Nucleic Acid Binding (GO:0001067),59/224,0.0011289192090499559,1.790485658529401,15.436338205947294,LIN54;SUV39H1;ARID4A;ASH2L;ARID4B;BRCA1;CHD3;GLI1;YY1;MEN1;KCNH2;TBP;ARID5B;FOS;SFPQ;DDIT3;CRY2;TFAM;ATF7;PPARG;ATF5;ATF6;ATF3;ATF4;YAP1;KMT2D;CEBPA;CEBPB;ATF6B;DHX9;TAF9;FOXO3;RELA;RXRA;RBBP5;NKX2-1;NKX2-5;BRD7;JUN;XRCC6;SMAD4;JUND;SMAD3;NFYA;XRCC5;NFYB;NFYC;STAT3;NR1H3;SMARCA2;PER2;PER1;PER3;TAF7;MAFK;BCOR;BMAL1;TAF2;NFE2L2,3351
complex_genes,SE,GO_Biological_Process_2023,Positive Regulation Of Macromolecule Metabolic Process (GO:0010604),88/364,0.0011421502437512212,1.5998703069550115,13.932168070047636,ATF2;RPL5;GSK3B;PHB1;GSK3A;CSF2;CXCL8;CSF1;PRKAG1;TNC;PIK3CD;BRCA1;PIK3CB;RBPJ;CD3E;UXT;MYC;DNMT3B;ITGAX;ITGB8;VPS35;EMILIN1;MED1;ANXA2;RPS7;IFNGR1;IL13;TRAPPC2B;SCRIB;TICAM1;PRKAB1;MED26;TERF2;TGFBR1;HCFC1;MED23;IL1A;MYCN;IFNG;HGS;PPARG;TLR6;TLR4;ATF4;TLR2;YAP1;RAMP2;PRKAA1;RAMP3;NOTCH1;HDAC1;RPL11;LEF1;PDGFB;PIK3R3;HIF1A;RELA;TTN;CALCR;PDCD10;DDRGK1;NKX2-1;RPS3;MBIP;E2F1;RIPK1;RPL17;IL33;SMAD3;IL37;NR1H2;STAT3;FN1;DTNBP1;NR1H3;SNF8;MTOR;VEGFA;IL4;IL6;TADA3;FAM98B;FAM98A;MYD88;LAMTOR5;LIMS1;EIF4G1;NFE2L2,3351
complex_genes,SE,GO_Biological_Process_2023,Positive Regulation Of Type I Interferon Production (GO:0032481),23/64,0.0011474910064843552,2.799484052532833,24.357077121216694,HSP90AA1;TICAM2;CHUK;DHX9;STAT1;TICAM1;TANK;MAVS;TBK1;POLR3A;IRAK1;POLR3B;STING1;TRAF3;POLR3C;POLR3D;POLR3F;POLR3G;IKBKE;GAPDH;TLR4;MYD88;TLR2,3351
complex_genes,SE,GO_Biological_Process_2023,Response To Metal Ion (GO:0010038),23/64,0.0011474910064843552,2.799484052532833,24.357077121216694,FGB;FGA;SLC30A8;SLC30A3;SLC30A2;TRPC1;FGG;SLC30A4;HIF1A;THBS1;ATP5F1D;TTN;PPP1CA;PPP2CA;PPP3CA;IL1A;TNNT2;BCL2;CALM3;CALM1;FXN;CALM2;SEC31A,3351
complex_genes,SE,GO_Biological_Process_2023,Regulation Of Interleukin-17 Production (GO:0032660),15/34,0.0011552181226342144,3.935535781900795,34.20284049191402,IL21;PHB1;IL15;IL18;TYK2;FOXP3;IL2;SLC7A5;IL6;IFNG;DDIT3;IL12A;JAK2;TLR4;MYD88,3351
complex_genes,SE,GO_Biological_Process_2023,Sister Chromatid Segregation (GO:0000819),15/34,0.0011552181226342144,3.935535781900795,34.20284049191402,RB1;MIS12;NCAPG2;KLHL22;INO80;SMC1A;SMC4;NSL1;NDC80;ZWINT;DSN1;CENPI;ZW10;CENPK;KNTC1,3351
complex_genes,SE,GO_Biological_Process_2023,"RNA Splicing, Via Transesterification Reactions (GO:0000375)",12/24,0.00121167564083818,4.9826295297993415,43.049861958701655,SF3A3;SF3B4;PRPF4;SNRNP40;SF3B3;PRPF6;GEMIN2;DDX23;MPHOSPH10;TXNL4A;PRPF8;SF3B1,3351
complex_genes,SE,GO_Biological_Process_2023,Photoperiodism (GO:0009648),12/24,0.00121167564083818,4.9826295297993415,43.049861958701655,PER2;PPP1CB;PER1;PPP1CC;MTA1;PER3;CRY2;FBXL17;CRY1;FBXL3;CLOCK;PPP1CA,3351
complex_genes,SE,GO_Biological_Process_2023,Regulation Of Telomerase Activity (GO:0051972),18/45,0.0012208474665352468,3.324732473247325,28.69549091704349,CCT2;HSP90AA1;HSP90AB1;PARP4;XRCC5;PNKP;TERF1;AURKB;DKC1;ERCC4;MYC;TCP1;NABP2;CTNNB1;POT1;CCT4;MEN1;WRAP53,3351
complex_genes,SE,GO_Molecular_Function_2023,Polyubiquitin Modification-Dependent Protein Binding (GO:0031593),20/53,0.001270407900464137,3.0232071540987784,25.682955107412784,RNF31;VCP;UBXN1;RAD23A;ABRAXAS2;RAD23B;FAAP20;PRPF8;BAG6;BABAM2;SHARPIN;PSMD4;UIMC1;UFD1;TAB3;ASCC2;TAB2;IKBKG;IKBKE;ATRIP,3351
complex_genes,SE,GO_Biological_Process_2023,Intrinsic Apoptotic Signaling Pathway In Response To DNA Damage (GO:0008630),19/49,0.0013194441577862074,3.1588735494197677,27.01039528328179,PRKDC;BRCA1;TNFRSF1B;SIRT1;CASP9;PYCARD;MSH6;BAG6;BCL2L11;SNW1;E2F1;BCL2;CASP2;BAX;BAK1;IKBKE;FNIP2;BCL2L2;MCL1,3351
complex_genes,SE,GO_Biological_Process_2023,Macrophage Differentiation (GO:0030225),11/21,0.0013194441577862074,5.479910179640719,46.81730832933855,CSF1R;IL33;IL1RL1;CD4;CSF2;CASP8;CSF1;IFNG;IL15;SIRT1;VEGFA,3351
complex_genes,SE,GO_Biological_Process_2023,Positive Regulation Of T Cell Cytokine Production (GO:0002726),11/21,0.0013194441577862074,5.479910179640719,46.81730832933855,IL4;IL6;IL1R1;TRAF6;IL18;NLRP3;TRAF2;PRKCZ;MAP3K7;MALT1;IL18R1,3351
complex_genes,SE,GO_Biological_Process_2023,Positive Regulation Of Signal Transduction By P53 Class Mediator (GO:1901798),11/21,0.0013194441577862074,5.479910179640719,46.81730832933855,RPS15;RPS7;MYC;PMAIP1;GET1;RPS20;RPL37;EEF1E1;RPL17;CDK5RAP3;ATR,3351
complex_genes,SE,GO_Biological_Process_2023,Activation Of NF-kappaB-inducing Kinase Activity (GO:0007250),9/15,0.0013194441577862074,7.469928186714542,63.81264951708357,IRAK1;TRAF6;CHI3L1;TRAF2;TLR6;COPS8;CARD14;MAP3K7;MALT1,3351
complex_genes,SE,GO_Biological_Process_2023,Negative Regulation Of Telomere Maintenance (GO:0032205),9/15,0.0013194441577862074,7.469928186714542,63.81264951708357,RAD50;SLX4;ERCC4;ERCC1;TERF2IP;SLX1A;NBN;TERF1;TERF2,3351
complex_genes,SE,GO_Biological_Process_2023,"Protein Localization To Chromosome, Telomeric Region (GO:0070198)",9/15,0.0013194441577862074,7.469928186714542,63.81264951708357,TERT;XRCC5;TINF2;NABP2;POT1;TERF2IP;BRCA2;TERF2;ATR,3351
complex_genes,SE,GO_Biological_Process_2023,Protein Localization To Organelle (GO:0033365),40/137,0.0013276923293318614,2.0614820327119534,17.59446462753967,PRKAA1;PRKAA2;DHX9;DDX1;CCDC47;RPL11;WASHC2C;YBX1;WASHC2A;SEC61A1;DDRGK1;TTC21B;BBS9;VPS35;GET1;GET3;ATP6V1D;BBS4;SGCG;GET4;BBS2;WDR83OS;BBS1;COG7;TMEM30A;IFT140;COG3;RPA1;IFT122;RPA2;PEX2;WDR35;COL1A1;IFT20;MAVS;VAPA;TSPAN17;MDM2;DCP1A;OBSL1,3351
complex_genes,SE,GO_Biological_Process_2023,Activation Of Protein Kinase Activity (GO:0032147),27/81,0.0013639036209152665,2.4962394705174487,21.234121252710565,PHB1;CAB39;CAB39L;ITGB3;PDGFB;PHB2;MALT1;STK11;IRAK1;JAK2;MAP3K7;CARD10;STRADA;STRADB;AXIN1;IL18;TRAF2;MTOR;TGFBR2;VEGFA;IL4;TRAF6;CHI3L1;ITGB1BP1;TLR6;COPS8;CARD14,3351
complex_genes,SE,GO_Biological_Process_2023,T-helper Cell Differentiation (GO:0042093),10/18,0.001366096625166503,6.226055073331338,52.92347737950375,IL21;IL4;IL6;KMT2A;LEF1;MYB;STAT4;BATF;FOXP1;MEN1,3351
complex_genes,SE,GO_Biological_Process_2023,Lysosomal Lumen Acidification (GO:0007042),10/18,0.001366096625166503,6.226055073331338,52.92347737950375,ATP6V1A;ATP6V0B;RNASEK;ATP6AP2;ATP6V1H;TCIRG1;ATP6V0C;ATP6V1D;ATP6V0A1;ATP6V1F,3351
complex_genes,SE,GO_Biological_Process_2023,Positive Regulation Of Establishment Of Protein Localization (GO:1904951),10/18,0.001366096625166503,6.226055073331338,52.92347737950375,CCT3;CCT6A;DKC1;CENPJ;TCP1;CCT8;CCT7;CCT5;CCT4;WRAP53,3351
complex_genes,SE,GO_Biological_Process_2023,Phospholipid Translocation (GO:0045332),14/31,0.0013706012656944247,4.104567328879409,34.87047616371125,ATP8B4;ATP8A2;ATP8B3;TMEM30A;ATP8A1;ATP8B2;TMEM30B;ATP8B1;ATP10D;ATP10B;ATP11C;ATP10A;ATP11B;ATP11A,3351
complex_genes,SE,GO_Cellular_Component_2023,AP-1 Adaptor Complex (GO:0030121),7/11,0.0014929275845212912,8.710750598086124,63.95089411213968,AP1G1;AP1B1;AP1S2;AP1S1;AP1S3;AP1M2;AP1M1,3351
complex_genes,SE,GO_Cellular_Component_2023,U2-type Catalytic Step 1 Spliceosome (GO:0071006),7/11,0.0014929275845212912,8.710750598086124,63.95089411213968,ISY1;RBM8A;EIF4A3;MAGOHB;PRPF19;SNRNP200;PRPF8,3351
complex_genes,SE,GO_Biological_Process_2023,Negative Regulation Of Translation (GO:0017148),33/107,0.0015229131243645634,2.2277136992326865,18.687525402039018,DDX6;FMR1;EIF4A3;YBX1;MRPL13;GIGYF2;FXR1;SYNCRIP;METTL14;FXR2;TPR;ENC1;RACK1;IGF2BP1;RPS3;CSNK2A1;DAPK1;METTL3;RPL13A;TSC1;CNOT10;AGO3;EPRS1;AGO4;CNOT1;AGO2;EIF3E;EIF4E2;CNOT9;GAPDH;TNRC6A;EIF4G1;TNRC6B,3351
complex_genes,SE,GO_Biological_Process_2023,Negative Regulation Of Cell Differentiation (GO:0045596),55/207,0.001540706577701781,1.8110768235820134,15.16875488089579,RB1;ITGB3;PTEN;HNRNPU;ACTB;CDC73;METTL14;BCL7A;TNN;SUFU;BCL7C;MYB;BCL7B;ITGAV;MEN1;IQCB1;MED1;SS18;SMARCC1;ADGRV1;ACTL6B;ACTL6A;PEX2;SIRT1;TGFBR1;SKIC8;IFNG;PPARG;SINHCAF;YAP1;SMARCD1;NOTCH1;CTR9;BICRA;PPP2CA;NKX2-1;LEO1;E2F1;BRD9;PRAME;SUZ12;SMAD3;BICRAL;NR1H2;NR1H3;SMARCA2;USH2A;SMARCA4;MAD2L2;ASXL1;IL6;CDK6;COL5A1;COL5A2;BMAL1,3351
complex_genes,SE,GO_Cellular_Component_2023,Neurotransmitter Receptor Complex (GO:0098878),5/6,0.001549682594804494,24.877465630603705,181.43894983269197,HTR3E;HTR3C;HTR3D;HTR3A;HTR3B,3351
complex_genes,SE,GO_Cellular_Component_2023,tRNA Methyltransferase Complex (GO:0043527),5/6,0.001549682594804494,24.877465630603705,181.43894983269197,TRMT10C;METTL1;TRMT6;WDR4;TRMT61A,3351
complex_genes,SE,GO_Biological_Process_2023,Positive Regulation Of Proteasomal Protein Catabolic Process (GO:1901800),29/90,0.0015538219016849816,2.373900770817501,19.859043827549662,GSK3B;CEBPA;GSK3A;VCP;KCNE2;FMR1;KEAP1;FBXO22;DDA1;BAG6;DDRGK1;RACK1;ELOB;BBS7;ZYG11B;ZER1;FBXW7;CSNK1A1;AXIN1;RAD23A;AXIN2;KLHL40;RBX1;PSMC5;PSMC6;PSMC3;PSMC2;MDM2;TAF1,3351
complex_genes,SE,GO_Cellular_Component_2023,NADPH Oxidase Complex (GO:0043020),9/17,0.0015557604850538747,5.60177289048474,40.802984681547386,DUOX1;NCF1;NCF2;NCF4;RAC2;CYBB;RAC3;RAC1;DUOX2,3351
complex_genes,SE,GO_Biological_Process_2023,Positive Regulation Of Fibroblast Proliferation (GO:0048146),13/28,0.0016337113789113042,4.31879368883563,35.90621923861645,PDGFRA;DHX9;PDGFB;FN1;PDGFA;LIG4;BMI1;CDK6;CDK4;MYC;PDGFC;NDUFS4;E2F1,3351
complex_genes,SE,GO_Biological_Process_2023,Endoderm Formation (GO:0001706),15/35,0.001651874634928819,3.7385341726618706,31.02396034405632,ITGB5;ITGA4;LAMB3;COL12A1;ITGB2;FN1;LAMB1;VTN;COL4A2;COL7A1;COL6A1;COL8A1;ITGA7;ITGAV;ITGA5,3351
complex_genes,SE,GO_Biological_Process_2023,Positive Regulation Of Telomere Maintenance Via Telomere Lengthening (GO:1904358),15/35,0.001651874634928819,3.7385341726618706,31.02396034405632,CCT3;CCT2;XRCC5;PNKP;AURKB;CCT6A;TCP1;FBXO4;CTNNB1;POT1;CCT8;CCT7;CCT5;CCT4;ATR,3351
complex_genes,SE,GO_Biological_Process_2023,Response To Nutrient Levels (GO:0031667),15/35,0.001651874634928819,3.7385341726618706,31.02396034405632,PRR5;PRKAA1;PRKAB2;PRKAA2;MAPKAP1;PRKAG1;PRKAG2;PRKAB1;PRKAG3;MTOR;RPTOR;MLST8;RICTOR;ULK1;EIF4G1,3351
complex_genes,SE,GO_Molecular_Function_2023,Extracellular Ligand-Gated Monoatomic Ion Channel Activity (GO:0005230),7/10,0.0016861770525725638,11.615031897926634,95.20137594137123,GABRA2;GABRA6;GABRA5;GABRA4;GABRA3;GABRG3;GABRG2,3351
complex_genes,SE,GO_Molecular_Function_2023,Ligand-Gated Monoatomic Ion Channel Activity Involved In Regulation Of Presynaptic Membrane Potential (GO:0099507),7/10,0.0016861770525725638,11.615031897926634,95.20137594137123,GRIA1;GLRA1;GABRB1;GABRA5;GRIK5;GRIK4;GRIN2B,3351
complex_genes,SE,GO_Biological_Process_2023,Cellular Response To Interleukin-15 (GO:0071350),7/10,0.0018078646202254393,11.615031897926634,95.20137594137123,STAT5A;IL15RA;IL15;IL2RB;STAT3;IL2RG;JAK1,3351
complex_genes,SE,GO_Biological_Process_2023,Interleukin-15-Mediated Signaling Pathway (GO:0035723),7/10,0.0018078646202254393,11.615031897926634,95.20137594137123,STAT5A;IL15RA;IL15;IL2RB;STAT3;IL2RG;JAK1,3351
complex_genes,SE,GO_Biological_Process_2023,Mitotic DNA Replication (GO:1902969),7/10,0.0018078646202254393,11.615031897926634,95.20137594137123,GINS1;POLA1;GINS3;MCM3;MCM4;MCM6;MCM2,3351
complex_genes,SE,GO_Biological_Process_2023,Nuclear Pore Complex Assembly (GO:0051292),7/10,0.0018078646202254393,11.615031897926634,95.20137594137123,FXR1;NDC1;NUP93;NUP205;NUP107;TPR;NUP153,3351
complex_genes,SE,GO_Biological_Process_2023,Regulation Of Calcium Ion Import Across Plasma Membrane (GO:1905664),7/10,0.0018078646202254393,11.615031897926634,95.20137594137123,PPP3CA;PPP3CB;PPP3R1;CALCR;PPP3CC;PPP3R2;RAMP3,3351
complex_genes,SE,GO_Biological_Process_2023,Regulation Of mRNA Polyadenylation (GO:1900363),7/10,0.0018078646202254393,11.615031897926634,95.20137594137123,NUDT21;CPSF7;CPSF6;NCBP1;NCBP2;ZC3H3;VIRMA,3351
complex_genes,SE,GO_Biological_Process_2023,Regulation Of Opsonization (GO:1903027),7/10,0.0018078646202254393,11.615031897926634,95.20137594137123,FCN1;COLEC11;FCN2;COLEC10;FCN3;CFP;MBL2,3351
complex_genes,SE,GO_Biological_Process_2023,Regulation Of Peptidyl-Lysine Acetylation (GO:2000756),7/10,0.0018078646202254393,11.615031897926634,95.20137594137123,FLCN;PRKAA1;PRKAA2;NFYA;NFYB;NFYC;SIRT1,3351
complex_genes,SE,GO_Biological_Process_2023,Positive Regulation Of Intrinsic Apoptotic Signaling Pathway (GO:2001244),16/39,0.001876829873003063,3.46803989309693,28.290503893279666,BECN1;RPS7;FBH1;BBC3;SOD1;BCLAF1;SFPQ;BCL2L11;MYC;DDIT3;RACK1;RPS3;PMAIP1;BID;S100A9;S100A8,3351
complex_genes,SE,GO_Cellular_Component_2023,Vacuolar Proton-Transporting V-type ATPase Complex (GO:0016471),11/24,0.0019028722581490287,4.214555504375864,29.826920176894184,ATP6V1A;ATP6V0B;RNASEK;ATP6V0A2;ATP6V1H;ATP6V0A4;TCIRG1;ATP6V0C;ATP6V1D;ATP6V0A1;ATP6V1F,3351
complex_genes,SE,GO_Biological_Process_2023,Intracellular pH Reduction (GO:0051452),14/32,0.002011644061542759,3.876302733659641,31.34634085315109,ATP6V1A;ATP6V0B;RNASEK;ATP6AP2;TCIRG1;DMXL1;DMXL2;ATP6V0A2;ATP6V1H;ATP6V0A4;ATP6V1D;ATP6V0C;ATP6V0A1;ATP6V1F,3351
complex_genes,SE,GO_Molecular_Function_2023,Growth Factor Receptor Binding (GO:0070851),30/96,0.0020245589103952823,2.2697161315047496,18.170720262136047,IL21;ITGB3;PDGFB;PDGFA;IL1RAP;TIMM50;PYCARD;SDCBP;NCSTN;SNX1;SNX2;PDGFD;PDGFC;IL12A;JAK2;IL10;PDGFRB;IL11;PDGFRA;IL1R1;IL37;ERAP1;IL2;VEGFA;IL4;IL3;IL6;ITGA5;IL6ST;CNOT9,3351
complex_genes,SE,GO_Biological_Process_2023,Calcium Ion Transmembrane Import Into Cytosol (GO:0097553),27/83,0.002069243854837554,2.4067979628674574,19.391493666573925,RYR1;RYR2;CACNA1C;PKD2;NALF1;GRIN2A;SCN11A;SCN9A;FLNA;SCN7A;SCN5A;CACNA1S;SCN3A;SCN1A;GP1BB;GP1BA;GRIN2C;GP5;GRIN2B;GRIN1;GRIN2D;GP9;CACNB3;SCN10A;SCN8A;SCN4A;SCN2A,3351
complex_genes,SE,GO_Biological_Process_2023,Negative Regulation Of DNA-binding Transcription Factor Activity (GO:0043433),42/149,0.002080165606148909,1.9622609535591125,15.796680931286422,RB1;HDAC2;PAXIP1;KDM1A;CEBPG;KEAP1;PKD2;PHB2;PKD1;RNF2;PYCARD;UFL1;IRAK1;IRAK2;SUFU;NLRP2;E2F1;NLRP3;E2F2;FLNA;BTRC;CDK5RAP3;MEN1;USP7;CHUK;CTNNBIP1;COMMD1;COMMD6;FOXP3;ESR1;COMMD7;SIRT1;PEX14;MAD2L2;BRMS1;AIM2;TFDP1;TRAF3;DDIT3;RBCK1;TAF3;TAF1,3351
complex_genes,SE,GO_Cellular_Component_2023,Cytoplasmic Side Of Plasma Membrane (GO:0009898),35/124,0.002103769129879942,1.9639202504709885,13.691203458073183,RNF31;TRAF3IP2;TRADD;PTEN;AP2A1;AKAP5;AP2A2;SPTA1;IKBKB;PPP3CA;AP2S1;FADD;JAK2;AP2M1;SNX5;JAK1;CHUK;KCNIP1;EXOC7;TRAF2;TYK2;AP2B1;SPTB;DLG1;CACNB4;DLG4;TRAF3;TRAF6;TRAF5;CHMP4C;CHMP4A;CHMP7;MYD88;BIRC2;CDK16,3351
complex_genes,SE,GO_Molecular_Function_2023,DNA Replication Origin Binding (GO:0003688),8/13,0.0021466137418559143,7.966018546215974,63.24590096373545,ORC5;ORC4;POLA1;ORC1;DHX9;ORC3;ORC2;KAT7,3351
complex_genes,SE,GO_Biological_Process_2023,Positive Regulation Of Excitatory Postsynaptic Potential (GO:2000463),11/22,0.002150491482941352,4.981437125748503,39.921658713487034,NLGN1;GRIN2A;RELN;DLG4;NRXN1;PTEN;GRIN2C;GRIN2B;PRKCZ;GRIN1;GRIN2D,3351
complex_genes,SE,GO_Biological_Process_2023,Positive Regulation Of Protein Autophosphorylation (GO:0031954),11/22,0.002150491482941352,4.981437125748503,39.921658713487034,RAD50;PDGFD;PDGFC;PDGFB;PDGFA;TNKS1BP1;CALM3;NBN;CALM1;CALM2;VEGFA,3351
complex_genes,SE,GO_Biological_Process_2023,Regulation Of Signal Transduction By P53 Class Mediator (GO:1901796),18/47,0.002201345108533107,3.0950681275024055,24.727304065410124,RPL5;PRMT5;USP7;TP53RK;RPL11;AURKB;MTOR;RPS15;BOP1;STK11;KAT6A;MDM2;GET1;RPS20;RPL37;RPL17;CDK5RAP3;TAF1,3351
complex_genes,SE,GO_Biological_Process_2023,"Negative Regulation Of Gene Expression, Epigenetic (GO:0045814)",19/51,0.00229047288052105,2.9610875600240094,23.525760734421898,CREBZF;RB1;L3MBTL1;KMT2D;USP7;CBX3;SMARCA5;BAZ2A;PPHLN1;BMI1;SIRT1;TASOR;POLE3;EPC1;TRIM27;MPHOSPH8;EZH1;EZH2;PHF19,3351
complex_genes,SE,GO_Biological_Process_2023,"Endonucleolytic Cleavage Of Tricistronic rRNA Transcript (SSU-rRNA, 5.8S rRNA, LSU-rRNA) (GO:0000479)",8/13,0.00229047288052105,7.966018546215974,63.24590096373545,RCL1;NOP14;TBL3;BMS1;RPP40;NOL9;UTP20;RPS21,3351
complex_genes,SE,GO_Biological_Process_2023,Interleukin-6-Mediated Signaling Pathway (GO:0070102),8/13,0.00229047288052105,7.966018546215974,63.24590096373545,YAP1;SMAD4;IL6;CTR9;STAT3;IL6ST;JAK2;JAK1,3351
complex_genes,SE,GO_Biological_Process_2023,Outer Mitochondrial Membrane Organization (GO:0007008),8/13,0.00229047288052105,7.966018546215974,63.24590096373545,TOMM40;SAMM50;MTX1;MTX2;TOMM7;TOMM20;TOMM5;TOMM22,3351
complex_genes,SE,GO_Biological_Process_2023,Peptidyl-Methionine Modification (GO:0018206),8/13,0.00229047288052105,7.966018546215974,63.24590096373545,LSM8;NAA30;NAA20;NAA25;NAA35;PFDN1;NAA16;NAA15,3351
complex_genes,SE,GO_Biological_Process_2023,Positive Regulation Of Histone Deacetylation (GO:0031065),8/13,0.00229047288052105,7.966018546215974,63.24590096373545,ING2;NIPBL;SUV39H1;SMARCA5;BAZ2A;SIRT1;RRP8;VEGFA,3351
complex_genes,SE,GO_Biological_Process_2023,Protein Insertion Into Mitochondrial Outer Membrane (GO:0045040),8/13,0.00229047288052105,7.966018546215974,63.24590096373545,TOMM40;SAMM50;MTX1;MTX2;TOMM7;TOMM20;TOMM5;TOMM22,3351
complex_genes,SE,GO_Biological_Process_2023,Negative Regulation Of Cellular Catabolic Process (GO:0031330),23/67,0.0023160864264418755,2.6081389313811187,20.67447108906755,IL10;GSK3A;IL10RA;STAT3;KLHL22;MTOR;GOLGA2;RPTOR;RRAGA;RRAGC;RRAGB;RRAGD;MLST8;BCL2;TAB3;TAB2;TRIM27;VHL;WASHC1;EIF4E;EIF4G3;MCL1;EIF4G1,3351
complex_genes,SE,GO_Biological_Process_2023,Response To Peptide Hormone (GO:0043434),20/55,0.0023289606202283684,2.8501093622678733,22.572536473650967,EIF2B5;STAT5A;EIF2B4;STAT5B;EIF2B3;XBP1;EIF2B2;STAT1;STAT2;STAT3;SLC2A1;TSC1;SIRT1;GNAI1;CREB1;CRY1;STAT4;STAT6;EIF2B1;OGT,3351
complex_genes,SE,GO_Biological_Process_2023,Arp2/3 Complex-Mediated Actin Nucleation (GO:0034314),10/19,0.0023289606202283684,5.533938607868569,43.804665320909784,ACTR3;ARPC2;ARPC3;ARPC1B;ARPC1A;ARPC5L;ARPC4;ARPC5;TRIM27;WASHC1,3351
complex_genes,SE,GO_Biological_Process_2023,Interleukin-1-Mediated Signaling Pathway (GO:0070498),10/19,0.0023289606202283684,5.533938607868569,43.804665320909784,IKBKB;IRAK1;IL1R1;IRAK2;TRAF6;IL1RAP;IRAK4;MAP3K7;RELA;MYD88,3351
complex_genes,SE,GO_Biological_Process_2023,Regulation Of Integrin-Mediated Signaling Pathway (GO:2001044),10/19,0.0023289606202283684,5.533938607868569,43.804665320909784,LAMA2;LAMA1;LAMB2;FLNA;LAMB1;ITGB1BP1;LAMC1;NID1;LIMS2;LIMS1,3351
complex_genes,SE,GO_Biological_Process_2023,protein-DNA Complex Assembly (GO:0065004),21/59,0.0023348231324964784,2.7566856330014224,21.80614654161741,H2BC8;H4C9;SMARCA5;RSF1;BAZ1A;SSRP1;GTF2H5;H2BC13;CHAF1B;CHAF1A;H2BC15;CHRAC1;H3-4;RAD51;RBBP4;KAT6B;H3C14;H2BC21;H2BC11;POLE3;H3C1,3351
complex_genes,SE,GO_Biological_Process_2023,Regulation Of Type I Interferon Production (GO:0032479),21/59,0.0023348231324964784,2.7566856330014224,21.80614654161741,TICAM2;TRAF3IP1;CUL3;KLHL22;TICAM1;TANK;ATG12;RBX1;POLA1;MAVS;TBK1;NPLOC4;IRAK1;STING1;TRAF3;UFD1;TRIM27;IKBKE;GAPDH;MYD88;ATG5,3351
complex_genes,SE,GO_Biological_Process_2023,Extrinsic Apoptotic Signaling Pathway In Absence Of Ligand (GO:0097192),9/16,0.002410397071667371,6.402410874583227,50.43179066587629,IL4;GSK3B;GSK3A;BCL2;BAX;CASP2;ITGAV;BCL2L2;MCL1,3351
complex_genes,SE,GO_Biological_Process_2023,External Encapsulating Structure Organization (GO:0045229),33/110,0.002535449480498816,2.1405321622319815,16.749666627685865,COL17A1;COL15A1;COL16A1;COL13A1;COL14A1;COL11A1;COL19A1;COL10A1;COL28A1;COL24A1;COL22A1;COL23A1;COL1A1;COL3A1;COL1A2;COL4A2;COL5A1;COL4A1;COL5A3;COL7A1;COL4A3;COL5A2;COL4A6;COL8A2;COL9A1;MATN1;COL4A5;COL8A1;COL9A3;COL9A2;MATN4;MATN3;MATN2,3351
complex_genes,SE,GO_Biological_Process_2023,Protein Localization To Cilium (GO:0061512),16/40,0.002559112298763011,3.3233383308345825,25.96954345943155,BBS1;ODAD4;IFT140;WDR19;IFT122;WDR35;IFT20;TCTN2;TTC21B;TCTN1;TMEM107;BBS9;NPHP4;ATP6V1D;CC2D2A;BBS4,3351
complex_genes,SE,GO_Cellular_Component_2023,Late Endosome Membrane (GO:0031902),26/85,0.0025622427201932594,2.198751115075825,14.883016367380076,ATP10B;CHMP1B;CHMP1A;VPS36;UBXN6;VPS39;TMEM30A;ANXA2;SNF8;RMC1;VAMP8;VAMP7;CHMP2B;VPS41;CHMP4C;CHMP2A;CHMP3;CHMP4A;LAMTOR2;LAMTOR1;CHMP6;LAMTOR4;CHMP7;LAMTOR3;CHMP5;LAMTOR5,3351
complex_genes,SE,GO_Molecular_Function_2023,RNA Polymerase II CTD Heptapeptide Repeat Kinase Activity (GO:0008353),6/8,0.002687734730547682,14.930044843049327,114.95219796874069,CDK9;CCNK;CDK7;CDK1;CDK12;CDK13,3351
complex_genes,SE,GO_Molecular_Function_2023,Metal-Dependent Deubiquitinase Activity (GO:0140492),6/8,0.002687734730547682,14.930044843049327,114.95219796874069,COPS6;PSMD7;PSMD14;EIF3H;EIF3F;PRPF8,3351
complex_genes,SE,GO_Biological_Process_2023,Positive Regulation Of RNA Metabolic Process (GO:0051254),14/33,0.0028227539663633035,3.6720659905682695,28.278131255614753,RBM27;UTP15;PNPT1;HEATR1;WDR75;PIK3R1;RELA;WDR43;SUPV3L1;TRMT112;POLR2A;U2AF2;RIOK1;HRAS,3351
complex_genes,SE,GO_Biological_Process_2023,Anoikis (GO:0043276),6/8,0.0028227539663633035,14.930044843049327,114.95219796874069,STK11;PIK3CA;TSC2;IKBKG;MAP3K7;MTOR,3351
complex_genes,SE,GO_Biological_Process_2023,Cell Surface Pattern Recognition Receptor Signaling Pathway (GO:0002752),6/8,0.0028227539663633035,14.930044843049327,114.95219796874069,FCN1;COLEC11;FCN2;COLEC10;FCN3;MBL2,3351
complex_genes,SE,GO_Biological_Process_2023,Cellular Response To Sterol Depletion (GO:0071501),6/8,0.0028227539663633035,14.930044843049327,114.95219796874069,SREBF1;INSIG2;INSIG1;ERLIN1;ERLIN2;SREBF2,3351
complex_genes,SE,GO_Biological_Process_2023,"Complement Activation, Lectin Pathway (GO:0001867)",6/8,0.0028227539663633035,14.930044843049327,114.95219796874069,FCN1;COLEC11;FCN2;FCN3;KRT1;MBL2,3351
complex_genes,SE,GO_Biological_Process_2023,Exonucleolytic Trimming Involved In rRNA Processing (GO:0000459),6/8,0.0028227539663633035,14.930044843049327,114.95219796874069,EXOSC7;EXOSC10;EXOSC9;EXOSC8;EXOSC3;EXOSC2,3351
complex_genes,SE,GO_Biological_Process_2023,"Exonucleolytic Trimming To Generate Mature 3'-End Of 5.8S rRNA From Tricistronic rRNA Transcript (SSU-rRNA, 5.8S rRNA, LSU-rRNA) (GO:0000467)",6/8,0.0028227539663633035,14.930044843049327,114.95219796874069,EXOSC7;EXOSC10;EXOSC9;EXOSC8;EXOSC3;EXOSC2,3351
complex_genes,SE,GO_Biological_Process_2023,Mesodermal Cell Differentiation (GO:0048333),6/8,0.0028227539663633035,14.930044843049327,114.95219796874069,ITGB1;ITGA3;ITGB4;ITGA2;ITGB3;ITGA8,3351
complex_genes,SE,GO_Biological_Process_2023,Positive Regulation Of Opsonization (GO:1903028),6/8,0.0028227539663633035,14.930044843049327,114.95219796874069,FCN1;COLEC11;FCN2;COLEC10;FCN3;MBL2,3351
complex_genes,SE,GO_Biological_Process_2023,Somatic Recombination Of Immunoglobulin Gene Segments (GO:0016447),6/8,0.0028227539663633035,14.930044843049327,114.95219796874069,MSH6;MSH2;XRCC4;MSH3;PRKDC;LIG4,3351
complex_genes,SE,GO_Biological_Process_2023,Transcription-Coupled Nucleotide-Excision Repair (GO:0006283),6/8,0.0028227539663633035,14.930044843049327,114.95219796874069,XAB2;USP7;ERCC3;ERCC8;ERCC6;POLR2I,3351
complex_genes,SE,GO_Biological_Process_2023,Ubiquitin-Dependent Protein Catabolic Process Via The C-end Degron Rule Pathway (GO:0140627),6/8,0.0028227539663633035,14.930044843049327,114.95219796874069,KLHDC2;KLHDC3;FEM1A;FEM1B;FEM1C;KLHDC10,3351
complex_genes,SE,GO_Biological_Process_2023,Negative Regulation Of Endothelial Cell Apoptotic Process (GO:2000352),12/26,0.002826878340528415,4.270311898344243,32.86660704370744,FGB;IL10;IL4;FGA;IL11;RAMP2;SERPINE1;FGG;IL13;KRIT1;MEN1;NFE2L2,3351
complex_genes,SE,GO_Biological_Process_2023,Negative Regulation Of Cell Death (GO:0060548),22/64,0.0029214056382579788,2.613068417514197,20.021993377754917,BECN1;CSF1;VPS4B;VPS4A;TRAF2;TNFRSF1B;PSMC5;CDK5;CHMP1B;CHMP1A;NUP62;CHMP2B;CHMP4C;CHMP2A;CHMP3;VPS35;CHMP4A;IKBKG;CHMP6;CHMP7;CHMP5;EIF4G1,3351
complex_genes,SE,GO_Cellular_Component_2023,Cul4A-RING E3 Ubiquitin Ligase Complex (GO:0031464),7/12,0.0029348119690950562,6.968181818181818,46.14644334359723,CUL4A;DDB1;CRBN;ERCC8;CUL4B;DDB2;RBX1,3351
complex_genes,SE,GO_Cellular_Component_2023,Cytoplasmic Side Of Lysosomal Membrane (GO:0098574),7/12,0.0029348119690950562,6.968181818181818,46.14644334359723,SNAPIN;BLOC1S2;KXD1;BORCS8;BORCS7;BORCS6;BORCS5,3351
complex_genes,SE,GO_Biological_Process_2023,Regulation Of Extrinsic Apoptotic Signaling Pathway (GO:2001236),21/60,0.002955460864602709,2.685839685839686,20.54472943948817,FEM1B;ETFA;TRAF2;BCL10;THBS1;TGFBR1;RELA;PYCARD;IL4;PSME3;ITGAV;ITGA6;PHIP;RIPK1;LTB;TLR6;FADD;LTBR;BID;TLR4;MEN1,3351
complex_genes,SE,GO_Cellular_Component_2023,Sarcolemma (GO:0042383),18/52,0.002996736871476804,2.639116852861757,17.408389187739957,ITGB1;RYR1;RYR2;SLC2A1;DTNBP1;ATP1A1;ATP1B1;SGCZ;RYR3;SGCD;SGCB;FXYD1;SSPN;SCN5A;CACNG1;SGCG;VCL;SNTA1,3351
complex_genes,SE,GO_Biological_Process_2023,Positive Regulation Of Amide Metabolic Process (GO:0034250),27/85,0.003008725437250587,2.3235248350553963,17.728560008396133,RPL5;GSK3A;POLDIP3;PRKDC;FMR1;EIF4A3;NAT10;THBS1;RELA;RPS4X;FXR1;METTL14;FXR2;METTL5;IFNGR1;METTL3;MTOR;IL6;IFNG;AGO2;HNRNPD;EIF3E;RPL26;EIF3C;EIF3D;EIF4G3;OGT,3351
complex_genes,SE,GO_Biological_Process_2023,Negative Regulation Of Macromolecule Biosynthetic Process (GO:0010558),30/98,0.0030515958839009974,2.202694085764387,16.772405230068376,DDX6;GSK3B;FCN3;GSK3A;HDAC2;FMR1;EIF4A3;AP2A1;YBX1;MRPL13;GIGYF2;FXR1;SYNCRIP;FXR2;ENC1;RACK1;IGF2BP1;RPS3;IL10;CSNK2A1;DAPK1;RPL13A;TSC1;CNOT10;EPRS1;CNOT1;TAF7;EIF4E2;CNOT9;GAPDH,3351
complex_genes,SE,GO_Biological_Process_2023,Cellular Response To Oxygen-Containing Compound (GO:1901701),94/406,0.003091878384538819,1.5112204089023247,11.485274642767369,RYR1;GSK3B;NDUFA13;GUCY1B1;CXCL8;NCF1;SERPINE1;PKD2;CDC73;ACTB;RYR3;PYCARD;UXT;RPTOR;KAT5;RUVBL2;CAPN2;CASP1;SCN5A;IL10;PDGFRA;TICAM2;ADGRV1;CHUK;DAPK1;PEX2;FOS;TICAM1;TNFRSF1B;IL1A;RRAGA;CREB1;RRAGC;RRAGB;LARS1;TRAF6;KCNQ1;MYOD1;RRAGD;RARA;LCOR;PLAA;TLR4;TLR2;CHMP5;HCN4;HCN3;KCNE1;NLGN1;PRKAA1;VCP;PRKAA2;RAMP3;INSIG1;CTR9;PDGFB;LY96;BCL10;RELA;ADD1;GLRA1;GLRA2;PABPN1;NLRP7;RPS3;SH3BP4;NLRP3;ROMO1;H2AZ1;JUN;XBP1;IL37;NR1H3;PEX10;PEX12;PEX13;ESR1;MTOR;PEX14;IL6;SNW1;DLG2;DLG4;CDK2;GNB1;LAMTOR2;LAMTOR1;LAMTOR4;LAMTOR3;MYD88;HCN2;LAMTOR5;HCN1;TAF1,3351
complex_genes,SE,GO_Molecular_Function_2023,Acetylation-Dependent Protein Binding (GO:0140033),11/23,0.0031457220964935108,4.566042914171657,34.36862652009715,ZZZ3;KMT2A;PSME4;DPF2;BAZ2A;YEATS4;BRD9;PHIP;BRD7;SMARCA4;TAF1,3351
complex_genes,SE,GO_Molecular_Function_2023,Lysine-Acetylated Histone Binding (GO:0070577),11/23,0.0031457220964935108,4.566042914171657,34.36862652009715,ZZZ3;KMT2A;PSME4;DPF2;BAZ2A;YEATS4;BRD9;PHIP;BRD7;SMARCA4;TAF1,3351
complex_genes,SE,GO_Biological_Process_2023,Positive Regulation Of Growth (GO:0045927),26/81,0.0031573738571187633,2.359228981544771,17.877429430059006,N6AMT1;PRR5;YAP1;MAPKAP1;DERL2;RPTOR;SDCBP;EXOSC4;EXOSC9;MLST8;RICTOR;TEAD1;EXOSC2;CSNK2A1;NCBP1;KLHL22;INO80;TGFBR1;IL2;MTOR;SUPV3L1;BCL2;FXN;S100A9;S100A8;EIF4G1,3351
complex_genes,SE,GO_Biological_Process_2023,Positive Regulation Of Exocytosis (GO:0045921),15/37,0.0031660414742104414,3.398258665794637,25.736840481118943,FGB;FGA;TSG101;PDCD6IP;VPS4B;VPS4A;FGG;SNF8;STAM;SDCBP;IFNG;HGS;CHMP2A;SDC1;S100A10,3351
complex_genes,SE,GO_Molecular_Function_2023,ATPase Binding (GO:0051117),24/73,0.003251249962108419,2.44382694466425,18.29589045895762,NOP58;UBXN1;PIH1D1;TRPC1;NR1H2;TAF9;DERL1;SNU13;TCIRG1;PKD2;ATP1B1;ESR1;BBC3;PEX26;FBL;PPP3CA;NCSTN;PLN;CLPP;ATP6V0A2;CHMP4A;ATP6V0A4;SNTA1;ATP6V0A1,3351
complex_genes,SE,GO_Biological_Process_2023,Entrainment Of Circadian Clock By Photoperiod (GO:0043153),11/23,0.0033077365192351084,4.566042914171657,34.36862652009715,PER2;PPP1CB;PER1;PPP1CC;MTA1;PER3;CRY2;FBXL17;CRY1;FBXL3;PPP1CA,3351
complex_genes,SE,GO_Biological_Process_2023,Rescue Of Stalled Ribosome (GO:0072344),11/23,0.0033077365192351084,4.566042914171657,34.36862652009715,SKIC8;NEMF;SKIC2;TCF25;SKIC3;LTN1;RACK1;TRIP4;ASCC2;ASCC3;KLHDC10,3351
complex_genes,SE,GO_Biological_Process_2023,Inorganic Cation Import Across Plasma Membrane (GO:0098659),31/103,0.0034042100236404407,2.149795013386881,16.11676221072757,HCN4;KCNE2;CACNA1C;ATP1A1;SLC5A2;NALF1;SCN11A;SCN9A;SCN7A;CACNA1S;SCN5A;SCN3A;KCNJ2;SCN1A;KCNJ3;KCNH2;KCNJ5;KCNJ11;ATP1B1;ATP4B;SCNN1G;ATP4A;SCN10A;SCNN1D;SCN8A;SCNN1B;FXYD2;SCNN1A;SCN4A;SCN2A;HCN2,3351
complex_genes,SE,GO_Biological_Process_2023,Negative Regulation Of mRNA Catabolic Process (GO:1902373),16/41,0.00342844807587201,3.1902128935532232,23.88527936085569,APOBEC1;NBAS;DHX9;FMR1;HNRNPU;YBX1;AXIN2;HNRNPAB;SYNCRIP;THRAP3;CSDE1;E2F1;IGF2BP1;HNRNPD;PABPC1;PAIP1,3351
complex_genes,SE,GO_Biological_Process_2023,Regulation Of Amide Metabolic Process (GO:0034248),16/41,0.00342844807587201,3.1902128935532232,23.88527936085569,CYFIP1;EIF2B4;RPL10;ELP1;NOLC1;ELP2;ELP3;TSC1;ELP4;FOXO3;ELP5;EIF2S1;ELP6;TCOF1;GEMIN5;EIF4E,3351
complex_genes,SE,GO_Biological_Process_2023,Negative Regulation Of Blood Coagulation (GO:0030195),13/30,0.0034401858031619043,3.8102421316039896,28.509237098139707,FGB;FGA;PDGFRA;SERPINE1;FGG;KRT1;PDGFB;PDGFA;PLAT;GP1BA;THBD;VTN;PLAU,3351
complex_genes,SE,GO_Biological_Process_2023,Golgi Organization (GO:0007030),37/130,0.0035058093349481546,1.9875665959338356,14.83122746033821,CUL7;UBXN2B;STX17;UBXN2A;SYNE1;GOLGA2;VCPIP1;LMAN1;VPS51;PDCD10;TRAPPC12;TRAPPC11;PRMT5;COG8;ATP8B4;COG7;ATP8B3;COG6;FBXW8;ATP8B2;COG5;ATP8B1;CSNK1A1;COG4;COG3;COG2;COG1;TRAPPC8;YWHAZ;NSFL1C;NPLOC4;GORASP2;ZW10;GORASP1;CDK1;OBSL1;BLZF1,3351
complex_genes,SE,GO_Biological_Process_2023,Regulation Of Monoatomic Ion Transmembrane Transporter Activity (GO:0032412),23/69,0.0035454951775952927,2.494441105769231,18.582047218174974,HCN4;HCN3;NLGN1;DAPK1;PHB2;RELN;FXYD4;DLG4;FXYD3;FXYD2;FXYD1;FXYD7;FXYD6;CAPN1;FXYD5;UTRN;SCN3B;SCN4B;FGF12;SCN1B;HCN2;HCN1;SCN2B,3351
complex_genes,SE,GO_Cellular_Component_2023,Ionotropic Glutamate Receptor Complex (GO:0008328),13/33,0.003586768657882172,3.2381216297183943,20.76062221545128,GRIA1;GRIA2;GRIK5;GRIK3;GRIK4;GRIK1;GRIK2;GRIN2C;GRIN2B;GRIN1;GRIN2D;GRIN2A;DLG4,3351
complex_genes,SE,GO_Biological_Process_2023,Regulation Of Tyrosine Phosphorylation Of STAT Protein (GO:0042509),22/65,0.0036496326333744916,2.552145696382041,18.93455489392565,IL21;CSF1R;CSF2;IL20;IL15;IFNA2;IL18;IL2;TNFRSF1A;IL22RA2;VEGFA;PPP2CA;IL4;IL3;IL6;IFNL1;CNOT7;IFNG;PPP2R1A;IL12A;JAK2;IL6ST,3351
complex_genes,SE,GO_Cellular_Component_2023,Cell Projection Membrane (GO:0031253),30/105,0.0036919617137839795,1.996266184884071,12.73056512279612,ITGB3;SLC3A1;PKD1;SYNE2;TCTN3;TCTN2;TMEM67;BBS9;ATP6V0A4;ITGAV;BBS7;BBS5;BBS4;BBS2;CUBN;BBS1;SLC6A19;ITGA3;SEPTIN2;CASK;BBIP1;TMEM231;ACE2;SLC7A5;TTC8;TMEM17;SLC7A8;SLC7A9;SCNN1A;UTRN,3351
complex_genes,SE,GO_Biological_Process_2023,Chemical Synaptic Transmission (GO:0007268),67/273,0.0036925331388180695,1.6284914797251753,12.06065195552201,GABRB3;GABRB2;GABRB1;GRIK5;GRIK3;PTEN;GRIK4;GRIK1;GRIK2;MBL2;KCND2;HTR3E;HTR3C;HTR3D;HTR3A;HTR3B;GABRG3;GABRG2;CACNB1;CACNB2;CACNB3;CACNB4;EXOC4;PAFAH1B1;GRIA1;GRIA2;NLGN1;NRXN1;CHRNA9;LIN7A;LIN7C;LIN7B;CHRND;GLRA1;SDCBP;GRIN2A;GLRA2;GLRA3;CHRNA10;GABRD;GABRA2;GABRQ;GABBR2;GABRA1;GABBR1;SNAPIN;GABRA6;GABRA5;KCNIP2;GABRA4;GAD1;GABRA3;GAD2;GRIN2C;SEPTIN9;GRIN2B;GRIN2D;GRIN1;DLG1;DLG2;CDK5;DLG3;GLRB;DLG4;GIPC1;APBA1;SCN2B,3351
complex_genes,SE,GO_Molecular_Function_2023,Toll-like Receptor Binding (GO:0035325),7/11,0.0037035862007231174,8.710750598086124,63.95089411213968,TLR1;TLR10;TLR6;S100A9;MYD88;S100A8;TLR2,3351
complex_genes,SE,GO_Molecular_Function_2023,Phosphatidylinositol 3-Kinase Activity (GO:0035004),7/11,0.0037035862007231174,8.710750598086124,63.95089411213968,PIK3CA;PIK3CD;PIK3R3;PIK3C3;PIK3CB;PIK3CG;PIK3R6,3351
complex_genes,SE,GO_Biological_Process_2023,Negative Regulation Of DNA Metabolic Process (GO:0051053),18/49,0.0037155859326590624,2.8950378908858627,21.418780356435843,DFFA;BLM;KMT2A;XRCC5;GMNN;TERF1;TERF2;MSH6;DNMT3L;MCIDAS;MSH2;MSH3;ERCC4;ERCC1;RPS3;TERF2IP;RAD17;ATR,3351
complex_genes,SE,GO_Biological_Process_2023,Post-Transcriptional Regulation Of Gene Expression (GO:0010608),20/57,0.0037587282299938124,2.6957248452294986,19.906866813401397,CYFIP1;EIF2B4;RPL10;ELP1;NOLC1;ELP2;TSC1;ELP3;ELP4;ATG14;FOXO3;ELP5;EIF2S1;ELP6;GIGYF2;NUDT21;PER1;TCOF1;GEMIN5;EIF4E,3351
complex_genes,SE,GO_Biological_Process_2023,Regulation Of Proteasomal Protein Catabolic Process (GO:0061136),19/53,0.0037587282299938124,2.786570510557164,20.576569715274175,HSP90AB1;KCNE2;PSMD14;FBXW7;FMR1;RAD23A;COMMD1;PKD1;RAD23B;UCHL5;UFL1;PSMC5;PSMC6;PSMC3;DDRGK1;PSME3;PSMC2;PSME1;PSME2,3351
complex_genes,SE,GO_Biological_Process_2023,Positive Regulation Of Protein Serine/Threonine Kinase Activity (GO:0071902),34/117,0.003783974737885462,2.045846333782522,15.090458635078841,CSF1R;CAB39;PDGFB;PDGFA;PKD2;PKD1;THBS1;PIK3R6;PIK3CG;PIK3R5;RPTOR;PPP2CA;CCND3;CCND2;CCND1;IRAK1;PDCD10;PDGFD;PDGFC;HRAS;PDGFRB;PIH1D1;IL34;SIRT1;VEGFA;CCNY;IFNG;CALM3;TAB1;CALM1;CALM2;TLR4;TELO2;EZH2,3351
complex_genes,SE,GO_Biological_Process_2023,Sodium Ion Transmembrane Transport (GO:0035725),26/82,0.0038120480341732655,2.3169602577873256,17.069979190957476,HCN4;HCN3;ATP1A1;PKD2;SLC5A2;NALCN;SCN9A;SCN5A;SCN3B;SCN1B;SLC6A19;ATP1B1;ATP4B;SCNN1G;ATP4A;SCN10A;SCNN1D;SCNN1B;FXYD2;SCNN1A;SCN4A;SCN2A;SCN4B;HCN2;HCN1;SCN2B,3351
complex_genes,SE,GO_Molecular_Function_2023,Aryl Hydrocarbon Receptor Binding (GO:0017162),5/6,0.0038309347226151355,24.877465630603705,181.43894983269197,NCOA2;TBP;TAF6;TAF4;BMAL1,3351
complex_genes,SE,GO_Molecular_Function_2023,Cell-Matrix Adhesion Mediator Activity (GO:0098634),5/6,0.0038309347226151355,24.877465630603705,181.43894983269197,ITGB1;ITGA10;ITGA2;ITGA1;ITGA11,3351
complex_genes,SE,GO_Cellular_Component_2023,Autophagosome (GO:0005776),25/83,0.003888088595845652,2.1501181910548035,13.589249317941649,BECN1;STX17;CHMP1B;CHMP1A;SNAP29;WASHC1;ATG5;HSPA8;UVRAG;VPS33A;ATG14;ATG16L2;STING1;ATG16L1;CHMP2B;CHMP4C;CHMP2A;CHMP3;CHMP4A;PIK3C3;ULK1;CHMP6;CHMP7;TECPR1;CHMP5,3351
complex_genes,SE,GO_Biological_Process_2023,Negative Regulation Of Amyloid Fibril Formation (GO:1905907),7/11,0.0038958948340909088,8.710750598086124,63.95089411213968,VBP1;PFDN1;PFDN2;PFDN4;LDLR;PFDN5;PFDN6,3351
complex_genes,SE,GO_Biological_Process_2023,Negative Regulation Of Fibrinolysis (GO:0051918),7/11,0.0038958948340909088,8.710750598086124,63.95089411213968,THBD;VTN;PLAU;SERPINE1;PLAT;THBS1;USF1,3351
complex_genes,SE,GO_Biological_Process_2023,Regulation Of Cell Cycle Checkpoint (GO:1901976),7/11,0.0038958948340909088,8.710750598086124,63.95089411213968,BARD1;RAD51;FEM1B;CRY1;RPA2;BRCA1;BRCA2,3351
complex_genes,SE,GO_Biological_Process_2023,Protein Targeting To Vacuole (GO:0006623),14/34,0.0039060223194666128,3.488252921786035,25.590956194211245,BECN1;VPS4A;PIK3R4;VPS37C;VPS37D;VPS37A;VPS37B;ATG14;AP4M1;AP3M1;HGS;VPS8;VPS41;PIK3C3,3351
complex_genes,SE,GO_Biological_Process_2023,Regulation Of DNA Biosynthetic Process (GO:2000278),14/34,0.0039060223194666128,3.488252921786035,25.590956194211245,PDGFRB;PARP4;MEAF6;JADE1;PDGFB;PDGFA;JADE3;JADE2;TERF2;ING4;ING5;NABP2;POT1;KAT7,3351
complex_genes,SE,GO_Molecular_Function_2023,3'-5' DNA Helicase Activity (GO:0043138),8/14,0.003939380456040159,6.637949945159039,48.13246950344685,BLM;FANCM;ERCC3;DHX9;FBH1;MCM5;MCM6;MCM2,3351
complex_genes,SE,GO_Molecular_Function_2023,Cyclin-Dependent Protein Serine/Threonine Kinase Activator Activity (GO:0061575),8/14,0.003939380456040159,6.637949945159039,48.13246950344685,CCNK;CCND3;CCND2;CCNT1;CCND1;CCNY;CDK5R2;CDK5R1,3351
complex_genes,SE,GO_Biological_Process_2023,Calcitonin Family Receptor Signaling Pathway (GO:0097646),5/6,0.004023786161929415,24.877465630603705,181.43894983269197,RAMP2;CALCR;CALCRL;RAMP3;RAMP1,3351
complex_genes,SE,GO_Biological_Process_2023,Histone H2A-K119 Monoubiquitination (GO:0036353),5/6,0.004023786161929415,24.877465630603705,181.43894983269197,PCGF6;PCGF5;PCGF2;PCGF3;PCGF1,3351
complex_genes,SE,GO_Biological_Process_2023,Negative Regulation Of Telomere Capping (GO:1904354),5/6,0.004023786161929415,24.877465630603705,181.43894983269197,RAD50;ERCC4;ERCC1;NBN;TERF2,3351
complex_genes,SE,GO_Biological_Process_2023,Polyadenylation-Dependent snoRNA 3'-End Processing (GO:0071051),5/6,0.004023786161929415,24.877465630603705,181.43894983269197,EXOSC6;EXOSC5;EXOSC4;EXOSC3;EXOSC2,3351
complex_genes,SE,GO_Biological_Process_2023,Positive Regulation Of Helicase Activity (GO:0051096),5/6,0.004023786161929415,24.877465630603705,181.43894983269197,MSH6;MSH2;MSH3;POT1;GTF2H2,3351
complex_genes,SE,GO_Biological_Process_2023,Positive Regulation Of Interleukin-23 Production (GO:0032747),5/6,0.004023786161929415,24.877465630603705,181.43894983269197,CSF2;IFNG;MYD88;IL17A;IL17RA,3351
complex_genes,SE,GO_Biological_Process_2023,Regulation Of SA Node Cell Action Potential (GO:0098907),5/6,0.004023786161929415,24.877465630603705,181.43894983269197,HCN4;HCN3;RYR2;HCN2;HCN1,3351
complex_genes,SE,GO_Biological_Process_2023,Regulation Of Atrial Cardiac Muscle Cell Membrane Depolarization (GO:0060371),5/6,0.004023786161929415,24.877465630603705,181.43894983269197,SCN10A;SCN5A;SCN3B;SCN1B;SCN2B,3351
complex_genes,SE,GO_Biological_Process_2023,Regulation Of Glucocorticoid Receptor Signaling Pathway (GO:2000322),5/6,0.004023786161929415,24.877465630603705,181.43894983269197,PER1;PHB1;CRY2;CRY1;CLOCK,3351
complex_genes,SE,GO_Biological_Process_2023,Transcription-Dependent Tethering Of RNA Polymerase II Gene DNA At Nuclear Periphery (GO:0000972),5/6,0.004023786161929415,24.877465630603705,181.43894983269197,PCID2;NUP107;NUP133;NUP155;RAE1,3351
complex_genes,SE,GO_Molecular_Function_2023,RNA Nuclease Activity (GO:0004540),23/70,0.00403015922878022,2.441220846972177,17.62867832378562,INTS11;TSNAX;RNASEH2A;RNASEK;ELAC2;CPSF3;DICER1;EXOSC7;RCL1;EXOSC6;EXOSC5;CNOT6;EXOSC10;EXOSC4;CNOT7;AGO3;AGO4;EXOSC9;EXOSC8;AGO2;EXOSC3;EXOSC2;EXOSC1,3351
complex_genes,SE,GO_Biological_Process_2023,Negative Regulation Of Cellular Senescence (GO:2000773),9/17,0.004040264620518934,5.60177289048474,40.802984681547386,FZR1;CDK6;RBL1;TERT;PTEN;YBX1;FBXO5;SIRT1;TERF2,3351
complex_genes,SE,GO_Biological_Process_2023,Positive Regulation Of Leukocyte Proliferation (GO:0070665),9/17,0.004040264620518934,5.60177289048474,40.802984681547386,CSF1R;CSF2;CSF1;IL34;IL5RA;CSF2RB;IL12A;JAK2;CSF2RA,3351
complex_genes,SE,GO_Biological_Process_2023,Positive Regulation Of Transcription From RNA Polymerase II Promoter In Response To Stress (GO:0036003),9/17,0.004040264620518934,5.60177289048474,40.802984681547386,CEBPB;ATF6B;DDIT3;RBPJ;HIF1A;ATF6;VEGFA;ATF4;NFE2L2,3351
complex_genes,SE,GO_Biological_Process_2023,rRNA Modification (GO:0000154),9/17,0.004040264620518934,5.60177289048474,40.802984681547386,FBL;TRMT112;NSUN4;DKC1;NHP2;NAT10;METTL5;TFB2M;NOP10,3351
complex_genes,SE,GO_Biological_Process_2023,DNA Synthesis Involved In DNA Repair (GO:0000731),12/27,0.004046928334798458,3.985384845762204,28.986201851609678,POLD3;POLA1;VCP;RFC3;RRM1;PCNA;RRM2B;SYCP1;POLD1;FAAP20;POLE;SIRT1,3351
complex_genes,SE,GO_Biological_Process_2023,GPI Anchor Metabolic Process (GO:0006505),12/27,0.004046928334798458,3.985384845762204,28.986201851609678,DPM1;PIGC;DPM2;DPM3;PIGO;PIGQ;SLC30A5;PIGA;PIGP;PIGM;PIGG;PIGH,3351
complex_genes,SE,GO_Biological_Process_2023,mRNA Modification (GO:0016556),12/27,0.004046928334798458,3.985384845762204,28.986201851609678,APOBEC1;METTL14;TRMT10C;WTAP;DKC1;METTL3;TRMT6;ZC3H13;VIRMA;HNRNPAB;CBLL1;TRMT61A,3351
complex_genes,SE,GO_Biological_Process_2023,Myeloid Cell Development (GO:0061515),12/27,0.004046928334798458,3.985384845762204,28.986201851609678,MED1;GP9;CEBPB;ANXA2;ATP6AP1;GP1BB;MYB;FLNA;GP1BA;GP5;FOXP1;TLR2,3351
complex_genes,SE,GO_Biological_Process_2023,Positive Regulation Of Immune System Process (GO:0002684),12/27,0.004046928334798458,3.985384845762204,28.986201851609678,C6;C8G;IFNL1;C7;IL15;C9;PIK3CD;PIK3CB;C8B;CFP;C8A;VEGFA,3351
complex_genes,SE,GO_Biological_Process_2023,Protein Quality Control For Misfolded Or Incompletely Synthesized Proteins (GO:0006515),12/27,0.004046928334798458,3.985384845762204,28.986201851609678,BAG6;ZYG11B;VCP;ZER1;KLHL15;CUL3;CLPP;DERL1;FBXL17;UFD1;PEX10;PEX12,3351
complex_genes,SE,GO_Biological_Process_2023,"Synaptic Transmission, Glutamatergic (GO:0035249)",12/27,0.004046928334798458,3.985384845762204,28.986201851609678,GRIA1;GRIA2;GRIN2A;GRIK5;GRIK3;GRIK4;GRIK1;GRIK2;GRIN2C;SEPTIN9;GRIN2B;GRIN2D,3351
complex_genes,SE,GO_Biological_Process_2023,Positive Regulation Of Programmed Cell Death (GO:0043068),61/245,0.004094326499338913,1.6591201929430421,12.039219859141733,ITGB1;FAF1;TRADD;CCAR2;ING4;PYCARD;CASP9;ING5;FLCN;PIDD1;LGALS2;LGALS1;CASP8;TCTN3;RACK1;CASP2;EMILIN2;EMILIN1;CTNNBL1;APAF1;UTP11;DAPK1;RPS6;SCRIB;SIRT1;IFNG;BIN1;ITGA6;EEF1E1;ATF6;ATF4;DDX20;BCL10;NLRC4;FOXO3;TFPT;BCLAF1;BCL2L11;E2F1;IGF2BP1;PMAIP1;SAP18;RIPK1;FADD;BAK1;BID;MCL1;BARD1;JUN;CRADD;NOS2;BAD;SOD1;IL6;RYBP;APC;ERCC3;BCL2;CTNNB1;BAX;RNPS1,3351
complex_genes,SE,GO_Biological_Process_2023,COPII-coated Vesicle Cargo Loading (GO:0090110),8/14,0.004094326499338913,6.637949945159039,48.13246950344685,SEC13;SEC24B;SEC24A;SAR1A;SEC24D;SEC24C;SEC31B;SEC31A,3351
complex_genes,SE,GO_Biological_Process_2023,miRNA-mediated Gene Silencing By Inhibition Of Translation (GO:0035278),8/14,0.004094326499338913,6.637949945159039,48.13246950344685,DDX6;AGO3;AGO4;AGO2;EIF4E2;TNRC6A;EIF4G1;TNRC6B,3351
complex_genes,SE,GO_Biological_Process_2023,Mitotic intra-S DNA Damage Checkpoint Signaling (GO:0031573),8/14,0.004094326499338913,6.637949945159039,48.13246950344685,MUS81;TIPIN;EME1;EME2;FANCD2;HUS1;RAD17;RAD9A,3351
complex_genes,SE,GO_Biological_Process_2023,Negative Regulation Of Fatty Acid Biosynthetic Process (GO:0045717),8/14,0.004094326499338913,6.637949945159039,48.13246950344685,KLHL25;ERLIN1;UBR4;BRCA1;ERLIN2;DCAF5;SIRT1;WDTC1,3351
complex_genes,SE,GO_Biological_Process_2023,Positive Regulation Of Transcription From RNA Polymerase II Promoter Involved In Cellular Response To Chemical Stimulus (GO:1901522),8/14,0.004094326499338913,6.637949945159039,48.13246950344685,CREB3;SMAD4;XBP1;RBPJ;HIF1A;RELA;VEGFA;NFE2L2,3351
complex_genes,SE,GO_Biological_Process_2023,Post-Translational Protein Targeting To Endoplasmic Reticulum Membrane (GO:0006620),8/14,0.004094326499338913,6.637949945159039,48.13246950344685,UBL4A;SEC61A2;SEC61A1;SEC61G;CHMP4A;SEC61B;GET3;GET4,3351
complex_genes,SE,GO_Biological_Process_2023,Regulation Of Nuclear-Transcribed mRNA poly(A) Tail Shortening (GO:0060211),8/14,0.004094326499338913,6.637949945159039,48.13246950344685,CNOT7;CNOT1;POLR2G;PABPC1;TENT4A;TENT4B;TNRC6A;TNRC6B,3351
complex_genes,SE,GO_Biological_Process_2023,Negative Regulation Of Epithelial Cell Apoptotic Process (GO:1904036),15/38,0.004142389287964588,3.250312793243666,23.526234051782623,YAP1;FGB;IL10;FGA;IL11;PRKAA1;RAMP2;PRKAA2;SERPINE1;FGG;IL13;IL4;KRIT1;MEN1;NFE2L2,3351
complex_genes,SE,GO_Molecular_Function_2023,Exonuclease Activity (GO:0004527),17/46,0.00435160723635787,2.9222431375793807,20.857504807818195,EXOSC7;EXOSC6;EXOSC5;CNOT6;RAD50;EXOSC10;EXOSC4;CNOT7;ERCC4;EXOSC9;EXOSC8;APLF;EXOSC3;EXOSC2;EXOSC1;POLG;RAD9A,3351
complex_genes,SE,GO_Cellular_Component_2023,Death-Inducing Signaling Complex (GO:0031264),5/7,0.004361208040801437,12.43798565451285,76.99085444367846,CASP8;FAF1;TRADD;RIPK1;FADD,3351
complex_genes,SE,GO_Cellular_Component_2023,Dihydrolipoyl Dehydrogenase Complex (GO:0045240),5/7,0.004361208040801437,12.43798565451285,76.99085444367846,BCKDHB;DBT;OGDH;DLST;DLD,3351
complex_genes,SE,GO_Cellular_Component_2023,Serine C-palmitoyltransferase Complex (GO:0017059),5/7,0.004361208040801437,12.43798565451285,76.99085444367846,SPTLC1;SPTLC2;SPTLC3;SPTSSB;SPTSSA,3351
complex_genes,SE,GO_Biological_Process_2023,Lysosome Localization (GO:0032418),16/42,0.00440217587223138,3.0673278745242762,22.007293561651494,SNAPIN;VPS33A;VPS33B;PIK3CD;HPS6;PIK3CG;FLCN;BLOC1S1;BLOC1S2;KXD1;FAM98A;LAMTOR1;BORCS8;BORCS7;BORCS6;BORCS5,3351
complex_genes,SE,GO_Biological_Process_2023,Regulation Of Ubiquitin-Dependent Protein Catabolic Process (GO:2000058),16/42,0.00440217587223138,3.0673278745242762,22.007293561651494,RPL5;CSNK2A1;RPS7;FBXW7;RPL11;CSNK2A2;PTEN;AXIN1;RAD23A;COMMD1;RAD23B;UFL1;CCDC22;RPL17;CDK5RAP3;TAF1,3351
complex_genes,SE,GO_Biological_Process_2023,Protein Sumoylation (GO:0016925),17/46,0.0045575166209135005,2.9222431375793807,20.857504807818195,RANBP2;SLF1;SLF2;UBE2I;CBX4;NSMCE3;NSMCE2;NSMCE1;SMC5;SMC6;RANGAP1;EID3;NSMCE4A;MDM2;UBA2;TRIM27;SAE1,3351
complex_genes,SE,GO_Biological_Process_2023,Regulation Of Fibroblast Proliferation (GO:0048145),17/46,0.0045575166209135005,2.9222431375793807,20.857504807818195,PDGFRA;DHX9;PDGFB;FN1;PDGFA;LIG4;MED9;PEX2;BMI1;CDC73;CDK6;CDK4;MYC;PDGFC;NDUFS4;E2F1;CTNNB1,3351
complex_genes,SE,GO_Molecular_Function_2023,Active Monoatomic Ion Transmembrane Transporter Activity (GO:0022853),11/24,0.004590337079572635,4.214555504375864,29.826920176894184,COX8A;COX7B;UQCRB;COX4I1;UQCRC1;UQCR10;COX5B;COX5A;COX7C;UQCRH;COX6B1,3351
complex_genes,SE,GO_Biological_Process_2023,Response To Endoplasmic Reticulum Stress (GO:0034976),33/114,0.004604128553535507,2.0343357220994354,14.496760414361082,GSK3B;VCP;CEBPB;CXCL8;ATF6B;CCDC47;DERL1;PIK3R2;PIK3R1;THBS1;THBS4;BBC3;BAG6;UFL1;BCL2L11;DDRGK1;BAK1;CDK5RAP3;UBXN6;PDIA3;EIF2B5;JUN;XBP1;TRAF2;EIF2S1;TMCO1;GORASP2;DDIT3;BCL2;BAX;ATF6;ATF3;ATF4,3351
complex_genes,SE,GO_Biological_Process_2023,Regulation Of Interferon-Beta Production (GO:0032648),18/50,0.004623538420436007,2.8043991899189917,19.968537774617886,HSP90AA1;DHX9;RELB;PYCARD;YY1;MAVS;TBK1;POLR3A;POLR3B;STING1;TRAF3;POLR3C;POLR3D;POLR3F;REL;POLR3G;TLR4;TLR2,3351
complex_genes,SE,GO_Biological_Process_2023,Nucleosome Assembly (GO:0006334),19/54,0.004623538420436007,2.706791287943749,19.270396642299357,H2BC8;H4C9;SMARCA5;RSF1;BAZ1A;SSRP1;H2BC13;CHAF1B;CHAF1A;H2BC15;CHRAC1;H3-4;RBBP4;KAT6B;H3C14;H2BC21;H2BC11;POLE3;H3C1,3351
complex_genes,SE,GO_Biological_Process_2023,Negative Regulation Of DNA Biosynthetic Process (GO:2000279),13/31,0.004677713573691919,3.5983456494241395,25.561940965778152,CTC1;TINF2;HNRNPU;NAT10;TERF1;TENT4B;TERF2;EXOSC10;XRN1;ERCC4;POT1;DCP2;MEN1,3351
complex_genes,SE,GO_Biological_Process_2023,Positive Regulation Of G1/S Transition Of Mitotic Cell Cycle (GO:1900087),13/31,0.004677713573691919,3.5983456494241395,25.561940965778152,RRM1;STIL;RRM2;CPSF3;LSM10;RPTOR;CCND2;LSM11;TFDP1;CENPJ;SASS6;CDK10;EIF4G1,3351
complex_genes,SE,GO_Biological_Process_2023,Toll-Like Receptor Signaling Pathway (GO:0002224),13/31,0.004677713573691919,3.5983456494241395,25.561940965778152,LY96;IRAK4;TICAM1;TLR1;IRAK1;IRAK2;TRAF3;TRAF6;TLR10;TLR6;MAP3K7;TLR4;TLR2,3351
complex_genes,SE,GO_Cellular_Component_2023,COPI-coated Vesicle Membrane (GO:0030663),8/16,0.004689052848281413,4.9778641938378705,30.426732746421337,COPB2;COPA;COPB1;COPZ2;COPG2;COPG1;COPZ1;COPE,3351
complex_genes,SE,GO_Biological_Process_2023,Negative Regulation Of Cellular Biosynthetic Process (GO:0031327),38/137,0.0047649552701461125,1.9174540454347275,13.58334701116953,DDX6;FCN3;FMR1;EIF4A3;PDGFB;UBR4;PDGFA;BRCA1;YBX1;DCAF5;MRPL13;GIGYF2;FXR1;SYNCRIP;FXR2;ENC1;RACK1;IGF2BP1;RPS3;WDTC1;USP7;CSNK2A1;KLHL25;DAPK1;FBXW7;ERLIN1;RPL13A;TSC1;CNOT10;ERLIN2;SIRT1;KAT2A;EPRS1;CNOT1;CRY1;EIF4E2;CNOT9;GAPDH,3351
complex_genes,SE,GO_Biological_Process_2023,Positive Regulation Of Cellular Response To Transforming Growth Factor Beta Stimulus (GO:1903846),11/24,0.004785939485611851,4.214555504375864,29.826920176894184,FLCN;SDCBP;SMAD4;ING2;STK11;HSP90AB1;TNXB;SNW1;GIPC1;THBS1;MEN1,3351
complex_genes,SE,GO_Biological_Process_2023,Positive Regulation Of Transforming Growth Factor Beta Receptor Signaling Pathway (GO:0030511),11/24,0.004785939485611851,4.214555504375864,29.826920176894184,FLCN;SDCBP;SMAD4;ING2;STK11;HSP90AB1;TNXB;SNW1;GIPC1;THBS1;MEN1,3351
complex_genes,SE,GO_Biological_Process_2023,Myeloid Leukocyte Differentiation (GO:0002573),23/71,0.0051637349366016215,2.3902180989583335,16.73123220438776,BATF2;CEBPA;CSF1R;IL33;BATF3;CSF2;CSF1;IL15;CEBPE;SRP54;PIK3CD;THOC5;SIRT1;FOXP1;TGFBR2;VEGFA;IL4;IL1RL1;CD4;CASP8;IFNG;OSTM1;PPARG,3351
complex_genes,SE,GO_Cellular_Component_2023,Nuclear Inclusion Body (GO:0042405),6/10,0.005267121124047382,7.4641255605381165,44.71825198337243,RANBP2;SLF1;PABPN1;TPR;NUP153;NBN,3351
complex_genes,SE,GO_Biological_Process_2023,Endosomal Transport (GO:0016197),47/180,0.005351118714229749,1.7664894682226147,12.300006583783507,WASHC4;VPS29;WASHC5;AP5Z1;VPS4B;VPS4A;VPS26C;WASHC2C;DPY30;VPS26A;VPS26B;WASHC2A;SNX1;AP5M1;SNX2;VPS51;BLOC1S1;VPS50;BLOC1S2;CHMP1B;VPS53;CHMP1A;DENND10;VPS52;VPS54;VPS35;TRIM27;AP5S1;CCDC93;WASHC1;YKT6;VPS39;SNX5;WASHC3;SNX6;VPS16;RIC1;SNF8;AP5B1;RGP1;HGS;CHMP2B;CHMP2A;CHMP3;CCDC22;LAMTOR1;VPS35L,3351
complex_genes,SE,GO_Biological_Process_2023,Negative Regulation Of Proteasomal Protein Catabolic Process (GO:1901799),15/39,0.00558381959592197,3.1146957434052758,21.551001681156595,USP7;HSP90AB1;UBXN1;RPL11;TAF9;KLHL40;CCAR2;UCHL5;BAG6;SDCBP;RYBP;DDRGK1;GIPC1;EIF3H;OGT,3351
complex_genes,SE,GO_Biological_Process_2023,Calcium Ion Transmembrane Transport (GO:0070588),25/80,0.005670373874842305,2.2678073580057947,15.648355851184784,MCUB;CACNA1C;PKD2;PKD1;NALCN;RYR3;GRIN2A;PMPCB;ITGAV;CACNA1S;CACNG1;TRPC5;TRPC4;TRPC1;GRIN2C;GRIN2B;GRIN1;GRIN2D;TMCO1;CACNB1;CACNB3;SMDT1;MICU2;MICU1;MCU,3351
complex_genes,SE,GO_Biological_Process_2023,Negative Regulation Of Double-Strand Break Repair Via Homologous Recombination (GO:2000042),10/21,0.005670373874842305,4.527223749013633,31.237720334153156,MAD2L2;RMI2;KAT5;FBH1;KLHL15;SHLD2;SHLD1;FANCB;TRAPPC13;SENP3,3351
complex_genes,SE,GO_Biological_Process_2023,Positive Regulation Of G2/M Transition Of Mitotic Cell Cycle (GO:0010971),10/21,0.005670373874842305,4.527223749013633,31.237720334153156,RAD51B;RRM1;CCNB1;RAD51C;CCND1;RRM2B;CDK4;VPS4B;CDK1;FBXO5,3351
complex_genes,SE,GO_Biological_Process_2023,Regulation Of miRNA Transcription (GO:1902893),20/59,0.0057434889295453545,2.557174637630957,17.60845866562176,IL10;SREBF1;JUN;SMAD3;STAT3;PDGFB;FOS;FOXO3;HIF1A;ESR1;RELA;SMARCA4;FOSL1;MYCN;TERT;MYC;MYB;RARA;PPARG;TEAD1,3351
complex_genes,SE,GO_Biological_Process_2023,Positive Regulation Of Transferase Activity (GO:0051347),39/143,0.005764172006945977,1.8733016304347827,12.890289085981639,CSF1R;PRIM2;GSK3A;HSP90AB1;PCNA;PNKP;BMI1;AURKB;PABPN1;MYC;NBN;RPS2;CCT4;PDGFRB;RFC5;GINS1;PDGFRA;CCT2;GINS2;HSP90AA1;RFC3;UBE2I;RFC4;FBXW7;XRCC5;RFC2;GINS3;GINS4;AXIN1;CD4;RAD50;POLG2;DKC1;TCP1;HNRNPD;UBE2N;POT1;CTNNB1;WRAP53,3351
complex_genes,SE,GO_Biological_Process_2023,mRNA Catabolic Process (GO:0006402),16/43,0.005776193192998451,2.9535454494974736,20.309949215970427,NBAS;PNPT1;METTL3;CNOT10;LSM5;LSM2;SUPV3L1;EXOSC10;EXOSC4;LSM6;AGO3;XRN1;AGO4;THRAP3;EXOSC9;DCP2,3351
complex_genes,SE,GO_Biological_Process_2023,Regulation Of Cellular Component Size (GO:0032535),16/43,0.005776193192998451,2.9535454494974736,20.309949215970427,SNAPIN;PTEN;MTOR;PPP1CA;RPTOR;BLOC1S1;BLOC1S2;LARS1;KXD1;RAC1;BORCS8;LAMTOR4;BORCS7;BORCS6;BORCS5;LAMTOR5,3351
complex_genes,SE,GO_Biological_Process_2023,Extracellular Matrix Organization (GO:0030198),46/176,0.005825531089968912,1.7685883858954963,12.144379991974416,COL17A1;COL18A1;COL15A1;COL16A1;COL13A1;COL14A1;COL11A1;COL12A1;COL11A2;LAMC1;NID1;COL19A1;HAS1;HAS3;COL10A1;HAS2;WASHC1;COL28A1;COL27A1;COL24A1;EXOC8;COL22A1;COL23A1;TGFBR1;COL1A1;COL3A1;COL1A2;COL2A1;COL4A2;COL5A1;COL4A1;COL5A3;COL7A1;COL4A3;COL5A2;COL4A6;COL8A2;COL9A1;MATN1;COL4A5;COL8A1;COL9A3;COL9A2;MATN4;MATN3;MATN2,3351
complex_genes,SE,GO_Biological_Process_2023,Protein Monoubiquitination (GO:0006513),17/47,0.0058799129523204995,2.8246650669866025,19.366375354976995,RNF20;FANCL;FANCA;KLHL22;KLHL12;FANCC;PEX2;FANCB;FANCE;PEX12;FAAP20;FANCG;RNF40;FANCF;RBX1;KBTBD8;FAAP100,3351
complex_genes,SE,GO_Molecular_Function_2023,1-Phosphatidylinositol-3-Kinase Activity (GO:0016303),6/9,0.006251981003284583,9.952765321375187,67.22478868278937,PIK3CA;PIK3CD;PIK3R3;PIK3C3;PIK3CB;PIK3CG,3351
complex_genes,SE,GO_Molecular_Function_2023,"DNA Endonuclease Activity, Producing 3'-Phosphomonoesters (GO:0016889)",6/9,0.006251981003284583,9.952765321375187,67.22478868278937,MUS81;RAD51C;EME1;EME2;XRCC3;SLX1A,3351
complex_genes,SE,GO_Biological_Process_2023,Calcium Import Into The Mitochondrion (GO:0036444),6/9,0.006445537211547332,9.952765321375187,67.22478868278937,SMDT1;MCUB;MICU3;MICU2;MICU1;MCU,3351
complex_genes,SE,GO_Biological_Process_2023,Homologous Recombination (GO:0035825),6/9,0.006445537211547332,9.952765321375187,67.22478868278937,RAD50;RBBP8;MRPL36;BRCA1;NBN;TOPBP1,3351
complex_genes,SE,GO_Biological_Process_2023,Negative Regulation Of Lipid Localization (GO:1905953),6/9,0.006445537211547332,9.952765321375187,67.22478868278937,IL6;ITGB3;NR1H2;NR1H3;ITGAV;PPARG,3351
complex_genes,SE,GO_Biological_Process_2023,Peptidyl-Lysine Acetylation (GO:0018394),6/9,0.006445537211547332,9.952765321375187,67.22478868278937,KAT2B;KAT2A;KAT5;BLOC1S1;KAT7;SIRT1,3351
complex_genes,SE,GO_Biological_Process_2023,Positive Regulation Of Platelet Activation (GO:0010572),6/9,0.006445537211547332,9.952765321375187,67.22478868278937,GP9;GP1BB;GP1BA;JAK2;GP5;TLR4,3351
complex_genes,SE,GO_Biological_Process_2023,Positive Regulation Of rRNA Processing (GO:2000234),6/9,0.006445537211547332,9.952765321375187,67.22478868278937,UTP15;TRMT112;HEATR1;WDR75;RIOK1;WDR43,3351
complex_genes,SE,GO_Biological_Process_2023,Positive Regulation Of Transcription Of Nucleolar Large rRNA By RNA Polymerase I (GO:1901838),6/9,0.006445537211547332,9.952765321375187,67.22478868278937,SMARCB1;PIH1D1;MARS1;NOL11;MTOR;SMARCA4,3351
complex_genes,SE,GO_Biological_Process_2023,Telomeric Loop Disassembly (GO:0090657),6/9,0.006445537211547332,9.952765321375187,67.22478868278937,SLX4;XRCC3;POT1;SLX1A;TERF1;TERF2,3351
complex_genes,SE,GO_Biological_Process_2023,Intracellular Sodium Ion Homeostasis (GO:0006883),9/18,0.006450544411757181,4.979054458408139,33.6142802536225,ATP4B;ATP4A;SCNN1G;SCNN1D;FXYD2;SCNN1B;SCNN1A;ATP1A1;ATP1B1,3351
complex_genes,SE,GO_Biological_Process_2023,Positive Regulation Of Glycolytic Process (GO:0045821),9/18,0.006450544411757181,4.979054458408139,33.6142802536225,RPTOR;MLXIPL;PRKAA1;PRKAA2;IFNG;MLST8;ARNT;HIF1A;MTOR,3351
complex_genes,SE,GO_Biological_Process_2023,Cytoskeleton-Dependent Cytokinesis (GO:0061640),25/81,0.006769625194681762,2.2271765741774763,14.925699579824698,CUL7;VPS4A;CDCA8;CENPA;AURKB;CECR2;BBS4;PDCD6IP;EXOC8;EXOC7;SEPTIN2;EXOC6B;SEPTIN6;SEPTIN3;SEPTIN9;SEPTIN7;APC;INCENP;EXOC4;BIRC5;EXOC3;CHMP4A;EXOC6;EXOC5;EXOC2,3351
complex_genes,SE,GO_Cellular_Component_2023,Box C/D RNP Complex (GO:0031428),4/5,0.006965680007672137,19.89602629220197,113.0437752999081,NOP56;NOP58;SNU13;RRP9,3351
complex_genes,SE,GO_Cellular_Component_2023,cyclin/CDK Positive Transcription Elongation Factor Complex (GO:0008024),4/5,0.006965680007672137,19.89602629220197,113.0437752999081,CDK9;CCNT1;CDK12;CDK13,3351
complex_genes,SE,GO_Cellular_Component_2023,Mitochondrial Alpha-Ketoglutarate Dehydrogenase Complex (GO:0005947),4/5,0.006965680007672137,19.89602629220197,113.0437752999081,MRPS36;BCKDHB;DBT;DLD,3351
complex_genes,SE,GO_Cellular_Component_2023,Protein Phosphatase 4 Complex (GO:0030289),4/5,0.006965680007672137,19.89602629220197,113.0437752999081,PPP4R1;PPP4R2;PPP4R3A;PPP4R3B,3351
complex_genes,SE,GO_Cellular_Component_2023,Rough Endoplasmic Reticulum Membrane (GO:0030867),4/5,0.006965680007672137,19.89602629220197,113.0437752999081,RPS26;RPS28;RPS29;RPL27,3351
complex_genes,SE,GO_Cellular_Component_2023,Sex Chromosome (GO:0000803),4/5,0.006965680007672137,19.89602629220197,113.0437752999081,PCGF5;PCGF3;SMC5;SMC6,3351
complex_genes,SE,GO_Biological_Process_2023,Substrate Adhesion-Dependent Cell Spreading (GO:0034446),14/36,0.007016883676522028,3.170757621162176,21.13157623100896,LAMA5;ITGA4;ITGB3;FN1;ILK;LAMB1;PARVA;LAMC1;PIK3R1;PARVB;ITGA8;ITGAV;ITGB7;RAC1,3351
complex_genes,SE,GO_Biological_Process_2023,Positive Regulation Of Intracellular Protein Transport (GO:0090316),35/126,0.007022533967567861,1.9205251925396678,12.79547105460133,RNF31;GSK3B;GSK3A;ITGAM;ICE1;SAR1A;SAR1B;ITGB2;PIK3R2;PIK3R1;AKAP5;RNF2;BBC3;PDCD10;TPR;VPS11;RAC2;FLNA;DMAP1;CEP290;HRAS;SMAD3;TMEM30A;TMEM30B;FBXW7;CSNK2A2;HPS4;ATG13;SREBF2;MAVS;IFNG;TOMM7;ITGB1BP1;SAE1;ERGIC3,3351
complex_genes,SE,GO_Biological_Process_2023,Regulation Of Lysosomal Lumen pH (GO:0035751),11/25,0.007029755055399681,3.9132805816937553,26.063348363576416,ATP6V1A;ATP6V0B;RNASEK;VPS33A;ATP6AP2;ATP6V1H;TCIRG1;ATP6V1D;ATP6V0C;ATP6V0A1;ATP6V1F,3351
complex_genes,SE,GO_Molecular_Function_2023,RNA 7-Methylguanosine Cap Binding (GO:0000340),7/12,0.007037300195580887,6.968181818181818,46.14644334359723,CYFIP1;NCBP1;NCBP2;GEMIN5;NCBP3;EIF4E2;EIF4E,3351
complex_genes,SE,GO_Molecular_Function_2023,Cytochrome-C Oxidase Activity (GO:0004129),7/12,0.007037300195580887,6.968181818181818,46.14644334359723,COX8A;COX7B;COX4I1;COX5B;COX5A;COX7C;COX6B1,3351
complex_genes,SE,GO_Biological_Process_2023,T Cell Homeostasis (GO:0043029),8/15,0.007085193185215248,5.6893295158326564,37.8196965405156,PPP2CA;LGALS2;TNFSF14;PPP2R1A;ZC3H8;PMAIP1;FADD;FOXP3,3351
complex_genes,SE,GO_Biological_Process_2023,Branched-Chain Amino Acid Metabolic Process (GO:0009081),8/15,0.007085193185215248,5.6893295158326564,37.8196965405156,BCKDHA;MCCC2;PCCA;BCKDHB;MCCC1;DBT;PCCB;DLD,3351
complex_genes,SE,GO_Biological_Process_2023,mRNA Methylation (GO:0080009),8/15,0.007085193185215248,5.6893295158326564,37.8196965405156,METTL14;TRMT10C;WTAP;METTL3;TRMT6;ZC3H13;VIRMA;TRMT61A,3351
complex_genes,SE,GO_Biological_Process_2023,Membrane Repolarization During Action Potential (GO:0086011),8/15,0.007085193185215248,5.6893295158326564,37.8196965405156,KCNH2;KCNE1;KCNE2;KCND3;KCNIP2;KCNQ1;ATP1B1;KCNJ2,3351
complex_genes,SE,GO_Biological_Process_2023,Negative Regulation Of Transforming Growth Factor Beta Receptor Signaling Pathway (GO:0030512),24/77,0.007148766494018518,2.258842744610987,14.992675043198908,HDAC2;SF3B3;HDAC1;ARID4A;TET1;ARID4B;ING1;SIRT1;SAP30;ING2;BRMS1;RBBP4;SIN3A;SAP30L;BRMS1L;NKX2-1;STRAP;EMILIN1;PPARG;SINHCAF;RBBP7;SUDS3;OGT;SNX6,3351
complex_genes,SE,GO_Biological_Process_2023,MyD88-dependent Toll-Like Receptor Signaling Pathway (GO:0002755),7/12,0.007177123153309592,6.968181818181818,46.14644334359723,IRAK1;IRAK2;TRAF6;IRAK4;TLR6;MAP3K7;TLR4,3351
complex_genes,SE,GO_Biological_Process_2023,Atrial Cardiac Muscle Cell Action Potential (GO:0086014),7/12,0.007177123153309592,6.968181818181818,46.14644334359723,CACNB2;KCNJ5;KCNQ1;CACNA1C;SCN5A;SCN3B;KCNJ3,3351
complex_genes,SE,GO_Biological_Process_2023,Cristae Formation (GO:0042407),7/12,0.007177123153309592,6.968181818181818,46.14644334359723,CHCHD3;SAMM50;APOOL;CHCHD6;IMMT;MICOS13;MICOS10,3351
complex_genes,SE,GO_Biological_Process_2023,Ionotropic Glutamate Receptor Signaling Pathway (GO:0035235),7/12,0.007177123153309592,6.968181818181818,46.14644334359723,GRIA2;GRIN2A;GRIN2C;GRIN2B;CDK5R1;GRIN1;GRIN2D,3351
complex_genes,SE,GO_Biological_Process_2023,Morphogenesis Of A Polarized Epithelium (GO:0001738),7/12,0.007177123153309592,6.968181818181818,46.14644334359723,YAP1;AHI1;INTU;TRAF3IP1;FUZ;SCRIB;WDPCP,3351
complex_genes,SE,GO_Biological_Process_2023,Negative Regulation Of Voltage-Gated Calcium Channel Activity (GO:1901386),7/12,0.007177123153309592,6.968181818181818,46.14644334359723,PPP3CA;PPP3CB;PPP3R1;PPP3CC;PPP3R2;FMR1;CALM3,3351
complex_genes,SE,GO_Biological_Process_2023,Positive Regulation Of Voltage-Gated Calcium Channel Activity (GO:1901387),7/12,0.007177123153309592,6.968181818181818,46.14644334359723,CACNB2;PPP3CA;CACNB3;PPP3CB;PPP3R1;PPP3CC;PPP3R2,3351
complex_genes,SE,GO_Biological_Process_2023,pre-miRNA Processing (GO:0031054),7/12,0.007177123153309592,6.968181818181818,46.14644334359723,AGO3;AGO4;PRKRA;AGO1;AGO2;DICER1;TARBP2,3351
complex_genes,SE,GO_Biological_Process_2023,Primary miRNA Processing (GO:0031053),7/12,0.007177123153309592,6.968181818181818,46.14644334359723,SMAD2;SMAD3;NCBP1;NCBP2;METTL3;DGCR8;DROSHA,3351
complex_genes,SE,GO_Biological_Process_2023,Positive Regulation Of Protein Phosphorylation (GO:0001934),86/377,0.007295750400455348,1.4806502370765644,9.779475886800673,HSP90AB1;CSF1;FBH1;FMR1;ITGB3;DOCK7;PRKAG1;PRKAG2;ILK;RPTOR;FLCN;CCND3;TBK1;CCND2;CCND1;RB1CC1;RACK1;TNKS1BP1;RAC1;NBN;JAK2;HRAS;IL11;HSP90AA1;IL15;AKTIP;AXIN1;PLAUR;AXIN2;ATG14;SIRT1;TGFBR1;TGFBR2;CCNA2;INCENP;CSNK2B;BIRC5;CHI3L1;PPARG;ITGA5;CARD14;CSF1R;RAMP3;TNXB;CAB39;PDGFB;CDCA8;PDGFA;PIK3R3;AURKB;THBS4;FXR1;SDCBP;VTN;FXR2;RELN;CALCR;PDCD10;DDRGK1;PDGFD;ORC3;PDGFC;RIPK1;TNFRSF14;FNIP1;FNIP2;XRCC6;SMAD4;XRCC5;IL34;VEGFB;VEGFC;VEGFA;MAD2L2;IL3;IL6;MAVS;CD4;RAD50;IL5;CALM3;TAB2;CALM1;CALM2;CNOT9;EIF4G1,3351
complex_genes,SE,GO_Biological_Process_2023,Positive Regulation Of Protein Kinase Activity (GO:0045860),39/145,0.007337264547431509,1.837734140005469,12.125322059702421,CSF1R;HSP90AB1;CSF1;CAB39;CAB39L;ITGB3;PDGFB;PRKAG1;PRKAG2;RPTOR;PPP2CA;STK11;RELN;PDCD10;ORC3;XRCC6;HSP90AA1;XRCC5;STRADA;PIH1D1;STRADB;IL34;AXIN1;AXIN2;TGFBR2;VEGFA;CCNA2;CD4;DLG3;IFNG;DLG4;TRAF6;CALM3;TAB2;TAB1;CALM1;CALM2;TELO2;EZH2,3351
complex_genes,SE,GO_Biological_Process_2023,Protein Tetramerization (GO:0051262),23/73,0.007488043890308865,2.2943329326923076,15.08851956378393,RYR1;CPSF7;CPSF6;FKRP;SYCP1;KRT1;MAT1A;KRT10;PKD2;PKD1;HSD17B10;HSD17B8;GRIN2B;RYR3;GRIN1;GOLGA2;NUDT21;ME1;FARSA;CBR4;KCNJ2;FARSB;HCN1,3351
complex_genes,SE,GO_Cellular_Component_2023,Dendrite Membrane (GO:0032590),11/28,0.00771327067950926,3.222120464952448,17.96296461780731,GRIA1;SGCE;GABRA2;GABRA1;GABRA6;GABRA5;GABRA4;GABRA3;FOXM1;GABRG3;GABRG2,3351
complex_genes,SE,GO_Biological_Process_2023,Protein K11-linked Ubiquitination (GO:0070979),12/29,0.008013667295548072,3.5160932297447283,22.880581991058843,ANAPC13;FZR1;CDC23;ANAPC7;CDC26;CDC27;CDC16;ANAPC4;ANAPC5;ANAPC10;ANAPC11;ANAPC2,3351
complex_genes,SE,GO_Biological_Process_2023,Regulation Of RNA Metabolic Process (GO:0051252),27/91,0.008293841505808546,2.1049328745487363,13.622753470705248,SF3B5;ENY2;SF3B3;AHNAK;TRRAP;TAF9;SGF29;TAF5L;SNRNP70;ATXN7;CCNL2;ATXN7L3;MED1;TAF12;TAF10;USP22;TNFRSF1B;SUPT7L;TARBP2;TADA2B;KAT2B;TAF6L;KAT2A;PRKRA;MYOD1;TADA3;MCM2,3351
complex_genes,SE,GO_Biological_Process_2023,Negative Regulation Of Cell Population Proliferation (GO:0008285),86/379,0.008543383480291685,1.4703636145069487,9.470584157292137,COL18A1;PHB1;ATP8A2;CXCL8;IL26;PTEN;PKD2;ING1;CDC73;ING4;ING5;FLCN;STK11;TNN;MYC;RB1CC1;NUP62;IL12A;GET1;JAK2;ARID2;HRAS;MEN1;IL10;PBRM1;H2AC8;H2AC6;KDM2B;TINF2;CTNNBIP1;ITGA1;MED9;TSC2;TSC1;PEX2;AXIN2;DYNLL1;ATG13;FOXP3;IL1A;KAT2B;TFDP1;IFNG;HGS;CSNK2B;COL4A3;MMRN2;IFNK;ULK1;PPARG;ITGB1BP1;ATF5;EEF1E1;GAS8;CEBPA;NOTCH1;PDS5B;THBS1;RNF2;IFNL1;RBBP4;ATG101;POLR2D;E2F1;SH3BP4;UTP20;E2F3;VHL;FKTN;SMAD3;IFNLR1;FUZ;SMARCA2;PER2;IL6;CDK6;CNOT7;DLG3;APC;PRKRA;DLG5;CDK10;CTNNB1;STRN;MDM4;COPS8,3351
complex_genes,SE,GO_Biological_Process_2023,Protein Transport (GO:0015031),73/313,0.008676596648095216,1.5225963494000407,9.781633859714358,VPS29;AP2A1;CD3G;AP4M1;CHMP1B;CHMP1A;DENND10;TIMM17A;TIMM17B;VPS35;CEP290;MEN1;NDC1;SEC13;COG7;VPS33A;PAM16;VPS33B;FGG;COPZ2;TIMM23;AP3B1;TIMM21;COPZ1;CHMP3;PPARG;PHIP;BLZF1;COPB2;RAMP2;COPA;RAMP3;CALCRL;SAR1A;STX17;SAR1B;VPS26C;VPS26A;VPS26B;TIMM50;SNX1;GRPEL1;KIF3B;KIF3A;GRPEL2;MYO6;ROMO1;SEC31B;GPIHBP1;SEC31A;SNX6;BBS2;DNAJC19;HSPA9;BBS1;ACD;RIC1;IL10RA;AP3D1;TIMM44;SEPTIN9;DNAJC15;ARCN1;IFT22;KRT18;CHMP2B;CHMP2A;IFT27;COPG2;VIPAS39;COPG1;RAMP1;MON1A,3351
complex_genes,SE,GO_Biological_Process_2023,Positive Regulation Of Organelle Assembly (GO:1902117),20/61,0.008697701725319189,2.4321415234566635,15.616019439120246,PLK4;GSK3B;DYNC1H1;STIL;CSF2;CNOT6L;PDCD6IP;FUZ;IFT20;SDCBP;IFT88;CNOT6;IL5;CNOT1;CENPJ;CNOT2;NUP62;SASS6;SDC1;BBS4,3351
complex_genes,SE,GO_Biological_Process_2023,Positive Regulation Of Establishment Of Protein Localization To Mitochondrion (GO:1903749),13/33,0.008758658947876823,3.2381216297183943,20.76062221545128,RNF31;GSK3A;FBXW7;CSNK2A2;HPS4;ATG13;RNF2;SREBF2;BBC3;RAC2;VPS11;TOMM7;SAE1,3351
complex_genes,SE,GO_Biological_Process_2023,Positive Regulation Of Telomerase Activity (GO:0051973),13/33,0.008758658947876823,3.2381216297183943,20.76062221545128,CCT2;HSP90AA1;HSP90AB1;XRCC5;PNKP;AURKB;DKC1;MYC;TCP1;CTNNB1;POT1;CCT4;WRAP53,3351
complex_genes,SE,GO_Biological_Process_2023,Positive Regulation Of Interleukin-1 Beta Production (GO:0032731),19/57,0.009019246240374843,2.4926470588235294,15.905100363222294,STAT3;NLRC4;MEFV;MALT1;PYCARD;IL6;CASP8;AIM2;IFNG;CASP1;NLRP2;NLRP3;TLR6;NLRP1;JAK2;TLR4;NAIP;MYD88;IL17A,3351
complex_genes,SE,GO_Biological_Process_2023,Regulation Of Sodium Ion Transmembrane Transporter Activity (GO:2000649),14/37,0.009248584635209734,3.0327161861083245,19.27141834148271,PCSK9;FXYD4;FXYD3;FXYD2;FXYD1;FXYD7;FXYD6;FXYD5;SCN3B;UTRN;FGF12;SCN4B;SCN1B;SCN2B,3351
complex_genes,SE,GO_Biological_Process_2023,Negative Regulation Of DNA Recombination (GO:0045910),15/41,0.00950439583922177,2.874757885998893,18.185820316170492,BLM;RMI2;FBH1;KLHL15;FANCB;SENP3;MAD2L2;MSH6;KAT5;MSH2;MSH3;SHLD2;SHLD1;TERF2IP;TRAPPC13,3351
complex_genes,SE,GO_Cellular_Component_2023,RNA N6-methyladenosine Methyltransferase Complex (GO:0036396),5/8,0.009536677000870476,8.291492329149232,44.42432533775296,METTL14;WTAP;METTL3;ZC3H13;VIRMA,3351
complex_genes,SE,GO_Biological_Process_2023,Positive Regulation Of Ubiquitin-Dependent Protein Catabolic Process (GO:2000060),25/83,0.009537045574400186,2.1501181910548035,13.589249317941649,GSK3B;CEBPA;GSK3A;VCP;PTEN;KEAP1;FBXO22;DDA1;DDRGK1;RACK1;ELOB;BBS7;CDK5RAP3;ZYG11B;ZER1;FBXW7;CSNK1A1;AXIN1;RAD23A;AXIN2;KLHL40;RBX1;MDM2;CCDC22;TAF1,3351
complex_genes,SE,GO_Biological_Process_2023,Vesicle-Mediated Transport To The Plasma Membrane (GO:0098876),25/83,0.009537045574400186,2.1501181910548035,13.589249317941649,VPS29;VPS26C;WASHC2C;VPS26A;VPS51;VPS50;VPS53;VPS52;VPS35;CCDC93;WASHC1;VPS39;EXOC8;EXOC7;EXOC6B;COMMD1;SNF8;HGS;EXOC4;EXOC6;EXOC5;CCDC22;EXOC2;LLGL1;VPS35L,3351
complex_genes,SE,GO_Biological_Process_2023,Regulation Of Protein Modification Process (GO:0031399),16/45,0.009540336482056544,2.7495217908287235,17.373415711358142,STAT2;FN1;ATG14;ATG13;CCAR2;PPP2CA;FLCN;ATG101;RB1CC1;NDUFS4;ROPN1L;PHIP;ULK1;FNIP1;FNIP2;FKTN,3351
complex_genes,SE,GO_Biological_Process_2023,Regulation Of Fatty Acid Biosynthetic Process (GO:0042304),11/26,0.00997658510190613,3.652175648702595,22.90940270818251,KAT2B;MLXIPL;KLHL25;NR1H2;UBR4;ERLIN1;NR1H3;BRCA1;ERLIN2;DCAF5;WDTC1,3351
complex_genes,SE,GO_Biological_Process_2023,Mitotic Sister Chromatid Cohesion (GO:0007064),9/19,0.009976814019097715,4.480879712746858,28.091741218436102,RB1;MAU2;NIPBL;STAG1;STAG2;RAD21;PDS5B;SMC1A;SMC3,3351
complex_genes,SE,GO_Biological_Process_2023,Neuron Apoptotic Process (GO:0051402),9/19,0.009976814019097715,4.480879712746858,28.091741218436102,TRPC5;CDK5;BCL2;LIG4;NAE1;NLRP1;BID;SCN2A;GAPDH,3351
complex_genes,SE,GO_Biological_Process_2023,Pore Complex Assembly (GO:0046931),9/19,0.009976814019097715,4.480879712746858,28.091741218436102,NDC1;FXR1;NUP93;AHCTF1;NUP205;NUP107;BAD;TPR;NUP153,3351
complex_genes,SE,GO_Cellular_Component_2023,Microtubule Cytoskeleton (GO:0015630),76/342,0.010057302248362834,1.429269356597601,7.571616787350429,BUB1B;CCAR2;CDC20;PYCARD;POLB;MAEA;PPP2R1A;CDC27;DBT;CASP1;FBXO5;CIAO2B;KIFAP3;CDK5RAP3;APC2;CCT3;IQCB1;CCT2;PRKCI;ANAPC7;GABRG3;GTF2F2;CCNA1;IFT43;KATNAL1;KATNAL2;INCENP;TCP1;BIRC5;ANAPC5;PHIP;GAPDH;GAS8;MAD1L1;DYNC1I2;PIK3R4;CDCA8;KATNB1;MEFV;SKA1;AURKB;PPP2CA;CCNB2;MTA1;KIF3B;ATXN7;KIF3A;KATNA1;CXCR2;TAF1A;CCT8;KIF3C;CCT7;CCT5;CCT4;DYNC1H1;CSNK1A1;SEPTIN2;CBX3;DTNBP1;SEPTIN6;KLHL22;SEPTIN3;KLHL4;SEPTIN9;SEPTIN7;CCT6A;MAD2L2;DLG1;CDK5;APC;KATNBL1;TTLL1;ERCC2;MMS19;CDK16,3351
complex_genes,SE,GO_Cellular_Component_2023,Phagocytic Vesicle Membrane (GO:0030670),15/45,0.010057302248362834,2.490857314148681,13.189100583998554,ATP6V0B;PIK3R4;CYBB;CYBA;TCIRG1;ATG12;TAPBP;VAMP8;ATP6V0A2;RAC2;ATP6V0A4;PIK3C3;ATP6V0C;ATG5;ATP6V0A1,3351
complex_genes,SE,GO_Molecular_Function_2023,Amyloid-Beta Binding (GO:0001540),24/79,0.010169877417427465,2.1764406918599883,13.59733827842923,GRIA1;C1QA;GRIA2;NLGN1;ITGAM;RAMP3;COL25A1;VBP1;ITGA2;ITGB2;GRIN2B;GRIN1;GRIN2A;CALCR;PFDN1;PFDN2;APBA1;TLR6;PFDN4;PFDN5;TLR4;LDLR;PFDN6;TLR2,3351
complex_genes,SE,GO_Biological_Process_2023,Negative Regulation Of Macromolecule Metabolic Process (GO:0010605),47/186,0.010360862114212555,1.6896240876548156,10.526861715833732,RB1;YAP1;GSK3B;PRKAA1;NOTCH1;CXCL8;HSP90AB1;PRKAA2;HDAC1;IFNA2;PDGFB;PCSK9;CHD4;CD3E;HIF1A;YY1;FLCN;TERT;DDRGK1;PDCD10;CHMP1A;RACK1;ITGB8;EMILIN1;VHL;HRAS;LDLR;SMAD3;NOS2;FBXW7;STAT3;DICER1;ESR1;SIRT1;TERF2;FOXP1;VEGFA;RBL2;SLC7A5;MYCN;CNOT7;RBL1;IFNG;REL;PPARG;SMCR8;TAF1,3351
complex_genes,SE,GO_Molecular_Function_2023,U1 snRNA Binding (GO:0030619),5/7,0.010490523277154197,12.43798565451285,76.99085444367846,SNRNP70;GEMIN5;SNRPB2;PRPF8;SNRPA,3351
complex_genes,SE,GO_Molecular_Function_2023,Crossover Junction DNA Endonuclease Activity (GO:0008821),5/7,0.010490523277154197,12.43798565451285,76.99085444367846,MUS81;RAD51C;EME2;XRCC3;SLX1A,3351
complex_genes,SE,GO_Molecular_Function_2023,Interleukin-17 Receptor Activity (GO:0030368),5/7,0.010490523277154197,12.43798565451285,76.99085444367846,IL17RE;IL6ST;IL17RC;IL17RB;IL27RA,3351
complex_genes,SE,GO_Molecular_Function_2023,Unmethylated CpG Binding (GO:0045322),5/7,0.010490523277154197,12.43798565451285,76.99085444367846,KDM2A;KDM2B;KMT2A;FBXL19;KMT2B,3351
complex_genes,SE,GO_Molecular_Function_2023,Ligand-Gated Monoatomic Cation Channel Activity (GO:0099094),23/75,0.010555608123793109,2.2058235484467454,13.625985450106029,KCNH2;KCNJ5;KCNE2;GRIK5;HTR3E;GRIK3;HTR3C;CHRNA9;GRIK4;HTR3D;GRIK1;HTR3A;GRIK2;HTR3B;SCNN1G;CHRND;SCNN1D;SCNN1B;SCNN1A;CHRNA10;KCNJ2;CCDC51;KCNJ3,3351
complex_genes,SE,GO_Biological_Process_2023,Defense Response To Symbiont (GO:0140546),39/148,0.010649336918019444,1.7868302087488366,11.063403956375447,IL21;FCN3;IFNA2;TANK;RELA;PYCARD;EXOSC5;IFNL2;TBK1;EXOSC4;IFNL1;CASP1;IGF2BP1;PMAIP1;FADD;NLRP1;AZI2;SKP2;IFNL4;IKBKE;IFNL3;IFNAR2;NCBP1;IFNB1;STAT1;STAT2;IFNLR1;IL6;MAVS;CNOT7;AIM2;STING1;TRAF3;IFNE;BCL2;NCBP3;TBKBP1;MYD88;TLR2,3351
complex_genes,SE,GO_Biological_Process_2023,ATP Synthesis Coupled Electron Transport (GO:0042773),5/7,0.010649336918019444,12.43798565451285,76.99085444367846,NDUFB6;NDUFA12;NDUFS2;NDUFV3;NDUFV1,3351
complex_genes,SE,GO_Biological_Process_2023,TRIF-dependent Toll-Like Receptor Signaling Pathway (GO:0035666),5/7,0.010649336918019444,12.43798565451285,76.99085444367846,TICAM2;TRAF3;TLR6;TICAM1;TLR4,3351
complex_genes,SE,GO_Biological_Process_2023,"Blood Coagulation, Intrinsic Pathway (GO:0007597)",5/7,0.010649336918019444,12.43798565451285,76.99085444367846,GP9;GP1BB;FLNA;GP1BA;GP5,3351
complex_genes,SE,GO_Biological_Process_2023,Histone H2A K63-linked Deubiquitination (GO:0070537),5/7,0.010649336918019444,12.43798565451285,76.99085444367846,BABAM1;BARD1;BABAM2;UIMC1;BRCA1,3351
complex_genes,SE,GO_Biological_Process_2023,Negative Regulation Of Circadian Rhythm (GO:0042754),5/7,0.010649336918019444,12.43798565451285,76.99085444367846,PER2;SFPQ;SIN3A;CRY2;CRY1,3351
complex_genes,SE,GO_Biological_Process_2023,Positive Regulation Of Adipose Tissue Development (GO:1904179),5/7,0.010649336918019444,12.43798565451285,76.99085444367846,NCOA1;NCOA2;PRKAA1;PPARG;SIRT1,3351
complex_genes,SE,GO_Biological_Process_2023,Regulation Of Leukocyte Proliferation (GO:0070663),5/7,0.010649336918019444,12.43798565451285,76.99085444367846,CSF2;IL5RA;CSF2RB;JAK2;CSF2RA,3351
complex_genes,SE,GO_Biological_Process_2023,Regulation Of Transcription From RNA Polymerase II Promoter In Response To Hypoxia (GO:0061418),5/7,0.010649336918019444,12.43798565451285,76.99085444367846,VHL;RBPJ;HIF1A;NFE2L2;VEGFA,3351
complex_genes,SE,GO_Biological_Process_2023,Regulation Of Transforming Growth Factor Beta Activation (GO:1901388),5/7,0.010649336918019444,12.43798565451285,76.99085444367846,HSP90AB1;TNXB;ITGB8;ITGAV;ITGB6,3351
complex_genes,SE,GO_Biological_Process_2023,Telomeric D-loop Disassembly (GO:0061820),5/7,0.010649336918019444,12.43798565451285,76.99085444367846,SLX4;POT1;SLX1A;TERF1;TERF2,3351
complex_genes,SE,GO_Biological_Process_2023,DNA Geometric Change (GO:0032392),12/30,0.010933841699353313,3.320555056404113,20.455065400422317,SUPV3L1;BLM;RAD50;DHX9;MCM8;ASCC1;DDX1;MCM9;POT1;ASCC2;ASCC3;NBN,3351
complex_genes,SE,GO_Biological_Process_2023,Innate Immune Response Activating Cell Surface Receptor Signaling Pathway (GO:0002220),12/30,0.010933841699353313,3.320555056404113,20.455065400422317,FCN1;IKBKB;COLEC11;FCN2;COLEC10;FCN3;KLRC2;KLRC3;TRAF6;KLRD1;MAP3K7;MBL2,3351
complex_genes,SE,GO_Biological_Process_2023,Positive Regulation Of Protein Targeting To Mitochondrion (GO:1903955),12/30,0.010933841699353313,3.320555056404113,20.455065400422317,RNF31;GSK3A;FBXW7;CSNK2A2;RAC2;VPS11;HPS4;TOMM7;SAE1;ATG13;RNF2;SREBF2,3351
complex_genes,SE,GO_Biological_Process_2023,DNA-templated Transcription Termination (GO:0006353),8/16,0.011350106932739619,4.9778641938378705,30.426732746421337,PRMT5;POLR2A;PCF11;NKX2-1;SMN1;POLR1H;POLR3K;MED18,3351
complex_genes,SE,GO_Biological_Process_2023,Activation Of Cysteine-Type Endopeptidase Activity (GO:0097202),8/16,0.011350106932739619,4.9778641938378705,30.426732746421337,CASP9;GRIN2A;CASP8;BAD;CYCS;NLRC4;BAK1;FADD,3351
complex_genes,SE,GO_Biological_Process_2023,Cellular Response To Gamma Radiation (GO:0071480),8/16,0.011350106932739619,4.9778641938378705,30.426732746421337,YAP1;XRCC6;KDM1A;XRCC5;MDM2;RPL26;HRAS;ATR,3351
complex_genes,SE,GO_Biological_Process_2023,Innate Immune Response-Activating Signaling Pathway (GO:0002758),8/16,0.011350106932739619,4.9778641938378705,30.426732746421337,PYCARD;STING1;CASP1;NLRP3;NLRC4;NLRP1;MEFV;NAIP,3351
complex_genes,SE,GO_Biological_Process_2023,Maturation Of 5.8S rRNA (GO:0000460),8/16,0.011350106932739619,4.9778641938378705,30.426732746421337,EXOSC10;EXOSC4;LAS1L;PRKDC;PES1;NOL9;MTREX;WDR12,3351
complex_genes,SE,GO_Biological_Process_2023,Nuclear Migration (GO:0007097),8/16,0.011350106932739619,4.9778641938378705,30.426732746421337,DYNC1H1;SUN2;FBXW11;DOCK7;HOOK3;SYNE3;SYNE2;PAFAH1B1,3351
complex_genes,SE,GO_Biological_Process_2023,Positive Regulation Of Homotypic Cell-Cell Adhesion (GO:0034112),8/16,0.011350106932739619,4.9778641938378705,30.426732746421337,IL6;MMRN1;PLAUR;EMILIN2;EMILIN1;IL6ST;JAK2;JAK1,3351
complex_genes,SE,GO_Biological_Process_2023,Protein O-linked Mannosylation (GO:0035269),8/16,0.011350106932739619,4.9778641938378705,30.426732746421337,POMT2;DPM1;DPM2;DPM3;FKRP;POMT1;RXYLT1;FKTN,3351
complex_genes,SE,GO_Biological_Process_2023,Regulation Of Fibrinolysis (GO:0051917),8/16,0.011350106932739619,4.9778641938378705,30.426732746421337,THBD;VTN;PLAU;SERPINE1;PLAUR;PLAT;THBS1;USF1,3351
complex_genes,SE,GO_Biological_Process_2023,Modification-Dependent Protein Catabolic Process (GO:0019941),48/192,0.011493400051950136,1.6656574830961752,10.158372849903465,PSMD11;PSMD14;KLHL15;PSMD13;CUL3;UBR4;KEAP1;FBXO45;FBXO21;FBXO22;ANAPC11;BAG6;CDC23;PSMD3;UFD1;FEM1C;NAE1;ELOC;BTRC;FBXO8;RPS27A;FBXO7;GET4;FBXW4;RNF20;UBL4A;XBP1;UBE2I;KLHL25;FEM1A;KLHL22;KLHL3;FBXO10;FBXO11;FBXL14;RNF40;RBX1;CNOT4;DDB1;COPS3;NPLOC4;KLHL8;PSMC2;MDM2;UBA52;FBXL4;FBXL7;TAF1,3351
complex_genes,SE,GO_Biological_Process_2023,Positive Regulation Of Immunoglobulin Production (GO:0002639),13/34,0.011535731426024449,3.0837399069873603,18.791992434102173,IL21;IL10;PHB1;XBP1;PAXIP1;PHB2;IL2;MAD2L2;IL6;SHLD2;POLR2D;SHLD1;TRAPPC13,3351
complex_genes,SE,GO_Biological_Process_2023,Negative Regulation Of Type I Interferon Production (GO:0032480),14/38,0.011917975781827836,2.9061782039756268,17.6118931671983,IL10;TRAF3IP1;CUL3;KLHL22;ATG12;RELB;RBX1;PYCARD;YY1;NPLOC4;REL;UFD1;TRIM27;ATG5,3351
complex_genes,SE,GO_Biological_Process_2023,Regulation Of Cytokine Production Involved In Inflammatory Response (GO:1900015),16/46,0.011932924792682433,2.657711144427786,16.099780305020584,TICAM2;NOS2;CARD9;STAT3;MEFV;TICAM1;HIF1A;IL17RA;PYCARD;PER1;IL6;NLRP7;TLR6;TLR4;MYD88;IL17A,3351
complex_genes,SE,GO_Biological_Process_2023,Actin Nucleation (GO:0045010),10/23,0.012018453250188002,3.830267308267907,23.158060499349073,ACTR3;ARPC2;ARPC3;ARPC1B;ARPC1A;ARPC5L;ARPC4;ARPC5;TRIM27;WASHC1,3351
complex_genes,SE,GO_Biological_Process_2023,Cellular Response To Interleukin-6 (GO:0071354),10/23,0.012018453250188002,3.830267308267907,23.158060499349073,YAP1;PHB1;SMAD4;IL6;CTR9;STAT3;IL6ST;JAK2;RELA;JAK1,3351
complex_genes,SE,GO_Biological_Process_2023,Positive Regulation Of Neuron Apoptotic Process (GO:0043525),10/23,0.012018453250188002,3.830267308267907,23.158060499349073,ITGAM;CDK5;FBXW7;DDIT3;PCSK9;BAX;CTNNB1;FOXO3;CDK5R1;MCL1,3351
complex_genes,SE,GO_Biological_Process_2023,Regulation Of Extracellular Matrix Organization (GO:1903053),10/23,0.012018453250188002,3.830267308267907,23.158060499349073,RB1;NOTCH1;RIC1;LAMA2;LAMA1;LAMB2;LAMB1;AXIN2;LAMC1;NID1,3351
complex_genes,SE,GO_Biological_Process_2023,N-terminal Protein Amino Acid Modification (GO:0031365),7/13,0.012436829006442308,5.806469298245614,34.868212482081724,NAA10;NAA20;NAA11;NAA35;PFDN1;NAA16;NAA15,3351
complex_genes,SE,GO_Biological_Process_2023,Intraciliary Retrograde Transport (GO:0035721),7/13,0.012436829006442308,5.806469298245614,34.868212482081724,IFT43;IFT140;TTC21B;WDR19;IFT122;DYNLL1;WDR35,3351
complex_genes,SE,GO_Biological_Process_2023,Positive Regulation Of Double-Strand Break Repair Via Nonhomologous End Joining (GO:2001034),7/13,0.012436829006442308,5.806469298245614,34.868212482081724,MAD2L2;PRKDC;PNKP;SHLD2;SHLD1;TRAPPC13;WRAP53,3351
complex_genes,SE,GO_Biological_Process_2023,Protein Import Into Peroxisome Matrix (GO:0016558),7/13,0.012436829006442308,5.806469298245614,34.868212482081724,PEX6;PEX10;PEX2;PEX12;PEX13;PEX14;PEX26,3351
complex_genes,SE,GO_Biological_Process_2023,Signal Peptide Processing (GO:0006465),7/13,0.012436829006442308,5.806469298245614,34.868212482081724,IMMP1L;SPCS3;IMMP2L;SPCS2;SPCS1;SEC11A;SEC11C,3351
complex_genes,SE,GO_Biological_Process_2023,Ubiquinone Biosynthetic Process (GO:0006744),7/13,0.012436829006442308,5.806469298245614,34.868212482081724,NDUFA9;COQ4;COQ3;COQ9;COQ7;COQ6;COQ5,3351
complex_genes,SE,GO_Molecular_Function_2023,U6 snRNA Binding (GO:0017070),7/13,0.01245846248585898,5.806469298245614,34.868212482081724,LSM8;PRPF4;LSM7;LSM4;PRPF8;LSM3;LSM2,3351
complex_genes,SE,GO_Biological_Process_2023,Fatty Acid Homeostasis (GO:0055089),6/10,0.01247121872267286,7.4641255605381165,44.71825198337243,MLXIPL;PRKAA1;XBP1;PRKAA2;POLD1;SIRT1,3351
complex_genes,SE,GO_Biological_Process_2023,Formation Of Extrachromosomal Circular DNA (GO:0001325),6/10,0.01247121872267286,7.4641255605381165,44.71825198337243,SLX4;ERCC1;XRCC3;SLX1A;NBN;TERF1,3351
complex_genes,SE,GO_Biological_Process_2023,Meiotic Sister Chromatid Cohesion (GO:0051177),6/10,0.01247121872267286,7.4641255605381165,44.71825198337243,STAG3;RAD21;BUB1B;SMC1A;SMC3;REC8,3351
complex_genes,SE,GO_Biological_Process_2023,Negative Regulation Of Intracellular Estrogen Receptor Signaling Pathway (GO:0033147),6/10,0.01247121872267286,7.4641255605381165,44.71825198337243,VPS18;CNOT1;CNOT2;VPS11;CNOT9;STRN3,3351
complex_genes,SE,GO_Biological_Process_2023,Oxygen Transport (GO:0015671),6/10,0.01247121872267286,7.4641255605381165,44.71825198337243,HBG2;HBG1;HBE1;HBB;HBA1;HBD,3351
complex_genes,SE,GO_Biological_Process_2023,Positive Regulation Of Cellular Respiration (GO:1901857),6/10,0.01247121872267286,7.4641255605381165,44.71825198337243,IL4;VCP;IFNG;IL10RB;IFNLR1;ISCU,3351
complex_genes,SE,GO_Biological_Process_2023,Regulation Of T-helper 2 Cell Cytokine Production (GO:2000551),6/10,0.01247121872267286,7.4641255605381165,44.71825198337243,IL4;IL6;IFNB1;IFNA2;NLRP3;PRKCZ,3351
complex_genes,SE,GO_Biological_Process_2023,Regulation Of Mitotic Sister Chromatid Separation (GO:0010965),6/10,0.01247121872267286,7.4641255605381165,44.71825198337243,CCNB1;INCENP;TPR;BIRC5;CDCA8;AURKB,3351
complex_genes,SE,GO_Biological_Process_2023,T-Circle Formation (GO:0090656),6/10,0.01247121872267286,7.4641255605381165,44.71825198337243,SLX4;ERCC1;XRCC3;SLX1A;NBN;TERF1,3351
complex_genes,SE,GO_Biological_Process_2023,Telomere Maintenance Via Telomere Trimming (GO:0090737),6/10,0.01247121872267286,7.4641255605381165,44.71825198337243,SLX4;ERCC1;XRCC3;SLX1A;NBN;TERF1,3351
complex_genes,SE,GO_Molecular_Function_2023,Death Domain Binding (GO:0070513),6/10,0.012552770957780882,7.4641255605381165,44.71825198337243,CRADD;TRADD;BCL2;RACK1;RIPK1;MCL1,3351
complex_genes,SE,GO_Biological_Process_2023,Mitotic Spindle Organization (GO:0007052),25/85,0.012865419823948312,2.078197033473642,12.383678391400608,INTS13;VCP;ABRAXAS1;CDCA8;ABRAXAS2;SMC3;AURKB;GOLGA2;CCNB1;KIF3B;NUF2;FLNA;CEP192;SUN2;DYNC1H1;STIL;SMC1A;NDC80;STAG1;STAG2;CENPH;INCENP;BIRC5;KPNB1;SPC25,3351
complex_genes,SE,GO_Cellular_Component_2023,trans-Golgi Network Membrane (GO:0032588),27/100,0.013051918900131477,1.844419168191484,9.276639158979634,AP4E1;AP4M1;VPS51;AP1G1;VPS53;VPS52;AP1S2;AP1S1;VPS54;AP4S1;AP1S3;AP1M2;AP1M1;SLC30A6;COG8;COG7;RIC1;COG6;COG5;COG4;COG3;AP1B1;COG2;COG1;AP4B1;RGP1;LLGL1,3351
complex_genes,SE,GO_Biological_Process_2023,Mitotic Cytokinesis (GO:0000281),19/59,0.013210194843985685,2.3677295918367345,14.04370974473588,CUL7;PDCD6IP;EXOC8;EXOC7;EXOC6B;CDCA8;SEPTIN6;CENPA;AURKB;APC;INCENP;EXOC4;BIRC5;EXOC3;CHMP4A;EXOC6;EXOC5;BBS4;EXOC2,3351
complex_genes,SE,GO_Cellular_Component_2023,U2-type Prespliceosome (GO:0071004),7/15,0.013405589925610412,4.3543286483253585,21.742519700721175,SF3A1;SF3A2;SNRNP70;U2AF2;SNRPG;SF3B1;SNRPB,3351
complex_genes,SE,GO_Cellular_Component_2023,Prespliceosome (GO:0071010),7/15,0.013405589925610412,4.3543286483253585,21.742519700721175,SF3A1;SF3A2;SNRNP70;U2AF2;SNRPG;SF3B1;SNRPB,3351
complex_genes,SE,GO_Biological_Process_2023,Positive Regulation Of Calcium Ion Transmembrane Transporter Activity (GO:1901021),11/27,0.013454263756998897,3.4237088323353295,20.24055253741076,RYR2;PPP3CA;PPP3CB;PPP3R1;PPP3CC;PPP3R2;CALM3;PKD2;ATP1B1;CALM1;CALM2,3351
complex_genes,SE,GO_Molecular_Function_2023,Tumor Necrosis Factor Receptor Superfamily Binding (GO:0032813),11/27,0.013500991325955908,3.4237088323353295,20.24055253741076,PIDD1;FEM1B;STAT1;TRAF3;TRAF6;ETFA;RIPK1;TRAF2;FADD;BID;MYD88,3351
complex_genes,SE,GO_Cellular_Component_2023,Non-Motile Cilium (GO:0097730),11/30,0.013736080776408106,2.882603214623385,14.30990311316367,IFT88;TTC8;SEPTIN2;WDR19;IFT122;NPHP4;PKD2;SEPTIN9;DYNLL2;BBS4;SEPTIN7,3351
complex_genes,SE,GO_Biological_Process_2023,Positive Regulation Of Tyrosine Phosphorylation Of STAT Protein (GO:0042531),18/55,0.013842946396881472,2.424696523706425,14.262765222562722,IL21;CSF1R;CSF2;IL20;IL15;IFNA2;IL18;IL2;TNFRSF1A;VEGFA;IL4;IL3;IL6;IFNL1;IFNG;IL12A;JAK2;IL6ST,3351
complex_genes,SE,GO_Cellular_Component_2023,Secretory Granule Lumen (GO:0034774),70/316,0.014443289250493792,1.4225907726922438,6.983952535707863,FCN1;CYFIP1;HSP90AB1;HEXB;SERPINE1;FAF2;F13A1;SRP14;PYCARD;PSMD6;PSMD7;PSMD2;PSMD3;PSMD1;CEP290;SGCG;FGB;CCT2;ACTR2;FGA;HSP90AA1;ANXA2;APAF1;DYNLT1;FGG;ARMC8;PSMA5;MMRN1;PSMA2;CSNK2B;CAT;PPIE;CHI3L1;S100A9;PAFAH1B2;KPNB1;S100A8;VCL;PSMD12;VCP;PSMD11;CAB39;PSMD14;PSMD13;MVP;PDGFB;PDGFA;CFP;THBS1;PSMB7;SDCBP;DSN1;COMMD9;PSMB1;CCT8;DYNC1H1;HSPA8;XRCC6;TRAPPC1;APOOL;XRCC5;FN1;VEGFB;VEGFC;ARPC5;VEGFA;PFKL;TADA2A;PSMC3;PSMC2,3351
complex_genes,SE,GO_Biological_Process_2023,Non-Motile Cilium Assembly (GO:1905515),12/31,0.01446536858052092,3.1455998486782994,18.351044243364214,BBS1;IFT88;TTC8;TMEM17;TMEM216;TMEM107;IFT122;FUZ;RPGRIP1L;IFT57;CC2D2A;BBS4,3351
complex_genes,SE,GO_Biological_Process_2023,Positive Regulation Of Extrinsic Apoptotic Signaling Pathway (GO:2001238),12/31,0.01446536858052092,3.1455998486782994,18.351044243364214,PYCARD;PMAIP1;RIPK1;TRAF2;BCL10;FADD;LTB;LTBR;TLR6;BID;THBS1;TLR4,3351
complex_genes,SE,GO_Biological_Process_2023,Positive Regulation Of Proteolysis Involved In Protein Catabolic Process (GO:1903052),12/31,0.01446536858052092,3.1455998486782994,18.351044243364214,PSMC5;KCNE2;PSMC6;PSMC3;DDRGK1;FBXW7;FMR1;PSMC2;PTEN;AXIN1;CCDC22;CDK5RAP3,3351
complex_genes,SE,GO_Biological_Process_2023,Regulation Of Protein Autophosphorylation (GO:0031952),12/31,0.01446536858052092,3.1455998486782994,18.351044243364214,RAD50;MVP;PDGFD;PDGFC;PDGFB;PDGFA;TNKS1BP1;CALM3;NBN;CALM1;CALM2;VEGFA,3351
complex_genes,SE,GO_Biological_Process_2023,Regulation Of Membrane Depolarization (GO:0003254),9/20,0.014491279827464818,4.0732821935694465,23.751241257730697,HCN4;HCN3;SCN10A;SCN5A;SCN3B;HCN2;SCN1B;HCN1;SCN2B,3351
complex_genes,SE,GO_Molecular_Function_2023,Ubiquitin-Specific Protease Binding (GO:1990381),9/20,0.014545904013453275,4.0732821935694465,23.751241257730697,BAG6;VCP;DERL3;DERL1;PTEN;DERL2;CHMP3;LCOR;RAD23A,3351
complex_genes,SE,GO_Biological_Process_2023,Golgi To Plasma Membrane Transport (GO:0006893),16/47,0.014797018445438657,2.5718237655365868,14.936894732795567,BBS2;BBS1;EXOC8;EXOC7;EXOC6B;COMMD1;KRT18;EXOC4;EXOC6;CCDC22;EXOC5;CCDC93;BLZF1;EXOC2;LLGL1;VPS35L,3351
complex_genes,SE,GO_Biological_Process_2023,Positive Regulation Of Epithelial To Mesenchymal Transition (GO:0010718),16/47,0.014797018445438657,2.5718237655365868,14.936894732795567,CRB2;SMAD2;SMAD4;NOTCH1;TNXB;SMAD3;LEF1;AXIN2;MTOR;TGFBR1;TGFBR2;COL1A1;SDCBP;IL6;CTNNB1;EZH2,3351
complex_genes,SE,GO_Biological_Process_2023,Establishment Of Spindle Orientation (GO:0051294),13/35,0.014909326214387798,2.9433928863227843,17.053289520943633,ITGB1;UBXN2B;DYNLT1;FBXW11;CENPA;NDC80;NSFL1C;KAT5;ZW10;LLGL1;LLGL2;MAD2L1;PAFAH1B1,3351
complex_genes,SE,GO_Biological_Process_2023,Platelet Aggregation (GO:0070527),13/35,0.014909326214387798,2.9433928863227843,17.053289520943633,FGB;FGA;PDGFRA;ITGB3;FGG;HBB;ILK;GP1BA;PIK3CB;PIK3CG;FLNA;TLN1;VCL,3351
complex_genes,SE,GO_Biological_Process_2023,Positive Regulation Of Mitotic Nuclear Division (GO:0045840),13/35,0.014909326214387798,2.9433928863227843,17.053289520943633,RB1;PDGFRB;ANAPC7;CUL3;NSMCE2;PDGFB;CDC20;IL1A;CDC23;NUP62;CDC16;ANAPC5;PHIP,3351
complex_genes,SE,GO_Biological_Process_2023,Regulation Of G2/M Transition Of Mitotic Cell Cycle (GO:0010389),13/35,0.014909326214387798,2.9433928863227843,17.053289520943633,RRM1;VPS4B;RAD51B;CCNB1;CDK6;RAD51C;CCND1;RRM2B;CDK4;CDK3;CDK2;CDK1;FBXO5,3351
complex_genes,SE,GO_Biological_Process_2023,Regulation Of Cardiac Muscle Contraction (GO:0055117),13/35,0.014909326214387798,2.9433928863227843,17.053289520943633,HCN4;RYR2;ATP1B1;PIK3CG;SCN10A;PLN;KCNQ1;TNNI3;CALM3;SCN5A;NKX2-5;CALM1;CALM2,3351
complex_genes,SE,GO_Biological_Process_2023,Regulation Of Cellular Senescence (GO:2000772),13/35,0.014909326214387798,2.9433928863227843,17.053289520943633,PNPT1;PTEN;YBX1;SIRT1;TERF2;FZR1;ING2;CDK6;RBL1;TERT;FBXO5;EEF1E1;BMAL1,3351
complex_genes,SE,GO_Biological_Process_2023,Regulation Of Endothelial Cell Apoptotic Process (GO:2000351),15/43,0.014997959878832304,2.669096865364851,15.445347263322246,FGB;IL10;FGA;IL11;RAMP2;PRKCI;ITGA4;SERPINE1;FGG;IL13;THBS1;IL4;KRIT1;MEN1;NFE2L2,3351
complex_genes,SE,GO_Biological_Process_2023,Organelle Transport Along Microtubule (GO:0072384),14/39,0.01506008903624284,2.789763260413545,16.125987376326567,SNAPIN;FBXW11;PEX14;UXT;BLOC1S1;BLOC1S2;KXD1;COPG2;COPG1;BORCS8;BORCS7;BORCS6;BORCS5;PAFAH1B1,3351
complex_genes,SE,GO_Biological_Process_2023,Regulation Of Protein Targeting To Mitochondrion (GO:1903214),14/39,0.01506008903624284,2.789763260413545,16.125987376326567,RNF31;SREBF1;GSK3A;FBXW7;CSNK2A2;HPS4;ATG13;RNF2;SREBF2;LMAN1;RAC2;VPS11;TOMM7;SAE1,3351
complex_genes,SE,GO_Cellular_Component_2023,90S Preribosome (GO:0030686),6/12,0.015746876997594535,4.975485799701047,23.949892177335414,NOP14;TBL3;UTP4;HEATR1;NOC4L;UTP20,3351
complex_genes,SE,GO_Cellular_Component_2023,Endolysosome Membrane (GO:0036020),8/19,0.015746876997594535,3.6196122154841865,17.423225690151956,ATG16L1;AP2S1;PCSK9;AP2A1;AP2B1;AP2A2;LDLR;AP2M1,3351
complex_genes,SE,GO_Biological_Process_2023,T-helper 2 Cell Differentiation (GO:0045064),4/5,0.016302151301147143,19.89602629220197,113.0437752999081,IL4;KMT2A;MYB;MEN1,3351
complex_genes,SE,GO_Biological_Process_2023,Aminophospholipid Transport (GO:0015917),4/5,0.016302151301147143,19.89602629220197,113.0437752999081,ATP8A2;TMEM30A;ATP8A1;TMEM30B,3351
complex_genes,SE,GO_Biological_Process_2023,Amylin Receptor Signaling Pathway (GO:0097647),4/5,0.016302151301147143,19.89602629220197,113.0437752999081,RAMP2;CALCR;RAMP3;RAMP1,3351
complex_genes,SE,GO_Biological_Process_2023,Double-Strand Break Repair Via Classical Nonhomologous End Joining (GO:0097680),4/5,0.016302151301147143,19.89602629220197,113.0437752999081,UVRAG;XRCC6;ERCC8;LIG4,3351
complex_genes,SE,GO_Biological_Process_2023,Establishment Of Protein Localization To Telomere (GO:0070200),4/5,0.016302151301147143,19.89602629220197,113.0437752999081,TERT;NABP2;POT1;BRCA2,3351
complex_genes,SE,GO_Biological_Process_2023,Hydrogen Peroxide Biosynthetic Process (GO:0050665),4/5,0.016302151301147143,19.89602629220197,113.0437752999081,DUOX1;CYBA;DUOX2;SOD1,3351
complex_genes,SE,GO_Biological_Process_2023,Interleukin-5-Mediated Signaling Pathway (GO:0038043),4/5,0.016302151301147143,19.89602629220197,113.0437752999081,STAT5A;IL5;IL5RA;JAK2,3351
complex_genes,SE,GO_Biological_Process_2023,mRNA 3'-End Processing By Stem-Loop Binding And Cleavage (GO:0006398),4/5,0.016302151301147143,19.89602629220197,113.0437752999081,LSM10;SLBP;LSM11;CPSF3,3351
complex_genes,SE,GO_Biological_Process_2023,Maintenance Of DNA Repeat Elements (GO:0043570),4/5,0.016302151301147143,19.89602629220197,113.0437752999081,MSH6;RMI2;MSH2;MSH3,3351
complex_genes,SE,GO_Biological_Process_2023,"Negative Regulation Of Nuclear-Transcribed mRNA Catabolic Process, Nonsense-Mediated Decay (GO:2000623)",4/5,0.016302151301147143,19.89602629220197,113.0437752999081,APOBEC1;NBAS;PABPC1;HNRNPAB,3351
complex_genes,SE,GO_Biological_Process_2023,Notochord Development (GO:0030903),4/5,0.016302151301147143,19.89602629220197,113.0437752999081,COL18A1;STIL;COL27A1;COL2A1,3351
complex_genes,SE,GO_Biological_Process_2023,Positive Regulation Of T-helper 2 Cell Differentiation (GO:0045630),4/5,0.016302151301147143,19.89602629220197,113.0437752999081,IL18;RARA;NLRP3;PRKCZ,3351
complex_genes,SE,GO_Biological_Process_2023,Positive Regulation Of Mitotic Cytokinesis (GO:1903490),4/5,0.016302151301147143,19.89602629220197,113.0437752999081,INCENP;NUP62;BIRC5;CDCA8,3351
complex_genes,SE,GO_Biological_Process_2023,Protein Geranylgeranylation (GO:0018344),4/5,0.016302151301147143,19.89602629220197,113.0437752999081,FNTA;PGGT1B;RABGGTB;RABGGTA,3351
complex_genes,SE,GO_Biological_Process_2023,Regulation Of Extracellular Exosome Assembly (GO:1903551),4/5,0.016302151301147143,19.89602629220197,113.0437752999081,SDCBP;TSG101;SDC1;STAM,3351
complex_genes,SE,GO_Biological_Process_2023,Regulation Of T-Circle Formation (GO:1904429),4/5,0.016302151301147143,19.89602629220197,113.0437752999081,SLX4;XRCC5;SLX1A;TERF2,3351
complex_genes,SE,GO_Biological_Process_2023,Resolution Of Recombination Intermediates (GO:0071139),4/5,0.016302151301147143,19.89602629220197,113.0437752999081,RMI2;RMI1;TOP3A;XRCC3,3351
complex_genes,SE,GO_Biological_Process_2023,tRNA Catabolic Process (GO:0016078),4/5,0.016302151301147143,19.89602629220197,113.0437752999081,POP1;ELAC2;DICER1;TRNT1,3351
complex_genes,SE,GO_Molecular_Function_2023,CoA Carboxylase Activity (GO:0016421),4/5,0.016369363390055847,19.89602629220197,113.0437752999081,MCCC2;PCCA;MCCC1;PCCB,3351
complex_genes,SE,GO_Molecular_Function_2023,RNA-directed DNA Polymerase Activity (GO:0003964),4/5,0.016369363390055847,19.89602629220197,113.0437752999081,TERT;PTEN;TERF1;TERF2,3351
complex_genes,SE,GO_Molecular_Function_2023,U4 snRNA Binding (GO:0030621),4/5,0.016369363390055847,19.89602629220197,113.0437752999081,PRPF4;GEMIN5;PRPF31;SNU13,3351
complex_genes,SE,GO_Molecular_Function_2023,"Phosphatidylinositol-4,5-Bisphosphate 3-Kinase Activity (GO:0046934)",4/5,0.016369363390055847,19.89602629220197,113.0437752999081,PIK3CA;PIK3CB;PIK3CG;PIK3R6,3351
complex_genes,SE,GO_Molecular_Function_2023,Telomerase Activity (GO:0003720),4/5,0.016369363390055847,19.89602629220197,113.0437752999081,TERT;PTEN;TERF1;TERF2,3351
complex_genes,SE,GO_Biological_Process_2023,Positive Regulation Of Cell Cycle G2/M Phase Transition (GO:1902751),10/24,0.016475579733574688,3.5564629922606574,20.157821217241526,RAD51B;RRM1;CCNB1;RAD51C;CCND1;RRM2B;CDK4;VPS4B;CDK1;FBXO5,3351
complex_genes,SE,GO_Biological_Process_2023,Positive Regulation Of Interleukin-17 Production (GO:0032740),10/24,0.016475579733574688,3.5564629922606574,20.157821217241526,IL21;SLC7A5;PHB1;IL6;IL15;IL18;TYK2;JAK2;IL2;MYD88,3351
complex_genes,SE,GO_Biological_Process_2023,Regulation Of Cytoplasmic Translation (GO:2000765),10/24,0.016475579733574688,3.5564629922606574,20.157821217241526,SYNCRIP;DHX9;FMR1;CSDE1;HNRNPD;IGF2BP1;HNRNPU;YBX1;PABPC1;PAIP1,3351
complex_genes,SE,GO_Molecular_Function_2023,mRNA 5'-UTR Binding (GO:0048027),10/24,0.016495388915665897,3.5564629922606574,20.157821217241526,RPL5;RPS14;SYNCRIP;RPL41;RPS7;FMR1;MRPS11;IGF2BP1;RPL26;RPS13,3351
complex_genes,SE,GO_Biological_Process_2023,post-Golgi Vesicle-Mediated Transport (GO:0006892),18/56,0.016559797805995383,2.360746600975887,13.366019543125962,EXOC8;EXOC7;AP3D1;EXOC6B;AP2A1;COMMD1;KLHL20;AP4M1;VPS52;EXOC4;VPS54;EXOC6;EXOC5;CCDC22;CCDC93;EXOC2;LLGL1;VPS35L,3351
complex_genes,SE,GO_Biological_Process_2023,Cellular Response To Tumor Necrosis Factor (GO:0071356),32/119,0.016685589936746154,1.8354233549088668,10.375913514199606,CXCL8;DHX9;TRADD;ILK;BRCA1;FOXO3;TANK;RELA;PYCARD;IKBKB;RPS3;HAS2;RIPK1;JAK2;CHUK;STAT1;TRAF2;TNFRSF1B;COMMD7;SIRT1;TNFRSF1A;RRAGA;AIM2;TRAF3;TRAF6;TRAF5;CHI3L1;CARD14;BIRC2;NFE2L2;BIRC3;LIMS1,3351
complex_genes,SE,GO_Cellular_Component_2023,G Protein-Coupled Receptor Dimeric Complex (GO:0038037),4/6,0.016723178340014296,9.94741559605617,47.01032342881186,GABBR2;GABBR1;RAMP2;RAMP3,3351
complex_genes,SE,GO_Cellular_Component_2023,NURF Complex (GO:0016589),4/6,0.016723178340014296,9.94741559605617,47.01032342881186,RBBP4;SMARCA5;RBBP7;SMARCA1,3351
complex_genes,SE,GO_Cellular_Component_2023,Chloride Channel Complex (GO:0034707),4/6,0.016723178340014296,9.94741559605617,47.01032342881186,CLCN7;GLRA3;GLRB;OSTM1,3351
complex_genes,SE,GO_Cellular_Component_2023,"Phosphatidylinositol 3-Kinase Complex, Class III (GO:0035032)",4/6,0.016723178340014296,9.94741559605617,47.01032342881186,BECN1;UVRAG;PIK3R4;PIK3C3,3351
complex_genes,SE,GO_Cellular_Component_2023,"Proton-Transporting V-type ATPase, V0 Domain (GO:0033179)",4/6,0.016723178340014296,9.94741559605617,47.01032342881186,ATP6V0B;RNASEK;ATP6V0C;ATP6V0A1,3351
complex_genes,SE,GO_Cellular_Component_2023,"Vacuolar Proton-Transporting V-type ATPase, V0 Domain (GO:0000220)",4/6,0.016723178340014296,9.94741559605617,47.01032342881186,ATP6V0B;RNASEK;ATP6V0C;ATP6V0A1,3351
complex_genes,SE,GO_Molecular_Function_2023,Histone Acetyltransferase Binding (GO:0035035),8/17,0.016858529091328147,4.424502276730814,24.927838206034473,SEM1;PCNA;KANSL1;STAT1;TRIP4;TAF7;FOXP3;GLI3,3351
complex_genes,SE,GO_Molecular_Function_2023,Nuclear Retinoic Acid Receptor Binding (GO:0042974),8/17,0.016858529091328147,4.424502276730814,24.927838206034473,ASXL1;MED1;SNW1;NCOA6;CNOT1;MED9;PPARG;PRAME,3351
complex_genes,SE,GO_Biological_Process_2023,Megakaryocyte Differentiation (GO:0030219),8/17,0.0169353005928886,4.424502276730814,24.927838206034473,IL11;MED1;GP9;MAF;GP1BB;FLNA;GP1BA;GP5,3351
complex_genes,SE,GO_Biological_Process_2023,Positive Regulation Of Cell Cycle Phase Transition (GO:1901989),8/17,0.0169353005928886,4.424502276730814,24.927838206034473,KLHL18;DDRGK1;CUL3;PEX2;GLI1;PHB2;CDC73;EZH2,3351
complex_genes,SE,GO_Biological_Process_2023,Regulation Of Cellular Respiration (GO:0043457),8/17,0.0169353005928886,4.424502276730814,24.927838206034473,IL4;VCP;PNPT1;NOS2;IFNG;IL10RB;IFNLR1;IFNAR1,3351
complex_genes,SE,GO_Biological_Process_2023,Ventricular Cardiac Muscle Cell Action Potential (GO:0086005),8/17,0.0169353005928886,4.424502276730814,24.927838206034473,KCNH2;RYR2;KCNE1;KCNE2;KCNQ1;SCN5A;SCN3B;SNTA1,3351
complex_genes,SE,GO_Biological_Process_2023,Regulation Of Proteolysis (GO:0030162),17/52,0.01730549332491974,2.4204130602450937,13.58181137896117,CSTA;HDAC2;FBXW11;BAD;PLAUR;PLAT;BAG6;CASP8;CDK5;TRAF3;SPOP;SPOPL;BAK1;FADD;BTRC;AURKAIP1;OGT,3351
complex_genes,SE,GO_Biological_Process_2023,Protein Phosphorylation (GO:0006468),107/500,0.01732851390409741,1.364344587619971,7.652573272757453,ATF2;CSF2;CCNT1;TP53RK;MAML1;STK11;PPP4R1;TBK1;MAP3K7;PDGFRB;PDGFRA;PRKCI;CSNK2A1;DAPK1;CSNK2A2;ATG14;ATG13;PRKAB1;CCNE1;CSNK2B;ULK1;CSF1R;PRKDC;PDGFB;PIK3R4;CDCA8;CSF2RB;PRKCZ;CSF2RA;IRAK1;ATG101;RIPK1;PLK4;SMAD2;UVRAG;CDK19;CDK9;CDK8;TBCK;CDK6;CDK5;CDK4;CDK3;COPS2;CDK2;CDK1;CDK10;TAF4B;CDK12;COPS8;CDK14;CDK16;ATR;GSK3B;SMG1;GSK3A;PRKAG1;PRKAG2;PIK3CD;ILK;PKD1;PRKAG3;IKBKB;PPP3CB;RB1CC1;JAK2;IKBKE;JAK1;TBP;CHUK;STRADA;STRADB;YWHAZ;TGFBR1;TGFBR2;CREB1;INCENP;MYOD1;RARA;BIRC5;PIK3C3;TLR4;TLR2;BECN1;PRKAA1;PRKAA2;CAB39;TAF9;AURKB;RELN;RICTOR;FNIP2;TAF12;CSNK1A1;TAF13;TAF10;TAF11;MTOR;TAF8;TAF7;TAF6;TAF5;TAF4;TAF3;TAF2;CDK5R1;TAF1,3351
complex_genes,SE,GO_Biological_Process_2023,Regulation Of Platelet Activation (GO:0010543),11/28,0.017910400504018008,3.222120464952448,17.96296461780731,THBD;PDGFRA;GP9;GP1BB;PDGFB;PDGFA;FLNA;GP1BA;JAK2;GP5;TLR4,3351
complex_genes,SE,GO_Biological_Process_2023,Regulation Of Intrinsic Apoptotic Signaling Pathway (GO:2001242),16/48,0.018005706477710322,2.491304347826087,13.872894644082088,BECN1;NDUFA13;URI1;PLAUR;BBC3;PYCARD;BCLAF1;DDIT3;RACK1;BCL2;NDUFS3;PMAIP1;BID;S100A9;BCL2L2;S100A8,3351
complex_genes,SE,GO_Biological_Process_2023,Mitotic Spindle Assembly (GO:0090307),15/44,0.01859501126164084,2.5769039940461425,14.2638535751535,ABRAXAS1;CDCA8;ABRAXAS2;SMC3;SMC1A;AURKB;GOLGA2;STAG1;STAG2;KIF3B;INCENP;FLNA;BIRC5;CEP192;KPNB1,3351
complex_genes,SE,GO_Biological_Process_2023,Positive Regulation Of Proteasomal Ubiquitin-Dependent Protein Catabolic Process (GO:0032436),24/83,0.018665849267031166,2.028396325900567,11.21786796159379,GSK3B;ZYG11B;CEBPA;GSK3A;VCP;ZER1;CSNK1A1;AXIN1;KEAP1;RAD23A;AXIN2;FBXO22;KLHL40;DDA1;RBX1;CDC20;FZR1;DDRGK1;RACK1;MDM2;ELOB;BBS7;NFE2L2;TAF1,3351
complex_genes,SE,GO_Biological_Process_2023,Regulation Of Ubiquitin-Protein Transferase Activity (GO:0051438),12/32,0.018712247153469936,2.9881401617250676,16.515084872870794,CDC20;FEM1A;FBXW7;FEM1B;AXIN1;UBE2N;BUB1B;BUB3;FBXO5;RPS2;BMI1;MAD2L1,3351
complex_genes,SE,GO_Biological_Process_2023,Positive Regulation Of Interferon-Beta Production (GO:0032728),13/36,0.019017869451760507,2.81524995441165,15.510973818836144,HSP90AA1;DHX9;MAVS;TBK1;POLR3A;POLR3B;STING1;POLR3C;POLR3D;POLR3F;POLR3G;TLR4;TLR2,3351
complex_genes,SE,GO_Biological_Process_2023,Positive Regulation Of Cell Differentiation (GO:0045597),65/283,0.01928692583565727,1.4909164260945797,8.191881348467687,GSK3B;SMARCB1;CSF2;HSP90AB1;CSF1;LAMC1;ACTB;PPP3CA;KAT5;SIN3A;DPF1;DPF3;FBXO5;ARID2;SMARCC1;PBRM1;SMARCC2;ACTL6B;ACTL6A;CTNNBIP1;IL18;AXIN2;ARID1A;ARID1B;TGFBR1;TGFBR2;CCNA2;CREB1;MYOD1;PPARG;IL6ST;CRB2;YAP1;SMARCD1;CEBPB;SMARCD2;TNXB;SMARCD3;LAMA2;LAMA1;LEF1;NID1;BLOC1S5;SDCBP;BLOC1S6;VHL;NKX2-5;BRD7;SMAD2;SMARCE1;XBP1;SMAD4;SMAD3;PHF10;LAMB2;LAMB1;SMARCA2;MTOR;SMARCA4;COL1A1;NUDT21;IL6;CTNNB1;BMAL1;EZH2,3351
complex_genes,SE,GO_Biological_Process_2023,Negative Regulation Of Programmed Cell Death (GO:0043069),84/381,0.01937814656745404,1.4156131254386535,7.769961045819151,PRR5;GSK3B;TNFRSF6B;SLC7A11;PHB2;COMP;BABAM2;PIDD1;CCND2;MYC;NUP62;MLST8;CASP2;IL10;MED1;PRKCI;PCID2;PLAUR;SIRT1;YWHAZ;THOC6;SUPV3L1;CAT;BIRC5;NAA35;PHIP;ATF5;IL6ST;CARD14;FXN;NAIP;BIRC2;BIRC3;BECN1;HDAC2;PRKAA1;PRKAA2;RPL10;PRKDC;HDAC1;MAPKAP1;LEF1;TAF9;PIK3R1;THBS1;RELA;MALT1;PDCD10;DDRGK1;FIGNL1;FLNA;PRAME;RICTOR;RIPK1;VHL;NKX2-5;ATG5;MCL1;BARD1;HSPA9;XBP1;STIL;CBX4;IL2;MTOR;VEGFA;KLHL20;IL4;AHI1;LSM8;PSMC5;GCLC;IL6;KRT18;COPS5;IL2RB;BCL2;CDK1;MDM2;CTNNB1;NAA16;NAA15;BCL2L2;MAD2L1,3351
complex_genes,SE,GO_Biological_Process_2023,Establishment Of Protein Localization To Chromosome (GO:0070199),7/14,0.019697455111391923,4.976674641148326,27.208422657690335,NIPBL;TERT;RUVBL2;NABP2;POT1;SGF29;BRCA2,3351
complex_genes,SE,GO_Biological_Process_2023,Mitochondrial Calcium Ion Transmembrane Transport (GO:0006851),7/14,0.019697455111391923,4.976674641148326,27.208422657690335,SMDT1;MCUB;PMPCB;MICU3;MICU2;MICU1;MCU,3351
complex_genes,SE,GO_Biological_Process_2023,Regulation Of Hemopoiesis (GO:1903706),7/14,0.019697455111391923,4.976674641148326,27.208422657690335,ING5;BRPF1;MAFB;MEAF6;BRPF3;KAT6B;KAT6A,3351
complex_genes,SE,GO_Biological_Process_2023,Synaptonemal Complex Assembly (GO:0007130),7/14,0.019697455111391923,4.976674641148326,27.208422657690335,SYCE3;SYCE2;SYCE1;SYCP2;STAG3;SYCP1;TEX12,3351
complex_genes,SE,GO_Biological_Process_2023,Synaptonemal Complex Organization (GO:0070193),7/14,0.019697455111391923,4.976674641148326,27.208422657690335,SYCE3;SYCE2;SYCE1;SYCP2;STAG3;SYCP1;TEX12,3351
complex_genes,SE,GO_Biological_Process_2023,Negative Regulation Of Extrinsic Apoptotic Signaling Pathway (GO:2001237),21/70,0.019765402029152935,2.1364221364221363,11.67064081233264,FGB;GSK3B;FGA;CSF2;SERPINE1;FGG;BRCA1;THBS1;TGFBR1;RELA;IL4;IL1A;TERT;PSME3;BCL2;ITGAV;ITGA6;PHIP;RIPK1;MEN1;MCL1,3351
complex_genes,SE,GO_Molecular_Function_2023,Clathrin Adaptor Activity (GO:0035615),7/14,0.019800452683872843,4.976674641148326,27.208422657690335,AP2S1;AP2A1;AP2B1;AP2A2;AP1M2;AP2M1;AP1M1,3351
complex_genes,SE,GO_Biological_Process_2023,Striated Muscle Contraction (GO:0006941),18/57,0.020010121169749404,2.3000761614623,12.533936750655817,RYR1;KCNH2;RYR2;TNNC1;ATP1B1;RYR3;KLHL41;TTN;PIK3CA;KCNQ1;TNNT2;TCAP;TNNI3;SCN5A;SCN3B;SCN4B;SCN1B;SCN2B,3351
complex_genes,SE,GO_Biological_Process_2023,Positive Regulation Of Catabolic Process (GO:0009896),23/79,0.020064139875303495,2.04777107657967,11.151385783681835,APC2;BARD1;GSK3B;GSK3A;NDUFA13;HSP90AA1;VCP;CSNK2A1;FBXW7;FAF1;PTEN;AXIN1;SNF8;RBX1;DCAF1;DDB1;CUL4A;APC;VPS11;VPS35;CCDC22;CDK5RAP3;VPS28,3351
complex_genes,SE,GO_Biological_Process_2023,Positive Regulation Of Blood Coagulation (GO:0030194),9/21,0.02032674533562239,3.733617594254937,20.275563665435456,THBD;VTN;PLAU;SERPINE1;EMILIN2;PLAT;EMILIN1;THBS1;USF1,3351
complex_genes,SE,GO_Biological_Process_2023,Regulation Of Anoikis (GO:2000209),9/21,0.02032674533562239,3.733617594254937,20.275563665435456,ITGB1;NOTCH1;BRMS1;MYBBP1A;PIK3CA;BCL2;PIK3R3;ITGA5;MCL1,3351
complex_genes,SE,GO_Biological_Process_2023,Protein Catabolic Process (GO:0030163),28/102,0.02056268082243662,1.8873372319053932,10.223570323336595,VCP;FBXO27;PCSK9;TCIRG1;PRPF19;FBXO44;MALT1;PSMA8;BAG6;CASP8;CAPN2;PMAIP1;FBXO6;RIPK1;CTSB;HSPA8;HSP90AA1;FBXO2;FBXO17;CLPX;MTOR;DDB1;RNF123;PSMA6;CLPP;MDM2;STT3B;CUL4B,3351
complex_genes,SE,GO_Biological_Process_2023,Regulation Of RNA Splicing (GO:0043484),28/102,0.02056268082243662,1.8873372319053932,10.223570323336595,SF3B5;ENY2;SF3B3;AHNAK;TRRAP;TAF9;PIK3R1;SGF29;TAF5L;POLR2A;ATXN7;SNRNP70;U2AF2;CCNL2;ATXN7L3;RPS13;TAF12;TAF10;USP22;SUPT7L;RPS26;TADA2B;KAT2B;TAF6L;KAT2A;MYOD1;TADA3;MCM2,3351
complex_genes,SE,GO_Biological_Process_2023,CD40 Signaling Pathway (GO:0023035),5/8,0.021217355991363682,8.291492329149232,44.42432533775296,ITGB1;RNF31;PHB1;ITGA5;PHB2,3351
complex_genes,SE,GO_Biological_Process_2023,MyD88-independent Toll-Like Receptor Signaling Pathway (GO:0002756),5/8,0.021217355991363682,8.291492329149232,44.42432533775296,TICAM2;TRAF3;TLR6;TICAM1;TLR4,3351
complex_genes,SE,GO_Biological_Process_2023,RNA Secondary Structure Unwinding (GO:0010501),5/8,0.021217355991363682,8.291492329149232,44.42432533775296,AGO3;DDX39B;AGO4;DHX9;AGO2,3351
complex_genes,SE,GO_Biological_Process_2023,Box C/D snoRNP Assembly (GO:0000492),5/8,0.021217355991363682,8.291492329149232,44.42432533775296,PIH1D1;RUVBL2;RUVBL1;TAF9;PIH1D2,3351
complex_genes,SE,GO_Biological_Process_2023,Cellular Response To Platelet-Derived Growth Factor Stimulus (GO:0036120),5/8,0.021217355991363682,8.291492329149232,44.42432533775296,HDAC1;HAS1;MARS1;PDGFB;HAS2,3351
complex_genes,SE,GO_Biological_Process_2023,Endosome To Melanosome Transport (GO:0035646),5/8,0.021217355991363682,8.291492329149232,44.42432533775296,BLOC1S5;BLOC1S6;BLOC1S3;AP3D1;AP1M1,3351
complex_genes,SE,GO_Biological_Process_2023,Endosome To Pigment Granule Transport (GO:0043485),5/8,0.021217355991363682,8.291492329149232,44.42432533775296,BLOC1S5;BLOC1S6;BLOC1S3;AP3D1;AP1M1,3351
complex_genes,SE,GO_Biological_Process_2023,Internal Protein Amino Acid Acetylation (GO:0006475),5/8,0.021217355991363682,8.291492329149232,44.42432533775296,KAT2B;KAT2A;KAT5;NAA10;KAT7,3351
complex_genes,SE,GO_Biological_Process_2023,Maintenance Of Apical/Basal Cell Polarity (GO:0035090),5/8,0.021217355991363682,8.291492329149232,44.42432533775296,CRB2;PDCD6IP;LIN7A;LIN7C;LIN7B,3351
complex_genes,SE,GO_Biological_Process_2023,Maintenance Of Epithelial Cell Apical/Basal Polarity (GO:0045199),5/8,0.021217355991363682,8.291492329149232,44.42432533775296,CRB2;PDCD6IP;LIN7A;LIN7C;LIN7B,3351
complex_genes,SE,GO_Biological_Process_2023,Negative Regulation Of Oxidative Stress-Induced Neuron Death (GO:1903204),5/8,0.021217355991363682,8.291492329149232,44.42432533775296,IL10;NONO;RACK1;FBXO7;HIF1A,3351
complex_genes,SE,GO_Biological_Process_2023,Plasminogen Activation (GO:0031639),5/8,0.021217355991363682,8.291492329149232,44.42432533775296,FGB;FGA;PLAU;FGG;PLAT,3351
complex_genes,SE,GO_Biological_Process_2023,Positive Regulation Of Centriole Replication (GO:0046601),5/8,0.021217355991363682,8.291492329149232,44.42432533775296,PLK4;STIL;VPS4B;NUP62;SASS6,3351
complex_genes,SE,GO_Biological_Process_2023,Protein Localization To Perinuclear Region Of Cytoplasm (GO:1905719),5/8,0.021217355991363682,8.291492329149232,44.42432533775296,HOOK2;FHIP1A;HOOK1;FHIP1B;HOOK3,3351
complex_genes,SE,GO_Biological_Process_2023,Regulation Of DNA Methylation (GO:0044030),5/8,0.021217355991363682,8.291492329149232,44.42432533775296,DNMT3L;KMT2A;MYC;SMARCA5;MPHOSPH8,3351
complex_genes,SE,GO_Biological_Process_2023,Regulation Of Helicase Activity (GO:0051095),5/8,0.021217355991363682,8.291492329149232,44.42432533775296,MSH6;MSH2;MSH3;POT1;SIRT1,3351
complex_genes,SE,GO_Biological_Process_2023,Regulation Of Type B Pancreatic Cell Development (GO:2000074),5/8,0.021217355991363682,8.291492329149232,44.42432533775296,GSK3B;GSK3A;BAD;BMAL1;CLOCK,3351
complex_genes,SE,GO_Biological_Process_2023,Sensory Organ Morphogenesis (GO:0090596),5/8,0.021217355991363682,8.291492329149232,44.42432533775296,NIPBL;INTU;COL5A2;WDPCP;GLI3,3351
complex_genes,SE,GO_Biological_Process_2023,Skin Morphogenesis (GO:0043589),5/8,0.021217355991363682,8.291492329149232,44.42432533775296,COL1A1;COL1A2;ITGB4;VPS33B;ITGA6,3351
complex_genes,SE,GO_Biological_Process_2023,succinyl-CoA Metabolic Process (GO:0006104),5/8,0.021217355991363682,8.291492329149232,44.42432533775296,SUCLA2;OGDH;DLST;SUCLG2;SUCLG1,3351
complex_genes,SE,GO_Biological_Process_2023,Tyrosine Phosphorylation Of STAT Protein (GO:0007260),5/8,0.021217355991363682,8.291492329149232,44.42432533775296,IL21;IL15;IFNL4;JAK2;JAK1,3351
complex_genes,SE,GO_Biological_Process_2023,Calcineurin-Mediated Signaling (GO:0097720),6/11,0.021217355991363682,5.970941704035875,31.974411330548648,PPP3CA;PPP3CB;PPP3R1;PPP3CC;PPP3R2;NFATC2,3351
complex_genes,SE,GO_Biological_Process_2023,Carbon Dioxide Transport (GO:0015670),6/11,0.021217355991363682,5.970941704035875,31.974411330548648,HBG2;HBG1;HBE1;HBB;HBA1;HBD,3351
complex_genes,SE,GO_Biological_Process_2023,Histone H2A Ubiquitination (GO:0033522),6/11,0.021217355991363682,5.970941704035875,31.974411330548648,BARD1;RAD51;RING1;BRCA1;BRCA2;RNF2,3351
complex_genes,SE,GO_Biological_Process_2023,Positive Regulation Of Endoplasmic Reticulum Unfolded Protein Response (GO:1900103),6/11,0.021217355991363682,5.970941704035875,31.974411330548648,XBP1;BCL2L11;BAX;BAK1;PIK3R1;ATF6,3351
complex_genes,SE,GO_Biological_Process_2023,Positive Regulation Of Platelet Aggregation (GO:1901731),6/11,0.021217355991363682,5.970941704035875,31.974411330548648,IL6;MMRN1;EMILIN2;EMILIN1;IL6ST;JAK2,3351
complex_genes,SE,GO_Biological_Process_2023,Protein Localization To Kinetochore (GO:0034501),6/11,0.021217355991363682,5.970941704035875,31.974411330548648,ZWILCH;ZW10;CDK1;KNTC1;BUB3;KNL1,3351
complex_genes,SE,GO_Biological_Process_2023,Regulation Of Lipid Kinase Activity (GO:0043550),6/11,0.021217355991363682,5.970941704035875,31.974411330548648,RB1;RBL2;RBL1;PIK3R3;PIK3R2;PIK3R1,3351
complex_genes,SE,GO_Biological_Process_2023,Retinoic Acid Receptor Signaling Pathway (GO:0048384),6/11,0.021217355991363682,5.970941704035875,31.974411330548648,RXRB;RXRA;SNW1;THRB;RARA;PPARG,3351
complex_genes,SE,GO_Biological_Process_2023,Telomere Maintenance In Response To DNA Damage (GO:0043247),6/11,0.021217355991363682,5.970941704035875,31.974411330548648,MAD2L2;SHLD2;SHLD1;TERF2IP;TRAPPC13;TERF2,3351
complex_genes,SE,GO_Biological_Process_2023,Anterograde Trans-Synaptic Signaling (GO:0098916),48/199,0.021375804566268024,1.5877678931254549,8.48909544579942,GABRB3;GRIA1;GABRB2;GRIA2;GABRB1;NLGN1;NRXN1;CHRNA9;GRIK4;GRIK1;GRIK2;CHRND;GLRA1;SDCBP;GRIN2A;GLRA2;GLRA3;CHRNA10;GABRD;MBL2;GABRQ;GABBR2;KCND2;KCNIP2;GAD1;HTR3E;HTR3C;GAD2;HTR3D;HTR3A;HTR3B;GRIN2B;GRIN1;CACNB1;CACNB2;CACNB3;DLG1;CACNB4;DLG2;CDK5;DLG3;GLRB;DLG4;GIPC1;EXOC4;APBA1;SCN2B;PAFAH1B1,3351
complex_genes,SE,GO_Molecular_Function_2023,Double-Stranded Telomeric DNA Binding (GO:0003691),5/8,0.02163303012653283,8.291492329149232,44.42432533775296,RAD50;XRCC6;XRCC5;TERF1;TERF2,3351
complex_genes,SE,GO_Molecular_Function_2023,Histone Methyltransferase Binding (GO:1990226),6/11,0.02163303012653283,5.970941704035875,31.974411330548648,NOP56;HSP90AB1;CBX3;PHF1;CTNNB1;LCOR,3351
complex_genes,SE,GO_Molecular_Function_2023,tRNA (Guanine) Methyltransferase Activity (GO:0016423),6/11,0.02163303012653283,5.970941704035875,31.974411330548648,TRMT10B;TRMT10C;METTL1;THUMPD2;THUMPD3;TRMT11,3351
complex_genes,SE,GO_Molecular_Function_2023,Voltage-Gated Potassium Channel Activity Involved In Ventricular Cardiac Muscle Cell Action Potential Repolarization (GO:1902282),6/11,0.02163303012653283,5.970941704035875,31.974411330548648,KCNH2;KCNJ5;KCNE1;KCNE2;KCNQ1;KCNJ3,3351
complex_genes,SE,GO_Biological_Process_2023,Positive Regulation Of Peptidase Activity (GO:0010952),10/25,0.021959298872151405,3.3191659183877085,17.650077725494015,PSENEN;NDUFA13;VCP;NCSTN;APH1B;DDRGK1;PSME3;PSME1;PSME2;TANK,3351
complex_genes,SE,GO_Biological_Process_2023,Regulation Of Intracellular Estrogen Receptor Signaling Pathway (GO:0033146),10/25,0.021959298872151405,3.3191659183877085,17.650077725494015,YAP1;KMT2D;UFL1;VPS18;DDRGK1;CNOT1;CNOT2;VPS11;CNOT9;STRN3,3351
complex_genes,SE,GO_Biological_Process_2023,ERAD Pathway (GO:0036503),25/89,0.022515632829632332,1.947839935357787,10.3071990406432,VCP;CCDC47;FAF1;FBXO27;DERL3;FAF2;DERL1;DERL2;FBXO44;BAG6;TMEM67;UFD1;FBXO6;SEC61B;UBXN6;GET4;XBP1;FBXO2;FBXO17;ERLIN1;ERLIN2;NPLOC4;PSMC6;STT3B;ATF6,3351
complex_genes,SE,GO_Biological_Process_2023,Positive Regulation Of Response To Biotic Stimulus (GO:0002833),14/41,0.023131252987690108,2.582803360747622,13.588266613160366,DHX9;IFNB1;LY96;CYBA;POLR3B;POLR3C;POLR3D;MMRN2;IFNK;POLR3F;EMILIN2;POLR3G;EMILIN1;FADD,3351
complex_genes,SE,GO_Biological_Process_2023,Protein Localization To Lysosome (GO:0061462),14/41,0.023131252987690108,2.582803360747622,13.588266613160366,BECN1;SZT2;VPS4A;KICS2;PIK3R4;ATG14;AP4M1;AP3M1;HGS;SH3BP4;PIK3C3;KPTN;LAMTOR4;LAMTOR5,3351
complex_genes,SE,GO_Biological_Process_2023,Establishment Of Mitotic Spindle Orientation (GO:0000132),11/29,0.023131252987690108,3.0429308050565536,16.004727930032566,ITGB1;NSFL1C;UBXN2B;KAT5;DYNLT1;FBXW11;ZW10;CENPA;NDC80;MAD2L1;PAFAH1B1,3351
complex_genes,SE,GO_Biological_Process_2023,Heterotypic Cell-Cell Adhesion (GO:0034113),11/29,0.023131252987690108,3.0429308050565536,16.004727930032566,ITGB1;ITGA4;ITGAD;ITGB3;ITGB2;ITGAX;ITGA7;ITGAV;ITGB7;PARVA;ITGA5,3351
complex_genes,SE,GO_Biological_Process_2023,Regulation Of Voltage-Gated Calcium Channel Activity (GO:1901385),11/29,0.023131252987690108,3.0429308050565536,16.004727930032566,CACNB1;PPP3CA;CACNB2;PPP3CB;PPP3R1;CACNB3;PPP3CC;PPP3R2;CACNB4;FMR1;AKAP5,3351
complex_genes,SE,GO_Biological_Process_2023,Positive Regulation Of Protein Modification Process (GO:0031401),53/225,0.023398961531190653,1.5394830552695784,8.07788448782092,FBH1;SUV39H1;FMR1;ITGB3;ILK;RRP8;GOLGA2;FLCN;CCND3;CCND2;KAT5;CCND1;RB1CC1;RACK1;RAC1;HRAS;HSP90AA1;AKTIP;AXIN1;PLAUR;AXIN2;ATG14;DYNLL1;SIRT1;CCNA2;BRMS1;IFNG;INCENP;BIRC5;CARD14;CSF1R;CDCA8;PIK3R3;BAZ2A;AMBRA1;AURKB;FXR1;FXR2;RELN;RIPK1;FNIP1;IL34;SMARCA5;VEGFB;VEGFC;VEGFA;MAVS;CD4;CALM3;CALM1;CALM2;BMAL1;RAMP1,3351
complex_genes,SE,GO_Biological_Process_2023,Calcium Ion Import Across Plasma Membrane (GO:0098703),13/37,0.02348740281801787,2.697785600159776,14.137450394138982,CACNA1C;NALF1;SCN10A;SCN11A;SCN8A;SCN9A;SCN7A;SCN4A;CACNA1S;SCN5A;SCN2A;SCN3A;SCN1A,3351
complex_genes,SE,GO_Biological_Process_2023,Positive Regulation Of Immune Effector Process (GO:0002699),13/37,0.02348740281801787,2.697785600159776,14.137450394138982,FCN1;IL10;COLEC11;FCN2;COLEC10;FCN3;PHB1;XBP1;CFP;IL2;RPS19;IFNG;MBL2,3351
complex_genes,SE,GO_Biological_Process_2023,Regulation Of Phosphoprotein Phosphatase Activity (GO:0043666),13/37,0.02348740281801787,2.697785600159776,14.137450394138982,PDGFRB;GSK3B;HSP90AB1;BOD1;ITGA1;TSC1;MTOR;PPP4R4;CRY2;CSNK2B;CALM3;CALM1;CALM2,3351
complex_genes,SE,GO_Biological_Process_2023,Cytosolic Transport (GO:0016482),33/127,0.024085583758075478,1.7516159439806087,9.133364829099264,VPS29;BECN1;PIK3R4;WASHC2C;VPS26A;AP2A1;VPS26B;WASHC2A;AP4M1;SNX1;SNX2;VPS51;AP1G1;VPS50;FHIP1B;VPS53;VPS52;VPS54;VPS35;TRIM27;WASHC1;YKT6;SNX5;SNX6;RIC1;HOOK3;SNF8;ATG14;KLHL20;RGP1;HOOK2;HOOK1;PIK3C3,3351
complex_genes,SE,GO_Biological_Process_2023,Excitatory Postsynaptic Potential (GO:0060079),8/18,0.024156556429986244,3.981812743045169,20.71903950132568,GSK3B;GSK3A;GRIN2A;FOXM1;GRIN2C;GRIN2B;GRIN1;GRIN2D,3351
complex_genes,SE,GO_Biological_Process_2023,Melanosome Localization (GO:0032400),8/18,0.024156556429986244,3.981812743045169,20.71903950132568,BBS2;BLOC1S5;BLOC1S6;VPS33A;VPS33B;BLOC1S3;BBS7;BBS5,3351
complex_genes,SE,GO_Biological_Process_2023,Membrane Repolarization (GO:0086009),8/18,0.024156556429986244,3.981812743045169,20.71903950132568,KCNH2;KCNE1;KCNE2;KCND3;KCNIP2;KCNQ1;ATP1B1;KCNJ2,3351
complex_genes,SE,GO_Biological_Process_2023,ncRNA-mediated Post-Transcriptional Gene Silencing (GO:0035194),8/18,0.024156556429986244,3.981812743045169,20.71903950132568,CNOT6;CNOT7;NCBP1;NCBP2;CNOT1;CNOT8;TNRC6A;TNRC6B,3351
complex_genes,SE,GO_Biological_Process_2023,Positive Regulation Of Cyclin-Dependent Protein Kinase Activity (GO:1904031),8/18,0.024156556429986244,3.981812743045169,20.71903950132568,CCND3;HSP90AB1;CCND2;CCND1;CCNY;PDGFB;PKD2;PKD1,3351
complex_genes,SE,GO_Biological_Process_2023,Positive Regulation Of Response To Endoplasmic Reticulum Stress (GO:1905898),8/18,0.024156556429986244,3.981812743045169,20.71903950132568,BAG6;XBP1;BCL2L11;DDIT3;BAX;PMAIP1;PIK3R1;BAK1,3351
complex_genes,SE,GO_Biological_Process_2023,Regulation Of Lymphocyte Activation (GO:0051249),8/18,0.024156556429986244,3.981812743045169,20.71903950132568,DCAF15;CD4;KAT2A;KLRC2;KLRC3;ORC3;KLRD1;KLRC1,3351
complex_genes,SE,GO_Biological_Process_2023,Regulation Of Ventricular Cardiac Muscle Cell Membrane Repolarization (GO:0060307),8/18,0.024156556429986244,3.981812743045169,20.71903950132568,KCNH2;KCNE1;KCNE2;KCNQ1;SCN5A;SCN4B;SCN1B;SNTA1,3351
complex_genes,SE,GO_Biological_Process_2023,Positive Regulation Of Interleukin-6 Production (GO:0032755),22/76,0.02448533910756358,2.0309179711402603,10.538267455756772,IL33;XBP1;NOS2;DHX9;CARD9;STAT3;CYBA;BCL10;IL17RA;PYCARD;TLR1;IL1A;IL6;MAVS;IFNG;IL17F;TLR6;TLR4;MYD88;MBL2;TLR2;IL17A,3351
complex_genes,SE,GO_Biological_Process_2023,Ribosomal Large Subunit Biogenesis (GO:0042273),17/54,0.02469715796199091,2.2893043013019017,11.857048256358548,RPL5;RPL10;RPL10L;RPLP0;RPL11;RPL35A;RPL23A;WDR12;RPL6;RPL7;MRPL20;LAS1L;PES1;CINP;RPL14;RPL26;MDN1,3351
complex_genes,SE,GO_Biological_Process_2023,Metal Ion Transport (GO:0030001),42/171,0.024830898335181865,1.6254471596140196,8.408345971003746,RYR1;CATSPER1;RYR2;CATSPER3;RAMP2;CALCRL;RAMP3;TUSC3;CATSPER4;SLC3A2;MAGT1;SLC5A2;PKD2;PKD1;RYR3;SCN11A;SCN9A;SCN7A;CACNA1S;SCN5A;SCN3B;SCN3A;KCNJ2;SCN1A;KCNJ3;NDUFA9;KCNJ5;TRPC5;MMGT1;KCND3;TRPC4;KCNIP2;TRPC1;SCNN1G;CACNB3;SCNN1D;SCN8A;SCNN1B;SCN4A;SCN2A;SCN4B;RAMP1,3351
complex_genes,SE,GO_Molecular_Function_2023,Protein Homodimerization Activity (GO:0042803),136/662,0.024882818026984582,1.2966358975571968,6.753619499426371,CSF1;FMR1;PHB2;PYCARD;PSMD7;FBXO4;KCNH2;CUBN;PDGFRA;SLC30A8;DNTTIP1;TSC2;TRNT1;FOXP3;FOXP2;RNF40;MSH6;RRAGA;MSH2;MSH3;DDIT3;CHMP4C;CHMP4A;VPS25;ATF3;ISCU;CSF1R;BLM;TSG101;FECH;KMT2A;ABCB7;PDGFB;PDGFA;FXR1;BLOC1S6;SNX1;FXR2;SNX2;TERT;CLTRN;IRAK1;PDCD10;IRAK2;PDGFC;TPR;RIPK1;S100A10;MCL1;SNX6;BARD1;STAT5B;SMAD4;SMAD3;HPS4;SNF8;COQ9;AIMP1;EXT1;GNPTG;MLXIPL;EXT2;TADA2A;EPRS1;HOOK1;BCL2;COL9A1;COL9A3;COL9A2;CNOT9;BCL2L2;HSP90AB1;DPY30;PKD2;SYNE1;IKBKB;CHMP1A;RACK1;MLX;DGCR8;IKBKG;HSP90AA1;PDCD6IP;CHUK;TNNC1;AXIN1;ARNT;COMMD1;TERF1;TERF2;QTRT1;SUPV3L1;QTRT2;SFPQ;COL2A1;MYOD1;CAT;PAFAH1B3;PAFAH1B2;CEBPA;CEBPB;GTF2A2;KARS1;TIMM9;VPS4B;TIMM10;NLRC4;THBS1;RELA;ADD1;ADD2;NFS1;PLN;FLNA;DROSHA;BAK1;NOS2;STAT1;CARD9;STAT3;USF2;TARBP2;USF1;VEGFA;MKLN1;NUDT21;CD4;ABCB10;LYRM4;STING1;PRKRA;KLHL7;BAX;IL17F;CD247;MAD2L1,3351
complex_genes,SE,GO_Molecular_Function_2023,Ligand-Gated Calcium Channel Activity (GO:0099604),8/18,0.024882818026984582,3.981812743045169,20.71903950132568,RYR1;RYR2;GRIN2A;GRIN2C;GRIN2B;RYR3;GRIN1;GRIN2D,3351
complex_genes,SE,GO_Molecular_Function_2023,Voltage-Gated Monoatomic Cation Channel Activity (GO:0022843),22/76,0.025101167555942952,2.0309179711402603,10.538267455756772,RYR1;KCNH2;CATSPER1;HCN4;HCN3;CATSPER3;KCNE1;KCND2;KCNJ11;KCND3;CATSPER4;CACNA1C;PKD2;CACNB1;CACNB2;CACNB3;CACNB4;KCNQ1;ITGAV;CACNA1S;HCN2;HCN1,3351
complex_genes,SE,GO_Biological_Process_2023,Blood Circulation (GO:0008015),16/50,0.02612782516684944,2.344474821412823,12.00159456883363,HCN4;GUCY1A1;GUCY1B1;NPR1;STAT1;SGCZ;SOD1;ACE2;GCLC;SGCD;PLN;COL4A3;ITGB1BP1;TNNI3;GCLM;SGCG,3351
complex_genes,SE,GO_Biological_Process_2023,Positive Regulation Of Cell Death (GO:0010942),16/50,0.02612782516684944,2.344474821412823,12.00159456883363,C1QA;PHB1;ITGAM;HBG2;HBG1;FAF1;ITGB2;HBE1;HBB;HBD;AXIN2;HBA1;GRIN2B;IFNG;RIPK1;EIF4G1,3351
complex_genes,SE,GO_Biological_Process_2023,Pyruvate Metabolic Process (GO:0006090),16/50,0.02612782516684944,2.344474821412823,12.00159456883363,PFKFB2;PDHX;PFKFB1;PDHA2;PDHA1;PDHB;LDHC;LDHB;LDHA;PFKL;ME1;DLAT;DLD;GAPDH;PFKM;LDHAL6B,3351
complex_genes,SE,GO_Biological_Process_2023,Negative Regulation Of Cold-Induced Thermogenesis (GO:0120163),15/46,0.02746864987553872,2.4103620329542816,12.209252432445787,RB1;NOTCH1;IL15;LAMA4;NR1H2;DOCK7;NR1H3;RBPJ;FLCN;STK11;DDIT3;BMAL1;TLR4;IL18R1;ATF4,3351
complex_genes,SE,GO_Biological_Process_2023,Cellular Response To Low-Density Lipoprotein Particle Stimulus (GO:0071404),9/22,0.02746864987553872,3.44620908714266,17.448881867537654,ITGB1;ITGB2;PPARG;TLR6;TICAM1;LDLR;TLR4;SREBF2;MYD88,3351
complex_genes,SE,GO_Biological_Process_2023,Negative Regulation Of Myeloid Cell Differentiation (GO:0045638),9/22,0.02746864987553872,3.44620908714266,17.448881867537654,HSPA9;SKIC8;H4C9;CDK6;MAFB;CTR9;MYB;LEO1;PEX2,3351
complex_genes,SE,GO_Biological_Process_2023,Regulation Of Cardiac Muscle Cell Membrane Repolarization (GO:0099623),9/22,0.02746864987553872,3.44620908714266,17.448881867537654,KCNH2;KCNE1;KCNE2;KCNQ1;FLNA;SCN5A;SCN4B;SCN1B;SNTA1,3351
complex_genes,SE,GO_Biological_Process_2023,Ribosomal Large Subunit Assembly (GO:0000027),9/22,0.02746864987553872,3.44620908714266,17.448881867537654,RPL5;MRPL20;RPL10;RPL10L;RPL11;RPLP0;RPL23A;RPL6;MDN1,3351
complex_genes,SE,GO_Biological_Process_2023,tRNA Aminoacylation (GO:0043039),9/22,0.02746864987553872,3.44620908714266,17.448881867537654,RARS1;EPRS1;QARS1;LARS1;MARS1;GATC;GATB;IARS1;QRSL1,3351
complex_genes,SE,GO_Biological_Process_2023,Regulation Of Organelle Organization (GO:0033043),27/100,0.028380812898981016,1.844419168191484,9.276639158979634,INO80C;INO80B;INO80E;INO80D;SAR1A;SAR1B;YY1;LMAN1;TFPT;PDCD10;RUVBL2;RUVBL1;CAPN2;VPS11;VPS35;NFRKB;ATG5;ACTR5;MCRS1;INO80;ACTR8;ATG12;UCHL5;MAVS;S100A9;S100A8;TECPR1,3351
complex_genes,SE,GO_Biological_Process_2023,Embryonic Organ Development (GO:0048568),22/77,0.028603060733440575,1.9938720336437368,10.010837104246475,COL18A1;STIL;CXCL8;COL27A1;KMT2A;RPL10;PDGFB;PDGFA;IFT122;PKD2;RBPJ;PKD1;GLI3;GLI2;TGFBR2;IL3;COL2A1;ERCC3;POLR2D;NKX2-5;TEAD1;ATF4,3351
complex_genes,SE,GO_Biological_Process_2023,Collagen Fibril Organization (GO:0030199),14/42,0.028604297055614125,2.4904105483967633,12.501339112464033,COL18A1;COL27A1;COL14A1;COL11A1;COL11A2;COL12A1;TGFBR1;COL1A1;COL3A1;COL1A2;COL2A1;COL5A1;COL5A3;COL5A2,3351
complex_genes,SE,GO_Biological_Process_2023,DNA Double-Strand Break Processing (GO:0000729),7/15,0.029034539232294657,4.3543286483253585,21.742519700721175,RAD50;SLX4;RBBP8;UBE2N;UBE2V2;SLX1A;NBN,3351
complex_genes,SE,GO_Biological_Process_2023,Endoplasmic Reticulum To Cytosol Transport (GO:1903513),7/15,0.029034539232294657,4.3543286483253585,21.742519700721175,VCP;NPLOC4;FAF2;DERL1;DERL2;UFD1;SEC61B,3351
complex_genes,SE,GO_Biological_Process_2023,Platelet-Derived Growth Factor Receptor Signaling Pathway (GO:0048008),7/15,0.029034539232294657,4.3543286483253585,21.742519700721175,PDGFRB;PDGFRA;PDGFD;PDGFC;PDGFB;PDGFA;PLAT,3351
complex_genes,SE,GO_Biological_Process_2023,Positive Regulation Of Cell Activation (GO:0050867),7/15,0.029034539232294657,4.3543286483253585,21.742519700721175,GP9;GP1BB;FLNA;GP1BA;JAK2;GP5;TLR4,3351
complex_genes,SE,GO_Biological_Process_2023,Positive Regulation Of Cyclin-Dependent Protein Serine/Threonine Kinase Activity (GO:0045737),7/15,0.029034539232294657,4.3543286483253585,21.742519700721175,CCND3;CCND2;CCND1;CCNY;PDGFB;PKD2;PKD1,3351
complex_genes,SE,GO_Biological_Process_2023,Positive Regulation Of Muscle Cell Differentiation (GO:0051149),7/15,0.029034539232294657,4.3543286483253585,21.742519700721175,LAMA2;LAMA1;LAMB2;MYOD1;LAMB1;LAMC1;NID1,3351
complex_genes,SE,GO_Biological_Process_2023,Regulation Of Amyloid Fibril Formation (GO:1905906),7/15,0.029034539232294657,4.3543286483253585,21.742519700721175,VBP1;PFDN1;PFDN2;PFDN4;LDLR;PFDN5;PFDN6,3351
complex_genes,SE,GO_Biological_Process_2023,Regulation Of Interleukin-13 Production (GO:0032656),7/15,0.029034539232294657,4.3543286483253585,21.742519700721175,IL4;IFNL1;IFNA2;LEF1;IL18;RARA;PRKCZ,3351
complex_genes,SE,GO_Biological_Process_2023,Regulation Of Isotype Switching (GO:0045191),7/15,0.029034539232294657,4.3543286483253585,21.742519700721175,IL10;IL4;MAD2L2;PAXIP1;SHLD2;SHLD1;TRAPPC13,3351
complex_genes,SE,GO_Biological_Process_2023,Regulation Of Monocyte Differentiation (GO:0045655),7/15,0.029034539232294657,4.3543286483253585,21.742519700721175,CD4;CDK6;CSF1;IL34;MYC;CTNNBIP1;FOXP1,3351
complex_genes,SE,GO_Biological_Process_2023,Regulation Of rRNA Processing (GO:2000232),7/15,0.029034539232294657,4.3543286483253585,21.742519700721175,UTP15;KAT2B;TRMT112;HEATR1;WDR75;RIOK1;WDR43,3351
complex_genes,SE,GO_Biological_Process_2023,tRNA Wobble Base Modification (GO:0002097),7/15,0.029034539232294657,4.3543286483253585,21.742519700721175,ELP1;ELP2;ELP3;ELP4;ELP5;ELP6;ALKBH8,3351
complex_genes,SE,GO_Biological_Process_2023,Mitotic G1 DNA Damage Checkpoint Signaling (GO:0031571),10/26,0.02903735833583308,3.1115309787488776,15.533565478059975,PIDD1;CCND1;CRADD;PRKDC;CDK2;MDM2;CASP2;RPA2;RPL26;FBXO31,3351
complex_genes,SE,GO_Cellular_Component_2023,Mitochondrial Envelope (GO:0005740),35/146,0.029463693439453,1.572582836153403,6.5340900887292355,NDUFA13;NDUFB7;NDUFB6;TIMM9;TIMM13;ABCB8;TIMM10;ATP5F1B;BLOC1S1;IKBKE;NDUFA9;TIMM8B;NDUFA8;PNPT1;TIMM29;NDUFA6;AGK;ACAD9;NDUFA2;NDUFA1;TIMM23;SDHD;SDHB;SOD1;TIMM10B;HADHB;MAVS;NDUFAB1;OGDH;NDUFS3;CYCS;NDUFS1;MICU2;MICU1;FBXL4,3351
complex_genes,SE,GO_Biological_Process_2023,Apoptotic Mitochondrial Changes (GO:0008637),12/34,0.029692434039830885,2.7161643388058483,13.484916630188081,BAD;BIK;BCL2;BAX;VPS35;NDUFS1;BAK1;BID;CCAR2;BBC3;TIMM50;MCL1,3351
complex_genes,SE,GO_Biological_Process_2023,Establishment Of Mitotic Spindle Localization (GO:0040001),12/34,0.029692434039830885,2.7161643388058483,13.484916630188081,ITGB1;NSFL1C;UBXN2B;KAT5;DYNLT1;FBXW11;ZW10;CENPA;NDC80;KPNB1;MAD2L1;PAFAH1B1,3351
complex_genes,SE,GO_Biological_Process_2023,Positive Regulation Of Neuron Death (GO:1901216),12/34,0.029692434039830885,2.7161643388058483,13.484916630188081,C1QA;ITGAM;CDK5;IFNG;DDIT3;ITGB2;PCSK9;BAX;CTNNB1;FOXO3;GRIN2B;CDK5R1,3351
complex_genes,SE,GO_Biological_Process_2023,Smoothened Signaling Pathway (GO:0007224),12/34,0.029692434039830885,2.7161643388058483,13.484916630188081,STIL;TMEM17;TCTN3;SEPTIN2;TCTN2;IFT27;B9D1;GLI1;CC2D2A;GLI3;GLI2;TMEM231,3351
complex_genes,SE,GO_Biological_Process_2023,Mitotic G2 DNA Damage Checkpoint Signaling (GO:0007095),11/30,0.029692434039830885,2.882603214623385,14.30990311316367,BABAM1;BABAM2;RINT1;BLM;FZR1;UIMC1;CDK1;BRCA1;NBN;TOPBP1;CDK5RAP3,3351
complex_genes,SE,GO_Biological_Process_2023,Negative Regulation Of Calcium Ion Transmembrane Transporter Activity (GO:1901020),11/30,0.029692434039830885,2.882603214623385,14.30990311316367,PPP3CA;PPP3CB;PPP3R1;PLN;PPP3CC;PPP3R2;FMR1;CALM3;PKD2;CALM1;CALM2,3351
complex_genes,SE,GO_Cellular_Component_2023,Pericentric Heterochromatin (GO:0005721),8/21,0.029922603222268074,3.062380634621137,12.66311411261654,CHRAC1;CBX3;INCENP;POLE3;SMARCA5;BAZ1A;NCAPD3;BAZ1B,3351
complex_genes,SE,GO_Biological_Process_2023,Negative Regulation Of Apoptotic Signaling Pathway (GO:2001234),23/82,0.030066864815910505,1.9432957138200782,9.61892206280887,RB1;NDUFA13;URI1;CSNK2A1;PIH1D1;CSNK2A2;PLAUR;THBS1;TGFBR1;RELA;IL4;QARS1;PSME3;NDUFS3;BCL2;ITGAV;ITGA6;PHIP;RIPK1;BAK1;FXN;BCL2L2;MEN1,3351
complex_genes,SE,GO_Biological_Process_2023,Regulation Of Phosphorylation (GO:0042325),23/82,0.030066864815910505,1.9432957138200782,9.61892206280887,BARD1;MCM7;STAT2;FN1;ILK;BCL10;ATG14;DYNLL1;SIRT1;THBS1;IKBKB;UXT;PPP2CA;IL4;FLCN;SDCBP;NDUFS4;RAD17;ROPN1L;ITGA6;PHIP;FNIP1;FNIP2,3351
complex_genes,SE,GO_Molecular_Function_2023,Death Receptor Binding (GO:0005123),7/15,0.03034981470887116,4.3543286483253585,21.742519700721175,PIDD1;FEM1B;ETFA;RIPK1;FADD;BID;MYD88,3351
complex_genes,SE,GO_Biological_Process_2023,Positive Regulation Of Interleukin-1 Production (GO:0032732),19/64,0.03041592714388235,2.104014939309057,10.388168626522026,STAT3;NLRC4;MEFV;MALT1;PYCARD;IL6;CASP8;AIM2;IFNG;CASP1;NLRP2;NLRP3;TLR6;NLRP1;JAK2;TLR4;NAIP;MYD88;IL17A,3351
complex_genes,SE,GO_Cellular_Component_2023,Lytic Vacuole (GO:0000323),50/223,0.031276961814665154,1.442547625259818,5.8947020758974,PCSK9;BBC3;RPTOR;FLCN;RB1CC1;VPS35;AP5S1;CTSB;VPS18;VPS33A;VPS33B;ATP6AP2;TSC2;RRAGA;RRAGC;RRAGB;HGS;KCNQ1;LARS1;RRAGD;DEPDC5;RAMP2;KCNE1;RAMP3;CALCRL;KCNE2;VPS4A;VPS26A;BCL10;AP3M1;SNX1;AP5M1;SNX2;VPS11;LDLR;SNX6;VPS16;HSPA8;UVRAG;HPS1;KICS2;HPS4;KLHL22;GRIN2B;MTOR;CHMP2B;VPS41;LAMTOR1;LAMTOR4;LAMTOR5,3351
complex_genes,SE,GO_Molecular_Function_2023,Cytokine Activity (GO:0005125),43/178,0.03134857121119304,1.5900891217698956,7.879265729318265,IFNA5;IFNA4;IL22;IFNA7;CSF2;CXCL8;IFNA6;CSF1;IFNA1;IL26;IFNA2;IFNA8;ENC1;IL12A;IFNL4;MEN1;IFNA21;IL10;IL11;IL33;IFNA14;IFNA16;IL15;IFNB1;IL37;IFNA17;IL34;IL18;IFNW1;IL2;VEGFA;AIMP1;IL4;IL3;IL1A;IL6;IL5;IFNG;IFNE;IFNK;IL17F;IFNA10;IL17A,3351
complex_genes,SE,GO_Biological_Process_2023,Defense Response To Virus (GO:0051607),45/189,0.033132490066492395,1.5601368723532971,7.567930730992733,IL21;FCN3;PHB1;IFNA2;PHB2;TANK;RELA;PYCARD;EXOSC5;IFNL2;TBK1;EXOSC4;IFNL1;CASP1;IGF2BP1;PMAIP1;FADD;NLRP1;AZI2;SKP2;IFNL4;IKBKE;IFNL3;MBL2;IFNAR2;NCBP1;IFNB1;STAT1;STAT2;IFNLR1;IL6;MAVS;CNOT7;AIM2;STING1;TRAF3;IFNE;TRAF6;BCL2;UBE2N;CHMP3;NCBP3;TBKBP1;MYD88;TLR2,3351
complex_genes,SE,GO_Cellular_Component_2023,NMDA Selective Glutamate Receptor Complex (GO:0017146),4/7,0.033261634381792776,6.631212030674235,26.65970367636039,GRIN2A;GRIN2C;GRIN2B;GRIN2D,3351
complex_genes,SE,GO_Biological_Process_2023,Response To Organonitrogen Compound (GO:0010243),15/47,0.03327286895263995,2.3348977068345325,11.314068068582996,ATF1;VCP;XBP1;CCDC47;DERL1;MTOR;GLRA2;IL6;GLRA3;CREB1;RRAGC;KAT7;ATF6;UBXN6;GPIHBP1,3351
complex_genes,SE,GO_Biological_Process_2023,acetyl-CoA Biosynthetic Process (GO:0006085),6/12,0.034003567649704226,4.975485799701047,23.949892177335414,PDHX;PDHA2;PDHA1;DLAT;PDHB;DLD,3351
complex_genes,SE,GO_Biological_Process_2023,Attachment Of Mitotic Spindle Microtubules To Kinetochore (GO:0051315),6/12,0.034003567649704226,4.975485799701047,23.949892177335414,CDT1;SEH1L;MIS12;NUF2;MAD1L1;NDC80,3351
complex_genes,SE,GO_Biological_Process_2023,"Base-Excision Repair, Gap-Filling (GO:0006287)",6/12,0.034003567649704226,4.975485799701047,23.949892177335414,POLB;PNKP;POLD1;LIG3;POLE;POLG,3351
complex_genes,SE,GO_Biological_Process_2023,Positive Regulation Of Myeloid Leukocyte Mediated Immunity (GO:0002888),6/12,0.034003567649704226,4.975485799701047,23.949892177335414,UXT;MAVS;ITGAM;TICAM2;ITGB2;TICAM1,3351
complex_genes,SE,GO_Biological_Process_2023,Positive Regulation Of Nuclear-Transcribed mRNA poly(A) Tail Shortening (GO:0060213),6/12,0.034003567649704226,4.975485799701047,23.949892177335414,CNOT7;CNOT1;POLR2G;PABPC1;TNRC6A;TNRC6B,3351
complex_genes,SE,GO_Biological_Process_2023,Positive Regulation Of Reactive Oxygen Species Biosynthetic Process (GO:1903428),6/12,0.034003567649704226,4.975485799701047,23.949892177335414,DUOXA1;DUOXA2;CYBA;TLR6;TLR4;GRIN1,3351
complex_genes,SE,GO_Biological_Process_2023,Quinone Biosynthetic Process (GO:1901663),6/12,0.034003567649704226,4.975485799701047,23.949892177335414,COQ4;COQ3;COQ9;COQ7;COQ6;COQ5,3351
complex_genes,SE,GO_Biological_Process_2023,Negative Regulation Of Calcium Ion Transmembrane Transport (GO:1903170),8/19,0.034003567649704226,3.6196122154841865,17.423225690151956,PPP3CA;PPP3CB;PPP3R1;PLN;PPP3CC;PPP3R2;BIN1;CALM2,3351
complex_genes,SE,GO_Biological_Process_2023,Receptor Clustering (GO:0043113),8/19,0.034003567649704226,3.6196122154841865,17.423225690151956,NLGN1;ITGA4;NRXN1;ITGB2;FLNA;ITGB1BP1;ITGB7;ITGAL,3351
complex_genes,SE,GO_Biological_Process_2023,Regulation Of Centriole Replication (GO:0046599),8/19,0.034003567649704226,3.6196122154841865,17.423225690151956,PLK4;KAT2B;STIL;KAT2A;CENPJ;NUP62;SASS6;BRCA1,3351
complex_genes,SE,GO_Biological_Process_2023,tRNA Metabolic Process (GO:0006399),8/19,0.034003567649704226,3.6196122154841865,17.423225690151956,GTF3C1;POP7;KARS1;POP1;ELAC2;RPP30;RPP21;DICER1,3351
complex_genes,SE,GO_Biological_Process_2023,Positive Regulation Of Cellular Metabolic Process (GO:0031325),17/56,0.035139313407368485,2.1716425945580116,10.379953052782952,PDGFRB;CXCL8;IL10RB;PDGFB;IFNLR1;SIRT1;THBS1;TGFBR2;IL4;ACE2;CCNB1;IFNG;CDK1;RIPK1;ROMO1;EEF1E1;IFNAR1,3351
complex_genes,SE,GO_Molecular_Function_2023,poly(A)-specific Ribonuclease Activity (GO:0004535),6/12,0.035714008678361386,4.975485799701047,23.949892177335414,PAN2;CNOT6;CNOT6L;CNOT7;CNOT2;CNOT8,3351
complex_genes,SE,GO_Molecular_Function_2023,R-SMAD Binding (GO:0070412),8/19,0.035714008678361386,3.6196122154841865,17.423225690151956,SMAD2;JUN;SMAD4;SMAD3;DROSHA;PPARG;FOS;MEN1,3351
complex_genes,SE,GO_Biological_Process_2023,Regulation Of Translational Initiation (GO:0006446),19/65,0.035863413300148396,2.0581515214781563,9.793587041944113,EIF4A2;EIF2B5;EIF2B2;NCBP1;KLHL25;NCBP2;FMR1;DDX1;MIF4GD;MTOR;CSDE1;TPR;EIF3H;POLR2G;EIF3E;EIF4G3;PAIP1;EIF3B;EIF4G1,3351
complex_genes,SE,GO_Biological_Process_2023,Positive Regulation Of Lipid Biosynthetic Process (GO:0046889),13/39,0.036034666614617156,2.489964050329539,11.809003001962465,SREBF1;FSHB;NR1H2;NR1H3;MTOR;RPTOR;KAT2B;MLXIPL;CREB1;KAT5;MLST8;CGA;LDLR,3351
complex_genes,SE,GO_Biological_Process_2023,ATF6-mediated Unfolded Protein Response (GO:0036500),4/6,0.036034666614617156,9.94741559605617,47.01032342881186,CREBZF;XBP1;ATF6B;DDIT3,3351
complex_genes,SE,GO_Biological_Process_2023,AV Node Cell Action Potential (GO:0086016),4/6,0.036034666614617156,9.94741559605617,47.01032342881186,CACNB2;SCN10A;SCN5A;SCN4B,3351
complex_genes,SE,GO_Biological_Process_2023,CENP-A Containing Chromatin Assembly (GO:0034080),4/6,0.036034666614617156,9.94741559605617,47.01032342881186,CENPW;MIS18A;CENPI;OIP5,3351
complex_genes,SE,GO_Biological_Process_2023,DNA Strand Resection Involved In Replication Fork Processing (GO:0110025),4/6,0.036034666614617156,9.94741559605617,47.01032342881186,RAD50;RBBP8;BRCA1;NBN,3351
complex_genes,SE,GO_Biological_Process_2023,Autophagosome Membrane Docking (GO:0016240),4/6,0.036034666614617156,9.94741559605617,47.01032342881186,VAMP8;STX17;CALM1;SNAP29,3351
complex_genes,SE,GO_Biological_Process_2023,Cellular Response To Bacterial Lipopeptide (GO:0071221),4/6,0.036034666614617156,9.94741559605617,47.01032342881186,TLR1;TLR10;TLR6;TLR2,3351
complex_genes,SE,GO_Biological_Process_2023,Cellular Response To Histamine (GO:0071420),4/6,0.036034666614617156,9.94741559605617,47.01032342881186,GABRB3;GABRB2;GABRB1;GABRG2,3351
complex_genes,SE,GO_Biological_Process_2023,Cellular Response To Interleukin-9 (GO:0071355),4/6,0.036034666614617156,9.94741559605617,47.01032342881186,STAT5A;STAT1;STAT3;JAK1,3351
complex_genes,SE,GO_Biological_Process_2023,Chromatin Remodeling At Centromere (GO:0031055),4/6,0.036034666614617156,9.94741559605617,47.01032342881186,CENPW;MIS18A;CENPI;OIP5,3351
complex_genes,SE,GO_Biological_Process_2023,Excitatory Chemical Synaptic Transmission (GO:0098976),4/6,0.036034666614617156,9.94741559605617,47.01032342881186,GRIN2A;GRIN2C;GRIN2B;GRIN2D,3351
complex_genes,SE,GO_Biological_Process_2023,Inner Ear Receptor Cell Differentiation (GO:0060113),4/6,0.036034666614617156,9.94741559605617,47.01032342881186,WHRN;MYO6;USH2A;PDZD7,3351
complex_genes,SE,GO_Biological_Process_2023,Interleukin-3-Mediated Signaling Pathway (GO:0038156),4/6,0.036034666614617156,9.94741559605617,47.01032342881186,STAT5A;IL3;IL3RA;JAK2,3351
complex_genes,SE,GO_Biological_Process_2023,Interleukin-9-Mediated Signaling Pathway (GO:0038113),4/6,0.036034666614617156,9.94741559605617,47.01032342881186,STAT5A;STAT1;STAT3;JAK1,3351
complex_genes,SE,GO_Biological_Process_2023,Mitochondrial tRNA Processing (GO:0090646),4/6,0.036034666614617156,9.94741559605617,47.01032342881186,TRMT10C;PRORP;TRNT1;HSD17B10,3351
complex_genes,SE,GO_Biological_Process_2023,Negative Regulation Of Blood Vessel Endothelial Cell Proliferation Involved In Sprouting Angiogenesis (GO:1903588),4/6,0.036034666614617156,9.94741559605617,47.01032342881186,PDCD10;MMRN2;IL12A;THBS1,3351
complex_genes,SE,GO_Biological_Process_2023,Negative Regulation Of Plasminogen Activation (GO:0010757),4/6,0.036034666614617156,9.94741559605617,47.01032342881186,PLAU;SERPINE1;PLAT;THBS1,3351
complex_genes,SE,GO_Biological_Process_2023,Placenta Blood Vessel Development (GO:0060674),4/6,0.036034666614617156,9.94741559605617,47.01032342881186,ITGB8;PKD2;RBPJ;PKD1,3351
complex_genes,SE,GO_Biological_Process_2023,Positive Regulation Of RNA Binding (GO:1905216),4/6,0.036034666614617156,9.94741559605617,47.01032342881186,NCBP1;FMR1;EIF3E;EIF3D,3351
complex_genes,SE,GO_Biological_Process_2023,Positive Regulation Of mRNA Binding (GO:1902416),4/6,0.036034666614617156,9.94741559605617,47.01032342881186,FMR1;EIF3E;EIF3D;EIF4G1,3351
complex_genes,SE,GO_Biological_Process_2023,"Protein Import Into Peroxisome Matrix, Receptor Recycling (GO:0016562)",4/6,0.036034666614617156,9.94741559605617,47.01032342881186,PEX6;PEX10;PEX2;PEX12,3351
complex_genes,SE,GO_Biological_Process_2023,rDNA Heterochromatin Formation (GO:0000183),4/6,0.036034666614617156,9.94741559605617,47.01032342881186,SUV39H1;SMARCA5;SIRT1;RRP8,3351
complex_genes,SE,GO_Biological_Process_2023,Regulation Of Entry Of Bacterium Into Host Cell (GO:2000535),4/6,0.036034666614617156,9.94741559605617,47.01032342881186,CXCL8;EXOC7;ITGAV;EXOC2,3351
complex_genes,SE,GO_Biological_Process_2023,Regulation Of Mitotic Cytokinesis (GO:1902412),4/6,0.036034666614617156,9.94741559605617,47.01032342881186,INCENP;BIRC5;CDCA8;AURKB,3351
complex_genes,SE,GO_Biological_Process_2023,Ribosome-Associated Ubiquitin-Dependent Protein Catabolic Process (GO:1990116),4/6,0.036034666614617156,9.94741559605617,47.01032342881186,NEMF;LTN1;TRIP4;ASCC3,3351
complex_genes,SE,GO_Biological_Process_2023,Smooth Muscle Cell Migration (GO:0014909),4/6,0.036034666614617156,9.94741559605617,47.01032342881186,PDGFRB;ITGB3;PARVA;PLAT,3351
complex_genes,SE,GO_Biological_Process_2023,Synaptic Vesicle Budding From Presynaptic Endocytic Zone Membrane (GO:0016185),4/6,0.036034666614617156,9.94741559605617,47.01032342881186,AP3M2;AP3D1;AP3S2;AP3S1,3351
complex_genes,SE,GO_Biological_Process_2023,tRNA 3'-End Processing (GO:0042780),4/6,0.036034666614617156,9.94741559605617,47.01032342881186,TRMT10C;ELAC2;TRNT1;HSD17B10,3351
complex_genes,SE,GO_Biological_Process_2023,Hepaticobiliary System Development (GO:0061008),9/23,0.036034666614617156,3.1998589381892795,15.11969925584069,CEBPA;XBP1;NIPBL;PRKCSH;PHF1;CEBPG;PCSK9;PKD2;CDK5RAP3,3351
complex_genes,SE,GO_Biological_Process_2023,Positive Regulation Of Lamellipodium Assembly (GO:0010592),9/23,0.036034666614617156,3.1998589381892795,15.11969925584069,ACTR3;ACTR2;CYFIP1;AUTS2;ARPC2;PIK3CA;RAC2;PIK3R1;RAC1,3351
complex_genes,SE,GO_Biological_Process_2023,Translesion Synthesis (GO:0019985),9/23,0.036034666614617156,3.1998589381892795,15.11969925584069,MAD2L2;POLD3;VCP;PCNA;POLD1;POLE2;POLD2;REV3L;TENT4A,3351
complex_genes,SE,GO_Biological_Process_2023,Positive Regulation Of T Cell Activation (GO:0050870),28/107,0.03632644666770211,1.7673522095711898,8.33508373402763,IL21;SMARCD1;SMARCD2;SMARCB1;SMARCD3;CD3E;ACTB;PYCARD;ARID2;JAK2;BRD7;SMARCE1;SMARCC1;XBP1;PBRM1;SMARCC2;PHF10;ACTL6B;IL15;ACTL6A;TYK2;ARID1A;SMARCA2;ARID1B;SMARCA4;IL4;IL6;IL6ST,3351
complex_genes,SE,GO_Biological_Process_2023,Inflammatory Response (GO:0006954),54/236,0.03638863054754583,1.4818966293033626,6.984956046318629,IL22;CXCL8;TRAF3IP2;IFNA2;ITGB2;PIK3CD;ITGAL;PIK3CG;IKBKB;TBK1;IKBKG;RAC1;MAP3K7;MEN1;PARP4;CHUK;IL13;IL18;CYBB;CYBA;FOS;TNFRSF1A;TLR1;IL1A;IFNG;CHI3L1;TLR10;TLR6;TLR4;S100A9;NAIP;S100A8;TLR2;CSF1R;CEBPB;NLRC4;MEFV;THBS1;RELA;RELB;IL1RL1;IRAK2;ORC3;CXCR2;NLRP3;NOS2;IL10RB;STAT3;IL4;IL6;IL2RA;REL;TAB2;ACKR1,3351
complex_genes,SE,GO_Biological_Process_2023,Glutamate Receptor Signaling Pathway (GO:0007215),12/35,0.036595998457398214,2.5979139810148832,12.228214200231118,GRIA2;GRIN2A;FMR1;GRIK3;GRIK4;GRIK1;GRIK2;GRIN2C;GRIN2B;GRIN1;GRIN2D;CDK5R1,3351
complex_genes,SE,GO_Biological_Process_2023,T-helper 1 Type Immune Response (GO:0042088),5/9,0.03661266976070596,6.218245666467424,29.193256429696685,LEF1;IL18;STAT4;TLR4;IL18BP,3351
complex_genes,SE,GO_Biological_Process_2023,Error-Prone Translesion Synthesis (GO:0042276),5/9,0.03661266976070596,6.218245666467424,29.193256429696685,POLD3;POLE2;POLD2;REV3L;TENT4A,3351
complex_genes,SE,GO_Biological_Process_2023,Leucine Transport (GO:0015820),5/9,0.03661266976070596,6.218245666467424,29.193256429696685,SLC7A5;SLC7A6;SLC7A7;SLC7A8;SLC3A2,3351
complex_genes,SE,GO_Biological_Process_2023,Mitotic DNA Replication Checkpoint Signaling (GO:0033314),5/9,0.03661266976070596,6.218245666467424,29.193256429696685,ORC1;HUS1;RAD17;NAE1;TOPBP1,3351
complex_genes,SE,GO_Biological_Process_2023,Myeloid Dendritic Cell Differentiation (GO:0043011),5/9,0.03661266976070596,6.218245666467424,29.193256429696685,IL4;BATF2;BATF3;CSF2;TGFBR2,3351
complex_genes,SE,GO_Biological_Process_2023,Positive Regulation Of mRNA 3'-End Processing (GO:0031442),5/9,0.03661266976070596,6.218245666467424,29.193256429696685,NUDT21;NCBP1;NCBP2;LEO1;PEX2,3351
complex_genes,SE,GO_Biological_Process_2023,Regulation Of Complement-Dependent Cytotoxicity (GO:1903659),5/9,0.03661266976070596,6.218245666467424,29.193256429696685,IL10;IL4;IL11;CFH;IL13,3351
complex_genes,SE,GO_Biological_Process_2023,Regulation Of Endoplasmic Reticulum Unfolded Protein Response (GO:1900101),5/9,0.03661266976070596,6.218245666467424,29.193256429696685,XBP1;COPS5;RACK1;BAX;PIK3R1,3351
complex_genes,SE,GO_Biological_Process_2023,Regulation Of Histone Methylation (GO:0031060),5/9,0.03661266976070596,6.218245666467424,29.193256429696685,SUV39H1;CTR9;SMARCA5;SIRT1;RRP8,3351
complex_genes,SE,GO_Biological_Process_2023,Regulation Of Protein Localization To Centrosome (GO:1904779),5/9,0.03661266976070596,6.218245666467424,29.193256429696685,GSK3B;NSFL1C;PARD6A;UBXN2B;NUP62,3351
complex_genes,SE,GO_Biological_Process_2023,Response To Hydroxyurea (GO:0072710),5/9,0.03661266976070596,6.218245666467424,29.193256429696685,BLM;NSMCE3;TIMELESS;KAT7;SPIDR,3351
complex_genes,SE,GO_Biological_Process_2023,Response To Platelet-Derived Growth Factor (GO:0036119),5/9,0.03661266976070596,6.218245666467424,29.193256429696685,HDAC1;HAS1;MARS1;PDGFB;HAS2,3351
complex_genes,SE,GO_Biological_Process_2023,Somatic Recombination Of Immunoglobulin Genes Involved In Immune Response (GO:0002204),5/9,0.03661266976070596,6.218245666467424,29.193256429696685,MSH6;EXOSC6;MSH2;LIG4;EXOSC3,3351
complex_genes,SE,GO_Biological_Process_2023,Positive Regulation Of Ubiquitin-Protein Transferase Activity (GO:0051443),10/27,0.03677707419151937,2.928323679067556,13.732076848478437,CDC20;FZR1;FBXW7;PTEN;AXIN1;UBE2N;RPS2;BMI1;BTRC;SKP1,3351
complex_genes,SE,GO_Biological_Process_2023,Modulation Of Excitatory Postsynaptic Potential (GO:0098815),11/31,0.03680032580117832,2.738308383233533,12.83439448933837,NLGN1;GRIN2A;RELN;DLG4;NRXN1;PTEN;GRIN2C;PRKCZ;GRIN2B;GRIN1;GRIN2D,3351
complex_genes,SE,GO_Biological_Process_2023,Response To Estradiol (GO:0032355),11/31,0.03680032580117832,2.738308383233533,12.83439448933837,H2AZ1;STAT5B;RAMP3;KAT5;RUVBL2;MYOD1;STAT3;CTNNB1;LCOR;ESR1;STRN3,3351
complex_genes,SE,GO_Molecular_Function_2023,1-Phosphatidylinositol-4-Phosphate 3-Kinase Activity (GO:0035005),4/6,0.037100529966524125,9.94741559605617,47.01032342881186,PIK3CA;PIK3CD;PIK3CB;PIK3CG,3351
complex_genes,SE,GO_Molecular_Function_2023,MutSalpha Complex Binding (GO:0032407),4/6,0.037100529966524125,9.94741559605617,47.01032342881186,MCM8;MCM9;PMS2;MLH1,3351
complex_genes,SE,GO_Molecular_Function_2023,RNA Polymerase III Type 3 Promoter Sequence-Specific DNA Binding (GO:0001006),4/6,0.037100529966524125,9.94741559605617,47.01032342881186,RPTOR;SNAPC3;SNAPC4;MTOR,3351
complex_genes,SE,GO_Molecular_Function_2023,Calcium-Dependent Protein Serine/Threonine Phosphatase Activity (GO:0004723),4/6,0.037100529966524125,9.94741559605617,47.01032342881186,PPP3CA;PPP3CB;PPP3R1;PPP3CC,3351
complex_genes,SE,GO_Molecular_Function_2023,Interleukin-6 Receptor Binding (GO:0005138),4/6,0.037100529966524125,9.94741559605617,47.01032342881186,PYCARD;IL6;ERAP1;IL6ST,3351
complex_genes,SE,GO_Molecular_Function_2023,Sugar-Phosphatase Activity (GO:0050308),4/6,0.037100529966524125,9.94741559605617,47.01032342881186,PFKFB2;PFKFB1;PFKFB4;PFKFB3,3351
complex_genes,SE,GO_Molecular_Function_2023,K63-linked Polyubiquitin Modification-Dependent Protein Binding (GO:0070530),9/23,0.037100529966524125,3.1998589381892795,15.11969925584069,RNF31;UIMC1;TAB3;TAB2;IKBKG;FAAP20;PRPF8;ATRIP;IKBKE,3351
complex_genes,SE,GO_Molecular_Function_2023,Ligand-Gated Monoatomic Ion Channel Activity (GO:0015276),9/23,0.037100529966524125,3.1998589381892795,15.11969925584069,GABRA2;GRIA1;GLRA1;GABRB1;GABRA5;GRIK5;GRIK4;GRIN2B;GRIN1,3351
complex_genes,SE,GO_Molecular_Function_2023,RNA Polymerase I Transcription Regulatory Region Sequence-Specific DNA Binding (GO:0001163),5/9,0.037100529966524125,6.218245666467424,29.193256429696685,SMARCB1;TAF1B;TAF1C;PIH1D1;SMARCA4,3351
complex_genes,SE,GO_Molecular_Function_2023,U3 snoRNA Binding (GO:0034511),5/9,0.037100529966524125,6.218245666467424,29.193256429696685,TBL3;PRKDC;XRCC5;SNU13;RRP9,3351
complex_genes,SE,GO_Molecular_Function_2023,Glycine Binding (GO:0016594),5/9,0.037100529966524125,6.218245666467424,29.193256429696685,GLRA1;GLRA2;GLRB;GRIN2B;GRIN1,3351
complex_genes,SE,GO_Molecular_Function_2023,Oxidized Purine DNA Binding (GO:0032357),5/9,0.037100529966524125,6.218245666467424,29.193256429696685,MSH6;MSH2;MSH3;RPS3;POT1,3351
complex_genes,SE,GO_Molecular_Function_2023,siRNA Binding (GO:0035197),5/9,0.037100529966524125,6.218245666467424,29.193256429696685,DHX9;PRKRA;FMR1;DICER1;TARBP2,3351
complex_genes,SE,GO_Molecular_Function_2023,Thioesterase Binding (GO:0031996),5/9,0.037100529966524125,6.218245666467424,29.193256429696685,HAUS7;TRAF3;TRAF5;TRAF2;RAC1,3351
complex_genes,SE,GO_Molecular_Function_2023,ADP Binding (GO:0043531),10/27,0.037100529966524125,2.928323679067556,13.732076848478437,MSH6;ATP5F1A;GCLC;MSH2;MYO6;PRKAG1;ME1;PRKAG2;NLRP3;ATP5F1D,3351
complex_genes,SE,GO_Molecular_Function_2023,Voltage-Gated Monoatomic Ion Channel Activity (GO:0005244),10/27,0.037100529966524125,2.928323679067556,13.732076848478437,GRIN2A;KCND2;KCNJ11;PKD2;GRIN2C;GRIN2B;SCN1A;GRIN1;GRIN2D;HCN1,3351
complex_genes,SE,GO_Biological_Process_2023,Positive Regulation Of Interleukin-8 Production (GO:0032757),18/61,0.03725314774927379,2.085613212484039,9.747857943226423,FCN1;NOS2;SERPINE1;STAT3;BCL10;RELA;PYCARD;TLR1;IL6;MAVS;DDIT3;CHI3L1;RIPK1;FADD;TLR4;MYD88;TLR2;LAMTOR5,3351
complex_genes,SE,GO_Biological_Process_2023,Chloride Transmembrane Transport (GO:1902476),15/48,0.038643556540805694,2.264006976237192,10.494647849248926,GABRB3;GABRA2;GABRB2;GABRA1;GABRB1;GABRA6;GABRA5;GABRA4;GABRA3;GABRG3;GABRG2;GLRA1;GLRA2;GLRA3;GLRB,3351
complex_genes,SE,GO_Biological_Process_2023,"Retrograde Vesicle-Mediated Transport, Golgi To Endoplasmic Reticulum (GO:0006890)",15/48,0.038643556540805694,2.264006976237192,10.494647849248926,COPB2;UVRAG;COPA;NBAS;COG7;COG4;COG3;COPZ2;COPZ1;TAPBP;RINT1;ZW10;COPG2;ERGIC3;ERGIC2,3351
complex_genes,SE,GO_Biological_Process_2023,Response To Reactive Oxygen Species (GO:0000302),19/66,0.0405810702031409,2.014239738448571,9.236536307726318,PDGFRA;JUN;NCF1;CHUK;HBB;PEX2;PEX10;FOS;HBA1;PKD2;PEX12;SIRT1;HIF1A;PEX13;PEX14;SOD1;CAT;RPS3;ROMO1,3351
complex_genes,SE,GO_Cellular_Component_2023,Extracellular Membrane-Bounded Organelle (GO:0065010),16/57,0.040614568820881373,1.9433795297473215,7.399629893814914,FGB;FGA;PDCD6IP;IFT172;COL12A1;ITGB2;ATP1A1;C8B;ATP1B1;SDCBP;COL6A2;GNB1;E2F1;COL6A3;HAS2;VCL,3351
complex_genes,SE,GO_Cellular_Component_2023,Keratin Filament (GO:0045095),12/39,0.040614568820881373,2.212505407473961,8.423824570736928,KRT82;KRT71;KRT80;KRT18;KRT25;KRT1;KRT14;KRT36;KRT8;KRT10;KRT5;KRT86,3351
complex_genes,SE,GO_Cellular_Component_2023,Neuromuscular Junction (GO:0031594),12/39,0.040614568820881373,2.212505407473961,8.423824570736928,ITGB1;CHRND;NLGN1;DLG1;DLG2;CDK5;DLG3;ASCC1;DLG4;TRIP4;SNTA1;CDK5R1,3351
complex_genes,SE,GO_Biological_Process_2023,Heart Process (GO:0003015),7/16,0.04091419294046842,3.870281765018607,17.69539247846377,RAMP3;SGCD;ZNHIT1;TNNI3;SGCZ;SGCG;SOD1,3351
complex_genes,SE,GO_Biological_Process_2023,Positive Regulation By Host Of Viral Transcription (GO:0043923),7/16,0.04091419294046842,3.870281765018607,17.69539247846377,CDK9;JUN;SMARCB1;SNW1;LEF1;TAF11;SMARCA4,3351
complex_genes,SE,GO_Biological_Process_2023,Protein Targeting To Peroxisome (GO:0006625),7/16,0.04091419294046842,3.870281765018607,17.69539247846377,PEX6;PEX10;PEX2;PEX1;PEX12;PEX14;PEX26,3351
complex_genes,SE,GO_Biological_Process_2023,Regulation Of Natural Killer Cell Activation (GO:0032814),7/16,0.04091419294046842,3.870281765018607,17.69539247846377,TICAM2;KLRC2;KLRC3;IL12A;KLRD1;KLRC1;TICAM1,3351
complex_genes,SE,GO_Biological_Process_2023,Regulation Of Transforming Growth Factor Beta Production (GO:0071634),7/16,0.04091419294046842,3.870281765018607,17.69539247846377,SMAD4;SMAD3;FN1;ITGB8;ITGAV;ITGB6;HIF1A,3351
complex_genes,SE,GO_Biological_Process_2023,Regulation Of Triglyceride Biosynthetic Process (GO:0010866),7/16,0.04091419294046842,3.870281765018607,17.69539247846377,SREBF1;KAT5;FBXW7;NR1H2;NR1H3;SIRT1;LDLR,3351
complex_genes,SE,GO_Biological_Process_2023,Cellular Response To Organic Cyclic Compound (GO:0071407),37/152,0.04115206162499538,1.605200598252473,7.328444419162355,GABRB3;HCN4;GABRB2;HCN3;BLM;KCNE1;URI1;GABRB1;RAMP3;INSIG1;PDGFB;BRCA1;ATP1A1;PKD2;ACTB;RYR3;GNAI1;KAT5;RUVBL2;H2AZ1;MED1;HSPA8;IL18;ESR1;SPIDR;GABRG2;CREB1;RAD51;STING1;KCNQ1;MYOD1;GNB1;LCOR;CTNNB1;HCN2;HCN1;TAF1,3351
complex_genes,SE,GO_Biological_Process_2023,Peptidyl-Lysine Modification (GO:0018205),25/94,0.041699142275529004,1.8061474374057709,8.220405642518704,SMC5;SMC6;KAT5;BLOC1S1;TRIM27;RANBP2;SLF1;SLF2;UBE2I;CBX4;NSMCE3;NSMCE2;VPS33B;NSMCE1;RANGAP1;SENP3;SIRT1;KAT2B;EID3;NSMCE4A;NDUFAB1;MDM2;UBA2;VIPAS39;SAE1,3351
complex_genes,SE,GO_Cellular_Component_2023,Mitochondrial Intermembrane Space (GO:0005758),17/62,0.04285731511853116,1.8814103845897487,7.0538650009038975,TIMM8B;NDUFA8;TIMM29;NDUFB7;PNPT1;TIMM9;TIMM13;TIMM23;TIMM10;SOD1;TIMM10B;BLOC1S1;CYCS;NDUFS1;MICU2;MICU1;FBXL4,3351
complex_genes,SE,GO_Biological_Process_2023,Nucleic Acid-Templated Transcription (GO:0097659),13/40,0.043241544987591155,2.3975989170716554,10.818877952501413,SMAD2;SMAD4;THRB;XAB2;POLR3A;TAF1B;TERT;RRAGC;MED20;E2F1;EPC1;MMS19;RNPS1,3351
complex_genes,SE,GO_Biological_Process_2023,Positive Regulation Of Catalytic Activity (GO:0043085),13/40,0.043241544987591155,2.3975989170716554,10.818877952501413,PSENEN;CHTOP;XRCC4;XRCC5;SOD1;APH1A;MSH6;NCSTN;MSH2;MSH3;FDX2;POT1;FXN,3351
complex_genes,SE,GO_Biological_Process_2023,Regulation Of Glycolytic Process (GO:0006110),13/40,0.043241544987591155,2.3975989170716554,10.818877952501413,PRKAA1;PRKAA2;PRKAG1;PRKAG2;ARNT;HIF1A;MTOR;RPTOR;FLCN;MLXIPL;IFNG;MLST8;OGT,3351
complex_genes,SE,GO_Biological_Process_2023,Negative Regulation Of Cell Motility (GO:2000146),33/133,0.04416256540714486,1.6459222423146473,7.390888392381605,HDAC2;SF3B3;HDAC1;SERPINE1;PTEN;ARID4A;ARID4B;FOXO3;ING1;FLCN;ING2;SIN3B;RBBP4;SIN3A;SAP30L;NKX2-1;EMILIN2;EMILIN1;SUDS3;RBBP7;ARID2;RNF20;TET1;FUZ;DYNLL1;SAP30;BRMS1;DLG5;BRMS1L;MMRN2;SINHCAF;OGT;VCL,3351
complex_genes,SE,GO_Biological_Process_2023,"DNA Damage Response, Signal Transduction By P53 Class Mediator (GO:0030330)",12/36,0.04529919694003052,2.489517819706499,11.111347785221438,PIDD1;PAXIP1;KAT5;CRADD;MYO6;MDM2;CASP2;MDM4;NBN;RPL26;FOXM1;BATF,3351
complex_genes,SE,GO_Biological_Process_2023,Regulation Of Erythrocyte Differentiation (GO:0045646),12/36,0.04529919694003052,2.489517819706499,11.111347785221438,HSPA9;MED1;STAT5B;BRD1;CDK6;MAFB;PRKDC;STAT1;STAT3;ARNT;FOXO3;HIF1A,3351
complex_genes,SE,GO_Cellular_Component_2023,Filopodium Membrane (GO:0031527),5/11,0.04532981117750889,4.144999003785615,15.290061102256091,ITGA3;ITGB3;ITGAV;UTRN;SYNE2,3351
complex_genes,SE,GO_Biological_Process_2023,Mesoderm Formation (GO:0001707),8/20,0.04545535573133563,3.3177784425167016,14.793752671245006,CRB2;ITGB1;SMAD2;ITGA3;ITGB4;ITGA2;ITGB3;ITGA8,3351
complex_genes,SE,GO_Biological_Process_2023,Negative Regulation Of Cell Migration (GO:0030336),39/163,0.045591892014331566,1.5692569541841983,6.991128310767468,HDAC2;SF3B3;HDAC1;SERPINE1;PTEN;ARID4A;ARID4B;FOXO3;ING1;FLCN;ING2;SIN3B;RBBP4;TNN;SIN3A;HAS1;SAP30L;NKX2-1;EMILIN2;EMILIN1;SUDS3;RAC1;RBBP7;ARID2;RNF20;TET1;FUZ;DYNLL1;SAP30;IL4;COL3A1;BRMS1;DLG5;BRMS1L;MMRN2;ITGB1BP1;SINHCAF;OGT;VCL,3351
complex_genes,SE,GO_Cellular_Component_2023,Mitochondrial Outer Membrane (GO:0005741),35/151,0.046071576267638796,1.504344141258683,5.518276694763394,ATF2;BECN1;TOMM40;ATP5MC2;ATP5MC3;AMBRA1;FOXO3;PHB2;TOMM20;TOMM22;BCL2L11;CASP8;SAMM50;RAC2;PMAIP1;BAK1;BID;RPS27A;MCL1;MTX1;AGK;BAD;MTX2;HADHB;QTRT1;QTRT2;MAVS;STING1;BCL2;TOMM7;BAX;ULK1;UBA52;BCL2L2;TOMM5,3351
complex_genes,SE,GO_Biological_Process_2023,Negative Regulation Of Apoptotic Process (GO:0043066),100/482,0.046334244372017254,1.3098667989390296,5.813225825439214,RB1;TNFRSF6B;PHB2;IL27RA;COMP;MAEA;CCND2;MYC;MED1;PRKCI;PCID2;CSNK2A1;KDM2B;CSNK2A2;LIG4;THOC6;MSH2;PHIP;ATF5;IL6ST;CARD14;NAIP;NOTCH1;PRKDC;MAPKAP1;PIK3R3;PIK3R1;DDRGK1;PDCD10;FIGNL1;RIPK1;NKX2-5;MCL1;SNX6;BARD1;HSPA9;XBP1;STIL;CBX4;IL2;KLHL20;IL4;LSM8;AHI1;GCLC;IL6;COPS5;BCL2;CDK1;MDM2;BCL2L2;ITGB1;PRR5;GSK3B;BABAM2;PIDD1;QARS1;NUP62;MLST8;CASP2;IL10;DFFA;PLAUR;SIRT1;YWHAZ;SUPV3L1;PIK3CA;CAT;BIRC5;NAA35;ITGA5;FXN;BIRC2;BIRC3;YAP1;HDAC2;PRKAA1;PRKAA2;RPL10;HDAC1;LEF1;TAF9;THBS1;MALT1;RELA;FLNA;PRAME;RICTOR;VHL;FNIP1;MTOR;VEGFA;SOD1;KRT18;IL2RB;CTNNB1;NAA16;NAA15;LAMTOR5;MAD2L1,3351
complex_genes,SE,GO_Biological_Process_2023,Chromosome Condensation (GO:0030261),11/32,0.04683409649938068,2.6077559167379527,11.543028152305462,DFFB;NCAPH2;CHMP1A;NCAPG;NCAPD2;NCAPD3;TENT4A;SMC4;NCAPH;SMC2;TTN,3351
complex_genes,SE,GO_Biological_Process_2023,Early Endosome To Late Endosome Transport (GO:0045022),9/24,0.04730038433368316,2.986355475763016,13.17884215392487,BECN1;HOOK2;HOOK1;FHIP1B;PIK3R4;PIK3C3;HOOK3;SNF8;ATG14,3351
complex_genes,SE,GO_Biological_Process_2023,Positive Regulation Of Peptidyl-Threonine Phosphorylation (GO:0010800),9/24,0.04730038433368316,2.986355475763016,13.17884215392487,RPTOR;CAB39;AXIN1;PRKAG2;CHI3L1;TNKS1BP1;CALM3;CALM1;CALM2,3351
complex_genes,SE,GO_Biological_Process_2023,Protein Exit From Endoplasmic Reticulum (GO:0032527),9/24,0.04730038433368316,2.986355475763016,13.17884215392487,LMAN1;SEC13;VCP;NPLOC4;FAF2;DERL1;DERL2;UFD1;SEC61B,3351
complex_genes,SE,GO_Biological_Process_2023,Response To Purine-Containing Compound (GO:0014074),9/24,0.04730038433368316,2.986355475763016,13.17884215392487,ATF1;RYR1;RYR2;DUOX1;CREB1;KCNJ11;STAT1;NDUFS4;DUOX2,3351
complex_genes,SE,GO_Biological_Process_2023,Peptidyl-Threonine Phosphorylation (GO:0018107),17/58,0.047340782850238156,2.0654600787159643,9.108385917540646,ATF2;GSK3B;GSK3A;CSNK2A1;PRKDC;CSNK2A2;TGFBR1;TGFBR2;STK11;TBK1;CDK5;CSNK2B;CDK1;CDK10;ULK1;CDK5R1;TAF1,3351
complex_genes,SE,GO_Biological_Process_2023,Positive Regulation Of Type II Interferon Production (GO:0032729),17/58,0.047340782850238156,2.0654600787159643,9.108385917540646,IL21;IL1R1;CEBPG;EBI3;IL18;SCRIB;TYK2;PYCARD;SLC7A5;IFNL1;IL12A;TRIM27;FADD;JAK2;TLR4;IL18R1;IL12RB2,3351
complex_genes,SE,GO_Biological_Process_2023,Apoptotic Cell Clearance (GO:0043277),10/28,0.047340782850238156,2.765472746017493,12.187280484448717,FCN1;FCN2;FCN3;ITGB3;RARA;RAC3;NR1H3;ITGAV;RAC1;THBS1,3351
complex_genes,SE,GO_Biological_Process_2023,Mucosal Immune Response (GO:0002385),10/28,0.047340782850238156,2.765472746017493,12.187280484448717,H2BC12;IL4;IFNL2;H2BC8;NOS2;H2BC21;H2BC11;IFNLR1;FAU;RPL39,3351
complex_genes,SE,GO_Biological_Process_2023,Positive Regulation Of mRNA Processing (GO:0050685),10/28,0.047340782850238156,2.765472746017493,12.187280484448717,SF3B4;PRMT5;SNW1;NCBP1;NCBP2;THRAP3;CLNS1A;LEO1;PEX2;WDR77,3351
complex_genes,SE,GO_Biological_Process_2023,Pyroptosis (GO:0070269),10/28,0.047340782850238156,2.765472746017493,12.187280484448717,PYCARD;CASP8;DHX9;CASP1;IGF2BP1;NLRP3;NLRC4;NLRP1;MEFV;NAIP,3351
complex_genes,SE,GO_Biological_Process_2023,Negative Regulation Of NF-kappaB Transcription Factor Activity (GO:0032088),22/81,0.04775982130966757,1.8582462285717196,8.169585743127488,IL10;USP7;CHUK;FAF1;COMMD1;COMMD6;COMMD7;FOXP3;SIRT1;PYCARD;UFL1;AIM2;BRMS1;IRAK1;TRAF3;IRAK2;DDIT3;NLRP2;NLRP3;RBCK1;CCDC22;CDK5RAP3,3351
complex_genes,SE,GO_Biological_Process_2023,Spindle Assembly (GO:0051225),22/81,0.04775982130966757,1.8582462285717196,8.169585743127488,ABRAXAS1;HAUS4;HAUS3;HAUS6;ABRAXAS2;HAUS5;INO80;SMC3;SMC1A;HAUS2;HAUS1;GOLGA2;STAG1;STAG2;HAUS8;KIF3B;HAUS7;KASH5;RPS3;FLNA;CEP192;KPNB1,3351
complex_genes,SE,GO_Molecular_Function_2023,Endonuclease Activity (GO:0004519),17/58,0.048814640970669766,2.0654600787159643,9.108385917540646,INTS11;MUS81;TSNAX;RNASEK;DIS3;ELAC2;PNKP;CPSF3;DICER1;RCL1;AGO3;AGO4;ERCC4;AGO2;APLF;RPS3;PMS2,3351
complex_genes,SE,GO_Biological_Process_2023,Positive Regulation Of Innate Immune Response (GO:0045089),14/45,0.04938267071720541,2.2489970709638754,9.808436824370313,DHX9;IFNB1;MAVS;RPS19;POLR3B;STING1;POLR3C;POLR3D;IGF2BP1;IFNK;POLR3F;POLR3G;FADD;IKBKE,3351
complex_genes,SE,GO_Biological_Process_2023,Zymogen Activation (GO:0031638),14/45,0.04938267071720541,2.2489970709638754,9.808436824370313,FGB;FGA;BAD;FGG;PLAT;NLRC4;CASP9;THBD;GRIN2A;CASP8;PLAU;CYCS;BAK1;FADD,3351
complex_genes,SE,GO_Biological_Process_2023,Response To Lipopolysaccharide (GO:0032496),38/159,0.049476958679103636,1.5667405886652381,6.823264955839393,CXCL8;SERPINE1;CTR9;LY96;BCL10;CDC73;RELA;PYCARD;UXT;IRAK1;PABPN1;NLRP7;CASP1;FBXO3;NLRP3;IL12A;JAK2;IL10;XBP1;TICAM2;NOS2;IL37;NR1H3;PEX2;TICAM1;TNFRSF1B;FOXP1;IL1A;IL6;TRAF6;PLAA;TAB2;S100A9;TLR4;S100A8;MYD88;IFNAR1;CHMP5,3351
complex_genes,SE,GO_Biological_Process_2023,Protein Targeting To Membrane (GO:0006612),20/72,0.049476958679103636,1.916379927487703,8.342085158000296,UBL4A;SRP19;PRKCI;NCF1;SSR2;VPS37C;VPS37D;VPS37A;VPS37B;SRP14;BAG6;SEC61A1;SDCBP;NACA;PARD3;SRPRA;SSR1;CHMP4A;GET3;GET4,3351
complex_genes,SE,GO_Biological_Process_2023,Cardiac Left Ventricle Morphogenesis (GO:0003214),6/13,0.049476958679103636,4.264445868033312,18.53155819121,RYR2;GSK3A;SMAD4;NOTCH1;RBPJ;TGFBR2,3351
complex_genes,SE,GO_Biological_Process_2023,Cellular Response To Interleukin-4 (GO:0071353),6/13,0.049476958679103636,4.264445868033312,18.53155819121,STAT5A;IL4;XBP1;LEF1;STAT6;JAK1,3351
complex_genes,SE,GO_Biological_Process_2023,Cytoplasmic Sequestering Of Protein (GO:0051220),6/13,0.049476958679103636,4.264445868033312,18.53155819121,SUFU;KEAP1;FLNA;PKD2;PKD1;GET4,3351
complex_genes,SE,GO_Biological_Process_2023,Cytoplasmic Sequestering Of Transcription Factor (GO:0042994),6/13,0.049476958679103636,4.264445868033312,18.53155819121,IL10;FAF1;SUFU;KEAP1;PKD2;PKD1,3351
complex_genes,SE,GO_Biological_Process_2023,Intracellular Potassium Ion Homeostasis (GO:0030007),6/13,0.049476958679103636,4.264445868033312,18.53155819121,ATP4B;ATP4A;FXYD2;ATP1A1;ATP1B1;KCNJ2,3351
complex_genes,SE,GO_Biological_Process_2023,Myeloid Dendritic Cell Activation (GO:0001773),6/13,0.049476958679103636,4.264445868033312,18.53155819121,IL4;PYCARD;BATF2;BATF3;CSF2;TGFBR2,3351
complex_genes,SE,GO_Biological_Process_2023,Negative Regulation Of Cell Activation (GO:0050866),6/13,0.049476958679103636,4.264445868033312,18.53155819121,PDGFRA;THBD;PDGFB;PDGFA;EMILIN1;LDLR,3351
complex_genes,SE,GO_Biological_Process_2023,Positive Regulation Of Heterochromatin Formation (GO:0031453),6/13,0.049476958679103636,4.264445868033312,18.53155819121,SIN3A;CDK2;TASOR;TPR;PPHLN1;MPHOSPH8,3351
complex_genes,SE,GO_Biological_Process_2023,Positive Regulation Of Type 2 Immune Response (GO:0002830),6/13,0.049476958679103636,4.264445868033312,18.53155819121,IL4;IL6;IL18;RARA;NLRP3;PRKCZ,3351
complex_genes,SE,GO_Biological_Process_2023,Potassium Ion Export Across Plasma Membrane (GO:0097623),6/13,0.049476958679103636,4.264445868033312,18.53155819121,KCNH2;KCNE1;KCNE2;KCND3;KCNIP2;KCNQ1,3351
complex_genes,SE,GO_Biological_Process_2023,Regulation Of IRE1-mediated Unfolded Protein Response (GO:1903894),6/13,0.049476958679103636,4.264445868033312,18.53155819121,UFL1;BCL2L11;COPS5;DDRGK1;BAX;BAK1,3351
complex_genes,SE,GO_Biological_Process_2023,Regulation Of Intrinsic Apoptotic Signaling Pathway In Response To DNA Damage By P53 Class Mediator (GO:1902165),6/13,0.049476958679103636,4.264445868033312,18.53155819121,ING2;KDM1A;TAF9;BCL2;RPL26;SIRT1,3351
complex_genes,SE,GO_Biological_Process_2023,Regulation Of Transcription Of Nucleolar Large rRNA By RNA Polymerase I (GO:1901836),6/13,0.049476958679103636,4.264445868033312,18.53155819121,SMARCB1;PIH1D1;MARS1;NOL11;MTOR;SMARCA4,3351
complex_genes,SE,GO_Biological_Process_2023,Spliceosomal tri-snRNP Complex Assembly (GO:0000244),6/13,0.049476958679103636,4.264445868033312,18.53155819121,PRPF6;DDX20;PRPF31;PRPF19;PRPF8;LSM2,3351
