Term,Overlap,Adjusted.P.value,Odds.Ratio,Combined.Score,Genes,ko_symbol,gene_number,db
GTPase Binding (GO:0051020),36/225,4.1038806045736697e-5,3.051061388410786,50.50915409816012,USP6NL;RABGAP1;GARRE1;MYCBP2;DOCK7;GCC2;AMBRA1;YBX3;FGD1;RASIP1;STRN3;AKAP13;AP3M1;GOLGA4;DENND10;ARFIP2;ERC1;DNM1L;HACE1;ANKRD27;PLEKHG2;SPHK2;TSC2;MYO9B;OCRL;GAPVD1;CYRIB;LSM2;RRAGB;ATG16L1;RAB34;SGSM2;PEX5;TRIP11;RIN3;EXOC5,Cd2bp2,1198,GO_Molecular_Function_2023
RNA Binding (GO:0003723),131/1411,6.468267934763684e-5,1.6806627811621369,25.5002848811502,EIF4A2;TFRC;FMR1;RPL10A;VIRMA;EDC3;TIAL1;EIF4ENIF1;PPP1CC;ENDOV;HMGN5;FBRSL1;CAST;RARS2;MBNL1;TYW5;ACTN1;DDX11;METTL3;CIRBP;GTPBP1;SRRM1;FAM133B;ILF3;ZC3H11A;RPP21;GEMIN5;DUS3L;ANKRD17;MACF1;AARS2;ZCCHC9;RCC1L;MTDH;DHX30;HNRNPDL;DHX33;DHX34;ERI3;SERPINH1;SAFB2;UTP20;LTA4H;LYAR;ZC3H14;MARK2;SRPK2;TIA1;CHTOP;ZRANB2;RBPMS;LSM2;PUM2;SETX;MOV10;TBL2;LSM6;GOLGB1;RNPS1;HNRNPC;LSM14A;EIF4G3;DZIP3;SUGP2;RPS24;EIF4G1;RBM25;TUT7;RBM26;CELF1;ZCCHC17;TENT4B;MTO1;YBX3;METTL14;LRRFIP1;RBM7;PSTK;TOP3B;ZC3H10;PABPC4;PRPF40B;DARS2;TFB2M;TRNAU1AP;DDX50;PTBP2;REXO4;PTBP3;DUS2;SARS2;PKM;SLTM;TUT1;RBMS1;EIF4E2;LUC7L2;RBM47;ROCK2;POLDIP3;SRF;RBM4B;MTIF2;MTHFSD;GANAB;BCLAF1;UNK;IGF2BP1;FLNB;RALY;ASCC3;SMNDC1;RBM39;TRMT10B;YTHDF2;MYEF2;YTHDF3;KRR1;YLPM1;HUWE1;RSRC2;APTX;CDK11B;KTN1;NAP1L4;SEC23IP;TNIP1;HNRNPA2B1;ZYX;ACIN1;R3HDM1,Cd2bp2,1198,GO_Molecular_Function_2023
Small GTPase Binding (GO:0031267),32/199,6.468267934763684e-5,3.0624171896344534,45.9394115513468,USP6NL;RABGAP1;GARRE1;MYCBP2;DOCK7;GCC2;YBX3;FGD1;STRN3;AKAP13;AP3M1;GOLGA4;DENND10;ARFIP2;ERC1;DNM1L;HACE1;ANKRD27;PLEKHG2;SPHK2;TSC2;MYO9B;OCRL;GAPVD1;CYRIB;LSM2;RAB34;SGSM2;PEX5;TRIP11;RIN3;EXOC5,Cd2bp2,1198,GO_Molecular_Function_2023
Ubiquitin-Like Protein Transferase Activity (GO:0019787),35/240,1.5206108554643053e-4,2.730092485791582,37.835147454072825,RNF14;UBE3A;KLHL13;RMND5B;RNF214;MARCHF8;TRIM68;BTRC;UBE2F;ATG3;HACE1;FBXW11;FANCL;SMURF1;NSMCE2;HUWE1;WWP1;CHFR;PML;RNF146;UBE2W;ITCH;ATG16L1;TTC3;MDM2;ERCC8;TRIM37;RBCK1;BCOR;FBXL5;UBE2K;TRIM11;DZIP3;BIRC2;TRIM33,Cd2bp2,1198,GO_Molecular_Function_2023
GTPase Regulator Activity (GO:0030695),51/424,2.091735343758724e-4,2.1968464183287324,29.254378767953614,USP6NL;GPSM2;FAM13B;ITSN1;DOCK7;RCBTB2;AKAP13;SYDE1;HERC2;SIPA1L1;DENND10;DNM1L;TBC1D22A;GARNL3;RALGPS2;PLEKHG2;RALGAPA1;STARD8;ARHGEF19;TSC2;OCRL;GAPVD1;TIAM1;RP2;SPATA13;PREB;RIN3;DENND6B;DEPDC5;TBC1D9B;RABGAP1;NPRL3;MYCBP2;ARHGAP19;AGAP1;ARHGAP17;ASAP1;FGD1;RCC1L;RIC8A;RACGAP1;CHN1;TBC1D14;ANKRD27;MYO9B;CCDC88A;SGSM2;RGS12;RGL2;NUCB2;MON1A,Cd2bp2,1198,GO_Molecular_Function_2023
mRNA Binding (GO:0003729),37/282,6.461446973932945e-4,2.4138550510643535,28.98159491460792,RBM25;RBM47;CELF1;POLDIP3;FMR1;YBX3;EDC3;CRYZ;TIAL1;EIF4ENIF1;METTL14;UNK;DHX33;IGF2BP1;CHTOP;TIA1;MYEF2;YTHDF2;YTHDF3;RBPMS;PABPC4;METTL3;CIRBP;PTBP2;PUM2;PTBP3;PKM;HNRNPA2B1;TUT1;GEMIN5;RBMS1;RNPS1;HNRNPC;EIF4G3;LSM14A;LUC7L2;EIF4G1,Cd2bp2,1198,GO_Molecular_Function_2023
mRNA 3'-UTR Binding (GO:0003730),18/93,7.874085708781622e-4,3.8088813559322032,44.39052451699777,RBM47;TIA1;CELF1;FMR1;PABPC4;CIRBP;YBX3;CRYZ;PUM2;TIAL1;ILF3;HNRNPA2B1;IGF2BP1;GEMIN5;RBMS1;TUT1;RNPS1;HNRNPC,Cd2bp2,1198,GO_Molecular_Function_2023
Protein-Lysine N-methyltransferase Activity (GO:0016279),12/54,0.005198410827535951,4.519392917369308,43.481133383603755,SETD5;SUV39H2;METTL22;SETD3;KMT5C;EHMT2;SETD6;NSD2;EHMT1;KMT5B;CAMKMT;EZH2,Cd2bp2,1198,GO_Molecular_Function_2023
"Catalytic Activity, Acting On A tRNA (GO:0140101)",10/39,0.005198410827535951,5.449030535237432,51.851899652594696,DTWD2;DUS2;AARS2;TYW5;MRPL58;TARS2;DUS3L;OSGEP;ANKZF1;TRIT1,Cd2bp2,1198,GO_Molecular_Function_2023
Protein Serine/Threonine Kinase Activity (GO:0004674),39/342,0.005535443989811791,2.054408460690763,19.203836614641997,ROCK2;PRKCZ;IKBKB;STK11;IRAK1;CHEK2;STK16;PHKG2;TLK2;TLK1;MAP4K5;MARK3;CAMK2G;MARK2;BRD4;PAK4;MAP2K6;PLK4;SRPK2;NEK9;DAPK2;LIMK2;MOK;CSNK1D;VRK1;PRKAB1;CLK4;CDK11B;HIPK2;CLK2;CLK1;BCKDK;MELK;STK26;RPS6KB2;CDK12;CSNK1G2;CAMK1G;MAP3K12,Cd2bp2,1198,GO_Molecular_Function_2023
N6-methyladenosine-containing RNA Binding (GO:1990247),5/10,0.00851822223419371,15.756077116512992,138.78095073484872,YTHDF2;YTHDF3;HNRNPA2B1;IGF2BP1;HNRNPC,Cd2bp2,1198,GO_Molecular_Function_2023
GTPase Activator Activity (GO:0005096),27/211,0.00851822223419371,2.3330393940519065,20.377386579082316,USP6NL;TBC1D9B;RABGAP1;FAM13B;NPRL3;ARHGAP19;AGAP1;ARHGAP17;ASAP1;SYDE1;SIPA1L1;RACGAP1;CHN1;TBC1D14;DNM1L;TBC1D22A;GARNL3;RALGAPA1;STARD8;TSC2;MYO9B;OCRL;RP2;SGSM2;PREB;RGS12;DEPDC5,Cd2bp2,1198,GO_Molecular_Function_2023
DNA Repair (GO:0006281),45/291,1.4889044976393652e-5,2.9439637848243185,56.57464804137582,DCLRE1A;ABRAXAS1;FMR1;PDS5B;ENDOV;MTA1;NTHL1;CHEK2;UIMC1;NSD2;PMS2;POLI;KMT5B;ASCC3;POLE;PMS1;MUTYH;ZRANB3;UVRAG;SLC30A9;CENPX;FANCM;MGMT;KMT5C;FANCL;USP3;ACTR5;XRCC3;RECQL;HUWE1;FANCC;FANCE;APTX;FANCG;REXO4;TICRR;SETX;RAD52;RAD50;TDP2;FANCD2;MSH3;ERCC2;ERCC8;RAD18,Cd2bp2,1198,GO_Biological_Process_2023
Regulation Of Organelle Organization (GO:0033043),20/100,0.002699603917461108,3.9732597623089982,52.93886540938263,USP6NL;SLC30A9;ACTR5;SIRT7;MFF;RBSN;PTK2;PARL;CAMSAP3;SYDE1;CLN3;MAVS;RHOT1;PDCD10;RUVBL2;AKAP9;PREB;NF2;DNM1L;MARK2,Cd2bp2,1198,GO_Biological_Process_2023
Mitotic Recombination (GO:0006312),7/14,0.005869102549087795,15.780856423173804,188.6599229613265,RAD52;RAD50;MSH3;NSMCE2;XRCC3;SMC5;RAD54B,Cd2bp2,1198,GO_Biological_Process_2023
Mitotic Spindle Assembly (GO:0090307),12/44,0.005869102549087795,5.934865092748735,70.35214486861497,WRAP73;STAG1;STAG2;RACGAP1;ABRAXAS1;KIFC1;CHEK2;SPICE1;LSM14A;CLASP1;CCDC61;CLASP2,Cd2bp2,1198,GO_Biological_Process_2023
DNA Damage Response (GO:0006974),45/384,0.008599798187904385,2.125620735441979,23.910814858437664,ATF2;USP16;STXBP4;FMR1;BRAT1;HTRA2;SMC5;PDS5B;ENDOV;BCLAF1;STK11;HERC2;CHEK2;TLK2;POLI;KMT5B;APBB1;MAP2K6;MUTYH;ZRANB3;UVRAG;SLF1;CBX5;MGMT;KMT5C;FANCL;DDX11;USP3;METTL3;XRCC3;RECQL;VRK1;FANCC;SIRT7;USP28;SPIDR;FANCG;REXO4;PML;TICRR;SETX;RAD50;MSH3;ERCC8;RAD18,Cd2bp2,1198,GO_Biological_Process_2023
DNA Metabolic Process (GO:0006259),36/288,0.011659268305111216,2.280550774526678,24.28505854490684,FMR1;PDS5B;ENDOV;NTHL1;CBS;RUVBL2;SMARCAD1;POLI;NT5M;KMT5B;POLE;MUTYH;ZRANB3;TOP3B;UVRAG;TCF7L2;MGMT;KMT5C;FANCL;USP3;ACTR5;XRCC3;RECQL;REV1;DONSON;FANCC;TERF1;TERF2;FANCG;REXO4;TICRR;RAD52;RAD50;MSH3;RBMS1;RAD18,Cd2bp2,1198,GO_Biological_Process_2023
Organelle Organization (GO:0006996),47/418,0.011659268305111216,2.0286051505663654,21.519498874963915,USP6NL;ABCD4;PI4K2B;TAFAZZIN;FAF2;TOR1AIP2;MIA3;FGD1;CAMSAP1;CECR2;RHOT1;SMPD4;ZMYM4;MICAL1;DYM;PACSIN3;TMED1;DNM1L;EPS15;CLASP1;SEC31A;PAK4;CLASP2;CENPT;HACE1;YTHDF2;YTHDF3;ATP8B2;NAA10;MTX2;COG2;TRAPPC8;CSNK1D;PEX1;MCOLN1;CFAP410;FANCG;TJAP1;GAK;FMNL3;SEC23IP;TMEM135;BIN1;ADCK1;RAB34;GOLGB1;TRIP11,Cd2bp2,1198,GO_Biological_Process_2023
Chromatin Organization (GO:0006325),34/268,0.0120179154284607,2.3177959878990806,24.20752224458548,KDM5A;SUV39H2;KDM5C;CHD6;EHMT1;M1AP;CECR2;HIRIP3;MTA1;RUVBL2;MIER1;PCGF1;SMARCAD1;KAT7;MTA3;BPTF;KDM6A;PBRM1;CHTOP;PHC1;CBX5;KDM4C;KDM2B;DDX11;PCGF2;ACTR5;ARID1B;NAP1L4;TADA2A;ZZZ3;MTF2;HNRNPC;BCOR;EZH2,Cd2bp2,1198,GO_Biological_Process_2023
Chromatin Remodeling (GO:0006338),30/228,0.015575731702249677,2.413345786633458,24.295394052266172,KDM5A;SUV39H2;KDM5C;USP15;CHD6;CECR2;MTA1;RUVBL2;MIER1;PCGF1;SMARCAD1;MTA3;BPTF;KDM6A;SRPK2;PBRM1;CHTOP;PHC1;KDM4C;KDM2B;PCGF2;USP3;ACTR5;SIRT7;ARID1B;SIRT2;TADA2A;MTF2;HNRNPC;BCOR,Cd2bp2,1198,GO_Biological_Process_2023
Spindle Assembly (GO:0051225),15/81,0.024323185002227247,3.5994774456312917,33.88380143529466,ABRAXAS1;TUBGCP2;SPICE1;CSNK1D;HAUS6;WRAP73;STAG1;STAG2;HAUS8;KIFC1;CHEK2;LSM14A;CLASP1;CCDC61;CLASP2,Cd2bp2,1198,GO_Biological_Process_2023
Proteasome-Mediated Ubiquitin-Dependent Protein Catabolic Process (GO:0043161),37/319,0.024323185002227247,2.0929621688322,19.447142640627575,ANAPC16;FAF2;ARRB2;AMBRA1;UBE2J2;BAG6;RMND5B;AMN1;MTA1;ZSWIM8;TBL1X;ASCC3;BTRC;RFFL;ANKZF1;KLHDC10;FBXW5;FBXW11;RHBDD2;SMURF1;FBXO17;WWP1;ARMC8;ERLIN2;PPP2R5C;SIRT2;PML;FBXL12;UBE2W;ITCH;MDM2;ERCC8;RBCK1;FBXL5;RNF185;UBE2K;BIRC2,Cd2bp2,1198,GO_Biological_Process_2023
Establishment Or Maintenance Of Epithelial Cell Apical/Basal Polarity (GO:0045197),10/40,0.024323185002227247,5.267115600448934,48.89384304247524,CAMSAP3;PATJ;DLG1;DLG3;DLG5;SCRIB;SYNE4;PRKCZ;MARK2;PALS1,Cd2bp2,1198,GO_Biological_Process_2023
Establishment Or Maintenance Of Apical/Basal Cell Polarity (GO:0035088),8/26,0.024323185002227247,7.015499533146592,64.91904414919752,PATJ;DLG1;DLG3;DLG5;SCRIB;PRKCZ;MARK2;PALS1,Cd2bp2,1198,GO_Biological_Process_2023
Plasma Membrane Bounded Cell Projection Assembly (GO:0120031),33/275,0.026750022569097226,2.1724541552867733,19.735543019066103,DYNLT2B;ASAP1;FGD1;CDC14B;NUDCD3;ABLIM1;TBC1D31;ARL13B;WDR90;ARFIP2;IFT57;BBS5;RAB8B;PLK4;IQCB1;SEPTIN2;RFX3;SEPTIN6;IFT122;CPLANE1;ANO6;OCRL;ATAT1;FMNL3;CCDC88A;IFT81;TMEM237;RP2;CENPJ;STK26;SPATA13;B9D2;CEP20,Cd2bp2,1198,GO_Biological_Process_2023
Endocytosis (GO:0006897),25/189,0.03596842894261078,2.422130039714719,21.103262398196296,LMBR1L;PIK3C2A;CLINT1;RAB22A;AP3M1;CLN3;SNX9;ATP9B;EPS15;TSC2;CSNK1D;EPS15L1;HSPG2;EPN1;EPN2;GAK;DAB2;BIN3;HOOK2;BIN1;RAB34;OCIAD1;RIN3;PI4KB;CSNK1G2,Cd2bp2,1198,GO_Biological_Process_2023
Histone H2A-K119 Monoubiquitination (GO:0036353),4/6,0.03596842894261078,31.490787269681743,272.54673652489925,PCGF5;PCGF2;PCGF1;TRIM37,Cd2bp2,1198,GO_Biological_Process_2023
Interstrand Cross-Link Repair (GO:0036297),9/36,0.037387276074976175,5.263526773198766,44.62337865198704,DCLRE1A;CENPX;FANCM;FANCL;FANCD2;XRCC3;FANCC;FANCE;FANCG,Cd2bp2,1198,GO_Biological_Process_2023
Positive Regulation Of Translation (GO:0045727),17/108,0.037387276074976175,2.9597472806617597,24.820138245759203,CDC123;USP16;YTHDF2;YTHDF3;POLDIP3;FMR1;METTL3;RMND1;CIRBP;MPV17L2;YBX3;RCC1L;METTL14;PKM;RPS6KB2;IGF2BP1;EIF4G3,Cd2bp2,1198,GO_Biological_Process_2023
Protein Ubiquitination (GO:0016567),45/434,0.037387276074976175,1.8473881703480581,15.381482656206998,ANAPC16;RNF14;UBA6;PELI2;MYCBP2;UBE3A;ARRB2;AMBRA1;KLHL13;UBE2J2;RNFT1;HERC2;TNKS2;ZSWIM8;TRIM68;MARCHF8;BTRC;RNF111;ATG3;HACE1;FBXW5;FANCL;FBXW11;SMURF1;HUWE1;WWP1;FANCC;FANCE;FANCG;CHFR;RNF146;UBE2W;ITCH;MDM2;ERCC8;TRIM37;RBCK1;FBXL5;RNF185;UBE2K;DZIP3;RAD18;BIRC2;TRIM33;TRIM11,Cd2bp2,1198,GO_Biological_Process_2023
Protein Modification Process (GO:0036211),66/711,0.037387276074976175,1.6412770153669158,13.49910942774121,SETD3;PTPRS;GMFG;JADE1;PLOD2;NAGPA;CDC14B;IKBKB;PPP1CC;STK11;PPP4R2;CHEK2;TLK2;TLK1;KAT7;BTRC;ILKAP;PPP1R12A;TBP;STRADA;FBXW11;DAPK2;STRADB;PPP2R5B;ALG3;ADAM10;VRK1;CSNK1D;PPP2R5C;JMJD7;ATG13;PRKAB1;ILF3;MELK;CREB1;PIGK;ATG4B;CSNK1G2;PPM1M;ROCK2;FUT10;PRKCZ;PORCN;IRAK1;MAP4K5;MARK3;MARK2;ST3GAL3;PAK4;PLK4;SRPK2;UBE2F;UVRAG;LIMK2;PTPN13;CDK11B;PTK2;HIPK2;CLK2;SSH1;BCKDK;ATG16L1;STK26;COQ8B;TAF2;MAP3K12,Cd2bp2,1198,GO_Biological_Process_2023
Protein Phosphorylation (GO:0006468),50/500,0.037387276074976175,1.7762291908633372,14.604268943576246,ATF2;GMFG;IKBKB;STK11;CHEK2;STK16;TLK2;TLK1;ERC1;TBP;STRADA;DAPK2;STRADB;ADAM10;VRK1;CSNK1D;ATG13;PRKAB1;ILF3;MELK;CREB1;CSNK1G2;CAMK1G;USP15;CAB39;ROCK2;SRC;PRKCZ;IRAK1;MAP4K5;MARK3;MARK2;PAK4;PLK4;SRPK2;UVRAG;LIMK2;CLK4;CDK11B;PTK2;HIPK2;CLK2;BCKDK;CLK1;STK26;COQ8B;CDK12;FGFR2;TAF2;MAP3K12,Cd2bp2,1198,GO_Biological_Process_2023
Regulation Of Cilium Assembly (GO:1902017),13/71,0.037387276074976175,3.545351374945439,29.14312489901982,USP6NL;ATG3;RABGAP1;TBC1D9B;LIMK2;CEP120;DYNLT2B;TCHP;CCDC88A;ODF2L;TBC1D14;ENTR1;TBC1D22A,Cd2bp2,1198,GO_Biological_Process_2023
Golgi Organization (GO:0007030),19/130,0.037387276074976175,2.7136220189655305,22.291348921052993,USP6NL;PI4K2B;HACE1;ATP8B2;COG2;GCC2;CSNK1D;VRK1;TRAPPC8;TJAP1;GAK;SEC23IP;PDCD10;GOLGB1;DYM;TRIP11;TMED1;CLASP1;CLASP2,Cd2bp2,1198,GO_Biological_Process_2023
Vesicle-Mediated Transport (GO:0016192),43/411,0.037387276074976175,1.8649115377376246,15.312144567676583,USP6NL;RAB5C;TSG101;STX16;GOSR2;ITSN1;MIA3;PIK3C2A;CLINT1;RAB22A;AP3M1;CECR2;GOLGA4;HMGXB4;CPNE1;SNX9;ATP9B;EPS15;VPS16;UVRAG;EXOC6B;TSC2;SCRIB;CSNK1D;EPS15L1;RBSN;AP4B1;EPN1;EPN2;BIN3;HOOK2;BIN1;RAB34;DNAJC5;RAB13;OCIAD1;SPIRE1;VIPAS39;RIN3;EXOC5;VPS45;OSBPL1A;CSNK1G2,Cd2bp2,1198,GO_Biological_Process_2023
Endomembrane System Organization (GO:0010256),25/196,0.03774813446523435,2.322106060832673,18.907210900797097,USP6NL;PI4K2B;TOR1AIP2;MIA3;RAB22A;SMPD4;DYM;TMED1;DNM1L;CLASP1;SEC31A;PLEKHJ1;CLASP2;HACE1;ATP8B2;COG2;CSNK1D;TRAPPC8;PHETA1;TJAP1;GAK;SEC23IP;HOOK2;GOLGB1;TRIP11,Cd2bp2,1198,GO_Biological_Process_2023
Histone Modification (GO:0016570),14/81,0.03774813446523435,3.3063987494957643,26.85128510507628,USP3;JADE1;MSL3;SIRT2;PHF20L1;MTA1;TADA2A;RUVBL2;MIER1;TADA3;KAT7;TBL1X;MTA3;KAT14,Cd2bp2,1198,GO_Biological_Process_2023
Golgi Vesicle Transport (GO:0048193),25/197,0.03849101323962186,2.3084815321477428,18.61508085118753,GOSR2;GCC2;MIA3;GOLGA4;TBC1D14;TMED1;ATP9B;SEC31A;RAB8B;UVRAG;COG2;TRAPPC8;RBSN;RINT1;RP2;SGSM2;RAB13;TRIP11;SPIRE1;PREB;COPG2;EXOC5;COPG1;ERGIC2;SEC24C,Cd2bp2,1198,GO_Biological_Process_2023
Epigenetic Regulation Of Gene Expression (GO:0040029),14/83,0.04410163332467268,3.2102183705444576,25.23415433955761,ATF2;SUV39H2;SPHK2;WBP2;DNMT3A;SIRT7;ARID1B;SIRT2;ZDBF2;MTA1;MTF2;KAT7;TRIM37;EZH2,Cd2bp2,1198,GO_Biological_Process_2023
tRNA Aminoacylation For Mitochondrial Protein Translation (GO:0070127),4/7,0.04410163332467268,20.992741485203798,164.9241466725472,SARS2;DARS2;TARS2;EARS2,Cd2bp2,1198,GO_Biological_Process_2023
Regulation Of DNA Metabolic Process (GO:0051052),18/124,0.04647325906249874,2.6905020786696516,20.90510550001289,ANKRD17;SLF1;ESCO1;EHMT2;ACTR5;NSMCE2;JADE1;YLPM1;SMC5;SIRT7;TERF2;CCDC88A;RUVBL2;TADA3;UIMC1;SMARCAD1;KAT7;TAF2,Cd2bp2,1198,GO_Biological_Process_2023
Intracellular Membrane-Bounded Organelle (GO:0043231),403/5175,1.3632847664452162e-7,1.4903736154823473,32.16172566578791,ATF2;TFRC;EHMT2;ITSN1;EHMT1;DCAF8;SMC5;RBPJ;ALKBH6;PPP4R2;RNF111;MBNL1;DDX11;DAPK2;RFX3;MRTFA;RFX1;ARMC8;ISL1;PRKAB1;MED7;NISCH;BIN1;COPS7B;MTDH;NTHL1;LTA4H;KAT14;LHPP;HACE1;PHC1;TIPARP;FUCA1;TMEM192;SETX;MLLT10;MOV10;FIBP;TADA2A;TDP2;GTF2IRD1;HNRNPC;CDK12;PKIG;RAD18;EZH2;PHF3;CEP57;SETD5;SETD6;NCAPG2;TDRP;MED15;CLINT1;MED14;WDR37;SPHK2;SIRT7;TERF1;RBSN;TERF2;SIRT2;NCOR2;MED22;AFTPH;KIFC1;MED20;MTF2;ERGIC2;MYRF;CIPC;BCLAF1;BTAF1;NSD2;PMS2;PCGF1;PMS1;NKTR;BRD4;SLF1;TRMT10B;EGLN2;YTHDF2;ATAD5;PCGF5;SEPTIN2;MGMT;PCGF2;ATAD2;YLPM1;HIPK2;RNF146;ZYX;CRLF3;FMR1;CTNND1;UBP1;RPL10A;VIRMA;CDC14B;EIF4ENIF1;PPP1CC;STK11;HMGN5;RUVBL2;SMARCAD1;KMT5B;CLCC1;NEPRO;GTF2I;TLE1;KMT5C;RALGAPA1;USP4;USP3;IPMK;VRK1;CDC25C;GTF2F2;THOC7;THOC6;CLIP1;ILF3;MSH3;PKP4;CSNK1G2;ANKRD17;IPPK;ANKRD16;ANKRD11;GPATCH2L;BCL2L12;BAG6;SAFB2;OSBPL9;TIA1;CHTOP;ANKRD27;BRPF3;FANCL;RFXANK;FANCC;FANCE;LSM2;DAB2;LSM6;DAB1;P4HA1;CNOT2;TADA3;MDM2;PIR;NF2;OSBPL1A;MDM1;EIF4G1;CELF1;RNF14;FHL1;UFSP2;ARRB2;FOXM1;PIK3C2A;CDC73;RESF1;METTL14;SIN3A;PPP6R3;TRIM68;TLK2;TLK1;DNM1L;ILKAP;ACTR5;DNMT3A;MSL3;PTBP2;REXO4;MSL1;PTBP3;METTL22;PKM;TFDP2;SLC25A19;DNAJC5;DNAJC8;BIRC2;PPM1M;WBP2;SRF;AMBRA1;CECR2;GANAB;NFS1;HIRIP3;IGF2BP1;ASCC3;DRAM2;E2F6;SMOX;DONSON;TPRKB;EXOG;MCOLN1;PTPN13;PML;RAD52;RAD50;DOLPP1;BCOR;TRIM33;PANK2;UXT;TIAL1;HERC2;CHEK2;SPATA24;CPNE1;KAT7;CCNL2;ESCO1;NSMCE2;METTL3;CIRBP;RECQL;CSNK1D;JMJD7;SRRM1;RRAGB;AKAP9;PREB;NSMF;ANKRA2;MYCBP2;UBE2J2;OSGEP;GMCL1;DHX30;RAB11FIP1;RACGAP1;DHX33;MIER1;DPH3;PATZ1;LYAR;SEC31A;ATP6V0A1;CTSA;SRPK2;STK11IP;XRCC3;MEMO1;PTK2;STAG1;STAG2;GOLGB1;RNPS1;RPS24;RPAIN;SUV39H2;SLC35F6;TECR;OTUD7B;ZBTB8OS;MIA3;ZMYM2;UIMC1;CTSH;SPTAN1;GABPA;TOP3B;NCOA2;GRIPAP1;PBRM1;STRADA;PABPC4;STRADB;TFE3;PRMT3;GAK;SLTM;SLU7;STX16;MIS12;RAD54B;TBL1X;APBB1;EPS15;APBB3;MYEF2;NFYC;MOK;HUWE1;APTX;SEC23IP;ITCH;TFAP4;TTC3;HNRNPA2B1;CRTC2;CRTC1;GEMIN2;JADE1;PRDM2;SLC30A9;BORA;KDM2B;FBXW11;ANGEL1;ADAM10;TSC2;OCRL;CDYL;CFAP410;MAU2;FANCD2;GEMIN5;WDFY2;GEMIN8;ISCU;ARHGAP19;HTRA2;PDS5B;IRAK1;CAMTA1;TBC1D14;ZC3H14;BPTF;UBE2F;CBX5;POU2F1;PHF12;MACO1;CLK4;CLK2;CLK1;UBE2W;DLG1;HOOK2;UBE2K;FGFR2;KDM5A;KDM5C;RBM26;CHD6;YBX3;SENP6;SNAPC4;RBM7;POLE;KDM6A;SUN1;USP48;TBP;PPP2R5B;PPP2R5C;TRNAU1AP;TTI2;EPN2;CREB1;RBMS1;ITGB3BP;LAMA5;RBM47;USP15;MVK;USP16;POLDIP3;ABRAXAS1;DCTN4;BRAT1;WIZ;RMND5B;CLN3;MTA1;TNKS2;CBS;RALY;MTA3;SMNDC1;S100PBP;MUTYH;TCF7L2;KDM4C;NAA10;B3GAT3;SWT1;LIMK2;DTNBP1;USP28;CDK11B;CHFR;TICRR;NAP1L4;FMNL3;KANSL1;ERCC2;ERCC8;ACIN1;QRICH1;RGS12;TAF2;SSBP4,Cd2bp2,1198,GO_Cellular_Component_2023
Nucleus (GO:0005634),353/4487,5.088528993010367e-7,1.4822396464017542,29.00654172822699,ATF2;PANK2;EHMT2;EHMT1;DCAF8;SMC5;RBPJ;ALKBH6;UXT;TIAL1;HERC2;PPP4R2;CHEK2;SPATA24;CPNE1;KAT7;CCNL2;RNF111;MBNL1;ESCO1;DDX11;DAPK2;NSMCE2;METTL3;CIRBP;RECQL;RFX3;MRTFA;CSNK1D;ARMC8;JMJD7;ISL1;PRKAB1;MED7;SRRM1;BIN1;RRAGB;PREB;NSMF;ANKRA2;MYCBP2;COPS7B;UBE2J2;OSGEP;GMCL1;MTDH;DHX30;RACGAP1;DHX33;NTHL1;MIER1;DPH3;LTA4H;PATZ1;LYAR;KAT14;LHPP;SRPK2;HACE1;PHC1;TIPARP;XRCC3;TMEM192;MEMO1;PTK2;SETX;MLLT10;MOV10;FIBP;STAG1;TADA2A;STAG2;TDP2;GTF2IRD1;RNPS1;HNRNPC;CDK12;PKIG;RAD18;RPS24;EZH2;PHF3;CEP57;RPAIN;SUV39H2;SETD5;SETD6;NCAPG2;TECR;TDRP;OTUD7B;ZBTB8OS;MED15;MED14;ZMYM2;UIMC1;GABPA;TOP3B;NCOA2;PBRM1;WDR37;SPHK2;STRADA;PABPC4;STRADB;TFE3;PRMT3;SIRT7;TERF1;TERF2;SIRT2;NCOR2;MED22;SLTM;KIFC1;MED20;MTF2;ERGIC2;SLU7;MYRF;CIPC;MIS12;RAD54B;BCLAF1;NSD2;PMS2;PCGF1;TBL1X;APBB1;APBB3;PMS1;NKTR;BRD4;SLF1;TRMT10B;EGLN2;YTHDF2;MYEF2;ATAD5;PCGF5;SEPTIN2;MGMT;PCGF2;NFYC;ATAD2;YLPM1;MOK;HUWE1;APTX;HIPK2;RNF146;TFAP4;TTC3;HNRNPA2B1;ZYX;CRLF3;CRTC2;CRTC1;GEMIN2;FMR1;CTNND1;JADE1;UBP1;PRDM2;RPL10A;VIRMA;CDC14B;EIF4ENIF1;PPP1CC;STK11;HMGN5;RUVBL2;SMARCAD1;KMT5B;NEPRO;GTF2I;SLC30A9;BORA;TLE1;KDM2B;KMT5C;FBXW11;RALGAPA1;USP4;USP3;IPMK;ANGEL1;ADAM10;TSC2;VRK1;OCRL;CDYL;CDC25C;GTF2F2;THOC7;THOC6;CLIP1;ILF3;MAU2;MSH3;FANCD2;GEMIN5;PKP4;GEMIN8;CSNK1G2;ISCU;ANKRD17;IPPK;ANKRD16;ANKRD11;HTRA2;PDS5B;GPATCH2L;BCL2L12;BAG6;IRAK1;SAFB2;CAMTA1;ZC3H14;BPTF;UBE2F;TIA1;CHTOP;CBX5;POU2F1;BRPF3;FANCL;PHF12;RFXANK;FANCC;MACO1;FANCE;CLK4;CLK2;LSM2;CLK1;UBE2W;DLG1;LSM6;CNOT2;TADA3;MDM2;PIR;NF2;UBE2K;FGFR2;MDM1;EIF4G1;KDM5A;KDM5C;RBM26;CELF1;RNF14;FHL1;CHD6;UFSP2;ARRB2;FOXM1;YBX3;CDC73;RESF1;SENP6;METTL14;SIN3A;PPP6R3;SNAPC4;TRIM68;TLK2;TLK1;RBM7;POLE;ILKAP;KDM6A;USP48;TBP;ACTR5;DNMT3A;PPP2R5B;MSL3;PPP2R5C;TRNAU1AP;TTI2;PTBP2;REXO4;MSL1;PTBP3;METTL22;CREB1;PKM;TFDP2;SLC25A19;RBMS1;DNAJC8;BIRC2;ITGB3BP;LAMA5;RBM47;USP15;USP16;PPM1M;WBP2;POLDIP3;ABRAXAS1;SRF;DCTN4;BRAT1;WIZ;AMBRA1;RMND5B;CECR2;CLN3;NFS1;MTA1;HIRIP3;TNKS2;HAUS8;CBS;IGF2BP1;RALY;ASCC3;E2F6;MTA3;SMNDC1;S100PBP;MUTYH;TCF7L2;KDM4C;NAA10;SWT1;LIMK2;DONSON;TPRKB;DTNBP1;EXOG;PTPN13;USP28;CDK11B;CHFR;PML;TICRR;NAP1L4;RAD52;RAD50;KANSL1;ERCC2;ERCC8;ACIN1;QRICH1;RGS12;BCOR;TRIM33;TAF2;SSBP4,Cd2bp2,1198,GO_Cellular_Component_2023
Mitotic Spindle (GO:0072686),25/143,1.3140033400722034e-4,3.3746586327972605,45.92941022396975,EPB41;CDC14B;RACGAP1;HAUS8;TBL1X;KAT14;CLASP1;CLASP2;IQCB1;LIMK2;HAUS6;EML1;EML2;SIRT2;EML4;ATAT1;WRAP73;TADA2A;ZZZ3;TFDP2;KIFC1;TADA3;PKP4;LSM14A;MAD1L1,Cd2bp2,1198,GO_Cellular_Component_2023
Cytoplasmic Stress Granule (GO:0010494),16/76,7.122421490420351e-4,4.228313592780598,49.184755840167185,MBNL1;TIA1;YTHDF2;RBPMS;YTHDF3;CELF1;FMR1;PABPC4;CIRBP;ZFAND1;HIPK2;PUM2;TIAL1;IGF2BP1;LSM14A;EIF4G1,Cd2bp2,1198,GO_Cellular_Component_2023
trans-Golgi Network (GO:0005802),30/241,0.00760718432327162,2.2630737518665196,20.459692528155763,USP6NL;PI4K2B;STX16;GCC2;PCSK7;PIK3C2A;ATP2C1;CLN3;GOLGA4;SMPD4;ARFIP2;ARFIP1;SNX9;ATP9B;PLEKHJ1;CLASP2;ATP8B2;COG2;OCRL;FAM91A1;PHETA1;AP4B1;TJAP1;PREPL;HOOK2;SLC9A8;RAB13;RELCH;LGR5;PHAF1,Cd2bp2,1198,GO_Cellular_Component_2023
Spindle (GO:0005819),27/210,0.007954010947743187,2.345914238915877,20.676326512732047,EPB41;CDC14B;RACGAP1;CSPP1;TBL1X;KAT14;CLASP1;CLASP2;IQCB1;LIMK2;SPICE1;CSNK1D;EML1;EML2;SIRT2;EML4;ATAT1;WRAP73;TADA2A;ZZZ3;TFDP2;KIFC1;TADA3;ERCC2;PKP4;LSM14A;MAD1L1,Cd2bp2,1198,GO_Cellular_Component_2023
Golgi Stack (GO:0005795),8/31,0.01604947092735216,5.4889294848374135,43.374371208019284,CLN3;STX16;GOLGB1;RAB34;COG2;OCRL;VRK1;ZFYVE1,Cd2bp2,1198,GO_Cellular_Component_2023
Intracellular Non-Membrane-Bounded Organelle (GO:0043232),100/1195,0.01604947092735216,1.4727482928695594,11.522898954337492,TMEM179B;GEMIN2;FMR1;HJURP;RBPJ;ZFYVE1;CDC14B;UXT;PPP1CC;ENDOV;CSPP1;ARFIP2;KAT7;NEPRO;SLC30A9;ESCO1;DDX11;SPICE1;RECQL;CSNK1D;VRK1;CDYL;SELENOO;ILF3;PREPL;SHQ1;BIN1;FANCD2;AKAP9;PKP4;WDFY3;MAD1L1;IPPK;MACF1;TSG101;RAB5C;EPB41;ZCCHC9;HTRA2;PDS5B;SYCE2;DHX33;RACGAP1;IRAK1;CALD1;EPB41L3;CAMTA1;UTP20;LYAR;ZC3H14;PLK4;SRPK2;CBX5;ATP8B2;FANCE;PTK2;FANCG;ABTB1;STAG1;LSM6;STAG2;ZZZ3;MDM2;NF2;EIF4G3;FAF2;FOXM1;TENT4B;EPB41L4A;SH3PXD2B;TRIM68;LRRFIP1;RBM7;SPG11;PPP1R12A;SIRT7;TERF1;ZFX;DDX50;SIRT2;REXO4;METTL22;TUT1;LDAH;ERGIC2;ROCK2;CIPC;ASAP1;AMBRA1;HIRIP3;E2F8;NAA10;IDH3G;KRR1;MTX2;APTX;PML;TTC3;ERCC2;RGS12,Cd2bp2,1198,GO_Cellular_Component_2023
P-body (GO:0000932),13/83,0.044956392894691374,2.9356962025316458,19.5995264717421,YTHDF2;GARRE1;YTHDF3;EDC3;LSM2;PAN2;EIF4ENIF1;MOV10;LSM6;CNOT2;IGF2BP1;EIF4E2;LSM14A,Cd2bp2,1198,GO_Cellular_Component_2023
RNA Binding (GO:0003723),126/1411,2.507064118646938e-12,2.3518576628592944,77.64977344171018,EIF4A2;TCERG1;RTCA;FMR1;NUDT1;HNRNPR;RPL10A;GPATCH8;ALKBH1;UBAP2L;KPNA2;SLC16A3;AGFG1;RARS2;AQR;TYW5;SECISBP2;ACTN1;DDX11;ZCRB1;GTPBP1;ILF3;ZC3H11A;SRFBP1;PPIG;DUS3L;MACF1;AARS2;DHX9;MAZ;RTF1;RTN4;RCC1L;MTDH;FXR1;DHX30;RNASEH1;HNRNPDL;SERPINH1;SAFB2;UTP20;MAP4;ZC3H14;RBM10;MARK2;SRPK2;PYM1;LSM1;PRRC2C;PUM1;SNUPN;PRRC2B;TDRD3;SRPK1;LSM6;GOLGB1;TRIP6;HNRNPD;RNPS1;LSM14A;EIF4G3;SUGP2;RPS24;RBM28;DIDO1;RBM25;CELF1;FASTKD2;AKAP8L;DDX42;ZCCHC17;METTL14;LRRFIP1;BUD23;RBM34;RBM7;RBM5;PSTK;TOP3B;PABPC4;PRPF40B;DARS2;PRPF40A;PPHLN1;TRNAU1AP;SMC1A;SAFB;DDX50;SARS2;PKM;SLTM;THRAP3;ESRP1;ARHGEF1;HNRNPH3;ALDOA;FYTTD1;RNMT;POLDIP3;WBP4;PARN;DDX20;AKAP8;DDX21;SAMHD1;UNK;FIP1L1;IGF2BP1;FLNB;SRSF10;SRSF11;TEFM;PTPN1;MYEF2;YTHDF3;YLPM1;RSRC2;NOC3L;RRP1B;APTX;U2SURP;KTN1;SEC23IP;ZYX;ACIN1;R3HDM1,Qk,870,GO_Molecular_Function_2023
Microtubule Binding (GO:0008017),26/239,0.0031302946354656697,2.735921055559264,30.037781797109584,CEP57;MACF1;FMR1;KATNB1;UXT;OPA1;TOGARAM1;MAP4;MARK4;CLASP1;CDK5RAP2;NDEL1;ENKD1;CLASP2;FBXW11;MACO1;PEX14;EML3;DNM2;CAMSAP3;CLIP1;HOOK2;PRC1;GAPDH;HDGFL3;MDM1,Qk,870,GO_Molecular_Function_2023
DNA-methyltransferase Activity (GO:0009008),4/5,0.0031302946354656697,88.35565819861432,969.479337084513,N6AMT1;DNMT3A;DNMT3B;METTL4,Qk,870,GO_Molecular_Function_2023
Cadherin Binding (GO:0045296),30/319,0.008945878748734187,2.3283489866534848,22.432983025911838,MACF1;SRC;CTNND1;RTN4;SLC9A3R2;MPRIP;CDH2;FLNB;LRRFIP1;EPS15;MARK2;PAK4;PTPN1;IST1;CEMIP2;GAPVD1;KTN1;EPN2;TJP1;ANLN;DLG1;MYO1B;PKM;CTTN;ABI1;NUMB;ALDOA;CC2D1A;VCL;PICALM,Qk,870,GO_Molecular_Function_2023
Protein-Lysine N-methyltransferase Activity (GO:0016279),10/54,0.010575874302158915,5.043868921775899,46.62648653746056,N6AMT1;SETD5;SUV39H2;METTL22;SETDB1;SETD6;NSD2;EHMT1;EEF1AKMT2;EZH2,Qk,870,GO_Molecular_Function_2023
Methyltransferase Activity (GO:0008168),8/37,0.014197252532913202,6.112809024721978,53.593418308341214,N6AMT1;NDUFAF7;DNMT3B;METTL4;EHMT1;BUD23;COMT;EEF1AKMT2,Qk,870,GO_Molecular_Function_2023
DNA Binding (GO:0003677),59/846,0.017841603170618957,1.695613209099156,14.109314125303307,APP;FBH1;MCM8;FMR1;PRDM5;CHD6;SMC6;AIFM1;ZMYM4;HMCES;DNMT3B;SMARCAD1;TRIM26;LRRFIP1;ZFPL1;POLE;RBM5;KDM2B;SECISBP2;DDX11;ATRX;DNMT3A;TINF2;RAD23A;SMC1A;SAFB;ILF3;SLTM;MSH3;THRAP3;MTF2;ZMYND11;KDM3A;GTF3C4;MAX;DHX9;RTF1;PDS5B;SAMHD1;NTHL1;RNF138;HSF1;IGF2BP1;SAFB2;RBBP8;PMS2;BPTF;TCF7L2;POU2F1;CENPX;APTX;PALB2;RAD52;CAMSAP3;RAD50;QRICH1;TCF3;RAD18;EZH2,Qk,870,GO_Molecular_Function_2023
Single-Stranded DNA Binding (GO:0003697),13/96,0.017841603170618957,3.481056079627729,28.72299279912969,FBH1;MCM8;DHX9;DDX11;RAD23A;SMC6;RTF1;SAMHD1;RAD52;MSH3;RNF138;HMCES;PMS2,Qk,870,GO_Molecular_Function_2023
Histone H3K9 Methyltransferase Activity (GO:0046974),4/9,0.022648572105686507,17.66743648960739,139.32740685792885,SETD5;SUV39H2;SETDB1;EHMT1,Qk,870,GO_Molecular_Function_2023
Tubulin Binding (GO:0015631),28/322,0.022648572105686507,2.1305282207895035,16.5957968312962,CEP57;FMR1;KATNB1;UXT;OPA1;TOGARAM1;TRAPPC14;MAP4;MARK4;CLASP1;CDK5RAP2;APPL1;NDEL1;ENKD1;CLASP2;MACO1;PEX14;EML3;DNM2;NISCH;CLIP1;TTLL4;HOOK2;PRC1;ALDOA;GAPDH;HDGFL3;MDM1,Qk,870,GO_Molecular_Function_2023
Histone H4K12 Acetyltransferase Activity (GO:0043997),4/10,0.025456575285904462,14.722093918398768,109.09484774069807,ING3;MEAF6;JADE1;KAT7,Qk,870,GO_Molecular_Function_2023
Histone H4K5 Acetyltransferase Activity (GO:0043995),4/10,0.025456575285904462,14.722093918398768,109.09484774069807,ING3;MEAF6;JADE1;KAT7,Qk,870,GO_Molecular_Function_2023
Histone H4K8 Acetyltransferase Activity (GO:0043996),4/10,0.025456575285904462,14.722093918398768,109.09484774069807,ING3;MEAF6;JADE1;KAT7,Qk,870,GO_Molecular_Function_2023
Methylation-Dependent Protein Binding (GO:0140034),10/68,0.02651682582105356,3.8235765838011226,27.894395515955242,ING3;ZZZ3;FMR1;MTF2;SPIN1;JMJD7;ZMYND11;MPHOSPH8;TDRD3;BPTF,Qk,870,GO_Molecular_Function_2023
GTPase Binding (GO:0051020),21/225,0.030724715475513507,2.294775860874385,16.203957779352113,CYFIP1;HACE1;SPHK2;MAPKAP1;TSC2;GCC2;CIB1;STK19;OCRL;AMBRA1;GAPVD1;CYRIB;STRN3;GGA1;AP3M1;XPO4;RRAGB;AP1G1;PEX5;ULK1;PICALM,Qk,870,GO_Molecular_Function_2023
Nuclear Thyroid Hormone Receptor Binding (GO:0046966),6/27,0.030724715475513507,6.319113756613756,44.325726536451526,MED22;NCOR1;THRAP3;NCOA3;TRIP6;BRD8,Qk,870,GO_Molecular_Function_2023
Methylated Histone Binding (GO:0035064),10/71,0.030847388175233102,3.6349599695005717,25.26274879285854,ING3;ZZZ3;FMR1;MTF2;SPIN1;JMJD7;ZMYND11;MPHOSPH8;TDRD3;BPTF,Qk,870,GO_Molecular_Function_2023
Protein Serine/Threonine Kinase Activity (GO:0004674),28/342,0.03215688020858233,1.992707687187013,13.65245064817169,PRKAA1;ARAF;STK19;IRAK1;MAP4K5;MARK4;MAP3K7;MARK3;CAMK2G;MARK2;PAK4;MAP2K6;PLK4;SRPK2;BRD2;NEK9;RIOK3;LIMK2;CDC7;VRK1;PRKAB1;CLK4;SRPK1;CDK2;RPS6KB2;ULK1;CSNK1G2;CILK1,Qk,870,GO_Molecular_Function_2023
Small GTPase Binding (GO:0031267),19/199,0.032630259493764496,2.3505026765896333,15.94234325832558,CYFIP1;HACE1;SPHK2;MAPKAP1;TSC2;GCC2;CIB1;STK19;OCRL;GAPVD1;CYRIB;STRN3;GGA1;AP3M1;XPO4;AP1G1;PEX5;ULK1;PICALM,Qk,870,GO_Molecular_Function_2023
"Catalytic Activity, Acting On A tRNA (GO:0140101)",7/39,0.03576926238167482,4.840889339513326,32.14051778506562,QTRT1;AARS2;TYW5;ALKBH1;TARS2;DUS3L;TRIT1,Qk,870,GO_Molecular_Function_2023
mRNA Binding (GO:0003729),24/282,0.03626049967496438,2.0751003353675297,13.64783666654761,FYTTD1;AQR;RBM25;MYEF2;YTHDF3;DHX9;CELF1;POLDIP3;SECISBP2;PABPC4;FMR1;PARN;HNRNPR;PUM1;FXR1;METTL14;UNK;PKM;ESRP1;IGF2BP1;RNPS1;EIF4G3;LSM14A;RBM5,Qk,870,GO_Molecular_Function_2023
MutSalpha Complex Binding (GO:0032407),3/6,0.03695263668850545,22.061130334486737,143.65159342648874,MCM8;PMS2;MUTYH,Qk,870,GO_Molecular_Function_2023
DNA Replication Origin Binding (GO:0003688),4/13,0.04363762671746031,9.813189633051065,61.72260727810627,ORC1;DHX9;DDX11;KAT7,Qk,870,GO_Molecular_Function_2023
Kinase Binding (GO:0019900),34/460,0.04363762671746031,1.7856549183458006,11.175040027402229,ATF2;DGKD;CAB39;MAPKAP1;PARN;FOXM1;UXT;IRAK1;RNF138;PDCD10;HSF1;PIP5K1A;RFFL;SPG11;CDK5RAP2;MAP2K6;MAP2K3;NEK9;PTPN1;PARP6;TCF7L2;PPP1R12A;STRADA;VRK1;RAD23A;PRKAB1;CDC25A;PTK2;DLG3;PRC1;TRIP6;TAX1BP1;TELO2;RAD9A,Qk,870,GO_Molecular_Function_2023
DNA Metabolic Process (GO:0006259),38/288,3.15838047352185e-6,3.4492307692307693,71.15387537356605,INO80E;FBH1;MCM8;FMR1;NUDT1;PDS5B;PDS5A;SAMHD1;ORC6;ORC1;NTHL1;ALKBH1;RBBP8;SMARCAD1;TOPBP1;KPNA2;NFRKB;POLE;MUTYH;TOP3B;TCF7L2;USP3;ACTR5;XRCC3;ATRX;REV1;DONSON;NOC3L;CHD1L;SMC1A;TERF2;TICRR;RAD52;RAD50;MSH3;CDK2;RAD18;RAD9A,Qk,870,GO_Biological_Process_2023
Regulation Of Organelle Organization (GO:0033043),17/100,0.0019590393001809804,4.573496800802271,61.767882261577796,SLC30A9;INO80E;SAR1A;ACTR5;MFF;PTK2;PARL;CAMSAP3;TJP1;SYDE1;CLN3;PDCD10;AKAP9;NF2;NFRKB;MARK2;ATG5,Qk,870,GO_Biological_Process_2023
DNA Repair (GO:0006281),31/291,0.00404415843393342,2.6816264784083614,33.18601147816153,FBH1;FMR1;NUDT1;CIB1;PDS5B;PDS5A;NTHL1;ALKBH1;NSD2;RBBP8;PMS2;TOPBP1;POLE;MUTYH;SLC30A9;CENPX;FANCM;USP3;ACTR5;XRCC3;ATRX;RAD23A;CHD1L;SMC1A;APTX;TICRR;RAD52;RAD50;MSH3;RAD18;RAD9A,Qk,870,GO_Biological_Process_2023
Organelle Organization (GO:0006996),39/418,0.004815924392090371,2.321928312202928,27.66111567389743,PI4K2B;CUL7;SAR1A;MAPKAP1;PITPNB;FAF2;TOR1AIP2;SNX10;CECR2;OPA1;ZMYM4;TRAPPC12;PACSIN3;MARK4;EPS15;CLASP1;CEP78;SEC31A;PAK4;CLASP2;HACE1;YTHDF3;PRPF40A;PEX2;WDR73;MCOLN1;BCS1L;PEX14;TJAP1;GAK;NSFL1C;SEC23IP;TMEM135;BIN1;PEX3;GOLGB1;CHMP2A;CHMP7;BRWD3,Qk,870,GO_Biological_Process_2023
Mitotic Recombination (GO:0006312),6/14,0.006547735921037594,16.598958333333332,184.5854616819845,RAD52;RAD50;MSH3;XRCC3;SMC6;RAD54B,Qk,870,GO_Biological_Process_2023
RNA Processing (GO:0006396),22/183,0.006547735921037594,3.0566477206140865,33.77387037362722,SRPK2;TCERG1;RNGTT;PDCD7;CELF1;FASTKD2;PABPC4;AKAP8L;WBP4;LSM1;DDX20;HNRNPR;ZCRB1;RNPC3;SRPK1;LSM6;HNRNPD;RNPS1;PPIG;HNRNPH3;SLU7;RBM5,Qk,870,GO_Biological_Process_2023
Microtubule Anchoring (GO:0034453),5/9,0.006547735921037594,27.63872832369942,303.9264557916273,CAMSAP3;GCC2;CLASP1;PEX14;CLASP2,Qk,870,GO_Biological_Process_2023
Regulation Of Cell Cycle (GO:0051726),30/298,0.006547735921037594,2.513592750533049,27.42996917732874,INTS13;INO80E;MEAF6;UHRF2;JADE1;HTRA2;FOXM1;ING3;KAT7;RPRD1B;CCNL2;BRD8;MARK4;NFRKB;KAT14;MAP2K6;PHACTR4;SRPK2;NEK9;ACTR5;TSC2;RAD23A;PUM1;RNF167;ZZZ3;MRGBP;BIN1;TADA3;MDM2;NF2,Qk,870,GO_Biological_Process_2023
Regulation Of mRNA Metabolic Process (GO:1903311),6/15,0.007591382528170413,14.753858024691358,157.08398767263108,SRPK2;SLTM;DHX9;SAFB2;SAFB;SRPK1,Qk,870,GO_Biological_Process_2023
DNA Damage Response (GO:0006974),35/384,0.009125473891447966,2.255666317794211,23.33875147081958,ATF2;FBH1;MCM8;FMR1;BRAT1;NUDT1;HTRA2;CIB1;SMC6;PDS5B;PDS5A;SAMHD1;ALKBH1;HMCES;RBBP8;TRAPPC13;TOPBP1;BID;MAP2K6;MUTYH;DDX11;USP3;XRCC3;ATRX;VRK1;CHD1L;SMC1A;USP28;TICRR;RAD50;TTC5;MSH3;FLYWCH1;RAD18;RAD9A,Qk,870,GO_Biological_Process_2023
Internal Peptidyl-Lysine Acetylation (GO:0018393),9/39,0.009125473891447966,6.655052264808362,68.29581171101466,BAG6;ATAT1;ING3;MRGBP;MEAF6;TADA3;KAT7;BRD8;KAT14,Qk,870,GO_Biological_Process_2023
Regulation Of Microtubule-Based Process (GO:0032886),9/41,0.012790615411670484,6.23845818815331,61.37143733663436,CAMSAP3;MACF1;PATJ;PRKAA1;CCNL2;MARK4;CLASP1;MARK2;CLASP2,Qk,870,GO_Biological_Process_2023
Regulation Of Embryonic Development (GO:0045995),11/62,0.013620299074709196,4.790545321737542,46.118713110456206,BAG6;INO80E;ZZZ3;ACTR5;TADA3;EHMT1;OTX2;NFRKB;CLASP1;KAT14;CLASP2,Qk,870,GO_Biological_Process_2023
Positive Regulation Of Translation (GO:0045727),15/108,0.013620299074709196,3.5912092058102245,34.50676182666518,YTHDF3;DHX9;FASTKD2;POLDIP3;FMR1;RMND1;PYM1;RCC1L;FXR1;METTL14;PKM;RPS6KB2;HNRNPD;IGF2BP1;EIF4G3,Qk,870,GO_Biological_Process_2023
Regulation Of Translation (GO:0006417),22/202,0.013620299074709196,2.731263102725367,26.019488425129953,EIF4A2;APP;CYFIP1;YTHDF3;DHX9;POLDIP3;FMR1;PYM1;CNOT10;MIF4GD;FXR1;ILF3;METTL14;ALKBH1;MTG2;HNRNPD;IGF2BP1;DUS3L;EIF4G3;LSM14A;GAPDH;METAP1,Qk,870,GO_Biological_Process_2023
DNA-templated DNA Replication Maintenance Of Fidelity (GO:0045005),9/43,0.013620299074709196,5.870875179340029,55.418704373369394,CAMSAP3;CENPX;FANCM;FBH1;MCM8;DDX11;ATRX;DONSON;POLE,Qk,870,GO_Biological_Process_2023
Establishment Of Mitotic Spindle Localization (GO:0040001),8/34,0.013620299074709196,6.81920399785829,64.14291418896826,NSFL1C;SAPCD2;FBXW11;CLASP1;CDK5RAP2;CLASP2;ENKD1;NDEL1,Qk,870,GO_Biological_Process_2023
RNA Splicing (GO:0008380),14/98,0.013620299074709196,3.7083333333333335,34.744421969111336,SRPK2;TCERG1;PDCD7;WBP4;LSM1;ZCRB1;RNPC3;SRPK1;LSM6;RNPS1;PPIG;HNRNPH3;SLU7;SRSF10,Qk,870,GO_Biological_Process_2023
Regulation Of DNA Metabolic Process (GO:0051052),16/124,0.014033158114185072,3.299852545754185,30.537698746153904,INO80E;ESCO1;MEAF6;ACTR5;JADE1;YLPM1;SMC6;TERF2;TADA3;HNRNPD;USP1;SMARCAD1;KAT7;KPNA2;NFRKB;MPHOSPH8,Qk,870,GO_Biological_Process_2023
Regulation Of mRNA Processing (GO:0050684),8/35,0.014033158114185072,6.5662971556243015,60.313211893011065,SRPK2;SLTM;DHX9;PAPOLA;SAFB2;SAFB;SRSF10;SRPK1,Qk,870,GO_Biological_Process_2023
Establishment Of Spindle Orientation (GO:0051294),8/35,0.014033158114185072,6.5662971556243015,60.313211893011065,NSFL1C;SAPCD2;FBXW11;MAP4;CLASP1;CDK5RAP2;ENKD1;NDEL1,Qk,870,GO_Biological_Process_2023
Regulation Of Cellular Component Organization (GO:0051128),18/153,0.015837513595632745,2.9726134585289516,26.80640834394276,SETD5;PTPN1;MEAF6;PRDM5;HJURP;JADE1;TSC2;MLLT3;CAMSAP3;TJP1;METTL4;PACSIN3;KAT7;CCNL2;MARK4;EBAG9;PICALM;PAK4,Qk,870,GO_Biological_Process_2023
Replication Fork Processing (GO:0031297),9/46,0.016878858854786207,5.39401073547415,47.93526433598911,RAD50;CENPX;FANCM;FBH1;DDX11;ATRX;RBBP8;DONSON;SAMHD1,Qk,870,GO_Biological_Process_2023
Positive Regulation Of Heterochromatin Formation (GO:0031453),5/13,0.016878858854786207,13.816473988439306,121.8419147354759,SETDB1;CDK2;PPHLN1;MPHOSPH8;RESF1,Qk,870,GO_Biological_Process_2023
DNA Methylation (GO:0006306),6/20,0.016878858854786207,9.482142857142858,83.32012904822385,N6AMT1;ATRX;DNMT3A;DNMT3B;METTL4;EHMT1,Qk,870,GO_Biological_Process_2023
Negative Regulation Of Microtubule Depolymerization (GO:0007026),6/20,0.016878858854786207,9.482142857142858,83.32012904822385,CKAP2;KATNB1;CIB1;CLASP1;HDGFL3;CLASP2,Qk,870,GO_Biological_Process_2023
Establishment Or Maintenance Of Epithelial Cell Apical/Basal Polarity (GO:0045197),8/40,0.029419572709089976,5.538863109048724,45.38388395340833,CAMSAP3;PATJ;DLG1;DLG3;DLG5;SYNE4;MARK2;PALS1,Qk,870,GO_Biological_Process_2023
Chromatin Organization (GO:0006325),25/268,0.029979456080451227,2.299534906372513,18.714761353287493,SUV39H2;INO80E;KDM5C;CHD6;EHMT1;DDX21;CECR2;HIRIP3;SMARCAD1;KAT7;NFRKB;BPTF;BRD2;PBRM1;KDM2B;DDX11;ACTR5;ATRX;CHD1L;SAFB;ZZZ3;NASP;MTF2;HDGFL3;EZH2,Qk,870,GO_Biological_Process_2023
Protein Lipidation (GO:0006497),10/62,0.030752269586299487,4.266100178890877,34.36560635580825,DPM1;PORCN;PGAP2;ZDHHC20;SLC30A5;PIGP;ZDHHC5;ZDHHC7;ATG7;ATG5,Qk,870,GO_Biological_Process_2023
DNA Double-Strand Break Processing (GO:0000729),5/15,0.030752269586299487,11.052023121387283,88.9030726184594,RAD52;RAD50;RNF138;RBBP8;SMARCAD1,Qk,870,GO_Biological_Process_2023
Negative Regulation Of Protein Depolymerization (GO:1901880),6/23,0.030869045827048296,7.807598039215686,62.00550807072119,CKAP2;KATNB1;CIB1;CLASP1;HDGFL3;CLASP2,Qk,870,GO_Biological_Process_2023
ESCRT III Complex Disassembly (GO:1904903),4/9,0.030869045827048296,17.66743648960739,139.32740685792885,IST1;VTA1;CHMP2A;CHMP7,Qk,870,GO_Biological_Process_2023
ESCRT Complex Disassembly (GO:1904896),4/9,0.030869045827048296,17.66743648960739,139.32740685792885,IST1;VTA1;CHMP2A;CHMP7,Qk,870,GO_Biological_Process_2023
Amino Sugar Biosynthetic Process (GO:0046349),4/9,0.030869045827048296,17.66743648960739,139.32740685792885,NANP;GNPDA1;GFPT2;UAP1,Qk,870,GO_Biological_Process_2023
Positive Regulation Of miRNA-mediated Gene Silencing (GO:2000637),4/9,0.030869045827048296,17.66743648960739,139.32740685792885,FXR1;DHX9;FMR1;PUM1,Qk,870,GO_Biological_Process_2023
mRNA Processing (GO:0006397),21/214,0.03422424534282668,2.4269759607462604,18.72957763658592,TCERG1;AQR;RNGTT;RNMT;CELF1;WBP4;PRPF40B;HNRNPR;PRPF40A;RNPC3;U2AF1L4;METTL14;LSM6;PAPOLA;RNPS1;RPRD1B;HNRNPH3;SLU7;SRSF10;RBM10;RBM5,Qk,870,GO_Biological_Process_2023
Regulation Of Cytoplasmic Translation (GO:2000765),6/24,0.03422424534282668,7.3734567901234565,56.71087951170798,PKM;UNK;DHX9;FMR1;HNRNPD;IGF2BP1,Qk,870,GO_Biological_Process_2023
Regulation Of Microtubule Depolymerization (GO:0031114),6/24,0.03422424534282668,7.3734567901234565,56.71087951170798,CKAP2;KATNB1;CIB1;CLASP1;HDGFL3;CLASP2,Qk,870,GO_Biological_Process_2023
Intracellular Steroid Hormone Receptor Signaling Pathway (GO:0030518),8/43,0.03422424534282668,5.063307921776599,38.859467426272374,KDM3A;RNF14;SRC;NCOA4;TADA3;UBE3A;ZDHHC7;SAFB,Qk,870,GO_Biological_Process_2023
Intracellular Protein Transport (GO:0006886),28/325,0.03448847351784619,2.1086718331373913,16.113860161159305,RPAIN;VPS29;RAB5C;SAR1A;STX16;VPS26C;KATNB1;ARFRP1;GGA1;IPO9;XPO4;RAB23;FAM53C;RAB28;KPNA2;SEC31A;APPL1;NUP214;STRADA;STRADB;TSC2;BCS1L;CAMSAP3;SEC23IP;CTTN;RABL3;UBAP1;SLU7,Qk,870,GO_Biological_Process_2023
Positive Regulation Of Protein Kinase Activity (GO:0045860),16/145,0.03882191981611796,2.759617304794583,20.548001016803184,MAP2K3;PTPN1;CAB39;CAB39L;STRADA;SRC;STRADB;CIB1;PTK2;VEGFA;DLG3;PDCD10;ECT2;TELO2;MARK2;EZH2,Qk,870,GO_Biological_Process_2023
Negative Regulation Of Cellular Component Organization (GO:0051129),11/79,0.03882191981611796,3.589707594329932,26.635922205380705,SCAMP5;SRC;RIOK3;PEX5;HSF1;PACSIN3;ULK1;ISL1;TERF2;DNM2;VEGFA,Qk,870,GO_Biological_Process_2023
Positive Regulation Of DNA Methylation-Dependent Heterochromatin Formation (GO:0090309),4/10,0.03882191981611796,14.722093918398768,109.09484774069807,SETDB1;PPHLN1;MPHOSPH8;RESF1,Qk,870,GO_Biological_Process_2023
Positive Regulation Of Post-Transcriptional Gene Silencing By RNA (GO:1900370),4/10,0.03882191981611796,14.722093918398768,109.09484774069807,FXR1;DHX9;FMR1;PUM1,Qk,870,GO_Biological_Process_2023
Endocytosis (GO:0006897),19/189,0.03882191981611796,2.4900808737125875,18.440462800083054,APP;DENND1B;TSC2;DNM2;EPN2;GAK;AP3M1;CLN3;DAB2;HOOK2;CTTN;BIN1;PIP5K1A;PI4KB;EPS15;CSNK1G2;PDLIM7;PICALM;REPS1,Qk,870,GO_Biological_Process_2023
Establishment Or Maintenance Of Apical/Basal Cell Polarity (GO:0035088),6/26,0.04414261991365585,6.635416666666667,47.96575547088464,PATJ;DLG1;DLG3;DLG5;MARK2;PALS1,Qk,870,GO_Biological_Process_2023
Protein Localization (GO:0008104),29/351,0.04414261991365585,2.014135789248233,14.483977000933248,CUTA;VPS29;RAB5C;SAR1A;STX16;ITSN1;VPS26C;DDX42;ARFRP1;GGA1;RAB23;NPHP1;RAB28;SEC31A;JAM3;IST1;USP4;AKTIP;TSC2;PEX14;SEC23IP;CTTN;HOOK2;RRAGB;PEX5;RABL3;ULK1;SLU7;VCL,Qk,870,GO_Biological_Process_2023
"Regulation Of mRNA Splicing, Via Spliceosome (GO:0048024)",12/94,0.04414261991365585,3.2488487122633463,23.312962297225354,FXR1;SRPK2;RBM25;CELF1;THRAP3;SFSWAP;FMR1;RNPS1;RBM7;SRSF10;RBM5;SRPK1,Qk,870,GO_Biological_Process_2023
DNA Double-Strand Break Processing Involved In Repair Via Single-Strand Annealing (GO:0010792),3/5,0.04414261991365585,33.09342560553633,237.3383239902539,RAD52;RNF138;RBBP8,Qk,870,GO_Biological_Process_2023
Double-Strand Break Repair Via Single-Strand Annealing (GO:0045002),3/5,0.04414261991365585,33.09342560553633,237.3383239902539,RAD52;RNF138;RBBP8,Qk,870,GO_Biological_Process_2023
Glycerophospholipid Biosynthetic Process (GO:0046474),13/108,0.0465268202407345,3.0394276239022293,21.577993288682574,PI4K2B;VAC14;DGKD;PCYT2;TAMM41;SLC44A2;MTMR14;OCRL;PGS1;PTDSS2;CLN3;PIP5K1A;PI4KB,Qk,870,GO_Biological_Process_2023
Intracellular Membrane-Bounded Organelle (GO:0043231),352/5175,1.6893426323970168e-19,2.015785045434641,98.67595369753963,ATF2;VPS29;TCERG1;PANK2;RTCA;ITSN1;NUDT1;EHMT1;HNRNPR;SMC6;GPATCH8;UXT;ALKBH1;FAM53C;CPNE1;UBAP2L;KAT7;CCNL2;ZFPL1;NFRKB;AGFG1;AQR;ESCO1;DDX11;SLC35C2;KNL1;JMJD7;ISL1;PRKAB1;EML3;CYP39A1;NISCH;BIN1;RRAGB;AKAP9;SRFBP1;TELO2;MEAF6;DHX9;VPS26C;UBE2J2;RNPC3;MTDH;FXR1;DHX30;RAB11FIP1;NTHL1;DPH3;PIP5K1A;RBM10;KAT14;DECR1;SEC31A;SRPK2;HACE1;SETDB1;XRCC3;CDC7;NTAN1;PTK2;SRPK1;MLLT10;STAG1;GOLGB1;TRIP6;HNRNPD;GTF2IRD1;RNPS1;CDIN1;PKIG;RAD18;RPS24;CC2D1A;EZH2;PSME3IP1;INTS11;PHF3;CEP57;RPAIN;SUV39H2;DENND1B;SETD5;INTS13;INTS14;FBH1;SETD6;ZBTB8OS;SNX10;ECSIT;MED15;N4BP2L2;ING3;ZMYM2;AIFM1;XPO4;SPIN1;CTSH;NELFB;ACADS;CTSC;GABPA;APPL1;TOP3B;GRIPAP1;BRD2;PBRM1;SPHK2;STRADA;NCOA3;PABPC4;STRADB;NCOA4;TFE3;TERF2;GAK;MED22;SLC7A5;AFTPH;NCOR1;CTTN;SLTM;MED20;MTF2;G2E3;HNRNPH3;ALDOA;SLU7;SGMS1;STX16;RNMT;ZDHHC20;CIPC;GPS1;AKAP8;DLST;ECPAS;RAD54B;GGA1;RNF138;HSF1;NSD2;USP1;METTL4;PMS2;APBB2;BRD8;SRSF10;EPS15;SRSF11;GINS1;MYEF2;PCGF5;YLPM1;RRP1B;APTX;PEX14;NUDT9;SEC23IP;TTC3;NBR1;ZYX;UBAP1;MITD1;EEF1AKMT2;MPHOSPH8;N6AMT1;DGKD;PRDM4;FMR1;PRDM5;CTNND1;JADE1;UBP1;STK19;CIB1;RPL10A;COMT;MPC2;PAPOLA;TRAPPC12;SMARCAD1;TRAPPC14;KPNA2;MAP3K7;SLC30A9;TLE1;KDM2B;IST1;FBXW11;USP4;USP3;IPMK;TSC2;VRK1;OCRL;CHD1L;PIAS2;CDC25A;THOC7;DPM1;CLIP1;ILF3;MSH3;PPIG;GEMIN8;CSNK1G2;ISCU;HDGFL3;ANKRD16;MAX;ANKRD11;MAZ;ARHGAP19;HTRA2;PDS5B;PDS5A;BCL2L12;BAG6;NPAT;IRAK1;ORC1;DEAF1;SAFB2;OTX2;RPRD1B;ECT2;ZC3H14;BPTF;OSBPL9;POU2F1;VTA1;LSM1;RFXANK;MACO1;CLK4;PALB2;SMAD5;TDRD3;NSFL1C;DAB2;DLG1;LSM6;HOOK2;APPBP2;NASP;P4HA1;TADA3;CDK2;MDM2;MAN2B1;TCF3;NF2;NIT1;BRWD3;MDM1;PICALM;RAD9A;DIDO1;KDM5C;CELF1;RNF14;MCM8;CDCA7L;AKAP8L;DDX42;CHD6;UFSP2;FOXM1;ATRAID;RESF1;SENP6;DUSP12;METTL14;AP1G1;DNMT3B;FLOT2;BUD23;TOPBP1;GUSB;RBM7;POLE;RBM5;ILKAP;SUN1;TBP;CEMIP2;ACTR5;AKTIP;ATRX;DNMT3A;PPP2R5B;RAD23A;PEX2;TRNAU1AP;SMC1A;SAFB;EPN2;SENP1;METTL22;TRAF7;TRAPPC6A;PKM;RABEP1;TFDP2;THRAP3;ESRP1;ZMYND11;GAPDH;ITGB3BP;CILK1;VAC14;PRKAA1;KDM3A;PDXK;UHRF2;POLDIP3;BRAT1;WBP4;PARN;DDX20;LENG8;KATNB1;AMBRA1;MLLT3;SAMHD1;UACA;CECR2;CLN3;NFS1;HIRIP3;MCRIP2;ATXN1L;IGF2BP1;RBBP8;REPS1;MUTYH;TCF7L2;RNGTT;PPIL2;LIMK2;DONSON;DTNBP1;MCOLN1;USP28;U2SURP;TICRR;RAD52;RAD50;PRC1;ACIN1;QRICH1;RGS12,Qk,870,GO_Cellular_Component_2023
Nucleus (GO:0005634),302/4487,3.0487687367575985e-15,1.898711864977199,73.02016561612136,ATF2;TCERG1;PANK2;RTCA;NUDT1;EHMT1;HNRNPR;SMC6;GPATCH8;UXT;ALKBH1;FAM53C;CPNE1;UBAP2L;KAT7;CCNL2;ZFPL1;NFRKB;AQR;ESCO1;DDX11;KNL1;JMJD7;ISL1;PRKAB1;EML3;BIN1;RRAGB;SRFBP1;TELO2;MEAF6;DHX9;VPS26C;UBE2J2;RNPC3;MTDH;FXR1;DHX30;NTHL1;DPH3;PIP5K1A;RBM10;KAT14;DECR1;SRPK2;HACE1;SETDB1;XRCC3;CDC7;NTAN1;PTK2;SRPK1;MLLT10;STAG1;TRIP6;HNRNPD;GTF2IRD1;RNPS1;CDIN1;PKIG;RAD18;RPS24;CC2D1A;EZH2;PSME3IP1;INTS11;PHF3;CEP57;RPAIN;SUV39H2;SETD5;INTS13;INTS14;FBH1;SETD6;ZBTB8OS;SNX10;ECSIT;MED15;N4BP2L2;ING3;ZMYM2;AIFM1;XPO4;SPIN1;NELFB;ACADS;GABPA;APPL1;TOP3B;BRD2;PBRM1;SPHK2;STRADA;NCOA3;PABPC4;STRADB;NCOA4;TFE3;TERF2;MED22;NCOR1;SLTM;MED20;MTF2;G2E3;HNRNPH3;ALDOA;SLU7;SGMS1;RNMT;CIPC;GPS1;AKAP8;DLST;ECPAS;RAD54B;RNF138;HSF1;NSD2;USP1;METTL4;PMS2;APBB2;BRD8;SRSF10;SRSF11;GINS1;MYEF2;PCGF5;YLPM1;RRP1B;APTX;PEX14;NUDT9;TTC3;ZYX;EEF1AKMT2;MPHOSPH8;N6AMT1;DGKD;PRDM4;FMR1;PRDM5;CTNND1;JADE1;UBP1;STK19;CIB1;RPL10A;MPC2;PAPOLA;TRAPPC12;SMARCAD1;KPNA2;MAP3K7;SLC30A9;TLE1;KDM2B;FBXW11;USP4;USP3;IPMK;TSC2;VRK1;OCRL;CHD1L;PIAS2;CDC25A;THOC7;DPM1;CLIP1;ILF3;MSH3;PPIG;GEMIN8;CSNK1G2;ISCU;HDGFL3;ANKRD16;MAX;ANKRD11;MAZ;HTRA2;PDS5B;PDS5A;BCL2L12;BAG6;NPAT;IRAK1;ORC1;DEAF1;SAFB2;OTX2;RPRD1B;ECT2;ZC3H14;BPTF;POU2F1;LSM1;RFXANK;MACO1;CLK4;PALB2;SMAD5;TDRD3;NSFL1C;DLG1;LSM6;APPBP2;NASP;TADA3;CDK2;MDM2;TCF3;NF2;NIT1;BRWD3;MDM1;PICALM;RAD9A;DIDO1;KDM5C;CELF1;RNF14;MCM8;CDCA7L;AKAP8L;DDX42;CHD6;UFSP2;FOXM1;RESF1;SENP6;DUSP12;METTL14;DNMT3B;BUD23;TOPBP1;RBM7;POLE;RBM5;ILKAP;TBP;ACTR5;AKTIP;ATRX;DNMT3A;PPP2R5B;RAD23A;TRNAU1AP;SMC1A;SAFB;SENP1;METTL22;PKM;TFDP2;THRAP3;ESRP1;ZMYND11;GAPDH;ITGB3BP;CILK1;PRKAA1;KDM3A;PDXK;UHRF2;POLDIP3;BRAT1;WBP4;PARN;DDX20;LENG8;KATNB1;AMBRA1;MLLT3;SAMHD1;UACA;CECR2;CLN3;NFS1;HIRIP3;MCRIP2;ATXN1L;IGF2BP1;RBBP8;MUTYH;TCF7L2;RNGTT;PPIL2;LIMK2;DONSON;DTNBP1;USP28;U2SURP;TICRR;RAD52;RAD50;PRC1;ACIN1;QRICH1;RGS12,Qk,870,GO_Cellular_Component_2023
Intracellular Non-Membrane-Bounded Organelle (GO:0043232),88/1195,8.243223743610222e-5,1.8321261814493677,25.707972136442677,RBM28;TMEM179B;CDCA7L;FMR1;PRDM5;FAF2;HJURP;HNRNPR;FOXM1;UXT;EPB41L4A;SPIN1;KAT7;LRRFIP1;BUD23;TRAPPC13;TOPBP1;RBM34;RBM7;SPG11;CDK5RAP2;SLC30A9;PPP1R12A;ESCO1;CEMIP2;SLC30A5;DDX11;VRK1;SMC1A;DDX50;MIF4GD;EML3;METTL22;TRAF7;ILF3;CTTN;SAPCD2;BIN1;WDR82;AKAP9;LDAH;GAPDH;VCL;SLC29A2;MACF1;INO80E;RAB5C;MEAF6;DHX9;EPB41;CIPC;PARN;DDX20;AKAP8;KATNB1;HTRA2;DDX21;PDS5B;AMBRA1;PDS5A;FXR1;SYCE2;HIRIP3;IRAK1;EPB41L3;ATXN1L;UTP20;ZC3H14;PLK4;SRPK2;PYM1;NOC3L;RRP1B;APTX;PTK2;SMTN;STAG1;LSM6;ZZZ3;PRC1;TTC3;TRIP6;MDM2;RGS12;CEP85;NF2;EIF4G3;MPHOSPH8,Qk,870,GO_Cellular_Component_2023
Mitotic Spindle (GO:0072686),20/143,3.0084268437516895e-4,3.6359636537541844,45.26584391530182,IQCB1;EPB41;LIMK2;CKAP2;HAUS3;CDC7;EML3;ATAT1;WRAP73;ZZZ3;NCOR1;TFDP2;TADA3;TRAPPC14;MAP4;ECT2;LSM14A;KAT14;CLASP1;CLASP2,Qk,870,GO_Cellular_Component_2023
Cytoskeleton (GO:0005856),50/599,5.162935013908866e-4,2.0637300635301434,24.117255111920066,FOXM1;UXT;EPB41L4A;SIPA1L1;MPRIP;LRRFIP1;TOPBP1;CDK5RAP2;NDC1;IQCB1;SLC30A9;PPP1R12A;CKAP2;EML3;NISCH;CLIP1;ILF3;CTTN;BIN1;MAP7D1;AKAP9;TLN2;ALDOA;GAPDH;VCL;MACF1;TMEM63B;DHX9;EPB41;DDX20;KATNB1;HTRA2;AMBRA1;ABLIM1;EPB41L3;FLNB;MARK4;PDLIM7;ENKD1;DTNBP1;SEPTIN6;PTK2;ANLN;MYO1B;SMTN;PRC1;KANSL2;TRIP6;ZYX;NF2,Qk,870,GO_Cellular_Component_2023
Spindle (GO:0005819),22/210,0.0066207092531548346,2.613935166599759,23.40162328811225,IQCB1;EPB41;LIMK2;CKAP2;HAUS3;KATNB1;CDC7;EML3;ATAT1;WRAP73;ZZZ3;NCOR1;TFDP2;PRC1;TADA3;TRAPPC14;MAP4;ECT2;LSM14A;KAT14;CLASP1;CLASP2,Qk,870,GO_Cellular_Component_2023
Cell-Cell Junction (GO:0005911),27/299,0.01115308866457642,2.2205620682436678,18.10407374947475,PATJ;CTNND1;SNAP23;FOXM1;MTDH;CDH2;EPB41L3;NPHP1;FLOT2;ECT2;PDLIM7;JAM3;PAK4;CADM1;ACTN1;LSR;VEGFA;TJP1;ILF3;DLG1;DLG3;SAPCD2;DLG5;ZYX;NF2;VCL;PALS1,Qk,870,GO_Cellular_Component_2023
Adherens Junction (GO:0005912),17/150,0.01115308866457642,2.846644747860272,23.18149498163144,CTNND1;SNAP23;VEGFA;CAMSAP3;TJP1;ILF3;DLG1;CDH2;DLG3;DLG5;ZYX;FLOT2;NF2;VCL;PDLIM7;PALS1;PAK4,Qk,870,GO_Cellular_Component_2023
Coated Vesicle (GO:0030135),11/79,0.020435981492327684,3.589707594329932,26.635922205380705,TEPSIN;DAB2;SEC23IP;AP1G1;VPS41;NUMB;OCRL;CTSC;ECPAS;SEC31A;PICALM,Qk,870,GO_Cellular_Component_2023
Nuclear Lumen (GO:0031981),53/780,0.027719634830020025,1.6421318643206013,11.511142276416289,RBM28;TMEM179B;CDCA7L;FMR1;PRDM5;HJURP;HNRNPR;SPIN1;KAT7;BUD23;RBM34;RBM7;SPG11;PBRM1;PPP1R12A;CEMIP2;SLC30A5;DDX11;VRK1;DDX50;MIF4GD;METTL22;TRAF7;ILF3;SAPCD2;WDR82;SLC29A2;INO80E;MEAF6;DHX9;CIPC;PARN;AKAP8;DDX21;FXR1;HIRIP3;ATXN1L;UTP20;ZC3H14;PLK4;SRPK2;PYM1;NOC3L;RRP1B;APTX;LSM6;ZZZ3;TTC3;MDM2;RGS12;CEP85;NF2;MPHOSPH8,Qk,870,GO_Cellular_Component_2023
Nucleolus (GO:0005730),52/771,0.03304638513585883,1.6277905675840187,10.969347864212702,RBM28;TMEM179B;CDCA7L;FMR1;PRDM5;HJURP;HNRNPR;SPIN1;KAT7;BUD23;RBM34;RBM7;SPG11;PPP1R12A;CEMIP2;SLC30A5;DDX11;VRK1;DDX50;MIF4GD;METTL22;TRAF7;ILF3;SAPCD2;WDR82;SLC29A2;INO80E;MEAF6;DHX9;CIPC;PARN;AKAP8;DDX21;FXR1;HIRIP3;ATXN1L;UTP20;ZC3H14;PLK4;SRPK2;PYM1;NOC3L;RRP1B;APTX;LSM6;ZZZ3;TTC3;MDM2;RGS12;CEP85;NF2;MPHOSPH8,Qk,870,GO_Cellular_Component_2023
Focal Adhesion (GO:0005925),30/387,0.04315844115200973,1.8780512204881952,11.991015904072418,CYFIP1;SRC;STX16;SNAP23;RPL10A;SLC9A3R2;MPRIP;CDH2;PIP5K1A;FLOT2;FLNB;MPZL1;CLASP1;PDLIM7;PAK4;CLASP2;PPP1R12A;ACTN1;PTK2;DNM2;SENP1;FERMT1;DAB2;CTTN;TRIP6;ZYX;NUMB;KRAS;TLN2;VCL,Qk,870,GO_Cellular_Component_2023
ATAC Complex (GO:0140672),4/13,0.04381138453933138,9.813189633051065,61.72260727810627,ZZZ3;TADA3;MAP3K7;KAT14,Qk,870,GO_Cellular_Component_2023
GTPase Binding (GO:0051020),36/225,3.4337449765719316e-7,3.716854376605414,78.99293581729711,USP6NL;GARRE1;DENND5B;ARHGAP1;CIB1;STK19;ENO1;AMBRA1;C9ORF72;RASIP1;STRN3;AKAP13;GGA1;AP3M1;GOLGA4;KIF3A;AP1G1;ANKFY1;KNTC1;ERC1;DNM1L;RAB11FIP3;EVI5;HACE1;ANKRD27;PLEKHG2;SPHK2;TSC2;GAPVD1;LSM2;ABI2;SGSM2;PEX5;RAB3GAP2;PKN1;DOCK1,Rbm24,1000,GO_Molecular_Function_2023
Small GTPase Binding (GO:0031267),33/199,3.4877848189830197e-7,3.8718804899016956,79.54340496577223,USP6NL;GARRE1;DENND5B;ARHGAP1;CIB1;STK19;C9ORF72;STRN3;AKAP13;GGA1;AP3M1;GOLGA4;KIF3A;AP1G1;ANKFY1;KNTC1;ERC1;DNM1L;RAB11FIP3;EVI5;HACE1;ANKRD27;PLEKHG2;SPHK2;TSC2;GAPVD1;LSM2;ABI2;SGSM2;PEX5;RAB3GAP2;PKN1;DOCK1,Rbm24,1000,GO_Molecular_Function_2023
Nuclear Receptor Binding (GO:0016922),18/115,0.00305963199045185,3.572070464232473,39.503654188507866,SMARCE1;MED1;TCF7L2;KDM3A;KDM4C;RNF14;WBP2;GTF2H1;ISL1;MED22;MED14;NCOR1;TADA3;MMS19;TRIP12;BRD8;PKN1;TACC2,Rbm24,1000,GO_Molecular_Function_2023
Methylation-Dependent Protein Binding (GO:0140034),13/68,0.00398304992543262,4.536888643271622,47.671812312409955,KMT2E;MORC3;FMR1;NCAPG2;JMJD7;ING1;PHF20L1;ING3;ZZZ3;MTF2;NCAPD3;ZMYND11;BPTF,Rbm24,1000,GO_Molecular_Function_2023
Protein Serine/Threonine Kinase Activity (GO:0004674),35/342,0.005547177553258913,2.2084184233177497,21.8835397876548,STK19;IKBKB;AKT2;CHEK2;STK16;PHKG2;TLK2;TLK1;MARK4;MAP3K7;MARK3;MARK2;MAP2K6;SRPK2;NEK9;CHUK;CDC7;VRK1;PASK;PRKAB1;CLK4;ACVR2A;MAPK12;CIT;CLK2;CLK1;BCKDK;MELK;RPS6KB2;SIK3;MAPKAPK5;SIK2;PKN1;CSNK1G2;CAMK1G,Rbm24,1000,GO_Molecular_Function_2023
GTPase Activator Activity (GO:0005096),25/211,0.005547177553258913,2.5936035290874,25.341824503684382,USP6NL;TBC1D9B;FAM13B;NPRL3;ARHGAP1;AGAP1;ARHGAP17;ASAP1;SYDE1;SH3BP1;CHN1;TBC1D14;BRD8;ECT2;DNM1L;EVI5;RANBP3;RALGAPA1;STARD8;TSC2;RP2;SGSM2;RGS12;DEPDC5;DOCK1,Rbm24,1000,GO_Molecular_Function_2023
Ubiquitin-Like Protein Transferase Activity (GO:0019787),27/240,0.006040832470551433,2.4475341256170116,23.32864823633991,MARCHF2;RNF14;MGRN1;CUL3;KLHL13;ZNRF1;RNF115;ARIH2;MARCHF8;ARIH1;TRIM21;TRIM23;UBE2F;HACE1;FBXW11;HUWE1;CHFR;RNF146;ITCH;TTC3;MDM2;ERCC8;MDM4;BIRC6;BCOR;TRIM11;BIRC2,Rbm24,1000,GO_Molecular_Function_2023
Methylated Histone Binding (GO:0035064),12/71,0.013908642220446472,3.899197145405888,33.392687444390724,KMT2E;MORC3;ING3;ZZZ3;FMR1;NCAPG2;MTF2;NCAPD3;JMJD7;ZMYND11;ING1;BPTF,Rbm24,1000,GO_Molecular_Function_2023
GTPase Regulator Activity (GO:0030695),38/424,0.024778821560302772,1.9048506457832883,14.988752696167623,USP6NL;DENND1C;TBC1D9B;FAM13B;DENND5B;ITSN1;NPRL3;ARHGAP1;AGAP1;ARHGAP17;ASAP1;C9ORF72;RCBTB2;GNA13;AKAP13;SYDE1;HERC2;SH3BP1;CHN1;TBC1D14;BRD8;DNM1L;ECT2;EVI5;ANKRD27;PLEKHG2;RANBP3;RALGAPA1;STARD8;TSC2;GAPVD1;RP2;SGSM2;RAB3GAP2;RGS12;DEPDC5;RGL2;DOCK1,Rbm24,1000,GO_Molecular_Function_2023
Ubiquitin-Protein Transferase Activity (GO:0004842),37/412,0.025450318797991756,1.9082727587400485,14.763598561686129,MARCHF2;RNF14;MGRN1;CUL3;UBR1;KLHL13;UBE2J1;ZNRF1;RNF115;HERC2;RNF215;RNF138;ARIH2;MARCHF8;TRIM26;ARIH1;TRIM21;TRIM23;HACE1;RING1;FBXW11;FBXO17;MSL2;HUWE1;CHFR;RNF146;ITCH;TTC3;MDM2;ERCC8;MDM4;BIRC6;TRIP12;BCOR;RNF185;BIRC2;TRIM11,Rbm24,1000,GO_Molecular_Function_2023
Protein Phosphorylation (GO:0006468),53/500,6.315423970660425e-4,2.3229106869922442,35.724118277310644,ATF2;CCNT1;STK19;IKBKB;AKT2;CHEK2;STK16;TLK2;TLK1;ERC1;MAP3K7;PDK1;MORC3;TBP;CHUK;STRADA;STRADB;VRK1;PASK;ATG13;PRKAB1;MELK;CREB1;KIT;SIK3;MAPKAPK5;BIRC6;SIK2;CSNK1G2;CAMK1G;USP15;SRC;CLSPN;MARK4;MARK3;MARK2;SRPK2;UVRAG;CDC7;CLK4;PTK2;ACVR2A;MAPK12;CLK2;BCKDK;CLK1;ABI2;TAF8;COQ8B;PKN1;FGFR3;FGFR2;TAF2,Rbm24,1000,GO_Biological_Process_2023
Mitotic Sister Chromatid Segregation (GO:0000070),20/111,8.399579193734029e-4,4.240636914106302,61.068132850494386,CUL3;AKAP8L;NCAPG2;SPICE1;KIF23;WAPL;EML4;WRAP73;STAG1;PRC1;CHEK2;NUSAP1;KNTC1;KMT5A;NCAPD3;PIBF1;LSM14A;CLASP1;DIS3L2;CLASP2,Rbm24,1000,GO_Biological_Process_2023
Chromatin Remodeling (GO:0006338),30/228,0.0012709171732153098,2.936894720399875,39.88623414969323,HDAC5;INO80E;KDM5C;USP15;PAXIP1;HP1BP3;CHD6;BAZ2B;CECR2;HPF1;KAT5;MIER1;SMARCAD1;BPTF;KDM6A;SRPK2;SMARCE1;SMARCC2;KDM4C;RING1;KDM2B;PCGF2;ACTR5;ATRX;SIRT2;UCHL5;GATAD2A;MTF2;TRIP12;BCOR,Rbm24,1000,GO_Biological_Process_2023
DNA Repair (GO:0006281),33/291,0.007667881775255232,2.479040908107068,28.499320131606346,FMR1;PNKP;CIB1;ENDOV;HPF1;KAT5;EME2;CHEK2;NSD2;EP400;RBBP8;PMS2;POLI;KMT5B;MUTYH;UVRAG;SLC30A9;FANCM;ACTR5;XRCC3;ATRX;HUWE1;GTF2H1;RAD23A;FANCE;APTX;INIP;FANCG;RAD52;POLA1;MSH3;ERCC8;MMS19,Rbm24,1000,GO_Biological_Process_2023
Stress Granule Assembly (GO:0034063),8/24,0.00822351903056282,9.568548387096774,107.19650377013805,TIA1;YTHDF3;FMR1;CIRBP;PRRC2C;UBAP2L;C9ORF72;LSM14A,Rbm24,1000,GO_Biological_Process_2023
Regulation Of Chromatin Organization (GO:1902275),8/27,0.018092224430558867,8.056451612903226,82.43522646854552,SETD5;KANSL1;PHF20;TLK2;MSL2;TLK1;MKI67;MLLT3,Rbm24,1000,GO_Biological_Process_2023
Mitotic Spindle Assembly (GO:0090307),10/44,0.021093748066767927,5.634581105169341,55.920710996573675,WRAP73;STAG1;PRC1;CHEK2;SPICE1;KIF23;PIBF1;LSM14A;CLASP1;CLASP2,Rbm24,1000,GO_Biological_Process_2023
Phosphorylation (GO:0016310),41/429,0.02141793730595915,2.0508153897423216,20.048303056394943,PANK2;DGKD;CCNT1;STK19;IKBKB;RPTOR;CHEK2;TLK2;TLK1;MARK4;MARK3;MARK2;PDK1;SRPK2;UVRAG;MORC3;TBP;CHUK;SPHK2;STRADA;STRADB;VRK1;PASK;ATG13;PRKAB1;PTK2;ACVR2A;CLK2;BCKDK;MELK;CREB1;SIK3;PI4KA;TAF8;COQ8B;BIRC6;PKN1;SIK2;DGKK;CSNK1G2;TAF2,Rbm24,1000,GO_Biological_Process_2023
Protein Ubiquitination (GO:0016567),41/434,0.022810650782756157,2.0241796612777834,19.264713920981855,MARCHF2;CBFB;RNF14;MGRN1;CUL3;UBR1;AMBRA1;KLHL13;DDA1;UBE2J1;ANKRD9;RNF115;HERC2;TNKS2;RNF138;RUSC1;ARIH2;MARCHF8;TRIM26;ARIH1;TRIM21;TRIM23;HACE1;ARRDC1;FBXW11;MSL2;HUWE1;FANCE;FANCG;CHFR;RNF146;UBOX5;ITCH;MDM2;ERCC8;MDM4;BIRC6;TRIP12;RNF185;BIRC2;TRIM11,Rbm24,1000,GO_Biological_Process_2023
Regulation Of DNA Repair (GO:0006282),18/129,0.022810650782756157,3.119227170143667,29.600309698860368,SMARCE1;INO80E;SMARCC2;TMEM161A;MEAF6;EYA2;ACTR5;UCHL5;RAD52;ING3;KAT5;PPP4R2;TADA3;EP400;USP1;TRIP12;BRD8;TAF2,Rbm24,1000,GO_Biological_Process_2023
Vesicle-Mediated Transport (GO:0016192),39/411,0.025253377868345965,2.0321909301466885,18.72761056274007,USP6NL;DENND1C;ZFYVE9;MGRN1;STX16;GOSR2;ITSN1;ARHGAP1;C9ORF72;AP3M1;CECR2;GOLGA4;HMGXB4;AP5M1;AP1G1;FHIP1B;CPNE1;ANKFY1;ATP6V1H;RAB11FIP3;TRIM23;RAB2B;UVRAG;STX8;EXOC6B;TSC2;SCRIB;EPS15L1;EPN1;EPN2;BIN3;HOOK2;BIN1;DNAJC5;RAB13;SPIRE1;VPS45;OSBPL1A;CSNK1G2,Rbm24,1000,GO_Biological_Process_2023
Internal Peptidyl-Lysine Acetylation (GO:0018393),9/39,0.025253377868345965,5.74268415741675,52.741590235370246,BAG6;ATAT1;PHF20L1;ING3;MEAF6;KAT5;TADA3;EP400;BRD8,Rbm24,1000,GO_Biological_Process_2023
DNA Damage Response (GO:0006974),37/384,0.025253377868345965,2.0653547242197625,18.84746212854608,ATF2;FMR1;PNKP;HTRA2;CIB1;RPTOR;ENDOV;HPF1;HERC2;KAT5;CHEK2;EP400;TLK2;RBBP8;POLI;KMT5B;BID;MAP2K6;MUTYH;UVRAG;SLF2;DDX11;XRCC3;ATRX;GTF2H1;VRK1;ZDHHC16;USP28;INIP;FANCG;MAPK12;POLA1;MSH3;ERCC8;MMS19;TRIP12;FLYWCH1,Rbm24,1000,GO_Biological_Process_2023
DNA Metabolic Process (GO:0006259),30/288,0.02630847280922749,2.246703428434428,20.243906932983958,INO80E;FMR1;PNKP;ENDOV;HPF1;CBS;EP400;RBBP8;SMARCAD1;POLI;KMT5B;MUTYH;TOP3B;UVRAG;TCF7L2;ACTR5;XRCC3;TOP3A;ATRX;REV1;LTO1;GTF2H1;TERF2;UCHL5;INIP;FANCG;RAD52;POLA1;MSH3;MMS19,Rbm24,1000,GO_Biological_Process_2023
Protein Polyubiquitination (GO:0000209),25/226,0.03257337196022053,2.3981375175405026,20.778136996127365,CBFB;RNF14;CUL3;UBE2J1;DDA1;ZNRF1;RNF115;TNKS2;RUSC1;ARIH2;MARCHF8;ARIH1;TRIM21;HACE1;FBXW11;HUWE1;RNF146;ITCH;UBOX5;TTC3;MDM2;ERCC8;TRIP12;RNF185;BIRC2,Rbm24,1000,GO_Biological_Process_2023
Protein Modification Process (GO:0036211),58/711,0.03257337196022053,1.7299317538195427,14.987018345085577,SETD3;CCNT1;STK19;CDC14B;IKBKB;PPP4R2;AKT2;CHEK2;TLK2;TLK1;ILKAP;PDK1;MORC3;PPP1R12A;TBP;CHUK;STRADA;FBXW11;STRADB;PPP2R5B;ALG3;VRK1;PASK;JMJD7;ATG13;PRKAB1;MELK;CREB1;SIK3;BIRC6;SIK2;CSNK1G2;MEAF6;PPM1M;FUT10;PORCN;ST3GAL5;MARK4;ATG7;MARK3;MARK2;ST3GAL3;B3GALNT2;SRPK2;UBE2F;UVRAG;PTPN1;ICMT;PTPN12;PTPN13;PTK2;ACVR2A;CLK2;BCKDK;TAF8;COQ8B;PKN1;TAF2,Rbm24,1000,GO_Biological_Process_2023
Cilium Organization (GO:0044782),25/228,0.0347552234037743,2.374257925982064,20.243752973628144,C2CD3;DYNLT2B;CEP164;ASAP1;CDC14B;ABLIM1;TBC1D31;ARL13B;KIF3A;WDR90;TOGARAM1;TRAPPC14;MAP4;MARK4;IFT57;PIBF1;RAB8B;RFX3;IFT122;CPLANE1;ATAT1;IFT81;RP2;MKS1;CEP20,Rbm24,1000,GO_Biological_Process_2023
Regulation Of Cell Cycle (GO:0051726),30/298,0.0347552234037743,2.1617171872595784,18.177969214790657,INO80E;MEAF6;HTRA2;ING3;KAT5;AKT2;FIGNL1;EP400;RPRD1B;BRD8;MARK4;TRIM21;MAP2K6;PHACTR4;SRPK2;NEK9;ACTR5;TSC2;RAD23A;PUM1;SIRT2;UCHL5;MAPK12;ZZZ3;BIN1;TADA3;MDM2;NF2;FGFR2;BIRC2,Rbm24,1000,GO_Biological_Process_2023
Regulation Of Embryonic Development (GO:0045995),11/62,0.0347552234037743,4.1324966791570015,34.707882802887966,BAG6;INO80E;ZZZ3;ACTR5;TADA3;DAG1;TRIP12;PHLDB2;UCHL5;CLASP1;CLASP2,Rbm24,1000,GO_Biological_Process_2023
Regulation Of Cell Division (GO:0051302),13/83,0.0347552234037743,3.5618758141554494,29.832062957924826,UVRAG;CIB1;KLHL13;MLLT3;SIRT2;ZZZ3;PRC1;CSPP1;TADA3;BIRC6;ENTR1;RAB11FIP3;FGFR2,Rbm24,1000,GO_Biological_Process_2023
Positive Regulation Of Double-Strand Break Repair (GO:2000781),13/84,0.03570435870266219,3.5115230389428773,28.981699990889492,SMARCE1;SMARCC2;SLF2;MEAF6;DDX11;PNKP;ING3;KAT5;EP400;SPIRE1;KMT5B;MMS19;BRD8,Rbm24,1000,GO_Biological_Process_2023
Positive Regulation Of Cell Cycle Process (GO:0090068),16/118,0.03570435870266219,3.012593655348318,24.86331737694636,DDX11;CUL3;XRCC3;NCAPG2;ATRX;WIZ;CDC7;KIF23;SIRT2;CDC14B;CIT;CSPP1;NUSAP1;SASS6;NCAPD3;ECT2,Rbm24,1000,GO_Biological_Process_2023
Intracellular Membrane-Bounded Organelle (GO:0043231),355/5175,9.097097231608069e-10,1.6191900672263502,42.89987307043948,PANK4;ATF2;PANK2;HDAC10;ZFYVE9;ITSN1;DCAF8;ENO1;RBPJ;MKI67;HERC2;PPP4R2;KAT5;AKT2;CHEK2;CPNE1;DAG1;ANKFY1;UBAP2L;TRIM21;MED1;ESCO1;DDX11;DNTTIP1;CIRBP;RFX3;RFX1;ARMC8;PASK;JMJD7;ISL1;PRKAB1;MED7;NISCH;BIN1;AKAP9;NSMF;SIK2;PAXIP1;MEAF6;SRCAP;DCUN1D1;DCUN1D2;BAZ2B;C9ORF72;UBE2J1;MTDH;FXR1;DHX30;RAB11FIP1;PCBP3;FIGNL1;MIER1;DPH3;VTI1A;PIP5K1A;RAB11FIP3;LYAR;SEC31A;CTSA;SRPK2;ZRANB1;HACE1;TIPARP;DDIAS;STK11IP;XRCC3;INTS2;UPF3B;TMEM192;CDC7;MEMO1;NTAN1;PRDX6;PTK2;WAPL;MLLT10;POLA1;STAG1;GOLGB1;GTF2IRD1;MMS19;RNPS1;PKIG;DENND1C;PHF3;CEP57;RPAIN;SETD5;SLC35F6;SETD6;NCAPG2;TDRP;ZBTB8OS;MED15;ING1;SMG6;MED14;ING3;ZMYM2;ARIH2;CTSH;UBXN7;ARIH1;GABPA;APPL1;TOP3B;GRIPAP1;WDR37;RING1;SPHK2;STRADA;PABPC4;STRADB;TOP3A;TFE3;KIF23;TERF2;SIRT2;UCHL5;SIRT3;MED22;GCFC2;AFTPH;NCOR1;MTF2;ALDOA;SLU7;STX16;CIPC;AKAP8;CENPA;ECPAS;GGA1;ARVCF;FAM172A;RNF138;NSD2;USP1;PMS2;BRD8;TBL1X;APBB3;SRSF11;NKTR;EVC2;CASP8AP2;SLF2;RANBP3;ATAD5;PCGF5;PCGF2;HUWE1;APTX;GATAD2A;RNF146;SEC23IP;ITCH;TTC3;TRIP12;PKN1;SCARB1;DBR1;DGKD;CCNT1;FMR1;PRDM5;CTNND1;FAM107A;UBP1;STK19;PRDM2;CIB1;VIRMA;CDC14B;RBMX2;PAPOLA;SMARCAD1;KMT5B;KNTC1;TRAPPC14;KMT5A;MAP3K7;NEPRO;GTF2I;MORC3;SLC30A9;BORA;TLE1;KDM2B;FBXW11;RALGAPA1;PUS1;IPMK;TSC2;VRK1;CFAP410;THOC7;INIP;MOB3A;ALDH3A2;MSH3;MAPKAPK5;WDFY2;GEMIN8;CSNK1G2;KMT2E;ANKRD16;CUL3;PSEN2;HTRA2;GPATCH2L;BAG6;SBNO1;YBEY;SAFB2;CAMTA1;TBC1D14;RPRD1B;CLSPN;ECT2;PIBF1;BPTF;UBE2F;OSBPL9;TIA1;CPSF7;ANKRD27;POU2F1;BRPF3;CCDC137;LTO1;RFXANK;DNAJC13;MACO1;FANCE;CLK4;AZIN1;CLK2;LSM2;CLK1;UBOX5;DAB2;DLG1;HOOK2;CNOT2;TADA3;MDM2;MDM4;TCF4;NF2;OSBPL1A;MYD88;FGFR2;MDM1;EIF4G1;DIDO1;KDM5C;RNF14;AKAP8L;HP1BP3;CEP164;DDX42;CHD6;UFSP2;RESF1;SENP6;HPF1;AP1G1;PPP6R3;TLK2;TLK1;DNM1L;YAF2;RBM5;ILKAP;KDM6A;SUN1;TBP;DST;ACTR5;ATRX;MSL2;PPP2R5B;RAD23A;TRNAU1AP;ETV4;PTBP2;EPN2;SENP1;ELF2;CREB1;PKM;TFDP2;DNAJC5;SPOPL;BIRC6;DNAJC8;ZMYND11;GAPDH;BIRC2;ITGB3BP;HDAC5;RBM47;KDM3A;USP15;MVK;PPM1M;MGRN1;NAA20;WBP2;PNKP;MOSPD1;WIZ;AMBRA1;MLLT3;CLCN3;UACA;GNA13;CECR2;ZNRF1;SH3BP1;TNKS2;CBS;FAM241B;RSBN1L;RBBP8;DRAM2;MUTYH;SMARCE1;TCF7L2;TAF15;KDM4C;EYA2;SMOX;SWT1;TPRKB;EXOG;PTPN12;MCOLN1;PTPN13;USP28;CHFR;MAPK12;RAD52;KANSL1;PRC1;DOLPP1;TAF8;ERCC8;NAA16;RGS12;BCOR;TAF2;SSBP4,Rbm24,1000,GO_Cellular_Component_2023
Nucleus (GO:0005634),306/4487,7.720780868504491e-8,1.5627902264050284,33.38178037201128,PANK4;ATF2;PANK2;HDAC10;DCAF8;ENO1;RBPJ;MKI67;HERC2;PPP4R2;KAT5;AKT2;CHEK2;CPNE1;UBAP2L;TRIM21;MED1;ESCO1;DDX11;DNTTIP1;CIRBP;RFX3;ARMC8;PASK;JMJD7;ISL1;PRKAB1;MED7;BIN1;NSMF;SIK2;PAXIP1;MEAF6;SRCAP;DCUN1D1;DCUN1D2;BAZ2B;C9ORF72;UBE2J1;MTDH;FXR1;DHX30;PCBP3;FIGNL1;MIER1;DPH3;PIP5K1A;LYAR;SRPK2;ZRANB1;HACE1;TIPARP;DDIAS;XRCC3;INTS2;UPF3B;TMEM192;CDC7;MEMO1;NTAN1;PRDX6;PTK2;WAPL;MLLT10;POLA1;STAG1;GTF2IRD1;MMS19;RNPS1;PKIG;PHF3;CEP57;RPAIN;SETD5;SETD6;NCAPG2;TDRP;ZBTB8OS;MED15;ING1;SMG6;MED14;ING3;ZMYM2;ARIH2;UBXN7;ARIH1;GABPA;APPL1;TOP3B;WDR37;RING1;SPHK2;STRADA;PABPC4;STRADB;TOP3A;TFE3;KIF23;TERF2;SIRT2;UCHL5;SIRT3;MED22;GCFC2;NCOR1;MTF2;ALDOA;SLU7;CIPC;AKAP8;CENPA;ECPAS;ARVCF;FAM172A;RNF138;NSD2;USP1;PMS2;BRD8;TBL1X;APBB3;SRSF11;NKTR;EVC2;CASP8AP2;SLF2;RANBP3;ATAD5;PCGF5;PCGF2;HUWE1;APTX;GATAD2A;RNF146;TTC3;TRIP12;PKN1;DBR1;DGKD;CCNT1;FMR1;PRDM5;CTNND1;FAM107A;UBP1;STK19;PRDM2;CIB1;VIRMA;CDC14B;RBMX2;PAPOLA;SMARCAD1;KMT5B;KNTC1;KMT5A;MAP3K7;NEPRO;GTF2I;MORC3;SLC30A9;BORA;TLE1;KDM2B;FBXW11;RALGAPA1;PUS1;IPMK;TSC2;VRK1;THOC7;INIP;MOB3A;MSH3;MAPKAPK5;GEMIN8;CSNK1G2;KMT2E;ANKRD16;CUL3;PSEN2;HTRA2;GPATCH2L;BAG6;SBNO1;YBEY;SAFB2;CAMTA1;RPRD1B;CLSPN;ECT2;PIBF1;BPTF;UBE2F;TIA1;CPSF7;POU2F1;BRPF3;CCDC137;LTO1;RFXANK;MACO1;FANCE;CLK4;AZIN1;CLK2;LSM2;CLK1;UBOX5;DLG1;CNOT2;TADA3;MDM2;MDM4;TCF4;NF2;MYD88;FGFR2;MDM1;EIF4G1;DIDO1;KDM5C;RNF14;AKAP8L;HP1BP3;DDX42;CHD6;UFSP2;RESF1;SENP6;HPF1;PPP6R3;TLK2;TLK1;YAF2;RBM5;ILKAP;KDM6A;TBP;DST;ACTR5;ATRX;MSL2;PPP2R5B;RAD23A;TRNAU1AP;ETV4;PTBP2;SENP1;ELF2;CREB1;PKM;TFDP2;SPOPL;BIRC6;DNAJC8;ZMYND11;GAPDH;BIRC2;ITGB3BP;HDAC5;RBM47;KDM3A;USP15;PPM1M;MGRN1;NAA20;WBP2;PNKP;MOSPD1;WIZ;AMBRA1;MLLT3;UACA;GNA13;CECR2;SH3BP1;TNKS2;CBS;RSBN1L;RBBP8;MUTYH;SMARCE1;TCF7L2;TAF15;KDM4C;EYA2;SWT1;TPRKB;EXOG;PTPN12;PTPN13;USP28;CHFR;MAPK12;RAD52;KANSL1;PRC1;TAF8;ERCC8;NAA16;RGS12;BCOR;TAF2;SSBP4,Rbm24,1000,GO_Cellular_Component_2023
Mitotic Spindle (GO:0072686),22/143,2.4327356094157912e-4,3.509760178471835,45.274030322241835,CUL3;CDC7;KIF23;WAPL;HAUS2;SIRT2;CDC14B;EML4;ATAT1;WRAP73;ZZZ3;NCOR1;TFDP2;TADA3;NUSAP1;TRAPPC14;MAP4;TBL1X;ECT2;LSM14A;CLASP1;CLASP2,Rbm24,1000,GO_Cellular_Component_2023
Spindle (GO:0005819),26/210,0.0011196769139309001,2.72975627176145,29.673222309043947,CUL3;CDC14B;KIF3A;CSPP1;NUSAP1;TRAPPC14;MAP4;TBL1X;ECT2;CLASP1;CLASP2;SPICE1;CDC7;KIF23;WAPL;SIRT2;EML4;ATAT1;WRAP73;ZZZ3;NCOR1;TFDP2;PRC1;TADA3;MMS19;LSM14A,Rbm24,1000,GO_Cellular_Component_2023
INO80-type Complex (GO:0097346),8/25,0.0011196769139309001,9.005218216318786,97.8149593808557,INO80E;ING3;SRCAP;KAT5;ACTR5;EP400;BRD8;UCHL5,Rbm24,1000,GO_Cellular_Component_2023
Swr1 Complex (GO:0000812),5/12,0.0088793329149685,13.634601579325198,117.38060104686151,ING3;KAT5;SRCAP;EP400;BRD8,Rbm24,1000,GO_Cellular_Component_2023
trans-Golgi Network (GO:0005802),25/241,0.01927234381137489,2.2298195631528963,17.124853312467682,USP6NL;PI4K2B;STX16;PCSK7;ATP2C1;ECPAS;TEPSIN;GGA1;GOLGA4;AP1G1;VTI1A;ARFIP1;PLEKHJ1;CLASP2;STX8;COG2;TRAPPC9;PHETA1;TJAP1;HOOK2;SLC9A8;RAB13;RELCH;BIRC6;LGR5,Rbm24,1000,GO_Cellular_Component_2023
Nuclear Chromosome (GO:0000228),13/95,0.031963197632605925,3.0386981985321375,21.393901102400164,SMARCE1;INO80E;SRCAP;ACTR5;NCAPG2;UCHL5;ING3;KAT5;FIGNL1;EP400;RGS12;BRD8;NCAPD3,Rbm24,1000,GO_Cellular_Component_2023
Cytoplasmic Stress Granule (GO:0010494),11/76,0.043566814194610747,3.240024889165435,21.426248257441664,RPTOR;FXR1;TIA1;YTHDF3;FMR1;PABPC4;CIRBP;PUM1;C9ORF72;LSM14A;EIF4G1,Rbm24,1000,GO_Cellular_Component_2023
Early Endosome (GO:0005769),28/307,0.048015535943144755,1.93293213564022,12.390866933416834,PI4K2B;ZFYVE9;MGRN1;SNX13;CLCN3;ECPAS;GGA1;AP3M1;RUSC1;AP1G1;RPS6KC1;MARCHF8;ANKFY1;ENTR1;APPL1;PLEKHJ1;UVRAG;PTPN1;MON2;ANKRD27;MMGT1;STX8;DNAJC13;PHETA1;ITCH;WDFY2;NF2;ATP13A3,Rbm24,1000,GO_Cellular_Component_2023
RNA Binding (GO:0003723),123/1411,2.4243840007830138e-6,1.8638759203652668,35.98521874012141,EIF4A2;FMR1;SPPL2B;MSI1;RPL10A;GPATCH8;TIAL1;FBRSL1;UBAP2L;RARS2;TYW5;DDX11;PUS1;ALG13;ACTN4;LARP4B;GTPBP1;SRSF4;PPIG;SREK1;DUS3L;MACF1;AARS2;YTHDC1;ZCCHC9;RTF1;RCC1L;MTDH;RRP7A;FXR1;DHX30;RNASEH1;HNRNPDL;PCBP3;PCBP2;G3BP2;DHX37;SAFB2;UTP20;MAP4;ZC3H13;MARK2;SRPK2;TIA1;UBE2I;ZRANB2;RBPMS;UPF3B;PRRC2C;HELZ;LSM4;SNUPN;PRRC2B;LSM2;CHERP;SRPK1;HNRNPM;GOLGB1;LSM14A;SUGP2;EIF4G1;RBM25;PINX1;DDX42;BRCA1;ZCCHC17;YBX3;RPGR;FARS2;RBM4;SART3;MRPL9;LRRFIP1;RBM34;RBM6;TOP3B;DDX59;RBM18;PRPF40B;DARS2;TRNAU1AP;SAFB;PATL1;UCHL5;DUS2;SARS2;PKM;SLTM;NOA1;HNRNPH1;RBMS1;HNRNPH2;EIF4E2;RBM47;STAU1;ROCK2;POLDIP3;AKAP8;UNK;TCOF1;FIP1L1;PES1;FLNA;FLNB;RALY;SMNDC1;PTPN1;RBM39;TRMT10B;MYEF2;YTHDF3;KRR1;YLPM1;RSRC2;APTX;KTN1;NAP1L4;SEC23IP;ZNFX1;TNIP1;ZYX;ACIN1;TNRC6A,Rpl22l1,1029,GO_Molecular_Function_2023
Ubiquitin-Like Protein Transferase Activity (GO:0019787),33/240,7.560163939346941e-5,3.003375822129096,45.57206048813529,CUL5;RNF14;MGRN1;UBE3A;BRCA1;CBL;RMND5B;MARCHF8;BTRC;ATG5;BRAP;UBE2F;UBE2H;AREL1;UBE2I;FBXW11;RNF25;NSMCE2;WWP1;CHFR;RNF146;TRAF7;ITCH;ATG16L1;TTC3;MDM2;UBA3;MDM4;RBCK1;BCOR;TRIM11;BIRC2;TRIM33,Rpl22l1,1029,GO_Molecular_Function_2023
GTPase Binding (GO:0051020),29/225,9.832588352198064e-4,2.777933673469388,33.89843796823613,USP6NL;GARRE1;MAPKAP1;DOCK7;GCC2;CIB1;AMBRA1;YBX3;GGA1;AP3M1;XPO4;KIF3A;ANKFY1;FLNA;ERC1;RAB11FIP3;GIT1;GIT2;RABGAP1L;SPHK2;TSC2;CYRIB;RABGGTB;LSM2;TBC1D20;RRAGB;ATG16L1;RAB3GAP2;PICALM,Rpl22l1,1029,GO_Molecular_Function_2023
Small GTPase Binding (GO:0031267),26/199,0.0017541344478072523,2.8166828992790416,31.93051539176209,USP6NL;GARRE1;MAPKAP1;DOCK7;GCC2;CIB1;YBX3;GGA1;AP3M1;XPO4;KIF3A;ANKFY1;FLNA;ERC1;RAB11FIP3;GIT1;GIT2;RABGAP1L;SPHK2;TSC2;CYRIB;RABGGTB;LSM2;TBC1D20;RAB3GAP2;PICALM,Rpl22l1,1029,GO_Molecular_Function_2023
Ubiquitin-Protein Transferase Activity (GO:0004842),41/412,0.005065505002425981,2.080491504523282,20.914329086655805,CUL5;RNF14;MGRN1;LTN1;RNF19B;UBE3A;UBR1;BRCA1;CBL;RNFT1;UBE2J1;RPGR;RMND5B;TRIM6;RNF138;MARCHF8;RFFL;BTRC;RNF111;BRAP;UBE2H;AREL1;RNF25;FBXW11;WWP1;PEX2;CHFR;RNF146;TRAF7;ITCH;NEURL4;TTC3;MDM2;MDM4;TRIP12;RBCK1;BCOR;RNF185;BIRC2;TRIM33;TRIM11,Rpl22l1,1029,GO_Molecular_Function_2023
Protein Serine/Threonine Kinase Activity (GO:0004674),35/342,0.008600968261254664,2.140661558930128,19.995594181926535,PRKAA1;ROCK2;PRKCZ;IRAK1;AKT2;RPS6KA2;PHKG2;TLK2;TLK1;MAP4K5;MAP3K7;MARK2;MAP2K6;PLK4;SRPK2;NEK9;CHUK;RIOK3;LIMK2;PRKCD;HUNK;CDC7;VRK1;PRKAB1;CLK4;ACVR2A;MAPK12;SRPK1;CIT;CLK2;CLK1;CDK2;RPS6KB2;CAMK1G;MAP3K12,Rpl22l1,1029,GO_Molecular_Function_2023
Cadherin Binding (GO:0045296),31/319,0.04471969329123456,2.0150474560231575,15.189746317471345,MACF1;SRC;CTNND1;CBL;CLINT1;SLC9A3R2;LIMA1;MPRIP;CALD1;FLNA;FLNB;ERC1;LRRFIP1;ARGLU1;EPS15;MARK2;TMPO;PTPN1;EPS15L1;CIP2A;KTN1;EPN2;ANLN;MYO1B;PKM;FMNL2;CTTN;ABI1;NUMB;PHLDB2;PICALM,Rpl22l1,1029,GO_Molecular_Function_2023
Methylation-Dependent Protein Binding (GO:0140034),11/68,0.046159672375638776,3.5855306242029434,26.28036162585304,KDM5A;PHF20L1;KMT2E;MBTD1;CBX5;ZZZ3;FMR1;ZMYND8;MTF2;NCAPD3;JMJD7,Rpl22l1,1029,GO_Molecular_Function_2023
"Catalytic Activity, Acting On A tRNA (GO:0140101)",8/39,0.046159672375638776,4.787210514675682,34.7319357509283,DUS2;QTRT1;AARS2;TYW5;TARS2;QRSL1;FTSJ1;DUS3L,Rpl22l1,1029,GO_Molecular_Function_2023
Protein Ubiquitination (GO:0016567),46/434,0.009027427477766805,2.241240259672159,28.601307243827783,CUL5;RNF14;MGRN1;RNF19B;UBE3A;UBR1;AMBRA1;BRCA1;CBL;DDA1;RNFT1;UBE2J1;RPGR;ANKRD9;NUB1;TRIM6;RNF138;MARCHF8;MARCHF7;BTRC;RNF111;BRAP;UBE2H;AREL1;FBXW5;RNF25;FBXW11;FANCA;WWP1;PEX2;FANCG;CHFR;RNF146;TRAF7;UBOX5;ITCH;MDM2;UBE2V2;MDM4;TRIP12;RBCK1;RNF185;RAD18;BIRC2;TRIM33;TRIM11,Rpl22l1,1029,GO_Biological_Process_2023
Ubiquitin-Dependent Protein Catabolic Process (GO:0006511),40/367,0.010170708048575222,2.3059773718858514,27.554085229307535,PSMD14;RNF14;RNF19B;AMBRA1;CBL;RPGR;ANKRD9;BAG6;RMND5B;NUB1;PCBP2;PSMF1;BTRC;RFFL;UBQLN4;RNF111;ZRANB1;UBE2H;AREL1;FBXW5;UBE2I;FBXW11;RNF25;VPS37C;WWP1;RAD23A;VPS37A;ARMC8;PPP2R5C;USP28;CHFR;RNF146;ITCH;TTC3;CHMP2A;MDM2;TRIP12;RBCK1;RNF185;BIRC2,Rpl22l1,1029,GO_Biological_Process_2023
Organelle Organization (GO:0006996),43/418,0.011029832404674037,2.1626179851250846,24.388066497619555,USP6NL;ABCD4;PI4K2B;TAFAZZIN;MAPKAP1;PITPNB;FAF2;HTT;TOR1AIP2;MIA3;CAMSAP1;CECR2;KIF3A;EPS15;CLASP1;CEP78;SH3D19;SEC31A;CLASP2;CENPT;ZRANB1;YTHDF3;ATP8B2;DST;SEC16A;TRAPPC8;PEX2;MCOLN1;CFAP410;FANCG;TJAP1;SEC23IP;FMNL2;TBC1D20;TMEM11;NOA1;DNAJA3;GOLGB1;PEX6;RANBP10;CHMP2A;PHIP;CEP89,Rpl22l1,1029,GO_Biological_Process_2023
Double-Strand Break Repair Via Homologous Recombination (GO:0000724),18/111,0.011029832404674037,3.614051880922753,40.38610588331552,BLM;PSMD14;ZMYND8;INTS3;NSMCE2;XRCC3;ATRX;TONSL;RECQL;CDC7;SMC6;BRCA1;PALB2;MBTD1;MORF4L1;MMS22L;RAD51D;RNF138,Rpl22l1,1029,GO_Biological_Process_2023
Recombinational Repair (GO:0000725),16/95,0.01612717360588547,3.7771252202381698,39.93063015561477,BLM;PSMD14;ZMYND8;INTS3;NSMCE2;XRCC3;TONSL;RECQL;BRCA1;SMC6;PALB2;MBTD1;MMS22L;MORF4L1;RAD51D;RNF138,Rpl22l1,1029,GO_Biological_Process_2023
Telomere Maintenance Via Recombination (GO:0000722),5/9,0.019826698437885287,23.153076171875,235.76438176013613,RAD50;RAD51D;NSMCE2;XRCC3;SMC6,Rpl22l1,1029,GO_Biological_Process_2023
Double-Strand Break Repair (GO:0006302),22/168,0.02371251559963118,2.8169253581096707,27.74595201151157,BLM;PSMD14;ZMYND8;INTS3;PNKP;EYA3;NSMCE2;XRCC3;TONSL;RECQL;CIB1;SMC6;BRCA1;PALB2;MBTD1;MORF4L1;MMS22L;RAD51D;RAD50;RNF138;NSD2;UBE2V2,Rpl22l1,1029,GO_Biological_Process_2023
Intracellular Membrane-Bounded Organelle (GO:0043231),347/5175,1.6478448452218202e-6,1.49045675640873,28.343249820693096,PANK4;ATF2;PANK2;ZMYND8;ITSN1;CCNC;SMC6;RBPJ;GPATCH8;TIAL1;AKT2;ZMIZ2;RPS6KA2;CPNE1;ANKFY1;UBAP2L;RNF111;TMPO;ESCO1;DDX11;SLC35C2;NSMCE2;PRKCD;IFRD1;DNTTIP1;RECQL;HNF1B;RFX1;ACTN4;ARMC8;JMJD7;PRKAB1;MED6;RRAGB;AKAP9;PAXIP1;SRCAP;DCUN1D1;COPS7B;BAZ2B;GMCL1;UBE2J1;MTDH;FXR1;DHX30;DGUOK;RACGAP1;PCBP3;PCBP2;DPH3;ATP6V0A2;PUSL1;PATZ1;RAB11FIP3;KAT14;SEC31A;SRPK2;RABGAP1L;ZRANB1;SETDB1;TIPARP;INTS3;XRCC3;INTS2;UPF3B;TMEM192;CDC7;MEMO1;PTK2;SRPK1;FAM220A;MLLT10;HNRNPM;STAG1;GOLGB1;PPT2;PKIG;RAD18;PSME3IP1;PHF3;CEP57;SETD5;SLC35F6;INTS14;HIP1;SETD6;TDRP;ZBTB8OS;MIA3;BRCA1;OSBPL11;MED15;N4BP2L2;CLINT1;MED14;ZMYM2;XPO4;NELFB;GPRASP1;CTSC;GABPA;APPL1;TOP3B;PBRM1;SPHK2;STRADA;UCHL5;SIRT3;MED22;RAD51D;NCOR1;CTTN;SLTM;HNRNPH1;MED20;MTF2;HNRNPH2;SLU7;URM1;AKAP8;HTT;GGA1;BTAF1;RNF138;NSD2;USP1;FLNA;PMS2;MARCHF7;METTL6;EPS15;NKTR;TRMT10B;MYEF2;ATAD5;PCGF5;PCGF2;YLPM1;APTX;GATAD2A;RNF146;SEC23IP;ITCH;TFAP4;SNX14;TTC3;TACC3;ZYX;MITD1;TRIP12;CRLF3;EEF1AKMT2;CRTC2;MIDN;DGKD;PRDM4;FMR1;PRDM5;CTNND1;JADE1;INPPL1;UBP1;HIKESHI;CIB1;RPL10A;GRB14;EP300;KMT5A;MAP3K7;SLC30A9;TLE1;KDM2B;FBXW11;USP4;USP3;PUS1;IPMK;TSC2;VRK1;CFAP410;THOC7;FANCD2;UBE2V2;SRSF4;PHIP;PPIG;GEMIN8;KMT2E;BLM;ANKRD16;PSMD14;YTHDC1;ARHGAP19;HTRA2;PDS5A;BCL2L12;BAG6;SBNO1;IRAK1;ORC1;DEAF1;SAFB2;TBC1D14;RPRD1B;ZC3H13;UBE2F;OSBPL9;TIA1;UBE2H;UBE2I;CBX5;POU2F1;PHF12;STYX;FANCA;RFXANK;MACO1;CLK4;PALB2;LSM4;CLK2;LSM2;CLK1;COPRS;UBOX5;KIF18B;HOOK2;MOB2;CNOT2;TADA3;CDK2;MDM2;UBA3;PIR;MDM4;NF2;OSBPL1A;NIT1;FGFR2;MDM1;PICALM;RAD9A;EIF4G1;RERE;KDM5A;KDM5C;RNF14;FHL1;HP1BP3;CEP164;DDX42;CHD6;UFSP2;PIK3C2A;YBX3;RESF1;SENP6;RBM4;SART3;PPP6R3;SNAPC4;DNMT3B;TLK2;TLK1;GUSB;POLE;ILKAP;RBM6;SUN1;USP48;TBP;DST;AKTIP;ATRX;PPP2R5B;RAD23A;VPS37A;PEX2;PPP2R5C;TRNAU1AP;SAFB;EPN2;MMS22L;TRAF7;ELF2;CREB1;PKM;TFDP2;IRF1;RBMS1;BIRC2;ITGB3BP;LAMA5;PRKAA1;RBM47;KDM3A;USP15;PPM1M;MGRN1;POLDIP3;DCTN4;PNKP;LENG8;AMBRA1;CLCN3;RMND5B;CECR2;NFS1;TAF1B;TGS1;RALY;DRAM2;E2F6;UBQLN4;MTA3;SMNDC1;MUTYH;TCF7L2;KDM4B;EYA2;SMOX;RNF25;SWT1;EYA3;LIMK2;PTPN12;MCOLN1;PTPN13;USP28;USF2;CHFR;MAPK12;NAP1L4;RAD50;WEE1;KANSL1;BRMS1L;DOLPP1;DNAJA3;TAF8;ACIN1;RGS12;BCOR;PFKM;TRIM33;TNRC6A;SSBP4,Rpl22l1,1029,GO_Cellular_Component_2023
Nucleus (GO:0005634),300/4487,2.2815848370365055e-5,1.4530572288712564,22.806244032809303,PANK4;ATF2;PANK2;ZMYND8;CCNC;SMC6;RBPJ;GPATCH8;TIAL1;AKT2;ZMIZ2;RPS6KA2;CPNE1;UBAP2L;RNF111;TMPO;ESCO1;DDX11;NSMCE2;PRKCD;IFRD1;DNTTIP1;RECQL;HNF1B;ACTN4;ARMC8;JMJD7;PRKAB1;MED6;RRAGB;PAXIP1;SRCAP;DCUN1D1;COPS7B;BAZ2B;GMCL1;UBE2J1;MTDH;FXR1;DHX30;DGUOK;RACGAP1;PCBP3;PCBP2;DPH3;PATZ1;KAT14;SRPK2;RABGAP1L;ZRANB1;SETDB1;TIPARP;INTS3;XRCC3;INTS2;UPF3B;TMEM192;CDC7;MEMO1;PTK2;SRPK1;FAM220A;MLLT10;HNRNPM;STAG1;PKIG;RAD18;PSME3IP1;PHF3;CEP57;SETD5;INTS14;HIP1;SETD6;TDRP;ZBTB8OS;BRCA1;MED15;N4BP2L2;MED14;ZMYM2;XPO4;NELFB;GPRASP1;GABPA;APPL1;TOP3B;PBRM1;SPHK2;STRADA;UCHL5;SIRT3;MED22;RAD51D;NCOR1;SLTM;HNRNPH1;MED20;MTF2;HNRNPH2;SLU7;URM1;AKAP8;HTT;RNF138;NSD2;USP1;FLNA;PMS2;MARCHF7;METTL6;NKTR;TRMT10B;MYEF2;ATAD5;PCGF5;PCGF2;YLPM1;APTX;GATAD2A;RNF146;TFAP4;TTC3;ZYX;TRIP12;CRLF3;EEF1AKMT2;CRTC2;MIDN;DGKD;PRDM4;FMR1;PRDM5;CTNND1;JADE1;INPPL1;UBP1;HIKESHI;CIB1;RPL10A;EP300;KMT5A;MAP3K7;SLC30A9;TLE1;KDM2B;FBXW11;USP4;USP3;PUS1;IPMK;TSC2;VRK1;THOC7;FANCD2;UBE2V2;SRSF4;PHIP;PPIG;GEMIN8;KMT2E;BLM;ANKRD16;PSMD14;YTHDC1;HTRA2;PDS5A;BCL2L12;BAG6;SBNO1;IRAK1;ORC1;DEAF1;SAFB2;RPRD1B;ZC3H13;UBE2F;TIA1;UBE2H;UBE2I;CBX5;POU2F1;PHF12;STYX;FANCA;RFXANK;MACO1;CLK4;PALB2;LSM4;CLK2;LSM2;CLK1;COPRS;UBOX5;KIF18B;MOB2;CNOT2;TADA3;CDK2;MDM2;UBA3;PIR;MDM4;NF2;NIT1;FGFR2;MDM1;PICALM;RAD9A;EIF4G1;RERE;KDM5A;KDM5C;RNF14;FHL1;HP1BP3;DDX42;CHD6;UFSP2;YBX3;RESF1;SENP6;RBM4;SART3;PPP6R3;SNAPC4;DNMT3B;TLK2;TLK1;POLE;ILKAP;RBM6;USP48;TBP;DST;AKTIP;ATRX;PPP2R5B;RAD23A;PPP2R5C;TRNAU1AP;SAFB;MMS22L;ELF2;CREB1;PKM;TFDP2;IRF1;RBMS1;BIRC2;ITGB3BP;LAMA5;PRKAA1;RBM47;KDM3A;USP15;PPM1M;MGRN1;POLDIP3;DCTN4;PNKP;LENG8;AMBRA1;RMND5B;CECR2;NFS1;TAF1B;TGS1;RALY;E2F6;UBQLN4;MTA3;SMNDC1;MUTYH;TCF7L2;KDM4B;EYA2;RNF25;SWT1;EYA3;LIMK2;PTPN12;PTPN13;USP28;USF2;CHFR;MAPK12;NAP1L4;RAD50;WEE1;KANSL1;BRMS1L;TAF8;ACIN1;RGS12;BCOR;PFKM;TRIM33;SSBP4,Rpl22l1,1029,GO_Cellular_Component_2023
Mitotic Spindle (GO:0072686),20/143,0.004437430072179346,3.0373790358319837,30.43305316917395,IQCB1;EPB41;LIMK2;CKAP2;CDC7;EML2;EML4;ATAT1;KIF18B;ZZZ3;NCOR1;RACGAP1;TFDP2;TADA3;TACC3;MAP4;LSM14A;KAT14;CLASP1;CLASP2,Rpl22l1,1029,GO_Cellular_Component_2023
Clathrin Coat (GO:0030118),6/16,0.007006201766685572,11.120821114369502,103.14682542263544,EPS15L1;CLINT1;EPS15;EPN1;EPN2;PICALM,Rpl22l1,1029,GO_Cellular_Component_2023
Cytoplasmic Stress Granule (GO:0010494),13/76,0.007319042948271249,3.8402074740657417,34.59366942745473,TIA1;STAU1;RBPMS;YTHDF3;FMR1;LARP4B;TIAL1;FXR1;RBM4;ZNFX1;G3BP2;LSM14A;EIF4G1,Rpl22l1,1029,GO_Cellular_Component_2023
Spindle (GO:0005819),23/210,0.026428577602311515,2.2965522373778717,17.32058198590352,IQCB1;EPB41;LIMK2;PINX1;SPICE1;CKAP2;CDC7;SPATA5;EML2;EML4;ATAT1;ZZZ3;NCOR1;RACGAP1;TFDP2;KIF3A;TADA3;TACC3;MAP4;LSM14A;KAT14;CLASP1;CLASP2,Rpl22l1,1029,GO_Cellular_Component_2023
Chromosome (GO:0005694),19/164,0.033965761009454504,2.442430863776033,17.43147206366212,BLM;PBRM1;ESCO1;KRR1;FMR1;HP1BP3;PINX1;DNTTIP1;RECQL;SMC6;BRCA1;PDS5A;ZFX;SYCE2;STAG1;FANCD2;PES1;KMT5A;RBM34,Rpl22l1,1029,GO_Cellular_Component_2023
RNA Binding (GO:0003723),129/1411,7.160429744328361e-9,2.0419876588877988,51.272402649923656,EIF4A2;DBR1;TFRC;FMR1;SPPL2B;NUDT1;MKI67;NUSAP1;FBRSL1;UBAP2L;MTPAP;CAST;RARS2;DIMT1;SECISBP2;ACTN1;PUS1;ALG13;LARP4B;GTPBP1;SRRM1;ILF3;DKC1;ZC3H11A;ANKRD17;ZCCHC8;AARS2;PRKDC;MAZ;RTN4;MTDH;DHX30;HNRNPDL;DHX33;PCBP2;ERI3;G3BP2;SERPINH1;SAFB2;UTP20;RBM10;MARK2;SRPK2;TIA1;RCC2;KNOP1;UPF3B;PUM1;CLK3;PRRC2B;PUM2;SRPK1;SETX;HNRNPL;TBL2;FUBP3;GOLGB1;AGO2;RNPS1;EIF4G3;SUGP2;RBM25;TUT7;RBM26;CELF1;AKAP8L;BRCA1;ZCCHC17;TENT4B;YBX3;RPGR;FARS2;SMG6;LRRFIP1;RBM7;RBM5;RBM33;PSTK;TOP3B;WDR36;DDX55;RBM18;ZFR;SPATS2;DARS2;TRNAU1AP;REXO4;DUS2;SARS2;PKM;SLTM;HNRNPH1;ESRP1;RPUSD3;HNRNPH2;EIF4E2;LUC7L2;STAU1;SRF;PARN;RBM4B;TBRG4;MTHFSD;UNK;FIP1L1;U2AF2;PES1;FAM120A;FLNA;RALY;CFAP20;RBM39;MYEF2;GPKOW;YTHDF3;KRR1;YLPM1;RSRC2;RRP1B;TPD52L2;APTX;CDK11B;KTN1;SEC23IP;CMSS1;TNIP1;ZYX;ACIN1;R3HDM1,Spen,1002,GO_Molecular_Function_2023
GTPase Binding (GO:0051020),30/225,2.858081807723773e-4,2.9761000316555872,41.133906265080306,USP6NL;GARRE1;ARHGAP1;GCC2;CIB1;AMBRA1;C9ORF72;YBX3;RASIP1;STRN3;AKAP13;GGA1;GOLGA4;XPO4;ANKFY1;FLNA;SH3BP4;ERC1;PLEKHG3;HACE1;ANKRD27;ATP6AP1;RCC2;TSC2;OCRL;CYRIB;RNF41;RRAGB;PEX5;RIN3,Spen,1002,GO_Molecular_Function_2023
Small GTPase Binding (GO:0031267),27/199,4.6723816351106474e-4,3.0310196779964222,39.174199220912165,USP6NL;GARRE1;ARHGAP1;GCC2;CIB1;C9ORF72;YBX3;STRN3;AKAP13;GGA1;GOLGA4;XPO4;ANKFY1;FLNA;SH3BP4;ERC1;PLEKHG3;HACE1;ANKRD27;ATP6AP1;RCC2;TSC2;OCRL;CYRIB;RNF41;PEX5;RIN3,Spen,1002,GO_Molecular_Function_2023
Protein Serine/Threonine Kinase Activity (GO:0004674),35/342,0.007439791089694578,2.203615062536001,21.74745102648438,PRKAA1;PRKDC;CAMKK2;IKBKB;IRAK1;CHEK2;STK16;PHKG2;TLK2;TLK1;MAP3K7;MARK3;MARK2;PAK4;MAP2K6;SRPK2;NEK9;RIPK2;LIMK2;MOK;CSNK1D;VRK1;PASK;PRKAB1;CLK4;CDK11B;CLK3;ACVR2A;MAPK12;SRPK1;CLK2;RPS6KB2;MAPKAPK5;CSNK1G2;CAMK1G,Spen,1002,GO_Molecular_Function_2023
Ubiquitin-Like Protein Transferase Activity (GO:0019787),27/240,0.0086245693448176,2.4422535211267604,23.196700705937303,UHRF2;MGRN1;UBE3A;BRCA1;ZNRF1;RNF115;RNF214;SHARPIN;BTRC;ATG5;HACE1;UBE2B;SMURF1;NSMCE2;WWP1;CHFR;PML;RNF41;RNF146;TTC3;MDM2;ERCC8;MDM4;BIRC6;RBCK1;TRIM11;TRIM33,Spen,1002,GO_Molecular_Function_2023
Ubiquitin Binding (GO:0043130),13/80,0.01541162925089211,3.7140334726770594,32.44298667651621,ILRUN;USPL1;FAF2;RNF19B;RAD23A;SIRT2;NSFL1C;SHARPIN;NBR1;MDM2;MARCHF7;RBCK1;MAP3K7,Spen,1002,GO_Molecular_Function_2023
Double-Stranded RNA Binding (GO:0003725),11/65,0.028895240035665633,3.894009044362223,30.967256041769414,DUS2;DHX30;ILF3;TFRC;DHX33;ACTN1;ZFR;AGO2;LRRFIP1;APTX;MTDH,Spen,1002,GO_Molecular_Function_2023
Ubiquitin-Protein Transferase Activity (GO:0004842),37/412,0.032574617798323956,1.904113298791019,14.660054643436172,UHRF2;MGRN1;RNF19B;UBE3A;BRCA1;UBE2J2;RPGR;ZNRF1;RNF115;RNF214;HERC2;SHARPIN;RNF215;RNF138;TRIM24;TRIM26;RFFL;BTRC;HACE1;RING1;UBE2B;SMURF1;FBXO17;WWP1;CHFR;RNF41;RNF146;RNF149;TTC3;MDM2;ERCC8;MDM4;BIRC6;RBCK1;TRIM33;TRIM11;RNF121,Spen,1002,GO_Molecular_Function_2023
Methylation-Dependent Protein Binding (GO:0140034),11/68,0.03357309309657865,3.688476994706747,27.852338210159413,PHF20L1;KMT2E;MBTD1;ZZZ3;FMR1;MTF2;TRIM24;NCAPD3;JMJD7;ZMYND11;BPTF,Spen,1002,GO_Molecular_Function_2023
GTPase Regulator Activity (GO:0030695),37/424,0.04453136256372649,1.843882127699455,13.208366602719263,USP6NL;TBC1D9B;FAM13B;ITSN1;NPRL3;ARHGAP1;ARHGAP19;AGAP1;ARHGAP17;ASAP1;C9ORF72;RCBTB2;RIC8A;EEF1B2;AKAP13;SYDE1;FLCN;HERC2;SIPA1L1;CHN1;SH3BP4;SIRPA;TBC1D14;BRD8;ECT2;GARNL3;PLEKHG3;ANKRD27;RANBP3;STARD8;DENND2A;TSC2;OCRL;RIN3;DENND6B;RGS12;RGL2,Spen,1002,GO_Molecular_Function_2023
GTPase Activator Activity (GO:0005096),22/211,0.04943440447600435,2.2340891912320484,15.557266447091658,USP6NL;TBC1D9B;RANBP3;FAM13B;STARD8;NPRL3;ARHGAP1;ARHGAP19;AGAP1;TSC2;OCRL;ARHGAP17;ASAP1;SYDE1;FLCN;SIPA1L1;CHN1;TBC1D14;RGS12;BRD8;ECT2;GARNL3,Spen,1002,GO_Molecular_Function_2023
DNA Repair (GO:0006281),45/291,4.33041373930973e-8,3.584371893875679,89.38626108437768,MUS81;PRKDC;TEX264;FMR1;PNKP;NUDT1;CIB1;BRCA1;PDS5A;BABAM2;HPF1;MTA1;EXO1;CHEK2;NSD2;EP400;RBBP8;PMS2;POLI;KMT5B;ATRIP;POLE;NHEJ1;PMS1;MUTYH;CDKN2D;FANCM;UBE2B;USP3;ATRX;RECQL;GTF2H1;FANCC;RAD23A;FANCE;APTX;FANCG;REXO4;SETX;RAD52;POLA1;RAD50;ERCC8;TRIP13;ERCC6,Spen,1002,GO_Biological_Process_2023
DNA Damage Response (GO:0006974),44/384,2.8277140853623497e-4,2.5204224487289695,38.00566489783722,MUS81;ATF2;PRKDC;FMR1;BRAT1;PNKP;NUDT1;CIB1;SMC6;BRCA1;PDS5A;BABAM2;HPF1;HERC2;EXO1;CHEK2;EP400;TLK2;RBBP8;POLI;KMT5B;TRAPPC13;BID;ATRIP;MAP2K6;MUTYH;UBE2B;NCOA6;USP3;ATRX;RECQL;GTF2H1;VRK1;FANCC;ZDHHC16;USP28;FANCG;REXO4;MAPK12;PML;SETX;POLA1;RAD50;ERCC8,Spen,1002,GO_Biological_Process_2023
Double-Strand Break Repair (GO:0006302),26/168,2.8277140853623497e-4,3.5374047564072963,53.255689252105135,MUS81;PSMD14;PRKDC;PNKP;CIB1;SMC6;BRCA1;RAD54B;MBTD1;BABAM2;HPF1;MTA1;RNF138;CHEK2;NSD2;RBBP8;SMARCAD1;NHEJ1;NSMCE2;RECQL;SETX;RAD52;POLA1;MMS22L;RAD50;TRIP13,Spen,1002,GO_Biological_Process_2023
Ubiquitin-Dependent Protein Catabolic Process (GO:0006511),41/367,0.001012868644975498,2.44362020645672,32.967936026003166,WDR26;PSMD14;KEAP1;OTUD7B;RNF19B;AMBRA1;RPGR;BAG6;ZNRF1;RNF115;SHARPIN;MTA1;RNF215;PCBP2;TBL1X;BTRC;RFFL;UBL7;ATE1;HACE1;FBXW5;UBE2B;SMURF1;FBXL19;WWP1;RAD23A;ARMC8;PPP2R5C;NTAN1;USP28;SIRT2;CHFR;PML;RNF146;NSFL1C;RNF149;TTC3;CHMP2A;MDM2;ERCC8;RBCK1,Spen,1002,GO_Biological_Process_2023
Regulation Of RNA Splicing (GO:0043484),18/102,0.0015813943678405832,4.1189024390243905,52.58972610377586,SRPK2;RBM39;TIA1;CELF1;RRP1B;CLK4;CLK3;SRRM1;CLK2;SRPK1;HNRNPL;SETX;HNRNPH1;U2AF2;ESRP1;TADA3;METTL4;HNRNPH2,Spen,1002,GO_Biological_Process_2023
DNA Metabolic Process (GO:0006259),34/288,0.0015813943678405832,2.591982820329277,32.76382027975891,MUS81;PRKDC;FMR1;PNKP;NUDT1;BRCA1;PDS5A;HPF1;EXO1;CBS;EP400;RBBP8;SMARCAD1;POLI;NT5M;KMT5B;ATRIP;POLE;POLG;MUTYH;TOP3B;UBE2B;USP3;ATRX;RECQL;DONSON;GTF2H1;FANCC;TERF2;FANCG;REXO4;RAD52;POLA1;RAD50,Spen,1002,GO_Biological_Process_2023
Proteasome-Mediated Ubiquitin-Dependent Protein Catabolic Process (GO:0043161),36/319,0.0019968896291508,2.4644997037069554,30.197544560233272,ANAPC15;WDR26;ANAPC16;PSMD14;FAF2;AMBRA1;UBE2J2;ECPAS;BAG6;AMN1;ZNRF1;SHARPIN;MTA1;PCBP2;TBL1X;BTRC;RFFL;KLHDC10;FBXW5;UBE2B;SMURF1;FBXL19;FBXO17;WWP1;RAD23A;ARMC8;PPP2R5C;SIRT2;PML;TMUB2;FBXL12;NSFL1C;MDM2;ERCC8;RBCK1;RNF121,Spen,1002,GO_Biological_Process_2023
Mitotic Sister Chromatid Segregation (GO:0000070),18/111,0.0035852026487591462,3.71852871754524,42.89046380770416,AKAP8L;KIF23;EML3;EML4;WRAP73;STAG1;STAG2;ESPL1;KIFC1;CENPI;CHEK2;NUSAP1;CHMP2A;FLNA;NCAPD3;PIBF1;CLASP1;CLASP2,Spen,1002,GO_Biological_Process_2023
Protein Phosphorylation (GO:0006468),48/500,0.00394168125811514,2.064451494406412,23.268184132805775,ATF2;APP;PRKAA1;PKDCC;CCNT1;PRKDC;SRC;PRKAG2;CAMKK2;IKBKB;IRAK1;CHEK2;RB1CC1;STK16;TLK2;NEK1;TLK1;ERC1;MAP3K7;MARK3;MARK2;PAK4;SRPK2;TBP;STRADA;LIMK2;VRK1;CSNK1D;PASK;ATG13;PRKAB1;CLK4;CDK11B;PTK2;CLK3;ACVR2A;MAPK12;SRPK1;CLK2;ILF3;CREB1;TAF8;MAPKAPK5;BIRC6;COQ8A;CSNK1G2;CAMK1G;TAF2,Spen,1002,GO_Biological_Process_2023
Internal Peptidyl-Lysine Acetylation (GO:0018393),10/39,0.00394168125811514,6.5937847608453835,72.80501602512867,BAG6;MBTD1;ATAT1;PHF20L1;MEAF6;TADA3;EP400;EP300;BRD8;KAT14,Spen,1002,GO_Biological_Process_2023
Proteasomal Protein Catabolic Process (GO:0010498),27/220,0.00394168125811514,2.6982064567556794,29.778308648699603,WDR26;PSMD14;AMBRA1;BAG6;ZNRF1;SHARPIN;MTA1;PCBP2;TBL1X;BTRC;RFFL;ATE1;FBXW5;UBE2B;SMURF1;FBXL19;WWP1;RAD23A;ARMC8;PPP2R5C;SIRT2;PML;RNF41;NSFL1C;MDM2;ERCC8;RBCK1,Spen,1002,GO_Biological_Process_2023
Peptidyl-Lysine Modification (GO:0018205),16/94,0.00394168125811514,3.936131481770427,43.43127076938664,USPL1;HDAC10;ESCO1;UHRF2;NSMCE2;PLOD3;PLOD1;SMC6;SIRT2;PML;SENP1;SENP6;NNAT;MDM2;EP300;EEF1AKMT2,Spen,1002,GO_Biological_Process_2023
Regulation Of mRNA Processing (GO:0050684),9/35,0.00937581305759311,6.6135254473623055,66.71347718127006,SRPK2;RBM39;TIA1;SLTM;PAPOLA;SAFB2;CDK11B;SRPK1;SRRM1,Spen,1002,GO_Biological_Process_2023
Protein Autoubiquitination (GO:0051865),13/71,0.009412378962991127,4.292388689376242,42.96436376503366,UHRF2;UBE2B;RNF19B;UBE3A;BRCA1;RNF41;RNF146;BABAM2;RNF115;MDM2;MARCHF7;ERCC8;TRIM11,Spen,1002,GO_Biological_Process_2023
Mitotic Spindle Assembly (GO:0090307),10/44,0.009725840747005983,5.6226280834914615,55.707179804874166,WRAP73;STAG1;STAG2;KIFC1;CHEK2;FLNA;KIF23;PIBF1;CLASP1;CLASP2,Spen,1002,GO_Biological_Process_2023
Protein Modification Process (GO:0036211),59/711,0.018560465589144922,1.7604922288219949,16.19105415966521,APP;CCNT1;PRKAG2;NTAQ1;CDC14B;IKBKB;DUSP12;CHEK2;RB1CC1;TLK2;NEK1;TLK1;BTRC;PPP1R12A;TBP;PPTC7;STRADA;PPP2R5B;ALG3;VRK1;CSNK1D;PPP2R5C;PASK;JMJD7;ATG13;PRKAB1;ILF3;CREB1;SDHAF2;BIRC6;CSNK1G2;PRKAA1;MEAF6;PRKDC;FUT10;CAMKK2;PORCN;IRAK1;MARK3;MARK2;ATG5;ST3GAL3;PAK4;B3GALNT2;SRPK2;ATE1;LIMK2;PTPN13;CDK11B;PTK2;CLK3;ACVR2A;SRPK1;CLK2;FAM220A;TAF8;MAN2B1;COQ8A;TAF2,Spen,1002,GO_Biological_Process_2023
Phosphorylation (GO:0016310),40/429,0.021364135405127573,1.9891079531182358,17.89319172811201,APP;PRKAA1;PANK2;DGKD;CCNT1;PRKDC;PRKAG2;CAMKK2;IKBKB;IRAK1;CHEK2;RB1CC1;TLK2;NEK1;TLK1;MARK3;MARK2;PAK4;SRPK2;TBP;STRADA;LIMK2;VRK1;CSNK1D;PASK;ATG13;PRKAB1;CDK11B;PTK2;CLK3;ACVR2A;SRPK1;CLK2;ILF3;CREB1;TAF8;BIRC6;COQ8A;CSNK1G2;TAF2,Spen,1002,GO_Biological_Process_2023
Histone Acetylation (GO:0016573),11/60,0.026796424958947494,4.2924895487963095,37.2770685284682,PHF20L1;MBTD1;NAA60;MEAF6;TADA3;EP400;EP300;BRD8;MAP3K7;KAT14;TAF2,Spen,1002,GO_Biological_Process_2023
Spindle Assembly (GO:0051225),13/81,0.026796424958947494,3.6592220305715815,31.49313914330482,CSNK1D;HAUS6;WRAP73;STAG1;NCOR1;STAG2;HAUS8;KIFC1;CHEK2;FLNA;PIBF1;CLASP1;CLASP2,Spen,1002,GO_Biological_Process_2023
Histone Modification (GO:0016570),13/81,0.026796424958947494,3.6592220305715815,31.49313914330482,MEAF6;UBE2B;USP3;SIRT2;PHF20L1;MBTD1;MTA1;TADA3;EP400;EP300;BRD8;TBL1X;KAT14,Spen,1002,GO_Biological_Process_2023
"Regulation Of mRNA Splicing, Via Spliceosome (GO:0048024)",14/94,0.03271069655677909,3.3508603238866397,27.979162843644087,SRPK2;RBM39;RBM25;TIA1;CELF1;SFSWAP;FMR1;SRRM1;SRPK1;HNRNPL;U2AF2;RNPS1;RBM7;RBM5,Spen,1002,GO_Biological_Process_2023
Regulation Of DNA Repair (GO:0006282),17/129,0.03271069655677909,2.9102791878172587,24.189566563428468,PBRM1;SMARCC2;TMEM161A;MEAF6;BRCA1;ARID1B;PML;MBTD1;RAD52;BABAM2;TADA3;EP400;USP1;BRD8;ERCC6;ATRIP;TAF2,Spen,1002,GO_Biological_Process_2023
Positive Regulation Of Double-Strand Break Repair (GO:2000781),13/84,0.03382041189553136,3.5040516099631156,28.85220062020138,PBRM1;SMARCC2;MEAF6;PRKDC;PNKP;FOXM1;ARID1B;MBTD1;EP400;KMT5B;TRAPPC13;BRD8;ERCC6,Spen,1002,GO_Biological_Process_2023
Intracellular Membrane-Bounded Organelle (GO:0043231),365/5175,7.720797330545717e-12,1.6901666791776682,52.88681279585967,PANK4;ATF2;PANK2;TFRC;HDAC10;ITSN1;NUDT1;NTAQ1;THYN1;SMC6;RBPJ;MKI67;HERC2;CHEK2;SPATA24;CPNE1;TRIM24;ANKFY1;FAM53A;UBAP2L;ESCO1;NSMCE2;DNTTIP1;RECQL;RFX3;CSNK1D;RFX1;ARMC8;PASK;JMJD7;PRKAB1;EML3;MED7;SRRM1;NISCH;BIN1;RRAGB;ILRUN;MEAF6;SRCAP;PRKDC;TEX264;COPS7B;SDR39U1;DCUN1D2;BAZ2B;UBE2J2;C9ORF72;MTDH;DHX30;DHX33;PCBP2;ZSCAN10;DPH3;PUSL1;ATRIP;RBM10;NHEJ1;KAT14;SEC31A;CTSA;SRPK2;HACE1;PHC1;TIPARP;DDIAS;STK11IP;INTS2;NFATC3;UPF3B;TMEM192;MEMO1;NTAN1;PTK2;SRPK1;FAM220A;SETX;HNRNPL;MLLT10;POLA1;STAG1;STAG2;FUBP3;GOLGB1;AGO2;GTF2IRD1;RNPS1;CDIN1;PKIG;EZH2;CEP57;RPAIN;INTS13;AHCTF1;HIP1;SETD6;TECR;OTUD7B;ZBTB8OS;BRCA1;MED15;N4BP2L2;SMG6;BABAM2;ZMYM2;XPO4;CTSH;CTSF;GABPA;TMED5;APPL1;TOP3B;SS18;PBRM1;RING1;NCOA6;STRADA;KIF23;TERF2;SIRT2;MED23;GAK;NCOR2;NCOR1;SLTM;KIFC1;HNRNPH1;MED20;MTF2;HNRNPH2;WDR26;MYRF;STX16;ECPAS;RAD54B;GGA1;ARVCF;RNF138;NSD2;USP1;METTL4;FLNA;PMS2;MARCHF7;METTL5;APBB2;BRD8;TBL1X;EPS15;PMS1;NKTR;CDKN2D;CENPU;RANBP3;MYEF2;ATAD5;PCGF5;YLPM1;MOK;RRP1B;APTX;RNF146;SEC23IP;TTC3;NBR1;ZYX;TRIP13;CENPP;EEF1AKMT2;SCARB1;MTCH2;DBR1;DGKD;CCNT1;CRTC1;GEMIN2;FMR1;CTNND1;RTKN2;UBP1;HIKESHI;CIB1;CDC14B;EEF1B2;PAPOLA;NEK1;EP300;SMARCAD1;KMT5B;MTPAP;MAP3K7;GTF2I;BORA;TLE1;IST1;USP3;PUS1;APLP2;IPMK;KCTD1;TSC2;VRK1;OCRL;CLIP1;ILF3;MAU2;DMTF1;DKC1;PKP4;MAPKAPK5;CSNK1G2;KMT2E;ANKRD17;ZCCHC8;ANKRD16;PSMD14;MAZ;ARHGAP19;GPATCH2L;PDS5A;BCL2L12;BAG6;SBNO1;IRAK1;DEAF1;SAFB2;TBC1D14;RPRD1B;ECT2;PIBF1;BPTF;OSBPL9;TIA1;ANKRD27;POU2F1;UBE2B;PHF12;OSBPL2;FANCC;MACO1;FANCE;CLK4;CLK3;CLK2;NSFL1C;DLG1;DAB1;TADA3;MDM2;MDM4;MAN2B1;NF2;MDM1;RERE;MUS81;KDM5C;NXT1;RBM26;CELF1;AKAP8L;FHL1;HP1BP3;FOXM1;PIK3C2A;YBX3;SENP6;DUSP12;FLCN;HPF1;EXO1;PPP6R3;SNAPC4;TLK2;TLK1;GUSB;RBM7;POLE;RBM5;KDM6A;POLG;USP48;TBP;AKTIP;ATRX;DNMT3A;PPP2R5B;RAD23A;PPP2R5C;TRNAU1AP;REXO4;ETV6;EPN2;SENP1;METTL23;MMS22L;TRAPPC6A;ELF2;CREB1;PKM;ESPL1;TFDP2;ESRP1;DNAJC5;LCOR;BIRC6;ZMYND11;ITGB3BP;VAC14;PRKAA1;KDM3A;MVK;UHRF2;MGRN1;SRF;PNKP;BRAT1;PARN;LENG8;WIZ;AMBRA1;MLLT3;CLCN3;CECR2;ZNRF1;MTA1;TNKS2;U2AF2;CBS;NRIP1;FAM120A;RBBP8;RALY;E2F6;S100PBP;REPS1;MUTYH;ATE1;KDM4C;GPKOW;IRX3;LIMK2;DONSON;EXOG;MCOLN1;PTPN13;USP28;CDK11B;CHFR;MAPK12;PML;RAD52;RAD50;CLCN4;DOLPP1;DNAJA3;TAF8;ERCC8;ACIN1;NAA16;QRICH1;RGS12;ERCC6;TRIM33;TAF2;SSBP4,Spen,1002,GO_Cellular_Component_2023
Nucleus (GO:0005634),322/4487,3.8602042413297165e-11,1.686401384083045,48.885995624233615,PANK4;ATF2;PANK2;HDAC10;NUDT1;NTAQ1;THYN1;SMC6;RBPJ;MKI67;HERC2;CHEK2;SPATA24;CPNE1;TRIM24;FAM53A;UBAP2L;ESCO1;NSMCE2;DNTTIP1;RECQL;RFX3;CSNK1D;ARMC8;PASK;JMJD7;PRKAB1;EML3;MED7;SRRM1;BIN1;RRAGB;ILRUN;MEAF6;SRCAP;PRKDC;TEX264;COPS7B;SDR39U1;DCUN1D2;BAZ2B;UBE2J2;C9ORF72;MTDH;DHX30;DHX33;PCBP2;ZSCAN10;DPH3;ATRIP;RBM10;NHEJ1;KAT14;SRPK2;HACE1;PHC1;TIPARP;DDIAS;INTS2;NFATC3;UPF3B;TMEM192;MEMO1;NTAN1;PTK2;SRPK1;FAM220A;SETX;HNRNPL;MLLT10;POLA1;STAG1;STAG2;FUBP3;AGO2;GTF2IRD1;RNPS1;CDIN1;PKIG;EZH2;CEP57;RPAIN;INTS13;AHCTF1;HIP1;SETD6;TECR;OTUD7B;ZBTB8OS;BRCA1;MED15;N4BP2L2;SMG6;BABAM2;ZMYM2;XPO4;GABPA;APPL1;TOP3B;SS18;PBRM1;RING1;NCOA6;STRADA;KIF23;TERF2;SIRT2;MED23;NCOR2;NCOR1;SLTM;KIFC1;HNRNPH1;MED20;MTF2;HNRNPH2;WDR26;MYRF;ECPAS;RAD54B;ARVCF;RNF138;NSD2;USP1;METTL4;FLNA;PMS2;MARCHF7;METTL5;APBB2;BRD8;TBL1X;PMS1;NKTR;CDKN2D;CENPU;RANBP3;MYEF2;ATAD5;PCGF5;YLPM1;MOK;RRP1B;APTX;RNF146;TTC3;ZYX;TRIP13;CENPP;EEF1AKMT2;MTCH2;DBR1;DGKD;CCNT1;CRTC1;GEMIN2;FMR1;CTNND1;RTKN2;UBP1;HIKESHI;CIB1;CDC14B;EEF1B2;PAPOLA;NEK1;EP300;SMARCAD1;KMT5B;MAP3K7;GTF2I;BORA;TLE1;USP3;PUS1;APLP2;IPMK;KCTD1;TSC2;VRK1;OCRL;CLIP1;ILF3;MAU2;DMTF1;DKC1;PKP4;MAPKAPK5;CSNK1G2;KMT2E;ANKRD17;ZCCHC8;ANKRD16;PSMD14;MAZ;GPATCH2L;PDS5A;BCL2L12;BAG6;SBNO1;IRAK1;DEAF1;SAFB2;RPRD1B;ECT2;PIBF1;BPTF;TIA1;POU2F1;UBE2B;PHF12;FANCC;MACO1;FANCE;CLK4;CLK3;CLK2;NSFL1C;DLG1;TADA3;MDM2;MDM4;NF2;MDM1;RERE;MUS81;KDM5C;NXT1;RBM26;CELF1;AKAP8L;FHL1;HP1BP3;FOXM1;YBX3;SENP6;DUSP12;FLCN;HPF1;EXO1;PPP6R3;SNAPC4;TLK2;TLK1;RBM7;POLE;RBM5;KDM6A;USP48;TBP;AKTIP;ATRX;DNMT3A;PPP2R5B;RAD23A;PPP2R5C;TRNAU1AP;REXO4;ETV6;SENP1;METTL23;MMS22L;ELF2;CREB1;PKM;ESPL1;TFDP2;ESRP1;LCOR;BIRC6;ZMYND11;ITGB3BP;PRKAA1;KDM3A;UHRF2;MGRN1;SRF;PNKP;BRAT1;PARN;LENG8;WIZ;AMBRA1;MLLT3;CECR2;MTA1;TNKS2;HAUS8;U2AF2;CBS;NRIP1;FAM120A;RBBP8;RALY;E2F6;S100PBP;MUTYH;ATE1;KDM4C;GPKOW;IRX3;LIMK2;DONSON;EXOG;PTPN13;USP28;CDK11B;CHFR;MAPK12;PML;RAD52;RAD50;TAF8;ERCC8;ACIN1;NAA16;QRICH1;RGS12;ERCC6;TRIM33;TAF2;SSBP4,Spen,1002,GO_Cellular_Component_2023
Mitotic Spindle (GO:0072686),27/143,2.2000770437458823e-7,4.5076392572944295,89.85876742144531,EPB41;CDC14B;FLCN;TAF1D;HAUS8;NUSAP1;TBL1X;ECT2;KAT14;CLASP1;CLASP2;IQCB1;LIMK2;HAUS6;KIF23;SIRT2;EML3;EML4;ATAT1;WRAP73;ZZZ3;NCOR1;ESPL1;TFDP2;KIFC1;TADA3;PKP4,Spen,1002,GO_Cellular_Component_2023
Spindle (GO:0005819),26/210,0.0014758186114952332,2.723872950819672,29.51597055252742,EPB41;CDC14B;FLCN;TAF1D;NUSAP1;TBL1X;ECT2;KAT14;CLASP1;CLASP2;IQCB1;LIMK2;CSNK1D;KIF23;SIRT2;EML3;EML4;ATAT1;WRAP73;ZZZ3;NCOR1;ESPL1;TFDP2;KIFC1;TADA3;PKP4,Spen,1002,GO_Cellular_Component_2023
Chromosome (GO:0005694),21/164,0.004425361142617115,2.822544428049015,26.855798815993406,PBRM1;ESCO1;KRR1;FMR1;HP1BP3;DNTTIP1;RECQL;SMC6;BRCA1;RRP1B;MKI67;PDS5A;FANCE;SIRT2;SETX;SYCE2;STAG1;STAG2;PES1;TRAPPC13;TRIP13,Spen,1002,GO_Cellular_Component_2023
Intracellular Non-Membrane-Bounded Organelle (GO:0043232),89/1195,0.005382890699941065,1.5769684029558972,14.408054998234668,HIP1;CCNT1;TMEM179B;GEMIN2;FMR1;SPPL2B;HP1BP3;FAF2;BRCA1;RBPJ;FOXM1;MKI67;TENT4B;SMG6;CDC14B;EPB41L4A;SH3PXD2B;NUSAP1;LRRFIP1;TRAPPC13;RBM7;SPG11;MAGI1;WDR36;PPP1R12A;ESCO1;RIPK2;DIMT1;DDX55;DNTTIP1;RECQL;CSNK1D;KIF23;VRK1;URB2;LARP4B;SIRT2;REXO4;EML3;ETV6;ILF3;SHQ1;SDHAF2;DKC1;BIN1;PKP4;ZCCHC8;MEAF6;EPB41;PRKDC;PNKP;PARN;ASAP1;AMBRA1;PDS5A;SYCE2;TAF1D;DHX33;IRAK1;PES1;EPB41L3;NRIP1;FLNA;METTL5;UTP20;COX10;SRPK2;KRR1;OSBPL2;UPF3B;RRP1B;FANCE;APTX;PTK2;FANCG;PML;POLA1;SMTN;STAG1;ZZZ3;STAG2;TTC3;MDM2;RGS12;ERCC6;NF2;TRIP13;CENPP;EIF4G3,Spen,1002,GO_Cellular_Component_2023
Nuclear Lumen (GO:0031981),60/780,0.02776315474034302,1.6169497523000709,11.871512219887727,CCNT1;TMEM179B;GEMIN2;FMR1;SPPL2B;RBPJ;MKI67;TENT4B;SMG6;CDC14B;NUSAP1;RBM7;SPG11;MAGI1;PBRM1;WDR36;PPP1R12A;DIMT1;DDX55;DNTTIP1;VRK1;URB2;LARP4B;SIRT2;REXO4;ETV6;ILF3;SHQ1;SDHAF2;DKC1;ZCCHC8;MEAF6;PRKDC;PNKP;PARN;TAF1D;DHX33;PES1;NRIP1;FLNA;METTL5;UTP20;COX10;SRPK2;KRR1;UPF3B;RRP1B;APTX;FANCG;PML;SETX;POLA1;STAG2;ZZZ3;TTC3;MDM2;RGS12;ERCC6;NF2;CENPP,Spen,1002,GO_Cellular_Component_2023
RNA Binding (GO:0003723),98/1411,2.884155931735152e-6,2.0023828960510053,37.986978391328556,TFRC;FMR1;MSI1;ENO1;VIRMA;ENDOV;UBAP2L;MTPAP;RARS2;SECISBP2;ALG13;DICER1;LARP4B;GTPBP1;FAM133B;ILF3;ZC3H11A;ZCCHC8;RTN4;FXR1;DHX30;HNRNPDL;ERI3;HLTF;SAFB2;MAP4;TRMT1L;RBM10;N4BP1;MARK2;CHTOP;CPSF7;RBPMS;UPF3B;PRRC2C;HELZ;PUM1;LSM2;PUM2;SRPK1;LSM6;FUBP3;GOLGB1;AGO2;RNPS1;EIF4G3;DZIP3;SUGP2;RPS24;EIF4G1;RBM25;AKAP8L;BRCA1;ZCCHC17;PHF6;YBX3;LRRFIP1;RBM34;EIF5A;TOP3B;PABPC4;RBM18;TRNAU1AP;DDX50;SARS2;PKM;SLTM;NOA1;THRAP3;ESRP1;STRAP;ALDOA;RBMS2;POLDIP3;SRRT;AKAP8;MTIF2;UNK;FAM120A;RALY;SRSF11;PTPN1;RBM39;MYEF2;YTHDF3;KRR1;IMMT;RSRC2;TPD52L2;APTX;U2SURP;KTN1;SEC23IP;TRMT6;HNRNPA2B1;ACIN1;TNRC6A;R3HDM2,Strap,766,GO_Molecular_Function_2023
GTPase Binding (GO:0051020),27/225,3.938185723917275e-5,3.512609177020544,55.02033778651392,USP6NL;GARRE1;MAPKAP1;ARHGAP1;CIB1;STK19;ENO1;AMBRA1;YBX3;GGA1;AP3M1;AP1G1;ANKFY1;ERC1;DNM1L;RAB11FIP3;PLEKHG3;GIT2;HACE1;ANKRD27;MYO9B;GAPVD1;CYRIB;LSM2;MYO1C;RRAGB;PEX5,Strap,766,GO_Molecular_Function_2023
Small GTPase Binding (GO:0031267),24/199,1.1604216236959379e-4,3.5226492106276472,49.94254508777742,USP6NL;PLEKHG3;GIT2;HACE1;ANKRD27;GARRE1;MAPKAP1;ARHGAP1;MYO9B;CIB1;STK19;GAPVD1;CYRIB;YBX3;LSM2;GGA1;AP3M1;MYO1C;AP1G1;PEX5;ANKFY1;ERC1;DNM1L;RAB11FIP3,Strap,766,GO_Molecular_Function_2023
mRNA Binding (GO:0003729),28/282,5.430137649910952e-4,2.8350724452126412,35.00375954759182,RBM25;POLDIP3;FMR1;MSI1;YBX3;FXR1;UNK;N4BP1;CHTOP;CPSF7;MYEF2;YTHDF3;RBPMS;SECISBP2;PABPC4;UPF3B;LARP4B;PUM1;PUM2;PKM;FUBP3;ESRP1;AGO2;HNRNPA2B1;RNPS1;EIF4G3;RBMS2;EIF4G1,Strap,766,GO_Molecular_Function_2023
Nuclear Receptor Binding (GO:0016922),14/115,0.01225944383788764,3.5267274067832317,31.593629041330875,TCF7L2;KDM3A;NCOA6;WBP2;GTF2H1;ARID1A;FOXP1;MED22;MED14;NCOR1;THRAP3;NSD1;TADA3;NRIP1,Strap,766,GO_Molecular_Function_2023
Ubiquitin-Like Protein Transferase Activity (GO:0019787),22/240,0.01225944383788764,2.579362730590905,22.76108948292177,ATG3;UBE2H;HACE1;UBE2B;FBXW11;BRCA1;CHFR;ZNRF1;RNF115;RNF214;ITCH;TTC3;MARCHF8;MDM2;UBA3;ERCC8;ARIH1;BCOR;BTRC;DZIP3;TRIM33;ATG5,Strap,766,GO_Molecular_Function_2023
mRNA 3'-UTR Binding (GO:0003730),12/93,0.015814157460192983,3.763238039100108,31.669709027825274,FXR1;ILF3;FMR1;PABPC4;SECISBP2;HNRNPA2B1;RNPS1;LARP4B;PUM1;YBX3;RBMS2;PUM2,Strap,766,GO_Molecular_Function_2023
Nuclear Thyroid Hormone Receptor Binding (GO:0046966),6/27,0.028627942117374596,7.222932330827068,55.51063903073435,MED22;NCOR1;NCOA6;THRAP3;NSD1;GTF2H1,Strap,766,GO_Molecular_Function_2023
Annealing Activity (GO:0140666),3/5,0.028627942117374596,37.8086500655308,285.3094252616526,FXR1;FMR1;RECQL,Strap,766,GO_Molecular_Function_2023
Cadherin Binding (GO:0045296),25/319,0.028627942117374596,2.1734739779852563,16.114060309475743,PDXDC1;CTNND1;ARHGAP1;ENO1;RTN4;SLC9A3R2;MPRIP;ERC1;LRRFIP1;PROM1;ARGLU1;MARK2;PTPN1;IST1;SCRIB;EPS15L1;GAPVD1;KTN1;PKM;CTTN;ABI1;NUMB;PKP4;ALDOA;PFKP,Strap,766,GO_Molecular_Function_2023
Histone Demethylase Activity (GO:0032452),6/29,0.028627942117374596,6.5941647597254,47.98963719582266,KDM5A;KDM3A;KDM5C;KDM3B;KDM2A;KDM2B,Strap,766,GO_Molecular_Function_2023
miRNA Binding (GO:0035198),6/29,0.028627942117374596,6.5941647597254,47.98963719582266,FMR1;AGO2;HNRNPA2B1;PUM1;RBM10;PUM2,Strap,766,GO_Molecular_Function_2023
Protein Serine/Threonine Kinase Activity (GO:0004674),26/342,0.028627942117374596,2.103438248374957,15.151130450990605,PRKAA1;STK19;CHEK2;STK16;PHKG2;TLK2;TLK1;MAP4K5;MARK3;MARK2;BRD4;MAP2K6;PLK4;MAP3K3;CHUK;LIMK2;CDC7;VRK1;PRKAB1;CLK4;SRPK1;CLK2;MELK;RPS6KB2;CSNK1G2;CILK1,Strap,766,GO_Molecular_Function_2023
Regulatory RNA Binding (GO:0061980),7/42,0.03515958808098523,5.059025032938076,35.02569787899932,FMR1;AGO2;HNRNPA2B1;DICER1;PUM1;RBM10;PUM2,Strap,766,GO_Molecular_Function_2023
Ubiquitin-Protein Transferase Activity (GO:0004842),29/412,0.042620036089142534,1.9367168430338222,12.902385728942747,LTN1;DTX2;BRCA1;UBE3B;ZNRF1;RNF115;RNF214;RNF215;HLTF;MARCHF8;TRIM26;ARIH1;BTRC;RNF111;UBE2H;HACE1;RING1;UBE2B;FBXW11;CHFR;ITCH;TTC3;MDM2;ERCC8;BCOR;RNF185;DZIP3;TRIM33;RNF121,Strap,766,GO_Molecular_Function_2023
Endonuclease Activity (GO:0004519),8/58,0.04912379054485126,4.049393139841689,26.140578837179685,MUS81;NTHL1;PNKP;AGO2;PMS2;DICER1;N4BP2;ANKZF1,Strap,766,GO_Molecular_Function_2023
DNA Damage Response (GO:0006974),37/384,7.433461889250281e-4,2.762534441795836,41.72086804918898,MUS81;ATF2;STXBP4;FMR1;PNKP;HTRA2;CIB1;SMC6;BRCA1;ENDOV;HPF1;RBBP5;CHEK2;HLTF;TLK2;RBBP8;KMT5B;NAE1;BID;MAP2K6;CBX5;UBE2B;NCOA6;USP3;XRCC3;ATRX;RECQL;GTF2H1;VRK1;USP28;FOXP1;IRF3;MSH3;TIMELESS;ERCC8;CEP63;RAD18,Strap,766,GO_Biological_Process_2023
DNA Metabolic Process (GO:0006259),30/288,8.176303011262643e-4,2.9979777553083924,42.35348856703398,MUS81;FMR1;PNKP;BRCA1;ENDOV;HPF1;NTHL1;HLTF;RBBP8;SMARCAD1;KMT5B;POLE;POLG;CTC1;TOP3B;TCF7L2;UBE2B;USP3;ACTR5;XRCC3;ATRX;RECQL;REV1;DONSON;GTF2H1;LRWD1;RAD52;MSH3;TIMELESS;RAD18,Strap,766,GO_Biological_Process_2023
DNA Repair (GO:0006281),30/291,8.176303011262643e-4,2.9630497251374313,41.21165911998274,MUS81;FMR1;PNKP;CIB1;BRCA1;ENDOV;HPF1;NTHL1;CHEK2;HLTF;RBBP8;PMS2;KMT5B;POLE;UBE2B;USP3;ACTR5;XRCC3;ATRX;RECQL;GTF2H1;MLH1;FANCE;APTX;RAD52;MSH3;TIMELESS;ERCC8;RAD18;RHNO1,Strap,766,GO_Biological_Process_2023
Regulation Of Histone Modification (GO:0031056),7/18,0.0017405077345002025,16.117020002395495,207.35067999893607,FLCN;HPF1;TADA2A;ZZZ3;NFYC;TADA3;KAT14,Strap,766,GO_Biological_Process_2023
Chromatin Remodeling (GO:0006338),23/228,0.012771220096583692,2.8734333453697927,30.59965962730098,KDM5A;SS18;PBRM1;CHTOP;KDM5C;USP15;BRPF1;RING1;KDM2B;PHF10;USP3;ACTR5;ATRX;BAZ2B;ARID1A;SIRT2;CECR2;HPF1;TADA2A;MTF2;SMARCAD1;BCOR;MTA3,Strap,766,GO_Biological_Process_2023
Chromatin Organization (GO:0006325),25/268,0.01798189838086427,2.6367160382754924,26.695879492099674,KDM5A;NAA60;KDM5C;HDAC10;BAZ2B;CECR2;SMARCAD1;MTA3;SS18;PBRM1;CHTOP;BRPF1;CBX5;RING1;KDM2B;PHF10;ACTR5;ATRX;LRWD1;ARID1A;TADA2A;ZZZ3;NASP;MTF2;BCOR,Strap,766,GO_Biological_Process_2023
Organelle Assembly (GO:0070925),28/322,0.019268022039234205,2.444186346625371,24.200959542467867,FMR1;DYNLT2B;CEP164;AMBRA1;CDC14B;FXR1;AP3M1;AP1G1;NEK1;IFT57;ATG5;RAB8B;PLK4;IQCB1;ATG3;YTHDF3;IST1;SEPTIN6;IFT122;STAM;ATG13;ATAT1;NSFL1C;IFT81;TMEM237;CHMP2A;CILK1;CEP89,Strap,766,GO_Biological_Process_2023
Protein Phosphorylation (GO:0006468),37/500,0.03677572062930293,2.057693162324792,18.76928021048779,ATF2;APP;PRKAA1;USP15;CCNT1;STK19;CHEK2;STK16;TLK2;NEK1;TLK1;ERC1;MAP4K5;MARK3;MARK2;PLK4;MAP3K3;TGFB1;TBP;CHUK;STRADA;LIMK2;CDC7;VRK1;ATG13;PRKAB1;CLK4;PTK2;SRPK1;CLK2;ILF3;MELK;CREB1;TAF8;CSNK1G2;CILK1;TAF2,Strap,766,GO_Biological_Process_2023
Positive Regulation Of Cell Cycle Process (GO:0090068),14/118,0.04613590724838733,3.4244578559738135,29.72936254416108,PLK4;XRCC3;ATRX;CDC7;SMC6;SIRT2;CDC14B;NSFL1C;DBF4;PKP4;NCAPD3;ECT2;RAD18;RHNO1,Strap,766,GO_Biological_Process_2023
Regulation Of miRNA-mediated Gene Silencing (GO:0060964),5/15,0.04613590724838733,12.630749014454665,109.10109977360568,FXR1;FMR1;PUM1;PUM2;EIF4G1,Strap,766,GO_Biological_Process_2023
Positive Regulation Of Protein Metabolic Process (GO:0051247),19/196,0.04613590724838733,2.7385095939312807,23.330597067771432,APP;TGFB1;YTHDF3;TIPARP;FBXW11;IST1;POLDIP3;FMR1;UPF3B;LARP4B;OAZ2;FXR1;ASPH;AGO2;METTL5;BTRC;EIF4G3;MAP2K5;EIF4G1,Strap,766,GO_Biological_Process_2023
Protein Modification Process (GO:0036211),47/711,0.04613590724838733,1.8281540627042243,15.519742386969108,APP;PRKAA1;PIGT;CCNT1;PPM1M;STK19;CDC14B;CHEK2;TLK2;NEK1;TLK1;BTRC;MAP4K5;MARK3;MARK2;ATG5;ILKAP;B3GALNT2;PLK4;PTPN1;ATE1;TGFB1;TBP;CHUK;STRADA;FBXW11;LIMK2;FN1;ALG3;VRK1;ATG13;PRKAB1;PTK2;SUMF1;SRPK1;CLK2;ILF3;PPM1B;MELK;CREB1;CTDSP2;MGAT4B;UBA3;TAF8;CSNK1G2;CILK1;TAF2,Strap,766,GO_Biological_Process_2023
Positive Regulation Of miRNA-mediated Gene Silencing (GO:2000637),4/9,0.047747447353467525,20.18792650918635,169.07226958839232,FXR1;FMR1;PUM1;PUM2,Strap,766,GO_Biological_Process_2023
Intracellular Membrane-Bounded Organelle (GO:0043231),299/5175,7.554407910827241e-14,1.8853177649387904,67.49684337212894,ATF2;VPS29;TFRC;HDAC10;EHMT2;ITSN1;THYN1;ENO1;SMC6;RBPJ;GABPB1;CHEK2;BBX;ANKFY1;UBAP2L;RNF111;ESCO1;SLC35C2;RECQL;HNF1B;DICER1;ARMC8;RFX1;PRKAB1;NISCH;BIN1;RRAGB;PREB;RHNO1;LLGL2;ILRUN;PDXDC1;BAZ2B;OAZ2;OSGEP;FXR1;DHX30;NTHL1;DPH3;HLTF;RAB11FIP3;KAT14;TRMT1L;RBM10;N4BP1;LHPP;VTI1B;CTC1;HACE1;TIPARP;XRCC3;INTS2;NFATC3;UPF3B;TMEM192;CDC7;STAM;PTK2;WAPL;SRPK1;MLLT10;STAG1;TADA2A;FUBP3;GOLGB1;AGO2;PPT1;RNPS1;PKIG;RAD18;RPS24;CEP57;RPAIN;SETD5;SETD6;ZBTB8OS;MIA3;BRCA1;OSBPL11;PHF6;N4BP2L2;MED14;ZMYM2;ARIH1;APPL1;TOP3B;SS18;BRD1;PBRM1;RING1;NCOA6;STRADA;PABPC4;ACAD9;AEN;SIRT2;MED22;AFTPH;NCOR1;CTTN;SLTM;MTF2;G2E3;ALDOA;AKAP8;GGA1;NSD1;HSF1;USP1;PMS2;METTL5;MARCHF7;TBL1X;APBB3;SRSF11;NKTR;BRD4;CENPU;MYEF2;NFYC;MLH1;APTX;SEC23IP;ITCH;TFAP4;CENPH;SNX15;TRMT6;TTC3;HNRNPA2B1;EEF1AKMT2;N6AMT1;MTCH2;MIDN;CCNT1;FMR1;GEMIN2;CTNND1;INPPL1;UBP1;STK19;CIB1;VIRMA;CDC14B;MPC2;NEK1;SMARCAD1;KMT5B;MTPAP;NEPRO;FADS1;GTF2I;TLE1;BORA;KDM2B;IST1;FBXW11;USP3;VRK1;CFAP410;THOC7;FOXP1;CLIP1;ILF3;DMTF1;MSH3;TIMELESS;PKP4;GEMIN8;CSNK1G2;ZCCHC8;ANKRD16;PSMD14;TCF7;HTRA2;SBNO1;SAFB2;TBC1D14;RPRD1B;NAE1;ECT2;CHTOP;CPSF7;UBE2H;ANKRD27;BRPF1;CBX5;TGFB1;UBE2B;BRPF3;PHF12;RFXANK;MACO1;FANCE;CLK4;LSM2;CLK2;NSFL1C;DAB2;LSM6;P4HA1;NASP;CNOT2;TADA3;MDM2;UBA3;EIF4G1;MDM1;KDM5A;MUS81;KDM5C;AKAP8L;CEP164;UFSP2;PIK3C2A;YBX3;RESF1;SENP6;FLCN;HPF1;AP1G1;SIN3A;TLK2;TLK1;DNM1L;GUSB;TNPO2;POLE;ILKAP;POLG;EIF5A;TBP;ACTR6;ACTR5;AKTIP;DNMT3A;ATRX;TRNAU1AP;ARID1A;MSL1;PPM1B;PKM;CREB1;TFDP2;IRF3;THRAP3;ESRP1;DNAJC5;DNAJC8;ITGB3BP;RBMS2;CILK1;LAMA5;PRKAA1;KDM3A;USP15;PPM1M;WBP2;POLDIP3;PNKP;AMBRA1;MLLT3;UACA;CECR2;ZNRF1;RBBP5;NRIP1;FAM120A;RBBP8;RALY;E2F6;MTA3;ATF7IP;TCF7L2;ATE1;SWT1;LIMK2;DONSON;LRWD1;MCOLN1;USP28;CHFR;U2SURP;RAD52;MYO1C;DOLPP1;BRMS1L;TAF8;ERCC8;ACIN1;NAA16;QRICH1;BCOR;SPG21;TRIM33;TNRC6A;PFKP;TAF2;SSBP4,Strap,766,GO_Cellular_Component_2023
Nucleus (GO:0005634),258/4487,3.270040469702305e-11,1.801998015204354,52.325941088105154,ATF2;HDAC10;EHMT2;THYN1;ENO1;SMC6;RBPJ;GABPB1;CHEK2;BBX;UBAP2L;RNF111;ESCO1;RECQL;HNF1B;DICER1;ARMC8;PRKAB1;BIN1;RRAGB;PREB;RHNO1;ILRUN;BAZ2B;OAZ2;OSGEP;FXR1;DHX30;NTHL1;DPH3;HLTF;KAT14;TRMT1L;RBM10;N4BP1;LHPP;CTC1;HACE1;TIPARP;XRCC3;INTS2;NFATC3;UPF3B;TMEM192;CDC7;PTK2;WAPL;SRPK1;MLLT10;STAG1;TADA2A;FUBP3;AGO2;PPT1;RNPS1;PKIG;RAD18;RPS24;CEP57;RPAIN;SETD5;SETD6;ZBTB8OS;BRCA1;PHF6;N4BP2L2;MED14;ZMYM2;ARIH1;APPL1;TOP3B;SS18;BRD1;PBRM1;RING1;NCOA6;STRADA;PABPC4;ACAD9;AEN;SIRT2;MED22;NCOR1;SLTM;MTF2;G2E3;ALDOA;AKAP8;NSD1;HSF1;USP1;PMS2;METTL5;MARCHF7;TBL1X;APBB3;SRSF11;NKTR;BRD4;CENPU;MYEF2;NFYC;MLH1;APTX;TFAP4;CENPH;TRMT6;TTC3;HNRNPA2B1;EEF1AKMT2;N6AMT1;MTCH2;MIDN;CCNT1;FMR1;GEMIN2;CTNND1;INPPL1;UBP1;STK19;CIB1;VIRMA;CDC14B;MPC2;NEK1;SMARCAD1;KMT5B;NEPRO;GTF2I;TLE1;BORA;KDM2B;FBXW11;USP3;VRK1;THOC7;FOXP1;CLIP1;ILF3;DMTF1;MSH3;TIMELESS;PKP4;GEMIN8;CSNK1G2;ZCCHC8;ANKRD16;PSMD14;TCF7;HTRA2;SBNO1;SAFB2;RPRD1B;NAE1;ECT2;CHTOP;CPSF7;UBE2H;BRPF1;CBX5;TGFB1;UBE2B;BRPF3;PHF12;RFXANK;MACO1;FANCE;CLK4;LSM2;CLK2;NSFL1C;LSM6;NASP;CNOT2;TADA3;MDM2;UBA3;EIF4G1;MDM1;KDM5A;MUS81;KDM5C;AKAP8L;UFSP2;YBX3;RESF1;SENP6;FLCN;HPF1;SIN3A;TLK2;TLK1;TNPO2;POLE;ILKAP;EIF5A;TBP;ACTR6;ACTR5;AKTIP;DNMT3A;ATRX;TRNAU1AP;ARID1A;MSL1;PPM1B;PKM;CREB1;TFDP2;IRF3;THRAP3;ESRP1;DNAJC8;ITGB3BP;RBMS2;CILK1;LAMA5;PRKAA1;KDM3A;USP15;PPM1M;WBP2;POLDIP3;PNKP;AMBRA1;MLLT3;UACA;CECR2;RBBP5;NRIP1;FAM120A;RBBP8;RALY;E2F6;MTA3;ATF7IP;TCF7L2;ATE1;SWT1;LIMK2;DONSON;LRWD1;USP28;CHFR;U2SURP;RAD52;MYO1C;BRMS1L;TAF8;ERCC8;ACIN1;NAA16;QRICH1;BCOR;TRIM33;PFKP;TAF2;SSBP4,Strap,766,GO_Cellular_Component_2023
Mitotic Spindle (GO:0072686),22/143,2.3830128134710313e-6,4.6708211143695015,81.43941568707045,IQCB1;LIMK2;CDC7;EML2;WAPL;SIRT2;CDC14B;EML4;ATAT1;FLCN;WRAP73;TADA2A;ZZZ3;NCOR1;TFDP2;TADA3;PKP4;MAP4;TBL1X;ECT2;KAT14;CLASP1,Strap,766,GO_Cellular_Component_2023
Spindle (GO:0005819),22/210,0.0013183562574958629,2.9956817661862276,32.4501951181114,IQCB1;LIMK2;CDC7;EML2;WAPL;SIRT2;CDC14B;EML4;ATAT1;FLCN;WRAP73;TADA2A;ZZZ3;NCOR1;TFDP2;TADA3;PKP4;MAP4;TBL1X;ECT2;KAT14;CLASP1,Strap,766,GO_Cellular_Component_2023
Chromosome (GO:0005694),17/164,0.01023696113134319,2.947049580847025,25.22545128765106,PBRM1;ESCO1;KRR1;FMR1;RECQL;SMC6;BRCA1;FANCE;MLH1;WAPL;SIRT2;SELENOO;SYCE2;STAG1;CENPH;RBM34;RHNO1,Strap,766,GO_Cellular_Component_2023
Platelet Alpha Granule Lumen (GO:0031093),9/66,0.039444850535847654,3.999930473475631,28.1128751870534,SRGN;APP;TGFB1;FN1;VEGFB;PCYOX1L;ALDOA;CYRIB;VTI1B,Strap,766,GO_Cellular_Component_2023
ATAC Complex (GO:0140672),4/13,0.04414157402168625,11.213181685622631,75.820077852463,TADA2A;ZZZ3;TADA3;KAT14,Strap,766,GO_Cellular_Component_2023
RNA Binding (GO:0003723),122/1411,2.039774668005137e-17,2.8573552152701485,127.60275171446084,SRP19;SLC4A1AP;FMR1;RTCA;HNRNPR;MSI1;ENO1;MKI67;GPATCH8;CCAR1;TIAL1;FBRSL1;UBAP2L;AGFG1;RARS2;NOM1;TYW5;DDX11;SECISBP2;ACTN1;METTL3;LARP4B;ZCRB1;ACTN4;GTPBP1;SRRM1;ILF3;PRPF3;TFAM;DAP3;ANKRD17;RTF1;RCC1L;FXR1;BAG4;PCBP4;PCBP2;SAFB2;UTP20;LTA4H;MAP4;ZC3H14;TRMT1L;CHTOP;TIA1;CPSF6;HMGA1;ERAL1;PUM1;LSM2;EIF5;LSM6;RNPS1;LSM14A;RPS24;SUGP1;RBM27;DIDO1;RBM25;CELF1;AKAP8L;DDX42;SMG6;FASTK;UBTF;NELFCD;LRRFIP1;BUD23;ZC3H10;NCBP1;PPHLN1;TRNAU1AP;GNL2;REXO4;SUPV3L1;MRPS9;SARS2;PKM;SLTM;THRAP3;CSDE1;EIF4E2;RBM47;STAU1;RNMT;POLDIP3;USP10;WBP4;AKAP8;U2AF1;RRBP1;ADD1;MTHFSD;SCAF8;BCLAF1;TCOF1;FIP1L1;TRA2B;RALY;SMNDC1;EXOSC1;NOP56;PTCD3;PTPN1;DYNC1H1;RBM39;MYEF2;KRR1;IMMT;RSRC2;RRP1B;TPD52L2;CDK11B;U2SURP;KTN1;SEC23IP;TNIP1;HNRNPA2B1;TSR1;ACIN1;FAM98A;TNRC6A,Tra2b,718,GO_Molecular_Function_2023
mRNA 3'-UTR Binding (GO:0003730),15/93,2.6859092326525134e-4,5.253309990152095,72.26301168511536,RBM47;TIA1;CPSF1;CELF1;FMR1;SECISBP2;LARP4B;PUM1;TIAL1;FXR1;ILF3;PCBP4;EXOSC8;HNRNPA2B1;RNPS1,Tra2b,718,GO_Molecular_Function_2023
mRNA Binding (GO:0003729),27/282,6.522565776652383e-4,2.9155188558780964,36.33610255028481,RBM25;RBM47;SLC4A1AP;CELF1;POLDIP3;FMR1;HNRNPR;MSI1;TIAL1;FXR1;SCAF8;PCBP4;TRA2B;PCBP2;CHTOP;TIA1;MYEF2;CPSF6;NCBP1;SECISBP2;METTL3;LARP4B;PUM1;PKM;HNRNPA2B1;RNPS1;LSM14A,Tra2b,718,GO_Molecular_Function_2023
Nuclear Thyroid Hormone Receptor Binding (GO:0046966),6/27,0.03680690134797564,7.729133226324238,62.072273715737836,MED22;NCOR1;THRAP3;GTF2H1;BRD8;MED17,Tra2b,718,GO_Molecular_Function_2023
Nuclear Receptor Coactivator Activity (GO:0030374),8/50,0.03680690134797564,5.161636485580147,40.71923648281382,MED22;THRAP3;CARM1;HMGA1;ACTN4;BRD8;CCAR1;MED17,Tra2b,718,GO_Molecular_Function_2023
Annealing Activity (GO:0140666),3/5,0.03680690134797564,40.44755244755245,312.93652945536405,FXR1;FMR1;RECQL,Tra2b,718,GO_Molecular_Function_2023
Single-Stranded DNA Binding (GO:0003697),11/96,0.045285645337249755,3.513886346617855,25.777817841683774,RAD52;MSH3;RNF138;DDX11;ERCC1;PCBP2;RECQL;RAD23A;RTF1;POLR2H;REXO4,Tra2b,718,GO_Molecular_Function_2023
RNA Polymerase II Complex Binding (GO:0000993),6/31,0.045285645337249755,6.491123595505618,47.00781029653398,SCAF8;SMYD2;WAC;RPRD1B;PEX2;BRD4,Tra2b,718,GO_Molecular_Function_2023
DNA Damage Response (GO:0006974),33/384,0.005286441674035204,2.5983030756753385,32.52405365081513,MUS81;USP10;FMR1;CIB1;PDS5B;BCLAF1;STK11;CHEK2;POLD1;CHEK1;TLK2;RBBP8;NAE1;TOPBP1;BID;MUTYH;UBE2B;MGMT;KMT5C;DDX11;METTL3;ATRX;RECQL;GTF2H1;VRK1;BAZ1B;REXO4;TTC5;MSH3;ERCC1;WAC;CEP63;HDGFL2,Tra2b,718,GO_Biological_Process_2023
Regulation Of Cell Cycle Process (GO:0010564),17/130,0.005286441674035204,4.1138828222640225,50.95061144205321,PBRM1;BORA;MKI67;PKMYT1;PUM1;RAB11A;FLCN;DBF4;RACGAP1;BIN1;CHEK1;DPF2;RPRD1B;CEP85;ENTR1;ECT2;RAB11FIP3,Tra2b,718,GO_Biological_Process_2023
RNA Processing (GO:0006396),20/183,0.006367899932167809,3.3608733102466295,38.70309914087558,RBM39;CPSF6;NCBP1;PDCD7;CELF1;METTL3;AKAP8L;WBP4;HNRNPR;U2AF1;ZCRB1;SRRM1;ARVCF;LSM6;PRPF3;FASTK;EXOSC8;HNRNPA2B1;RNPS1;EXOSC1,Tra2b,718,GO_Biological_Process_2023
mRNA Metabolic Process (GO:0016071),13/85,0.006367899932167809,4.919818754925138,56.60630515277049,CPSF6;NCBP1;CELF1;AKAP8L;METTL3;HNRNPR;U2AF1;LSM2;LSM6;PRPF3;HSF1;PCBP2;HNRNPA2B1,Tra2b,718,GO_Biological_Process_2023
DNA Metabolic Process (GO:0006259),26/288,0.008380718487254876,2.727573578078807,30.025028929249473,MUS81;INO80B;RNASEH2A;FMR1;PDS5B;ORC6;POLD1;CHEK1;RBBP8;TOPBP1;POLG;MUTYH;TCF7L2;UBE2B;MGMT;KMT5C;ATRX;RECQL;REV1;GTF2H1;TERF2;REXO4;SUPV3L1;RAD52;MSH3;ERCC1,Tra2b,718,GO_Biological_Process_2023
Regulation Of mRNA Processing (GO:0050684),8/35,0.011034221220287486,8.03547209181012,84.70688451946302,RBM39;TIA1;NCBP1;SLTM;PAPOLA;SAFB2;CDK11B;SRRM1,Tra2b,718,GO_Biological_Process_2023
"Regulation Of mRNA Splicing, Via Spliceosome (GO:0048024)",13/94,0.011034221220287486,4.371123369232116,45.444047151355115,RBM39;RBM25;RBM47;TIA1;NCBP1;CELF1;FMR1;SRRM1;FXR1;THRAP3;PCBP4;TRA2B;RNPS1,Tra2b,718,GO_Biological_Process_2023
Macromolecule Catabolic Process (GO:0009057),12/85,0.015305054877559933,4.472583336567193,44.309619455208775,MUS81;SUPV3L1;RNASEH2A;NCBP1;CHEK2;EXOSC8;PPT1;CLN8;USE1;REXO4;EXOSC1;SIDT2,Tra2b,718,GO_Biological_Process_2023
DNA Repair (GO:0006281),25/291,0.015305054877559933,2.5789582180559623,25.32002298018839,MUS81;RNASEH2A;FMR1;CIB1;PDS5B;CHEK2;POLD1;CHEK1;RBBP8;TOPBP1;MUTYH;UBE2B;MGMT;KMT5C;ASCC1;ATRX;RECQL;GTF2H1;RAD23A;FANCE;REXO4;RAD52;MSH3;ERCC1;ERCC6,Tra2b,718,GO_Biological_Process_2023
Protein Transport (GO:0015031),26/313,0.017281637301617216,2.4867072163702644,23.85026982379427,VPS29;LMAN2L;STXBP2;MIA2;MIA3;VPS26B;GGA1;GOLGA4;SCFD1;ARFIP1;STX3;RAB28;RAB6A;TMED5;SEC31A;STX8;ASPSCR1;TIMM44;DNM2;CENPF;SEC23IP;PPT1;CHMP2A;IFT27;COPG1;BLZF1,Tra2b,718,GO_Biological_Process_2023
Vesicle-Mediated Transport (GO:0016192),31/411,0.01955263504348696,2.24454914579024,20.95024783381015,STXBP2;MIA2;MIA3;GOLGA4;AP5M1;RAB25;AP1G1;AP3S1;STX3;RAB11FIP3;VPS16;VTI1B;STX8;VTA1;AKTIP;RAB11A;EPN1;DNM2;EPN2;NECAP2;BIN3;HOOK2;BIN1;VPS41;OCIAD1;CHMP2A;KXD1;IFT27;OSBPL1A;EXOC2;CSNK1G2,Tra2b,718,GO_Biological_Process_2023
Golgi Vesicle Transport (GO:0048193),19/197,0.01955263504348696,2.917297584028548,27.0880352247926,COG8;SEC24B;LMAN2L;PITPNB;MIA2;MIA3;USE1;DNM2;GOLGA4;SCFD1;TRAPPC6B;SGSM2;TBC1D14;COPG1;RAB6A;SEC24C;TMED5;SEC31A;VTI1B,Tra2b,718,GO_Biological_Process_2023
Nucleobase-Containing Compound Catabolic Process (GO:0034655),8/44,0.026926183543846825,6.0237871674491394,53.05595447090364,MUS81;SUPV3L1;RNASEH2A;NCBP1;EXOSC8;EXOSC1;REXO4;SIDT2,Tra2b,718,GO_Biological_Process_2023
Stress Granule Assembly (GO:0034063),6/24,0.026926183543846825,9.0187265917603,78.708570642931,DYNC1H1;TIA1;FMR1;CSDE1;UBAP2L;LSM14A,Tra2b,718,GO_Biological_Process_2023
Positive Regulation Of Hippo Signaling (GO:0035332),4/9,0.026926183543846825,21.59887955182073,186.27856486568916,TIAL1;SRC;DLG5;SCHIP1,Tra2b,718,GO_Biological_Process_2023
Positive Regulation Of miRNA-mediated Gene Silencing (GO:2000637),4/9,0.026926183543846825,21.59887955182073,186.27856486568916,FXR1;TIAL1;FMR1;PUM1,Tra2b,718,GO_Biological_Process_2023
RNA Catabolic Process (GO:0006401),9/57,0.026926183543846825,5.086565585331453,43.83104756575331,SUPV3L1;RNASEH2A;LSM6;NCBP1;METTL3;EXOSC8;EXOSC1;SIDT2;LSM2,Tra2b,718,GO_Biological_Process_2023
RNA Splicing (GO:0008380),12/98,0.028281286160844223,3.793925818565123,32.289201388056306,ARVCF;LSM6;NCBP1;PDCD7;PRPF3;TRA2B;WBP4;RNPS1;U2AF1;ZCRB1;SMNDC1;SRRM1,Tra2b,718,GO_Biological_Process_2023
mRNA Processing (GO:0006397),19/214,0.03503617656939861,2.6605993910714942,21.8327708461808,CPSF6;NCBP1;RNMT;CELF1;METTL3;WBP4;HNRNPR;U2AF1;SRRM1;LSM2;U2AF1L4;LSM6;PRPF3;TRA2B;HNRNPA2B1;PAPOLA;RNPS1;RPRD1B;RALY,Tra2b,718,GO_Biological_Process_2023
Regulation Of mRNA Polyadenylation (GO:1900363),4/10,0.03503617656939861,17.99813258636788,146.5485517051726,CPSF6;NCBP1;HSF1;ZC3H14,Tra2b,718,GO_Biological_Process_2023
Positive Regulation Of Post-Transcriptional Gene Silencing By RNA (GO:1900370),4/10,0.03503617656939861,17.99813258636788,146.5485517051726,FXR1;TIAL1;FMR1;PUM1,Tra2b,718,GO_Biological_Process_2023
Macroautophagy (GO:0016236),12/104,0.04050295997258125,3.545387362975736,28.18908070943684,SRC;VTA1;MTMR14;NBR1;VPS41;CHMP2A;UBQLN1;WIPI2;SPG11;ATG5;VPS16;VTI1B,Tra2b,718,GO_Biological_Process_2023
Regulation Of Mitochondrion Organization (GO:0010821),8/50,0.041223865043562985,5.161636485580147,40.71923648281382,FLCN;MTCH2;RHOT1;MUL1;OMA1;DNM1L;MFF;CYRIB,Tra2b,718,GO_Biological_Process_2023
DNA Double-Strand Break Processing Involved In Repair Via Single-Strand Annealing (GO:0010792),3/5,0.043208012310014934,40.44755244755245,312.93652945536405,RAD52;RNF138;RBBP8,Tra2b,718,GO_Biological_Process_2023
Double-Strand Break Repair Via Single-Strand Annealing (GO:0045002),3/5,0.043208012310014934,40.44755244755245,312.93652945536405,RAD52;RNF138;RBBP8,Tra2b,718,GO_Biological_Process_2023
Programmed Necrotic Cell Death (GO:0097300),4/11,0.043208012310014934,15.426170468187275,119.07788080046619,IPMK;PPIF;TRPM7;DNM1L,Tra2b,718,GO_Biological_Process_2023
Cell Cycle G2/M Phase Transition (GO:0044839),7/40,0.04469858502767547,5.742786514938413,43.709428780856825,CHEK2;AKAP8L;ENSA;AKAP8;PKMYT1;TAF2;DNM2,Tra2b,718,GO_Biological_Process_2023
mRNA 3'-End Processing (GO:0031124),7/40,0.04469858502767547,5.742786514938413,43.709428780856825,SCAF8;CPSF6;CPSF1;NCBP1;PAPOLA;RPRD1B;PEX2,Tra2b,718,GO_Biological_Process_2023
"Regulation Of Alternative mRNA Splicing, Via Spliceosome (GO:0000381)",8/53,0.048891838583071105,4.816776212832551,36.03915499068926,FXR1;RBM25;RBM47;TIA1;THRAP3;FMR1;TRA2B;RNPS1,Tra2b,718,GO_Biological_Process_2023
Transcription By RNA Polymerase II (GO:0006366),17/192,0.048891838583071105,2.647801100468718,19.7328082958045,PBRM1;GTF2A2;CCNT1;NCBP1;PEX2;GTF2H1;RTF1;NFKB1;MED17;SCAF8;TFDP1;DEAF1;TAF1A;RPRD1B;POLR2H;ERCC6;TAF2,Tra2b,718,GO_Biological_Process_2023
Intracellular Membrane-Bounded Organelle (GO:0043231),291/5175,5.037466957057342e-16,2.0090540828245746,82.02280109091946,VPS29;SLC4A1AP;RTCA;DCAF8;HNRNPR;ENO1;MKI67;GPATCH8;CCAR1;TIAL1;RPS6KA2;CHEK2;CHEK1;DPF2;FAM53A;UBAP2L;RNF111;AGFG1;TMPO;ESCO1;DDX11;SLC35C2;IFRD1;METTL3;DNTTIP1;RECQL;RFX1;ACTN4;SRRM1;NISCH;BIN1;TFAM;ANKRA2;BLZF1;LLGL2;MTMR2;CTBP1;STXBP2;COPS7B;UBE2J1;FXR1;SCFD1;RAB11FIP1;RACGAP1;PCBP4;PCBP2;LTA4H;PATZ1;RAB11FIP3;KAT14;TRMT1L;LHPP;VTI1B;SEC31A;PHC1;TIPARP;INTS2;NFATC3;CDC7;MEMO1;PTK2;MLLT10;STAG1;EIF5;STAG2;PPT1;RNPS1;PKIG;RPS24;RPAIN;SETD5;SETD6;MIA3;MED17;SMG6;ING3;NELFB;AP3S1;NELFCD;SPTAN1;TMED5;PBRM1;STRADA;TFE3;GNL2;BAZ1B;TERF2;GAK;MED22;MMP14;NCOR1;SLTM;MED21;MTF2;WAC;GPRC5C;PTMA;RNMT;ZDHHC20;GPS1;AKAP8;GGA1;SCAF8;BCLAF1;ARVCF;RNF138;PPP1R7;HSF1;EXOSC8;BRD9;BRD8;EXOSC1;NKTR;BRD4;RANBP3;MYEF2;MGMT;RRP1B;RAB11A;RNF146;CENPF;SEC23IP;FABP5;CENPH;TTC3;HNRNPA2B1;NBR1;CEP43;EEF1AKMT2;MTCH2;CCNT1;FMR1;CIB1;COMT;CDC14B;EEF1B2;STK11;PAPOLA;KMT5A;GTF2I;BORA;KDM2B;KMT5C;FBXW11;APLP2;IPMK;VRK1;CFAP410;THOC7;CLIP1;ILF3;MSH3;PRPF3;HDGFL2;CSNK1G2;ANKRD17;PDS5B;BAG6;BAG4;DEAF1;BAG1;SAFB2;SMYD2;TBC1D14;RPRD1B;NAE1;ECT2;ZC3H14;SMAD2;UBE2F;CHTOP;TIA1;ANKRD27;CPSF6;CPSF1;UBE2B;VTA1;HMGA1;ASPSCR1;DNAJC13;MACO1;FANCE;NFKB1;AZIN1;LSM2;CLK1;IFT20;NSFL1C;UBOX5;DAB2;LSM6;HOOK2;NASP;CNOT2;TADA3;UBA2;MAN2B1;OSBPL1A;FGFR1;SLC25A1;RBM27;KDM5A;MUS81;DIDO1;KDM5C;NAA40;CELF1;AKAP8L;FHL1;CEP164;DDX42;UFSP2;PIK3CB;RESF1;DTWD1;FLCN;AP1G1;UBTF;TLK2;HMG20B;BUD23;TOPBP1;DNM1L;YAF2;ILKAP;POLG;ACTR2;USP48;NCBP1;AKTIP;ATRX;RAD23A;PEX2;PPP2R5C;TRNAU1AP;REXO4;SENP1;EPN2;SUPV3L1;TRAF7;TFDP1;PKM;TFDP2;THRAP3;TRAPPC6B;TMBIM1;GAPDH;ITGB3BP;VAC14;GTF2A2;RBM47;ATF6B;POLDIP3;NAA20;USP10;WBP4;DPCD;UACA;ADD1;MAPK9;TRA2B;POLD1;MKNK2;RBBP8;BNIP2;RALY;POLR2H;DRAM2;MTA3;SMNDC1;MUTYH;TCF7L2;ATE1;PPIL2;ASCC1;IRX3;SWT1;DTNBP1;PTPN13;CDK11B;CHFR;U2SURP;RAD52;CARM1;ACIN1;QRICH1;FAM98A;ERCC6;TNRC6A;TAF2;SSBP4,Tra2b,718,GO_Cellular_Component_2023
Nucleus (GO:0005634),244/4487,5.183990297589112e-11,1.8245569023589114,52.167425477290124,RTCA;DCAF8;HNRNPR;ENO1;MKI67;GPATCH8;CCAR1;TIAL1;RPS6KA2;CHEK2;CHEK1;DPF2;FAM53A;UBAP2L;RNF111;TMPO;ESCO1;DDX11;IFRD1;METTL3;DNTTIP1;RECQL;ACTN4;SRRM1;BIN1;TFAM;ANKRA2;BLZF1;MTMR2;CTBP1;STXBP2;COPS7B;UBE2J1;FXR1;RACGAP1;PCBP4;PCBP2;LTA4H;PATZ1;KAT14;TRMT1L;LHPP;PHC1;TIPARP;INTS2;NFATC3;CDC7;MEMO1;PTK2;MLLT10;STAG1;EIF5;STAG2;PPT1;RNPS1;PKIG;RPS24;RPAIN;SETD5;SETD6;MED17;SMG6;ING3;NELFB;NELFCD;PBRM1;STRADA;TFE3;GNL2;BAZ1B;TERF2;MED22;MMP14;NCOR1;SLTM;MED21;MTF2;WAC;PTMA;RNMT;GPS1;AKAP8;SCAF8;BCLAF1;ARVCF;RNF138;PPP1R7;HSF1;EXOSC8;BRD9;BRD8;EXOSC1;NKTR;BRD4;RANBP3;MYEF2;MGMT;RRP1B;RNF146;CENPF;FABP5;CENPH;TTC3;HNRNPA2B1;CEP43;EEF1AKMT2;MTCH2;CCNT1;FMR1;CIB1;CDC14B;EEF1B2;STK11;PAPOLA;KMT5A;GTF2I;BORA;KDM2B;KMT5C;FBXW11;APLP2;IPMK;VRK1;THOC7;CLIP1;ILF3;MSH3;PRPF3;HDGFL2;CSNK1G2;ANKRD17;PDS5B;BAG6;BAG4;DEAF1;BAG1;SAFB2;SMYD2;RPRD1B;NAE1;ECT2;ZC3H14;SMAD2;UBE2F;CHTOP;TIA1;CPSF6;CPSF1;UBE2B;HMGA1;ASPSCR1;MACO1;FANCE;NFKB1;AZIN1;LSM2;CLK1;NSFL1C;UBOX5;LSM6;NASP;CNOT2;TADA3;UBA2;FGFR1;SLC25A1;RBM27;KDM5A;MUS81;DIDO1;KDM5C;NAA40;CELF1;AKAP8L;FHL1;DDX42;UFSP2;PIK3CB;RESF1;DTWD1;FLCN;UBTF;TLK2;HMG20B;BUD23;TOPBP1;YAF2;ILKAP;ACTR2;USP48;NCBP1;AKTIP;ATRX;RAD23A;PPP2R5C;TRNAU1AP;REXO4;SENP1;SUPV3L1;TFDP1;PKM;TFDP2;THRAP3;GAPDH;ITGB3BP;GTF2A2;RBM47;ATF6B;POLDIP3;NAA20;USP10;WBP4;DPCD;UACA;ADD1;MAPK9;TRA2B;POLD1;MKNK2;RBBP8;RALY;POLR2H;MTA3;SMNDC1;MUTYH;TCF7L2;ATE1;PPIL2;ASCC1;IRX3;SWT1;DTNBP1;PTPN13;CDK11B;CHFR;U2SURP;RAD52;CARM1;ACIN1;QRICH1;FAM98A;ERCC6;TAF2;SSBP4,Tra2b,718,GO_Cellular_Component_2023
Macropinosome (GO:0044354),4/6,0.0014011101786893393,54.00560224089636,576.027832371329,CARMIL1;CLIP1;MMP14;APLP2,Tra2b,718,GO_Cellular_Component_2023
Pinosome (GO:0044352),4/6,0.0014011101786893393,54.00560224089636,576.027832371329,CARMIL1;CLIP1;MMP14;APLP2,Tra2b,718,GO_Cellular_Component_2023
Chromosome (GO:0005694),18/164,0.0014011101786893393,3.3703326810176124,35.6014013810966,PBRM1;ESCO1;KRR1;FMR1;DNTTIP1;RECQL;PDS5B;RRP1B;MKI67;FANCE;SYCE2;STAG1;STAG2;CENPH;PPP1R7;EXOSC8;KMT5A;TOPBP1,Tra2b,718,GO_Cellular_Component_2023
Intracellular Non-Membrane-Bounded Organelle (GO:0043232),70/1195,0.0016442515650178006,1.7434705075445815,17.819714491869348,SRP19;CCNT1;TMEM179B;FMR1;FAF2;HNRNPR;PIK3CB;MKI67;SMG6;CDC14B;EPB41L4A;UBTF;LRRFIP1;BUD23;TOPBP1;SPG11;NOM1;ESCO1;DDX11;TPM1;DNTTIP1;RECQL;VRK1;LARP4B;GNL2;BAZ1B;REXO4;TRAF7;ILF3;MRPS9;SAPCD2;BIN1;LDAH;GAPDH;MAD1L1;INO80B;AKAP8;RRBP1;PDS5B;PKMYT1;SPATA5;ADD1;FXR1;SYCE2;TCOF1;RACGAP1;CALD1;PPP1R7;EXOSC8;BNIP2;UTP20;ZC3H14;EXOSC1;COX10;NOP56;IDH3G;KRR1;RRP1B;FANCE;PTK2;CENPF;STAG1;LSM6;STAG2;ZZZ3;CENPH;TTC3;TSR1;CEP85;ERCC6,Tra2b,718,GO_Cellular_Component_2023
Mitochondrial Membrane (GO:0031966),37/540,0.005092499133307485,2.028425628315277,17.9883136726049,SLC25A1;MRPS17;MTCH2;MTARC2;TAFAZZIN;SRC;TAMM41;COX15;TIMM9;NDUFA10;OMA1;MFF;MRPL33;RCC1L;RHOT1;OPA1;NNT;MPV17;BID;DNM1L;COX10;PTCD3;TIMMDC1;MUL1;IMMT;TIMM22;NME4;TIMM44;MRPL48;MRPL24;ATAD3A;CLPX;QTRT1;MRPS9;COQ2;KRAS;DAP3,Tra2b,718,GO_Cellular_Component_2023
Nucleolus (GO:0005730),48/771,0.005092499133307485,1.8390041493775933,16.097118757747122,INO80B;SRP19;CCNT1;TMEM179B;FMR1;AKAP8;HNRNPR;PIK3CB;PKMYT1;MKI67;SMG6;CDC14B;FXR1;TCOF1;EXOSC8;UBTF;BNIP2;UTP20;POLR2H;BUD23;SPG11;ZC3H14;EXOSC1;COX10;NOP56;NOM1;IDH3G;KRR1;DDX11;DNTTIP1;VRK1;RRP1B;LARP4B;GNL2;BAZ1B;REXO4;TRAF7;ILF3;MRPS9;LSM6;STAG2;ZZZ3;CENPH;SAPCD2;TTC3;TSR1;CEP85;ERCC6,Tra2b,718,GO_Cellular_Component_2023
Mitochondrial Inner Membrane (GO:0005743),28/370,0.005092499133307485,2.2473090939910163,19.36721551621701,MRPS17;SLC25A1;TAFAZZIN;TAMM41;COX15;SRC;TIMM9;NDUFA10;OMA1;MRPL33;RCC1L;OPA1;NNT;MPV17;COX10;PTCD3;TIMMDC1;IMMT;NME4;TIMM22;TIMM44;MRPL48;MRPL24;ATAD3A;CLPX;MRPS9;COQ2;DAP3,Tra2b,718,GO_Cellular_Component_2023
Mitotic Spindle (GO:0072686),15/143,0.005092499133307485,3.192900960170697,27.22185430990848,CKAP2;CDC7;HAUS2;CDC14B;FLCN;ZZZ3;NCOR1;RACGAP1;TFDP2;TADA3;MAP4;ECT2;LSM14A;MAD1L1;KAT14,Tra2b,718,GO_Cellular_Component_2023
Nuclear Lumen (GO:0031981),48/780,0.005092499133307485,1.8155126009297773,15.403190396564492,INO80B;SRP19;CCNT1;TMEM179B;FMR1;AKAP8;HNRNPR;PIK3CB;PKMYT1;MKI67;SMG6;CDC14B;FXR1;TCOF1;EXOSC8;UBTF;BNIP2;UTP20;BUD23;SPG11;ZC3H14;EXOSC1;COX10;NOP56;NOM1;PBRM1;IDH3G;KRR1;DDX11;DNTTIP1;VRK1;RRP1B;LARP4B;GNL2;BAZ1B;REXO4;TRAF7;ILF3;MRPS9;LSM6;STAG2;ZZZ3;CENPH;SAPCD2;TTC3;TSR1;CEP85;ERCC6,Tra2b,718,GO_Cellular_Component_2023
Vesicle Coat (GO:0030120),7/37,0.006775311924753781,6.318049695264885,51.250010265003695,SEC24B;NECAP2;COPG1;SEC24C;EPN1;SEC31A;EPN2,Tra2b,718,GO_Cellular_Component_2023
Organelle Inner Membrane (GO:0019866),28/398,0.012204374159476974,2.074171562867215,15.438329242772022,SLC25A1;MRPS17;TAFAZZIN;SRC;TAMM41;COX15;TIMM9;NDUFA10;OMA1;MRPL33;RCC1L;OPA1;NNT;MPV17;COX10;PTCD3;TIMMDC1;IMMT;TIMM22;NME4;TIMM44;MRPL48;MRPL24;ATAD3A;CLPX;MRPS9;COQ2;DAP3,Tra2b,718,GO_Cellular_Component_2023
Cytoplasmic Stress Granule (GO:0010494),9/76,0.030323297603307018,3.6405069153527148,23.513671773395952,TIAL1;FXR1;TIA1;STAU1;CELF1;FMR1;LARP4B;PUM1;LSM14A,Tra2b,718,GO_Cellular_Component_2023
RNA Binding (GO:0003723),102/1411,4.280971433875281e-6,1.9593402378212506,36.558232117136534,EIF4A2;TCERG1;TFRC;FMR1;NUDT1;VIRMA;GPATCH8;EIF4ENIF1;PPP1CC;ENDOV;NUSAP1;FBRSL1;UBAP2L;MTPAP;AGFG1;RARS2;DIMT1;SECISBP2;PUS1;METTL3;CIRBP;ZCRB1;SRRM1;ILF3;RPP21;PPIG;DUS3L;AARS2;ZCCHC9;RTN4;RCC1L;HNRNPDL;PCBP4;ERI3;HLTF;DND1;SAFB2;UTP20;MAP4;LYAR;ZC3H14;MARK2;TIA1;CHTOP;PNPT1;CPSF6;HMGA1;MAGOHB;PUM1;TDRD3;SRPK1;FUBP3;HNRNPD;NOL10;RNPS1;RPS24;EIF4G1;RBM25;AKAP8L;ZCCHC17;UBTF;RBM7;RBM5;NCOA5;RBM18;MRPS23;SPATS2;DARS2;PPHLN1;TRNAU1AP;SAFB;DALRD3;SARS2;PKM;SLTM;NOA1;ESRP1;TRUB2;POLDIP3;SRRT;SAMHD1;ADD1;MTHFSD;SCAF8;TCOF1;SRP72;TRA2A;IGF2BP1;RRP36;PTCD3;MYEF2;KRR1;ADAT1;RSRC2;TPD52L2;APTX;U2SURP;KTN1;SEC23IP;TNIP1;ZYX;R3HDM1,Trim71,813,GO_Molecular_Function_2023
Methylation-Dependent Protein Binding (GO:0140034),12/68,0.004563182424056544,5.117977528089888,56.26549490412,KDM5A;MBTD1;SUZ12;MORC3;ING3;ZZZ3;FMR1;MTF2;CBX1;ZMYND11;TDRD3;BPTF,Trim71,813,GO_Molecular_Function_2023
Methylated Histone Binding (GO:0035064),12/71,0.0047834415023339915,4.856979622928966,51.1978692574245,KDM5A;MBTD1;SUZ12;MORC3;ING3;ZZZ3;FMR1;MTF2;CBX1;ZMYND11;TDRD3;BPTF,Trim71,813,GO_Molecular_Function_2023
DNA Binding (GO:0003677),56/846,0.02681188705307699,1.7227095630653981,14.38429269066181,KDM5A;FMR1;PRDM5;HP1BP3;SMC5;SMC6;RBPJ;ENDOV;RUVBL2;DNMT3B;SMARCAD1;RBM5;POLG;MORC3;SECISBP2;ATRX;DNMT3A;SAFB;SIRT3;ILF3;SLTM;IRF1;MTF2;ZMYND11;HDAC4;KDM3A;WBP2;SRRT;PDS5B;SAMHD1;RELA;RNF138;HSF1;IGF2BP1;SAFB2;RBBP8;PMS2;PATZ1;LYAR;NHEJ1;BPTF;SUZ12;SMAD2;TCF7L2;POU2F1;ATAD5;CBX1;HMGA1;APTX;KLF2;CAMSAP3;TFAP4;FUBP3;AUNIP;QRICH1;RAD18,Trim71,813,GO_Molecular_Function_2023
Ubiquitin-Like Protein Peptidase Activity (GO:0019783),7/32,0.02681188705307699,6.6567741935483875,55.2950363709272,USP47;USP48;USPL1;ATG4B;UFSP2;UCHL3;USP28,Trim71,813,GO_Molecular_Function_2023
Histone Modification (GO:0016570),15/81,0.002210041931659668,5.445716564137617,76.44747014396664,HDAC4;MEAF6;UBE2B;USP3;MBTD1;ING3;MRGBP;RUVBL2;BRMS1L;MIER1;TADA3;EP400;TBL1X;MTA3;KAT14,Trim71,813,GO_Biological_Process_2023
Internal Peptidyl-Lysine Acetylation (GO:0018393),10/39,0.003500323556572284,8.226907716751835,106.00453603681083,BAG6;MBTD1;ATAT1;ING3;MRGBP;MEAF6;RUVBL2;TADA3;EP400;KAT14,Trim71,813,GO_Biological_Process_2023
Histone H2A Acetylation (GO:0043968),7/21,0.010670285389136062,11.8939205955335,134.17990606027223,MBTD1;NAA40;ING3;MRGBP;MEAF6;RUVBL2;EP400,Trim71,813,GO_Biological_Process_2023
DNA Damage Response (GO:0006974),34/384,0.010670285389136062,2.3490115532734275,25.522840556823432,MUS81;USP16;STXBP4;FMR1;DOT1L;NUDT1;SMC5;CIB1;SMC6;PDS5B;SAMHD1;ENDOV;HPF1;HLTF;EP400;TLK2;RBBP8;MAP2K6;MUTYH;USP47;UBE2B;KMT5C;USP3;METTL3;CBX1;ATRX;VRK1;FANCC;CHD1L;USP28;FOXP1;TTC5;MMS19;RAD18,Trim71,813,GO_Biological_Process_2023
DNA Metabolic Process (GO:0006259),28/288,0.010670285389136062,2.596550710436061,28.18348790495981,MUS81;FMR1;DOT1L;NUDT1;PDS5B;SAMHD1;ENDOV;HPF1;ORC6;ORC1;CBS;RUVBL2;HLTF;EP400;RBBP8;SMARCAD1;POLG;MUTYH;TCF7L2;UBE2B;KMT5C;USP3;ATRX;FANCC;CHD1L;UBE2V2;MMS19;RAD18,Trim71,813,GO_Biological_Process_2023
Histone Acetylation (GO:0016573),11/60,0.011926187019366742,5.356964731029569,56.57280164498144,MBTD1;NAA40;ING3;MRGBP;MEAF6;RUVBL2;TADA3;EP400;MAP3K7;KAT14;TAF2,Trim71,813,GO_Biological_Process_2023
mRNA Polyadenylation (GO:0006378),7/24,0.013196617736353715,9.793460808641074,100.8476434454112,SCAF8;PNPT1;PAPOLA;PEX2;TENT2;MTPAP;CDC73,Trim71,813,GO_Biological_Process_2023
RNA Polyadenylation (GO:0043631),7/25,0.013196617736353715,9.248897160187482,92.5305885022402,SCAF8;PNPT1;PAPOLA;PEX2;TENT2;MTPAP;CDC73,Trim71,813,GO_Biological_Process_2023
Establishment Of Mitotic Spindle Localization (GO:0040001),8/34,0.013196617736353715,7.323841376015289,72.38182968020975,GPSM1;SAPCD2;FBXW11;NUSAP1;CENPA;CLASP1;CDK5RAP2;ENKD1,Trim71,813,GO_Biological_Process_2023
Regulation Of Organelle Organization (GO:0033043),14/100,0.013196617736353715,3.8916960153680473,38.40480133175167,USP6NL;FIS1;RAP1GDS1;MFF;PTK2;CAMSAP3;TJP1;RHOT1;RUVBL2;PREB;NF2;DNM1L;MARK2;ATG5,Trim71,813,GO_Biological_Process_2023
DNA Repair (GO:0006281),27/291,0.013196617736353715,2.4622224149895904,23.894488821577603,MUS81;ABRAXAS1;FMR1;DOT1L;NUDT1;CIB1;PDS5B;ENDOV;HPF1;HLTF;EP400;RBBP8;PMS2;NHEJ1;MUTYH;USP47;UBE2B;KMT5C;USP3;ATRX;FANCC;CHD1L;APTX;UBE2V2;MMS19;RAD18;RHNO1,Trim71,813,GO_Biological_Process_2023
Regulation Of mRNA Processing (GO:0050684),8/35,0.013196617736353715,7.052219921785139,68.12117348447657,TIA1;SLTM;PAPOLA;SAFB2;MAGOHB;SAFB;SRPK1;SRRM1,Trim71,813,GO_Biological_Process_2023
Establishment Of Spindle Orientation (GO:0051294),8/35,0.013196617736353715,7.052219921785139,68.12117348447657,GPSM1;SAPCD2;FBXW11;MAP4;CENPA;CLASP1;CDK5RAP2;ENKD1,Trim71,813,GO_Biological_Process_2023
Intracellular Protein Transport (GO:0006886),29/325,0.013196617736353715,2.3607237658576943,22.69147890742801,RPAIN;IPO11;FUT10;COX18;SNX13;RAB22A;ARFRP1;EIF4ENIF1;XPO4;ARFIP2;HEATR3;TLK1;ARFIP1;FAM53A;HOMER3;RAB28;SEC31A;APPL1;CTSA;RANBP3;STRADA;STX8;SEC16A;FAM91A1;CAMSAP3;SEC23IP;CTTN;RAB3GAP2;PREB,Trim71,813,GO_Biological_Process_2023
Selective Autophagy (GO:0061912),10/58,0.019051874969099596,4.96549398090494,45.56281548894066,RETREG3;TAFAZZIN;UBA5;UBQLN1;ARFIP2;ATG4B;PEX2;AMBRA1;ATG13;ATG5,Trim71,813,GO_Biological_Process_2023
Histone H4 Acetylation (GO:0043967),8/39,0.02492923086345271,6.140973752754959,54.301399045193484,MBTD1;NAA40;ING3;MRGBP;MEAF6;KANSL2;RUVBL2;EP400,Trim71,813,GO_Biological_Process_2023
Positive Regulation Of Mitochondrial Calcium Ion Concentration (GO:0051561),4/8,0.02672205550638568,23.711990111248454,206.3178690691987,FIS1;RAP1GDS1;MICU1;SLC25A23,Trim71,813,GO_Biological_Process_2023
mRNA 3'-End Processing (GO:0031124),8/40,0.02672205550638568,5.948757763975156,51.48794078106282,SCAF8;CPSF6;PAPOLA;RPRD1B;PEX2;TENT2;MTPAP;CDC73,Trim71,813,GO_Biological_Process_2023
Positive Regulation Of DNA Recombination (GO:0045911),9/51,0.027617055223829352,5.102611940298507,43.72035774139201,MBTD1;ING3;MRGBP;TFRC;MEAF6;KMT5C;RUVBL2;EP400;MMS19,Trim71,813,GO_Biological_Process_2023
Regulation Of mRNA Metabolic Process (GO:1903311),5/15,0.030792780914407035,11.866955445544555,99.19944987155573,SLTM;SAFB2;MAGOHB;SAFB;SRPK1,Trim71,813,GO_Biological_Process_2023
Regulation Of miRNA-mediated Gene Silencing (GO:0060964),5/15,0.030792780914407035,11.866955445544555,99.19944987155573,FMR1;DND1;LIMD1;PUM1;EIF4G1,Trim71,813,GO_Biological_Process_2023
Proteasome-Mediated Ubiquitin-Dependent Protein Catabolic Process (GO:0043161),27/319,0.03497578742905236,2.2228249503293944,18.194722469667298,ANAPC15;WDR26;ANAPC16;PSMD14;FAF2;UBR1;AMBRA1;UBE2J2;UBE2J1;ECPAS;BAG6;AMN1;ZNRF1;SHARPIN;RNF216;UBQLN1;TBL1X;BTRC;FBXW5;UBE2B;FBXW11;UBE4A;ARMC8;DNAJC10;MDM2;RBCK1;RNF121,Trim71,813,GO_Biological_Process_2023
Protein Secretion (GO:0009306),10/67,0.04249128244638099,4.179502304952917,33.21162237772677,TANGO6;CYB5R4;PORCN;RAB13;MIA2;MIA3;PREB;COPG2;NAGPA;RAB8B,Trim71,813,GO_Biological_Process_2023
Intracellular Membrane-Bounded Organelle (GO:0043231),298/5175,8.214649933669167e-10,1.697836685372792,45.05498767563467,TCERG1;PANK2;TFRC;NUDT1;EHMT1;SMC5;SMC6;RBPJ;GABPB1;GPATCH8;PPP4R2;ANKFY1;FAM53A;UBAP2L;TMPO;AGFG1;ESCO1;METTL3;CIRBP;RFX1;ARMC8;PRKAB1;EML3;SCAMP2;SRRM1;BIN1;PREB;NSMF;KIF20B;RHNO1;MTMR2;MEAF6;SRCAP;CTBP2;UBE2J2;UBE2J1;RAB11FIP1;RNF216;PCBP4;FIGNL1;MIER1;HLTF;DND1;DPH3;PATZ1;LYAR;NHEJ1;KAT14;SEC31A;CTSA;TIPARP;TMEM192;MAGOHB;PTK2;WAPL;SRPK1;MLLT10;FUBP3;HNRNPD;GTF2IRD1;MMS19;RNPS1;PKIG;RAD18;RPS24;CEP57;RPAIN;SETD5;INTS13;SETD6;TDRP;OTUD7B;ZBTB8OS;MIA3;MED16;LIMD1;MED15;N4BP2L2;ING3;XPO4;CTSH;NELFB;ACADS;GABPA;APPL1;SS18;NCOA2;SPHK2;STRADA;KIF23;SIRT3;GAK;NCOR2;NCOR1;CTTN;SLTM;MED20;MTF2;GPRC5C;WDR26;DOT1L;CENPA;RELA;ECPAS;SCAF8;RNF138;HSF1;USP1;PMS2;MARCHF7;METTL6;TBL1X;APBB3;BRD4;SUZ12;RANBP3;MYEF2;ATAD5;PCGF5;MOK;APTX;RNF146;SEC23IP;TFAP4;TTC3;ZYX;TRIP10;FMR1;PRDM5;CTNND1;ARID4B;CIB1;VIRMA;CDC14B;EEF1B2;EIF4ENIF1;PPP1CC;RUVBL2;PAPOLA;NEK1;SMARCAD1;KMT5A;MTPAP;MAP3K7;GTF2I;MORC3;BORA;KMT5C;FBXW11;USP4;USP3;PUS1;IPMK;UBE4A;VRK1;CHD1L;CDC25C;THOC7;FOXP1;ILF3;UBE2V2;PPIG;CSNK1G2;ANKRD16;PSMD14;UBA5;PDS5B;GPATCH2L;PMF1;BAG6;ORC1;YBEY;DEAF1;SAFB2;OTX2;RPRD1B;ZC3H14;BPTF;OSBPL9;SMAD2;TIA1;CHTOP;POU2F1;CPSF6;UBE2B;VTA1;PHF12;CBX1;HMGA1;FANCC;MACO1;CLK4;NFKB1;TDRD3;IFT20;DAB2;DLG1;HOOK2;NASP;P4HA1;TADA3;MDM2;UBA3;PIR;NF2;SERGEF;EIF4G1;KDM5A;MUS81;KDM5C;NAA40;AKAP8L;HP1BP3;CEP164;UFSP2;CDC73;RESF1;SENP6;FLCN;HPF1;PPP6R3;UBTF;DNMT3B;TLK2;TLK1;FLOT2;DNM1L;RBM7;RBM5;ILKAP;POLG;USP47;SUN1;USP48;TBP;ACTR6;CEMIP2;AKTIP;ATRX;CAD;DNMT3A;PEX2;TRNAU1AP;SAFB;EPN2;TRAF7;CREB1;PKM;RABEP2;TRAPPC6B;IRF1;ESRP1;DNAJC5;ZMYND11;GAPDH;ITGB3BP;HDAC4;KDM3A;USP16;CARNMT1;PPM1M;WBP2;POLDIP3;ABRAXAS1;RAP1GDS1;LENG8;AMBRA1;SAMHD1;CLCN3;UACA;ADD1;ZNRF1;NFS1;TNKS2;CBS;TRA2A;NRIP1;IGF2BP1;RBBP8;MTA3;REPS1;MUTYH;SMARCE1;TCF7L2;ATE1;PPIL2;IRX3;LIMK2;MCOLN1;PTPN13;USP28;CHFR;U2SURP;MCM3AP;WEE1;BRMS1L;QRICH1;TAF2,Trim71,813,GO_Cellular_Component_2023
Nucleus (GO:0005634),259/4487,2.2810839356808126e-8,1.654084084443063,37.249401137359364,TCERG1;PANK2;NUDT1;EHMT1;SMC5;SMC6;RBPJ;GABPB1;GPATCH8;PPP4R2;FAM53A;UBAP2L;TMPO;ESCO1;METTL3;CIRBP;ARMC8;PRKAB1;EML3;SRRM1;BIN1;PREB;NSMF;KIF20B;RHNO1;MTMR2;MEAF6;SRCAP;CTBP2;UBE2J2;UBE2J1;RNF216;PCBP4;FIGNL1;MIER1;HLTF;DND1;DPH3;PATZ1;LYAR;NHEJ1;KAT14;TIPARP;TMEM192;MAGOHB;PTK2;WAPL;SRPK1;MLLT10;FUBP3;HNRNPD;GTF2IRD1;MMS19;RNPS1;PKIG;RAD18;RPS24;CEP57;RPAIN;SETD5;INTS13;SETD6;TDRP;OTUD7B;ZBTB8OS;MED16;LIMD1;MED15;N4BP2L2;ING3;XPO4;NELFB;ACADS;GABPA;APPL1;SS18;NCOA2;SPHK2;STRADA;KIF23;SIRT3;NCOR2;NCOR1;SLTM;MED20;MTF2;WDR26;DOT1L;CENPA;RELA;ECPAS;SCAF8;RNF138;HSF1;USP1;PMS2;MARCHF7;METTL6;TBL1X;APBB3;BRD4;SUZ12;RANBP3;MYEF2;ATAD5;PCGF5;MOK;APTX;RNF146;TFAP4;TTC3;ZYX;FMR1;PRDM5;CTNND1;ARID4B;CIB1;VIRMA;CDC14B;EEF1B2;EIF4ENIF1;PPP1CC;RUVBL2;PAPOLA;NEK1;SMARCAD1;KMT5A;MAP3K7;GTF2I;MORC3;BORA;KMT5C;FBXW11;USP4;USP3;PUS1;IPMK;UBE4A;VRK1;CHD1L;CDC25C;THOC7;FOXP1;ILF3;UBE2V2;PPIG;CSNK1G2;ANKRD16;PSMD14;PDS5B;GPATCH2L;BAG6;ORC1;YBEY;DEAF1;SAFB2;OTX2;RPRD1B;ZC3H14;BPTF;SMAD2;TIA1;CHTOP;POU2F1;CPSF6;UBE2B;PHF12;CBX1;HMGA1;FANCC;MACO1;CLK4;NFKB1;TDRD3;DLG1;NASP;TADA3;MDM2;UBA3;PIR;NF2;SERGEF;EIF4G1;KDM5A;MUS81;KDM5C;NAA40;AKAP8L;HP1BP3;UFSP2;CDC73;RESF1;SENP6;FLCN;HPF1;PPP6R3;UBTF;DNMT3B;TLK2;TLK1;RBM7;RBM5;ILKAP;USP47;USP48;TBP;ACTR6;AKTIP;ATRX;CAD;DNMT3A;TRNAU1AP;SAFB;CREB1;PKM;IRF1;ESRP1;ZMYND11;GAPDH;ITGB3BP;HDAC4;KDM3A;USP16;CARNMT1;PPM1M;WBP2;POLDIP3;ABRAXAS1;RAP1GDS1;LENG8;AMBRA1;SAMHD1;UACA;ADD1;NFS1;TNKS2;HAUS8;CBS;TRA2A;NRIP1;IGF2BP1;RBBP8;MTA3;MUTYH;SMARCE1;TCF7L2;ATE1;PPIL2;IRX3;LIMK2;PTPN13;USP28;CHFR;U2SURP;MCM3AP;WEE1;BRMS1L;QRICH1;TAF2,Trim71,813,GO_Cellular_Component_2023
Mitotic Spindle (GO:0072686),21/143,3.082724846910055e-5,4.143535767511177,61.760520933745354,LIMK2;CKAP2;HAUS6;KIF23;WAPL;HAUS2;CDC14B;EML3;EML4;ATAT1;FLCN;WRAP73;ZZZ3;NCOR1;HAUS8;TADA3;NUSAP1;MAP4;TBL1X;KAT14;CLASP1,Trim71,813,GO_Cellular_Component_2023
trans-Golgi Network (GO:0005802),25/241,0.0012326949783116965,2.786443645422072,30.453123975262216,USP6NL;PI4K2B;ATP2C1;ECPAS;SCAMP5;TEPSIN;ARFRP1;GOLGA4;ARFIP2;ARFIP1;ATP9B;SLC30A6;ATP8B2;GPR108;STX8;COG2;TRAPPC9;FAM91A1;PHETA1;TJAP1;SCAMP2;HOOK2;TRAPPC6B;RAB13;LGR5,Trim71,813,GO_Cellular_Component_2023
Spindle (GO:0005819),21/210,0.007613308177444485,2.665263748597082,23.681376598224592,LIMK2;CBX1;SPICE1;CKAP2;KIF23;WAPL;EML3;CDC14B;EML4;ATAT1;FLCN;WRAP73;ZZZ3;NCOR1;TADA3;NUSAP1;MMS19;MAP4;TBL1X;KAT14;CLASP1,Trim71,813,GO_Cellular_Component_2023
Sex Chromosome (GO:0000803),3/5,0.028364916295458634,35.52777777777778,261.8714056585334,PCGF5;SMC5;SMC6,Trim71,813,GO_Cellular_Component_2023
Intracellular Non-Membrane-Bounded Organelle (GO:0043232),71/1195,0.028364916295458634,1.5377226597346787,10.892682630969686,TMEM179B;PAK1IP1;FMR1;PRDM5;HP1BP3;FAF2;RBPJ;CDC14B;PPP1CC;ENDOV;EPB41L4A;CASP8;SH3PXD2B;UBTF;NUSAP1;ARFIP2;RBM7;CDK5RAP2;ESCO1;ACTR6;DIMT1;CEMIP2;TPM1;SPICE1;KIF23;VRK1;ACSL3;EML3;TRAF7;ILF3;CTTN;SAPCD2;AOPEP;BIN1;KIF20B;GAPDH;RHNO1;KANK1;MEAF6;ZCCHC9;PDS5B;AMBRA1;RELA;ADD1;SYCE2;TCOF1;CALD1;EPB41L3;TRA2A;NRIP1;RRP36;UTP20;LYAR;ZC3H14;PLK4;SUZ12;ATP8B2;IDH3G;KRR1;CBX1;APTX;PTK2;WAPL;WEE1;ZZZ3;TTC3;MDM2;NOL10;MMS19;CEP85;NF2,Trim71,813,GO_Cellular_Component_2023
H4/H2A Histone Acetyltransferase Complex (GO:0043189),6/29,0.028364916295458634,6.194924842411508,43.15563395099181,MBTD1;ING3;MRGBP;MEAF6;RUVBL2;EP400,Trim71,813,GO_Cellular_Component_2023
NuA4 Histone Acetyltransferase Complex (GO:0035267),6/29,0.028364916295458634,6.194924842411508,43.15563395099181,MBTD1;ING3;MRGBP;MEAF6;RUVBL2;EP400,Trim71,813,GO_Cellular_Component_2023
Swr1 Complex (GO:0000812),4/12,0.028364916295458634,11.853522867737949,81.4990435687913,ING3;SRCAP;RUVBL2;EP400,Trim71,813,GO_Cellular_Component_2023
Microbody Membrane (GO:0031903),8/53,0.028364916295458634,4.227356797791581,28.220998859020185,ABCD4;PECR;FIS1;AGPS;PEX2;FAR1;DECR2;RAB8B,Trim71,813,GO_Cellular_Component_2023
Peroxisomal Membrane (GO:0005778),8/53,0.028364916295458634,4.227356797791581,28.220998859020185,ABCD4;PECR;FIS1;AGPS;PEX2;FAR1;DECR2;RAB8B,Trim71,813,GO_Cellular_Component_2023
ATAC Complex (GO:0140672),4/13,0.028364916295458634,10.535915396236781,68.90821611692378,ZZZ3;TADA3;MAP3K7;KAT14,Trim71,813,GO_Cellular_Component_2023
Mitotic Spindle Microtubule (GO:1990498),4/13,0.028364916295458634,10.535915396236781,68.90821611692378,HAUS8;HAUS6;HAUS2;EML3,Trim71,813,GO_Cellular_Component_2023
Ubiquitin-Like Protein Transferase Activity (GO:0019787),32/240,3.2669608312023554e-4,2.9418768604104653,42.3118025044982,MARCHF2;UHRF2;RNF14;UBE3A;BRCA1;KLHL13;TRIM68;FBXO3;ARIH1;TRIM21;HACE1;UBE2B;FBXW11;NSMCE2;HUWE1;WWP1;PJA2;CHFR;RNF146;UBE2W;TRAF7;ITCH;TTC3;MDM2;UBA3;MDM4;BIRC6;RBCK1;BCOR;RNF141;TRIM11;TRIM33,Ubr5,1014,GO_Molecular_Function_2023
RNA Binding (GO:0003723),107/1411,0.004697836111772806,1.5996695774514513,17.634139562519753,TFRC;FMR1;SPPL2B;PPAN;NUDT1;RPL10A;VIRMA;GPATCH8;PPP1CC;NUSAP1;CAST;RARS2;SECISBP2;ACTN1;DDX11;PUS1;CIRBP;ALG13;ZCRB1;GTPBP1;FAM133B;ILF3;ZC3H11A;SRFBP1;MACF1;AARS2;TRMT2A;RCC1L;MTDH;FXR1;DHX30;RNASEH1;HNRNPDL;DHX33;ERI3;SAFB2;UTP20;MAP4;ZC3H13;ZC3H14;MARK2;PRPF38B;UPF3B;HELZ;PUM1;SRPK1;EIF5;GOLGB1;HNRNPC;EIF4G3;RBM25;TUT7;AKAP8L;BRCA1;ZCCHC17;TENT4B;FARS2;SMG6;RBM5;TOP3B;PRPF40B;DARS2;TRNAU1AP;DDX50;UCHL5;WDR33;DALRD3;SARS2;PKM;NOA1;THRAP3;ESRP1;TUT1;LUC7L2;STAU1;DDX25;SRRT;AKAP8;MTIF2;MTHFSD;GANAB;SCAF8;BCLAF1;UNK;TCOF1;IGF2BP1;FLNB;SMNDC1;SRSF11;EXOSC1;RBM39;TAF15;MYEF2;KRR1;YLPM1;HUWE1;RSRC2;TPD52L2;APTX;KTN1;SEC23IP;XPOT;ZYX;ACIN1;FAM98A;R3HDM1;TNRC6A,Ubr5,1014,GO_Molecular_Function_2023
Protein-Lysine N-methyltransferase Activity (GO:0016279),11/54,0.013295689138217652,4.8313895522734125,46.27413500024701,SETD5;SUV39H2;METTL22;KMT2D;SETDB1;KMT5C;EHMT2;SETD6;NSD2;KMT5B;EEF1AKMT2,Ubr5,1014,GO_Molecular_Function_2023
Ubiquitin-Protein Transferase Activity (GO:0004842),39/412,0.020120784750230592,1.9960321715817695,17.716412749286334,MARCHF2;UHRF2;RNF14;RNF38;RNF19B;UBE3A;UBR1;BRCA1;KLHL13;UBE2J2;RNFT1;UBE2J1;RNF138;TRIM68;FBXO3;TRIM26;ARIH1;TRIM21;HACE1;UBE2B;FBXW11;FBXO17;HUWE1;WWP1;PJA2;CHFR;RNF146;TRAF7;UBE2W;ITCH;TTC3;MDM2;MDM4;BIRC6;RBCK1;BCOR;RNF141;TRIM33;TRIM11,Ubr5,1014,GO_Molecular_Function_2023
Microtubule Binding (GO:0008017),26/239,0.024259479664025228,2.319372374598468,19.634919531031375,CEP57;MACF1;FMR1;KIF15;SPAST;RACGAP1;NUSAP1;TOGARAM1;KIF21A;MAP4;DLGAP5;CLASP1;FBXW11;MTUS1;MACO1;HAUS6;TERF1;EML3;EML4;CAMSAP3;CLIP1;KIF18B;TUBGCP3;KIF20B;GAPDH;MDM1,Ubr5,1014,GO_Molecular_Function_2023
DNA Repair (GO:0006281),36/291,0.002204139222752465,2.703861421869361,38.22635105488324,FMR1;PNKP;NUDT1;CIB1;BRCA1;HPF1;CHEK2;NSD2;POLI;KMT5B;POLE;NHEJ1;MUTYH;ZRANB3;UVRAG;CENPX;FANCM;UBE2B;KMT5C;ASCC1;USP3;ACTR5;XRCC3;ATRX;RECQL;HUWE1;RAD23A;CHD1L;FANCE;APTX;FANCG;WDR33;TICRR;RAD52;POLA1;TDP2,Ubr5,1014,GO_Biological_Process_2023
Protein Ubiquitination (GO:0016567),43/434,0.020784592986977424,2.1060498708057978,22.566461019573772,MARCHF2;UHRF2;RNF14;RNF38;RNF19B;UBE3A;UBR1;BRCA1;KLHL13;UBE2J2;DDA1;RNFT1;UBE2J1;TNKS2;RNF138;RUSC1;ZSWIM8;TRIM68;TRIM26;ARIH1;TRIM21;HACE1;FBXW5;UBE2B;FBXW11;HUWE1;WWP1;FANCE;FANCG;PJA2;CHFR;RNF146;TRAF7;UBE2W;UBOX5;ITCH;MDM2;MDM4;BIRC6;RBCK1;RNF141;TRIM33;TRIM11,Ubr5,1014,GO_Biological_Process_2023
Positive Regulation Of Cell Cycle Process (GO:0090068),18/118,0.020784592986977424,3.413132530120482,35.889855105484536,PLK4;DDX11;INSR;CEP120;XRCC3;ATRX;WIZ;SIRT2;CDC14B;SPAST;DBF4;RACGAP1;CSPP1;NUSAP1;PKP4;NCAPD3;KIF20B;ECT2,Ubr5,1014,GO_Biological_Process_2023
DNA Metabolic Process (GO:0006259),32/288,0.020784592986977424,2.3841649694501017,25.051659669831565,MCM8;FMR1;PNKP;NUDT1;BRCA1;HPF1;ORC6;RUVBL2;ORC3;POLI;KMT5B;POLE;MUTYH;ZRANB3;TOP3B;UVRAG;TCF7L2;UBE2B;KMT5C;USP3;ACTR5;XRCC3;ATRX;RECQL;LTO1;CHD1L;TERF1;UCHL5;FANCG;TICRR;RAD52;POLA1,Ubr5,1014,GO_Biological_Process_2023
Mitotic Sister Chromatid Segregation (GO:0000070),17/111,0.022372747896586418,3.4269190550374526,34.480295649807566,AKAP8L;SPICE1;EML3;EML4;WRAP73;STAG1;KIF18B;STAG2;CENPI;CHEK2;NUSAP1;CHMP2A;NCAPD3;PIBF1;DLGAP5;CLASP1;DIS3L2,Ubr5,1014,GO_Biological_Process_2023
Protein Autoubiquitination (GO:0051865),13/71,0.022372747896586418,4.238244514106583,41.90390259362254,UHRF2;UBE2B;RNF19B;UBE3A;BRCA1;RNFT1;RNF146;ITCH;TRIM68;MDM2;TRIM21;RNF141;TRIM11,Ubr5,1014,GO_Biological_Process_2023
Histone Modification (GO:0016570),14/81,0.022372747896586418,3.953223880597015,39.03520785935267,MEAF6;UBE2B;USP3;SIRT2;MBTD1;ING3;MRGBP;RUVBL2;BRMS1L;TADA3;EP300;TBL1X;MTA3;KAT14,Ubr5,1014,GO_Biological_Process_2023
Regulation Of Cell Division (GO:0051302),14/83,0.025843586827962266,3.8382318840579712,36.833675686699046,UVRAG;CIB1;KLHL13;MLLT3;SIRT2;TLE6;KIF18B;ZZZ3;CSPP1;TADA3;BIRC6;ENTR1;KAT14;FGFR2,Ubr5,1014,GO_Biological_Process_2023
Internal Peptidyl-Lysine Acetylation (GO:0018393),9/39,0.031297621346973774,5.6585074626865675,51.36795486352022,MBTD1;ATAT1;ING3;MRGBP;MEAF6;RUVBL2;TADA3;EP300;KAT14,Ubr5,1014,GO_Biological_Process_2023
Negative Regulation Of Intracellular Steroid Hormone Receptor Signaling Pathway (GO:0033144),8/31,0.031297621346973774,6.556487163972686,59.30808725631798,NCOR2;DAB2;NCOR1;CNOT2;BRCA1;ISL1;STRN3;FOXP1,Ubr5,1014,GO_Biological_Process_2023
tRNA Modification (GO:0006400),12/67,0.031297621346973774,4.122155688622755,37.13080513542604,DTWD2;QTRT2;AARS2;ANKRD16;PUS1;TYW3;THUMPD2;TPRKB;CDKAL1;PUSL1;TRIT1;GTPBP3,Ubr5,1014,GO_Biological_Process_2023
Double-Strand Break Repair (GO:0006302),21/168,0.031297621346973774,2.7102575169040426,24.389847590257055,MCM8;ACTR5;PNKP;NSMCE2;XRCC3;RECQL;CIB1;BRCA1;SPIDR;RAD54B;MBTD1;RAD52;POLA1;HPF1;TDP2;RNF138;CHEK2;NSD2;ZSWIM7;AP5S1;NHEJ1,Ubr5,1014,GO_Biological_Process_2023
DNA Damage Response (GO:0006974),37/384,0.031297621346973774,2.0342311197897462,17.997277672474304,MCM8;FMR1;PNKP;NUDT1;HTRA2;CIB1;BRCA1;BCLAF1;HPF1;CHEK2;TLK2;POLI;SUSD6;KMT5B;BID;MAP2K6;MUTYH;ZRANB3;UVRAG;UBE2B;NCOA6;KMT5C;DDX11;USP3;XRCC3;ATRX;RECQL;CHD1L;ZDHHC16;USP28;SPIDR;FANCG;MAPK12;FOXP1;TICRR;POLA1;CEP63,Ubr5,1014,GO_Biological_Process_2023
Protein Phosphorylation (GO:0006468),45/500,0.031297621346973774,1.8913686932262783,16.729962425244366,PRKAA1;PKDCC;CCNT1;CAB39;SRC;STK19;IKBKB;CHEK2;TLK2;TLK1;ERC1;MARK2;PLK4;SMAD2;UVRAG;TBP;CHUK;STRADA;INSR;LIMK2;MINK1;CSNK1D;VRK3;ATG13;PRKAB1;PTK2;ACVR2A;MAPK12;SRPK1;CLK2;BCKDK;ILF3;CREB1;TYRO3;FAM20B;TAF8;TAF4B;COQ8B;BIRC6;TRIB2;FGFR3;FGFR2;CAMK1G;TAF2;FGFR1,Ubr5,1014,GO_Biological_Process_2023
Proteasome-Mediated Ubiquitin-Dependent Protein Catabolic Process (GO:0043161),32/319,0.0388645418840478,2.1231221215325333,18.1736986861443,FAF2;RHOBTB3;UBR1;UBE2J2;UBE2J1;ECPAS;FBXL20;AMN1;ERLEC1;ZSWIM8;FBXO3;UBXN7;TBL1X;ANKZF1;FBXW5;UBE2B;FBXW11;FBXL19;FBXO17;WWP1;RAD23A;ARMC8;SIRT2;PJA2;FBXL12;SPSB3;UBE2W;ITCH;MDM2;RBCK1;MAN1B1;FAM8A1,Ubr5,1014,GO_Biological_Process_2023
Spindle Assembly (GO:0051225),13/81,0.0390816927052245,3.613063407181054,30.674123892877162,SPICE1;HAUS3;CSNK1D;HAUS6;WRAP73;STAG1;NCOR1;STAG2;CHEK2;TUBGCP3;CEP63;PIBF1;CLASP1,Ubr5,1014,GO_Biological_Process_2023
Positive Regulation Of Cell Division (GO:0051781),9/43,0.04290289571432915,4.991747146619842,41.339363152315165,SPAST;RACGAP1;CSPP1;PKP4;ECT2;KIF20B;SIRT2;FGFR2;CDC14B,Ubr5,1014,GO_Biological_Process_2023
Regulation Of Embryonic Development (GO:0045995),11/62,0.04290289571432915,4.071804195257365,33.70930512904507,ZZZ3;RACGAP1;RUVBL2;ACTR5;INSR;TADA3;PHLDB2;TLE6;UCHL5;CLASP1;KAT14,Ubr5,1014,GO_Biological_Process_2023
Regulation Of Chromatin Organization (GO:1902275),7/27,0.04659095744784141,6.591956305858987,53.33477359367573,SETD5;KANSL1;PHF20;TLK2;TLK1;MLLT3;MSL1,Ubr5,1014,GO_Biological_Process_2023
Regulation Of Androgen Receptor Signaling Pathway (GO:0060765),7/27,0.04659095744784141,6.591956305858987,53.33477359367573,NCOR2;NCOR1;RNF14;SAFB2;TRIM68;EP300;FOXP1,Ubr5,1014,GO_Biological_Process_2023
Intracellular Membrane-Bounded Organelle (GO:0043231),345/5175,6.109225039962874e-7,1.5114243006619688,30.266760448518077,PANK2;TFRC;HDAC10;EHMT2;ITSN1;PPAN;NUDT1;RBPJ;GABPB1;GPATCH8;CHEK2;SPATA24;FAM53C;ANKFY1;FAM53A;CCNL2;TRIM21;ESCO1;DDX11;SLC35C2;NSMCE2;CIRBP;RECQL;MTUS1;CSNK1D;RFX1;ARMC8;ESCO2;ISL1;PRKAB1;EML3;NISCH;BIN1;TYRO3;SRFBP1;KIF20B;TRIB2;BLZF1;MEAF6;SRCAP;COPS7B;SDR39U1;BAZ2B;UBE2J2;GMCL1;UBE2J1;MTDH;FXR1;DHX30;DGUOK;SPAST;RACGAP1;DHX33;ZSCAN10;DPH3;PUSL1;NHEJ1;KAT14;SEC31A;CTSA;HACE1;PHC1;SETDB1;TIPARP;XRCC3;RAB3IP;UPF3B;TMEM192;MEMO1;NTAN1;PBX1;PTK2;SRPK1;MLLT10;POLA1;FIBP;STAG1;EIF5;STAG2;TDP2;GOLGB1;GTF2IRD1;CDIN1;HNRNPC;PKIG;CUTC;CEP57;RPAIN;SUV39H2;SETD5;SLC35F6;SETD6;OTUD7B;ZBTB8OS;MIA3;BRCA1;MED15;N4BP2L2;ING1;SMG6;MED14;ING3;ZMYM2;CTSH;UBXN7;ARIH1;GPRASP1;DLGAP5;GABPA;APPL1;TOP3B;PBRM1;NCOA6;STRADA;ACAD9;TFE3;TERF1;SIRT2;UCHL5;SIRT3;WDR33;GAK;NCOR2;MED22;NCOR1;MTF2;G2E3;MYRF;AKAP8;CENPA;ECPAS;RAD54B;GGA1;SCAF8;BCLAF1;RNF138;HSF1;NSD2;USP1;APBB2;TBL1X;APBB3;SRSF11;EXOSC1;NKTR;EVC2;SUZ12;MYEF2;PCGF5;PCGF2;YLPM1;HUWE1;APTX;RNF146;CENPF;SEC23IP;ITCH;SNX15;TTC3;NBR1;ZYX;CEP43;EEF1AKMT2;CRTC2;DGKD;CCNT1;GEMIN2;FMR1;PRDM5;CTNND1;UBP1;STK19;ARID4B;CIB1;RPL10A;VIRMA;CDC14B;PPP1CC;RUVBL2;EP300;KPNA4;KMT5B;TRAPPC14;TLE1;KMT5C;FBXW11;USP3;PUS1;APLP2;IPMK;TSC2;CHD1L;CDYL;VRK3;CFAP410;GTF2F2;THOC7;TLE6;FOXP1;CLIP1;ILF3;DMTF1;PKP4;ISCU;KMT2E;KMT2D;RAB5B;ANKRD16;ANKRD11;ARHGAP19;HTRA2;HMBOX1;DEAF1;SAFB2;CAMTA1;TBC1D14;ECT2;ZC3H13;PIBF1;ZC3H14;BPTF;OSBPL9;SMAD2;UBE2B;BRPF3;VTA1;LTO1;MACO1;FANCE;CLK2;UBE2W;UBOX5;DAB2;DLG1;KIF18B;CNOT2;TADA3;MDM2;UBA3;TAF4B;MDM4;TCF3;MYD88;FGFR2;MDM1;PICALM;FGFR1;ARHGAP11A;KDM5C;NXT1;ABCD3;RNF14;MCM8;AKAP8L;CEP164;USP34;UFSP2;RESF1;SENP6;HPF1;DBP;AP1G1;PPP6R3;TRIM68;TLK2;TLK1;POLE;RBM5;ILKAP;KDM6A;SUN1;TBP;ACTR5;ATRX;PPP2R5B;RAD23A;TRNAU1AP;MSL1;EPN2;METTL22;TRAF7;ELF2;CREB1;PKM;TFDP2;SLC25A19;THRAP3;ESRP1;DNAJC5;TMBIM1;BIRC6;GAPDH;ITGB3BP;LAMA5;VAC14;PRKAA1;UHRF2;DDX25;PNKP;RNF38;MOSPD1;WIZ;MLLT3;CLCN3;UACA;CECR2;GANAB;TNKS2;FAM241B;RSBN1L;ATXN1L;IGF2BP1;BNIP2;E2F6;MTA3;SMNDC1;MUTYH;TCF7L2;TAF15;ASCC1;B3GAT3;SWT1;LIMK2;TPRKB;MCOLN1;PTPN13;USP28;USF2;CHFR;MAPK12;TICRR;RAD52;WEE1;CLCN4;KANSL1;BRMS1L;DOLPP1;TAF8;ACIN1;RGS12;FAM98A;BCOR;TRIM33;TAF2;TNRC6A,Ubr5,1014,GO_Cellular_Component_2023
Mitotic Spindle (GO:0072686),26/143,1.92737338392055e-6,4.244039586144849,77.17036041753288,EPB41;CDC14B;RACGAP1;NUSAP1;TRAPPC14;MAP4;TBL1X;ECT2;KAT14;DLGAP5;CLASP1;IQCB1;LIMK2;HAUS3;HAUS6;SIRT2;EML3;EML4;ATAT1;WRAP73;KIF18B;ZZZ3;NCOR1;TFDP2;TADA3;PKP4,Ubr5,1014,GO_Cellular_Component_2023
Nucleus (GO:0005634),301/4487,2.2541096599141672e-6,1.4925863209295125,26.30111865159354,PANK2;HDAC10;EHMT2;PPAN;NUDT1;RBPJ;GABPB1;GPATCH8;CHEK2;SPATA24;FAM53C;FAM53A;CCNL2;TRIM21;ESCO1;DDX11;NSMCE2;CIRBP;RECQL;MTUS1;CSNK1D;ARMC8;ESCO2;ISL1;PRKAB1;EML3;BIN1;TYRO3;SRFBP1;KIF20B;TRIB2;BLZF1;MEAF6;SRCAP;COPS7B;SDR39U1;BAZ2B;UBE2J2;GMCL1;UBE2J1;MTDH;FXR1;DHX30;DGUOK;SPAST;RACGAP1;DHX33;ZSCAN10;DPH3;NHEJ1;KAT14;HACE1;PHC1;SETDB1;TIPARP;INSR;XRCC3;RAB3IP;UPF3B;TMEM192;MEMO1;NTAN1;PBX1;PTK2;SRPK1;MLLT10;POLA1;FIBP;STAG1;EIF5;STAG2;TDP2;GTF2IRD1;CDIN1;HNRNPC;PKIG;CUTC;CEP57;RPAIN;SUV39H2;SETD5;SETD6;OTUD7B;ZBTB8OS;BRCA1;MED15;N4BP2L2;ING1;SMG6;MED14;ING3;ZMYM2;UBXN7;ARIH1;GPRASP1;DLGAP5;GABPA;APPL1;TOP3B;PBRM1;NCOA6;STRADA;ACAD9;TFE3;TERF1;SIRT2;UCHL5;SIRT3;WDR33;NCOR2;MED22;NCOR1;MTF2;G2E3;MYRF;AKAP8;CENPA;ECPAS;RAD54B;SCAF8;BCLAF1;RNF138;HSF1;NSD2;USP1;APBB2;TBL1X;APBB3;SRSF11;EXOSC1;NKTR;EVC2;SUZ12;MYEF2;PCGF5;PCGF2;YLPM1;HUWE1;APTX;RNF146;CENPF;TTC3;ZYX;CEP43;EEF1AKMT2;CRTC2;DGKD;CCNT1;GEMIN2;FMR1;PRDM5;CTNND1;UBP1;STK19;ARID4B;CIB1;RPL10A;VIRMA;CDC14B;PPP1CC;RUVBL2;EP300;KPNA4;KMT5B;TLE1;KMT5C;FBXW11;USP3;PUS1;APLP2;IPMK;TSC2;CHD1L;CDYL;VRK3;GTF2F2;THOC7;TLE6;FOXP1;CLIP1;ILF3;DMTF1;PKP4;ISCU;KMT2E;KMT2D;ANKRD16;ANKRD11;HTRA2;HMBOX1;DEAF1;SAFB2;CAMTA1;ECT2;ZC3H13;PIBF1;ZC3H14;BPTF;SMAD2;UBE2B;BRPF3;LTO1;MACO1;FANCE;CLK2;UBE2W;UBOX5;DLG1;KIF18B;CNOT2;TADA3;MDM2;UBA3;TAF4B;MDM4;TCF3;MYD88;FGFR2;MDM1;PICALM;FGFR1;ARHGAP11A;KDM5C;NXT1;RNF14;MCM8;AKAP8L;USP34;UFSP2;RESF1;SENP6;HPF1;DBP;PPP6R3;TRIM68;TLK2;TLK1;POLE;RBM5;ILKAP;KDM6A;TBP;ACTR5;ATRX;PPP2R5B;RAD23A;TRNAU1AP;MSL1;METTL22;ELF2;CREB1;PKM;TFDP2;SLC25A19;THRAP3;ESRP1;BIRC6;GAPDH;ITGB3BP;LAMA5;PRKAA1;UHRF2;DDX25;PNKP;RNF38;MOSPD1;WIZ;MLLT3;UACA;CECR2;TNKS2;RSBN1L;ATXN1L;IGF2BP1;E2F6;MTA3;SMNDC1;MUTYH;TCF7L2;TAF15;ASCC1;SWT1;LIMK2;TPRKB;PTPN13;USP28;USF2;CHFR;MAPK12;TICRR;RAD52;WEE1;KANSL1;BRMS1L;TAF8;ACIN1;RGS12;FAM98A;BCOR;TRIM33;TAF2,Ubr5,1014,GO_Cellular_Component_2023
Spindle (GO:0005819),29/210,6.980759405971841e-5,3.058838376756317,42.51938621159525,EPB41;CDC14B;RACGAP1;CSPP1;NUSAP1;TRAPPC14;MAP4;TBL1X;ECT2;KAT14;DLGAP5;CLASP1;IQCB1;LIMK2;SPICE1;HAUS3;CSNK1D;SIRT2;EML3;EML4;ATAT1;WRAP73;CENPF;ZZZ3;NCOR1;TFDP2;TADA3;PKP4;TUBGCP3,Ubr5,1014,GO_Cellular_Component_2023
Intracellular Non-Membrane-Bounded Organelle (GO:0043232),90/1195,0.006145704610590082,1.5761591349826645,14.500020444776249,CCNT1;TMEM179B;GEMIN2;FMR1;SPPL2B;PRDM5;FAF2;HJURP;BRCA1;RBPJ;ZFYVE1;TENT4B;SMG6;CDC14B;PPP1CC;EPB41L4A;CSPP1;SH3PXD2B;TRIM68;NUSAP1;SPG11;ESCO1;DDX11;SPICE1;RECQL;MTUS1;CSNK1D;ESCO2;CDYL;TERF1;ZFX;DDX50;SIRT2;UCHL5;EML3;METTL22;TRAF7;ILF3;SHQ1;BIN1;TUT1;PKP4;WDFY3;KIF20B;LDAH;GAPDH;KANK1;MACF1;MEAF6;EPB41;PNKP;AKAP8;HTRA2;FXR1;SYCE2;TCOF1;RACGAP1;DHX33;CALD1;EPB41L3;ATXN1L;CAMTA1;BNIP2;UTP20;ZC3H14;EXOSC1;DEDD;PLK4;SUZ12;TAF15;KRR1;UPF3B;FANCE;APTX;PTK2;FANCG;POLA1;CENPF;STAG1;WEE1;ZZZ3;STAG2;SNX15;TTC3;MDM2;TUBGCP3;RGS12;ZCCHC4;EIF4G3;CUTC,Ubr5,1014,GO_Cellular_Component_2023
Nuclear Lumen (GO:0031981),62/780,0.01557375467410723,1.6569953886847217,13.40084483168927,CCNT1;TMEM179B;GEMIN2;FMR1;SPPL2B;PRDM5;HJURP;RBPJ;TENT4B;SMG6;CDC14B;PPP1CC;TRIM68;NUSAP1;SPG11;PBRM1;DDX11;MTUS1;TERF1;ZFX;DDX50;SPIDR;SIRT2;UCHL5;METTL22;TRAF7;ILF3;SHQ1;TUT1;WDFY3;KIF20B;MEAF6;PNKP;AKAP8;FXR1;TCOF1;DHX33;ATXN1L;CAMTA1;BNIP2;UTP20;ZC3H14;EXOSC1;DEDD;PLK4;SUZ12;TAF15;KRR1;INSR;UPF3B;APTX;FANCG;POLA1;WEE1;STAG2;ZZZ3;SNX15;TTC3;MDM2;RGS12;ZCCHC4;CUTC,Ubr5,1014,GO_Cellular_Component_2023
Microtubule Cytoskeleton (GO:0015630),32/342,0.028367792816523303,1.9631824453058275,14.397230874887336,CEP57;MACF1;SLAIN2;KIF15;SPAST;RACGAP1;RUSC1;CSPP1;DBT;TCP11L1;TOGARAM1;KIF21A;MAP4;CLASP1;IQCB1;RBM39;MTUS1;SPICE1;CSNK1D;TUBE1;GTF2F2;SIRT2;EML3;EML4;NISCH;CENPF;CLIP1;DLG1;TBCE;TUBGCP3;KIF20B;GAPDH,Ubr5,1014,GO_Cellular_Component_2023
Nucleolus (GO:0005730),59/771,0.04102110411540715,1.5856315077357492,10.831852800543325,CCNT1;TMEM179B;GEMIN2;FMR1;SPPL2B;PRDM5;HJURP;RBPJ;TENT4B;SMG6;CDC14B;PPP1CC;TRIM68;NUSAP1;SPG11;DDX11;MTUS1;TERF1;ZFX;DDX50;SIRT2;UCHL5;METTL22;TRAF7;ILF3;SHQ1;TUT1;WDFY3;KIF20B;MEAF6;PNKP;AKAP8;FXR1;TCOF1;DHX33;ATXN1L;CAMTA1;BNIP2;UTP20;ZC3H14;EXOSC1;DEDD;PLK4;SUZ12;TAF15;KRR1;UPF3B;APTX;FANCG;POLA1;WEE1;STAG2;ZZZ3;SNX15;TTC3;MDM2;RGS12;ZCCHC4;CUTC,Ubr5,1014,GO_Cellular_Component_2023
RNA Binding (GO:0003723),129/1411,1.0977972184355628e-7,1.9458748809470978,43.59385563896499,EIF4A2;TCERG1;DBR1;TFRC;RTCA;FMR1;SPPL2B;GPATCH4;RPL10A;VIRMA;GPATCH8;EIF4ENIF1;PPP1CC;ALKBH1;NUSAP1;FBRSL1;MTPAP;RARS2;SRRM2;ABT1;MBNL1;TYW5;SECISBP2;DDX11;PUS1;ALG13;NOSIP;PRPF4B;GTPBP1;ILF3;HNRNPUL1;ZC3H11A;SRFBP1;ANKRD17;MACF1;PRKRIP1;RTF1;GIGYF2;RTN4;RCC1L;MTDH;HNRNPDL;ERI3;SERPINH1;SAFB2;GCN1;MARK2;SRPK2;TIA1;UBE2I;ZRANB2;RBPMS;PYM1;LSM1;UPF3B;HELZ;PUM1;PUM2;CNOT4;TBL2;AGO2;NOL12;EIF4G1;RBM25;AKAP8L;ADAR;BRCA1;ZCCHC17;FARS2;MRPL9;LRRFIP1;METTL16;RBM5;EIF5A;PABPC4;RBM18;RBM19;SPATS2;PRPF40B;DARS2;TRNAU1AP;PPRC1;DDX50;REXO4;UCHL5;DUS2;SARS2;PKM;SLTM;NOA1;ESRP1;RBM47;STAU1;DDX25;AKAP8;RRBP1;ADD1;TBRG4;MTHFSD;GANAB;UNK;TCOF1;FIP1L1;TRA2A;FLNB;CFAP20;EXOSC1;TEFM;PTCD3;RBM39;TRMT10B;MYEF2;YTHDF3;KRR1;MCRS1;ELP1;ADAT1;RSRC2;NOC3L;TPD52L2;APTX;TARBP2;KTN1;NAP1L4;ZYX;ACIN1;R3HDM1;TNRC6A;R3HDM2,Wt1,1043,GO_Molecular_Function_2023
Ubiquitin-Like Protein Transferase Activity (GO:0019787),33/240,1.0285365238238378e-4,2.959535083943177,44.00083587288267,HDAC4;UHRF2;RNF14;MGRN1;BRCA1;ZNRF1;RNF115;RNF214;UBE2Q2;ARIH2;MARCHF8;BTRC;FBXO9;ATG5;UBE2F;HACE1;UBE2I;UBE2B;FBXW11;WWP1;TOPORS;PJA2;CHFR;RNF41;RNF146;CNOT4;TRAF7;ITCH;TTC3;RNF181;MDM4;BCOR;FBXL5,Wt1,1043,GO_Molecular_Function_2023
Small GTPase Binding (GO:0031267),28/199,3.2809321329833717e-4,3.0306110102843316,40.31326857021215,USP6NL;GARRE1;MAPKAP1;DOCK7;ARHGAP1;GCC2;CIB1;STRN3;AKAP13;GGA1;AP3M1;GOLGA4;AP1G1;DNM1L;GIT1;HACE1;ANKRD27;DAPK3;ARHGEF16;TSC2;MYO9B;CYRIB;RNF41;MYO1C;PEX5;RAB3GAP2;RIN3;ULK1,Wt1,1043,GO_Molecular_Function_2023
GTPase Binding (GO:0051020),30/225,3.315848843869139e-4,2.849419090287797,37.05315783549299,USP6NL;STOML2;GARRE1;MAPKAP1;DOCK7;ARHGAP1;GCC2;CIB1;RASIP1;STRN3;AKAP13;GGA1;AP3M1;GOLGA4;AP1G1;DNM1L;GIT1;HACE1;ANKRD27;DAPK3;ARHGEF16;TSC2;MYO9B;CYRIB;RNF41;MYO1C;PEX5;RAB3GAP2;RIN3;ULK1,Wt1,1043,GO_Molecular_Function_2023
Cadherin Binding (GO:0045296),37/319,5.342799710880051e-4,2.435652045175754,29.904084894120462,MACF1;PDXDC1;SRC;CTNND1;ARHGAP1;ASAP1;CLINT1;GIGYF2;RTN4;ADD1;SLC9A3R2;PDLIM1;LIMA1;ARVCF;BAIAP2L1;MPRIP;STK38;PACSIN2;FLNB;LRRFIP1;EMD;EPS15;GCN1;MARK2;TMPO;UNC45A;CEMIP2;ARHGEF16;EPS15L1;HCFC1;KTN1;EPN2;PPFIBP1;PKM;ABI1;NUMB;PHLDB2,Wt1,1043,GO_Molecular_Function_2023
Ubiquitin-Protein Transferase Activity (GO:0004842),44/412,5.342799710880051e-4,2.2248226487356924,26.967647728570395,UHRF2;RNF14;MGRN1;LTN1;CBLB;UBR1;BRCA1;UBE2J2;RNFT1;UBE2J1;ZNRF1;RNF115;RNF214;RNF138;UBE2Q2;ARIH2;MARCHF8;TRIM26;RFFL;BTRC;RNF111;FBXO9;HACE1;UBE2B;FBXW11;WWP1;PEX2;TOPORS;PJA2;CHFR;RNF41;RNF146;CNOT4;TRAF7;ITCH;RNF149;TTC3;RNF181;MDM4;TRIP12;BCOR;FBXL5;RNF121;TAF1,Wt1,1043,GO_Molecular_Function_2023
Protein-Lysine N-methyltransferase Activity (GO:0016279),12/54,0.0014340385657456056,5.241790217541915,57.55368598120622,SETD5;SUV39H2;METTL22;SETD2;KMT5C;EHMT2;SETD6;EHMT1;KMT5B;KMT5A;EEF1AKMT2;EZH2,Wt1,1043,GO_Molecular_Function_2023
Lysine N-methyltransferase Activity (GO:0016278),8/25,0.0019136059153365382,8.611537368570616,90.91846334610774,METTL22;SETD2;EHMT2;SETD6;EHMT1;KMT5A;EEF1AKMT2;EZH2,Wt1,1043,GO_Molecular_Function_2023
Protein Serine/Threonine Kinase Activity (GO:0004674),35/342,0.007478236901078327,2.1093467245747375,19.146455485466426,PRKAA1;STK11;IRAK1;CHEK1;STK38;PHKG2;TLK1;MAP4K5;MAP3K7;MARK3;MARK2;BRD4;MAP2K6;SRPK2;CHUK;RIPK2;LIMK2;DAPK3;PRKCD;CDC7;PRPF4B;VRK1;OXSR1;PRKAB1;CLK4;MAPK12;CLK2;CLK1;MELK;RPS6KB2;ULK1;SIK2;CSNK1G2;CAMK1G;TAF1,Wt1,1043,GO_Molecular_Function_2023
Kinase Binding (GO:0019900),43/460,0.0094898123678994,1.911798561151079,16.6964585934972,ATF2;DGKD;TFRC;CAB39;MAPKAP1;PRKRIP1;WWC2;PRKAG2;PTPRK;FOXM1;EIF4ENIF1;PPP1CC;RACGAP1;IRAK1;RNF138;PDCD10;CHP1;RICTOR;RFFL;SPG11;CDK5RAP2;MAP2K6;MAP2K3;PARP6;TCF7L2;PPP1R12A;STRADA;PRKCD;TPRKB;AP1B1;ADAM10;VRK1;RAD23A;OXSR1;ATG13;PRKAB1;PTK2;TBL2;DLG3;DNAJA3;ANKRA2;ARHGEF7;RAD9A,Wt1,1043,GO_Molecular_Function_2023
RNA Polymerase II-specific DNA-binding Transcription Factor Binding (GO:0061629),25/228,0.01996800023954857,2.268768085785903,17.910007349447895,HDAC4;ATF2;TCERG1;HDAC5;UHRF2;SETD6;RBPJ;ADD1;MTDH;NRIP1;CPNE1;RBBP8;UBXN7;BBS5;GTF2I;TCF7L2;TBP;DNMT3A;NCOR1;CREB1;TADA3;TAF4B;TACC2;TCF3;TAF1,Wt1,1043,GO_Molecular_Function_2023
Double-Stranded RNA Binding (GO:0003725),11/65,0.024236021487194934,3.731212316968131,28.40734168221547,DUS2;MBNL1;ILF3;TFRC;PRKRIP1;AGO2;ADAR;LRRFIP1;APTX;TARBP2;MTDH,Wt1,1043,GO_Molecular_Function_2023
Histone H3K9 Methyltransferase Activity (GO:0046974),4/9,0.030530913146354585,14.592492781520694,104.99648459369938,SETD5;SUV39H2;EHMT2;EHMT1,Wt1,1043,GO_Molecular_Function_2023
"Phosphatidylinositol-3,5-Bisphosphate 3-Phosphatase Activity (GO:0052629)",4/9,0.030530913146354585,14.592492781520694,104.99648459369938,MTMR3;MTMR14;MTMR4;MTMR7,Wt1,1043,GO_Molecular_Function_2023
Tubulin Binding (GO:0015631),31/322,0.030530913146354585,1.9648954810317427,14.067456094545898,CEP57;SETD2;FMR1;BRCA1;SKA1;RACGAP1;OPA1;HAUS8;NUSAP1;CHP1;TRAPPC14;DNM1L;EMD;GIT1;CLASP1;CDK5RAP2;APPL1;CEP295;KIF23;MACO1;HAUS6;NISCH;CCDC88A;CLIP1;HOOK2;IFT81;KIF20B;ARHGEF7;GAPDH;HDGFL3;MDM1,Wt1,1043,GO_Molecular_Function_2023
Acetylation-Dependent Protein Binding (GO:0140033),6/23,0.03223048355807403,6.446196607862046,44.99480956793121,ZZZ3;CARM1;MLLT1;MLLT3;BRD4;TAF1,Wt1,1043,GO_Molecular_Function_2023
Lysine-Acetylated Histone Binding (GO:0070577),6/23,0.03223048355807403,6.446196607862046,44.99480956793121,ZZZ3;CARM1;MLLT1;MLLT3;BRD4;TAF1,Wt1,1043,GO_Molecular_Function_2023
DNA Binding (GO:0003677),65/846,0.03591148862859649,1.5467559025841235,10.486308083025293,APP;CCNT1;MPG;FMR1;SMC5;BRCA1;RBPJ;SPATA24;SNAPC4;DNMT3B;SMARCAD1;TRIM26;GET1;LRRFIP1;YAF2;POLE;RBM5;KDM6A;SREBF1;SECISBP2;DDX11;DNMT3A;TINF2;RAD23A;REXO4;TOPORS;SIRT3;TAF6L;ILF3;MAU2;SLTM;MTF2;RARB;ZMYND11;HDAC4;BLM;KDM3A;GTF3C4;GTF3C5;WBP2;PNKP;RTF1;PDS5B;HMBOX1;RNF138;SAFB2;RBBP8;PATZ1;DEDD;BPTF;TCF7L2;TCF7L1;ATAD5;CENPX;MLH1;APTX;FANCG;NR2F6;NR4A1;TDP2;TAF4B;AUNIP;TCF3;EZH2;TAF1,Wt1,1043,GO_Molecular_Function_2023
tRNA Binding (GO:0000049),9/51,0.03591148862859649,3.919936446532191,26.501456403909074,TRMT10B;SARS2;TYW5;ALKBH1;PUS1;ELP1;DARS2;TRNAU1AP;FARS2,Wt1,1043,GO_Molecular_Function_2023
Transcription Corepressor Binding (GO:0001222),8/42,0.036639779426720386,4.301903949985792,28.62202780310096,HDAC5;EHMT2;USP11;CNOT2;MTF2;EHMT1;WIZ;EZH2,Wt1,1043,GO_Molecular_Function_2023
DNA-methyltransferase Activity (GO:0009008),3/5,0.036639779426720386,27.338942307692307,181.54491633871868,MGMT;DNMT3A;DNMT3B,Wt1,1043,GO_Molecular_Function_2023
RNA Polymerase Binding (GO:0070063),5/17,0.03738912373293672,7.604768786127168,49.99191844032061,TCERG1;CCNT2;CCNT1;BRCA1;PHRF1,Wt1,1043,GO_Molecular_Function_2023
Microtubule Binding (GO:0008017),24/239,0.04247918813076754,2.0531209347969965,13.143408816560946,CEP57;MACF1;FBXW11;FMR1;CEP295;KIF23;MACO1;HAUS6;SKA1;CCDC88A;CLIP1;RACGAP1;HOOK2;OPA1;HAUS8;NUSAP1;CHP1;KIF20B;DNM1L;GAPDH;HDGFL3;CLASP1;CDK5RAP2;MDM1,Wt1,1043,GO_Molecular_Function_2023
Phosphatidylinositol-3-Phosphate Phosphatase Activity (GO:0004438),4/11,0.04432951763189077,10.422109170906092,65.83101146138443,MTMR3;MTMR14;MTMR4;MTMR7,Wt1,1043,GO_Molecular_Function_2023
Ubiquitin-Like Protein Conjugating Enzyme Activity (GO:0061650),7/35,0.04508500427503413,4.56780888030888,28.588800989788293,UBE2F;UBE2I;UBE2B;UBE2Q2;UBE2J2;UBE2J1;TAF1,Wt1,1043,GO_Molecular_Function_2023
Histone H3 Methyltransferase Activity (GO:0140938),7/36,0.048090134020721195,4.410065237651445,26.8478967430133,SETD5;SUV39H2;SETD2;EHMT2;CARM1;EHMT1;EZH2,Wt1,1043,GO_Molecular_Function_2023
Histone Acetyltransferase Activity (GO:0004402),6/27,0.048090134020721195,5.217247554759608,31.73493233898074,ATF2;NAA60;SRCAP;KAT5;KAT14;TAF1,Wt1,1043,GO_Molecular_Function_2023
Protein Serine/Threonine Kinase Activator Activity (GO:0043539),9/56,0.048090134020721195,3.5019959669122187,21.295286961066985,PARP6;CCNT2;CCNT1;KAT5;CAB39;CAB39L;STRADA;RICTOR;GCN1,Wt1,1043,GO_Molecular_Function_2023
DNA Repair (GO:0006281),38/291,3.6289866206341576e-4,2.795319843470395,43.405749115808895,SETD2;BLM;TEX264;MPG;FMR1;PNKP;CIB1;BRCA1;PDS5B;KAT5;ALKBH1;CHEK1;EP400;RBBP8;KMT5B;ATRIP;POLE;SLC30A9;CENPX;UBE2B;MGMT;KMT5C;ASCC1;USP3;ACTR5;XRCC3;RECQL;RAD23A;CHD1L;MLH1;FANCE;APTX;FANCG;REXO4;TDP2;UBE2V2;RHNO1;RAD9A,Wt1,1043,GO_Biological_Process_2023
Protein Modification Process (GO:0036211),70/711,3.6289866206341576e-4,2.0556908607279545,31.392330244545303,APP;PTPRS;CCNT1;JADE1;PRKAG2;PLOD2;PTPRK;CDC14B;PPP1CC;STK11;CHEK1;TLK1;BTRC;ILKAP;PPP1R12A;COG7;TBP;CHUK;STRADA;FBXW11;DAPK3;PRKCD;PPP2R5B;ALG3;ADAM10;PRPF4B;VRK1;OXSR1;JMJD7;ATG13;PRKAB1;ILF3;MELK;CREB1;ULK1;SIK2;CSNK1G2;ATG4D;PRKAA1;MTMR3;PPM1M;MTMR4;MTMR7;PORCN;IRAK1;STK38;RCE1;MAP4K5;ATG7;MARK3;MARK2;ATG5;ST3GAL3;B3GALNT2;SRPK2;UBE2F;CDK18;ATE1;UBE2I;MCRS1;LIMK2;PTPN12;PTPN13;PTK2;CLK2;SSH1;MGAT4B;TAF4B;TAF2;TAF1,Wt1,1043,GO_Biological_Process_2023
Regulation Of Embryonic Development (GO:0045995),14/62,0.002905031795899208,5.35969387755102,68.52582019590945,ACTR5;MCRS1;RBM19;EHMT1;TLE6;UCHL5;BAG6;ZZZ3;RACGAP1;TADA3;TRIP12;PHLDB2;CLASP1;KAT14,Wt1,1043,GO_Biological_Process_2023
Chromatin Remodeling (GO:0006338),29/228,0.005939216849599809,2.6958361828868207,31.496186039133622,HDAC4;SUV39H2;HDAC5;SETD2;BAZ2B;MYSM1;CECR2;KAT5;CHEK1;SMARCAD1;GET1;MTA3;BPTF;KDM6A;SRPK2;SS18;PBRM1;MCRS1;USP3;ACTR5;CHD1L;UCHL5;HCFC1;GATAD2A;TAF6L;MTF2;TRIP12;BCOR;HDGFL3,Wt1,1043,GO_Biological_Process_2023
Glycerophospholipid Biosynthetic Process (GO:0046474),18/108,0.005939216849599809,3.6813658536585367,41.900852561663854,PI4K2B;VAC14;DGKD;MTMR3;CHKA;TAMM41;MTMR14;INPPL1;MBOAT2;HDHD5;MTMR4;PIK3C2A;SELENOI;MTMR7;PTDSS1;ACP6;PIP5K1C;PI4KB,Wt1,1043,GO_Biological_Process_2023
Vesicle-Mediated Transport (GO:0016192),43/411,0.005939216849599809,2.172084239130435,24.68736591924168,USP6NL;WASHC4;APP;MGRN1;GOSR2;STXBP2;ARHGAP1;INPPL1;MIA2;MIA3;PIK3C2A;CLINT1;AP3M1;CECR2;CYTH2;GOLGA4;AP5M1;AP1G1;CPNE1;AP4S1;GPRASP1;AP5S1;ATP9B;EPS15;STX8;AKTIP;AP1B1;TSC2;RAB3IL1;EPS15L1;RBSN;EPN1;EPN2;BIN3;SNX16;HOOK2;DNAJC5;RAB13;EXOC4;CHMP3;RIN3;VPS45;CSNK1G2,Wt1,1043,GO_Biological_Process_2023
Regulation Of Cell Cycle (GO:0051726),34/298,0.005939216849599809,2.385958194431931,26.36723003546704,ANKRD17;CDC123;ANAPC16;UHRF2;JADE1;BRCA1;PTPRK;FOXM1;TBRG4;MBTD1;STK11;KAT5;CHEK1;EP400;RPRD1B;CCNL2;KAT14;MAP2K6;SRPK2;MCRS1;ACTR5;DAPK3;TSC2;RAD23A;PUM1;UCHL5;MAPK12;HCFC1;NR4A1;ZZZ3;TADA3;NF2;KIF20B;FGFR2,Wt1,1043,GO_Biological_Process_2023
Histone Modification (GO:0016570),15/81,0.005939216849599809,4.176467987265653,45.970804303184536,HDAC4;HDAC5;UBE2B;USP3;JADE1;GATAD2A;MBTD1;TAF6L;KAT5;CARM1;TADA3;EP400;TBL1X;MTA3;KAT14,Wt1,1043,GO_Biological_Process_2023
Protein Phosphorylation (GO:0006468),49/500,0.005939216849599809,2.022766309609319,22.19308988196834,ATF2;APP;FLT1;CCNT1;PRKAG2;STK11;CHEK1;TLK1;MAP3K7;TBP;CHUK;STRADA;DAPK3;PRKCD;ADAM10;PRPF4B;VRK1;OXSR1;ATG13;PRKAB1;ILF3;MELK;CREB1;ULK1;SIK2;CSNK1G2;CAMK1G;PRKAA1;CAB39;SRC;IRAK1;STK38;RICTOR;MAP4K5;MARK3;MARK2;SRPK2;CDK18;LIMK2;CDC7;CLK4;PTK2;MAPK12;CLK2;CLK1;TAF4B;FGFR2;TAF2;TAF1,Wt1,1043,GO_Biological_Process_2023
DNA Metabolic Process (GO:0006259),33/288,0.005996915072545556,2.3962958648806056,26.01568439700467,BLM;FMR1;PNKP;BRCA1;PDS5B;ORC6;ALKBH1;CHEK1;EP400;RBBP8;SMARCAD1;KMT5B;ATRIP;POLE;TCF7L2;UBE2B;MGMT;KMT5C;MCRS1;USP3;ACTR5;XRCC3;RECQL;REV1;DONSON;NOC3L;CHD1L;TERF2;UCHL5;FANCG;REXO4;UBE2V2;RAD9A,Wt1,1043,GO_Biological_Process_2023
Chromatin Organization (GO:0006325),31/268,0.008024123297518905,2.419572722269475,25.333185505610484,HDAC4;NAA60;SUV39H2;HDAC5;EHMT1;BAZ2B;MYSM1;CECR2;CHEK1;SMARCAD1;GET1;MTA3;BPTF;KDM6A;SS18;PBRM1;TCF7L1;DDX11;MCRS1;ACTR5;CHD1L;UCHL5;HCFC1;GATAD2A;NAP1L4;TAF6L;ZZZ3;MTF2;BCOR;HDGFL3;EZH2,Wt1,1043,GO_Biological_Process_2023
Phosphorylation (GO:0016310),43/429,0.008475584977160161,2.0687901554404147,21.367206286020114,APP;PRKAA1;PANK2;DGKD;CCNT1;MAPKAP1;PRKAG2;HK2;STK11;IRAK1;STK38;CHEK1;TLK1;RICTOR;MAP4K5;MARK3;MARK2;SRPK2;CDK18;TBP;CHUK;STRADA;LIMK2;DAPK3;PRKCD;ADAM10;PRPF4B;VRK1;OXSR1;ATG13;PRKAB1;PTK2;CLK2;GNPTG;ILF3;MELK;CREB1;TAF4B;ULK1;SIK2;CSNK1G2;TAF2;TAF1,Wt1,1043,GO_Biological_Process_2023
Protein Modification By Small Protein Conjugation (GO:0032446),38/364,0.009228147563846734,2.16090712083753,21.96183300189438,HDAC4;ANAPC16;UHRF2;RNF14;MGRN1;COPS7B;SMC5;BRCA1;UBR1;RNF115;RNF138;ARIH2;TRIM26;NAE1;BTRC;ATG7;RNF111;FBXO9;UBE2F;SLF1;HACE1;UBE2I;UBE2B;ARRDC1;FBXW11;AKTIP;WWP1;TOPORS;PJA2;CHFR;RNF41;CNOT4;TRAF7;ITCH;UBE2V2;RNF181;MDM4;FBXL5,Wt1,1043,GO_Biological_Process_2023
Regulation Of Multicellular Organismal Development (GO:2000026),12/59,0.009559862279194675,4.682914749159048,47.0049900595307,BAG6;ZZZ3;RACGAP1;BRPF3;ACTR5;MCRS1;TADA3;EHMT1;TRIP12;MYSM1;UCHL5;KAT14,Wt1,1043,GO_Biological_Process_2023
Ubiquitin-Dependent Protein Catabolic Process (GO:0006511),38/367,0.009559862279194675,2.1408580199307417,21.376106067267216,RNF14;BAG6;ZNRF1;RNF115;KAT5;ARIH2;UBXN7;TBL1X;NAE1;BTRC;RFFL;RNF111;FBXO9;ATE1;ZRANB1;HACE1;UBE2I;UBE2B;ARRDC1;FBXW11;FBXL19;WWP1;RAD23A;ARMC8;NTAN1;TOPORS;PJA2;CHFR;RNF146;CNOT4;NSFL1C;ITCH;RNF149;TTC3;CHMP3;SPOPL;TRIP12;TAF1,Wt1,1043,GO_Biological_Process_2023
DNA Damage Response (GO:0006974),39/384,0.010944446348248668,2.0955828858479126,20.50534959682029,ATF2;BLM;FMR1;PNKP;SMC5;CIB1;BRCA1;PDS5B;ALKBH7;STK11;KAT5;ALKBH1;CHEK1;EP400;RBBP8;KMT5B;NAE1;BID;ATRIP;MAP2K6;SLF1;UBE2B;MGMT;KMT5C;DDX11;USP3;PRKCD;XRCC3;RECQL;VRK1;CHD1L;TOPORS;FANCG;REXO4;MAPK12;TRIP12;CEP63;RAD9A;TAF1,Wt1,1043,GO_Biological_Process_2023
Regulation Of DNA Metabolic Process (GO:0051052),18/124,0.014006005210896176,3.1230372756557756,29.599382936987663,ANKRD17;SLF1;ESCO1;EHMT2;ACTR5;MCRS1;JADE1;SMC5;BRCA1;TERF2;UCHL5;CCDC88A;TAF6L;TADA3;UBE2V2;USP1;SMARCAD1;TAF2,Wt1,1043,GO_Biological_Process_2023
Protein Ubiquitination (GO:0016567),42/434,0.015452960196684977,1.9871200228343084,18.52449408411462,ANAPC16;UHRF2;RNF14;MGRN1;UBR1;BRCA1;UBE2J2;RNFT1;UBE2J1;RNF115;RNF138;ARIH2;MARCHF8;MARCHF7;TRIM26;NAE1;BTRC;RNF111;FBXO9;HACE1;UBE2B;ARRDC1;FBXW11;WWP1;PEX2;FANCE;FANCG;TOPORS;PJA2;CHFR;RNF41;RNF146;CNOT4;TRAF7;UBOX5;ITCH;UBE2V2;RNF181;MDM4;TRIP12;FBXL5;TAF1,Wt1,1043,GO_Biological_Process_2023
Signal Transduction In Response To DNA Damage (GO:0042770),11/57,0.024386785064209614,4.381972531176272,38.61382979628549,CHEK1;SESN2;DONSON;MDM4;CEP63;BID;ATRIP;MAPK12;RHNO1;MAP2K6;RAD9A,Wt1,1043,GO_Biological_Process_2023
Selective Autophagy (GO:0061912),11/58,0.025971009610349493,4.2885122876463795,37.092789347304915,RETREG3;TAFAZZIN;TEX264;PEX5;PEX2;ULK1;WDFY3;SNX7;ATG13;ATG4D;ATG5,Wt1,1043,GO_Biological_Process_2023
Regulation Of Double-Strand Break Repair (GO:2000779),14/88,0.025971009610349493,3.4717779003493288,30.027238460911036,ACTR2;SETD2;PBRM1;SLF1;MGMT;DDX11;FOXM1;MBTD1;KAT5;CHEK1;UBE2V2;EP400;TRIP12;ATRIP,Wt1,1043,GO_Biological_Process_2023
Regulation Of Organelle Organization (GO:0033043),15/100,0.0289381684740895,3.2396429388876173,27.51833991798233,USP6NL;SLC30A9;ACTR5;MCRS1;RBSN;PTK2;UCHL5;SYDE1;RHOT1;PDCD10;AKAP9;NF2;DNM1L;MARK2;ATG5,Wt1,1043,GO_Biological_Process_2023
tRNA Aminoacylation For Mitochondrial Protein Translation (GO:0070127),4/7,0.030665852452479467,24.323387872954765,204.11726958932474,SARS2;DARS2;TARS2;EARS2,Wt1,1043,GO_Biological_Process_2023
Protein K48-linked Ubiquitination (GO:0070936),12/70,0.03177405357850153,3.7925683133215156,31.530468281277344,RNF146;ZNRF1;RNF115;ITCH;HACE1;UBE2B;UBE2Q2;TTC3;ARIH2;RFFL;TOPORS;FBXO9,Wt1,1043,GO_Biological_Process_2023
Establishment Of Mitotic Spindle Localization (GO:0040001),8/34,0.035730250392880865,5.627945001858046,45.8991628518422,GPSM1;NSFL1C;KAT5;FBXW11;NUSAP1;CENPA;CLASP1;CDK5RAP2,Wt1,1043,GO_Biological_Process_2023
Organelle Organization (GO:0006996),39/418,0.03618787521061744,1.904103901018617,15.256360481575376,USP6NL;PI4K2B;STOML2;TAFAZZIN;MAPKAP1;TOR1AIP2;SNX10;MIA3;CECR2;RHOT1;OPA1;PACSIN2;LONP2;PACSIN3;RICTOR;DNM1L;EPS15;CLASP1;SEC31A;CENPT;ZRANB1;HACE1;COG7;YTHDF3;ATP8B2;COG6;COG2;PEX2;MCOLN1;FANCG;TJAP1;NSFL1C;NOA1;ADCK1;DNAJA3;RANBP10;YME1L1;CHMP3;ARHGEF7,Wt1,1043,GO_Biological_Process_2023
Response To Nutrient Levels (GO:0031667),8/35,0.03618787521061744,5.4192163177670425,43.04158309730019,PRKAA1;MAPKAP1;PRKAG2;FLNB;RICTOR;ULK1;PRKAB1;EIF4G1,Wt1,1043,GO_Biological_Process_2023
Peptidyl-Lysine Modification (GO:0018205),14/94,0.03618787521061744,3.210374149659864,25.49724481002732,HDAC4;SLF1;UBE2I;ESCO1;UHRF2;PLOD2;SMC5;PLOD1;TOPORS;SIRT3;SENP6;KAT5;NNAT;EEF1AKMT2,Wt1,1043,GO_Biological_Process_2023
Endocytosis (GO:0006897),22/189,0.03618787521061744,2.424416592867155,19.225213392252208,APP;INPPL1;TSC2;EPS15L1;PIK3C2A;CLINT1;EPN1;EPN2;AP3M1;CYTH2;DAB2;BIN3;HOOK2;PACSIN2;PPT1;RIN3;PIP5K1C;PI4KB;ATP9B;EPS15;CSNK1G2;PDLIM7,Wt1,1043,GO_Biological_Process_2023
Peptidyl-Lysine Methylation (GO:0018022),7/27,0.03618787521061744,6.397635135135135,50.66338797289825,SUV39H2;SETD2;EHMT2;SETD6;EHMT1;KMT5A;EEF1AKMT2,Wt1,1043,GO_Biological_Process_2023
Regulation Of Chromatin Organization (GO:1902275),7/27,0.03618787521061744,6.397635135135135,50.66338797289825,SETD5;MCRS1;KANSL3;TLK1;MLLT3;HCFC1;MSL1,Wt1,1043,GO_Biological_Process_2023
Organelle Assembly (GO:0070925),32/322,0.03618787521061744,2.037395545550667,16.087264529886987,FMR1;CEP164;SNX10;ASAP1;CDC14B;AP3M1;AP1G1;WDR90;POC1B;TRAPPC14;IFT57;ATG7;BBS5;CFAP20;ATG5;RAB8B;IQCB1;ACTR2;YTHDF3;AP1B1;IFT122;STAM;ATG13;WDR35;ATAT1;NSFL1C;IFT81;RP2;CHMP3;ULK1;CEP20;SSX2IP,Wt1,1043,GO_Biological_Process_2023
Positive Regulation Of Double-Strand Break Repair (GO:2000781),13/84,0.03680158196297179,3.3572815533980584,26.349309969988234,ACTR2;PBRM1;SLF1;KMT5C;MGMT;DDX11;PNKP;FOXM1;MBTD1;KAT5;UBE2V2;EP400;KMT5B,Wt1,1043,GO_Biological_Process_2023
DNA Methylation (GO:0006306),6/20,0.03690915903311785,7.828764292602287,61.087150500237286,ZDBF2;EHMT2;DNMT3A;DNMT3B;EHMT1;GATAD2A,Wt1,1043,GO_Biological_Process_2023
Positive Regulation Of Cell Cycle Process (GO:0090068),16/118,0.03690915903311785,2.8798900280657542,22.424686995137957,DDX11;CEP295;CEP120;XRCC3;WIZ;SMC5;CDC7;KIF23;CDC14B;NSFL1C;RACGAP1;NUSAP1;NCAPD3;KIF20B;RHNO1;E2F8,Wt1,1043,GO_Biological_Process_2023
Negative Regulation Of Translation (GO:0017148),15/107,0.03748859131851034,2.992038149213331,23.16704973877922,TIA1;YTHDF3;FMR1;DAPK3;CNOT10;PUM1;GIGYF2;EIF4ENIF1;ILF3;UNK;AGO2;METTL16;GAPDH;TNRC6A;EIF4G1,Wt1,1043,GO_Biological_Process_2023
Endosomal Transport (GO:0016197),21/180,0.039534443185431416,2.4293098991987594,18.61425815438153,WASHC4;VPS29;TMEM87B;ANKRD27;DENND2A;ARHGAP1;GCC2;EPS15L1;RBSN;ARFRP1;GGA1;AP5M1;VPS50;VPS53;RAB13;CHMP3;ENTR1;SNX7;AP5S1;EPS15;PLEKHJ1,Wt1,1043,GO_Biological_Process_2023
Mitotic G2/M Transition Checkpoint (GO:0044818),9/46,0.04337031610191217,4.45083381253594,33.57305502160109,RINT1;BLM;CHEK1;RBBP8;DONSON;BRCA1;NAE1;CHFR;CDC14B,Wt1,1043,GO_Biological_Process_2023
Positive Regulation Of DNA-templated Transcription (GO:0045893),91/1243,0.049497893052225427,1.4773858762254901,10.91044007059136,ATF2;APP;TCERG1;CRTC2;CCNT2;CCNT1;RNF14;AKAP8L;UBP1;CCNC;BRCA1;RBPJ;FOXM1;MYSM1;KAT5;NAMPT;NCK2;BTRC;YAF2;RNF111;GABPA;CDK5RAP2;GTF2I;EIF5A;MAP2K3;SS18;ACTR2;SREBF1;PPP1R12A;CHUK;RIPK2;FBXW11;ACTR5;PEX2;OXSR1;PPRC1;UCHL5;MSL1;HCFC1;MED22;TAF6L;ILF3;ELF2;CREB1;TFDP2;RARB;HDAC4;HDAC5;BLM;PRKAA1;KDM3A;SHC1;WBP2;ZBTB48;STXBP2;MLLT1;MLLT3;MBTD1;DEAF1;NRIP1;EP400;TASP1;APBB2;RPRD1B;TBL1X;MTA3;E2F8;BRD4;BPTF;ATF7IP;TCF7L2;PCGF5;MCRS1;IRX3;RFXANK;GATAD2A;VEGFA;MLLT10;NR4A1;DAB2;CARM1;KANSL3;AGO2;TADA3;NAA16;TCF3;AGRN;NFE2L1;TAF2;FGFR2;SSBP4,Wt1,1043,GO_Biological_Process_2023
Intracellular Membrane-Bounded Organelle (GO:0043231),383/5175,4.0594742081800336e-13,1.7153573506348965,58.669396008954145,ATF2;VPS29;TCERG1;PANK2;TFRC;EHMT2;RTCA;EHMT1;CCNC;SMC5;RBPJ;GPATCH8;KAT5;ALKBH1;SPATA24;CHEK1;CPNE1;FAM53A;CCNL2;RNF111;TMPO;SRRM2;ABT1;MBNL1;COG7;ESCO1;DDX11;SLC35C2;DAPK3;PRKCD;IFRD1;RECQL;AP1B1;ARMC8;JMJD7;PRKAB1;HCFC1;NISCH;AKAP9;SRFBP1;SIK2;KIF20B;ANKRA2;RHNO1;GGNBP2;PDXDC1;SRCAP;TEX264;STXBP2;COPS7B;SDR39U1;BAZ2B;UBE2J2;UBE2J1;MTDH;PRDX5;RAB11FIP1;RACGAP1;DPH3;PATZ1;ATRIP;KAT14;SEC31A;SRPK2;CDK18;ZRANB1;HACE1;TIPARP;XRCC3;UPF3B;TMEM192;CDC7;STAM;NTAN1;PTK2;NR2F6;MLLT10;STAG1;TDP2;AGO2;PPT1;GTF2IRD1;CDIN1;PKIG;EZH2;CEP57;RPAIN;SUV39H2;SETD5;SLC35F6;SETD2;INTS14;SETD6;ZBTB8OS;SNX10;MIA3;PTPRK;BRCA1;MED15;CLINT1;ARIH2;UBXN7;NELFB;GPRASP1;GABPA;APPL1;SS18;SREBF1;GRIPAP1;PBRM1;STRADA;PABPC4;KIF23;PPRC1;RBSN;TERF2;UCHL5;TOPORS;SIRT3;MED22;TAF6L;NCOR1;SLTM;MED20;MTF2;G2E3;RARB;MOCS1;SGMS1;AKAP8;DLST;CENPA;GGA1;ARVCF;RNF138;USP1;MARCHF7;APBB2;TBL1X;EPS15;EXOSC1;NKTR;BRD4;CENPU;SLF1;TRMT10B;MYEF2;ATAD5;PCGF5;MGMT;MCRS1;MLH1;APTX;TARBP2;GATAD2A;RNF146;ITCH;SNX16;SRRD;TTC3;NBR1;ZYX;TRIP12;EEF1AKMT2;SCARB1;CRTC2;DBR1;CCNT2;DGKD;CCNT1;FMR1;CTNND1;RTKN2;JADE1;INPPL1;UBP1;CIB1;RPL10A;VIRMA;CDC14B;EIF4ENIF1;PPP1CC;STK11;PAPOLA;CHP1;SMARCAD1;KMT5B;TRAPPC14;KMT5A;MTPAP;MAP3K7;GTF2I;SLC30A9;TLE1;KMT5C;FBXW11;USP3;PUS1;IPMK;ADAM10;TSC2;NOSIP;PRPF4B;VRK1;CHD1L;THOC7;TLE6;ALDH3A2;CLIP1;ILF3;MAU2;HNRNPUL1;UBE2V2;ADNP;CSNK1G2;HDGFL3;ANKRD17;BLM;PDS5B;GPATCH2L;TOR1AIP1;BAG6;HMBOX1;IRAK1;DEAF1;STK38;PACSIN2;SAFB2;AP4S1;RPRD1B;NAE1;BPTF;UBE2F;OSBPL9;TIA1;UBE2I;ANKRD27;UBE2B;BRPF3;PTCH1;LSM1;RFXANK;MACO1;FANCE;CLK4;AZIN1;CLK2;CLK1;NSFL1C;NR4A1;UBOX5;DAB2;HOOK2;P4HA1;CNOT2;TADA3;TAF4B;MDM4;TCF3;NF2;NFE2L1;FGFR2;MDM1;RAD9A;EIF4G1;RNF14;AKAP8L;CEP164;ADAR;UFSP2;FOXM1;PIK3C2A;MYSM1;HK2;RESF1;SENP6;UBE2Q2;AP1G1;PPP6R3;SNAPC4;DNMT3B;TLK1;GET1;DNM1L;METTL16;YAF2;POLE;RBM5;ILKAP;KDM6A;EIF5A;ACTR2;SUN1;TBP;CDADC1;CEMIP2;ACTR5;AKTIP;DNMT3A;PPP2R5B;RAD23A;PEX2;TRNAU1AP;OXSR1;REXO4;MSL1;EPN2;METTL22;TRAF7;ELF2;CREB1;PKM;TFDP2;SLC25A19;ESRP1;DNAJC5;SPOPL;DNAJC8;ZMYND11;GAPDH;ITGB3BP;HDAC4;LAMA5;HDAC5;VAC14;PRKAA1;RBM47;KDM3A;UHRF2;PPM1M;MGRN1;DDX25;NAA20;WBP2;PNKP;USP11;WIZ;MLLT3;CLCN3;UACA;ADD1;CECR2;ZNRF1;GANAB;NFS1;VPS53;ATXN1L;TRA2A;NRIP1;RBBP8;MTA3;ATF7IP;TCF7L2;ATE1;TCF7L1;RNGTT;EYA2;ASCC1;IRX3;LIMK2;DONSON;TPRKB;PTPN12;MCOLN1;PTPN13;PTPN14;CHFR;MAPK12;NAP1L4;WEE1;MYO1C;CARM1;DOLPP1;DNAJA3;KANSL3;ACIN1;NAA16;RGS12;BCOR;TAF2;TNRC6A;SSBP4;TAF1,Wt1,1043,GO_Cellular_Component_2023
Nucleus (GO:0005634),329/4487,2.844514491872277e-10,1.6400065076535664,44.20997075491284,ATF2;TCERG1;PANK2;EHMT2;RTCA;EHMT1;CCNC;SMC5;RBPJ;GPATCH8;KAT5;ALKBH1;SPATA24;CHEK1;CPNE1;FAM53A;CCNL2;RNF111;TMPO;SRRM2;ABT1;MBNL1;ESCO1;DDX11;DAPK3;PRKCD;IFRD1;RECQL;ARMC8;JMJD7;PRKAB1;HCFC1;SRFBP1;SIK2;KIF20B;ANKRA2;RHNO1;GGNBP2;SRCAP;TEX264;STXBP2;COPS7B;SDR39U1;BAZ2B;UBE2J2;UBE2J1;MTDH;PRDX5;RACGAP1;DPH3;PATZ1;ATRIP;KAT14;SRPK2;CDK18;ZRANB1;HACE1;TIPARP;XRCC3;UPF3B;TMEM192;CDC7;NTAN1;PTK2;NR2F6;MLLT10;STAG1;TDP2;AGO2;PPT1;GTF2IRD1;CDIN1;PKIG;EZH2;CEP57;RPAIN;SUV39H2;SETD5;SETD2;INTS14;SETD6;ZBTB8OS;SNX10;BRCA1;MED15;ARIH2;UBXN7;NELFB;GPRASP1;GABPA;APPL1;SS18;SREBF1;PBRM1;STRADA;PABPC4;KIF23;PPRC1;TERF2;UCHL5;TOPORS;SIRT3;MED22;TAF6L;NCOR1;SLTM;MED20;MTF2;G2E3;RARB;MOCS1;SGMS1;AKAP8;DLST;CENPA;ARVCF;RNF138;USP1;MARCHF7;APBB2;TBL1X;EXOSC1;NKTR;BRD4;CENPU;SLF1;TRMT10B;MYEF2;ATAD5;PCGF5;MGMT;MCRS1;MLH1;APTX;TARBP2;GATAD2A;RNF146;SRRD;TTC3;ZYX;TRIP12;EEF1AKMT2;CRTC2;DBR1;CCNT2;DGKD;CCNT1;FMR1;CTNND1;RTKN2;JADE1;INPPL1;UBP1;CIB1;RPL10A;VIRMA;CDC14B;EIF4ENIF1;PPP1CC;STK11;PAPOLA;CHP1;SMARCAD1;KMT5B;KMT5A;MAP3K7;GTF2I;SLC30A9;TLE1;KMT5C;FBXW11;USP3;PUS1;IPMK;ADAM10;TSC2;NOSIP;PRPF4B;VRK1;CHD1L;THOC7;TLE6;CLIP1;ILF3;MAU2;HNRNPUL1;UBE2V2;ADNP;CSNK1G2;HDGFL3;ANKRD17;BLM;PDS5B;GPATCH2L;TOR1AIP1;BAG6;HMBOX1;IRAK1;DEAF1;STK38;SAFB2;RPRD1B;NAE1;BPTF;UBE2F;TIA1;UBE2I;UBE2B;BRPF3;LSM1;RFXANK;MACO1;FANCE;CLK4;AZIN1;CLK2;CLK1;NSFL1C;NR4A1;UBOX5;CNOT2;TADA3;TAF4B;MDM4;TCF3;NF2;NFE2L1;FGFR2;MDM1;RAD9A;EIF4G1;RNF14;AKAP8L;ADAR;UFSP2;FOXM1;MYSM1;RESF1;SENP6;UBE2Q2;PPP6R3;SNAPC4;DNMT3B;TLK1;GET1;METTL16;YAF2;POLE;RBM5;ILKAP;KDM6A;EIF5A;ACTR2;TBP;CDADC1;ACTR5;AKTIP;DNMT3A;PPP2R5B;RAD23A;TRNAU1AP;OXSR1;REXO4;MSL1;METTL22;ELF2;CREB1;PKM;TFDP2;SLC25A19;ESRP1;SPOPL;DNAJC8;ZMYND11;GAPDH;ITGB3BP;HDAC4;LAMA5;HDAC5;PRKAA1;RBM47;KDM3A;UHRF2;PPM1M;MGRN1;DDX25;NAA20;WBP2;PNKP;USP11;WIZ;MLLT3;UACA;ADD1;CECR2;NFS1;HAUS8;ATXN1L;TRA2A;NRIP1;RBBP8;MTA3;ATF7IP;TCF7L2;ATE1;TCF7L1;RNGTT;EYA2;ASCC1;IRX3;LIMK2;DONSON;TPRKB;PTPN12;PTPN13;PTPN14;CHFR;MAPK12;NAP1L4;WEE1;MYO1C;CARM1;ACIN1;NAA16;RGS12;BCOR;TAF2;SSBP4;TAF1,Wt1,1043,GO_Cellular_Component_2023
Mitotic Spindle (GO:0072686),22/143,4.7573720133523565e-4,3.3542872406731368,40.99580880665849,IQCB1;CEP295;LIMK2;CDC7;HAUS6;KIF23;SKA1;HAUS2;CDC14B;ATAT1;TAF1D;ZZZ3;NCOR1;RACGAP1;TFDP2;HAUS8;TADA3;NUSAP1;TRAPPC14;TBL1X;KAT14;CLASP1,Wt1,1043,GO_Cellular_Component_2023
Intracellular Non-Membrane-Bounded Organelle (GO:0043232),92/1195,0.007666813087704564,1.5659119140705064,14.335047939437839,SETD2;CCNT1;FMR1;SPPL2B;ADAR;GPATCH4;BRCA1;RBPJ;FOXM1;MYSM1;CDC14B;PPP1CC;EPB41L4A;KAT5;SH3PXD2B;NUSAP1;LRRFIP1;SPG11;CDK5RAP2;ABT1;SLC30A9;PPP1R12A;COG7;ESCO1;RIPK2;CEMIP2;CEP295;DDX11;RBM19;RECQL;SHROOM3;KIF23;VRK1;DDX50;REXO4;UCHL5;SELENOO;METTL22;TRAF7;ILF3;SHQ1;AKAP9;WDFY3;KIF20B;GAPDH;RHNO1;KANK1;MACF1;BLM;PNKP;PRKRIP1;AKAP8;ASAP1;RRBP1;PDS5B;ADD1;PDLIM1;SYCE2;TAF1D;TCOF1;RACGAP1;IRAK1;EPB41L3;ATXN1L;TRA2A;NRIP1;EXOSC1;GCN1;DEDD;E2F8;SRPK2;MYO10;ATP8B2;KRR1;MCRS1;PYM1;UPF3B;NOC3L;FANCE;MLH1;APTX;PTK2;MZT1;FANCG;STAG1;WEE1;ZZZ3;TTC3;RGS12;NF2;NOL12;TAF1,Wt1,1043,GO_Cellular_Component_2023
Endoplasmic Reticulum Tubular Network (GO:0071782),7/26,0.016358023886306396,6.734708392603129,55.04600270273761,PARP6;ARV1;RETREG3;ASPH;EMD;RTN4;RNF41,Wt1,1043,GO_Cellular_Component_2023
trans-Golgi Network (GO:0005802),26/241,0.01790535031269065,2.228588415540463,17.60758046234697,USP6NL;APP;PI4K2B;GCC2;PIK3C2A;ATP2C1;ARFRP1;GGA1;GOLGA4;AP1G1;VPS53;AP4S1;ATP9B;PLEKHJ1;SLC30A6;COG7;COG6;ATP8B2;STX8;AP1B1;COG2;TJAP1;HOOK2;SLC9A8;RAB13;LGR5,Wt1,1043,GO_Cellular_Component_2023
Cytoplasmic Stress Granule (GO:0010494),12/76,0.022224852770272623,3.435923860329777,25.87427581186916,MBNL1;TIA1;STAU1;RBPMS;YTHDF3;DDX25;FMR1;PABPC4;PUM1;GIGYF2;PUM2;EIF4G1,Wt1,1043,GO_Cellular_Component_2023
Clathrin Coat (GO:0030118),5/16,0.03654579129030911,8.296549308110002,57.067769504418486,EPS15L1;CLINT1;EPS15;EPN1;EPN2,Wt1,1043,GO_Cellular_Component_2023
Focal Adhesion (GO:0005925),35/387,0.03654579129030911,1.8352470012626263,12.446361790216283,FLT1;SRC;DOCK7;SLC4A2;RPL10A;ADD1;SLC9A3R2;DPP4;PDLIM1;PPP1CC;LIMA1;MPRIP;ANXA6;PACSIN2;FLOT1;CHP1;FLNB;PIP5K1C;GIT1;CLASP1;PDLIM7;ACTR2;PPP1R12A;ADAM10;KIF23;PTK2;ENAH;FERMT1;PPFIBP1;DAB2;UBOX5;ZYX;NUMB;ARHGEF7;PHLDB2,Wt1,1043,GO_Cellular_Component_2023
INO80-type Complex (GO:0097346),6/25,0.04245574382756972,5.767040552200172,37.527613872621224,SRCAP;KAT5;ACTR5;MCRS1;EP400;UCHL5,Wt1,1043,GO_Cellular_Component_2023
Cell-Substrate Junction (GO:0030055),35/395,0.04245574382756972,1.7936921296296295,11.535734019016859,FLT1;SRC;DOCK7;SLC4A2;RPL10A;ADD1;SLC9A3R2;DPP4;PDLIM1;PPP1CC;LIMA1;MPRIP;ANXA6;PACSIN2;FLOT1;CHP1;FLNB;PIP5K1C;GIT1;CLASP1;PDLIM7;ACTR2;PPP1R12A;ADAM10;KIF23;PTK2;ENAH;FERMT1;PPFIBP1;DAB2;UBOX5;ZYX;NUMB;ARHGEF7;PHLDB2,Wt1,1043,GO_Cellular_Component_2023
Endoplasmic Reticulum Membrane (GO:0005789),61/801,0.04597101994408598,1.5291971706941156,9.534241242682368,GPSM1;MOXD1;PI4K2B;MCFD2;PIGQ;SPPL2B;MIA2;PLOD2;MIA3;PLOD1;ARV1;DNM1L;SLC37A4;SLC37A3;SREBF1;CERS5;ALG14;ALG3;ALG13;MOGS;SLC35G1;ATG13;PDIA5;ALDH3A2;TMX3;ASPH;ULK1;SIK2;CERS2;RNF121;TEX264;GOSR2;HPN;DNAJC25;UBE2J2;PLD3;RTN4;SELENOI;UBE2J1;MTDH;LMF1;NRAS;PORCN;PTDSS1;RCE1;SEC31A;MPDU1;SEC11C;B3GALNT2;SEC24B;PNPLA8;MBOAT2;MACO1;KTN1;TBL2;G6PC3;DOLPP1;RAB3GAP2;TMEM39A;COPG2;SEC24C,Wt1,1043,GO_Cellular_Component_2023
trans-Golgi Network Membrane (GO:0032588),13/100,0.04597101994408598,2.7375292936056246,16.930730757197,USP6NL;APP;SLC30A6;COG7;COG6;AP1B1;COG2;ARFRP1;AP1G1;SLC9A8;VPS53;AP4S1;LGR5,Wt1,1043,GO_Cellular_Component_2023
RNA Binding (GO:0003723),108/1411,1.1885143854637716e-8,2.1664009500815076,53.076564425643944,EIF4A2;DBR1;HNRNPR;RPL10A;VIRMA;ALKBH1;LUC7L;UBAP2L;CAST;RARS2;RBFOX2;TYW5;SCAF11;SECISBP2;PUS1;CIRBP;NOSIP;ZCRB1;ILF3;ZC3H11A;AARS2;MAZ;RTF1;RCC1L;HNRNPDL;PCBP2;ERI3;G3BP2;SAFB2;LTA4H;PRPF38B;TIA1;XRCC6;CHTOP;ZRANB2;CLK3;LSM2;SRPK1;SETX;EIF5;FUBP3;MKRN2;RNPS1;EIF4G3;RPS24;EIF4G1;RBM25;AKAP8L;YBX1;ZCCHC17;PTBP1;DGCR8;LRRFIP1;RBM34;RBM7;UTP14A;RBM5;PSTK;CLUH;DDX55;ZFR;RBM19;DARS2;PPHLN1;TRNAU1AP;MRPL45;REXO4;PKM;SLTM;CSDE1;ESRP1;RPUSD3;HNRNPH2;EIF4E2;LUC7L2;FYTTD1;STAU1;SRF;SRRT;AKAP8;MTIF2;SAMHD1;GANAB;UNK;TCOF1;FIP1L1;POLR2A;TRA2A;CTNNA1;FLNA;SRSF11;PTCD3;RBM39;MYEF2;KRR1;MCRS1;RSRC2;TPD52L2;CDK11B;TARBP2;KTN1;SEC23IP;HNRNPA2B1;ZYX;ACIN1;UBAP2;TNRC6A;FAM50A,Ybx1,793,GO_Molecular_Function_2023
GTPase Binding (GO:0051020),26/225,2.774371257308528e-4,3.237884336938932,44.51661272402431,MAPKAP1;ARHGAP1;RHOBTB3;CIB1;YBX1;STRN3;GGA1;AP3M1;GOLGA4;DENND10;RCC1;FLNA;ERC1;TNPO3;RALBP1;ANKRD27;TSC2;GAPVD1;CYRIB;LSM2;IFT20;ABI2;RRAGB;ATG16L1;RAB34;ARHGEF2,Ybx1,793,GO_Molecular_Function_2023
Small GTPase Binding (GO:0031267),23/199,7.615523382410332e-4,3.2298775088547815,39.83551096648222,RALBP1;ANKRD27;MAPKAP1;ARHGAP1;RHOBTB3;TSC2;CIB1;GAPVD1;CYRIB;LSM2;STRN3;IFT20;GGA1;AP3M1;GOLGA4;ABI2;RAB34;DENND10;RCC1;FLNA;ARHGEF2;ERC1;TNPO3,Ybx1,793,GO_Molecular_Function_2023
Protein-Lysine N-methyltransferase Activity (GO:0016279),11/54,9.270532092390556e-4,6.269077499553917,74.28298335324321,SETD5;SUV39H2;KMT2D;EHMT2;SETD6;NSD2;SMYD2;EHMT1;KMT5B;KMT5A;EEF1AKMT2,Ybx1,793,GO_Molecular_Function_2023
Methylation-Dependent Protein Binding (GO:0140034),12/68,0.0013614140298262706,5.254527162977867,59.06980414815638,KMT2E;MBTD1;SUZ12;ZZZ3;ZMYND8;MTF2;PWWP2A;SGF29;LRWD1;NCAPD3;JMJD7;MPHOSPH8,Ybx1,793,GO_Molecular_Function_2023
DNA Binding (GO:0003677),59/846,0.001533336393611496,1.8813554040626115,20.465788539979453,APP;MPG;JMJD1C;MCM10;CTCF;SMC6;YBX1;RBPJ;PTBP1;RUVBL2;EP300;SMARCAD1;TRIM26;LRRFIP1;POLE;RBM5;POLG;SECISBP2;APLP2;DNTTIP1;RAD23A;REXO4;MMS22L;ILF3;SLTM;KAT6A;MTF2;HDAC4;KMT2D;BLM;KDM3A;MAX;PNKP;SRRT;RTF1;RNF4;SAMHD1;SBNO1;POLR2A;PCBP2;SAFB2;RBBP8;PMS2;PMS1;NHEJ1;DEDD;CTC1;SUZ12;SMAD2;TCF7L2;XRCC6;TCF7L1;USF2;GTF2H4;SETX;TFAP4;FUBP3;IMPDH1;QRICH1,Ybx1,793,GO_Molecular_Function_2023
Methylated Histone Binding (GO:0035064),12/71,0.001533336393611496,4.9865665487532285,53.78661773665479,KMT2E;MBTD1;SUZ12;ZZZ3;ZMYND8;MTF2;PWWP2A;SGF29;LRWD1;NCAPD3;JMJD7;MPHOSPH8,Ybx1,793,GO_Molecular_Function_2023
Histone H3 Methyltransferase Activity (GO:0140938),8/36,0.004311730525988016,6.980527752502275,67.144846800939,KMT2E;KMT2D;SETD5;SUV39H2;EHMT2;NSD2;SMYD2;EHMT1,Ybx1,793,GO_Molecular_Function_2023
Histone H3K9 Methyltransferase Activity (GO:0046974),4/9,0.01519252967121178,19.469708491761725,160.46214813633827,SETD5;SUV39H2;EHMT2;EHMT1,Ybx1,793,GO_Molecular_Function_2023
Lysine N-methyltransferase Activity (GO:0016278),6/25,0.017677498983487448,7.699324550257473,61.19120369396465,EHMT2;SETD6;SMYD2;EHMT1;KMT5A;EEF1AKMT2,Ybx1,793,GO_Molecular_Function_2023
mRNA Binding (GO:0003729),24/282,0.017677498983487448,2.2921946351347264,18.016626131494135,FYTTD1;CHTOP;TIA1;RBM25;RBFOX2;CLUH;MYEF2;SECISBP2;CIRBP;HNRNPR;PTBP1;UNK;PKM;FUBP3;ESRP1;PCBP2;HNRNPA2B1;G3BP2;LUC7L;RNPS1;EIF4G3;RBM5;LUC7L2;EIF4G1,Ybx1,793,GO_Molecular_Function_2023
Single-Stranded DNA Binding (GO:0003697),12/96,0.017677498983487448,3.4978964697274555,27.292197028131014,CTC1;MMS22L;BLM;FUBP3;PCBP2;PMS2;MCM10;RAD23A;SMC6;RTF1;SAMHD1;REXO4,Ybx1,793,GO_Molecular_Function_2023
Tubulin Binding (GO:0015631),26/322,0.02017177727614066,2.1657123224919834,16.43867769562949,CEP57;SPAST;OPA1;HAUS8;STMN1;TOGARAM1;CDK5RAP2;APPL1;ENKD1;CLASP2;KIF23;MACO1;HAUS6;DNM2;EML4;NISCH;TTLL4;CDK5;HOOK2;IFT81;PRC1;REEP3;TBCE;ARHGEF2;ARHGEF7;GAPDH,Ybx1,793,GO_Molecular_Function_2023
DNA Replication Origin Binding (GO:0003688),4/13,0.047822724812400505,10.814251513871286,71.72856176492492,ORC5;ORC1;ORC2;MCM10,Ybx1,793,GO_Molecular_Function_2023
Microtubule Binding (GO:0008017),20/239,0.047822724812400505,2.2432909792246303,14.73787253970767,CEP57;FBXW11;KIF23;MACO1;HAUS6;DNM2;EML4;SPAST;CDK5;HOOK2;OPA1;HAUS8;PRC1;REEP3;TOGARAM1;ARHGEF2;GAPDH;CDK5RAP2;ENKD1;CLASP2,Ybx1,793,GO_Molecular_Function_2023
Ubiquitin-Like Protein Transferase Activity (GO:0019787),20/240,0.047822724812400505,2.2329765964953547,14.558046110266703,UBE2F;HDAC4;MARCHF2;AREL1;UBE2B;UHRF2;FBXW11;SMURF1;RNF14;UBR3;UBE3A;RNF4;FBXW2;TRAF7;ATG16L1;TTC3;UBA3;RBCK1;ARIH1;ATG5,Ybx1,793,GO_Molecular_Function_2023
DNA Metabolic Process (GO:0006259),31/288,0.001332074814790985,2.999734468989042,43.57441404457158,BLM;PNKP;MCM10;SAMHD1;ORC5;POLD3;HPF1;ORC6;ORC1;ALKBH1;RUVBL2;ORC2;RBBP8;SMARCAD1;KMT5B;POLE;POLG;MUTYH;CTC1;TCF7L2;XRCC6;UBE2B;MCRS1;CHD1L;LRWD1;GTF2H4;REXO4;POLA2;UBE2V2;MMS19;RAD9A,Ybx1,793,GO_Biological_Process_2023
Positive Regulation Of Transcription By RNA Polymerase II (GO:0045944),66/938,0.004603922714043356,1.9088594576177076,23.51651728546634,APP;PRDM4;ZMYND8;AKAP8L;CCNC;YBX1;RBPJ;GABPB1;MED15;IKBKB;PPP3CB;SALL1;RUVBL2;ZMIZ2;NCK2;PWWP2A;EP300;GABPA;GTF2I;SS18;PPP1R12A;TBP;CHUK;TFE3;MED8;CKAP2;PEX2;MED6;SENP1;MED22;THAP3;TFDP1;MED20;ZSCAN21;ARHGEF2;HDAC4;KMT2D;PAXIP1;MAX;SRF;GPS2;MOSPD1;RNF4;BCL2L12;NRIP1;APBB2;OTX2;RPRD1B;MAP2K5;E2F8;BRD4;SMAD2;TCF7L2;XRCC6;MCRS1;IRX3;RFXANK;USF2;VEGFA;SETX;FUBP3;MKRN2;SSBP3;NFE2L1;TAF2;SSBP4,Ybx1,793,GO_Biological_Process_2023
Endocytosis (GO:0006897),22/189,0.004603922714043356,3.2532600169311183,38.9593379916403,APP;RALBP1;TSC2;EPS15L1;PIK3C2A;TM9SF4;DNM2;GAK;AP3M1;CLN3;CYTH2;NECAP2;BIN3;HOOK2;BIN1;RAB34;PACSIN2;OCIAD1;ATP6V1H;PIP5K1C;CSNK1G2;PDLIM7,Ybx1,793,GO_Biological_Process_2023
Positive Regulation Of DNA-templated Transcription (GO:0045893),81/1243,0.004603922714043356,1.7666714208358314,21.022727518064492,APP;PRDM4;RNF14;AKAP8L;CCNC;CTCF;SGF29;YBX1;RBPJ;GABPB1;IKBKB;PPP3CB;SALL1;RUVBL2;ZMIZ2;NCK2;EP300;GABPA;CDK5RAP2;GTF2I;SS18;SMARCC1;PPP1R12A;CHUK;FBXW11;TFE3;CKAP2;PEX2;ARID1B;MED6;DNM2;SENP1;MED22;THAP3;ILF3;TFDP1;KAT6A;ZSCAN21;ARHGEF2;KMT2E;HDAC4;KMT2D;BLM;KDM3A;MAX;SRF;MAZ;GPS2;MOSPD1;RNF4;BCL2L12;MBTD1;DEAF1;NRIP1;APBB2;OTX2;RPRD1B;MTA3;MAP2K5;E2F8;BRD4;SMAD2;TCF7L2;XRCC6;MCRS1;IRX3;RFXANK;USF2;VEGFA;SETX;TFAP4;FUBP3;KANSL1;MKRN2;NAA16;QRICH1;MMS19;SSBP3;NFE2L1;TAF2;SSBP4,Ybx1,793,GO_Biological_Process_2023
DNA Replication Initiation (GO:0006270),7/21,0.005810061479891986,12.209287531806616,139.72063322251356,ORC5;POLA2;ORC6;ORC1;ORC2;MCM10;LRWD1,Ybx1,793,GO_Biological_Process_2023
DNA-templated DNA Replication (GO:0006261),12/69,0.006918037585655929,5.162072915964687,57.2315747088652,ORC5;POLD3;BLM;POLA2;ORC6;ORC1;PNKP;ORC2;MCM10;LRWD1;POLE;POLG,Ybx1,793,GO_Biological_Process_2023
Mitotic Spindle Organization (GO:0007052),13/85,0.011100138420967081,4.429398148148148,46.331329229128556,INTS13;KIF23;WRAP73;SPAST;STAG2;CENPH;PRC1;STMN1;TBCE;RCC1;FLNA;PIBF1;CLASP2,Ybx1,793,GO_Biological_Process_2023
DNA Repair (GO:0006281),27/291,0.013058657278349919,2.5291805126987894,25.61278397748824,BLM;MPG;PNKP;CIB1;POLD3;HPF1;ALKBH1;NSD2;RBBP8;PMS2;KMT5B;POLE;NHEJ1;PMS1;MUTYH;XRCC6;SLC30A9;UBE2B;RAD23A;CHD1L;GTF2H4;REXO4;SETX;UBE2V2;MMS19;RHNO1;RAD9A,Ybx1,793,GO_Biological_Process_2023
Regulation Of RNA Splicing (GO:0043484),14/102,0.013058657278349919,3.9045687944917726,38.71048168075289,RBM39;TIA1;SGF29;CLK4;CLK3;CLK2;SRPK1;CLK1;SETX;PTBP1;POLR2A;ESRP1;HNRNPH2;FAM50A,Ybx1,793,GO_Biological_Process_2023
Protein Transport (GO:0015031),28/313,0.013058657278349919,2.4300699461070976,23.814102382651562,SAR1A;ARHGAP1;MIA3;SCAMP4;GGA1;GOLGA4;DENND10;TLK1;ARFIP1;TMED5;SEC31A;RAB8B;CTSA;ACD;STX8;FAM91A1;SCAMP2;DNM2;SEC23IP;PREPL;RAB34;RABL3;PICK1;PREB;COPG2;ARHGEF2;VPS45;PHAF1,Ybx1,793,GO_Biological_Process_2023
Regulation Of Translation (GO:0006417),21/202,0.013058657278349919,2.859373658145593,27.997741922514646,EIF4A2;APP;GRB7;TIA1;CIRBP;CNOT10;MTIF2;YBX1;ILF3;EIF5;TCOF1;RPS6KB1;ALKBH1;CSDE1;MAPKAPK5;ZCCHC4;EIF4E2;EIF4G3;GAPDH;METAP1;EIF4G1,Ybx1,793,GO_Biological_Process_2023
Positive Regulation Of DNA-templated Transcription Initiation (GO:2000144),10/56,0.013058657278349919,5.31984007996002,51.562482598961,SETX;MED22;TBP;PAXIP1;SRF;MED20;MED8;MED15;MED6;TAF2,Ybx1,793,GO_Biological_Process_2023
Peptidyl-Lysine Methylation (GO:0018022),7/27,0.013058657278349919,8.54382951653944,82.18196497667472,SUV39H2;EHMT2;SETD6;SMYD2;EHMT1;KMT5A;EEF1AKMT2,Ybx1,793,GO_Biological_Process_2023
Chromatin Organization (GO:0006325),25/268,0.013058657278349919,2.5404020919067216,24.306555056818112,HDAC4;SUV39H2;KDM5C;PAXIP1;EHMT1;CTCF;CHAF1A;RUVBL2;PWWP2A;SMARCAD1;MTA3;SS18;SMARCC1;PBRM1;CHTOP;TCF7L1;PHC1;MCRS1;PCGF2;CHD1L;LRWD1;ARID1B;ZZZ3;MTF2;FAM50A,Ybx1,793,GO_Biological_Process_2023
Regulation Of Transcription Initiation By RNA Polymerase II (GO:0060260),10/57,0.013058657278349919,5.20638026140594,49.64453630345015,MED22;TBP;PAXIP1;SRF;MED20;MED8;PWWP2A;MED15;MED6;TAF2,Ybx1,793,GO_Biological_Process_2023
Double-Strand Break Repair (GO:0006302),18/168,0.02147245176537932,2.9507612903225806,26.478563802300993,BLM;XRCC6;PSMD14;ZMYND8;PNKP;CIB1;SMC6;SAMHD1;RAD54B;MBTD1;SETX;MMS22L;HPF1;NSD2;UBE2V2;RBBP8;SMARCAD1;NHEJ1,Ybx1,793,GO_Biological_Process_2023
Regulation Of Embryonic Development (GO:0045995),10/62,0.022758445685861255,4.704538756262894,41.4075984350551,BAG6;ZZZ3;RUVBL2;MCRS1;RBM19;EHMT1;OTX2;SGF29;KAT14;CLASP2,Ybx1,793,GO_Biological_Process_2023
Peptidyl-Lysine Monomethylation (GO:0018026),4/8,0.022758445685861255,24.338403041825096,214.11758887055728,SETD6;SMYD2;EHMT1;KMT5A,Ybx1,793,GO_Biological_Process_2023
Positive Regulation Of Transcription Initiation By RNA Polymerase II (GO:0060261),9/52,0.026261331000539734,5.1161604176554345,44.00047144503129,MED22;TBP;PAXIP1;SRF;MED20;MED8;MED15;MED6;TAF2,Ybx1,793,GO_Biological_Process_2023
Regulation Of Translational Initiation (GO:0006446),10/65,0.029483312221044035,4.4472309299895505,37.351339935811104,EIF4A2;EIF5;RPS6KB1;ALKBH1;CSDE1;RPS6KB2;NCK2;MTIF2;EIF4G3;EIF4G1,Ybx1,793,GO_Biological_Process_2023
Positive Regulation Of Nucleic Acid-Templated Transcription (GO:1903508),40/557,0.029483312221044035,1.9203649618161782,16.101264063312847,KMT2E;HDAC4;BLM;KDM3A;MAX;RNF14;MAZ;CTCF;SGF29;RNF4;IKBKB;MBTD1;PPP3CB;SALL1;DEAF1;RUVBL2;EP300;OTX2;MTA3;CDK5RAP2;BRD4;SMAD2;SMARCC1;XRCC6;CHUK;FBXW11;MCRS1;TFE3;ARID1B;DNM2;MED22;ILF3;TFAP4;FUBP3;KANSL1;KAT6A;MMS19;NAA16;QRICH1;TAF2,Ybx1,793,GO_Biological_Process_2023
Intracellular Protein Transport (GO:0006886),27/325,0.03123009547260152,2.236594704470184,18.519906499883064,RPAIN;POM121;NXT1;SAR1A;GGA1;TLK1;ARFIP1;TMED5;TNPO3;SEC31A;APPL1;CTSA;ACD;RANBP3;STRADA;SMURF1;APLP2;STX8;TSC2;FAM91A1;SEC23IP;RABL3;PICK1;PREB;ARHGEF2;VPS45;VPS28,Ybx1,793,GO_Biological_Process_2023
Stress Granule Assembly (GO:0034063),6/24,0.03275819092523977,8.127488352393053,66.5493447063555,GRB7;TIA1;CSDE1;CIRBP;G3BP2;UBAP2L,Ybx1,793,GO_Biological_Process_2023
Protein Targeting To Peroxisome (GO:0006625),5/16,0.033141725873559215,11.07291185971389,90.06685699837033,PEX19;ZFAND6;PEX2;PEX26;RAB8B,Ybx1,793,GO_Biological_Process_2023
Chromatin Remodeling (GO:0006338),21/228,0.03335583013440203,2.496808590523391,20.190991290783963,HDAC4;SUV39H2;SS18;SMARCC1;PBRM1;CHTOP;KDM5C;PAXIP1;PHC1;MCRS1;PCGF2;CTCF;CHD1L;ARID1B;HPF1;RUVBL2;MTF2;UBR5;PWWP2A;SMARCAD1;MTA3,Ybx1,793,GO_Biological_Process_2023
Golgi Vesicle Transport (GO:0048193),19/197,0.03428110919183665,2.6242705339256163,21.04700957567773,SAR1A;PITPNB;COG4;MIA3;SCAMP2;DNM2;GOLGA4;TRAPPC6A;MYO1B;SPAST;TRAPPC6B;PICK1;PREB;COPG2;SEC24C;TMED5;SEC31A;VTI1B;RAB8B,Ybx1,793,GO_Biological_Process_2023
Regulation Of mRNA Processing (GO:0050684),7/35,0.03833571367231307,6.1001908396946565,48.01221893103042,RBM39;TIA1;SLTM;PAPOLA;SAFB2;CDK11B;SRPK1,Ybx1,793,GO_Biological_Process_2023
Peroxisomal Membrane Transport (GO:0015919),5/17,0.03893593982904974,10.149640439932318,79.35705350081935,ABCD4;PEX19;PEX2;PEX26;RAB8B,Ybx1,793,GO_Biological_Process_2023
Regulation Of Signal Transduction By P53 Class Mediator (GO:1901796),8/47,0.04394094570079423,5.008786542544504,38.38075706009259,PIP4P1;KAT6A;SMYD2;EP300;URB2;MAPKAPK5;KMT5A;MAP2K6,Ybx1,793,GO_Biological_Process_2023
Intracellular Membrane-Bounded Organelle (GO:0043231),307/5175,1.1464877599825695e-13,1.860674481200821,65.9135081417366,PANK2;EHMT2;ZMYND8;EHMT1;CCNC;HNRNPR;SMC6;RBPJ;GABPB1;PPP4R2;ALKBH1;ZMIZ2;RPS6KA2;PWWP2A;RCC1;UBAP2L;TMPO;SMARCC1;PRKCI;RBFOX2;SLC35C2;DNTTIP1;CIRBP;MED8;RFX1;ARMC8;JMJD7;MED6;SCAMP2;NISCH;BIN1;RRAGB;PREB;RHNO1;GGNBP2;PAXIP1;SDR39U1;DCUN1D2;UBE2J2;UBE2J1;SPAST;PCBP2;DPH3;LTA4H;NHEJ1;KAT14;VTI1B;SEC31A;CTC1;CTSA;XRCC6;PHC1;TIPARP;INTS2;MEMO1;NTAN1;PTK2;SRPK1;SETX;EIF5;STAG2;FUBP3;MMS19;RNPS1;PKIG;RPS24;CEP57;RPAIN;SUV39H2;SETD5;INTS13;SETD6;MIA3;CTCF;MED15;N4BP2L2;CHAF1A;NELFB;ARIH1;GABPA;TMED5;APPL1;SS18;PBRM1;STRADA;TFE3;KIF23;GAK;MED22;NCOR1;SLTM;MED20;MTF2;G2E3;HNRNPH2;AKAP8;GPS2;ECPAS;RAD54B;GGA1;NSD2;USP1;CTNNA1;FLNA;PMS2;MARCHF7;APBB2;PMS1;SRSF11;NKTR;BRD4;EVC2;SUZ12;RANBP3;MYEF2;MCRS1;PCGF2;GTF2H4;TARBP2;SEC23IP;TFAP4;CENPH;GID8;TTC3;HNRNPA2B1;NBR1;TSR2;ZYX;UBAP2;NCAPD2;EEF1AKMT2;MPHOSPH8;SCARB1;MTCH2;DBR1;PRDM4;GEMIN2;CIB1;RPL10A;COMT;VIRMA;CDC14B;EEF1B2;CCND3;SALL1;RUVBL2;PAPOLA;EP300;SMARCAD1;KMT5B;KMT5A;GTF2I;TLE3;SLC30A9;TLE1;IST1;FBXW11;PUS1;APLP2;TSC2;NOSIP;VRK1;CHD1L;THOC7;DPM1;PRPF4;ILF3;DMTF1;KAT6A;UBE2V2;PKP4;MAPKAPK5;CSNK1G2;KMT2E;KMT2D;BLM;PSMD14;MAX;ANKRD11;MAZ;ARHGAP19;HTRA2;BCL2L12;BAG6;ORC5;SBNO1;ORC1;DEAF1;UBR5;ORC2;SMYD2;PACSIN2;SAFB2;OTX2;RPRD1B;PIBF1;UBE2F;OSBPL9;SMAD2;TIA1;CHTOP;ANKRD27;UBE2B;CPSF1;PHF12;RFXANK;MACO1;CLK4;CLK3;CLK2;LSM2;CLK1;IFT20;HOOK2;CDK5;P4HA1;CNOT2;UBA3;MKRN2;NFE2L1;RAD9A;EIF4G1;KDM5C;NXT1;NAA40;RNF14;AKAP8L;MCM10;UFSP2;YBX1;PIK3C2A;SENP6;PTBP1;DTWD1;HPF1;DGCR8;TLK1;RBM7;POLE;TNPO3;RBM5;ILKAP;POLG;SUN1;TBP;REXO1;AKTIP;RAD23A;PEX2;TRNAU1AP;REXO4;SENP1;MMS22L;TRAF7;TRAPPC6A;TFDP1;PKM;TRAPPC6B;ESRP1;DNAJC5;GAPDH;ITGB3BP;HDAC4;LAMA5;VAC14;KDM3A;UHRF2;NAA20;SRF;PNKP;MOSPD1;RNF4;SAMHD1;CLN3;GANAB;NFS1;POLR2A;TRA2A;NRIP1;RBBP8;DRAM2;UBQLN4;MTA3;MUTYH;TCF7L2;ATE1;TCF7L1;IRX3;LIMK2;LRWD1;PTPN12;CDK11B;USF2;KANSL1;PRC1;ABHD17A;IMPDH1;BRMS1L;DOLPP1;ACIN1;NAA16;QRICH1;SSBP3;TAF2;TNRC6A;SSBP4;FAM50A,Ybx1,793,GO_Cellular_Component_2023
Nucleus (GO:0005634),269/4487,4.009534219172976e-12,1.8242614349986788,56.87467033590338,PANK2;EHMT2;ZMYND8;EHMT1;CCNC;HNRNPR;SMC6;RBPJ;GABPB1;PPP4R2;ALKBH1;ZMIZ2;RPS6KA2;PWWP2A;RCC1;UBAP2L;TMPO;SMARCC1;PRKCI;RBFOX2;DNTTIP1;CIRBP;MED8;ARMC8;JMJD7;MED6;BIN1;RRAGB;PREB;RHNO1;GGNBP2;PAXIP1;SDR39U1;DCUN1D2;UBE2J2;UBE2J1;SPAST;PCBP2;DPH3;LTA4H;NHEJ1;KAT14;CTC1;XRCC6;PHC1;TIPARP;INTS2;MEMO1;NTAN1;PTK2;SRPK1;SETX;EIF5;STAG2;FUBP3;MMS19;RNPS1;PKIG;RPS24;CEP57;RPAIN;SUV39H2;SETD5;INTS13;SETD6;CTCF;MED15;N4BP2L2;CHAF1A;NELFB;ARIH1;GABPA;APPL1;SS18;PBRM1;STRADA;TFE3;KIF23;MED22;NCOR1;SLTM;MED20;MTF2;G2E3;HNRNPH2;AKAP8;GPS2;ECPAS;RAD54B;NSD2;USP1;FLNA;PMS2;MARCHF7;APBB2;PMS1;SRSF11;NKTR;BRD4;EVC2;SUZ12;RANBP3;MYEF2;MCRS1;PCGF2;GTF2H4;TARBP2;TFAP4;CENPH;GID8;TTC3;HNRNPA2B1;TSR2;ZYX;UBAP2;NCAPD2;EEF1AKMT2;MPHOSPH8;MTCH2;DBR1;PRDM4;GEMIN2;CIB1;RPL10A;VIRMA;CDC14B;EEF1B2;CCND3;SALL1;RUVBL2;PAPOLA;EP300;SMARCAD1;KMT5B;KMT5A;GTF2I;TLE3;SLC30A9;TLE1;FBXW11;PUS1;APLP2;TSC2;NOSIP;VRK1;CHD1L;THOC7;DPM1;PRPF4;ILF3;DMTF1;KAT6A;UBE2V2;PKP4;MAPKAPK5;CSNK1G2;KMT2E;KMT2D;BLM;PSMD14;MAX;ANKRD11;MAZ;HTRA2;BCL2L12;BAG6;ORC5;SBNO1;ORC1;DEAF1;UBR5;ORC2;SMYD2;SAFB2;OTX2;RPRD1B;PIBF1;UBE2F;SMAD2;TIA1;CHTOP;UBE2B;CPSF1;PHF12;RFXANK;MACO1;CLK4;CLK3;CLK2;LSM2;CLK1;CDK5;CNOT2;UBA3;MKRN2;NFE2L1;RAD9A;EIF4G1;KDM5C;NXT1;NAA40;RNF14;AKAP8L;MCM10;UFSP2;YBX1;SENP6;PTBP1;DTWD1;HPF1;DGCR8;TLK1;RBM7;POLE;RBM5;ILKAP;TBP;REXO1;AKTIP;RAD23A;TRNAU1AP;REXO4;SENP1;MMS22L;TFDP1;PKM;ESRP1;GAPDH;ITGB3BP;HDAC4;LAMA5;KDM3A;UHRF2;NAA20;SRF;PNKP;MOSPD1;RNF4;SAMHD1;CLN3;NFS1;POLR2A;HAUS8;TRA2A;NRIP1;RBBP8;UBQLN4;MTA3;MUTYH;TCF7L2;ATE1;TCF7L1;IRX3;LIMK2;LRWD1;PTPN12;CDK11B;USF2;KANSL1;PRC1;IMPDH1;BRMS1L;ACIN1;NAA16;QRICH1;SSBP3;TAF2;SSBP4;FAM50A,Ybx1,793,GO_Cellular_Component_2023
trans-Golgi Network (GO:0005802),26/241,3.5986785814149915e-4,2.994402837997635,37.306613615023174,APP;RHOBTB3;PCSK7;PIK3C2A;ECPAS;SCAMP4;GGA1;CLN3;GOLGA4;SMPD4;ARFIP1;PLEKHJ1;CLASP2;SLC30A6;COG4;STX8;FAM91A1;TJAP1;SCAMP2;PREPL;TRAPPC6A;MYO1B;HOOK2;TRAPPC6B;PICK1;PHAF1,Ybx1,793,GO_Cellular_Component_2023
Mitotic Spindle (GO:0072686),16/143,0.012447527543112891,3.0936673456358497,26.69080070415555,LIMK2;CKAP2;HAUS3;HAUS6;KIF23;SGF29;CDC14B;EML4;WRAP73;ZZZ3;NCOR1;HAUS8;PKP4;MAD1L1;KAT14;CLASP2,Ybx1,793,GO_Cellular_Component_2023
Heterochromatin (GO:0000792),8/49,0.034956194188133435,4.763958365698307,35.11915216468019,SALL1;UHRF2;ORC2;SMARCAD1;FLYWCH1;LRWD1;NCAPD3;MPHOSPH8,Ybx1,793,GO_Cellular_Component_2023
beta-catenin-TCF Complex (GO:1990907),4/12,0.04359019075830872,12.166666666666666,84.78688150228483,TCF7L2;TLE3;TCF7L1;TLE1,Ybx1,793,GO_Cellular_Component_2023
